uuid,nombre_publicado,idioma,url_bcp,estado,wayback_timestamp,path
36d70011-a341-ac45-1bb4-ed5815bf7957,icono-bcp.svg,es,https://www.bcp.gov.py/documents/20117/0/icono-bcp.svg/36d70011-a341-ac45-1bb4-ed5815bf7957,no_archivado,,
905f2acb-8e89-2a46-32cf-9e07d7945f04,Comunicado CPM julio 2026_vf.pdf,es,https://www.bcp.gov.py/documents/20117/2254845/Comunicado+CPM+julio+2026_vf.pdf/905f2acb-8e89-2a46-32cf-9e07d7945f04?t=1784828512063,no_archivado,,
09edabbe-1f32-6b18-45e8-c6162f124e7d,Press release CPM July 2026_vf.pdf,en,https://www.bcp.gov.py/documents/20117/2254845/Press+release+CPM+July+2026_vf.pdf/09edabbe-1f32-6b18-45e8-c6162f124e7d?t=1785520558484,no_archivado,,
e09eafde-efbb-b6c8-2917-8c7ab4eb2e70,Comunicado CPM junio 2026_vf.pdf,es,https://www.bcp.gov.py/documents/20117/2254845/Comunicado+CPM+junio+2026_vf.pdf/e09eafde-efbb-b6c8-2917-8c7ab4eb2e70?t=1782236940475,no_archivado,,
9d0b17aa-046f-78f1-690e-c2c249e53b30,Press release CPM June 2026_vf.pdf,en,https://www.bcp.gov.py/documents/20117/2254845/Press+release+CPM+June+2026_vf.pdf/9d0b17aa-046f-78f1-690e-c2c249e53b30?t=1782737552577,no_archivado,,
125fb575-4940-c8ae-75d8-d68bf02d3439,Comunicado CPM mayo 2026_vf (1).pdf,es,https://www.bcp.gov.py/documents/20117/2254845/Comunicado+CPM+mayo+2026_vf+%281%29.pdf/125fb575-4940-c8ae-75d8-d68bf02d3439?t=1779472158905,no_archivado,,
5483f47b-5229-c3a0-fe24-01746d6b6a22,Press release CPM May 2026_vf.pdf,en,https://www.bcp.gov.py/documents/20117/2254845/Press+release+CPM+May+2026_vf.pdf/5483f47b-5229-c3a0-fe24-01746d6b6a22?t=1779821085142,no_archivado,,
55a609ff-2e75-5969-9ab1-8d781b39c971,Comunicado CPM abril 2026.pdf,es,https://www.bcp.gov.py/documents/20117/2254845/Comunicado+CPM+abril+2026.pdf/55a609ff-2e75-5969-9ab1-8d781b39c971?t=1776798119516,ok,20260422035759,raw/archivo/cpm/55a609ff-2e75-5969-9ab1-8d781b39c971_Comunicado_CPM_abril_2026.pdf
02e4063f-a25d-bb96-1bb9-5bab2b097d5c,Press release CPM April 2026_vf.pdf,en,https://www.bcp.gov.py/documents/20117/2254845/Press+release+CPM+April+2026_vf.pdf/02e4063f-a25d-bb96-1bb9-5bab2b097d5c?t=1777035251990,ok,20260506024814,raw/archivo/cpm/02e4063f-a25d-bb96-1bb9-5bab2b097d5c_Press_release_CPM_April_2026_vf.pdf
83f83617-6ee2-5c5b-2640-0aafb39bf07c,Comunicado CPM marzo 2026.pdf,es,https://www.bcp.gov.py/documents/20117/2254845/Comunicado+CPM+marzo+2026.pdf/83f83617-6ee2-5c5b-2640-0aafb39bf07c?t=1774028694012,ok,20260409144645,raw/archivo/cpm/83f83617-6ee2-5c5b-2640-0aafb39bf07c_Comunicado_CPM_marzo_2026.pdf
d207f373-36e3-c30a-4a8c-7d57c8683362,Press release CPM March 2026.pdf,en,https://www.bcp.gov.py/documents/20117/2254845/Press+release+CPM+March+2026.pdf/d207f373-36e3-c30a-4a8c-7d57c8683362?t=1774378325208,ok,20260506023137,raw/archivo/cpm/d207f373-36e3-c30a-4a8c-7d57c8683362_Press_release_CPM_March_2026.pdf
0a34f90d-acfc-2525-625b-c2faaf40a4c0,Comunicado CPM feb 2026_vf.pdf,es,https://www.bcp.gov.py/documents/20117/2254845/Comunicado+CPM+feb+2026_vf.pdf/0a34f90d-acfc-2525-625b-c2faaf40a4c0?t=1771611233425,ok,20260409223541,raw/archivo/cpm/0a34f90d-acfc-2525-625b-c2faaf40a4c0_Comunicado_CPM_feb_2026_vf.pdf
edae0f40-0b5e-e492-4256-d1094dd7f0d4,Press release CPM February 2026_vf.pdf,en,https://www.bcp.gov.py/documents/20117/2254845/Press+release+CPM+February+2026_vf.pdf/edae0f40-0b5e-e492-4256-d1094dd7f0d4?t=1771870707255,ok,20260506033330,raw/archivo/cpm/edae0f40-0b5e-e492-4256-d1094dd7f0d4_Press_release_CPM_February_2026_vf.pdf
1892e966-71c0-f636-9417-1a5564e0ea8b,Comunicado CPM enero 2026_vf.pdf,es,https://www.bcp.gov.py/documents/20117/2254845/Comunicado+CPM+enero+2026_vf.pdf/1892e966-71c0-f636-9417-1a5564e0ea8b?t=1769191596769,ok,20260506131714,raw/archivo/cpm/1892e966-71c0-f636-9417-1a5564e0ea8b_Comunicado_CPM_enero_2026_vf.pdf
d9bc545d-29c1-5b33-d609-7768c39d3a38,Press release CPM January2026_vf.pdf,en,https://www.bcp.gov.py/documents/20117/2254845/Press+release+CPM+January2026_vf.pdf/d9bc545d-29c1-5b33-d609-7768c39d3a38?t=1769539552263,ok,20260506023754,raw/archivo/cpm/d9bc545d-29c1-5b33-d609-7768c39d3a38_Press_release_CPM_January2026_vf.pdf
b309a321-f8c2-1e35-c3dc-756c30454986,Comunicado CPM diciembre 2025_vf (1).pdf,es,https://www.bcp.gov.py/documents/20117/2197015/Comunicado+CPM+diciembre+2025_vf+%281%29.pdf/b309a321-f8c2-1e35-c3dc-756c30454986?t=1766429756745,ok,20260506033340,raw/archivo/cpm/b309a321-f8c2-1e35-c3dc-756c30454986_Comunicado_CPM_diciembre_2025_vf_1_.pdf
bc53dc25-ad1a-a4b2-d5cf-6cc3c58e6145,Press release CPM December 2025_vf.pdf,en,https://www.bcp.gov.py/documents/20117/2197015/Press+release+CPM+December+2025_vf.pdf/bc53dc25-ad1a-a4b2-d5cf-6cc3c58e6145?t=1767702013690,ok,20260506023137,raw/archivo/cpm/bc53dc25-ad1a-a4b2-d5cf-6cc3c58e6145_Press_release_CPM_December_2025_vf.pdf
ca5b752f-7b09-6678-274b-c2b69db13c20,Comunicado CPM noviembre 2025_vf.pdf,es,https://www.bcp.gov.py/documents/20117/2117955/Comunicado+CPM+noviembre+2025_vf.pdf/ca5b752f-7b09-6678-274b-c2b69db13c20?t=1763748912416,ok,20260506034956,raw/archivo/cpm/ca5b752f-7b09-6678-274b-c2b69db13c20_Comunicado_CPM_noviembre_2025_vf.pdf
1443d3ba-699d-f4a8-fceb-a43607178f0e,Press release CPM November 2025_vf.pdf,en,https://www.bcp.gov.py/documents/20117/2117955/Press+release+CPM+November+2025_vf.pdf/1443d3ba-699d-f4a8-fceb-a43607178f0e?t=1764592054016,ok,20260506022907,raw/archivo/cpm/1443d3ba-699d-f4a8-fceb-a43607178f0e_Press_release_CPM_November_2025_vf.pdf
3acd0245-0cbc-2f6a-58b5-b63b773d2537,Comunicado CPM octubre 2025_VF .pdf,es,https://www.bcp.gov.py/documents/20117/2010021/Comunicado+CPM+octubre+2025_VF+.pdf/3acd0245-0cbc-2f6a-58b5-b63b773d2537?t=1761328992988,ok,20260506040110,raw/archivo/cpm/3acd0245-0cbc-2f6a-58b5-b63b773d2537_Comunicado_CPM_octubre_2025_VF_.pdf
c00a3873-5049-6c77-236e-5bfae72eb5ab,Press release CPM October 2025_vf.pdf,en,https://www.bcp.gov.py/documents/20117/2010021/Press+release+CPM+October+2025_vf.pdf/c00a3873-5049-6c77-236e-5bfae72eb5ab?t=1761922020566,ok,20260506034351,raw/archivo/cpm/c00a3873-5049-6c77-236e-5bfae72eb5ab_Press_release_CPM_October_2025_vf.pdf
6dec0611-9cd6-afb9-b45f-8fb992db83a0,Comunicado CPM septiembre 2025.pdf,es,https://www.bcp.gov.py/documents/20117/1922796/Comunicado+CPM+septiembre+2025.pdf/6dec0611-9cd6-afb9-b45f-8fb992db83a0?t=1758654209977,ok,20260506033833,raw/archivo/cpm/6dec0611-9cd6-afb9-b45f-8fb992db83a0_Comunicado_CPM_septiembre_2025.pdf
0dc091c2-6045-4a9f-c977-59dcb9d7bdf4,Press release CPM September 2025.pdf,en,https://www.bcp.gov.py/documents/20117/1932770/Press+release+CPM+September+2025.pdf/0dc091c2-6045-4a9f-c977-59dcb9d7bdf4?t=1758742637978,ok,20260506025249,raw/archivo/cpm/0dc091c2-6045-4a9f-c977-59dcb9d7bdf4_Press_release_CPM_September_2025.pdf
f9b54101-a0a9-19ce-d96b-94674e601b16,Comunicado_CPM_agosto_vf.pdf,es,https://www.bcp.gov.py/documents/20117/0/Comunicado_CPM_agosto_vf.pdf/f9b54101-a0a9-19ce-d96b-94674e601b16?t=1755880484393,ok,20260506031236,raw/archivo/cpm/f9b54101-a0a9-19ce-d96b-94674e601b16_Comunicado_CPM_agosto_vf.pdf
792aa273-38a0-8e6a-3b04-5968589e6d75,Press release CPM August 2025.pdf,en,https://www.bcp.gov.py/documents/20117/0/Press+release+CPM+August+2025.pdf/792aa273-38a0-8e6a-3b04-5968589e6d75?t=1756129991712,ok,20260506033618,raw/archivo/cpm/792aa273-38a0-8e6a-3b04-5968589e6d75_Press_release_CPM_August_2025.pdf
16e0ac74-4b69-5b97-89c5-2d4a5833f12c,Comunicado_CPM julio 2025_vf.pdf,es,https://www.bcp.gov.py/documents/20117/0/Comunicado_CPM+julio+2025_vf.pdf/16e0ac74-4b69-5b97-89c5-2d4a5833f12c?t=1753208440101,ok,20260506032042,raw/archivo/cpm/16e0ac74-4b69-5b97-89c5-2d4a5833f12c_Comunicado_CPM_julio_2025_vf.pdf
8cc5fafb-beb0-2e45-1c3d-99cce409fab9,Press release CPM July 2025.pdf,en,https://www.bcp.gov.py/documents/20117/1610709/Press+release+CPM+July+2025.pdf/8cc5fafb-beb0-2e45-1c3d-99cce409fab9?t=1753441430766,ok,20260506035516,raw/archivo/cpm/8cc5fafb-beb0-2e45-1c3d-99cce409fab9_Press_release_CPM_July_2025.pdf
053d714f-70e3-7053-bd8f-3fe2a0716069,Comunicado CPM junio 2025_vf.pdf,es,https://www.bcp.gov.py/documents/20117/1379089/Comunicado+CPM+junio+2025_vf.pdf/053d714f-70e3-7053-bd8f-3fe2a0716069?t=1750790669909,ok,20260506023949,raw/archivo/cpm/053d714f-70e3-7053-bd8f-3fe2a0716069_Comunicado_CPM_junio_2025_vf.pdf
7976ad9c-fd5e-85c0-459e-66cb7f30ec30,Press release CPM June 2025_.pdf,en,https://www.bcp.gov.py/documents/20117/1379089/Press+release+CPM+June+2025_.pdf/7976ad9c-fd5e-85c0-459e-66cb7f30ec30?t=1750964688230,ok,20260506023754,raw/archivo/cpm/7976ad9c-fd5e-85c0-459e-66cb7f30ec30_Press_release_CPM_June_2025_.pdf
4b76cd2d-6281-7f95-30ea-2b6915acf55c,Comunicado CPM mayo 2025_vf (002).pdf,es,https://www.bcp.gov.py/documents/20117/1350234/Comunicado+CPM+mayo+2025_vf+%28002%29.pdf/4b76cd2d-6281-7f95-30ea-2b6915acf55c?t=1750438582127,ok,20260506024440,raw/archivo/cpm/4b76cd2d-6281-7f95-30ea-2b6915acf55c_Comunicado_CPM_mayo_2025_vf_002_.pdf
0ad39e97-e057-e24f-eaa6-1da3e220273e,Press release CPM May 2025_vf.pdf,en,https://www.bcp.gov.py/documents/20117/1350234/Press+release+CPM+May+2025_vf.pdf/0ad39e97-e057-e24f-eaa6-1da3e220273e?t=1750438582126,ok,20260506034906,raw/archivo/cpm/0ad39e97-e057-e24f-eaa6-1da3e220273e_Press_release_CPM_May_2025_vf.pdf
eb0b8685-0c5f-b98b-ffdb-8507c12aa47e,Comunicado CPM abril 2025_vf.pdf,es,https://www.bcp.gov.py/documents/20117/2086051/Comunicado+CPM+abril+2025_vf.pdf/eb0b8685-0c5f-b98b-ffdb-8507c12aa47e?t=1763399584621,ok,20260506034053,raw/archivo/cpm/eb0b8685-0c5f-b98b-ffdb-8507c12aa47e_Comunicado_CPM_abril_2025_vf.pdf
bdb7a44c-ca97-17eb-f500-05b2abc43df1,Press release CPM April 2025_vf.pdf,en,https://www.bcp.gov.py/documents/910576/910580/Press+release+CPM+April+2025_vf.pdf/bdb7a44c-ca97-17eb-f500-05b2abc43df1?t=1747174823538,no_archivado,,
72f7e721-64ae-1f97-1272-1ff876e6ecd9,Comunicado CPM marzo 2025 vf.pdf,es,https://www.bcp.gov.py/documents/20117/2086049/Comunicado+CPM+marzo+2025+vf.pdf/72f7e721-64ae-1f97-1272-1ff876e6ecd9?t=1763399525682,ok,20260506024342,raw/archivo/cpm/72f7e721-64ae-1f97-1272-1ff876e6ecd9_Comunicado_CPM_marzo_2025_vf.pdf
4651b938-7618-3626-4a99-3b47c8cdb92c,Press release CPM March 2025_vf.pdf,en,https://www.bcp.gov.py/documents/910576/910580/Press+release+CPM+March+2025_vf.pdf/4651b938-7618-3626-4a99-3b47c8cdb92c?t=1747174452382,no_archivado,,
87c267cc-0bdb-30d0-93a1-cc1ea1deedeb,Comunicado CPM febrero 2025 vf.pdf,es,https://www.bcp.gov.py/documents/20117/2086047/Comunicado+CPM+febrero+2025+vf.pdf/87c267cc-0bdb-30d0-93a1-cc1ea1deedeb?t=1763399447290,ok,20260506031343,raw/archivo/cpm/87c267cc-0bdb-30d0-93a1-cc1ea1deedeb_Comunicado_CPM_febrero_2025_vf.pdf
98205d30-9c34-9f8d-65f0-63d2bed345d5,Press release CPM February 2025.pdf,en,https://www.bcp.gov.py/documents/910576/910580/Press+release+CPM+February+2025.pdf/98205d30-9c34-9f8d-65f0-63d2bed345d5?t=1746824007712,no_archivado,,
868d46b6-0693-3a76-769b-7875627a7a2f,Comunicado CPM enero 2025 vf.pdf,es,https://www.bcp.gov.py/documents/20117/0/Comunicado+CPM+enero+2025+vf.pdf/868d46b6-0693-3a76-769b-7875627a7a2f?t=1739974189416,ok,20260506022756,raw/archivo/cpm/868d46b6-0693-3a76-769b-7875627a7a2f_Comunicado_CPM_enero_2025_vf.pdf
07adc946-14bf-d19a-eb74-7534d1deb90c,Press release CPM January 2025.pdf,en,https://www.bcp.gov.py/documents/20117/0/Press+release+CPM+January+2025.pdf/07adc946-14bf-d19a-eb74-7534d1deb90c?t=1739974196784,ok,20260506034115,raw/archivo/cpm/07adc946-14bf-d19a-eb74-7534d1deb90c_Press_release_CPM_January_2025.pdf
44adea4e-77c7-c50e-8f5b-8795157d8625,Comunicado CPM diciembre 2024_vf.pdf,es,https://www.bcp.gov.py/documents/20117/0/Comunicado+CPM+diciembre+2024_vf.pdf/44adea4e-77c7-c50e-8f5b-8795157d8625?t=1739974092960,ok,20260506022445,raw/archivo/cpm/44adea4e-77c7-c50e-8f5b-8795157d8625_Comunicado_CPM_diciembre_2024_vf.pdf
6ecf8fee-7d97-1ade-d58e-a3fdf21b37f1,Press release CPM December 2024.pdf,en,https://www.bcp.gov.py/documents/20117/0/Press+release+CPM+December+2024.pdf/6ecf8fee-7d97-1ade-d58e-a3fdf21b37f1?t=1739974101634,ok,20260506051201,raw/archivo/cpm/6ecf8fee-7d97-1ade-d58e-a3fdf21b37f1_Press_release_CPM_December_2024.pdf
d6d05f2e-12db-50ab-816f-838cd79d3536,Comunicado CPM noviembre 2024 vf(1).pdf,es,https://www.bcp.gov.py/documents/20117/0/Comunicado+CPM+noviembre+2024+vf%281%29.pdf/d6d05f2e-12db-50ab-816f-838cd79d3536?t=1739973951146,ok,20260506033804,raw/archivo/cpm/d6d05f2e-12db-50ab-816f-838cd79d3536_Comunicado_CPM_noviembre_2024_vf_1_.pdf
ac8716f2-bc97-7a61-9354-0d7a745c5b40,Press release CPM November 2024(1).pdf,en,https://www.bcp.gov.py/documents/20117/0/Press+release+CPM+November+2024%281%29.pdf/ac8716f2-bc97-7a61-9354-0d7a745c5b40?t=1739973960680,ok,20260506023841,raw/archivo/cpm/ac8716f2-bc97-7a61-9354-0d7a745c5b40_Press_release_CPM_November_2024_1_.pdf
7b76b6a2-9823-ead0-1869-d64164b9ef74,Comunicado CPM octubre 2024_vf.pdf,es,https://www.bcp.gov.py/documents/20117/0/Comunicado+CPM+octubre+2024_vf.pdf/7b76b6a2-9823-ead0-1869-d64164b9ef74?t=1739973876381,ok,20260506031746,raw/archivo/cpm/7b76b6a2-9823-ead0-1869-d64164b9ef74_Comunicado_CPM_octubre_2024_vf.pdf
c27389e0-efc8-b75a-d1ad-b06ee4e4256e,Press release CPM October 2024.pdf,en,https://www.bcp.gov.py/documents/20117/0/Press+release+CPM+October+2024.pdf/c27389e0-efc8-b75a-d1ad-b06ee4e4256e?t=1739973887843,ok,20260506023937,raw/archivo/cpm/c27389e0-efc8-b75a-d1ad-b06ee4e4256e_Press_release_CPM_October_2024.pdf
2d5316aa-248f-d0e5-738a-c125c3909088,Comunicado CPM septiembre 2024_vf(1).pdf,es,https://www.bcp.gov.py/documents/20117/0/Comunicado+CPM+septiembre+2024_vf%281%29.pdf/2d5316aa-248f-d0e5-738a-c125c3909088?t=1739973817181,ok,20260506042856,raw/archivo/cpm/2d5316aa-248f-d0e5-738a-c125c3909088_Comunicado_CPM_septiembre_2024_vf_1_.pdf
bf4ff716-ab48-e8b4-4556-cca392b8c6fb,Press release CPM September 2024.pdf,en,https://www.bcp.gov.py/documents/20117/0/Press+release+CPM+September+2024.pdf/bf4ff716-ab48-e8b4-4556-cca392b8c6fb?t=1739973824681,ok,20260506023939,raw/archivo/cpm/bf4ff716-ab48-e8b4-4556-cca392b8c6fb_Press_release_CPM_September_2024.pdf
7c274c86-4144-ab0c-1af5-3d63c4546285,Comunicado CPM agosto 2024.pdf,es,https://www.bcp.gov.py/documents/20117/0/Comunicado+CPM+agosto+2024.pdf/7c274c86-4144-ab0c-1af5-3d63c4546285?t=1739973749730,ok,20260506032850,raw/archivo/cpm/7c274c86-4144-ab0c-1af5-3d63c4546285_Comunicado_CPM_agosto_2024.pdf
1bfc0aa2-73b4-8856-12c2-3e985ffb149b,Press release CPM August 2024.pdf,en,https://www.bcp.gov.py/documents/20117/0/Press+release+CPM+August+2024.pdf/1bfc0aa2-73b4-8856-12c2-3e985ffb149b?t=1739973760279,ok,20260506023356,raw/archivo/cpm/1bfc0aa2-73b4-8856-12c2-3e985ffb149b_Press_release_CPM_August_2024.pdf
d3a05beb-3c13-0b74-0e5f-314a37897b56,Comunicado CPM julio 2024 vf.pdf,es,https://www.bcp.gov.py/documents/20117/0/Comunicado+CPM+julio+2024+vf.pdf/d3a05beb-3c13-0b74-0e5f-314a37897b56?t=1739973670548,ok,20260506024613,raw/archivo/cpm/d3a05beb-3c13-0b74-0e5f-314a37897b56_Comunicado_CPM_julio_2024_vf.pdf
20933a91-413e-3c09-c130-452ad711c66b,Press release CPM July 2024_vf.pdf,en,https://www.bcp.gov.py/documents/20117/0/Press+release+CPM+July+2024_vf.pdf/20933a91-413e-3c09-c130-452ad711c66b?t=1739973680171,ok,20260506052050,raw/archivo/cpm/20933a91-413e-3c09-c130-452ad711c66b_Press_release_CPM_July_2024_vf.pdf
1fd38d17-0edd-06da-1e39-98dce1aa33c9,Comunicado CPM junio 2024 vf(1).pdf,es,https://www.bcp.gov.py/documents/20117/0/Comunicado+CPM+junio+2024+vf%281%29.pdf/1fd38d17-0edd-06da-1e39-98dce1aa33c9?t=1739973612694,ok,20260506042549,raw/archivo/cpm/1fd38d17-0edd-06da-1e39-98dce1aa33c9_Comunicado_CPM_junio_2024_vf_1_.pdf
f9f94ded-d74c-e30a-82fb-46e8c8be0a86,Press release CPM June 2024.pdf,en,https://www.bcp.gov.py/documents/20117/0/Press+release+CPM+June+2024.pdf/f9f94ded-d74c-e30a-82fb-46e8c8be0a86?t=1739973619939,ok,20260506031743,raw/archivo/cpm/f9f94ded-d74c-e30a-82fb-46e8c8be0a86_Press_release_CPM_June_2024.pdf
054968ac-dc08-2fb5-0c40-9456af0220b9,Comunicado CPM mayo 2024_(1).pdf,es,https://www.bcp.gov.py/documents/20117/0/Comunicado+CPM+mayo+2024_%281%29.pdf/054968ac-dc08-2fb5-0c40-9456af0220b9?t=1739973555962,ok,20260506033349,raw/archivo/cpm/054968ac-dc08-2fb5-0c40-9456af0220b9_Comunicado_CPM_mayo_2024__1_.pdf
23f21626-853d-3a0d-2cde-0ad5e777abbf,Press release CPM May 2024.pdf,en,https://www.bcp.gov.py/documents/20117/0/Press+release+CPM+May+2024.pdf/23f21626-853d-3a0d-2cde-0ad5e777abbf?t=1739973567010,ok,20260506023636,raw/archivo/cpm/23f21626-853d-3a0d-2cde-0ad5e777abbf_Press_release_CPM_May_2024.pdf
378630ad-2095-360b-61ab-03f3c4078309,Comunicado CPM abril 2024_(1).pdf,es,https://www.bcp.gov.py/documents/20117/0/Comunicado+CPM+abril+2024_%281%29.pdf/378630ad-2095-360b-61ab-03f3c4078309?t=1739973499213,ok,20260506022634,raw/archivo/cpm/378630ad-2095-360b-61ab-03f3c4078309_Comunicado_CPM_abril_2024__1_.pdf
137f06ce-bf08-52e2-9815-a94cf317f8dd,Press release CPM April 2024.pdf,en,https://www.bcp.gov.py/documents/20117/0/Press+release+CPM+April+2024.pdf/137f06ce-bf08-52e2-9815-a94cf317f8dd?t=1739973507013,ok,20260506044125,raw/archivo/cpm/137f06ce-bf08-52e2-9815-a94cf317f8dd_Press_release_CPM_April_2024.pdf
727cf4b8-cf61-e445-ea41-261119782a46,Comunicado CPM marzo 2024.pdf,es,https://www.bcp.gov.py/documents/20117/0/Comunicado+CPM+marzo+2024.pdf/727cf4b8-cf61-e445-ea41-261119782a46?t=1739973320598,ok,20260506024437,raw/archivo/cpm/727cf4b8-cf61-e445-ea41-261119782a46_Comunicado_CPM_marzo_2024.pdf
ee8d0511-41ae-8061-0ab9-4f907aa47afb,Press release CPM March 2024.pdf,en,https://www.bcp.gov.py/documents/20117/0/Press+release+CPM+March+2024.pdf/ee8d0511-41ae-8061-0ab9-4f907aa47afb?t=1739973334639,ok,20260506030905,raw/archivo/cpm/ee8d0511-41ae-8061-0ab9-4f907aa47afb_Press_release_CPM_March_2024.pdf
a02c3882-33fd-6741-09f0-8e887d574499,Comunicado CPM febrero 2024.pdf,es,https://www.bcp.gov.py/documents/20117/0/Comunicado+CPM+febrero+2024.pdf/a02c3882-33fd-6741-09f0-8e887d574499?t=1739973251643,ok,20260506040906,raw/archivo/cpm/a02c3882-33fd-6741-09f0-8e887d574499_Comunicado_CPM_febrero_2024.pdf
dc355aab-79a3-44bd-af63-bd4e9bab6686,Press release CPM February 2024.pdf,en,https://www.bcp.gov.py/documents/20117/0/Press+release+CPM+February+2024.pdf/dc355aab-79a3-44bd-af63-bd4e9bab6686?t=1739973260485,ok,20260506032550,raw/archivo/cpm/dc355aab-79a3-44bd-af63-bd4e9bab6686_Press_release_CPM_February_2024.pdf
3b7b474d-76d5-c978-9ecf-6205be17db86,Comunicado CPM enero 2024.pdf,es,https://www.bcp.gov.py/documents/20117/0/Comunicado+CPM+enero+2024.pdf/3b7b474d-76d5-c978-9ecf-6205be17db86?t=1739973193257,ok,20260506030228,raw/archivo/cpm/3b7b474d-76d5-c978-9ecf-6205be17db86_Comunicado_CPM_enero_2024.pdf
db71f888-e2fb-8315-f516-6bcbe2efe86e,Press release CPM January 2024.pdf,en,https://www.bcp.gov.py/documents/20117/0/Press+release+CPM+January+2024.pdf/db71f888-e2fb-8315-f516-6bcbe2efe86e?t=1739973203726,ok,20260506053117,raw/archivo/cpm/db71f888-e2fb-8315-f516-6bcbe2efe86e_Press_release_CPM_January_2024.pdf
33268381-42e7-bd3b-c438-1e3b567f7e0a,Comunicado CPM Diciembre 2023(1).pdf,es,https://www.bcp.gov.py/documents/20117/0/Comunicado+CPM+Diciembre+2023%281%29.pdf/33268381-42e7-bd3b-c438-1e3b567f7e0a?t=1739972715877,ok,20260506045930,raw/archivo/cpm/33268381-42e7-bd3b-c438-1e3b567f7e0a_Comunicado_CPM_Diciembre_2023_1_.pdf
f04b55da-0607-cd3f-693a-0c1da759ab1d,Press release CPM December 2023(1).pdf,en,https://www.bcp.gov.py/documents/20117/0/Press+release+CPM+December+2023%281%29.pdf/f04b55da-0607-cd3f-693a-0c1da759ab1d?t=1739972725077,ok,20260506040304,raw/archivo/cpm/f04b55da-0607-cd3f-693a-0c1da759ab1d_Press_release_CPM_December_2023_1_.pdf
aaa27638-2280-a056-67b9-0373107b53f8,Comunicado CPM Noviembre 2023.pdf,es,https://www.bcp.gov.py/documents/20117/0/Comunicado+CPM+Noviembre+2023.pdf/aaa27638-2280-a056-67b9-0373107b53f8?t=1739972657732,ok,20260506064426,raw/archivo/cpm/aaa27638-2280-a056-67b9-0373107b53f8_Comunicado_CPM_Noviembre_2023.pdf
9aaedd4d-d1c5-0203-dc1d-d28cac366a74,Press release CPM November 2023(3).pdf,en,https://www.bcp.gov.py/documents/20117/0/Press+release+CPM+November+2023%283%29.pdf/9aaedd4d-d1c5-0203-dc1d-d28cac366a74?t=1739972666542,ok,20260506030552,raw/archivo/cpm/9aaedd4d-d1c5-0203-dc1d-d28cac366a74_Press_release_CPM_November_2023_3_.pdf
2d9995ee-c010-a00c-aeba-ec504dc5986e,Comunicado CPM Octubre 2023(1).pdf,es,https://www.bcp.gov.py/documents/20117/0/Comunicado+CPM+Octubre+2023%281%29.pdf/2d9995ee-c010-a00c-aeba-ec504dc5986e?t=1739972596365,ok,20260506024350,raw/archivo/cpm/2d9995ee-c010-a00c-aeba-ec504dc5986e_Comunicado_CPM_Octubre_2023_1_.pdf
92285811-06e9-dec5-fd39-c8d496cfc8e0,Press release CPM October 2023.pdf,en,https://www.bcp.gov.py/documents/20117/0/Press+release+CPM+October+2023.pdf/92285811-06e9-dec5-fd39-c8d496cfc8e0?t=1739972604918,ok,20260506023231,raw/archivo/cpm/92285811-06e9-dec5-fd39-c8d496cfc8e0_Press_release_CPM_October_2023.pdf
2892bdac-22d7-138d-9886-6003bbcb7c0d,CPM_comunicado agosto 2023_ final(1).pdf,es,https://www.bcp.gov.py/documents/20117/0/CPM_comunicado+agosto+2023_+final%281%29.pdf/2892bdac-22d7-138d-9886-6003bbcb7c0d?t=1739972485372,ok,20260506023017,raw/archivo/cpm/2892bdac-22d7-138d-9886-6003bbcb7c0d_CPM_comunicado_agosto_2023__final_1_.pdf
708c087b-127e-68b6-538e-31d4a03a31af,Press release CPM_Aug(1).pdf,en,https://www.bcp.gov.py/documents/20117/0/Press+release+CPM_Aug%281%29.pdf/708c087b-127e-68b6-538e-31d4a03a31af?t=1739972495398,ok,20260506024244,raw/archivo/cpm/708c087b-127e-68b6-538e-31d4a03a31af_Press_release_CPM_Aug_1_.pdf
ba508551-97b8-4024-65e6-3324b090e352,CPM_comunicado julio 2023_final.pdf,es,https://www.bcp.gov.py/documents/20117/0/CPM_comunicado+julio+2023_final.pdf/ba508551-97b8-4024-65e6-3324b090e352?t=1739972416544,ok,20260506031436,raw/archivo/cpm/ba508551-97b8-4024-65e6-3324b090e352_CPM_comunicado_julio_2023_final.pdf
f8066a90-cef9-543e-3243-00d4b8a5b206,Press release CPM_July(1).pdf,en,https://www.bcp.gov.py/documents/20117/0/Press+release+CPM_July%281%29.pdf/f8066a90-cef9-543e-3243-00d4b8a5b206?t=1739972427405,ok,20260506025752,raw/archivo/cpm/f8066a90-cef9-543e-3243-00d4b8a5b206_Press_release_CPM_July_1_.pdf
f39dc43a-1fc6-8716-98cf-0af3e7e006e6,CPM_comunicado junio 2023(1).pdf,es,https://www.bcp.gov.py/documents/20117/0/CPM_comunicado+junio+2023%281%29.pdf/f39dc43a-1fc6-8716-98cf-0af3e7e006e6?t=1739972319879,ok,20260506033435,raw/archivo/cpm/f39dc43a-1fc6-8716-98cf-0af3e7e006e6_CPM_comunicado_junio_2023_1_.pdf
e6eeae81-7fb9-5ca9-e2bf-4670e56e00fc,Press release CPM_JUNE(1).pdf,en,https://www.bcp.gov.py/documents/20117/0/Press+release+CPM_JUNE%281%29.pdf/e6eeae81-7fb9-5ca9-e2bf-4670e56e00fc?t=1739972332269,ok,20260506030552,raw/archivo/cpm/e6eeae81-7fb9-5ca9-e2bf-4670e56e00fc_Press_release_CPM_JUNE_1_.pdf
c26bddb6-803a-5776-22f8-ee80d3c91402,CPM_comunicado mayo 2023_VF.pdf,es,https://www.bcp.gov.py/documents/20117/0/CPM_comunicado+mayo+2023_VF.pdf/c26bddb6-803a-5776-22f8-ee80d3c91402?t=1739972256294,ok,20260506022755,raw/archivo/cpm/c26bddb6-803a-5776-22f8-ee80d3c91402_CPM_comunicado_mayo_2023_VF.pdf
4fb74745-0e8b-561f-d731-c8a74bf0ddd6,Press release CPM_May_2023(1).pdf,en,https://www.bcp.gov.py/documents/20117/0/Press+release+CPM_May_2023%281%29.pdf/4fb74745-0e8b-561f-d731-c8a74bf0ddd6?t=1739972271241,ok,20260506022404,raw/archivo/cpm/4fb74745-0e8b-561f-d731-c8a74bf0ddd6_Press_release_CPM_May_2023_1_.pdf
2f2d3f42-7f18-98b5-39e2-8e7205ed90ed,CPM_comunicado abril 2023(1).pdf,es,https://www.bcp.gov.py/documents/20117/0/CPM_comunicado+abril+2023%281%29.pdf/2f2d3f42-7f18-98b5-39e2-8e7205ed90ed?t=1739972195879,ok,20260506032204,raw/archivo/cpm/2f2d3f42-7f18-98b5-39e2-8e7205ed90ed_CPM_comunicado_abril_2023_1_.pdf
3874348b-3dec-6a6b-3d08-a81ba453fbd6,CPM_EnglishApr(4).pdf,es,https://www.bcp.gov.py/documents/20117/0/CPM_EnglishApr%284%29.pdf/3874348b-3dec-6a6b-3d08-a81ba453fbd6?t=1739972206325,ok,20260506035955,raw/archivo/cpm/3874348b-3dec-6a6b-3d08-a81ba453fbd6_CPM_EnglishApr_4_.pdf
c217b61e-baab-9e0a-33f2-c17aa4241a1f,CPM_comunicado marzo 2023(2).pdf,es,https://www.bcp.gov.py/documents/20117/0/CPM_comunicado+marzo+2023%282%29.pdf/c217b61e-baab-9e0a-33f2-c17aa4241a1f?t=1739971949607,ok,20260506031248,raw/archivo/cpm/c217b61e-baab-9e0a-33f2-c17aa4241a1f_CPM_comunicado_marzo_2023_2_.pdf
19834abc-caf3-17e2-4a07-f190608eb2b7,CPM_Press Release March 2023.pdf,en,https://www.bcp.gov.py/documents/20117/0/CPM_Press+Release+March+2023.pdf/19834abc-caf3-17e2-4a07-f190608eb2b7?t=1739971961281,ok,20260506035311,raw/archivo/cpm/19834abc-caf3-17e2-4a07-f190608eb2b7_CPM_Press_Release_March_2023.pdf
012488d1-c18b-338d-0a8b-bdc342472969,CPM_febrero(4).pdf,es,https://www.bcp.gov.py/documents/20117/0/CPM_febrero%284%29.pdf/012488d1-c18b-338d-0a8b-bdc342472969?t=1739971873654,ok,20260506033138,raw/archivo/cpm/012488d1-c18b-338d-0a8b-bdc342472969_CPM_febrero_4_.pdf
c599c672-5998-251b-b349-43d05f11dedb,CPM_EnglishFeb.pdf,es,https://www.bcp.gov.py/documents/20117/0/CPM_EnglishFeb.pdf/c599c672-5998-251b-b349-43d05f11dedb?t=1739971883203,ok,20260506032141,raw/archivo/cpm/c599c672-5998-251b-b349-43d05f11dedb_CPM_EnglishFeb.pdf
992d6294-7b55-dc17-de27-a94502ae3a22,CPM-Comunicado enero 2023(1).pdf,es,https://www.bcp.gov.py/documents/20117/0/CPM-Comunicado+enero+2023%281%29.pdf/992d6294-7b55-dc17-de27-a94502ae3a22?t=1739971745933,ok,20260506030524,raw/archivo/cpm/992d6294-7b55-dc17-de27-a94502ae3a22_CPM-Comunicado_enero_2023_1_.pdf
21031200-6354-10f0-124a-bbca34a7e24f,Press release January-2023(1).pdf,en,https://www.bcp.gov.py/documents/20117/0/Press+release+January-2023%281%29.pdf/21031200-6354-10f0-124a-bbca34a7e24f?t=1739971755156,no_archivado,,
d3035ab8-4897-ffb8-a1b2-cc0eb59c2b14,CPM-Comunicado diciembre 2022.pdf,es,https://www.bcp.gov.py/documents/20117/0/CPM-Comunicado+diciembre+2022.pdf/d3035ab8-4897-ffb8-a1b2-cc0eb59c2b14?t=1739971494222,ok,20260506043651,raw/archivo/cpm/d3035ab8-4897-ffb8-a1b2-cc0eb59c2b14_CPM-Comunicado_diciembre_2022.pdf
3571da3c-b88a-245a-0a7a-de8d0d943c24,Press release December-2022.pdf,en,https://www.bcp.gov.py/documents/20117/0/Press+release+December-2022.pdf/3571da3c-b88a-245a-0a7a-de8d0d943c24?t=1739971503658,no_archivado,,
92cb6201-d92d-6b80-cbf2-72d7c219631a,Comunicado CPM noviembre(1).pdf,es,https://www.bcp.gov.py/documents/20117/0/Comunicado+CPM+noviembre%281%29.pdf/92cb6201-d92d-6b80-cbf2-72d7c219631a?t=1739971425725,ok,20260506023702,raw/archivo/cpm/92cb6201-d92d-6b80-cbf2-72d7c219631a_Comunicado_CPM_noviembre_1_.pdf
49e1364e-34fa-f81d-af08-f72c4fcfdc7f,Press release November-2022(1).pdf,en,https://www.bcp.gov.py/documents/20117/0/Press+release+November-2022%281%29.pdf/49e1364e-34fa-f81d-af08-f72c4fcfdc7f?t=1739971435958,no_archivado,,
6943eaa6-6588-67d8-2db7-7a374f331672,Comunicado CPM octubre(1).pdf,es,https://www.bcp.gov.py/documents/20117/0/Comunicado+CPM+octubre%281%29.pdf/6943eaa6-6588-67d8-2db7-7a374f331672?t=1739971368165,ok,20260506032334,raw/archivo/cpm/6943eaa6-6588-67d8-2db7-7a374f331672_Comunicado_CPM_octubre_1_.pdf
9733f283-b6d8-a1bd-1350-655b9fda383a,Press release October-2022(1).pdf,en,https://www.bcp.gov.py/documents/20117/0/Press+release+October-2022%281%29.pdf/9733f283-b6d8-a1bd-1350-655b9fda383a?t=1739971381177,no_archivado,,
e70163e6-75c8-3ab5-2293-15254cfd582b,Comunicado CPM septiembre.pdf,es,https://www.bcp.gov.py/documents/20117/0/Comunicado+CPM+septiembre.pdf/e70163e6-75c8-3ab5-2293-15254cfd582b?t=1739971315942,ok,20260506030423,raw/archivo/cpm/e70163e6-75c8-3ab5-2293-15254cfd582b_Comunicado_CPM_septiembre.pdf
97024762-cdcb-548a-27cd-b0cf1c1d23ee,Press release September-2022(1).pdf,en,https://www.bcp.gov.py/documents/20117/0/Press+release+September-2022%281%29.pdf/97024762-cdcb-548a-27cd-b0cf1c1d23ee?t=1739971324347,no_archivado,,
37d6ad5d-f985-398d-ad47-7e27ddbd8589,Comunicado_CPM_agosto(1) (1).pdf,es,https://www.bcp.gov.py/documents/20117/0/Comunicado_CPM_agosto%281%29+%281%29.pdf/37d6ad5d-f985-398d-ad47-7e27ddbd8589?t=1753799312693,ok,20260506051138,raw/archivo/cpm/37d6ad5d-f985-398d-ad47-7e27ddbd8589_Comunicado_CPM_agosto_1_1_.pdf
b91fe225-e80d-dc73-f4f3-64ef7752be49,Press release CPM_August 2022 (1).pdf,en,https://www.bcp.gov.py/documents/20117/0/Press+release+CPM_August+2022+%281%29.pdf/b91fe225-e80d-dc73-f4f3-64ef7752be49?t=1753799322156,ok,20260506024438,raw/archivo/cpm/b91fe225-e80d-dc73-f4f3-64ef7752be49_Press_release_CPM_August_2022_1_.pdf
d4a7a7b4-2992-6e4e-844c-f65c1848df21,CPM-Comunicado julio.pdf,es,https://www.bcp.gov.py/documents/20117/0/CPM-Comunicado+julio.pdf/d4a7a7b4-2992-6e4e-844c-f65c1848df21?t=1739971197376,ok,20260506031757,raw/archivo/cpm/d4a7a7b4-2992-6e4e-844c-f65c1848df21_CPM-Comunicado_julio.pdf
2ff5f215-78ed-dba5-170e-1c34a9bde107,Press release CPM July 2022.pdf,en,https://www.bcp.gov.py/documents/20117/0/Press+release+CPM+July+2022.pdf/2ff5f215-78ed-dba5-170e-1c34a9bde107?t=1739971225627,ok,20260506040628,raw/archivo/cpm/2ff5f215-78ed-dba5-170e-1c34a9bde107_Press_release_CPM_July_2022.pdf
1ada2901-98be-d83c-85aa-bb28ddc45c1d,Comunicado CPM junio 2022vf.pdf,es,https://www.bcp.gov.py/documents/20117/0/Comunicado+CPM+junio+2022vf.pdf/1ada2901-98be-d83c-85aa-bb28ddc45c1d?t=1739971146577,ok,20260506034134,raw/archivo/cpm/1ada2901-98be-d83c-85aa-bb28ddc45c1d_Comunicado_CPM_junio_2022vf.pdf
06eea9e4-66ec-350f-4c5c-8500f8b0a697,Press release CPM June 2022_rev.pdf,en,https://www.bcp.gov.py/documents/20117/0/Press+release+CPM+June+2022_rev.pdf/06eea9e4-66ec-350f-4c5c-8500f8b0a697?t=1739971154564,ok,20260506041048,raw/archivo/cpm/06eea9e4-66ec-350f-4c5c-8500f8b0a697_Press_release_CPM_June_2022_rev.pdf
e24fe6d3-e23c-e899-1b6e-9ab8a0adca16,Comunicado CPM mayo 2022(1).pdf,es,https://www.bcp.gov.py/documents/20117/0/Comunicado+CPM+mayo+2022%281%29.pdf/e24fe6d3-e23c-e899-1b6e-9ab8a0adca16?t=1739971084828,ok,20260506033616,raw/archivo/cpm/e24fe6d3-e23c-e899-1b6e-9ab8a0adca16_Comunicado_CPM_mayo_2022_1_.pdf
36c6b19e-cd6d-122a-9154-3e513a8d71e4,Press release CPM mayo(1).pdf,en,https://www.bcp.gov.py/documents/20117/0/Press+release+CPM+mayo%281%29.pdf/36c6b19e-cd6d-122a-9154-3e513a8d71e4?t=1739971093685,ok,20260506035129,raw/archivo/cpm/36c6b19e-cd6d-122a-9154-3e513a8d71e4_Press_release_CPM_mayo_1_.pdf
0f356415-d98d-a07e-b5f8-8536d0e2c54c,CPM-Comunicado abril 2022_.pdf,es,https://www.bcp.gov.py/documents/20117/0/CPM-Comunicado+abril+2022_.pdf/0f356415-d98d-a07e-b5f8-8536d0e2c54c?t=1739971019592,ok,20260506023657,raw/archivo/cpm/0f356415-d98d-a07e-b5f8-8536d0e2c54c_CPM-Comunicado_abril_2022_.pdf
ffc4b3c9-381b-bf21-d627-8c1c6be003d1,Comunicado cpm abril_ingles.pdf,es,https://www.bcp.gov.py/documents/20117/0/Comunicado+cpm+abril_ingles.pdf/ffc4b3c9-381b-bf21-d627-8c1c6be003d1?t=1739971028115,ok,20260506024407,raw/archivo/cpm/ffc4b3c9-381b-bf21-d627-8c1c6be003d1_Comunicado_cpm_abril_ingles.pdf
3b897c7f-90b3-23d5-41e4-9a4ffd6ab7d5,CPM-22_marzo-2022(1).pdf,es,https://www.bcp.gov.py/documents/20117/0/CPM-22_marzo-2022%281%29.pdf/3b897c7f-90b3-23d5-41e4-9a4ffd6ab7d5?t=1739970958029,ok,20260506043807,raw/archivo/cpm/3b897c7f-90b3-23d5-41e4-9a4ffd6ab7d5_CPM-22_marzo-2022_1_.pdf
6d3b1269-4e0e-9366-2656-e3ce5bcd5594,Press Release march_2022(1).pdf,en,https://www.bcp.gov.py/documents/20117/0/Press+Release+march_2022%281%29.pdf/6d3b1269-4e0e-9366-2656-e3ce5bcd5594?t=1739970970720,no_archivado,,
374eb6ae-87e9-7812-e295-72f70045e37d,CPM-febrero-2022.pdf,es,https://www.bcp.gov.py/documents/20117/0/CPM-febrero-2022.pdf/374eb6ae-87e9-7812-e295-72f70045e37d?t=1739970550396,ok,20260506030722,raw/archivo/cpm/374eb6ae-87e9-7812-e295-72f70045e37d_CPM-febrero-2022.pdf
7b8b5695-92a6-8081-f9b1-94a3649230fc,Press Release_February 2022(1).pdf,en,https://www.bcp.gov.py/documents/20117/0/Press+Release_February+2022%281%29.pdf/7b8b5695-92a6-8081-f9b1-94a3649230fc?t=1739970853136,no_archivado,,
4bbef965-fc58-e299-5dde-08b161d92717,CPM-enero(7).pdf,es,https://www.bcp.gov.py/documents/20117/0/CPM-enero%287%29.pdf/4bbef965-fc58-e299-5dde-08b161d92717?t=1739970476905,ok,20260506032207,raw/archivo/cpm/4bbef965-fc58-e299-5dde-08b161d92717_CPM-enero_7_.pdf
0fce09cb-5685-f611-40dd-4efb23c6b404,Press Release Jan 2021(1).pdf,en,https://www.bcp.gov.py/documents/20117/0/Press+Release+Jan+2021%281%29.pdf/0fce09cb-5685-f611-40dd-4efb23c6b404?t=1739970486570,no_archivado,,
a5be93bb-a51a-403b-1974-03c6c12b5cfa,CPM-diciembre 2021(3).pdf,es,https://www.bcp.gov.py/documents/20117/0/CPM-diciembre+2021%283%29.pdf/a5be93bb-a51a-403b-1974-03c6c12b5cfa?t=1739910887479,ok,20260506032724,raw/archivo/cpm/a5be93bb-a51a-403b-1974-03c6c12b5cfa_CPM-diciembre_2021_3_.pdf
9da79eaf-ec22-09d5-e1f6-ba83195ae3d1,Press Release Dec_2021(1).pdf,en,https://www.bcp.gov.py/documents/20117/0/Press+Release+Dec_2021%281%29.pdf/9da79eaf-ec22-09d5-e1f6-ba83195ae3d1?t=1739910894734,no_archivado,,
acafbac3-f59b-fa51-3f9d-fa4ac0f1c9fe,CPM-noviembre(1)(1).pdf,es,https://www.bcp.gov.py/documents/20117/0/CPM-noviembre%281%29%281%29.pdf/acafbac3-f59b-fa51-3f9d-fa4ac0f1c9fe?t=1739910824666,ok,20260506023037,raw/archivo/cpm/acafbac3-f59b-fa51-3f9d-fa4ac0f1c9fe_CPM-noviembre_1_1_.pdf
7b37b214-a631-1d46-0d86-b8f058cd0104,Press Release November2021(1).pdf,en,https://www.bcp.gov.py/documents/20117/0/Press+Release+November2021%281%29.pdf/7b37b214-a631-1d46-0d86-b8f058cd0104?t=1739910833908,no_archivado,,
bedc6a41-ed98-0a18-fa67-5386954290fd,Comunicado CPM octubre_2021.pdf,es,https://www.bcp.gov.py/documents/20117/0/Comunicado+CPM+octubre_2021.pdf/bedc6a41-ed98-0a18-fa67-5386954290fd?t=1739910761622,ok,20260506042906,raw/archivo/cpm/bedc6a41-ed98-0a18-fa67-5386954290fd_Comunicado_CPM_octubre_2021.pdf
b38c899a-d078-fa9b-0e87-c5a01da82f31,Press Release October2021_rev1(1).pdf,en,https://www.bcp.gov.py/documents/20117/0/Press+Release+October2021_rev1%281%29.pdf/b38c899a-d078-fa9b-0e87-c5a01da82f31?t=1739910768933,no_archivado,,
1856a8e4-e766-fdad-efa5-6f1682ca66cc,Comunicado CPM septiembre_2021.pdf,es,https://www.bcp.gov.py/documents/20117/0/Comunicado+CPM+septiembre_2021.pdf/1856a8e4-e766-fdad-efa5-6f1682ca66cc?t=1739910686998,ok,20260506071607,raw/archivo/cpm/1856a8e4-e766-fdad-efa5-6f1682ca66cc_Comunicado_CPM_septiembre_2021.pdf
7d7ae731-304c-9ce2-d007-75ac50e352ef,Press_release_CPM_September 2021(1).pdf,en,https://www.bcp.gov.py/documents/20117/0/Press_release_CPM_September+2021%281%29.pdf/7d7ae731-304c-9ce2-d007-75ac50e352ef?t=1739910695969,ok,20260506033917,raw/archivo/cpm/7d7ae731-304c-9ce2-d007-75ac50e352ef_Press_release_CPM_September_2021_1_.pdf
720e6479-71c9-ce31-2b80-e64514c26ec0,Comunicado CPM agosto_2021.pdf,es,https://www.bcp.gov.py/documents/20117/0/Comunicado+CPM+agosto_2021.pdf/720e6479-71c9-ce31-2b80-e64514c26ec0?t=1739910628083,ok,20260506023908,raw/archivo/cpm/720e6479-71c9-ce31-2b80-e64514c26ec0_Comunicado_CPM_agosto_2021.pdf
fb0420cc-137d-08ed-d1d4-03a78c80afc9,Press_Release_CPM_August_2021.pdf,en,https://www.bcp.gov.py/documents/20117/0/Press_Release_CPM_August_2021.pdf/fb0420cc-137d-08ed-d1d4-03a78c80afc9?t=1739910638653,ok,20260506025206,raw/archivo/cpm/fb0420cc-137d-08ed-d1d4-03a78c80afc9_Press_Release_CPM_August_2021.pdf
92dc0681-6431-a241-5d3b-68449fa868e3,CPM julio 2021(1).pdf,es,https://www.bcp.gov.py/documents/20117/0/CPM+julio+2021%281%29.pdf/92dc0681-6431-a241-5d3b-68449fa868e3?t=1739910562417,ok,20260506031648,raw/archivo/cpm/92dc0681-6431-a241-5d3b-68449fa868e3_CPM_julio_2021_1_.pdf
239897fd-2f9b-8692-7c7b-3be18471433a,Press_release_CPM_July2021(1).pdf,en,https://www.bcp.gov.py/documents/20117/0/Press_release_CPM_July2021%281%29.pdf/239897fd-2f9b-8692-7c7b-3be18471433a?t=1739910570832,ok,20260506022616,raw/archivo/cpm/239897fd-2f9b-8692-7c7b-3be18471433a_Press_release_CPM_July2021_1_.pdf
8a57dfa0-ea74-9a77-7be6-7056d88901a6,CPM junio 2021(1).pdf,es,https://www.bcp.gov.py/documents/20117/0/CPM+junio+2021%281%29.pdf/8a57dfa0-ea74-9a77-7be6-7056d88901a6?t=1739910512484,ok,20260506024051,raw/archivo/cpm/8a57dfa0-ea74-9a77-7be6-7056d88901a6_CPM_junio_2021_1_.pdf
b18c57e8-5189-46b4-d945-0f4ad840f1f0,Press_release_CPM_June 2021.pdf,en,https://www.bcp.gov.py/documents/20117/0/Press_release_CPM_June+2021.pdf/b18c57e8-5189-46b4-d945-0f4ad840f1f0?t=1739910521388,ok,20260506034359,raw/archivo/cpm/b18c57e8-5189-46b4-d945-0f4ad840f1f0_Press_release_CPM_June_2021.pdf
bc718ba0-b571-4954-d80b-b22d8ed8010b,CPM_ mayo_2021(1).pdf,es,https://www.bcp.gov.py/documents/20117/0/CPM_+mayo_2021%281%29.pdf/bc718ba0-b571-4954-d80b-b22d8ed8010b?t=1739910456258,ok,20260506035016,raw/archivo/cpm/bc718ba0-b571-4954-d80b-b22d8ed8010b_CPM__mayo_2021_1_.pdf
36cf30e1-cd0e-9fbb-33bc-e302414162e3,Press_release_CPM_May 2021_final(1).pdf,en,https://www.bcp.gov.py/documents/20117/0/Press_release_CPM_May+2021_final%281%29.pdf/36cf30e1-cd0e-9fbb-33bc-e302414162e3?t=1739910469825,ok,20260506022604,raw/archivo/cpm/36cf30e1-cd0e-9fbb-33bc-e302414162e3_Press_release_CPM_May_2021_final_1_.pdf
e497f3c0-0a73-334e-4058-958d361686c9,Comunicado_CPM_abr_2021(1).pdf,es,https://www.bcp.gov.py/documents/20117/0/Comunicado_CPM_abr_2021%281%29.pdf/e497f3c0-0a73-334e-4058-958d361686c9?t=1739910399630,ok,20260506032506,raw/archivo/cpm/e497f3c0-0a73-334e-4058-958d361686c9_Comunicado_CPM_abr_2021_1_.pdf
e9b811e6-d31b-6f12-30cf-94b5e993ed72,Press_release_CPM_April 2021_rev1(1).pdf,en,https://www.bcp.gov.py/documents/20117/0/Press_release_CPM_April+2021_rev1%281%29.pdf/e9b811e6-d31b-6f12-30cf-94b5e993ed72?t=1739910407993,ok,20260506064046,raw/archivo/cpm/e9b811e6-d31b-6f12-30cf-94b5e993ed72_Press_release_CPM_April_2021_rev1_1_.pdf
1065dc34-2285-68aa-f462-d7cd9e1eece4,Comunicado_CPM_mar_2021.pdf,es,https://www.bcp.gov.py/documents/20117/0/Comunicado_CPM_mar_2021.pdf/1065dc34-2285-68aa-f462-d7cd9e1eece4?t=1739910334988,ok,20260506040314,raw/archivo/cpm/1065dc34-2285-68aa-f462-d7cd9e1eece4_Comunicado_CPM_mar_2021.pdf
26733a7c-6c8f-780f-2de1-1a6dc387a100,Press_Release_CPM_March_2021.pdf,en,https://www.bcp.gov.py/documents/20117/0/Press_Release_CPM_March_2021.pdf/26733a7c-6c8f-780f-2de1-1a6dc387a100?t=1739910345147,ok,20260506032303,raw/archivo/cpm/26733a7c-6c8f-780f-2de1-1a6dc387a100_Press_Release_CPM_March_2021.pdf
0a5cc250-7640-11ab-fca0-251697289545,CPM_febrero_2021(1).pdf,es,https://www.bcp.gov.py/documents/20117/0/CPM_febrero_2021%281%29.pdf/0a5cc250-7640-11ab-fca0-251697289545?t=1739910273057,ok,20260506025805,raw/archivo/cpm/0a5cc250-7640-11ab-fca0-251697289545_CPM_febrero_2021_1_.pdf
c7c87a8e-f156-29bf-f7cc-2fc7a4c9fe89,Press_Release_CPM_February_2021.pdf,en,https://www.bcp.gov.py/documents/20117/0/Press_Release_CPM_February_2021.pdf/c7c87a8e-f156-29bf-f7cc-2fc7a4c9fe89?t=1739910283267,ok,20260506043454,raw/archivo/cpm/c7c87a8e-f156-29bf-f7cc-2fc7a4c9fe89_Press_Release_CPM_February_2021.pdf
e2638f5f-4f66-c330-9609-aa937220eda1,Comunicado_CPM_ene_2021_(1).pdf,es,https://www.bcp.gov.py/documents/20117/0/Comunicado_CPM_ene_2021_%281%29.pdf/e2638f5f-4f66-c330-9609-aa937220eda1?t=1739910187063,ok,20260506042605,raw/archivo/cpm/e2638f5f-4f66-c330-9609-aa937220eda1_Comunicado_CPM_ene_2021__1_.pdf
792ae816-201f-1d7b-bad9-29dce0df9dd3,Press_Release_CPM_January_2021.pdf,en,https://www.bcp.gov.py/documents/20117/0/Press_Release_CPM_January_2021.pdf/792ae816-201f-1d7b-bad9-29dce0df9dd3?t=1739910199080,ok,20260506022638,raw/archivo/cpm/792ae816-201f-1d7b-bad9-29dce0df9dd3_Press_Release_CPM_January_2021.pdf
5844fdec-9f66-06f8-3f99-b8d09308b967,CPM_diciembre_2020(4).pdf,es,https://www.bcp.gov.py/documents/20117/0/CPM_diciembre_2020%284%29.pdf/5844fdec-9f66-06f8-3f99-b8d09308b967?t=1739909204585,ok,20260506030600,raw/archivo/cpm/5844fdec-9f66-06f8-3f99-b8d09308b967_CPM_diciembre_2020_4_.pdf
75467ef1-220e-1b6a-6a00-a93fdde7402e,Press_release_CPM_December_2020(1).pdf,en,https://www.bcp.gov.py/documents/20117/0/Press_release_CPM_December_2020%281%29.pdf/75467ef1-220e-1b6a-6a00-a93fdde7402e?t=1739909213241,ok,20260506034736,raw/archivo/cpm/75467ef1-220e-1b6a-6a00-a93fdde7402e_Press_release_CPM_December_2020_1_.pdf
6d7c39a0-351f-5899-1313-28eead4e255c,CPM_noviembre_2020(1).pdf,es,https://www.bcp.gov.py/documents/20117/0/CPM_noviembre_2020%281%29.pdf/6d7c39a0-351f-5899-1313-28eead4e255c?t=1739909135034,ok,20260506024526,raw/archivo/cpm/6d7c39a0-351f-5899-1313-28eead4e255c_CPM_noviembre_2020_1_.pdf
665d043c-7758-f059-317c-b57766c6e95f,Press_release_CPM November_2020(1).pdf,en,https://www.bcp.gov.py/documents/20117/0/Press_release_CPM+November_2020%281%29.pdf/665d043c-7758-f059-317c-b57766c6e95f?t=1739909142246,ok,20260506034241,raw/archivo/cpm/665d043c-7758-f059-317c-b57766c6e95f_Press_release_CPM_November_2020_1_.pdf
dcccbafe-6e6f-4389-2da1-001ee1d53019,CPM_octubre_2020(1).pdf,es,https://www.bcp.gov.py/documents/20117/0/CPM_octubre_2020%281%29.pdf/dcccbafe-6e6f-4389-2da1-001ee1d53019?t=1739909078572,ok,20260506032037,raw/archivo/cpm/dcccbafe-6e6f-4389-2da1-001ee1d53019_CPM_octubre_2020_1_.pdf
00953e5f-f5cd-eb5d-ab15-505e8eb1c53c,Press_release_CPM_October_2020.pdf,en,https://www.bcp.gov.py/documents/20117/0/Press_release_CPM_October_2020.pdf/00953e5f-f5cd-eb5d-ab15-505e8eb1c53c?t=1739909087572,ok,20260506024950,raw/archivo/cpm/00953e5f-f5cd-eb5d-ab15-505e8eb1c53c_Press_release_CPM_October_2020.pdf
c4c45ea0-93e6-659a-baa3-1d33044abfa7,CPM_septiembre_2020(5).pdf,es,https://www.bcp.gov.py/documents/20117/0/CPM_septiembre_2020%285%29.pdf/c4c45ea0-93e6-659a-baa3-1d33044abfa7?t=1739909020293,ok,20260506030710,raw/archivo/cpm/c4c45ea0-93e6-659a-baa3-1d33044abfa7_CPM_septiembre_2020_5_.pdf
1a899aea-f666-ed57-f104-adae6726b57c,Press_release_CPM_Sept_2020(1).pdf,en,https://www.bcp.gov.py/documents/20117/0/Press_release_CPM_Sept_2020%281%29.pdf/1a899aea-f666-ed57-f104-adae6726b57c?t=1739909030115,ok,20260506025940,raw/archivo/cpm/1a899aea-f666-ed57-f104-adae6726b57c_Press_release_CPM_Sept_2020_1_.pdf
a4e47b79-4d7b-3835-61e4-b94be14a1665,CPM_agosto_2020(1).pdf,es,https://www.bcp.gov.py/documents/20117/0/CPM_agosto_2020%281%29.pdf/a4e47b79-4d7b-3835-61e4-b94be14a1665?t=1739908967751,ok,20260506024659,raw/archivo/cpm/a4e47b79-4d7b-3835-61e4-b94be14a1665_CPM_agosto_2020_1_.pdf
9b33abd8-e79a-f04b-ae8d-4453f35211b6,Press_release_CPM_August_2020.pdf,en,https://www.bcp.gov.py/documents/20117/0/Press_release_CPM_August_2020.pdf/9b33abd8-e79a-f04b-ae8d-4453f35211b6?t=1739908976050,ok,20260506022824,raw/archivo/cpm/9b33abd8-e79a-f04b-ae8d-4453f35211b6_Press_release_CPM_August_2020.pdf
58920337-a5d4-0807-5b33-33c562bc86b8,CPM_julio_2020(1).pdf,es,https://www.bcp.gov.py/documents/20117/0/CPM_julio_2020%281%29.pdf/58920337-a5d4-0807-5b33-33c562bc86b8?t=1739908901398,ok,20260506023007,raw/archivo/cpm/58920337-a5d4-0807-5b33-33c562bc86b8_CPM_julio_2020_1_.pdf
73ea86d1-6658-e280-48de-363b02735818,Press_release_CPM_July_2020(1).pdf,en,https://www.bcp.gov.py/documents/20117/0/Press_release_CPM_July_2020%281%29.pdf/73ea86d1-6658-e280-48de-363b02735818?t=1739908912048,ok,20260506023608,raw/archivo/cpm/73ea86d1-6658-e280-48de-363b02735818_Press_release_CPM_July_2020_1_.pdf
8f64faca-d736-384d-2e84-e888d32d678c,CPM_junio_2020(1).pdf,es,https://www.bcp.gov.py/documents/20117/0/CPM_junio_2020%281%29.pdf/8f64faca-d736-384d-2e84-e888d32d678c?t=1739908850170,ok,20260506034543,raw/archivo/cpm/8f64faca-d736-384d-2e84-e888d32d678c_CPM_junio_2020_1_.pdf
0fe7d94e-e1db-f238-c14e-1352658640d6,Press_release_CPM_June_2020(1).pdf,en,https://www.bcp.gov.py/documents/20117/0/Press_release_CPM_June_2020%281%29.pdf/0fe7d94e-e1db-f238-c14e-1352658640d6?t=1739908857703,ok,20260506035944,raw/archivo/cpm/0fe7d94e-e1db-f238-c14e-1352658640d6_Press_release_CPM_June_2020_1_.pdf
6df0c6c6-9ef7-ee11-2776-787352e63932,CPM_mayo_2020(1).pdf,es,https://www.bcp.gov.py/documents/20117/0/CPM_mayo_2020%281%29.pdf/6df0c6c6-9ef7-ee11-2776-787352e63932?t=1739908799917,ok,20260506045113,raw/archivo/cpm/6df0c6c6-9ef7-ee11-2776-787352e63932_CPM_mayo_2020_1_.pdf
32fbc4a0-f7dd-1b88-868b-2a8310862c3f,Press_release_CPM_Mayo_2020(2).pdf,en,https://www.bcp.gov.py/documents/20117/0/Press_release_CPM_Mayo_2020%282%29.pdf/32fbc4a0-f7dd-1b88-868b-2a8310862c3f?t=1739908809825,ok,20260506031931,raw/archivo/cpm/32fbc4a0-f7dd-1b88-868b-2a8310862c3f_Press_release_CPM_Mayo_2020_2_.pdf
f4dff79d-72cd-3b4e-66b6-0a952c64a141,CPM_abril_2020(1).pdf,es,https://www.bcp.gov.py/documents/20117/0/CPM_abril_2020%281%29.pdf/f4dff79d-72cd-3b4e-66b6-0a952c64a141?t=1739908605261,ok,20260506034427,raw/archivo/cpm/f4dff79d-72cd-3b4e-66b6-0a952c64a141_CPM_abril_2020_1_.pdf
fcd56a3a-b279-8fe9-92e9-b8a8357df2b9,Press_release_CPM_April_2020.pdf,en,https://www.bcp.gov.py/documents/20117/0/Press_release_CPM_April_2020.pdf/fcd56a3a-b279-8fe9-92e9-b8a8357df2b9?t=1739908739399,ok,20260506040830,raw/archivo/cpm/fcd56a3a-b279-8fe9-92e9-b8a8357df2b9_Press_release_CPM_April_2020.pdf
b4cddda0-59db-bf9b-c7f4-e4e3c513fee8,CPM marzo 2020.pdf,es,https://www.bcp.gov.py/documents/20117/0/CPM+marzo+2020.pdf/b4cddda0-59db-bf9b-c7f4-e4e3c513fee8?t=1739908549675,ok,20260506030511,raw/archivo/cpm/b4cddda0-59db-bf9b-c7f4-e4e3c513fee8_CPM_marzo_2020.pdf
e2f9ed7a-5aa9-2d93-388d-f1a0b8d39765,Press_release_CPM_March_2020(1).pdf,en,https://www.bcp.gov.py/documents/20117/0/Press_release_CPM_March_2020%281%29.pdf/e2f9ed7a-5aa9-2d93-388d-f1a0b8d39765?t=1739908558998,ok,20260506024550,raw/archivo/cpm/e2f9ed7a-5aa9-2d93-388d-f1a0b8d39765_Press_release_CPM_March_2020_1_.pdf
f2896273-272d-cf5d-450b-fff92e36e1c5,CEOMA_febrero_2020(1).pdf,es,https://www.bcp.gov.py/documents/20117/0/CEOMA_febrero_2020%281%29.pdf/f2896273-272d-cf5d-450b-fff92e36e1c5?t=1739908494676,ok,20260506023954,raw/archivo/cpm/f2896273-272d-cf5d-450b-fff92e36e1c5_CEOMA_febrero_2020_1_.pdf
6d58eb9f-d908-0f40-be68-77e7803848b1,Press_release_CPM_February_2020(1).pdf,en,https://www.bcp.gov.py/documents/20117/0/Press_release_CPM_February_2020%281%29.pdf/6d58eb9f-d908-0f40-be68-77e7803848b1?t=1739908505424,ok,20260506023001,raw/archivo/cpm/6d58eb9f-d908-0f40-be68-77e7803848b1_Press_release_CPM_February_2020_1_.pdf
3bec9bf7-5603-7eb9-13bf-f456be016985,CPM_enero_ 2020(1).pdf,es,https://www.bcp.gov.py/documents/20117/0/CPM_enero_+2020%281%29.pdf/3bec9bf7-5603-7eb9-13bf-f456be016985?t=1739908434189,ok,20260506025857,raw/archivo/cpm/3bec9bf7-5603-7eb9-13bf-f456be016985_CPM_enero__2020_1_.pdf
9f20ff6e-e8d3-a93b-09c6-3f2d6160f011,Press_release_CEOMA_January_2020.pdf,en,https://www.bcp.gov.py/documents/20117/0/Press_release_CEOMA_January_2020.pdf/9f20ff6e-e8d3-a93b-09c6-3f2d6160f011?t=1739908444204,ok,20260506023055,raw/archivo/cpm/9f20ff6e-e8d3-a93b-09c6-3f2d6160f011_Press_release_CEOMA_January_2020.pdf
3fa1d1b9-a3ad-3ce2-d881-79e8c4c8ba9e,CEOMA_diciembre_2019.pdf,es,https://www.bcp.gov.py/documents/20117/0/CEOMA_diciembre_2019.pdf/3fa1d1b9-a3ad-3ce2-d881-79e8c4c8ba9e?t=1739907713662,ok,20260506033250,raw/archivo/cpm/3fa1d1b9-a3ad-3ce2-d881-79e8c4c8ba9e_CEOMA_diciembre_2019.pdf
c968d8a9-8853-86de-70e2-b142d48ce778,Press_release_CEOMA_december_2019.pdf,en,https://www.bcp.gov.py/documents/20117/0/Press_release_CEOMA_december_2019.pdf/c968d8a9-8853-86de-70e2-b142d48ce778?t=1739907722057,ok,20260506024536,raw/archivo/cpm/c968d8a9-8853-86de-70e2-b142d48ce778_Press_release_CEOMA_december_2019.pdf
a9ff7789-42a5-3000-781d-3b61840a234c,CEOMA_noviembre_2019.pdf,es,https://www.bcp.gov.py/documents/20117/0/CEOMA_noviembre_2019.pdf/a9ff7789-42a5-3000-781d-3b61840a234c?t=1739907659279,ok,20260506071758,raw/archivo/cpm/a9ff7789-42a5-3000-781d-3b61840a234c_CEOMA_noviembre_2019.pdf
2d124947-48da-4d9d-3dbd-619a8b9c4dab,Press_release_CEOMA_november_2019(1).pdf,en,https://www.bcp.gov.py/documents/20117/0/Press_release_CEOMA_november_2019%281%29.pdf/2d124947-48da-4d9d-3dbd-619a8b9c4dab?t=1739907667369,ok,20260506072816,raw/archivo/cpm/2d124947-48da-4d9d-3dbd-619a8b9c4dab_Press_release_CEOMA_november_2019_1_.pdf
fe438f06-0b1a-ff2a-384f-573045bbae25,CEOMA_octubre_2019(1).pdf,es,https://www.bcp.gov.py/documents/20117/0/CEOMA_octubre_2019%281%29.pdf/fe438f06-0b1a-ff2a-384f-573045bbae25?t=1739907587599,ok,20260506042534,raw/archivo/cpm/fe438f06-0b1a-ff2a-384f-573045bbae25_CEOMA_octubre_2019_1_.pdf
69de51a1-6af6-0d80-9b7f-ac3ecbcb3107,Press_release_CEOMA_october_2019.pdf,en,https://www.bcp.gov.py/documents/20117/0/Press_release_CEOMA_october_2019.pdf/69de51a1-6af6-0d80-9b7f-ac3ecbcb3107?t=1739907597839,ok,20260506023003,raw/archivo/cpm/69de51a1-6af6-0d80-9b7f-ac3ecbcb3107_Press_release_CEOMA_october_2019.pdf
bdf036bd-657c-09fb-5315-68906a05c8f8,Comunicado_CEOMA_setiembre_2019.pdf,es,https://www.bcp.gov.py/documents/20117/0/Comunicado_CEOMA_setiembre_2019.pdf/bdf036bd-657c-09fb-5315-68906a05c8f8?t=1739907505686,ok,20260506040042,raw/archivo/cpm/bdf036bd-657c-09fb-5315-68906a05c8f8_Comunicado_CEOMA_setiembre_2019.pdf
4fb41c00-008d-aa0a-b0d7-488c97a802af,Press_release_CEOMA_september_2019.pdf,en,https://www.bcp.gov.py/documents/20117/0/Press_release_CEOMA_september_2019.pdf/4fb41c00-008d-aa0a-b0d7-488c97a802af?t=1739907515718,ok,20260506023104,raw/archivo/cpm/4fb41c00-008d-aa0a-b0d7-488c97a802af_Press_release_CEOMA_september_2019.pdf
2feb90ae-13cf-119c-6d2d-1967e422c232,Comunicado_CEOMA_agosto_2019(2).pdf,es,https://www.bcp.gov.py/documents/20117/0/Comunicado_CEOMA_agosto_2019%282%29.pdf/2feb90ae-13cf-119c-6d2d-1967e422c232?t=1739907449891,ok,20260506023628,raw/archivo/cpm/2feb90ae-13cf-119c-6d2d-1967e422c232_Comunicado_CEOMA_agosto_2019_2_.pdf
f37a6e1c-b504-dda7-bd68-655c75279c28,Press_release_CEOMA_August_2019.pdf,en,https://www.bcp.gov.py/documents/20117/0/Press_release_CEOMA_August_2019.pdf/f37a6e1c-b504-dda7-bd68-655c75279c28?t=1739907457928,ok,20260506024354,raw/archivo/cpm/f37a6e1c-b504-dda7-bd68-655c75279c28_Press_release_CEOMA_August_2019.pdf
303d6f55-b1f4-d591-93c5-ba03d9460a92,CEOMA_julio_2019(1).pdf,es,https://www.bcp.gov.py/documents/20117/0/CEOMA_julio_2019%281%29.pdf/303d6f55-b1f4-d591-93c5-ba03d9460a92?t=1739907394715,ok,20260506023000,raw/archivo/cpm/303d6f55-b1f4-d591-93c5-ba03d9460a92_CEOMA_julio_2019_1_.pdf
1cd9dd08-e44e-3c92-e8a1-cd3190fdfca3,Press_release_CEOMA_july_2019(1).pdf,en,https://www.bcp.gov.py/documents/20117/0/Press_release_CEOMA_july_2019%281%29.pdf/1cd9dd08-e44e-3c92-e8a1-cd3190fdfca3?t=1739907402569,ok,20260506040932,raw/archivo/cpm/1cd9dd08-e44e-3c92-e8a1-cd3190fdfca3_Press_release_CEOMA_july_2019_1_.pdf
62d777dd-e89c-364b-2b53-bf3e089bb2ef,CEOMA_junio_2019(1).pdf,es,https://www.bcp.gov.py/documents/20117/0/CEOMA_junio_2019%281%29.pdf/62d777dd-e89c-364b-2b53-bf3e089bb2ef?t=1739907339864,ok,20260506042756,raw/archivo/cpm/62d777dd-e89c-364b-2b53-bf3e089bb2ef_CEOMA_junio_2019_1_.pdf
529b8682-fa95-5a6a-54d0-88075fc26fa4,Press_release_CEOMA_june_2019.pdf,en,https://www.bcp.gov.py/documents/20117/0/Press_release_CEOMA_june_2019.pdf/529b8682-fa95-5a6a-54d0-88075fc26fa4?t=1739907347981,ok,20260506023321,raw/archivo/cpm/529b8682-fa95-5a6a-54d0-88075fc26fa4_Press_release_CEOMA_june_2019.pdf
dbbcd530-7de6-5307-bf04-59f3e0b1c87b,Comunicado_CEOMA_mayo_2019(1).pdf,es,https://www.bcp.gov.py/documents/20117/0/Comunicado_CEOMA_mayo_2019%281%29.pdf/dbbcd530-7de6-5307-bf04-59f3e0b1c87b?t=1739907281934,ok,20260506023150,raw/archivo/cpm/dbbcd530-7de6-5307-bf04-59f3e0b1c87b_Comunicado_CEOMA_mayo_2019_1_.pdf
08ecd665-dd26-2de7-5a9d-fa4fb9391c9e,Press_release_CEOMA_may_2019.pdf,en,https://www.bcp.gov.py/documents/20117/0/Press_release_CEOMA_may_2019.pdf/08ecd665-dd26-2de7-5a9d-fa4fb9391c9e?t=1739907290531,ok,20260506033159,raw/archivo/cpm/08ecd665-dd26-2de7-5a9d-fa4fb9391c9e_Press_release_CEOMA_may_2019.pdf
83841168-3a02-2434-bc49-f323735dce49,CEOMA_abril_ 2019(1).pdf,es,https://www.bcp.gov.py/documents/20117/0/CEOMA_abril_+2019%281%29.pdf/83841168-3a02-2434-bc49-f323735dce49?t=1739907213139,ok,20260506023437,raw/archivo/cpm/83841168-3a02-2434-bc49-f323735dce49_CEOMA_abril__2019_1_.pdf
dc2f0398-232c-4424-919c-de7e4b6970aa,Press_release_CEOMA_april_2019(1).pdf,en,https://www.bcp.gov.py/documents/20117/0/Press_release_CEOMA_april_2019%281%29.pdf/dc2f0398-232c-4424-919c-de7e4b6970aa?t=1739907226583,ok,20260506043427,raw/archivo/cpm/dc2f0398-232c-4424-919c-de7e4b6970aa_Press_release_CEOMA_april_2019_1_.pdf
0d0d2e2b-51ac-7400-ac6c-22b6a1b1116f,CEOMA_marzo_2019(2).pdf,es,https://www.bcp.gov.py/documents/20117/0/CEOMA_marzo_2019%282%29.pdf/0d0d2e2b-51ac-7400-ac6c-22b6a1b1116f?t=1739907087098,ok,20260506034426,raw/archivo/cpm/0d0d2e2b-51ac-7400-ac6c-22b6a1b1116f_CEOMA_marzo_2019_2_.pdf
f70a7563-ccfa-d986-59d2-67001bc31232,Press_release_CEOMA_mar_2019.pdf,en,https://www.bcp.gov.py/documents/20117/0/Press_release_CEOMA_mar_2019.pdf/f70a7563-ccfa-d986-59d2-67001bc31232?t=1739907094958,ok,20260506034011,raw/archivo/cpm/f70a7563-ccfa-d986-59d2-67001bc31232_Press_release_CEOMA_mar_2019.pdf
3ffd4380-6cad-69b0-7a28-869bc143f6e6,CEOMA_febrero_2019(1).pdf,es,https://www.bcp.gov.py/documents/20117/0/CEOMA_febrero_2019%281%29.pdf/3ffd4380-6cad-69b0-7a28-869bc143f6e6?t=1739906987182,ok,20260506024838,raw/archivo/cpm/3ffd4380-6cad-69b0-7a28-869bc143f6e6_CEOMA_febrero_2019_1_.pdf
ef783405-b0c7-b032-c124-6cfba34bebf4,Press_release_CEOMA_feb_2019.pdf,en,https://www.bcp.gov.py/documents/20117/0/Press_release_CEOMA_feb_2019.pdf/ef783405-b0c7-b032-c124-6cfba34bebf4?t=1739906997875,ok,20260506032538,raw/archivo/cpm/ef783405-b0c7-b032-c124-6cfba34bebf4_Press_release_CEOMA_feb_2019.pdf
2c15bf67-1be9-2ddb-e0d0-d671e85fe22c,Comunicado_CEOMA_enero_2019(3).pdf,es,https://www.bcp.gov.py/documents/20117/0/Comunicado_CEOMA_enero_2019%283%29.pdf/2c15bf67-1be9-2ddb-e0d0-d671e85fe22c?t=1739906932137,ok,20260506031221,raw/archivo/cpm/2c15bf67-1be9-2ddb-e0d0-d671e85fe22c_Comunicado_CEOMA_enero_2019_3_.pdf
ddc5cfa6-c1c4-6273-0b40-e3c49ccc638f,Press_release_CEOMA_jan_2019(1).pdf,en,https://www.bcp.gov.py/documents/20117/0/Press_release_CEOMA_jan_2019%281%29.pdf/ddc5cfa6-c1c4-6273-0b40-e3c49ccc638f?t=1739906940521,ok,20260506022528,raw/archivo/cpm/ddc5cfa6-c1c4-6273-0b40-e3c49ccc638f_Press_release_CEOMA_jan_2019_1_.pdf
89dbd19b-290e-52ee-b616-5ec977aec8f3,Comunicado_CEOMA_dic_2018(1).pdf,es,https://www.bcp.gov.py/documents/20117/0/Comunicado_CEOMA_dic_2018%281%29.pdf/89dbd19b-290e-52ee-b616-5ec977aec8f3?t=1739906487889,ok,20260506031010,raw/archivo/cpm/89dbd19b-290e-52ee-b616-5ec977aec8f3_Comunicado_CEOMA_dic_2018_1_.pdf
b5de6c8a-0779-af97-8d0a-ccbb0cd470ba,Press_release_CEOMA_dec_2018.pdf,en,https://www.bcp.gov.py/documents/20117/0/Press_release_CEOMA_dec_2018.pdf/b5de6c8a-0779-af97-8d0a-ccbb0cd470ba?t=1739906498202,ok,20260506040642,raw/archivo/cpm/b5de6c8a-0779-af97-8d0a-ccbb0cd470ba_Press_release_CEOMA_dec_2018.pdf
7878f575-1b81-156c-9a5c-5ce724a44a76,Comunicado_CEOMA_noviembre_2018.pdf,es,https://www.bcp.gov.py/documents/20117/0/Comunicado_CEOMA_noviembre_2018.pdf/7878f575-1b81-156c-9a5c-5ce724a44a76?t=1739906365553,ok,20260506034112,raw/archivo/cpm/7878f575-1b81-156c-9a5c-5ce724a44a76_Comunicado_CEOMA_noviembre_2018.pdf
bcf32d8b-2946-5174-8a97-4af2dfb8f91f,Press_release_CEOMA_nov_2018(1).pdf,en,https://www.bcp.gov.py/documents/20117/0/Press_release_CEOMA_nov_2018%281%29.pdf/bcf32d8b-2946-5174-8a97-4af2dfb8f91f?t=1739906376085,ok,20260506024922,raw/archivo/cpm/bcf32d8b-2946-5174-8a97-4af2dfb8f91f_Press_release_CEOMA_nov_2018_1_.pdf
a6fe168e-1b87-9dac-628a-9a3949f070fb,CEOMA_octubre_2018-1.pdf,es,https://www.bcp.gov.py/documents/20117/0/CEOMA_octubre_2018-1.pdf/a6fe168e-1b87-9dac-628a-9a3949f070fb?t=1739906297439,ok,20260506030906,raw/archivo/cpm/a6fe168e-1b87-9dac-628a-9a3949f070fb_CEOMA_octubre_2018-1.pdf
55c74f28-b1c2-16d2-d24f-d8ec58a44319,Press_release_CEOMA_oct_2018.pdf,en,https://www.bcp.gov.py/documents/20117/0/Press_release_CEOMA_oct_2018.pdf/55c74f28-b1c2-16d2-d24f-d8ec58a44319?t=1739906307007,ok,20260506035714,raw/archivo/cpm/55c74f28-b1c2-16d2-d24f-d8ec58a44319_Press_release_CEOMA_oct_2018.pdf
ad978ddd-b86e-4f3f-7ac3-760d2d9c22c2,Comunicado_CEOMA_setiembre_2018(1).pdf,es,https://www.bcp.gov.py/documents/20117/0/Comunicado_CEOMA_setiembre_2018%281%29.pdf/ad978ddd-b86e-4f3f-7ac3-760d2d9c22c2?t=1739906234993,ok,20260506033700,raw/archivo/cpm/ad978ddd-b86e-4f3f-7ac3-760d2d9c22c2_Comunicado_CEOMA_setiembre_2018_1_.pdf
9e08370a-b308-6f71-4d4e-ff249e911a3c,Press_release_CEOMA_set_2018(1).pdf,en,https://www.bcp.gov.py/documents/20117/0/Press_release_CEOMA_set_2018%281%29.pdf/9e08370a-b308-6f71-4d4e-ff249e911a3c?t=1739906245304,ok,20260506025221,raw/archivo/cpm/9e08370a-b308-6f71-4d4e-ff249e911a3c_Press_release_CEOMA_set_2018_1_.pdf
c9197130-997e-2a8f-2f10-7a1080f9930f,Comunicado_CEOMA_agosto_2018.pdf,es,https://www.bcp.gov.py/documents/20117/0/Comunicado_CEOMA_agosto_2018.pdf/c9197130-997e-2a8f-2f10-7a1080f9930f?t=1739906172011,ok,20260506035232,raw/archivo/cpm/c9197130-997e-2a8f-2f10-7a1080f9930f_Comunicado_CEOMA_agosto_2018.pdf
5b2becd4-c212-bc94-30b1-3a915e91e0a8,Press_release_CEOMA_aug_2018_.pdf,en,https://www.bcp.gov.py/documents/20117/0/Press_release_CEOMA_aug_2018_.pdf/5b2becd4-c212-bc94-30b1-3a915e91e0a8?t=1739906187869,ok,20260506053730,raw/archivo/cpm/5b2becd4-c212-bc94-30b1-3a915e91e0a8_Press_release_CEOMA_aug_2018_.pdf
c6dae767-c099-feeb-2d67-72386a3835a3,CEOMA_24_julio_2018.pdf,es,https://www.bcp.gov.py/documents/20117/0/CEOMA_24_julio_2018.pdf/c6dae767-c099-feeb-2d67-72386a3835a3?t=1739906111005,ok,20260506034004,raw/archivo/cpm/c6dae767-c099-feeb-2d67-72386a3835a3_CEOMA_24_julio_2018.pdf
81055b36-cf65-225e-108d-10ae3b3e8124,Press_release_CEOMA_july_2018(2).pdf,en,https://www.bcp.gov.py/documents/20117/0/Press_release_CEOMA_july_2018%282%29.pdf/81055b36-cf65-225e-108d-10ae3b3e8124?t=1739906121739,ok,20260506024815,raw/archivo/cpm/81055b36-cf65-225e-108d-10ae3b3e8124_Press_release_CEOMA_july_2018_2_.pdf
d35eff1a-bbaf-d863-852d-2ad385d10e50,CEOMA_21_junio_2018.pdf,es,https://www.bcp.gov.py/documents/20117/0/CEOMA_21_junio_2018.pdf/d35eff1a-bbaf-d863-852d-2ad385d10e50?t=1739906057636,ok,20260506051409,raw/archivo/cpm/d35eff1a-bbaf-d863-852d-2ad385d10e50_CEOMA_21_junio_2018.pdf
28064fa8-7ded-4466-dc28-c0b8901825f9,Press_release_CEOMA_jun_2018.pdf,en,https://www.bcp.gov.py/documents/20117/0/Press_release_CEOMA_jun_2018.pdf/28064fa8-7ded-4466-dc28-c0b8901825f9?t=1739906070236,ok,20260506023326,raw/archivo/cpm/28064fa8-7ded-4466-dc28-c0b8901825f9_Press_release_CEOMA_jun_2018.pdf
d45070c5-5f12-8e98-0f48-558e33a0fe7a,CEOMA_22_Mayo_2018(2).pdf,es,https://www.bcp.gov.py/documents/20117/0/CEOMA_22_Mayo_2018%282%29.pdf/d45070c5-5f12-8e98-0f48-558e33a0fe7a?t=1739905991872,ok,20260506023530,raw/archivo/cpm/d45070c5-5f12-8e98-0f48-558e33a0fe7a_CEOMA_22_Mayo_2018_2_.pdf
338fda35-103e-34f4-645a-0541b4d092a2,Press_release_CEOMA_may_2018(1).pdf,en,https://www.bcp.gov.py/documents/20117/0/Press_release_CEOMA_may_2018%281%29.pdf/338fda35-103e-34f4-645a-0541b4d092a2?t=1739906001720,ok,20260506032316,raw/archivo/cpm/338fda35-103e-34f4-645a-0541b4d092a2_Press_release_CEOMA_may_2018_1_.pdf
c9b64d97-8588-febe-a397-a702114c423d,Ceoma_24_Abril_2018.pdf,es,https://www.bcp.gov.py/documents/20117/0/Ceoma_24_Abril_2018.pdf/c9b64d97-8588-febe-a397-a702114c423d?t=1739905930874,ok,20260506024401,raw/archivo/cpm/c9b64d97-8588-febe-a397-a702114c423d_Ceoma_24_Abril_2018.pdf
185f191b-986d-9fb1-1cf7-480f480f8d28,Press_release_CEOMA_apr_2018.pdf,en,https://www.bcp.gov.py/documents/20117/0/Press_release_CEOMA_apr_2018.pdf/185f191b-986d-9fb1-1cf7-480f480f8d28?t=1739905942143,ok,20260506031802,raw/archivo/cpm/185f191b-986d-9fb1-1cf7-480f480f8d28_Press_release_CEOMA_apr_2018.pdf
b3bdc254-f421-bb47-c0f2-acc9caebb6c8,Ceoma_21_Marzo_2018(2).pdf,es,https://www.bcp.gov.py/documents/20117/0/Ceoma_21_Marzo_2018%282%29.pdf/b3bdc254-f421-bb47-c0f2-acc9caebb6c8?t=1739905013180,ok,20260506022317,raw/archivo/cpm/b3bdc254-f421-bb47-c0f2-acc9caebb6c8_Ceoma_21_Marzo_2018_2_.pdf
df0e7c71-c4bf-4686-171f-d6a67d4c8deb,Press_release_CEOMA_mar_2018.pdf,en,https://www.bcp.gov.py/documents/20117/0/Press_release_CEOMA_mar_2018.pdf/df0e7c71-c4bf-4686-171f-d6a67d4c8deb?t=1739905023451,ok,20260506032705,raw/archivo/cpm/df0e7c71-c4bf-4686-171f-d6a67d4c8deb_Press_release_CEOMA_mar_2018.pdf
5c67671e-5871-7f0c-e40d-73a3f837c2d0,Ceoma_21_Febrero_2018.pdf,es,https://www.bcp.gov.py/documents/20117/0/Ceoma_21_Febrero_2018.pdf/5c67671e-5871-7f0c-e40d-73a3f837c2d0?t=1739904945382,ok,20260506024558,raw/archivo/cpm/5c67671e-5871-7f0c-e40d-73a3f837c2d0_Ceoma_21_Febrero_2018.pdf
6649321d-fb52-7870-0d23-1ef16ea9ffbe,Press_release_CEOMA_feb_2018.pdf,en,https://www.bcp.gov.py/documents/20117/0/Press_release_CEOMA_feb_2018.pdf/6649321d-fb52-7870-0d23-1ef16ea9ffbe?t=1739904957419,ok,20260506022546,raw/archivo/cpm/6649321d-fb52-7870-0d23-1ef16ea9ffbe_Press_release_CEOMA_feb_2018.pdf
b39c143a-7184-fca6-182a-5bfa829f980d,Comunicado_CEOMA_Enero_2018(1).pdf,es,https://www.bcp.gov.py/documents/20117/0/Comunicado_CEOMA_Enero_2018%281%29.pdf/b39c143a-7184-fca6-182a-5bfa829f980d?t=1739904793806,ok,20260506023004,raw/archivo/cpm/b39c143a-7184-fca6-182a-5bfa829f980d_Comunicado_CEOMA_Enero_2018_1_.pdf
98ee4a27-0579-8e58-67f5-58df908285ae,CEOMA_press_January_2018(1).pdf,en,https://www.bcp.gov.py/documents/20117/0/CEOMA_press_January_2018%281%29.pdf/98ee4a27-0579-8e58-67f5-58df908285ae?t=1739904802403,ok,20260506022952,raw/archivo/cpm/98ee4a27-0579-8e58-67f5-58df908285ae_CEOMA_press_January_2018_1_.pdf
036586a2-fabd-8691-05de-7a66544d7fdf,Ceoma_21_Diciembre_2017.pdf,es,https://www.bcp.gov.py/documents/20117/0/Ceoma_21_Diciembre_2017.pdf/036586a2-fabd-8691-05de-7a66544d7fdf?t=1739904600595,ok,20260506031321,raw/archivo/cpm/036586a2-fabd-8691-05de-7a66544d7fdf_Ceoma_21_Diciembre_2017.pdf
bca53fc6-05e2-c610-2756-312026fc1d42,Press_release_CEOMA_dic_17.pdf,en,https://www.bcp.gov.py/documents/20117/0/Press_release_CEOMA_dic_17.pdf/bca53fc6-05e2-c610-2756-312026fc1d42?t=1739904610104,ok,20260506030634,raw/archivo/cpm/bca53fc6-05e2-c610-2756-312026fc1d42_Press_release_CEOMA_dic_17.pdf
7d498772-cc9e-cd06-8827-c5d025e6c542,Ceoma_22_Noviembre_2017(1).pdf,es,https://www.bcp.gov.py/documents/20117/0/Ceoma_22_Noviembre_2017%281%29.pdf/7d498772-cc9e-cd06-8827-c5d025e6c542?t=1739904539344,ok,20260506032703,raw/archivo/cpm/7d498772-cc9e-cd06-8827-c5d025e6c542_Ceoma_22_Noviembre_2017_1_.pdf
14afd9ee-d6e7-3be8-48b4-23becfbbfb95,Press_release_CEOMA_nov_17.pdf,en,https://www.bcp.gov.py/documents/20117/0/Press_release_CEOMA_nov_17.pdf/14afd9ee-d6e7-3be8-48b4-23becfbbfb95?t=1739904550756,ok,20260506023443,raw/archivo/cpm/14afd9ee-d6e7-3be8-48b4-23becfbbfb95_Press_release_CEOMA_nov_17.pdf
4b87e1ea-e10e-b8de-72f1-d1da4ae049af,Ceoma_24_Octubre_2017(1).pdf,es,https://www.bcp.gov.py/documents/20117/0/Ceoma_24_Octubre_2017%281%29.pdf/4b87e1ea-e10e-b8de-72f1-d1da4ae049af?t=1739904478488,ok,20260506023829,raw/archivo/cpm/4b87e1ea-e10e-b8de-72f1-d1da4ae049af_Ceoma_24_Octubre_2017_1_.pdf
fc641b65-8f48-7044-c5d5-c11f92c9ab91,Press_release_CEOMA_oct_17.pdf,en,https://www.bcp.gov.py/documents/20117/0/Press_release_CEOMA_oct_17.pdf/fc641b65-8f48-7044-c5d5-c11f92c9ab91?t=1739904486989,ok,20260506034953,raw/archivo/cpm/fc641b65-8f48-7044-c5d5-c11f92c9ab91_Press_release_CEOMA_oct_17.pdf
13e62e9c-f69e-f22b-e42e-d9e8f7d221ea,Ceoma_21_Setiembre_2017.pdf,es,https://www.bcp.gov.py/documents/20117/0/Ceoma_21_Setiembre_2017.pdf/13e62e9c-f69e-f22b-e42e-d9e8f7d221ea?t=1739904426291,ok,20260506023150,raw/archivo/cpm/13e62e9c-f69e-f22b-e42e-d9e8f7d221ea_Ceoma_21_Setiembre_2017.pdf
7b0edbc8-1e9e-eea8-715a-33859c19e79c,Press_release_CEOMA_sep_17(1).pdf,en,https://www.bcp.gov.py/documents/20117/0/Press_release_CEOMA_sep_17%281%29.pdf/7b0edbc8-1e9e-eea8-715a-33859c19e79c?t=1739904434799,ok,20260506040746,raw/archivo/cpm/7b0edbc8-1e9e-eea8-715a-33859c19e79c_Press_release_CEOMA_sep_17_1_.pdf
3a558949-4de7-ec27-01e8-685a6de8acd2,CEOMA_23_agosto_2017(3)(1).pdf,es,https://www.bcp.gov.py/documents/20117/0/CEOMA_23_agosto_2017%283%29%281%29.pdf/3a558949-4de7-ec27-01e8-685a6de8acd2?t=1739904341016,ok,20260506024233,raw/archivo/cpm/3a558949-4de7-ec27-01e8-685a6de8acd2_CEOMA_23_agosto_2017_3_1_.pdf
9d9fbd30-64d5-38f3-98d4-36ba310ff506,Press_release_CEOMA_aug_17.pdf,en,https://www.bcp.gov.py/documents/20117/0/Press_release_CEOMA_aug_17.pdf/9d9fbd30-64d5-38f3-98d4-36ba310ff506?t=1739904349189,ok,20260506024012,raw/archivo/cpm/9d9fbd30-64d5-38f3-98d4-36ba310ff506_Press_release_CEOMA_aug_17.pdf
7837dc32-c60f-c30e-7026-425d4a864d02,Ceoma_21_Julio_17(1).pdf,es,https://www.bcp.gov.py/documents/20117/0/Ceoma_21_Julio_17%281%29.pdf/7837dc32-c60f-c30e-7026-425d4a864d02?t=1739904270950,ok,20260506033811,raw/archivo/cpm/7837dc32-c60f-c30e-7026-425d4a864d02_Ceoma_21_Julio_17_1_.pdf
14e5a937-2a3d-f499-6d7b-50bdfff07cff,Press_release_CEOMA_july_17.pdf,en,https://www.bcp.gov.py/documents/20117/0/Press_release_CEOMA_july_17.pdf/14e5a937-2a3d-f499-6d7b-50bdfff07cff?t=1739904280968,ok,20260506030813,raw/archivo/cpm/14e5a937-2a3d-f499-6d7b-50bdfff07cff_Press_release_CEOMA_july_17.pdf
acc78f92-4e9d-5027-ac2b-5b3413b42b71,Ceoma_21_Junio_17(4).pdf,es,https://www.bcp.gov.py/documents/20117/0/Ceoma_21_Junio_17%284%29.pdf/acc78f92-4e9d-5027-ac2b-5b3413b42b71?t=1739904105585,ok,20260506035633,raw/archivo/cpm/acc78f92-4e9d-5027-ac2b-5b3413b42b71_Ceoma_21_Junio_17_4_.pdf
25d06499-b1bd-cef5-2a44-6a3e47322380,Press_release_CEOMA_june_17(1).pdf,en,https://www.bcp.gov.py/documents/20117/0/Press_release_CEOMA_june_17%281%29.pdf/25d06499-b1bd-cef5-2a44-6a3e47322380?t=1739904118525,ok,20260506023245,raw/archivo/cpm/25d06499-b1bd-cef5-2a44-6a3e47322380_Press_release_CEOMA_june_17_1_.pdf
e9276e46-98f9-aefc-6ce6-537bc8ec4845,CEOMA_mayo_2017_24_05.pdf,es,https://www.bcp.gov.py/documents/20117/0/CEOMA_mayo_2017_24_05.pdf/e9276e46-98f9-aefc-6ce6-537bc8ec4845?t=1739904052224,ok,20260506031912,raw/archivo/cpm/e9276e46-98f9-aefc-6ce6-537bc8ec4845_CEOMA_mayo_2017_24_05.pdf
fc1f83c5-80c0-87ea-5412-88de58e45f53,Press_release_CEOMA_may_17.pdf,en,https://www.bcp.gov.py/documents/20117/0/Press_release_CEOMA_may_17.pdf/fc1f83c5-80c0-87ea-5412-88de58e45f53?t=1739904062600,ok,20260506022321,raw/archivo/cpm/fc1f83c5-80c0-87ea-5412-88de58e45f53_Press_release_CEOMA_may_17.pdf
525284c1-1aef-be70-04d7-f8c2aa88e47f,Ceoma_25_Abril_17.pdf,es,https://www.bcp.gov.py/documents/20117/0/Ceoma_25_Abril_17.pdf/525284c1-1aef-be70-04d7-f8c2aa88e47f?t=1739903951192,ok,20260506025603,raw/archivo/cpm/525284c1-1aef-be70-04d7-f8c2aa88e47f_Ceoma_25_Abril_17.pdf
d154d7ba-b985-526c-cfe2-0911d226494b,Press_release_CEOMA_apr_17.pdf,en,https://www.bcp.gov.py/documents/20117/0/Press_release_CEOMA_apr_17.pdf/d154d7ba-b985-526c-cfe2-0911d226494b?t=1739903982872,ok,20260506033336,raw/archivo/cpm/d154d7ba-b985-526c-cfe2-0911d226494b_Press_release_CEOMA_apr_17.pdf
1f61e628-cbd6-539e-30ba-cbcd154ca336,Ceoma_22_Marzo_17.pdf,es,https://www.bcp.gov.py/documents/20117/0/Ceoma_22_Marzo_17.pdf/1f61e628-cbd6-539e-30ba-cbcd154ca336?t=1739903736406,ok,20260506025250,raw/archivo/cpm/1f61e628-cbd6-539e-30ba-cbcd154ca336_Ceoma_22_Marzo_17.pdf
1d5b2ddb-02c9-1060-6262-6489c327789a,Press_release_CEOMA_mar_17(2).pdf,en,https://www.bcp.gov.py/documents/20117/0/Press_release_CEOMA_mar_17%282%29.pdf/1d5b2ddb-02c9-1060-6262-6489c327789a?t=1739903746659,ok,20260506033128,raw/archivo/cpm/1d5b2ddb-02c9-1060-6262-6489c327789a_Press_release_CEOMA_mar_17_2_.pdf
1d5a73de-1b7d-e988-5d8d-98303d77be3c,Ceoma_22-febrero_17(1).pdf,es,https://www.bcp.gov.py/documents/20117/0/Ceoma_22-febrero_17%281%29.pdf/1d5a73de-1b7d-e988-5d8d-98303d77be3c?t=1739903666380,ok,20260506030927,raw/archivo/cpm/1d5a73de-1b7d-e988-5d8d-98303d77be3c_Ceoma_22-febrero_17_1_.pdf
ef5d7bb9-c3bd-51b4-cc0e-2231b1fc53c9,Press_release_CEOMA_feb_17(1).pdf,en,https://www.bcp.gov.py/documents/20117/0/Press_release_CEOMA_feb_17%281%29.pdf/ef5d7bb9-c3bd-51b4-cc0e-2231b1fc53c9?t=1739903682870,ok,20260506024851,raw/archivo/cpm/ef5d7bb9-c3bd-51b4-cc0e-2231b1fc53c9_Press_release_CEOMA_feb_17_1_.pdf
b50bdaaf-195b-45ae-7306-37c3018f3d60,CEOMA_enero_2017(1) (1).pdf,es,https://www.bcp.gov.py/documents/20117/0/CEOMA_enero_2017%281%29+%281%29.pdf/b50bdaaf-195b-45ae-7306-37c3018f3d60?t=1739903600017,ok,20260506031540,raw/archivo/cpm/b50bdaaf-195b-45ae-7306-37c3018f3d60_CEOMA_enero_2017_1_1_.pdf
e6116265-7596-a930-d645-568401229539,Press_release_CEOMA_jan_17 (1).pdf,en,https://www.bcp.gov.py/documents/20117/0/Press_release_CEOMA_jan_17+%281%29.pdf/e6116265-7596-a930-d645-568401229539?t=1739903609949,ok,20260506024658,raw/archivo/cpm/e6116265-7596-a930-d645-568401229539_Press_release_CEOMA_jan_17_1_.pdf
1eb1d4de-3a8a-97d5-9560-939c13536a19,Ceoma_20_diciembre_16(3).pdf,es,https://www.bcp.gov.py/documents/20117/0/Ceoma_20_diciembre_16%283%29.pdf/1eb1d4de-3a8a-97d5-9560-939c13536a19?t=1739900957974,ok,20260506043528,raw/archivo/cpm/1eb1d4de-3a8a-97d5-9560-939c13536a19_Ceoma_20_diciembre_16_3_.pdf
18340354-de04-5336-f617-da14f67330d0,Press_Realease_CEOMA_december_2016_21_12_16(1).pdf,en,https://www.bcp.gov.py/documents/20117/0/Press_Realease_CEOMA_december_2016_21_12_16%281%29.pdf/18340354-de04-5336-f617-da14f67330d0?t=1739900966164,ok,20260506023858,raw/archivo/cpm/18340354-de04-5336-f617-da14f67330d0_Press_Realease_CEOMA_december_2016_21_12_16_1_.pdf
c2a01a99-c0ca-f17e-119d-2638deb4bd1d,Comunicado_CEOMA_noviembre_2016_23_11_2016(1).pdf,es,https://www.bcp.gov.py/documents/20117/0/Comunicado_CEOMA_noviembre_2016_23_11_2016%281%29.pdf/c2a01a99-c0ca-f17e-119d-2638deb4bd1d?t=1739900899710,ok,20260506034255,raw/archivo/cpm/c2a01a99-c0ca-f17e-119d-2638deb4bd1d_Comunicado_CEOMA_noviembre_2016_23_11_2016_1_.pdf
cabca785-efc4-490a-1f99-66e93acdd235,Press_Realease_CEOMA_november_2016(4).pdf,en,https://www.bcp.gov.py/documents/20117/0/Press_Realease_CEOMA_november_2016%284%29.pdf/cabca785-efc4-490a-1f99-66e93acdd235?t=1739900909133,ok,20260506022730,raw/archivo/cpm/cabca785-efc4-490a-1f99-66e93acdd235_Press_Realease_CEOMA_november_2016_4_.pdf
a3f9926a-8eed-ad43-5a02-028ede7a0e65,Ceoma_21_octubre_16(1).pdf,es,https://www.bcp.gov.py/documents/20117/0/Ceoma_21_octubre_16%281%29.pdf/a3f9926a-8eed-ad43-5a02-028ede7a0e65?t=1739900842571,ok,20260506022543,raw/archivo/cpm/a3f9926a-8eed-ad43-5a02-028ede7a0e65_Ceoma_21_octubre_16_1_.pdf
ada903ee-9919-efe5-c43f-187c40c2396c,Press_Realease_CEOMA_october_2016_21_10_16(1).pdf,en,https://www.bcp.gov.py/documents/20117/0/Press_Realease_CEOMA_october_2016_21_10_16%281%29.pdf/ada903ee-9919-efe5-c43f-187c40c2396c?t=1739900853630,ok,20260506024215,raw/archivo/cpm/ada903ee-9919-efe5-c43f-187c40c2396c_Press_Realease_CEOMA_october_2016_21_10_16_1_.pdf
20f48ae5-d284-ed14-1bde-b5b1052ca0b2,Ceoma_21_Agosto_16(2).pdf,es,https://www.bcp.gov.py/documents/20117/0/Ceoma_21_Agosto_16%282%29.pdf/20f48ae5-d284-ed14-1bde-b5b1052ca0b2?t=1739900778539,ok,20260506023811,raw/archivo/cpm/20f48ae5-d284-ed14-1bde-b5b1052ca0b2_Ceoma_21_Agosto_16_2_.pdf
2cbc0224-da1a-da19-8a38-64500eb5ef65,Press_release_CEOMA_sept_16(1).pdf,en,https://www.bcp.gov.py/documents/20117/0/Press_release_CEOMA_sept_16%281%29.pdf/2cbc0224-da1a-da19-8a38-64500eb5ef65?t=1739900789841,ok,20260506023200,raw/archivo/cpm/2cbc0224-da1a-da19-8a38-64500eb5ef65_Press_release_CEOMA_sept_16_1_.pdf
197b954b-116e-b607-a360-4ae58df88f83,Ceoma_20_Agosto_16.pdf,es,https://www.bcp.gov.py/documents/20117/0/Ceoma_20_Agosto_16.pdf/197b954b-116e-b607-a360-4ae58df88f83?t=1739900689682,ok,20260506022749,raw/archivo/cpm/197b954b-116e-b607-a360-4ae58df88f83_Ceoma_20_Agosto_16.pdf
b30bf321-3270-351a-81cb-863810415df3,Press_release_CEOMA_august_16_26_08_16(1).pdf,en,https://www.bcp.gov.py/documents/20117/0/Press_release_CEOMA_august_16_26_08_16%281%29.pdf/b30bf321-3270-351a-81cb-863810415df3?t=1739900700429,ok,20260506030403,raw/archivo/cpm/b30bf321-3270-351a-81cb-863810415df3_Press_release_CEOMA_august_16_26_08_16_1_.pdf
402236b0-bcd3-6e3c-f9e4-b313cab9561f,Ceoma_20_Julio_16.pdf,es,https://www.bcp.gov.py/documents/20117/0/Ceoma_20_Julio_16.pdf/402236b0-bcd3-6e3c-f9e4-b313cab9561f?t=1739900631241,ok,20260506032511,raw/archivo/cpm/402236b0-bcd3-6e3c-f9e4-b313cab9561f_Ceoma_20_Julio_16.pdf
07e47b78-1167-8e4d-8e95-979c9e1e8477,Press_release_CEOMA_july_16.pdf,en,https://www.bcp.gov.py/documents/20117/0/Press_release_CEOMA_july_16.pdf/07e47b78-1167-8e4d-8e95-979c9e1e8477?t=1739900640436,ok,20260506024457,raw/archivo/cpm/07e47b78-1167-8e4d-8e95-979c9e1e8477_Press_release_CEOMA_july_16.pdf
91cdee92-2f69-832b-18ff-b9be6871e6bc,Ceoma_22_Junio_16.pdf,es,https://www.bcp.gov.py/documents/20117/0/Ceoma_22_Junio_16.pdf/91cdee92-2f69-832b-18ff-b9be6871e6bc?t=1739900570089,ok,20260506040239,raw/archivo/cpm/91cdee92-2f69-832b-18ff-b9be6871e6bc_Ceoma_22_Junio_16.pdf
93fcff87-b199-41f5-0746-771bd7b9fc9a,Press_release_CEOMA_june_16_23_06_16.pdf,en,https://www.bcp.gov.py/documents/20117/0/Press_release_CEOMA_june_16_23_06_16.pdf/93fcff87-b199-41f5-0746-771bd7b9fc9a?t=1739900578893,ok,20260506022722,raw/archivo/cpm/93fcff87-b199-41f5-0746-771bd7b9fc9a_Press_release_CEOMA_june_16_23_06_16.pdf
c5b5b0ef-f9d8-c35a-76d0-b006c0f21728,Ceoma_24_Mayo_16.pdf,es,https://www.bcp.gov.py/documents/20117/0/Ceoma_24_Mayo_16.pdf/c5b5b0ef-f9d8-c35a-76d0-b006c0f21728?t=1739900508852,ok,20260506032804,raw/archivo/cpm/c5b5b0ef-f9d8-c35a-76d0-b006c0f21728_Ceoma_24_Mayo_16.pdf
d39cee5e-7960-d7a4-edfb-b364c5887e50,Press_release_CEOMA_may_16_01_06.pdf,en,https://www.bcp.gov.py/documents/20117/0/Press_release_CEOMA_may_16_01_06.pdf/d39cee5e-7960-d7a4-edfb-b364c5887e50?t=1739900519826,ok,20260506022754,raw/archivo/cpm/d39cee5e-7960-d7a4-edfb-b364c5887e50_Press_release_CEOMA_may_16_01_06.pdf
7c572014-a31b-9fe3-e015-fea15d997c09,Ceoma_20_Abril_16(1).pdf,es,https://www.bcp.gov.py/documents/20117/0/Ceoma_20_Abril_16%281%29.pdf/7c572014-a31b-9fe3-e015-fea15d997c09?t=1739900449037,ok,20260506051100,raw/archivo/cpm/7c572014-a31b-9fe3-e015-fea15d997c09_Ceoma_20_Abril_16_1_.pdf
b2ad232b-ec51-2828-40f6-c983f3845411,Press_release_CEOMA_apr_16_21(1).pdf,en,https://www.bcp.gov.py/documents/20117/0/Press_release_CEOMA_apr_16_21%281%29.pdf/b2ad232b-ec51-2828-40f6-c983f3845411?t=1739900457847,ok,20260506035111,raw/archivo/cpm/b2ad232b-ec51-2828-40f6-c983f3845411_Press_release_CEOMA_apr_16_21_1_.pdf
45788253-bcc4-b3ab-d8ef-08ba8d80a793,Comunicado_CEOMA_marzo_2016_22_03_2016(1).pdf,es,https://www.bcp.gov.py/documents/20117/0/Comunicado_CEOMA_marzo_2016_22_03_2016%281%29.pdf/45788253-bcc4-b3ab-d8ef-08ba8d80a793?t=1739900375624,ok,20260506031009,raw/archivo/cpm/45788253-bcc4-b3ab-d8ef-08ba8d80a793_Comunicado_CEOMA_marzo_2016_22_03_2016_1_.pdf
daed68ce-d8e3-02b5-c9ff-48b19ef9f0b9,Press_release_CEOMA_mar_16_22_03_2016(1).pdf,en,https://www.bcp.gov.py/documents/20117/0/Press_release_CEOMA_mar_16_22_03_2016%281%29.pdf/daed68ce-d8e3-02b5-c9ff-48b19ef9f0b9?t=1739900386066,ok,20260506024020,raw/archivo/cpm/daed68ce-d8e3-02b5-c9ff-48b19ef9f0b9_Press_release_CEOMA_mar_16_22_03_2016_1_.pdf
4e283876-4b6c-755c-cc45-59769deeb0b3,CEOMA_FEBRERO_2016(3).pdf,es,https://www.bcp.gov.py/documents/20117/0/CEOMA_FEBRERO_2016%283%29.pdf/4e283876-4b6c-755c-cc45-59769deeb0b3?t=1739900309061,ok,20260506023528,raw/archivo/cpm/4e283876-4b6c-755c-cc45-59769deeb0b3_CEOMA_FEBRERO_2016_3_.pdf
66bec245-5619-cdf6-c5f9-2f4eda39eddf,Press_release_CEOMA_feb_16.pdf,en,https://www.bcp.gov.py/documents/20117/0/Press_release_CEOMA_feb_16.pdf/66bec245-5619-cdf6-c5f9-2f4eda39eddf?t=1739900323248,ok,20260506032610,raw/archivo/cpm/66bec245-5619-cdf6-c5f9-2f4eda39eddf_Press_release_CEOMA_feb_16.pdf
27ed7909-555d-365a-1770-c3731bef72e4,Ceoma_20_Enero_16.pdf,es,https://www.bcp.gov.py/documents/20117/0/Ceoma_20_Enero_16.pdf/27ed7909-555d-365a-1770-c3731bef72e4?t=1739900036991,ok,20260506070038,raw/archivo/cpm/27ed7909-555d-365a-1770-c3731bef72e4_Ceoma_20_Enero_16.pdf
8da790e8-165b-7772-8695-10ccc4b69f0c,Press_release_CEOMA_ene_16.pdf,en,https://www.bcp.gov.py/documents/20117/0/Press_release_CEOMA_ene_16.pdf/8da790e8-165b-7772-8695-10ccc4b69f0c?t=1739900049586,ok,20260506042529,raw/archivo/cpm/8da790e8-165b-7772-8695-10ccc4b69f0c_Press_release_CEOMA_ene_16.pdf
576b4cd4-8812-fb42-fe62-6fb46a442aaa,Ceoma_17_Diciembre_15(2).pdf,es,https://www.bcp.gov.py/documents/20117/0/Ceoma_17_Diciembre_15%282%29.pdf/576b4cd4-8812-fb42-fe62-6fb46a442aaa?t=1739899780882,ok,20260506032927,raw/archivo/cpm/576b4cd4-8812-fb42-fe62-6fb46a442aaa_Ceoma_17_Diciembre_15_2_.pdf
4ea54ea5-83ab-8a56-d25e-7e9fdbf9b735,Press_release_CEOMA_dic_15.pdf,en,https://www.bcp.gov.py/documents/20117/0/Press_release_CEOMA_dic_15.pdf/4ea54ea5-83ab-8a56-d25e-7e9fdbf9b735?t=1739899789380,ok,20260506034753,raw/archivo/cpm/4ea54ea5-83ab-8a56-d25e-7e9fdbf9b735_Press_release_CEOMA_dic_15.pdf
a63b174b-caa2-8f2d-f816-f5fd73fccaf0,Ceoma_19_Noviembre_15.pdf,es,https://www.bcp.gov.py/documents/20117/0/Ceoma_19_Noviembre_15.pdf/a63b174b-caa2-8f2d-f816-f5fd73fccaf0?t=1739899718733,ok,20260506025935,raw/archivo/cpm/a63b174b-caa2-8f2d-f816-f5fd73fccaf0_Ceoma_19_Noviembre_15.pdf
17058917-8029-7376-3bb1-f25cfbef1a9e,Press_release_CEOMA_nov_15.pdf,en,https://www.bcp.gov.py/documents/20117/0/Press_release_CEOMA_nov_15.pdf/17058917-8029-7376-3bb1-f25cfbef1a9e?t=1739899728001,ok,20260506032850,raw/archivo/cpm/17058917-8029-7376-3bb1-f25cfbef1a9e_Press_release_CEOMA_nov_15.pdf
bdc0aadc-b230-c436-05e8-c704c6a23551,Ceoma_20_Octubre_15.pdf,es,https://www.bcp.gov.py/documents/20117/0/Ceoma_20_Octubre_15.pdf/bdc0aadc-b230-c436-05e8-c704c6a23551?t=1739899653365,ok,20260506033022,raw/archivo/cpm/bdc0aadc-b230-c436-05e8-c704c6a23551_Ceoma_20_Octubre_15.pdf
19714cb7-2648-ba56-b233-1d0e4179528f,CEOMA_Ingles_oct_15.pdf,es,https://www.bcp.gov.py/documents/20117/0/CEOMA_Ingles_oct_15.pdf/19714cb7-2648-ba56-b233-1d0e4179528f?t=1739899662308,ok,20260506023011,raw/archivo/cpm/19714cb7-2648-ba56-b233-1d0e4179528f_CEOMA_Ingles_oct_15.pdf
651b7a11-a8d3-abd8-33ba-e2417b95a863,Ceoma_17_Setiembre_15(3).pdf,es,https://www.bcp.gov.py/documents/20117/0/Ceoma_17_Setiembre_15%283%29.pdf/651b7a11-a8d3-abd8-33ba-e2417b95a863?t=1739899541574,ok,20260506024832,raw/archivo/cpm/651b7a11-a8d3-abd8-33ba-e2417b95a863_Ceoma_17_Setiembre_15_3_.pdf
f8ba2469-7fdb-99d5-306e-dc672250581f,Press_release_CEOMA_Sept15.pdf,en,https://www.bcp.gov.py/documents/20117/0/Press_release_CEOMA_Sept15.pdf/f8ba2469-7fdb-99d5-306e-dc672250581f?t=1739899550995,ok,20260506041732,raw/archivo/cpm/f8ba2469-7fdb-99d5-306e-dc672250581f_Press_release_CEOMA_Sept15.pdf
9f3c112d-2df3-3b72-9a17-498456767575,Ceoma_20_Agosto_15(4).pdf,es,https://www.bcp.gov.py/documents/20117/0/Ceoma_20_Agosto_15%284%29.pdf/9f3c112d-2df3-3b72-9a17-498456767575?t=1739899472869,ok,20260506031208,raw/archivo/cpm/9f3c112d-2df3-3b72-9a17-498456767575_Ceoma_20_Agosto_15_4_.pdf
a8289b19-5a2b-0f90-16b8-a3b2add54416,Press_realease_CEOMA_August_2015.pdf,en,https://www.bcp.gov.py/documents/20117/0/Press_realease_CEOMA_August_2015.pdf/a8289b19-5a2b-0f90-16b8-a3b2add54416?t=1739899486685,ok,20260506025031,raw/archivo/cpm/a8289b19-5a2b-0f90-16b8-a3b2add54416_Press_realease_CEOMA_August_2015.pdf
fedb93c7-a149-c56c-abe3-2647852ab556,Ceoma_21_Julio_15(1).pdf,es,https://www.bcp.gov.py/documents/20117/0/Ceoma_21_Julio_15%281%29.pdf/fedb93c7-a149-c56c-abe3-2647852ab556?t=1739899406833,ok,20260506032319,raw/archivo/cpm/fedb93c7-a149-c56c-abe3-2647852ab556_Ceoma_21_Julio_15_1_.pdf
ffb5e2b7-ab36-3c88-7929-659a40b4ff35,CEOMA_Press_Release_JULY_2015_(2).pdf,en,https://www.bcp.gov.py/documents/20117/0/CEOMA_Press_Release_JULY_2015_%282%29.pdf/ffb5e2b7-ab36-3c88-7929-659a40b4ff35?t=1739899420736,ok,20260506035010,raw/archivo/cpm/ffb5e2b7-ab36-3c88-7929-659a40b4ff35_CEOMA_Press_Release_JULY_2015__2_.pdf
d5a5baa1-acca-5bb4-3ade-07c453d55d61,CEOMA_JUNIO_2015(1)(1).pdf,es,https://www.bcp.gov.py/documents/20117/0/CEOMA_JUNIO_2015%281%29%281%29.pdf/d5a5baa1-acca-5bb4-3ade-07c453d55d61?t=1739899330320,ok,20260506023344,raw/archivo/cpm/d5a5baa1-acca-5bb4-3ade-07c453d55d61_CEOMA_JUNIO_2015_1_1_.pdf
bdc367a6-8eee-321f-1dbd-22f7a0ba69bb,Ceoma_June_2015_Ingles(2).pdf,es,https://www.bcp.gov.py/documents/20117/0/Ceoma_June_2015_Ingles%282%29.pdf/bdc367a6-8eee-321f-1dbd-22f7a0ba69bb?t=1739899340839,ok,20260506024923,raw/archivo/cpm/bdc367a6-8eee-321f-1dbd-22f7a0ba69bb_Ceoma_June_2015_Ingles_2_.pdf
b2f84a5e-86b1-dee4-19d8-2e622dc650c5,CEOMA_MAYO_2015.pdf,es,https://www.bcp.gov.py/documents/20117/0/CEOMA_MAYO_2015.pdf/b2f84a5e-86b1-dee4-19d8-2e622dc650c5?t=1739899265717,ok,20260506023827,raw/archivo/cpm/b2f84a5e-86b1-dee4-19d8-2e622dc650c5_CEOMA_MAYO_2015.pdf
95446953-3735-1772-5182-5caab3a042ea,Press_Release_CEOMA_MAY_2015(1).pdf,en,https://www.bcp.gov.py/documents/20117/0/Press_Release_CEOMA_MAY_2015%281%29.pdf/95446953-3735-1772-5182-5caab3a042ea?t=1739899275800,ok,20260506024520,raw/archivo/cpm/95446953-3735-1772-5182-5caab3a042ea_Press_Release_CEOMA_MAY_2015_1_.pdf
8505b1ee-6297-b2b8-0bff-385483b27783,Ceoma_21_Abril_15(2).pdf,es,https://www.bcp.gov.py/documents/20117/0/Ceoma_21_Abril_15%282%29.pdf/8505b1ee-6297-b2b8-0bff-385483b27783?t=1739899200143,ok,20260506033906,raw/archivo/cpm/8505b1ee-6297-b2b8-0bff-385483b27783_Ceoma_21_Abril_15_2_.pdf
37dea374-ac2c-baa2-f946-205925ebf1ce,Press_realease_April 2015.pdf,en,https://www.bcp.gov.py/documents/20117/0/Press_realease_April+2015.pdf/37dea374-ac2c-baa2-f946-205925ebf1ce?t=1739899209899,no_archivado,,
8d23c7b0-7941-62fb-6563-2a886ca29a6f,Ceoma_19_Marzo_15(2).pdf,es,https://www.bcp.gov.py/documents/20117/0/Ceoma_19_Marzo_15%282%29.pdf/8d23c7b0-7941-62fb-6563-2a886ca29a6f?t=1739899143239,ok,20260506030634,raw/archivo/cpm/8d23c7b0-7941-62fb-6563-2a886ca29a6f_Ceoma_19_Marzo_15_2_.pdf
b3bcf308-d333-57e2-d4c8-4f839397794c,Ceoma_March_2015_Ingles(1).pdf,es,https://www.bcp.gov.py/documents/20117/0/Ceoma_March_2015_Ingles%281%29.pdf/b3bcf308-d333-57e2-d4c8-4f839397794c?t=1739899153058,ok,20260506062813,raw/archivo/cpm/b3bcf308-d333-57e2-d4c8-4f839397794c_Ceoma_March_2015_Ingles_1_.pdf
99d833b1-4e11-19ec-714e-31a6ea5b637c,CEOMA_FEBRERO_2015.pdf,es,https://www.bcp.gov.py/documents/20117/0/CEOMA_FEBRERO_2015.pdf/99d833b1-4e11-19ec-714e-31a6ea5b637c?t=1739899069977,ok,20260506040119,raw/archivo/cpm/99d833b1-4e11-19ec-714e-31a6ea5b637c_CEOMA_FEBRERO_2015.pdf
93b68711-a09e-941f-c53f-caa04ad9e7ae,CEOMA_febrero_2015_english(1).pdf,es,https://www.bcp.gov.py/documents/20117/0/CEOMA_febrero_2015_english%281%29.pdf/93b68711-a09e-941f-c53f-caa04ad9e7ae?t=1739899082313,ok,20260506024829,raw/archivo/cpm/93b68711-a09e-941f-c53f-caa04ad9e7ae_CEOMA_febrero_2015_english_1_.pdf
49170c08-1070-8fae-cd14-b1386fb69f47,Ceoma_20_Enero_15.pdf,es,https://www.bcp.gov.py/documents/20117/0/Ceoma_20_Enero_15.pdf/49170c08-1070-8fae-cd14-b1386fb69f47?t=1739899002613,ok,20260506023318,raw/archivo/cpm/49170c08-1070-8fae-cd14-b1386fb69f47_Ceoma_20_Enero_15.pdf
3ae9683a-332f-f2aa-aafa-0cd30ef215de,Ceoma_January_2015_Ingles(1).pdf,es,https://www.bcp.gov.py/documents/20117/0/Ceoma_January_2015_Ingles%281%29.pdf/3ae9683a-332f-f2aa-aafa-0cd30ef215de?t=1739899014022,ok,20260506035556,raw/archivo/cpm/3ae9683a-332f-f2aa-aafa-0cd30ef215de_Ceoma_January_2015_Ingles_1_.pdf
e744a4b0-7d4e-b698-865c-7cc3021fcc24,Ceoma_17_Dic_14(1).pdf,es,https://www.bcp.gov.py/documents/20117/0/Ceoma_17_Dic_14%281%29.pdf/e744a4b0-7d4e-b698-865c-7cc3021fcc24?t=1739892590527,ok,20260506031453,raw/archivo/cpm/e744a4b0-7d4e-b698-865c-7cc3021fcc24_Ceoma_17_Dic_14_1_.pdf
4f060aff-1709-337d-6734-a95b2d38f4f0,Ceoma_December_2014_Ingles.pdf,es,https://www.bcp.gov.py/documents/20117/0/Ceoma_December_2014_Ingles.pdf/4f060aff-1709-337d-6734-a95b2d38f4f0?t=1739892598607,ok,20260506023141,raw/archivo/cpm/4f060aff-1709-337d-6734-a95b2d38f4f0_Ceoma_December_2014_Ingles.pdf
81fd6a18-c4f7-d84e-a079-9a3337f31f49,Ceoma_18_Nov_14(1).pdf,es,https://www.bcp.gov.py/documents/20117/0/Ceoma_18_Nov_14%281%29.pdf/81fd6a18-c4f7-d84e-a079-9a3337f31f49?t=1739892481255,ok,20260506025348,raw/archivo/cpm/81fd6a18-c4f7-d84e-a079-9a3337f31f49_Ceoma_18_Nov_14_1_.pdf
63c02bb2-b465-5021-ad3a-821b0e97a999,Ceoma_October_2014_Ingles(1).pdf,es,https://www.bcp.gov.py/documents/20117/0/Ceoma_October_2014_Ingles%281%29.pdf/63c02bb2-b465-5021-ad3a-821b0e97a999?t=1739892534506,ok,20260506024152,raw/archivo/cpm/63c02bb2-b465-5021-ad3a-821b0e97a999_Ceoma_October_2014_Ingles_1_.pdf
26731627-389e-03e9-731c-49231a3ee47d,Ceoma_16_Oct_14(3).pdf,es,https://www.bcp.gov.py/documents/20117/0/Ceoma_16_Oct_14%283%29.pdf/26731627-389e-03e9-731c-49231a3ee47d?t=1739892417664,ok,20260506030955,raw/archivo/cpm/26731627-389e-03e9-731c-49231a3ee47d_Ceoma_16_Oct_14_3_.pdf
b1d7cde3-22f8-80ad-1ebc-a0106600de3d,Ceoma_Octubre_2014_Ingles.pdf,es,https://www.bcp.gov.py/documents/20117/0/Ceoma_Octubre_2014_Ingles.pdf/b1d7cde3-22f8-80ad-1ebc-a0106600de3d?t=1739892427283,ok,20260506022707,raw/archivo/cpm/b1d7cde3-22f8-80ad-1ebc-a0106600de3d_Ceoma_Octubre_2014_Ingles.pdf
cafe1481-d78d-b2ba-4ca8-74544e50e431,CEOMA_Setiembre_2014(1).pdf,es,https://www.bcp.gov.py/documents/20117/0/CEOMA_Setiembre_2014%281%29.pdf/cafe1481-d78d-b2ba-4ca8-74544e50e431?t=1739892353826,ok,20260506023759,raw/archivo/cpm/cafe1481-d78d-b2ba-4ca8-74544e50e431_CEOMA_Setiembre_2014_1_.pdf
8155e7e5-9c4e-e571-1f3e-5914fdb82b6f,Ceoma_September_2014_Ingles(1).pdf,es,https://www.bcp.gov.py/documents/20117/0/Ceoma_September_2014_Ingles%281%29.pdf/8155e7e5-9c4e-e571-1f3e-5914fdb82b6f?t=1739892363062,ok,20260506043212,raw/archivo/cpm/8155e7e5-9c4e-e571-1f3e-5914fdb82b6f_Ceoma_September_2014_Ingles_1_.pdf
78e28801-216d-85b9-6b98-04addb09adec,Ceoma_Agosto_19_Ago_14.pdf,es,https://www.bcp.gov.py/documents/20117/0/Ceoma_Agosto_19_Ago_14.pdf/78e28801-216d-85b9-6b98-04addb09adec?t=1739892286603,ok,20260506025529,raw/archivo/cpm/78e28801-216d-85b9-6b98-04addb09adec_Ceoma_Agosto_19_Ago_14.pdf
6d005343-2c62-f312-8558-81189a21e2d9,Ceoma_August_2014_Ingles(5).pdf,es,https://www.bcp.gov.py/documents/20117/0/Ceoma_August_2014_Ingles%285%29.pdf/6d005343-2c62-f312-8558-81189a21e2d9?t=1739892297867,ok,20260506031706,raw/archivo/cpm/6d005343-2c62-f312-8558-81189a21e2d9_Ceoma_August_2014_Ingles_5_.pdf
19965eb4-c41e-0bd7-0650-aa3a2ce8522a,CEOMA_Julio_2014 (1).pdf,es,https://www.bcp.gov.py/documents/20117/0/CEOMA_Julio_2014+%281%29.pdf/19965eb4-c41e-0bd7-0650-aa3a2ce8522a?t=1739892170871,ok,20260506031551,raw/archivo/cpm/19965eb4-c41e-0bd7-0650-aa3a2ce8522a_CEOMA_Julio_2014_1_.pdf
268f8611-2d1a-72a8-7239-ac7425e560db,CEOMA_Julio_en_ingles_2014_vf (1).pdf,es,https://www.bcp.gov.py/documents/20117/0/CEOMA_Julio_en_ingles_2014_vf+%281%29.pdf/268f8611-2d1a-72a8-7239-ac7425e560db?t=1739892181223,ok,20260506040249,raw/archivo/cpm/268f8611-2d1a-72a8-7239-ac7425e560db_CEOMA_Julio_en_ingles_2014_vf_1_.pdf
e07932fb-bcce-5fcf-f77f-1b81ab719b2c,CEOMA_JUNIO_170614 (1).pdf,es,https://www.bcp.gov.py/documents/20117/0/CEOMA_JUNIO_170614+%281%29.pdf/e07932fb-bcce-5fcf-f77f-1b81ab719b2c?t=1739892004844,ok,20260506032914,raw/archivo/cpm/e07932fb-bcce-5fcf-f77f-1b81ab719b2c_CEOMA_JUNIO_170614_1_.pdf
3a511684-000d-fdeb-b8e7-a4dc5973653f,Ceoma_Junio_2014_Ingles (1).pdf,es,https://www.bcp.gov.py/documents/20117/0/Ceoma_Junio_2014_Ingles+%281%29.pdf/3a511684-000d-fdeb-b8e7-a4dc5973653f?t=1739892014617,ok,20260506023930,raw/archivo/cpm/3a511684-000d-fdeb-b8e7-a4dc5973653f_Ceoma_Junio_2014_Ingles_1_.pdf
4313e108-1f32-63e1-c130-9f3104c5e27e,Comunicado_CEOMA_MAYO_2014.pdf,es,https://www.bcp.gov.py/documents/20117/0/Comunicado_CEOMA_MAYO_2014.pdf/4313e108-1f32-63e1-c130-9f3104c5e27e?t=1739891279555,ok,20260506033126,raw/archivo/cpm/4313e108-1f32-63e1-c130-9f3104c5e27e_Comunicado_CEOMA_MAYO_2014.pdf
c169cf19-3eab-4ca1-5f40-b010da41b932,Ceoma_Mayo_2014_Ingles.pdf,es,https://www.bcp.gov.py/documents/20117/0/Ceoma_Mayo_2014_Ingles.pdf/c169cf19-3eab-4ca1-5f40-b010da41b932?t=1739891289001,ok,20260506025106,raw/archivo/cpm/c169cf19-3eab-4ca1-5f40-b010da41b932_Ceoma_Mayo_2014_Ingles.pdf
18cf1cff-3767-6713-f97e-b66be3c96f0d,Ceoma_Abril_2014.pdf,es,https://www.bcp.gov.py/documents/20117/0/Ceoma_Abril_2014.pdf/18cf1cff-3767-6713-f97e-b66be3c96f0d?t=1739891211705,ok,20260506025209,raw/archivo/cpm/18cf1cff-3767-6713-f97e-b66be3c96f0d_Ceoma_Abril_2014.pdf
4743f0a9-e52a-3f79-571a-70687dbd3d7f,Ceoma_April_2014_Ingles.pdf,es,https://www.bcp.gov.py/documents/20117/0/Ceoma_April_2014_Ingles.pdf/4743f0a9-e52a-3f79-571a-70687dbd3d7f?t=1739891225356,ok,20260506034914,raw/archivo/cpm/4743f0a9-e52a-3f79-571a-70687dbd3d7f_Ceoma_April_2014_Ingles.pdf
fac6f9e2-3d21-1c98-f01d-2212c0f84b9c,Ceoma_Marzo_18_2014(1) (1).pdf,es,https://www.bcp.gov.py/documents/20117/0/Ceoma_Marzo_18_2014%281%29+%281%29.pdf/fac6f9e2-3d21-1c98-f01d-2212c0f84b9c?t=1739891039148,ok,20260506035413,raw/archivo/cpm/fac6f9e2-3d21-1c98-f01d-2212c0f84b9c_Ceoma_Marzo_18_2014_1_1_.pdf
7068165d-0307-6f10-d363-ede3434c203d,Ceoma_Marzo_2014_Ingles_VF (1).pdf,es,https://www.bcp.gov.py/documents/20117/0/Ceoma_Marzo_2014_Ingles_VF+%281%29.pdf/7068165d-0307-6f10-d363-ede3434c203d?t=1739891049281,ok,20260506023853,raw/archivo/cpm/7068165d-0307-6f10-d363-ede3434c203d_Ceoma_Marzo_2014_Ingles_VF_1_.pdf
2296ac28-7f6c-1cee-af2d-60ea21d5c9df,Comunicado_CEOMA_FEBRERO_2014(1).pdf,es,https://www.bcp.gov.py/documents/20117/0/Comunicado_CEOMA_FEBRERO_2014%281%29.pdf/2296ac28-7f6c-1cee-af2d-60ea21d5c9df?t=1739890711055,ok,20260506032834,raw/archivo/cpm/2296ac28-7f6c-1cee-af2d-60ea21d5c9df_Comunicado_CEOMA_FEBRERO_2014_1_.pdf
f6ecb886-b796-ea58-b089-165970d2af62,Feb_ 2014_CEOMA_Press_ReleaseVF(1).pdf,en,https://www.bcp.gov.py/documents/20117/0/Feb_+2014_CEOMA_Press_ReleaseVF%281%29.pdf/f6ecb886-b796-ea58-b089-165970d2af62?t=1739890723348,ok,20260506023425,raw/archivo/cpm/f6ecb886-b796-ea58-b089-165970d2af62_Feb__2014_CEOMA_Press_ReleaseVF_1_.pdf
0abdf688-ad60-17fb-a817-342efa331ae0,CEOMA_Enero_2014(3) (1).pdf,es,https://www.bcp.gov.py/documents/20117/0/CEOMA_Enero_2014%283%29+%281%29.pdf/0abdf688-ad60-17fb-a817-342efa331ae0?t=1739890631751,ok,20260506034304,raw/archivo/cpm/0abdf688-ad60-17fb-a817-342efa331ae0_CEOMA_Enero_2014_3_1_.pdf
a56824c6-e4fb-288b-ecbb-08c72f37784c,CEOMA_Enero_2014_ingles_VF (1).pdf,es,https://www.bcp.gov.py/documents/20117/0/CEOMA_Enero_2014_ingles_VF+%281%29.pdf/a56824c6-e4fb-288b-ecbb-08c72f37784c?t=1739890646127,ok,20260506033627,raw/archivo/cpm/a56824c6-e4fb-288b-ecbb-08c72f37784c_CEOMA_Enero_2014_ingles_VF_1_.pdf
b6131c2d-0456-df7d-51e4-689ff4ce2275,CEOMA diciembre(1).pdf,es,https://www.bcp.gov.py/documents/20117/0/CEOMA+diciembre%281%29.pdf/b6131c2d-0456-df7d-51e4-689ff4ce2275?t=1739885515349,ok,20260506024020,raw/archivo/cpm/b6131c2d-0456-df7d-51e4-689ff4ce2275_CEOMA_diciembre_1_.pdf
a16d9a31-7b57-decf-0a21-d5b5840f4e71,CEOMA_diciembre_Ingles(1).pdf,es,https://www.bcp.gov.py/documents/20117/0/CEOMA_diciembre_Ingles%281%29.pdf/a16d9a31-7b57-decf-0a21-d5b5840f4e71?t=1739885526723,ok,20260506030808,raw/archivo/cpm/a16d9a31-7b57-decf-0a21-d5b5840f4e71_CEOMA_diciembre_Ingles_1_.pdf
1023b2bf-0b95-5723-2b3b-c3169f45a346,Comunicado_prensa_ceoma_nov_13_11_2013.pdf,es,https://www.bcp.gov.py/documents/20117/0/Comunicado_prensa_ceoma_nov_13_11_2013.pdf/1023b2bf-0b95-5723-2b3b-c3169f45a346?t=1739885456667,ok,20260506033306,raw/archivo/cpm/1023b2bf-0b95-5723-2b3b-c3169f45a346_Comunicado_prensa_ceoma_nov_13_11_2013.pdf
edff2caa-eec7-3166-00d1-8e538a1ee182,comunicado_ceoma_Press_Release_13_11_2013_VF.pdf,en,https://www.bcp.gov.py/documents/20117/0/comunicado_ceoma_Press_Release_13_11_2013_VF.pdf/edff2caa-eec7-3166-00d1-8e538a1ee182?t=1739885466833,no_archivado,,
1109ec8e-c4e6-2e41-02d0-8c857463331f,COMUNICADO_CEOMA_OCTUBRE_2013_espanol.pdf,es,https://www.bcp.gov.py/documents/20117/0/COMUNICADO_CEOMA_OCTUBRE_2013_espanol.pdf/1109ec8e-c4e6-2e41-02d0-8c857463331f?t=1739885373371,ok,20260506032610,raw/archivo/cpm/1109ec8e-c4e6-2e41-02d0-8c857463331f_COMUNICADO_CEOMA_OCTUBRE_2013_espanol.pdf
7c61f134-4887-f53a-fc1e-633c14400532,Comunicado_prensa 9_10_2013_ingles.pdf,es,https://www.bcp.gov.py/documents/20117/0/Comunicado_prensa+9_10_2013_ingles.pdf/7c61f134-4887-f53a-fc1e-633c14400532?t=1739885409151,ok,20260506023145,raw/archivo/cpm/7c61f134-4887-f53a-fc1e-633c14400532_Comunicado_prensa_9_10_2013_ingles.pdf
2ce4f149-e0bb-a278-99c3-3d829d23713b,Comunicado_de_Prensa_ 11_09_2013.pdf,es,https://www.bcp.gov.py/documents/20117/0/Comunicado_de_Prensa_+11_09_2013.pdf/2ce4f149-e0bb-a278-99c3-3d829d23713b?t=1739885258322,ok,20260506034432,raw/archivo/cpm/2ce4f149-e0bb-a278-99c3-3d829d23713b_Comunicado_de_Prensa__11_09_2013.pdf
19d5dd89-24a0-67f0-99db-c199793f556e,Press_Release_11_09_2013.pdf,en,https://www.bcp.gov.py/documents/20117/0/Press_Release_11_09_2013.pdf/19d5dd89-24a0-67f0-99db-c199793f556e?t=1739885272857,no_archivado,,
904b3c0b-a894-e17d-a4b9-977bbf392c27,Comunicado_prensa_agosto_14082013(1).pdf,es,https://www.bcp.gov.py/documents/20117/0/Comunicado_prensa_agosto_14082013%281%29.pdf/904b3c0b-a894-e17d-a4b9-977bbf392c27?t=1739885181718,ok,20260506030746,raw/archivo/cpm/904b3c0b-a894-e17d-a4b9-977bbf392c27_Comunicado_prensa_agosto_14082013_1_.pdf
4fa14948-933a-5c79-1780-83576140660a,Comunicado_prensa_14_08_2013_ingles(1).pdf,es,https://www.bcp.gov.py/documents/20117/0/Comunicado_prensa_14_08_2013_ingles%281%29.pdf/4fa14948-933a-5c79-1780-83576140660a?t=1739885195709,ok,20260506030204,raw/archivo/cpm/4fa14948-933a-5c79-1780-83576140660a_Comunicado_prensa_14_08_2013_ingles_1_.pdf
c9a9ec5e-20b6-9d4e-114e-dd86257df1e7,Julio Comunicado_prensa_CEOMA_10072013.pdf,es,https://www.bcp.gov.py/documents/20117/0/Julio+Comunicado_prensa_CEOMA_10072013.pdf/c9a9ec5e-20b6-9d4e-114e-dd86257df1e7?t=1739885117281,ok,20260506023410,raw/archivo/cpm/c9a9ec5e-20b6-9d4e-114e-dd86257df1e7_Julio_Comunicado_prensa_CEOMA_10072013.pdf
282c3fe7-1023-5d88-e729-aab8db20d72b,Julio CEOMA_Comunicado_prensa_07_2013_ingles.pdf,es,https://www.bcp.gov.py/documents/20117/0/Julio+CEOMA_Comunicado_prensa_07_2013_ingles.pdf/282c3fe7-1023-5d88-e729-aab8db20d72b?t=1739885129398,ok,20260506023733,raw/archivo/cpm/282c3fe7-1023-5d88-e729-aab8db20d72b_Julio_CEOMA_Comunicado_prensa_07_2013_ingles.pdf
2aee34a1-abf9-092e-9b2c-8c411be501e0,Junio CEOMA_Comunicado_de_prensa_14_06_2013.pdf,es,https://www.bcp.gov.py/documents/20117/0/Junio+CEOMA_Comunicado_de_prensa_14_06_2013.pdf/2aee34a1-abf9-092e-9b2c-8c411be501e0?t=1739885027353,ok,20260506023200,raw/archivo/cpm/2aee34a1-abf9-092e-9b2c-8c411be501e0_Junio_CEOMA_Comunicado_de_prensa_14_06_2013.pdf
39930a00-d583-400d-7ea2-8f19c78c1ac9,Juniop Comunicado_prensa_ceoma_14062013_ingles.pdf,es,https://www.bcp.gov.py/documents/20117/0/Juniop+Comunicado_prensa_ceoma_14062013_ingles.pdf/39930a00-d583-400d-7ea2-8f19c78c1ac9?t=1739885042666,ok,20260506022506,raw/archivo/cpm/39930a00-d583-400d-7ea2-8f19c78c1ac9_Juniop_Comunicado_prensa_ceoma_14062013_ingles.pdf
11224aa5-79ca-452c-4550-3ef631d70844,Mayo Ceoma_Comunicado_08_05_2013.pdf,es,https://www.bcp.gov.py/documents/20117/0/Mayo+Ceoma_Comunicado_08_05_2013.pdf/11224aa5-79ca-452c-4550-3ef631d70844?t=1739884932069,ok,20260506044100,raw/archivo/cpm/11224aa5-79ca-452c-4550-3ef631d70844_Mayo_Ceoma_Comunicado_08_05_2013.pdf
69885306-4159-73fc-697d-8a6310e64626,Mayo CEOMA_MAYO_100513V_ENGLISH.pdf,es,https://www.bcp.gov.py/documents/20117/0/Mayo+CEOMA_MAYO_100513V_ENGLISH.pdf/69885306-4159-73fc-697d-8a6310e64626?t=1739884958486,ok,20260506023732,raw/archivo/cpm/69885306-4159-73fc-697d-8a6310e64626_Mayo_CEOMA_MAYO_100513V_ENGLISH.pdf
95330a31-eeec-4a8e-ed9e-e75aae66d7ef,CEOMA_Comunicado_de_prensa_09_04_2013_esp.pdf,es,https://www.bcp.gov.py/documents/20117/0/CEOMA_Comunicado_de_prensa_09_04_2013_esp.pdf/95330a31-eeec-4a8e-ed9e-e75aae66d7ef?t=1739884829871,ok,20260506025405,raw/archivo/cpm/95330a31-eeec-4a8e-ed9e-e75aae66d7ef_CEOMA_Comunicado_de_prensa_09_04_2013_esp.pdf
f34a0945-1223-6b0f-6c6f-8c3e1f51b374,Comunicado_ceoma_09_4_2013_ingles_VF.pdf,es,https://www.bcp.gov.py/documents/20117/0/Comunicado_ceoma_09_4_2013_ingles_VF.pdf/f34a0945-1223-6b0f-6c6f-8c3e1f51b374?t=1739884841548,ok,20260506022528,raw/archivo/cpm/f34a0945-1223-6b0f-6c6f-8c3e1f51b374_Comunicado_ceoma_09_4_2013_ingles_VF.pdf
ee437189-6f39-b9c6-5f59-6a221b3c1e82,CEOMA_Comunicado_de_prensa_07_03_2013.pdf,es,https://www.bcp.gov.py/documents/20117/0/CEOMA_Comunicado_de_prensa_07_03_2013.pdf/ee437189-6f39-b9c6-5f59-6a221b3c1e82?t=1739884241767,ok,20260506023058,raw/archivo/cpm/ee437189-6f39-b9c6-5f59-6a221b3c1e82_CEOMA_Comunicado_de_prensa_07_03_2013.pdf
ee437189-6f39-b9c6-5f59-6a221b3c1e82,CEOMA_Comunicado_de_prensa_07_03_2013.pdf,es,https://www.bcp.gov.py/documents/20117/0/CEOMA_Comunicado_de_prensa_07_03_2013.pdf/ee437189-6f39-b9c6-5f59-6a221b3c1e82?t=1739884241767.pdf,ya_estaba,20260506023058,raw/archivo/cpm/ee437189-6f39-b9c6-5f59-6a221b3c1e82_CEOMA_Comunicado_de_prensa_07_03_2013.pdf
f943c093-0a28-1f0e-db65-3c09f949d59e,Comunicado_ceoma_09_4_2013_espanhol_VF.pdf,es,https://www.bcp.gov.py/documents/20117/0/Comunicado_ceoma_09_4_2013_espanhol_VF.pdf/f943c093-0a28-1f0e-db65-3c09f949d59e?t=1739884183522,ok,20260506031523,raw/archivo/cpm/f943c093-0a28-1f0e-db65-3c09f949d59e_Comunicado_ceoma_09_4_2013_espanhol_VF.pdf
445c7b50-ff6e-3348-88f9-a654a478678f,Comunicado_de_prensa_6_2_2013_ingles_vf.pdf,es,https://www.bcp.gov.py/documents/20117/0/Comunicado_de_prensa_6_2_2013_ingles_vf.pdf/445c7b50-ff6e-3348-88f9-a654a478678f?t=1739884198675,ok,20260506032417,raw/archivo/cpm/445c7b50-ff6e-3348-88f9-a654a478678f_Comunicado_de_prensa_6_2_2013_ingles_vf.pdf
3d131d4e-3fe7-6d8b-75b2-ce80844deea6,CEOMA_Comunicado_de_Prensa_03_01_2013.pdf,es,https://www.bcp.gov.py/documents/20117/0/CEOMA_Comunicado_de_Prensa_03_01_2013.pdf/3d131d4e-3fe7-6d8b-75b2-ce80844deea6?t=1739884042794,ok,20260506023151,raw/archivo/cpm/3d131d4e-3fe7-6d8b-75b2-ce80844deea6_CEOMA_Comunicado_de_Prensa_03_01_2013.pdf
af41011b-36c1-7177-9d21-2f413f3264db,CEOMA_Comunicado_de_prensa 3_01_2013_ingles_VF.pdf,es,https://www.bcp.gov.py/documents/20117/0/CEOMA_Comunicado_de_prensa+3_01_2013_ingles_VF.pdf/af41011b-36c1-7177-9d21-2f413f3264db?t=1739884084195,ok,20260506023105,raw/archivo/cpm/af41011b-36c1-7177-9d21-2f413f3264db_CEOMA_Comunicado_de_prensa_3_01_2013_ingles_VF.pdf
49469680-b4a1-c93f-fa21-5f0e0286d8c1,Comunicado_prensa_06_12_2012.pdf,es,https://www.bcp.gov.py/documents/20117/0/Comunicado_prensa_06_12_2012.pdf/49469680-b4a1-c93f-fa21-5f0e0286d8c1?t=1739820927187,ok,20260506023408,raw/archivo/cpm/49469680-b4a1-c93f-fa21-5f0e0286d8c1_Comunicado_prensa_06_12_2012.pdf
8b8c98f9-a943-0b87-1349-8f3d2b6e9d2a,Comunicado_prensa_6_12_2012_ingles.pdf,es,https://www.bcp.gov.py/documents/20117/0/Comunicado_prensa_6_12_2012_ingles.pdf/8b8c98f9-a943-0b87-1349-8f3d2b6e9d2a?t=1739820939889,ok,20260506035342,raw/archivo/cpm/8b8c98f9-a943-0b87-1349-8f3d2b6e9d2a_Comunicado_prensa_6_12_2012_ingles.pdf
a78e42f9-457d-8284-9062-ea687ef65ce0,CEOMA_06112012(3).pdf,es,https://www.bcp.gov.py/documents/20117/0/CEOMA_06112012%283%29.pdf/a78e42f9-457d-8284-9062-ea687ef65ce0?t=1739820856581,ok,20260506025638,raw/archivo/cpm/a78e42f9-457d-8284-9062-ea687ef65ce0_CEOMA_06112012_3_.pdf
3909b376-af22-7c0e-80c7-d6cdb40b0ef5,PRESS_RELEASE_CEOMA_ingles_09112012.pdf,en,https://www.bcp.gov.py/documents/20117/0/PRESS_RELEASE_CEOMA_ingles_09112012.pdf/3909b376-af22-7c0e-80c7-d6cdb40b0ef5?t=1739820881161,ok,20260506024900,raw/archivo/cpm/3909b376-af22-7c0e-80c7-d6cdb40b0ef5_PRESS_RELEASE_CEOMA_ingles_09112012.pdf
6844960b-e97c-f2f9-76f1-d858589c07c0,CEOMA_Comunicado_de_prensa_09_10_2012(1).pdf,es,https://www.bcp.gov.py/documents/20117/0/CEOMA_Comunicado_de_prensa_09_10_2012%281%29.pdf/6844960b-e97c-f2f9-76f1-d858589c07c0?t=1739820793759,ok,20260506031252,raw/archivo/cpm/6844960b-e97c-f2f9-76f1-d858589c07c0_CEOMA_Comunicado_de_prensa_09_10_2012_1_.pdf
5c3cca9f-453b-93e6-db71-4b99751328c5,Comunicado_de_prensa_ ingles_09102012(1).pdf,es,https://www.bcp.gov.py/documents/20117/0/Comunicado_de_prensa_+ingles_09102012%281%29.pdf/5c3cca9f-453b-93e6-db71-4b99751328c5?t=1739820811326,ok,20260506022800,raw/archivo/cpm/5c3cca9f-453b-93e6-db71-4b99751328c5_Comunicado_de_prensa__ingles_09102012_1_.pdf
71c0b1f1-0364-156f-439e-ddc4752a6bab,Comunicado_de_prensa_CEOMA_06_09_2012 (1).pdf,es,https://www.bcp.gov.py/documents/20117/0/Comunicado_de_prensa_CEOMA_06_09_2012+%281%29.pdf/71c0b1f1-0364-156f-439e-ddc4752a6bab?t=1739820631920,ok,20260506023853,raw/archivo/cpm/71c0b1f1-0364-156f-439e-ddc4752a6bab_Comunicado_de_prensa_CEOMA_06_09_2012_1_.pdf
71c0b1f1-0364-156f-439e-ddc4752a6bab,Comunicado_de_prensa_CEOMA_06_09_2012 (1).pdf,es,https://www.bcp.gov.py/documents/20117/0/Comunicado_de_prensa_CEOMA_06_09_2012+%281%29.pdf/71c0b1f1-0364-156f-439e-ddc4752a6bab?t=1739820631920.pdf,ya_estaba,20260506023853,raw/archivo/cpm/71c0b1f1-0364-156f-439e-ddc4752a6bab_Comunicado_de_prensa_CEOMA_06_09_2012_1_.pdf
5b8fd652-6b2a-9d80-d2a4-d4cf709c4c31,Comunicado_de_Prensa_Reunion_de_Politica_Monetaria_07_agosto_2012.pdf,es,https://www.bcp.gov.py/documents/20117/0/Comunicado_de_Prensa_Reunion_de_Politica_Monetaria_07_agosto_2012.pdf/5b8fd652-6b2a-9d80-d2a4-d4cf709c4c31?t=1739820525527,ok,20260506023522,raw/archivo/cpm/5b8fd652-6b2a-9d80-d2a4-d4cf709c4c31_Comunicado_de_Prensa_Reunion_de_Politica_Monetaria_07_agosto_2012.pdf
5b8fd652-6b2a-9d80-d2a4-d4cf709c4c31,Comunicado_de_Prensa_Reunion_de_Politica_Monetaria_07_agosto_2012.pdf,es,https://www.bcp.gov.py/documents/20117/0/Comunicado_de_Prensa_Reunion_de_Politica_Monetaria_07_agosto_2012.pdf/5b8fd652-6b2a-9d80-d2a4-d4cf709c4c31?t=1739820525527.pdf,ya_estaba,20260506023522,raw/archivo/cpm/5b8fd652-6b2a-9d80-d2a4-d4cf709c4c31_Comunicado_de_Prensa_Reunion_de_Politica_Monetaria_07_agosto_2012.pdf
993dfda8-d63f-5304-7235-200a4a501da3,Comunicado_de_prensa_Reunion_de_Politica_Monetaria_10_julio_2012.pdf,es,https://www.bcp.gov.py/documents/20117/0/Comunicado_de_prensa_Reunion_de_Politica_Monetaria_10_julio_2012.pdf/993dfda8-d63f-5304-7235-200a4a501da3?t=1739820480367,ok,20260506031926,raw/archivo/cpm/993dfda8-d63f-5304-7235-200a4a501da3_Comunicado_de_prensa_Reunion_de_Politica_Monetaria_10_julio_2012.pdf
993dfda8-d63f-5304-7235-200a4a501da3,Comunicado_de_prensa_Reunion_de_Politica_Monetaria_10_julio_2012.pdf,es,https://www.bcp.gov.py/documents/20117/0/Comunicado_de_prensa_Reunion_de_Politica_Monetaria_10_julio_2012.pdf/993dfda8-d63f-5304-7235-200a4a501da3?t=1739820480367.pdf,ya_estaba,20260506031926,raw/archivo/cpm/993dfda8-d63f-5304-7235-200a4a501da3_Comunicado_de_prensa_Reunion_de_Politica_Monetaria_10_julio_2012.pdf
eb64aa31-d48e-3ab4-f8aa-2e55cbe06bf3,CEOMA_06062012.pdf,es,https://www.bcp.gov.py/documents/20117/0/CEOMA_06062012.pdf/eb64aa31-d48e-3ab4-f8aa-2e55cbe06bf3?t=1739820442285,ok,20260506030037,raw/archivo/cpm/eb64aa31-d48e-3ab4-f8aa-2e55cbe06bf3_CEOMA_06062012.pdf
eb64aa31-d48e-3ab4-f8aa-2e55cbe06bf3,CEOMA_06062012.pdf,es,https://www.bcp.gov.py/documents/20117/0/CEOMA_06062012.pdf/eb64aa31-d48e-3ab4-f8aa-2e55cbe06bf3?t=1739820442285.pdf,ya_estaba,20260506030037,raw/archivo/cpm/eb64aa31-d48e-3ab4-f8aa-2e55cbe06bf3_CEOMA_06062012.pdf
ecd22b39-5c50-b57f-72bb-f095d17277b1,Comunicado_de_Prensa_Reunion_de_Politica_Monetaria_ 08_mayo_2012.pdf,es,https://www.bcp.gov.py/documents/20117/0/Comunicado_de_Prensa_Reunion_de_Politica_Monetaria_+08_mayo_2012.pdf/ecd22b39-5c50-b57f-72bb-f095d17277b1?t=1739820396974,ok,20260506025727,raw/archivo/cpm/ecd22b39-5c50-b57f-72bb-f095d17277b1_Comunicado_de_Prensa_Reunion_de_Politica_Monetaria__08_mayo_2012.pdf
ecd22b39-5c50-b57f-72bb-f095d17277b1,Comunicado_de_Prensa_Reunion_de_Politica_Monetaria_ 08_mayo_2012.pdf,es,https://www.bcp.gov.py/documents/20117/0/Comunicado_de_Prensa_Reunion_de_Politica_Monetaria_+08_mayo_2012.pdf/ecd22b39-5c50-b57f-72bb-f095d17277b1?t=1739820396974.pdf,ya_estaba,20260506025727,raw/archivo/cpm/ecd22b39-5c50-b57f-72bb-f095d17277b1_Comunicado_de_Prensa_Reunion_de_Politica_Monetaria__08_mayo_2012.pdf
75ca7fa9-564e-7197-f450-ac1cc43672f5,CEOMA_030412.pdf,es,https://www.bcp.gov.py/documents/20117/0/CEOMA_030412.pdf/75ca7fa9-564e-7197-f450-ac1cc43672f5?t=1739820341515,ok,20260506052358,raw/archivo/cpm/75ca7fa9-564e-7197-f450-ac1cc43672f5_CEOMA_030412.pdf
75ca7fa9-564e-7197-f450-ac1cc43672f5,CEOMA_030412.pdf,es,https://www.bcp.gov.py/documents/20117/0/CEOMA_030412.pdf/75ca7fa9-564e-7197-f450-ac1cc43672f5?t=1739820341515.pdf,ya_estaba,20260506052358,raw/archivo/cpm/75ca7fa9-564e-7197-f450-ac1cc43672f5_CEOMA_030412.pdf
44ec222b-6201-2b17-4a1b-2bf33c646b75,Comunicado_de_Prensa_Reunion_06_marzo_2012.pdf,es,https://www.bcp.gov.py/documents/20117/0/Comunicado_de_Prensa_Reunion_06_marzo_2012.pdf/44ec222b-6201-2b17-4a1b-2bf33c646b75?t=1739820291004,ok,20260506023128,raw/archivo/cpm/44ec222b-6201-2b17-4a1b-2bf33c646b75_Comunicado_de_Prensa_Reunion_06_marzo_2012.pdf
44ec222b-6201-2b17-4a1b-2bf33c646b75,Comunicado_de_Prensa_Reunion_06_marzo_2012.pdf,es,https://www.bcp.gov.py/documents/20117/0/Comunicado_de_Prensa_Reunion_06_marzo_2012.pdf/44ec222b-6201-2b17-4a1b-2bf33c646b75?t=1739820291004.pdf,ya_estaba,20260506023128,raw/archivo/cpm/44ec222b-6201-2b17-4a1b-2bf33c646b75_Comunicado_de_Prensa_Reunion_06_marzo_2012.pdf
82a3d709-4d82-b155-cff7-695fe410ccf9,Comunicado_de_Prensa_Reunion_03_febrero_2012.pdf,es,https://www.bcp.gov.py/documents/20117/0/Comunicado_de_Prensa_Reunion_03_febrero_2012.pdf/82a3d709-4d82-b155-cff7-695fe410ccf9?t=1739820242692,ok,20260506023425,raw/archivo/cpm/82a3d709-4d82-b155-cff7-695fe410ccf9_Comunicado_de_Prensa_Reunion_03_febrero_2012.pdf
82a3d709-4d82-b155-cff7-695fe410ccf9,Comunicado_de_Prensa_Reunion_03_febrero_2012.pdf,es,https://www.bcp.gov.py/documents/20117/0/Comunicado_de_Prensa_Reunion_03_febrero_2012.pdf/82a3d709-4d82-b155-cff7-695fe410ccf9?t=1739820242692.pdf,ya_estaba,20260506023425,raw/archivo/cpm/82a3d709-4d82-b155-cff7-695fe410ccf9_Comunicado_de_Prensa_Reunion_03_febrero_2012.pdf
fdf38878-5a3f-d35f-9bb6-d887ddd4d61d,CEOMA_Comunicado_de_Prensa_Reunion_03_enero_2012.pdf,es,https://www.bcp.gov.py/documents/20117/0/CEOMA_Comunicado_de_Prensa_Reunion_03_enero_2012.pdf/fdf38878-5a3f-d35f-9bb6-d887ddd4d61d?t=1739820192003,ok,20260506022348,raw/archivo/cpm/fdf38878-5a3f-d35f-9bb6-d887ddd4d61d_CEOMA_Comunicado_de_Prensa_Reunion_03_enero_2012.pdf
fdf38878-5a3f-d35f-9bb6-d887ddd4d61d,CEOMA_Comunicado_de_Prensa_Reunion_03_enero_2012.pdf,es,https://www.bcp.gov.py/documents/20117/0/CEOMA_Comunicado_de_Prensa_Reunion_03_enero_2012.pdf/fdf38878-5a3f-d35f-9bb6-d887ddd4d61d?t=1739820192003.pdf,ya_estaba,20260506022348,raw/archivo/cpm/fdf38878-5a3f-d35f-9bb6-d887ddd4d61d_CEOMA_Comunicado_de_Prensa_Reunion_03_enero_2012.pdf
3d6b6f98-0a04-aa2a-6672-4a0557981fea,CEOMA_06_dic_11.pdf,es,https://www.bcp.gov.py/documents/20117/0/CEOMA_06_dic_11.pdf/3d6b6f98-0a04-aa2a-6672-4a0557981fea?t=1739818103278,ok,20260506023706,raw/archivo/cpm/3d6b6f98-0a04-aa2a-6672-4a0557981fea_CEOMA_06_dic_11.pdf
3d6b6f98-0a04-aa2a-6672-4a0557981fea,CEOMA_06_dic_11.pdf,es,https://www.bcp.gov.py/documents/20117/0/CEOMA_06_dic_11.pdf/3d6b6f98-0a04-aa2a-6672-4a0557981fea?t=1739818103278.pdf,ya_estaba,20260506023706,raw/archivo/cpm/3d6b6f98-0a04-aa2a-6672-4a0557981fea_CEOMA_06_dic_11.pdf
958842e0-5b6b-9927-563e-8254503148b8,Reunion_de_Politica_Monetaria_03_nov_11.pdf,es,https://www.bcp.gov.py/documents/20117/0/Reunion_de_Politica_Monetaria_03_nov_11.pdf/958842e0-5b6b-9927-563e-8254503148b8?t=1739818064240,no_archivado,,
958842e0-5b6b-9927-563e-8254503148b8,Reunion_de_Politica_Monetaria_03_nov_11.pdf,es,https://www.bcp.gov.py/documents/20117/0/Reunion_de_Politica_Monetaria_03_nov_11.pdf/958842e0-5b6b-9927-563e-8254503148b8?t=1739818064240.pdf,no_archivado,,
618b4f11-b9ec-cdaf-09e4-f433e0fc806f,CEOMA_05_oct_11.pdf,es,https://www.bcp.gov.py/documents/20117/0/CEOMA_05_oct_11.pdf/618b4f11-b9ec-cdaf-09e4-f433e0fc806f?t=1739818020294,ok,20260506023008,raw/archivo/cpm/618b4f11-b9ec-cdaf-09e4-f433e0fc806f_CEOMA_05_oct_11.pdf
618b4f11-b9ec-cdaf-09e4-f433e0fc806f,CEOMA_05_oct_11.pdf,es,https://www.bcp.gov.py/documents/20117/0/CEOMA_05_oct_11.pdf/618b4f11-b9ec-cdaf-09e4-f433e0fc806f?t=1739818020294.pdf,ya_estaba,20260506023008,raw/archivo/cpm/618b4f11-b9ec-cdaf-09e4-f433e0fc806f_CEOMA_05_oct_11.pdf
ce453499-4e35-f80a-347a-db32e7778992,Comunicado_Prensa_Reunion_06_set_2011.pdf,es,https://www.bcp.gov.py/documents/20117/0/Comunicado_Prensa_Reunion_06_set_2011.pdf/ce453499-4e35-f80a-347a-db32e7778992?t=1739817975348,ok,20260506030544,raw/archivo/cpm/ce453499-4e35-f80a-347a-db32e7778992_Comunicado_Prensa_Reunion_06_set_2011.pdf
ce453499-4e35-f80a-347a-db32e7778992,Comunicado_Prensa_Reunion_06_set_2011.pdf,es,https://www.bcp.gov.py/documents/20117/0/Comunicado_Prensa_Reunion_06_set_2011.pdf/ce453499-4e35-f80a-347a-db32e7778992?t=1739817975348.pdf,ya_estaba,20260506030544,raw/archivo/cpm/ce453499-4e35-f80a-347a-db32e7778992_Comunicado_Prensa_Reunion_06_set_2011.pdf
e4b8ecf9-13b8-b1f2-756e-afd580358f57,CEOMA_04_agost_2011.pdf,es,https://www.bcp.gov.py/documents/20117/0/CEOMA_04_agost_2011.pdf/e4b8ecf9-13b8-b1f2-756e-afd580358f57?t=1739817918884,ok,20260506033149,raw/archivo/cpm/e4b8ecf9-13b8-b1f2-756e-afd580358f57_CEOMA_04_agost_2011.pdf
e4b8ecf9-13b8-b1f2-756e-afd580358f57,CEOMA_04_agost_2011.pdf,es,https://www.bcp.gov.py/documents/20117/0/CEOMA_04_agost_2011.pdf/e4b8ecf9-13b8-b1f2-756e-afd580358f57?t=1739817918884.pdf,ya_estaba,20260506033149,raw/archivo/cpm/e4b8ecf9-13b8-b1f2-756e-afd580358f57_CEOMA_04_agost_2011.pdf
8e74b657-11bd-3034-89ae-b69c574d8bb7,Comunicado_CEOMA_06_jul_2011.pdf,es,https://www.bcp.gov.py/documents/20117/0/Comunicado_CEOMA_06_jul_2011.pdf/8e74b657-11bd-3034-89ae-b69c574d8bb7?t=1739817851956,ok,20260506023106,raw/archivo/cpm/8e74b657-11bd-3034-89ae-b69c574d8bb7_Comunicado_CEOMA_06_jul_2011.pdf
8e74b657-11bd-3034-89ae-b69c574d8bb7,Comunicado_CEOMA_06_jul_2011.pdf,es,https://www.bcp.gov.py/documents/20117/0/Comunicado_CEOMA_06_jul_2011.pdf/8e74b657-11bd-3034-89ae-b69c574d8bb7?t=1739817851956.pdf,ya_estaba,20260506023106,raw/archivo/cpm/8e74b657-11bd-3034-89ae-b69c574d8bb7_Comunicado_CEOMA_06_jul_2011.pdf
c3c97c35-bfaa-7edb-db5d-a8d5ff29d50b,CEOMA_05_may_2011 (1).pdf,es,https://www.bcp.gov.py/documents/20117/0/CEOMA_05_may_2011+%281%29.pdf/c3c97c35-bfaa-7edb-db5d-a8d5ff29d50b?t=1739817588042,ok,20260506024045,raw/archivo/cpm/c3c97c35-bfaa-7edb-db5d-a8d5ff29d50b_CEOMA_05_may_2011_1_.pdf
c3c97c35-bfaa-7edb-db5d-a8d5ff29d50b,CEOMA_05_may_2011 (1).pdf,es,https://www.bcp.gov.py/documents/20117/0/CEOMA_05_may_2011+%281%29.pdf/c3c97c35-bfaa-7edb-db5d-a8d5ff29d50b?t=1739817588042.pdf,ya_estaba,20260506024045,raw/archivo/cpm/c3c97c35-bfaa-7edb-db5d-a8d5ff29d50b_CEOMA_05_may_2011_1_.pdf
bbd17383-62df-13a4-d679-f48c8619ff82,CEOMA_abril_2011.pdf,es,https://www.bcp.gov.py/documents/20117/0/CEOMA_abril_2011.pdf/bbd17383-62df-13a4-d679-f48c8619ff82?t=1739817429649,ok,20260506023329,raw/archivo/cpm/bbd17383-62df-13a4-d679-f48c8619ff82_CEOMA_abril_2011.pdf
bbd17383-62df-13a4-d679-f48c8619ff82,CEOMA_abril_2011.pdf,es,https://www.bcp.gov.py/documents/20117/0/CEOMA_abril_2011.pdf/bbd17383-62df-13a4-d679-f48c8619ff82?t=1739817429649.pdf,ya_estaba,20260506023329,raw/archivo/cpm/bbd17383-62df-13a4-d679-f48c8619ff82_CEOMA_abril_2011.pdf
1aab638e-6bba-6aaf-715d-02705d16590a,CEOMA_marzo_2011 (1).pdf,es,https://www.bcp.gov.py/documents/20117/0/CEOMA_marzo_2011+%281%29.pdf/1aab638e-6bba-6aaf-715d-02705d16590a?t=1739817386667,ok,20260506025407,raw/archivo/cpm/1aab638e-6bba-6aaf-715d-02705d16590a_CEOMA_marzo_2011_1_.pdf
1aab638e-6bba-6aaf-715d-02705d16590a,CEOMA_marzo_2011 (1).pdf,es,https://www.bcp.gov.py/documents/20117/0/CEOMA_marzo_2011+%281%29.pdf/1aab638e-6bba-6aaf-715d-02705d16590a?t=1739817386667.pdf,ya_estaba,20260506025407,raw/archivo/cpm/1aab638e-6bba-6aaf-715d-02705d16590a_CEOMA_marzo_2011_1_.pdf
62acecb6-71e0-3668-cfbb-33addd62496c,CEOMA_febrero_2011.pdf,es,https://www.bcp.gov.py/documents/20117/0/CEOMA_febrero_2011.pdf/62acecb6-71e0-3668-cfbb-33addd62496c?t=1739815543321,ok,20260506023842,raw/archivo/cpm/62acecb6-71e0-3668-cfbb-33addd62496c_CEOMA_febrero_2011.pdf
62acecb6-71e0-3668-cfbb-33addd62496c,CEOMA_febrero_2011.pdf,es,https://www.bcp.gov.py/documents/20117/0/CEOMA_febrero_2011.pdf/62acecb6-71e0-3668-cfbb-33addd62496c?t=1739815543321.pdf,ya_estaba,20260506023842,raw/archivo/cpm/62acecb6-71e0-3668-cfbb-33addd62496c_CEOMA_febrero_2011.pdf
2980a5a7-b7f5-7d56-2c88-ba641d1d484d,CEOMA_enero_2011.pdf,es,https://www.bcp.gov.py/documents/20117/0/CEOMA_enero_2011.pdf/2980a5a7-b7f5-7d56-2c88-ba641d1d484d?t=1739815502831,ok,20260506023545,raw/archivo/cpm/2980a5a7-b7f5-7d56-2c88-ba641d1d484d_CEOMA_enero_2011.pdf
2980a5a7-b7f5-7d56-2c88-ba641d1d484d,CEOMA_enero_2011.pdf,es,https://www.bcp.gov.py/documents/20117/0/CEOMA_enero_2011.pdf/2980a5a7-b7f5-7d56-2c88-ba641d1d484d?t=1739815502831.pdf,ya_estaba,20260506023545,raw/archivo/cpm/2980a5a7-b7f5-7d56-2c88-ba641d1d484d_CEOMA_enero_2011.pdf
725f3dd2-8f69-1af2-6e27-a686a2c1f6d3,CEOMA_diciembre_2010(1).pdf,es,https://www.bcp.gov.py/documents/20117/0/CEOMA_diciembre_2010%281%29.pdf/725f3dd2-8f69-1af2-6e27-a686a2c1f6d3?t=1739815466013,ok,20260506023559,raw/archivo/cpm/725f3dd2-8f69-1af2-6e27-a686a2c1f6d3_CEOMA_diciembre_2010_1_.pdf
725f3dd2-8f69-1af2-6e27-a686a2c1f6d3,CEOMA_diciembre_2010(1).pdf,es,https://www.bcp.gov.py/documents/20117/0/CEOMA_diciembre_2010%281%29.pdf/725f3dd2-8f69-1af2-6e27-a686a2c1f6d3?t=1739815466013.pdf,ya_estaba,20260506023559,raw/archivo/cpm/725f3dd2-8f69-1af2-6e27-a686a2c1f6d3_CEOMA_diciembre_2010_1_.pdf
61f98f25-bedd-d758-9f88-3467e2912e74,CEOMA_noviembre_2010(1).pdf,es,https://www.bcp.gov.py/documents/20117/0/CEOMA_noviembre_2010%281%29.pdf/61f98f25-bedd-d758-9f88-3467e2912e74?t=1739815427227,ok,20260506025156,raw/archivo/cpm/61f98f25-bedd-d758-9f88-3467e2912e74_CEOMA_noviembre_2010_1_.pdf
61f98f25-bedd-d758-9f88-3467e2912e74,CEOMA_noviembre_2010(1).pdf,es,https://www.bcp.gov.py/documents/20117/0/CEOMA_noviembre_2010%281%29.pdf/61f98f25-bedd-d758-9f88-3467e2912e74?t=1739815427227.pdf,ya_estaba,20260506025156,raw/archivo/cpm/61f98f25-bedd-d758-9f88-3467e2912e74_CEOMA_noviembre_2010_1_.pdf
e4de7837-9daf-ab19-2b07-4197f37614cc,CEOMA_octubre_2010(1).pdf,es,https://www.bcp.gov.py/documents/20117/0/CEOMA_octubre_2010%281%29.pdf/e4de7837-9daf-ab19-2b07-4197f37614cc?t=1739815392793,ok,20260506030031,raw/archivo/cpm/e4de7837-9daf-ab19-2b07-4197f37614cc_CEOMA_octubre_2010_1_.pdf
e4de7837-9daf-ab19-2b07-4197f37614cc,CEOMA_octubre_2010(1).pdf,es,https://www.bcp.gov.py/documents/20117/0/CEOMA_octubre_2010%281%29.pdf/e4de7837-9daf-ab19-2b07-4197f37614cc?t=1739815392793.pdf,ya_estaba,20260506030031,raw/archivo/cpm/e4de7837-9daf-ab19-2b07-4197f37614cc_CEOMA_octubre_2010_1_.pdf
a8050c04-3ac8-2c87-4249-c73f7213d9da,CEOMA_Setiembre_2010(1).pdf,es,https://www.bcp.gov.py/documents/20117/0/CEOMA_Setiembre_2010%281%29.pdf/a8050c04-3ac8-2c87-4249-c73f7213d9da?t=1739815343338,ok,20260506023744,raw/archivo/cpm/a8050c04-3ac8-2c87-4249-c73f7213d9da_CEOMA_Setiembre_2010_1_.pdf
a8050c04-3ac8-2c87-4249-c73f7213d9da,CEOMA_Setiembre_2010(1).pdf,es,https://www.bcp.gov.py/documents/20117/0/CEOMA_Setiembre_2010%281%29.pdf/a8050c04-3ac8-2c87-4249-c73f7213d9da?t=1739815343338.pdf,ya_estaba,20260506023744,raw/archivo/cpm/a8050c04-3ac8-2c87-4249-c73f7213d9da_CEOMA_Setiembre_2010_1_.pdf
0ee738bd-ba40-b352-185d-def9819e5286,CEOMA_agosto_2010(1).pdf,es,https://www.bcp.gov.py/documents/20117/0/CEOMA_agosto_2010%281%29.pdf/0ee738bd-ba40-b352-185d-def9819e5286?t=1739815229778,ok,20260506023959,raw/archivo/cpm/0ee738bd-ba40-b352-185d-def9819e5286_CEOMA_agosto_2010_1_.pdf
0ee738bd-ba40-b352-185d-def9819e5286,CEOMA_agosto_2010(1).pdf,es,https://www.bcp.gov.py/documents/20117/0/CEOMA_agosto_2010%281%29.pdf/0ee738bd-ba40-b352-185d-def9819e5286?t=1739815229778.pdf,ya_estaba,20260506023959,raw/archivo/cpm/0ee738bd-ba40-b352-185d-def9819e5286_CEOMA_agosto_2010_1_.pdf
9a23079e-f69c-a615-b098-f116d9ee96a2,CEOMA_julio_2010(1).pdf,es,https://www.bcp.gov.py/documents/20117/0/CEOMA_julio_2010%281%29.pdf/9a23079e-f69c-a615-b098-f116d9ee96a2?t=1739815192712,ok,20260506032800,raw/archivo/cpm/9a23079e-f69c-a615-b098-f116d9ee96a2_CEOMA_julio_2010_1_.pdf
9a23079e-f69c-a615-b098-f116d9ee96a2,CEOMA_julio_2010(1).pdf,es,https://www.bcp.gov.py/documents/20117/0/CEOMA_julio_2010%281%29.pdf/9a23079e-f69c-a615-b098-f116d9ee96a2?t=1739815192712.pdf,ya_estaba,20260506032800,raw/archivo/cpm/9a23079e-f69c-a615-b098-f116d9ee96a2_CEOMA_julio_2010_1_.pdf
958932c9-837b-cc9f-a178-63a300811e19,CEOMA_junio_2010(1).pdf,es,https://www.bcp.gov.py/documents/20117/0/CEOMA_junio_2010%281%29.pdf/958932c9-837b-cc9f-a178-63a300811e19?t=1739815148886,ok,20260506032032,raw/archivo/cpm/958932c9-837b-cc9f-a178-63a300811e19_CEOMA_junio_2010_1_.pdf
958932c9-837b-cc9f-a178-63a300811e19,CEOMA_junio_2010(1).pdf,es,https://www.bcp.gov.py/documents/20117/0/CEOMA_junio_2010%281%29.pdf/958932c9-837b-cc9f-a178-63a300811e19?t=1739815148886.pdf,ya_estaba,20260506032032,raw/archivo/cpm/958932c9-837b-cc9f-a178-63a300811e19_CEOMA_junio_2010_1_.pdf
29844655-bff7-c0a4-6ca7-7c53ef5551c0,CEOMA_mayo_2010(1).pdf,es,https://www.bcp.gov.py/documents/20117/0/CEOMA_mayo_2010%281%29.pdf/29844655-bff7-c0a4-6ca7-7c53ef5551c0?t=1739815092114,ok,20260506033235,raw/archivo/cpm/29844655-bff7-c0a4-6ca7-7c53ef5551c0_CEOMA_mayo_2010_1_.pdf
29844655-bff7-c0a4-6ca7-7c53ef5551c0,CEOMA_mayo_2010(1).pdf,es,https://www.bcp.gov.py/documents/20117/0/CEOMA_mayo_2010%281%29.pdf/29844655-bff7-c0a4-6ca7-7c53ef5551c0?t=1739815092114.pdf,ya_estaba,20260506033235,raw/archivo/cpm/29844655-bff7-c0a4-6ca7-7c53ef5551c0_CEOMA_mayo_2010_1_.pdf
4dc79fd3-b758-c097-0e34-cb9b3865baaf,CEOMA_abril_2010(1).pdf,es,https://www.bcp.gov.py/documents/20117/0/CEOMA_abril_2010%281%29.pdf/4dc79fd3-b758-c097-0e34-cb9b3865baaf?t=1739809725806,ok,20260506025627,raw/archivo/cpm/4dc79fd3-b758-c097-0e34-cb9b3865baaf_CEOMA_abril_2010_1_.pdf
4dc79fd3-b758-c097-0e34-cb9b3865baaf,CEOMA_abril_2010(1).pdf,es,https://www.bcp.gov.py/documents/20117/0/CEOMA_abril_2010%281%29.pdf/4dc79fd3-b758-c097-0e34-cb9b3865baaf?t=1739809725806.pdf,ya_estaba,20260506025627,raw/archivo/cpm/4dc79fd3-b758-c097-0e34-cb9b3865baaf_CEOMA_abril_2010_1_.pdf
750052f9-af84-1c1b-1f01-bfbb959515fd,01_CEOMA_febreo_2010.pdf,es,https://www.bcp.gov.py/documents/20117/0/01_CEOMA_febreo_2010.pdf/750052f9-af84-1c1b-1f01-bfbb959515fd?t=1739809612919,ok,20260506030855,raw/archivo/cpm/750052f9-af84-1c1b-1f01-bfbb959515fd_01_CEOMA_febreo_2010.pdf
750052f9-af84-1c1b-1f01-bfbb959515fd,01_CEOMA_febreo_2010.pdf,es,https://www.bcp.gov.py/documents/20117/0/01_CEOMA_febreo_2010.pdf/750052f9-af84-1c1b-1f01-bfbb959515fd?t=1739809612919.pdf,ya_estaba,20260506030855,raw/archivo/cpm/750052f9-af84-1c1b-1f01-bfbb959515fd_01_CEOMA_febreo_2010.pdf
8b4c43be-c1c4-c15f-015d-ef56a3e31ac1,CEOMA_enero_2010(1).pdf,es,https://www.bcp.gov.py/documents/20117/0/CEOMA_enero_2010%281%29.pdf/8b4c43be-c1c4-c15f-015d-ef56a3e31ac1?t=1739809309333,ok,20260506025650,raw/archivo/cpm/8b4c43be-c1c4-c15f-015d-ef56a3e31ac1_CEOMA_enero_2010_1_.pdf
8b4c43be-c1c4-c15f-015d-ef56a3e31ac1,CEOMA_enero_2010(1).pdf,es,https://www.bcp.gov.py/documents/20117/0/CEOMA_enero_2010%281%29.pdf/8b4c43be-c1c4-c15f-015d-ef56a3e31ac1?t=1739809309333.pdf,ya_estaba,20260506025650,raw/archivo/cpm/8b4c43be-c1c4-c15f-015d-ef56a3e31ac1_CEOMA_enero_2010_1_.pdf
