fecha_comunicado,fecha_publicada,instrumento,accion,tasa_anterior,tasa_nueva,cambio_pb,votacion,frase_decision,revisar,nombre_publicado,uuid,url_bcp,wayback_timestamp,path,sha256
2010-01-27,"Asunción, 27 de enero de 2010",flir,,8.5,7.5,,,"acordó modificar la tasa de interés del Instrumento de Facilidad de Liquidez de Corto Plazo con Reporto de Instrumento de Regulación Mon etaria (FLIR), reduciéndola de 8,5% a 7,5%, lo que permitirá establecer un",accion_no_leida;fecha_repetida(varios_documentos),01_CEOMA_febreo_2010.pdf,750052f9-af84-1c1b-1f01-bfbb959515fd,https://www.bcp.gov.py/documents/20117/0/01_CEOMA_febreo_2010.pdf/750052f9-af84-1c1b-1f01-bfbb959515fd?t=1739809612919,20260506030855,raw/archivo/cpm/750052f9-af84-1c1b-1f01-bfbb959515fd_01_CEOMA_febreo_2010.pdf,688427ea935d63cf1e6609ff8321a63d9237ec4175957f8e4757b233d6a3ad1e
2010-01-27,"Asunción, 27 de enero de 2010",flir,,8.5,7.5,,,"acordó modificar la tasa de interés del Instrumento de Facilidad de Liquidez de Corto Plazo con Reporto de Instrumento de Regulación Mon etaria (FLIR), reduciéndola de 8,5% a 7,5%, lo que permitirá establecer un",accion_no_leida;fecha_repetida(varios_documentos),CEOMA_enero_2010(1).pdf,8b4c43be-c1c4-c15f-015d-ef56a3e31ac1,https://www.bcp.gov.py/documents/20117/0/CEOMA_enero_2010%281%29.pdf/8b4c43be-c1c4-c15f-015d-ef56a3e31ac1?t=1739809309333,20260506025650,raw/archivo/cpm/8b4c43be-c1c4-c15f-015d-ef56a3e31ac1_CEOMA_enero_2010_1_.pdf,688427ea935d63cf1e6609ff8321a63d9237ec4175957f8e4757b233d6a3ad1e
2010-04-07,"Asunción, 7 de abril de 2010",tpm,mantener,,,,,"decidió no modificar el mecanismo de política monetaria implementado actualmente, específicamente, lo relacionado a la tasa de interés.",sin_tasa,CEOMA_abril_2010(1).pdf,4dc79fd3-b758-c097-0e34-cb9b3865baaf,https://www.bcp.gov.py/documents/20117/0/CEOMA_abril_2010%281%29.pdf/4dc79fd3-b758-c097-0e34-cb9b3865baaf?t=1739809725806,20260506025627,raw/archivo/cpm/4dc79fd3-b758-c097-0e34-cb9b3865baaf_CEOMA_abril_2010_1_.pdf,1b6e64bad7eecd56a8f4bc7775c521e39e73f7cd16ecb0f5e3795018fb92503f
2010-05-06,"Asunción, 6 de mayo de 2010",,,,,,,,sin_frase_decision,CEOMA_mayo_2010(1).pdf,29844655-bff7-c0a4-6ca7-7c53ef5551c0,https://www.bcp.gov.py/documents/20117/0/CEOMA_mayo_2010%281%29.pdf/29844655-bff7-c0a4-6ca7-7c53ef5551c0?t=1739815092114,20260506033235,raw/archivo/cpm/29844655-bff7-c0a4-6ca7-7c53ef5551c0_CEOMA_mayo_2010_1_.pdf,c329719b7f6545b1b465283628b43f1ba5bd13744acf68ca01d429c6e653b5ea
2010-06-04,"Asunción, 04 de junio de 2010",,,,,,,decidió analizar una serie de medidas administrativas para dinamizar el mercado de dinero con el objetivo de tener una gestión más eficiente de la liquidez.,accion_no_leida;sin_tasa;instrumento_no_leido,CEOMA_junio_2010(1).pdf,958932c9-837b-cc9f-a178-63a300811e19,https://www.bcp.gov.py/documents/20117/0/CEOMA_junio_2010%281%29.pdf/958932c9-837b-cc9f-a178-63a300811e19?t=1739815148886,20260506032032,raw/archivo/cpm/958932c9-837b-cc9f-a178-63a300811e19_CEOMA_junio_2010_1_.pdf,90bd26a93de9e86296ea247af23a386c87cdfb51d9103fb8358d5a2b72deb3f8
2010-07-07,"Asunción, 07 de julio de 2010",curva_irm,,,,,,"decidió fijar la curva de tasas para los plazos cortos en los siguientes niveles: 14 días: 0,6% 35 días: 0,8% 63 días: 0,9% 91 días: 1,",accion_no_leida;varias_tasas,CEOMA_julio_2010(1).pdf,9a23079e-f69c-a615-b098-f116d9ee96a2,https://www.bcp.gov.py/documents/20117/0/CEOMA_julio_2010%281%29.pdf/9a23079e-f69c-a615-b098-f116d9ee96a2?t=1739815192712,20260506032800,raw/archivo/cpm/9a23079e-f69c-a615-b098-f116d9ee96a2_CEOMA_julio_2010_1_.pdf,14163ea9c0fa87324ffe35b43f1ea66507d646cce7ef366b9b9eb6327247f6e0
2010-08-06,"Asunción, 06 de agosto de 2010",,,,,,,,sin_frase_decision,CEOMA_agosto_2010(1).pdf,0ee738bd-ba40-b352-185d-def9819e5286,https://www.bcp.gov.py/documents/20117/0/CEOMA_agosto_2010%281%29.pdf/0ee738bd-ba40-b352-185d-def9819e5286?t=1739815229778,20260506023959,raw/archivo/cpm/0ee738bd-ba40-b352-185d-def9819e5286_CEOMA_agosto_2010_1_.pdf,b12f813a5c80c06cb5807f8a1e5cb7bea32d404bfd2f1dbcb44cedd20231eb4d
2010-10-06,"Asunción, 06 de Octubre de 2010",curva_irm,,,,,,"resolvió fijar una nueva curva de tasas para los plazos cortos en los siguientes niveles: 14 días: 1,6% 35 días: 1,8% 63 días: 1,9% 91 días: 2,",accion_no_leida;varias_tasas,CEOMA_octubre_2010(1).pdf,e4de7837-9daf-ab19-2b07-4197f37614cc,https://www.bcp.gov.py/documents/20117/0/CEOMA_octubre_2010%281%29.pdf/e4de7837-9daf-ab19-2b07-4197f37614cc?t=1739815392793,20260506030031,raw/archivo/cpm/e4de7837-9daf-ab19-2b07-4197f37614cc_CEOMA_octubre_2010_1_.pdf,ad45d69c69bd28a2257cd5bc3f21da0cb77e316518017e9d0eaff64c7540c1ed
2010-12-03,"Asunción, 3 de Diciembre de 2010",curva_irm,,,4.5,,,"resolvió fijar una nueva curva de tasas para los plazos cortos en los siguientes niveles: 14 días: 4,5%",accion_no_leida,CEOMA_diciembre_2010(1).pdf,725f3dd2-8f69-1af2-6e27-a686a2c1f6d3,https://www.bcp.gov.py/documents/20117/0/CEOMA_diciembre_2010%281%29.pdf/725f3dd2-8f69-1af2-6e27-a686a2c1f6d3?t=1739815466013,20260506023559,raw/archivo/cpm/725f3dd2-8f69-1af2-6e27-a686a2c1f6d3_CEOMA_diciembre_2010_1_.pdf,16cc25c474e99cdba1b227066fb03986fb81d6e8ce35900b9c6db038da9f29e8
2011-01-04,"Asunción, 04 de Enero de 2011",curva_irm,mantener,,,,,"resolvió mantener los niveles de tasas para los plazos cortos (14 y 35 días), seguir licitando montos fijos para los plazos de 63 días, 91 días y 182 días, conforme a las necesidades de esterilización monetaria, las que serán adjudicadas a las mejores ofertas de tasas, existiendo para el Banco Central un precio de reserva.",sin_tasa,CEOMA_enero_2011.pdf,2980a5a7-b7f5-7d56-2c88-ba641d1d484d,https://www.bcp.gov.py/documents/20117/0/CEOMA_enero_2011.pdf/2980a5a7-b7f5-7d56-2c88-ba641d1d484d?t=1739815502831,20260506023545,raw/archivo/cpm/2980a5a7-b7f5-7d56-2c88-ba641d1d484d_CEOMA_enero_2011.pdf,7697c5a96ddfb33f3e3aa14bbc4d56872ae127b8b324b3a8e91ff021d7492bf1
2011-02-11,"Asunción, 11 de febrero de 2011",irm_14d,,,,,,"siguientes decisiones: 1. Fijar las tasas de interés de los Instrumentos de Regulación Monetaria para el plazo de 14 días en 6,5% y para el plazo de 35 días en 7%",accion_no_leida;varias_tasas,CEOMA_febrero_2011.pdf,62acecb6-71e0-3668-cfbb-33addd62496c,https://www.bcp.gov.py/documents/20117/0/CEOMA_febrero_2011.pdf/62acecb6-71e0-3668-cfbb-33addd62496c?t=1739815543321,20260506023842,raw/archivo/cpm/62acecb6-71e0-3668-cfbb-33addd62496c_CEOMA_febrero_2011.pdf,fc2f90c1c4a7f933de4f401f1bd92722c841d06a8b2d27e129f3ca7c21a3f626
2011-03-04,"Asunción, 04 de marzo de 2011",curva_irm,,,,,,"siguientes decisiones: 1. Fijar las tasas de interés de los Instrumentos de Regulación Monetaria para determinados plazos de la siguiente manera: 14 días 7,0% 35 días 7,5% 365 días 9,0% A estos plaz",accion_no_leida;varias_tasas,CEOMA_marzo_2011 (1).pdf,1aab638e-6bba-6aaf-715d-02705d16590a,https://www.bcp.gov.py/documents/20117/0/CEOMA_marzo_2011+%281%29.pdf/1aab638e-6bba-6aaf-715d-02705d16590a?t=1739817386667,20260506025407,raw/archivo/cpm/1aab638e-6bba-6aaf-715d-02705d16590a_CEOMA_marzo_2011_1_.pdf,e2c16bd5df91a7082849e756ed73c43b1f8c97f14f1e1d9b35b1ee1d4ec81318
2011-04-08,"Asunción, 08 de abril de 2011",curva_irm,,,8,,,siguientes decisiones: 1. Fijar las tasas de interés de los Instrumentos de Regulación Monetaria para determinados plazos de la siguiente manera: 14 días: 8%,accion_no_leida,CEOMA_abril_2011.pdf,bbd17383-62df-13a4-d679-f48c8619ff82,https://www.bcp.gov.py/documents/20117/0/CEOMA_abril_2011.pdf/bbd17383-62df-13a4-d679-f48c8619ff82?t=1739817429649,20260506023329,raw/archivo/cpm/bbd17383-62df-13a4-d679-f48c8619ff82_CEOMA_abril_2011.pdf,3b025ec1dbb45680d8973117a3bcbeab693f74c1a5fc02504fa975ea23b2f77a
2011-05-05,"Asunción, 05 de mayo de 2011",curva_irm,,,8.25,,,"siguientes decisiones: 1. Fijar las tasas de interés de los Instrumentos de Regulación Monetaria para determinados plazos de la siguiente manera: 14 días: 8,25%",accion_no_leida,CEOMA_05_may_2011 (1).pdf,c3c97c35-bfaa-7edb-db5d-a8d5ff29d50b,https://www.bcp.gov.py/documents/20117/0/CEOMA_05_may_2011+%281%29.pdf/c3c97c35-bfaa-7edb-db5d-a8d5ff29d50b?t=1739817588042,20260506024045,raw/archivo/cpm/c3c97c35-bfaa-7edb-db5d-a8d5ff29d50b_CEOMA_05_may_2011_1_.pdf,4ac446bd3c4007579f7b6f57d476d00669f3760a1888820af4c2e3b1d2fadf14
2011-07-06,"Asunción, 06 de julio de 2011",,,,,,,,sin_frase_decision,Comunicado_CEOMA_06_jul_2011.pdf,8e74b657-11bd-3034-89ae-b69c574d8bb7,https://www.bcp.gov.py/documents/20117/0/Comunicado_CEOMA_06_jul_2011.pdf/8e74b657-11bd-3034-89ae-b69c574d8bb7?t=1739817851956,20260506023106,raw/archivo/cpm/8e74b657-11bd-3034-89ae-b69c574d8bb7_Comunicado_CEOMA_06_jul_2011.pdf,b669a15b778299a1a9a9009ed0d527b508bd8ab2a56bcd83f3c475e2a7b0b8ca
2011-08-05,"Asunción, 5 de Agosto de 2011",irm_14d,aumentar,,8.5,,,"siguientes decisiones: 1.- Incrementar la tasa de interés de colocación de los Instrumentos de Regulación Monetaria de 14 días en 25 puntos básicos, quedando en 8,5%","",CEOMA_04_agost_2011.pdf,e4b8ecf9-13b8-b1f2-756e-afd580358f57,https://www.bcp.gov.py/documents/20117/0/CEOMA_04_agost_2011.pdf/e4b8ecf9-13b8-b1f2-756e-afd580358f57?t=1739817918884,20260506033149,raw/archivo/cpm/e4b8ecf9-13b8-b1f2-756e-afd580358f57_CEOMA_04_agost_2011.pdf,e0126e23b9b6923683e499be22df9c4a7280b9e4bdc60d610a156561fc3f2836
2011-09-07,"Asunción, 07 de setiembre de 2011",irm_14d,mantener,,8.5,,,"siguiente decisión: Mantener la tasa de interés de los Instrumentos de Regulación Monetaria a 14 días en 8,5%","",Comunicado_Prensa_Reunion_06_set_2011.pdf,ce453499-4e35-f80a-347a-db32e7778992,https://www.bcp.gov.py/documents/20117/0/Comunicado_Prensa_Reunion_06_set_2011.pdf/ce453499-4e35-f80a-347a-db32e7778992?t=1739817975348,20260506030544,raw/archivo/cpm/ce453499-4e35-f80a-347a-db32e7778992_Comunicado_Prensa_Reunion_06_set_2011.pdf,59e8e5181cf0ce3c37d7135362e03d2b115136a84e2449faa33b5e8f870069ad
2011-10-05,"Asunción, 5 de octubre de 2011",irm_14d,mantener,,8.5,,,"siguiente decisión: Mantener la tasa de interés de los Instrumentos de Regulación Monetaria a 14 días en 8,5%","",CEOMA_05_oct_11.pdf,618b4f11-b9ec-cdaf-09e4-f433e0fc806f,https://www.bcp.gov.py/documents/20117/0/CEOMA_05_oct_11.pdf/618b4f11-b9ec-cdaf-09e4-f433e0fc806f?t=1739818020294,20260506023008,raw/archivo/cpm/618b4f11-b9ec-cdaf-09e4-f433e0fc806f_CEOMA_05_oct_11.pdf,5f5daddbac6514592f8b6030e22e3b6c8bfeb1e3b0044240d57213a345868905
2011-12-06,"Asunción, 6 de diciembre de 2011",irm_14d,reducir,8,7.25,,,"siguiente decisión: Reducir en 75 puntos básicos la tasa de interés de los Instrumentos de Regulación Monetaria a 14 días, (pasar de 8,0% a 7,25%)","",CEOMA_06_dic_11.pdf,3d6b6f98-0a04-aa2a-6672-4a0557981fea,https://www.bcp.gov.py/documents/20117/0/CEOMA_06_dic_11.pdf/3d6b6f98-0a04-aa2a-6672-4a0557981fea?t=1739818103278,20260506023706,raw/archivo/cpm/3d6b6f98-0a04-aa2a-6672-4a0557981fea_CEOMA_06_dic_11.pdf,9cafc07b915f18a375f1938e25a388e8abefdadd5cd3aa14730de6d49a067f6a
2012-01-03,"Asunción, 3 de enero de 2012",irm_14d,reducir,7.25,6.5,,,"siguiente decisión: Reducir en 75 puntos básicos la tasa de interés de los Instrumentos de Regulación Monetaria a 14 días, (pasar de 7,25% a 6,50%)","",CEOMA_Comunicado_de_Prensa_Reunion_03_enero_2012.pdf,fdf38878-5a3f-d35f-9bb6-d887ddd4d61d,https://www.bcp.gov.py/documents/20117/0/CEOMA_Comunicado_de_Prensa_Reunion_03_enero_2012.pdf/fdf38878-5a3f-d35f-9bb6-d887ddd4d61d?t=1739820192003,20260506022348,raw/archivo/cpm/fdf38878-5a3f-d35f-9bb6-d887ddd4d61d_CEOMA_Comunicado_de_Prensa_Reunion_03_enero_2012.pdf,54d35edacfc6723ffb641964afa0147396c976b182585009291858b871650d1d
2012-02-03,"Asunción, 3 de febrero de 2012",irm_14d,mantener,,6.5,,,"decidió mantener la tasa de interés de los Instrumentos de Regulación Monetaria a 14 días en 6,50%","",Comunicado_de_Prensa_Reunion_03_febrero_2012.pdf,82a3d709-4d82-b155-cff7-695fe410ccf9,https://www.bcp.gov.py/documents/20117/0/Comunicado_de_Prensa_Reunion_03_febrero_2012.pdf/82a3d709-4d82-b155-cff7-695fe410ccf9?t=1739820242692,20260506023425,raw/archivo/cpm/82a3d709-4d82-b155-cff7-695fe410ccf9_Comunicado_de_Prensa_Reunion_03_febrero_2012.pdf,9e5b393ac36496a29fcd853c427e9632a3367b95be64b37aa931c16061b3a81d
2012-03-06,"Asunción, 6 de marzo de 2012",irm_14d,mantener,,6.5,,,"siguiente decisión: Mantener la tasa de interés de los Instrumentos de Regulación Monetaria a 14 días en 6,5%","",Comunicado_de_Prensa_Reunion_06_marzo_2012.pdf,44ec222b-6201-2b17-4a1b-2bf33c646b75,https://www.bcp.gov.py/documents/20117/0/Comunicado_de_Prensa_Reunion_06_marzo_2012.pdf/44ec222b-6201-2b17-4a1b-2bf33c646b75?t=1739820291004,20260506023128,raw/archivo/cpm/44ec222b-6201-2b17-4a1b-2bf33c646b75_Comunicado_de_Prensa_Reunion_06_marzo_2012.pdf,a9bc5d568dd055d433b6110e8614935cf99e1ef8df2b64a6ccf91e8f8142cb49
2012-04-03,"Asunción, 3 de abril de 2012",irm_14d,mantener,,6.5,,,"decidió mantener la tasa de interés de los Instrumentos de Regulación Monetaria a 14 días en 6,50%","",CEOMA_030412.pdf,75ca7fa9-564e-7197-f450-ac1cc43672f5,https://www.bcp.gov.py/documents/20117/0/CEOMA_030412.pdf/75ca7fa9-564e-7197-f450-ac1cc43672f5?t=1739820341515,20260506052358,raw/archivo/cpm/75ca7fa9-564e-7197-f450-ac1cc43672f5_CEOMA_030412.pdf,02c5c250049fd4973015fcc28b85b173f631e26a5e3a9da35f99600be9ef9403
2012-05-08,"Asunción, 8 de mayo de 2012",irm_14d,reducir,,6.25,,,"decidió reducir la tasa de 14 días en 25 puntos básicos, hasta 6,25%","",Comunicado_de_Prensa_Reunion_de_Politica_Monetaria_ 08_mayo_2012.pdf,ecd22b39-5c50-b57f-72bb-f095d17277b1,https://www.bcp.gov.py/documents/20117/0/Comunicado_de_Prensa_Reunion_de_Politica_Monetaria_+08_mayo_2012.pdf/ecd22b39-5c50-b57f-72bb-f095d17277b1?t=1739820396974,20260506025727,raw/archivo/cpm/ecd22b39-5c50-b57f-72bb-f095d17277b1_Comunicado_de_Prensa_Reunion_de_Politica_Monetaria__08_mayo_2012.pdf,e4f473ffebbe038e4b48051c352ed2d4adbfbe63e973f39b77f1866d20795780
2012-06-06,"Asunción, 6 de junio de 2012",tpm,mantener,,6.25,,,"decidió mantener la tasa de referencia de política monetaria de 14 días en 6,25%","",CEOMA_06062012.pdf,eb64aa31-d48e-3ab4-f8aa-2e55cbe06bf3,https://www.bcp.gov.py/documents/20117/0/CEOMA_06062012.pdf/eb64aa31-d48e-3ab4-f8aa-2e55cbe06bf3?t=1739820442285,20260506030037,raw/archivo/cpm/eb64aa31-d48e-3ab4-f8aa-2e55cbe06bf3_CEOMA_06062012.pdf,d0f8ed9cf73cb7640c69fd460d64980c65fb53d78d01dfddbc932df3c8d4e3b4
2012-07-10,"Asunción, 10 de julio de 2012",tpm,reducir,,6,,,"decidió reducir la tasa de referencia de política monetaria de 14 días en 25 puntos básicos, la que ahora queda en 6%","",Comunicado_de_prensa_Reunion_de_Politica_Monetaria_10_julio_2012.pdf,993dfda8-d63f-5304-7235-200a4a501da3,https://www.bcp.gov.py/documents/20117/0/Comunicado_de_prensa_Reunion_de_Politica_Monetaria_10_julio_2012.pdf/993dfda8-d63f-5304-7235-200a4a501da3?t=1739820480367,20260506031926,raw/archivo/cpm/993dfda8-d63f-5304-7235-200a4a501da3_Comunicado_de_prensa_Reunion_de_Politica_Monetaria_10_julio_2012.pdf,5f61f04ac0da92270c7e6dae1f0e3b828b650c85acbc3b4a34988b65c7a74ee6
2012-08-07,"Asunción, 07 de agosto de 2012",tpm,reducir,,5.5,,,"decidió reducir la tasa de referencia de política monetaria de 14 días en 50 puntos básicos, la que ahora queda en 5,5%","",Comunicado_de_Prensa_Reunion_de_Politica_Monetaria_07_agosto_2012.pdf,5b8fd652-6b2a-9d80-d2a4-d4cf709c4c31,https://www.bcp.gov.py/documents/20117/0/Comunicado_de_Prensa_Reunion_de_Politica_Monetaria_07_agosto_2012.pdf/5b8fd652-6b2a-9d80-d2a4-d4cf709c4c31?t=1739820525527,20260506023522,raw/archivo/cpm/5b8fd652-6b2a-9d80-d2a4-d4cf709c4c31_Comunicado_de_Prensa_Reunion_de_Politica_Monetaria_07_agosto_2012.pdf,7bf096feedbc5c0b2c9608362a6c48fd51d082a56e6f711489400227193ba735
2012-09-06,"Asunción, 6 de setiembre de 2012",tpm,mantener,,5.5,,,"decidió mantener la tasa de interés de política monetaria de 14 días en 5,5% anual","",Comunicado_de_prensa_CEOMA_06_09_2012 (1).pdf,71c0b1f1-0364-156f-439e-ddc4752a6bab,https://www.bcp.gov.py/documents/20117/0/Comunicado_de_prensa_CEOMA_06_09_2012+%281%29.pdf/71c0b1f1-0364-156f-439e-ddc4752a6bab?t=1739820631920,20260506023853,raw/archivo/cpm/71c0b1f1-0364-156f-439e-ddc4752a6bab_Comunicado_de_prensa_CEOMA_06_09_2012_1_.pdf,f8dc2f0c037b9eee5fb04d455558f5a5f1956bc80a747952eea74b8ec5354912
2012-10-09,"Asunción, 9 de octubre de 2012",tpm,mantener,,5.5,,,"decidió mantener la tasa de interés de política monetaria de 14 días en 5,5% anual","",CEOMA_Comunicado_de_prensa_09_10_2012(1).pdf,6844960b-e97c-f2f9-76f1-d858589c07c0,https://www.bcp.gov.py/documents/20117/0/CEOMA_Comunicado_de_prensa_09_10_2012%281%29.pdf/6844960b-e97c-f2f9-76f1-d858589c07c0?t=1739820793759,20260506031252,raw/archivo/cpm/6844960b-e97c-f2f9-76f1-d858589c07c0_CEOMA_Comunicado_de_prensa_09_10_2012_1_.pdf,417ce0b801b34588f708ad932c481d7bf9a60933b31adc5ac1a387852628a94d
2012-11-06,"Asunción, 06 de noviembre de 2012",tpm,mantener,,5.5,,,"decidió mantener la tasa de interés de política monetaria de 14 días en 5,5% anual","",CEOMA_06112012(3).pdf,a78e42f9-457d-8284-9062-ea687ef65ce0,https://www.bcp.gov.py/documents/20117/0/CEOMA_06112012%283%29.pdf/a78e42f9-457d-8284-9062-ea687ef65ce0?t=1739820856581,20260506025638,raw/archivo/cpm/a78e42f9-457d-8284-9062-ea687ef65ce0_CEOMA_06112012_3_.pdf,d1d4e341670f69f1be34fbafe86a45126d02aa1e3b60c9826f180f180a82a154
2012-12-06,"Asunción, 6 de diciembre de 2012",tpm,mantener,,5.5,,,"decidió mantener la tasa de interés de política monetaria de 14 días en 5,5% anual","",Comunicado_prensa_06_12_2012.pdf,49469680-b4a1-c93f-fa21-5f0e0286d8c1,https://www.bcp.gov.py/documents/20117/0/Comunicado_prensa_06_12_2012.pdf/49469680-b4a1-c93f-fa21-5f0e0286d8c1?t=1739820927187,20260506023408,raw/archivo/cpm/49469680-b4a1-c93f-fa21-5f0e0286d8c1_Comunicado_prensa_06_12_2012.pdf,e5be75f116a161bc3123963d2bb1567bc1143e63e6296aeb298ea7713087d152
2013-01-03,"Asunción, 3 de enero de 2013",tpm,mantener,,5.5,,,"decidió mantener la tasa de interés de política monetaria en 5,5% anual","",CEOMA_Comunicado_de_Prensa_03_01_2013.pdf,3d131d4e-3fe7-6d8b-75b2-ce80844deea6,https://www.bcp.gov.py/documents/20117/0/CEOMA_Comunicado_de_Prensa_03_01_2013.pdf/3d131d4e-3fe7-6d8b-75b2-ce80844deea6?t=1739884042794,20260506023151,raw/archivo/cpm/3d131d4e-3fe7-6d8b-75b2-ce80844deea6_CEOMA_Comunicado_de_Prensa_03_01_2013.pdf,1380debb81b1eddeca295b71bf34e524df738034c9d9cecfec987e1b379ae67a
2013-02-06,"Asunción, 6 de febrero de 2013",tpm,mantener,,5.5,,,"decidió mantener la tasa de interés de política monetaria en 5,5% anual","",Comunicado_ceoma_09_4_2013_espanhol_VF.pdf,f943c093-0a28-1f0e-db65-3c09f949d59e,https://www.bcp.gov.py/documents/20117/0/Comunicado_ceoma_09_4_2013_espanhol_VF.pdf/f943c093-0a28-1f0e-db65-3c09f949d59e?t=1739884183522,20260506031523,raw/archivo/cpm/f943c093-0a28-1f0e-db65-3c09f949d59e_Comunicado_ceoma_09_4_2013_espanhol_VF.pdf,d80843d0af73492e3479b3fd50b3ede5679847b693cfc6981e2d490f89a216d1
2013-03-07,"Asunción, 7 de marzo de 2013",tpm,mantener,,5.5,,,"acordó mantener la tasa de interés de política monetaria en 5,5% anual","",CEOMA_Comunicado_de_prensa_07_03_2013.pdf,ee437189-6f39-b9c6-5f59-6a221b3c1e82,https://www.bcp.gov.py/documents/20117/0/CEOMA_Comunicado_de_prensa_07_03_2013.pdf/ee437189-6f39-b9c6-5f59-6a221b3c1e82?t=1739884241767,20260506023058,raw/archivo/cpm/ee437189-6f39-b9c6-5f59-6a221b3c1e82_CEOMA_Comunicado_de_prensa_07_03_2013.pdf,1c842e2e941253091b4cdc07263576a6b5aa54ec34ec12a174479763b87575d8
2013-04-09,"Asunción, 9 de abril de 2013",tpm,mantener,,5.5,,,"acordó mantener la tasa de interés de política monetaria en 5,5% anual","",CEOMA_Comunicado_de_prensa_09_04_2013_esp.pdf,95330a31-eeec-4a8e-ed9e-e75aae66d7ef,https://www.bcp.gov.py/documents/20117/0/CEOMA_Comunicado_de_prensa_09_04_2013_esp.pdf/95330a31-eeec-4a8e-ed9e-e75aae66d7ef?t=1739884829871,20260506025405,raw/archivo/cpm/95330a31-eeec-4a8e-ed9e-e75aae66d7ef_CEOMA_Comunicado_de_prensa_09_04_2013_esp.pdf,bb5797484bcdc5c1d5bdd5d9ff598b5a52f09d7f3fa59b7b1bcf611ee05041e4
2013-05-08,"Asunción, 8 de mayo de 2013",tpm,mantener,,5.5,,,"acordó mantener la tasa de interés de política monetaria en 5,5% anual","",Mayo Ceoma_Comunicado_08_05_2013.pdf,11224aa5-79ca-452c-4550-3ef631d70844,https://www.bcp.gov.py/documents/20117/0/Mayo+Ceoma_Comunicado_08_05_2013.pdf/11224aa5-79ca-452c-4550-3ef631d70844?t=1739884932069,20260506044100,raw/archivo/cpm/11224aa5-79ca-452c-4550-3ef631d70844_Mayo_Ceoma_Comunicado_08_05_2013.pdf,acda9c72c512c8023185e647f91a21008ab83fb502079e42cc7ef325cdc5ee38
2013-06-14,"Asunción, 14 de junio de 2013",tpm,mantener,,5.5,,,"acordó mantener la tasa de interés de política monetaria en 5,5% anual","",Junio CEOMA_Comunicado_de_prensa_14_06_2013.pdf,2aee34a1-abf9-092e-9b2c-8c411be501e0,https://www.bcp.gov.py/documents/20117/0/Junio+CEOMA_Comunicado_de_prensa_14_06_2013.pdf/2aee34a1-abf9-092e-9b2c-8c411be501e0?t=1739885027353,20260506023200,raw/archivo/cpm/2aee34a1-abf9-092e-9b2c-8c411be501e0_Junio_CEOMA_Comunicado_de_prensa_14_06_2013.pdf,c8fc084a479501a66dc482efb289b222ce51258816e1b6359f60c621da1ff874
2013-07-10,"Asunción, 10 de julio de 2013",tpm,mantener,,5.5,,,"acordó mantener la tasa de interés de política monetaria en 5,5% anual","",Julio Comunicado_prensa_CEOMA_10072013.pdf,c9a9ec5e-20b6-9d4e-114e-dd86257df1e7,https://www.bcp.gov.py/documents/20117/0/Julio+Comunicado_prensa_CEOMA_10072013.pdf/c9a9ec5e-20b6-9d4e-114e-dd86257df1e7?t=1739885117281,20260506023410,raw/archivo/cpm/c9a9ec5e-20b6-9d4e-114e-dd86257df1e7_Julio_Comunicado_prensa_CEOMA_10072013.pdf,02087135862543bc05083e9acb0bad52ba8c51f27521d9b89058fcfc02ed73b6
2013-08-14,"Asunción, 14 de agosto de 2013",tpm,mantener,,5.5,,,"acordó mantener la tasa de interés de política monetaria en 5,5% anual","",Comunicado_prensa_agosto_14082013(1).pdf,904b3c0b-a894-e17d-a4b9-977bbf392c27,https://www.bcp.gov.py/documents/20117/0/Comunicado_prensa_agosto_14082013%281%29.pdf/904b3c0b-a894-e17d-a4b9-977bbf392c27?t=1739885181718,20260506030746,raw/archivo/cpm/904b3c0b-a894-e17d-a4b9-977bbf392c27_Comunicado_prensa_agosto_14082013_1_.pdf,2ab1e9f1233b02d8ba9749dd9ab91d2e9b0f46db7adf667c3f8a14fe77c88c3d
2013-09-11,"Asunción, 11 de setiembre de 2013",tpm,mantener,,5.5,,,"acordó mantener la tasa de interés de política monetaria en 5,5% anual","",Comunicado_de_Prensa_ 11_09_2013.pdf,2ce4f149-e0bb-a278-99c3-3d829d23713b,https://www.bcp.gov.py/documents/20117/0/Comunicado_de_Prensa_+11_09_2013.pdf/2ce4f149-e0bb-a278-99c3-3d829d23713b?t=1739885258322,20260506034432,raw/archivo/cpm/2ce4f149-e0bb-a278-99c3-3d829d23713b_Comunicado_de_Prensa__11_09_2013.pdf,068a2b6f6564b97456f116e770d06b2ebb348b12add61b2dc84dde9e975a39a1
2013-10-09,"Asunción, 9 de Octubre de 2013",tpm,mantener,,5.5,,,"acordó mantener la tasa de interés de política monetaria en 5,5% anual","",COMUNICADO_CEOMA_OCTUBRE_2013_espanol.pdf,1109ec8e-c4e6-2e41-02d0-8c857463331f,https://www.bcp.gov.py/documents/20117/0/COMUNICADO_CEOMA_OCTUBRE_2013_espanol.pdf/1109ec8e-c4e6-2e41-02d0-8c857463331f?t=1739885373371,20260506032610,raw/archivo/cpm/1109ec8e-c4e6-2e41-02d0-8c857463331f_COMUNICADO_CEOMA_OCTUBRE_2013_espanol.pdf,508d5698f5f5eb52eb74668a65e239fb7231f6b1ec8469f577e1d9e526294485
2013-11-13,"Asunción, 13 de Noviembre de 2013",tpm,mantener,,5.5,,,"acordó mantener la tasa de interés de política monetaria en 5,5% anual","",Comunicado_prensa_ceoma_nov_13_11_2013.pdf,1023b2bf-0b95-5723-2b3b-c3169f45a346,https://www.bcp.gov.py/documents/20117/0/Comunicado_prensa_ceoma_nov_13_11_2013.pdf/1023b2bf-0b95-5723-2b3b-c3169f45a346?t=1739885456667,20260506033306,raw/archivo/cpm/1023b2bf-0b95-5723-2b3b-c3169f45a346_Comunicado_prensa_ceoma_nov_13_11_2013.pdf,a3c4c3b00748e1758325c284851fdc3c9ac25ee62c93e50226a6c2b096796bb9
2013-12-11,"Asunción, 11 de diciembre 2013",tpm,aumentar,,6,50,unanimidad,"decidió, en forma unánime, aumentar la tasa de interés de política monetaria en 50 puntos base a 6% anual","",CEOMA diciembre(1).pdf,b6131c2d-0456-df7d-51e4-689ff4ce2275,https://www.bcp.gov.py/documents/20117/0/CEOMA+diciembre%281%29.pdf/b6131c2d-0456-df7d-51e4-689ff4ce2275?t=1739885515349,20260506024020,raw/archivo/cpm/b6131c2d-0456-df7d-51e4-689ff4ce2275_CEOMA_diciembre_1_.pdf,b59444df51611b11ab57bb3cfefe59fb718e8aa57fb323db4da34c145c00e579
2014-01-15,"Asunción, 15 de enero de 2014",tpm,aumentar,,6.5,,unanimidad,"decidió, por unanimidad, elevar la tasa de interés de política monetaria en 50 puntos básicos a 6,5% anual","",CEOMA_Enero_2014(3) (1).pdf,0abdf688-ad60-17fb-a817-342efa331ae0,https://www.bcp.gov.py/documents/20117/0/CEOMA_Enero_2014%283%29+%281%29.pdf/0abdf688-ad60-17fb-a817-342efa331ae0?t=1739890631751,20260506034304,raw/archivo/cpm/0abdf688-ad60-17fb-a817-342efa331ae0_CEOMA_Enero_2014_3_1_.pdf,d4d3e32188cbbbe037f8d3d32b6d497907de06462aa8c5c2cde5ce069bcfef1e
2014-02-18,"Asunción, 18 de febrero de 2014",tpm,aumentar,,6.75,,unanimidad,"decidió, por unanimidad, elevar la tasa de interés de política monetaria en 25 puntos básicos, a 6.75% anual","",Comunicado_CEOMA_FEBRERO_2014(1).pdf,2296ac28-7f6c-1cee-af2d-60ea21d5c9df,https://www.bcp.gov.py/documents/20117/0/Comunicado_CEOMA_FEBRERO_2014%281%29.pdf/2296ac28-7f6c-1cee-af2d-60ea21d5c9df?t=1739890711055,20260506032834,raw/archivo/cpm/2296ac28-7f6c-1cee-af2d-60ea21d5c9df_Comunicado_CEOMA_FEBRERO_2014_1_.pdf,5078b6121b19d2232ea7e84d59431473a65c069e4451ab2d827528b8aa415b3f
2014-03-18,"Asunción, 18 de Marzo de 2014",tpm,mantener,,6.75,,unanimidad,"decidió, por unanimidad, mantener la tasa de interés de política monetaria en 6,75% anual","",Ceoma_Marzo_18_2014(1) (1).pdf,fac6f9e2-3d21-1c98-f01d-2212c0f84b9c,https://www.bcp.gov.py/documents/20117/0/Ceoma_Marzo_18_2014%281%29+%281%29.pdf/fac6f9e2-3d21-1c98-f01d-2212c0f84b9c?t=1739891039148,20260506035413,raw/archivo/cpm/fac6f9e2-3d21-1c98-f01d-2212c0f84b9c_Ceoma_Marzo_18_2014_1_1_.pdf,ae5fbe5c3e141bc9eb9fd3ba0604eb7fead80c57685d066787af7aa355116abf
2014-04-15,"Asunción, 15 de Abril de 2014",tpm,mantener,,6.75,,unanimidad,"decidió, por unanimidad, mantener la tasa de interés de política monetaria en 6,75% anual","",Ceoma_Abril_2014.pdf,18cf1cff-3767-6713-f97e-b66be3c96f0d,https://www.bcp.gov.py/documents/20117/0/Ceoma_Abril_2014.pdf/18cf1cff-3767-6713-f97e-b66be3c96f0d?t=1739891211705,20260506025209,raw/archivo/cpm/18cf1cff-3767-6713-f97e-b66be3c96f0d_Ceoma_Abril_2014.pdf,ccfc70381ce46e850b727116387a9321c4cdf2d9c4473d0af5ebd17615c39a31
2014-05-20,"Asunción, 20 de mayo de 2014",tpm,mantener,,6.75,,unanimidad,"decidió, por unanimidad, mantener la tasa de interés de política monetaria en 6,75% anual","",Comunicado_CEOMA_MAYO_2014.pdf,4313e108-1f32-63e1-c130-9f3104c5e27e,https://www.bcp.gov.py/documents/20117/0/Comunicado_CEOMA_MAYO_2014.pdf/4313e108-1f32-63e1-c130-9f3104c5e27e?t=1739891279555,20260506033126,raw/archivo/cpm/4313e108-1f32-63e1-c130-9f3104c5e27e_Comunicado_CEOMA_MAYO_2014.pdf,745466408daa18e7b86cd4978263a1f74b3f913e94f59ddec8b26a0c05886de3
2014-06-17,"Asunción, 17 de junio de 2014",tpm,mantener,,6.75,,unanimidad,"decidió, por unanimidad, mantener la tasa de interés de política monetaria en 6,75% anual","",CEOMA_JUNIO_170614 (1).pdf,e07932fb-bcce-5fcf-f77f-1b81ab719b2c,https://www.bcp.gov.py/documents/20117/0/CEOMA_JUNIO_170614+%281%29.pdf/e07932fb-bcce-5fcf-f77f-1b81ab719b2c?t=1739892004844,20260506032914,raw/archivo/cpm/e07932fb-bcce-5fcf-f77f-1b81ab719b2c_CEOMA_JUNIO_170614_1_.pdf,4096f30bfda4ea8ae0f45ac1fe4ed9e1da34557e302fd0da0879306c94698731
2014-07-16,"Asunción, 16 de julio de 2014",tpm,mantener,,6.75,,unanimidad,"decidió, por unanimidad, mantener la tasa de interés de política monetaria en 6,75% anual","",CEOMA_Julio_2014 (1).pdf,19965eb4-c41e-0bd7-0650-aa3a2ce8522a,https://www.bcp.gov.py/documents/20117/0/CEOMA_Julio_2014+%281%29.pdf/19965eb4-c41e-0bd7-0650-aa3a2ce8522a?t=1739892170871,20260506031551,raw/archivo/cpm/19965eb4-c41e-0bd7-0650-aa3a2ce8522a_CEOMA_Julio_2014_1_.pdf,8deda58ca8f205acaa1827f26af7df03098adc62fde08c1f58f27ef4050a2255
2014-08-19,"Asunción, 19 de Agosto de 2014",tpm,mantener,,6.75,,unanimidad,"decidió, por unanimidad, mantener la tasa de interés de política monetaria en 6,75% anual","",Ceoma_Agosto_19_Ago_14.pdf,78e28801-216d-85b9-6b98-04addb09adec,https://www.bcp.gov.py/documents/20117/0/Ceoma_Agosto_19_Ago_14.pdf/78e28801-216d-85b9-6b98-04addb09adec?t=1739892286603,20260506025529,raw/archivo/cpm/78e28801-216d-85b9-6b98-04addb09adec_Ceoma_Agosto_19_Ago_14.pdf,e5d13766dfd76bc7d1ce9b925b13477bedb9f1169350ef659815948fa0d29459
2014-09-17,"Asunción, 17 de Setiembre de 2014",tpm,mantener,,6.75,,unanimidad,"decidió, por unanimidad, mantener la tasa de interés de política monetaria en 6,75% anual","",CEOMA_Setiembre_2014(1).pdf,cafe1481-d78d-b2ba-4ca8-74544e50e431,https://www.bcp.gov.py/documents/20117/0/CEOMA_Setiembre_2014%281%29.pdf/cafe1481-d78d-b2ba-4ca8-74544e50e431?t=1739892353826,20260506023759,raw/archivo/cpm/cafe1481-d78d-b2ba-4ca8-74544e50e431_CEOMA_Setiembre_2014_1_.pdf,7fc8b41088131040aa39ebb89f18a4699bff16b54b426f597ee45a542dd06bea
2014-10-16,"Asunción, 16 de Octubre de 2014",tpm,mantener,,6.75,,unanimidad,"decidió, por unanimidad, mantener la tasa de interés de política monetaria en 6,75% anual","",Ceoma_16_Oct_14(3).pdf,26731627-389e-03e9-731c-49231a3ee47d,https://www.bcp.gov.py/documents/20117/0/Ceoma_16_Oct_14%283%29.pdf/26731627-389e-03e9-731c-49231a3ee47d?t=1739892417664,20260506030955,raw/archivo/cpm/26731627-389e-03e9-731c-49231a3ee47d_Ceoma_16_Oct_14_3_.pdf,ba04e198412ac7e0a0b037563e8996e71f370240238cf2234bb75d8177c5afa0
2014-11-18,"Asunción, 18 de Noviembre de 2014",tpm,mantener,,6.75,,unanimidad,"decidió, por unanimidad, mantener la tasa de interés de política monetaria en 6,75% anual","",Ceoma_18_Nov_14(1).pdf,81fd6a18-c4f7-d84e-a079-9a3337f31f49,https://www.bcp.gov.py/documents/20117/0/Ceoma_18_Nov_14%281%29.pdf/81fd6a18-c4f7-d84e-a079-9a3337f31f49?t=1739892481255,20260506025348,raw/archivo/cpm/81fd6a18-c4f7-d84e-a079-9a3337f31f49_Ceoma_18_Nov_14_1_.pdf,b1c0f9057a1c71292c4b98b9a643ad698957f1465a22a2efd25706b115d1a4c3
2014-12-17,"Asunción, 17 de Diciembre de 2014",tpm,mantener,,6.75,,unanimidad,"decidió, por unanimidad, mantener la tasa de interés de política monetaria en 6,75%","",Ceoma_17_Dic_14(1).pdf,e744a4b0-7d4e-b698-865c-7cc3021fcc24,https://www.bcp.gov.py/documents/20117/0/Ceoma_17_Dic_14%281%29.pdf/e744a4b0-7d4e-b698-865c-7cc3021fcc24?t=1739892590527,20260506031453,raw/archivo/cpm/e744a4b0-7d4e-b698-865c-7cc3021fcc24_Ceoma_17_Dic_14_1_.pdf,3d3157ad5d3d2af586c9e623debb3a4e89c35c5f9fd98bb027ebfb1d26e487e4
2015-01-20,"Asunción, 20 de Enero de 2015",tpm,mantener,,6.75,,unanimidad,"decidió, por unanimidad, mantener la tasa de interés de política monetaria en 6,75%","",Ceoma_20_Enero_15.pdf,49170c08-1070-8fae-cd14-b1386fb69f47,https://www.bcp.gov.py/documents/20117/0/Ceoma_20_Enero_15.pdf/49170c08-1070-8fae-cd14-b1386fb69f47?t=1739899002613,20260506023318,raw/archivo/cpm/49170c08-1070-8fae-cd14-b1386fb69f47_Ceoma_20_Enero_15.pdf,feb367ba618469082d50708f4515345c3608fa7272fcd23341af33a2b7641d6b
2015-02-19,"Asunción, 19 de febrero de 2015",tpm,mantener,,6.75,,unanimidad,"decidió, por unanimidad, mantener la tasa de interés de política monetaria en 6,75%","",CEOMA_FEBRERO_2015.pdf,99d833b1-4e11-19ec-714e-31a6ea5b637c,https://www.bcp.gov.py/documents/20117/0/CEOMA_FEBRERO_2015.pdf/99d833b1-4e11-19ec-714e-31a6ea5b637c?t=1739899069977,20260506040119,raw/archivo/cpm/99d833b1-4e11-19ec-714e-31a6ea5b637c_CEOMA_FEBRERO_2015.pdf,a795a0fb799fbd0e852ce63164859e9b627d5c5743e6febbba6d8c302230a67e
2015-03-19,"Asunción, 19 de Marzo de 2015",tpm,reducir,,6.5,,unanimidad,"decidió, por unanimidad, reducir la tasa de interés de política monetaria en 25 puntos básicos a 6,50% anual","",Ceoma_19_Marzo_15(2).pdf,8d23c7b0-7941-62fb-6563-2a886ca29a6f,https://www.bcp.gov.py/documents/20117/0/Ceoma_19_Marzo_15%282%29.pdf/8d23c7b0-7941-62fb-6563-2a886ca29a6f?t=1739899143239,20260506030634,raw/archivo/cpm/8d23c7b0-7941-62fb-6563-2a886ca29a6f_Ceoma_19_Marzo_15_2_.pdf,ff10c90efcf9fe70090b45d08bcda4d4af323fa77f9f32777ab817f2e2e5cb35
2015-04-21,"Asunción, 21 de Abril de 2015",tpm,reducir,,6.25,,unanimidad,"decidió, por unanimidad, reducir la tasa de interés de política monetaria en 25 puntos básicos a 6,25% anual","",Ceoma_21_Abril_15(2).pdf,8505b1ee-6297-b2b8-0bff-385483b27783,https://www.bcp.gov.py/documents/20117/0/Ceoma_21_Abril_15%282%29.pdf/8505b1ee-6297-b2b8-0bff-385483b27783?t=1739899200143,20260506033906,raw/archivo/cpm/8505b1ee-6297-b2b8-0bff-385483b27783_Ceoma_21_Abril_15_2_.pdf,e88cfe9fdb3f4a819f650c9892c5b36c0aa5ebc588ec107ea48f622400e1a764
2015-05-20,"Asunción, 20 de mayo de 2015",tpm,mantener,,6.25,,unanimidad,"decidió, por unanimidad, mantener la tasa de interés de política monetaria en 6,25% anual","",CEOMA_MAYO_2015.pdf,b2f84a5e-86b1-dee4-19d8-2e622dc650c5,https://www.bcp.gov.py/documents/20117/0/CEOMA_MAYO_2015.pdf/b2f84a5e-86b1-dee4-19d8-2e622dc650c5?t=1739899265717,20260506023827,raw/archivo/cpm/b2f84a5e-86b1-dee4-19d8-2e622dc650c5_CEOMA_MAYO_2015.pdf,1746647ebe48fecc2dd352bbc63a2c88d112aede1bdb71bf4939a16a5b98ed2f
2015-06-18,"Asunción, 18 de junio de 2015",tpm,reducir,,6,,unanimidad,"decidió, por unanimidad, reducir la tasa de interés de política monetaria en 25 puntos básicos a 6,00% anual","",CEOMA_JUNIO_2015(1)(1).pdf,d5a5baa1-acca-5bb4-3ade-07c453d55d61,https://www.bcp.gov.py/documents/20117/0/CEOMA_JUNIO_2015%281%29%281%29.pdf/d5a5baa1-acca-5bb4-3ade-07c453d55d61?t=1739899330320,20260506023344,raw/archivo/cpm/d5a5baa1-acca-5bb4-3ade-07c453d55d61_CEOMA_JUNIO_2015_1_1_.pdf,091ff5a627a8dbb25dbf35f8ce8f48fce5734a2ed619f05c2889c5578f5b5eef
2015-07-21,"Asunción, 21 de Julio de 2015",tpm,reducir,,5.75,,unanimidad,"decidió, por unanimidad, reducir la tasa de interés de política monetaria en 25 puntos básicos a 5,75% anual","",Ceoma_21_Julio_15(1).pdf,fedb93c7-a149-c56c-abe3-2647852ab556,https://www.bcp.gov.py/documents/20117/0/Ceoma_21_Julio_15%281%29.pdf/fedb93c7-a149-c56c-abe3-2647852ab556?t=1739899406833,20260506032319,raw/archivo/cpm/fedb93c7-a149-c56c-abe3-2647852ab556_Ceoma_21_Julio_15_1_.pdf,05cf642972ae42b7f1adc9a4f1e983c2e039fa055b065a60641f4a0b48b6e3d6
2015-08-20,"Asunción, 20 de Agosto de 2015",tpm,mantener,,5.75,,unanimidad,"decidió, por unanimidad, mantener la tasa de interés de política monetaria en 5,75% anual","",Ceoma_20_Agosto_15(4).pdf,9f3c112d-2df3-3b72-9a17-498456767575,https://www.bcp.gov.py/documents/20117/0/Ceoma_20_Agosto_15%284%29.pdf/9f3c112d-2df3-3b72-9a17-498456767575?t=1739899472869,20260506031208,raw/archivo/cpm/9f3c112d-2df3-3b72-9a17-498456767575_Ceoma_20_Agosto_15_4_.pdf,94e0b8c693ce7bd19b61bde029ba74d443d21287d8f3da9e3785ad5be61406af
2015-09-17,"Asunción, 17 de Setiembre de 2015",tpm,mantener,,5.75,,unanimidad,"decidió, por unanimidad, mantener la tasa de interés de política monetaria en 5,75% anual","",Ceoma_17_Setiembre_15(3).pdf,651b7a11-a8d3-abd8-33ba-e2417b95a863,https://www.bcp.gov.py/documents/20117/0/Ceoma_17_Setiembre_15%283%29.pdf/651b7a11-a8d3-abd8-33ba-e2417b95a863?t=1739899541574,20260506024832,raw/archivo/cpm/651b7a11-a8d3-abd8-33ba-e2417b95a863_Ceoma_17_Setiembre_15_3_.pdf,378e7770601326695b658931bffd56b3d0c77a71859b7bb1546c3231a66d5555
2015-10-20,"Asunción, 20 de octubre de 2015",tpm,mantener,,5.75,,unanimidad,"decidió, por unanimidad, mantener la tasa de interés de política monetaria en 5,75% anual","",Ceoma_20_Octubre_15.pdf,bdc0aadc-b230-c436-05e8-c704c6a23551,https://www.bcp.gov.py/documents/20117/0/Ceoma_20_Octubre_15.pdf/bdc0aadc-b230-c436-05e8-c704c6a23551?t=1739899653365,20260506033022,raw/archivo/cpm/bdc0aadc-b230-c436-05e8-c704c6a23551_Ceoma_20_Octubre_15.pdf,513bc7fb2fbd99803b7a9a41d8453787bdb56bfe073fcb2cdc93f64586d03a83
2015-11-19,"Asunción, 19 de noviembre de 2015",tpm,mantener,,5.75,,unanimidad,"decidió, por unanimidad, mantener la tasa de interés de política monetaria en 5,75% anual","",Ceoma_19_Noviembre_15.pdf,a63b174b-caa2-8f2d-f816-f5fd73fccaf0,https://www.bcp.gov.py/documents/20117/0/Ceoma_19_Noviembre_15.pdf/a63b174b-caa2-8f2d-f816-f5fd73fccaf0?t=1739899718733,20260506025935,raw/archivo/cpm/a63b174b-caa2-8f2d-f816-f5fd73fccaf0_Ceoma_19_Noviembre_15.pdf,214e382aa5e45a11ee000150627267d5d07f5a2e5dd8ed1c40781c9b5adb363d
2015-12-17,"Asunción, 17 de diciembre de 2015",tpm,mantener,,5.75,,unanimidad,"decidió, por unanimidad, mantener la tasa de interés de política monetaria en 5,75% anual","",Ceoma_17_Diciembre_15(2).pdf,576b4cd4-8812-fb42-fe62-6fb46a442aaa,https://www.bcp.gov.py/documents/20117/0/Ceoma_17_Diciembre_15%282%29.pdf/576b4cd4-8812-fb42-fe62-6fb46a442aaa?t=1739899780882,20260506032927,raw/archivo/cpm/576b4cd4-8812-fb42-fe62-6fb46a442aaa_Ceoma_17_Diciembre_15_2_.pdf,70e16f772d4016b60e0822ac308d80ea4da42abb3ebfbc74c25ab44b42c19104
2016-01-20,"Asunción, 20 de enero de 2016",tpm,aumentar,,6,,unanimidad,"decidió, por unanimidad, aumentar la tasa de interés de política monetaria en 25 puntos básicos, a 6,0% anual","",Ceoma_20_Enero_16.pdf,27ed7909-555d-365a-1770-c3731bef72e4,https://www.bcp.gov.py/documents/20117/0/Ceoma_20_Enero_16.pdf/27ed7909-555d-365a-1770-c3731bef72e4?t=1739900036991,20260506070038,raw/archivo/cpm/27ed7909-555d-365a-1770-c3731bef72e4_Ceoma_20_Enero_16.pdf,ce05c082632cfbe3b7bcf1e90c969e9ab8d2bcccd39898470c5104072658f058
2016-02-24,"Asunción, 24 de febrero de 2016",tpm,mantener,,6,,unanimidad,"decidió, por unanimidad, mantener la tasa de interés de política monetaria en 6,0% anual","",CEOMA_FEBRERO_2016(3).pdf,4e283876-4b6c-755c-cc45-59769deeb0b3,https://www.bcp.gov.py/documents/20117/0/CEOMA_FEBRERO_2016%283%29.pdf/4e283876-4b6c-755c-cc45-59769deeb0b3?t=1739900309061,20260506023528,raw/archivo/cpm/4e283876-4b6c-755c-cc45-59769deeb0b3_CEOMA_FEBRERO_2016_3_.pdf,dafa1120993884e8b19fbee263977e3f53678acdfc1f35d97914ebdb4d5924c1
2016-03-22,"Asunción, 22 de marzo de 2016",tpm,mantener,,6,,unanimidad,"decidió, por unanimidad, mantener la tasa de interés de política monetaria en 6,0% anual","",Comunicado_CEOMA_marzo_2016_22_03_2016(1).pdf,45788253-bcc4-b3ab-d8ef-08ba8d80a793,https://www.bcp.gov.py/documents/20117/0/Comunicado_CEOMA_marzo_2016_22_03_2016%281%29.pdf/45788253-bcc4-b3ab-d8ef-08ba8d80a793?t=1739900375624,20260506031009,raw/archivo/cpm/45788253-bcc4-b3ab-d8ef-08ba8d80a793_Comunicado_CEOMA_marzo_2016_22_03_2016_1_.pdf,7c8c86468799d659561c75415b8b205f1968a4e85272354e76d76bdad3afa27f
2016-04-20,"Asunción, 20 de abril de 2016",tpm,mantener,,6,,unanimidad,"decidió, por unanimidad, mantener la tasa de interés de política monetaria en 6,0% anual","",Ceoma_20_Abril_16(1).pdf,7c572014-a31b-9fe3-e015-fea15d997c09,https://www.bcp.gov.py/documents/20117/0/Ceoma_20_Abril_16%281%29.pdf/7c572014-a31b-9fe3-e015-fea15d997c09?t=1739900449037,20260506051100,raw/archivo/cpm/7c572014-a31b-9fe3-e015-fea15d997c09_Ceoma_20_Abril_16_1_.pdf,c3d69a4eafaf94124dae93e4519b92b4b9c924bcf9703bdbe241cc18d6c51425
2016-05-24,"Asunción, 24 de mayo de 2016",tpm,reducir,,5.75,,unanimidad,"decidió, por unanimidad, reducir la tasa de interés de política monetaria en 25 puntos básicos a 5,75% anual","",Ceoma_24_Mayo_16.pdf,c5b5b0ef-f9d8-c35a-76d0-b006c0f21728,https://www.bcp.gov.py/documents/20117/0/Ceoma_24_Mayo_16.pdf/c5b5b0ef-f9d8-c35a-76d0-b006c0f21728?t=1739900508852,20260506032804,raw/archivo/cpm/c5b5b0ef-f9d8-c35a-76d0-b006c0f21728_Ceoma_24_Mayo_16.pdf,6d314d6f2818435d6ed7fdc34d7436ec281f73b0e406dcc665f9c4b40fb14db9
2016-06-22,"Asunción, 22 de junio de 2016",tpm,mantener,,5.75,,unanimidad,"decidió, por unanimidad, mantener la tasa de interés de política monetaria en 5,75% anual","",Ceoma_22_Junio_16.pdf,91cdee92-2f69-832b-18ff-b9be6871e6bc,https://www.bcp.gov.py/documents/20117/0/Ceoma_22_Junio_16.pdf/91cdee92-2f69-832b-18ff-b9be6871e6bc?t=1739900570089,20260506040239,raw/archivo/cpm/91cdee92-2f69-832b-18ff-b9be6871e6bc_Ceoma_22_Junio_16.pdf,0864d3e0ca366c3ce69337b7deb7c8362e41ec1d4c4121503e6bdc993a603967
2016-07-20,"Asunción, 20 de julio de 2016",tpm,reducir,,5.5,,unanimidad,"decidió, por unanimidad, reducir la tasa de interés de política monetaria en 25 puntos básicos a 5,50% anual","",Ceoma_20_Julio_16.pdf,402236b0-bcd3-6e3c-f9e4-b313cab9561f,https://www.bcp.gov.py/documents/20117/0/Ceoma_20_Julio_16.pdf/402236b0-bcd3-6e3c-f9e4-b313cab9561f?t=1739900631241,20260506032511,raw/archivo/cpm/402236b0-bcd3-6e3c-f9e4-b313cab9561f_Ceoma_20_Julio_16.pdf,f82343465d31dc543443e608dc4a85253fa542217488c047f77fa2a37e8e083c
2016-08-24,"Asunción, 24 de agosto de 2016",tpm,mantener,,5.5,,unanimidad,"decidió, por unanimidad, mantener la tasa de interés de política monetaria en 5,50% anual","",Ceoma_20_Agosto_16.pdf,197b954b-116e-b607-a360-4ae58df88f83,https://www.bcp.gov.py/documents/20117/0/Ceoma_20_Agosto_16.pdf/197b954b-116e-b607-a360-4ae58df88f83?t=1739900689682,20260506022749,raw/archivo/cpm/197b954b-116e-b607-a360-4ae58df88f83_Ceoma_20_Agosto_16.pdf,069f3ce1cff4071e21b5a3e68f558039e9a6a0ab40b9086020d1e86d07a1c431
2016-09-21,"Asunción, 21 de setiembre de 2016",tpm,mantener,,5.5,,unanimidad,"decidió, por unanimidad, mantener la tasa de interés de política monetaria en 5,50% anual","",Ceoma_21_Agosto_16(2).pdf,20f48ae5-d284-ed14-1bde-b5b1052ca0b2,https://www.bcp.gov.py/documents/20117/0/Ceoma_21_Agosto_16%282%29.pdf/20f48ae5-d284-ed14-1bde-b5b1052ca0b2?t=1739900778539,20260506023811,raw/archivo/cpm/20f48ae5-d284-ed14-1bde-b5b1052ca0b2_Ceoma_21_Agosto_16_2_.pdf,d64017295ab3f144be8a53843c472fbacd1171690ca105540cc2ffaeeae96100
2016-10-20,"Asunción, 20 de octubre de 2016",tpm,mantener,,5.5,,unanimidad,"decidió, por unanimidad, mantener la tasa de interés de política monetaria en 5,50% anual","",Ceoma_21_octubre_16(1).pdf,a3f9926a-8eed-ad43-5a02-028ede7a0e65,https://www.bcp.gov.py/documents/20117/0/Ceoma_21_octubre_16%281%29.pdf/a3f9926a-8eed-ad43-5a02-028ede7a0e65?t=1739900842571,20260506022543,raw/archivo/cpm/a3f9926a-8eed-ad43-5a02-028ede7a0e65_Ceoma_21_octubre_16_1_.pdf,698ad9039441bd912981ef531a6e1887ed6f6bdbbf0dab264eb24a52a48c8d33
2016-11-23,"Asunción, 23 de noviembre de 2016",tpm,mantener,,5.5,,unanimidad,"decidió, por unanimidad, mantener la tasa de interés de política monetaria en 5,50% anual","",Comunicado_CEOMA_noviembre_2016_23_11_2016(1).pdf,c2a01a99-c0ca-f17e-119d-2638deb4bd1d,https://www.bcp.gov.py/documents/20117/0/Comunicado_CEOMA_noviembre_2016_23_11_2016%281%29.pdf/c2a01a99-c0ca-f17e-119d-2638deb4bd1d?t=1739900899710,20260506034255,raw/archivo/cpm/c2a01a99-c0ca-f17e-119d-2638deb4bd1d_Comunicado_CEOMA_noviembre_2016_23_11_2016_1_.pdf,0cfb50a70076addaef78cc2a6ac70ab980ed81012a8a1ebe83bdbcaf8161ea69
2016-12-20,"Asunción, 20 de diciembre de 2016",tpm,mantener,,5.5,,unanimidad,"decidió, por unanimidad, mantener la tasa de interés de política monetaria en 5,50% anual","",Ceoma_20_diciembre_16(3).pdf,1eb1d4de-3a8a-97d5-9560-939c13536a19,https://www.bcp.gov.py/documents/20117/0/Ceoma_20_diciembre_16%283%29.pdf/1eb1d4de-3a8a-97d5-9560-939c13536a19?t=1739900957974,20260506043528,raw/archivo/cpm/1eb1d4de-3a8a-97d5-9560-939c13536a19_Ceoma_20_diciembre_16_3_.pdf,3af348900c21db99ca76fab65eda04991588277b4d9738051d4a4064ebc1c18c
2017-01-24,"Asunción, 24 de enero de 2017",tpm,mantener,,5.5,,unanimidad,"decidió, por unanimidad, mantener la tasa de interés de política monetaria en 5,50% anual","",CEOMA_enero_2017(1) (1).pdf,b50bdaaf-195b-45ae-7306-37c3018f3d60,https://www.bcp.gov.py/documents/20117/0/CEOMA_enero_2017%281%29+%281%29.pdf/b50bdaaf-195b-45ae-7306-37c3018f3d60?t=1739903600017,20260506031540,raw/archivo/cpm/b50bdaaf-195b-45ae-7306-37c3018f3d60_CEOMA_enero_2017_1_1_.pdf,7f0c347ac6c0375f2b2a233d752d4be3bb83be41ffec573c03548a7788dd31d2
2017-02-22,"Asunción, 22 de Febrero de 2017",tpm,mantener,,5.5,,unanimidad,"decidió, por unanimidad, mantener la tasa de interés de política monetaria en 5,50% anual","",Ceoma_22-febrero_17(1).pdf,1d5a73de-1b7d-e988-5d8d-98303d77be3c,https://www.bcp.gov.py/documents/20117/0/Ceoma_22-febrero_17%281%29.pdf/1d5a73de-1b7d-e988-5d8d-98303d77be3c?t=1739903666380,20260506030927,raw/archivo/cpm/1d5a73de-1b7d-e988-5d8d-98303d77be3c_Ceoma_22-febrero_17_1_.pdf,073eef001abea43edff865b2fe321b9bc6eb42321a1b6b64f6fb40772647601a
2017-03-22,"Asunción, 22 de Marzo de 2017",tpm,mantener,,5.5,,unanimidad,"decidió, por unanimidad, mantener la tasa de interés de política monetaria en 5,50% anual","",Ceoma_22_Marzo_17.pdf,1f61e628-cbd6-539e-30ba-cbcd154ca336,https://www.bcp.gov.py/documents/20117/0/Ceoma_22_Marzo_17.pdf/1f61e628-cbd6-539e-30ba-cbcd154ca336?t=1739903736406,20260506025250,raw/archivo/cpm/1f61e628-cbd6-539e-30ba-cbcd154ca336_Ceoma_22_Marzo_17.pdf,84e9b6256d5a0e791b6058bb87d552847834460ca9ac062c90572bdac410ad6a
2017-04-25,"Asunción, 25 de Abril de 2017",tpm,mantener,,5.5,,unanimidad,"decidió, por unanimidad, mantener la tasa de interés de política monetaria en 5,50% anual","",Ceoma_25_Abril_17.pdf,525284c1-1aef-be70-04d7-f8c2aa88e47f,https://www.bcp.gov.py/documents/20117/0/Ceoma_25_Abril_17.pdf/525284c1-1aef-be70-04d7-f8c2aa88e47f?t=1739903951192,20260506025603,raw/archivo/cpm/525284c1-1aef-be70-04d7-f8c2aa88e47f_Ceoma_25_Abril_17.pdf,ac5690e7cbbc2f2cddead6cca1fba2e65cd89363062680a70c131f43000728cc
2017-05-24,"Asunción, 24 de mayo de 2017",tpm,mantener,,5.5,,unanimidad,"decidió, por unanimidad, mantener la tasa de interés de política monetaria en 5,50% anual","",CEOMA_mayo_2017_24_05.pdf,e9276e46-98f9-aefc-6ce6-537bc8ec4845,https://www.bcp.gov.py/documents/20117/0/CEOMA_mayo_2017_24_05.pdf/e9276e46-98f9-aefc-6ce6-537bc8ec4845?t=1739904052224,20260506031912,raw/archivo/cpm/e9276e46-98f9-aefc-6ce6-537bc8ec4845_CEOMA_mayo_2017_24_05.pdf,a69b774b2fbbdd33ba0ca57ad3c042febc533c6d70ddb21d2f27becc6ce19835
2017-06-21,"Asunción, 21 de junio de 2017",tpm,mantener,,5.5,,unanimidad,"decidió, por unanimidad, mantener la tasa de interés de política monetaria en 5,50% anual","",Ceoma_21_Junio_17(4).pdf,acc78f92-4e9d-5027-ac2b-5b3413b42b71,https://www.bcp.gov.py/documents/20117/0/Ceoma_21_Junio_17%284%29.pdf/acc78f92-4e9d-5027-ac2b-5b3413b42b71?t=1739904105585,20260506035633,raw/archivo/cpm/acc78f92-4e9d-5027-ac2b-5b3413b42b71_Ceoma_21_Junio_17_4_.pdf,e64192387a7ea93ba6e1f6b7fbaca284d4bbf666fc3ca447464e8294828a6b82
2017-07-20,"Asunción, 20 de julio de 2017",tpm,mantener,,5.5,,unanimidad,"decidió, por unanimidad, mantener la tasa de interés de política monetaria en 5,50% anual","",Ceoma_21_Julio_17(1).pdf,7837dc32-c60f-c30e-7026-425d4a864d02,https://www.bcp.gov.py/documents/20117/0/Ceoma_21_Julio_17%281%29.pdf/7837dc32-c60f-c30e-7026-425d4a864d02?t=1739904270950,20260506033811,raw/archivo/cpm/7837dc32-c60f-c30e-7026-425d4a864d02_Ceoma_21_Julio_17_1_.pdf,15536c9b1e50aae52f9ec8a5ac9d072545ee5361795ab0534041f662878ed4ae
2017-08-23,"Asunción, 23 de agosto de 2017",tpm,reducir,,5.25,,unanimidad,"decidió, por unanimidad, reducir la tasa de interés de política monetaria en 25 puntos básicos a 5,25% anual","",CEOMA_23_agosto_2017(3)(1).pdf,3a558949-4de7-ec27-01e8-685a6de8acd2,https://www.bcp.gov.py/documents/20117/0/CEOMA_23_agosto_2017%283%29%281%29.pdf/3a558949-4de7-ec27-01e8-685a6de8acd2?t=1739904341016,20260506024233,raw/archivo/cpm/3a558949-4de7-ec27-01e8-685a6de8acd2_CEOMA_23_agosto_2017_3_1_.pdf,c843259b5b32877436d8d179b66736cc985198d5cd5fc4686be5b5612cd7db50
2017-09-21,"Asunción, 21 de setiembre de 2017",tpm,mantener,,5.25,,unanimidad,"decidió, por unanimidad, mantener la tasa de interés de política monetaria en 5,25% anual","",Ceoma_21_Setiembre_2017.pdf,13e62e9c-f69e-f22b-e42e-d9e8f7d221ea,https://www.bcp.gov.py/documents/20117/0/Ceoma_21_Setiembre_2017.pdf/13e62e9c-f69e-f22b-e42e-d9e8f7d221ea?t=1739904426291,20260506023150,raw/archivo/cpm/13e62e9c-f69e-f22b-e42e-d9e8f7d221ea_Ceoma_21_Setiembre_2017.pdf,8dfb29f277363f16d3d0d094ce7a45eea1372c1fc01c60439c2a3107c53e6bc3
2017-10-24,"Asunción, 24 de octubre de 2017",tpm,mantener,,5.25,,unanimidad,"decidió, por unanimidad, mantener la tasa de interés de política monetaria en 5,25% anual","",Ceoma_24_Octubre_2017(1).pdf,4b87e1ea-e10e-b8de-72f1-d1da4ae049af,https://www.bcp.gov.py/documents/20117/0/Ceoma_24_Octubre_2017%281%29.pdf/4b87e1ea-e10e-b8de-72f1-d1da4ae049af?t=1739904478488,20260506023829,raw/archivo/cpm/4b87e1ea-e10e-b8de-72f1-d1da4ae049af_Ceoma_24_Octubre_2017_1_.pdf,556362bb15ab93b052bc3d1000065bf917bff533267014df688b215d31e6b60b
2017-11-22,"Asunción, 22 de Noviembre de 2017",tpm,mantener,,5.25,,unanimidad,"decidió, por unanimidad, mantener la tasa de interés de política monetaria en 5,25% anual","",Ceoma_22_Noviembre_2017(1).pdf,7d498772-cc9e-cd06-8827-c5d025e6c542,https://www.bcp.gov.py/documents/20117/0/Ceoma_22_Noviembre_2017%281%29.pdf/7d498772-cc9e-cd06-8827-c5d025e6c542?t=1739904539344,20260506032703,raw/archivo/cpm/7d498772-cc9e-cd06-8827-c5d025e6c542_Ceoma_22_Noviembre_2017_1_.pdf,afe1d7666777feb5c81551ecdaf1b4e195259092aa412bf09f3977face3df3e8
2017-12-21,"Asunción, 21 de Diciembre de 2017",tpm,mantener,,5.25,,unanimidad,"decidió, por unanimidad, mantener la tasa de interés de política monetaria en 5,25% anual","",Ceoma_21_Diciembre_2017.pdf,036586a2-fabd-8691-05de-7a66544d7fdf,https://www.bcp.gov.py/documents/20117/0/Ceoma_21_Diciembre_2017.pdf/036586a2-fabd-8691-05de-7a66544d7fdf?t=1739904600595,20260506031321,raw/archivo/cpm/036586a2-fabd-8691-05de-7a66544d7fdf_Ceoma_21_Diciembre_2017.pdf,7a90b59e6669f6c17caf4c6b6eb053d8ea86e7088113f399b542471ab20f2b55
2018-01-23,"Asunción, 23 de enero de 2018",tpm,mantener,,5.25,,unanimidad,"decidió, por unanimidad, mantener la tasa de interés de política monetaria en 5,25% anual","",Comunicado_CEOMA_Enero_2018(1).pdf,b39c143a-7184-fca6-182a-5bfa829f980d,https://www.bcp.gov.py/documents/20117/0/Comunicado_CEOMA_Enero_2018%281%29.pdf/b39c143a-7184-fca6-182a-5bfa829f980d?t=1739904793806,20260506023004,raw/archivo/cpm/b39c143a-7184-fca6-182a-5bfa829f980d_Comunicado_CEOMA_Enero_2018_1_.pdf,75aacf0932b6105589ac4f8ed16524b33907878cff78d449d9debf9933e72ca6
2018-02-21,"Asunción, 21 de Febrero de 2018",tpm,mantener,,5.25,,unanimidad,"decidió, por unanimidad, mantener la tasa de interés de política monetaria en 5,25% anual","",Ceoma_21_Febrero_2018.pdf,5c67671e-5871-7f0c-e40d-73a3f837c2d0,https://www.bcp.gov.py/documents/20117/0/Ceoma_21_Febrero_2018.pdf/5c67671e-5871-7f0c-e40d-73a3f837c2d0?t=1739904945382,20260506024558,raw/archivo/cpm/5c67671e-5871-7f0c-e40d-73a3f837c2d0_Ceoma_21_Febrero_2018.pdf,7f297d5946915e9f7f8712f6b1141341c75d4e25ccbceb96e78ba341e37d42e8
2018-03-21,"Asunción, 21 de Marzo de 2018",tpm,mantener,,5.25,,unanimidad,"decidió, por unanimidad, mantener la tasa de interés de política monetaria en 5,25% anual","",Ceoma_21_Marzo_2018(2).pdf,b3bdc254-f421-bb47-c0f2-acc9caebb6c8,https://www.bcp.gov.py/documents/20117/0/Ceoma_21_Marzo_2018%282%29.pdf/b3bdc254-f421-bb47-c0f2-acc9caebb6c8?t=1739905013180,20260506022317,raw/archivo/cpm/b3bdc254-f421-bb47-c0f2-acc9caebb6c8_Ceoma_21_Marzo_2018_2_.pdf,4878b5d3140397a63153fabcb3ba52b4a1177061a15fc8cb9b512b9c179cd6b0
2018-04-24,"Asunción, 24 de Abril de 2018",tpm,mantener,,5.25,,unanimidad,"decidió, por unanimidad, mantener la tasa de interés de política monetaria en 5,25% anual","",Ceoma_24_Abril_2018.pdf,c9b64d97-8588-febe-a397-a702114c423d,https://www.bcp.gov.py/documents/20117/0/Ceoma_24_Abril_2018.pdf/c9b64d97-8588-febe-a397-a702114c423d?t=1739905930874,20260506024401,raw/archivo/cpm/c9b64d97-8588-febe-a397-a702114c423d_Ceoma_24_Abril_2018.pdf,565ca1d71722ab05db647c11957390c05f1009fc2b2ee1c2882036ea50357d22
2018-05-22,"Asunción, 22 de Mayo de 2018",tpm,mantener,,5.25,,unanimidad,"decidió, por unanimidad, mantener la tasa de interés de política monetaria en 5,25% anual","",CEOMA_22_Mayo_2018(2).pdf,d45070c5-5f12-8e98-0f48-558e33a0fe7a,https://www.bcp.gov.py/documents/20117/0/CEOMA_22_Mayo_2018%282%29.pdf/d45070c5-5f12-8e98-0f48-558e33a0fe7a?t=1739905991872,20260506023530,raw/archivo/cpm/d45070c5-5f12-8e98-0f48-558e33a0fe7a_CEOMA_22_Mayo_2018_2_.pdf,7098bf171c1234697363acf8c2676c80845259e9a5f04a52efe8e61e8361a828
2018-06-21,"Asunción, 21 de Junio de 2018",tpm,mantener,,5.25,,unanimidad,"decidió, por unanimidad, mantener la tasa de interés de política monetaria en 5,25% anual","",CEOMA_21_junio_2018.pdf,d35eff1a-bbaf-d863-852d-2ad385d10e50,https://www.bcp.gov.py/documents/20117/0/CEOMA_21_junio_2018.pdf/d35eff1a-bbaf-d863-852d-2ad385d10e50?t=1739906057636,20260506051409,raw/archivo/cpm/d35eff1a-bbaf-d863-852d-2ad385d10e50_CEOMA_21_junio_2018.pdf,f63a1a7d3012dafa582bccfbd3d50153d92b95021fcd479b8117a6d546ed24ff
2018-07-24,"Asunción, 24 de Julio de 2018",tpm,mantener,,5.25,,unanimidad,"decidió, por unanimidad, mantener la tasa de interés de política monetaria en 5,25% anual","",CEOMA_24_julio_2018.pdf,c6dae767-c099-feeb-2d67-72386a3835a3,https://www.bcp.gov.py/documents/20117/0/CEOMA_24_julio_2018.pdf/c6dae767-c099-feeb-2d67-72386a3835a3?t=1739906111005,20260506034004,raw/archivo/cpm/c6dae767-c099-feeb-2d67-72386a3835a3_CEOMA_24_julio_2018.pdf,7118bbfb1e74379ac19ab527a92717e8750c5d8a768a5eff9c422747cb18b5f0
2018-08-23,"Asunción, 23 de agosto de 2018",tpm,mantener,,5.25,,unanimidad,"decidió, por unanimidad, mantener la tasa de interés de política monetaria en 5,25% anual","",Comunicado_CEOMA_agosto_2018.pdf,c9197130-997e-2a8f-2f10-7a1080f9930f,https://www.bcp.gov.py/documents/20117/0/Comunicado_CEOMA_agosto_2018.pdf/c9197130-997e-2a8f-2f10-7a1080f9930f?t=1739906172011,20260506035232,raw/archivo/cpm/c9197130-997e-2a8f-2f10-7a1080f9930f_Comunicado_CEOMA_agosto_2018.pdf,aaf9a305f931b41503c65bdead092448575cf9c2739e95dd3497db1fcc9f79c8
2018-09-20,"Asunción, 20 de setiembre de 2018",tpm,mantener,,5.25,,unanimidad,"decidió, por unanimidad, mantener la tasa de interés de política monetaria en 5,25% anual","",Comunicado_CEOMA_setiembre_2018(1).pdf,ad978ddd-b86e-4f3f-7ac3-760d2d9c22c2,https://www.bcp.gov.py/documents/20117/0/Comunicado_CEOMA_setiembre_2018%281%29.pdf/ad978ddd-b86e-4f3f-7ac3-760d2d9c22c2?t=1739906234993,20260506033700,raw/archivo/cpm/ad978ddd-b86e-4f3f-7ac3-760d2d9c22c2_Comunicado_CEOMA_setiembre_2018_1_.pdf,eb00cc1d66cf952b143d89bb1d521eab96940f79bc2cb391b866e4167c0639a1
2018-10-23,"Asunción, 23 de octubre de 2018",tpm,mantener,,5.25,,unanimidad,"decidió, por unanimidad, mantener la tasa de interés de política monetaria en 5,25% anual","",CEOMA_octubre_2018-1.pdf,a6fe168e-1b87-9dac-628a-9a3949f070fb,https://www.bcp.gov.py/documents/20117/0/CEOMA_octubre_2018-1.pdf/a6fe168e-1b87-9dac-628a-9a3949f070fb?t=1739906297439,20260506030906,raw/archivo/cpm/a6fe168e-1b87-9dac-628a-9a3949f070fb_CEOMA_octubre_2018-1.pdf,ab7da68e894a230732ccb8db231d8cc028fee77963d615bfec810c8ead3789ca
2018-11-22,"Asunción, 22 de noviembre de 2018",tpm,mantener,,5.25,,unanimidad,"decidió, por unanimidad, mantener la tasa de interés de política monetaria en 5,25% anual","",Comunicado_CEOMA_noviembre_2018.pdf,7878f575-1b81-156c-9a5c-5ce724a44a76,https://www.bcp.gov.py/documents/20117/0/Comunicado_CEOMA_noviembre_2018.pdf/7878f575-1b81-156c-9a5c-5ce724a44a76?t=1739906365553,20260506034112,raw/archivo/cpm/7878f575-1b81-156c-9a5c-5ce724a44a76_Comunicado_CEOMA_noviembre_2018.pdf,abd3aa33537b789c3ec574d3b7ead24a0fd79f83201fd83a0780eb048417f89c
2018-12-20,"Asunción, 20 de diciembre de 2018",tpm,mantener,,5.25,,unanimidad,"decidió, por unanimidad, mantener la tasa de interés de política monetaria en 5,25% anual","",Comunicado_CEOMA_dic_2018(1).pdf,89dbd19b-290e-52ee-b616-5ec977aec8f3,https://www.bcp.gov.py/documents/20117/0/Comunicado_CEOMA_dic_2018%281%29.pdf/89dbd19b-290e-52ee-b616-5ec977aec8f3?t=1739906487889,20260506031010,raw/archivo/cpm/89dbd19b-290e-52ee-b616-5ec977aec8f3_Comunicado_CEOMA_dic_2018_1_.pdf,f16f35f06af226a97bcac44a5ccb15e6132a28cebfc63de25db68d061a0c3311
2019-01-21,"Asunción, 21 de enero de 2019",tpm,mantener,,5.25,,unanimidad,"decidió, por unanimidad, mantener la tasa de interés de política monetaria en 5,25% anual","",Comunicado_CEOMA_enero_2019(3).pdf,2c15bf67-1be9-2ddb-e0d0-d671e85fe22c,https://www.bcp.gov.py/documents/20117/0/Comunicado_CEOMA_enero_2019%283%29.pdf/2c15bf67-1be9-2ddb-e0d0-d671e85fe22c?t=1739906932137,20260506031221,raw/archivo/cpm/2c15bf67-1be9-2ddb-e0d0-d671e85fe22c_Comunicado_CEOMA_enero_2019_3_.pdf,ad0069122cf18eeb9d08d982e8d568c33528f7ee1ea816a3b64ccb430e2392c2
2019-02-22,"Asunción, 22 de febrero de 2019",tpm,reducir,,5,,unanimidad,"decidió, por unanimidad, reducir la tasa de interés de política monetaria en 25 puntos básicos a 5% anual","",CEOMA_febrero_2019(1).pdf,3ffd4380-6cad-69b0-7a28-869bc143f6e6,https://www.bcp.gov.py/documents/20117/0/CEOMA_febrero_2019%281%29.pdf/3ffd4380-6cad-69b0-7a28-869bc143f6e6?t=1739906987182,20260506024838,raw/archivo/cpm/3ffd4380-6cad-69b0-7a28-869bc143f6e6_CEOMA_febrero_2019_1_.pdf,74104b90a7a52d5d8ee22e954599f9832d62b3deb79d752a97acd431b2c891ca
2019-03-22,"Asunción, 22 de marzo de 2019",tpm,reducir,,4.75,,unanimidad,"decidió, por unanimidad, reducir la tasa de interés de política monetaria en 25 puntos básicos a 4,75% anual","",CEOMA_marzo_2019(2).pdf,0d0d2e2b-51ac-7400-ac6c-22b6a1b1116f,https://www.bcp.gov.py/documents/20117/0/CEOMA_marzo_2019%282%29.pdf/0d0d2e2b-51ac-7400-ac6c-22b6a1b1116f?t=1739907087098,20260506034426,raw/archivo/cpm/0d0d2e2b-51ac-7400-ac6c-22b6a1b1116f_CEOMA_marzo_2019_2_.pdf,51a34cd23e7e19e05b5b01c7539e766be872e530176864eca230d40724def967
2019-04-24,"Asunción, 24 de abril de 2019",tpm,mantener,,4.75,,unanimidad,"decidió, por unanimidad, mantener la tasa de interés de política monetaria en 4,75% anual","",CEOMA_abril_ 2019(1).pdf,83841168-3a02-2434-bc49-f323735dce49,https://www.bcp.gov.py/documents/20117/0/CEOMA_abril_+2019%281%29.pdf/83841168-3a02-2434-bc49-f323735dce49?t=1739907213139,20260506023437,raw/archivo/cpm/83841168-3a02-2434-bc49-f323735dce49_CEOMA_abril__2019_1_.pdf,23b661d679c29d45651016cbf72f68d96fde9f591045951bc22268ad8cc52109
2019-05-22,"Asunción, 22 de mayo de 2019",tpm,mantener,,4.75,,unanimidad,"decidió, por unanimidad, mantener la tasa de interés de política monetaria en 4,75% anual","",Comunicado_CEOMA_mayo_2019(1).pdf,dbbcd530-7de6-5307-bf04-59f3e0b1c87b,https://www.bcp.gov.py/documents/20117/0/Comunicado_CEOMA_mayo_2019%281%29.pdf/dbbcd530-7de6-5307-bf04-59f3e0b1c87b?t=1739907281934,20260506023150,raw/archivo/cpm/dbbcd530-7de6-5307-bf04-59f3e0b1c87b_Comunicado_CEOMA_mayo_2019_1_.pdf,64b50019edf876ca010a1086fcc1555beac870c1c17f3d07fc1a2beeb94293e2
2019-06-21,"Asunción, 21 de junio de 2019",tpm,mantener,,4.75,,unanimidad,"decidió, por unanimidad, mantener la tasa de interés de política monetaria en 4,75% anual","",CEOMA_junio_2019(1).pdf,62d777dd-e89c-364b-2b53-bf3e089bb2ef,https://www.bcp.gov.py/documents/20117/0/CEOMA_junio_2019%281%29.pdf/62d777dd-e89c-364b-2b53-bf3e089bb2ef?t=1739907339864,20260506042756,raw/archivo/cpm/62d777dd-e89c-364b-2b53-bf3e089bb2ef_CEOMA_junio_2019_1_.pdf,5b3efa7794ab263611f5a90eb8c0c1be185c8d236a39685973c7a7f051a7e5a7
2019-07-22,"Asunción, 22 de julio de 2019",tpm,reducir,,4.5,,unanimidad,"decidió, por unanimidad, reducir la tasa de interés de política monetaria en 25 puntos básicos a 4,50% anual","",CEOMA_julio_2019(1).pdf,303d6f55-b1f4-d591-93c5-ba03d9460a92,https://www.bcp.gov.py/documents/20117/0/CEOMA_julio_2019%281%29.pdf/303d6f55-b1f4-d591-93c5-ba03d9460a92?t=1739907394715,20260506023000,raw/archivo/cpm/303d6f55-b1f4-d591-93c5-ba03d9460a92_CEOMA_julio_2019_1_.pdf,23f5c64907d9504377f157886c5c6ee4e36658d374a877000128dcd390d67210
2019-08-21,"Asunción, 21 de agosto de 2019",tpm,reducir,,4.25,,unanimidad,"decidió, por unanimidad, reducir la tasa de interés de política monetaria en 25 puntos básicos a 4,25% anual","",Comunicado_CEOMA_agosto_2019(2).pdf,2feb90ae-13cf-119c-6d2d-1967e422c232,https://www.bcp.gov.py/documents/20117/0/Comunicado_CEOMA_agosto_2019%282%29.pdf/2feb90ae-13cf-119c-6d2d-1967e422c232?t=1739907449891,20260506023628,raw/archivo/cpm/2feb90ae-13cf-119c-6d2d-1967e422c232_Comunicado_CEOMA_agosto_2019_2_.pdf,607f86e738e65a606446dd1de2f18f1da952b52fb01492835e8ea88fef881792
2019-09-23,"Asunción, 23 de setiembre de 2019",tpm,reducir,,4,,unanimidad,"decidió, por unanimidad, reducir la tasa de interés de política monetaria en 25 puntos básicos a 4% anual","",Comunicado_CEOMA_setiembre_2019.pdf,bdf036bd-657c-09fb-5315-68906a05c8f8,https://www.bcp.gov.py/documents/20117/0/Comunicado_CEOMA_setiembre_2019.pdf/bdf036bd-657c-09fb-5315-68906a05c8f8?t=1739907505686,20260506040042,raw/archivo/cpm/bdf036bd-657c-09fb-5315-68906a05c8f8_Comunicado_CEOMA_setiembre_2019.pdf,2b0c15b51a0714825ece01e0845e12d0d4714b2a8f77565af7d9b14f3eb14484
2019-10-21,"Asunción, 21 de octubre de 2019",tpm,mantener,,4,,unanimidad,"decidió, por unanimidad, mantener la tasa de interés de política monetaria en 4% anual","",CEOMA_octubre_2019(1).pdf,fe438f06-0b1a-ff2a-384f-573045bbae25,https://www.bcp.gov.py/documents/20117/0/CEOMA_octubre_2019%281%29.pdf/fe438f06-0b1a-ff2a-384f-573045bbae25?t=1739907587599,20260506042534,raw/archivo/cpm/fe438f06-0b1a-ff2a-384f-573045bbae25_CEOMA_octubre_2019_1_.pdf,a8315090bf15896793ff808ae1ce96738daf72239ef931994487918a96105d6d
2019-11-22,"Asunción, 22 de noviembre de 2019",tpm,mantener,,4,,unanimidad,"decidió, por unanimidad, mantener la tasa de interés de política monetaria en 4,0% anual","",CEOMA_noviembre_2019.pdf,a9ff7789-42a5-3000-781d-3b61840a234c,https://www.bcp.gov.py/documents/20117/0/CEOMA_noviembre_2019.pdf/a9ff7789-42a5-3000-781d-3b61840a234c?t=1739907659279,20260506071758,raw/archivo/cpm/a9ff7789-42a5-3000-781d-3b61840a234c_CEOMA_noviembre_2019.pdf,9c337a9311a4b9acee527eae4c5b82967672d05dc0092a0377f5066f9bd899c5
2019-12-20,"Asunción, 20 de diciembre de 2019",tpm,mantener,,4,,unanimidad,"decidió, por unanimidad, mantener la tasa de interés de política monetaria en 4,0% anual","",CEOMA_diciembre_2019.pdf,3fa1d1b9-a3ad-3ce2-d881-79e8c4c8ba9e,https://www.bcp.gov.py/documents/20117/0/CEOMA_diciembre_2019.pdf/3fa1d1b9-a3ad-3ce2-d881-79e8c4c8ba9e?t=1739907713662,20260506033250,raw/archivo/cpm/3fa1d1b9-a3ad-3ce2-d881-79e8c4c8ba9e_CEOMA_diciembre_2019.pdf,e7d6ecdc5125004ea23d40a8b02caf3c312936e852de6917042d4a2b6877c16e
2020-01-23,"Asunción, 23 de enero de 2020",tpm,mantener,,4,,unanimidad,"decidió, por unanimidad, mantener la tasa de interés de política monetaria en 4,0% anual","",CPM_enero_ 2020(1).pdf,3bec9bf7-5603-7eb9-13bf-f456be016985,https://www.bcp.gov.py/documents/20117/0/CPM_enero_+2020%281%29.pdf/3bec9bf7-5603-7eb9-13bf-f456be016985?t=1739908434189,20260506025857,raw/archivo/cpm/3bec9bf7-5603-7eb9-13bf-f456be016985_CPM_enero__2020_1_.pdf,6c52cf6855c1c5838c7ce2c474f563fd553b12ef5ff56acbc9771906066132d5
2020-02-24,"Asunción, 24 de febrero de 2020",tpm,mantener,,4,,unanimidad,"decidió, por unanimidad, mantener la tasa de interés de política monetaria en 4,00% anual","",CEOMA_febrero_2020(1).pdf,f2896273-272d-cf5d-450b-fff92e36e1c5,https://www.bcp.gov.py/documents/20117/0/CEOMA_febrero_2020%281%29.pdf/f2896273-272d-cf5d-450b-fff92e36e1c5?t=1739908494676,20260506023954,raw/archivo/cpm/f2896273-272d-cf5d-450b-fff92e36e1c5_CEOMA_febrero_2020_1_.pdf,b2cdbd143e994aad88f441a4e1589157f72297cbc81f1da434ee5672eb115f73
2020-03-13,"Asunción, 13 de marzo de 2020",tpm,reducir,,3.75,,unanimidad,"decidido por unanimidad, reducir la tasa de interés de política monetaria en 25 puntos básicos, situándola en 3,75% anual","",CPM marzo 2020.pdf,b4cddda0-59db-bf9b-c7f4-e4e3c513fee8,https://www.bcp.gov.py/documents/20117/0/CPM+marzo+2020.pdf/b4cddda0-59db-bf9b-c7f4-e4e3c513fee8?t=1739908549675,20260506030511,raw/archivo/cpm/b4cddda0-59db-bf9b-c7f4-e4e3c513fee8_CPM_marzo_2020.pdf,9c0687490892a6dc5486ce8b8e3eb402f3579d43a64264a266fb48df7cfd65ab
2020-04-22,"Asunción, 22 de abril de 2020",tpm,reducir,,1.25,,unanimidad,"decidido por unanimidad, reducir la tasa de interés de política monetaria en 100 puntos básicos, situándola en 1,25% anual","",CPM_abril_2020(1).pdf,f4dff79d-72cd-3b4e-66b6-0a952c64a141,https://www.bcp.gov.py/documents/20117/0/CPM_abril_2020%281%29.pdf/f4dff79d-72cd-3b4e-66b6-0a952c64a141?t=1739908605261,20260506034427,raw/archivo/cpm/f4dff79d-72cd-3b4e-66b6-0a952c64a141_CPM_abril_2020_1_.pdf,f63c34319d62165602980aa356f9ba289e1522605c0b7c891f6956b396c7dd68
2020-05-21,"Asunción, 21 de mayo de 2020",tpm,mantener,,1.25,,unanimidad,"decidido por unanimidad, mantener la tasa de interés de política monetaria en 1,25% anual","",CPM_mayo_2020(1).pdf,6df0c6c6-9ef7-ee11-2776-787352e63932,https://www.bcp.gov.py/documents/20117/0/CPM_mayo_2020%281%29.pdf/6df0c6c6-9ef7-ee11-2776-787352e63932?t=1739908799917,20260506045113,raw/archivo/cpm/6df0c6c6-9ef7-ee11-2776-787352e63932_CPM_mayo_2020_1_.pdf,82feeb5b3d14ca7cc1e0ae18f76f0586a4f877c1bbad23b982f7b9d210bb1125
2020-06-22,"Asunción, 22 de junio de 2020",tpm,reducir,,0.75,,unanimidad,"decidido por unanimidad, reducir la tasa de interés de política monetaria en 50 puntos básicos, situándola en 0,75% anual","",CPM_junio_2020(1).pdf,8f64faca-d736-384d-2e84-e888d32d678c,https://www.bcp.gov.py/documents/20117/0/CPM_junio_2020%281%29.pdf/8f64faca-d736-384d-2e84-e888d32d678c?t=1739908850170,20260506034543,raw/archivo/cpm/8f64faca-d736-384d-2e84-e888d32d678c_CPM_junio_2020_1_.pdf,1fadebbaa408fe259377ff8b04b0b7b613931591b9b093ea2a8d91794364d28a
2020-07-23,"Asunción, 23 de julio de 2020",tpm,mantener,,0.75,,unanimidad,"decidido por unanimidad, mantener la tasa de interés de política monetaria en 0,75% anual","",CPM_julio_2020(1).pdf,58920337-a5d4-0807-5b33-33c562bc86b8,https://www.bcp.gov.py/documents/20117/0/CPM_julio_2020%281%29.pdf/58920337-a5d4-0807-5b33-33c562bc86b8?t=1739908901398,20260506023007,raw/archivo/cpm/58920337-a5d4-0807-5b33-33c562bc86b8_CPM_julio_2020_1_.pdf,ef8a553bbf1ce99e4eb9110a86783e5c76240e11208751032c14e798e6794be5
2020-08-24,"Asunción, 24 de agosto de 2020",tpm,mantener,,0.75,,unanimidad,"decidido por unanimidad, mantener la tasa de interés de política monetaria en 0,75% anual","",CPM_agosto_2020(1).pdf,a4e47b79-4d7b-3835-61e4-b94be14a1665,https://www.bcp.gov.py/documents/20117/0/CPM_agosto_2020%281%29.pdf/a4e47b79-4d7b-3835-61e4-b94be14a1665?t=1739908967751,20260506024659,raw/archivo/cpm/a4e47b79-4d7b-3835-61e4-b94be14a1665_CPM_agosto_2020_1_.pdf,f3f90f7c34e163cdfd58c365185bcfa00a4445d274a9d5326af7c213260ad277
2020-09-23,"Asunción, 23 de septiembre de 2020",tpm,mantener,,0.75,,unanimidad,"decidido por unanimidad, mantener la tasa de interés de política monetaria en 0,75% anual","",CPM_septiembre_2020(5).pdf,c4c45ea0-93e6-659a-baa3-1d33044abfa7,https://www.bcp.gov.py/documents/20117/0/CPM_septiembre_2020%285%29.pdf/c4c45ea0-93e6-659a-baa3-1d33044abfa7?t=1739909020293,20260506030710,raw/archivo/cpm/c4c45ea0-93e6-659a-baa3-1d33044abfa7_CPM_septiembre_2020_5_.pdf,285cd141674c1b66af74ef04637dcb0a729d0cf426ccc1929e4b496816b31b40
2020-10-22,"Asunción, 22 de octubre de 2020",tpm,mantener,,0.75,,unanimidad,"decidió por unanimidad, mantener la tasa de interés de política monetaria en 0,75% anual","",CPM_octubre_2020(1).pdf,dcccbafe-6e6f-4389-2da1-001ee1d53019,https://www.bcp.gov.py/documents/20117/0/CPM_octubre_2020%281%29.pdf/dcccbafe-6e6f-4389-2da1-001ee1d53019?t=1739909078572,20260506032037,raw/archivo/cpm/dcccbafe-6e6f-4389-2da1-001ee1d53019_CPM_octubre_2020_1_.pdf,d86c83dbd4ac2a495e32c6d7904ed8bb3c07f44d6e8af6bf521fcc4198975378
2020-11-23,"Asunción, 23 de noviembre de 2020",tpm,mantener,,0.75,,unanimidad,"decidió por unanimidad mantener la tasa de interés de política monetaria en 0,75% anual","",CPM_noviembre_2020(1).pdf,6d7c39a0-351f-5899-1313-28eead4e255c,https://www.bcp.gov.py/documents/20117/0/CPM_noviembre_2020%281%29.pdf/6d7c39a0-351f-5899-1313-28eead4e255c?t=1739909135034,20260506024526,raw/archivo/cpm/6d7c39a0-351f-5899-1313-28eead4e255c_CPM_noviembre_2020_1_.pdf,4558242609a158259d848f1e2e23bd87f78b4e05c9199c683985767204f7f286
2020-12-21,"Asunción, 21 de diciembre de 2020",tpm,mantener,,0.75,,unanimidad,"decidido por unanimidad, mantener la tasa de interés de política monetaria en 0,75% anual","",CPM_diciembre_2020(4).pdf,5844fdec-9f66-06f8-3f99-b8d09308b967,https://www.bcp.gov.py/documents/20117/0/CPM_diciembre_2020%284%29.pdf/5844fdec-9f66-06f8-3f99-b8d09308b967?t=1739909204585,20260506030600,raw/archivo/cpm/5844fdec-9f66-06f8-3f99-b8d09308b967_CPM_diciembre_2020_4_.pdf,6177167021a52cb8d080e778f191ee5a893b1e059087d03b348c5bf5e295afd3
2021-01-21,"Asunción, 21 de enero de 2021",tpm,mantener,,0.75,,unanimidad,"decidido por unanimidad, mantener la tasa de interés de política monetaria en 0,75% anual","",Comunicado_CPM_ene_2021_(1).pdf,e2638f5f-4f66-c330-9609-aa937220eda1,https://www.bcp.gov.py/documents/20117/0/Comunicado_CPM_ene_2021_%281%29.pdf/e2638f5f-4f66-c330-9609-aa937220eda1?t=1739910187063,20260506042605,raw/archivo/cpm/e2638f5f-4f66-c330-9609-aa937220eda1_Comunicado_CPM_ene_2021__1_.pdf,4e6e21a566232eabbc6817509f71bbe314cc4c26933689e7cac32d5dbe0e8557
2021-02-22,"Asunción, 22 de febrero de 2021",tpm,mantener,,0.75,,unanimidad,"decidió por unanimidad, mantener la tasa de interés de política monetaria en 0,75% anual","",CPM_febrero_2021(1).pdf,0a5cc250-7640-11ab-fca0-251697289545,https://www.bcp.gov.py/documents/20117/0/CPM_febrero_2021%281%29.pdf/0a5cc250-7640-11ab-fca0-251697289545?t=1739910273057,20260506025805,raw/archivo/cpm/0a5cc250-7640-11ab-fca0-251697289545_CPM_febrero_2021_1_.pdf,a11ef6a2e21eec9c520d0b43d378476d917c649f2935f92201ddd6b19d62d94a
2021-03-22,"Asunción, 22 de marzo de 2021",tpm,mantener,,0.75,,unanimidad,"decidió por unanimidad, mantener la tasa de interés de política monetaria en 0,75% anual","",Comunicado_CPM_mar_2021.pdf,1065dc34-2285-68aa-f462-d7cd9e1eece4,https://www.bcp.gov.py/documents/20117/0/Comunicado_CPM_mar_2021.pdf/1065dc34-2285-68aa-f462-d7cd9e1eece4?t=1739910334988,20260506040314,raw/archivo/cpm/1065dc34-2285-68aa-f462-d7cd9e1eece4_Comunicado_CPM_mar_2021.pdf,76148c955f254effa66ce0d2242fd15338a7851e6aceeac59916adbd49a6e0d1
2021-04-22,"Asunción, 22 de abril de 2021",tpm,mantener,,0.75,,unanimidad,"decidido por unanimidad, mantener la tasa de interés de política monetaria en 0,75% anual","",Comunicado_CPM_abr_2021(1).pdf,e497f3c0-0a73-334e-4058-958d361686c9,https://www.bcp.gov.py/documents/20117/0/Comunicado_CPM_abr_2021%281%29.pdf/e497f3c0-0a73-334e-4058-958d361686c9?t=1739910399630,20260506032506,raw/archivo/cpm/e497f3c0-0a73-334e-4058-958d361686c9_Comunicado_CPM_abr_2021_1_.pdf,c5500817a6583e3eb4e685fea427d5745c69ca8e3e173860aead7bc6dcc01f87
2021-05-24,"Asunción, 24 de mayo de 2021",tpm,mantener,,0.75,,unanimidad,"decidió por unanimidad, mantener la tasa de interés de política monetaria en 0,75% anual","",CPM_ mayo_2021(1).pdf,bc718ba0-b571-4954-d80b-b22d8ed8010b,https://www.bcp.gov.py/documents/20117/0/CPM_+mayo_2021%281%29.pdf/bc718ba0-b571-4954-d80b-b22d8ed8010b?t=1739910456258,20260506035016,raw/archivo/cpm/bc718ba0-b571-4954-d80b-b22d8ed8010b_CPM__mayo_2021_1_.pdf,2d93684fe64658a032e9e6814db54f2e3ebd621028a6a744035f1e612f3d6dd0
2021-06-21,"Asunción, 21 de junio de 2021",tpm,mantener,,0.75,,unanimidad,"decidió por unanimidad, mantener la tasa de interés de política monetaria en 0,75% anual","",CPM junio 2021(1).pdf,8a57dfa0-ea74-9a77-7be6-7056d88901a6,https://www.bcp.gov.py/documents/20117/0/CPM+junio+2021%281%29.pdf/8a57dfa0-ea74-9a77-7be6-7056d88901a6?t=1739910512484,20260506024051,raw/archivo/cpm/8a57dfa0-ea74-9a77-7be6-7056d88901a6_CPM_junio_2021_1_.pdf,63e173b302d7ebc3f629e32d1e8cc7ee3ae665552eba5dc6c65bd3756ee55b26
2021-07-22,"Asunción, 22 de julio de 2021",tpm,mantener,,0.75,,unanimidad,"decidió por unanimidad, mantener la tasa de interés de política monetaria en 0,75% anual","",CPM julio 2021(1).pdf,92dc0681-6431-a241-5d3b-68449fa868e3,https://www.bcp.gov.py/documents/20117/0/CPM+julio+2021%281%29.pdf/92dc0681-6431-a241-5d3b-68449fa868e3?t=1739910562417,20260506031648,raw/archivo/cpm/92dc0681-6431-a241-5d3b-68449fa868e3_CPM_julio_2021_1_.pdf,d08aab1832a0947f79cf5b51fb9e92d50757043035d9767e232577d874dd5e4f
2021-08-23,"Asunción, 23 de agosto de 2021",tpm,aumentar,,1,,unanimidad,"decidió por unanimidad, incrementar la tasa de interés de política monetaria en 25 puntos básicos, a 1,0%","",Comunicado CPM agosto_2021.pdf,720e6479-71c9-ce31-2b80-e64514c26ec0,https://www.bcp.gov.py/documents/20117/0/Comunicado+CPM+agosto_2021.pdf/720e6479-71c9-ce31-2b80-e64514c26ec0?t=1739910628083,20260506023908,raw/archivo/cpm/720e6479-71c9-ce31-2b80-e64514c26ec0_Comunicado_CPM_agosto_2021.pdf,8d7d63b8d790e9b98719aad71c6fb3a677a76f3fa8d048387ebfa8e04bff5884
2021-09-21,"Asunción, 21 de septiembre de 2021",tpm,aumentar,,1.5,,unanimidad,"decidió por unanimidad, incrementar la tasa de interés de política monetaria en 50 puntos básicos, a 1,5% anual","",Comunicado CPM septiembre_2021.pdf,1856a8e4-e766-fdad-efa5-6f1682ca66cc,https://www.bcp.gov.py/documents/20117/0/Comunicado+CPM+septiembre_2021.pdf/1856a8e4-e766-fdad-efa5-6f1682ca66cc?t=1739910686998,20260506071607,raw/archivo/cpm/1856a8e4-e766-fdad-efa5-6f1682ca66cc_Comunicado_CPM_septiembre_2021.pdf,30e59cabeb6413b4a89c425faf45d45573f3c5a618703ac69c73c4fdfa04e6fa
2021-10-21,"Asunción, 21 de octubre de 2021",tpm,aumentar,1.5,2.75,,unanimidad,"decidió por unanimidad, incrementar la tasa de interés de política monetaria en 125 puntos básicos, de 1,5% anual a 2,75% anual","",Comunicado CPM octubre_2021.pdf,bedc6a41-ed98-0a18-fa67-5386954290fd,https://www.bcp.gov.py/documents/20117/0/Comunicado+CPM+octubre_2021.pdf/bedc6a41-ed98-0a18-fa67-5386954290fd?t=1739910761622,20260506042906,raw/archivo/cpm/bedc6a41-ed98-0a18-fa67-5386954290fd_Comunicado_CPM_octubre_2021.pdf,6340db3596a718f857a68d2df5924bb4b07fd0ee2f40154e471f1657f7d93b1a
2021-11-22,"Asunción, 22 de noviembre de 2021",tpm,aumentar,2.75,4,,unanimidad,"decidió por unanimidad, incrementar la tasa de interés de política monetaria en 125 puntos básicos, de 2,75% anual a 4,00% anual, prosiguiendo con e","",CPM-noviembre(1)(1).pdf,acafbac3-f59b-fa51-3f9d-fa4ac0f1c9fe,https://www.bcp.gov.py/documents/20117/0/CPM-noviembre%281%29%281%29.pdf/acafbac3-f59b-fa51-3f9d-fa4ac0f1c9fe?t=1739910824666,20260506023037,raw/archivo/cpm/acafbac3-f59b-fa51-3f9d-fa4ac0f1c9fe_CPM-noviembre_1_1_.pdf,877f90f7f660089f67c77bb51cf1498175525c76921f4fd6c7ad9412d7e6e4bc
2021-12-21,"Asunción, 21 de diciembre de 2021",tpm,aumentar,4,5.25,,unanimidad,"decidió por unanimidad, incrementar la tasa de interés de política monetaria en 125 puntos básicos, de 4,00% anual a 5,25% anual","",CPM-diciembre 2021(3).pdf,a5be93bb-a51a-403b-1974-03c6c12b5cfa,https://www.bcp.gov.py/documents/20117/0/CPM-diciembre+2021%283%29.pdf/a5be93bb-a51a-403b-1974-03c6c12b5cfa?t=1739910887479,20260506032724,raw/archivo/cpm/a5be93bb-a51a-403b-1974-03c6c12b5cfa_CPM-diciembre_2021_3_.pdf,c0df911eae8fb40d478d9c9a9e76d36622cf32bcd076c943a5d4de4aa99a9b9b
2022-01-21,"Asunción, 21 de enero de 2022",tpm,aumentar,5.25,5.5,,unanimidad,"decidió por unanimidad, aumentar la tasa de interés de política monetaria en 25 puntos básicos, de 5,25% a 5,50% anual","",CPM-enero(7).pdf,4bbef965-fc58-e299-5dde-08b161d92717,https://www.bcp.gov.py/documents/20117/0/CPM-enero%287%29.pdf/4bbef965-fc58-e299-5dde-08b161d92717?t=1739970476905,20260506032207,raw/archivo/cpm/4bbef965-fc58-e299-5dde-08b161d92717_CPM-enero_7_.pdf,49bf51a1e8f807036a61b451dd194cb2f0a3acdd5103a5ea772a2afcd0f358ab
2022-02-22,"Asunción, 22 de febrero de 2022",tpm,aumentar,,5.75,,unanimidad,"decidió por unanimidad, aumentar la tasa de interés de política monetaria en 25 puntos básicos, ubicándola en 5,75% anual","",CPM-febrero-2022.pdf,374eb6ae-87e9-7812-e295-72f70045e37d,https://www.bcp.gov.py/documents/20117/0/CPM-febrero-2022.pdf/374eb6ae-87e9-7812-e295-72f70045e37d?t=1739970550396,20260506030722,raw/archivo/cpm/374eb6ae-87e9-7812-e295-72f70045e37d_CPM-febrero-2022.pdf,7ff93e3f57bfde1c2669294e03ac024e511cb0e43ba9137b7c8f8e5120b08b8c
2022-03-22,"Asunción, 22 de marzo de 2022",tpm,aumentar,,6.25,,unanimidad,"decidió por unanimidad, aumentar la tasa de interés de política monetaria en 50 puntos básicos, ubicándola en 6,25% anual","",CPM-22_marzo-2022(1).pdf,3b897c7f-90b3-23d5-41e4-9a4ffd6ab7d5,https://www.bcp.gov.py/documents/20117/0/CPM-22_marzo-2022%281%29.pdf/3b897c7f-90b3-23d5-41e4-9a4ffd6ab7d5?t=1739970958029,20260506043807,raw/archivo/cpm/3b897c7f-90b3-23d5-41e4-9a4ffd6ab7d5_CPM-22_marzo-2022_1_.pdf,aa654d557e3851451325b9c248077baad410b842f2da11ed7e55a2060f90bb1a
2022-04-22,"Asunción, 22 abril de 2022",tpm,aumentar,,6.75,,unanimidad,"decidió por unanimidad, aumentar la tasa de interés de política monetaria en 50 puntos básicos, ubicándola en 6,75% anual","",CPM-Comunicado abril 2022_.pdf,0f356415-d98d-a07e-b5f8-8536d0e2c54c,https://www.bcp.gov.py/documents/20117/0/CPM-Comunicado+abril+2022_.pdf/0f356415-d98d-a07e-b5f8-8536d0e2c54c?t=1739971019592,20260506023657,raw/archivo/cpm/0f356415-d98d-a07e-b5f8-8536d0e2c54c_CPM-Comunicado_abril_2022_.pdf,be4ca38fe59e33bc43aaa7e556b8d68ff490e893f4a02edacfbb2b6606ff35b4
2022-05-20,"Asunción, 20 mayo de 2022",tpm,aumentar,,7.25,,unanimidad,"decidió por unanimidad, aumentar la tasa de interés de política monetaria en 50 puntos básicos, ubicándola en 7,25% anual","",Comunicado CPM mayo 2022(1).pdf,e24fe6d3-e23c-e899-1b6e-9ab8a0adca16,https://www.bcp.gov.py/documents/20117/0/Comunicado+CPM+mayo+2022%281%29.pdf/e24fe6d3-e23c-e899-1b6e-9ab8a0adca16?t=1739971084828,20260506033616,raw/archivo/cpm/e24fe6d3-e23c-e899-1b6e-9ab8a0adca16_Comunicado_CPM_mayo_2022_1_.pdf,b07c1aff4ca28289f8ef971dfc2c43208dcd09d72e4d14ded1c65ce83938c4ab
2022-06-21,"Asunción, 21 de junio de 2022",tpm,aumentar,,7.75,,unanimidad,"decidió por unanimidad, aumentar la tasa de interés de política monetaria en 50 puntos básicos, ubicándola en 7,75% anual","",Comunicado CPM junio 2022vf.pdf,1ada2901-98be-d83c-85aa-bb28ddc45c1d,https://www.bcp.gov.py/documents/20117/0/Comunicado+CPM+junio+2022vf.pdf/1ada2901-98be-d83c-85aa-bb28ddc45c1d?t=1739971146577,20260506034134,raw/archivo/cpm/1ada2901-98be-d83c-85aa-bb28ddc45c1d_Comunicado_CPM_junio_2022vf.pdf,150efa6976e28e82de8b36e3fa3aabc267cd3f6bb20fde72681b3bd457b5d16e
2022-07-22,"Asunción, 22 de julio de 2022",tpm,aumentar,,8,,unanimidad,"decidió por unanimidad, aumentar la tasa de interés de política monetaria en 25 puntos básicos, ubicándola en 8,0% anual","",CPM-Comunicado julio.pdf,d4a7a7b4-2992-6e4e-844c-f65c1848df21,https://www.bcp.gov.py/documents/20117/0/CPM-Comunicado+julio.pdf/d4a7a7b4-2992-6e4e-844c-f65c1848df21?t=1739971197376,20260506031757,raw/archivo/cpm/d4a7a7b4-2992-6e4e-844c-f65c1848df21_CPM-Comunicado_julio.pdf,6f849f58e0859d20c881227a3276f4cab893437b350eb7839ccde7ff48445dc2
2022-08-23,"Asunción, 23 de agosto de 2022",tpm,aumentar,,8.25,,unanimidad,"decidió por unanimidad, aumentar la tasa de interés de política monetaria en 25 puntos básicos, ubicándola en 8,25% anual","",Comunicado_CPM_agosto(1) (1).pdf,37d6ad5d-f985-398d-ad47-7e27ddbd8589,https://www.bcp.gov.py/documents/20117/0/Comunicado_CPM_agosto%281%29+%281%29.pdf/37d6ad5d-f985-398d-ad47-7e27ddbd8589?t=1753799312693,20260506051138,raw/archivo/cpm/37d6ad5d-f985-398d-ad47-7e27ddbd8589_Comunicado_CPM_agosto_1_1_.pdf,2339d2ddbda696866dc04696382f64a22d474a9209a47ee774cca9b183e0fb52
2022-09-22,"Asunción, 22 de septiembre de 2022",tpm,aumentar,,8.5,,unanimidad,"decidió por unanimidad, aumentar la tasa de interés de política monetaria en 25 puntos básicos, ubicándola en 8,50% anual","",Comunicado CPM septiembre.pdf,e70163e6-75c8-3ab5-2293-15254cfd582b,https://www.bcp.gov.py/documents/20117/0/Comunicado+CPM+septiembre.pdf/e70163e6-75c8-3ab5-2293-15254cfd582b?t=1739971315942,20260506030423,raw/archivo/cpm/e70163e6-75c8-3ab5-2293-15254cfd582b_Comunicado_CPM_septiembre.pdf,c3f66668b3b484d3c02842e0d122f8a95e43e33f98379478b4872ebce362e56c
2022-10-21,"Asunción, 21 de octubre de 2022",tpm,mantener,,8.5,,unanimidad,"decidió por unanimidad, mantener la tasa de interés de política monetaria en 8,50% anual","",Comunicado CPM octubre(1).pdf,6943eaa6-6588-67d8-2db7-7a374f331672,https://www.bcp.gov.py/documents/20117/0/Comunicado+CPM+octubre%281%29.pdf/6943eaa6-6588-67d8-2db7-7a374f331672?t=1739971368165,20260506032334,raw/archivo/cpm/6943eaa6-6588-67d8-2db7-7a374f331672_Comunicado_CPM_octubre_1_.pdf,92eef989e5389848b5dbab9b9fe53c6ce94f1afac00e333e10f9d102067f7a69
2022-11-22,"Asunción, 22 de noviembre de 2022",tpm,mantener,,8.5,,unanimidad,"decidió por unanimidad, mantener la tasa de interés de política monetaria en 8,50% anual","",Comunicado CPM noviembre(1).pdf,92cb6201-d92d-6b80-cbf2-72d7c219631a,https://www.bcp.gov.py/documents/20117/0/Comunicado+CPM+noviembre%281%29.pdf/92cb6201-d92d-6b80-cbf2-72d7c219631a?t=1739971425725,20260506023702,raw/archivo/cpm/92cb6201-d92d-6b80-cbf2-72d7c219631a_Comunicado_CPM_noviembre_1_.pdf,4d4c6d3eccb0f2273bd28f29c94b5af960413715e3d72d6ce58a302f7455022d
2022-12-20,"Asunción, 20 de diciembre de 2022",tpm,mantener,,8.5,,unanimidad,"decidió por unanimidad, mantener la tasa de interés de política monetaria en 8,50% anual","",CPM-Comunicado diciembre 2022.pdf,d3035ab8-4897-ffb8-a1b2-cc0eb59c2b14,https://www.bcp.gov.py/documents/20117/0/CPM-Comunicado+diciembre+2022.pdf/d3035ab8-4897-ffb8-a1b2-cc0eb59c2b14?t=1739971494222,20260506043651,raw/archivo/cpm/d3035ab8-4897-ffb8-a1b2-cc0eb59c2b14_CPM-Comunicado_diciembre_2022.pdf,a2b803f19385ea99882e6de5a7318b54ff08c2d0d6273f40a40515785dab8ddc
2023-01-24,"Asunción, 24 de enero de 2023",tpm,mantener,,8.5,,unanimidad,"decidió por unanimidad, mantener la tasa de interés de política monetaria en 8,50% anual En su decisión, el CPM ha evaluad","",CPM-Comunicado enero 2023(1).pdf,992d6294-7b55-dc17-de27-a94502ae3a22,https://www.bcp.gov.py/documents/20117/0/CPM-Comunicado+enero+2023%281%29.pdf/992d6294-7b55-dc17-de27-a94502ae3a22?t=1739971745933,20260506030524,raw/archivo/cpm/992d6294-7b55-dc17-de27-a94502ae3a22_CPM-Comunicado_enero_2023_1_.pdf,3ef48c00435f64df408452cfbbb5f62fed37e0acc2881704a574a12cdb555579
2023-02-22,"Asunción, 22 de febrero de 2023",tpm,mantener,,8.5,,unanimidad,"decidió por unanimidad, mantener la tasa de interés de política monetaria en 8,50% anual En su decisión, el CPM ha evaluad","",CPM_febrero(4).pdf,012488d1-c18b-338d-0a8b-bdc342472969,https://www.bcp.gov.py/documents/20117/0/CPM_febrero%284%29.pdf/012488d1-c18b-338d-0a8b-bdc342472969?t=1739971873654,20260506033138,raw/archivo/cpm/012488d1-c18b-338d-0a8b-bdc342472969_CPM_febrero_4_.pdf,2e175c314467bff9b53edb7f46f93cd6e2e9f0390109cfdeb2356627d85b4612
2023-03-22,"Asunción, 22 de marzo de 2023",tpm,mantener,,8.5,,unanimidad,"decidió por unanimidad, mantener la tasa de interés de política monetaria en 8,50% anual","",CPM_comunicado marzo 2023(2).pdf,c217b61e-baab-9e0a-33f2-c17aa4241a1f,https://www.bcp.gov.py/documents/20117/0/CPM_comunicado+marzo+2023%282%29.pdf/c217b61e-baab-9e0a-33f2-c17aa4241a1f?t=1739971949607,20260506031248,raw/archivo/cpm/c217b61e-baab-9e0a-33f2-c17aa4241a1f_CPM_comunicado_marzo_2023_2_.pdf,d2f06576a3924eee45f37d2d91f091bfe3f51c6738a6a67b4a5448b7ce3f4ea4
2023-04-21,"Asunción, 21 de abril de 2023",tpm,mantener,,8.5,,unanimidad,"decidió por unanimidad, mantener la tasa de interés de política monetaria en 8,5% anual","",CPM_comunicado abril 2023(1).pdf,2f2d3f42-7f18-98b5-39e2-8e7205ed90ed,https://www.bcp.gov.py/documents/20117/0/CPM_comunicado+abril+2023%281%29.pdf/2f2d3f42-7f18-98b5-39e2-8e7205ed90ed?t=1739972195879,20260506032204,raw/archivo/cpm/2f2d3f42-7f18-98b5-39e2-8e7205ed90ed_CPM_comunicado_abril_2023_1_.pdf,306191659f97e8f16f30a1fcb6804fa1c38607af0863b9c7ce84f5bbae4e50f6
2023-05-23,"Asunción, 23 de mayo de 2023",tpm,mantener,,8.5,,unanimidad,"decidió por unanimidad, mantener la tasa de interés de política monetaria en 8,5% anual","",CPM_comunicado mayo 2023_VF.pdf,c26bddb6-803a-5776-22f8-ee80d3c91402,https://www.bcp.gov.py/documents/20117/0/CPM_comunicado+mayo+2023_VF.pdf/c26bddb6-803a-5776-22f8-ee80d3c91402?t=1739972256294,20260506022755,raw/archivo/cpm/c26bddb6-803a-5776-22f8-ee80d3c91402_CPM_comunicado_mayo_2023_VF.pdf,f9973f9cb9b0d7e54a9034765097347869dd6d2b5f7a7d5fdf7b9a19dcbb7d18
2023-06-23,"Asunción, 23 de junio de 2023",tpm,mantener,,8.5,,unanimidad,"decidió por unanimidad, mantener la tasa de interés de política monetaria en 8,5% anual","",CPM_comunicado junio 2023(1).pdf,f39dc43a-1fc6-8716-98cf-0af3e7e006e6,https://www.bcp.gov.py/documents/20117/0/CPM_comunicado+junio+2023%281%29.pdf/f39dc43a-1fc6-8716-98cf-0af3e7e006e6?t=1739972319879,20260506033435,raw/archivo/cpm/f39dc43a-1fc6-8716-98cf-0af3e7e006e6_CPM_comunicado_junio_2023_1_.pdf,a76b23cb959edc8ab15e34d90a116ee675177e03a6905b85020b223ff5150090
2023-07-21,"Asunción, 21 de julio de 2023",tpm,mantener,,8.5,,mayoria,"decidió por mayoría, mantener la tasa de interés de política monetaria en 8,5% anual","",CPM_comunicado julio 2023_final.pdf,ba508551-97b8-4024-65e6-3324b090e352,https://www.bcp.gov.py/documents/20117/0/CPM_comunicado+julio+2023_final.pdf/ba508551-97b8-4024-65e6-3324b090e352?t=1739972416544,20260506031436,raw/archivo/cpm/ba508551-97b8-4024-65e6-3324b090e352_CPM_comunicado_julio_2023_final.pdf,5f13f6e2a788203a035e6c39ee63da6a320b127e5591f141291163d2d9840175
2023-08-23,"Asunción, 23 de agosto de 2023",tpm,reducir,8.5,8.25,,unanimidad,"decidió por unanimidad, reducir la tasa de interés de política monetaria en 25 puntos básicos (pb), de 8,50% a 8,25% anual","",CPM_comunicado agosto 2023_ final(1).pdf,2892bdac-22d7-138d-9886-6003bbcb7c0d,https://www.bcp.gov.py/documents/20117/0/CPM_comunicado+agosto+2023_+final%281%29.pdf/2892bdac-22d7-138d-9886-6003bbcb7c0d?t=1739972485372,20260506023017,raw/archivo/cpm/2892bdac-22d7-138d-9886-6003bbcb7c0d_CPM_comunicado_agosto_2023__final_1_.pdf,62ad27053dcab000c5a0d121792469d7085c997f2475b05b6d5e2b6deda8c6dc
2023-10-24,"Asunción, 24 de octubre de 2023",tpm,reducir,8,7.75,,unanimidad,"decidió, por unanimidad, reducir la tasa de interés de política monetaria en 25 puntos básicos (pb), de 8,00% a 7,75% anual","",Comunicado CPM Octubre 2023(1).pdf,2d9995ee-c010-a00c-aeba-ec504dc5986e,https://www.bcp.gov.py/documents/20117/0/Comunicado+CPM+Octubre+2023%281%29.pdf/2d9995ee-c010-a00c-aeba-ec504dc5986e?t=1739972596365,20260506024350,raw/archivo/cpm/2d9995ee-c010-a00c-aeba-ec504dc5986e_Comunicado_CPM_Octubre_2023_1_.pdf,16321b8d7cf55a96f3348b4b61ceaf5b1a181034de91d44f676c6b72ef7aaed6
2023-11-22,"Asunción, 22 de noviembre de 2023",tpm,reducir,7.75,7.25,,mayoria,"decidió, por mayoría, reducir la tasa de interés de política monetaria en 50 puntos básicos (pb), de 7,75% a 7,25% anual","",Comunicado CPM Noviembre 2023.pdf,aaa27638-2280-a056-67b9-0373107b53f8,https://www.bcp.gov.py/documents/20117/0/Comunicado+CPM+Noviembre+2023.pdf/aaa27638-2280-a056-67b9-0373107b53f8?t=1739972657732,20260506064426,raw/archivo/cpm/aaa27638-2280-a056-67b9-0373107b53f8_Comunicado_CPM_Noviembre_2023.pdf,29c825d235cd56b1d3e99dfe01d0d053a809361a8639ee5ae7ebb313cf464875
2023-12-20,"Asunción, 20 de diciembre de 2023",tpm,reducir,7.25,6.75,,unanimidad,"decidió, por unanimidad, reducir la tasa de interés de política monetaria en 50 puntos básicos (pb), de 7,25% a 6,75% anual","",Comunicado CPM Diciembre 2023(1).pdf,33268381-42e7-bd3b-c438-1e3b567f7e0a,https://www.bcp.gov.py/documents/20117/0/Comunicado+CPM+Diciembre+2023%281%29.pdf/33268381-42e7-bd3b-c438-1e3b567f7e0a?t=1739972715877,20260506045930,raw/archivo/cpm/33268381-42e7-bd3b-c438-1e3b567f7e0a_Comunicado_CPM_Diciembre_2023_1_.pdf,c9d82d0a3f201b100e00d844d4d35247c1330aad46364314ade72f2321cd671a
2024-01-19,"Asunción, 19 de enero de 2024",tpm,reducir,6.75,6.5,,unanimidad,"decidió, por unanimidad, reducir la tasa de interés de política monetaria (TPM) en 25 puntos básicos (pb), de 6,75% a 6,50% anual","",Comunicado CPM enero 2024.pdf,3b7b474d-76d5-c978-9ecf-6205be17db86,https://www.bcp.gov.py/documents/20117/0/Comunicado+CPM+enero+2024.pdf/3b7b474d-76d5-c978-9ecf-6205be17db86?t=1739973193257,20260506030228,raw/archivo/cpm/3b7b474d-76d5-c978-9ecf-6205be17db86_Comunicado_CPM_enero_2024.pdf,f0f64b0db2b8891fb3c3e07fdb4d53dc48abdea7b9b36a87c38399427d77c50d
2024-02-19,"Asunción, 19 de febrero de 2024",tpm,reducir,6.5,6.25,,unanimidad,"decidió, por unanimidad, reducir la tasa de interés de política monetaria (TPM) en 25 puntos básicos (pb), de 6,50% a 6,25% anual","",Comunicado CPM febrero 2024.pdf,a02c3882-33fd-6741-09f0-8e887d574499,https://www.bcp.gov.py/documents/20117/0/Comunicado+CPM+febrero+2024.pdf/a02c3882-33fd-6741-09f0-8e887d574499?t=1739973251643,20260506040906,raw/archivo/cpm/a02c3882-33fd-6741-09f0-8e887d574499_Comunicado_CPM_febrero_2024.pdf,ffc9fb7daf9904dc49040636e3467a0099288a87d937050d3d1679c58d5f23f6
2024-03-21,"Asunción, 21 de marzo de 2024",tpm,reducir,6.25,6,,unanimidad,"decidió, por unanimidad, reducir la tasa de interés de política monetaria (TPM) en 25 puntos básicos (pb), de 6,25% a 6,00% anual","",Comunicado CPM marzo 2024.pdf,727cf4b8-cf61-e445-ea41-261119782a46,https://www.bcp.gov.py/documents/20117/0/Comunicado+CPM+marzo+2024.pdf/727cf4b8-cf61-e445-ea41-261119782a46?t=1739973320598,20260506024437,raw/archivo/cpm/727cf4b8-cf61-e445-ea41-261119782a46_Comunicado_CPM_marzo_2024.pdf,7b12b7f40be56960d0ec7e5846b071b573d7ed5f1d227414ea2e468c602723d1
2024-04-22,"Asunción, 22 de abril de 2024",tpm,mantener,,6,,unanimidad,"decidió, por unanimidad, mantener la tasa de interés de política monetaria (TPM) en 6,00% anual","",Comunicado CPM abril 2024_(1).pdf,378630ad-2095-360b-61ab-03f3c4078309,https://www.bcp.gov.py/documents/20117/0/Comunicado+CPM+abril+2024_%281%29.pdf/378630ad-2095-360b-61ab-03f3c4078309?t=1739973499213,20260506022634,raw/archivo/cpm/378630ad-2095-360b-61ab-03f3c4078309_Comunicado_CPM_abril_2024__1_.pdf,a447cd873d60fb4eb69e4b5c6d2d91e70b9ccdd6d91235d793d4cb2252c4455c
2024-05-21,"Asunción, 21 de mayo de 2024",tpm,mantener,,6,,unanimidad,"decidió, por unanimidad, mantener la tasa de interés de política monetaria (TPM) en 6,00% anual","",Comunicado CPM mayo 2024_(1).pdf,054968ac-dc08-2fb5-0c40-9456af0220b9,https://www.bcp.gov.py/documents/20117/0/Comunicado+CPM+mayo+2024_%281%29.pdf/054968ac-dc08-2fb5-0c40-9456af0220b9?t=1739973555962,20260506033349,raw/archivo/cpm/054968ac-dc08-2fb5-0c40-9456af0220b9_Comunicado_CPM_mayo_2024__1_.pdf,0de74cae67068d565c00ccdec2d0c244c3f0846766e5de1a12b3989da610fef9
2024-06-20,"Asunción, 20 de junio de 2024",tpm,mantener,,6,,unanimidad,"decidió, por unanimidad, mantener la tasa de interés de política monetaria (TPM) en 6,00% anual","",Comunicado CPM junio 2024 vf(1).pdf,1fd38d17-0edd-06da-1e39-98dce1aa33c9,https://www.bcp.gov.py/documents/20117/0/Comunicado+CPM+junio+2024+vf%281%29.pdf/1fd38d17-0edd-06da-1e39-98dce1aa33c9?t=1739973612694,20260506042549,raw/archivo/cpm/1fd38d17-0edd-06da-1e39-98dce1aa33c9_Comunicado_CPM_junio_2024_vf_1_.pdf,e903fee289aa791596519ed4ffc21cb5a390f17dc1bdece3223eef0018d6c005
2024-07-22,"Asunción, 22 de julio de 2024",tpm,mantener,,6,,unanimidad,"decidió, por unanimidad, mantener la tasa de interés de política monetaria (TPM) en 6,0% anual","",Comunicado CPM julio 2024 vf.pdf,d3a05beb-3c13-0b74-0e5f-314a37897b56,https://www.bcp.gov.py/documents/20117/0/Comunicado+CPM+julio+2024+vf.pdf/d3a05beb-3c13-0b74-0e5f-314a37897b56?t=1739973670548,20260506024613,raw/archivo/cpm/d3a05beb-3c13-0b74-0e5f-314a37897b56_Comunicado_CPM_julio_2024_vf.pdf,2e13e1bdb77788e3970cbc136081eb0a5c922d630f2a28317b74b21f6055f296
2024-08-22,"Asunción, 22 de agosto de 2024",tpm,mantener,,6,,unanimidad,"decidió, por unanimidad, mantener la tasa de interés de política monetaria (TPM) en 6,0% anual","",Comunicado CPM agosto 2024.pdf,7c274c86-4144-ab0c-1af5-3d63c4546285,https://www.bcp.gov.py/documents/20117/0/Comunicado+CPM+agosto+2024.pdf/7c274c86-4144-ab0c-1af5-3d63c4546285?t=1739973749730,20260506032850,raw/archivo/cpm/7c274c86-4144-ab0c-1af5-3d63c4546285_Comunicado_CPM_agosto_2024.pdf,675f85f83146f4c274dafdb3906071636084553eb585db214cd7d9567dc55465
2024-09-20,"Asunción, 20 de septiembre de 2024",tpm,mantener,,6,,unanimidad,"decidió, por unanimidad, mantener la tasa de interés de política monetaria (TPM) en 6,0% anual","",Comunicado CPM septiembre 2024_vf(1).pdf,2d5316aa-248f-d0e5-738a-c125c3909088,https://www.bcp.gov.py/documents/20117/0/Comunicado+CPM+septiembre+2024_vf%281%29.pdf/2d5316aa-248f-d0e5-738a-c125c3909088?t=1739973817181,20260506042856,raw/archivo/cpm/2d5316aa-248f-d0e5-738a-c125c3909088_Comunicado_CPM_septiembre_2024_vf_1_.pdf,4ec566cd41816975d5982434748c08bd3cc6256a8c853c367494cc7a1ff8bd2b
2024-10-21,"Asunción, 21 de octubre de 2024",tpm,mantener,,6,,unanimidad,"decidió, por unanimidad, mantener la tasa de interés de política monetaria (TPM) en 6,0% anual","",Comunicado CPM octubre 2024_vf.pdf,7b76b6a2-9823-ead0-1869-d64164b9ef74,https://www.bcp.gov.py/documents/20117/0/Comunicado+CPM+octubre+2024_vf.pdf/7b76b6a2-9823-ead0-1869-d64164b9ef74?t=1739973876381,20260506031746,raw/archivo/cpm/7b76b6a2-9823-ead0-1869-d64164b9ef74_Comunicado_CPM_octubre_2024_vf.pdf,6c7ad0c6f1d6c0722baf81fa459b1793224978a74b05c65111b3d9dca4466bc1
2024-11-19,"Asunción, 19 de noviembre de 2024",tpm,mantener,,6,,unanimidad,"decidió, por unanimidad, mantener la tasa de interés de política monetaria (TPM) en 6,0% anual","",Comunicado CPM noviembre 2024 vf(1).pdf,d6d05f2e-12db-50ab-816f-838cd79d3536,https://www.bcp.gov.py/documents/20117/0/Comunicado+CPM+noviembre+2024+vf%281%29.pdf/d6d05f2e-12db-50ab-816f-838cd79d3536?t=1739973951146,20260506033804,raw/archivo/cpm/d6d05f2e-12db-50ab-816f-838cd79d3536_Comunicado_CPM_noviembre_2024_vf_1_.pdf,684fe8f44960020ddbeaf2a3f078e5adf4e98118477fc7c71e3c50c5076187e5
2024-12-19,"Asunción, 19 de diciembre de 2024",tpm,mantener,,6,,unanimidad,"decidió, por unanimidad, mantener la tasa de interés de política monetaria (TPM) en 6,0% anual","",Comunicado CPM diciembre 2024_vf.pdf,44adea4e-77c7-c50e-8f5b-8795157d8625,https://www.bcp.gov.py/documents/20117/0/Comunicado+CPM+diciembre+2024_vf.pdf/44adea4e-77c7-c50e-8f5b-8795157d8625?t=1739974092960,20260506022445,raw/archivo/cpm/44adea4e-77c7-c50e-8f5b-8795157d8625_Comunicado_CPM_diciembre_2024_vf.pdf,29beab6ada469114395d93f129bc6658dd7c961f4f82c7f6e1f1d9cbb32e3176
2025-01-23,"Asunción, 23 de enero de 2025",tpm,mantener,,6,,unanimidad,"decidió, por unanimidad, mantener la tasa de interés de política monetaria (TPM) en 6,0% anual","",Comunicado CPM enero 2025 vf.pdf,868d46b6-0693-3a76-769b-7875627a7a2f,https://www.bcp.gov.py/documents/20117/0/Comunicado+CPM+enero+2025+vf.pdf/868d46b6-0693-3a76-769b-7875627a7a2f?t=1739974189416,20260506022756,raw/archivo/cpm/868d46b6-0693-3a76-769b-7875627a7a2f_Comunicado_CPM_enero_2025_vf.pdf,e2e05a9c8e477109f94db58dcb34c35cecf4cfe547045faa40a69cdc76db8928
2025-02-21,"Asunción, 21 de febrero de 2025",tpm,mantener,,6,,unanimidad,"decidió, por unanimidad, mantener la tasa de interés de política monetaria (TPM) en 6,0% anual","",Comunicado CPM febrero 2025 vf.pdf,87c267cc-0bdb-30d0-93a1-cc1ea1deedeb,https://www.bcp.gov.py/documents/20117/2086047/Comunicado+CPM+febrero+2025+vf.pdf/87c267cc-0bdb-30d0-93a1-cc1ea1deedeb?t=1763399447290,20260506031343,raw/archivo/cpm/87c267cc-0bdb-30d0-93a1-cc1ea1deedeb_Comunicado_CPM_febrero_2025_vf.pdf,c7abb0fb29b2b5fba3c6c0706052e96ac5073ec47ba49cfc6addb0498aa3ad62
2025-03-21,"Asunción, 21 de marzo de 2025",tpm,mantener,,6,,unanimidad,"decidió, por unanimidad, mantener la tasa de interés de política monetaria (TPM) en 6,0% anual","",Comunicado CPM marzo 2025 vf.pdf,72f7e721-64ae-1f97-1272-1ff876e6ecd9,https://www.bcp.gov.py/documents/20117/2086049/Comunicado+CPM+marzo+2025+vf.pdf/72f7e721-64ae-1f97-1272-1ff876e6ecd9?t=1763399525682,20260506024342,raw/archivo/cpm/72f7e721-64ae-1f97-1272-1ff876e6ecd9_Comunicado_CPM_marzo_2025_vf.pdf,df5cd505879eb451b9f1d23fccfe62ecd72262491aa1c6c40b8ebe64d9d98944
2025-04-23,"Asunción, 23 de abril de 2025",tpm,mantener,,6,,unanimidad,"decidió, por unanimidad, mantener la tasa de interés de política monetaria (TPM) en 6,0% anual","",Comunicado CPM abril 2025_vf.pdf,eb0b8685-0c5f-b98b-ffdb-8507c12aa47e,https://www.bcp.gov.py/documents/20117/2086051/Comunicado+CPM+abril+2025_vf.pdf/eb0b8685-0c5f-b98b-ffdb-8507c12aa47e?t=1763399584621,20260506034053,raw/archivo/cpm/eb0b8685-0c5f-b98b-ffdb-8507c12aa47e_Comunicado_CPM_abril_2025_vf.pdf,096e81a709bb8aee72d27a66112046dc05e4fbe02007c8dabf6ea4d4391eda93
2025-05-23,"Asunción, 23 de mayo de 2025",tpm,mantener,,6,,unanimidad,"decidió, por unanimidad, mantener la tasa de interés de política monetaria (TPM) en 6,0% anual","",Comunicado CPM mayo 2025_vf (002).pdf,4b76cd2d-6281-7f95-30ea-2b6915acf55c,https://www.bcp.gov.py/documents/20117/1350234/Comunicado+CPM+mayo+2025_vf+%28002%29.pdf/4b76cd2d-6281-7f95-30ea-2b6915acf55c?t=1750438582127,20260506024440,raw/archivo/cpm/4b76cd2d-6281-7f95-30ea-2b6915acf55c_Comunicado_CPM_mayo_2025_vf_002_.pdf,7147506e99a1cf2999e1f20895590d4a8be0eace40b0229567cc582051474aed
2025-06-24,"Asunción, 24 de junio de 2025",tpm,mantener,,6,,unanimidad,"decidió, por unanimidad, mantener la tasa de interés de política monetaria (TPM) en 6,0% anual","",Comunicado CPM junio 2025_vf.pdf,053d714f-70e3-7053-bd8f-3fe2a0716069,https://www.bcp.gov.py/documents/20117/1379089/Comunicado+CPM+junio+2025_vf.pdf/053d714f-70e3-7053-bd8f-3fe2a0716069?t=1750790669909,20260506023949,raw/archivo/cpm/053d714f-70e3-7053-bd8f-3fe2a0716069_Comunicado_CPM_junio_2025_vf.pdf,a98c263bbf2515b03fcd7424f15463408ba9edd7dd62aaecce10ffbcc1bf799c
2025-07-22,"Asunción, 22 de julio de 2025",tpm,mantener,,6,,unanimidad,"decidió, por unanimidad, mantener la tasa de interés de política monetaria (TPM) en 6,0% anual","",Comunicado_CPM julio 2025_vf.pdf,16e0ac74-4b69-5b97-89c5-2d4a5833f12c,https://www.bcp.gov.py/documents/20117/0/Comunicado_CPM+julio+2025_vf.pdf/16e0ac74-4b69-5b97-89c5-2d4a5833f12c?t=1753208440101,20260506032042,raw/archivo/cpm/16e0ac74-4b69-5b97-89c5-2d4a5833f12c_Comunicado_CPM_julio_2025_vf.pdf,334c36b8b28a26eeffbb88da33cb8d762a19ee376c3a75c0491faa6fc4a550c7
2025-08-22,"Asunción, 22 de agosto de 2025",tpm,mantener,,6,,unanimidad,"decidió, por unanimidad, mantener la tasa de interés de política monetaria (TPM) en 6,0% anual","",Comunicado_CPM_agosto_vf.pdf,f9b54101-a0a9-19ce-d96b-94674e601b16,https://www.bcp.gov.py/documents/20117/0/Comunicado_CPM_agosto_vf.pdf/f9b54101-a0a9-19ce-d96b-94674e601b16?t=1755880484393,20260506031236,raw/archivo/cpm/f9b54101-a0a9-19ce-d96b-94674e601b16_Comunicado_CPM_agosto_vf.pdf,2e2394197960e1bcf91a467f8a156ad4b61feb46de4dcb3e0819156b19150e72
2025-09-23,"Asunción, 23 de septiembre de 2025",tpm,mantener,,6,,unanimidad,"decidió, por unanimidad, mantener la tasa de interés de política monetaria (TPM) en 6,0% anual","",Comunicado CPM septiembre 2025.pdf,6dec0611-9cd6-afb9-b45f-8fb992db83a0,https://www.bcp.gov.py/documents/20117/1922796/Comunicado+CPM+septiembre+2025.pdf/6dec0611-9cd6-afb9-b45f-8fb992db83a0?t=1758654209977,20260506033833,raw/archivo/cpm/6dec0611-9cd6-afb9-b45f-8fb992db83a0_Comunicado_CPM_septiembre_2025.pdf,0bf6bdeec082ddbb41593632d8673a230e2a32e9163945c472c6730d7bba5486
2025-10-24,"Asunción, 24 de octubre de 2025",tpm,mantener,,6,,unanimidad,"decidió, por unanimidad, mantener la tasa de interés de política monetaria (TPM) en 6,0% anual","",Comunicado CPM octubre 2025_VF .pdf,3acd0245-0cbc-2f6a-58b5-b63b773d2537,https://www.bcp.gov.py/documents/20117/2010021/Comunicado+CPM+octubre+2025_VF+.pdf/3acd0245-0cbc-2f6a-58b5-b63b773d2537?t=1761328992988,20260506040110,raw/archivo/cpm/3acd0245-0cbc-2f6a-58b5-b63b773d2537_Comunicado_CPM_octubre_2025_VF_.pdf,f5bed7f0c22322ef4a5e426968ebb8385cb0545a5c3b1ec7e398bdd70132d113
2025-11-21,"Asunción, 21 de noviembre de 2025",tpm,mantener,,6,,unanimidad,"decidió, por unanimidad, mantener la tasa de interés de política monetaria (TPM) en 6,0% anual","",Comunicado CPM noviembre 2025_vf.pdf,ca5b752f-7b09-6678-274b-c2b69db13c20,https://www.bcp.gov.py/documents/20117/2117955/Comunicado+CPM+noviembre+2025_vf.pdf/ca5b752f-7b09-6678-274b-c2b69db13c20?t=1763748912416,20260506034956,raw/archivo/cpm/ca5b752f-7b09-6678-274b-c2b69db13c20_Comunicado_CPM_noviembre_2025_vf.pdf,86d53e44dec3c2d1a84eb8a60134946dec0e115abcc22fe68fae76482ad15401
2025-12-22,"Asunción, 22 de diciembre de 2025",tpm,mantener,,6,,unanimidad,"decidió, por unanimidad, mantener la tasa de interés de política monetaria (TPM) en 6,0% anual","",Comunicado CPM diciembre 2025_vf (1).pdf,b309a321-f8c2-1e35-c3dc-756c30454986,https://www.bcp.gov.py/documents/20117/2197015/Comunicado+CPM+diciembre+2025_vf+%281%29.pdf/b309a321-f8c2-1e35-c3dc-756c30454986?t=1766429756745,20260506033340,raw/archivo/cpm/b309a321-f8c2-1e35-c3dc-756c30454986_Comunicado_CPM_diciembre_2025_vf_1_.pdf,672b8f59e54d43c19249320b83e21ce0353dcc8f05341e8c7c10300ba40c07e3
2026-01-23,"Asunción, 23 de enero de 2026",tpm,reducir,6,5.75,,unanimidad,"decidió, por unanimidad, reducir la tasa de interés de política monetaria (TPM) de 6,00% a 5,75% anual","",Comunicado CPM enero 2026_vf.pdf,1892e966-71c0-f636-9417-1a5564e0ea8b,https://www.bcp.gov.py/documents/20117/2254845/Comunicado+CPM+enero+2026_vf.pdf/1892e966-71c0-f636-9417-1a5564e0ea8b?t=1769191596769,20260506131714,raw/archivo/cpm/1892e966-71c0-f636-9417-1a5564e0ea8b_Comunicado_CPM_enero_2026_vf.pdf,55d91a0c8aad8dde66699610001202d92bbfb9f4ca94c78441d2833eb3b39308
2026-02-20,"Asunción, 20 de febrero de 2026",tpm,reducir,5.75,5.5,,unanimidad,"decidió, por unanimidad, reducir la tasa de interés de política monetaria (TPM) de 5,75% a 5,50% anual","",Comunicado CPM feb 2026_vf.pdf,0a34f90d-acfc-2525-625b-c2faaf40a4c0,https://www.bcp.gov.py/documents/20117/2254845/Comunicado+CPM+feb+2026_vf.pdf/0a34f90d-acfc-2525-625b-c2faaf40a4c0?t=1771611233425,20260409223541,raw/archivo/cpm/0a34f90d-acfc-2525-625b-c2faaf40a4c0_Comunicado_CPM_feb_2026_vf.pdf,a2f16593daac9813eca7522a2c34bc32966b7cd305ab53bc6a4103c5acd80656
2026-03-20,"Asunción, 20 de marzo de 2026",tpm,mantener,,5.5,,unanimidad,"decidió, por unanimidad, mantener la tasa de interés de política monetaria (TPM) en 5,50% anual","",Comunicado CPM marzo 2026.pdf,83f83617-6ee2-5c5b-2640-0aafb39bf07c,https://www.bcp.gov.py/documents/20117/2254845/Comunicado+CPM+marzo+2026.pdf/83f83617-6ee2-5c5b-2640-0aafb39bf07c?t=1774028694012,20260409144645,raw/archivo/cpm/83f83617-6ee2-5c5b-2640-0aafb39bf07c_Comunicado_CPM_marzo_2026.pdf,ec60a2843176157b484e75dd0512c95d22c39f8c7c13d2fef9bce3cdfa2c5580
2026-04-21,"Asunción, 21 de abril de 2026",tpm,mantener,,5.5,,unanimidad,"decidió, por unanimidad, mantener la tasa de interés de política monetaria (TPM) en 5,50% anual","",Comunicado CPM abril 2026.pdf,55a609ff-2e75-5969-9ab1-8d781b39c971,https://www.bcp.gov.py/documents/20117/2254845/Comunicado+CPM+abril+2026.pdf/55a609ff-2e75-5969-9ab1-8d781b39c971?t=1776798119516,20260422035759,raw/archivo/cpm/55a609ff-2e75-5969-9ab1-8d781b39c971_Comunicado_CPM_abril_2026.pdf,ed9c284d28312333540c41cb73aa03be9d7d36c2fc47a233dceaf65008f8f36c
