series_id,period,value
banking_indicators:x1:06bffc92908b1fc0cf19dee6,2016-01-01,1086221
banking_indicators:x1:06bffc92908b1fc0cf19dee6,2016-02-01,1087384
banking_indicators:x1:06bffc92908b1fc0cf19dee6,2016-03-01,1081873
banking_indicators:x1:06bffc92908b1fc0cf19dee6,2016-04-01,1084673
banking_indicators:x1:06bffc92908b1fc0cf19dee6,2016-05-01,1085873
banking_indicators:x1:06bffc92908b1fc0cf19dee6,2016-06-01,1085651
banking_indicators:x1:06bffc92908b1fc0cf19dee6,2016-07-01,1086650
banking_indicators:x1:06bffc92908b1fc0cf19dee6,2016-08-01,1087932
banking_indicators:x1:06bffc92908b1fc0cf19dee6,2016-09-01,1089128
banking_indicators:x1:06bffc92908b1fc0cf19dee6,2016-10-01,1093667
banking_indicators:x1:06bffc92908b1fc0cf19dee6,2016-11-01,1094082
banking_indicators:x1:06bffc92908b1fc0cf19dee6,2016-12-01,1092626
banking_indicators:x1:06bffc92908b1fc0cf19dee6,2017-01-01,1083660
banking_indicators:x1:06bffc92908b1fc0cf19dee6,2017-02-01,1076451
banking_indicators:x1:06bffc92908b1fc0cf19dee6,2017-03-01,1076154
banking_indicators:x1:06bffc92908b1fc0cf19dee6,2017-04-01,1072186
banking_indicators:x1:06bffc92908b1fc0cf19dee6,2017-05-01,1073410
banking_indicators:x1:06bffc92908b1fc0cf19dee6,2017-06-01,1070106
banking_indicators:x1:06bffc92908b1fc0cf19dee6,2017-07-01,1065243
banking_indicators:x1:06bffc92908b1fc0cf19dee6,2017-08-01,1065470
banking_indicators:x1:06bffc92908b1fc0cf19dee6,2017-09-01,1064084
banking_indicators:x1:06bffc92908b1fc0cf19dee6,2017-10-01,1066638
banking_indicators:x1:06bffc92908b1fc0cf19dee6,2017-11-01,1066717
banking_indicators:x1:06bffc92908b1fc0cf19dee6,2017-12-01,1062683
banking_indicators:x1:06bffc92908b1fc0cf19dee6,2018-01-01,1060654
banking_indicators:x1:06bffc92908b1fc0cf19dee6,2018-02-01,1055381
banking_indicators:x1:06bffc92908b1fc0cf19dee6,2018-03-01,1053856
banking_indicators:x1:06bffc92908b1fc0cf19dee6,2018-04-01,1055524
banking_indicators:x1:06bffc92908b1fc0cf19dee6,2018-05-01,1059938
banking_indicators:x1:06bffc92908b1fc0cf19dee6,2018-06-01,1062190
banking_indicators:x1:06bffc92908b1fc0cf19dee6,2018-07-01,1062603
banking_indicators:x1:06bffc92908b1fc0cf19dee6,2018-08-01,1064728
banking_indicators:x1:06bffc92908b1fc0cf19dee6,2018-09-01,1067388
banking_indicators:x1:06bffc92908b1fc0cf19dee6,2018-10-01,1070612
banking_indicators:x1:06bffc92908b1fc0cf19dee6,2018-11-01,1073923
banking_indicators:x1:06bffc92908b1fc0cf19dee6,2018-12-01,1072378
banking_indicators:x1:06bffc92908b1fc0cf19dee6,2019-01-01,1067203
banking_indicators:x1:06bffc92908b1fc0cf19dee6,2019-02-01,1064955
banking_indicators:x1:06bffc92908b1fc0cf19dee6,2019-03-01,1063870
banking_indicators:x1:06bffc92908b1fc0cf19dee6,2019-04-01,1063877
banking_indicators:x1:06bffc92908b1fc0cf19dee6,2019-05-01,1066349
banking_indicators:x1:06bffc92908b1fc0cf19dee6,2019-06-01,1064130
banking_indicators:x1:06bffc92908b1fc0cf19dee6,2019-07-01,1061557
banking_indicators:x1:06bffc92908b1fc0cf19dee6,2019-08-01,1062961
banking_indicators:x1:06bffc92908b1fc0cf19dee6,2019-09-01,1051310
banking_indicators:x1:06bffc92908b1fc0cf19dee6,2019-10-01,1052892
banking_indicators:x1:06bffc92908b1fc0cf19dee6,2019-11-01,1053632
banking_indicators:x1:06bffc92908b1fc0cf19dee6,2019-12-01,1051839
banking_indicators:x1:06bffc92908b1fc0cf19dee6,2020-01-01,1049560
banking_indicators:x1:06bffc92908b1fc0cf19dee6,2020-02-01,1048533
banking_indicators:x1:06bffc92908b1fc0cf19dee6,2020-03-01,1046538
banking_indicators:x1:06bffc92908b1fc0cf19dee6,2020-04-01,1039390
banking_indicators:x1:06bffc92908b1fc0cf19dee6,2020-05-01,1033095
banking_indicators:x1:06bffc92908b1fc0cf19dee6,2020-06-01,1026959
banking_indicators:x1:06bffc92908b1fc0cf19dee6,2020-07-01,1027053
banking_indicators:x1:06bffc92908b1fc0cf19dee6,2020-08-01,1017642
banking_indicators:x1:06bffc92908b1fc0cf19dee6,2020-09-01,1019637
banking_indicators:x1:06bffc92908b1fc0cf19dee6,2020-10-01,1019163
banking_indicators:x1:06bffc92908b1fc0cf19dee6,2020-11-01,1017310
banking_indicators:x1:06bffc92908b1fc0cf19dee6,2020-12-01,1009346
banking_indicators:x1:06bffc92908b1fc0cf19dee6,2021-01-01,1011023
banking_indicators:x1:06bffc92908b1fc0cf19dee6,2021-02-01,1007917
banking_indicators:x1:06bffc92908b1fc0cf19dee6,2021-03-01,1011307
banking_indicators:x1:06bffc92908b1fc0cf19dee6,2021-04-01,1016279
banking_indicators:x1:06bffc92908b1fc0cf19dee6,2021-05-01,1015556
banking_indicators:x1:06bffc92908b1fc0cf19dee6,2021-06-01,1012286
banking_indicators:x1:06bffc92908b1fc0cf19dee6,2021-07-01,1012564
banking_indicators:x1:06bffc92908b1fc0cf19dee6,2021-08-01,1016394
banking_indicators:x1:06bffc92908b1fc0cf19dee6,2021-09-01,1018843
banking_indicators:x1:06bffc92908b1fc0cf19dee6,2021-10-01,1023004
banking_indicators:x1:06bffc92908b1fc0cf19dee6,2021-11-01,1027360
banking_indicators:x1:06bffc92908b1fc0cf19dee6,2021-12-01,1027720
banking_indicators:x1:06bffc92908b1fc0cf19dee6,2022-01-01,1029896
banking_indicators:x1:06bffc92908b1fc0cf19dee6,2022-02-01,1033539
banking_indicators:x1:06bffc92908b1fc0cf19dee6,2022-03-01,1036709
banking_indicators:x1:06bffc92908b1fc0cf19dee6,2022-04-01,1039566
banking_indicators:x1:06bffc92908b1fc0cf19dee6,2022-05-01,1035358
banking_indicators:x1:06bffc92908b1fc0cf19dee6,2022-06-01,1036295
banking_indicators:x1:06bffc92908b1fc0cf19dee6,2022-07-01,1039405
banking_indicators:x1:06bffc92908b1fc0cf19dee6,2022-08-01,1042611
banking_indicators:x1:06bffc92908b1fc0cf19dee6,2022-09-01,1043857
banking_indicators:x1:06bffc92908b1fc0cf19dee6,2022-10-01,1044355
banking_indicators:x1:06bffc92908b1fc0cf19dee6,2022-11-01,1047987
banking_indicators:x1:06bffc92908b1fc0cf19dee6,2022-12-01,1047524
banking_indicators:x1:06bffc92908b1fc0cf19dee6,2023-01-01,1050485
banking_indicators:x1:06bffc92908b1fc0cf19dee6,2023-02-01,1054160
banking_indicators:x1:06bffc92908b1fc0cf19dee6,2023-03-01,1054705
banking_indicators:x1:06bffc92908b1fc0cf19dee6,2023-04-01,1058946
banking_indicators:x1:06bffc92908b1fc0cf19dee6,2023-05-01,1064845
banking_indicators:x1:06bffc92908b1fc0cf19dee6,2023-06-01,1069683
banking_indicators:x1:06bffc92908b1fc0cf19dee6,2023-07-01,1076744
banking_indicators:x1:06bffc92908b1fc0cf19dee6,2023-08-01,1137199
banking_indicators:x1:06bffc92908b1fc0cf19dee6,2023-09-01,1225532
banking_indicators:x1:06bffc92908b1fc0cf19dee6,2023-10-01,1302338
banking_indicators:x1:06bffc92908b1fc0cf19dee6,2023-11-01,1363732
banking_indicators:x1:06bffc92908b1fc0cf19dee6,2023-12-01,1395175
banking_indicators:x1:06bffc92908b1fc0cf19dee6,2024-01-01,1438972
banking_indicators:x1:06bffc92908b1fc0cf19dee6,2024-02-01,1465285
banking_indicators:x1:06bffc92908b1fc0cf19dee6,2024-03-01,1458379
banking_indicators:x1:06bffc92908b1fc0cf19dee6,2024-04-01,1468772
banking_indicators:x1:06bffc92908b1fc0cf19dee6,2024-05-01,1469205
banking_indicators:x1:06bffc92908b1fc0cf19dee6,2024-06-01,1481984
banking_indicators:x1:06bffc92908b1fc0cf19dee6,2024-07-01,1493755
banking_indicators:x1:06bffc92908b1fc0cf19dee6,2024-08-01,1498804
banking_indicators:x1:06bffc92908b1fc0cf19dee6,2024-09-01,1514611
banking_indicators:x1:06bffc92908b1fc0cf19dee6,2024-10-01,1731060
banking_indicators:x1:06bffc92908b1fc0cf19dee6,2024-11-01,1758406
banking_indicators:x1:06bffc92908b1fc0cf19dee6,2024-12-01,1970598
banking_indicators:x1:06bffc92908b1fc0cf19dee6,2025-01-01,1979080
banking_indicators:x1:06bffc92908b1fc0cf19dee6,2025-02-01,1991578
banking_indicators:x1:06bffc92908b1fc0cf19dee6,2025-03-01,2005554
banking_indicators:x1:06bffc92908b1fc0cf19dee6,2025-04-01,2040001
banking_indicators:x1:06bffc92908b1fc0cf19dee6,2025-05-01,2061160
banking_indicators:x1:06bffc92908b1fc0cf19dee6,2025-06-01,2077296
banking_indicators:x1:06bffc92908b1fc0cf19dee6,2025-07-01,2122685
banking_indicators:x1:06bffc92908b1fc0cf19dee6,2025-08-01,2144950
banking_indicators:x1:06bffc92908b1fc0cf19dee6,2025-09-01,2177054
banking_indicators:x1:06bffc92908b1fc0cf19dee6,2025-10-01,2205260
banking_indicators:x1:06bffc92908b1fc0cf19dee6,2025-11-01,2217463
banking_indicators:x1:06bffc92908b1fc0cf19dee6,2025-12-01,2193420
banking_indicators:x1:06bffc92908b1fc0cf19dee6,2026-01-01,2228308
banking_indicators:x1:06bffc92908b1fc0cf19dee6,2026-02-01,2265394
banking_indicators:x1:06bffc92908b1fc0cf19dee6,2026-03-01,2285718
banking_indicators:x1:06bffc92908b1fc0cf19dee6,2026-04-01,2305698
banking_indicators:x1:06bffc92908b1fc0cf19dee6,2026-05-01,2320994
banking_indicators:x1:06bffc92908b1fc0cf19dee6,2026-06-01,2338544
banking_indicators:x1:0d9190ae023a2a6e4fee57a6,2016-01-01,2551447
banking_indicators:x1:0d9190ae023a2a6e4fee57a6,2016-02-01,2542246
banking_indicators:x1:0d9190ae023a2a6e4fee57a6,2016-03-01,2527233
banking_indicators:x1:0d9190ae023a2a6e4fee57a6,2016-04-01,2524651
banking_indicators:x1:0d9190ae023a2a6e4fee57a6,2016-05-01,2525334
banking_indicators:x1:0d9190ae023a2a6e4fee57a6,2016-06-01,2512533
banking_indicators:x1:0d9190ae023a2a6e4fee57a6,2016-07-01,2506322
banking_indicators:x1:0d9190ae023a2a6e4fee57a6,2016-08-01,2511997
banking_indicators:x1:0d9190ae023a2a6e4fee57a6,2016-09-01,2512961
banking_indicators:x1:0d9190ae023a2a6e4fee57a6,2016-10-01,2531737
banking_indicators:x1:0d9190ae023a2a6e4fee57a6,2016-11-01,2558654
banking_indicators:x1:0d9190ae023a2a6e4fee57a6,2016-12-01,2555067
banking_indicators:x1:0d9190ae023a2a6e4fee57a6,2017-01-01,2520696
banking_indicators:x1:0d9190ae023a2a6e4fee57a6,2017-02-01,2516417
banking_indicators:x1:0d9190ae023a2a6e4fee57a6,2017-03-01,2526111
banking_indicators:x1:0d9190ae023a2a6e4fee57a6,2017-04-01,2516153
banking_indicators:x1:0d9190ae023a2a6e4fee57a6,2017-05-01,2526105
banking_indicators:x1:0d9190ae023a2a6e4fee57a6,2017-06-01,2513853
banking_indicators:x1:0d9190ae023a2a6e4fee57a6,2017-07-01,2511845
banking_indicators:x1:0d9190ae023a2a6e4fee57a6,2017-08-01,2536225
banking_indicators:x1:0d9190ae023a2a6e4fee57a6,2017-09-01,2543678
banking_indicators:x1:0d9190ae023a2a6e4fee57a6,2017-10-01,2550114
banking_indicators:x1:0d9190ae023a2a6e4fee57a6,2017-11-01,2557732
banking_indicators:x1:0d9190ae023a2a6e4fee57a6,2017-12-01,2551241
banking_indicators:x1:0d9190ae023a2a6e4fee57a6,2018-01-01,2538962
banking_indicators:x1:0d9190ae023a2a6e4fee57a6,2018-02-01,2522303
banking_indicators:x1:0d9190ae023a2a6e4fee57a6,2018-03-01,2539634
banking_indicators:x1:0d9190ae023a2a6e4fee57a6,2018-04-01,2524936
banking_indicators:x1:0d9190ae023a2a6e4fee57a6,2018-05-01,2543585
banking_indicators:x1:0d9190ae023a2a6e4fee57a6,2018-06-01,2557031
banking_indicators:x1:0d9190ae023a2a6e4fee57a6,2018-07-01,2565762
banking_indicators:x1:0d9190ae023a2a6e4fee57a6,2018-08-01,2563908
banking_indicators:x1:0d9190ae023a2a6e4fee57a6,2018-09-01,2562924
banking_indicators:x1:0d9190ae023a2a6e4fee57a6,2018-10-01,2572063
banking_indicators:x1:0d9190ae023a2a6e4fee57a6,2018-11-01,2578768
banking_indicators:x1:0d9190ae023a2a6e4fee57a6,2018-12-01,2564454
banking_indicators:x1:0d9190ae023a2a6e4fee57a6,2019-01-01,2531250
banking_indicators:x1:0d9190ae023a2a6e4fee57a6,2019-02-01,2509587
banking_indicators:x1:0d9190ae023a2a6e4fee57a6,2019-03-01,2504428
banking_indicators:x1:0d9190ae023a2a6e4fee57a6,2019-04-01,2491510
banking_indicators:x1:0d9190ae023a2a6e4fee57a6,2019-05-01,2488878
banking_indicators:x1:0d9190ae023a2a6e4fee57a6,2019-06-01,2482812
banking_indicators:x1:0d9190ae023a2a6e4fee57a6,2019-07-01,2463664
banking_indicators:x1:0d9190ae023a2a6e4fee57a6,2019-08-01,2460830
banking_indicators:x1:0d9190ae023a2a6e4fee57a6,2019-09-01,2425329
banking_indicators:x1:0d9190ae023a2a6e4fee57a6,2019-10-01,2426468
banking_indicators:x1:0d9190ae023a2a6e4fee57a6,2019-11-01,2430456
banking_indicators:x1:0d9190ae023a2a6e4fee57a6,2019-12-01,2421887
banking_indicators:x1:0d9190ae023a2a6e4fee57a6,2020-01-01,2407285
banking_indicators:x1:0d9190ae023a2a6e4fee57a6,2020-02-01,2404370
banking_indicators:x1:0d9190ae023a2a6e4fee57a6,2020-03-01,2749958
banking_indicators:x1:0d9190ae023a2a6e4fee57a6,2020-04-01,2854014
banking_indicators:x1:0d9190ae023a2a6e4fee57a6,2020-05-01,3122400
banking_indicators:x1:0d9190ae023a2a6e4fee57a6,2020-06-01,3117494
banking_indicators:x1:0d9190ae023a2a6e4fee57a6,2020-07-01,3061696
banking_indicators:x1:0d9190ae023a2a6e4fee57a6,2020-08-01,3014741
banking_indicators:x1:0d9190ae023a2a6e4fee57a6,2020-09-01,3103215
banking_indicators:x1:0d9190ae023a2a6e4fee57a6,2020-10-01,3052249
banking_indicators:x1:0d9190ae023a2a6e4fee57a6,2020-11-01,2980239
banking_indicators:x1:0d9190ae023a2a6e4fee57a6,2020-12-01,2891345
banking_indicators:x1:0d9190ae023a2a6e4fee57a6,2021-01-01,2853478
banking_indicators:x1:0d9190ae023a2a6e4fee57a6,2021-02-01,2806113
banking_indicators:x1:0d9190ae023a2a6e4fee57a6,2021-03-01,2829012
banking_indicators:x1:0d9190ae023a2a6e4fee57a6,2021-04-01,2856222
banking_indicators:x1:0d9190ae023a2a6e4fee57a6,2021-05-01,2818320
banking_indicators:x1:0d9190ae023a2a6e4fee57a6,2021-06-01,2777504
banking_indicators:x1:0d9190ae023a2a6e4fee57a6,2021-07-01,2786723
banking_indicators:x1:0d9190ae023a2a6e4fee57a6,2021-08-01,2667140
banking_indicators:x1:0d9190ae023a2a6e4fee57a6,2021-09-01,2651109
banking_indicators:x1:0d9190ae023a2a6e4fee57a6,2021-10-01,2643301
banking_indicators:x1:0d9190ae023a2a6e4fee57a6,2021-11-01,2634135
banking_indicators:x1:0d9190ae023a2a6e4fee57a6,2021-12-01,2600946
banking_indicators:x1:0d9190ae023a2a6e4fee57a6,2022-01-01,2596281
banking_indicators:x1:0d9190ae023a2a6e4fee57a6,2022-02-01,2603806
banking_indicators:x1:0d9190ae023a2a6e4fee57a6,2022-03-01,2602496
banking_indicators:x1:0d9190ae023a2a6e4fee57a6,2022-04-01,2570503
banking_indicators:x1:0d9190ae023a2a6e4fee57a6,2022-05-01,2548499
banking_indicators:x1:0d9190ae023a2a6e4fee57a6,2022-06-01,2553046
banking_indicators:x1:0d9190ae023a2a6e4fee57a6,2022-07-01,2562640
banking_indicators:x1:0d9190ae023a2a6e4fee57a6,2022-08-01,2583185
banking_indicators:x1:0d9190ae023a2a6e4fee57a6,2022-09-01,2589632
banking_indicators:x1:0d9190ae023a2a6e4fee57a6,2022-10-01,2590027
banking_indicators:x1:0d9190ae023a2a6e4fee57a6,2022-11-01,2601178
banking_indicators:x1:0d9190ae023a2a6e4fee57a6,2022-12-01,2600413
banking_indicators:x1:0d9190ae023a2a6e4fee57a6,2023-01-01,2609600
banking_indicators:x1:0d9190ae023a2a6e4fee57a6,2023-02-01,2625069
banking_indicators:x1:0d9190ae023a2a6e4fee57a6,2023-03-01,2635752
banking_indicators:x1:0d9190ae023a2a6e4fee57a6,2023-04-01,2653258
banking_indicators:x1:0d9190ae023a2a6e4fee57a6,2023-05-01,2671605
banking_indicators:x1:0d9190ae023a2a6e4fee57a6,2023-06-01,2677345
banking_indicators:x1:0d9190ae023a2a6e4fee57a6,2023-07-01,2698278
banking_indicators:x1:0d9190ae023a2a6e4fee57a6,2023-08-01,2822497
banking_indicators:x1:0d9190ae023a2a6e4fee57a6,2023-09-01,2987515
banking_indicators:x1:0d9190ae023a2a6e4fee57a6,2023-10-01,3158412
banking_indicators:x1:0d9190ae023a2a6e4fee57a6,2023-11-01,3290073
banking_indicators:x1:0d9190ae023a2a6e4fee57a6,2023-12-01,3352809
banking_indicators:x1:0d9190ae023a2a6e4fee57a6,2024-01-01,3473610
banking_indicators:x1:0d9190ae023a2a6e4fee57a6,2024-02-01,3566719
banking_indicators:x1:0d9190ae023a2a6e4fee57a6,2024-03-01,3614981
banking_indicators:x1:0d9190ae023a2a6e4fee57a6,2024-04-01,3668575
banking_indicators:x1:0d9190ae023a2a6e4fee57a6,2024-05-01,3708107
banking_indicators:x1:0d9190ae023a2a6e4fee57a6,2024-06-01,3820900
banking_indicators:x1:0d9190ae023a2a6e4fee57a6,2024-07-01,3820100
banking_indicators:x1:0d9190ae023a2a6e4fee57a6,2024-08-01,3873874
banking_indicators:x1:0d9190ae023a2a6e4fee57a6,2024-09-01,3980934
banking_indicators:x1:0d9190ae023a2a6e4fee57a6,2024-10-01,4493630
banking_indicators:x1:0d9190ae023a2a6e4fee57a6,2024-11-01,4616592
banking_indicators:x1:0d9190ae023a2a6e4fee57a6,2024-12-01,5004542
banking_indicators:x1:0d9190ae023a2a6e4fee57a6,2025-01-01,5091443
banking_indicators:x1:0d9190ae023a2a6e4fee57a6,2025-02-01,5218399
banking_indicators:x1:0d9190ae023a2a6e4fee57a6,2025-03-01,5323646
banking_indicators:x1:0d9190ae023a2a6e4fee57a6,2025-04-01,5475713
banking_indicators:x1:0d9190ae023a2a6e4fee57a6,2025-05-01,5636645
banking_indicators:x1:0d9190ae023a2a6e4fee57a6,2025-06-01,5748095
banking_indicators:x1:0d9190ae023a2a6e4fee57a6,2025-07-01,5944873
banking_indicators:x1:0d9190ae023a2a6e4fee57a6,2025-08-01,6058281
banking_indicators:x1:0d9190ae023a2a6e4fee57a6,2025-09-01,6343026
banking_indicators:x1:0d9190ae023a2a6e4fee57a6,2025-10-01,6454735
banking_indicators:x1:0d9190ae023a2a6e4fee57a6,2025-11-01,6534312
banking_indicators:x1:0d9190ae023a2a6e4fee57a6,2025-12-01,6359995
banking_indicators:x1:0d9190ae023a2a6e4fee57a6,2026-01-01,6542138
banking_indicators:x1:0d9190ae023a2a6e4fee57a6,2026-02-01,6746925
banking_indicators:x1:0d9190ae023a2a6e4fee57a6,2026-03-01,6846015
banking_indicators:x1:0d9190ae023a2a6e4fee57a6,2026-04-01,6927021
banking_indicators:x1:0d9190ae023a2a6e4fee57a6,2026-05-01,6943355
banking_indicators:x1:0d9190ae023a2a6e4fee57a6,2026-06-01,7084531
banking_indicators:x1:29e0ff9047d807a9190044d9,2016-01-01,11835
banking_indicators:x1:29e0ff9047d807a9190044d9,2016-02-01,11800
banking_indicators:x1:29e0ff9047d807a9190044d9,2016-03-01,11719
banking_indicators:x1:29e0ff9047d807a9190044d9,2016-04-01,11884
banking_indicators:x1:29e0ff9047d807a9190044d9,2016-05-01,11915
banking_indicators:x1:29e0ff9047d807a9190044d9,2016-06-01,11726
banking_indicators:x1:29e0ff9047d807a9190044d9,2016-07-01,11713
banking_indicators:x1:29e0ff9047d807a9190044d9,2016-08-01,11817
banking_indicators:x1:29e0ff9047d807a9190044d9,2016-09-01,11820
banking_indicators:x1:29e0ff9047d807a9190044d9,2016-10-01,11907
banking_indicators:x1:29e0ff9047d807a9190044d9,2016-11-01,11942
banking_indicators:x1:29e0ff9047d807a9190044d9,2016-12-01,11977
banking_indicators:x1:29e0ff9047d807a9190044d9,2017-01-01,11894
banking_indicators:x1:29e0ff9047d807a9190044d9,2017-02-01,11886
banking_indicators:x1:29e0ff9047d807a9190044d9,2017-03-01,11979
banking_indicators:x1:29e0ff9047d807a9190044d9,2017-04-01,12008
banking_indicators:x1:29e0ff9047d807a9190044d9,2017-05-01,12021
banking_indicators:x1:29e0ff9047d807a9190044d9,2017-06-01,12033
banking_indicators:x1:29e0ff9047d807a9190044d9,2017-07-01,12112
banking_indicators:x1:29e0ff9047d807a9190044d9,2017-08-01,12523
banking_indicators:x1:29e0ff9047d807a9190044d9,2017-09-01,12574
banking_indicators:x1:29e0ff9047d807a9190044d9,2017-10-01,12676
banking_indicators:x1:29e0ff9047d807a9190044d9,2017-11-01,12811
banking_indicators:x1:29e0ff9047d807a9190044d9,2017-12-01,12865
banking_indicators:x1:29e0ff9047d807a9190044d9,2018-01-01,12631
banking_indicators:x1:29e0ff9047d807a9190044d9,2018-02-01,12823
banking_indicators:x1:29e0ff9047d807a9190044d9,2018-03-01,12732
banking_indicators:x1:29e0ff9047d807a9190044d9,2018-04-01,12805
banking_indicators:x1:29e0ff9047d807a9190044d9,2018-05-01,12892
banking_indicators:x1:29e0ff9047d807a9190044d9,2018-06-01,12973
banking_indicators:x1:29e0ff9047d807a9190044d9,2018-07-01,13037
banking_indicators:x1:29e0ff9047d807a9190044d9,2018-08-01,13074
banking_indicators:x1:29e0ff9047d807a9190044d9,2018-09-01,13148
banking_indicators:x1:29e0ff9047d807a9190044d9,2018-10-01,13156
banking_indicators:x1:29e0ff9047d807a9190044d9,2018-11-01,13205
banking_indicators:x1:29e0ff9047d807a9190044d9,2018-12-01,13193
banking_indicators:x1:29e0ff9047d807a9190044d9,2019-01-01,13214
banking_indicators:x1:29e0ff9047d807a9190044d9,2019-02-01,13229
banking_indicators:x1:29e0ff9047d807a9190044d9,2019-03-01,13209
banking_indicators:x1:29e0ff9047d807a9190044d9,2019-04-01,13211
banking_indicators:x1:29e0ff9047d807a9190044d9,2019-05-01,13141
banking_indicators:x1:29e0ff9047d807a9190044d9,2019-06-01,13112
banking_indicators:x1:29e0ff9047d807a9190044d9,2019-07-01,13063
banking_indicators:x1:29e0ff9047d807a9190044d9,2019-08-01,13178
banking_indicators:x1:29e0ff9047d807a9190044d9,2019-09-01,13176
banking_indicators:x1:29e0ff9047d807a9190044d9,2019-10-01,13282
banking_indicators:x1:29e0ff9047d807a9190044d9,2019-11-01,12947
banking_indicators:x1:29e0ff9047d807a9190044d9,2019-12-01,13314
banking_indicators:x1:29e0ff9047d807a9190044d9,2020-01-01,13344
banking_indicators:x1:29e0ff9047d807a9190044d9,2020-02-01,13428
banking_indicators:x1:29e0ff9047d807a9190044d9,2020-03-01,13415
banking_indicators:x1:29e0ff9047d807a9190044d9,2020-04-01,13423
banking_indicators:x1:29e0ff9047d807a9190044d9,2020-05-01,13442
banking_indicators:x1:29e0ff9047d807a9190044d9,2020-06-01,13557
banking_indicators:x1:29e0ff9047d807a9190044d9,2020-07-01,13670
banking_indicators:x1:29e0ff9047d807a9190044d9,2020-08-01,13773
banking_indicators:x1:29e0ff9047d807a9190044d9,2020-09-01,13882
banking_indicators:x1:29e0ff9047d807a9190044d9,2020-10-01,13869
banking_indicators:x1:29e0ff9047d807a9190044d9,2020-11-01,13306
banking_indicators:x1:29e0ff9047d807a9190044d9,2020-12-01,13365
banking_indicators:x1:29e0ff9047d807a9190044d9,2021-01-01,13419
banking_indicators:x1:29e0ff9047d807a9190044d9,2021-02-01,13512
banking_indicators:x1:29e0ff9047d807a9190044d9,2021-03-01,13544
banking_indicators:x1:29e0ff9047d807a9190044d9,2021-04-01,14248
banking_indicators:x1:29e0ff9047d807a9190044d9,2021-05-01,14329
banking_indicators:x1:29e0ff9047d807a9190044d9,2021-06-01,14357
banking_indicators:x1:29e0ff9047d807a9190044d9,2021-07-01,14418
banking_indicators:x1:29e0ff9047d807a9190044d9,2021-08-01,14498
banking_indicators:x1:29e0ff9047d807a9190044d9,2021-09-01,14590
banking_indicators:x1:29e0ff9047d807a9190044d9,2021-10-01,14692
banking_indicators:x1:29e0ff9047d807a9190044d9,2021-11-01,14779
banking_indicators:x1:29e0ff9047d807a9190044d9,2021-12-01,14842
banking_indicators:x1:29e0ff9047d807a9190044d9,2022-01-01,14791
banking_indicators:x1:29e0ff9047d807a9190044d9,2022-02-01,14959
banking_indicators:x1:29e0ff9047d807a9190044d9,2022-03-01,14950
banking_indicators:x1:29e0ff9047d807a9190044d9,2022-04-01,14978
banking_indicators:x1:29e0ff9047d807a9190044d9,2022-05-01,15058
banking_indicators:x1:29e0ff9047d807a9190044d9,2022-06-01,15062
banking_indicators:x1:29e0ff9047d807a9190044d9,2022-07-01,15099
banking_indicators:x1:29e0ff9047d807a9190044d9,2022-08-01,15158
banking_indicators:x1:29e0ff9047d807a9190044d9,2022-09-01,15266
banking_indicators:x1:29e0ff9047d807a9190044d9,2022-10-01,15313
banking_indicators:x1:29e0ff9047d807a9190044d9,2022-11-01,15420
banking_indicators:x1:29e0ff9047d807a9190044d9,2022-12-01,15467
banking_indicators:x1:29e0ff9047d807a9190044d9,2023-01-01,15561
banking_indicators:x1:29e0ff9047d807a9190044d9,2023-02-01,15670
banking_indicators:x1:29e0ff9047d807a9190044d9,2023-03-01,15687
banking_indicators:x1:29e0ff9047d807a9190044d9,2023-04-01,15754
banking_indicators:x1:29e0ff9047d807a9190044d9,2023-05-01,15791
banking_indicators:x1:29e0ff9047d807a9190044d9,2023-06-01,15195
banking_indicators:x1:29e0ff9047d807a9190044d9,2023-07-01,15082
banking_indicators:x1:29e0ff9047d807a9190044d9,2023-08-01,15357
banking_indicators:x1:29e0ff9047d807a9190044d9,2023-09-01,15514
banking_indicators:x1:29e0ff9047d807a9190044d9,2023-10-01,15640
banking_indicators:x1:29e0ff9047d807a9190044d9,2023-11-01,15762
banking_indicators:x1:29e0ff9047d807a9190044d9,2023-12-01,15921
banking_indicators:x1:29e0ff9047d807a9190044d9,2024-01-01,16013
banking_indicators:x1:29e0ff9047d807a9190044d9,2024-02-01,16140
banking_indicators:x1:29e0ff9047d807a9190044d9,2024-03-01,16367
banking_indicators:x1:29e0ff9047d807a9190044d9,2024-04-01,16466
banking_indicators:x1:29e0ff9047d807a9190044d9,2024-05-01,16428
banking_indicators:x1:29e0ff9047d807a9190044d9,2024-06-01,16810
banking_indicators:x1:29e0ff9047d807a9190044d9,2024-07-01,16900
banking_indicators:x1:29e0ff9047d807a9190044d9,2024-08-01,16951
banking_indicators:x1:29e0ff9047d807a9190044d9,2024-09-01,16989
banking_indicators:x1:29e0ff9047d807a9190044d9,2024-10-01,17169
banking_indicators:x1:29e0ff9047d807a9190044d9,2024-11-01,17322
banking_indicators:x1:29e0ff9047d807a9190044d9,2024-12-01,17398
banking_indicators:x1:29e0ff9047d807a9190044d9,2025-01-01,17460
banking_indicators:x1:29e0ff9047d807a9190044d9,2025-02-01,17587
banking_indicators:x1:29e0ff9047d807a9190044d9,2025-03-01,17667
banking_indicators:x1:29e0ff9047d807a9190044d9,2025-04-01,17801
banking_indicators:x1:29e0ff9047d807a9190044d9,2025-05-01,17981
banking_indicators:x1:29e0ff9047d807a9190044d9,2025-06-01,18206
banking_indicators:x1:29e0ff9047d807a9190044d9,2025-07-01,18195
banking_indicators:x1:29e0ff9047d807a9190044d9,2025-08-01,18391
banking_indicators:x1:29e0ff9047d807a9190044d9,2025-09-01,19147
banking_indicators:x1:29e0ff9047d807a9190044d9,2025-10-01,19538
banking_indicators:x1:29e0ff9047d807a9190044d9,2025-11-01,19186
banking_indicators:x1:29e0ff9047d807a9190044d9,2025-12-01,19398
banking_indicators:x1:29e0ff9047d807a9190044d9,2026-01-01,18909
banking_indicators:x1:29e0ff9047d807a9190044d9,2026-02-01,19126
banking_indicators:x1:29e0ff9047d807a9190044d9,2026-03-01,19591
banking_indicators:x1:29e0ff9047d807a9190044d9,2026-04-01,19914
banking_indicators:x1:29e0ff9047d807a9190044d9,2026-05-01,20419
banking_indicators:x1:29e0ff9047d807a9190044d9,2026-06-01,20625
banking_indicators:x1:37cfa74c1493e0f5c8e05cf0,2016-01-01,4852
banking_indicators:x1:37cfa74c1493e0f5c8e05cf0,2016-02-01,4880
banking_indicators:x1:37cfa74c1493e0f5c8e05cf0,2016-03-01,4841
banking_indicators:x1:37cfa74c1493e0f5c8e05cf0,2016-04-01,5044
banking_indicators:x1:37cfa74c1493e0f5c8e05cf0,2016-05-01,4993
banking_indicators:x1:37cfa74c1493e0f5c8e05cf0,2016-06-01,4800
banking_indicators:x1:37cfa74c1493e0f5c8e05cf0,2016-07-01,4801
banking_indicators:x1:37cfa74c1493e0f5c8e05cf0,2016-08-01,4847
banking_indicators:x1:37cfa74c1493e0f5c8e05cf0,2016-09-01,4829
banking_indicators:x1:37cfa74c1493e0f5c8e05cf0,2016-10-01,4865
banking_indicators:x1:37cfa74c1493e0f5c8e05cf0,2016-11-01,4923
banking_indicators:x1:37cfa74c1493e0f5c8e05cf0,2016-12-01,5094
banking_indicators:x1:37cfa74c1493e0f5c8e05cf0,2017-01-01,4796
banking_indicators:x1:37cfa74c1493e0f5c8e05cf0,2017-02-01,4780
banking_indicators:x1:37cfa74c1493e0f5c8e05cf0,2017-03-01,5570
banking_indicators:x1:37cfa74c1493e0f5c8e05cf0,2017-04-01,5571
banking_indicators:x1:37cfa74c1493e0f5c8e05cf0,2017-05-01,5539
banking_indicators:x1:37cfa74c1493e0f5c8e05cf0,2017-06-01,5619
banking_indicators:x1:37cfa74c1493e0f5c8e05cf0,2017-07-01,5599
banking_indicators:x1:37cfa74c1493e0f5c8e05cf0,2017-08-01,7426
banking_indicators:x1:37cfa74c1493e0f5c8e05cf0,2017-09-01,7667
banking_indicators:x1:37cfa74c1493e0f5c8e05cf0,2017-10-01,7621
banking_indicators:x1:37cfa74c1493e0f5c8e05cf0,2017-11-01,7873
banking_indicators:x1:37cfa74c1493e0f5c8e05cf0,2017-12-01,8334
banking_indicators:x1:37cfa74c1493e0f5c8e05cf0,2018-01-01,7558
banking_indicators:x1:37cfa74c1493e0f5c8e05cf0,2018-02-01,7802
banking_indicators:x1:37cfa74c1493e0f5c8e05cf0,2018-03-01,8098
banking_indicators:x1:37cfa74c1493e0f5c8e05cf0,2018-04-01,8533
banking_indicators:x1:37cfa74c1493e0f5c8e05cf0,2018-05-01,8689
banking_indicators:x1:37cfa74c1493e0f5c8e05cf0,2018-06-01,8697
banking_indicators:x1:37cfa74c1493e0f5c8e05cf0,2018-07-01,8705
banking_indicators:x1:37cfa74c1493e0f5c8e05cf0,2018-08-01,8783
banking_indicators:x1:37cfa74c1493e0f5c8e05cf0,2018-09-01,8624
banking_indicators:x1:37cfa74c1493e0f5c8e05cf0,2018-10-01,8608
banking_indicators:x1:37cfa74c1493e0f5c8e05cf0,2018-11-01,8663
banking_indicators:x1:37cfa74c1493e0f5c8e05cf0,2018-12-01,8900
banking_indicators:x1:37cfa74c1493e0f5c8e05cf0,2019-01-01,8618
banking_indicators:x1:37cfa74c1493e0f5c8e05cf0,2019-02-01,8574
banking_indicators:x1:37cfa74c1493e0f5c8e05cf0,2019-03-01,8640
banking_indicators:x1:37cfa74c1493e0f5c8e05cf0,2019-04-01,7974
banking_indicators:x1:37cfa74c1493e0f5c8e05cf0,2019-05-01,7984
banking_indicators:x1:37cfa74c1493e0f5c8e05cf0,2019-06-01,8106
banking_indicators:x1:37cfa74c1493e0f5c8e05cf0,2019-07-01,7945
banking_indicators:x1:37cfa74c1493e0f5c8e05cf0,2019-08-01,8129
banking_indicators:x1:37cfa74c1493e0f5c8e05cf0,2019-09-01,8001
banking_indicators:x1:37cfa74c1493e0f5c8e05cf0,2019-10-01,8197
banking_indicators:x1:37cfa74c1493e0f5c8e05cf0,2019-11-01,6958
banking_indicators:x1:37cfa74c1493e0f5c8e05cf0,2019-12-01,8499
banking_indicators:x1:37cfa74c1493e0f5c8e05cf0,2020-01-01,8294
banking_indicators:x1:37cfa74c1493e0f5c8e05cf0,2020-02-01,8263
banking_indicators:x1:37cfa74c1493e0f5c8e05cf0,2020-03-01,7522
banking_indicators:x1:37cfa74c1493e0f5c8e05cf0,2020-04-01,7926
banking_indicators:x1:37cfa74c1493e0f5c8e05cf0,2020-05-01,8013
banking_indicators:x1:37cfa74c1493e0f5c8e05cf0,2020-06-01,7971
banking_indicators:x1:37cfa74c1493e0f5c8e05cf0,2020-07-01,7923
banking_indicators:x1:37cfa74c1493e0f5c8e05cf0,2020-08-01,7837
banking_indicators:x1:37cfa74c1493e0f5c8e05cf0,2020-09-01,7756
banking_indicators:x1:37cfa74c1493e0f5c8e05cf0,2020-10-01,7735
banking_indicators:x1:37cfa74c1493e0f5c8e05cf0,2020-11-01,4393
banking_indicators:x1:37cfa74c1493e0f5c8e05cf0,2020-12-01,4505
banking_indicators:x1:37cfa74c1493e0f5c8e05cf0,2021-01-01,4410
banking_indicators:x1:37cfa74c1493e0f5c8e05cf0,2021-02-01,4379
banking_indicators:x1:37cfa74c1493e0f5c8e05cf0,2021-03-01,4518
banking_indicators:x1:37cfa74c1493e0f5c8e05cf0,2021-04-01,8109
banking_indicators:x1:37cfa74c1493e0f5c8e05cf0,2021-05-01,8058
banking_indicators:x1:37cfa74c1493e0f5c8e05cf0,2021-06-01,8179
banking_indicators:x1:37cfa74c1493e0f5c8e05cf0,2021-07-01,8189
banking_indicators:x1:37cfa74c1493e0f5c8e05cf0,2021-08-01,8242
banking_indicators:x1:37cfa74c1493e0f5c8e05cf0,2021-09-01,8168
banking_indicators:x1:37cfa74c1493e0f5c8e05cf0,2021-10-01,8282
banking_indicators:x1:37cfa74c1493e0f5c8e05cf0,2021-11-01,8150
banking_indicators:x1:37cfa74c1493e0f5c8e05cf0,2021-12-01,8571
banking_indicators:x1:37cfa74c1493e0f5c8e05cf0,2022-01-01,8105
banking_indicators:x1:37cfa74c1493e0f5c8e05cf0,2022-02-01,8269
banking_indicators:x1:37cfa74c1493e0f5c8e05cf0,2022-03-01,8286
banking_indicators:x1:37cfa74c1493e0f5c8e05cf0,2022-04-01,8286
banking_indicators:x1:37cfa74c1493e0f5c8e05cf0,2022-05-01,8199
banking_indicators:x1:37cfa74c1493e0f5c8e05cf0,2022-06-01,8268
banking_indicators:x1:37cfa74c1493e0f5c8e05cf0,2022-07-01,8438
banking_indicators:x1:37cfa74c1493e0f5c8e05cf0,2022-08-01,8367
banking_indicators:x1:37cfa74c1493e0f5c8e05cf0,2022-09-01,8368
banking_indicators:x1:37cfa74c1493e0f5c8e05cf0,2022-10-01,8395
banking_indicators:x1:37cfa74c1493e0f5c8e05cf0,2022-11-01,8456
banking_indicators:x1:37cfa74c1493e0f5c8e05cf0,2022-12-01,8927
banking_indicators:x1:37cfa74c1493e0f5c8e05cf0,2023-01-01,8587
banking_indicators:x1:37cfa74c1493e0f5c8e05cf0,2023-02-01,5115
banking_indicators:x1:37cfa74c1493e0f5c8e05cf0,2023-03-01,8756
banking_indicators:x1:37cfa74c1493e0f5c8e05cf0,2023-04-01,8384
banking_indicators:x1:37cfa74c1493e0f5c8e05cf0,2023-05-01,8783
banking_indicators:x1:37cfa74c1493e0f5c8e05cf0,2023-06-01,5110
banking_indicators:x1:37cfa74c1493e0f5c8e05cf0,2023-07-01,4934
banking_indicators:x1:37cfa74c1493e0f5c8e05cf0,2023-08-01,5757
banking_indicators:x1:37cfa74c1493e0f5c8e05cf0,2023-09-01,5915
banking_indicators:x1:37cfa74c1493e0f5c8e05cf0,2023-10-01,6011
banking_indicators:x1:37cfa74c1493e0f5c8e05cf0,2023-11-01,5998
banking_indicators:x1:37cfa74c1493e0f5c8e05cf0,2023-12-01,6463
banking_indicators:x1:37cfa74c1493e0f5c8e05cf0,2024-01-01,6117
banking_indicators:x1:37cfa74c1493e0f5c8e05cf0,2024-02-01,6128
banking_indicators:x1:37cfa74c1493e0f5c8e05cf0,2024-03-01,6262
banking_indicators:x1:37cfa74c1493e0f5c8e05cf0,2024-04-01,6048
banking_indicators:x1:37cfa74c1493e0f5c8e05cf0,2024-05-01,6189
banking_indicators:x1:37cfa74c1493e0f5c8e05cf0,2024-06-01,6889
banking_indicators:x1:37cfa74c1493e0f5c8e05cf0,2024-07-01,7035
banking_indicators:x1:37cfa74c1493e0f5c8e05cf0,2024-08-01,6963
banking_indicators:x1:37cfa74c1493e0f5c8e05cf0,2024-09-01,6965
banking_indicators:x1:37cfa74c1493e0f5c8e05cf0,2024-10-01,7019
banking_indicators:x1:37cfa74c1493e0f5c8e05cf0,2024-11-01,7061
banking_indicators:x1:37cfa74c1493e0f5c8e05cf0,2024-12-01,7199
banking_indicators:x1:37cfa74c1493e0f5c8e05cf0,2025-01-01,6967
banking_indicators:x1:37cfa74c1493e0f5c8e05cf0,2025-02-01,6860
banking_indicators:x1:37cfa74c1493e0f5c8e05cf0,2025-03-01,6727
banking_indicators:x1:37cfa74c1493e0f5c8e05cf0,2025-04-01,6783
banking_indicators:x1:37cfa74c1493e0f5c8e05cf0,2025-05-01,6895
banking_indicators:x1:37cfa74c1493e0f5c8e05cf0,2025-06-01,6976
banking_indicators:x1:37cfa74c1493e0f5c8e05cf0,2025-07-01,6882
banking_indicators:x1:37cfa74c1493e0f5c8e05cf0,2025-08-01,7005
banking_indicators:x1:37cfa74c1493e0f5c8e05cf0,2025-09-01,8575
banking_indicators:x1:37cfa74c1493e0f5c8e05cf0,2025-10-01,9048
banking_indicators:x1:37cfa74c1493e0f5c8e05cf0,2025-11-01,7126
banking_indicators:x1:37cfa74c1493e0f5c8e05cf0,2025-12-01,7274
banking_indicators:x1:37cfa74c1493e0f5c8e05cf0,2026-01-01,4948
banking_indicators:x1:37cfa74c1493e0f5c8e05cf0,2026-02-01,4849
banking_indicators:x1:37cfa74c1493e0f5c8e05cf0,2026-03-01,4692
banking_indicators:x1:37cfa74c1493e0f5c8e05cf0,2026-04-01,5014
banking_indicators:x1:37cfa74c1493e0f5c8e05cf0,2026-05-01,5609
banking_indicators:x1:37cfa74c1493e0f5c8e05cf0,2026-06-01,5528
banking_indicators:x1:488f2ba45c00f34b3fe792f5,2016-01-01,1074386
banking_indicators:x1:488f2ba45c00f34b3fe792f5,2016-02-01,1075584
banking_indicators:x1:488f2ba45c00f34b3fe792f5,2016-03-01,1070154
banking_indicators:x1:488f2ba45c00f34b3fe792f5,2016-04-01,1072789
banking_indicators:x1:488f2ba45c00f34b3fe792f5,2016-05-01,1073958
banking_indicators:x1:488f2ba45c00f34b3fe792f5,2016-06-01,1073925
banking_indicators:x1:488f2ba45c00f34b3fe792f5,2016-07-01,1074937
banking_indicators:x1:488f2ba45c00f34b3fe792f5,2016-08-01,1076115
banking_indicators:x1:488f2ba45c00f34b3fe792f5,2016-09-01,1077308
banking_indicators:x1:488f2ba45c00f34b3fe792f5,2016-10-01,1081760
banking_indicators:x1:488f2ba45c00f34b3fe792f5,2016-11-01,1082140
banking_indicators:x1:488f2ba45c00f34b3fe792f5,2016-12-01,1080649
banking_indicators:x1:488f2ba45c00f34b3fe792f5,2017-01-01,1071766
banking_indicators:x1:488f2ba45c00f34b3fe792f5,2017-02-01,1064565
banking_indicators:x1:488f2ba45c00f34b3fe792f5,2017-03-01,1064175
banking_indicators:x1:488f2ba45c00f34b3fe792f5,2017-04-01,1060178
banking_indicators:x1:488f2ba45c00f34b3fe792f5,2017-05-01,1061389
banking_indicators:x1:488f2ba45c00f34b3fe792f5,2017-06-01,1058073
banking_indicators:x1:488f2ba45c00f34b3fe792f5,2017-07-01,1053131
banking_indicators:x1:488f2ba45c00f34b3fe792f5,2017-08-01,1052947
banking_indicators:x1:488f2ba45c00f34b3fe792f5,2017-09-01,1051510
banking_indicators:x1:488f2ba45c00f34b3fe792f5,2017-10-01,1053962
banking_indicators:x1:488f2ba45c00f34b3fe792f5,2017-11-01,1053906
banking_indicators:x1:488f2ba45c00f34b3fe792f5,2017-12-01,1049818
banking_indicators:x1:488f2ba45c00f34b3fe792f5,2018-01-01,1048023
banking_indicators:x1:488f2ba45c00f34b3fe792f5,2018-02-01,1042558
banking_indicators:x1:488f2ba45c00f34b3fe792f5,2018-03-01,1041124
banking_indicators:x1:488f2ba45c00f34b3fe792f5,2018-04-01,1042719
banking_indicators:x1:488f2ba45c00f34b3fe792f5,2018-05-01,1047046
banking_indicators:x1:488f2ba45c00f34b3fe792f5,2018-06-01,1049217
banking_indicators:x1:488f2ba45c00f34b3fe792f5,2018-07-01,1049566
banking_indicators:x1:488f2ba45c00f34b3fe792f5,2018-08-01,1051654
banking_indicators:x1:488f2ba45c00f34b3fe792f5,2018-09-01,1054240
banking_indicators:x1:488f2ba45c00f34b3fe792f5,2018-10-01,1057456
banking_indicators:x1:488f2ba45c00f34b3fe792f5,2018-11-01,1060718
banking_indicators:x1:488f2ba45c00f34b3fe792f5,2018-12-01,1059185
banking_indicators:x1:488f2ba45c00f34b3fe792f5,2019-01-01,1053989
banking_indicators:x1:488f2ba45c00f34b3fe792f5,2019-02-01,1051726
banking_indicators:x1:488f2ba45c00f34b3fe792f5,2019-03-01,1050661
banking_indicators:x1:488f2ba45c00f34b3fe792f5,2019-04-01,1050666
banking_indicators:x1:488f2ba45c00f34b3fe792f5,2019-05-01,1053208
banking_indicators:x1:488f2ba45c00f34b3fe792f5,2019-06-01,1051018
banking_indicators:x1:488f2ba45c00f34b3fe792f5,2019-07-01,1048494
banking_indicators:x1:488f2ba45c00f34b3fe792f5,2019-08-01,1049783
banking_indicators:x1:488f2ba45c00f34b3fe792f5,2019-09-01,1038134
banking_indicators:x1:488f2ba45c00f34b3fe792f5,2019-10-01,1039610
banking_indicators:x1:488f2ba45c00f34b3fe792f5,2019-11-01,1040685
banking_indicators:x1:488f2ba45c00f34b3fe792f5,2019-12-01,1038525
banking_indicators:x1:488f2ba45c00f34b3fe792f5,2020-01-01,1036216
banking_indicators:x1:488f2ba45c00f34b3fe792f5,2020-02-01,1035105
banking_indicators:x1:488f2ba45c00f34b3fe792f5,2020-03-01,1033123
banking_indicators:x1:488f2ba45c00f34b3fe792f5,2020-04-01,1025967
banking_indicators:x1:488f2ba45c00f34b3fe792f5,2020-05-01,1019653
banking_indicators:x1:488f2ba45c00f34b3fe792f5,2020-06-01,1013402
banking_indicators:x1:488f2ba45c00f34b3fe792f5,2020-07-01,1013383
banking_indicators:x1:488f2ba45c00f34b3fe792f5,2020-08-01,1003869
banking_indicators:x1:488f2ba45c00f34b3fe792f5,2020-09-01,1005755
banking_indicators:x1:488f2ba45c00f34b3fe792f5,2020-10-01,1005294
banking_indicators:x1:488f2ba45c00f34b3fe792f5,2020-11-01,1004004
banking_indicators:x1:488f2ba45c00f34b3fe792f5,2020-12-01,995981
banking_indicators:x1:488f2ba45c00f34b3fe792f5,2021-01-01,997604
banking_indicators:x1:488f2ba45c00f34b3fe792f5,2021-02-01,994405
banking_indicators:x1:488f2ba45c00f34b3fe792f5,2021-03-01,997763
banking_indicators:x1:488f2ba45c00f34b3fe792f5,2021-04-01,1002031
banking_indicators:x1:488f2ba45c00f34b3fe792f5,2021-05-01,1001227
banking_indicators:x1:488f2ba45c00f34b3fe792f5,2021-06-01,997929
banking_indicators:x1:488f2ba45c00f34b3fe792f5,2021-07-01,998146
banking_indicators:x1:488f2ba45c00f34b3fe792f5,2021-08-01,1001896
banking_indicators:x1:488f2ba45c00f34b3fe792f5,2021-09-01,1004253
banking_indicators:x1:488f2ba45c00f34b3fe792f5,2021-10-01,1008312
banking_indicators:x1:488f2ba45c00f34b3fe792f5,2021-11-01,1012581
banking_indicators:x1:488f2ba45c00f34b3fe792f5,2021-12-01,1012878
banking_indicators:x1:488f2ba45c00f34b3fe792f5,2022-01-01,1015105
banking_indicators:x1:488f2ba45c00f34b3fe792f5,2022-02-01,1018580
banking_indicators:x1:488f2ba45c00f34b3fe792f5,2022-03-01,1021759
banking_indicators:x1:488f2ba45c00f34b3fe792f5,2022-04-01,1024588
banking_indicators:x1:488f2ba45c00f34b3fe792f5,2022-05-01,1020300
banking_indicators:x1:488f2ba45c00f34b3fe792f5,2022-06-01,1021233
banking_indicators:x1:488f2ba45c00f34b3fe792f5,2022-07-01,1024306
banking_indicators:x1:488f2ba45c00f34b3fe792f5,2022-08-01,1027453
banking_indicators:x1:488f2ba45c00f34b3fe792f5,2022-09-01,1028591
banking_indicators:x1:488f2ba45c00f34b3fe792f5,2022-10-01,1029042
banking_indicators:x1:488f2ba45c00f34b3fe792f5,2022-11-01,1032567
banking_indicators:x1:488f2ba45c00f34b3fe792f5,2022-12-01,1032057
banking_indicators:x1:488f2ba45c00f34b3fe792f5,2023-01-01,1034924
banking_indicators:x1:488f2ba45c00f34b3fe792f5,2023-02-01,1038490
banking_indicators:x1:488f2ba45c00f34b3fe792f5,2023-03-01,1039018
banking_indicators:x1:488f2ba45c00f34b3fe792f5,2023-04-01,1043192
banking_indicators:x1:488f2ba45c00f34b3fe792f5,2023-05-01,1049054
banking_indicators:x1:488f2ba45c00f34b3fe792f5,2023-06-01,1054488
banking_indicators:x1:488f2ba45c00f34b3fe792f5,2023-07-01,1061662
banking_indicators:x1:488f2ba45c00f34b3fe792f5,2023-08-01,1121842
banking_indicators:x1:488f2ba45c00f34b3fe792f5,2023-09-01,1210018
banking_indicators:x1:488f2ba45c00f34b3fe792f5,2023-10-01,1286698
banking_indicators:x1:488f2ba45c00f34b3fe792f5,2023-11-01,1347970
banking_indicators:x1:488f2ba45c00f34b3fe792f5,2023-12-01,1379254
banking_indicators:x1:488f2ba45c00f34b3fe792f5,2024-01-01,1422959
banking_indicators:x1:488f2ba45c00f34b3fe792f5,2024-02-01,1449145
banking_indicators:x1:488f2ba45c00f34b3fe792f5,2024-03-01,1442012
banking_indicators:x1:488f2ba45c00f34b3fe792f5,2024-04-01,1452306
banking_indicators:x1:488f2ba45c00f34b3fe792f5,2024-05-01,1452777
banking_indicators:x1:488f2ba45c00f34b3fe792f5,2024-06-01,1465174
banking_indicators:x1:488f2ba45c00f34b3fe792f5,2024-07-01,1476855
banking_indicators:x1:488f2ba45c00f34b3fe792f5,2024-08-01,1481853
banking_indicators:x1:488f2ba45c00f34b3fe792f5,2024-09-01,1497622
banking_indicators:x1:488f2ba45c00f34b3fe792f5,2024-10-01,1713891
banking_indicators:x1:488f2ba45c00f34b3fe792f5,2024-11-01,1741084
banking_indicators:x1:488f2ba45c00f34b3fe792f5,2024-12-01,1953200
banking_indicators:x1:488f2ba45c00f34b3fe792f5,2025-01-01,1961620
banking_indicators:x1:488f2ba45c00f34b3fe792f5,2025-02-01,1973991
banking_indicators:x1:488f2ba45c00f34b3fe792f5,2025-03-01,1987887
banking_indicators:x1:488f2ba45c00f34b3fe792f5,2025-04-01,2022200
banking_indicators:x1:488f2ba45c00f34b3fe792f5,2025-05-01,2043179
banking_indicators:x1:488f2ba45c00f34b3fe792f5,2025-06-01,2059090
banking_indicators:x1:488f2ba45c00f34b3fe792f5,2025-07-01,2104490
banking_indicators:x1:488f2ba45c00f34b3fe792f5,2025-08-01,2126559
banking_indicators:x1:488f2ba45c00f34b3fe792f5,2025-09-01,2157907
banking_indicators:x1:488f2ba45c00f34b3fe792f5,2025-10-01,2185722
banking_indicators:x1:488f2ba45c00f34b3fe792f5,2025-11-01,2198277
banking_indicators:x1:488f2ba45c00f34b3fe792f5,2025-12-01,2174022
banking_indicators:x1:488f2ba45c00f34b3fe792f5,2026-01-01,2209399
banking_indicators:x1:488f2ba45c00f34b3fe792f5,2026-02-01,2246268
banking_indicators:x1:488f2ba45c00f34b3fe792f5,2026-03-01,2266127
banking_indicators:x1:488f2ba45c00f34b3fe792f5,2026-04-01,2285784
banking_indicators:x1:488f2ba45c00f34b3fe792f5,2026-05-01,2300575
banking_indicators:x1:488f2ba45c00f34b3fe792f5,2026-06-01,2317919
banking_indicators:x1:547b7f2d0cb4e44dba5ca6ae,2016-01-01,114301
banking_indicators:x1:547b7f2d0cb4e44dba5ca6ae,2016-02-01,122017
banking_indicators:x1:547b7f2d0cb4e44dba5ca6ae,2016-03-01,119309
banking_indicators:x1:547b7f2d0cb4e44dba5ca6ae,2016-04-01,121364
banking_indicators:x1:547b7f2d0cb4e44dba5ca6ae,2016-05-01,117977
banking_indicators:x1:547b7f2d0cb4e44dba5ca6ae,2016-06-01,120344
banking_indicators:x1:547b7f2d0cb4e44dba5ca6ae,2016-07-01,121301
banking_indicators:x1:547b7f2d0cb4e44dba5ca6ae,2016-08-01,117138
banking_indicators:x1:547b7f2d0cb4e44dba5ca6ae,2016-09-01,120323
banking_indicators:x1:547b7f2d0cb4e44dba5ca6ae,2016-10-01,112917
banking_indicators:x1:547b7f2d0cb4e44dba5ca6ae,2016-11-01,117239
banking_indicators:x1:547b7f2d0cb4e44dba5ca6ae,2016-12-01,125845
banking_indicators:x1:547b7f2d0cb4e44dba5ca6ae,2017-01-01,118015
banking_indicators:x1:547b7f2d0cb4e44dba5ca6ae,2017-02-01,131296
banking_indicators:x1:547b7f2d0cb4e44dba5ca6ae,2017-03-01,139005
banking_indicators:x1:547b7f2d0cb4e44dba5ca6ae,2017-04-01,138305
banking_indicators:x1:547b7f2d0cb4e44dba5ca6ae,2017-05-01,134735
banking_indicators:x1:547b7f2d0cb4e44dba5ca6ae,2017-06-01,134570
banking_indicators:x1:547b7f2d0cb4e44dba5ca6ae,2017-07-01,131285
banking_indicators:x1:547b7f2d0cb4e44dba5ca6ae,2017-08-01,139211
banking_indicators:x1:547b7f2d0cb4e44dba5ca6ae,2017-09-01,143324
banking_indicators:x1:547b7f2d0cb4e44dba5ca6ae,2017-10-01,136698
banking_indicators:x1:547b7f2d0cb4e44dba5ca6ae,2017-11-01,148662
banking_indicators:x1:547b7f2d0cb4e44dba5ca6ae,2017-12-01,167207
banking_indicators:x1:547b7f2d0cb4e44dba5ca6ae,2018-01-01,165818
banking_indicators:x1:547b7f2d0cb4e44dba5ca6ae,2018-02-01,178193
banking_indicators:x1:547b7f2d0cb4e44dba5ca6ae,2018-03-01,164791
banking_indicators:x1:547b7f2d0cb4e44dba5ca6ae,2018-04-01,160005
banking_indicators:x1:547b7f2d0cb4e44dba5ca6ae,2018-05-01,159074
banking_indicators:x1:547b7f2d0cb4e44dba5ca6ae,2018-06-01,163919
banking_indicators:x1:547b7f2d0cb4e44dba5ca6ae,2018-07-01,163305
banking_indicators:x1:547b7f2d0cb4e44dba5ca6ae,2018-08-01,168094
banking_indicators:x1:547b7f2d0cb4e44dba5ca6ae,2018-09-01,174052
banking_indicators:x1:547b7f2d0cb4e44dba5ca6ae,2018-10-01,167333
banking_indicators:x1:547b7f2d0cb4e44dba5ca6ae,2018-11-01,166644
banking_indicators:x1:547b7f2d0cb4e44dba5ca6ae,2018-12-01,179547
banking_indicators:x1:547b7f2d0cb4e44dba5ca6ae,2019-01-01,175878
banking_indicators:x1:547b7f2d0cb4e44dba5ca6ae,2019-02-01,180650
banking_indicators:x1:547b7f2d0cb4e44dba5ca6ae,2019-03-01,182045
banking_indicators:x1:547b7f2d0cb4e44dba5ca6ae,2019-04-01,183885
banking_indicators:x1:547b7f2d0cb4e44dba5ca6ae,2019-05-01,173655
banking_indicators:x1:547b7f2d0cb4e44dba5ca6ae,2019-06-01,178989
banking_indicators:x1:547b7f2d0cb4e44dba5ca6ae,2019-07-01,169807
banking_indicators:x1:547b7f2d0cb4e44dba5ca6ae,2019-08-01,177570
banking_indicators:x1:547b7f2d0cb4e44dba5ca6ae,2019-09-01,170021
banking_indicators:x1:547b7f2d0cb4e44dba5ca6ae,2019-10-01,169241
banking_indicators:x1:547b7f2d0cb4e44dba5ca6ae,2019-11-01,172868
banking_indicators:x1:547b7f2d0cb4e44dba5ca6ae,2019-12-01,188830
banking_indicators:x1:547b7f2d0cb4e44dba5ca6ae,2020-01-01,191056
banking_indicators:x1:547b7f2d0cb4e44dba5ca6ae,2020-02-01,187135
banking_indicators:x1:547b7f2d0cb4e44dba5ca6ae,2020-03-01,189182
banking_indicators:x1:547b7f2d0cb4e44dba5ca6ae,2020-04-01,208732
banking_indicators:x1:547b7f2d0cb4e44dba5ca6ae,2020-05-01,197449
banking_indicators:x1:547b7f2d0cb4e44dba5ca6ae,2020-06-01,189656
banking_indicators:x1:547b7f2d0cb4e44dba5ca6ae,2020-07-01,188133
banking_indicators:x1:547b7f2d0cb4e44dba5ca6ae,2020-08-01,181861
banking_indicators:x1:547b7f2d0cb4e44dba5ca6ae,2020-09-01,186678
banking_indicators:x1:547b7f2d0cb4e44dba5ca6ae,2020-10-01,190974
banking_indicators:x1:547b7f2d0cb4e44dba5ca6ae,2020-11-01,165976
banking_indicators:x1:547b7f2d0cb4e44dba5ca6ae,2020-12-01,175100
banking_indicators:x1:547b7f2d0cb4e44dba5ca6ae,2021-01-01,180412
banking_indicators:x1:547b7f2d0cb4e44dba5ca6ae,2021-02-01,176712
banking_indicators:x1:547b7f2d0cb4e44dba5ca6ae,2021-03-01,169389
banking_indicators:x1:547b7f2d0cb4e44dba5ca6ae,2021-04-01,194946
banking_indicators:x1:547b7f2d0cb4e44dba5ca6ae,2021-05-01,188311
banking_indicators:x1:547b7f2d0cb4e44dba5ca6ae,2021-06-01,196244
banking_indicators:x1:547b7f2d0cb4e44dba5ca6ae,2021-07-01,195540
banking_indicators:x1:547b7f2d0cb4e44dba5ca6ae,2021-08-01,189352
banking_indicators:x1:547b7f2d0cb4e44dba5ca6ae,2021-09-01,192686
banking_indicators:x1:547b7f2d0cb4e44dba5ca6ae,2021-10-01,195951
banking_indicators:x1:547b7f2d0cb4e44dba5ca6ae,2021-11-01,192347
banking_indicators:x1:547b7f2d0cb4e44dba5ca6ae,2021-12-01,209129
banking_indicators:x1:547b7f2d0cb4e44dba5ca6ae,2022-01-01,200879
banking_indicators:x1:547b7f2d0cb4e44dba5ca6ae,2022-02-01,204686
banking_indicators:x1:547b7f2d0cb4e44dba5ca6ae,2022-03-01,203445
banking_indicators:x1:547b7f2d0cb4e44dba5ca6ae,2022-04-01,208607
banking_indicators:x1:547b7f2d0cb4e44dba5ca6ae,2022-05-01,196074
banking_indicators:x1:547b7f2d0cb4e44dba5ca6ae,2022-06-01,201603
banking_indicators:x1:547b7f2d0cb4e44dba5ca6ae,2022-07-01,202779
banking_indicators:x1:547b7f2d0cb4e44dba5ca6ae,2022-08-01,203154
banking_indicators:x1:547b7f2d0cb4e44dba5ca6ae,2022-09-01,208717
banking_indicators:x1:547b7f2d0cb4e44dba5ca6ae,2022-10-01,199322
banking_indicators:x1:547b7f2d0cb4e44dba5ca6ae,2022-11-01,211217
banking_indicators:x1:547b7f2d0cb4e44dba5ca6ae,2022-12-01,230324
banking_indicators:x1:547b7f2d0cb4e44dba5ca6ae,2023-01-01,219523
banking_indicators:x1:547b7f2d0cb4e44dba5ca6ae,2023-02-01,220488
banking_indicators:x1:547b7f2d0cb4e44dba5ca6ae,2023-03-01,223244
banking_indicators:x1:547b7f2d0cb4e44dba5ca6ae,2023-04-01,228995
banking_indicators:x1:547b7f2d0cb4e44dba5ca6ae,2023-05-01,219708
banking_indicators:x1:547b7f2d0cb4e44dba5ca6ae,2023-06-01,200771
banking_indicators:x1:547b7f2d0cb4e44dba5ca6ae,2023-07-01,190056
banking_indicators:x1:547b7f2d0cb4e44dba5ca6ae,2023-08-01,209477
banking_indicators:x1:547b7f2d0cb4e44dba5ca6ae,2023-09-01,214626
banking_indicators:x1:547b7f2d0cb4e44dba5ca6ae,2023-10-01,207178
banking_indicators:x1:547b7f2d0cb4e44dba5ca6ae,2023-11-01,211498
banking_indicators:x1:547b7f2d0cb4e44dba5ca6ae,2023-12-01,233790
banking_indicators:x1:547b7f2d0cb4e44dba5ca6ae,2024-01-01,211307
banking_indicators:x1:547b7f2d0cb4e44dba5ca6ae,2024-02-01,222972
banking_indicators:x1:547b7f2d0cb4e44dba5ca6ae,2024-03-01,220120
banking_indicators:x1:547b7f2d0cb4e44dba5ca6ae,2024-04-01,218066
banking_indicators:x1:547b7f2d0cb4e44dba5ca6ae,2024-05-01,212781
banking_indicators:x1:547b7f2d0cb4e44dba5ca6ae,2024-06-01,226907
banking_indicators:x1:547b7f2d0cb4e44dba5ca6ae,2024-07-01,217473
banking_indicators:x1:547b7f2d0cb4e44dba5ca6ae,2024-08-01,220355
banking_indicators:x1:547b7f2d0cb4e44dba5ca6ae,2024-09-01,231093
banking_indicators:x1:547b7f2d0cb4e44dba5ca6ae,2024-10-01,218512
banking_indicators:x1:547b7f2d0cb4e44dba5ca6ae,2024-11-01,226270
banking_indicators:x1:547b7f2d0cb4e44dba5ca6ae,2024-12-01,229404
banking_indicators:x1:547b7f2d0cb4e44dba5ca6ae,2025-01-01,223138
banking_indicators:x1:547b7f2d0cb4e44dba5ca6ae,2025-02-01,233907
banking_indicators:x1:547b7f2d0cb4e44dba5ca6ae,2025-03-01,221484
banking_indicators:x1:547b7f2d0cb4e44dba5ca6ae,2025-04-01,235771
banking_indicators:x1:547b7f2d0cb4e44dba5ca6ae,2025-05-01,232646
banking_indicators:x1:547b7f2d0cb4e44dba5ca6ae,2025-06-01,229435
banking_indicators:x1:547b7f2d0cb4e44dba5ca6ae,2025-07-01,230951
banking_indicators:x1:547b7f2d0cb4e44dba5ca6ae,2025-08-01,238817
banking_indicators:x1:547b7f2d0cb4e44dba5ca6ae,2025-09-01,261722
banking_indicators:x1:547b7f2d0cb4e44dba5ca6ae,2025-10-01,277244
banking_indicators:x1:547b7f2d0cb4e44dba5ca6ae,2025-11-01,269225
banking_indicators:x1:547b7f2d0cb4e44dba5ca6ae,2025-12-01,284218
banking_indicators:x1:547b7f2d0cb4e44dba5ca6ae,2026-01-01,232686
banking_indicators:x1:547b7f2d0cb4e44dba5ca6ae,2026-02-01,241764
banking_indicators:x1:547b7f2d0cb4e44dba5ca6ae,2026-03-01,223690
banking_indicators:x1:547b7f2d0cb4e44dba5ca6ae,2026-04-01,232496
banking_indicators:x1:547b7f2d0cb4e44dba5ca6ae,2026-05-01,225096
banking_indicators:x1:547b7f2d0cb4e44dba5ca6ae,2026-06-01,209958
banking_indicators:x1:7d7e88d6eb49ee430f691277,2016-01-01,2622729
banking_indicators:x1:7d7e88d6eb49ee430f691277,2016-02-01,2612912
banking_indicators:x1:7d7e88d6eb49ee430f691277,2016-03-01,2598025
banking_indicators:x1:7d7e88d6eb49ee430f691277,2016-04-01,2596104
banking_indicators:x1:7d7e88d6eb49ee430f691277,2016-05-01,2596605
banking_indicators:x1:7d7e88d6eb49ee430f691277,2016-06-01,2581039
banking_indicators:x1:7d7e88d6eb49ee430f691277,2016-07-01,2575003
banking_indicators:x1:7d7e88d6eb49ee430f691277,2016-08-01,2580774
banking_indicators:x1:7d7e88d6eb49ee430f691277,2016-09-01,2580892
banking_indicators:x1:7d7e88d6eb49ee430f691277,2016-10-01,2601304
banking_indicators:x1:7d7e88d6eb49ee430f691277,2016-11-01,2628776
banking_indicators:x1:7d7e88d6eb49ee430f691277,2016-12-01,2626987
banking_indicators:x1:7d7e88d6eb49ee430f691277,2017-01-01,2590507
banking_indicators:x1:7d7e88d6eb49ee430f691277,2017-02-01,2586225
banking_indicators:x1:7d7e88d6eb49ee430f691277,2017-03-01,2596531
banking_indicators:x1:7d7e88d6eb49ee430f691277,2017-04-01,2586143
banking_indicators:x1:7d7e88d6eb49ee430f691277,2017-05-01,2595803
banking_indicators:x1:7d7e88d6eb49ee430f691277,2017-06-01,2583827
banking_indicators:x1:7d7e88d6eb49ee430f691277,2017-07-01,2581716
banking_indicators:x1:7d7e88d6eb49ee430f691277,2017-08-01,2607733
banking_indicators:x1:7d7e88d6eb49ee430f691277,2017-09-01,2616151
banking_indicators:x1:7d7e88d6eb49ee430f691277,2017-10-01,2623226
banking_indicators:x1:7d7e88d6eb49ee430f691277,2017-11-01,2632442
banking_indicators:x1:7d7e88d6eb49ee430f691277,2017-12-01,2626671
banking_indicators:x1:7d7e88d6eb49ee430f691277,2018-01-01,2613457
banking_indicators:x1:7d7e88d6eb49ee430f691277,2018-02-01,2594488
banking_indicators:x1:7d7e88d6eb49ee430f691277,2018-03-01,2612314
banking_indicators:x1:7d7e88d6eb49ee430f691277,2018-04-01,2599148
banking_indicators:x1:7d7e88d6eb49ee430f691277,2018-05-01,2618308
banking_indicators:x1:7d7e88d6eb49ee430f691277,2018-06-01,2632745
banking_indicators:x1:7d7e88d6eb49ee430f691277,2018-07-01,2641677
banking_indicators:x1:7d7e88d6eb49ee430f691277,2018-08-01,2641895
banking_indicators:x1:7d7e88d6eb49ee430f691277,2018-09-01,2641692
banking_indicators:x1:7d7e88d6eb49ee430f691277,2018-10-01,2651401
banking_indicators:x1:7d7e88d6eb49ee430f691277,2018-11-01,2659516
banking_indicators:x1:7d7e88d6eb49ee430f691277,2018-12-01,2645181
banking_indicators:x1:7d7e88d6eb49ee430f691277,2019-01-01,2611446
banking_indicators:x1:7d7e88d6eb49ee430f691277,2019-02-01,2590320
banking_indicators:x1:7d7e88d6eb49ee430f691277,2019-03-01,2584742
banking_indicators:x1:7d7e88d6eb49ee430f691277,2019-04-01,2570357
banking_indicators:x1:7d7e88d6eb49ee430f691277,2019-05-01,2567610
banking_indicators:x1:7d7e88d6eb49ee430f691277,2019-06-01,2561215
banking_indicators:x1:7d7e88d6eb49ee430f691277,2019-07-01,2542062
banking_indicators:x1:7d7e88d6eb49ee430f691277,2019-08-01,2539961
banking_indicators:x1:7d7e88d6eb49ee430f691277,2019-09-01,2504738
banking_indicators:x1:7d7e88d6eb49ee430f691277,2019-10-01,2506430
banking_indicators:x1:7d7e88d6eb49ee430f691277,2019-11-01,2510297
banking_indicators:x1:7d7e88d6eb49ee430f691277,2019-12-01,2502218
banking_indicators:x1:7d7e88d6eb49ee430f691277,2020-01-01,2485894
banking_indicators:x1:7d7e88d6eb49ee430f691277,2020-02-01,2483383
banking_indicators:x1:7d7e88d6eb49ee430f691277,2020-03-01,2829303
banking_indicators:x1:7d7e88d6eb49ee430f691277,2020-04-01,2930313
banking_indicators:x1:7d7e88d6eb49ee430f691277,2020-05-01,3197367
banking_indicators:x1:7d7e88d6eb49ee430f691277,2020-06-01,3191141
banking_indicators:x1:7d7e88d6eb49ee430f691277,2020-07-01,3135203
banking_indicators:x1:7d7e88d6eb49ee430f691277,2020-08-01,3087926
banking_indicators:x1:7d7e88d6eb49ee430f691277,2020-09-01,3176939
banking_indicators:x1:7d7e88d6eb49ee430f691277,2020-10-01,3126346
banking_indicators:x1:7d7e88d6eb49ee430f691277,2020-11-01,3051723
banking_indicators:x1:7d7e88d6eb49ee430f691277,2020-12-01,2962222
banking_indicators:x1:7d7e88d6eb49ee430f691277,2021-01-01,2923839
banking_indicators:x1:7d7e88d6eb49ee430f691277,2021-02-01,2876778
banking_indicators:x1:7d7e88d6eb49ee430f691277,2021-03-01,2898220
banking_indicators:x1:7d7e88d6eb49ee430f691277,2021-04-01,2928786
banking_indicators:x1:7d7e88d6eb49ee430f691277,2021-05-01,2891034
banking_indicators:x1:7d7e88d6eb49ee430f691277,2021-06-01,2850765
banking_indicators:x1:7d7e88d6eb49ee430f691277,2021-07-01,2860965
banking_indicators:x1:7d7e88d6eb49ee430f691277,2021-08-01,2741382
banking_indicators:x1:7d7e88d6eb49ee430f691277,2021-09-01,2726994
banking_indicators:x1:7d7e88d6eb49ee430f691277,2021-10-01,2720039
banking_indicators:x1:7d7e88d6eb49ee430f691277,2021-11-01,2713017
banking_indicators:x1:7d7e88d6eb49ee430f691277,2021-12-01,2680852
banking_indicators:x1:7d7e88d6eb49ee430f691277,2022-01-01,2674850
banking_indicators:x1:7d7e88d6eb49ee430f691277,2022-02-01,2683655
banking_indicators:x1:7d7e88d6eb49ee430f691277,2022-03-01,2682326
banking_indicators:x1:7d7e88d6eb49ee430f691277,2022-04-01,2651024
banking_indicators:x1:7d7e88d6eb49ee430f691277,2022-05-01,2630402
banking_indicators:x1:7d7e88d6eb49ee430f691277,2022-06-01,2636591
banking_indicators:x1:7d7e88d6eb49ee430f691277,2022-07-01,2647439
banking_indicators:x1:7d7e88d6eb49ee430f691277,2022-08-01,2668210
banking_indicators:x1:7d7e88d6eb49ee430f691277,2022-09-01,2674167
banking_indicators:x1:7d7e88d6eb49ee430f691277,2022-10-01,2675842
banking_indicators:x1:7d7e88d6eb49ee430f691277,2022-11-01,2688063
banking_indicators:x1:7d7e88d6eb49ee430f691277,2022-12-01,2688251
banking_indicators:x1:7d7e88d6eb49ee430f691277,2023-01-01,2696485
banking_indicators:x1:7d7e88d6eb49ee430f691277,2023-02-01,2714800
banking_indicators:x1:7d7e88d6eb49ee430f691277,2023-03-01,2724078
banking_indicators:x1:7d7e88d6eb49ee430f691277,2023-04-01,2741410
banking_indicators:x1:7d7e88d6eb49ee430f691277,2023-05-01,2759417
banking_indicators:x1:7d7e88d6eb49ee430f691277,2023-06-01,2761759
banking_indicators:x1:7d7e88d6eb49ee430f691277,2023-07-01,2785037
banking_indicators:x1:7d7e88d6eb49ee430f691277,2023-08-01,2914531
banking_indicators:x1:7d7e88d6eb49ee430f691277,2023-09-01,3082048
banking_indicators:x1:7d7e88d6eb49ee430f691277,2023-10-01,3253932
banking_indicators:x1:7d7e88d6eb49ee430f691277,2023-11-01,3384811
banking_indicators:x1:7d7e88d6eb49ee430f691277,2023-12-01,3449361
banking_indicators:x1:7d7e88d6eb49ee430f691277,2024-01-01,3567814
banking_indicators:x1:7d7e88d6eb49ee430f691277,2024-02-01,3662843
banking_indicators:x1:7d7e88d6eb49ee430f691277,2024-03-01,3712429
banking_indicators:x1:7d7e88d6eb49ee430f691277,2024-04-01,3764164
banking_indicators:x1:7d7e88d6eb49ee430f691277,2024-05-01,3801833
banking_indicators:x1:7d7e88d6eb49ee430f691277,2024-06-01,3915947
banking_indicators:x1:7d7e88d6eb49ee430f691277,2024-07-01,3914195
banking_indicators:x1:7d7e88d6eb49ee430f691277,2024-08-01,3967281
banking_indicators:x1:7d7e88d6eb49ee430f691277,2024-09-01,4075839
banking_indicators:x1:7d7e88d6eb49ee430f691277,2024-10-01,4588803
banking_indicators:x1:7d7e88d6eb49ee430f691277,2024-11-01,4712573
banking_indicators:x1:7d7e88d6eb49ee430f691277,2024-12-01,5100355
banking_indicators:x1:7d7e88d6eb49ee430f691277,2025-01-01,5184877
banking_indicators:x1:7d7e88d6eb49ee430f691277,2025-02-01,5311500
banking_indicators:x1:7d7e88d6eb49ee430f691277,2025-03-01,5417918
banking_indicators:x1:7d7e88d6eb49ee430f691277,2025-04-01,5571675
banking_indicators:x1:7d7e88d6eb49ee430f691277,2025-05-01,5732736
banking_indicators:x1:7d7e88d6eb49ee430f691277,2025-06-01,5845352
banking_indicators:x1:7d7e88d6eb49ee430f691277,2025-07-01,6043647
banking_indicators:x1:7d7e88d6eb49ee430f691277,2025-08-01,6156786
banking_indicators:x1:7d7e88d6eb49ee430f691277,2025-09-01,6446192
banking_indicators:x1:7d7e88d6eb49ee430f691277,2025-10-01,6554375
banking_indicators:x1:7d7e88d6eb49ee430f691277,2025-11-01,6633160
banking_indicators:x1:7d7e88d6eb49ee430f691277,2025-12-01,6458811
banking_indicators:x1:7d7e88d6eb49ee430f691277,2026-01-01,6638873
banking_indicators:x1:7d7e88d6eb49ee430f691277,2026-02-01,6844646
banking_indicators:x1:7d7e88d6eb49ee430f691277,2026-03-01,6944401
banking_indicators:x1:7d7e88d6eb49ee430f691277,2026-04-01,7028014
banking_indicators:x1:7d7e88d6eb49ee430f691277,2026-05-01,7045616
banking_indicators:x1:7d7e88d6eb49ee430f691277,2026-06-01,7187143
banking_indicators:x1:c3c4e81498a67d550ed6dda5,2016-01-01,119153
banking_indicators:x1:c3c4e81498a67d550ed6dda5,2016-02-01,126897
banking_indicators:x1:c3c4e81498a67d550ed6dda5,2016-03-01,124150
banking_indicators:x1:c3c4e81498a67d550ed6dda5,2016-04-01,126408
banking_indicators:x1:c3c4e81498a67d550ed6dda5,2016-05-01,122970
banking_indicators:x1:c3c4e81498a67d550ed6dda5,2016-06-01,125144
banking_indicators:x1:c3c4e81498a67d550ed6dda5,2016-07-01,126102
banking_indicators:x1:c3c4e81498a67d550ed6dda5,2016-08-01,121985
banking_indicators:x1:c3c4e81498a67d550ed6dda5,2016-09-01,125152
banking_indicators:x1:c3c4e81498a67d550ed6dda5,2016-10-01,117782
banking_indicators:x1:c3c4e81498a67d550ed6dda5,2016-11-01,122162
banking_indicators:x1:c3c4e81498a67d550ed6dda5,2016-12-01,130939
banking_indicators:x1:c3c4e81498a67d550ed6dda5,2017-01-01,122811
banking_indicators:x1:c3c4e81498a67d550ed6dda5,2017-02-01,136076
banking_indicators:x1:c3c4e81498a67d550ed6dda5,2017-03-01,144575
banking_indicators:x1:c3c4e81498a67d550ed6dda5,2017-04-01,143876
banking_indicators:x1:c3c4e81498a67d550ed6dda5,2017-05-01,140274
banking_indicators:x1:c3c4e81498a67d550ed6dda5,2017-06-01,140189
banking_indicators:x1:c3c4e81498a67d550ed6dda5,2017-07-01,136884
banking_indicators:x1:c3c4e81498a67d550ed6dda5,2017-08-01,146637
banking_indicators:x1:c3c4e81498a67d550ed6dda5,2017-09-01,150991
banking_indicators:x1:c3c4e81498a67d550ed6dda5,2017-10-01,144319
banking_indicators:x1:c3c4e81498a67d550ed6dda5,2017-11-01,156535
banking_indicators:x1:c3c4e81498a67d550ed6dda5,2017-12-01,175541
banking_indicators:x1:c3c4e81498a67d550ed6dda5,2018-01-01,173376
banking_indicators:x1:c3c4e81498a67d550ed6dda5,2018-02-01,185995
banking_indicators:x1:c3c4e81498a67d550ed6dda5,2018-03-01,172889
banking_indicators:x1:c3c4e81498a67d550ed6dda5,2018-04-01,168538
banking_indicators:x1:c3c4e81498a67d550ed6dda5,2018-05-01,167763
banking_indicators:x1:c3c4e81498a67d550ed6dda5,2018-06-01,172616
banking_indicators:x1:c3c4e81498a67d550ed6dda5,2018-07-01,172010
banking_indicators:x1:c3c4e81498a67d550ed6dda5,2018-08-01,176877
banking_indicators:x1:c3c4e81498a67d550ed6dda5,2018-09-01,182676
banking_indicators:x1:c3c4e81498a67d550ed6dda5,2018-10-01,175941
banking_indicators:x1:c3c4e81498a67d550ed6dda5,2018-11-01,175307
banking_indicators:x1:c3c4e81498a67d550ed6dda5,2018-12-01,188447
banking_indicators:x1:c3c4e81498a67d550ed6dda5,2019-01-01,184496
banking_indicators:x1:c3c4e81498a67d550ed6dda5,2019-02-01,189224
banking_indicators:x1:c3c4e81498a67d550ed6dda5,2019-03-01,190685
banking_indicators:x1:c3c4e81498a67d550ed6dda5,2019-04-01,191859
banking_indicators:x1:c3c4e81498a67d550ed6dda5,2019-05-01,181639
banking_indicators:x1:c3c4e81498a67d550ed6dda5,2019-06-01,187095
banking_indicators:x1:c3c4e81498a67d550ed6dda5,2019-07-01,177752
banking_indicators:x1:c3c4e81498a67d550ed6dda5,2019-08-01,185699
banking_indicators:x1:c3c4e81498a67d550ed6dda5,2019-09-01,178022
banking_indicators:x1:c3c4e81498a67d550ed6dda5,2019-10-01,177438
banking_indicators:x1:c3c4e81498a67d550ed6dda5,2019-11-01,179826
banking_indicators:x1:c3c4e81498a67d550ed6dda5,2019-12-01,197329
banking_indicators:x1:c3c4e81498a67d550ed6dda5,2020-01-01,199350
banking_indicators:x1:c3c4e81498a67d550ed6dda5,2020-02-01,195398
banking_indicators:x1:c3c4e81498a67d550ed6dda5,2020-03-01,196704
banking_indicators:x1:c3c4e81498a67d550ed6dda5,2020-04-01,216658
banking_indicators:x1:c3c4e81498a67d550ed6dda5,2020-05-01,205462
banking_indicators:x1:c3c4e81498a67d550ed6dda5,2020-06-01,197627
banking_indicators:x1:c3c4e81498a67d550ed6dda5,2020-07-01,196056
banking_indicators:x1:c3c4e81498a67d550ed6dda5,2020-08-01,189698
banking_indicators:x1:c3c4e81498a67d550ed6dda5,2020-09-01,194434
banking_indicators:x1:c3c4e81498a67d550ed6dda5,2020-10-01,198709
banking_indicators:x1:c3c4e81498a67d550ed6dda5,2020-11-01,170369
banking_indicators:x1:c3c4e81498a67d550ed6dda5,2020-12-01,179605
banking_indicators:x1:c3c4e81498a67d550ed6dda5,2021-01-01,184822
banking_indicators:x1:c3c4e81498a67d550ed6dda5,2021-02-01,181091
banking_indicators:x1:c3c4e81498a67d550ed6dda5,2021-03-01,173907
banking_indicators:x1:c3c4e81498a67d550ed6dda5,2021-04-01,203055
banking_indicators:x1:c3c4e81498a67d550ed6dda5,2021-05-01,196369
banking_indicators:x1:c3c4e81498a67d550ed6dda5,2021-06-01,204423
banking_indicators:x1:c3c4e81498a67d550ed6dda5,2021-07-01,203729
banking_indicators:x1:c3c4e81498a67d550ed6dda5,2021-08-01,197594
banking_indicators:x1:c3c4e81498a67d550ed6dda5,2021-09-01,200854
banking_indicators:x1:c3c4e81498a67d550ed6dda5,2021-10-01,204233
banking_indicators:x1:c3c4e81498a67d550ed6dda5,2021-11-01,200497
banking_indicators:x1:c3c4e81498a67d550ed6dda5,2021-12-01,217700
banking_indicators:x1:c3c4e81498a67d550ed6dda5,2022-01-01,208984
banking_indicators:x1:c3c4e81498a67d550ed6dda5,2022-02-01,212955
banking_indicators:x1:c3c4e81498a67d550ed6dda5,2022-03-01,211731
banking_indicators:x1:c3c4e81498a67d550ed6dda5,2022-04-01,216893
banking_indicators:x1:c3c4e81498a67d550ed6dda5,2022-05-01,204273
banking_indicators:x1:c3c4e81498a67d550ed6dda5,2022-06-01,209871
banking_indicators:x1:c3c4e81498a67d550ed6dda5,2022-07-01,211217
banking_indicators:x1:c3c4e81498a67d550ed6dda5,2022-08-01,211521
banking_indicators:x1:c3c4e81498a67d550ed6dda5,2022-09-01,217085
banking_indicators:x1:c3c4e81498a67d550ed6dda5,2022-10-01,207717
banking_indicators:x1:c3c4e81498a67d550ed6dda5,2022-11-01,219673
banking_indicators:x1:c3c4e81498a67d550ed6dda5,2022-12-01,239251
banking_indicators:x1:c3c4e81498a67d550ed6dda5,2023-01-01,228110
banking_indicators:x1:c3c4e81498a67d550ed6dda5,2023-02-01,225603
banking_indicators:x1:c3c4e81498a67d550ed6dda5,2023-03-01,232000
banking_indicators:x1:c3c4e81498a67d550ed6dda5,2023-04-01,237379
banking_indicators:x1:c3c4e81498a67d550ed6dda5,2023-05-01,228491
banking_indicators:x1:c3c4e81498a67d550ed6dda5,2023-06-01,205881
banking_indicators:x1:c3c4e81498a67d550ed6dda5,2023-07-01,194990
banking_indicators:x1:c3c4e81498a67d550ed6dda5,2023-08-01,215234
banking_indicators:x1:c3c4e81498a67d550ed6dda5,2023-09-01,220541
banking_indicators:x1:c3c4e81498a67d550ed6dda5,2023-10-01,213189
banking_indicators:x1:c3c4e81498a67d550ed6dda5,2023-11-01,217496
banking_indicators:x1:c3c4e81498a67d550ed6dda5,2023-12-01,240253
banking_indicators:x1:c3c4e81498a67d550ed6dda5,2024-01-01,217424
banking_indicators:x1:c3c4e81498a67d550ed6dda5,2024-02-01,229100
banking_indicators:x1:c3c4e81498a67d550ed6dda5,2024-03-01,226382
banking_indicators:x1:c3c4e81498a67d550ed6dda5,2024-04-01,224114
banking_indicators:x1:c3c4e81498a67d550ed6dda5,2024-05-01,218970
banking_indicators:x1:c3c4e81498a67d550ed6dda5,2024-06-01,233796
banking_indicators:x1:c3c4e81498a67d550ed6dda5,2024-07-01,224508
banking_indicators:x1:c3c4e81498a67d550ed6dda5,2024-08-01,227318
banking_indicators:x1:c3c4e81498a67d550ed6dda5,2024-09-01,238058
banking_indicators:x1:c3c4e81498a67d550ed6dda5,2024-10-01,225531
banking_indicators:x1:c3c4e81498a67d550ed6dda5,2024-11-01,233331
banking_indicators:x1:c3c4e81498a67d550ed6dda5,2024-12-01,236603
banking_indicators:x1:c3c4e81498a67d550ed6dda5,2025-01-01,230105
banking_indicators:x1:c3c4e81498a67d550ed6dda5,2025-02-01,240767
banking_indicators:x1:c3c4e81498a67d550ed6dda5,2025-03-01,228211
banking_indicators:x1:c3c4e81498a67d550ed6dda5,2025-04-01,242554
banking_indicators:x1:c3c4e81498a67d550ed6dda5,2025-05-01,239541
banking_indicators:x1:c3c4e81498a67d550ed6dda5,2025-06-01,236411
banking_indicators:x1:c3c4e81498a67d550ed6dda5,2025-07-01,237833
banking_indicators:x1:c3c4e81498a67d550ed6dda5,2025-08-01,245822
banking_indicators:x1:c3c4e81498a67d550ed6dda5,2025-09-01,270297
banking_indicators:x1:c3c4e81498a67d550ed6dda5,2025-10-01,286292
banking_indicators:x1:c3c4e81498a67d550ed6dda5,2025-11-01,276351
banking_indicators:x1:c3c4e81498a67d550ed6dda5,2025-12-01,291492
banking_indicators:x1:c3c4e81498a67d550ed6dda5,2026-01-01,237634
banking_indicators:x1:c3c4e81498a67d550ed6dda5,2026-02-01,246613
banking_indicators:x1:c3c4e81498a67d550ed6dda5,2026-03-01,228382
banking_indicators:x1:c3c4e81498a67d550ed6dda5,2026-04-01,237510
banking_indicators:x1:c3c4e81498a67d550ed6dda5,2026-05-01,230705
banking_indicators:x1:c3c4e81498a67d550ed6dda5,2026-06-01,215486
banking_indicators:x1:ca34dac629a88d1a4aa8803a,2016-01-01,66
banking_indicators:x1:ca34dac629a88d1a4aa8803a,2016-02-01,69
banking_indicators:x1:ca34dac629a88d1a4aa8803a,2016-03-01,69
banking_indicators:x1:ca34dac629a88d1a4aa8803a,2016-04-01,62
banking_indicators:x1:ca34dac629a88d1a4aa8803a,2016-05-01,66
banking_indicators:x1:ca34dac629a88d1a4aa8803a,2016-06-01,53
banking_indicators:x1:ca34dac629a88d1a4aa8803a,2016-07-01,54
banking_indicators:x1:ca34dac629a88d1a4aa8803a,2016-08-01,48
banking_indicators:x1:ca34dac629a88d1a4aa8803a,2016-09-01,49
banking_indicators:x1:ca34dac629a88d1a4aa8803a,2016-10-01,55
banking_indicators:x1:ca34dac629a88d1a4aa8803a,2016-11-01,54
banking_indicators:x1:ca34dac629a88d1a4aa8803a,2016-12-01,50
banking_indicators:x1:ca34dac629a88d1a4aa8803a,2017-01-01,47
banking_indicators:x1:ca34dac629a88d1a4aa8803a,2017-02-01,51
banking_indicators:x1:ca34dac629a88d1a4aa8803a,2017-03-01,50
banking_indicators:x1:ca34dac629a88d1a4aa8803a,2017-04-01,56
banking_indicators:x1:ca34dac629a88d1a4aa8803a,2017-05-01,56
banking_indicators:x1:ca34dac629a88d1a4aa8803a,2017-06-01,53
banking_indicators:x1:ca34dac629a88d1a4aa8803a,2017-07-01,55
banking_indicators:x1:ca34dac629a88d1a4aa8803a,2017-08-01,86
banking_indicators:x1:ca34dac629a88d1a4aa8803a,2017-09-01,84
banking_indicators:x1:ca34dac629a88d1a4aa8803a,2017-10-01,86
banking_indicators:x1:ca34dac629a88d1a4aa8803a,2017-11-01,87
banking_indicators:x1:ca34dac629a88d1a4aa8803a,2017-12-01,103
banking_indicators:x1:ca34dac629a88d1a4aa8803a,2018-01-01,80
banking_indicators:x1:ca34dac629a88d1a4aa8803a,2018-02-01,75
banking_indicators:x1:ca34dac629a88d1a4aa8803a,2018-03-01,80
banking_indicators:x1:ca34dac629a88d1a4aa8803a,2018-04-01,94
banking_indicators:x1:ca34dac629a88d1a4aa8803a,2018-05-01,99
banking_indicators:x1:ca34dac629a88d1a4aa8803a,2018-06-01,91
banking_indicators:x1:ca34dac629a88d1a4aa8803a,2018-07-01,74
banking_indicators:x1:ca34dac629a88d1a4aa8803a,2018-08-01,73
banking_indicators:x1:ca34dac629a88d1a4aa8803a,2018-09-01,75
banking_indicators:x1:ca34dac629a88d1a4aa8803a,2018-10-01,78
banking_indicators:x1:ca34dac629a88d1a4aa8803a,2018-11-01,82
banking_indicators:x1:ca34dac629a88d1a4aa8803a,2018-12-01,80
banking_indicators:x1:ca34dac629a88d1a4aa8803a,2019-01-01,81
banking_indicators:x1:ca34dac629a88d1a4aa8803a,2019-02-01,84
banking_indicators:x1:ca34dac629a88d1a4aa8803a,2019-03-01,84
banking_indicators:x1:ca34dac629a88d1a4aa8803a,2019-04-01,91
banking_indicators:x1:ca34dac629a88d1a4aa8803a,2019-05-01,85
banking_indicators:x1:ca34dac629a88d1a4aa8803a,2019-06-01,89
banking_indicators:x1:ca34dac629a88d1a4aa8803a,2019-07-01,89
banking_indicators:x1:ca34dac629a88d1a4aa8803a,2019-08-01,88
banking_indicators:x1:ca34dac629a88d1a4aa8803a,2019-09-01,90
banking_indicators:x1:ca34dac629a88d1a4aa8803a,2019-10-01,104
banking_indicators:x1:ca34dac629a88d1a4aa8803a,2019-11-01,76
banking_indicators:x1:ca34dac629a88d1a4aa8803a,2019-12-01,105
banking_indicators:x1:ca34dac629a88d1a4aa8803a,2020-01-01,99
banking_indicators:x1:ca34dac629a88d1a4aa8803a,2020-02-01,101
banking_indicators:x1:ca34dac629a88d1a4aa8803a,2020-03-01,99
banking_indicators:x1:ca34dac629a88d1a4aa8803a,2020-04-01,93
banking_indicators:x1:ca34dac629a88d1a4aa8803a,2020-05-01,93
banking_indicators:x1:ca34dac629a88d1a4aa8803a,2020-06-01,93
banking_indicators:x1:ca34dac629a88d1a4aa8803a,2020-07-01,93
banking_indicators:x1:ca34dac629a88d1a4aa8803a,2020-08-01,96
banking_indicators:x1:ca34dac629a88d1a4aa8803a,2020-09-01,100
banking_indicators:x1:ca34dac629a88d1a4aa8803a,2020-10-01,101
banking_indicators:x1:ca34dac629a88d1a4aa8803a,2020-11-01,45
banking_indicators:x1:ca34dac629a88d1a4aa8803a,2020-12-01,41
banking_indicators:x1:ca34dac629a88d1a4aa8803a,2021-01-01,45
banking_indicators:x1:ca34dac629a88d1a4aa8803a,2021-02-01,45
banking_indicators:x1:ca34dac629a88d1a4aa8803a,2021-03-01,41
banking_indicators:x1:ca34dac629a88d1a4aa8803a,2021-04-01,101
banking_indicators:x1:ca34dac629a88d1a4aa8803a,2021-05-01,98
banking_indicators:x1:ca34dac629a88d1a4aa8803a,2021-06-01,102
banking_indicators:x1:ca34dac629a88d1a4aa8803a,2021-07-01,108
banking_indicators:x1:ca34dac629a88d1a4aa8803a,2021-08-01,107
banking_indicators:x1:ca34dac629a88d1a4aa8803a,2021-09-01,112
banking_indicators:x1:ca34dac629a88d1a4aa8803a,2021-10-01,111
banking_indicators:x1:ca34dac629a88d1a4aa8803a,2021-11-01,107
banking_indicators:x1:ca34dac629a88d1a4aa8803a,2021-12-01,107
banking_indicators:x1:ca34dac629a88d1a4aa8803a,2022-01-01,105
banking_indicators:x1:ca34dac629a88d1a4aa8803a,2022-02-01,102
banking_indicators:x1:ca34dac629a88d1a4aa8803a,2022-03-01,110
banking_indicators:x1:ca34dac629a88d1a4aa8803a,2022-04-01,106
banking_indicators:x1:ca34dac629a88d1a4aa8803a,2022-05-01,113
banking_indicators:x1:ca34dac629a88d1a4aa8803a,2022-06-01,112
banking_indicators:x1:ca34dac629a88d1a4aa8803a,2022-07-01,116
banking_indicators:x1:ca34dac629a88d1a4aa8803a,2022-08-01,112
banking_indicators:x1:ca34dac629a88d1a4aa8803a,2022-09-01,109
banking_indicators:x1:ca34dac629a88d1a4aa8803a,2022-10-01,109
banking_indicators:x1:ca34dac629a88d1a4aa8803a,2022-11-01,112
banking_indicators:x1:ca34dac629a88d1a4aa8803a,2022-12-01,116
banking_indicators:x1:ca34dac629a88d1a4aa8803a,2023-01-01,115
banking_indicators:x1:ca34dac629a88d1a4aa8803a,2023-02-01,115
banking_indicators:x1:ca34dac629a88d1a4aa8803a,2023-03-01,119
banking_indicators:x1:ca34dac629a88d1a4aa8803a,2023-04-01,117
banking_indicators:x1:ca34dac629a88d1a4aa8803a,2023-05-01,120
banking_indicators:x1:ca34dac629a88d1a4aa8803a,2023-06-01,39
banking_indicators:x1:ca34dac629a88d1a4aa8803a,2023-07-01,34
banking_indicators:x1:ca34dac629a88d1a4aa8803a,2023-08-01,34
banking_indicators:x1:ca34dac629a88d1a4aa8803a,2023-09-01,36
banking_indicators:x1:ca34dac629a88d1a4aa8803a,2023-10-01,37
banking_indicators:x1:ca34dac629a88d1a4aa8803a,2023-11-01,36
banking_indicators:x1:ca34dac629a88d1a4aa8803a,2023-12-01,35
banking_indicators:x1:ca34dac629a88d1a4aa8803a,2024-01-01,37
banking_indicators:x1:ca34dac629a88d1a4aa8803a,2024-02-01,39
banking_indicators:x1:ca34dac629a88d1a4aa8803a,2024-03-01,38
banking_indicators:x1:ca34dac629a88d1a4aa8803a,2024-04-01,36
banking_indicators:x1:ca34dac629a88d1a4aa8803a,2024-05-01,39
banking_indicators:x1:ca34dac629a88d1a4aa8803a,2024-06-01,52
banking_indicators:x1:ca34dac629a88d1a4aa8803a,2024-07-01,46
banking_indicators:x1:ca34dac629a88d1a4aa8803a,2024-08-01,46
banking_indicators:x1:ca34dac629a88d1a4aa8803a,2024-09-01,58
banking_indicators:x1:ca34dac629a88d1a4aa8803a,2024-10-01,57
banking_indicators:x1:ca34dac629a88d1a4aa8803a,2024-11-01,55
banking_indicators:x1:ca34dac629a88d1a4aa8803a,2024-12-01,49
banking_indicators:x1:ca34dac629a88d1a4aa8803a,2025-01-01,49
banking_indicators:x1:ca34dac629a88d1a4aa8803a,2025-02-01,46
banking_indicators:x1:ca34dac629a88d1a4aa8803a,2025-03-01,46
banking_indicators:x1:ca34dac629a88d1a4aa8803a,2025-04-01,45
banking_indicators:x1:ca34dac629a88d1a4aa8803a,2025-05-01,46
banking_indicators:x1:ca34dac629a88d1a4aa8803a,2025-06-01,53
banking_indicators:x1:ca34dac629a88d1a4aa8803a,2025-07-01,47
banking_indicators:x1:ca34dac629a88d1a4aa8803a,2025-08-01,46
banking_indicators:x1:ca34dac629a88d1a4aa8803a,2025-09-01,63
banking_indicators:x1:ca34dac629a88d1a4aa8803a,2025-10-01,71
banking_indicators:x1:ca34dac629a88d1a4aa8803a,2025-11-01,26
banking_indicators:x1:ca34dac629a88d1a4aa8803a,2025-12-01,25
banking_indicators:x1:ca34dac629a88d1a4aa8803a,2026-01-01,6
banking_indicators:x1:ca34dac629a88d1a4aa8803a,2026-02-01,7
banking_indicators:x1:ca34dac629a88d1a4aa8803a,2026-03-01,4
banking_indicators:x1:ca34dac629a88d1a4aa8803a,2026-04-01,4
banking_indicators:x1:ca34dac629a88d1a4aa8803a,2026-05-01,5
banking_indicators:x1:ca34dac629a88d1a4aa8803a,2026-06-01,4
banking_indicators:x1:d78989657234d86f0b4ee280,2016-01-01,71282
banking_indicators:x1:d78989657234d86f0b4ee280,2016-02-01,70666
banking_indicators:x1:d78989657234d86f0b4ee280,2016-03-01,70792
banking_indicators:x1:d78989657234d86f0b4ee280,2016-04-01,71453
banking_indicators:x1:d78989657234d86f0b4ee280,2016-05-01,71271
banking_indicators:x1:d78989657234d86f0b4ee280,2016-06-01,68506
banking_indicators:x1:d78989657234d86f0b4ee280,2016-07-01,68681
banking_indicators:x1:d78989657234d86f0b4ee280,2016-08-01,68777
banking_indicators:x1:d78989657234d86f0b4ee280,2016-09-01,67931
banking_indicators:x1:d78989657234d86f0b4ee280,2016-10-01,69567
banking_indicators:x1:d78989657234d86f0b4ee280,2016-11-01,70122
banking_indicators:x1:d78989657234d86f0b4ee280,2016-12-01,71920
banking_indicators:x1:d78989657234d86f0b4ee280,2017-01-01,69811
banking_indicators:x1:d78989657234d86f0b4ee280,2017-02-01,69808
banking_indicators:x1:d78989657234d86f0b4ee280,2017-03-01,70420
banking_indicators:x1:d78989657234d86f0b4ee280,2017-04-01,69990
banking_indicators:x1:d78989657234d86f0b4ee280,2017-05-01,69698
banking_indicators:x1:d78989657234d86f0b4ee280,2017-06-01,69974
banking_indicators:x1:d78989657234d86f0b4ee280,2017-07-01,69871
banking_indicators:x1:d78989657234d86f0b4ee280,2017-08-01,71508
banking_indicators:x1:d78989657234d86f0b4ee280,2017-09-01,72473
banking_indicators:x1:d78989657234d86f0b4ee280,2017-10-01,73112
banking_indicators:x1:d78989657234d86f0b4ee280,2017-11-01,74710
banking_indicators:x1:d78989657234d86f0b4ee280,2017-12-01,75430
banking_indicators:x1:d78989657234d86f0b4ee280,2018-01-01,74495
banking_indicators:x1:d78989657234d86f0b4ee280,2018-02-01,72185
banking_indicators:x1:d78989657234d86f0b4ee280,2018-03-01,72680
banking_indicators:x1:d78989657234d86f0b4ee280,2018-04-01,74212
banking_indicators:x1:d78989657234d86f0b4ee280,2018-05-01,74723
banking_indicators:x1:d78989657234d86f0b4ee280,2018-06-01,75714
banking_indicators:x1:d78989657234d86f0b4ee280,2018-07-01,75915
banking_indicators:x1:d78989657234d86f0b4ee280,2018-08-01,77987
banking_indicators:x1:d78989657234d86f0b4ee280,2018-09-01,78768
banking_indicators:x1:d78989657234d86f0b4ee280,2018-10-01,79338
banking_indicators:x1:d78989657234d86f0b4ee280,2018-11-01,80748
banking_indicators:x1:d78989657234d86f0b4ee280,2018-12-01,80727
banking_indicators:x1:d78989657234d86f0b4ee280,2019-01-01,80196
banking_indicators:x1:d78989657234d86f0b4ee280,2019-02-01,80733
banking_indicators:x1:d78989657234d86f0b4ee280,2019-03-01,80314
banking_indicators:x1:d78989657234d86f0b4ee280,2019-04-01,78847
banking_indicators:x1:d78989657234d86f0b4ee280,2019-05-01,78732
banking_indicators:x1:d78989657234d86f0b4ee280,2019-06-01,78403
banking_indicators:x1:d78989657234d86f0b4ee280,2019-07-01,78398
banking_indicators:x1:d78989657234d86f0b4ee280,2019-08-01,79131
banking_indicators:x1:d78989657234d86f0b4ee280,2019-09-01,79409
banking_indicators:x1:d78989657234d86f0b4ee280,2019-10-01,79962
banking_indicators:x1:d78989657234d86f0b4ee280,2019-11-01,79841
banking_indicators:x1:d78989657234d86f0b4ee280,2019-12-01,80331
banking_indicators:x1:d78989657234d86f0b4ee280,2020-01-01,78609
banking_indicators:x1:d78989657234d86f0b4ee280,2020-02-01,79013
banking_indicators:x1:d78989657234d86f0b4ee280,2020-03-01,79345
banking_indicators:x1:d78989657234d86f0b4ee280,2020-04-01,76299
banking_indicators:x1:d78989657234d86f0b4ee280,2020-05-01,74967
banking_indicators:x1:d78989657234d86f0b4ee280,2020-06-01,73647
banking_indicators:x1:d78989657234d86f0b4ee280,2020-07-01,73507
banking_indicators:x1:d78989657234d86f0b4ee280,2020-08-01,73185
banking_indicators:x1:d78989657234d86f0b4ee280,2020-09-01,73724
banking_indicators:x1:d78989657234d86f0b4ee280,2020-10-01,74097
banking_indicators:x1:d78989657234d86f0b4ee280,2020-11-01,71484
banking_indicators:x1:d78989657234d86f0b4ee280,2020-12-01,70877
banking_indicators:x1:d78989657234d86f0b4ee280,2021-01-01,70361
banking_indicators:x1:d78989657234d86f0b4ee280,2021-02-01,70665
banking_indicators:x1:d78989657234d86f0b4ee280,2021-03-01,69208
banking_indicators:x1:d78989657234d86f0b4ee280,2021-04-01,72564
banking_indicators:x1:d78989657234d86f0b4ee280,2021-05-01,72714
banking_indicators:x1:d78989657234d86f0b4ee280,2021-06-01,73261
banking_indicators:x1:d78989657234d86f0b4ee280,2021-07-01,74242
banking_indicators:x1:d78989657234d86f0b4ee280,2021-08-01,74242
banking_indicators:x1:d78989657234d86f0b4ee280,2021-09-01,75885
banking_indicators:x1:d78989657234d86f0b4ee280,2021-10-01,76738
banking_indicators:x1:d78989657234d86f0b4ee280,2021-11-01,78882
banking_indicators:x1:d78989657234d86f0b4ee280,2021-12-01,79906
banking_indicators:x1:d78989657234d86f0b4ee280,2022-01-01,78569
banking_indicators:x1:d78989657234d86f0b4ee280,2022-02-01,79849
banking_indicators:x1:d78989657234d86f0b4ee280,2022-03-01,79830
banking_indicators:x1:d78989657234d86f0b4ee280,2022-04-01,80521
banking_indicators:x1:d78989657234d86f0b4ee280,2022-05-01,81903
banking_indicators:x1:d78989657234d86f0b4ee280,2022-06-01,83545
banking_indicators:x1:d78989657234d86f0b4ee280,2022-07-01,84799
banking_indicators:x1:d78989657234d86f0b4ee280,2022-08-01,85025
banking_indicators:x1:d78989657234d86f0b4ee280,2022-09-01,84535
banking_indicators:x1:d78989657234d86f0b4ee280,2022-10-01,85815
banking_indicators:x1:d78989657234d86f0b4ee280,2022-11-01,86885
banking_indicators:x1:d78989657234d86f0b4ee280,2022-12-01,87838
banking_indicators:x1:d78989657234d86f0b4ee280,2023-01-01,86885
banking_indicators:x1:d78989657234d86f0b4ee280,2023-02-01,89731
banking_indicators:x1:d78989657234d86f0b4ee280,2023-03-01,88326
banking_indicators:x1:d78989657234d86f0b4ee280,2023-04-01,88152
banking_indicators:x1:d78989657234d86f0b4ee280,2023-05-01,87812
banking_indicators:x1:d78989657234d86f0b4ee280,2023-06-01,84414
banking_indicators:x1:d78989657234d86f0b4ee280,2023-07-01,86759
banking_indicators:x1:d78989657234d86f0b4ee280,2023-08-01,92034
banking_indicators:x1:d78989657234d86f0b4ee280,2023-09-01,94533
banking_indicators:x1:d78989657234d86f0b4ee280,2023-10-01,95520
banking_indicators:x1:d78989657234d86f0b4ee280,2023-11-01,94738
banking_indicators:x1:d78989657234d86f0b4ee280,2023-12-01,96552
banking_indicators:x1:d78989657234d86f0b4ee280,2024-01-01,94204
banking_indicators:x1:d78989657234d86f0b4ee280,2024-02-01,96124
banking_indicators:x1:d78989657234d86f0b4ee280,2024-03-01,97448
banking_indicators:x1:d78989657234d86f0b4ee280,2024-04-01,95589
banking_indicators:x1:d78989657234d86f0b4ee280,2024-05-01,93726
banking_indicators:x1:d78989657234d86f0b4ee280,2024-06-01,95047
banking_indicators:x1:d78989657234d86f0b4ee280,2024-07-01,94095
banking_indicators:x1:d78989657234d86f0b4ee280,2024-08-01,93407
banking_indicators:x1:d78989657234d86f0b4ee280,2024-09-01,94905
banking_indicators:x1:d78989657234d86f0b4ee280,2024-10-01,95173
banking_indicators:x1:d78989657234d86f0b4ee280,2024-11-01,95981
banking_indicators:x1:d78989657234d86f0b4ee280,2024-12-01,95813
banking_indicators:x1:d78989657234d86f0b4ee280,2025-01-01,93434
banking_indicators:x1:d78989657234d86f0b4ee280,2025-02-01,93101
banking_indicators:x1:d78989657234d86f0b4ee280,2025-03-01,94272
banking_indicators:x1:d78989657234d86f0b4ee280,2025-04-01,95962
banking_indicators:x1:d78989657234d86f0b4ee280,2025-05-01,96091
banking_indicators:x1:d78989657234d86f0b4ee280,2025-06-01,97257
banking_indicators:x1:d78989657234d86f0b4ee280,2025-07-01,98774
banking_indicators:x1:d78989657234d86f0b4ee280,2025-08-01,98505
banking_indicators:x1:d78989657234d86f0b4ee280,2025-09-01,103166
banking_indicators:x1:d78989657234d86f0b4ee280,2025-10-01,99640
banking_indicators:x1:d78989657234d86f0b4ee280,2025-11-01,98848
banking_indicators:x1:d78989657234d86f0b4ee280,2025-12-01,98816
banking_indicators:x1:d78989657234d86f0b4ee280,2026-01-01,96735
banking_indicators:x1:d78989657234d86f0b4ee280,2026-02-01,97721
banking_indicators:x1:d78989657234d86f0b4ee280,2026-03-01,98386
banking_indicators:x1:d78989657234d86f0b4ee280,2026-04-01,100993
banking_indicators:x1:d78989657234d86f0b4ee280,2026-05-01,102261
banking_indicators:x1:d78989657234d86f0b4ee280,2026-06-01,102612
banking_indicators:x1:dacb15022c6821bab6686253,2016-01-01,642
banking_indicators:x1:dacb15022c6821bab6686253,2016-02-01,556
banking_indicators:x1:dacb15022c6821bab6686253,2016-03-01,601
banking_indicators:x1:dacb15022c6821bab6686253,2016-04-01,602
banking_indicators:x1:dacb15022c6821bab6686253,2016-05-01,628
banking_indicators:x1:dacb15022c6821bab6686253,2016-06-01,566
banking_indicators:x1:dacb15022c6821bab6686253,2016-07-01,584
banking_indicators:x1:dacb15022c6821bab6686253,2016-08-01,646
banking_indicators:x1:dacb15022c6821bab6686253,2016-09-01,630
banking_indicators:x1:dacb15022c6821bab6686253,2016-10-01,702
banking_indicators:x1:dacb15022c6821bab6686253,2016-11-01,694
banking_indicators:x1:dacb15022c6821bab6686253,2016-12-01,536
banking_indicators:x1:dacb15022c6821bab6686253,2017-01-01,539
banking_indicators:x1:dacb15022c6821bab6686253,2017-02-01,513
banking_indicators:x1:dacb15022c6821bab6686253,2017-03-01,569
banking_indicators:x1:dacb15022c6821bab6686253,2017-04-01,554
banking_indicators:x1:dacb15022c6821bab6686253,2017-05-01,563
banking_indicators:x1:dacb15022c6821bab6686253,2017-06-01,540
banking_indicators:x1:dacb15022c6821bab6686253,2017-07-01,670
banking_indicators:x1:dacb15022c6821bab6686253,2017-08-01,718
banking_indicators:x1:dacb15022c6821bab6686253,2017-09-01,843
banking_indicators:x1:dacb15022c6821bab6686253,2017-10-01,691
banking_indicators:x1:dacb15022c6821bab6686253,2017-11-01,674
banking_indicators:x1:dacb15022c6821bab6686253,2017-12-01,609
banking_indicators:x1:dacb15022c6821bab6686253,2018-01-01,599
banking_indicators:x1:dacb15022c6821bab6686253,2018-02-01,619
banking_indicators:x1:dacb15022c6821bab6686253,2018-03-01,566
banking_indicators:x1:dacb15022c6821bab6686253,2018-04-01,538
banking_indicators:x1:dacb15022c6821bab6686253,2018-05-01,600
banking_indicators:x1:dacb15022c6821bab6686253,2018-06-01,581
banking_indicators:x1:dacb15022c6821bab6686253,2018-07-01,554
banking_indicators:x1:dacb15022c6821bab6686253,2018-08-01,559
banking_indicators:x1:dacb15022c6821bab6686253,2018-09-01,418
banking_indicators:x1:dacb15022c6821bab6686253,2018-10-01,457
banking_indicators:x1:dacb15022c6821bab6686253,2018-11-01,452
banking_indicators:x1:dacb15022c6821bab6686253,2018-12-01,417
banking_indicators:x1:dacb15022c6821bab6686253,2019-01-01,411
banking_indicators:x1:dacb15022c6821bab6686253,2019-02-01,433
banking_indicators:x1:dacb15022c6821bab6686253,2019-03-01,410
banking_indicators:x1:dacb15022c6821bab6686253,2019-04-01,341
banking_indicators:x1:dacb15022c6821bab6686253,2019-05-01,357
banking_indicators:x1:dacb15022c6821bab6686253,2019-06-01,391
banking_indicators:x1:dacb15022c6821bab6686253,2019-07-01,407
banking_indicators:x1:dacb15022c6821bab6686253,2019-08-01,400
banking_indicators:x1:dacb15022c6821bab6686253,2019-09-01,458
banking_indicators:x1:dacb15022c6821bab6686253,2019-10-01,426
banking_indicators:x1:dacb15022c6821bab6686253,2019-11-01,397
banking_indicators:x1:dacb15022c6821bab6686253,2019-12-01,408
banking_indicators:x1:dacb15022c6821bab6686253,2020-01-01,405
banking_indicators:x1:dacb15022c6821bab6686253,2020-02-01,383
banking_indicators:x1:dacb15022c6821bab6686253,2020-03-01,383
banking_indicators:x1:dacb15022c6821bab6686253,2020-04-01,355
banking_indicators:x1:dacb15022c6821bab6686253,2020-05-01,382
banking_indicators:x1:dacb15022c6821bab6686253,2020-06-01,396
banking_indicators:x1:dacb15022c6821bab6686253,2020-07-01,453
banking_indicators:x1:dacb15022c6821bab6686253,2020-08-01,426
banking_indicators:x1:dacb15022c6821bab6686253,2020-09-01,446
banking_indicators:x1:dacb15022c6821bab6686253,2020-10-01,480
banking_indicators:x1:dacb15022c6821bab6686253,2020-11-01,423
banking_indicators:x1:dacb15022c6821bab6686253,2020-12-01,345
banking_indicators:x1:dacb15022c6821bab6686253,2021-01-01,427
banking_indicators:x1:dacb15022c6821bab6686253,2021-02-01,435
banking_indicators:x1:dacb15022c6821bab6686253,2021-03-01,424
banking_indicators:x1:dacb15022c6821bab6686253,2021-04-01,487
banking_indicators:x1:dacb15022c6821bab6686253,2021-05-01,540
banking_indicators:x1:dacb15022c6821bab6686253,2021-06-01,515
banking_indicators:x1:dacb15022c6821bab6686253,2021-07-01,536
banking_indicators:x1:dacb15022c6821bab6686253,2021-08-01,580
banking_indicators:x1:dacb15022c6821bab6686253,2021-09-01,555
banking_indicators:x1:dacb15022c6821bab6686253,2021-10-01,535
banking_indicators:x1:dacb15022c6821bab6686253,2021-11-01,571
banking_indicators:x1:dacb15022c6821bab6686253,2021-12-01,569
banking_indicators:x1:dacb15022c6821bab6686253,2022-01-01,577
banking_indicators:x1:dacb15022c6821bab6686253,2022-02-01,580
banking_indicators:x1:dacb15022c6821bab6686253,2022-03-01,565
banking_indicators:x1:dacb15022c6821bab6686253,2022-04-01,571
banking_indicators:x1:dacb15022c6821bab6686253,2022-05-01,511
banking_indicators:x1:dacb15022c6821bab6686253,2022-06-01,512
banking_indicators:x1:dacb15022c6821bab6686253,2022-07-01,508
banking_indicators:x1:dacb15022c6821bab6686253,2022-08-01,515
banking_indicators:x1:dacb15022c6821bab6686253,2022-09-01,523
banking_indicators:x1:dacb15022c6821bab6686253,2022-10-01,520
banking_indicators:x1:dacb15022c6821bab6686253,2022-11-01,613
banking_indicators:x1:dacb15022c6821bab6686253,2022-12-01,577
banking_indicators:x1:dacb15022c6821bab6686253,2023-01-01,551
banking_indicators:x1:dacb15022c6821bab6686253,2023-02-01,546
banking_indicators:x1:dacb15022c6821bab6686253,2023-03-01,555
banking_indicators:x1:dacb15022c6821bab6686253,2023-04-01,562
banking_indicators:x1:dacb15022c6821bab6686253,2023-05-01,598
banking_indicators:x1:dacb15022c6821bab6686253,2023-06-01,464
banking_indicators:x1:dacb15022c6821bab6686253,2023-07-01,415
banking_indicators:x1:dacb15022c6821bab6686253,2023-08-01,433
banking_indicators:x1:dacb15022c6821bab6686253,2023-09-01,434
banking_indicators:x1:dacb15022c6821bab6686253,2023-10-01,434
banking_indicators:x1:dacb15022c6821bab6686253,2023-11-01,452
banking_indicators:x1:dacb15022c6821bab6686253,2023-12-01,470
banking_indicators:x1:dacb15022c6821bab6686253,2024-01-01,382
banking_indicators:x1:dacb15022c6821bab6686253,2024-02-01,371
banking_indicators:x1:dacb15022c6821bab6686253,2024-03-01,385
banking_indicators:x1:dacb15022c6821bab6686253,2024-04-01,392
banking_indicators:x1:dacb15022c6821bab6686253,2024-05-01,402
banking_indicators:x1:dacb15022c6821bab6686253,2024-06-01,396
banking_indicators:x1:dacb15022c6821bab6686253,2024-07-01,404
banking_indicators:x1:dacb15022c6821bab6686253,2024-08-01,397
banking_indicators:x1:dacb15022c6821bab6686253,2024-09-01,403
banking_indicators:x1:dacb15022c6821bab6686253,2024-10-01,444
banking_indicators:x1:dacb15022c6821bab6686253,2024-11-01,393
banking_indicators:x1:dacb15022c6821bab6686253,2024-12-01,287
banking_indicators:x1:dacb15022c6821bab6686253,2025-01-01,358
banking_indicators:x1:dacb15022c6821bab6686253,2025-02-01,385
banking_indicators:x1:dacb15022c6821bab6686253,2025-03-01,355
banking_indicators:x1:dacb15022c6821bab6686253,2025-04-01,356
banking_indicators:x1:dacb15022c6821bab6686253,2025-05-01,353
banking_indicators:x1:dacb15022c6821bab6686253,2025-06-01,335
banking_indicators:x1:dacb15022c6821bab6686253,2025-07-01,321
banking_indicators:x1:dacb15022c6821bab6686253,2025-08-01,289
banking_indicators:x1:dacb15022c6821bab6686253,2025-09-01,290
banking_indicators:x1:dacb15022c6821bab6686253,2025-10-01,321
banking_indicators:x1:dacb15022c6821bab6686253,2025-11-01,292
banking_indicators:x1:dacb15022c6821bab6686253,2025-12-01,257
banking_indicators:x1:dacb15022c6821bab6686253,2026-01-01,241
banking_indicators:x1:dacb15022c6821bab6686253,2026-02-01,230
banking_indicators:x1:dacb15022c6821bab6686253,2026-03-01,216
banking_indicators:x1:dacb15022c6821bab6686253,2026-04-01,192
banking_indicators:x1:dacb15022c6821bab6686253,2026-05-01,185
banking_indicators:x1:dacb15022c6821bab6686253,2026-06-01,196
banking_indicators:x1:e892d8eba884c8d7b1c21d82,2016-01-01,708
banking_indicators:x1:e892d8eba884c8d7b1c21d82,2016-02-01,625
banking_indicators:x1:e892d8eba884c8d7b1c21d82,2016-03-01,670
banking_indicators:x1:e892d8eba884c8d7b1c21d82,2016-04-01,664
banking_indicators:x1:e892d8eba884c8d7b1c21d82,2016-05-01,694
banking_indicators:x1:e892d8eba884c8d7b1c21d82,2016-06-01,619
banking_indicators:x1:e892d8eba884c8d7b1c21d82,2016-07-01,638
banking_indicators:x1:e892d8eba884c8d7b1c21d82,2016-08-01,694
banking_indicators:x1:e892d8eba884c8d7b1c21d82,2016-09-01,679
banking_indicators:x1:e892d8eba884c8d7b1c21d82,2016-10-01,757
banking_indicators:x1:e892d8eba884c8d7b1c21d82,2016-11-01,748
banking_indicators:x1:e892d8eba884c8d7b1c21d82,2016-12-01,586
banking_indicators:x1:e892d8eba884c8d7b1c21d82,2017-01-01,586
banking_indicators:x1:e892d8eba884c8d7b1c21d82,2017-02-01,564
banking_indicators:x1:e892d8eba884c8d7b1c21d82,2017-03-01,619
banking_indicators:x1:e892d8eba884c8d7b1c21d82,2017-04-01,610
banking_indicators:x1:e892d8eba884c8d7b1c21d82,2017-05-01,619
banking_indicators:x1:e892d8eba884c8d7b1c21d82,2017-06-01,593
banking_indicators:x1:e892d8eba884c8d7b1c21d82,2017-07-01,725
banking_indicators:x1:e892d8eba884c8d7b1c21d82,2017-08-01,804
banking_indicators:x1:e892d8eba884c8d7b1c21d82,2017-09-01,927
banking_indicators:x1:e892d8eba884c8d7b1c21d82,2017-10-01,777
banking_indicators:x1:e892d8eba884c8d7b1c21d82,2017-11-01,761
banking_indicators:x1:e892d8eba884c8d7b1c21d82,2017-12-01,712
banking_indicators:x1:e892d8eba884c8d7b1c21d82,2018-01-01,679
banking_indicators:x1:e892d8eba884c8d7b1c21d82,2018-02-01,694
banking_indicators:x1:e892d8eba884c8d7b1c21d82,2018-03-01,646
banking_indicators:x1:e892d8eba884c8d7b1c21d82,2018-04-01,632
banking_indicators:x1:e892d8eba884c8d7b1c21d82,2018-05-01,699
banking_indicators:x1:e892d8eba884c8d7b1c21d82,2018-06-01,672
banking_indicators:x1:e892d8eba884c8d7b1c21d82,2018-07-01,628
banking_indicators:x1:e892d8eba884c8d7b1c21d82,2018-08-01,632
banking_indicators:x1:e892d8eba884c8d7b1c21d82,2018-09-01,493
banking_indicators:x1:e892d8eba884c8d7b1c21d82,2018-10-01,535
banking_indicators:x1:e892d8eba884c8d7b1c21d82,2018-11-01,534
banking_indicators:x1:e892d8eba884c8d7b1c21d82,2018-12-01,497
banking_indicators:x1:e892d8eba884c8d7b1c21d82,2019-01-01,492
banking_indicators:x1:e892d8eba884c8d7b1c21d82,2019-02-01,517
banking_indicators:x1:e892d8eba884c8d7b1c21d82,2019-03-01,494
banking_indicators:x1:e892d8eba884c8d7b1c21d82,2019-04-01,432
banking_indicators:x1:e892d8eba884c8d7b1c21d82,2019-05-01,442
banking_indicators:x1:e892d8eba884c8d7b1c21d82,2019-06-01,480
banking_indicators:x1:e892d8eba884c8d7b1c21d82,2019-07-01,496
banking_indicators:x1:e892d8eba884c8d7b1c21d82,2019-08-01,488
banking_indicators:x1:e892d8eba884c8d7b1c21d82,2019-09-01,548
banking_indicators:x1:e892d8eba884c8d7b1c21d82,2019-10-01,530
banking_indicators:x1:e892d8eba884c8d7b1c21d82,2019-11-01,473
banking_indicators:x1:e892d8eba884c8d7b1c21d82,2019-12-01,513
banking_indicators:x1:e892d8eba884c8d7b1c21d82,2020-01-01,504
banking_indicators:x1:e892d8eba884c8d7b1c21d82,2020-02-01,484
banking_indicators:x1:e892d8eba884c8d7b1c21d82,2020-03-01,482
banking_indicators:x1:e892d8eba884c8d7b1c21d82,2020-04-01,448
banking_indicators:x1:e892d8eba884c8d7b1c21d82,2020-05-01,475
banking_indicators:x1:e892d8eba884c8d7b1c21d82,2020-06-01,489
banking_indicators:x1:e892d8eba884c8d7b1c21d82,2020-07-01,546
banking_indicators:x1:e892d8eba884c8d7b1c21d82,2020-08-01,522
banking_indicators:x1:e892d8eba884c8d7b1c21d82,2020-09-01,546
banking_indicators:x1:e892d8eba884c8d7b1c21d82,2020-10-01,581
banking_indicators:x1:e892d8eba884c8d7b1c21d82,2020-11-01,468
banking_indicators:x1:e892d8eba884c8d7b1c21d82,2020-12-01,386
banking_indicators:x1:e892d8eba884c8d7b1c21d82,2021-01-01,472
banking_indicators:x1:e892d8eba884c8d7b1c21d82,2021-02-01,480
banking_indicators:x1:e892d8eba884c8d7b1c21d82,2021-03-01,465
banking_indicators:x1:e892d8eba884c8d7b1c21d82,2021-04-01,588
banking_indicators:x1:e892d8eba884c8d7b1c21d82,2021-05-01,638
banking_indicators:x1:e892d8eba884c8d7b1c21d82,2021-06-01,617
banking_indicators:x1:e892d8eba884c8d7b1c21d82,2021-07-01,644
banking_indicators:x1:e892d8eba884c8d7b1c21d82,2021-08-01,687
banking_indicators:x1:e892d8eba884c8d7b1c21d82,2021-09-01,667
banking_indicators:x1:e892d8eba884c8d7b1c21d82,2021-10-01,646
banking_indicators:x1:e892d8eba884c8d7b1c21d82,2021-11-01,678
banking_indicators:x1:e892d8eba884c8d7b1c21d82,2021-12-01,676
banking_indicators:x1:e892d8eba884c8d7b1c21d82,2022-01-01,682
banking_indicators:x1:e892d8eba884c8d7b1c21d82,2022-02-01,682
banking_indicators:x1:e892d8eba884c8d7b1c21d82,2022-03-01,675
banking_indicators:x1:e892d8eba884c8d7b1c21d82,2022-04-01,677
banking_indicators:x1:e892d8eba884c8d7b1c21d82,2022-05-01,624
banking_indicators:x1:e892d8eba884c8d7b1c21d82,2022-06-01,624
banking_indicators:x1:e892d8eba884c8d7b1c21d82,2022-07-01,624
banking_indicators:x1:e892d8eba884c8d7b1c21d82,2022-08-01,627
banking_indicators:x1:e892d8eba884c8d7b1c21d82,2022-09-01,632
banking_indicators:x1:e892d8eba884c8d7b1c21d82,2022-10-01,629
banking_indicators:x1:e892d8eba884c8d7b1c21d82,2022-11-01,725
banking_indicators:x1:e892d8eba884c8d7b1c21d82,2022-12-01,693
banking_indicators:x1:e892d8eba884c8d7b1c21d82,2023-01-01,666
banking_indicators:x1:e892d8eba884c8d7b1c21d82,2023-02-01,661
banking_indicators:x1:e892d8eba884c8d7b1c21d82,2023-03-01,674
banking_indicators:x1:e892d8eba884c8d7b1c21d82,2023-04-01,679
banking_indicators:x1:e892d8eba884c8d7b1c21d82,2023-05-01,718
banking_indicators:x1:e892d8eba884c8d7b1c21d82,2023-06-01,503
banking_indicators:x1:e892d8eba884c8d7b1c21d82,2023-07-01,449
banking_indicators:x1:e892d8eba884c8d7b1c21d82,2023-08-01,467
banking_indicators:x1:e892d8eba884c8d7b1c21d82,2023-09-01,470
banking_indicators:x1:e892d8eba884c8d7b1c21d82,2023-10-01,471
banking_indicators:x1:e892d8eba884c8d7b1c21d82,2023-11-01,488
banking_indicators:x1:e892d8eba884c8d7b1c21d82,2023-12-01,505
banking_indicators:x1:e892d8eba884c8d7b1c21d82,2024-01-01,419
banking_indicators:x1:e892d8eba884c8d7b1c21d82,2024-02-01,410
banking_indicators:x1:e892d8eba884c8d7b1c21d82,2024-03-01,423
banking_indicators:x1:e892d8eba884c8d7b1c21d82,2024-04-01,428
banking_indicators:x1:e892d8eba884c8d7b1c21d82,2024-05-01,441
banking_indicators:x1:e892d8eba884c8d7b1c21d82,2024-06-01,448
banking_indicators:x1:e892d8eba884c8d7b1c21d82,2024-07-01,450
banking_indicators:x1:e892d8eba884c8d7b1c21d82,2024-08-01,443
banking_indicators:x1:e892d8eba884c8d7b1c21d82,2024-09-01,461
banking_indicators:x1:e892d8eba884c8d7b1c21d82,2024-10-01,501
banking_indicators:x1:e892d8eba884c8d7b1c21d82,2024-11-01,448
banking_indicators:x1:e892d8eba884c8d7b1c21d82,2024-12-01,336
banking_indicators:x1:e892d8eba884c8d7b1c21d82,2025-01-01,407
banking_indicators:x1:e892d8eba884c8d7b1c21d82,2025-02-01,431
banking_indicators:x1:e892d8eba884c8d7b1c21d82,2025-03-01,401
banking_indicators:x1:e892d8eba884c8d7b1c21d82,2025-04-01,401
banking_indicators:x1:e892d8eba884c8d7b1c21d82,2025-05-01,399
banking_indicators:x1:e892d8eba884c8d7b1c21d82,2025-06-01,388
banking_indicators:x1:e892d8eba884c8d7b1c21d82,2025-07-01,368
banking_indicators:x1:e892d8eba884c8d7b1c21d82,2025-08-01,335
banking_indicators:x1:e892d8eba884c8d7b1c21d82,2025-09-01,353
banking_indicators:x1:e892d8eba884c8d7b1c21d82,2025-10-01,392
banking_indicators:x1:e892d8eba884c8d7b1c21d82,2025-11-01,318
banking_indicators:x1:e892d8eba884c8d7b1c21d82,2025-12-01,282
banking_indicators:x1:e892d8eba884c8d7b1c21d82,2026-01-01,247
banking_indicators:x1:e892d8eba884c8d7b1c21d82,2026-02-01,237
banking_indicators:x1:e892d8eba884c8d7b1c21d82,2026-03-01,220
banking_indicators:x1:e892d8eba884c8d7b1c21d82,2026-04-01,196
banking_indicators:x1:e892d8eba884c8d7b1c21d82,2026-05-01,190
banking_indicators:x1:e892d8eba884c8d7b1c21d82,2026-06-01,200
banking_indicators:x2:5c0fd56409e36091e1e72dcc,2016-01-01,1074386
banking_indicators:x2:5c0fd56409e36091e1e72dcc,2016-02-01,1075584
banking_indicators:x2:5c0fd56409e36091e1e72dcc,2016-03-01,1070154
banking_indicators:x2:5c0fd56409e36091e1e72dcc,2016-04-01,1072789
banking_indicators:x2:5c0fd56409e36091e1e72dcc,2016-05-01,1073958
banking_indicators:x2:5c0fd56409e36091e1e72dcc,2016-06-01,1073925
banking_indicators:x2:5c0fd56409e36091e1e72dcc,2016-07-01,1074937
banking_indicators:x2:5c0fd56409e36091e1e72dcc,2016-08-01,1076115
banking_indicators:x2:5c0fd56409e36091e1e72dcc,2016-09-01,1077308
banking_indicators:x2:5c0fd56409e36091e1e72dcc,2016-10-01,1081760
banking_indicators:x2:5c0fd56409e36091e1e72dcc,2016-11-01,1082140
banking_indicators:x2:5c0fd56409e36091e1e72dcc,2016-12-01,1080649
banking_indicators:x2:5c0fd56409e36091e1e72dcc,2017-01-01,1071766
banking_indicators:x2:5c0fd56409e36091e1e72dcc,2017-02-01,1064565
banking_indicators:x2:5c0fd56409e36091e1e72dcc,2017-03-01,1064175
banking_indicators:x2:5c0fd56409e36091e1e72dcc,2017-04-01,1060178
banking_indicators:x2:5c0fd56409e36091e1e72dcc,2017-05-01,1061389
banking_indicators:x2:5c0fd56409e36091e1e72dcc,2017-06-01,1058073
banking_indicators:x2:5c0fd56409e36091e1e72dcc,2017-07-01,1053131
banking_indicators:x2:5c0fd56409e36091e1e72dcc,2017-08-01,1052947
banking_indicators:x2:5c0fd56409e36091e1e72dcc,2017-09-01,1051510
banking_indicators:x2:5c0fd56409e36091e1e72dcc,2017-10-01,1053962
banking_indicators:x2:5c0fd56409e36091e1e72dcc,2017-11-01,1053906
banking_indicators:x2:5c0fd56409e36091e1e72dcc,2017-12-01,1049818
banking_indicators:x2:5c0fd56409e36091e1e72dcc,2018-01-01,1048023
banking_indicators:x2:5c0fd56409e36091e1e72dcc,2018-02-01,1042558
banking_indicators:x2:5c0fd56409e36091e1e72dcc,2018-03-01,1041124
banking_indicators:x2:5c0fd56409e36091e1e72dcc,2018-04-01,1042719
banking_indicators:x2:5c0fd56409e36091e1e72dcc,2018-05-01,1047046
banking_indicators:x2:5c0fd56409e36091e1e72dcc,2018-06-01,1049217
banking_indicators:x2:5c0fd56409e36091e1e72dcc,2018-07-01,1049566
banking_indicators:x2:5c0fd56409e36091e1e72dcc,2018-08-01,1051654
banking_indicators:x2:5c0fd56409e36091e1e72dcc,2018-09-01,1054240
banking_indicators:x2:5c0fd56409e36091e1e72dcc,2018-10-01,1057456
banking_indicators:x2:5c0fd56409e36091e1e72dcc,2018-11-01,1060718
banking_indicators:x2:5c0fd56409e36091e1e72dcc,2018-12-01,1059185
banking_indicators:x2:5c0fd56409e36091e1e72dcc,2019-01-01,1053989
banking_indicators:x2:5c0fd56409e36091e1e72dcc,2019-02-01,1051726
banking_indicators:x2:5c0fd56409e36091e1e72dcc,2019-03-01,1050661
banking_indicators:x2:5c0fd56409e36091e1e72dcc,2019-04-01,1050666
banking_indicators:x2:5c0fd56409e36091e1e72dcc,2019-05-01,1053208
banking_indicators:x2:5c0fd56409e36091e1e72dcc,2019-06-01,1051018
banking_indicators:x2:5c0fd56409e36091e1e72dcc,2019-07-01,1048494
banking_indicators:x2:5c0fd56409e36091e1e72dcc,2019-08-01,1049783
banking_indicators:x2:5c0fd56409e36091e1e72dcc,2019-09-01,1038134
banking_indicators:x2:5c0fd56409e36091e1e72dcc,2019-10-01,1039610
banking_indicators:x2:5c0fd56409e36091e1e72dcc,2019-11-01,1040685
banking_indicators:x2:5c0fd56409e36091e1e72dcc,2019-12-01,1038525
banking_indicators:x2:5c0fd56409e36091e1e72dcc,2020-01-01,1036216
banking_indicators:x2:5c0fd56409e36091e1e72dcc,2020-02-01,1035105
banking_indicators:x2:5c0fd56409e36091e1e72dcc,2020-03-01,1033123
banking_indicators:x2:5c0fd56409e36091e1e72dcc,2020-04-01,1025967
banking_indicators:x2:5c0fd56409e36091e1e72dcc,2020-05-01,1019653
banking_indicators:x2:5c0fd56409e36091e1e72dcc,2020-06-01,1013402
banking_indicators:x2:5c0fd56409e36091e1e72dcc,2020-07-01,1013383
banking_indicators:x2:5c0fd56409e36091e1e72dcc,2020-08-01,1003869
banking_indicators:x2:5c0fd56409e36091e1e72dcc,2020-09-01,1005755
banking_indicators:x2:5c0fd56409e36091e1e72dcc,2020-10-01,1005294
banking_indicators:x2:5c0fd56409e36091e1e72dcc,2020-11-01,1004004
banking_indicators:x2:5c0fd56409e36091e1e72dcc,2020-12-01,995981
banking_indicators:x2:5c0fd56409e36091e1e72dcc,2021-01-01,997604
banking_indicators:x2:5c0fd56409e36091e1e72dcc,2021-02-01,994405
banking_indicators:x2:5c0fd56409e36091e1e72dcc,2021-03-01,997763
banking_indicators:x2:5c0fd56409e36091e1e72dcc,2021-04-01,1002031
banking_indicators:x2:5c0fd56409e36091e1e72dcc,2021-05-01,1001227
banking_indicators:x2:5c0fd56409e36091e1e72dcc,2021-06-01,997929
banking_indicators:x2:5c0fd56409e36091e1e72dcc,2021-07-01,998146
banking_indicators:x2:5c0fd56409e36091e1e72dcc,2021-08-01,1001896
banking_indicators:x2:5c0fd56409e36091e1e72dcc,2021-09-01,1004253
banking_indicators:x2:5c0fd56409e36091e1e72dcc,2021-10-01,1008312
banking_indicators:x2:5c0fd56409e36091e1e72dcc,2021-11-01,1012581
banking_indicators:x2:5c0fd56409e36091e1e72dcc,2021-12-01,1012878
banking_indicators:x2:5c0fd56409e36091e1e72dcc,2022-01-01,1015105
banking_indicators:x2:5c0fd56409e36091e1e72dcc,2022-02-01,1018580
banking_indicators:x2:5c0fd56409e36091e1e72dcc,2022-03-01,1021759
banking_indicators:x2:5c0fd56409e36091e1e72dcc,2022-04-01,1024588
banking_indicators:x2:5c0fd56409e36091e1e72dcc,2022-05-01,1020300
banking_indicators:x2:5c0fd56409e36091e1e72dcc,2022-06-01,1021233
banking_indicators:x2:5c0fd56409e36091e1e72dcc,2022-07-01,1024306
banking_indicators:x2:5c0fd56409e36091e1e72dcc,2022-08-01,1027453
banking_indicators:x2:5c0fd56409e36091e1e72dcc,2022-09-01,1028591
banking_indicators:x2:5c0fd56409e36091e1e72dcc,2022-10-01,1029042
banking_indicators:x2:5c0fd56409e36091e1e72dcc,2022-11-01,1032567
banking_indicators:x2:5c0fd56409e36091e1e72dcc,2022-12-01,1032057
banking_indicators:x2:5c0fd56409e36091e1e72dcc,2023-01-01,1034924
banking_indicators:x2:5c0fd56409e36091e1e72dcc,2023-02-01,1038490
banking_indicators:x2:5c0fd56409e36091e1e72dcc,2023-03-01,1039018
banking_indicators:x2:5c0fd56409e36091e1e72dcc,2023-04-01,1043192
banking_indicators:x2:5c0fd56409e36091e1e72dcc,2023-05-01,1049054
banking_indicators:x2:5c0fd56409e36091e1e72dcc,2023-06-01,1054488
banking_indicators:x2:5c0fd56409e36091e1e72dcc,2023-07-01,1061662
banking_indicators:x2:5c0fd56409e36091e1e72dcc,2023-08-01,1121842
banking_indicators:x2:5c0fd56409e36091e1e72dcc,2023-09-01,1210018
banking_indicators:x2:5c0fd56409e36091e1e72dcc,2023-10-01,1286698
banking_indicators:x2:5c0fd56409e36091e1e72dcc,2023-11-01,1347970
banking_indicators:x2:5c0fd56409e36091e1e72dcc,2023-12-01,1379254
banking_indicators:x2:5c0fd56409e36091e1e72dcc,2024-01-01,1422959
banking_indicators:x2:5c0fd56409e36091e1e72dcc,2024-02-01,1449145
banking_indicators:x2:5c0fd56409e36091e1e72dcc,2024-03-01,1442012
banking_indicators:x2:5c0fd56409e36091e1e72dcc,2024-04-01,1452306
banking_indicators:x2:5c0fd56409e36091e1e72dcc,2024-05-01,1452777
banking_indicators:x2:5c0fd56409e36091e1e72dcc,2024-06-01,1465174
banking_indicators:x2:5c0fd56409e36091e1e72dcc,2024-07-01,1476855
banking_indicators:x2:5c0fd56409e36091e1e72dcc,2024-08-01,1481853
banking_indicators:x2:5c0fd56409e36091e1e72dcc,2024-09-01,1497622
banking_indicators:x2:5c0fd56409e36091e1e72dcc,2024-10-01,1713891
banking_indicators:x2:5c0fd56409e36091e1e72dcc,2024-11-01,1741084
banking_indicators:x2:5c0fd56409e36091e1e72dcc,2024-12-01,1953200
banking_indicators:x2:5c0fd56409e36091e1e72dcc,2025-01-01,1961620
banking_indicators:x2:5c0fd56409e36091e1e72dcc,2025-02-01,1973991
banking_indicators:x2:5c0fd56409e36091e1e72dcc,2025-03-01,1987887
banking_indicators:x2:5c0fd56409e36091e1e72dcc,2025-04-01,2022200
banking_indicators:x2:5c0fd56409e36091e1e72dcc,2025-05-01,2043179
banking_indicators:x2:5c0fd56409e36091e1e72dcc,2025-06-01,2059090
banking_indicators:x2:5c0fd56409e36091e1e72dcc,2025-07-01,2104490
banking_indicators:x2:5c0fd56409e36091e1e72dcc,2025-08-01,2126559
banking_indicators:x2:5c0fd56409e36091e1e72dcc,2025-09-01,2157907
banking_indicators:x2:5c0fd56409e36091e1e72dcc,2025-10-01,2185722
banking_indicators:x2:5c0fd56409e36091e1e72dcc,2025-11-01,2198277
banking_indicators:x2:5c0fd56409e36091e1e72dcc,2025-12-01,2174022
banking_indicators:x2:5c0fd56409e36091e1e72dcc,2026-01-01,2209399
banking_indicators:x2:5c0fd56409e36091e1e72dcc,2026-02-01,2246266
banking_indicators:x2:5c0fd56409e36091e1e72dcc,2026-03-01,2266127
banking_indicators:x2:5c0fd56409e36091e1e72dcc,2026-04-01,2285784
banking_indicators:x2:5c0fd56409e36091e1e72dcc,2026-05-01,2300575
banking_indicators:x2:5c0fd56409e36091e1e72dcc,2026-06-01,2317919
banking_indicators:x2:66ecef6519618c62dc7e5511,2016-01-01,603772
banking_indicators:x2:66ecef6519618c62dc7e5511,2016-02-01,603690
banking_indicators:x2:66ecef6519618c62dc7e5511,2016-03-01,600020
banking_indicators:x2:66ecef6519618c62dc7e5511,2016-04-01,600846
banking_indicators:x2:66ecef6519618c62dc7e5511,2016-05-01,601391
banking_indicators:x2:66ecef6519618c62dc7e5511,2016-06-01,601226
banking_indicators:x2:66ecef6519618c62dc7e5511,2016-07-01,601786
banking_indicators:x2:66ecef6519618c62dc7e5511,2016-08-01,602276
banking_indicators:x2:66ecef6519618c62dc7e5511,2016-09-01,602805
banking_indicators:x2:66ecef6519618c62dc7e5511,2016-10-01,605329
banking_indicators:x2:66ecef6519618c62dc7e5511,2016-11-01,605252
banking_indicators:x2:66ecef6519618c62dc7e5511,2016-12-01,604292
banking_indicators:x2:66ecef6519618c62dc7e5511,2017-01-01,598791
banking_indicators:x2:66ecef6519618c62dc7e5511,2017-02-01,594819
banking_indicators:x2:66ecef6519618c62dc7e5511,2017-03-01,594152
banking_indicators:x2:66ecef6519618c62dc7e5511,2017-04-01,592285
banking_indicators:x2:66ecef6519618c62dc7e5511,2017-05-01,592711
banking_indicators:x2:66ecef6519618c62dc7e5511,2017-06-01,590308
banking_indicators:x2:66ecef6519618c62dc7e5511,2017-07-01,588068
banking_indicators:x2:66ecef6519618c62dc7e5511,2017-08-01,588251
banking_indicators:x2:66ecef6519618c62dc7e5511,2017-09-01,587858
banking_indicators:x2:66ecef6519618c62dc7e5511,2017-10-01,589121
banking_indicators:x2:66ecef6519618c62dc7e5511,2017-11-01,589799
banking_indicators:x2:66ecef6519618c62dc7e5511,2017-12-01,588217
banking_indicators:x2:66ecef6519618c62dc7e5511,2018-01-01,587430
banking_indicators:x2:66ecef6519618c62dc7e5511,2018-02-01,584504
banking_indicators:x2:66ecef6519618c62dc7e5511,2018-03-01,583201
banking_indicators:x2:66ecef6519618c62dc7e5511,2018-04-01,583334
banking_indicators:x2:66ecef6519618c62dc7e5511,2018-05-01,585559
banking_indicators:x2:66ecef6519618c62dc7e5511,2018-06-01,586165
banking_indicators:x2:66ecef6519618c62dc7e5511,2018-07-01,586422
banking_indicators:x2:66ecef6519618c62dc7e5511,2018-08-01,587589
banking_indicators:x2:66ecef6519618c62dc7e5511,2018-09-01,588955
banking_indicators:x2:66ecef6519618c62dc7e5511,2018-10-01,590599
banking_indicators:x2:66ecef6519618c62dc7e5511,2018-11-01,592099
banking_indicators:x2:66ecef6519618c62dc7e5511,2018-12-01,590975
banking_indicators:x2:66ecef6519618c62dc7e5511,2019-01-01,588185
banking_indicators:x2:66ecef6519618c62dc7e5511,2019-02-01,587111
banking_indicators:x2:66ecef6519618c62dc7e5511,2019-03-01,586352
banking_indicators:x2:66ecef6519618c62dc7e5511,2019-04-01,585695
banking_indicators:x2:66ecef6519618c62dc7e5511,2019-05-01,586905
banking_indicators:x2:66ecef6519618c62dc7e5511,2019-06-01,585277
banking_indicators:x2:66ecef6519618c62dc7e5511,2019-07-01,583623
banking_indicators:x2:66ecef6519618c62dc7e5511,2019-08-01,584308
banking_indicators:x2:66ecef6519618c62dc7e5511,2019-09-01,577863
banking_indicators:x2:66ecef6519618c62dc7e5511,2019-10-01,578496
banking_indicators:x2:66ecef6519618c62dc7e5511,2019-11-01,578429
banking_indicators:x2:66ecef6519618c62dc7e5511,2019-12-01,577410
banking_indicators:x2:66ecef6519618c62dc7e5511,2020-01-01,576044
banking_indicators:x2:66ecef6519618c62dc7e5511,2020-02-01,575108
banking_indicators:x2:66ecef6519618c62dc7e5511,2020-03-01,573786
banking_indicators:x2:66ecef6519618c62dc7e5511,2020-04-01,570057
banking_indicators:x2:66ecef6519618c62dc7e5511,2020-05-01,566335
banking_indicators:x2:66ecef6519618c62dc7e5511,2020-06-01,562862
banking_indicators:x2:66ecef6519618c62dc7e5511,2020-07-01,563118
banking_indicators:x2:66ecef6519618c62dc7e5511,2020-08-01,558215
banking_indicators:x2:66ecef6519618c62dc7e5511,2020-09-01,559287
banking_indicators:x2:66ecef6519618c62dc7e5511,2020-10-01,559380
banking_indicators:x2:66ecef6519618c62dc7e5511,2020-11-01,558059
banking_indicators:x2:66ecef6519618c62dc7e5511,2020-12-01,553633
banking_indicators:x2:66ecef6519618c62dc7e5511,2021-01-01,554606
banking_indicators:x2:66ecef6519618c62dc7e5511,2021-02-01,553055
banking_indicators:x2:66ecef6519618c62dc7e5511,2021-03-01,555265
banking_indicators:x2:66ecef6519618c62dc7e5511,2021-04-01,557891
banking_indicators:x2:66ecef6519618c62dc7e5511,2021-05-01,557422
banking_indicators:x2:66ecef6519618c62dc7e5511,2021-06-01,555549
banking_indicators:x2:66ecef6519618c62dc7e5511,2021-07-01,556041
banking_indicators:x2:66ecef6519618c62dc7e5511,2021-08-01,558452
banking_indicators:x2:66ecef6519618c62dc7e5511,2021-09-01,559977
banking_indicators:x2:66ecef6519618c62dc7e5511,2021-10-01,562390
banking_indicators:x2:66ecef6519618c62dc7e5511,2021-11-01,564315
banking_indicators:x2:66ecef6519618c62dc7e5511,2021-12-01,564500
banking_indicators:x2:66ecef6519618c62dc7e5511,2022-01-01,565872
banking_indicators:x2:66ecef6519618c62dc7e5511,2022-02-01,567981
banking_indicators:x2:66ecef6519618c62dc7e5511,2022-03-01,569648
banking_indicators:x2:66ecef6519618c62dc7e5511,2022-04-01,571408
banking_indicators:x2:66ecef6519618c62dc7e5511,2022-05-01,569686
banking_indicators:x2:66ecef6519618c62dc7e5511,2022-06-01,570727
banking_indicators:x2:66ecef6519618c62dc7e5511,2022-07-01,572845
banking_indicators:x2:66ecef6519618c62dc7e5511,2022-08-01,574646
banking_indicators:x2:66ecef6519618c62dc7e5511,2022-09-01,575640
banking_indicators:x2:66ecef6519618c62dc7e5511,2022-10-01,576287
banking_indicators:x2:66ecef6519618c62dc7e5511,2022-11-01,578364
banking_indicators:x2:66ecef6519618c62dc7e5511,2022-12-01,577938
banking_indicators:x2:66ecef6519618c62dc7e5511,2023-01-01,579797
banking_indicators:x2:66ecef6519618c62dc7e5511,2023-02-01,581873
banking_indicators:x2:66ecef6519618c62dc7e5511,2023-03-01,582386
banking_indicators:x2:66ecef6519618c62dc7e5511,2023-04-01,584760
banking_indicators:x2:66ecef6519618c62dc7e5511,2023-05-01,588279
banking_indicators:x2:66ecef6519618c62dc7e5511,2023-06-01,590575
banking_indicators:x2:66ecef6519618c62dc7e5511,2023-07-01,594163
banking_indicators:x2:66ecef6519618c62dc7e5511,2023-08-01,624028
banking_indicators:x2:66ecef6519618c62dc7e5511,2023-09-01,668362
banking_indicators:x2:66ecef6519618c62dc7e5511,2023-10-01,706430
banking_indicators:x2:66ecef6519618c62dc7e5511,2023-11-01,737892
banking_indicators:x2:66ecef6519618c62dc7e5511,2023-12-01,754526
banking_indicators:x2:66ecef6519618c62dc7e5511,2024-01-01,775500
banking_indicators:x2:66ecef6519618c62dc7e5511,2024-02-01,788417
banking_indicators:x2:66ecef6519618c62dc7e5511,2024-03-01,785547
banking_indicators:x2:66ecef6519618c62dc7e5511,2024-04-01,789176
banking_indicators:x2:66ecef6519618c62dc7e5511,2024-05-01,788062
banking_indicators:x2:66ecef6519618c62dc7e5511,2024-06-01,793340
banking_indicators:x2:66ecef6519618c62dc7e5511,2024-07-01,798924
banking_indicators:x2:66ecef6519618c62dc7e5511,2024-08-01,801598
banking_indicators:x2:66ecef6519618c62dc7e5511,2024-09-01,809482
banking_indicators:x2:66ecef6519618c62dc7e5511,2024-10-01,907133
banking_indicators:x2:66ecef6519618c62dc7e5511,2024-11-01,920678
banking_indicators:x2:66ecef6519618c62dc7e5511,2024-12-01,1023432
banking_indicators:x2:66ecef6519618c62dc7e5511,2025-01-01,1027631
banking_indicators:x2:66ecef6519618c62dc7e5511,2025-02-01,1033580
banking_indicators:x2:66ecef6519618c62dc7e5511,2025-03-01,1040864
banking_indicators:x2:66ecef6519618c62dc7e5511,2025-04-01,1056088
banking_indicators:x2:66ecef6519618c62dc7e5511,2025-05-01,1066144
banking_indicators:x2:66ecef6519618c62dc7e5511,2025-06-01,1074336
banking_indicators:x2:66ecef6519618c62dc7e5511,2025-07-01,1096449
banking_indicators:x2:66ecef6519618c62dc7e5511,2025-08-01,1107834
banking_indicators:x2:66ecef6519618c62dc7e5511,2025-09-01,1123106
banking_indicators:x2:66ecef6519618c62dc7e5511,2025-10-01,1136188
banking_indicators:x2:66ecef6519618c62dc7e5511,2025-11-01,1142377
banking_indicators:x2:66ecef6519618c62dc7e5511,2025-12-01,1129996
banking_indicators:x2:66ecef6519618c62dc7e5511,2026-01-01,1147686
banking_indicators:x2:66ecef6519618c62dc7e5511,2026-02-01,1165209
banking_indicators:x2:66ecef6519618c62dc7e5511,2026-03-01,1174024
banking_indicators:x2:66ecef6519618c62dc7e5511,2026-04-01,1183732
banking_indicators:x2:66ecef6519618c62dc7e5511,2026-05-01,1190281
banking_indicators:x2:66ecef6519618c62dc7e5511,2026-06-01,1199238
banking_indicators:x2:f07415dcb17680e112155196,2016-01-01,470614
banking_indicators:x2:f07415dcb17680e112155196,2016-02-01,471894
banking_indicators:x2:f07415dcb17680e112155196,2016-03-01,470134
banking_indicators:x2:f07415dcb17680e112155196,2016-04-01,471943
banking_indicators:x2:f07415dcb17680e112155196,2016-05-01,472567
banking_indicators:x2:f07415dcb17680e112155196,2016-06-01,472699
banking_indicators:x2:f07415dcb17680e112155196,2016-07-01,473151
banking_indicators:x2:f07415dcb17680e112155196,2016-08-01,473839
banking_indicators:x2:f07415dcb17680e112155196,2016-09-01,474503
banking_indicators:x2:f07415dcb17680e112155196,2016-10-01,476431
banking_indicators:x2:f07415dcb17680e112155196,2016-11-01,476888
banking_indicators:x2:f07415dcb17680e112155196,2016-12-01,476357
banking_indicators:x2:f07415dcb17680e112155196,2017-01-01,472975
banking_indicators:x2:f07415dcb17680e112155196,2017-02-01,469746
banking_indicators:x2:f07415dcb17680e112155196,2017-03-01,470023
banking_indicators:x2:f07415dcb17680e112155196,2017-04-01,467893
banking_indicators:x2:f07415dcb17680e112155196,2017-05-01,468678
banking_indicators:x2:f07415dcb17680e112155196,2017-06-01,467765
banking_indicators:x2:f07415dcb17680e112155196,2017-07-01,465063
banking_indicators:x2:f07415dcb17680e112155196,2017-08-01,464696
banking_indicators:x2:f07415dcb17680e112155196,2017-09-01,463652
banking_indicators:x2:f07415dcb17680e112155196,2017-10-01,464841
banking_indicators:x2:f07415dcb17680e112155196,2017-11-01,464107
banking_indicators:x2:f07415dcb17680e112155196,2017-12-01,461601
banking_indicators:x2:f07415dcb17680e112155196,2018-01-01,460593
banking_indicators:x2:f07415dcb17680e112155196,2018-02-01,458054
banking_indicators:x2:f07415dcb17680e112155196,2018-03-01,457923
banking_indicators:x2:f07415dcb17680e112155196,2018-04-01,459385
banking_indicators:x2:f07415dcb17680e112155196,2018-05-01,461487
banking_indicators:x2:f07415dcb17680e112155196,2018-06-01,463052
banking_indicators:x2:f07415dcb17680e112155196,2018-07-01,463144
banking_indicators:x2:f07415dcb17680e112155196,2018-08-01,464065
banking_indicators:x2:f07415dcb17680e112155196,2018-09-01,465285
banking_indicators:x2:f07415dcb17680e112155196,2018-10-01,466857
banking_indicators:x2:f07415dcb17680e112155196,2018-11-01,468619
banking_indicators:x2:f07415dcb17680e112155196,2018-12-01,468210
banking_indicators:x2:f07415dcb17680e112155196,2019-01-01,465804
banking_indicators:x2:f07415dcb17680e112155196,2019-02-01,464615
banking_indicators:x2:f07415dcb17680e112155196,2019-03-01,464309
banking_indicators:x2:f07415dcb17680e112155196,2019-04-01,464971
banking_indicators:x2:f07415dcb17680e112155196,2019-05-01,466303
banking_indicators:x2:f07415dcb17680e112155196,2019-06-01,465741
banking_indicators:x2:f07415dcb17680e112155196,2019-07-01,464871
banking_indicators:x2:f07415dcb17680e112155196,2019-08-01,465475
banking_indicators:x2:f07415dcb17680e112155196,2019-09-01,460271
banking_indicators:x2:f07415dcb17680e112155196,2019-10-01,461114
banking_indicators:x2:f07415dcb17680e112155196,2019-11-01,462256
banking_indicators:x2:f07415dcb17680e112155196,2019-12-01,461115
banking_indicators:x2:f07415dcb17680e112155196,2020-01-01,460172
banking_indicators:x2:f07415dcb17680e112155196,2020-02-01,459997
banking_indicators:x2:f07415dcb17680e112155196,2020-03-01,459337
banking_indicators:x2:f07415dcb17680e112155196,2020-04-01,455910
banking_indicators:x2:f07415dcb17680e112155196,2020-05-01,453318
banking_indicators:x2:f07415dcb17680e112155196,2020-06-01,450540
banking_indicators:x2:f07415dcb17680e112155196,2020-07-01,450265
banking_indicators:x2:f07415dcb17680e112155196,2020-08-01,445654
banking_indicators:x2:f07415dcb17680e112155196,2020-09-01,446468
banking_indicators:x2:f07415dcb17680e112155196,2020-10-01,445914
banking_indicators:x2:f07415dcb17680e112155196,2020-11-01,445945
banking_indicators:x2:f07415dcb17680e112155196,2020-12-01,442348
banking_indicators:x2:f07415dcb17680e112155196,2021-01-01,442998
banking_indicators:x2:f07415dcb17680e112155196,2021-02-01,441350
banking_indicators:x2:f07415dcb17680e112155196,2021-03-01,442498
banking_indicators:x2:f07415dcb17680e112155196,2021-04-01,444140
banking_indicators:x2:f07415dcb17680e112155196,2021-05-01,443805
banking_indicators:x2:f07415dcb17680e112155196,2021-06-01,442380
banking_indicators:x2:f07415dcb17680e112155196,2021-07-01,442105
banking_indicators:x2:f07415dcb17680e112155196,2021-08-01,443444
banking_indicators:x2:f07415dcb17680e112155196,2021-09-01,444276
banking_indicators:x2:f07415dcb17680e112155196,2021-10-01,445922
banking_indicators:x2:f07415dcb17680e112155196,2021-11-01,448266
banking_indicators:x2:f07415dcb17680e112155196,2021-12-01,448378
banking_indicators:x2:f07415dcb17680e112155196,2022-01-01,449233
banking_indicators:x2:f07415dcb17680e112155196,2022-02-01,450599
banking_indicators:x2:f07415dcb17680e112155196,2022-03-01,452111
banking_indicators:x2:f07415dcb17680e112155196,2022-04-01,453180
banking_indicators:x2:f07415dcb17680e112155196,2022-05-01,450614
banking_indicators:x2:f07415dcb17680e112155196,2022-06-01,450506
banking_indicators:x2:f07415dcb17680e112155196,2022-07-01,451461
banking_indicators:x2:f07415dcb17680e112155196,2022-08-01,452807
banking_indicators:x2:f07415dcb17680e112155196,2022-09-01,452951
banking_indicators:x2:f07415dcb17680e112155196,2022-10-01,452755
banking_indicators:x2:f07415dcb17680e112155196,2022-11-01,454203
banking_indicators:x2:f07415dcb17680e112155196,2022-12-01,454119
banking_indicators:x2:f07415dcb17680e112155196,2023-01-01,455127
banking_indicators:x2:f07415dcb17680e112155196,2023-02-01,456617
banking_indicators:x2:f07415dcb17680e112155196,2023-03-01,456632
banking_indicators:x2:f07415dcb17680e112155196,2023-04-01,458432
banking_indicators:x2:f07415dcb17680e112155196,2023-05-01,460775
banking_indicators:x2:f07415dcb17680e112155196,2023-06-01,463913
banking_indicators:x2:f07415dcb17680e112155196,2023-07-01,467499
banking_indicators:x2:f07415dcb17680e112155196,2023-08-01,497814
banking_indicators:x2:f07415dcb17680e112155196,2023-09-01,541656
banking_indicators:x2:f07415dcb17680e112155196,2023-10-01,580268
banking_indicators:x2:f07415dcb17680e112155196,2023-11-01,610078
banking_indicators:x2:f07415dcb17680e112155196,2023-12-01,624728
banking_indicators:x2:f07415dcb17680e112155196,2024-01-01,647459
banking_indicators:x2:f07415dcb17680e112155196,2024-02-01,660728
banking_indicators:x2:f07415dcb17680e112155196,2024-03-01,656465
banking_indicators:x2:f07415dcb17680e112155196,2024-04-01,663130
banking_indicators:x2:f07415dcb17680e112155196,2024-05-01,664715
banking_indicators:x2:f07415dcb17680e112155196,2024-06-01,671834
banking_indicators:x2:f07415dcb17680e112155196,2024-07-01,677931
banking_indicators:x2:f07415dcb17680e112155196,2024-08-01,680255
banking_indicators:x2:f07415dcb17680e112155196,2024-09-01,688140
banking_indicators:x2:f07415dcb17680e112155196,2024-10-01,806758
banking_indicators:x2:f07415dcb17680e112155196,2024-11-01,820406
banking_indicators:x2:f07415dcb17680e112155196,2024-12-01,929768
banking_indicators:x2:f07415dcb17680e112155196,2025-01-01,933989
banking_indicators:x2:f07415dcb17680e112155196,2025-02-01,940411
banking_indicators:x2:f07415dcb17680e112155196,2025-03-01,947023
banking_indicators:x2:f07415dcb17680e112155196,2025-04-01,966112
banking_indicators:x2:f07415dcb17680e112155196,2025-05-01,977035
banking_indicators:x2:f07415dcb17680e112155196,2025-06-01,984754
banking_indicators:x2:f07415dcb17680e112155196,2025-07-01,1008041
banking_indicators:x2:f07415dcb17680e112155196,2025-08-01,1018725
banking_indicators:x2:f07415dcb17680e112155196,2025-09-01,1034801
banking_indicators:x2:f07415dcb17680e112155196,2025-10-01,1049534
banking_indicators:x2:f07415dcb17680e112155196,2025-11-01,1055900
banking_indicators:x2:f07415dcb17680e112155196,2025-12-01,1044026
banking_indicators:x2:f07415dcb17680e112155196,2026-01-01,1061713
banking_indicators:x2:f07415dcb17680e112155196,2026-02-01,1081057
banking_indicators:x2:f07415dcb17680e112155196,2026-03-01,1092103
banking_indicators:x2:f07415dcb17680e112155196,2026-04-01,1102052
banking_indicators:x2:f07415dcb17680e112155196,2026-05-01,1110294
banking_indicators:x2:f07415dcb17680e112155196,2026-06-01,1118681
banking_indicators:x3:10a49f47766e6f224a38b124,2016-01-01,41646
banking_indicators:x3:10a49f47766e6f224a38b124,2016-02-01,40660
banking_indicators:x3:10a49f47766e6f224a38b124,2016-03-01,40636
banking_indicators:x3:10a49f47766e6f224a38b124,2016-04-01,40843
banking_indicators:x3:10a49f47766e6f224a38b124,2016-05-01,39669
banking_indicators:x3:10a49f47766e6f224a38b124,2016-06-01,38065
banking_indicators:x3:10a49f47766e6f224a38b124,2016-07-01,38272
banking_indicators:x3:10a49f47766e6f224a38b124,2016-08-01,37987
banking_indicators:x3:10a49f47766e6f224a38b124,2016-09-01,35674
banking_indicators:x3:10a49f47766e6f224a38b124,2016-10-01,38238
banking_indicators:x3:10a49f47766e6f224a38b124,2016-11-01,38929
banking_indicators:x3:10a49f47766e6f224a38b124,2016-12-01,40219
banking_indicators:x3:10a49f47766e6f224a38b124,2017-01-01,37605
banking_indicators:x3:10a49f47766e6f224a38b124,2017-02-01,37453
banking_indicators:x3:10a49f47766e6f224a38b124,2017-03-01,37103
banking_indicators:x3:10a49f47766e6f224a38b124,2017-04-01,36495
banking_indicators:x3:10a49f47766e6f224a38b124,2017-05-01,36414
banking_indicators:x3:10a49f47766e6f224a38b124,2017-06-01,36866
banking_indicators:x3:10a49f47766e6f224a38b124,2017-07-01,37708
banking_indicators:x3:10a49f47766e6f224a38b124,2017-08-01,37949
banking_indicators:x3:10a49f47766e6f224a38b124,2017-09-01,39855
banking_indicators:x3:10a49f47766e6f224a38b124,2017-10-01,39918
banking_indicators:x3:10a49f47766e6f224a38b124,2017-11-01,41541
banking_indicators:x3:10a49f47766e6f224a38b124,2017-12-01,42255
banking_indicators:x3:10a49f47766e6f224a38b124,2018-01-01,41304
banking_indicators:x3:10a49f47766e6f224a38b124,2018-02-01,34727
banking_indicators:x3:10a49f47766e6f224a38b124,2018-03-01,35129
banking_indicators:x3:10a49f47766e6f224a38b124,2018-04-01,36128
banking_indicators:x3:10a49f47766e6f224a38b124,2018-05-01,36453
banking_indicators:x3:10a49f47766e6f224a38b124,2018-06-01,37482
banking_indicators:x3:10a49f47766e6f224a38b124,2018-07-01,37263
banking_indicators:x3:10a49f47766e6f224a38b124,2018-08-01,39041
banking_indicators:x3:10a49f47766e6f224a38b124,2018-09-01,40046
banking_indicators:x3:10a49f47766e6f224a38b124,2018-10-01,39131
banking_indicators:x3:10a49f47766e6f224a38b124,2018-11-01,40616
banking_indicators:x3:10a49f47766e6f224a38b124,2018-12-01,40601
banking_indicators:x3:10a49f47766e6f224a38b124,2019-01-01,38889
banking_indicators:x3:10a49f47766e6f224a38b124,2019-02-01,38545
banking_indicators:x3:10a49f47766e6f224a38b124,2019-03-01,37597
banking_indicators:x3:10a49f47766e6f224a38b124,2019-04-01,35378
banking_indicators:x3:10a49f47766e6f224a38b124,2019-05-01,35105
banking_indicators:x3:10a49f47766e6f224a38b124,2019-06-01,35485
banking_indicators:x3:10a49f47766e6f224a38b124,2019-07-01,35472
banking_indicators:x3:10a49f47766e6f224a38b124,2019-08-01,36239
banking_indicators:x3:10a49f47766e6f224a38b124,2019-09-01,36375
banking_indicators:x3:10a49f47766e6f224a38b124,2019-10-01,36879
banking_indicators:x3:10a49f47766e6f224a38b124,2019-11-01,38736
banking_indicators:x3:10a49f47766e6f224a38b124,2019-12-01,38435
banking_indicators:x3:10a49f47766e6f224a38b124,2020-01-01,36310
banking_indicators:x3:10a49f47766e6f224a38b124,2020-02-01,36298
banking_indicators:x3:10a49f47766e6f224a38b124,2020-03-01,32926
banking_indicators:x3:10a49f47766e6f224a38b124,2020-04-01,26080
banking_indicators:x3:10a49f47766e6f224a38b124,2020-05-01,21689
banking_indicators:x3:10a49f47766e6f224a38b124,2020-06-01,20150
banking_indicators:x3:10a49f47766e6f224a38b124,2020-07-01,18056
banking_indicators:x3:10a49f47766e6f224a38b124,2020-08-01,18198
banking_indicators:x3:10a49f47766e6f224a38b124,2020-09-01,18579
banking_indicators:x3:10a49f47766e6f224a38b124,2020-10-01,19547
banking_indicators:x3:10a49f47766e6f224a38b124,2020-11-01,20892
banking_indicators:x3:10a49f47766e6f224a38b124,2020-12-01,22304
banking_indicators:x3:10a49f47766e6f224a38b124,2021-01-01,23207
banking_indicators:x3:10a49f47766e6f224a38b124,2021-02-01,24839
banking_indicators:x3:10a49f47766e6f224a38b124,2021-03-01,23905
banking_indicators:x3:10a49f47766e6f224a38b124,2021-04-01,24493
banking_indicators:x3:10a49f47766e6f224a38b124,2021-05-01,25149
banking_indicators:x3:10a49f47766e6f224a38b124,2021-06-01,26308
banking_indicators:x3:10a49f47766e6f224a38b124,2021-07-01,27643
banking_indicators:x3:10a49f47766e6f224a38b124,2021-08-01,28827
banking_indicators:x3:10a49f47766e6f224a38b124,2021-09-01,30622
banking_indicators:x3:10a49f47766e6f224a38b124,2021-10-01,31701
banking_indicators:x3:10a49f47766e6f224a38b124,2021-11-01,32499
banking_indicators:x3:10a49f47766e6f224a38b124,2021-12-01,33896
banking_indicators:x3:10a49f47766e6f224a38b124,2022-01-01,32382
banking_indicators:x3:10a49f47766e6f224a38b124,2022-02-01,33136
banking_indicators:x3:10a49f47766e6f224a38b124,2022-03-01,32627
banking_indicators:x3:10a49f47766e6f224a38b124,2022-04-01,33120
banking_indicators:x3:10a49f47766e6f224a38b124,2022-05-01,32898
banking_indicators:x3:10a49f47766e6f224a38b124,2022-06-01,33981
banking_indicators:x3:10a49f47766e6f224a38b124,2022-07-01,35381
banking_indicators:x3:10a49f47766e6f224a38b124,2022-08-01,33658
banking_indicators:x3:10a49f47766e6f224a38b124,2022-09-01,33111
banking_indicators:x3:10a49f47766e6f224a38b124,2022-10-01,33173
banking_indicators:x3:10a49f47766e6f224a38b124,2022-11-01,32896
banking_indicators:x3:10a49f47766e6f224a38b124,2022-12-01,33745
banking_indicators:x3:10a49f47766e6f224a38b124,2023-01-01,32351
banking_indicators:x3:10a49f47766e6f224a38b124,2023-02-01,32667
banking_indicators:x3:10a49f47766e6f224a38b124,2023-03-01,31198
banking_indicators:x3:10a49f47766e6f224a38b124,2023-04-01,30694
banking_indicators:x3:10a49f47766e6f224a38b124,2023-05-01,30283
banking_indicators:x3:10a49f47766e6f224a38b124,2023-06-01,31543
banking_indicators:x3:10a49f47766e6f224a38b124,2023-07-01,33872
banking_indicators:x3:10a49f47766e6f224a38b124,2023-08-01,35460
banking_indicators:x3:10a49f47766e6f224a38b124,2023-09-01,36683
banking_indicators:x3:10a49f47766e6f224a38b124,2023-10-01,37061
banking_indicators:x3:10a49f47766e6f224a38b124,2023-11-01,39065
banking_indicators:x3:10a49f47766e6f224a38b124,2023-12-01,40766
banking_indicators:x3:10a49f47766e6f224a38b124,2024-01-01,38276
banking_indicators:x3:10a49f47766e6f224a38b124,2024-02-01,39223
banking_indicators:x3:10a49f47766e6f224a38b124,2024-03-01,39415
banking_indicators:x3:10a49f47766e6f224a38b124,2024-04-01,37972
banking_indicators:x3:10a49f47766e6f224a38b124,2024-05-01,37101
banking_indicators:x3:10a49f47766e6f224a38b124,2024-06-01,38433
banking_indicators:x3:10a49f47766e6f224a38b124,2024-07-01,36982
banking_indicators:x3:10a49f47766e6f224a38b124,2024-08-01,38961
banking_indicators:x3:10a49f47766e6f224a38b124,2024-09-01,38710
banking_indicators:x3:10a49f47766e6f224a38b124,2024-10-01,38791
banking_indicators:x3:10a49f47766e6f224a38b124,2024-11-01,39340
banking_indicators:x3:10a49f47766e6f224a38b124,2024-12-01,39344
banking_indicators:x3:10a49f47766e6f224a38b124,2025-01-01,37493
banking_indicators:x3:10a49f47766e6f224a38b124,2025-02-01,37602
banking_indicators:x3:10a49f47766e6f224a38b124,2025-03-01,37185
banking_indicators:x3:10a49f47766e6f224a38b124,2025-04-01,36138
banking_indicators:x3:10a49f47766e6f224a38b124,2025-05-01,35646
banking_indicators:x3:10a49f47766e6f224a38b124,2025-06-01,35475
banking_indicators:x3:10a49f47766e6f224a38b124,2025-07-01,36238
banking_indicators:x3:10a49f47766e6f224a38b124,2025-08-01,34623
banking_indicators:x3:10a49f47766e6f224a38b124,2025-09-01,34289
banking_indicators:x3:10a49f47766e6f224a38b124,2025-10-01,34277
banking_indicators:x3:10a49f47766e6f224a38b124,2025-11-01,34608
banking_indicators:x3:10a49f47766e6f224a38b124,2025-12-01,34419
banking_indicators:x3:10a49f47766e6f224a38b124,2026-01-01,33795
banking_indicators:x3:10a49f47766e6f224a38b124,2026-02-01,35142
banking_indicators:x3:10a49f47766e6f224a38b124,2026-03-01,33903
banking_indicators:x3:10a49f47766e6f224a38b124,2026-04-01,35068
banking_indicators:x3:10a49f47766e6f224a38b124,2026-05-01,35708
banking_indicators:x3:10a49f47766e6f224a38b124,2026-06-01,36753
banking_indicators:x3:445678011fe6d32195161c17,2016-01-01,1337635
banking_indicators:x3:445678011fe6d32195161c17,2016-02-01,1351458
banking_indicators:x3:445678011fe6d32195161c17,2016-03-01,1335961
banking_indicators:x3:445678011fe6d32195161c17,2016-04-01,1342313
banking_indicators:x3:445678011fe6d32195161c17,2016-05-01,1350472
banking_indicators:x3:445678011fe6d32195161c17,2016-06-01,1339236
banking_indicators:x3:445678011fe6d32195161c17,2016-07-01,1337105
banking_indicators:x3:445678011fe6d32195161c17,2016-08-01,1344692
banking_indicators:x3:445678011fe6d32195161c17,2016-09-01,1347200
banking_indicators:x3:445678011fe6d32195161c17,2016-10-01,1360191
banking_indicators:x3:445678011fe6d32195161c17,2016-11-01,1371432
banking_indicators:x3:445678011fe6d32195161c17,2016-12-01,1371942
banking_indicators:x3:445678011fe6d32195161c17,2017-01-01,1356310
banking_indicators:x3:445678011fe6d32195161c17,2017-02-01,1352643
banking_indicators:x3:445678011fe6d32195161c17,2017-03-01,1353729
banking_indicators:x3:445678011fe6d32195161c17,2017-04-01,1350120
banking_indicators:x3:445678011fe6d32195161c17,2017-05-01,1352019
banking_indicators:x3:445678011fe6d32195161c17,2017-06-01,1344672
banking_indicators:x3:445678011fe6d32195161c17,2017-07-01,1340621
banking_indicators:x3:445678011fe6d32195161c17,2017-08-01,1339353
banking_indicators:x3:445678011fe6d32195161c17,2017-09-01,1340119
banking_indicators:x3:445678011fe6d32195161c17,2017-10-01,1345069
banking_indicators:x3:445678011fe6d32195161c17,2017-11-01,1345629
banking_indicators:x3:445678011fe6d32195161c17,2017-12-01,1332309
banking_indicators:x3:445678011fe6d32195161c17,2018-01-01,1339715
banking_indicators:x3:445678011fe6d32195161c17,2018-02-01,1332076
banking_indicators:x3:445678011fe6d32195161c17,2018-03-01,1360186
banking_indicators:x3:445678011fe6d32195161c17,2018-04-01,1351504
banking_indicators:x3:445678011fe6d32195161c17,2018-05-01,1351279
banking_indicators:x3:445678011fe6d32195161c17,2018-06-01,1366998
banking_indicators:x3:445678011fe6d32195161c17,2018-07-01,1375444
banking_indicators:x3:445678011fe6d32195161c17,2018-08-01,1373390
banking_indicators:x3:445678011fe6d32195161c17,2018-09-01,1377645
banking_indicators:x3:445678011fe6d32195161c17,2018-10-01,1379735
banking_indicators:x3:445678011fe6d32195161c17,2018-11-01,1384887
banking_indicators:x3:445678011fe6d32195161c17,2018-12-01,1374950
banking_indicators:x3:445678011fe6d32195161c17,2019-01-01,1347527
banking_indicators:x3:445678011fe6d32195161c17,2019-02-01,1334527
banking_indicators:x3:445678011fe6d32195161c17,2019-03-01,1323292
banking_indicators:x3:445678011fe6d32195161c17,2019-04-01,1317094
banking_indicators:x3:445678011fe6d32195161c17,2019-05-01,1309036
banking_indicators:x3:445678011fe6d32195161c17,2019-06-01,1303387
banking_indicators:x3:445678011fe6d32195161c17,2019-07-01,1292744
banking_indicators:x3:445678011fe6d32195161c17,2019-08-01,1283029
banking_indicators:x3:445678011fe6d32195161c17,2019-09-01,1270263
banking_indicators:x3:445678011fe6d32195161c17,2019-10-01,1272661
banking_indicators:x3:445678011fe6d32195161c17,2019-11-01,1274054
banking_indicators:x3:445678011fe6d32195161c17,2019-12-01,1259371
banking_indicators:x3:445678011fe6d32195161c17,2020-01-01,1250116
banking_indicators:x3:445678011fe6d32195161c17,2020-02-01,1253843
banking_indicators:x3:445678011fe6d32195161c17,2020-03-01,1612529
banking_indicators:x3:445678011fe6d32195161c17,2020-04-01,1735307
banking_indicators:x3:445678011fe6d32195161c17,2020-05-01,2020194
banking_indicators:x3:445678011fe6d32195161c17,2020-06-01,2025246
banking_indicators:x3:445678011fe6d32195161c17,2020-07-01,1974188
banking_indicators:x3:445678011fe6d32195161c17,2020-08-01,1928422
banking_indicators:x3:445678011fe6d32195161c17,2020-09-01,2028552
banking_indicators:x3:445678011fe6d32195161c17,2020-10-01,1979597
banking_indicators:x3:445678011fe6d32195161c17,2020-11-01,1935922
banking_indicators:x3:445678011fe6d32195161c17,2020-12-01,1858658
banking_indicators:x3:445678011fe6d32195161c17,2021-01-01,1824603
banking_indicators:x3:445678011fe6d32195161c17,2021-02-01,1786511
banking_indicators:x3:445678011fe6d32195161c17,2021-03-01,1807233
banking_indicators:x3:445678011fe6d32195161c17,2021-04-01,1813670
banking_indicators:x3:445678011fe6d32195161c17,2021-05-01,1769788
banking_indicators:x3:445678011fe6d32195161c17,2021-06-01,1726694
banking_indicators:x3:445678011fe6d32195161c17,2021-07-01,1735225
banking_indicators:x3:445678011fe6d32195161c17,2021-08-01,1609331
banking_indicators:x3:445678011fe6d32195161c17,2021-09-01,1588247
banking_indicators:x3:445678011fe6d32195161c17,2021-10-01,1571799
banking_indicators:x3:445678011fe6d32195161c17,2021-11-01,1551730
banking_indicators:x3:445678011fe6d32195161c17,2021-12-01,1514569
banking_indicators:x3:445678011fe6d32195161c17,2022-01-01,1509298
banking_indicators:x3:445678011fe6d32195161c17,2022-02-01,1509629
banking_indicators:x3:445678011fe6d32195161c17,2022-03-01,1491875
banking_indicators:x3:445678011fe6d32195161c17,2022-04-01,1451473
banking_indicators:x3:445678011fe6d32195161c17,2022-05-01,1419362
banking_indicators:x3:445678011fe6d32195161c17,2022-06-01,1416527
banking_indicators:x3:445678011fe6d32195161c17,2022-07-01,1416216
banking_indicators:x3:445678011fe6d32195161c17,2022-08-01,1416920
banking_indicators:x3:445678011fe6d32195161c17,2022-09-01,1418697
banking_indicators:x3:445678011fe6d32195161c17,2022-10-01,1423723
banking_indicators:x3:445678011fe6d32195161c17,2022-11-01,1423570
banking_indicators:x3:445678011fe6d32195161c17,2022-12-01,1404364
banking_indicators:x3:445678011fe6d32195161c17,2023-01-01,1411952
banking_indicators:x3:445678011fe6d32195161c17,2023-02-01,1423219
banking_indicators:x3:445678011fe6d32195161c17,2023-03-01,1424052
banking_indicators:x3:445678011fe6d32195161c17,2023-04-01,1442274
banking_indicators:x3:445678011fe6d32195161c17,2023-05-01,1446967
banking_indicators:x3:445678011fe6d32195161c17,2023-06-01,1447046
banking_indicators:x3:445678011fe6d32195161c17,2023-07-01,1463456
banking_indicators:x3:445678011fe6d32195161c17,2023-08-01,1564634
banking_indicators:x3:445678011fe6d32195161c17,2023-09-01,1725458
banking_indicators:x3:445678011fe6d32195161c17,2023-10-01,1884549
banking_indicators:x3:445678011fe6d32195161c17,2023-11-01,2006317
banking_indicators:x3:445678011fe6d32195161c17,2023-12-01,2026851
banking_indicators:x3:445678011fe6d32195161c17,2024-01-01,2121496
banking_indicators:x3:445678011fe6d32195161c17,2024-02-01,2186941
banking_indicators:x3:445678011fe6d32195161c17,2024-03-01,2186638
banking_indicators:x3:445678011fe6d32195161c17,2024-04-01,2220606
banking_indicators:x3:445678011fe6d32195161c17,2024-05-01,2231199
banking_indicators:x3:445678011fe6d32195161c17,2024-06-01,2266861
banking_indicators:x3:445678011fe6d32195161c17,2024-07-01,2292006
banking_indicators:x3:445678011fe6d32195161c17,2024-08-01,2335326
banking_indicators:x3:445678011fe6d32195161c17,2024-09-01,2390083
banking_indicators:x3:445678011fe6d32195161c17,2024-10-01,2483342
banking_indicators:x3:445678011fe6d32195161c17,2024-11-01,2556871
banking_indicators:x3:445678011fe6d32195161c17,2024-12-01,2501455
banking_indicators:x3:445678011fe6d32195161c17,2025-01-01,2584941
banking_indicators:x3:445678011fe6d32195161c17,2025-02-01,2668132
banking_indicators:x3:445678011fe6d32195161c17,2025-03-01,2749128
banking_indicators:x3:445678011fe6d32195161c17,2025-04-01,2839326
banking_indicators:x3:445678011fe6d32195161c17,2025-05-01,2961912
banking_indicators:x3:445678011fe6d32195161c17,2025-06-01,3047973
banking_indicators:x3:445678011fe6d32195161c17,2025-07-01,3163352
banking_indicators:x3:445678011fe6d32195161c17,2025-08-01,3249337
banking_indicators:x3:445678011fe6d32195161c17,2025-09-01,3459808
banking_indicators:x3:445678011fe6d32195161c17,2025-10-01,3542579
banking_indicators:x3:445678011fe6d32195161c17,2025-11-01,3585200
banking_indicators:x3:445678011fe6d32195161c17,2025-12-01,3381060
banking_indicators:x3:445678011fe6d32195161c17,2026-01-01,3588188
banking_indicators:x3:445678011fe6d32195161c17,2026-02-01,3757478
banking_indicators:x3:445678011fe6d32195161c17,2026-03-01,3844160
banking_indicators:x3:445678011fe6d32195161c17,2026-04-01,3887623
banking_indicators:x3:445678011fe6d32195161c17,2026-05-01,3885797
banking_indicators:x3:445678011fe6d32195161c17,2026-06-01,3958725
banking_indicators:x3:5b21d0697be88a8eed23452b,2016-01-01,272890
banking_indicators:x3:5b21d0697be88a8eed23452b,2016-02-01,269421
banking_indicators:x3:5b21d0697be88a8eed23452b,2016-03-01,271559
banking_indicators:x3:5b21d0697be88a8eed23452b,2016-04-01,269542
banking_indicators:x3:5b21d0697be88a8eed23452b,2016-05-01,276249
banking_indicators:x3:5b21d0697be88a8eed23452b,2016-06-01,276247
banking_indicators:x3:5b21d0697be88a8eed23452b,2016-07-01,274935
banking_indicators:x3:5b21d0697be88a8eed23452b,2016-08-01,278991
banking_indicators:x3:5b21d0697be88a8eed23452b,2016-09-01,280438
banking_indicators:x3:5b21d0697be88a8eed23452b,2016-10-01,286122
banking_indicators:x3:5b21d0697be88a8eed23452b,2016-11-01,303108
banking_indicators:x3:5b21d0697be88a8eed23452b,2016-12-01,298804
banking_indicators:x3:5b21d0697be88a8eed23452b,2017-01-01,290199
banking_indicators:x3:5b21d0697be88a8eed23452b,2017-02-01,293680
banking_indicators:x3:5b21d0697be88a8eed23452b,2017-03-01,304124
banking_indicators:x3:5b21d0697be88a8eed23452b,2017-04-01,299197
banking_indicators:x3:5b21d0697be88a8eed23452b,2017-05-01,308562
banking_indicators:x3:5b21d0697be88a8eed23452b,2017-06-01,306102
banking_indicators:x3:5b21d0697be88a8eed23452b,2017-07-01,310391
banking_indicators:x3:5b21d0697be88a8eed23452b,2017-08-01,316478
banking_indicators:x3:5b21d0697be88a8eed23452b,2017-09-01,317033
banking_indicators:x3:5b21d0697be88a8eed23452b,2017-10-01,319035
banking_indicators:x3:5b21d0697be88a8eed23452b,2017-11-01,332572
banking_indicators:x3:5b21d0697be88a8eed23452b,2017-12-01,341823
banking_indicators:x3:5b21d0697be88a8eed23452b,2018-01-01,336690
banking_indicators:x3:5b21d0697be88a8eed23452b,2018-02-01,339056
banking_indicators:x3:5b21d0697be88a8eed23452b,2018-03-01,327454
banking_indicators:x3:5b21d0697be88a8eed23452b,2018-04-01,325462
banking_indicators:x3:5b21d0697be88a8eed23452b,2018-05-01,328915
banking_indicators:x3:5b21d0697be88a8eed23452b,2018-06-01,328986
banking_indicators:x3:5b21d0697be88a8eed23452b,2018-07-01,332148
banking_indicators:x3:5b21d0697be88a8eed23452b,2018-08-01,333402
banking_indicators:x3:5b21d0697be88a8eed23452b,2018-09-01,333920
banking_indicators:x3:5b21d0697be88a8eed23452b,2018-10-01,339565
banking_indicators:x3:5b21d0697be88a8eed23452b,2018-11-01,342670
banking_indicators:x3:5b21d0697be88a8eed23452b,2018-12-01,338944
banking_indicators:x3:5b21d0697be88a8eed23452b,2019-01-01,337097
banking_indicators:x3:5b21d0697be88a8eed23452b,2019-02-01,331139
banking_indicators:x3:5b21d0697be88a8eed23452b,2019-03-01,335746
banking_indicators:x3:5b21d0697be88a8eed23452b,2019-04-01,331745
banking_indicators:x3:5b21d0697be88a8eed23452b,2019-05-01,337232
banking_indicators:x3:5b21d0697be88a8eed23452b,2019-06-01,339015
banking_indicators:x3:5b21d0697be88a8eed23452b,2019-07-01,335583
banking_indicators:x3:5b21d0697be88a8eed23452b,2019-08-01,343105
banking_indicators:x3:5b21d0697be88a8eed23452b,2019-09-01,345080
banking_indicators:x3:5b21d0697be88a8eed23452b,2019-10-01,346596
banking_indicators:x3:5b21d0697be88a8eed23452b,2019-11-01,344510
banking_indicators:x3:5b21d0697be88a8eed23452b,2019-12-01,347388
banking_indicators:x3:5b21d0697be88a8eed23452b,2020-01-01,343950
banking_indicators:x3:5b21d0697be88a8eed23452b,2020-02-01,342019
banking_indicators:x3:5b21d0697be88a8eed23452b,2020-03-01,337815
banking_indicators:x3:5b21d0697be88a8eed23452b,2020-04-01,327044
banking_indicators:x3:5b21d0697be88a8eed23452b,2020-05-01,317443
banking_indicators:x3:5b21d0697be88a8eed23452b,2020-06-01,306732
banking_indicators:x3:5b21d0697be88a8eed23452b,2020-07-01,303729
banking_indicators:x3:5b21d0697be88a8eed23452b,2020-08-01,303207
banking_indicators:x3:5b21d0697be88a8eed23452b,2020-09-01,304633
banking_indicators:x3:5b21d0697be88a8eed23452b,2020-10-01,306130
banking_indicators:x3:5b21d0697be88a8eed23452b,2020-11-01,286229
banking_indicators:x3:5b21d0697be88a8eed23452b,2020-12-01,277738
banking_indicators:x3:5b21d0697be88a8eed23452b,2021-01-01,276966
banking_indicators:x3:5b21d0697be88a8eed23452b,2021-02-01,263120
banking_indicators:x3:5b21d0697be88a8eed23452b,2021-03-01,265406
banking_indicators:x3:5b21d0697be88a8eed23452b,2021-04-01,293022
banking_indicators:x3:5b21d0697be88a8eed23452b,2021-05-01,294929
banking_indicators:x3:5b21d0697be88a8eed23452b,2021-06-01,294524
banking_indicators:x3:5b21d0697be88a8eed23452b,2021-07-01,290852
banking_indicators:x3:5b21d0697be88a8eed23452b,2021-08-01,290737
banking_indicators:x3:5b21d0697be88a8eed23452b,2021-09-01,290033
banking_indicators:x3:5b21d0697be88a8eed23452b,2021-10-01,292583
banking_indicators:x3:5b21d0697be88a8eed23452b,2021-11-01,297646
banking_indicators:x3:5b21d0697be88a8eed23452b,2021-12-01,301905
banking_indicators:x3:5b21d0697be88a8eed23452b,2022-01-01,300456
banking_indicators:x3:5b21d0697be88a8eed23452b,2022-02-01,292427
banking_indicators:x3:5b21d0697be88a8eed23452b,2022-03-01,299541
banking_indicators:x3:5b21d0697be88a8eed23452b,2022-04-01,299191
banking_indicators:x3:5b21d0697be88a8eed23452b,2022-05-01,301213
banking_indicators:x3:5b21d0697be88a8eed23452b,2022-06-01,301608
banking_indicators:x3:5b21d0697be88a8eed23452b,2022-07-01,301188
banking_indicators:x3:5b21d0697be88a8eed23452b,2022-08-01,306478
banking_indicators:x3:5b21d0697be88a8eed23452b,2022-09-01,307678
banking_indicators:x3:5b21d0697be88a8eed23452b,2022-10-01,310351
banking_indicators:x3:5b21d0697be88a8eed23452b,2022-11-01,321146
banking_indicators:x3:5b21d0697be88a8eed23452b,2022-12-01,326035
banking_indicators:x3:5b21d0697be88a8eed23452b,2023-01-01,325610
banking_indicators:x3:5b21d0697be88a8eed23452b,2023-02-01,323739
banking_indicators:x3:5b21d0697be88a8eed23452b,2023-03-01,326083
banking_indicators:x3:5b21d0697be88a8eed23452b,2023-04-01,323333
banking_indicators:x3:5b21d0697be88a8eed23452b,2023-05-01,327387
banking_indicators:x3:5b21d0697be88a8eed23452b,2023-06-01,300418
banking_indicators:x3:5b21d0697be88a8eed23452b,2023-07-01,299215
banking_indicators:x3:5b21d0697be88a8eed23452b,2023-08-01,310790
banking_indicators:x3:5b21d0697be88a8eed23452b,2023-09-01,308494
banking_indicators:x3:5b21d0697be88a8eed23452b,2023-10-01,313089
banking_indicators:x3:5b21d0697be88a8eed23452b,2023-11-01,320783
banking_indicators:x3:5b21d0697be88a8eed23452b,2023-12-01,323649
banking_indicators:x3:5b21d0697be88a8eed23452b,2024-01-01,306650
banking_indicators:x3:5b21d0697be88a8eed23452b,2024-02-01,316210
banking_indicators:x3:5b21d0697be88a8eed23452b,2024-03-01,315343
banking_indicators:x3:5b21d0697be88a8eed23452b,2024-04-01,316806
banking_indicators:x3:5b21d0697be88a8eed23452b,2024-05-01,318516
banking_indicators:x3:5b21d0697be88a8eed23452b,2024-06-01,327058
banking_indicators:x3:5b21d0697be88a8eed23452b,2024-07-01,327877
banking_indicators:x3:5b21d0697be88a8eed23452b,2024-08-01,324319
banking_indicators:x3:5b21d0697be88a8eed23452b,2024-09-01,357218
banking_indicators:x3:5b21d0697be88a8eed23452b,2024-10-01,366521
banking_indicators:x3:5b21d0697be88a8eed23452b,2024-11-01,359832
banking_indicators:x3:5b21d0697be88a8eed23452b,2024-12-01,359764
banking_indicators:x3:5b21d0697be88a8eed23452b,2025-01-01,361361
banking_indicators:x3:5b21d0697be88a8eed23452b,2025-02-01,372545
banking_indicators:x3:5b21d0697be88a8eed23452b,2025-03-01,378503
banking_indicators:x3:5b21d0697be88a8eed23452b,2025-04-01,394077
banking_indicators:x3:5b21d0697be88a8eed23452b,2025-05-01,416913
banking_indicators:x3:5b21d0697be88a8eed23452b,2025-06-01,432903
banking_indicators:x3:5b21d0697be88a8eed23452b,2025-07-01,440455
banking_indicators:x3:5b21d0697be88a8eed23452b,2025-08-01,452025
banking_indicators:x3:5b21d0697be88a8eed23452b,2025-09-01,507300
banking_indicators:x3:5b21d0697be88a8eed23452b,2025-10-01,512587
banking_indicators:x3:5b21d0697be88a8eed23452b,2025-11-01,516719
banking_indicators:x3:5b21d0697be88a8eed23452b,2025-12-01,532658
banking_indicators:x3:5b21d0697be88a8eed23452b,2026-01-01,503979
banking_indicators:x3:5b21d0697be88a8eed23452b,2026-02-01,526202
banking_indicators:x3:5b21d0697be88a8eed23452b,2026-03-01,525029
banking_indicators:x3:5b21d0697be88a8eed23452b,2026-04-01,550151
banking_indicators:x3:5b21d0697be88a8eed23452b,2026-05-01,561533
banking_indicators:x3:5b21d0697be88a8eed23452b,2026-06-01,608949
banking_indicators:x3:84d88dc0ded7ef8ce2fa2b37,2016-01-01,119153
banking_indicators:x3:84d88dc0ded7ef8ce2fa2b37,2016-02-01,126897
banking_indicators:x3:84d88dc0ded7ef8ce2fa2b37,2016-03-01,124150
banking_indicators:x3:84d88dc0ded7ef8ce2fa2b37,2016-04-01,126408
banking_indicators:x3:84d88dc0ded7ef8ce2fa2b37,2016-05-01,122970
banking_indicators:x3:84d88dc0ded7ef8ce2fa2b37,2016-06-01,125144
banking_indicators:x3:84d88dc0ded7ef8ce2fa2b37,2016-07-01,126102
banking_indicators:x3:84d88dc0ded7ef8ce2fa2b37,2016-08-01,121985
banking_indicators:x3:84d88dc0ded7ef8ce2fa2b37,2016-09-01,125152
banking_indicators:x3:84d88dc0ded7ef8ce2fa2b37,2016-10-01,117782
banking_indicators:x3:84d88dc0ded7ef8ce2fa2b37,2016-11-01,122162
banking_indicators:x3:84d88dc0ded7ef8ce2fa2b37,2016-12-01,130939
banking_indicators:x3:84d88dc0ded7ef8ce2fa2b37,2017-01-01,122811
banking_indicators:x3:84d88dc0ded7ef8ce2fa2b37,2017-02-01,136076
banking_indicators:x3:84d88dc0ded7ef8ce2fa2b37,2017-03-01,144575
banking_indicators:x3:84d88dc0ded7ef8ce2fa2b37,2017-04-01,143876
banking_indicators:x3:84d88dc0ded7ef8ce2fa2b37,2017-05-01,140274
banking_indicators:x3:84d88dc0ded7ef8ce2fa2b37,2017-06-01,140189
banking_indicators:x3:84d88dc0ded7ef8ce2fa2b37,2017-07-01,136884
banking_indicators:x3:84d88dc0ded7ef8ce2fa2b37,2017-08-01,146637
banking_indicators:x3:84d88dc0ded7ef8ce2fa2b37,2017-09-01,150991
banking_indicators:x3:84d88dc0ded7ef8ce2fa2b37,2017-10-01,144319
banking_indicators:x3:84d88dc0ded7ef8ce2fa2b37,2017-11-01,156535
banking_indicators:x3:84d88dc0ded7ef8ce2fa2b37,2017-12-01,175541
banking_indicators:x3:84d88dc0ded7ef8ce2fa2b37,2018-01-01,173376
banking_indicators:x3:84d88dc0ded7ef8ce2fa2b37,2018-02-01,185995
banking_indicators:x3:84d88dc0ded7ef8ce2fa2b37,2018-03-01,172889
banking_indicators:x3:84d88dc0ded7ef8ce2fa2b37,2018-04-01,168538
banking_indicators:x3:84d88dc0ded7ef8ce2fa2b37,2018-05-01,167763
banking_indicators:x3:84d88dc0ded7ef8ce2fa2b37,2018-06-01,172616
banking_indicators:x3:84d88dc0ded7ef8ce2fa2b37,2018-07-01,172010
banking_indicators:x3:84d88dc0ded7ef8ce2fa2b37,2018-08-01,176877
banking_indicators:x3:84d88dc0ded7ef8ce2fa2b37,2018-09-01,182676
banking_indicators:x3:84d88dc0ded7ef8ce2fa2b37,2018-10-01,175941
banking_indicators:x3:84d88dc0ded7ef8ce2fa2b37,2018-11-01,175307
banking_indicators:x3:84d88dc0ded7ef8ce2fa2b37,2018-12-01,188447
banking_indicators:x3:84d88dc0ded7ef8ce2fa2b37,2019-01-01,184496
banking_indicators:x3:84d88dc0ded7ef8ce2fa2b37,2019-02-01,189224
banking_indicators:x3:84d88dc0ded7ef8ce2fa2b37,2019-03-01,190685
banking_indicators:x3:84d88dc0ded7ef8ce2fa2b37,2019-04-01,191859
banking_indicators:x3:84d88dc0ded7ef8ce2fa2b37,2019-05-01,181639
banking_indicators:x3:84d88dc0ded7ef8ce2fa2b37,2019-06-01,187095
banking_indicators:x3:84d88dc0ded7ef8ce2fa2b37,2019-07-01,177752
banking_indicators:x3:84d88dc0ded7ef8ce2fa2b37,2019-08-01,185699
banking_indicators:x3:84d88dc0ded7ef8ce2fa2b37,2019-09-01,178022
banking_indicators:x3:84d88dc0ded7ef8ce2fa2b37,2019-10-01,177438
banking_indicators:x3:84d88dc0ded7ef8ce2fa2b37,2019-11-01,179826
banking_indicators:x3:84d88dc0ded7ef8ce2fa2b37,2019-12-01,197329
banking_indicators:x3:84d88dc0ded7ef8ce2fa2b37,2020-01-01,199350
banking_indicators:x3:84d88dc0ded7ef8ce2fa2b37,2020-02-01,195398
banking_indicators:x3:84d88dc0ded7ef8ce2fa2b37,2020-03-01,196704
banking_indicators:x3:84d88dc0ded7ef8ce2fa2b37,2020-04-01,216658
banking_indicators:x3:84d88dc0ded7ef8ce2fa2b37,2020-05-01,205462
banking_indicators:x3:84d88dc0ded7ef8ce2fa2b37,2020-06-01,197627
banking_indicators:x3:84d88dc0ded7ef8ce2fa2b37,2020-07-01,196056
banking_indicators:x3:84d88dc0ded7ef8ce2fa2b37,2020-08-01,189698
banking_indicators:x3:84d88dc0ded7ef8ce2fa2b37,2020-09-01,194434
banking_indicators:x3:84d88dc0ded7ef8ce2fa2b37,2020-10-01,198709
banking_indicators:x3:84d88dc0ded7ef8ce2fa2b37,2020-11-01,170369
banking_indicators:x3:84d88dc0ded7ef8ce2fa2b37,2020-12-01,179605
banking_indicators:x3:84d88dc0ded7ef8ce2fa2b37,2021-01-01,184822
banking_indicators:x3:84d88dc0ded7ef8ce2fa2b37,2021-02-01,181091
banking_indicators:x3:84d88dc0ded7ef8ce2fa2b37,2021-03-01,173907
banking_indicators:x3:84d88dc0ded7ef8ce2fa2b37,2021-04-01,203055
banking_indicators:x3:84d88dc0ded7ef8ce2fa2b37,2021-05-01,196369
banking_indicators:x3:84d88dc0ded7ef8ce2fa2b37,2021-06-01,204423
banking_indicators:x3:84d88dc0ded7ef8ce2fa2b37,2021-07-01,203729
banking_indicators:x3:84d88dc0ded7ef8ce2fa2b37,2021-08-01,197594
banking_indicators:x3:84d88dc0ded7ef8ce2fa2b37,2021-09-01,200854
banking_indicators:x3:84d88dc0ded7ef8ce2fa2b37,2021-10-01,204233
banking_indicators:x3:84d88dc0ded7ef8ce2fa2b37,2021-11-01,200497
banking_indicators:x3:84d88dc0ded7ef8ce2fa2b37,2021-12-01,217700
banking_indicators:x3:84d88dc0ded7ef8ce2fa2b37,2022-01-01,208984
banking_indicators:x3:84d88dc0ded7ef8ce2fa2b37,2022-02-01,212955
banking_indicators:x3:84d88dc0ded7ef8ce2fa2b37,2022-03-01,211731
banking_indicators:x3:84d88dc0ded7ef8ce2fa2b37,2022-04-01,216893
banking_indicators:x3:84d88dc0ded7ef8ce2fa2b37,2022-05-01,204273
banking_indicators:x3:84d88dc0ded7ef8ce2fa2b37,2022-06-01,209871
banking_indicators:x3:84d88dc0ded7ef8ce2fa2b37,2022-07-01,211217
banking_indicators:x3:84d88dc0ded7ef8ce2fa2b37,2022-08-01,211521
banking_indicators:x3:84d88dc0ded7ef8ce2fa2b37,2022-09-01,217085
banking_indicators:x3:84d88dc0ded7ef8ce2fa2b37,2022-10-01,207717
banking_indicators:x3:84d88dc0ded7ef8ce2fa2b37,2022-11-01,219673
banking_indicators:x3:84d88dc0ded7ef8ce2fa2b37,2022-12-01,239251
banking_indicators:x3:84d88dc0ded7ef8ce2fa2b37,2023-01-01,228110
banking_indicators:x3:84d88dc0ded7ef8ce2fa2b37,2023-02-01,225603
banking_indicators:x3:84d88dc0ded7ef8ce2fa2b37,2023-03-01,232000
banking_indicators:x3:84d88dc0ded7ef8ce2fa2b37,2023-04-01,237379
banking_indicators:x3:84d88dc0ded7ef8ce2fa2b37,2023-05-01,228491
banking_indicators:x3:84d88dc0ded7ef8ce2fa2b37,2023-06-01,205881
banking_indicators:x3:84d88dc0ded7ef8ce2fa2b37,2023-07-01,194990
banking_indicators:x3:84d88dc0ded7ef8ce2fa2b37,2023-08-01,215234
banking_indicators:x3:84d88dc0ded7ef8ce2fa2b37,2023-09-01,220541
banking_indicators:x3:84d88dc0ded7ef8ce2fa2b37,2023-10-01,213189
banking_indicators:x3:84d88dc0ded7ef8ce2fa2b37,2023-11-01,217496
banking_indicators:x3:84d88dc0ded7ef8ce2fa2b37,2023-12-01,240253
banking_indicators:x3:84d88dc0ded7ef8ce2fa2b37,2024-01-01,217424
banking_indicators:x3:84d88dc0ded7ef8ce2fa2b37,2024-02-01,229100
banking_indicators:x3:84d88dc0ded7ef8ce2fa2b37,2024-03-01,226382
banking_indicators:x3:84d88dc0ded7ef8ce2fa2b37,2024-04-01,224114
banking_indicators:x3:84d88dc0ded7ef8ce2fa2b37,2024-05-01,218970
banking_indicators:x3:84d88dc0ded7ef8ce2fa2b37,2024-06-01,233796
banking_indicators:x3:84d88dc0ded7ef8ce2fa2b37,2024-07-01,224508
banking_indicators:x3:84d88dc0ded7ef8ce2fa2b37,2024-08-01,227318
banking_indicators:x3:84d88dc0ded7ef8ce2fa2b37,2024-09-01,238058
banking_indicators:x3:84d88dc0ded7ef8ce2fa2b37,2024-10-01,225531
banking_indicators:x3:84d88dc0ded7ef8ce2fa2b37,2024-11-01,233331
banking_indicators:x3:84d88dc0ded7ef8ce2fa2b37,2024-12-01,236603
banking_indicators:x3:84d88dc0ded7ef8ce2fa2b37,2025-01-01,230105
banking_indicators:x3:84d88dc0ded7ef8ce2fa2b37,2025-02-01,240767
banking_indicators:x3:84d88dc0ded7ef8ce2fa2b37,2025-03-01,228211
banking_indicators:x3:84d88dc0ded7ef8ce2fa2b37,2025-04-01,242554
banking_indicators:x3:84d88dc0ded7ef8ce2fa2b37,2025-05-01,239541
banking_indicators:x3:84d88dc0ded7ef8ce2fa2b37,2025-06-01,236411
banking_indicators:x3:84d88dc0ded7ef8ce2fa2b37,2025-07-01,237833
banking_indicators:x3:84d88dc0ded7ef8ce2fa2b37,2025-08-01,245822
banking_indicators:x3:84d88dc0ded7ef8ce2fa2b37,2025-09-01,270297
banking_indicators:x3:84d88dc0ded7ef8ce2fa2b37,2025-10-01,286292
banking_indicators:x3:84d88dc0ded7ef8ce2fa2b37,2025-11-01,276351
banking_indicators:x3:84d88dc0ded7ef8ce2fa2b37,2025-12-01,291492
banking_indicators:x3:84d88dc0ded7ef8ce2fa2b37,2026-01-01,237634
banking_indicators:x3:84d88dc0ded7ef8ce2fa2b37,2026-02-01,246613
banking_indicators:x3:84d88dc0ded7ef8ce2fa2b37,2026-03-01,228382
banking_indicators:x3:84d88dc0ded7ef8ce2fa2b37,2026-04-01,237510
banking_indicators:x3:84d88dc0ded7ef8ce2fa2b37,2026-05-01,230705
banking_indicators:x3:84d88dc0ded7ef8ce2fa2b37,2026-06-01,215486
banking_indicators:x3:938a3a933e8f6eec3d3a85eb,2016-01-01,970558
banking_indicators:x3:938a3a933e8f6eec3d3a85eb,2016-02-01,951373
banking_indicators:x3:938a3a933e8f6eec3d3a85eb,2016-03-01,949869
banking_indicators:x3:938a3a933e8f6eec3d3a85eb,2016-04-01,943406
banking_indicators:x3:938a3a933e8f6eec3d3a85eb,2016-05-01,930215
banking_indicators:x3:938a3a933e8f6eec3d3a85eb,2016-06-01,927491
banking_indicators:x3:938a3a933e8f6eec3d3a85eb,2016-07-01,924691
banking_indicators:x3:938a3a933e8f6eec3d3a85eb,2016-08-01,919104
banking_indicators:x3:938a3a933e8f6eec3d3a85eb,2016-09-01,917580
banking_indicators:x3:938a3a933e8f6eec3d3a85eb,2016-10-01,916753
banking_indicators:x3:938a3a933e8f6eec3d3a85eb,2016-11-01,915307
banking_indicators:x3:938a3a933e8f6eec3d3a85eb,2016-12-01,916022
banking_indicators:x3:938a3a933e8f6eec3d3a85eb,2017-01-01,906393
banking_indicators:x3:938a3a933e8f6eec3d3a85eb,2017-02-01,902449
banking_indicators:x3:938a3a933e8f6eec3d3a85eb,2017-03-01,901575
banking_indicators:x3:938a3a933e8f6eec3d3a85eb,2017-04-01,900331
banking_indicators:x3:938a3a933e8f6eec3d3a85eb,2017-05-01,898808
banking_indicators:x3:938a3a933e8f6eec3d3a85eb,2017-06-01,896187
banking_indicators:x3:938a3a933e8f6eec3d3a85eb,2017-07-01,892996
banking_indicators:x3:938a3a933e8f6eec3d3a85eb,2017-08-01,913953
banking_indicators:x3:938a3a933e8f6eec3d3a85eb,2017-09-01,919144
banking_indicators:x3:938a3a933e8f6eec3d3a85eb,2017-10-01,919204
banking_indicators:x3:938a3a933e8f6eec3d3a85eb,2017-11-01,912700
banking_indicators:x3:938a3a933e8f6eec3d3a85eb,2017-12-01,910284
banking_indicators:x3:938a3a933e8f6eec3d3a85eb,2018-01-01,895748
banking_indicators:x3:938a3a933e8f6eec3d3a85eb,2018-02-01,888629
banking_indicators:x3:938a3a933e8f6eec3d3a85eb,2018-03-01,889545
banking_indicators:x3:938a3a933e8f6eec3d3a85eb,2018-04-01,886054
banking_indicators:x3:938a3a933e8f6eec3d3a85eb,2018-05-01,901661
banking_indicators:x3:938a3a933e8f6eec3d3a85eb,2018-06-01,899279
banking_indicators:x3:938a3a933e8f6eec3d3a85eb,2018-07-01,896822
banking_indicators:x3:938a3a933e8f6eec3d3a85eb,2018-08-01,896062
banking_indicators:x3:938a3a933e8f6eec3d3a85eb,2018-09-01,890081
banking_indicators:x3:938a3a933e8f6eec3d3a85eb,2018-10-01,892970
banking_indicators:x3:938a3a933e8f6eec3d3a85eb,2018-11-01,891343
banking_indicators:x3:938a3a933e8f6eec3d3a85eb,2018-12-01,890686
banking_indicators:x3:938a3a933e8f6eec3d3a85eb,2019-01-01,887933
banking_indicators:x3:938a3a933e8f6eec3d3a85eb,2019-02-01,886109
banking_indicators:x3:938a3a933e8f6eec3d3a85eb,2019-03-01,888107
banking_indicators:x3:938a3a933e8f6eec3d3a85eb,2019-04-01,886140
banking_indicators:x3:938a3a933e8f6eec3d3a85eb,2019-05-01,886237
banking_indicators:x3:938a3a933e8f6eec3d3a85eb,2019-06-01,883328
banking_indicators:x3:938a3a933e8f6eec3d3a85eb,2019-07-01,878263
banking_indicators:x3:938a3a933e8f6eec3d3a85eb,2019-08-01,877588
banking_indicators:x3:938a3a933e8f6eec3d3a85eb,2019-09-01,853020
banking_indicators:x3:938a3a933e8f6eec3d3a85eb,2019-10-01,850294
banking_indicators:x3:938a3a933e8f6eec3d3a85eb,2019-11-01,852997
banking_indicators:x3:938a3a933e8f6eec3d3a85eb,2019-12-01,857024
banking_indicators:x3:938a3a933e8f6eec3d3a85eb,2020-01-01,855518
banking_indicators:x3:938a3a933e8f6eec3d3a85eb,2020-02-01,851223
banking_indicators:x3:938a3a933e8f6eec3d3a85eb,2020-03-01,846033
banking_indicators:x3:938a3a933e8f6eec3d3a85eb,2020-04-01,841882
banking_indicators:x3:938a3a933e8f6eec3d3a85eb,2020-05-01,838041
banking_indicators:x3:938a3a933e8f6eec3d3a85eb,2020-06-01,839013
banking_indicators:x3:938a3a933e8f6eec3d3a85eb,2020-07-01,839230
banking_indicators:x3:938a3a933e8f6eec3d3a85eb,2020-08-01,838099
banking_indicators:x3:938a3a933e8f6eec3d3a85eb,2020-09-01,825175
banking_indicators:x3:938a3a933e8f6eec3d3a85eb,2020-10-01,821072
banking_indicators:x3:938a3a933e8f6eec3d3a85eb,2020-11-01,808680
banking_indicators:x3:938a3a933e8f6eec3d3a85eb,2020-12-01,803522
banking_indicators:x3:938a3a933e8f6eec3d3a85eb,2021-01-01,799063
banking_indicators:x3:938a3a933e8f6eec3d3a85eb,2021-02-01,802308
banking_indicators:x3:938a3a933e8f6eec3d3a85eb,2021-03-01,801676
banking_indicators:x3:938a3a933e8f6eec3d3a85eb,2021-04-01,797601
banking_indicators:x3:938a3a933e8f6eec3d3a85eb,2021-05-01,801168
banking_indicators:x3:938a3a933e8f6eec3d3a85eb,2021-06-01,803239
banking_indicators:x3:938a3a933e8f6eec3d3a85eb,2021-07-01,807245
banking_indicators:x3:938a3a933e8f6eec3d3a85eb,2021-08-01,812487
banking_indicators:x3:938a3a933e8f6eec3d3a85eb,2021-09-01,818092
banking_indicators:x3:938a3a933e8f6eec3d3a85eb,2021-10-01,823956
banking_indicators:x3:938a3a933e8f6eec3d3a85eb,2021-11-01,831142
banking_indicators:x3:938a3a933e8f6eec3d3a85eb,2021-12-01,830482
banking_indicators:x3:938a3a933e8f6eec3d3a85eb,2022-01-01,832714
banking_indicators:x3:938a3a933e8f6eec3d3a85eb,2022-02-01,848463
banking_indicators:x3:938a3a933e8f6eec3d3a85eb,2022-03-01,858283
banking_indicators:x3:938a3a933e8f6eec3d3a85eb,2022-04-01,867240
banking_indicators:x3:938a3a933e8f6eec3d3a85eb,2022-05-01,876929
banking_indicators:x3:938a3a933e8f6eec3d3a85eb,2022-06-01,884475
banking_indicators:x3:938a3a933e8f6eec3d3a85eb,2022-07-01,894654
banking_indicators:x3:938a3a933e8f6eec3d3a85eb,2022-08-01,911154
banking_indicators:x3:938a3a933e8f6eec3d3a85eb,2022-09-01,914681
banking_indicators:x3:938a3a933e8f6eec3d3a85eb,2022-10-01,908595
banking_indicators:x3:938a3a933e8f6eec3d3a85eb,2022-11-01,910451
banking_indicators:x3:938a3a933e8f6eec3d3a85eb,2022-12-01,924107
banking_indicators:x3:938a3a933e8f6eec3d3a85eb,2023-01-01,926572
banking_indicators:x3:938a3a933e8f6eec3d3a85eb,2023-02-01,935175
banking_indicators:x3:938a3a933e8f6eec3d3a85eb,2023-03-01,942745
banking_indicators:x3:938a3a933e8f6eec3d3a85eb,2023-04-01,945109
banking_indicators:x3:938a3a933e8f6eec3d3a85eb,2023-05-01,954780
banking_indicators:x3:938a3a933e8f6eec3d3a85eb,2023-06-01,982752
banking_indicators:x3:938a3a933e8f6eec3d3a85eb,2023-07-01,988494
banking_indicators:x3:938a3a933e8f6eec3d3a85eb,2023-08-01,1003647
banking_indicators:x3:938a3a933e8f6eec3d3a85eb,2023-09-01,1011413
banking_indicators:x3:938a3a933e8f6eec3d3a85eb,2023-10-01,1019233
banking_indicators:x3:938a3a933e8f6eec3d3a85eb,2023-11-01,1018646
banking_indicators:x3:938a3a933e8f6eec3d3a85eb,2023-12-01,1058095
banking_indicators:x3:938a3a933e8f6eec3d3a85eb,2024-01-01,1101392
banking_indicators:x3:938a3a933e8f6eec3d3a85eb,2024-02-01,1120469
banking_indicators:x3:938a3a933e8f6eec3d3a85eb,2024-03-01,1171033
banking_indicators:x3:938a3a933e8f6eec3d3a85eb,2024-04-01,1188780
banking_indicators:x3:938a3a933e8f6eec3d3a85eb,2024-05-01,1215017
banking_indicators:x3:938a3a933e8f6eec3d3a85eb,2024-06-01,1283595
banking_indicators:x3:938a3a933e8f6eec3d3a85eb,2024-07-01,1257330
banking_indicators:x3:938a3a933e8f6eec3d3a85eb,2024-08-01,1268675
banking_indicators:x3:938a3a933e8f6eec3d3a85eb,2024-09-01,1289828
banking_indicators:x3:938a3a933e8f6eec3d3a85eb,2024-10-01,1700149
banking_indicators:x3:938a3a933e8f6eec3d3a85eb,2024-11-01,1756530
banking_indicators:x3:938a3a933e8f6eec3d3a85eb,2024-12-01,2199792
banking_indicators:x3:938a3a933e8f6eec3d3a85eb,2025-01-01,2201082
banking_indicators:x3:938a3a933e8f6eec3d3a85eb,2025-02-01,2233221
banking_indicators:x3:938a3a933e8f6eec3d3a85eb,2025-03-01,2253102
banking_indicators:x3:938a3a933e8f6eec3d3a85eb,2025-04-01,2302134
banking_indicators:x3:938a3a933e8f6eec3d3a85eb,2025-05-01,2318265
banking_indicators:x3:938a3a933e8f6eec3d3a85eb,2025-06-01,2329001
banking_indicators:x3:938a3a933e8f6eec3d3a85eb,2025-07-01,2403600
banking_indicators:x3:938a3a933e8f6eec3d3a85eb,2025-08-01,2420799
banking_indicators:x3:938a3a933e8f6eec3d3a85eb,2025-09-01,2444793
banking_indicators:x3:938a3a933e8f6eec3d3a85eb,2025-10-01,2464932
banking_indicators:x3:938a3a933e8f6eec3d3a85eb,2025-11-01,2496633
banking_indicators:x3:938a3a933e8f6eec3d3a85eb,2025-12-01,2510674
banking_indicators:x3:938a3a933e8f6eec3d3a85eb,2026-01-01,2512911
banking_indicators:x3:938a3a933e8f6eec3d3a85eb,2026-02-01,2525826
banking_indicators:x3:938a3a933e8f6eec3d3a85eb,2026-03-01,2541309
banking_indicators:x3:938a3a933e8f6eec3d3a85eb,2026-04-01,2555172
banking_indicators:x3:938a3a933e8f6eec3d3a85eb,2026-05-01,2562578
banking_indicators:x3:938a3a933e8f6eec3d3a85eb,2026-06-01,2582716
banking_indicators:x3:a500f8ea0f0d8b934a5a9cec,2016-01-01,2622729
banking_indicators:x3:a500f8ea0f0d8b934a5a9cec,2016-02-01,2612912
banking_indicators:x3:a500f8ea0f0d8b934a5a9cec,2016-03-01,2598025
banking_indicators:x3:a500f8ea0f0d8b934a5a9cec,2016-04-01,2596104
banking_indicators:x3:a500f8ea0f0d8b934a5a9cec,2016-05-01,2596605
banking_indicators:x3:a500f8ea0f0d8b934a5a9cec,2016-06-01,2581039
banking_indicators:x3:a500f8ea0f0d8b934a5a9cec,2016-07-01,2575003
banking_indicators:x3:a500f8ea0f0d8b934a5a9cec,2016-08-01,2580774
banking_indicators:x3:a500f8ea0f0d8b934a5a9cec,2016-09-01,2580892
banking_indicators:x3:a500f8ea0f0d8b934a5a9cec,2016-10-01,2601304
banking_indicators:x3:a500f8ea0f0d8b934a5a9cec,2016-11-01,2628776
banking_indicators:x3:a500f8ea0f0d8b934a5a9cec,2016-12-01,2626987
banking_indicators:x3:a500f8ea0f0d8b934a5a9cec,2017-01-01,2590507
banking_indicators:x3:a500f8ea0f0d8b934a5a9cec,2017-02-01,2586225
banking_indicators:x3:a500f8ea0f0d8b934a5a9cec,2017-03-01,2596531
banking_indicators:x3:a500f8ea0f0d8b934a5a9cec,2017-04-01,2586143
banking_indicators:x3:a500f8ea0f0d8b934a5a9cec,2017-05-01,2595803
banking_indicators:x3:a500f8ea0f0d8b934a5a9cec,2017-06-01,2583827
banking_indicators:x3:a500f8ea0f0d8b934a5a9cec,2017-07-01,2581716
banking_indicators:x3:a500f8ea0f0d8b934a5a9cec,2017-08-01,2607733
banking_indicators:x3:a500f8ea0f0d8b934a5a9cec,2017-09-01,2616151
banking_indicators:x3:a500f8ea0f0d8b934a5a9cec,2017-10-01,2623226
banking_indicators:x3:a500f8ea0f0d8b934a5a9cec,2017-11-01,2632442
banking_indicators:x3:a500f8ea0f0d8b934a5a9cec,2017-12-01,2626671
banking_indicators:x3:a500f8ea0f0d8b934a5a9cec,2018-01-01,2613457
banking_indicators:x3:a500f8ea0f0d8b934a5a9cec,2018-02-01,2594488
banking_indicators:x3:a500f8ea0f0d8b934a5a9cec,2018-03-01,2612314
banking_indicators:x3:a500f8ea0f0d8b934a5a9cec,2018-04-01,2599148
banking_indicators:x3:a500f8ea0f0d8b934a5a9cec,2018-05-01,2618308
banking_indicators:x3:a500f8ea0f0d8b934a5a9cec,2018-06-01,2632745
banking_indicators:x3:a500f8ea0f0d8b934a5a9cec,2018-07-01,2641677
banking_indicators:x3:a500f8ea0f0d8b934a5a9cec,2018-08-01,2641895
banking_indicators:x3:a500f8ea0f0d8b934a5a9cec,2018-09-01,2641692
banking_indicators:x3:a500f8ea0f0d8b934a5a9cec,2018-10-01,2651401
banking_indicators:x3:a500f8ea0f0d8b934a5a9cec,2018-11-01,2659516
banking_indicators:x3:a500f8ea0f0d8b934a5a9cec,2018-12-01,2645181
banking_indicators:x3:a500f8ea0f0d8b934a5a9cec,2019-01-01,2611446
banking_indicators:x3:a500f8ea0f0d8b934a5a9cec,2019-02-01,2590320
banking_indicators:x3:a500f8ea0f0d8b934a5a9cec,2019-03-01,2584742
banking_indicators:x3:a500f8ea0f0d8b934a5a9cec,2019-04-01,2570357
banking_indicators:x3:a500f8ea0f0d8b934a5a9cec,2019-05-01,2567610
banking_indicators:x3:a500f8ea0f0d8b934a5a9cec,2019-06-01,2561215
banking_indicators:x3:a500f8ea0f0d8b934a5a9cec,2019-07-01,2542062
banking_indicators:x3:a500f8ea0f0d8b934a5a9cec,2019-08-01,2539961
banking_indicators:x3:a500f8ea0f0d8b934a5a9cec,2019-09-01,2504738
banking_indicators:x3:a500f8ea0f0d8b934a5a9cec,2019-10-01,2506430
banking_indicators:x3:a500f8ea0f0d8b934a5a9cec,2019-11-01,2510297
banking_indicators:x3:a500f8ea0f0d8b934a5a9cec,2019-12-01,2502218
banking_indicators:x3:a500f8ea0f0d8b934a5a9cec,2020-01-01,2485894
banking_indicators:x3:a500f8ea0f0d8b934a5a9cec,2020-02-01,2483383
banking_indicators:x3:a500f8ea0f0d8b934a5a9cec,2020-03-01,2829303
banking_indicators:x3:a500f8ea0f0d8b934a5a9cec,2020-04-01,2930313
banking_indicators:x3:a500f8ea0f0d8b934a5a9cec,2020-05-01,3197367
banking_indicators:x3:a500f8ea0f0d8b934a5a9cec,2020-06-01,3191141
banking_indicators:x3:a500f8ea0f0d8b934a5a9cec,2020-07-01,3135203
banking_indicators:x3:a500f8ea0f0d8b934a5a9cec,2020-08-01,3087926
banking_indicators:x3:a500f8ea0f0d8b934a5a9cec,2020-09-01,3176939
banking_indicators:x3:a500f8ea0f0d8b934a5a9cec,2020-10-01,3126346
banking_indicators:x3:a500f8ea0f0d8b934a5a9cec,2020-11-01,3051723
banking_indicators:x3:a500f8ea0f0d8b934a5a9cec,2020-12-01,2962222
banking_indicators:x3:a500f8ea0f0d8b934a5a9cec,2021-01-01,2923839
banking_indicators:x3:a500f8ea0f0d8b934a5a9cec,2021-02-01,2876778
banking_indicators:x3:a500f8ea0f0d8b934a5a9cec,2021-03-01,2898220
banking_indicators:x3:a500f8ea0f0d8b934a5a9cec,2021-04-01,2928786
banking_indicators:x3:a500f8ea0f0d8b934a5a9cec,2021-05-01,2891034
banking_indicators:x3:a500f8ea0f0d8b934a5a9cec,2021-06-01,2850765
banking_indicators:x3:a500f8ea0f0d8b934a5a9cec,2021-07-01,2860965
banking_indicators:x3:a500f8ea0f0d8b934a5a9cec,2021-08-01,2741382
banking_indicators:x3:a500f8ea0f0d8b934a5a9cec,2021-09-01,2726994
banking_indicators:x3:a500f8ea0f0d8b934a5a9cec,2021-10-01,2720039
banking_indicators:x3:a500f8ea0f0d8b934a5a9cec,2021-11-01,2713017
banking_indicators:x3:a500f8ea0f0d8b934a5a9cec,2021-12-01,2680852
banking_indicators:x3:a500f8ea0f0d8b934a5a9cec,2022-01-01,2674850
banking_indicators:x3:a500f8ea0f0d8b934a5a9cec,2022-02-01,2683655
banking_indicators:x3:a500f8ea0f0d8b934a5a9cec,2022-03-01,2682326
banking_indicators:x3:a500f8ea0f0d8b934a5a9cec,2022-04-01,2651024
banking_indicators:x3:a500f8ea0f0d8b934a5a9cec,2022-05-01,2630402
banking_indicators:x3:a500f8ea0f0d8b934a5a9cec,2022-06-01,2636591
banking_indicators:x3:a500f8ea0f0d8b934a5a9cec,2022-07-01,2647439
banking_indicators:x3:a500f8ea0f0d8b934a5a9cec,2022-08-01,2668210
banking_indicators:x3:a500f8ea0f0d8b934a5a9cec,2022-09-01,2674167
banking_indicators:x3:a500f8ea0f0d8b934a5a9cec,2022-10-01,2675842
banking_indicators:x3:a500f8ea0f0d8b934a5a9cec,2022-11-01,2688063
banking_indicators:x3:a500f8ea0f0d8b934a5a9cec,2022-12-01,2688251
banking_indicators:x3:a500f8ea0f0d8b934a5a9cec,2023-01-01,2696485
banking_indicators:x3:a500f8ea0f0d8b934a5a9cec,2023-02-01,2714800
banking_indicators:x3:a500f8ea0f0d8b934a5a9cec,2023-03-01,2724078
banking_indicators:x3:a500f8ea0f0d8b934a5a9cec,2023-04-01,2741410
banking_indicators:x3:a500f8ea0f0d8b934a5a9cec,2023-05-01,2759417
banking_indicators:x3:a500f8ea0f0d8b934a5a9cec,2023-06-01,2761759
banking_indicators:x3:a500f8ea0f0d8b934a5a9cec,2023-07-01,2785037
banking_indicators:x3:a500f8ea0f0d8b934a5a9cec,2023-08-01,2914531
banking_indicators:x3:a500f8ea0f0d8b934a5a9cec,2023-09-01,3082048
banking_indicators:x3:a500f8ea0f0d8b934a5a9cec,2023-10-01,3253932
banking_indicators:x3:a500f8ea0f0d8b934a5a9cec,2023-11-01,3384811
banking_indicators:x3:a500f8ea0f0d8b934a5a9cec,2023-12-01,3449361
banking_indicators:x3:a500f8ea0f0d8b934a5a9cec,2024-01-01,3567814
banking_indicators:x3:a500f8ea0f0d8b934a5a9cec,2024-02-01,3662843
banking_indicators:x3:a500f8ea0f0d8b934a5a9cec,2024-03-01,3712429
banking_indicators:x3:a500f8ea0f0d8b934a5a9cec,2024-04-01,3764164
banking_indicators:x3:a500f8ea0f0d8b934a5a9cec,2024-05-01,3801833
banking_indicators:x3:a500f8ea0f0d8b934a5a9cec,2024-06-01,3915947
banking_indicators:x3:a500f8ea0f0d8b934a5a9cec,2024-07-01,3914195
banking_indicators:x3:a500f8ea0f0d8b934a5a9cec,2024-08-01,3967281
banking_indicators:x3:a500f8ea0f0d8b934a5a9cec,2024-09-01,4075839
banking_indicators:x3:a500f8ea0f0d8b934a5a9cec,2024-10-01,4588803
banking_indicators:x3:a500f8ea0f0d8b934a5a9cec,2024-11-01,4712573
banking_indicators:x3:a500f8ea0f0d8b934a5a9cec,2024-12-01,5100355
banking_indicators:x3:a500f8ea0f0d8b934a5a9cec,2025-01-01,5184877
banking_indicators:x3:a500f8ea0f0d8b934a5a9cec,2025-02-01,5311500
banking_indicators:x3:a500f8ea0f0d8b934a5a9cec,2025-03-01,5417918
banking_indicators:x3:a500f8ea0f0d8b934a5a9cec,2025-04-01,5571675
banking_indicators:x3:a500f8ea0f0d8b934a5a9cec,2025-05-01,5732736
banking_indicators:x3:a500f8ea0f0d8b934a5a9cec,2025-06-01,5845352
banking_indicators:x3:a500f8ea0f0d8b934a5a9cec,2025-07-01,6043645
banking_indicators:x3:a500f8ea0f0d8b934a5a9cec,2025-08-01,6156784
banking_indicators:x3:a500f8ea0f0d8b934a5a9cec,2025-09-01,6446190
banking_indicators:x3:a500f8ea0f0d8b934a5a9cec,2025-10-01,6554375
banking_indicators:x3:a500f8ea0f0d8b934a5a9cec,2025-11-01,6633160
banking_indicators:x3:a500f8ea0f0d8b934a5a9cec,2025-12-01,6458811
banking_indicators:x3:a500f8ea0f0d8b934a5a9cec,2026-01-01,6638873
banking_indicators:x3:a500f8ea0f0d8b934a5a9cec,2026-02-01,6844648
banking_indicators:x3:a500f8ea0f0d8b934a5a9cec,2026-03-01,6944401
banking_indicators:x3:a500f8ea0f0d8b934a5a9cec,2026-04-01,7028014
banking_indicators:x3:a500f8ea0f0d8b934a5a9cec,2026-05-01,7045616
banking_indicators:x3:a500f8ea0f0d8b934a5a9cec,2026-06-01,7187143
banking_indicators:x4:02b1a1a32323982c571d2c86,2016-01-01,84400
banking_indicators:x4:02b1a1a32323982c571d2c86,2016-02-01,84908
banking_indicators:x4:02b1a1a32323982c571d2c86,2016-03-01,85362
banking_indicators:x4:02b1a1a32323982c571d2c86,2016-04-01,85960
banking_indicators:x4:02b1a1a32323982c571d2c86,2016-05-01,86615
banking_indicators:x4:02b1a1a32323982c571d2c86,2016-06-01,87300
banking_indicators:x4:02b1a1a32323982c571d2c86,2016-07-01,88836
banking_indicators:x4:02b1a1a32323982c571d2c86,2016-08-01,89803
banking_indicators:x4:02b1a1a32323982c571d2c86,2016-09-01,90077
banking_indicators:x4:02b1a1a32323982c571d2c86,2016-10-01,91136
banking_indicators:x4:02b1a1a32323982c571d2c86,2016-11-01,91375
banking_indicators:x4:02b1a1a32323982c571d2c86,2016-12-01,92842
banking_indicators:x4:02b1a1a32323982c571d2c86,2017-01-01,92856
banking_indicators:x4:02b1a1a32323982c571d2c86,2017-02-01,93064
banking_indicators:x4:02b1a1a32323982c571d2c86,2017-03-01,94167
banking_indicators:x4:02b1a1a32323982c571d2c86,2017-04-01,94788
banking_indicators:x4:02b1a1a32323982c571d2c86,2017-05-01,95893
banking_indicators:x4:02b1a1a32323982c571d2c86,2017-06-01,96529
banking_indicators:x4:02b1a1a32323982c571d2c86,2017-07-01,97293
banking_indicators:x4:02b1a1a32323982c571d2c86,2017-08-01,97523
banking_indicators:x4:02b1a1a32323982c571d2c86,2017-09-01,98676
banking_indicators:x4:02b1a1a32323982c571d2c86,2017-10-01,99671
banking_indicators:x4:02b1a1a32323982c571d2c86,2017-11-01,100582
banking_indicators:x4:02b1a1a32323982c571d2c86,2017-12-01,101970
banking_indicators:x4:02b1a1a32323982c571d2c86,2018-01-01,102477
banking_indicators:x4:02b1a1a32323982c571d2c86,2018-02-01,105684
banking_indicators:x4:02b1a1a32323982c571d2c86,2018-03-01,106897
banking_indicators:x4:02b1a1a32323982c571d2c86,2018-04-01,107953
banking_indicators:x4:02b1a1a32323982c571d2c86,2018-05-01,109587
banking_indicators:x4:02b1a1a32323982c571d2c86,2018-06-01,113648
banking_indicators:x4:02b1a1a32323982c571d2c86,2018-07-01,115039
banking_indicators:x4:02b1a1a32323982c571d2c86,2018-08-01,115796
banking_indicators:x4:02b1a1a32323982c571d2c86,2018-09-01,117460
banking_indicators:x4:02b1a1a32323982c571d2c86,2018-10-01,228192
banking_indicators:x4:02b1a1a32323982c571d2c86,2018-11-01,229039
banking_indicators:x4:02b1a1a32323982c571d2c86,2018-12-01,247692
banking_indicators:x4:02b1a1a32323982c571d2c86,2019-01-01,250578
banking_indicators:x4:02b1a1a32323982c571d2c86,2019-02-01,251446
banking_indicators:x4:02b1a1a32323982c571d2c86,2019-03-01,252804
banking_indicators:x4:02b1a1a32323982c571d2c86,2019-04-01,254508
banking_indicators:x4:02b1a1a32323982c571d2c86,2019-05-01,255992
banking_indicators:x4:02b1a1a32323982c571d2c86,2019-06-01,260734
banking_indicators:x4:02b1a1a32323982c571d2c86,2019-07-01,261285
banking_indicators:x4:02b1a1a32323982c571d2c86,2019-08-01,262065
banking_indicators:x4:02b1a1a32323982c571d2c86,2019-09-01,263561
banking_indicators:x4:02b1a1a32323982c571d2c86,2019-10-01,266570
banking_indicators:x4:02b1a1a32323982c571d2c86,2019-11-01,272083
banking_indicators:x4:02b1a1a32323982c571d2c86,2019-12-01,270352
banking_indicators:x4:02b1a1a32323982c571d2c86,2020-01-01,272248
banking_indicators:x4:02b1a1a32323982c571d2c86,2020-02-01,273650
banking_indicators:x4:02b1a1a32323982c571d2c86,2020-03-01,276821
banking_indicators:x4:02b1a1a32323982c571d2c86,2020-04-01,279412
banking_indicators:x4:02b1a1a32323982c571d2c86,2020-05-01,279949
banking_indicators:x4:02b1a1a32323982c571d2c86,2020-06-01,276771
banking_indicators:x4:02b1a1a32323982c571d2c86,2020-07-01,276806
banking_indicators:x4:02b1a1a32323982c571d2c86,2020-08-01,280167
banking_indicators:x4:02b1a1a32323982c571d2c86,2020-09-01,283745
banking_indicators:x4:02b1a1a32323982c571d2c86,2020-10-01,284615
banking_indicators:x4:02b1a1a32323982c571d2c86,2020-11-01,283604
banking_indicators:x4:02b1a1a32323982c571d2c86,2020-12-01,285995
banking_indicators:x4:02b1a1a32323982c571d2c86,2021-01-01,284304
banking_indicators:x4:02b1a1a32323982c571d2c86,2021-02-01,287138
banking_indicators:x4:02b1a1a32323982c571d2c86,2021-03-01,287358
banking_indicators:x4:02b1a1a32323982c571d2c86,2021-04-01,292272
banking_indicators:x4:02b1a1a32323982c571d2c86,2021-05-01,294990
banking_indicators:x4:02b1a1a32323982c571d2c86,2021-06-01,296310
banking_indicators:x4:02b1a1a32323982c571d2c86,2021-07-01,299650
banking_indicators:x4:02b1a1a32323982c571d2c86,2021-08-01,300496
banking_indicators:x4:02b1a1a32323982c571d2c86,2021-09-01,302136
banking_indicators:x4:02b1a1a32323982c571d2c86,2021-10-01,304392
banking_indicators:x4:02b1a1a32323982c571d2c86,2021-11-01,303647
banking_indicators:x4:02b1a1a32323982c571d2c86,2021-12-01,306916
banking_indicators:x4:02b1a1a32323982c571d2c86,2022-01-01,303337
banking_indicators:x4:02b1a1a32323982c571d2c86,2022-02-01,307290
banking_indicators:x4:02b1a1a32323982c571d2c86,2022-03-01,306497
banking_indicators:x4:02b1a1a32323982c571d2c86,2022-04-01,308365
banking_indicators:x4:02b1a1a32323982c571d2c86,2022-05-01,310063
banking_indicators:x4:02b1a1a32323982c571d2c86,2022-06-01,308955
banking_indicators:x4:02b1a1a32323982c571d2c86,2022-07-01,312023
banking_indicators:x4:02b1a1a32323982c571d2c86,2022-08-01,314178
banking_indicators:x4:02b1a1a32323982c571d2c86,2022-09-01,314314
banking_indicators:x4:02b1a1a32323982c571d2c86,2022-10-01,316406
banking_indicators:x4:02b1a1a32323982c571d2c86,2022-11-01,318093
banking_indicators:x4:02b1a1a32323982c571d2c86,2022-12-01,323379
banking_indicators:x4:02b1a1a32323982c571d2c86,2023-01-01,319378
banking_indicators:x4:02b1a1a32323982c571d2c86,2023-02-01,323154
banking_indicators:x4:02b1a1a32323982c571d2c86,2023-03-01,324562
banking_indicators:x4:02b1a1a32323982c571d2c86,2023-04-01,327822
banking_indicators:x4:02b1a1a32323982c571d2c86,2023-05-01,328282
banking_indicators:x4:02b1a1a32323982c571d2c86,2023-06-01,329586
banking_indicators:x4:02b1a1a32323982c571d2c86,2023-07-01,329767
banking_indicators:x4:02b1a1a32323982c571d2c86,2023-08-01,333877
banking_indicators:x4:02b1a1a32323982c571d2c86,2023-09-01,337584
banking_indicators:x4:02b1a1a32323982c571d2c86,2023-10-01,339928
banking_indicators:x4:02b1a1a32323982c571d2c86,2023-11-01,342077
banking_indicators:x4:02b1a1a32323982c571d2c86,2023-12-01,349307
banking_indicators:x4:02b1a1a32323982c571d2c86,2024-01-01,344899
banking_indicators:x4:02b1a1a32323982c571d2c86,2024-02-01,349555
banking_indicators:x4:02b1a1a32323982c571d2c86,2024-03-01,351232
banking_indicators:x4:02b1a1a32323982c571d2c86,2024-04-01,355703
banking_indicators:x4:02b1a1a32323982c571d2c86,2024-05-01,359961
banking_indicators:x4:02b1a1a32323982c571d2c86,2024-06-01,366608
banking_indicators:x4:02b1a1a32323982c571d2c86,2024-07-01,369451
banking_indicators:x4:02b1a1a32323982c571d2c86,2024-08-01,371389
banking_indicators:x4:02b1a1a32323982c571d2c86,2024-09-01,374714
banking_indicators:x4:02b1a1a32323982c571d2c86,2024-10-01,379621
banking_indicators:x4:02b1a1a32323982c571d2c86,2024-11-01,382670
banking_indicators:x4:02b1a1a32323982c571d2c86,2024-12-01,391895
banking_indicators:x4:02b1a1a32323982c571d2c86,2025-01-01,393502
banking_indicators:x4:02b1a1a32323982c571d2c86,2025-02-01,400121
banking_indicators:x4:02b1a1a32323982c571d2c86,2025-03-01,405389
banking_indicators:x4:02b1a1a32323982c571d2c86,2025-04-01,408084
banking_indicators:x4:02b1a1a32323982c571d2c86,2025-05-01,412060
banking_indicators:x4:02b1a1a32323982c571d2c86,2025-06-01,414676
banking_indicators:x4:02b1a1a32323982c571d2c86,2025-07-01,418541
banking_indicators:x4:02b1a1a32323982c571d2c86,2025-08-01,420263
banking_indicators:x4:02b1a1a32323982c571d2c86,2025-09-01,419649
banking_indicators:x4:02b1a1a32323982c571d2c86,2025-10-01,428671
banking_indicators:x4:02b1a1a32323982c571d2c86,2025-11-01,427298
banking_indicators:x4:02b1a1a32323982c571d2c86,2025-12-01,430407
banking_indicators:x4:02b1a1a32323982c571d2c86,2026-01-01,431620
banking_indicators:x4:02b1a1a32323982c571d2c86,2026-02-01,438054
banking_indicators:x4:02b1a1a32323982c571d2c86,2026-03-01,442749
banking_indicators:x4:02b1a1a32323982c571d2c86,2026-04-01,444423
banking_indicators:x4:02b1a1a32323982c571d2c86,2026-05-01,444466
banking_indicators:x4:02b1a1a32323982c571d2c86,2026-06-01,1694166
banking_indicators:x4:114c06ae02be2113f88a4904,2016-01-01,26294
banking_indicators:x4:114c06ae02be2113f88a4904,2016-02-01,26385
banking_indicators:x4:114c06ae02be2113f88a4904,2016-03-01,26585
banking_indicators:x4:114c06ae02be2113f88a4904,2016-04-01,26737
banking_indicators:x4:114c06ae02be2113f88a4904,2016-05-01,26829
banking_indicators:x4:114c06ae02be2113f88a4904,2016-06-01,26955
banking_indicators:x4:114c06ae02be2113f88a4904,2016-07-01,27378
banking_indicators:x4:114c06ae02be2113f88a4904,2016-08-01,27576
banking_indicators:x4:114c06ae02be2113f88a4904,2016-09-01,27696
banking_indicators:x4:114c06ae02be2113f88a4904,2016-10-01,27915
banking_indicators:x4:114c06ae02be2113f88a4904,2016-11-01,27732
banking_indicators:x4:114c06ae02be2113f88a4904,2016-12-01,27947
banking_indicators:x4:114c06ae02be2113f88a4904,2017-01-01,28112
banking_indicators:x4:114c06ae02be2113f88a4904,2017-02-01,28205
banking_indicators:x4:114c06ae02be2113f88a4904,2017-03-01,28491
banking_indicators:x4:114c06ae02be2113f88a4904,2017-04-01,28596
banking_indicators:x4:114c06ae02be2113f88a4904,2017-05-01,28836
banking_indicators:x4:114c06ae02be2113f88a4904,2017-06-01,28998
banking_indicators:x4:114c06ae02be2113f88a4904,2017-07-01,29138
banking_indicators:x4:114c06ae02be2113f88a4904,2017-08-01,29401
banking_indicators:x4:114c06ae02be2113f88a4904,2017-09-01,29676
banking_indicators:x4:114c06ae02be2113f88a4904,2017-10-01,29921
banking_indicators:x4:114c06ae02be2113f88a4904,2017-11-01,30125
banking_indicators:x4:114c06ae02be2113f88a4904,2017-12-01,30415
banking_indicators:x4:114c06ae02be2113f88a4904,2018-01-01,30482
banking_indicators:x4:114c06ae02be2113f88a4904,2018-02-01,31016
banking_indicators:x4:114c06ae02be2113f88a4904,2018-03-01,31256
banking_indicators:x4:114c06ae02be2113f88a4904,2018-04-01,31479
banking_indicators:x4:114c06ae02be2113f88a4904,2018-05-01,31787
banking_indicators:x4:114c06ae02be2113f88a4904,2018-06-01,32654
banking_indicators:x4:114c06ae02be2113f88a4904,2018-07-01,32940
banking_indicators:x4:114c06ae02be2113f88a4904,2018-08-01,33115
banking_indicators:x4:114c06ae02be2113f88a4904,2018-09-01,33400
banking_indicators:x4:114c06ae02be2113f88a4904,2018-10-01,33585
banking_indicators:x4:114c06ae02be2113f88a4904,2018-11-01,33384
banking_indicators:x4:114c06ae02be2113f88a4904,2018-12-01,33524
banking_indicators:x4:114c06ae02be2113f88a4904,2019-01-01,33627
banking_indicators:x4:114c06ae02be2113f88a4904,2019-02-01,33619
banking_indicators:x4:114c06ae02be2113f88a4904,2019-03-01,33746
banking_indicators:x4:114c06ae02be2113f88a4904,2019-04-01,33842
banking_indicators:x4:114c06ae02be2113f88a4904,2019-05-01,34002
banking_indicators:x4:114c06ae02be2113f88a4904,2019-06-01,34575
banking_indicators:x4:114c06ae02be2113f88a4904,2019-07-01,34747
banking_indicators:x4:114c06ae02be2113f88a4904,2019-08-01,34833
banking_indicators:x4:114c06ae02be2113f88a4904,2019-09-01,34893
banking_indicators:x4:114c06ae02be2113f88a4904,2019-10-01,35060
banking_indicators:x4:114c06ae02be2113f88a4904,2019-11-01,35336
banking_indicators:x4:114c06ae02be2113f88a4904,2019-12-01,35472
banking_indicators:x4:114c06ae02be2113f88a4904,2020-01-01,35476
banking_indicators:x4:114c06ae02be2113f88a4904,2020-02-01,35542
banking_indicators:x4:114c06ae02be2113f88a4904,2020-03-01,35669
banking_indicators:x4:114c06ae02be2113f88a4904,2020-04-01,35707
banking_indicators:x4:114c06ae02be2113f88a4904,2020-05-01,35812
banking_indicators:x4:114c06ae02be2113f88a4904,2020-06-01,35909
banking_indicators:x4:114c06ae02be2113f88a4904,2020-07-01,36134
banking_indicators:x4:114c06ae02be2113f88a4904,2020-08-01,36304
banking_indicators:x4:114c06ae02be2113f88a4904,2020-09-01,36517
banking_indicators:x4:114c06ae02be2113f88a4904,2020-10-01,36698
banking_indicators:x4:114c06ae02be2113f88a4904,2020-11-01,36395
banking_indicators:x4:114c06ae02be2113f88a4904,2020-12-01,36456
banking_indicators:x4:114c06ae02be2113f88a4904,2021-01-01,36503
banking_indicators:x4:114c06ae02be2113f88a4904,2021-02-01,36635
banking_indicators:x4:114c06ae02be2113f88a4904,2021-03-01,36790
banking_indicators:x4:114c06ae02be2113f88a4904,2021-04-01,37486
banking_indicators:x4:114c06ae02be2113f88a4904,2021-05-01,37619
banking_indicators:x4:114c06ae02be2113f88a4904,2021-06-01,37798
banking_indicators:x4:114c06ae02be2113f88a4904,2021-07-01,37873
banking_indicators:x4:114c06ae02be2113f88a4904,2021-08-01,37971
banking_indicators:x4:114c06ae02be2113f88a4904,2021-09-01,38111
banking_indicators:x4:114c06ae02be2113f88a4904,2021-10-01,38246
banking_indicators:x4:114c06ae02be2113f88a4904,2021-11-01,38076
banking_indicators:x4:114c06ae02be2113f88a4904,2021-12-01,38239
banking_indicators:x4:114c06ae02be2113f88a4904,2022-01-01,38294
banking_indicators:x4:114c06ae02be2113f88a4904,2022-02-01,38487
banking_indicators:x4:114c06ae02be2113f88a4904,2022-03-01,38628
banking_indicators:x4:114c06ae02be2113f88a4904,2022-04-01,38751
banking_indicators:x4:114c06ae02be2113f88a4904,2022-05-01,38884
banking_indicators:x4:114c06ae02be2113f88a4904,2022-06-01,38940
banking_indicators:x4:114c06ae02be2113f88a4904,2022-07-01,39157
banking_indicators:x4:114c06ae02be2113f88a4904,2022-08-01,39385
banking_indicators:x4:114c06ae02be2113f88a4904,2022-09-01,39612
banking_indicators:x4:114c06ae02be2113f88a4904,2022-10-01,39873
banking_indicators:x4:114c06ae02be2113f88a4904,2022-11-01,40084
banking_indicators:x4:114c06ae02be2113f88a4904,2022-12-01,40322
banking_indicators:x4:114c06ae02be2113f88a4904,2023-01-01,40524
banking_indicators:x4:114c06ae02be2113f88a4904,2023-02-01,40724
banking_indicators:x4:114c06ae02be2113f88a4904,2023-03-01,41052
banking_indicators:x4:114c06ae02be2113f88a4904,2023-04-01,41257
banking_indicators:x4:114c06ae02be2113f88a4904,2023-05-01,41405
banking_indicators:x4:114c06ae02be2113f88a4904,2023-06-01,41738
banking_indicators:x4:114c06ae02be2113f88a4904,2023-07-01,41710
banking_indicators:x4:114c06ae02be2113f88a4904,2023-08-01,41960
banking_indicators:x4:114c06ae02be2113f88a4904,2023-09-01,42186
banking_indicators:x4:114c06ae02be2113f88a4904,2023-10-01,42464
banking_indicators:x4:114c06ae02be2113f88a4904,2023-11-01,42784
banking_indicators:x4:114c06ae02be2113f88a4904,2023-12-01,43092
banking_indicators:x4:114c06ae02be2113f88a4904,2024-01-01,43435
banking_indicators:x4:114c06ae02be2113f88a4904,2024-02-01,43772
banking_indicators:x4:114c06ae02be2113f88a4904,2024-03-01,44085
banking_indicators:x4:114c06ae02be2113f88a4904,2024-04-01,44483
banking_indicators:x4:114c06ae02be2113f88a4904,2024-05-01,44913
banking_indicators:x4:114c06ae02be2113f88a4904,2024-06-01,45884
banking_indicators:x4:114c06ae02be2113f88a4904,2024-07-01,46085
banking_indicators:x4:114c06ae02be2113f88a4904,2024-08-01,46234
banking_indicators:x4:114c06ae02be2113f88a4904,2024-09-01,46645
banking_indicators:x4:114c06ae02be2113f88a4904,2024-10-01,47033
banking_indicators:x4:114c06ae02be2113f88a4904,2024-11-01,47391
banking_indicators:x4:114c06ae02be2113f88a4904,2024-12-01,47877
banking_indicators:x4:114c06ae02be2113f88a4904,2025-01-01,48175
banking_indicators:x4:114c06ae02be2113f88a4904,2025-02-01,48568
banking_indicators:x4:114c06ae02be2113f88a4904,2025-03-01,49092
banking_indicators:x4:114c06ae02be2113f88a4904,2025-04-01,49600
banking_indicators:x4:114c06ae02be2113f88a4904,2025-05-01,50127
banking_indicators:x4:114c06ae02be2113f88a4904,2025-06-01,50682
banking_indicators:x4:114c06ae02be2113f88a4904,2025-07-01,51273
banking_indicators:x4:114c06ae02be2113f88a4904,2025-08-01,51765
banking_indicators:x4:114c06ae02be2113f88a4904,2025-09-01,52001
banking_indicators:x4:114c06ae02be2113f88a4904,2025-10-01,53380
banking_indicators:x4:114c06ae02be2113f88a4904,2025-11-01,53589
banking_indicators:x4:114c06ae02be2113f88a4904,2025-12-01,54124
banking_indicators:x4:114c06ae02be2113f88a4904,2026-01-01,54618
banking_indicators:x4:114c06ae02be2113f88a4904,2026-02-01,57259
banking_indicators:x4:114c06ae02be2113f88a4904,2026-03-01,58137
banking_indicators:x4:114c06ae02be2113f88a4904,2026-04-01,58582
banking_indicators:x4:114c06ae02be2113f88a4904,2026-05-01,59525
banking_indicators:x4:114c06ae02be2113f88a4904,2026-06-01,61215
banking_indicators:x4:24bf60cc5d60ba1e6a6b9188,2016-01-01,1466669
banking_indicators:x4:24bf60cc5d60ba1e6a6b9188,2016-02-01,1483828
banking_indicators:x4:24bf60cc5d60ba1e6a6b9188,2016-03-01,1483684
banking_indicators:x4:24bf60cc5d60ba1e6a6b9188,2016-04-01,1500549
banking_indicators:x4:24bf60cc5d60ba1e6a6b9188,2016-05-01,1486374
banking_indicators:x4:24bf60cc5d60ba1e6a6b9188,2016-06-01,1494684
banking_indicators:x4:24bf60cc5d60ba1e6a6b9188,2016-07-01,1576453
banking_indicators:x4:24bf60cc5d60ba1e6a6b9188,2016-08-01,1588343
banking_indicators:x4:24bf60cc5d60ba1e6a6b9188,2016-09-01,1600246
banking_indicators:x4:24bf60cc5d60ba1e6a6b9188,2016-10-01,1611154
banking_indicators:x4:24bf60cc5d60ba1e6a6b9188,2016-11-01,1540280
banking_indicators:x4:24bf60cc5d60ba1e6a6b9188,2016-12-01,1576737
banking_indicators:x4:24bf60cc5d60ba1e6a6b9188,2017-01-01,1573729
banking_indicators:x4:24bf60cc5d60ba1e6a6b9188,2017-02-01,1584827
banking_indicators:x4:24bf60cc5d60ba1e6a6b9188,2017-03-01,1603737
banking_indicators:x4:24bf60cc5d60ba1e6a6b9188,2017-04-01,1630442
banking_indicators:x4:24bf60cc5d60ba1e6a6b9188,2017-05-01,1641909
banking_indicators:x4:24bf60cc5d60ba1e6a6b9188,2017-06-01,1670548
banking_indicators:x4:24bf60cc5d60ba1e6a6b9188,2017-07-01,1694394
banking_indicators:x4:24bf60cc5d60ba1e6a6b9188,2017-08-01,1722254
banking_indicators:x4:24bf60cc5d60ba1e6a6b9188,2017-09-01,1763429
banking_indicators:x4:24bf60cc5d60ba1e6a6b9188,2017-10-01,1801911
banking_indicators:x4:24bf60cc5d60ba1e6a6b9188,2017-11-01,1847251
banking_indicators:x4:24bf60cc5d60ba1e6a6b9188,2017-12-01,1897673
banking_indicators:x4:24bf60cc5d60ba1e6a6b9188,2018-01-01,1934330
banking_indicators:x4:24bf60cc5d60ba1e6a6b9188,2018-02-01,1983800
banking_indicators:x4:24bf60cc5d60ba1e6a6b9188,2018-03-01,2019771
banking_indicators:x4:24bf60cc5d60ba1e6a6b9188,2018-04-01,2039521
banking_indicators:x4:24bf60cc5d60ba1e6a6b9188,2018-05-01,2081097
banking_indicators:x4:24bf60cc5d60ba1e6a6b9188,2018-06-01,2114889
banking_indicators:x4:24bf60cc5d60ba1e6a6b9188,2018-07-01,2154924
banking_indicators:x4:24bf60cc5d60ba1e6a6b9188,2018-08-01,2183917
banking_indicators:x4:24bf60cc5d60ba1e6a6b9188,2018-09-01,2195158
banking_indicators:x4:24bf60cc5d60ba1e6a6b9188,2018-10-01,2219223
banking_indicators:x4:24bf60cc5d60ba1e6a6b9188,2018-11-01,2234721
banking_indicators:x4:24bf60cc5d60ba1e6a6b9188,2018-12-01,2265596
banking_indicators:x4:24bf60cc5d60ba1e6a6b9188,2019-01-01,2286884
banking_indicators:x4:24bf60cc5d60ba1e6a6b9188,2019-02-01,2311962
banking_indicators:x4:24bf60cc5d60ba1e6a6b9188,2019-03-01,2329883
banking_indicators:x4:24bf60cc5d60ba1e6a6b9188,2019-04-01,2361225
banking_indicators:x4:24bf60cc5d60ba1e6a6b9188,2019-05-01,2324034
banking_indicators:x4:24bf60cc5d60ba1e6a6b9188,2019-06-01,2351071
banking_indicators:x4:24bf60cc5d60ba1e6a6b9188,2019-07-01,2360771
banking_indicators:x4:24bf60cc5d60ba1e6a6b9188,2019-08-01,2198171
banking_indicators:x4:24bf60cc5d60ba1e6a6b9188,2019-09-01,2201633
banking_indicators:x4:24bf60cc5d60ba1e6a6b9188,2019-10-01,2136197
banking_indicators:x4:24bf60cc5d60ba1e6a6b9188,2019-11-01,2149784
banking_indicators:x4:24bf60cc5d60ba1e6a6b9188,2019-12-01,2171187
banking_indicators:x4:24bf60cc5d60ba1e6a6b9188,2020-01-01,2198605
banking_indicators:x4:24bf60cc5d60ba1e6a6b9188,2020-02-01,2211915
banking_indicators:x4:24bf60cc5d60ba1e6a6b9188,2020-03-01,2235067
banking_indicators:x4:24bf60cc5d60ba1e6a6b9188,2020-04-01,2249581
banking_indicators:x4:24bf60cc5d60ba1e6a6b9188,2020-05-01,2262145
banking_indicators:x4:24bf60cc5d60ba1e6a6b9188,2020-06-01,2287181
banking_indicators:x4:24bf60cc5d60ba1e6a6b9188,2020-07-01,2294244
banking_indicators:x4:24bf60cc5d60ba1e6a6b9188,2020-08-01,2301614
banking_indicators:x4:24bf60cc5d60ba1e6a6b9188,2020-09-01,2308828
banking_indicators:x4:24bf60cc5d60ba1e6a6b9188,2020-10-01,2324325
banking_indicators:x4:24bf60cc5d60ba1e6a6b9188,2020-11-01,2307437
banking_indicators:x4:24bf60cc5d60ba1e6a6b9188,2020-12-01,2312873
banking_indicators:x4:24bf60cc5d60ba1e6a6b9188,2021-01-01,2321446
banking_indicators:x4:24bf60cc5d60ba1e6a6b9188,2021-02-01,2337623
banking_indicators:x4:24bf60cc5d60ba1e6a6b9188,2021-03-01,2338136
banking_indicators:x4:24bf60cc5d60ba1e6a6b9188,2021-04-01,2359428
banking_indicators:x4:24bf60cc5d60ba1e6a6b9188,2021-05-01,2377873
banking_indicators:x4:24bf60cc5d60ba1e6a6b9188,2021-06-01,2389671
banking_indicators:x4:24bf60cc5d60ba1e6a6b9188,2021-07-01,2408269
banking_indicators:x4:24bf60cc5d60ba1e6a6b9188,2021-08-01,2415294
banking_indicators:x4:24bf60cc5d60ba1e6a6b9188,2021-09-01,2431698
banking_indicators:x4:24bf60cc5d60ba1e6a6b9188,2021-10-01,2453026
banking_indicators:x4:24bf60cc5d60ba1e6a6b9188,2021-11-01,2449904
banking_indicators:x4:24bf60cc5d60ba1e6a6b9188,2021-12-01,2480888
banking_indicators:x4:24bf60cc5d60ba1e6a6b9188,2022-01-01,2483980
banking_indicators:x4:24bf60cc5d60ba1e6a6b9188,2022-02-01,2511818
banking_indicators:x4:24bf60cc5d60ba1e6a6b9188,2022-03-01,2522799
banking_indicators:x4:24bf60cc5d60ba1e6a6b9188,2022-04-01,2541198
banking_indicators:x4:24bf60cc5d60ba1e6a6b9188,2022-05-01,2546377
banking_indicators:x4:24bf60cc5d60ba1e6a6b9188,2022-06-01,2568234
banking_indicators:x4:24bf60cc5d60ba1e6a6b9188,2022-07-01,2608384
banking_indicators:x4:24bf60cc5d60ba1e6a6b9188,2022-08-01,2630555
banking_indicators:x4:24bf60cc5d60ba1e6a6b9188,2022-09-01,2651960
banking_indicators:x4:24bf60cc5d60ba1e6a6b9188,2022-10-01,2670527
banking_indicators:x4:24bf60cc5d60ba1e6a6b9188,2022-11-01,2684476
banking_indicators:x4:24bf60cc5d60ba1e6a6b9188,2022-12-01,2708122
banking_indicators:x4:24bf60cc5d60ba1e6a6b9188,2023-01-01,2728153
banking_indicators:x4:24bf60cc5d60ba1e6a6b9188,2023-02-01,2747240
banking_indicators:x4:24bf60cc5d60ba1e6a6b9188,2023-03-01,2770387
banking_indicators:x4:24bf60cc5d60ba1e6a6b9188,2023-04-01,2798508
banking_indicators:x4:24bf60cc5d60ba1e6a6b9188,2023-05-01,2811280
banking_indicators:x4:24bf60cc5d60ba1e6a6b9188,2023-06-01,2845435
banking_indicators:x4:24bf60cc5d60ba1e6a6b9188,2023-07-01,2857093
banking_indicators:x4:24bf60cc5d60ba1e6a6b9188,2023-08-01,2922405
banking_indicators:x4:24bf60cc5d60ba1e6a6b9188,2023-09-01,2956822
banking_indicators:x4:24bf60cc5d60ba1e6a6b9188,2023-10-01,3022190
banking_indicators:x4:24bf60cc5d60ba1e6a6b9188,2023-11-01,3036361
banking_indicators:x4:24bf60cc5d60ba1e6a6b9188,2023-12-01,3084178
banking_indicators:x4:24bf60cc5d60ba1e6a6b9188,2024-01-01,3133826
banking_indicators:x4:24bf60cc5d60ba1e6a6b9188,2024-02-01,3159549
banking_indicators:x4:24bf60cc5d60ba1e6a6b9188,2024-03-01,3201229
banking_indicators:x4:24bf60cc5d60ba1e6a6b9188,2024-04-01,3238040
banking_indicators:x4:24bf60cc5d60ba1e6a6b9188,2024-05-01,3283958
banking_indicators:x4:24bf60cc5d60ba1e6a6b9188,2024-06-01,3531809
banking_indicators:x4:24bf60cc5d60ba1e6a6b9188,2024-07-01,3561954
banking_indicators:x4:24bf60cc5d60ba1e6a6b9188,2024-08-01,3593780
banking_indicators:x4:24bf60cc5d60ba1e6a6b9188,2024-09-01,3626550
banking_indicators:x4:24bf60cc5d60ba1e6a6b9188,2024-10-01,3655929
banking_indicators:x4:24bf60cc5d60ba1e6a6b9188,2024-11-01,3685648
banking_indicators:x4:24bf60cc5d60ba1e6a6b9188,2024-12-01,3742159
banking_indicators:x4:24bf60cc5d60ba1e6a6b9188,2025-01-01,3786988
banking_indicators:x4:24bf60cc5d60ba1e6a6b9188,2025-02-01,3824072
banking_indicators:x4:24bf60cc5d60ba1e6a6b9188,2025-03-01,3868935
banking_indicators:x4:24bf60cc5d60ba1e6a6b9188,2025-04-01,3903476
banking_indicators:x4:24bf60cc5d60ba1e6a6b9188,2025-05-01,3948210
banking_indicators:x4:24bf60cc5d60ba1e6a6b9188,2025-06-01,3985590
banking_indicators:x4:24bf60cc5d60ba1e6a6b9188,2025-07-01,4031288
banking_indicators:x4:24bf60cc5d60ba1e6a6b9188,2025-08-01,4067165
banking_indicators:x4:24bf60cc5d60ba1e6a6b9188,2025-09-01,4103523
banking_indicators:x4:24bf60cc5d60ba1e6a6b9188,2025-10-01,4130998
banking_indicators:x4:24bf60cc5d60ba1e6a6b9188,2025-11-01,4166404
banking_indicators:x4:24bf60cc5d60ba1e6a6b9188,2025-12-01,4184111
banking_indicators:x4:24bf60cc5d60ba1e6a6b9188,2026-01-01,4230797
banking_indicators:x4:24bf60cc5d60ba1e6a6b9188,2026-02-01,4268243
banking_indicators:x4:24bf60cc5d60ba1e6a6b9188,2026-03-01,4313090
banking_indicators:x4:24bf60cc5d60ba1e6a6b9188,2026-04-01,4351483
banking_indicators:x4:24bf60cc5d60ba1e6a6b9188,2026-05-01,4389514
banking_indicators:x4:24bf60cc5d60ba1e6a6b9188,2026-06-01,4497899
banking_indicators:x4:4109a017fd7140c41a53f469,2016-01-01,2175008
banking_indicators:x4:4109a017fd7140c41a53f469,2016-02-01,2202252
banking_indicators:x4:4109a017fd7140c41a53f469,2016-03-01,2203750
banking_indicators:x4:4109a017fd7140c41a53f469,2016-04-01,2236676
banking_indicators:x4:4109a017fd7140c41a53f469,2016-05-01,2207826
banking_indicators:x4:4109a017fd7140c41a53f469,2016-06-01,2218406
banking_indicators:x4:4109a017fd7140c41a53f469,2016-07-01,2367959
banking_indicators:x4:4109a017fd7140c41a53f469,2016-08-01,2391119
banking_indicators:x4:4109a017fd7140c41a53f469,2016-09-01,2408350
banking_indicators:x4:4109a017fd7140c41a53f469,2016-10-01,2424985
banking_indicators:x4:4109a017fd7140c41a53f469,2016-11-01,2311509
banking_indicators:x4:4109a017fd7140c41a53f469,2016-12-01,2389646
banking_indicators:x4:4109a017fd7140c41a53f469,2017-01-01,2378339
banking_indicators:x4:4109a017fd7140c41a53f469,2017-02-01,2400394
banking_indicators:x4:4109a017fd7140c41a53f469,2017-03-01,2438417
banking_indicators:x4:4109a017fd7140c41a53f469,2017-04-01,2490556
banking_indicators:x4:4109a017fd7140c41a53f469,2017-05-01,2507163
banking_indicators:x4:4109a017fd7140c41a53f469,2017-06-01,2561549
banking_indicators:x4:4109a017fd7140c41a53f469,2017-07-01,2599634
banking_indicators:x4:4109a017fd7140c41a53f469,2017-08-01,2650011
banking_indicators:x4:4109a017fd7140c41a53f469,2017-09-01,2728546
banking_indicators:x4:4109a017fd7140c41a53f469,2017-10-01,2793467
banking_indicators:x4:4109a017fd7140c41a53f469,2017-11-01,2903285
banking_indicators:x4:4109a017fd7140c41a53f469,2017-12-01,3013820
banking_indicators:x4:4109a017fd7140c41a53f469,2018-01-01,3065935
banking_indicators:x4:4109a017fd7140c41a53f469,2018-02-01,3257506
banking_indicators:x4:4109a017fd7140c41a53f469,2018-03-01,3327746
banking_indicators:x4:4109a017fd7140c41a53f469,2018-04-01,3367613
banking_indicators:x4:4109a017fd7140c41a53f469,2018-05-01,3454674
banking_indicators:x4:4109a017fd7140c41a53f469,2018-06-01,3526870
banking_indicators:x4:4109a017fd7140c41a53f469,2018-07-01,3614567
banking_indicators:x4:4109a017fd7140c41a53f469,2018-08-01,3679460
banking_indicators:x4:4109a017fd7140c41a53f469,2018-09-01,3735503
banking_indicators:x4:4109a017fd7140c41a53f469,2018-10-01,3782092
banking_indicators:x4:4109a017fd7140c41a53f469,2018-11-01,3805102
banking_indicators:x4:4109a017fd7140c41a53f469,2018-12-01,3884850
banking_indicators:x4:4109a017fd7140c41a53f469,2019-01-01,3920473
banking_indicators:x4:4109a017fd7140c41a53f469,2019-02-01,3979388
banking_indicators:x4:4109a017fd7140c41a53f469,2019-03-01,4023951
banking_indicators:x4:4109a017fd7140c41a53f469,2019-04-01,4093463
banking_indicators:x4:4109a017fd7140c41a53f469,2019-05-01,4033013
banking_indicators:x4:4109a017fd7140c41a53f469,2019-06-01,4079685
banking_indicators:x4:4109a017fd7140c41a53f469,2019-07-01,4095728
banking_indicators:x4:4109a017fd7140c41a53f469,2019-08-01,3817807
banking_indicators:x4:4109a017fd7140c41a53f469,2019-09-01,3820278
banking_indicators:x4:4109a017fd7140c41a53f469,2019-10-01,3695659
banking_indicators:x4:4109a017fd7140c41a53f469,2019-11-01,3733226
banking_indicators:x4:4109a017fd7140c41a53f469,2019-12-01,3791168
banking_indicators:x4:4109a017fd7140c41a53f469,2020-01-01,3831369
banking_indicators:x4:4109a017fd7140c41a53f469,2020-02-01,3869611
banking_indicators:x4:4109a017fd7140c41a53f469,2020-03-01,3920931
banking_indicators:x4:4109a017fd7140c41a53f469,2020-04-01,3959862
banking_indicators:x4:4109a017fd7140c41a53f469,2020-05-01,3988791
banking_indicators:x4:4109a017fd7140c41a53f469,2020-06-01,4040776
banking_indicators:x4:4109a017fd7140c41a53f469,2020-07-01,4070236
banking_indicators:x4:4109a017fd7140c41a53f469,2020-08-01,4097297
banking_indicators:x4:4109a017fd7140c41a53f469,2020-09-01,4123741
banking_indicators:x4:4109a017fd7140c41a53f469,2020-10-01,4152113
banking_indicators:x4:4109a017fd7140c41a53f469,2020-11-01,4072905
banking_indicators:x4:4109a017fd7140c41a53f469,2020-12-01,4090240
banking_indicators:x4:4109a017fd7140c41a53f469,2021-01-01,4113197
banking_indicators:x4:4109a017fd7140c41a53f469,2021-02-01,4157769
banking_indicators:x4:4109a017fd7140c41a53f469,2021-03-01,4156060
banking_indicators:x4:4109a017fd7140c41a53f469,2021-04-01,4264358
banking_indicators:x4:4109a017fd7140c41a53f469,2021-05-01,4305307
banking_indicators:x4:4109a017fd7140c41a53f469,2021-06-01,4346017
banking_indicators:x4:4109a017fd7140c41a53f469,2021-07-01,4397394
banking_indicators:x4:4109a017fd7140c41a53f469,2021-08-01,4422701
banking_indicators:x4:4109a017fd7140c41a53f469,2021-09-01,4466230
banking_indicators:x4:4109a017fd7140c41a53f469,2021-10-01,4515739
banking_indicators:x4:4109a017fd7140c41a53f469,2021-11-01,4496208
banking_indicators:x4:4109a017fd7140c41a53f469,2021-12-01,4605383
banking_indicators:x4:4109a017fd7140c41a53f469,2022-01-01,4588647
banking_indicators:x4:4109a017fd7140c41a53f469,2022-02-01,4694756
banking_indicators:x4:4109a017fd7140c41a53f469,2022-03-01,4732284
banking_indicators:x4:4109a017fd7140c41a53f469,2022-04-01,4790242
banking_indicators:x4:4109a017fd7140c41a53f469,2022-05-01,4825860
banking_indicators:x4:4109a017fd7140c41a53f469,2022-06-01,4887395
banking_indicators:x4:4109a017fd7140c41a53f469,2022-07-01,5007884
banking_indicators:x4:4109a017fd7140c41a53f469,2022-08-01,5078433
banking_indicators:x4:4109a017fd7140c41a53f469,2022-09-01,5153396
banking_indicators:x4:4109a017fd7140c41a53f469,2022-10-01,5215715
banking_indicators:x4:4109a017fd7140c41a53f469,2022-11-01,5272593
banking_indicators:x4:4109a017fd7140c41a53f469,2022-12-01,5370865
banking_indicators:x4:4109a017fd7140c41a53f469,2023-01-01,5429607
banking_indicators:x4:4109a017fd7140c41a53f469,2023-02-01,5498406
banking_indicators:x4:4109a017fd7140c41a53f469,2023-03-01,5589755
banking_indicators:x4:4109a017fd7140c41a53f469,2023-04-01,5670571
banking_indicators:x4:4109a017fd7140c41a53f469,2023-05-01,5733252
banking_indicators:x4:4109a017fd7140c41a53f469,2023-06-01,5868098
banking_indicators:x4:4109a017fd7140c41a53f469,2023-07-01,5927299
banking_indicators:x4:4109a017fd7140c41a53f469,2023-08-01,6140259
banking_indicators:x4:4109a017fd7140c41a53f469,2023-09-01,6333457
banking_indicators:x4:4109a017fd7140c41a53f469,2023-10-01,6627494
banking_indicators:x4:4109a017fd7140c41a53f469,2023-11-01,6756706
banking_indicators:x4:4109a017fd7140c41a53f469,2023-12-01,6908913
banking_indicators:x4:4109a017fd7140c41a53f469,2024-01-01,7053419
banking_indicators:x4:4109a017fd7140c41a53f469,2024-02-01,7197874
banking_indicators:x4:4109a017fd7140c41a53f469,2024-03-01,7343097
banking_indicators:x4:4109a017fd7140c41a53f469,2024-04-01,7514085
banking_indicators:x4:4109a017fd7140c41a53f469,2024-05-01,7676114
banking_indicators:x4:4109a017fd7140c41a53f469,2024-06-01,8507320
banking_indicators:x4:4109a017fd7140c41a53f469,2024-07-01,8698596
banking_indicators:x4:4109a017fd7140c41a53f469,2024-08-01,8842534
banking_indicators:x4:4109a017fd7140c41a53f469,2024-09-01,8999267
banking_indicators:x4:4109a017fd7140c41a53f469,2024-10-01,9141502
banking_indicators:x4:4109a017fd7140c41a53f469,2024-11-01,9114953
banking_indicators:x4:4109a017fd7140c41a53f469,2024-12-01,9496523
banking_indicators:x4:4109a017fd7140c41a53f469,2025-01-01,9660571
banking_indicators:x4:4109a017fd7140c41a53f469,2025-02-01,9824993
banking_indicators:x4:4109a017fd7140c41a53f469,2025-03-01,10027318
banking_indicators:x4:4109a017fd7140c41a53f469,2025-04-01,10180918
banking_indicators:x4:4109a017fd7140c41a53f469,2025-05-01,10395399
banking_indicators:x4:4109a017fd7140c41a53f469,2025-06-01,10574742
banking_indicators:x4:4109a017fd7140c41a53f469,2025-07-01,10810686
banking_indicators:x4:4109a017fd7140c41a53f469,2025-08-01,11011058
banking_indicators:x4:4109a017fd7140c41a53f469,2025-09-01,11183367
banking_indicators:x4:4109a017fd7140c41a53f469,2025-10-01,11501343
banking_indicators:x4:4109a017fd7140c41a53f469,2025-11-01,11607343
banking_indicators:x4:4109a017fd7140c41a53f469,2025-12-01,11782743
banking_indicators:x4:4109a017fd7140c41a53f469,2026-01-01,11983869
banking_indicators:x4:4109a017fd7140c41a53f469,2026-02-01,12192602
banking_indicators:x4:4109a017fd7140c41a53f469,2026-03-01,12445753
banking_indicators:x4:4109a017fd7140c41a53f469,2026-04-01,12664515
banking_indicators:x4:4109a017fd7140c41a53f469,2026-05-01,12804710
banking_indicators:x4:4109a017fd7140c41a53f469,2026-06-01,13563261
banking_indicators:x4:7ff2948c9a61b9002fc4e336,2016-01-01,1492963
banking_indicators:x4:7ff2948c9a61b9002fc4e336,2016-02-01,1510213
banking_indicators:x4:7ff2948c9a61b9002fc4e336,2016-03-01,1510269
banking_indicators:x4:7ff2948c9a61b9002fc4e336,2016-04-01,1527286
banking_indicators:x4:7ff2948c9a61b9002fc4e336,2016-05-01,1513203
banking_indicators:x4:7ff2948c9a61b9002fc4e336,2016-06-01,1521639
banking_indicators:x4:7ff2948c9a61b9002fc4e336,2016-07-01,1603831
banking_indicators:x4:7ff2948c9a61b9002fc4e336,2016-08-01,1615919
banking_indicators:x4:7ff2948c9a61b9002fc4e336,2016-09-01,1627942
banking_indicators:x4:7ff2948c9a61b9002fc4e336,2016-10-01,1639069
banking_indicators:x4:7ff2948c9a61b9002fc4e336,2016-11-01,1568012
banking_indicators:x4:7ff2948c9a61b9002fc4e336,2016-12-01,1604684
banking_indicators:x4:7ff2948c9a61b9002fc4e336,2017-01-01,1601841
banking_indicators:x4:7ff2948c9a61b9002fc4e336,2017-02-01,1613032
banking_indicators:x4:7ff2948c9a61b9002fc4e336,2017-03-01,1632228
banking_indicators:x4:7ff2948c9a61b9002fc4e336,2017-04-01,1659038
banking_indicators:x4:7ff2948c9a61b9002fc4e336,2017-05-01,1670745
banking_indicators:x4:7ff2948c9a61b9002fc4e336,2017-06-01,1699546
banking_indicators:x4:7ff2948c9a61b9002fc4e336,2017-07-01,1723532
banking_indicators:x4:7ff2948c9a61b9002fc4e336,2017-08-01,1751655
banking_indicators:x4:7ff2948c9a61b9002fc4e336,2017-09-01,1793105
banking_indicators:x4:7ff2948c9a61b9002fc4e336,2017-10-01,1831832
banking_indicators:x4:7ff2948c9a61b9002fc4e336,2017-11-01,1877376
banking_indicators:x4:7ff2948c9a61b9002fc4e336,2017-12-01,1928088
banking_indicators:x4:7ff2948c9a61b9002fc4e336,2018-01-01,1964812
banking_indicators:x4:7ff2948c9a61b9002fc4e336,2018-02-01,2014816
banking_indicators:x4:7ff2948c9a61b9002fc4e336,2018-03-01,2051027
banking_indicators:x4:7ff2948c9a61b9002fc4e336,2018-04-01,2071000
banking_indicators:x4:7ff2948c9a61b9002fc4e336,2018-05-01,2112884
banking_indicators:x4:7ff2948c9a61b9002fc4e336,2018-06-01,2147543
banking_indicators:x4:7ff2948c9a61b9002fc4e336,2018-07-01,2187864
banking_indicators:x4:7ff2948c9a61b9002fc4e336,2018-08-01,2217032
banking_indicators:x4:7ff2948c9a61b9002fc4e336,2018-09-01,2228558
banking_indicators:x4:7ff2948c9a61b9002fc4e336,2018-10-01,2252808
banking_indicators:x4:7ff2948c9a61b9002fc4e336,2018-11-01,2268105
banking_indicators:x4:7ff2948c9a61b9002fc4e336,2018-12-01,2299120
banking_indicators:x4:7ff2948c9a61b9002fc4e336,2019-01-01,2320511
banking_indicators:x4:7ff2948c9a61b9002fc4e336,2019-02-01,2345581
banking_indicators:x4:7ff2948c9a61b9002fc4e336,2019-03-01,2363629
banking_indicators:x4:7ff2948c9a61b9002fc4e336,2019-04-01,2395067
banking_indicators:x4:7ff2948c9a61b9002fc4e336,2019-05-01,2358036
banking_indicators:x4:7ff2948c9a61b9002fc4e336,2019-06-01,2385646
banking_indicators:x4:7ff2948c9a61b9002fc4e336,2019-07-01,2395518
banking_indicators:x4:7ff2948c9a61b9002fc4e336,2019-08-01,2233004
banking_indicators:x4:7ff2948c9a61b9002fc4e336,2019-09-01,2236526
banking_indicators:x4:7ff2948c9a61b9002fc4e336,2019-10-01,2171257
banking_indicators:x4:7ff2948c9a61b9002fc4e336,2019-11-01,2185120
banking_indicators:x4:7ff2948c9a61b9002fc4e336,2019-12-01,2206659
banking_indicators:x4:7ff2948c9a61b9002fc4e336,2020-01-01,2234081
banking_indicators:x4:7ff2948c9a61b9002fc4e336,2020-02-01,2247457
banking_indicators:x4:7ff2948c9a61b9002fc4e336,2020-03-01,2270736
banking_indicators:x4:7ff2948c9a61b9002fc4e336,2020-04-01,2285288
banking_indicators:x4:7ff2948c9a61b9002fc4e336,2020-05-01,2297957
banking_indicators:x4:7ff2948c9a61b9002fc4e336,2020-06-01,2323090
banking_indicators:x4:7ff2948c9a61b9002fc4e336,2020-07-01,2330378
banking_indicators:x4:7ff2948c9a61b9002fc4e336,2020-08-01,2337918
banking_indicators:x4:7ff2948c9a61b9002fc4e336,2020-09-01,2345345
banking_indicators:x4:7ff2948c9a61b9002fc4e336,2020-10-01,2361023
banking_indicators:x4:7ff2948c9a61b9002fc4e336,2020-11-01,2343832
banking_indicators:x4:7ff2948c9a61b9002fc4e336,2020-12-01,2349329
banking_indicators:x4:7ff2948c9a61b9002fc4e336,2021-01-01,2357949
banking_indicators:x4:7ff2948c9a61b9002fc4e336,2021-02-01,2374258
banking_indicators:x4:7ff2948c9a61b9002fc4e336,2021-03-01,2374926
banking_indicators:x4:7ff2948c9a61b9002fc4e336,2021-04-01,2396914
banking_indicators:x4:7ff2948c9a61b9002fc4e336,2021-05-01,2415492
banking_indicators:x4:7ff2948c9a61b9002fc4e336,2021-06-01,2427469
banking_indicators:x4:7ff2948c9a61b9002fc4e336,2021-07-01,2446142
banking_indicators:x4:7ff2948c9a61b9002fc4e336,2021-08-01,2453265
banking_indicators:x4:7ff2948c9a61b9002fc4e336,2021-09-01,2469809
banking_indicators:x4:7ff2948c9a61b9002fc4e336,2021-10-01,2491272
banking_indicators:x4:7ff2948c9a61b9002fc4e336,2021-11-01,2487980
banking_indicators:x4:7ff2948c9a61b9002fc4e336,2021-12-01,2519127
banking_indicators:x4:7ff2948c9a61b9002fc4e336,2022-01-01,2522274
banking_indicators:x4:7ff2948c9a61b9002fc4e336,2022-02-01,2550305
banking_indicators:x4:7ff2948c9a61b9002fc4e336,2022-03-01,2561427
banking_indicators:x4:7ff2948c9a61b9002fc4e336,2022-04-01,2579949
banking_indicators:x4:7ff2948c9a61b9002fc4e336,2022-05-01,2585261
banking_indicators:x4:7ff2948c9a61b9002fc4e336,2022-06-01,2607174
banking_indicators:x4:7ff2948c9a61b9002fc4e336,2022-07-01,2647541
banking_indicators:x4:7ff2948c9a61b9002fc4e336,2022-08-01,2669940
banking_indicators:x4:7ff2948c9a61b9002fc4e336,2022-09-01,2691572
banking_indicators:x4:7ff2948c9a61b9002fc4e336,2022-10-01,2710400
banking_indicators:x4:7ff2948c9a61b9002fc4e336,2022-11-01,2724560
banking_indicators:x4:7ff2948c9a61b9002fc4e336,2022-12-01,2748444
banking_indicators:x4:7ff2948c9a61b9002fc4e336,2023-01-01,2768677
banking_indicators:x4:7ff2948c9a61b9002fc4e336,2023-02-01,2787964
banking_indicators:x4:7ff2948c9a61b9002fc4e336,2023-03-01,2811439
banking_indicators:x4:7ff2948c9a61b9002fc4e336,2023-04-01,2839765
banking_indicators:x4:7ff2948c9a61b9002fc4e336,2023-05-01,2852685
banking_indicators:x4:7ff2948c9a61b9002fc4e336,2023-06-01,2887173
banking_indicators:x4:7ff2948c9a61b9002fc4e336,2023-07-01,2898803
banking_indicators:x4:7ff2948c9a61b9002fc4e336,2023-08-01,2964365
banking_indicators:x4:7ff2948c9a61b9002fc4e336,2023-09-01,2999008
banking_indicators:x4:7ff2948c9a61b9002fc4e336,2023-10-01,3064654
banking_indicators:x4:7ff2948c9a61b9002fc4e336,2023-11-01,3079145
banking_indicators:x4:7ff2948c9a61b9002fc4e336,2023-12-01,3127270
banking_indicators:x4:7ff2948c9a61b9002fc4e336,2024-01-01,3177261
banking_indicators:x4:7ff2948c9a61b9002fc4e336,2024-02-01,3203321
banking_indicators:x4:7ff2948c9a61b9002fc4e336,2024-03-01,3245314
banking_indicators:x4:7ff2948c9a61b9002fc4e336,2024-04-01,3282523
banking_indicators:x4:7ff2948c9a61b9002fc4e336,2024-05-01,3328871
banking_indicators:x4:7ff2948c9a61b9002fc4e336,2024-06-01,3577693
banking_indicators:x4:7ff2948c9a61b9002fc4e336,2024-07-01,3608039
banking_indicators:x4:7ff2948c9a61b9002fc4e336,2024-08-01,3640014
banking_indicators:x4:7ff2948c9a61b9002fc4e336,2024-09-01,3673195
banking_indicators:x4:7ff2948c9a61b9002fc4e336,2024-10-01,3702962
banking_indicators:x4:7ff2948c9a61b9002fc4e336,2024-11-01,3733039
banking_indicators:x4:7ff2948c9a61b9002fc4e336,2024-12-01,3790036
banking_indicators:x4:7ff2948c9a61b9002fc4e336,2025-01-01,3835163
banking_indicators:x4:7ff2948c9a61b9002fc4e336,2025-02-01,3872640
banking_indicators:x4:7ff2948c9a61b9002fc4e336,2025-03-01,3918027
banking_indicators:x4:7ff2948c9a61b9002fc4e336,2025-04-01,3953076
banking_indicators:x4:7ff2948c9a61b9002fc4e336,2025-05-01,3998337
banking_indicators:x4:7ff2948c9a61b9002fc4e336,2025-06-01,4036272
banking_indicators:x4:7ff2948c9a61b9002fc4e336,2025-07-01,4082561
banking_indicators:x4:7ff2948c9a61b9002fc4e336,2025-08-01,4118930
banking_indicators:x4:7ff2948c9a61b9002fc4e336,2025-09-01,4155524
banking_indicators:x4:7ff2948c9a61b9002fc4e336,2025-10-01,4184378
banking_indicators:x4:7ff2948c9a61b9002fc4e336,2025-11-01,4219993
banking_indicators:x4:7ff2948c9a61b9002fc4e336,2025-12-01,4238235
banking_indicators:x4:7ff2948c9a61b9002fc4e336,2026-01-01,4285415
banking_indicators:x4:7ff2948c9a61b9002fc4e336,2026-02-01,4325502
banking_indicators:x4:7ff2948c9a61b9002fc4e336,2026-03-01,4371227
banking_indicators:x4:7ff2948c9a61b9002fc4e336,2026-04-01,4410065
banking_indicators:x4:7ff2948c9a61b9002fc4e336,2026-05-01,4449039
banking_indicators:x4:7ff2948c9a61b9002fc4e336,2026-06-01,4559114
banking_indicators:x4:b7c61f0017b4715c0c5e76d1,2016-01-01,2259408
banking_indicators:x4:b7c61f0017b4715c0c5e76d1,2016-02-01,2287160
banking_indicators:x4:b7c61f0017b4715c0c5e76d1,2016-03-01,2289112
banking_indicators:x4:b7c61f0017b4715c0c5e76d1,2016-04-01,2322636
banking_indicators:x4:b7c61f0017b4715c0c5e76d1,2016-05-01,2294441
banking_indicators:x4:b7c61f0017b4715c0c5e76d1,2016-06-01,2305706
banking_indicators:x4:b7c61f0017b4715c0c5e76d1,2016-07-01,2456795
banking_indicators:x4:b7c61f0017b4715c0c5e76d1,2016-08-01,2480922
banking_indicators:x4:b7c61f0017b4715c0c5e76d1,2016-09-01,2498427
banking_indicators:x4:b7c61f0017b4715c0c5e76d1,2016-10-01,2516121
banking_indicators:x4:b7c61f0017b4715c0c5e76d1,2016-11-01,2402884
banking_indicators:x4:b7c61f0017b4715c0c5e76d1,2016-12-01,2482488
banking_indicators:x4:b7c61f0017b4715c0c5e76d1,2017-01-01,2471195
banking_indicators:x4:b7c61f0017b4715c0c5e76d1,2017-02-01,2493458
banking_indicators:x4:b7c61f0017b4715c0c5e76d1,2017-03-01,2532584
banking_indicators:x4:b7c61f0017b4715c0c5e76d1,2017-04-01,2585344
banking_indicators:x4:b7c61f0017b4715c0c5e76d1,2017-05-01,2603056
banking_indicators:x4:b7c61f0017b4715c0c5e76d1,2017-06-01,2658078
banking_indicators:x4:b7c61f0017b4715c0c5e76d1,2017-07-01,2696927
banking_indicators:x4:b7c61f0017b4715c0c5e76d1,2017-08-01,2747534
banking_indicators:x4:b7c61f0017b4715c0c5e76d1,2017-09-01,2827222
banking_indicators:x4:b7c61f0017b4715c0c5e76d1,2017-10-01,2893138
banking_indicators:x4:b7c61f0017b4715c0c5e76d1,2017-11-01,3003867
banking_indicators:x4:b7c61f0017b4715c0c5e76d1,2017-12-01,3115790
banking_indicators:x4:b7c61f0017b4715c0c5e76d1,2018-01-01,3168412
banking_indicators:x4:b7c61f0017b4715c0c5e76d1,2018-02-01,3363190
banking_indicators:x4:b7c61f0017b4715c0c5e76d1,2018-03-01,3434643
banking_indicators:x4:b7c61f0017b4715c0c5e76d1,2018-04-01,3475566
banking_indicators:x4:b7c61f0017b4715c0c5e76d1,2018-05-01,3564261
banking_indicators:x4:b7c61f0017b4715c0c5e76d1,2018-06-01,3640518
banking_indicators:x4:b7c61f0017b4715c0c5e76d1,2018-07-01,3729606
banking_indicators:x4:b7c61f0017b4715c0c5e76d1,2018-08-01,3795256
banking_indicators:x4:b7c61f0017b4715c0c5e76d1,2018-09-01,3852963
banking_indicators:x4:b7c61f0017b4715c0c5e76d1,2018-10-01,4010284
banking_indicators:x4:b7c61f0017b4715c0c5e76d1,2018-11-01,4034141
banking_indicators:x4:b7c61f0017b4715c0c5e76d1,2018-12-01,4132542
banking_indicators:x4:b7c61f0017b4715c0c5e76d1,2019-01-01,4171051
banking_indicators:x4:b7c61f0017b4715c0c5e76d1,2019-02-01,4230834
banking_indicators:x4:b7c61f0017b4715c0c5e76d1,2019-03-01,4276755
banking_indicators:x4:b7c61f0017b4715c0c5e76d1,2019-04-01,4347971
banking_indicators:x4:b7c61f0017b4715c0c5e76d1,2019-05-01,4289005
banking_indicators:x4:b7c61f0017b4715c0c5e76d1,2019-06-01,4340419
banking_indicators:x4:b7c61f0017b4715c0c5e76d1,2019-07-01,4357013
banking_indicators:x4:b7c61f0017b4715c0c5e76d1,2019-08-01,4079872
banking_indicators:x4:b7c61f0017b4715c0c5e76d1,2019-09-01,4083839
banking_indicators:x4:b7c61f0017b4715c0c5e76d1,2019-10-01,3962229
banking_indicators:x4:b7c61f0017b4715c0c5e76d1,2019-11-01,4005309
banking_indicators:x4:b7c61f0017b4715c0c5e76d1,2019-12-01,4061520
banking_indicators:x4:b7c61f0017b4715c0c5e76d1,2020-01-01,4103617
banking_indicators:x4:b7c61f0017b4715c0c5e76d1,2020-02-01,4143261
banking_indicators:x4:b7c61f0017b4715c0c5e76d1,2020-03-01,4197752
banking_indicators:x4:b7c61f0017b4715c0c5e76d1,2020-04-01,4239274
banking_indicators:x4:b7c61f0017b4715c0c5e76d1,2020-05-01,4268740
banking_indicators:x4:b7c61f0017b4715c0c5e76d1,2020-06-01,4317547
banking_indicators:x4:b7c61f0017b4715c0c5e76d1,2020-07-01,4347042
banking_indicators:x4:b7c61f0017b4715c0c5e76d1,2020-08-01,4377464
banking_indicators:x4:b7c61f0017b4715c0c5e76d1,2020-09-01,4407486
banking_indicators:x4:b7c61f0017b4715c0c5e76d1,2020-10-01,4436728
banking_indicators:x4:b7c61f0017b4715c0c5e76d1,2020-11-01,4356509
banking_indicators:x4:b7c61f0017b4715c0c5e76d1,2020-12-01,4376235
banking_indicators:x4:b7c61f0017b4715c0c5e76d1,2021-01-01,4397501
banking_indicators:x4:b7c61f0017b4715c0c5e76d1,2021-02-01,4444907
banking_indicators:x4:b7c61f0017b4715c0c5e76d1,2021-03-01,4443418
banking_indicators:x4:b7c61f0017b4715c0c5e76d1,2021-04-01,4556630
banking_indicators:x4:b7c61f0017b4715c0c5e76d1,2021-05-01,4600297
banking_indicators:x4:b7c61f0017b4715c0c5e76d1,2021-06-01,4642327
banking_indicators:x4:b7c61f0017b4715c0c5e76d1,2021-07-01,4697044
banking_indicators:x4:b7c61f0017b4715c0c5e76d1,2021-08-01,4723197
banking_indicators:x4:b7c61f0017b4715c0c5e76d1,2021-09-01,4768366
banking_indicators:x4:b7c61f0017b4715c0c5e76d1,2021-10-01,4820131
banking_indicators:x4:b7c61f0017b4715c0c5e76d1,2021-11-01,4799855
banking_indicators:x4:b7c61f0017b4715c0c5e76d1,2021-12-01,4912299
banking_indicators:x4:b7c61f0017b4715c0c5e76d1,2022-01-01,4891984
banking_indicators:x4:b7c61f0017b4715c0c5e76d1,2022-02-01,5002046
banking_indicators:x4:b7c61f0017b4715c0c5e76d1,2022-03-01,5038781
banking_indicators:x4:b7c61f0017b4715c0c5e76d1,2022-04-01,5098607
banking_indicators:x4:b7c61f0017b4715c0c5e76d1,2022-05-01,5135923
banking_indicators:x4:b7c61f0017b4715c0c5e76d1,2022-06-01,5196350
banking_indicators:x4:b7c61f0017b4715c0c5e76d1,2022-07-01,5319907
banking_indicators:x4:b7c61f0017b4715c0c5e76d1,2022-08-01,5392611
banking_indicators:x4:b7c61f0017b4715c0c5e76d1,2022-09-01,5467710
banking_indicators:x4:b7c61f0017b4715c0c5e76d1,2022-10-01,5532121
banking_indicators:x4:b7c61f0017b4715c0c5e76d1,2022-11-01,5590686
banking_indicators:x4:b7c61f0017b4715c0c5e76d1,2022-12-01,5694244
banking_indicators:x4:b7c61f0017b4715c0c5e76d1,2023-01-01,5748985
banking_indicators:x4:b7c61f0017b4715c0c5e76d1,2023-02-01,5821560
banking_indicators:x4:b7c61f0017b4715c0c5e76d1,2023-03-01,5914317
banking_indicators:x4:b7c61f0017b4715c0c5e76d1,2023-04-01,5998393
banking_indicators:x4:b7c61f0017b4715c0c5e76d1,2023-05-01,6061534
banking_indicators:x4:b7c61f0017b4715c0c5e76d1,2023-06-01,6197684
banking_indicators:x4:b7c61f0017b4715c0c5e76d1,2023-07-01,6257066
banking_indicators:x4:b7c61f0017b4715c0c5e76d1,2023-08-01,6474136
banking_indicators:x4:b7c61f0017b4715c0c5e76d1,2023-09-01,6671041
banking_indicators:x4:b7c61f0017b4715c0c5e76d1,2023-10-01,6967422
banking_indicators:x4:b7c61f0017b4715c0c5e76d1,2023-11-01,7098783
banking_indicators:x4:b7c61f0017b4715c0c5e76d1,2023-12-01,7258220
banking_indicators:x4:b7c61f0017b4715c0c5e76d1,2024-01-01,7398318
banking_indicators:x4:b7c61f0017b4715c0c5e76d1,2024-02-01,7547429
banking_indicators:x4:b7c61f0017b4715c0c5e76d1,2024-03-01,7694329
banking_indicators:x4:b7c61f0017b4715c0c5e76d1,2024-04-01,7869788
banking_indicators:x4:b7c61f0017b4715c0c5e76d1,2024-05-01,8036075
banking_indicators:x4:b7c61f0017b4715c0c5e76d1,2024-06-01,8873928
banking_indicators:x4:b7c61f0017b4715c0c5e76d1,2024-07-01,9068047
banking_indicators:x4:b7c61f0017b4715c0c5e76d1,2024-08-01,9213923
banking_indicators:x4:b7c61f0017b4715c0c5e76d1,2024-09-01,9373981
banking_indicators:x4:b7c61f0017b4715c0c5e76d1,2024-10-01,9521123
banking_indicators:x4:b7c61f0017b4715c0c5e76d1,2024-11-01,9497623
banking_indicators:x4:b7c61f0017b4715c0c5e76d1,2024-12-01,9888418
banking_indicators:x4:b7c61f0017b4715c0c5e76d1,2025-01-01,10054073
banking_indicators:x4:b7c61f0017b4715c0c5e76d1,2025-02-01,10225114
banking_indicators:x4:b7c61f0017b4715c0c5e76d1,2025-03-01,10432707
banking_indicators:x4:b7c61f0017b4715c0c5e76d1,2025-04-01,10589002
banking_indicators:x4:b7c61f0017b4715c0c5e76d1,2025-05-01,10807459
banking_indicators:x4:b7c61f0017b4715c0c5e76d1,2025-06-01,10989418
banking_indicators:x4:b7c61f0017b4715c0c5e76d1,2025-07-01,11229227
banking_indicators:x4:b7c61f0017b4715c0c5e76d1,2025-08-01,11431321
banking_indicators:x4:b7c61f0017b4715c0c5e76d1,2025-09-01,11603016
banking_indicators:x4:b7c61f0017b4715c0c5e76d1,2025-10-01,11930014
banking_indicators:x4:b7c61f0017b4715c0c5e76d1,2025-11-01,12034641
banking_indicators:x4:b7c61f0017b4715c0c5e76d1,2025-12-01,12213150
banking_indicators:x4:b7c61f0017b4715c0c5e76d1,2026-01-01,12415489
banking_indicators:x4:b7c61f0017b4715c0c5e76d1,2026-02-01,12630656
banking_indicators:x4:b7c61f0017b4715c0c5e76d1,2026-03-01,12888502
banking_indicators:x4:b7c61f0017b4715c0c5e76d1,2026-04-01,13108938
banking_indicators:x4:b7c61f0017b4715c0c5e76d1,2026-05-01,13249176
banking_indicators:x4:b7c61f0017b4715c0c5e76d1,2026-06-01,15257427
banking_indicators:x5:1797c92aebf233943c511d2b,2016-01-01,763223
banking_indicators:x5:1797c92aebf233943c511d2b,2016-02-01,771661
banking_indicators:x5:1797c92aebf233943c511d2b,2016-03-01,771892
banking_indicators:x5:1797c92aebf233943c511d2b,2016-04-01,781261
banking_indicators:x5:1797c92aebf233943c511d2b,2016-05-01,771966
banking_indicators:x5:1797c92aebf233943c511d2b,2016-06-01,776430
banking_indicators:x5:1797c92aebf233943c511d2b,2016-07-01,792021
banking_indicators:x5:1797c92aebf233943c511d2b,2016-08-01,797668
banking_indicators:x5:1797c92aebf233943c511d2b,2016-09-01,804665
banking_indicators:x5:1797c92aebf233943c511d2b,2016-10-01,807026
banking_indicators:x5:1797c92aebf233943c511d2b,2016-11-01,796388
banking_indicators:x5:1797c92aebf233943c511d2b,2016-12-01,819964
banking_indicators:x5:1797c92aebf233943c511d2b,2017-01-01,814961
banking_indicators:x5:1797c92aebf233943c511d2b,2017-02-01,821075
banking_indicators:x5:1797c92aebf233943c511d2b,2017-03-01,831486
banking_indicators:x5:1797c92aebf233943c511d2b,2017-04-01,846885
banking_indicators:x5:1797c92aebf233943c511d2b,2017-05-01,851855
banking_indicators:x5:1797c92aebf233943c511d2b,2017-06-01,866645
banking_indicators:x5:1797c92aebf233943c511d2b,2017-07-01,878849
banking_indicators:x5:1797c92aebf233943c511d2b,2017-08-01,892906
banking_indicators:x5:1797c92aebf233943c511d2b,2017-09-01,913648
banking_indicators:x5:1797c92aebf233943c511d2b,2017-10-01,931586
banking_indicators:x5:1797c92aebf233943c511d2b,2017-11-01,956206
banking_indicators:x5:1797c92aebf233943c511d2b,2017-12-01,983075
banking_indicators:x5:1797c92aebf233943c511d2b,2018-01-01,997426
banking_indicators:x5:1797c92aebf233943c511d2b,2018-02-01,1029323
banking_indicators:x5:1797c92aebf233943c511d2b,2018-03-01,1045155
banking_indicators:x5:1797c92aebf233943c511d2b,2018-04-01,1057648
banking_indicators:x5:1797c92aebf233943c511d2b,2018-05-01,1078932
banking_indicators:x5:1797c92aebf233943c511d2b,2018-06-01,1095770
banking_indicators:x5:1797c92aebf233943c511d2b,2018-07-01,1116620
banking_indicators:x5:1797c92aebf233943c511d2b,2018-08-01,1131827
banking_indicators:x5:1797c92aebf233943c511d2b,2018-09-01,1137883
banking_indicators:x5:1797c92aebf233943c511d2b,2018-10-01,1151276
banking_indicators:x5:1797c92aebf233943c511d2b,2018-11-01,1159707
banking_indicators:x5:1797c92aebf233943c511d2b,2018-12-01,1173995
banking_indicators:x5:1797c92aebf233943c511d2b,2019-01-01,1185369
banking_indicators:x5:1797c92aebf233943c511d2b,2019-02-01,1197255
banking_indicators:x5:1797c92aebf233943c511d2b,2019-03-01,1205375
banking_indicators:x5:1797c92aebf233943c511d2b,2019-04-01,1216814
banking_indicators:x5:1797c92aebf233943c511d2b,2019-05-01,1200758
banking_indicators:x5:1797c92aebf233943c511d2b,2019-06-01,1215558
banking_indicators:x5:1797c92aebf233943c511d2b,2019-07-01,1219237
banking_indicators:x5:1797c92aebf233943c511d2b,2019-08-01,1136398
banking_indicators:x5:1797c92aebf233943c511d2b,2019-09-01,1137980
banking_indicators:x5:1797c92aebf233943c511d2b,2019-10-01,1101413
banking_indicators:x5:1797c92aebf233943c511d2b,2019-11-01,1106804
banking_indicators:x5:1797c92aebf233943c511d2b,2019-12-01,1118715
banking_indicators:x5:1797c92aebf233943c511d2b,2020-01-01,1129289
banking_indicators:x5:1797c92aebf233943c511d2b,2020-02-01,1138271
banking_indicators:x5:1797c92aebf233943c511d2b,2020-03-01,1149223
banking_indicators:x5:1797c92aebf233943c511d2b,2020-04-01,1156963
banking_indicators:x5:1797c92aebf233943c511d2b,2020-05-01,1164648
banking_indicators:x5:1797c92aebf233943c511d2b,2020-06-01,1175369
banking_indicators:x5:1797c92aebf233943c511d2b,2020-07-01,1181416
banking_indicators:x5:1797c92aebf233943c511d2b,2020-08-01,1186094
banking_indicators:x5:1797c92aebf233943c511d2b,2020-09-01,1190682
banking_indicators:x5:1797c92aebf233943c511d2b,2020-10-01,1194505
banking_indicators:x5:1797c92aebf233943c511d2b,2020-11-01,1189049
banking_indicators:x5:1797c92aebf233943c511d2b,2020-12-01,1189616
banking_indicators:x5:1797c92aebf233943c511d2b,2021-01-01,1195898
banking_indicators:x5:1797c92aebf233943c511d2b,2021-02-01,1204322
banking_indicators:x5:1797c92aebf233943c511d2b,2021-03-01,1204954
banking_indicators:x5:1797c92aebf233943c511d2b,2021-04-01,1216330
banking_indicators:x5:1797c92aebf233943c511d2b,2021-05-01,1225746
banking_indicators:x5:1797c92aebf233943c511d2b,2021-06-01,1231958
banking_indicators:x5:1797c92aebf233943c511d2b,2021-07-01,1240186
banking_indicators:x5:1797c92aebf233943c511d2b,2021-08-01,1243808
banking_indicators:x5:1797c92aebf233943c511d2b,2021-09-01,1252784
banking_indicators:x5:1797c92aebf233943c511d2b,2021-10-01,1262618
banking_indicators:x5:1797c92aebf233943c511d2b,2021-11-01,1259916
banking_indicators:x5:1797c92aebf233943c511d2b,2021-12-01,1274151
banking_indicators:x5:1797c92aebf233943c511d2b,2022-01-01,1275253
banking_indicators:x5:1797c92aebf233943c511d2b,2022-02-01,1291041
banking_indicators:x5:1797c92aebf233943c511d2b,2022-03-01,1296951
banking_indicators:x5:1797c92aebf233943c511d2b,2022-04-01,1306644
banking_indicators:x5:1797c92aebf233943c511d2b,2022-05-01,1308593
banking_indicators:x5:1797c92aebf233943c511d2b,2022-06-01,1319109
banking_indicators:x5:1797c92aebf233943c511d2b,2022-07-01,1336530
banking_indicators:x5:1797c92aebf233943c511d2b,2022-08-01,1345641
banking_indicators:x5:1797c92aebf233943c511d2b,2022-09-01,1356808
banking_indicators:x5:1797c92aebf233943c511d2b,2022-10-01,1365601
banking_indicators:x5:1797c92aebf233943c511d2b,2022-11-01,1373004
banking_indicators:x5:1797c92aebf233943c511d2b,2022-12-01,1382947
banking_indicators:x5:1797c92aebf233943c511d2b,2023-01-01,1392543
banking_indicators:x5:1797c92aebf233943c511d2b,2023-02-01,1402186
banking_indicators:x5:1797c92aebf233943c511d2b,2023-03-01,1414383
banking_indicators:x5:1797c92aebf233943c511d2b,2023-04-01,1424500
banking_indicators:x5:1797c92aebf233943c511d2b,2023-05-01,1432463
banking_indicators:x5:1797c92aebf233943c511d2b,2023-06-01,1447626
banking_indicators:x5:1797c92aebf233943c511d2b,2023-07-01,1453189
banking_indicators:x5:1797c92aebf233943c511d2b,2023-08-01,1473649
banking_indicators:x5:1797c92aebf233943c511d2b,2023-09-01,1496683
banking_indicators:x5:1797c92aebf233943c511d2b,2023-10-01,1523501
banking_indicators:x5:1797c92aebf233943c511d2b,2023-11-01,1538311
banking_indicators:x5:1797c92aebf233943c511d2b,2023-12-01,1554163
banking_indicators:x5:1797c92aebf233943c511d2b,2024-01-01,1574146
banking_indicators:x5:1797c92aebf233943c511d2b,2024-02-01,1590455
banking_indicators:x5:1797c92aebf233943c511d2b,2024-03-01,1606909
banking_indicators:x5:1797c92aebf233943c511d2b,2024-04-01,1624814
banking_indicators:x5:1797c92aebf233943c511d2b,2024-05-01,1642234
banking_indicators:x5:1797c92aebf233943c511d2b,2024-06-01,1778581
banking_indicators:x5:1797c92aebf233943c511d2b,2024-07-01,1791995
banking_indicators:x5:1797c92aebf233943c511d2b,2024-08-01,1807194
banking_indicators:x5:1797c92aebf233943c511d2b,2024-09-01,1822650
banking_indicators:x5:1797c92aebf233943c511d2b,2024-10-01,1838787
banking_indicators:x5:1797c92aebf233943c511d2b,2024-11-01,1848661
banking_indicators:x5:1797c92aebf233943c511d2b,2024-12-01,1878534
banking_indicators:x5:1797c92aebf233943c511d2b,2025-01-01,1895107
banking_indicators:x5:1797c92aebf233943c511d2b,2025-02-01,1914020
banking_indicators:x5:1797c92aebf233943c511d2b,2025-03-01,1936007
banking_indicators:x5:1797c92aebf233943c511d2b,2025-04-01,1953053
banking_indicators:x5:1797c92aebf233943c511d2b,2025-05-01,1974378
banking_indicators:x5:1797c92aebf233943c511d2b,2025-06-01,1993657
banking_indicators:x5:1797c92aebf233943c511d2b,2025-07-01,2015817
banking_indicators:x5:1797c92aebf233943c511d2b,2025-08-01,2034023
banking_indicators:x5:1797c92aebf233943c511d2b,2025-09-01,2050533
banking_indicators:x5:1797c92aebf233943c511d2b,2025-10-01,2064137
banking_indicators:x5:1797c92aebf233943c511d2b,2025-11-01,2080483
banking_indicators:x5:1797c92aebf233943c511d2b,2025-12-01,2090381
banking_indicators:x5:1797c92aebf233943c511d2b,2026-01-01,2111886
banking_indicators:x5:1797c92aebf233943c511d2b,2026-02-01,2131189
banking_indicators:x5:1797c92aebf233943c511d2b,2026-03-01,2153322
banking_indicators:x5:1797c92aebf233943c511d2b,2026-04-01,2172925
banking_indicators:x5:1797c92aebf233943c511d2b,2026-05-01,2191558
banking_indicators:x5:1797c92aebf233943c511d2b,2026-06-01,2236023
banking_indicators:x5:5c0fd56409e36091e1e72dcc,2016-01-01,1466669
banking_indicators:x5:5c0fd56409e36091e1e72dcc,2016-02-01,1483828
banking_indicators:x5:5c0fd56409e36091e1e72dcc,2016-03-01,1483684
banking_indicators:x5:5c0fd56409e36091e1e72dcc,2016-04-01,1500549
banking_indicators:x5:5c0fd56409e36091e1e72dcc,2016-05-01,1486374
banking_indicators:x5:5c0fd56409e36091e1e72dcc,2016-06-01,1494684
banking_indicators:x5:5c0fd56409e36091e1e72dcc,2016-07-01,1576453
banking_indicators:x5:5c0fd56409e36091e1e72dcc,2016-08-01,1588343
banking_indicators:x5:5c0fd56409e36091e1e72dcc,2016-09-01,1600246
banking_indicators:x5:5c0fd56409e36091e1e72dcc,2016-10-01,1611154
banking_indicators:x5:5c0fd56409e36091e1e72dcc,2016-11-01,1540280
banking_indicators:x5:5c0fd56409e36091e1e72dcc,2016-12-01,1576737
banking_indicators:x5:5c0fd56409e36091e1e72dcc,2017-01-01,1573729
banking_indicators:x5:5c0fd56409e36091e1e72dcc,2017-02-01,1584827
banking_indicators:x5:5c0fd56409e36091e1e72dcc,2017-03-01,1603737
banking_indicators:x5:5c0fd56409e36091e1e72dcc,2017-04-01,1630442
banking_indicators:x5:5c0fd56409e36091e1e72dcc,2017-05-01,1641909
banking_indicators:x5:5c0fd56409e36091e1e72dcc,2017-06-01,1670548
banking_indicators:x5:5c0fd56409e36091e1e72dcc,2017-07-01,1694394
banking_indicators:x5:5c0fd56409e36091e1e72dcc,2017-08-01,1722254
banking_indicators:x5:5c0fd56409e36091e1e72dcc,2017-09-01,1763429
banking_indicators:x5:5c0fd56409e36091e1e72dcc,2017-10-01,1801911
banking_indicators:x5:5c0fd56409e36091e1e72dcc,2017-11-01,1847251
banking_indicators:x5:5c0fd56409e36091e1e72dcc,2017-12-01,1897673
banking_indicators:x5:5c0fd56409e36091e1e72dcc,2018-01-01,1934330
banking_indicators:x5:5c0fd56409e36091e1e72dcc,2018-02-01,1983800
banking_indicators:x5:5c0fd56409e36091e1e72dcc,2018-03-01,2019771
banking_indicators:x5:5c0fd56409e36091e1e72dcc,2018-04-01,2039521
banking_indicators:x5:5c0fd56409e36091e1e72dcc,2018-05-01,2081097
banking_indicators:x5:5c0fd56409e36091e1e72dcc,2018-06-01,2114889
banking_indicators:x5:5c0fd56409e36091e1e72dcc,2018-07-01,2154924
banking_indicators:x5:5c0fd56409e36091e1e72dcc,2018-08-01,2183917
banking_indicators:x5:5c0fd56409e36091e1e72dcc,2018-09-01,2195158
banking_indicators:x5:5c0fd56409e36091e1e72dcc,2018-10-01,2219223
banking_indicators:x5:5c0fd56409e36091e1e72dcc,2018-11-01,2234721
banking_indicators:x5:5c0fd56409e36091e1e72dcc,2018-12-01,2265596
banking_indicators:x5:5c0fd56409e36091e1e72dcc,2019-01-01,2286884
banking_indicators:x5:5c0fd56409e36091e1e72dcc,2019-02-01,2311962
banking_indicators:x5:5c0fd56409e36091e1e72dcc,2019-03-01,2329883
banking_indicators:x5:5c0fd56409e36091e1e72dcc,2019-04-01,2361225
banking_indicators:x5:5c0fd56409e36091e1e72dcc,2019-05-01,2324034
banking_indicators:x5:5c0fd56409e36091e1e72dcc,2019-06-01,2351071
banking_indicators:x5:5c0fd56409e36091e1e72dcc,2019-07-01,2360771
banking_indicators:x5:5c0fd56409e36091e1e72dcc,2019-08-01,2198171
banking_indicators:x5:5c0fd56409e36091e1e72dcc,2019-09-01,2201633
banking_indicators:x5:5c0fd56409e36091e1e72dcc,2019-10-01,2136197
banking_indicators:x5:5c0fd56409e36091e1e72dcc,2019-11-01,2149784
banking_indicators:x5:5c0fd56409e36091e1e72dcc,2019-12-01,2171187
banking_indicators:x5:5c0fd56409e36091e1e72dcc,2020-01-01,2198605
banking_indicators:x5:5c0fd56409e36091e1e72dcc,2020-02-01,2211915
banking_indicators:x5:5c0fd56409e36091e1e72dcc,2020-03-01,2235067
banking_indicators:x5:5c0fd56409e36091e1e72dcc,2020-04-01,2249581
banking_indicators:x5:5c0fd56409e36091e1e72dcc,2020-05-01,2262145
banking_indicators:x5:5c0fd56409e36091e1e72dcc,2020-06-01,2287181
banking_indicators:x5:5c0fd56409e36091e1e72dcc,2020-07-01,2294244
banking_indicators:x5:5c0fd56409e36091e1e72dcc,2020-08-01,2301614
banking_indicators:x5:5c0fd56409e36091e1e72dcc,2020-09-01,2308828
banking_indicators:x5:5c0fd56409e36091e1e72dcc,2020-10-01,2324325
banking_indicators:x5:5c0fd56409e36091e1e72dcc,2020-11-01,2307437
banking_indicators:x5:5c0fd56409e36091e1e72dcc,2020-12-01,2312873
banking_indicators:x5:5c0fd56409e36091e1e72dcc,2021-01-01,2321446
banking_indicators:x5:5c0fd56409e36091e1e72dcc,2021-02-01,2337623
banking_indicators:x5:5c0fd56409e36091e1e72dcc,2021-03-01,2338136
banking_indicators:x5:5c0fd56409e36091e1e72dcc,2021-04-01,2359428
banking_indicators:x5:5c0fd56409e36091e1e72dcc,2021-05-01,2377873
banking_indicators:x5:5c0fd56409e36091e1e72dcc,2021-06-01,2389671
banking_indicators:x5:5c0fd56409e36091e1e72dcc,2021-07-01,2408269
banking_indicators:x5:5c0fd56409e36091e1e72dcc,2021-08-01,2415294
banking_indicators:x5:5c0fd56409e36091e1e72dcc,2021-09-01,2431698
banking_indicators:x5:5c0fd56409e36091e1e72dcc,2021-10-01,2453026
banking_indicators:x5:5c0fd56409e36091e1e72dcc,2021-11-01,2449904
banking_indicators:x5:5c0fd56409e36091e1e72dcc,2021-12-01,2480888
banking_indicators:x5:5c0fd56409e36091e1e72dcc,2022-01-01,2483980
banking_indicators:x5:5c0fd56409e36091e1e72dcc,2022-02-01,2511818
banking_indicators:x5:5c0fd56409e36091e1e72dcc,2022-03-01,2522799
banking_indicators:x5:5c0fd56409e36091e1e72dcc,2022-04-01,2541198
banking_indicators:x5:5c0fd56409e36091e1e72dcc,2022-05-01,2546377
banking_indicators:x5:5c0fd56409e36091e1e72dcc,2022-06-01,2568234
banking_indicators:x5:5c0fd56409e36091e1e72dcc,2022-07-01,2608384
banking_indicators:x5:5c0fd56409e36091e1e72dcc,2022-08-01,2630555
banking_indicators:x5:5c0fd56409e36091e1e72dcc,2022-09-01,2651960
banking_indicators:x5:5c0fd56409e36091e1e72dcc,2022-10-01,2670527
banking_indicators:x5:5c0fd56409e36091e1e72dcc,2022-11-01,2684476
banking_indicators:x5:5c0fd56409e36091e1e72dcc,2022-12-01,2708122
banking_indicators:x5:5c0fd56409e36091e1e72dcc,2023-01-01,2728153
banking_indicators:x5:5c0fd56409e36091e1e72dcc,2023-02-01,2747240
banking_indicators:x5:5c0fd56409e36091e1e72dcc,2023-03-01,2770387
banking_indicators:x5:5c0fd56409e36091e1e72dcc,2023-04-01,2798508
banking_indicators:x5:5c0fd56409e36091e1e72dcc,2023-05-01,2811280
banking_indicators:x5:5c0fd56409e36091e1e72dcc,2023-06-01,2845435
banking_indicators:x5:5c0fd56409e36091e1e72dcc,2023-07-01,2857093
banking_indicators:x5:5c0fd56409e36091e1e72dcc,2023-08-01,2922405
banking_indicators:x5:5c0fd56409e36091e1e72dcc,2023-09-01,2956822
banking_indicators:x5:5c0fd56409e36091e1e72dcc,2023-10-01,3022190
banking_indicators:x5:5c0fd56409e36091e1e72dcc,2023-11-01,3036361
banking_indicators:x5:5c0fd56409e36091e1e72dcc,2023-12-01,3084178
banking_indicators:x5:5c0fd56409e36091e1e72dcc,2024-01-01,3133826
banking_indicators:x5:5c0fd56409e36091e1e72dcc,2024-02-01,3159549
banking_indicators:x5:5c0fd56409e36091e1e72dcc,2024-03-01,3201229
banking_indicators:x5:5c0fd56409e36091e1e72dcc,2024-04-01,3238040
banking_indicators:x5:5c0fd56409e36091e1e72dcc,2024-05-01,3283958
banking_indicators:x5:5c0fd56409e36091e1e72dcc,2024-06-01,3531809
banking_indicators:x5:5c0fd56409e36091e1e72dcc,2024-07-01,3561954
banking_indicators:x5:5c0fd56409e36091e1e72dcc,2024-08-01,3593780
banking_indicators:x5:5c0fd56409e36091e1e72dcc,2024-09-01,3626550
banking_indicators:x5:5c0fd56409e36091e1e72dcc,2024-10-01,3655929
banking_indicators:x5:5c0fd56409e36091e1e72dcc,2024-11-01,3685648
banking_indicators:x5:5c0fd56409e36091e1e72dcc,2024-12-01,3742159
banking_indicators:x5:5c0fd56409e36091e1e72dcc,2025-01-01,3786988
banking_indicators:x5:5c0fd56409e36091e1e72dcc,2025-02-01,3824072
banking_indicators:x5:5c0fd56409e36091e1e72dcc,2025-03-01,3868935
banking_indicators:x5:5c0fd56409e36091e1e72dcc,2025-04-01,3903476
banking_indicators:x5:5c0fd56409e36091e1e72dcc,2025-05-01,3948210
banking_indicators:x5:5c0fd56409e36091e1e72dcc,2025-06-01,3985590
banking_indicators:x5:5c0fd56409e36091e1e72dcc,2025-07-01,4031288
banking_indicators:x5:5c0fd56409e36091e1e72dcc,2025-08-01,4067165
banking_indicators:x5:5c0fd56409e36091e1e72dcc,2025-09-01,4103523
banking_indicators:x5:5c0fd56409e36091e1e72dcc,2025-10-01,4130998
banking_indicators:x5:5c0fd56409e36091e1e72dcc,2025-11-01,4166404
banking_indicators:x5:5c0fd56409e36091e1e72dcc,2025-12-01,4184111
banking_indicators:x5:5c0fd56409e36091e1e72dcc,2026-01-01,4230797
banking_indicators:x5:5c0fd56409e36091e1e72dcc,2026-02-01,4268243
banking_indicators:x5:5c0fd56409e36091e1e72dcc,2026-03-01,4313090
banking_indicators:x5:5c0fd56409e36091e1e72dcc,2026-04-01,4351483
banking_indicators:x5:5c0fd56409e36091e1e72dcc,2026-05-01,4389514
banking_indicators:x5:5c0fd56409e36091e1e72dcc,2026-06-01,4497899
banking_indicators:x5:75a7da92ff9070f2593da6d7,2016-01-01,703446
banking_indicators:x5:75a7da92ff9070f2593da6d7,2016-02-01,712167
banking_indicators:x5:75a7da92ff9070f2593da6d7,2016-03-01,711792
banking_indicators:x5:75a7da92ff9070f2593da6d7,2016-04-01,719288
banking_indicators:x5:75a7da92ff9070f2593da6d7,2016-05-01,714408
banking_indicators:x5:75a7da92ff9070f2593da6d7,2016-06-01,718254
banking_indicators:x5:75a7da92ff9070f2593da6d7,2016-07-01,784432
banking_indicators:x5:75a7da92ff9070f2593da6d7,2016-08-01,790675
banking_indicators:x5:75a7da92ff9070f2593da6d7,2016-09-01,795581
banking_indicators:x5:75a7da92ff9070f2593da6d7,2016-10-01,804128
banking_indicators:x5:75a7da92ff9070f2593da6d7,2016-11-01,743892
banking_indicators:x5:75a7da92ff9070f2593da6d7,2016-12-01,756773
banking_indicators:x5:75a7da92ff9070f2593da6d7,2017-01-01,758768
banking_indicators:x5:75a7da92ff9070f2593da6d7,2017-02-01,763752
banking_indicators:x5:75a7da92ff9070f2593da6d7,2017-03-01,772251
banking_indicators:x5:75a7da92ff9070f2593da6d7,2017-04-01,783557
banking_indicators:x5:75a7da92ff9070f2593da6d7,2017-05-01,790054
banking_indicators:x5:75a7da92ff9070f2593da6d7,2017-06-01,803903
banking_indicators:x5:75a7da92ff9070f2593da6d7,2017-07-01,815545
banking_indicators:x5:75a7da92ff9070f2593da6d7,2017-08-01,829348
banking_indicators:x5:75a7da92ff9070f2593da6d7,2017-09-01,849781
banking_indicators:x5:75a7da92ff9070f2593da6d7,2017-10-01,870325
banking_indicators:x5:75a7da92ff9070f2593da6d7,2017-11-01,891045
banking_indicators:x5:75a7da92ff9070f2593da6d7,2017-12-01,914598
banking_indicators:x5:75a7da92ff9070f2593da6d7,2018-01-01,936904
banking_indicators:x5:75a7da92ff9070f2593da6d7,2018-02-01,954477
banking_indicators:x5:75a7da92ff9070f2593da6d7,2018-03-01,974616
banking_indicators:x5:75a7da92ff9070f2593da6d7,2018-04-01,981873
banking_indicators:x5:75a7da92ff9070f2593da6d7,2018-05-01,1002165
banking_indicators:x5:75a7da92ff9070f2593da6d7,2018-06-01,1019119
banking_indicators:x5:75a7da92ff9070f2593da6d7,2018-07-01,1038304
banking_indicators:x5:75a7da92ff9070f2593da6d7,2018-08-01,1052090
banking_indicators:x5:75a7da92ff9070f2593da6d7,2018-09-01,1057275
banking_indicators:x5:75a7da92ff9070f2593da6d7,2018-10-01,1067947
banking_indicators:x5:75a7da92ff9070f2593da6d7,2018-11-01,1075014
banking_indicators:x5:75a7da92ff9070f2593da6d7,2018-12-01,1091601
banking_indicators:x5:75a7da92ff9070f2593da6d7,2019-01-01,1101515
banking_indicators:x5:75a7da92ff9070f2593da6d7,2019-02-01,1114707
banking_indicators:x5:75a7da92ff9070f2593da6d7,2019-03-01,1124508
banking_indicators:x5:75a7da92ff9070f2593da6d7,2019-04-01,1144411
banking_indicators:x5:75a7da92ff9070f2593da6d7,2019-05-01,1123276
banking_indicators:x5:75a7da92ff9070f2593da6d7,2019-06-01,1135513
banking_indicators:x5:75a7da92ff9070f2593da6d7,2019-07-01,1141534
banking_indicators:x5:75a7da92ff9070f2593da6d7,2019-08-01,1061773
banking_indicators:x5:75a7da92ff9070f2593da6d7,2019-09-01,1063653
banking_indicators:x5:75a7da92ff9070f2593da6d7,2019-10-01,1034784
banking_indicators:x5:75a7da92ff9070f2593da6d7,2019-11-01,1042980
banking_indicators:x5:75a7da92ff9070f2593da6d7,2019-12-01,1052472
banking_indicators:x5:75a7da92ff9070f2593da6d7,2020-01-01,1069316
banking_indicators:x5:75a7da92ff9070f2593da6d7,2020-02-01,1073644
banking_indicators:x5:75a7da92ff9070f2593da6d7,2020-03-01,1085844
banking_indicators:x5:75a7da92ff9070f2593da6d7,2020-04-01,1092618
banking_indicators:x5:75a7da92ff9070f2593da6d7,2020-05-01,1097497
banking_indicators:x5:75a7da92ff9070f2593da6d7,2020-06-01,1111812
banking_indicators:x5:75a7da92ff9070f2593da6d7,2020-07-01,1112828
banking_indicators:x5:75a7da92ff9070f2593da6d7,2020-08-01,1115520
banking_indicators:x5:75a7da92ff9070f2593da6d7,2020-09-01,1118146
banking_indicators:x5:75a7da92ff9070f2593da6d7,2020-10-01,1129820
banking_indicators:x5:75a7da92ff9070f2593da6d7,2020-11-01,1118388
banking_indicators:x5:75a7da92ff9070f2593da6d7,2020-12-01,1123257
banking_indicators:x5:75a7da92ff9070f2593da6d7,2021-01-01,1125548
banking_indicators:x5:75a7da92ff9070f2593da6d7,2021-02-01,1133301
banking_indicators:x5:75a7da92ff9070f2593da6d7,2021-03-01,1133182
banking_indicators:x5:75a7da92ff9070f2593da6d7,2021-04-01,1143098
banking_indicators:x5:75a7da92ff9070f2593da6d7,2021-05-01,1152127
banking_indicators:x5:75a7da92ff9070f2593da6d7,2021-06-01,1157713
banking_indicators:x5:75a7da92ff9070f2593da6d7,2021-07-01,1168083
banking_indicators:x5:75a7da92ff9070f2593da6d7,2021-08-01,1171486
banking_indicators:x5:75a7da92ff9070f2593da6d7,2021-09-01,1178914
banking_indicators:x5:75a7da92ff9070f2593da6d7,2021-10-01,1190408
banking_indicators:x5:75a7da92ff9070f2593da6d7,2021-11-01,1189988
banking_indicators:x5:75a7da92ff9070f2593da6d7,2021-12-01,1206737
banking_indicators:x5:75a7da92ff9070f2593da6d7,2022-01-01,1208727
banking_indicators:x5:75a7da92ff9070f2593da6d7,2022-02-01,1220777
banking_indicators:x5:75a7da92ff9070f2593da6d7,2022-03-01,1225848
banking_indicators:x5:75a7da92ff9070f2593da6d7,2022-04-01,1234554
banking_indicators:x5:75a7da92ff9070f2593da6d7,2022-05-01,1237784
banking_indicators:x5:75a7da92ff9070f2593da6d7,2022-06-01,1249125
banking_indicators:x5:75a7da92ff9070f2593da6d7,2022-07-01,1271854
banking_indicators:x5:75a7da92ff9070f2593da6d7,2022-08-01,1284914
banking_indicators:x5:75a7da92ff9070f2593da6d7,2022-09-01,1295152
banking_indicators:x5:75a7da92ff9070f2593da6d7,2022-10-01,1304926
banking_indicators:x5:75a7da92ff9070f2593da6d7,2022-11-01,1311472
banking_indicators:x5:75a7da92ff9070f2593da6d7,2022-12-01,1325175
banking_indicators:x5:75a7da92ff9070f2593da6d7,2023-01-01,1335610
banking_indicators:x5:75a7da92ff9070f2593da6d7,2023-02-01,1345054
banking_indicators:x5:75a7da92ff9070f2593da6d7,2023-03-01,1356004
banking_indicators:x5:75a7da92ff9070f2593da6d7,2023-04-01,1374008
banking_indicators:x5:75a7da92ff9070f2593da6d7,2023-05-01,1378817
banking_indicators:x5:75a7da92ff9070f2593da6d7,2023-06-01,1397809
banking_indicators:x5:75a7da92ff9070f2593da6d7,2023-07-01,1403904
banking_indicators:x5:75a7da92ff9070f2593da6d7,2023-08-01,1448756
banking_indicators:x5:75a7da92ff9070f2593da6d7,2023-09-01,1460139
banking_indicators:x5:75a7da92ff9070f2593da6d7,2023-10-01,1498689
banking_indicators:x5:75a7da92ff9070f2593da6d7,2023-11-01,1498050
banking_indicators:x5:75a7da92ff9070f2593da6d7,2023-12-01,1530015
banking_indicators:x5:75a7da92ff9070f2593da6d7,2024-01-01,1559680
banking_indicators:x5:75a7da92ff9070f2593da6d7,2024-02-01,1569094
banking_indicators:x5:75a7da92ff9070f2593da6d7,2024-03-01,1594320
banking_indicators:x5:75a7da92ff9070f2593da6d7,2024-04-01,1613226
banking_indicators:x5:75a7da92ff9070f2593da6d7,2024-05-01,1641724
banking_indicators:x5:75a7da92ff9070f2593da6d7,2024-06-01,1753228
banking_indicators:x5:75a7da92ff9070f2593da6d7,2024-07-01,1769959
banking_indicators:x5:75a7da92ff9070f2593da6d7,2024-08-01,1786586
banking_indicators:x5:75a7da92ff9070f2593da6d7,2024-09-01,1803900
banking_indicators:x5:75a7da92ff9070f2593da6d7,2024-10-01,1817142
banking_indicators:x5:75a7da92ff9070f2593da6d7,2024-11-01,1836987
banking_indicators:x5:75a7da92ff9070f2593da6d7,2024-12-01,1863625
banking_indicators:x5:75a7da92ff9070f2593da6d7,2025-01-01,1891881
banking_indicators:x5:75a7da92ff9070f2593da6d7,2025-02-01,1910052
banking_indicators:x5:75a7da92ff9070f2593da6d7,2025-03-01,1932928
banking_indicators:x5:75a7da92ff9070f2593da6d7,2025-04-01,1950423
banking_indicators:x5:75a7da92ff9070f2593da6d7,2025-05-01,1973832
banking_indicators:x5:75a7da92ff9070f2593da6d7,2025-06-01,1991933
banking_indicators:x5:75a7da92ff9070f2593da6d7,2025-07-01,2015471
banking_indicators:x5:75a7da92ff9070f2593da6d7,2025-08-01,2033142
banking_indicators:x5:75a7da92ff9070f2593da6d7,2025-09-01,2052990
banking_indicators:x5:75a7da92ff9070f2593da6d7,2025-10-01,2066861
banking_indicators:x5:75a7da92ff9070f2593da6d7,2025-11-01,2085921
banking_indicators:x5:75a7da92ff9070f2593da6d7,2025-12-01,2093730
banking_indicators:x5:75a7da92ff9070f2593da6d7,2026-01-01,2118911
banking_indicators:x5:75a7da92ff9070f2593da6d7,2026-02-01,2137053
banking_indicators:x5:75a7da92ff9070f2593da6d7,2026-03-01,2159768
banking_indicators:x5:75a7da92ff9070f2593da6d7,2026-04-01,2178558
banking_indicators:x5:75a7da92ff9070f2593da6d7,2026-05-01,2197956
banking_indicators:x5:75a7da92ff9070f2593da6d7,2026-06-01,2261876
banking_indicators:x6:1b38e6cad37789e1429a7450,2016-01-01,29923
banking_indicators:x6:1b38e6cad37789e1429a7450,2016-02-01,30812
banking_indicators:x6:1b38e6cad37789e1429a7450,2016-03-01,30829
banking_indicators:x6:1b38e6cad37789e1429a7450,2016-04-01,32978
banking_indicators:x6:1b38e6cad37789e1429a7450,2016-05-01,33998
banking_indicators:x6:1b38e6cad37789e1429a7450,2016-06-01,36956
banking_indicators:x6:1b38e6cad37789e1429a7450,2016-07-01,39198
banking_indicators:x6:1b38e6cad37789e1429a7450,2016-08-01,38710
banking_indicators:x6:1b38e6cad37789e1429a7450,2016-09-01,41249
banking_indicators:x6:1b38e6cad37789e1429a7450,2016-10-01,40404
banking_indicators:x6:1b38e6cad37789e1429a7450,2016-11-01,39988
banking_indicators:x6:1b38e6cad37789e1429a7450,2016-12-01,41600
banking_indicators:x6:1b38e6cad37789e1429a7450,2017-01-01,40171
banking_indicators:x6:1b38e6cad37789e1429a7450,2017-02-01,41083
banking_indicators:x6:1b38e6cad37789e1429a7450,2017-03-01,41628
banking_indicators:x6:1b38e6cad37789e1429a7450,2017-04-01,44153
banking_indicators:x6:1b38e6cad37789e1429a7450,2017-05-01,42380
banking_indicators:x6:1b38e6cad37789e1429a7450,2017-06-01,43025
banking_indicators:x6:1b38e6cad37789e1429a7450,2017-07-01,41418
banking_indicators:x6:1b38e6cad37789e1429a7450,2017-08-01,40865
banking_indicators:x6:1b38e6cad37789e1429a7450,2017-09-01,41727
banking_indicators:x6:1b38e6cad37789e1429a7450,2017-10-01,37644
banking_indicators:x6:1b38e6cad37789e1429a7450,2017-11-01,35894
banking_indicators:x6:1b38e6cad37789e1429a7450,2017-12-01,36958
banking_indicators:x6:1b38e6cad37789e1429a7450,2018-01-01,34110
banking_indicators:x6:1b38e6cad37789e1429a7450,2018-02-01,36359
banking_indicators:x6:1b38e6cad37789e1429a7450,2018-03-01,35210
banking_indicators:x6:1b38e6cad37789e1429a7450,2018-04-01,35262
banking_indicators:x6:1b38e6cad37789e1429a7450,2018-05-01,35174
banking_indicators:x6:1b38e6cad37789e1429a7450,2018-06-01,37494
banking_indicators:x6:1b38e6cad37789e1429a7450,2018-07-01,36945
banking_indicators:x6:1b38e6cad37789e1429a7450,2018-08-01,38509
banking_indicators:x6:1b38e6cad37789e1429a7450,2018-09-01,40523
banking_indicators:x6:1b38e6cad37789e1429a7450,2018-10-01,38661
banking_indicators:x6:1b38e6cad37789e1429a7450,2018-11-01,38519
banking_indicators:x6:1b38e6cad37789e1429a7450,2018-12-01,41022
banking_indicators:x6:1b38e6cad37789e1429a7450,2019-01-01,38068
banking_indicators:x6:1b38e6cad37789e1429a7450,2019-02-01,40119
banking_indicators:x6:1b38e6cad37789e1429a7450,2019-03-01,43165
banking_indicators:x6:1b38e6cad37789e1429a7450,2019-04-01,41598
banking_indicators:x6:1b38e6cad37789e1429a7450,2019-05-01,41823
banking_indicators:x6:1b38e6cad37789e1429a7450,2019-06-01,44293
banking_indicators:x6:1b38e6cad37789e1429a7450,2019-07-01,42398
banking_indicators:x6:1b38e6cad37789e1429a7450,2019-08-01,45756
banking_indicators:x6:1b38e6cad37789e1429a7450,2019-09-01,44579
banking_indicators:x6:1b38e6cad37789e1429a7450,2019-10-01,44387
banking_indicators:x6:1b38e6cad37789e1429a7450,2019-11-01,46612
banking_indicators:x6:1b38e6cad37789e1429a7450,2019-12-01,45683
banking_indicators:x6:1b38e6cad37789e1429a7450,2020-01-01,41725
banking_indicators:x6:1b38e6cad37789e1429a7450,2020-02-01,45205
banking_indicators:x6:1b38e6cad37789e1429a7450,2020-03-01,42878
banking_indicators:x6:1b38e6cad37789e1429a7450,2020-04-01,42097
banking_indicators:x6:1b38e6cad37789e1429a7450,2020-05-01,43295
banking_indicators:x6:1b38e6cad37789e1429a7450,2020-06-01,40554
banking_indicators:x6:1b38e6cad37789e1429a7450,2020-07-01,40930
banking_indicators:x6:1b38e6cad37789e1429a7450,2020-08-01,41592
banking_indicators:x6:1b38e6cad37789e1429a7450,2020-09-01,41332
banking_indicators:x6:1b38e6cad37789e1429a7450,2020-10-01,43164
banking_indicators:x6:1b38e6cad37789e1429a7450,2020-11-01,39051
banking_indicators:x6:1b38e6cad37789e1429a7450,2020-12-01,41190
banking_indicators:x6:1b38e6cad37789e1429a7450,2021-01-01,41563
banking_indicators:x6:1b38e6cad37789e1429a7450,2021-02-01,42288
banking_indicators:x6:1b38e6cad37789e1429a7450,2021-03-01,41497
banking_indicators:x6:1b38e6cad37789e1429a7450,2021-04-01,43017
banking_indicators:x6:1b38e6cad37789e1429a7450,2021-05-01,43693
banking_indicators:x6:1b38e6cad37789e1429a7450,2021-06-01,44438
banking_indicators:x6:1b38e6cad37789e1429a7450,2021-07-01,47011
banking_indicators:x6:1b38e6cad37789e1429a7450,2021-08-01,45040
banking_indicators:x6:1b38e6cad37789e1429a7450,2021-09-01,45922
banking_indicators:x6:1b38e6cad37789e1429a7450,2021-10-01,48293
banking_indicators:x6:1b38e6cad37789e1429a7450,2021-11-01,44569
banking_indicators:x6:1b38e6cad37789e1429a7450,2021-12-01,48038
banking_indicators:x6:1b38e6cad37789e1429a7450,2022-01-01,46428
banking_indicators:x6:1b38e6cad37789e1429a7450,2022-02-01,50679
banking_indicators:x6:1b38e6cad37789e1429a7450,2022-03-01,48874
banking_indicators:x6:1b38e6cad37789e1429a7450,2022-04-01,53077
banking_indicators:x6:1b38e6cad37789e1429a7450,2022-05-01,51201
banking_indicators:x6:1b38e6cad37789e1429a7450,2022-06-01,52447
banking_indicators:x6:1b38e6cad37789e1429a7450,2022-07-01,55811
banking_indicators:x6:1b38e6cad37789e1429a7450,2022-08-01,54630
banking_indicators:x6:1b38e6cad37789e1429a7450,2022-09-01,55474
banking_indicators:x6:1b38e6cad37789e1429a7450,2022-10-01,56103
banking_indicators:x6:1b38e6cad37789e1429a7450,2022-11-01,53710
banking_indicators:x6:1b38e6cad37789e1429a7450,2022-12-01,57793
banking_indicators:x6:1b38e6cad37789e1429a7450,2023-01-01,57492
banking_indicators:x6:1b38e6cad37789e1429a7450,2023-02-01,60431
banking_indicators:x6:1b38e6cad37789e1429a7450,2023-03-01,61261
banking_indicators:x6:1b38e6cad37789e1429a7450,2023-04-01,65494
banking_indicators:x6:1b38e6cad37789e1429a7450,2023-05-01,62831
banking_indicators:x6:1b38e6cad37789e1429a7450,2023-06-01,63978
banking_indicators:x6:1b38e6cad37789e1429a7450,2023-07-01,65205
banking_indicators:x6:1b38e6cad37789e1429a7450,2023-08-01,65891
banking_indicators:x6:1b38e6cad37789e1429a7450,2023-09-01,69787
banking_indicators:x6:1b38e6cad37789e1429a7450,2023-10-01,65188
banking_indicators:x6:1b38e6cad37789e1429a7450,2023-11-01,63687
banking_indicators:x6:1b38e6cad37789e1429a7450,2023-12-01,68215
banking_indicators:x6:1b38e6cad37789e1429a7450,2024-01-01,64059
banking_indicators:x6:1b38e6cad37789e1429a7450,2024-02-01,68477
banking_indicators:x6:1b38e6cad37789e1429a7450,2024-03-01,74331
banking_indicators:x6:1b38e6cad37789e1429a7450,2024-04-01,73962
banking_indicators:x6:1b38e6cad37789e1429a7450,2024-05-01,74537
banking_indicators:x6:1b38e6cad37789e1429a7450,2024-06-01,78044
banking_indicators:x6:1b38e6cad37789e1429a7450,2024-07-01,75498
banking_indicators:x6:1b38e6cad37789e1429a7450,2024-08-01,84633
banking_indicators:x6:1b38e6cad37789e1429a7450,2024-09-01,85565
banking_indicators:x6:1b38e6cad37789e1429a7450,2024-10-01,80039
banking_indicators:x6:1b38e6cad37789e1429a7450,2024-11-01,84902
banking_indicators:x6:1b38e6cad37789e1429a7450,2024-12-01,88916
banking_indicators:x6:1b38e6cad37789e1429a7450,2025-01-01,85793
banking_indicators:x6:1b38e6cad37789e1429a7450,2025-02-01,91305
banking_indicators:x6:1b38e6cad37789e1429a7450,2025-03-01,113053
banking_indicators:x6:1b38e6cad37789e1429a7450,2025-04-01,122616
banking_indicators:x6:1b38e6cad37789e1429a7450,2025-05-01,138861
banking_indicators:x6:1b38e6cad37789e1429a7450,2025-06-01,144750
banking_indicators:x6:1b38e6cad37789e1429a7450,2025-07-01,160605
banking_indicators:x6:1b38e6cad37789e1429a7450,2025-08-01,175214
banking_indicators:x6:1b38e6cad37789e1429a7450,2025-09-01,182703
banking_indicators:x6:1b38e6cad37789e1429a7450,2025-10-01,182035
banking_indicators:x6:1b38e6cad37789e1429a7450,2025-11-01,182152
banking_indicators:x6:1b38e6cad37789e1429a7450,2025-12-01,179316
banking_indicators:x6:1b38e6cad37789e1429a7450,2026-01-01,182680
banking_indicators:x6:1b38e6cad37789e1429a7450,2026-02-01,186813
banking_indicators:x6:1b38e6cad37789e1429a7450,2026-03-01,183829
banking_indicators:x6:1b38e6cad37789e1429a7450,2026-04-01,184739
banking_indicators:x6:1b38e6cad37789e1429a7450,2026-05-01,189740
banking_indicators:x6:1b38e6cad37789e1429a7450,2026-06-01,190200
banking_indicators:x6:4bb5edecbbb1e6e10f0236eb,2016-01-01,358267
banking_indicators:x6:4bb5edecbbb1e6e10f0236eb,2016-02-01,361656
banking_indicators:x6:4bb5edecbbb1e6e10f0236eb,2016-03-01,365865
banking_indicators:x6:4bb5edecbbb1e6e10f0236eb,2016-04-01,374139
banking_indicators:x6:4bb5edecbbb1e6e10f0236eb,2016-05-01,376487
banking_indicators:x6:4bb5edecbbb1e6e10f0236eb,2016-06-01,381741
banking_indicators:x6:4bb5edecbbb1e6e10f0236eb,2016-07-01,395407
banking_indicators:x6:4bb5edecbbb1e6e10f0236eb,2016-08-01,398948
banking_indicators:x6:4bb5edecbbb1e6e10f0236eb,2016-09-01,401337
banking_indicators:x6:4bb5edecbbb1e6e10f0236eb,2016-10-01,406732
banking_indicators:x6:4bb5edecbbb1e6e10f0236eb,2016-11-01,403892
banking_indicators:x6:4bb5edecbbb1e6e10f0236eb,2016-12-01,413329
banking_indicators:x6:4bb5edecbbb1e6e10f0236eb,2017-01-01,411815
banking_indicators:x6:4bb5edecbbb1e6e10f0236eb,2017-02-01,413120
banking_indicators:x6:4bb5edecbbb1e6e10f0236eb,2017-03-01,419507
banking_indicators:x6:4bb5edecbbb1e6e10f0236eb,2017-04-01,425222
banking_indicators:x6:4bb5edecbbb1e6e10f0236eb,2017-05-01,426804
banking_indicators:x6:4bb5edecbbb1e6e10f0236eb,2017-06-01,430409
banking_indicators:x6:4bb5edecbbb1e6e10f0236eb,2017-07-01,433233
banking_indicators:x6:4bb5edecbbb1e6e10f0236eb,2017-08-01,437430
banking_indicators:x6:4bb5edecbbb1e6e10f0236eb,2017-09-01,444093
banking_indicators:x6:4bb5edecbbb1e6e10f0236eb,2017-10-01,447314
banking_indicators:x6:4bb5edecbbb1e6e10f0236eb,2017-11-01,450429
banking_indicators:x6:4bb5edecbbb1e6e10f0236eb,2017-12-01,459728
banking_indicators:x6:4bb5edecbbb1e6e10f0236eb,2018-01-01,460919
banking_indicators:x6:4bb5edecbbb1e6e10f0236eb,2018-02-01,519591
banking_indicators:x6:4bb5edecbbb1e6e10f0236eb,2018-03-01,525303
banking_indicators:x6:4bb5edecbbb1e6e10f0236eb,2018-04-01,522924
banking_indicators:x6:4bb5edecbbb1e6e10f0236eb,2018-05-01,527607
banking_indicators:x6:4bb5edecbbb1e6e10f0236eb,2018-06-01,534365
banking_indicators:x6:4bb5edecbbb1e6e10f0236eb,2018-07-01,564812
banking_indicators:x6:4bb5edecbbb1e6e10f0236eb,2018-08-01,570544
banking_indicators:x6:4bb5edecbbb1e6e10f0236eb,2018-09-01,560824
banking_indicators:x6:4bb5edecbbb1e6e10f0236eb,2018-10-01,677115
banking_indicators:x6:4bb5edecbbb1e6e10f0236eb,2018-11-01,671314
banking_indicators:x6:4bb5edecbbb1e6e10f0236eb,2018-12-01,688523
banking_indicators:x6:4bb5edecbbb1e6e10f0236eb,2019-01-01,691091
banking_indicators:x6:4bb5edecbbb1e6e10f0236eb,2019-02-01,693815
banking_indicators:x6:4bb5edecbbb1e6e10f0236eb,2019-03-01,697218
banking_indicators:x6:4bb5edecbbb1e6e10f0236eb,2019-04-01,705139
banking_indicators:x6:4bb5edecbbb1e6e10f0236eb,2019-05-01,708655
banking_indicators:x6:4bb5edecbbb1e6e10f0236eb,2019-06-01,679523
banking_indicators:x6:4bb5edecbbb1e6e10f0236eb,2019-07-01,681281
banking_indicators:x6:4bb5edecbbb1e6e10f0236eb,2019-08-01,683664
banking_indicators:x6:4bb5edecbbb1e6e10f0236eb,2019-09-01,687774
banking_indicators:x6:4bb5edecbbb1e6e10f0236eb,2019-10-01,695738
banking_indicators:x6:4bb5edecbbb1e6e10f0236eb,2019-11-01,718477
banking_indicators:x6:4bb5edecbbb1e6e10f0236eb,2019-12-01,717431
banking_indicators:x6:4bb5edecbbb1e6e10f0236eb,2020-01-01,719427
banking_indicators:x6:4bb5edecbbb1e6e10f0236eb,2020-02-01,723068
banking_indicators:x6:4bb5edecbbb1e6e10f0236eb,2020-03-01,730679
banking_indicators:x6:4bb5edecbbb1e6e10f0236eb,2020-04-01,739210
banking_indicators:x6:4bb5edecbbb1e6e10f0236eb,2020-05-01,742039
banking_indicators:x6:4bb5edecbbb1e6e10f0236eb,2020-06-01,741844
banking_indicators:x6:4bb5edecbbb1e6e10f0236eb,2020-07-01,747623
banking_indicators:x6:4bb5edecbbb1e6e10f0236eb,2020-08-01,754592
banking_indicators:x6:4bb5edecbbb1e6e10f0236eb,2020-09-01,760123
banking_indicators:x6:4bb5edecbbb1e6e10f0236eb,2020-10-01,770080
banking_indicators:x6:4bb5edecbbb1e6e10f0236eb,2020-11-01,750139
banking_indicators:x6:4bb5edecbbb1e6e10f0236eb,2020-12-01,758878
banking_indicators:x6:4bb5edecbbb1e6e10f0236eb,2021-01-01,758089
banking_indicators:x6:4bb5edecbbb1e6e10f0236eb,2021-02-01,769027
banking_indicators:x6:4bb5edecbbb1e6e10f0236eb,2021-03-01,775959
banking_indicators:x6:4bb5edecbbb1e6e10f0236eb,2021-04-01,815323
banking_indicators:x6:4bb5edecbbb1e6e10f0236eb,2021-05-01,822082
banking_indicators:x6:4bb5edecbbb1e6e10f0236eb,2021-06-01,827401
banking_indicators:x6:4bb5edecbbb1e6e10f0236eb,2021-07-01,837314
banking_indicators:x6:4bb5edecbbb1e6e10f0236eb,2021-08-01,842610
banking_indicators:x6:4bb5edecbbb1e6e10f0236eb,2021-09-01,849971
banking_indicators:x6:4bb5edecbbb1e6e10f0236eb,2021-10-01,856107
banking_indicators:x6:4bb5edecbbb1e6e10f0236eb,2021-11-01,856646
banking_indicators:x6:4bb5edecbbb1e6e10f0236eb,2021-12-01,852705
banking_indicators:x6:4bb5edecbbb1e6e10f0236eb,2022-01-01,850764
banking_indicators:x6:4bb5edecbbb1e6e10f0236eb,2022-02-01,863126
banking_indicators:x6:4bb5edecbbb1e6e10f0236eb,2022-03-01,869176
banking_indicators:x6:4bb5edecbbb1e6e10f0236eb,2022-04-01,879655
banking_indicators:x6:4bb5edecbbb1e6e10f0236eb,2022-05-01,885638
banking_indicators:x6:4bb5edecbbb1e6e10f0236eb,2022-06-01,887580
banking_indicators:x6:4bb5edecbbb1e6e10f0236eb,2022-07-01,896636
banking_indicators:x6:4bb5edecbbb1e6e10f0236eb,2022-08-01,906067
banking_indicators:x6:4bb5edecbbb1e6e10f0236eb,2022-09-01,915220
banking_indicators:x6:4bb5edecbbb1e6e10f0236eb,2022-10-01,919469
banking_indicators:x6:4bb5edecbbb1e6e10f0236eb,2022-11-01,925343
banking_indicators:x6:4bb5edecbbb1e6e10f0236eb,2022-12-01,940966
banking_indicators:x6:4bb5edecbbb1e6e10f0236eb,2023-01-01,936666
banking_indicators:x6:4bb5edecbbb1e6e10f0236eb,2023-02-01,944840
banking_indicators:x6:4bb5edecbbb1e6e10f0236eb,2023-03-01,953435
banking_indicators:x6:4bb5edecbbb1e6e10f0236eb,2023-04-01,960365
banking_indicators:x6:4bb5edecbbb1e6e10f0236eb,2023-05-01,965202
banking_indicators:x6:4bb5edecbbb1e6e10f0236eb,2023-06-01,978398
banking_indicators:x6:4bb5edecbbb1e6e10f0236eb,2023-07-01,983648
banking_indicators:x6:4bb5edecbbb1e6e10f0236eb,2023-08-01,995928
banking_indicators:x6:4bb5edecbbb1e6e10f0236eb,2023-09-01,1003336
banking_indicators:x6:4bb5edecbbb1e6e10f0236eb,2023-10-01,1008819
banking_indicators:x6:4bb5edecbbb1e6e10f0236eb,2023-11-01,1025184
banking_indicators:x6:4bb5edecbbb1e6e10f0236eb,2023-12-01,1043318
banking_indicators:x6:4bb5edecbbb1e6e10f0236eb,2024-01-01,1041167
banking_indicators:x6:4bb5edecbbb1e6e10f0236eb,2024-02-01,1054644
banking_indicators:x6:4bb5edecbbb1e6e10f0236eb,2024-03-01,1064280
banking_indicators:x6:4bb5edecbbb1e6e10f0236eb,2024-04-01,1083802
banking_indicators:x6:4bb5edecbbb1e6e10f0236eb,2024-05-01,1104746
banking_indicators:x6:4bb5edecbbb1e6e10f0236eb,2024-06-01,1120893
banking_indicators:x6:4bb5edecbbb1e6e10f0236eb,2024-07-01,1136955
banking_indicators:x6:4bb5edecbbb1e6e10f0236eb,2024-08-01,1159087
banking_indicators:x6:4bb5edecbbb1e6e10f0236eb,2024-09-01,1176936
banking_indicators:x6:4bb5edecbbb1e6e10f0236eb,2024-10-01,1194549
banking_indicators:x6:4bb5edecbbb1e6e10f0236eb,2024-11-01,1213240
banking_indicators:x6:4bb5edecbbb1e6e10f0236eb,2024-12-01,1227108
banking_indicators:x6:4bb5edecbbb1e6e10f0236eb,2025-01-01,1237980
banking_indicators:x6:4bb5edecbbb1e6e10f0236eb,2025-02-01,1256450
banking_indicators:x6:4bb5edecbbb1e6e10f0236eb,2025-03-01,1273050
banking_indicators:x6:4bb5edecbbb1e6e10f0236eb,2025-04-01,1283881
banking_indicators:x6:4bb5edecbbb1e6e10f0236eb,2025-05-01,1301702
banking_indicators:x6:4bb5edecbbb1e6e10f0236eb,2025-06-01,1315427
banking_indicators:x6:4bb5edecbbb1e6e10f0236eb,2025-07-01,1341673
banking_indicators:x6:4bb5edecbbb1e6e10f0236eb,2025-08-01,1361364
banking_indicators:x6:4bb5edecbbb1e6e10f0236eb,2025-09-01,1348137
banking_indicators:x6:4bb5edecbbb1e6e10f0236eb,2025-10-01,1480833
banking_indicators:x6:4bb5edecbbb1e6e10f0236eb,2025-11-01,1473020
banking_indicators:x6:4bb5edecbbb1e6e10f0236eb,2025-12-01,1498262
banking_indicators:x6:4bb5edecbbb1e6e10f0236eb,2026-01-01,1516891
banking_indicators:x6:4bb5edecbbb1e6e10f0236eb,2026-02-01,1546278
banking_indicators:x6:4bb5edecbbb1e6e10f0236eb,2026-03-01,1576227
banking_indicators:x6:4bb5edecbbb1e6e10f0236eb,2026-04-01,1597774
banking_indicators:x6:4bb5edecbbb1e6e10f0236eb,2026-05-01,1523296
banking_indicators:x6:4bb5edecbbb1e6e10f0236eb,2026-06-01,3018344
banking_indicators:x6:5c69cbe60916bd8c73130eb9,2016-01-01,1720129
banking_indicators:x6:5c69cbe60916bd8c73130eb9,2016-02-01,1739679
banking_indicators:x6:5c69cbe60916bd8c73130eb9,2016-03-01,1736278
banking_indicators:x6:5c69cbe60916bd8c73130eb9,2016-04-01,1755982
banking_indicators:x6:5c69cbe60916bd8c73130eb9,2016-05-01,1715569
banking_indicators:x6:5c69cbe60916bd8c73130eb9,2016-06-01,1713980
banking_indicators:x6:5c69cbe60916bd8c73130eb9,2016-07-01,1823711
banking_indicators:x6:5c69cbe60916bd8c73130eb9,2016-08-01,1838745
banking_indicators:x6:5c69cbe60916bd8c73130eb9,2016-09-01,1844505
banking_indicators:x6:5c69cbe60916bd8c73130eb9,2016-10-01,1852704
banking_indicators:x6:5c69cbe60916bd8c73130eb9,2016-11-01,1756441
banking_indicators:x6:5c69cbe60916bd8c73130eb9,2016-12-01,1821839
banking_indicators:x6:5c69cbe60916bd8c73130eb9,2017-01-01,1802285
banking_indicators:x6:5c69cbe60916bd8c73130eb9,2017-02-01,1815327
banking_indicators:x6:5c69cbe60916bd8c73130eb9,2017-03-01,1832831
banking_indicators:x6:5c69cbe60916bd8c73130eb9,2017-04-01,1868380
banking_indicators:x6:5c69cbe60916bd8c73130eb9,2017-05-01,1875594
banking_indicators:x6:5c69cbe60916bd8c73130eb9,2017-06-01,1905104
banking_indicators:x6:5c69cbe60916bd8c73130eb9,2017-07-01,1917034
banking_indicators:x6:5c69cbe60916bd8c73130eb9,2017-08-01,1937474
banking_indicators:x6:5c69cbe60916bd8c73130eb9,2017-09-01,1968815
banking_indicators:x6:5c69cbe60916bd8c73130eb9,2017-10-01,1989948
banking_indicators:x6:5c69cbe60916bd8c73130eb9,2017-11-01,2057023
banking_indicators:x6:5c69cbe60916bd8c73130eb9,2017-12-01,2118598
banking_indicators:x6:5c69cbe60916bd8c73130eb9,2018-01-01,2127493
banking_indicators:x6:5c69cbe60916bd8c73130eb9,2018-02-01,2199469
banking_indicators:x6:5c69cbe60916bd8c73130eb9,2018-03-01,2229928
banking_indicators:x6:5c69cbe60916bd8c73130eb9,2018-04-01,2247449
banking_indicators:x6:5c69cbe60916bd8c73130eb9,2018-05-01,2271994
banking_indicators:x6:5c69cbe60916bd8c73130eb9,2018-06-01,2302482
banking_indicators:x6:5c69cbe60916bd8c73130eb9,2018-07-01,2320920
banking_indicators:x6:5c69cbe60916bd8c73130eb9,2018-08-01,2341391
banking_indicators:x6:5c69cbe60916bd8c73130eb9,2018-09-01,2374763
banking_indicators:x6:5c69cbe60916bd8c73130eb9,2018-10-01,2381129
banking_indicators:x6:5c69cbe60916bd8c73130eb9,2018-11-01,2381461
banking_indicators:x6:5c69cbe60916bd8c73130eb9,2018-12-01,2432253
banking_indicators:x6:5c69cbe60916bd8c73130eb9,2019-01-01,2436036
banking_indicators:x6:5c69cbe60916bd8c73130eb9,2019-02-01,2461062
banking_indicators:x6:5c69cbe60916bd8c73130eb9,2019-03-01,2473975
banking_indicators:x6:5c69cbe60916bd8c73130eb9,2019-04-01,2522221
banking_indicators:x6:5c69cbe60916bd8c73130eb9,2019-05-01,2513862
banking_indicators:x6:5c69cbe60916bd8c73130eb9,2019-06-01,2579190
banking_indicators:x6:5c69cbe60916bd8c73130eb9,2019-07-01,2587289
banking_indicators:x6:5c69cbe60916bd8c73130eb9,2019-08-01,2601306
banking_indicators:x6:5c69cbe60916bd8c73130eb9,2019-09-01,2611844
banking_indicators:x6:5c69cbe60916bd8c73130eb9,2019-10-01,2624087
banking_indicators:x6:5c69cbe60916bd8c73130eb9,2019-11-01,2636107
banking_indicators:x6:5c69cbe60916bd8c73130eb9,2019-12-01,2684013
banking_indicators:x6:5c69cbe60916bd8c73130eb9,2020-01-01,2714012
banking_indicators:x6:5c69cbe60916bd8c73130eb9,2020-02-01,2731038
banking_indicators:x6:5c69cbe60916bd8c73130eb9,2020-03-01,2762269
banking_indicators:x6:5c69cbe60916bd8c73130eb9,2020-04-01,2781981
banking_indicators:x6:5c69cbe60916bd8c73130eb9,2020-05-01,2791073
banking_indicators:x6:5c69cbe60916bd8c73130eb9,2020-06-01,2820619
banking_indicators:x6:5c69cbe60916bd8c73130eb9,2020-07-01,2839610
banking_indicators:x6:5c69cbe60916bd8c73130eb9,2020-08-01,2859047
banking_indicators:x6:5c69cbe60916bd8c73130eb9,2020-09-01,2880099
banking_indicators:x6:5c69cbe60916bd8c73130eb9,2020-10-01,2892197
banking_indicators:x6:5c69cbe60916bd8c73130eb9,2020-11-01,2833217
banking_indicators:x6:5c69cbe60916bd8c73130eb9,2020-12-01,2848782
banking_indicators:x6:5c69cbe60916bd8c73130eb9,2021-01-01,2866441
banking_indicators:x6:5c69cbe60916bd8c73130eb9,2021-02-01,2896464
banking_indicators:x6:5c69cbe60916bd8c73130eb9,2021-03-01,2887939
banking_indicators:x6:5c69cbe60916bd8c73130eb9,2021-04-01,2956434
banking_indicators:x6:5c69cbe60916bd8c73130eb9,2021-05-01,2988739
banking_indicators:x6:5c69cbe60916bd8c73130eb9,2021-06-01,3021298
banking_indicators:x6:5c69cbe60916bd8c73130eb9,2021-07-01,3061685
banking_indicators:x6:5c69cbe60916bd8c73130eb9,2021-08-01,3080544
banking_indicators:x6:5c69cbe60916bd8c73130eb9,2021-09-01,3115855
banking_indicators:x6:5c69cbe60916bd8c73130eb9,2021-10-01,3159207
banking_indicators:x6:5c69cbe60916bd8c73130eb9,2021-11-01,3138817
banking_indicators:x6:5c69cbe60916bd8c73130eb9,2021-12-01,3235539
banking_indicators:x6:5c69cbe60916bd8c73130eb9,2022-01-01,3218185
banking_indicators:x6:5c69cbe60916bd8c73130eb9,2022-02-01,3300513
banking_indicators:x6:5c69cbe60916bd8c73130eb9,2022-03-01,3325598
banking_indicators:x6:5c69cbe60916bd8c73130eb9,2022-04-01,3360272
banking_indicators:x6:5c69cbe60916bd8c73130eb9,2022-05-01,3379136
banking_indicators:x6:5c69cbe60916bd8c73130eb9,2022-06-01,3420390
banking_indicators:x6:5c69cbe60916bd8c73130eb9,2022-07-01,3459290
banking_indicators:x6:5c69cbe60916bd8c73130eb9,2022-08-01,3500142
banking_indicators:x6:5c69cbe60916bd8c73130eb9,2022-09-01,3542441
banking_indicators:x6:5c69cbe60916bd8c73130eb9,2022-10-01,3583494
banking_indicators:x6:5c69cbe60916bd8c73130eb9,2022-11-01,3622635
banking_indicators:x6:5c69cbe60916bd8c73130eb9,2022-12-01,3687359
banking_indicators:x6:5c69cbe60916bd8c73130eb9,2023-01-01,3735116
banking_indicators:x6:5c69cbe60916bd8c73130eb9,2023-02-01,3780748
banking_indicators:x6:5c69cbe60916bd8c73130eb9,2023-03-01,3588238
banking_indicators:x6:5c69cbe60916bd8c73130eb9,2023-04-01,3636726
banking_indicators:x6:5c69cbe60916bd8c73130eb9,2023-05-01,3693893
banking_indicators:x6:5c69cbe60916bd8c73130eb9,2023-06-01,3789575
banking_indicators:x6:5c69cbe60916bd8c73130eb9,2023-07-01,3832919
banking_indicators:x6:5c69cbe60916bd8c73130eb9,2023-08-01,3892014
banking_indicators:x6:5c69cbe60916bd8c73130eb9,2023-09-01,3951690
banking_indicators:x6:5c69cbe60916bd8c73130eb9,2023-10-01,4089682
banking_indicators:x6:5c69cbe60916bd8c73130eb9,2023-11-01,4110089
banking_indicators:x6:5c69cbe60916bd8c73130eb9,2023-12-01,4151401
banking_indicators:x6:5c69cbe60916bd8c73130eb9,2024-01-01,4196119
banking_indicators:x6:5c69cbe60916bd8c73130eb9,2024-02-01,4268506
banking_indicators:x6:5c69cbe60916bd8c73130eb9,2024-03-01,4329632
banking_indicators:x6:5c69cbe60916bd8c73130eb9,2024-04-01,4414237
banking_indicators:x6:5c69cbe60916bd8c73130eb9,2024-05-01,4480343
banking_indicators:x6:5c69cbe60916bd8c73130eb9,2024-06-01,5257140
banking_indicators:x6:5c69cbe60916bd8c73130eb9,2024-07-01,5368222
banking_indicators:x6:5c69cbe60916bd8c73130eb9,2024-08-01,5424238
banking_indicators:x6:5c69cbe60916bd8c73130eb9,2024-09-01,5510048
banking_indicators:x6:5c69cbe60916bd8c73130eb9,2024-10-01,5993231
banking_indicators:x6:5c69cbe60916bd8c73130eb9,2024-11-01,5864849
banking_indicators:x6:5c69cbe60916bd8c73130eb9,2024-12-01,6193241
banking_indicators:x6:5c69cbe60916bd8c73130eb9,2025-01-01,6281347
banking_indicators:x6:5c69cbe60916bd8c73130eb9,2025-02-01,6373104
banking_indicators:x6:5c69cbe60916bd8c73130eb9,2025-03-01,6469397
banking_indicators:x6:5c69cbe60916bd8c73130eb9,2025-04-01,6615318
banking_indicators:x6:5c69cbe60916bd8c73130eb9,2025-05-01,6723119
banking_indicators:x6:5c69cbe60916bd8c73130eb9,2025-06-01,6912281
banking_indicators:x6:5c69cbe60916bd8c73130eb9,2025-07-01,7082322
banking_indicators:x6:5c69cbe60916bd8c73130eb9,2025-08-01,7184171
banking_indicators:x6:5c69cbe60916bd8c73130eb9,2025-09-01,7291704
banking_indicators:x6:5c69cbe60916bd8c73130eb9,2025-10-01,7428609
banking_indicators:x6:5c69cbe60916bd8c73130eb9,2025-11-01,7510758
banking_indicators:x6:5c69cbe60916bd8c73130eb9,2025-12-01,7635207
banking_indicators:x6:5c69cbe60916bd8c73130eb9,2026-01-01,7741047
banking_indicators:x6:5c69cbe60916bd8c73130eb9,2026-02-01,7865694
banking_indicators:x6:5c69cbe60916bd8c73130eb9,2026-03-01,8026507
banking_indicators:x6:5c69cbe60916bd8c73130eb9,2026-04-01,8151975
banking_indicators:x6:5c69cbe60916bd8c73130eb9,2026-05-01,8288069
banking_indicators:x6:5c69cbe60916bd8c73130eb9,2026-06-01,8609493
banking_indicators:x6:8ccc61805dc636fd1a262dcb,2016-01-01,94165
banking_indicators:x6:8ccc61805dc636fd1a262dcb,2016-02-01,97974
banking_indicators:x6:8ccc61805dc636fd1a262dcb,2016-03-01,99122
banking_indicators:x6:8ccc61805dc636fd1a262dcb,2016-04-01,102080
banking_indicators:x6:8ccc61805dc636fd1a262dcb,2016-05-01,110018
banking_indicators:x6:8ccc61805dc636fd1a262dcb,2016-06-01,113782
banking_indicators:x6:8ccc61805dc636fd1a262dcb,2016-07-01,138609
banking_indicators:x6:8ccc61805dc636fd1a262dcb,2016-08-01,143876
banking_indicators:x6:8ccc61805dc636fd1a262dcb,2016-09-01,150398
banking_indicators:x6:8ccc61805dc636fd1a262dcb,2016-10-01,155789
banking_indicators:x6:8ccc61805dc636fd1a262dcb,2016-11-01,141277
banking_indicators:x6:8ccc61805dc636fd1a262dcb,2016-12-01,143949
banking_indicators:x6:8ccc61805dc636fd1a262dcb,2017-01-01,154822
banking_indicators:x6:8ccc61805dc636fd1a262dcb,2017-02-01,161767
banking_indicators:x6:8ccc61805dc636fd1a262dcb,2017-03-01,175769
banking_indicators:x6:8ccc61805dc636fd1a262dcb,2017-04-01,184610
banking_indicators:x6:8ccc61805dc636fd1a262dcb,2017-05-01,194883
banking_indicators:x6:8ccc61805dc636fd1a262dcb,2017-06-01,215814
banking_indicators:x6:8ccc61805dc636fd1a262dcb,2017-07-01,241509
banking_indicators:x6:8ccc61805dc636fd1a262dcb,2017-08-01,268093
banking_indicators:x6:8ccc61805dc636fd1a262dcb,2017-09-01,308559
banking_indicators:x6:8ccc61805dc636fd1a262dcb,2017-10-01,354178
banking_indicators:x6:8ccc61805dc636fd1a262dcb,2017-11-01,395850
banking_indicators:x6:8ccc61805dc636fd1a262dcb,2017-12-01,435928
banking_indicators:x6:8ccc61805dc636fd1a262dcb,2018-01-01,481356
banking_indicators:x6:8ccc61805dc636fd1a262dcb,2018-02-01,543551
banking_indicators:x6:8ccc61805dc636fd1a262dcb,2018-03-01,579573
banking_indicators:x6:8ccc61805dc636fd1a262dcb,2018-04-01,605141
banking_indicators:x6:8ccc61805dc636fd1a262dcb,2018-05-01,664288
banking_indicators:x6:8ccc61805dc636fd1a262dcb,2018-06-01,700452
banking_indicators:x6:8ccc61805dc636fd1a262dcb,2018-07-01,740786
banking_indicators:x6:8ccc61805dc636fd1a262dcb,2018-08-01,778371
banking_indicators:x6:8ccc61805dc636fd1a262dcb,2018-09-01,810160
banking_indicators:x6:8ccc61805dc636fd1a262dcb,2018-10-01,845901
banking_indicators:x6:8ccc61805dc636fd1a262dcb,2018-11-01,874924
banking_indicators:x6:8ccc61805dc636fd1a262dcb,2018-12-01,902647
banking_indicators:x6:8ccc61805dc636fd1a262dcb,2019-01-01,937421
banking_indicators:x6:8ccc61805dc636fd1a262dcb,2019-02-01,966777
banking_indicators:x6:8ccc61805dc636fd1a262dcb,2019-03-01,992833
banking_indicators:x6:8ccc61805dc636fd1a262dcb,2019-04-01,1009163
banking_indicators:x6:8ccc61805dc636fd1a262dcb,2019-05-01,954468
banking_indicators:x6:8ccc61805dc636fd1a262dcb,2019-06-01,966941
banking_indicators:x6:8ccc61805dc636fd1a262dcb,2019-07-01,975127
banking_indicators:x6:8ccc61805dc636fd1a262dcb,2019-08-01,677887
banking_indicators:x6:8ccc61805dc636fd1a262dcb,2019-09-01,668068
banking_indicators:x6:8ccc61805dc636fd1a262dcb,2019-10-01,526016
banking_indicators:x6:8ccc61805dc636fd1a262dcb,2019-11-01,532136
banking_indicators:x6:8ccc61805dc636fd1a262dcb,2019-12-01,542547
banking_indicators:x6:8ccc61805dc636fd1a262dcb,2020-01-01,556518
banking_indicators:x6:8ccc61805dc636fd1a262dcb,2020-02-01,571826
banking_indicators:x6:8ccc61805dc636fd1a262dcb,2020-03-01,590783
banking_indicators:x6:8ccc61805dc636fd1a262dcb,2020-04-01,605888
banking_indicators:x6:8ccc61805dc636fd1a262dcb,2020-05-01,622057
banking_indicators:x6:8ccc61805dc636fd1a262dcb,2020-06-01,643920
banking_indicators:x6:8ccc61805dc636fd1a262dcb,2020-07-01,647588
banking_indicators:x6:8ccc61805dc636fd1a262dcb,2020-08-01,650730
banking_indicators:x6:8ccc61805dc636fd1a262dcb,2020-09-01,654494
banking_indicators:x6:8ccc61805dc636fd1a262dcb,2020-10-01,659987
banking_indicators:x6:8ccc61805dc636fd1a262dcb,2020-11-01,663197
banking_indicators:x6:8ccc61805dc636fd1a262dcb,2020-12-01,657068
banking_indicators:x6:8ccc61805dc636fd1a262dcb,2021-01-01,660952
banking_indicators:x6:8ccc61805dc636fd1a262dcb,2021-02-01,666871
banking_indicators:x6:8ccc61805dc636fd1a262dcb,2021-03-01,667962
banking_indicators:x6:8ccc61805dc636fd1a262dcb,2021-04-01,671887
banking_indicators:x6:8ccc61805dc636fd1a262dcb,2021-05-01,676244
banking_indicators:x6:8ccc61805dc636fd1a262dcb,2021-06-01,679490
banking_indicators:x6:8ccc61805dc636fd1a262dcb,2021-07-01,681795
banking_indicators:x6:8ccc61805dc636fd1a262dcb,2021-08-01,685753
banking_indicators:x6:8ccc61805dc636fd1a262dcb,2021-09-01,687637
banking_indicators:x6:8ccc61805dc636fd1a262dcb,2021-10-01,687744
banking_indicators:x6:8ccc61805dc636fd1a262dcb,2021-11-01,691379
banking_indicators:x6:8ccc61805dc636fd1a262dcb,2021-12-01,707731
banking_indicators:x6:8ccc61805dc636fd1a262dcb,2022-01-01,708949
banking_indicators:x6:8ccc61805dc636fd1a262dcb,2022-02-01,720294
banking_indicators:x6:8ccc61805dc636fd1a262dcb,2022-03-01,727538
banking_indicators:x6:8ccc61805dc636fd1a262dcb,2022-04-01,737594
banking_indicators:x6:8ccc61805dc636fd1a262dcb,2022-05-01,751360
banking_indicators:x6:8ccc61805dc636fd1a262dcb,2022-06-01,766540
banking_indicators:x6:8ccc61805dc636fd1a262dcb,2022-07-01,837749
banking_indicators:x6:8ccc61805dc636fd1a262dcb,2022-08-01,860725
banking_indicators:x6:8ccc61805dc636fd1a262dcb,2022-09-01,882404
banking_indicators:x6:8ccc61805dc636fd1a262dcb,2022-10-01,900181
banking_indicators:x6:8ccc61805dc636fd1a262dcb,2022-11-01,915319
banking_indicators:x6:8ccc61805dc636fd1a262dcb,2022-12-01,933499
banking_indicators:x6:8ccc61805dc636fd1a262dcb,2023-01-01,944628
banking_indicators:x6:8ccc61805dc636fd1a262dcb,2023-02-01,959708
banking_indicators:x6:8ccc61805dc636fd1a262dcb,2023-03-01,1234269
banking_indicators:x6:8ccc61805dc636fd1a262dcb,2023-04-01,1257421
banking_indicators:x6:8ccc61805dc636fd1a262dcb,2023-05-01,1259435
banking_indicators:x6:8ccc61805dc636fd1a262dcb,2023-06-01,1284791
banking_indicators:x6:8ccc61805dc636fd1a262dcb,2023-07-01,1292996
banking_indicators:x6:8ccc61805dc636fd1a262dcb,2023-08-01,1435885
banking_indicators:x6:8ccc61805dc636fd1a262dcb,2023-09-01,1560446
banking_indicators:x6:8ccc61805dc636fd1a262dcb,2023-10-01,1716841
banking_indicators:x6:8ccc61805dc636fd1a262dcb,2023-11-01,1811682
banking_indicators:x6:8ccc61805dc636fd1a262dcb,2023-12-01,1906120
banking_indicators:x6:8ccc61805dc636fd1a262dcb,2024-01-01,2006556
banking_indicators:x6:8ccc61805dc636fd1a262dcb,2024-02-01,2064156
banking_indicators:x6:8ccc61805dc636fd1a262dcb,2024-03-01,2133272
banking_indicators:x6:8ccc61805dc636fd1a262dcb,2024-04-01,2203300
banking_indicators:x6:8ccc61805dc636fd1a262dcb,2024-05-01,2280611
banking_indicators:x6:8ccc61805dc636fd1a262dcb,2024-06-01,2320972
banking_indicators:x6:8ccc61805dc636fd1a262dcb,2024-07-01,2389419
banking_indicators:x6:8ccc61805dc636fd1a262dcb,2024-08-01,2446961
banking_indicators:x6:8ccc61805dc636fd1a262dcb,2024-09-01,2501113
banking_indicators:x6:8ccc61805dc636fd1a262dcb,2024-10-01,2150899
banking_indicators:x6:8ccc61805dc636fd1a262dcb,2024-11-01,2231148
banking_indicators:x6:8ccc61805dc636fd1a262dcb,2024-12-01,2274590
banking_indicators:x6:8ccc61805dc636fd1a262dcb,2025-01-01,2342471
banking_indicators:x6:8ccc61805dc636fd1a262dcb,2025-02-01,2395249
banking_indicators:x6:8ccc61805dc636fd1a262dcb,2025-03-01,2465221
banking_indicators:x6:8ccc61805dc636fd1a262dcb,2025-04-01,2452381
banking_indicators:x6:8ccc61805dc636fd1a262dcb,2025-05-01,2527047
banking_indicators:x6:8ccc61805dc636fd1a262dcb,2025-06-01,2498386
banking_indicators:x6:8ccc61805dc636fd1a262dcb,2025-07-01,2519996
banking_indicators:x6:8ccc61805dc636fd1a262dcb,2025-08-01,2581540
banking_indicators:x6:8ccc61805dc636fd1a262dcb,2025-09-01,2647802
banking_indicators:x6:8ccc61805dc636fd1a262dcb,2025-10-01,2699881
banking_indicators:x6:8ccc61805dc636fd1a262dcb,2025-11-01,2726352
banking_indicators:x6:8ccc61805dc636fd1a262dcb,2025-12-01,2755003
banking_indicators:x6:8ccc61805dc636fd1a262dcb,2026-01-01,2825400
banking_indicators:x6:8ccc61805dc636fd1a262dcb,2026-02-01,2879390
banking_indicators:x6:8ccc61805dc636fd1a262dcb,2026-03-01,2946153
banking_indicators:x6:8ccc61805dc636fd1a262dcb,2026-04-01,3016265
banking_indicators:x6:8ccc61805dc636fd1a262dcb,2026-05-01,3086957
banking_indicators:x6:8ccc61805dc636fd1a262dcb,2026-06-01,3272182
banking_indicators:x6:a3c072d200353eb9f96d52b4,2016-01-01,56924
banking_indicators:x6:a3c072d200353eb9f96d52b4,2016-02-01,57039
banking_indicators:x6:a3c072d200353eb9f96d52b4,2016-03-01,57018
banking_indicators:x6:a3c072d200353eb9f96d52b4,2016-04-01,57457
banking_indicators:x6:a3c072d200353eb9f96d52b4,2016-05-01,58369
banking_indicators:x6:a3c072d200353eb9f96d52b4,2016-06-01,59247
banking_indicators:x6:a3c072d200353eb9f96d52b4,2016-07-01,59870
banking_indicators:x6:a3c072d200353eb9f96d52b4,2016-08-01,60643
banking_indicators:x6:a3c072d200353eb9f96d52b4,2016-09-01,60938
banking_indicators:x6:a3c072d200353eb9f96d52b4,2016-10-01,60492
banking_indicators:x6:a3c072d200353eb9f96d52b4,2016-11-01,61286
banking_indicators:x6:a3c072d200353eb9f96d52b4,2016-12-01,61771
banking_indicators:x6:a3c072d200353eb9f96d52b4,2017-01-01,62102
banking_indicators:x6:a3c072d200353eb9f96d52b4,2017-02-01,62161
banking_indicators:x6:a3c072d200353eb9f96d52b4,2017-03-01,62849
banking_indicators:x6:a3c072d200353eb9f96d52b4,2017-04-01,62979
banking_indicators:x6:a3c072d200353eb9f96d52b4,2017-05-01,63395
banking_indicators:x6:a3c072d200353eb9f96d52b4,2017-06-01,63726
banking_indicators:x6:a3c072d200353eb9f96d52b4,2017-07-01,63733
banking_indicators:x6:a3c072d200353eb9f96d52b4,2017-08-01,63672
banking_indicators:x6:a3c072d200353eb9f96d52b4,2017-09-01,64028
banking_indicators:x6:a3c072d200353eb9f96d52b4,2017-10-01,64054
banking_indicators:x6:a3c072d200353eb9f96d52b4,2017-11-01,64671
banking_indicators:x6:a3c072d200353eb9f96d52b4,2017-12-01,64578
banking_indicators:x6:a3c072d200353eb9f96d52b4,2018-01-01,64534
banking_indicators:x6:a3c072d200353eb9f96d52b4,2018-02-01,64220
banking_indicators:x6:a3c072d200353eb9f96d52b4,2018-03-01,64629
banking_indicators:x6:a3c072d200353eb9f96d52b4,2018-04-01,64790
banking_indicators:x6:a3c072d200353eb9f96d52b4,2018-05-01,65198
banking_indicators:x6:a3c072d200353eb9f96d52b4,2018-06-01,65725
banking_indicators:x6:a3c072d200353eb9f96d52b4,2018-07-01,66143
banking_indicators:x6:a3c072d200353eb9f96d52b4,2018-08-01,66441
banking_indicators:x6:a3c072d200353eb9f96d52b4,2018-09-01,66693
banking_indicators:x6:a3c072d200353eb9f96d52b4,2018-10-01,67478
banking_indicators:x6:a3c072d200353eb9f96d52b4,2018-11-01,67923
banking_indicators:x6:a3c072d200353eb9f96d52b4,2018-12-01,68097
banking_indicators:x6:a3c072d200353eb9f96d52b4,2019-01-01,68435
banking_indicators:x6:a3c072d200353eb9f96d52b4,2019-02-01,69061
banking_indicators:x6:a3c072d200353eb9f96d52b4,2019-03-01,69564
banking_indicators:x6:a3c072d200353eb9f96d52b4,2019-04-01,69850
banking_indicators:x6:a3c072d200353eb9f96d52b4,2019-05-01,70197
banking_indicators:x6:a3c072d200353eb9f96d52b4,2019-06-01,70472
banking_indicators:x6:a3c072d200353eb9f96d52b4,2019-07-01,70918
banking_indicators:x6:a3c072d200353eb9f96d52b4,2019-08-01,71259
banking_indicators:x6:a3c072d200353eb9f96d52b4,2019-09-01,71574
banking_indicators:x6:a3c072d200353eb9f96d52b4,2019-10-01,72001
banking_indicators:x6:a3c072d200353eb9f96d52b4,2019-11-01,71977
banking_indicators:x6:a3c072d200353eb9f96d52b4,2019-12-01,71846
banking_indicators:x6:a3c072d200353eb9f96d52b4,2020-01-01,71935
banking_indicators:x6:a3c072d200353eb9f96d52b4,2020-02-01,72124
banking_indicators:x6:a3c072d200353eb9f96d52b4,2020-03-01,71143
banking_indicators:x6:a3c072d200353eb9f96d52b4,2020-04-01,70098
banking_indicators:x6:a3c072d200353eb9f96d52b4,2020-05-01,70276
banking_indicators:x6:a3c072d200353eb9f96d52b4,2020-06-01,70610
banking_indicators:x6:a3c072d200353eb9f96d52b4,2020-07-01,71291
banking_indicators:x6:a3c072d200353eb9f96d52b4,2020-08-01,71503
banking_indicators:x6:a3c072d200353eb9f96d52b4,2020-09-01,71438
banking_indicators:x6:a3c072d200353eb9f96d52b4,2020-10-01,71300
banking_indicators:x6:a3c072d200353eb9f96d52b4,2020-11-01,70905
banking_indicators:x6:a3c072d200353eb9f96d52b4,2020-12-01,70317
banking_indicators:x6:a3c072d200353eb9f96d52b4,2021-01-01,70456
banking_indicators:x6:a3c072d200353eb9f96d52b4,2021-02-01,70257
banking_indicators:x6:a3c072d200353eb9f96d52b4,2021-03-01,70061
banking_indicators:x6:a3c072d200353eb9f96d52b4,2021-04-01,69969
banking_indicators:x6:a3c072d200353eb9f96d52b4,2021-05-01,69539
banking_indicators:x6:a3c072d200353eb9f96d52b4,2021-06-01,69700
banking_indicators:x6:a3c072d200353eb9f96d52b4,2021-07-01,69239
banking_indicators:x6:a3c072d200353eb9f96d52b4,2021-08-01,69250
banking_indicators:x6:a3c072d200353eb9f96d52b4,2021-09-01,68981
banking_indicators:x6:a3c072d200353eb9f96d52b4,2021-10-01,68780
banking_indicators:x6:a3c072d200353eb9f96d52b4,2021-11-01,68444
banking_indicators:x6:a3c072d200353eb9f96d52b4,2021-12-01,68286
banking_indicators:x6:a3c072d200353eb9f96d52b4,2022-01-01,67658
banking_indicators:x6:a3c072d200353eb9f96d52b4,2022-02-01,67434
banking_indicators:x6:a3c072d200353eb9f96d52b4,2022-03-01,67595
banking_indicators:x6:a3c072d200353eb9f96d52b4,2022-04-01,68009
banking_indicators:x6:a3c072d200353eb9f96d52b4,2022-05-01,68588
banking_indicators:x6:a3c072d200353eb9f96d52b4,2022-06-01,69393
banking_indicators:x6:a3c072d200353eb9f96d52b4,2022-07-01,70421
banking_indicators:x6:a3c072d200353eb9f96d52b4,2022-08-01,71047
banking_indicators:x6:a3c072d200353eb9f96d52b4,2022-09-01,72171
banking_indicators:x6:a3c072d200353eb9f96d52b4,2022-10-01,72874
banking_indicators:x6:a3c072d200353eb9f96d52b4,2022-11-01,73679
banking_indicators:x6:a3c072d200353eb9f96d52b4,2022-12-01,74627
banking_indicators:x6:a3c072d200353eb9f96d52b4,2023-01-01,75083
banking_indicators:x6:a3c072d200353eb9f96d52b4,2023-02-01,75833
banking_indicators:x6:a3c072d200353eb9f96d52b4,2023-03-01,77114
banking_indicators:x6:a3c072d200353eb9f96d52b4,2023-04-01,78387
banking_indicators:x6:a3c072d200353eb9f96d52b4,2023-05-01,80173
banking_indicators:x6:a3c072d200353eb9f96d52b4,2023-06-01,80942
banking_indicators:x6:a3c072d200353eb9f96d52b4,2023-07-01,82298
banking_indicators:x6:a3c072d200353eb9f96d52b4,2023-08-01,84418
banking_indicators:x6:a3c072d200353eb9f96d52b4,2023-09-01,85782
banking_indicators:x6:a3c072d200353eb9f96d52b4,2023-10-01,86892
banking_indicators:x6:a3c072d200353eb9f96d52b4,2023-11-01,88141
banking_indicators:x6:a3c072d200353eb9f96d52b4,2023-12-01,89166
banking_indicators:x6:a3c072d200353eb9f96d52b4,2024-01-01,90417
banking_indicators:x6:a3c072d200353eb9f96d52b4,2024-02-01,91646
banking_indicators:x6:a3c072d200353eb9f96d52b4,2024-03-01,92814
banking_indicators:x6:a3c072d200353eb9f96d52b4,2024-04-01,94487
banking_indicators:x6:a3c072d200353eb9f96d52b4,2024-05-01,95838
banking_indicators:x6:a3c072d200353eb9f96d52b4,2024-06-01,96879
banking_indicators:x6:a3c072d200353eb9f96d52b4,2024-07-01,97953
banking_indicators:x6:a3c072d200353eb9f96d52b4,2024-08-01,99004
banking_indicators:x6:a3c072d200353eb9f96d52b4,2024-09-01,100319
banking_indicators:x6:a3c072d200353eb9f96d52b4,2024-10-01,102405
banking_indicators:x6:a3c072d200353eb9f96d52b4,2024-11-01,103484
banking_indicators:x6:a3c072d200353eb9f96d52b4,2024-12-01,104563
banking_indicators:x6:a3c072d200353eb9f96d52b4,2025-01-01,106482
banking_indicators:x6:a3c072d200353eb9f96d52b4,2025-02-01,109006
banking_indicators:x6:a3c072d200353eb9f96d52b4,2025-03-01,111986
banking_indicators:x6:a3c072d200353eb9f96d52b4,2025-04-01,114806
banking_indicators:x6:a3c072d200353eb9f96d52b4,2025-05-01,116730
banking_indicators:x6:a3c072d200353eb9f96d52b4,2025-06-01,118574
banking_indicators:x6:a3c072d200353eb9f96d52b4,2025-07-01,124631
banking_indicators:x6:a3c072d200353eb9f96d52b4,2025-08-01,129032
banking_indicators:x6:a3c072d200353eb9f96d52b4,2025-09-01,132670
banking_indicators:x6:a3c072d200353eb9f96d52b4,2025-10-01,138656
banking_indicators:x6:a3c072d200353eb9f96d52b4,2025-11-01,142359
banking_indicators:x6:a3c072d200353eb9f96d52b4,2025-12-01,145362
banking_indicators:x6:a3c072d200353eb9f96d52b4,2026-01-01,149471
banking_indicators:x6:a3c072d200353eb9f96d52b4,2026-02-01,152481
banking_indicators:x6:a3c072d200353eb9f96d52b4,2026-03-01,155786
banking_indicators:x6:a3c072d200353eb9f96d52b4,2026-04-01,158185
banking_indicators:x6:a3c072d200353eb9f96d52b4,2026-05-01,161114
banking_indicators:x6:a3c072d200353eb9f96d52b4,2026-06-01,167208
banking_indicators:x6:a500f8ea0f0d8b934a5a9cec,2016-01-01,2259408
banking_indicators:x6:a500f8ea0f0d8b934a5a9cec,2016-02-01,2287160
banking_indicators:x6:a500f8ea0f0d8b934a5a9cec,2016-03-01,2289112
banking_indicators:x6:a500f8ea0f0d8b934a5a9cec,2016-04-01,2322636
banking_indicators:x6:a500f8ea0f0d8b934a5a9cec,2016-05-01,2294441
banking_indicators:x6:a500f8ea0f0d8b934a5a9cec,2016-06-01,2305706
banking_indicators:x6:a500f8ea0f0d8b934a5a9cec,2016-07-01,2456795
banking_indicators:x6:a500f8ea0f0d8b934a5a9cec,2016-08-01,2480922
banking_indicators:x6:a500f8ea0f0d8b934a5a9cec,2016-09-01,2498427
banking_indicators:x6:a500f8ea0f0d8b934a5a9cec,2016-10-01,2516121
banking_indicators:x6:a500f8ea0f0d8b934a5a9cec,2016-11-01,2402884
banking_indicators:x6:a500f8ea0f0d8b934a5a9cec,2016-12-01,2482488
banking_indicators:x6:a500f8ea0f0d8b934a5a9cec,2017-01-01,2471195
banking_indicators:x6:a500f8ea0f0d8b934a5a9cec,2017-02-01,2493458
banking_indicators:x6:a500f8ea0f0d8b934a5a9cec,2017-03-01,2532584
banking_indicators:x6:a500f8ea0f0d8b934a5a9cec,2017-04-01,2585344
banking_indicators:x6:a500f8ea0f0d8b934a5a9cec,2017-05-01,2603056
banking_indicators:x6:a500f8ea0f0d8b934a5a9cec,2017-06-01,2658078
banking_indicators:x6:a500f8ea0f0d8b934a5a9cec,2017-07-01,2696927
banking_indicators:x6:a500f8ea0f0d8b934a5a9cec,2017-08-01,2747534
banking_indicators:x6:a500f8ea0f0d8b934a5a9cec,2017-09-01,2827222
banking_indicators:x6:a500f8ea0f0d8b934a5a9cec,2017-10-01,2893138
banking_indicators:x6:a500f8ea0f0d8b934a5a9cec,2017-11-01,3003867
banking_indicators:x6:a500f8ea0f0d8b934a5a9cec,2017-12-01,3115790
banking_indicators:x6:a500f8ea0f0d8b934a5a9cec,2018-01-01,3168412
banking_indicators:x6:a500f8ea0f0d8b934a5a9cec,2018-02-01,3363190
banking_indicators:x6:a500f8ea0f0d8b934a5a9cec,2018-03-01,3434643
banking_indicators:x6:a500f8ea0f0d8b934a5a9cec,2018-04-01,3475566
banking_indicators:x6:a500f8ea0f0d8b934a5a9cec,2018-05-01,3564261
banking_indicators:x6:a500f8ea0f0d8b934a5a9cec,2018-06-01,3640518
banking_indicators:x6:a500f8ea0f0d8b934a5a9cec,2018-07-01,3729606
banking_indicators:x6:a500f8ea0f0d8b934a5a9cec,2018-08-01,3795256
banking_indicators:x6:a500f8ea0f0d8b934a5a9cec,2018-09-01,3852963
banking_indicators:x6:a500f8ea0f0d8b934a5a9cec,2018-10-01,4010284
banking_indicators:x6:a500f8ea0f0d8b934a5a9cec,2018-11-01,4034141
banking_indicators:x6:a500f8ea0f0d8b934a5a9cec,2018-12-01,4132542
banking_indicators:x6:a500f8ea0f0d8b934a5a9cec,2019-01-01,4171051
banking_indicators:x6:a500f8ea0f0d8b934a5a9cec,2019-02-01,4230834
banking_indicators:x6:a500f8ea0f0d8b934a5a9cec,2019-03-01,4276755
banking_indicators:x6:a500f8ea0f0d8b934a5a9cec,2019-04-01,4347971
banking_indicators:x6:a500f8ea0f0d8b934a5a9cec,2019-05-01,4289005
banking_indicators:x6:a500f8ea0f0d8b934a5a9cec,2019-06-01,4340419
banking_indicators:x6:a500f8ea0f0d8b934a5a9cec,2019-07-01,4357013
banking_indicators:x6:a500f8ea0f0d8b934a5a9cec,2019-08-01,4079872
banking_indicators:x6:a500f8ea0f0d8b934a5a9cec,2019-09-01,4083839
banking_indicators:x6:a500f8ea0f0d8b934a5a9cec,2019-10-01,3962229
banking_indicators:x6:a500f8ea0f0d8b934a5a9cec,2019-11-01,4005309
banking_indicators:x6:a500f8ea0f0d8b934a5a9cec,2019-12-01,4061520
banking_indicators:x6:a500f8ea0f0d8b934a5a9cec,2020-01-01,4103617
banking_indicators:x6:a500f8ea0f0d8b934a5a9cec,2020-02-01,4143261
banking_indicators:x6:a500f8ea0f0d8b934a5a9cec,2020-03-01,4197752
banking_indicators:x6:a500f8ea0f0d8b934a5a9cec,2020-04-01,4239274
banking_indicators:x6:a500f8ea0f0d8b934a5a9cec,2020-05-01,4268740
banking_indicators:x6:a500f8ea0f0d8b934a5a9cec,2020-06-01,4317547
banking_indicators:x6:a500f8ea0f0d8b934a5a9cec,2020-07-01,4347042
banking_indicators:x6:a500f8ea0f0d8b934a5a9cec,2020-08-01,4377464
banking_indicators:x6:a500f8ea0f0d8b934a5a9cec,2020-09-01,4407486
banking_indicators:x6:a500f8ea0f0d8b934a5a9cec,2020-10-01,4436728
banking_indicators:x6:a500f8ea0f0d8b934a5a9cec,2020-11-01,4356509
banking_indicators:x6:a500f8ea0f0d8b934a5a9cec,2020-12-01,4376235
banking_indicators:x6:a500f8ea0f0d8b934a5a9cec,2021-01-01,4397501
banking_indicators:x6:a500f8ea0f0d8b934a5a9cec,2021-02-01,4444907
banking_indicators:x6:a500f8ea0f0d8b934a5a9cec,2021-03-01,4443418
banking_indicators:x6:a500f8ea0f0d8b934a5a9cec,2021-04-01,4556630
banking_indicators:x6:a500f8ea0f0d8b934a5a9cec,2021-05-01,4600297
banking_indicators:x6:a500f8ea0f0d8b934a5a9cec,2021-06-01,4642327
banking_indicators:x6:a500f8ea0f0d8b934a5a9cec,2021-07-01,4697044
banking_indicators:x6:a500f8ea0f0d8b934a5a9cec,2021-08-01,4723197
banking_indicators:x6:a500f8ea0f0d8b934a5a9cec,2021-09-01,4768366
banking_indicators:x6:a500f8ea0f0d8b934a5a9cec,2021-10-01,4820131
banking_indicators:x6:a500f8ea0f0d8b934a5a9cec,2021-11-01,4799855
banking_indicators:x6:a500f8ea0f0d8b934a5a9cec,2021-12-01,4912299
banking_indicators:x6:a500f8ea0f0d8b934a5a9cec,2022-01-01,4891984
banking_indicators:x6:a500f8ea0f0d8b934a5a9cec,2022-02-01,5002046
banking_indicators:x6:a500f8ea0f0d8b934a5a9cec,2022-03-01,5038781
banking_indicators:x6:a500f8ea0f0d8b934a5a9cec,2022-04-01,5098607
banking_indicators:x6:a500f8ea0f0d8b934a5a9cec,2022-05-01,5135923
banking_indicators:x6:a500f8ea0f0d8b934a5a9cec,2022-06-01,5196350
banking_indicators:x6:a500f8ea0f0d8b934a5a9cec,2022-07-01,5319907
banking_indicators:x6:a500f8ea0f0d8b934a5a9cec,2022-08-01,5392611
banking_indicators:x6:a500f8ea0f0d8b934a5a9cec,2022-09-01,5467710
banking_indicators:x6:a500f8ea0f0d8b934a5a9cec,2022-10-01,5532121
banking_indicators:x6:a500f8ea0f0d8b934a5a9cec,2022-11-01,5590686
banking_indicators:x6:a500f8ea0f0d8b934a5a9cec,2022-12-01,5694244
banking_indicators:x6:a500f8ea0f0d8b934a5a9cec,2023-01-01,5748985
banking_indicators:x6:a500f8ea0f0d8b934a5a9cec,2023-02-01,5821560
banking_indicators:x6:a500f8ea0f0d8b934a5a9cec,2023-03-01,5914317
banking_indicators:x6:a500f8ea0f0d8b934a5a9cec,2023-04-01,5998393
banking_indicators:x6:a500f8ea0f0d8b934a5a9cec,2023-05-01,6061534
banking_indicators:x6:a500f8ea0f0d8b934a5a9cec,2023-06-01,6197684
banking_indicators:x6:a500f8ea0f0d8b934a5a9cec,2023-07-01,6257066
banking_indicators:x6:a500f8ea0f0d8b934a5a9cec,2023-08-01,6474136
banking_indicators:x6:a500f8ea0f0d8b934a5a9cec,2023-09-01,6671041
banking_indicators:x6:a500f8ea0f0d8b934a5a9cec,2023-10-01,6967422
banking_indicators:x6:a500f8ea0f0d8b934a5a9cec,2023-11-01,7098783
banking_indicators:x6:a500f8ea0f0d8b934a5a9cec,2023-12-01,7258220
banking_indicators:x6:a500f8ea0f0d8b934a5a9cec,2024-01-01,7398318
banking_indicators:x6:a500f8ea0f0d8b934a5a9cec,2024-02-01,7547429
banking_indicators:x6:a500f8ea0f0d8b934a5a9cec,2024-03-01,7694329
banking_indicators:x6:a500f8ea0f0d8b934a5a9cec,2024-04-01,7869788
banking_indicators:x6:a500f8ea0f0d8b934a5a9cec,2024-05-01,8036075
banking_indicators:x6:a500f8ea0f0d8b934a5a9cec,2024-06-01,8873928
banking_indicators:x6:a500f8ea0f0d8b934a5a9cec,2024-07-01,9068047
banking_indicators:x6:a500f8ea0f0d8b934a5a9cec,2024-08-01,9213923
banking_indicators:x6:a500f8ea0f0d8b934a5a9cec,2024-09-01,9373981
banking_indicators:x6:a500f8ea0f0d8b934a5a9cec,2024-10-01,9521123
banking_indicators:x6:a500f8ea0f0d8b934a5a9cec,2024-11-01,9497623
banking_indicators:x6:a500f8ea0f0d8b934a5a9cec,2024-12-01,9888418
banking_indicators:x6:a500f8ea0f0d8b934a5a9cec,2025-01-01,10054073
banking_indicators:x6:a500f8ea0f0d8b934a5a9cec,2025-02-01,10225114
banking_indicators:x6:a500f8ea0f0d8b934a5a9cec,2025-03-01,10432707
banking_indicators:x6:a500f8ea0f0d8b934a5a9cec,2025-04-01,10589002
banking_indicators:x6:a500f8ea0f0d8b934a5a9cec,2025-05-01,10807459
banking_indicators:x6:a500f8ea0f0d8b934a5a9cec,2025-06-01,10989418
banking_indicators:x6:a500f8ea0f0d8b934a5a9cec,2025-07-01,11229227
banking_indicators:x6:a500f8ea0f0d8b934a5a9cec,2025-08-01,11431321
banking_indicators:x6:a500f8ea0f0d8b934a5a9cec,2025-09-01,11603016
banking_indicators:x6:a500f8ea0f0d8b934a5a9cec,2025-10-01,11930014
banking_indicators:x6:a500f8ea0f0d8b934a5a9cec,2025-11-01,12034641
banking_indicators:x6:a500f8ea0f0d8b934a5a9cec,2025-12-01,12213150
banking_indicators:x6:a500f8ea0f0d8b934a5a9cec,2026-01-01,12415489
banking_indicators:x6:a500f8ea0f0d8b934a5a9cec,2026-02-01,12630656
banking_indicators:x6:a500f8ea0f0d8b934a5a9cec,2026-03-01,12888502
banking_indicators:x6:a500f8ea0f0d8b934a5a9cec,2026-04-01,13108938
banking_indicators:x6:a500f8ea0f0d8b934a5a9cec,2026-05-01,13249176
banking_indicators:x6:a500f8ea0f0d8b934a5a9cec,2026-06-01,15257427
banking_indicators:x7:5455a5b2fcea88c6ca3617d8,2016-01-01,1790745
banking_indicators:x7:5455a5b2fcea88c6ca3617d8,2016-02-01,1802619
banking_indicators:x7:5455a5b2fcea88c6ca3617d8,2016-03-01,1804651
banking_indicators:x7:5455a5b2fcea88c6ca3617d8,2016-04-01,1817134
banking_indicators:x7:5455a5b2fcea88c6ca3617d8,2016-05-01,1814199
banking_indicators:x7:5455a5b2fcea88c6ca3617d8,2016-06-01,1818122
banking_indicators:x7:5455a5b2fcea88c6ca3617d8,2016-07-01,1884107
banking_indicators:x7:5455a5b2fcea88c6ca3617d8,2016-08-01,1892567
banking_indicators:x7:5455a5b2fcea88c6ca3617d8,2016-09-01,1898921
banking_indicators:x7:5455a5b2fcea88c6ca3617d8,2016-10-01,1914902
banking_indicators:x7:5455a5b2fcea88c6ca3617d8,2016-11-01,1850450
banking_indicators:x7:5455a5b2fcea88c6ca3617d8,2016-12-01,1858715
banking_indicators:x7:5455a5b2fcea88c6ca3617d8,2017-01-01,1863214
banking_indicators:x7:5455a5b2fcea88c6ca3617d8,2017-02-01,1865862
banking_indicators:x7:5455a5b2fcea88c6ca3617d8,2017-03-01,1875938
banking_indicators:x7:5455a5b2fcea88c6ca3617d8,2017-04-01,1886233
banking_indicators:x7:5455a5b2fcea88c6ca3617d8,2017-05-01,1901203
banking_indicators:x7:5455a5b2fcea88c6ca3617d8,2017-06-01,1919238
banking_indicators:x7:5455a5b2fcea88c6ca3617d8,2017-07-01,1936996
banking_indicators:x7:5455a5b2fcea88c6ca3617d8,2017-08-01,1956726
banking_indicators:x7:5455a5b2fcea88c6ca3617d8,2017-09-01,1987756
banking_indicators:x7:5455a5b2fcea88c6ca3617d8,2017-10-01,2024393
banking_indicators:x7:5455a5b2fcea88c6ca3617d8,2017-11-01,2057877
banking_indicators:x7:5455a5b2fcea88c6ca3617d8,2017-12-01,2088883
banking_indicators:x7:5455a5b2fcea88c6ca3617d8,2018-01-01,2131408
banking_indicators:x7:5455a5b2fcea88c6ca3617d8,2018-02-01,2154813
banking_indicators:x7:5455a5b2fcea88c6ca3617d8,2018-03-01,2186703
banking_indicators:x7:5455a5b2fcea88c6ca3617d8,2018-04-01,2204878
banking_indicators:x7:5455a5b2fcea88c6ca3617d8,2018-05-01,2243790
banking_indicators:x7:5455a5b2fcea88c6ca3617d8,2018-06-01,2273371
banking_indicators:x7:5455a5b2fcea88c6ca3617d8,2018-07-01,2306620
banking_indicators:x7:5455a5b2fcea88c6ca3617d8,2018-08-01,2331932
banking_indicators:x7:5455a5b2fcea88c6ca3617d8,2018-09-01,2341944
banking_indicators:x7:5455a5b2fcea88c6ca3617d8,2018-10-01,2364181
banking_indicators:x7:5455a5b2fcea88c6ca3617d8,2018-11-01,2379311
banking_indicators:x7:5455a5b2fcea88c6ca3617d8,2018-12-01,2402019
banking_indicators:x7:5455a5b2fcea88c6ca3617d8,2019-01-01,2423092
banking_indicators:x7:5455a5b2fcea88c6ca3617d8,2019-02-01,2443172
banking_indicators:x7:5455a5b2fcea88c6ca3617d8,2019-03-01,2459154
banking_indicators:x7:5455a5b2fcea88c6ca3617d8,2019-04-01,2485327
banking_indicators:x7:5455a5b2fcea88c6ca3617d8,2019-05-01,2451456
banking_indicators:x7:5455a5b2fcea88c6ca3617d8,2019-06-01,2469017
banking_indicators:x7:5455a5b2fcea88c6ca3617d8,2019-07-01,2477132
banking_indicators:x7:5455a5b2fcea88c6ca3617d8,2019-08-01,2321441
banking_indicators:x7:5455a5b2fcea88c6ca3617d8,2019-09-01,2322830
banking_indicators:x7:5455a5b2fcea88c6ca3617d8,2019-10-01,2260468
banking_indicators:x7:5455a5b2fcea88c6ca3617d8,2019-11-01,2273195
banking_indicators:x7:5455a5b2fcea88c6ca3617d8,2019-12-01,2287108
banking_indicators:x7:5455a5b2fcea88c6ca3617d8,2020-01-01,2313544
banking_indicators:x7:5455a5b2fcea88c6ca3617d8,2020-02-01,2325164
banking_indicators:x7:5455a5b2fcea88c6ca3617d8,2020-03-01,2345645
banking_indicators:x7:5455a5b2fcea88c6ca3617d8,2020-04-01,2355403
banking_indicators:x7:5455a5b2fcea88c6ca3617d8,2020-05-01,2366810
banking_indicators:x7:5455a5b2fcea88c6ca3617d8,2020-06-01,2389695
banking_indicators:x7:5455a5b2fcea88c6ca3617d8,2020-07-01,2394509
banking_indicators:x7:5455a5b2fcea88c6ca3617d8,2020-08-01,2397782
banking_indicators:x7:5455a5b2fcea88c6ca3617d8,2020-09-01,2404165
banking_indicators:x7:5455a5b2fcea88c6ca3617d8,2020-10-01,2417115
banking_indicators:x7:5455a5b2fcea88c6ca3617d8,2020-11-01,2402320
banking_indicators:x7:5455a5b2fcea88c6ca3617d8,2020-12-01,2402597
banking_indicators:x7:5455a5b2fcea88c6ca3617d8,2021-01-01,2409416
banking_indicators:x7:5455a5b2fcea88c6ca3617d8,2021-02-01,2421747
banking_indicators:x7:5455a5b2fcea88c6ca3617d8,2021-03-01,2422492
banking_indicators:x7:5455a5b2fcea88c6ca3617d8,2021-04-01,2440387
banking_indicators:x7:5455a5b2fcea88c6ca3617d8,2021-05-01,2457758
banking_indicators:x7:5455a5b2fcea88c6ca3617d8,2021-06-01,2465576
banking_indicators:x7:5455a5b2fcea88c6ca3617d8,2021-07-01,2481204
banking_indicators:x7:5455a5b2fcea88c6ca3617d8,2021-08-01,2487460
banking_indicators:x7:5455a5b2fcea88c6ca3617d8,2021-09-01,2501893
banking_indicators:x7:5455a5b2fcea88c6ca3617d8,2021-10-01,2521451
banking_indicators:x7:5455a5b2fcea88c6ca3617d8,2021-11-01,2521571
banking_indicators:x7:5455a5b2fcea88c6ca3617d8,2021-12-01,2543674
banking_indicators:x7:5455a5b2fcea88c6ca3617d8,2022-01-01,2551798
banking_indicators:x7:5455a5b2fcea88c6ca3617d8,2022-02-01,2572921
banking_indicators:x7:5455a5b2fcea88c6ca3617d8,2022-03-01,2583298
banking_indicators:x7:5455a5b2fcea88c6ca3617d8,2022-04-01,2599784
banking_indicators:x7:5455a5b2fcea88c6ca3617d8,2022-05-01,2602497
banking_indicators:x7:5455a5b2fcea88c6ca3617d8,2022-06-01,2621937
banking_indicators:x7:5455a5b2fcea88c6ca3617d8,2022-07-01,2660337
banking_indicators:x7:5455a5b2fcea88c6ca3617d8,2022-08-01,2680912
banking_indicators:x7:5455a5b2fcea88c6ca3617d8,2022-09-01,2700093
banking_indicators:x7:5455a5b2fcea88c6ca3617d8,2022-10-01,2718274
banking_indicators:x7:5455a5b2fcea88c6ca3617d8,2022-11-01,2730354
banking_indicators:x7:5455a5b2fcea88c6ca3617d8,2022-12-01,2748679
banking_indicators:x7:5455a5b2fcea88c6ca3617d8,2023-01-01,2769786
banking_indicators:x7:5455a5b2fcea88c6ca3617d8,2023-02-01,2788207
banking_indicators:x7:5455a5b2fcea88c6ca3617d8,2023-03-01,2808675
banking_indicators:x7:5455a5b2fcea88c6ca3617d8,2023-04-01,2835653
banking_indicators:x7:5455a5b2fcea88c6ca3617d8,2023-05-01,2848791
banking_indicators:x7:5455a5b2fcea88c6ca3617d8,2023-06-01,2881494
banking_indicators:x7:5455a5b2fcea88c6ca3617d8,2023-07-01,2894046
banking_indicators:x7:5455a5b2fcea88c6ca3617d8,2023-08-01,2957068
banking_indicators:x7:5455a5b2fcea88c6ca3617d8,2023-09-01,2990133
banking_indicators:x7:5455a5b2fcea88c6ca3617d8,2023-10-01,3054115
banking_indicators:x7:5455a5b2fcea88c6ca3617d8,2023-11-01,3068179
banking_indicators:x7:5455a5b2fcea88c6ca3617d8,2023-12-01,3112776
banking_indicators:x7:5455a5b2fcea88c6ca3617d8,2024-01-01,3163046
banking_indicators:x7:5455a5b2fcea88c6ca3617d8,2024-02-01,3188120
banking_indicators:x7:5455a5b2fcea88c6ca3617d8,2024-03-01,3228761
banking_indicators:x7:5455a5b2fcea88c6ca3617d8,2024-04-01,3264604
banking_indicators:x7:5455a5b2fcea88c6ca3617d8,2024-05-01,3309758
banking_indicators:x7:5455a5b2fcea88c6ca3617d8,2024-06-01,3552118
banking_indicators:x7:5455a5b2fcea88c6ca3617d8,2024-07-01,3582309
banking_indicators:x7:5455a5b2fcea88c6ca3617d8,2024-08-01,3613211
banking_indicators:x7:5455a5b2fcea88c6ca3617d8,2024-09-01,3645220
banking_indicators:x7:5455a5b2fcea88c6ca3617d8,2024-10-01,3680158
banking_indicators:x7:5455a5b2fcea88c6ca3617d8,2024-11-01,3715042
banking_indicators:x7:5455a5b2fcea88c6ca3617d8,2024-12-01,3771433
banking_indicators:x7:5455a5b2fcea88c6ca3617d8,2025-01-01,3814025
banking_indicators:x7:5455a5b2fcea88c6ca3617d8,2025-02-01,3849308
banking_indicators:x7:5455a5b2fcea88c6ca3617d8,2025-03-01,3893033
banking_indicators:x7:5455a5b2fcea88c6ca3617d8,2025-04-01,3928854
banking_indicators:x7:5455a5b2fcea88c6ca3617d8,2025-05-01,3971249
banking_indicators:x7:5455a5b2fcea88c6ca3617d8,2025-06-01,4007102
banking_indicators:x7:5455a5b2fcea88c6ca3617d8,2025-07-01,4053021
banking_indicators:x7:5455a5b2fcea88c6ca3617d8,2025-08-01,4087391
banking_indicators:x7:5455a5b2fcea88c6ca3617d8,2025-09-01,4124736
banking_indicators:x7:5455a5b2fcea88c6ca3617d8,2025-10-01,4149399
banking_indicators:x7:5455a5b2fcea88c6ca3617d8,2025-11-01,4184345
banking_indicators:x7:5455a5b2fcea88c6ca3617d8,2025-12-01,4200553
banking_indicators:x7:5455a5b2fcea88c6ca3617d8,2026-01-01,4246876
banking_indicators:x7:5455a5b2fcea88c6ca3617d8,2026-02-01,4283654
banking_indicators:x7:5455a5b2fcea88c6ca3617d8,2026-03-01,4328060
banking_indicators:x7:5455a5b2fcea88c6ca3617d8,2026-04-01,4365930
banking_indicators:x7:5455a5b2fcea88c6ca3617d8,2026-05-01,4404106
banking_indicators:x7:5455a5b2fcea88c6ca3617d8,2026-06-01,4509745
banking_indicators:x7:5a43c226ac2f86b0e90f5b41,2016-01-01,1818324
banking_indicators:x7:5a43c226ac2f86b0e90f5b41,2016-02-01,1830252
banking_indicators:x7:5a43c226ac2f86b0e90f5b41,2016-03-01,1832438
banking_indicators:x7:5a43c226ac2f86b0e90f5b41,2016-04-01,1845106
banking_indicators:x7:5a43c226ac2f86b0e90f5b41,2016-05-01,1842262
banking_indicators:x7:5a43c226ac2f86b0e90f5b41,2016-06-01,1846285
banking_indicators:x7:5a43c226ac2f86b0e90f5b41,2016-07-01,1912673
banking_indicators:x7:5a43c226ac2f86b0e90f5b41,2016-08-01,1921325
banking_indicators:x7:5a43c226ac2f86b0e90f5b41,2016-09-01,1927759
banking_indicators:x7:5a43c226ac2f86b0e90f5b41,2016-10-01,1943980
banking_indicators:x7:5a43c226ac2f86b0e90f5b41,2016-11-01,1879358
banking_indicators:x7:5a43c226ac2f86b0e90f5b41,2016-12-01,1887812
banking_indicators:x7:5a43c226ac2f86b0e90f5b41,2017-01-01,1892511
banking_indicators:x7:5a43c226ac2f86b0e90f5b41,2017-02-01,1895246
banking_indicators:x7:5a43c226ac2f86b0e90f5b41,2017-03-01,1905532
banking_indicators:x7:5a43c226ac2f86b0e90f5b41,2017-04-01,1915952
banking_indicators:x7:5a43c226ac2f86b0e90f5b41,2017-05-01,1931137
banking_indicators:x7:5a43c226ac2f86b0e90f5b41,2017-06-01,1949306
banking_indicators:x7:5a43c226ac2f86b0e90f5b41,2017-07-01,1967225
banking_indicators:x7:5a43c226ac2f86b0e90f5b41,2017-08-01,1987215
banking_indicators:x7:5a43c226ac2f86b0e90f5b41,2017-09-01,2018476
banking_indicators:x7:5a43c226ac2f86b0e90f5b41,2017-10-01,2055364
banking_indicators:x7:5a43c226ac2f86b0e90f5b41,2017-11-01,2089110
banking_indicators:x7:5a43c226ac2f86b0e90f5b41,2017-12-01,2120338
banking_indicators:x7:5a43c226ac2f86b0e90f5b41,2018-01-01,2162954
banking_indicators:x7:5a43c226ac2f86b0e90f5b41,2018-02-01,2186859
banking_indicators:x7:5a43c226ac2f86b0e90f5b41,2018-03-01,2218901
banking_indicators:x7:5a43c226ac2f86b0e90f5b41,2018-04-01,2237303
banking_indicators:x7:5a43c226ac2f86b0e90f5b41,2018-05-01,2276543
banking_indicators:x7:5a43c226ac2f86b0e90f5b41,2018-06-01,2306925
banking_indicators:x7:5a43c226ac2f86b0e90f5b41,2018-07-01,2340419
banking_indicators:x7:5a43c226ac2f86b0e90f5b41,2018-08-01,2365896
banking_indicators:x7:5a43c226ac2f86b0e90f5b41,2018-09-01,2376042
banking_indicators:x7:5a43c226ac2f86b0e90f5b41,2018-10-01,2398443
banking_indicators:x7:5a43c226ac2f86b0e90f5b41,2018-11-01,2413439
banking_indicators:x7:5a43c226ac2f86b0e90f5b41,2018-12-01,2436246
banking_indicators:x7:5a43c226ac2f86b0e90f5b41,2019-01-01,2457420
banking_indicators:x7:5a43c226ac2f86b0e90f5b41,2019-02-01,2477536
banking_indicators:x7:5a43c226ac2f86b0e90f5b41,2019-03-01,2493628
banking_indicators:x7:5a43c226ac2f86b0e90f5b41,2019-04-01,2519937
banking_indicators:x7:5a43c226ac2f86b0e90f5b41,2019-05-01,2486193
banking_indicators:x7:5a43c226ac2f86b0e90f5b41,2019-06-01,2504235
banking_indicators:x7:5a43c226ac2f86b0e90f5b41,2019-07-01,2512513
banking_indicators:x7:5a43c226ac2f86b0e90f5b41,2019-08-01,2356942
banking_indicators:x7:5a43c226ac2f86b0e90f5b41,2019-09-01,2358405
banking_indicators:x7:5a43c226ac2f86b0e90f5b41,2019-10-01,2296181
banking_indicators:x7:5a43c226ac2f86b0e90f5b41,2019-11-01,2309159
banking_indicators:x7:5a43c226ac2f86b0e90f5b41,2019-12-01,2323183
banking_indicators:x7:5a43c226ac2f86b0e90f5b41,2020-01-01,2349642
banking_indicators:x7:5a43c226ac2f86b0e90f5b41,2020-02-01,2361372
banking_indicators:x7:5a43c226ac2f86b0e90f5b41,2020-03-01,2381998
banking_indicators:x7:5a43c226ac2f86b0e90f5b41,2020-04-01,2391799
banking_indicators:x7:5a43c226ac2f86b0e90f5b41,2020-05-01,2403271
banking_indicators:x7:5a43c226ac2f86b0e90f5b41,2020-06-01,2426235
banking_indicators:x7:5a43c226ac2f86b0e90f5b41,2020-07-01,2431258
banking_indicators:x7:5a43c226ac2f86b0e90f5b41,2020-08-01,2434677
banking_indicators:x7:5a43c226ac2f86b0e90f5b41,2020-09-01,2441260
banking_indicators:x7:5a43c226ac2f86b0e90f5b41,2020-10-01,2454370
banking_indicators:x7:5a43c226ac2f86b0e90f5b41,2020-11-01,2439277
banking_indicators:x7:5a43c226ac2f86b0e90f5b41,2020-12-01,2439624
banking_indicators:x7:5a43c226ac2f86b0e90f5b41,2021-01-01,2446509
banking_indicators:x7:5a43c226ac2f86b0e90f5b41,2021-02-01,2458987
banking_indicators:x7:5a43c226ac2f86b0e90f5b41,2021-03-01,2459889
banking_indicators:x7:5a43c226ac2f86b0e90f5b41,2021-04-01,2478436
banking_indicators:x7:5a43c226ac2f86b0e90f5b41,2021-05-01,2495974
banking_indicators:x7:5a43c226ac2f86b0e90f5b41,2021-06-01,2503946
banking_indicators:x7:5a43c226ac2f86b0e90f5b41,2021-07-01,2519640
banking_indicators:x7:5a43c226ac2f86b0e90f5b41,2021-08-01,2526006
banking_indicators:x7:5a43c226ac2f86b0e90f5b41,2021-09-01,2540581
banking_indicators:x7:5a43c226ac2f86b0e90f5b41,2021-10-01,2560262
banking_indicators:x7:5a43c226ac2f86b0e90f5b41,2021-11-01,2560262
banking_indicators:x7:5a43c226ac2f86b0e90f5b41,2021-12-01,2582487
banking_indicators:x7:5a43c226ac2f86b0e90f5b41,2022-01-01,2590679
banking_indicators:x7:5a43c226ac2f86b0e90f5b41,2022-02-01,2612009
banking_indicators:x7:5a43c226ac2f86b0e90f5b41,2022-03-01,2622505
banking_indicators:x7:5a43c226ac2f86b0e90f5b41,2022-04-01,2639108
banking_indicators:x7:5a43c226ac2f86b0e90f5b41,2022-05-01,2641935
banking_indicators:x7:5a43c226ac2f86b0e90f5b41,2022-06-01,2661442
banking_indicators:x7:5a43c226ac2f86b0e90f5b41,2022-07-01,2700030
banking_indicators:x7:5a43c226ac2f86b0e90f5b41,2022-08-01,2720858
banking_indicators:x7:5a43c226ac2f86b0e90f5b41,2022-09-01,2740249
banking_indicators:x7:5a43c226ac2f86b0e90f5b41,2022-10-01,2758681
banking_indicators:x7:5a43c226ac2f86b0e90f5b41,2022-11-01,2770995
banking_indicators:x7:5a43c226ac2f86b0e90f5b41,2022-12-01,2789513
banking_indicators:x7:5a43c226ac2f86b0e90f5b41,2023-01-01,2810846
banking_indicators:x7:5a43c226ac2f86b0e90f5b41,2023-02-01,2829488
banking_indicators:x7:5a43c226ac2f86b0e90f5b41,2023-03-01,2850260
banking_indicators:x7:5a43c226ac2f86b0e90f5b41,2023-04-01,2877484
banking_indicators:x7:5a43c226ac2f86b0e90f5b41,2023-05-01,2890743
banking_indicators:x7:5a43c226ac2f86b0e90f5b41,2023-06-01,2923782
banking_indicators:x7:5a43c226ac2f86b0e90f5b41,2023-07-01,2936300
banking_indicators:x7:5a43c226ac2f86b0e90f5b41,2023-08-01,2999572
banking_indicators:x7:5a43c226ac2f86b0e90f5b41,2023-09-01,3032879
banking_indicators:x7:5a43c226ac2f86b0e90f5b41,2023-10-01,3097158
banking_indicators:x7:5a43c226ac2f86b0e90f5b41,2023-11-01,3111585
banking_indicators:x7:5a43c226ac2f86b0e90f5b41,2023-12-01,3156510
banking_indicators:x7:5a43c226ac2f86b0e90f5b41,2024-01-01,3207135
banking_indicators:x7:5a43c226ac2f86b0e90f5b41,2024-02-01,3232573
banking_indicators:x7:5a43c226ac2f86b0e90f5b41,2024-03-01,3273648
banking_indicators:x7:5a43c226ac2f86b0e90f5b41,2024-04-01,3309847
banking_indicators:x7:5a43c226ac2f86b0e90f5b41,2024-05-01,3355325
banking_indicators:x7:5a43c226ac2f86b0e90f5b41,2024-06-01,3598608
banking_indicators:x7:5a43c226ac2f86b0e90f5b41,2024-07-01,3629020
banking_indicators:x7:5a43c226ac2f86b0e90f5b41,2024-08-01,3660070
banking_indicators:x7:5a43c226ac2f86b0e90f5b41,2024-09-01,3692469
banking_indicators:x7:5a43c226ac2f86b0e90f5b41,2024-10-01,3727788
banking_indicators:x7:5a43c226ac2f86b0e90f5b41,2024-11-01,3763020
banking_indicators:x7:5a43c226ac2f86b0e90f5b41,2024-12-01,3819855
banking_indicators:x7:5a43c226ac2f86b0e90f5b41,2025-01-01,3862744
banking_indicators:x7:5a43c226ac2f86b0e90f5b41,2025-02-01,3898436
banking_indicators:x7:5a43c226ac2f86b0e90f5b41,2025-03-01,3942681
banking_indicators:x7:5a43c226ac2f86b0e90f5b41,2025-04-01,3979014
banking_indicators:x7:5a43c226ac2f86b0e90f5b41,2025-05-01,4021949
banking_indicators:x7:5a43c226ac2f86b0e90f5b41,2025-06-01,4058353
banking_indicators:x7:5a43c226ac2f86b0e90f5b41,2025-07-01,4104843
banking_indicators:x7:5a43c226ac2f86b0e90f5b41,2025-08-01,4139674
banking_indicators:x7:5a43c226ac2f86b0e90f5b41,2025-09-01,4177422
banking_indicators:x7:5a43c226ac2f86b0e90f5b41,2025-10-01,4203285
banking_indicators:x7:5a43c226ac2f86b0e90f5b41,2025-11-01,4238479
banking_indicators:x7:5a43c226ac2f86b0e90f5b41,2025-12-01,4255232
banking_indicators:x7:5a43c226ac2f86b0e90f5b41,2026-01-01,4302059
banking_indicators:x7:5a43c226ac2f86b0e90f5b41,2026-02-01,4341452
banking_indicators:x7:5a43c226ac2f86b0e90f5b41,2026-03-01,4386720
banking_indicators:x7:5a43c226ac2f86b0e90f5b41,2026-04-01,4425031
banking_indicators:x7:5a43c226ac2f86b0e90f5b41,2026-05-01,4464326
banking_indicators:x7:5a43c226ac2f86b0e90f5b41,2026-06-01,4571484
banking_indicators:x7:fd16a5cac7a1f712805266c5,2016-01-01,27579
banking_indicators:x7:fd16a5cac7a1f712805266c5,2016-02-01,27633
banking_indicators:x7:fd16a5cac7a1f712805266c5,2016-03-01,27787
banking_indicators:x7:fd16a5cac7a1f712805266c5,2016-04-01,27972
banking_indicators:x7:fd16a5cac7a1f712805266c5,2016-05-01,28063
banking_indicators:x7:fd16a5cac7a1f712805266c5,2016-06-01,28163
banking_indicators:x7:fd16a5cac7a1f712805266c5,2016-07-01,28566
banking_indicators:x7:fd16a5cac7a1f712805266c5,2016-08-01,28758
banking_indicators:x7:fd16a5cac7a1f712805266c5,2016-09-01,28838
banking_indicators:x7:fd16a5cac7a1f712805266c5,2016-10-01,29078
banking_indicators:x7:fd16a5cac7a1f712805266c5,2016-11-01,28908
banking_indicators:x7:fd16a5cac7a1f712805266c5,2016-12-01,29097
banking_indicators:x7:fd16a5cac7a1f712805266c5,2017-01-01,29297
banking_indicators:x7:fd16a5cac7a1f712805266c5,2017-02-01,29384
banking_indicators:x7:fd16a5cac7a1f712805266c5,2017-03-01,29594
banking_indicators:x7:fd16a5cac7a1f712805266c5,2017-04-01,29719
banking_indicators:x7:fd16a5cac7a1f712805266c5,2017-05-01,29934
banking_indicators:x7:fd16a5cac7a1f712805266c5,2017-06-01,30068
banking_indicators:x7:fd16a5cac7a1f712805266c5,2017-07-01,30229
banking_indicators:x7:fd16a5cac7a1f712805266c5,2017-08-01,30489
banking_indicators:x7:fd16a5cac7a1f712805266c5,2017-09-01,30720
banking_indicators:x7:fd16a5cac7a1f712805266c5,2017-10-01,30971
banking_indicators:x7:fd16a5cac7a1f712805266c5,2017-11-01,31233
banking_indicators:x7:fd16a5cac7a1f712805266c5,2017-12-01,31455
banking_indicators:x7:fd16a5cac7a1f712805266c5,2018-01-01,31546
banking_indicators:x7:fd16a5cac7a1f712805266c5,2018-02-01,32046
banking_indicators:x7:fd16a5cac7a1f712805266c5,2018-03-01,32198
banking_indicators:x7:fd16a5cac7a1f712805266c5,2018-04-01,32425
banking_indicators:x7:fd16a5cac7a1f712805266c5,2018-05-01,32753
banking_indicators:x7:fd16a5cac7a1f712805266c5,2018-06-01,33554
banking_indicators:x7:fd16a5cac7a1f712805266c5,2018-07-01,33799
banking_indicators:x7:fd16a5cac7a1f712805266c5,2018-08-01,33964
banking_indicators:x7:fd16a5cac7a1f712805266c5,2018-09-01,34098
banking_indicators:x7:fd16a5cac7a1f712805266c5,2018-10-01,34262
banking_indicators:x7:fd16a5cac7a1f712805266c5,2018-11-01,34128
banking_indicators:x7:fd16a5cac7a1f712805266c5,2018-12-01,34227
banking_indicators:x7:fd16a5cac7a1f712805266c5,2019-01-01,34328
banking_indicators:x7:fd16a5cac7a1f712805266c5,2019-02-01,34364
banking_indicators:x7:fd16a5cac7a1f712805266c5,2019-03-01,34474
banking_indicators:x7:fd16a5cac7a1f712805266c5,2019-04-01,34610
banking_indicators:x7:fd16a5cac7a1f712805266c5,2019-05-01,34737
banking_indicators:x7:fd16a5cac7a1f712805266c5,2019-06-01,35218
banking_indicators:x7:fd16a5cac7a1f712805266c5,2019-07-01,35381
banking_indicators:x7:fd16a5cac7a1f712805266c5,2019-08-01,35501
banking_indicators:x7:fd16a5cac7a1f712805266c5,2019-09-01,35575
banking_indicators:x7:fd16a5cac7a1f712805266c5,2019-10-01,35713
banking_indicators:x7:fd16a5cac7a1f712805266c5,2019-11-01,35964
banking_indicators:x7:fd16a5cac7a1f712805266c5,2019-12-01,36075
banking_indicators:x7:fd16a5cac7a1f712805266c5,2020-01-01,36098
banking_indicators:x7:fd16a5cac7a1f712805266c5,2020-02-01,36208
banking_indicators:x7:fd16a5cac7a1f712805266c5,2020-03-01,36353
banking_indicators:x7:fd16a5cac7a1f712805266c5,2020-04-01,36396
banking_indicators:x7:fd16a5cac7a1f712805266c5,2020-05-01,36461
banking_indicators:x7:fd16a5cac7a1f712805266c5,2020-06-01,36540
banking_indicators:x7:fd16a5cac7a1f712805266c5,2020-07-01,36749
banking_indicators:x7:fd16a5cac7a1f712805266c5,2020-08-01,36895
banking_indicators:x7:fd16a5cac7a1f712805266c5,2020-09-01,37095
banking_indicators:x7:fd16a5cac7a1f712805266c5,2020-10-01,37255
banking_indicators:x7:fd16a5cac7a1f712805266c5,2020-11-01,36957
banking_indicators:x7:fd16a5cac7a1f712805266c5,2020-12-01,37027
banking_indicators:x7:fd16a5cac7a1f712805266c5,2021-01-01,37093
banking_indicators:x7:fd16a5cac7a1f712805266c5,2021-02-01,37240
banking_indicators:x7:fd16a5cac7a1f712805266c5,2021-03-01,37397
banking_indicators:x7:fd16a5cac7a1f712805266c5,2021-04-01,38049
banking_indicators:x7:fd16a5cac7a1f712805266c5,2021-05-01,38216
banking_indicators:x7:fd16a5cac7a1f712805266c5,2021-06-01,38370
banking_indicators:x7:fd16a5cac7a1f712805266c5,2021-07-01,38436
banking_indicators:x7:fd16a5cac7a1f712805266c5,2021-08-01,38546
banking_indicators:x7:fd16a5cac7a1f712805266c5,2021-09-01,38688
banking_indicators:x7:fd16a5cac7a1f712805266c5,2021-10-01,38811
banking_indicators:x7:fd16a5cac7a1f712805266c5,2021-11-01,38691
banking_indicators:x7:fd16a5cac7a1f712805266c5,2021-12-01,38813
banking_indicators:x7:fd16a5cac7a1f712805266c5,2022-01-01,38881
banking_indicators:x7:fd16a5cac7a1f712805266c5,2022-02-01,39088
banking_indicators:x7:fd16a5cac7a1f712805266c5,2022-03-01,39207
banking_indicators:x7:fd16a5cac7a1f712805266c5,2022-04-01,39324
banking_indicators:x7:fd16a5cac7a1f712805266c5,2022-05-01,39438
banking_indicators:x7:fd16a5cac7a1f712805266c5,2022-06-01,39505
banking_indicators:x7:fd16a5cac7a1f712805266c5,2022-07-01,39693
banking_indicators:x7:fd16a5cac7a1f712805266c5,2022-08-01,39946
banking_indicators:x7:fd16a5cac7a1f712805266c5,2022-09-01,40156
banking_indicators:x7:fd16a5cac7a1f712805266c5,2022-10-01,40407
banking_indicators:x7:fd16a5cac7a1f712805266c5,2022-11-01,40641
banking_indicators:x7:fd16a5cac7a1f712805266c5,2022-12-01,40834
banking_indicators:x7:fd16a5cac7a1f712805266c5,2023-01-01,41060
banking_indicators:x7:fd16a5cac7a1f712805266c5,2023-02-01,41281
banking_indicators:x7:fd16a5cac7a1f712805266c5,2023-03-01,41585
banking_indicators:x7:fd16a5cac7a1f712805266c5,2023-04-01,41831
banking_indicators:x7:fd16a5cac7a1f712805266c5,2023-05-01,41952
banking_indicators:x7:fd16a5cac7a1f712805266c5,2023-06-01,42288
banking_indicators:x7:fd16a5cac7a1f712805266c5,2023-07-01,42254
banking_indicators:x7:fd16a5cac7a1f712805266c5,2023-08-01,42504
banking_indicators:x7:fd16a5cac7a1f712805266c5,2023-09-01,42746
banking_indicators:x7:fd16a5cac7a1f712805266c5,2023-10-01,43043
banking_indicators:x7:fd16a5cac7a1f712805266c5,2023-11-01,43406
banking_indicators:x7:fd16a5cac7a1f712805266c5,2023-12-01,43734
banking_indicators:x7:fd16a5cac7a1f712805266c5,2024-01-01,44089
banking_indicators:x7:fd16a5cac7a1f712805266c5,2024-02-01,44453
banking_indicators:x7:fd16a5cac7a1f712805266c5,2024-03-01,44887
banking_indicators:x7:fd16a5cac7a1f712805266c5,2024-04-01,45243
banking_indicators:x7:fd16a5cac7a1f712805266c5,2024-05-01,45567
banking_indicators:x7:fd16a5cac7a1f712805266c5,2024-06-01,46490
banking_indicators:x7:fd16a5cac7a1f712805266c5,2024-07-01,46711
banking_indicators:x7:fd16a5cac7a1f712805266c5,2024-08-01,46859
banking_indicators:x7:fd16a5cac7a1f712805266c5,2024-09-01,47249
banking_indicators:x7:fd16a5cac7a1f712805266c5,2024-10-01,47630
banking_indicators:x7:fd16a5cac7a1f712805266c5,2024-11-01,47978
banking_indicators:x7:fd16a5cac7a1f712805266c5,2024-12-01,48422
banking_indicators:x7:fd16a5cac7a1f712805266c5,2025-01-01,48719
banking_indicators:x7:fd16a5cac7a1f712805266c5,2025-02-01,49128
banking_indicators:x7:fd16a5cac7a1f712805266c5,2025-03-01,49648
banking_indicators:x7:fd16a5cac7a1f712805266c5,2025-04-01,50160
banking_indicators:x7:fd16a5cac7a1f712805266c5,2025-05-01,50700
banking_indicators:x7:fd16a5cac7a1f712805266c5,2025-06-01,51251
banking_indicators:x7:fd16a5cac7a1f712805266c5,2025-07-01,51822
banking_indicators:x7:fd16a5cac7a1f712805266c5,2025-08-01,52283
banking_indicators:x7:fd16a5cac7a1f712805266c5,2025-09-01,52686
banking_indicators:x7:fd16a5cac7a1f712805266c5,2025-10-01,53886
banking_indicators:x7:fd16a5cac7a1f712805266c5,2025-11-01,54134
banking_indicators:x7:fd16a5cac7a1f712805266c5,2025-12-01,54679
banking_indicators:x7:fd16a5cac7a1f712805266c5,2026-01-01,55183
banking_indicators:x7:fd16a5cac7a1f712805266c5,2026-02-01,57798
banking_indicators:x7:fd16a5cac7a1f712805266c5,2026-03-01,58660
banking_indicators:x7:fd16a5cac7a1f712805266c5,2026-04-01,59101
banking_indicators:x7:fd16a5cac7a1f712805266c5,2026-05-01,60220
banking_indicators:x7:fd16a5cac7a1f712805266c5,2026-06-01,61739
