series_id,period,value
eve:bloque_de_inflacion:expectativa_ano_t,2006-04-01,0.114
eve:bloque_de_inflacion:expectativa_ano_t_1,2006-04-01,0.099
eve:bloque_de_inflacion:expectativa_del_mes,2006-04-01,0.008
eve:bloque_de_inflacion:expectativa_del_proximo_mes,2014-06-01,0.0032500000000000003
eve:bloque_de_inflacion:horizonte_de_politica_monetaria_proximos_24_meses,2014-08-01,0.055
eve:bloque_de_inflacion:proximos_12_meses,2017-09-01,0.04
eve:bloque_de_inflacion_100:expectativa_ano_t,2014-07-01,0.0545
eve:bloque_de_inflacion_100:expectativa_ano_t_1,2014-07-01,0.05
eve:bloque_de_inflacion_100:expectativa_del_mes,2014-07-01,0.002
eve:bloque_de_inflacion_100:expectativa_del_proximo_mes,2022-09-01,0.005
eve:bloque_de_inflacion_100:horizonte_de_politica_monetaria_proximos_24_meses,2022-11-01,0.04295
eve:bloque_de_inflacion_100:proximos_12_meses,2025-12-01,0.037
eve:bloque_de_inflacion_101:expectativa_ano_t,2014-08-01,0.054
eve:bloque_de_inflacion_101:expectativa_ano_t_1,2014-08-01,0.053
eve:bloque_de_inflacion_101:expectativa_del_mes,2014-08-01,0.002
eve:bloque_de_inflacion_101:expectativa_del_proximo_mes,2022-10-01,0.005
eve:bloque_de_inflacion_101:horizonte_de_politica_monetaria_proximos_24_meses,2022-12-01,0.04
eve:bloque_de_inflacion_101:proximos_12_meses,2026-01-01,0.035
eve:bloque_de_inflacion_102:expectativa_ano_t,2014-09-01,0.05
eve:bloque_de_inflacion_102:expectativa_ano_t_1,2014-09-01,0.051000000000000004
eve:bloque_de_inflacion_102:expectativa_del_mes,2014-09-01,0.002
eve:bloque_de_inflacion_102:expectativa_del_proximo_mes,2022-11-01,0.005
eve:bloque_de_inflacion_102:horizonte_de_politica_monetaria_proximos_24_meses,2023-01-01,0.04
eve:bloque_de_inflacion_102:proximos_12_meses,2026-02-01,0.035
eve:bloque_de_inflacion_103:expectativa_ano_t,2014-10-01,0.045
eve:bloque_de_inflacion_103:expectativa_ano_t_1,2014-10-01,0.05
eve:bloque_de_inflacion_103:expectativa_del_mes,2014-10-01,0.0028
eve:bloque_de_inflacion_103:expectativa_del_proximo_mes,2022-12-01,0.005
eve:bloque_de_inflacion_103:horizonte_de_politica_monetaria_proximos_24_meses,2023-02-01,0.04
eve:bloque_de_inflacion_103:proximos_12_meses,2026-03-01,0.035
eve:bloque_de_inflacion_104:expectativa_ano_t,2014-11-01,0.04
eve:bloque_de_inflacion_104:expectativa_ano_t_1,2014-11-01,0.05
eve:bloque_de_inflacion_104:expectativa_del_mes,2014-11-01,0.003
eve:bloque_de_inflacion_104:expectativa_del_proximo_mes,2023-01-01,0.004
eve:bloque_de_inflacion_104:horizonte_de_politica_monetaria_proximos_24_meses,2023-03-01,0.04
eve:bloque_de_inflacion_104:proximos_12_meses,2026-04-01,0.035
eve:bloque_de_inflacion_105:expectativa_ano_t,2014-12-01,0.04
eve:bloque_de_inflacion_105:expectativa_ano_t_1,2014-12-01,0.05
eve:bloque_de_inflacion_105:expectativa_del_mes,2014-12-01,0.005
eve:bloque_de_inflacion_105:expectativa_del_proximo_mes,2023-02-01,0.005
eve:bloque_de_inflacion_105:horizonte_de_politica_monetaria_proximos_24_meses,2023-04-01,0.04
eve:bloque_de_inflacion_105:proximos_12_meses,2026-05-01,0.035
eve:bloque_de_inflacion_106:expectativa_ano_t,2015-01-01,0.045
eve:bloque_de_inflacion_106:expectativa_ano_t_1,2015-01-01,0.045
eve:bloque_de_inflacion_106:expectativa_del_mes,2015-01-01,0.004
eve:bloque_de_inflacion_106:expectativa_del_proximo_mes,2023-03-01,0.003
eve:bloque_de_inflacion_106:horizonte_de_politica_monetaria_proximos_24_meses,2023-05-01,0.04
eve:bloque_de_inflacion_106:proximos_12_meses,2026-06-01,0.035
eve:bloque_de_inflacion_107:expectativa_ano_t,2015-02-01,0.045
eve:bloque_de_inflacion_107:expectativa_ano_t_1,2015-02-01,0.045
eve:bloque_de_inflacion_107:expectativa_del_mes,2015-02-01,0.004
eve:bloque_de_inflacion_107:expectativa_del_proximo_mes,2023-04-01,0.003
eve:bloque_de_inflacion_107:horizonte_de_politica_monetaria_proximos_24_meses,2023-06-01,0.04
eve:bloque_de_inflacion_107:proximos_12_meses,2026-07-01,0.035
eve:bloque_de_inflacion_108:expectativa_ano_t,2015-03-01,0.045
eve:bloque_de_inflacion_108:expectativa_ano_t_1,2015-03-01,0.045
eve:bloque_de_inflacion_108:expectativa_del_mes,2015-03-01,0.003
eve:bloque_de_inflacion_108:expectativa_del_proximo_mes,2023-05-01,0.003
eve:bloque_de_inflacion_108:horizonte_de_politica_monetaria_proximos_24_meses,2023-07-01,0.04
eve:bloque_de_inflacion_108:proximos_12_meses,2026-08-01,0.035
eve:bloque_de_inflacion_109:expectativa_ano_t,2015-04-01,0.0445
eve:bloque_de_inflacion_109:expectativa_ano_t_1,2015-04-01,0.045
eve:bloque_de_inflacion_109:expectativa_del_mes,2015-04-01,0.003
eve:bloque_de_inflacion_109:expectativa_del_proximo_mes,2023-06-01,0.003
eve:bloque_de_inflacion_109:horizonte_de_politica_monetaria_proximos_24_meses,2023-08-01,0.04
eve:bloque_de_inflacion_10:expectativa_ano_t,2007-01-01,0.09762499999999999
eve:bloque_de_inflacion_10:expectativa_ano_t_1,2007-01-01,0.0927125
eve:bloque_de_inflacion_10:expectativa_del_mes,2007-01-01,0.011087499999999998
eve:bloque_de_inflacion_10:expectativa_del_proximo_mes,2015-03-01,0.003
eve:bloque_de_inflacion_10:horizonte_de_politica_monetaria_proximos_24_meses,2015-05-01,0.045
eve:bloque_de_inflacion_10:proximos_12_meses,2018-06-01,0.04
eve:bloque_de_inflacion_110:expectativa_ano_t,2015-05-01,0.0445
eve:bloque_de_inflacion_110:expectativa_ano_t_1,2015-05-01,0.045
eve:bloque_de_inflacion_110:expectativa_del_mes,2015-05-01,0.003
eve:bloque_de_inflacion_110:expectativa_del_proximo_mes,2023-07-01,0.003
eve:bloque_de_inflacion_110:horizonte_de_politica_monetaria_proximos_24_meses,2023-09-01,0.04
eve:bloque_de_inflacion_111:expectativa_ano_t,2015-06-01,0.045
eve:bloque_de_inflacion_111:expectativa_ano_t_1,2015-06-01,0.045
eve:bloque_de_inflacion_111:expectativa_del_mes,2015-06-01,0.004
eve:bloque_de_inflacion_111:expectativa_del_proximo_mes,2023-08-01,0.003
eve:bloque_de_inflacion_111:horizonte_de_politica_monetaria_proximos_24_meses,2023-10-01,0.04
eve:bloque_de_inflacion_112:expectativa_ano_t,2015-07-01,0.045
eve:bloque_de_inflacion_112:expectativa_ano_t_1,2015-07-01,0.045
eve:bloque_de_inflacion_112:expectativa_del_mes,2015-07-01,0.00405
eve:bloque_de_inflacion_112:expectativa_del_proximo_mes,2023-09-01,0.002
eve:bloque_de_inflacion_112:horizonte_de_politica_monetaria_proximos_24_meses,2023-11-01,0.04
eve:bloque_de_inflacion_113:expectativa_ano_t,2015-08-01,0.045
eve:bloque_de_inflacion_113:expectativa_ano_t_1,2015-08-01,0.045
eve:bloque_de_inflacion_113:expectativa_del_mes,2015-08-01,0.004
eve:bloque_de_inflacion_113:expectativa_del_proximo_mes,2023-10-01,0.004
eve:bloque_de_inflacion_113:horizonte_de_politica_monetaria_proximos_24_meses,2023-12-01,0.04
eve:bloque_de_inflacion_114:expectativa_ano_t,2015-09-01,0.044
eve:bloque_de_inflacion_114:expectativa_ano_t_1,2015-09-01,0.045
eve:bloque_de_inflacion_114:expectativa_del_mes,2015-09-01,0.004
eve:bloque_de_inflacion_114:expectativa_del_proximo_mes,2023-11-01,0.005
eve:bloque_de_inflacion_114:horizonte_de_politica_monetaria_proximos_24_meses,2024-01-01,0.04
eve:bloque_de_inflacion_115:expectativa_ano_t,2015-10-01,0.0435
eve:bloque_de_inflacion_115:expectativa_ano_t_1,2015-10-01,0.045
eve:bloque_de_inflacion_115:expectativa_del_mes,2015-10-01,0.004
eve:bloque_de_inflacion_115:expectativa_del_proximo_mes,2023-12-01,0.004
eve:bloque_de_inflacion_115:horizonte_de_politica_monetaria_proximos_24_meses,2024-02-01,0.04
eve:bloque_de_inflacion_116:expectativa_ano_t,2015-11-01,0.0365
eve:bloque_de_inflacion_116:expectativa_ano_t_1,2015-11-01,0.0445
eve:bloque_de_inflacion_116:expectativa_del_mes,2015-11-01,0.005
eve:bloque_de_inflacion_116:expectativa_del_proximo_mes,2024-01-01,0.003
eve:bloque_de_inflacion_116:horizonte_de_politica_monetaria_proximos_24_meses,2024-03-01,0.04
eve:bloque_de_inflacion_117:expectativa_ano_t,2015-12-01,0.032
eve:bloque_de_inflacion_117:expectativa_ano_t_1,2015-12-01,0.044
eve:bloque_de_inflacion_117:expectativa_del_mes,2015-12-01,0.005
eve:bloque_de_inflacion_117:expectativa_del_proximo_mes,2024-02-01,0.003
eve:bloque_de_inflacion_117:horizonte_de_politica_monetaria_proximos_24_meses,2024-04-01,0.04
eve:bloque_de_inflacion_118:expectativa_ano_t,2016-01-01,0.045
eve:bloque_de_inflacion_118:expectativa_ano_t_1,2016-01-01,0.045
eve:bloque_de_inflacion_118:expectativa_del_mes,2016-01-01,0.005
eve:bloque_de_inflacion_118:expectativa_del_proximo_mes,2024-03-01,0.003
eve:bloque_de_inflacion_118:horizonte_de_politica_monetaria_proximos_24_meses,2024-05-01,0.04
eve:bloque_de_inflacion_119:expectativa_ano_t,2016-02-01,0.0465
eve:bloque_de_inflacion_119:expectativa_ano_t_1,2016-02-01,0.045
eve:bloque_de_inflacion_119:expectativa_del_mes,2016-02-01,0.005
eve:bloque_de_inflacion_119:expectativa_del_proximo_mes,2024-04-01,0.004
eve:bloque_de_inflacion_119:horizonte_de_politica_monetaria_proximos_24_meses,2024-06-01,0.04
eve:bloque_de_inflacion_11:expectativa_ano_t,2007-02-01,0.07704636363636365
eve:bloque_de_inflacion_11:expectativa_ano_t_1,2007-02-01,0.07758818181818182
eve:bloque_de_inflacion_11:expectativa_del_mes,2007-02-01,0.004116363636363638
eve:bloque_de_inflacion_11:expectativa_del_proximo_mes,2015-04-01,0.00275
eve:bloque_de_inflacion_11:horizonte_de_politica_monetaria_proximos_24_meses,2015-06-01,0.045
eve:bloque_de_inflacion_11:proximos_12_meses,2018-07-01,0.04
eve:bloque_de_inflacion_120:expectativa_ano_t,2016-03-01,0.047
eve:bloque_de_inflacion_120:expectativa_ano_t_1,2016-03-01,0.045
eve:bloque_de_inflacion_120:expectativa_del_mes,2016-03-01,0.0035
eve:bloque_de_inflacion_120:expectativa_del_proximo_mes,2024-05-01,0.004
eve:bloque_de_inflacion_120:horizonte_de_politica_monetaria_proximos_24_meses,2024-07-01,0.04
eve:bloque_de_inflacion_121:expectativa_ano_t,2016-04-01,0.0455
eve:bloque_de_inflacion_121:expectativa_ano_t_1,2016-04-01,0.045
eve:bloque_de_inflacion_121:expectativa_del_mes,2016-04-01,0.00125
eve:bloque_de_inflacion_121:expectativa_del_proximo_mes,2024-06-01,0.004
eve:bloque_de_inflacion_121:horizonte_de_politica_monetaria_proximos_24_meses,2024-08-01,0.04
eve:bloque_de_inflacion_122:expectativa_ano_t,2016-05-01,0.048
eve:bloque_de_inflacion_122:expectativa_ano_t_1,2016-05-01,0.045
eve:bloque_de_inflacion_122:expectativa_del_mes,2016-05-01,0.00125
eve:bloque_de_inflacion_122:expectativa_del_proximo_mes,2024-07-01,0.003
eve:bloque_de_inflacion_122:horizonte_de_politica_monetaria_proximos_24_meses,2024-09-01,0.04
eve:bloque_de_inflacion_123:expectativa_ano_t,2016-06-01,0.045
eve:bloque_de_inflacion_123:expectativa_ano_t_1,2016-06-01,0.045
eve:bloque_de_inflacion_123:expectativa_del_mes,2016-06-01,0.002
eve:bloque_de_inflacion_123:expectativa_del_proximo_mes,2024-08-01,0.003
eve:bloque_de_inflacion_123:horizonte_de_politica_monetaria_proximos_24_meses,2024-10-01,0.04
eve:bloque_de_inflacion_124:expectativa_ano_t,2016-07-01,0.0475
eve:bloque_de_inflacion_124:expectativa_ano_t_1,2016-07-01,0.045
eve:bloque_de_inflacion_124:expectativa_del_mes,2016-07-01,0.002
eve:bloque_de_inflacion_124:expectativa_del_proximo_mes,2024-09-01,0.003
eve:bloque_de_inflacion_124:horizonte_de_politica_monetaria_proximos_24_meses,2024-11-01,0.04
eve:bloque_de_inflacion_125:expectativa_ano_t,2016-08-01,0.042499999999999996
eve:bloque_de_inflacion_125:expectativa_ano_t_1,2016-08-01,0.045
eve:bloque_de_inflacion_125:expectativa_del_mes,2016-08-01,0.003
eve:bloque_de_inflacion_125:expectativa_del_proximo_mes,2024-10-01,0.003
eve:bloque_de_inflacion_125:horizonte_de_politica_monetaria_proximos_24_meses,2024-12-01,0.04
eve:bloque_de_inflacion_126:expectativa_ano_t,2016-09-01,0.041
eve:bloque_de_inflacion_126:expectativa_ano_t_1,2016-09-01,0.045
eve:bloque_de_inflacion_126:expectativa_del_mes,2016-09-01,0.003
eve:bloque_de_inflacion_126:expectativa_del_proximo_mes,2024-11-01,0.003
eve:bloque_de_inflacion_126:horizonte_de_politica_monetaria_proximos_24_meses,2025-01-01,0.035
eve:bloque_de_inflacion_127:expectativa_ano_t,2016-10-01,0.04
eve:bloque_de_inflacion_127:expectativa_ano_t_1,2016-10-01,0.045
eve:bloque_de_inflacion_127:expectativa_del_mes,2016-10-01,0.003
eve:bloque_de_inflacion_127:expectativa_del_proximo_mes,2024-12-01,0.004
eve:bloque_de_inflacion_127:horizonte_de_politica_monetaria_proximos_24_meses,2025-02-01,0.035
eve:bloque_de_inflacion_128:expectativa_ano_t,2016-11-01,0.0375
eve:bloque_de_inflacion_128:expectativa_ano_t_1,2016-11-01,0.045
eve:bloque_de_inflacion_128:expectativa_del_mes,2016-11-01,0.002
eve:bloque_de_inflacion_128:expectativa_del_proximo_mes,2025-01-01,0.004
eve:bloque_de_inflacion_128:horizonte_de_politica_monetaria_proximos_24_meses,2025-03-01,0.035
eve:bloque_de_inflacion_129:expectativa_ano_t,2016-12-01,0.041
eve:bloque_de_inflacion_129:expectativa_ano_t_1,2016-12-01,0.045
eve:bloque_de_inflacion_129:expectativa_del_mes,2016-12-01,0.007
eve:bloque_de_inflacion_129:expectativa_del_proximo_mes,2025-02-01,0.004
eve:bloque_de_inflacion_129:horizonte_de_politica_monetaria_proximos_24_meses,2025-04-01,0.035
eve:bloque_de_inflacion_12:expectativa_ano_t,2007-03-01,0.08289999999999999
eve:bloque_de_inflacion_12:expectativa_ano_t_1,2007-03-01,0.08468
eve:bloque_de_inflacion_12:expectativa_del_mes,2007-03-01,0.0063700000000000015
eve:bloque_de_inflacion_12:expectativa_del_proximo_mes,2015-05-01,0.003
eve:bloque_de_inflacion_12:horizonte_de_politica_monetaria_proximos_24_meses,2015-07-01,0.045
eve:bloque_de_inflacion_12:proximos_12_meses,2018-08-01,0.04
eve:bloque_de_inflacion_130:expectativa_ano_t,2017-01-01,0.041
eve:bloque_de_inflacion_130:expectativa_ano_t_1,2017-01-01,0.045
eve:bloque_de_inflacion_130:expectativa_del_mes,2017-01-01,0.005
eve:bloque_de_inflacion_130:expectativa_del_proximo_mes,2025-03-01,0.004
eve:bloque_de_inflacion_130:horizonte_de_politica_monetaria_proximos_24_meses,2025-05-01,0.035
eve:bloque_de_inflacion_131:expectativa_ano_t,2017-02-01,0.042499999999999996
eve:bloque_de_inflacion_131:expectativa_ano_t_1,2017-02-01,0.045
eve:bloque_de_inflacion_131:expectativa_del_mes,2017-02-01,0.004
eve:bloque_de_inflacion_131:expectativa_del_proximo_mes,2025-04-01,0.004
eve:bloque_de_inflacion_131:horizonte_de_politica_monetaria_proximos_24_meses,2025-06-01,0.035
eve:bloque_de_inflacion_132:expectativa_ano_t,2017-03-01,0.04
eve:bloque_de_inflacion_132:expectativa_ano_t_1,2017-03-01,0.041
eve:bloque_de_inflacion_132:expectativa_del_mes,2017-03-01,0.003
eve:bloque_de_inflacion_132:expectativa_del_proximo_mes,2025-05-01,0.003
eve:bloque_de_inflacion_132:horizonte_de_politica_monetaria_proximos_24_meses,2025-07-01,0.035
eve:bloque_de_inflacion_133:expectativa_ano_t,2017-04-01,0.04
eve:bloque_de_inflacion_133:expectativa_ano_t_1,2017-04-01,0.04
eve:bloque_de_inflacion_133:expectativa_del_mes,2017-04-01,0.003
eve:bloque_de_inflacion_133:expectativa_del_proximo_mes,2025-06-01,0.002
eve:bloque_de_inflacion_133:horizonte_de_politica_monetaria_proximos_24_meses,2025-08-01,0.035
eve:bloque_de_inflacion_134:expectativa_ano_t,2017-05-01,0.04
eve:bloque_de_inflacion_134:expectativa_ano_t_1,2017-05-01,0.04
eve:bloque_de_inflacion_134:expectativa_del_mes,2017-05-01,0.003
eve:bloque_de_inflacion_134:expectativa_del_proximo_mes,2025-07-01,0.002
eve:bloque_de_inflacion_134:horizonte_de_politica_monetaria_proximos_24_meses,2025-09-01,0.035
eve:bloque_de_inflacion_135:expectativa_ano_t,2017-06-01,0.04
eve:bloque_de_inflacion_135:expectativa_ano_t_1,2017-06-01,0.04
eve:bloque_de_inflacion_135:expectativa_del_mes,2017-06-01,0.003
eve:bloque_de_inflacion_135:expectativa_del_proximo_mes,2025-08-01,0.002
eve:bloque_de_inflacion_135:horizonte_de_politica_monetaria_proximos_24_meses,2025-10-01,0.035
eve:bloque_de_inflacion_136:expectativa_ano_t,2017-07-01,0.04
eve:bloque_de_inflacion_136:expectativa_ano_t_1,2017-07-01,0.04
eve:bloque_de_inflacion_136:expectativa_del_mes,2017-07-01,0.002
eve:bloque_de_inflacion_136:expectativa_del_proximo_mes,2025-09-01,0.002
eve:bloque_de_inflacion_136:horizonte_de_politica_monetaria_proximos_24_meses,2025-11-01,0.035
eve:bloque_de_inflacion_137:expectativa_ano_t,2017-08-01,0.04
eve:bloque_de_inflacion_137:expectativa_ano_t_1,2017-08-01,0.04
eve:bloque_de_inflacion_137:expectativa_del_mes,2017-08-01,0.002
eve:bloque_de_inflacion_137:expectativa_del_proximo_mes,2025-10-01,0.002
eve:bloque_de_inflacion_137:horizonte_de_politica_monetaria_proximos_24_meses,2025-12-01,0.035
eve:bloque_de_inflacion_138:expectativa_ano_t,2017-09-01,0.04
eve:bloque_de_inflacion_138:expectativa_ano_t_1,2017-09-01,0.04
eve:bloque_de_inflacion_138:expectativa_del_mes,2017-09-01,0.002
eve:bloque_de_inflacion_138:expectativa_del_proximo_mes,2025-11-01,0.002
eve:bloque_de_inflacion_138:horizonte_de_politica_monetaria_proximos_24_meses,2026-01-01,0.035
eve:bloque_de_inflacion_139:expectativa_ano_t,2017-10-01,0.04
eve:bloque_de_inflacion_139:expectativa_ano_t_1,2017-10-01,0.04
eve:bloque_de_inflacion_139:expectativa_del_mes,2017-10-01,0.003
eve:bloque_de_inflacion_139:expectativa_del_proximo_mes,2025-12-01,0.003
eve:bloque_de_inflacion_139:horizonte_de_politica_monetaria_proximos_24_meses,2026-02-01,0.035
eve:bloque_de_inflacion_13:expectativa_ano_t,2007-04-01,0.07585181818181817
eve:bloque_de_inflacion_13:expectativa_ano_t_1,2007-04-01,0.08206909090909091
eve:bloque_de_inflacion_13:expectativa_del_mes,2007-04-01,0.003327
eve:bloque_de_inflacion_13:expectativa_del_proximo_mes,2015-06-01,0.004
eve:bloque_de_inflacion_13:horizonte_de_politica_monetaria_proximos_24_meses,2015-08-01,0.045
eve:bloque_de_inflacion_13:proximos_12_meses,2018-09-01,0.04
eve:bloque_de_inflacion_140:expectativa_ano_t,2017-11-01,0.04
eve:bloque_de_inflacion_140:expectativa_ano_t_1,2017-11-01,0.04
eve:bloque_de_inflacion_140:expectativa_del_mes,2017-11-01,0.003
eve:bloque_de_inflacion_140:expectativa_del_proximo_mes,2026-01-01,0.003
eve:bloque_de_inflacion_140:horizonte_de_politica_monetaria_proximos_24_meses,2026-03-01,0.035
eve:bloque_de_inflacion_141:expectativa_ano_t,2017-12-01,0.044
eve:bloque_de_inflacion_141:expectativa_ano_t_1,2017-12-01,0.04
eve:bloque_de_inflacion_141:expectativa_del_mes,2017-12-01,0.004
eve:bloque_de_inflacion_141:expectativa_del_proximo_mes,2026-02-01,0.005
eve:bloque_de_inflacion_141:horizonte_de_politica_monetaria_proximos_24_meses,2026-04-01,0.035
eve:bloque_de_inflacion_142:expectativa_ano_t,2018-01-01,0.041
eve:bloque_de_inflacion_142:expectativa_ano_t_1,2018-01-01,0.04
eve:bloque_de_inflacion_142:expectativa_del_mes,2018-01-01,0.00334228091938863
eve:bloque_de_inflacion_142:expectativa_del_proximo_mes,2026-03-01,0.003
eve:bloque_de_inflacion_142:horizonte_de_politica_monetaria_proximos_24_meses,2026-05-01,0.035
eve:bloque_de_inflacion_143:expectativa_ano_t,2018-02-01,0.043
eve:bloque_de_inflacion_143:expectativa_ano_t_1,2018-02-01,0.04
eve:bloque_de_inflacion_143:expectativa_del_mes,2018-02-01,0.005
eve:bloque_de_inflacion_143:expectativa_del_proximo_mes,2026-04-01,0.005
eve:bloque_de_inflacion_143:horizonte_de_politica_monetaria_proximos_24_meses,2026-06-01,0.035
eve:bloque_de_inflacion_144:expectativa_ano_t,2018-03-01,0.0425
eve:bloque_de_inflacion_144:expectativa_ano_t_1,2018-03-01,0.04
eve:bloque_de_inflacion_144:expectativa_del_mes,2018-03-01,0.003
eve:bloque_de_inflacion_144:expectativa_del_proximo_mes,2026-05-01,0.005
eve:bloque_de_inflacion_144:horizonte_de_politica_monetaria_proximos_24_meses,2026-07-01,0.035
eve:bloque_de_inflacion_145:expectativa_ano_t,2018-04-01,0.042
eve:bloque_de_inflacion_145:expectativa_ano_t_1,2018-04-01,0.04
eve:bloque_de_inflacion_145:expectativa_del_mes,2018-04-01,0.003
eve:bloque_de_inflacion_145:expectativa_del_proximo_mes,2026-06-01,0.003
eve:bloque_de_inflacion_145:horizonte_de_politica_monetaria_proximos_24_meses,2026-08-01,0.035
eve:bloque_de_inflacion_146:expectativa_ano_t,2018-05-01,0.042
eve:bloque_de_inflacion_146:expectativa_ano_t_1,2018-05-01,0.04
eve:bloque_de_inflacion_146:expectativa_del_mes,2018-05-01,0.003
eve:bloque_de_inflacion_146:expectativa_del_proximo_mes,2026-07-01,0.002
eve:bloque_de_inflacion_147:expectativa_ano_t,2018-06-01,0.042
eve:bloque_de_inflacion_147:expectativa_ano_t_1,2018-06-01,0.041
eve:bloque_de_inflacion_147:expectativa_del_mes,2018-06-01,0.0038
eve:bloque_de_inflacion_147:expectativa_del_proximo_mes,2026-08-01,0.002
eve:bloque_de_inflacion_148:expectativa_ano_t,2018-07-01,0.042
eve:bloque_de_inflacion_148:expectativa_ano_t_1,2018-07-01,0.041
eve:bloque_de_inflacion_148:expectativa_del_mes,2018-07-01,0.004
eve:bloque_de_inflacion_149:expectativa_ano_t,2018-08-01,0.042
eve:bloque_de_inflacion_149:expectativa_ano_t_1,2018-08-01,0.041
eve:bloque_de_inflacion_149:expectativa_del_mes,2018-08-01,0.002
eve:bloque_de_inflacion_14:expectativa_ano_t,2007-05-01,0.06360181818181818
eve:bloque_de_inflacion_14:expectativa_ano_t_1,2007-05-01,0.08530909090909092
eve:bloque_de_inflacion_14:expectativa_del_mes,2007-05-01,0.005487272727272727
eve:bloque_de_inflacion_14:expectativa_del_proximo_mes,2015-07-01,0.004
eve:bloque_de_inflacion_14:horizonte_de_politica_monetaria_proximos_24_meses,2015-09-01,0.045
eve:bloque_de_inflacion_14:proximos_12_meses,2018-10-01,0.04
eve:bloque_de_inflacion_150:expectativa_ano_t,2018-09-01,0.042
eve:bloque_de_inflacion_150:expectativa_ano_t_1,2018-09-01,0.041
eve:bloque_de_inflacion_150:expectativa_del_mes,2018-09-01,0.003
eve:bloque_de_inflacion_151:expectativa_ano_t,2018-10-01,0.042
eve:bloque_de_inflacion_151:expectativa_ano_t_1,2018-10-01,0.04125
eve:bloque_de_inflacion_151:expectativa_del_mes,2018-10-01,0.004
eve:bloque_de_inflacion_152:expectativa_ano_t,2018-11-01,0.042
eve:bloque_de_inflacion_152:expectativa_ano_t_1,2018-11-01,0.042
eve:bloque_de_inflacion_152:expectativa_del_mes,2018-11-01,0.005
eve:bloque_de_inflacion_153:expectativa_ano_t,2018-12-01,0.04
eve:bloque_de_inflacion_153:expectativa_ano_t_1,2018-12-01,0.04
eve:bloque_de_inflacion_153:expectativa_del_mes,2018-12-01,0.005
eve:bloque_de_inflacion_154:expectativa_ano_t,2019-01-01,0.04
eve:bloque_de_inflacion_154:expectativa_ano_t_1,2019-01-01,0.04
eve:bloque_de_inflacion_154:expectativa_del_mes,2019-01-01,0.0025
eve:bloque_de_inflacion_155:expectativa_ano_t,2019-02-01,0.04
eve:bloque_de_inflacion_155:expectativa_ano_t_1,2019-02-01,0.04
eve:bloque_de_inflacion_155:expectativa_del_mes,2019-02-01,0.002
eve:bloque_de_inflacion_156:expectativa_ano_t,2019-03-01,0.04
eve:bloque_de_inflacion_156:expectativa_ano_t_1,2019-03-01,0.04
eve:bloque_de_inflacion_156:expectativa_del_mes,2019-03-01,0.003
eve:bloque_de_inflacion_157:expectativa_ano_t,2019-04-01,0.04
eve:bloque_de_inflacion_157:expectativa_ano_t_1,2019-04-01,0.04
eve:bloque_de_inflacion_157:expectativa_del_mes,2019-04-01,0.002583333333333335
eve:bloque_de_inflacion_158:expectativa_ano_t,2019-05-01,0.04
eve:bloque_de_inflacion_158:expectativa_ano_t_1,2019-05-01,0.04
eve:bloque_de_inflacion_158:expectativa_del_mes,2019-05-01,0.003
eve:bloque_de_inflacion_159:expectativa_ano_t,2019-06-01,0.04
eve:bloque_de_inflacion_159:expectativa_ano_t_1,2019-06-01,0.04
eve:bloque_de_inflacion_159:expectativa_del_mes,2019-06-01,0.003
eve:bloque_de_inflacion_15:expectativa_ano_t,2007-06-01,0.06321714285714286
eve:bloque_de_inflacion_15:expectativa_ano_t_1,2007-06-01,0.08369785714285713
eve:bloque_de_inflacion_15:expectativa_del_mes,2007-06-01,0.00556076923076923
eve:bloque_de_inflacion_15:expectativa_del_proximo_mes,2015-08-01,0.004
eve:bloque_de_inflacion_15:horizonte_de_politica_monetaria_proximos_24_meses,2015-10-01,0.045
eve:bloque_de_inflacion_15:proximos_12_meses,2018-11-01,0.04
eve:bloque_de_inflacion_160:expectativa_ano_t,2019-07-01,0.04
eve:bloque_de_inflacion_160:expectativa_ano_t_1,2019-07-01,0.04
eve:bloque_de_inflacion_160:expectativa_del_mes,2019-07-01,0.0025
eve:bloque_de_inflacion_161:expectativa_ano_t,2019-08-01,0.036
eve:bloque_de_inflacion_161:expectativa_ano_t_1,2019-08-01,0.04
eve:bloque_de_inflacion_161:expectativa_del_mes,2019-08-01,0.001
eve:bloque_de_inflacion_162:expectativa_ano_t,2019-09-01,0.035
eve:bloque_de_inflacion_162:expectativa_ano_t_1,2019-09-01,0.04
eve:bloque_de_inflacion_162:expectativa_del_mes,2019-09-01,0.001
eve:bloque_de_inflacion_163:expectativa_ano_t,2019-10-01,0.0325
eve:bloque_de_inflacion_163:expectativa_ano_t_1,2019-10-01,0.04
eve:bloque_de_inflacion_163:expectativa_del_mes,2019-10-01,0.002
eve:bloque_de_inflacion_164:expectativa_ano_t,2019-11-01,0.031
eve:bloque_de_inflacion_164:expectativa_ano_t_1,2019-11-01,0.04
eve:bloque_de_inflacion_164:expectativa_del_mes,2019-11-01,0.003
eve:bloque_de_inflacion_165:expectativa_ano_t,2019-12-01,0.0275
eve:bloque_de_inflacion_165:expectativa_ano_t_1,2019-12-01,0.04
eve:bloque_de_inflacion_165:expectativa_del_mes,2019-12-01,0.004
eve:bloque_de_inflacion_166:expectativa_ano_t,2020-01-01,0.04
eve:bloque_de_inflacion_166:expectativa_ano_t_1,2020-01-01,0.04
eve:bloque_de_inflacion_166:expectativa_del_mes,2020-01-01,0.0035
eve:bloque_de_inflacion_167:expectativa_ano_t,2020-02-01,0.037
eve:bloque_de_inflacion_167:expectativa_ano_t_1,2020-02-01,0.04
eve:bloque_de_inflacion_167:expectativa_del_mes,2020-02-01,0.003
eve:bloque_de_inflacion_168:expectativa_ano_t,2020-03-01,0.036
eve:bloque_de_inflacion_168:expectativa_ano_t_1,2020-03-01,0.04
eve:bloque_de_inflacion_168:expectativa_del_mes,2020-03-01,0.003
eve:bloque_de_inflacion_169:expectativa_ano_t,2020-04-01,0.035
eve:bloque_de_inflacion_169:expectativa_ano_t_1,2020-04-01,0.04
eve:bloque_de_inflacion_169:expectativa_del_mes,2020-04-01,0.0023
eve:bloque_de_inflacion_16:expectativa_ano_t,2007-07-01,0.06679333333333333
eve:bloque_de_inflacion_16:expectativa_ano_t_1,2007-07-01,0.09033111111111111
eve:bloque_de_inflacion_16:expectativa_del_mes,2007-07-01,0.007330000000000001
eve:bloque_de_inflacion_16:expectativa_del_proximo_mes,2015-09-01,0.0045000000000000005
eve:bloque_de_inflacion_16:horizonte_de_politica_monetaria_proximos_24_meses,2015-11-01,0.04125
eve:bloque_de_inflacion_16:proximos_12_meses,2018-12-01,0.04
eve:bloque_de_inflacion_170:expectativa_ano_t,2020-05-01,0.027
eve:bloque_de_inflacion_170:expectativa_ano_t_1,2020-05-01,0.035
eve:bloque_de_inflacion_170:expectativa_del_mes,2020-05-01,0.0005
eve:bloque_de_inflacion_171:expectativa_ano_t,2020-06-01,0.024
eve:bloque_de_inflacion_171:expectativa_ano_t_1,2020-06-01,0.035
eve:bloque_de_inflacion_171:expectativa_del_mes,2020-06-01,0.0
eve:bloque_de_inflacion_172:expectativa_ano_t,2020-07-01,0.0175
eve:bloque_de_inflacion_172:expectativa_ano_t_1,2020-07-01,0.035
eve:bloque_de_inflacion_172:expectativa_del_mes,2020-07-01,0.0
eve:bloque_de_inflacion_173:expectativa_ano_t,2020-08-01,0.018
eve:bloque_de_inflacion_173:expectativa_ano_t_1,2020-08-01,0.03025
eve:bloque_de_inflacion_173:expectativa_del_mes,2020-08-01,0.002
eve:bloque_de_inflacion_174:expectativa_ano_t,2020-09-01,0.018
eve:bloque_de_inflacion_174:expectativa_ano_t_1,2020-09-01,0.03
eve:bloque_de_inflacion_174:expectativa_del_mes,2020-09-01,0.003
eve:bloque_de_inflacion_175:expectativa_ano_t,2020-10-01,0.0185
eve:bloque_de_inflacion_175:expectativa_ano_t_1,2020-10-01,0.0305
eve:bloque_de_inflacion_175:expectativa_del_mes,2020-10-01,0.003
eve:bloque_de_inflacion_176:expectativa_ano_t,2020-11-01,0.018
eve:bloque_de_inflacion_176:expectativa_ano_t_1,2020-11-01,0.03
eve:bloque_de_inflacion_176:expectativa_del_mes,2020-11-01,0.005
eve:bloque_de_inflacion_177:expectativa_ano_t,2020-12-01,0.0215
eve:bloque_de_inflacion_177:expectativa_ano_t_1,2020-12-01,0.03
eve:bloque_de_inflacion_177:expectativa_del_mes,2020-12-01,0.005
eve:bloque_de_inflacion_178:expectativa_ano_t,2021-01-01,0.031
eve:bloque_de_inflacion_178:expectativa_ano_t_1,2021-01-01,0.039
eve:bloque_de_inflacion_178:expectativa_del_mes,2021-01-01,0.005
eve:bloque_de_inflacion_179:expectativa_ano_t,2021-02-01,0.033
eve:bloque_de_inflacion_179:expectativa_ano_t_1,2021-02-01,0.0375
eve:bloque_de_inflacion_179:expectativa_del_mes,2021-02-01,0.005
eve:bloque_de_inflacion_17:expectativa_ano_t,2007-08-01,0.05809230769230769
eve:bloque_de_inflacion_17:expectativa_ano_t_1,2007-08-01,0.07521307692307692
eve:bloque_de_inflacion_17:expectativa_del_mes,2007-08-01,0.006845384615384618
eve:bloque_de_inflacion_17:expectativa_del_proximo_mes,2015-10-01,0.005
eve:bloque_de_inflacion_17:horizonte_de_politica_monetaria_proximos_24_meses,2015-12-01,0.043
eve:bloque_de_inflacion_17:proximos_12_meses,2019-01-01,0.04
eve:bloque_de_inflacion_180:expectativa_ano_t,2021-03-01,0.033049999999999996
eve:bloque_de_inflacion_180:expectativa_ano_t_1,2021-03-01,0.039
eve:bloque_de_inflacion_180:expectativa_del_mes,2021-03-01,0.0032500000000000003
eve:bloque_de_inflacion_181:expectativa_ano_t,2021-04-01,0.032
eve:bloque_de_inflacion_181:expectativa_ano_t_1,2021-04-01,0.0385
eve:bloque_de_inflacion_181:expectativa_del_mes,2021-04-01,0.002
eve:bloque_de_inflacion_182:expectativa_ano_t,2021-05-01,0.03
eve:bloque_de_inflacion_182:expectativa_ano_t_1,2021-05-01,0.037
eve:bloque_de_inflacion_182:expectativa_del_mes,2021-05-01,0.001
eve:bloque_de_inflacion_183:expectativa_ano_t,2021-06-01,0.032
eve:bloque_de_inflacion_183:expectativa_ano_t_1,2021-06-01,0.03725
eve:bloque_de_inflacion_183:expectativa_del_mes,2021-06-01,0.003
eve:bloque_de_inflacion_184:expectativa_ano_t,2021-07-01,0.035
eve:bloque_de_inflacion_184:expectativa_ano_t_1,2021-07-01,0.04
eve:bloque_de_inflacion_184:expectativa_del_mes,2021-07-01,0.003
eve:bloque_de_inflacion_185:expectativa_ano_t,2021-08-01,0.041
eve:bloque_de_inflacion_185:expectativa_ano_t_1,2021-08-01,0.04
eve:bloque_de_inflacion_185:expectativa_del_mes,2021-08-01,0.005
eve:bloque_de_inflacion_186:expectativa_ano_t,2021-09-01,0.045
eve:bloque_de_inflacion_186:expectativa_ano_t_1,2021-09-01,0.04
eve:bloque_de_inflacion_186:expectativa_del_mes,2021-09-01,0.005
eve:bloque_de_inflacion_187:expectativa_ano_t,2021-10-01,0.058
eve:bloque_de_inflacion_187:expectativa_ano_t_1,2021-10-01,0.0425
eve:bloque_de_inflacion_187:expectativa_del_mes,2021-10-01,0.006
eve:bloque_de_inflacion_188:expectativa_ano_t,2021-11-01,0.07
eve:bloque_de_inflacion_188:expectativa_ano_t_1,2021-11-01,0.045
eve:bloque_de_inflacion_188:expectativa_del_mes,2021-11-01,0.0075
eve:bloque_de_inflacion_189:expectativa_ano_t,2021-12-01,0.073
eve:bloque_de_inflacion_189:expectativa_ano_t_1,2021-12-01,0.045
eve:bloque_de_inflacion_189:expectativa_del_mes,2021-12-01,0.005
eve:bloque_de_inflacion_18:expectativa_ano_t,2007-09-01,0.07676923076923076
eve:bloque_de_inflacion_18:expectativa_ano_t_1,2007-09-01,0.08914230769230767
eve:bloque_de_inflacion_18:expectativa_del_mes,2007-09-01,0.009896153846153844
eve:bloque_de_inflacion_18:expectativa_del_proximo_mes,2015-11-01,0.005
eve:bloque_de_inflacion_18:horizonte_de_politica_monetaria_proximos_24_meses,2016-01-01,0.045
eve:bloque_de_inflacion_18:proximos_12_meses,2019-02-01,0.04
eve:bloque_de_inflacion_190:expectativa_ano_t,2022-01-01,0.045
eve:bloque_de_inflacion_190:expectativa_ano_t_1,2022-01-01,0.04
eve:bloque_de_inflacion_190:expectativa_del_mes,2022-01-01,0.005
eve:bloque_de_inflacion_191:expectativa_ano_t,2022-02-01,0.05
eve:bloque_de_inflacion_191:expectativa_ano_t_1,2022-02-01,0.04
eve:bloque_de_inflacion_191:expectativa_del_mes,2022-02-01,0.008
eve:bloque_de_inflacion_192:expectativa_ano_t,2022-03-01,0.0635
eve:bloque_de_inflacion_192:expectativa_ano_t_1,2022-03-01,0.045
eve:bloque_de_inflacion_192:expectativa_del_mes,2022-03-01,0.01
eve:bloque_de_inflacion_193:expectativa_ano_t,2022-04-01,0.07
eve:bloque_de_inflacion_193:expectativa_ano_t_1,2022-04-01,0.05
eve:bloque_de_inflacion_193:expectativa_del_mes,2022-04-01,0.005
eve:bloque_de_inflacion_194:expectativa_ano_t,2022-05-01,0.08
eve:bloque_de_inflacion_194:expectativa_ano_t_1,2022-05-01,0.05
eve:bloque_de_inflacion_194:expectativa_del_mes,2022-05-01,0.006
eve:bloque_de_inflacion_195:expectativa_ano_t,2022-06-01,0.0815
eve:bloque_de_inflacion_195:expectativa_ano_t_1,2022-06-01,0.052500000000000005
eve:bloque_de_inflacion_195:expectativa_del_mes,2022-06-01,0.0045000000000000005
eve:bloque_de_inflacion_196:expectativa_ano_t,2022-07-01,0.085
eve:bloque_de_inflacion_196:expectativa_ano_t_1,2022-07-01,0.055
eve:bloque_de_inflacion_196:expectativa_del_mes,2022-07-01,0.005
eve:bloque_de_inflacion_197:expectativa_ano_t,2022-08-01,0.089
eve:bloque_de_inflacion_197:expectativa_ano_t_1,2022-08-01,0.052500000000000005
eve:bloque_de_inflacion_197:expectativa_del_mes,2022-08-01,0.005
eve:bloque_de_inflacion_198:expectativa_ano_t,2022-09-01,0.089
eve:bloque_de_inflacion_198:expectativa_ano_t_1,2022-09-01,0.05
eve:bloque_de_inflacion_198:expectativa_del_mes,2022-09-01,0.004
eve:bloque_de_inflacion_199:expectativa_ano_t,2022-10-01,0.089
eve:bloque_de_inflacion_199:expectativa_ano_t_1,2022-10-01,0.05
eve:bloque_de_inflacion_199:expectativa_del_mes,2022-10-01,0.0035
eve:bloque_de_inflacion_19:expectativa_ano_t,2007-10-01,0.08191000000000001
eve:bloque_de_inflacion_19:expectativa_ano_t_1,2007-10-01,0.09060363636363634
eve:bloque_de_inflacion_19:expectativa_del_mes,2007-10-01,0.012098181818181819
eve:bloque_de_inflacion_19:expectativa_del_proximo_mes,2015-12-01,0.0045000000000000005
eve:bloque_de_inflacion_19:horizonte_de_politica_monetaria_proximos_24_meses,2016-02-01,0.045
eve:bloque_de_inflacion_19:proximos_12_meses,2019-03-01,0.04
eve:bloque_de_inflacion_200:expectativa_ano_t,2022-11-01,0.086
eve:bloque_de_inflacion_200:expectativa_ano_t_1,2022-11-01,0.05
eve:bloque_de_inflacion_200:expectativa_del_mes,2022-11-01,0.005
eve:bloque_de_inflacion_201:expectativa_ano_t,2022-12-01,0.086
eve:bloque_de_inflacion_201:expectativa_ano_t_1,2022-12-01,0.05
eve:bloque_de_inflacion_201:expectativa_del_mes,2022-12-01,0.005
eve:bloque_de_inflacion_202:expectativa_ano_t,2023-01-01,0.05
eve:bloque_de_inflacion_202:expectativa_ano_t_1,2023-01-01,0.04
eve:bloque_de_inflacion_202:expectativa_del_mes,2023-01-01,0.004
eve:bloque_de_inflacion_203:expectativa_ano_t,2023-02-01,0.05
eve:bloque_de_inflacion_203:expectativa_ano_t_1,2023-02-01,0.044
eve:bloque_de_inflacion_203:expectativa_del_mes,2023-02-01,0.005
eve:bloque_de_inflacion_204:expectativa_ano_t,2023-03-01,0.05
eve:bloque_de_inflacion_204:expectativa_ano_t_1,2023-03-01,0.045
eve:bloque_de_inflacion_204:expectativa_del_mes,2023-03-01,0.004
eve:bloque_de_inflacion_205:expectativa_ano_t,2023-04-01,0.05
eve:bloque_de_inflacion_205:expectativa_ano_t_1,2023-04-01,0.0404952076677314
eve:bloque_de_inflacion_205:expectativa_del_mes,2023-04-01,0.003
eve:bloque_de_inflacion_206:expectativa_ano_t,2023-05-01,0.05
eve:bloque_de_inflacion_206:expectativa_ano_t_1,2023-05-01,0.0404952076677314
eve:bloque_de_inflacion_206:expectativa_del_mes,2023-05-01,0.003
eve:bloque_de_inflacion_207:expectativa_ano_t,2023-06-01,0.05
eve:bloque_de_inflacion_207:expectativa_ano_t_1,2023-06-01,0.04
eve:bloque_de_inflacion_207:expectativa_del_mes,2023-06-01,0.002
eve:bloque_de_inflacion_208:expectativa_ano_t,2023-07-01,0.045
eve:bloque_de_inflacion_208:expectativa_ano_t_1,2023-07-01,0.04
eve:bloque_de_inflacion_208:expectativa_del_mes,2023-07-01,0.002
eve:bloque_de_inflacion_209:expectativa_ano_t,2023-08-01,0.040999999999999995
eve:bloque_de_inflacion_209:expectativa_ano_t_1,2023-08-01,0.04
eve:bloque_de_inflacion_209:expectativa_del_mes,2023-08-01,0.002
eve:bloque_de_inflacion_20:expectativa_ano_t,2007-11-01,0.10334444444444445
eve:bloque_de_inflacion_20:expectativa_ano_t_1,2007-11-01,0.09863777777777777
eve:bloque_de_inflacion_20:expectativa_del_mes,2007-11-01,0.010313333333333334
eve:bloque_de_inflacion_20:expectativa_del_proximo_mes,2016-01-01,0.004
eve:bloque_de_inflacion_20:horizonte_de_politica_monetaria_proximos_24_meses,2016-03-01,0.045
eve:bloque_de_inflacion_20:proximos_12_meses,2019-04-01,0.04
eve:bloque_de_inflacion_210:expectativa_ano_t,2023-09-01,0.04
eve:bloque_de_inflacion_210:expectativa_ano_t_1,2023-09-01,0.04
eve:bloque_de_inflacion_210:expectativa_del_mes,2023-09-01,0.00125
eve:bloque_de_inflacion_211:expectativa_ano_t,2023-10-01,0.04
eve:bloque_de_inflacion_211:expectativa_ano_t_1,2023-10-01,0.04
eve:bloque_de_inflacion_211:expectativa_del_mes,2023-10-01,0.004
eve:bloque_de_inflacion_212:expectativa_ano_t,2023-11-01,0.04
eve:bloque_de_inflacion_212:expectativa_ano_t_1,2023-11-01,0.04
eve:bloque_de_inflacion_212:expectativa_del_mes,2023-11-01,0.005
eve:bloque_de_inflacion_213:expectativa_ano_t,2023-12-01,0.038
eve:bloque_de_inflacion_213:expectativa_ano_t_1,2023-12-01,0.04
eve:bloque_de_inflacion_213:expectativa_del_mes,2023-12-01,0.004
eve:bloque_de_inflacion_214:expectativa_ano_t,2024-01-01,0.04
eve:bloque_de_inflacion_214:expectativa_ano_t_1,2024-01-01,0.04
eve:bloque_de_inflacion_214:expectativa_del_mes,2024-01-01,0.003
eve:bloque_de_inflacion_215:expectativa_ano_t,2024-02-01,0.04
eve:bloque_de_inflacion_215:expectativa_ano_t_1,2024-02-01,0.04
eve:bloque_de_inflacion_215:expectativa_del_mes,2024-02-01,0.005
eve:bloque_de_inflacion_216:expectativa_ano_t,2024-03-01,0.04
eve:bloque_de_inflacion_216:expectativa_ano_t_1,2024-03-01,0.04
eve:bloque_de_inflacion_216:expectativa_del_mes,2024-03-01,0.003
eve:bloque_de_inflacion_217:expectativa_ano_t,2024-04-01,0.04
eve:bloque_de_inflacion_217:expectativa_ano_t_1,2024-04-01,0.04
eve:bloque_de_inflacion_217:expectativa_del_mes,2024-04-01,0.005
eve:bloque_de_inflacion_218:expectativa_ano_t,2024-05-01,0.04
eve:bloque_de_inflacion_218:expectativa_ano_t_1,2024-05-01,0.04
eve:bloque_de_inflacion_218:expectativa_del_mes,2024-05-01,0.0055
eve:bloque_de_inflacion_219:expectativa_ano_t,2024-06-01,0.043
eve:bloque_de_inflacion_219:expectativa_ano_t_1,2024-06-01,0.04
eve:bloque_de_inflacion_219:expectativa_del_mes,2024-06-01,0.004
eve:bloque_de_inflacion_21:expectativa_ano_t,2007-12-01,0.08758181818181818
eve:bloque_de_inflacion_21:expectativa_ano_t_1,2007-12-01,0.09425915969688824
eve:bloque_de_inflacion_21:expectativa_del_mes,2007-12-01,0.020363636363636365
eve:bloque_de_inflacion_21:expectativa_del_proximo_mes,2016-02-01,0.004
eve:bloque_de_inflacion_21:horizonte_de_politica_monetaria_proximos_24_meses,2016-04-01,0.045
eve:bloque_de_inflacion_21:proximos_12_meses,2019-05-01,0.04
eve:bloque_de_inflacion_220:expectativa_ano_t,2024-07-01,0.042
eve:bloque_de_inflacion_220:expectativa_ano_t_1,2024-07-01,0.04
eve:bloque_de_inflacion_220:expectativa_del_mes,2024-07-01,0.002
eve:bloque_de_inflacion_221:expectativa_ano_t,2024-08-01,0.042
eve:bloque_de_inflacion_221:expectativa_ano_t_1,2024-08-01,0.04
eve:bloque_de_inflacion_221:expectativa_del_mes,2024-08-01,0.002
eve:bloque_de_inflacion_222:expectativa_ano_t,2024-09-01,0.042
eve:bloque_de_inflacion_222:expectativa_ano_t_1,2024-09-01,0.04
eve:bloque_de_inflacion_222:expectativa_del_mes,2024-09-01,0.003
eve:bloque_de_inflacion_223:expectativa_ano_t,2024-10-01,0.041
eve:bloque_de_inflacion_223:expectativa_ano_t_1,2024-10-01,0.04
eve:bloque_de_inflacion_223:expectativa_del_mes,2024-10-01,0.003
eve:bloque_de_inflacion_224:expectativa_ano_t,2024-11-01,0.039
eve:bloque_de_inflacion_224:expectativa_ano_t_1,2024-11-01,0.04
eve:bloque_de_inflacion_224:expectativa_del_mes,2024-11-01,0.002
eve:bloque_de_inflacion_225:expectativa_ano_t,2024-12-01,0.036
eve:bloque_de_inflacion_225:expectativa_ano_t_1,2024-12-01,0.04
eve:bloque_de_inflacion_225:expectativa_del_mes,2024-12-01,0.003
eve:bloque_de_inflacion_226:expectativa_ano_t,2025-01-01,0.037
eve:bloque_de_inflacion_226:expectativa_ano_t_1,2025-01-01,0.036
eve:bloque_de_inflacion_226:expectativa_del_mes,2025-01-01,0.005
eve:bloque_de_inflacion_227:expectativa_ano_t,2025-02-01,0.038
eve:bloque_de_inflacion_227:expectativa_ano_t_1,2025-02-01,0.036000000000000004
eve:bloque_de_inflacion_227:expectativa_del_mes,2025-02-01,0.005
eve:bloque_de_inflacion_228:expectativa_ano_t,2025-03-01,0.038
eve:bloque_de_inflacion_228:expectativa_ano_t_1,2025-03-01,0.036000000000000004
eve:bloque_de_inflacion_228:expectativa_del_mes,2025-03-01,0.004
eve:bloque_de_inflacion_229:expectativa_ano_t,2025-04-01,0.04
eve:bloque_de_inflacion_229:expectativa_ano_t_1,2025-04-01,0.037
eve:bloque_de_inflacion_229:expectativa_del_mes,2025-04-01,0.005
eve:bloque_de_inflacion_22:expectativa_ano_t,2008-01-01,0.08523756133095498
eve:bloque_de_inflacion_22:expectativa_ano_t_1,2008-01-01,0.0832031654804487
eve:bloque_de_inflacion_22:expectativa_del_mes,2008-01-01,0.009548547631029454
eve:bloque_de_inflacion_22:expectativa_del_proximo_mes,2016-03-01,0.0025
eve:bloque_de_inflacion_22:horizonte_de_politica_monetaria_proximos_24_meses,2016-05-01,0.045
eve:bloque_de_inflacion_22:proximos_12_meses,2019-06-01,0.04
eve:bloque_de_inflacion_230:expectativa_ano_t,2025-05-01,0.04
eve:bloque_de_inflacion_230:expectativa_ano_t_1,2025-05-01,0.038
eve:bloque_de_inflacion_230:expectativa_del_mes,2025-05-01,0.004
eve:bloque_de_inflacion_231:expectativa_ano_t,2025-06-01,0.04
eve:bloque_de_inflacion_231:expectativa_ano_t_1,2025-06-01,0.038
eve:bloque_de_inflacion_231:expectativa_del_mes,2025-06-01,0.002
eve:bloque_de_inflacion_232:expectativa_ano_t,2025-07-01,0.04
eve:bloque_de_inflacion_232:expectativa_ano_t_1,2025-07-01,0.038
eve:bloque_de_inflacion_232:expectativa_del_mes,2025-07-01,0.001
eve:bloque_de_inflacion_233:expectativa_ano_t,2025-08-01,0.04
eve:bloque_de_inflacion_233:expectativa_ano_t_1,2025-08-01,0.038
eve:bloque_de_inflacion_233:expectativa_del_mes,2025-08-01,0.002
eve:bloque_de_inflacion_234:expectativa_ano_t,2025-09-01,0.04
eve:bloque_de_inflacion_234:expectativa_ano_t_1,2025-09-01,0.038
eve:bloque_de_inflacion_234:expectativa_del_mes,2025-09-01,0.001
eve:bloque_de_inflacion_235:expectativa_ano_t,2025-10-01,0.04
eve:bloque_de_inflacion_235:expectativa_ano_t_1,2025-10-01,0.038
eve:bloque_de_inflacion_235:expectativa_del_mes,2025-10-01,0.001
eve:bloque_de_inflacion_236:expectativa_ano_t,2025-11-01,0.04
eve:bloque_de_inflacion_236:expectativa_ano_t_1,2025-11-01,0.038
eve:bloque_de_inflacion_236:expectativa_del_mes,2025-11-01,0.002
eve:bloque_de_inflacion_237:expectativa_ano_t,2025-12-01,0.04
eve:bloque_de_inflacion_237:expectativa_ano_t_1,2025-12-01,0.037
eve:bloque_de_inflacion_237:expectativa_del_mes,2025-12-01,0.003
eve:bloque_de_inflacion_238:expectativa_ano_t,2026-01-01,0.035
eve:bloque_de_inflacion_238:expectativa_ano_t_1,2026-01-01,0.035
eve:bloque_de_inflacion_238:expectativa_del_mes,2026-01-01,0.003
eve:bloque_de_inflacion_239:expectativa_ano_t,2026-02-01,0.035
eve:bloque_de_inflacion_239:expectativa_ano_t_1,2026-02-01,0.035
eve:bloque_de_inflacion_239:expectativa_del_mes,2026-02-01,0.003
eve:bloque_de_inflacion_23:expectativa_ano_t,2008-02-01,0.09345336832895884
eve:bloque_de_inflacion_23:expectativa_ano_t_1,2008-02-01,0.09445170068027205
eve:bloque_de_inflacion_23:expectativa_del_mes,2008-02-01,0.015905336832895883
eve:bloque_de_inflacion_23:expectativa_del_proximo_mes,2016-04-01,0.0022500000000000003
eve:bloque_de_inflacion_23:horizonte_de_politica_monetaria_proximos_24_meses,2016-06-01,0.045
eve:bloque_de_inflacion_23:proximos_12_meses,2019-07-01,0.04
eve:bloque_de_inflacion_240:expectativa_ano_t,2026-03-01,0.035
eve:bloque_de_inflacion_240:expectativa_ano_t_1,2026-03-01,0.035
eve:bloque_de_inflacion_240:expectativa_del_mes,2026-03-01,0.004
eve:bloque_de_inflacion_241:expectativa_ano_t,2026-04-01,0.037
eve:bloque_de_inflacion_241:expectativa_ano_t_1,2026-04-01,0.035
eve:bloque_de_inflacion_241:expectativa_del_mes,2026-04-01,0.006
eve:bloque_de_inflacion_242:expectativa_ano_t,2026-05-01,0.039
eve:bloque_de_inflacion_242:expectativa_ano_t_1,2026-05-01,0.035
eve:bloque_de_inflacion_242:expectativa_del_mes,2026-05-01,0.006
eve:bloque_de_inflacion_243:expectativa_ano_t,2026-06-01,0.035
eve:bloque_de_inflacion_243:expectativa_ano_t_1,2026-06-01,0.035
eve:bloque_de_inflacion_243:expectativa_del_mes,2026-06-01,0.002
eve:bloque_de_inflacion_244:expectativa_ano_t,2026-07-01,0.035
eve:bloque_de_inflacion_244:expectativa_ano_t_1,2026-07-01,0.035
eve:bloque_de_inflacion_244:expectativa_del_mes,2026-07-01,0.002
eve:bloque_de_inflacion_245:expectativa_ano_t,2026-08-01,0.033
eve:bloque_de_inflacion_245:expectativa_ano_t_1,2026-08-01,0.035
eve:bloque_de_inflacion_245:expectativa_del_mes,2026-08-01,0.002
eve:bloque_de_inflacion_24:expectativa_ano_t,2008-03-01,0.0910698512371982
eve:bloque_de_inflacion_24:expectativa_ano_t_1,2008-03-01,0.0887615384615385
eve:bloque_de_inflacion_24:expectativa_del_mes,2008-03-01,0.007582866113478363
eve:bloque_de_inflacion_24:expectativa_del_proximo_mes,2016-05-01,0.002
eve:bloque_de_inflacion_24:horizonte_de_politica_monetaria_proximos_24_meses,2016-07-01,0.045
eve:bloque_de_inflacion_24:proximos_12_meses,2019-08-01,0.04
eve:bloque_de_inflacion_25:expectativa_ano_t,2008-04-01,0.09093528957528957
eve:bloque_de_inflacion_25:expectativa_ano_t_1,2008-04-01,0.0930706976744186
eve:bloque_de_inflacion_25:expectativa_del_mes,2008-04-01,0.0057496138996138944
eve:bloque_de_inflacion_25:expectativa_del_proximo_mes,2016-06-01,0.00275
eve:bloque_de_inflacion_25:horizonte_de_politica_monetaria_proximos_24_meses,2016-08-01,0.045
eve:bloque_de_inflacion_25:proximos_12_meses,2019-09-01,0.04
eve:bloque_de_inflacion_26:expectativa_ano_t,2008-05-01,0.09118507078507078
eve:bloque_de_inflacion_26:expectativa_ano_t_1,2008-05-01,0.09248215237080445
eve:bloque_de_inflacion_26:expectativa_del_mes,2008-05-01,0.009411196911196913
eve:bloque_de_inflacion_26:expectativa_del_proximo_mes,2016-07-01,0.0025
eve:bloque_de_inflacion_26:horizonte_de_politica_monetaria_proximos_24_meses,2016-09-01,0.045
eve:bloque_de_inflacion_26:proximos_12_meses,2019-10-01,0.04
eve:bloque_de_inflacion_27:expectativa_ano_t,2008-06-01,0.08716782496782499
eve:bloque_de_inflacion_27:expectativa_ano_t_1,2008-06-01,0.08663867016350761
eve:bloque_de_inflacion_27:expectativa_del_mes,2008-06-01,0.007929987129987154
eve:bloque_de_inflacion_27:expectativa_del_proximo_mes,2016-08-01,0.0022500000000000003
eve:bloque_de_inflacion_27:horizonte_de_politica_monetaria_proximos_24_meses,2016-10-01,0.045
eve:bloque_de_inflacion_27:proximos_12_meses,2019-11-01,0.04
eve:bloque_de_inflacion_28:expectativa_ano_t,2008-07-01,0.09499211753497468
eve:bloque_de_inflacion_28:expectativa_ano_t_1,2008-07-01,0.08458581233669288
eve:bloque_de_inflacion_28:expectativa_del_mes,2008-07-01,0.012734618663190091
eve:bloque_de_inflacion_28:expectativa_del_proximo_mes,2016-09-01,0.003
eve:bloque_de_inflacion_28:horizonte_de_politica_monetaria_proximos_24_meses,2016-11-01,0.045
eve:bloque_de_inflacion_28:proximos_12_meses,2019-12-01,0.04
eve:bloque_de_inflacion_29:expectativa_ano_t,2008-08-01,0.09553738095238094
eve:bloque_de_inflacion_29:expectativa_ano_t_1,2008-08-01,0.085035624290272
eve:bloque_de_inflacion_29:expectativa_del_mes,2008-08-01,0.014671853500607039
eve:bloque_de_inflacion_29:expectativa_del_proximo_mes,2016-10-01,0.004
eve:bloque_de_inflacion_29:horizonte_de_politica_monetaria_proximos_24_meses,2016-12-01,0.045
eve:bloque_de_inflacion_29:proximos_12_meses,2020-01-01,0.04
eve:bloque_de_inflacion_2:expectativa_ano_t,2006-05-01,0.10400000000000001
eve:bloque_de_inflacion_2:expectativa_ano_t_1,2006-05-01,0.092
eve:bloque_de_inflacion_2:expectativa_del_mes,2006-05-01,0.01
eve:bloque_de_inflacion_2:expectativa_del_proximo_mes,2014-07-01,0.003
eve:bloque_de_inflacion_2:horizonte_de_politica_monetaria_proximos_24_meses,2014-09-01,0.05
eve:bloque_de_inflacion_2:proximos_12_meses,2017-10-01,0.04
eve:bloque_de_inflacion_30:expectativa_ano_t,2008-09-01,0.09722463514273631
eve:bloque_de_inflacion_30:expectativa_ano_t_1,2008-09-01,0.08268678678678679
eve:bloque_de_inflacion_30:expectativa_del_mes,2008-09-01,0.0074780522481393
eve:bloque_de_inflacion_30:expectativa_del_proximo_mes,2016-11-01,0.003
eve:bloque_de_inflacion_30:horizonte_de_politica_monetaria_proximos_24_meses,2017-01-01,0.045
eve:bloque_de_inflacion_30:proximos_12_meses,2020-02-01,0.04
eve:bloque_de_inflacion_31:expectativa_ano_t,2008-10-01,0.09127070707070707
eve:bloque_de_inflacion_31:expectativa_ano_t_1,2008-10-01,0.08453758176471023
eve:bloque_de_inflacion_31:expectativa_del_mes,2008-10-01,0.009340412917625735
eve:bloque_de_inflacion_31:expectativa_del_proximo_mes,2016-12-01,0.005
eve:bloque_de_inflacion_31:horizonte_de_politica_monetaria_proximos_24_meses,2017-02-01,0.045
eve:bloque_de_inflacion_31:proximos_12_meses,2020-03-01,0.04
eve:bloque_de_inflacion_32:expectativa_ano_t,2008-11-01,0.08781515151515151
eve:bloque_de_inflacion_32:expectativa_ano_t_1,2008-11-01,0.0788467371676254
eve:bloque_de_inflacion_32:expectativa_del_mes,2008-11-01,0.00989074903969271
eve:bloque_de_inflacion_32:expectativa_del_proximo_mes,2017-01-01,0.004
eve:bloque_de_inflacion_32:horizonte_de_politica_monetaria_proximos_24_meses,2017-03-01,0.04
eve:bloque_de_inflacion_32:proximos_12_meses,2020-04-01,0.04
eve:bloque_de_inflacion_33:expectativa_ano_t,2008-12-01,0.08053299663299664
eve:bloque_de_inflacion_33:expectativa_ano_t_1,2008-12-01,0.07470147994579214
eve:bloque_de_inflacion_33:expectativa_del_mes,2008-12-01,0.015971683785154338
eve:bloque_de_inflacion_33:expectativa_del_proximo_mes,2017-02-01,0.003
eve:bloque_de_inflacion_33:horizonte_de_politica_monetaria_proximos_24_meses,2017-04-01,0.04
eve:bloque_de_inflacion_33:proximos_12_meses,2020-05-01,0.035
eve:bloque_de_inflacion_34:expectativa_ano_t,2009-01-01,0.08354922804979051
eve:bloque_de_inflacion_34:expectativa_ano_t_1,2009-01-01,0.07804420685762511
eve:bloque_de_inflacion_34:expectativa_del_mes,2009-01-01,0.0074637618195758015
eve:bloque_de_inflacion_34:expectativa_del_proximo_mes,2017-03-01,0.0025
eve:bloque_de_inflacion_34:horizonte_de_politica_monetaria_proximos_24_meses,2017-05-01,0.04
eve:bloque_de_inflacion_34:proximos_12_meses,2020-06-01,0.035
eve:bloque_de_inflacion_35:expectativa_ano_t,2009-02-01,0.07922751264483549
eve:bloque_de_inflacion_35:expectativa_ano_t_1,2009-02-01,0.07720206190118771
eve:bloque_de_inflacion_35:expectativa_del_mes,2009-02-01,0.006602176150986559
eve:bloque_de_inflacion_35:expectativa_del_proximo_mes,2017-04-01,0.0022500000000000003
eve:bloque_de_inflacion_35:horizonte_de_politica_monetaria_proximos_24_meses,2017-06-01,0.04
eve:bloque_de_inflacion_35:proximos_12_meses,2020-07-01,0.03
eve:bloque_de_inflacion_36:expectativa_ano_t,2009-03-01,0.07174045311643737
eve:bloque_de_inflacion_36:expectativa_ano_t_1,2009-03-01,0.07365318662369803
eve:bloque_de_inflacion_36:expectativa_del_mes,2009-03-01,0.003975019947433736
eve:bloque_de_inflacion_36:expectativa_del_proximo_mes,2017-05-01,0.003
eve:bloque_de_inflacion_36:horizonte_de_politica_monetaria_proximos_24_meses,2017-07-01,0.04
eve:bloque_de_inflacion_36:proximos_12_meses,2020-08-01,0.03
eve:bloque_de_inflacion_37:expectativa_ano_t,2009-04-01,0.0656176159798207
eve:bloque_de_inflacion_37:expectativa_ano_t_1,2009-04-01,0.07047133534688893
eve:bloque_de_inflacion_37:expectativa_del_mes,2009-04-01,0.004073025654706308
eve:bloque_de_inflacion_37:expectativa_del_proximo_mes,2017-06-01,0.003
eve:bloque_de_inflacion_37:horizonte_de_politica_monetaria_proximos_24_meses,2017-08-01,0.04
eve:bloque_de_inflacion_37:proximos_12_meses,2020-09-01,0.03128514682619775
eve:bloque_de_inflacion_38:expectativa_ano_t,2009-05-01,0.060367422049349445
eve:bloque_de_inflacion_38:expectativa_ano_t_1,2009-05-01,0.07000600246707277
eve:bloque_de_inflacion_38:expectativa_del_mes,2009-05-01,0.00342104610858428
eve:bloque_de_inflacion_38:expectativa_del_proximo_mes,2017-07-01,0.002
eve:bloque_de_inflacion_38:horizonte_de_politica_monetaria_proximos_24_meses,2017-09-01,0.04
eve:bloque_de_inflacion_38:proximos_12_meses,2020-10-01,0.032
eve:bloque_de_inflacion_39:expectativa_ano_t,2009-06-01,0.060102026664280606
eve:bloque_de_inflacion_39:expectativa_ano_t_1,2009-06-01,0.06740398247185986
eve:bloque_de_inflacion_39:expectativa_del_mes,2009-06-01,0.0049565106324219715
eve:bloque_de_inflacion_39:expectativa_del_proximo_mes,2017-08-01,0.002
eve:bloque_de_inflacion_39:horizonte_de_politica_monetaria_proximos_24_meses,2017-10-01,0.04
eve:bloque_de_inflacion_39:proximos_12_meses,2020-11-01,0.0305
eve:bloque_de_inflacion_3:expectativa_ano_t,2006-06-01,0.08199999999999999
eve:bloque_de_inflacion_3:expectativa_ano_t_1,2006-06-01,0.09
eve:bloque_de_inflacion_3:expectativa_del_mes,2006-06-01,0.006
eve:bloque_de_inflacion_3:expectativa_del_proximo_mes,2014-08-01,0.003
eve:bloque_de_inflacion_3:horizonte_de_politica_monetaria_proximos_24_meses,2014-10-01,0.05
eve:bloque_de_inflacion_3:proximos_12_meses,2017-11-01,0.04
eve:bloque_de_inflacion_40:expectativa_ano_t,2009-07-01,0.05193867376270085
eve:bloque_de_inflacion_40:expectativa_ano_t_1,2009-07-01,0.06692674180514717
eve:bloque_de_inflacion_40:expectativa_del_mes,2009-07-01,0.008160025238577402
eve:bloque_de_inflacion_40:expectativa_del_proximo_mes,2017-09-01,0.003
eve:bloque_de_inflacion_40:horizonte_de_politica_monetaria_proximos_24_meses,2017-11-01,0.04
eve:bloque_de_inflacion_40:proximos_12_meses,2020-12-01,0.0305
eve:bloque_de_inflacion_41:expectativa_ano_t,2009-08-01,0.04408811893583724
eve:bloque_de_inflacion_41:expectativa_ano_t_1,2009-08-01,0.0651797355923442
eve:bloque_de_inflacion_41:expectativa_del_mes,2009-08-01,0.004583061866722004
eve:bloque_de_inflacion_41:expectativa_del_proximo_mes,2017-10-01,0.003
eve:bloque_de_inflacion_41:horizonte_de_politica_monetaria_proximos_24_meses,2017-12-01,0.04
eve:bloque_de_inflacion_41:proximos_12_meses,2021-01-01,0.035
eve:bloque_de_inflacion_42:expectativa_ano_t,2009-09-01,0.0435314601829432
eve:bloque_de_inflacion_42:expectativa_ano_t_1,2009-09-01,0.06593084699534175
eve:bloque_de_inflacion_42:expectativa_del_mes,2009-09-01,0.006431132822814863
eve:bloque_de_inflacion_42:expectativa_del_proximo_mes,2017-11-01,0.004
eve:bloque_de_inflacion_42:horizonte_de_politica_monetaria_proximos_24_meses,2018-01-01,0.04
eve:bloque_de_inflacion_42:proximos_12_meses,2021-02-01,0.0365
eve:bloque_de_inflacion_43:expectativa_ano_t,2009-10-01,0.04652820935342119
eve:bloque_de_inflacion_43:expectativa_ano_t_1,2009-10-01,0.06720366356891053
eve:bloque_de_inflacion_43:expectativa_del_mes,2009-10-01,0.0060498711530329145
eve:bloque_de_inflacion_43:expectativa_del_proximo_mes,2017-12-01,0.004
eve:bloque_de_inflacion_43:horizonte_de_politica_monetaria_proximos_24_meses,2018-02-01,0.04
eve:bloque_de_inflacion_43:proximos_12_meses,2021-03-01,0.03725
eve:bloque_de_inflacion_44:expectativa_ano_t,2009-11-01,0.047464396358574634
eve:bloque_de_inflacion_44:expectativa_ano_t_1,2009-11-01,0.0657161002008439
eve:bloque_de_inflacion_44:expectativa_del_mes,2009-11-01,0.005548418430884153
eve:bloque_de_inflacion_44:expectativa_del_proximo_mes,2018-01-01,0.003
eve:bloque_de_inflacion_44:horizonte_de_politica_monetaria_proximos_24_meses,2018-03-01,0.04
eve:bloque_de_inflacion_44:proximos_12_meses,2021-04-01,0.036000000000000004
eve:bloque_de_inflacion_45:expectativa_ano_t,2009-12-01,0.04691110069002474
eve:bloque_de_inflacion_45:expectativa_ano_t_1,2009-12-01,0.058344657528704005
eve:bloque_de_inflacion_45:expectativa_del_mes,2009-12-01,0.008287969571732903
eve:bloque_de_inflacion_45:expectativa_del_proximo_mes,2018-02-01,0.003
eve:bloque_de_inflacion_45:horizonte_de_politica_monetaria_proximos_24_meses,2018-04-01,0.04
eve:bloque_de_inflacion_45:proximos_12_meses,2021-05-01,0.035
eve:bloque_de_inflacion_46:expectativa_ano_t,2010-01-01,0.05449454751235578
eve:bloque_de_inflacion_46:expectativa_ano_t_1,2010-01-01,0.05563877302356841
eve:bloque_de_inflacion_46:expectativa_del_mes,2010-01-01,0.00410464000737976
eve:bloque_de_inflacion_46:expectativa_del_proximo_mes,2018-03-01,0.003
eve:bloque_de_inflacion_46:horizonte_de_politica_monetaria_proximos_24_meses,2018-05-01,0.04
eve:bloque_de_inflacion_46:proximos_12_meses,2021-06-01,0.036
eve:bloque_de_inflacion_47:expectativa_ano_t,2010-02-01,0.04147702677839665
eve:bloque_de_inflacion_47:expectativa_ano_t_1,2010-02-01,0.04685238318257115
eve:bloque_de_inflacion_47:expectativa_del_mes,2010-02-01,0.005431578800945917
eve:bloque_de_inflacion_47:expectativa_del_proximo_mes,2018-04-01,0.003
eve:bloque_de_inflacion_47:horizonte_de_politica_monetaria_proximos_24_meses,2018-06-01,0.04
eve:bloque_de_inflacion_47:proximos_12_meses,2021-07-01,0.038
eve:bloque_de_inflacion_48:expectativa_ano_t,2010-03-01,0.0544629574991219
eve:bloque_de_inflacion_48:expectativa_ano_t_1,2010-03-01,0.060542944171114076
eve:bloque_de_inflacion_48:expectativa_del_mes,2010-03-01,0.003389528829283214
eve:bloque_de_inflacion_48:expectativa_del_proximo_mes,2018-05-01,0.003
eve:bloque_de_inflacion_48:horizonte_de_politica_monetaria_proximos_24_meses,2018-07-01,0.04
eve:bloque_de_inflacion_48:proximos_12_meses,2021-08-01,0.04
eve:bloque_de_inflacion_49:expectativa_ano_t,2010-04-01,0.061
eve:bloque_de_inflacion_49:expectativa_ano_t_1,2010-04-01,0.06425
eve:bloque_de_inflacion_49:expectativa_del_mes,2010-04-01,0.00485
eve:bloque_de_inflacion_49:expectativa_del_proximo_mes,2018-06-01,0.0035
eve:bloque_de_inflacion_49:horizonte_de_politica_monetaria_proximos_24_meses,2018-08-01,0.04
eve:bloque_de_inflacion_49:proximos_12_meses,2021-09-01,0.04
eve:bloque_de_inflacion_4:expectativa_ano_t,2006-07-01,0.08060909090909091
eve:bloque_de_inflacion_4:expectativa_ano_t_1,2006-07-01,0.07181818181818182
eve:bloque_de_inflacion_4:expectativa_del_mes,2006-07-01,0.00446
eve:bloque_de_inflacion_4:expectativa_del_proximo_mes,2014-09-01,0.003
eve:bloque_de_inflacion_4:horizonte_de_politica_monetaria_proximos_24_meses,2014-11-01,0.05
eve:bloque_de_inflacion_4:proximos_12_meses,2017-12-01,0.04
eve:bloque_de_inflacion_50:expectativa_ano_t,2010-05-01,0.054825
eve:bloque_de_inflacion_50:expectativa_ano_t_1,2010-05-01,0.061637500000000005
eve:bloque_de_inflacion_50:expectativa_del_mes,2010-05-01,0.005914285714285714
eve:bloque_de_inflacion_50:expectativa_del_proximo_mes,2018-07-01,0.003
eve:bloque_de_inflacion_50:horizonte_de_politica_monetaria_proximos_24_meses,2018-09-01,0.04
eve:bloque_de_inflacion_50:proximos_12_meses,2021-10-01,0.04
eve:bloque_de_inflacion_51:expectativa_ano_t,2010-06-01,0.057519999999999995
eve:bloque_de_inflacion_51:expectativa_ano_t_1,2010-06-01,0.0631
eve:bloque_de_inflacion_51:expectativa_del_mes,2010-06-01,0.003293333333333334
eve:bloque_de_inflacion_51:expectativa_del_proximo_mes,2018-08-01,0.003
eve:bloque_de_inflacion_51:horizonte_de_politica_monetaria_proximos_24_meses,2018-10-01,0.04
eve:bloque_de_inflacion_51:proximos_12_meses,2021-11-01,0.0435
eve:bloque_de_inflacion_52:expectativa_ano_t,2010-07-01,0.049
eve:bloque_de_inflacion_52:expectativa_ano_t_1,2010-07-01,0.057763636363636364
eve:bloque_de_inflacion_52:expectativa_del_mes,2010-07-01,0.005422
eve:bloque_de_inflacion_52:expectativa_del_proximo_mes,2018-09-01,0.003
eve:bloque_de_inflacion_52:horizonte_de_politica_monetaria_proximos_24_meses,2018-11-01,0.04
eve:bloque_de_inflacion_52:proximos_12_meses,2021-12-01,0.045
eve:bloque_de_inflacion_53:expectativa_ano_t,2010-08-01,0.0499
eve:bloque_de_inflacion_53:expectativa_ano_t_1,2010-08-01,0.059500000000000004
eve:bloque_de_inflacion_53:expectativa_del_mes,2010-08-01,0.005897
eve:bloque_de_inflacion_53:expectativa_del_proximo_mes,2018-10-01,0.00375
eve:bloque_de_inflacion_53:horizonte_de_politica_monetaria_proximos_24_meses,2018-12-01,0.04
eve:bloque_de_inflacion_53:proximos_12_meses,2022-01-01,0.044
eve:bloque_de_inflacion_54:expectativa_ano_t,2010-09-01,0.0499
eve:bloque_de_inflacion_54:expectativa_ano_t_1,2010-09-01,0.058499999999999996
eve:bloque_de_inflacion_54:expectativa_del_mes,2010-09-01,0.006
eve:bloque_de_inflacion_54:expectativa_del_proximo_mes,2018-11-01,0.005
eve:bloque_de_inflacion_54:horizonte_de_politica_monetaria_proximos_24_meses,2019-01-01,0.04
eve:bloque_de_inflacion_54:proximos_12_meses,2022-02-01,0.045
eve:bloque_de_inflacion_55:expectativa_ano_t,2010-10-01,0.0464
eve:bloque_de_inflacion_55:expectativa_ano_t_1,2010-10-01,0.05493000000000001
eve:bloque_de_inflacion_55:expectativa_del_mes,2010-10-01,0.006237
eve:bloque_de_inflacion_55:expectativa_del_proximo_mes,2018-12-01,0.004
eve:bloque_de_inflacion_55:horizonte_de_politica_monetaria_proximos_24_meses,2019-02-01,0.04
eve:bloque_de_inflacion_55:proximos_12_meses,2022-03-01,0.04825
eve:bloque_de_inflacion_56:expectativa_ano_t,2010-11-01,0.0513
eve:bloque_de_inflacion_56:expectativa_ano_t_1,2010-11-01,0.0567
eve:bloque_de_inflacion_56:expectativa_del_mes,2010-11-01,0.0084
eve:bloque_de_inflacion_56:expectativa_del_proximo_mes,2019-01-01,0.003
eve:bloque_de_inflacion_56:horizonte_de_politica_monetaria_proximos_24_meses,2019-03-01,0.04
eve:bloque_de_inflacion_56:proximos_12_meses,2022-04-01,0.05
eve:bloque_de_inflacion_57:expectativa_ano_t,2010-12-01,0.0581
eve:bloque_de_inflacion_57:expectativa_ano_t_1,2010-12-01,0.0605
eve:bloque_de_inflacion_57:expectativa_del_mes,2010-12-01,0.0073
eve:bloque_de_inflacion_57:expectativa_del_proximo_mes,2019-02-01,0.003
eve:bloque_de_inflacion_57:horizonte_de_politica_monetaria_proximos_24_meses,2019-04-01,0.04
eve:bloque_de_inflacion_57:proximos_12_meses,2022-05-01,0.055
eve:bloque_de_inflacion_58:expectativa_ano_t,2011-01-01,0.057999999999999996
eve:bloque_de_inflacion_58:expectativa_ano_t_1,2011-01-01,0.065
eve:bloque_de_inflacion_58:expectativa_del_mes,2011-01-01,0.006
eve:bloque_de_inflacion_58:expectativa_del_proximo_mes,2019-03-01,0.003
eve:bloque_de_inflacion_58:horizonte_de_politica_monetaria_proximos_24_meses,2019-05-01,0.04
eve:bloque_de_inflacion_58:proximos_12_meses,2022-06-01,0.051
eve:bloque_de_inflacion_59:expectativa_ano_t,2011-02-01,0.07
eve:bloque_de_inflacion_59:expectativa_ano_t_1,2011-02-01,0.06
eve:bloque_de_inflacion_59:expectativa_del_mes,2011-02-01,0.008
eve:bloque_de_inflacion_59:expectativa_del_proximo_mes,2019-04-01,0.003
eve:bloque_de_inflacion_59:horizonte_de_politica_monetaria_proximos_24_meses,2019-06-01,0.04
eve:bloque_de_inflacion_59:proximos_12_meses,2022-07-01,0.05
eve:bloque_de_inflacion_5:expectativa_ano_t,2006-08-01,0.08067500000000001
eve:bloque_de_inflacion_5:expectativa_ano_t_1,2006-08-01,0.07353333333333334
eve:bloque_de_inflacion_5:expectativa_del_mes,2006-08-01,0.0048
eve:bloque_de_inflacion_5:expectativa_del_proximo_mes,2014-10-01,0.0030000000000000005
eve:bloque_de_inflacion_5:horizonte_de_politica_monetaria_proximos_24_meses,2014-12-01,0.05
eve:bloque_de_inflacion_5:proximos_12_meses,2018-01-01,0.04
eve:bloque_de_inflacion_60:expectativa_ano_t,2011-03-01,0.0825
eve:bloque_de_inflacion_60:expectativa_ano_t_1,2011-03-01,0.07
eve:bloque_de_inflacion_60:expectativa_del_mes,2011-03-01,0.01
eve:bloque_de_inflacion_60:expectativa_del_proximo_mes,2019-05-01,0.003
eve:bloque_de_inflacion_60:horizonte_de_politica_monetaria_proximos_24_meses,2019-07-01,0.04
eve:bloque_de_inflacion_60:proximos_12_meses,2022-08-01,0.05
eve:bloque_de_inflacion_61:expectativa_ano_t,2011-04-01,0.0753492333901192
eve:bloque_de_inflacion_61:expectativa_ano_t_1,2011-04-01,0.07
eve:bloque_de_inflacion_61:expectativa_del_mes,2011-04-01,0.00775
eve:bloque_de_inflacion_61:expectativa_del_proximo_mes,2019-06-01,0.003
eve:bloque_de_inflacion_61:horizonte_de_politica_monetaria_proximos_24_meses,2019-08-01,0.04
eve:bloque_de_inflacion_61:proximos_12_meses,2022-09-01,0.05
eve:bloque_de_inflacion_62:expectativa_ano_t,2011-05-01,0.0825
eve:bloque_de_inflacion_62:expectativa_ano_t_1,2011-05-01,0.0736
eve:bloque_de_inflacion_62:expectativa_del_mes,2011-05-01,0.0073
eve:bloque_de_inflacion_62:expectativa_del_proximo_mes,2019-07-01,0.002
eve:bloque_de_inflacion_62:horizonte_de_politica_monetaria_proximos_24_meses,2019-09-01,0.04
eve:bloque_de_inflacion_62:proximos_12_meses,2022-10-01,0.05
eve:bloque_de_inflacion_63:expectativa_ano_t,2011-06-01,0.09
eve:bloque_de_inflacion_63:expectativa_ano_t_1,2011-06-01,0.075
eve:bloque_de_inflacion_63:expectativa_del_mes,2011-06-01,0.0053
eve:bloque_de_inflacion_63:expectativa_del_proximo_mes,2019-08-01,0.002
eve:bloque_de_inflacion_63:horizonte_de_politica_monetaria_proximos_24_meses,2019-10-01,0.04
eve:bloque_de_inflacion_63:proximos_12_meses,2022-11-01,0.05
eve:bloque_de_inflacion_64:expectativa_ano_t,2011-07-01,0.0825
eve:bloque_de_inflacion_64:expectativa_ano_t_1,2011-07-01,0.0736
eve:bloque_de_inflacion_64:expectativa_del_mes,2011-07-01,0.0022500000000000003
eve:bloque_de_inflacion_64:expectativa_del_proximo_mes,2019-09-01,0.002
eve:bloque_de_inflacion_64:horizonte_de_politica_monetaria_proximos_24_meses,2019-11-01,0.04
eve:bloque_de_inflacion_64:proximos_12_meses,2022-12-01,0.05
eve:bloque_de_inflacion_65:expectativa_ano_t,2011-08-01,0.0825
eve:bloque_de_inflacion_65:expectativa_ano_t_1,2011-08-01,0.0736
eve:bloque_de_inflacion_65:expectativa_del_mes,2011-08-01,-0.001
eve:bloque_de_inflacion_65:expectativa_del_proximo_mes,2019-10-01,0.003
eve:bloque_de_inflacion_65:horizonte_de_politica_monetaria_proximos_24_meses,2019-12-01,0.04
eve:bloque_de_inflacion_65:proximos_12_meses,2023-01-01,0.045
eve:bloque_de_inflacion_66:expectativa_ano_t,2011-09-01,0.0732
eve:bloque_de_inflacion_66:expectativa_ano_t_1,2011-09-01,0.0743
eve:bloque_de_inflacion_66:expectativa_del_mes,2011-09-01,0.0052499999999999995
eve:bloque_de_inflacion_66:expectativa_del_proximo_mes,2019-11-01,0.0032500000000000003
eve:bloque_de_inflacion_66:horizonte_de_politica_monetaria_proximos_24_meses,2020-01-01,0.04
eve:bloque_de_inflacion_66:proximos_12_meses,2023-02-01,0.045
eve:bloque_de_inflacion_67:expectativa_ano_t,2011-10-01,0.072
eve:bloque_de_inflacion_67:expectativa_ano_t_1,2011-10-01,0.0743
eve:bloque_de_inflacion_67:expectativa_del_mes,2011-10-01,0.0064
eve:bloque_de_inflacion_67:expectativa_del_proximo_mes,2019-12-01,0.003
eve:bloque_de_inflacion_67:horizonte_de_politica_monetaria_proximos_24_meses,2020-02-01,0.04
eve:bloque_de_inflacion_67:proximos_12_meses,2023-03-01,0.045
eve:bloque_de_inflacion_68:expectativa_ano_t,2011-11-01,0.07
eve:bloque_de_inflacion_68:expectativa_ano_t_1,2011-11-01,0.0693
eve:bloque_de_inflacion_68:expectativa_del_mes,2011-11-01,0.005
eve:bloque_de_inflacion_68:expectativa_del_proximo_mes,2020-01-01,0.003
eve:bloque_de_inflacion_68:horizonte_de_politica_monetaria_proximos_24_meses,2020-03-01,0.04
eve:bloque_de_inflacion_68:proximos_12_meses,2023-04-01,0.045
eve:bloque_de_inflacion_69:expectativa_ano_t,2011-12-01,0.06
eve:bloque_de_inflacion_69:expectativa_ano_t_1,2011-12-01,0.06
eve:bloque_de_inflacion_69:expectativa_del_mes,2011-12-01,0.005
eve:bloque_de_inflacion_69:expectativa_del_proximo_mes,2020-02-01,0.003
eve:bloque_de_inflacion_69:horizonte_de_politica_monetaria_proximos_24_meses,2020-04-01,0.04
eve:bloque_de_inflacion_69:proximos_12_meses,2023-05-01,0.045
eve:bloque_de_inflacion_6:expectativa_ano_t,2006-09-01,0.0770090909090909
eve:bloque_de_inflacion_6:expectativa_ano_t_1,2006-09-01,0.07208636363636364
eve:bloque_de_inflacion_6:expectativa_del_mes,2006-09-01,0.005369
eve:bloque_de_inflacion_6:expectativa_del_proximo_mes,2014-11-01,0.005
eve:bloque_de_inflacion_6:horizonte_de_politica_monetaria_proximos_24_meses,2015-01-01,0.046
eve:bloque_de_inflacion_6:proximos_12_meses,2018-02-01,0.04
eve:bloque_de_inflacion_70:expectativa_ano_t,2012-01-01,0.056499999999999995
eve:bloque_de_inflacion_70:expectativa_ano_t_1,2012-01-01,0.0595
eve:bloque_de_inflacion_70:expectativa_del_mes,2012-01-01,0.0047083333333333335
eve:bloque_de_inflacion_70:expectativa_del_proximo_mes,2020-03-01,0.002
eve:bloque_de_inflacion_70:horizonte_de_politica_monetaria_proximos_24_meses,2020-05-01,0.04
eve:bloque_de_inflacion_70:proximos_12_meses,2023-06-01,0.04225
eve:bloque_de_inflacion_71:expectativa_ano_t,2012-02-01,0.054
eve:bloque_de_inflacion_71:expectativa_ano_t_1,2012-02-01,0.059
eve:bloque_de_inflacion_71:expectativa_del_mes,2012-02-01,0.006546000198612305
eve:bloque_de_inflacion_71:expectativa_del_proximo_mes,2020-04-01,0.003
eve:bloque_de_inflacion_71:horizonte_de_politica_monetaria_proximos_24_meses,2020-06-01,0.04
eve:bloque_de_inflacion_71:proximos_12_meses,2023-07-01,0.04
eve:bloque_de_inflacion_72:expectativa_ano_t,2012-03-01,0.053
eve:bloque_de_inflacion_72:expectativa_ano_t_1,2012-03-01,0.059
eve:bloque_de_inflacion_72:expectativa_del_mes,2012-03-01,0.007
eve:bloque_de_inflacion_72:expectativa_del_proximo_mes,2020-05-01,0.001
eve:bloque_de_inflacion_72:horizonte_de_politica_monetaria_proximos_24_meses,2020-07-01,0.04
eve:bloque_de_inflacion_72:proximos_12_meses,2023-08-01,0.04
eve:bloque_de_inflacion_73:expectativa_ano_t,2012-04-01,0.057499999999999996
eve:bloque_de_inflacion_73:expectativa_ano_t_1,2012-04-01,0.055999999999999994
eve:bloque_de_inflacion_73:expectativa_del_mes,2012-04-01,0.005
eve:bloque_de_inflacion_73:expectativa_del_proximo_mes,2020-06-01,0.001
eve:bloque_de_inflacion_73:horizonte_de_politica_monetaria_proximos_24_meses,2020-08-01,0.03875
eve:bloque_de_inflacion_73:proximos_12_meses,2023-09-01,0.04
eve:bloque_de_inflacion_74:expectativa_ano_t,2012-05-01,0.057499999999999996
eve:bloque_de_inflacion_74:expectativa_ano_t_1,2012-05-01,0.055999999999999994
eve:bloque_de_inflacion_74:expectativa_del_mes,2012-05-01,0.0035
eve:bloque_de_inflacion_74:expectativa_del_proximo_mes,2020-07-01,0.0
eve:bloque_de_inflacion_74:horizonte_de_politica_monetaria_proximos_24_meses,2020-09-01,0.04
eve:bloque_de_inflacion_74:proximos_12_meses,2023-10-01,0.04
eve:bloque_de_inflacion_75:expectativa_ano_t,2012-06-01,0.055
eve:bloque_de_inflacion_75:expectativa_ano_t_1,2012-06-01,0.065
eve:bloque_de_inflacion_75:expectativa_del_mes,2012-06-01,0.003
eve:bloque_de_inflacion_75:expectativa_del_proximo_mes,2020-08-01,0.003
eve:bloque_de_inflacion_75:horizonte_de_politica_monetaria_proximos_24_meses,2020-10-01,0.04
eve:bloque_de_inflacion_75:proximos_12_meses,2023-11-01,0.04
eve:bloque_de_inflacion_76:expectativa_ano_t,2012-07-01,0.053
eve:bloque_de_inflacion_76:expectativa_ano_t_1,2012-07-01,0.06
eve:bloque_de_inflacion_76:expectativa_del_mes,2012-07-01,0.002
eve:bloque_de_inflacion_76:expectativa_del_proximo_mes,2020-09-01,0.003210058454533885
eve:bloque_de_inflacion_76:horizonte_de_politica_monetaria_proximos_24_meses,2020-11-01,0.0395
eve:bloque_de_inflacion_76:proximos_12_meses,2023-12-01,0.04
eve:bloque_de_inflacion_77:expectativa_ano_t,2012-08-01,0.05
eve:bloque_de_inflacion_77:expectativa_ano_t_1,2012-08-01,0.055
eve:bloque_de_inflacion_77:expectativa_del_mes,2012-08-01,0.005
eve:bloque_de_inflacion_77:expectativa_del_proximo_mes,2020-10-01,0.003
eve:bloque_de_inflacion_77:horizonte_de_politica_monetaria_proximos_24_meses,2020-12-01,0.04
eve:bloque_de_inflacion_77:proximos_12_meses,2024-01-01,0.04
eve:bloque_de_inflacion_78:expectativa_ano_t,2012-09-01,0.05
eve:bloque_de_inflacion_78:expectativa_ano_t_1,2012-09-01,0.059
eve:bloque_de_inflacion_78:expectativa_del_mes,2012-09-01,0.004
eve:bloque_de_inflacion_78:expectativa_del_proximo_mes,2020-11-01,0.005
eve:bloque_de_inflacion_78:horizonte_de_politica_monetaria_proximos_24_meses,2021-01-01,0.04
eve:bloque_de_inflacion_78:proximos_12_meses,2024-02-01,0.04
eve:bloque_de_inflacion_79:expectativa_ano_t,2012-10-01,0.05
eve:bloque_de_inflacion_79:expectativa_ano_t_1,2012-10-01,0.056999999999999995
eve:bloque_de_inflacion_79:expectativa_del_mes,2012-10-01,0.005
eve:bloque_de_inflacion_79:expectativa_del_proximo_mes,2020-12-01,0.0045000000000000005
eve:bloque_de_inflacion_79:horizonte_de_politica_monetaria_proximos_24_meses,2021-02-01,0.04
eve:bloque_de_inflacion_79:proximos_12_meses,2024-03-01,0.04
eve:bloque_de_inflacion_7:expectativa_ano_t,2006-10-01,0.0807090909090909
eve:bloque_de_inflacion_7:expectativa_ano_t_1,2006-10-01,0.07161818181818182
eve:bloque_de_inflacion_7:expectativa_del_mes,2006-10-01,0.0087
eve:bloque_de_inflacion_7:expectativa_del_proximo_mes,2014-12-01,0.0032500000000000003
eve:bloque_de_inflacion_7:horizonte_de_politica_monetaria_proximos_24_meses,2015-02-01,0.045
eve:bloque_de_inflacion_7:proximos_12_meses,2018-03-01,0.04
eve:bloque_de_inflacion_80:expectativa_ano_t,2012-11-01,0.049
eve:bloque_de_inflacion_80:expectativa_ano_t_1,2012-11-01,0.052
eve:bloque_de_inflacion_80:expectativa_del_mes,2012-11-01,0.005
eve:bloque_de_inflacion_80:expectativa_del_proximo_mes,2021-01-01,0.005
eve:bloque_de_inflacion_80:horizonte_de_politica_monetaria_proximos_24_meses,2021-03-01,0.04
eve:bloque_de_inflacion_80:proximos_12_meses,2024-04-01,0.04
eve:bloque_de_inflacion_81:expectativa_ano_t,2012-12-01,0.04
eve:bloque_de_inflacion_81:expectativa_ano_t_1,2012-12-01,0.053
eve:bloque_de_inflacion_81:expectativa_del_mes,2012-12-01,0.006478142824771126
eve:bloque_de_inflacion_81:expectativa_del_proximo_mes,2021-02-01,0.004
eve:bloque_de_inflacion_81:horizonte_de_politica_monetaria_proximos_24_meses,2021-04-01,0.04
eve:bloque_de_inflacion_81:proximos_12_meses,2024-05-01,0.04
eve:bloque_de_inflacion_82:expectativa_ano_t,2013-01-01,0.0505
eve:bloque_de_inflacion_82:expectativa_ano_t_1,2013-01-01,0.0535
eve:bloque_de_inflacion_82:expectativa_del_mes,2013-01-01,0.005
eve:bloque_de_inflacion_82:expectativa_del_proximo_mes,2021-03-01,0.003
eve:bloque_de_inflacion_82:horizonte_de_politica_monetaria_proximos_24_meses,2021-05-01,0.04
eve:bloque_de_inflacion_82:proximos_12_meses,2024-06-01,0.04
eve:bloque_de_inflacion_83:expectativa_ano_t,2013-02-01,0.06
eve:bloque_de_inflacion_83:expectativa_ano_t_1,2013-02-01,0.051000000000000004
eve:bloque_de_inflacion_83:expectativa_del_mes,2013-02-01,0.0055
eve:bloque_de_inflacion_83:expectativa_del_proximo_mes,2021-04-01,0.003
eve:bloque_de_inflacion_83:horizonte_de_politica_monetaria_proximos_24_meses,2021-06-01,0.04
eve:bloque_de_inflacion_83:proximos_12_meses,2024-07-01,0.04
eve:bloque_de_inflacion_84:expectativa_ano_t,2013-03-01,0.06
eve:bloque_de_inflacion_84:expectativa_ano_t_1,2013-03-01,0.057999999999999996
eve:bloque_de_inflacion_84:expectativa_del_mes,2013-03-01,0.005
eve:bloque_de_inflacion_84:expectativa_del_proximo_mes,2021-05-01,0.002
eve:bloque_de_inflacion_84:horizonte_de_politica_monetaria_proximos_24_meses,2021-07-01,0.04
eve:bloque_de_inflacion_84:proximos_12_meses,2024-08-01,0.04
eve:bloque_de_inflacion_85:expectativa_ano_t,2013-04-01,0.055
eve:bloque_de_inflacion_85:expectativa_ano_t_1,2013-04-01,0.052
eve:bloque_de_inflacion_85:expectativa_del_mes,2013-04-01,0.004375
eve:bloque_de_inflacion_85:expectativa_del_proximo_mes,2021-06-01,0.003
eve:bloque_de_inflacion_85:horizonte_de_politica_monetaria_proximos_24_meses,2021-08-01,0.04
eve:bloque_de_inflacion_85:proximos_12_meses,2024-09-01,0.04
eve:bloque_de_inflacion_86:expectativa_ano_t,2013-05-01,0.05
eve:bloque_de_inflacion_86:expectativa_ano_t_1,2013-05-01,0.054
eve:bloque_de_inflacion_86:expectativa_del_mes,2013-05-01,0.004
eve:bloque_de_inflacion_86:expectativa_del_proximo_mes,2021-07-01,0.003
eve:bloque_de_inflacion_86:horizonte_de_politica_monetaria_proximos_24_meses,2021-09-01,0.04
eve:bloque_de_inflacion_86:proximos_12_meses,2024-10-01,0.04
eve:bloque_de_inflacion_87:expectativa_ano_t,2013-06-01,0.0475
eve:bloque_de_inflacion_87:expectativa_ano_t_1,2013-06-01,0.052
eve:bloque_de_inflacion_87:expectativa_del_mes,2013-06-01,0.005
eve:bloque_de_inflacion_87:expectativa_del_proximo_mes,2021-08-01,0.0042
eve:bloque_de_inflacion_87:horizonte_de_politica_monetaria_proximos_24_meses,2021-10-01,0.04
eve:bloque_de_inflacion_87:proximos_12_meses,2024-11-01,0.04
eve:bloque_de_inflacion_88:expectativa_ano_t,2013-07-01,0.048
eve:bloque_de_inflacion_88:expectativa_ano_t_1,2013-07-01,0.0535
eve:bloque_de_inflacion_88:expectativa_del_mes,2013-07-01,0.005
eve:bloque_de_inflacion_88:expectativa_del_proximo_mes,2021-09-01,0.00475
eve:bloque_de_inflacion_88:horizonte_de_politica_monetaria_proximos_24_meses,2021-11-01,0.04
eve:bloque_de_inflacion_88:proximos_12_meses,2024-12-01,0.04
eve:bloque_de_inflacion_89:expectativa_ano_t,2013-08-01,0.045
eve:bloque_de_inflacion_89:expectativa_ano_t_1,2013-08-01,0.051000000000000004
eve:bloque_de_inflacion_89:expectativa_del_mes,2013-08-01,0.005
eve:bloque_de_inflacion_89:expectativa_del_proximo_mes,2021-10-01,0.005
eve:bloque_de_inflacion_89:horizonte_de_politica_monetaria_proximos_24_meses,2021-12-01,0.04
eve:bloque_de_inflacion_89:proximos_12_meses,2025-01-01,0.035
eve:bloque_de_inflacion_8:expectativa_ano_t,2006-11-01,0.08199
eve:bloque_de_inflacion_8:expectativa_ano_t_1,2006-11-01,0.07347999999999999
eve:bloque_de_inflacion_8:expectativa_del_mes,2006-11-01,0.00923
eve:bloque_de_inflacion_8:expectativa_del_proximo_mes,2015-01-01,0.004
eve:bloque_de_inflacion_8:horizonte_de_politica_monetaria_proximos_24_meses,2015-03-01,0.045
eve:bloque_de_inflacion_8:proximos_12_meses,2018-04-01,0.04
eve:bloque_de_inflacion_90:expectativa_ano_t,2013-09-01,0.045
eve:bloque_de_inflacion_90:expectativa_ano_t_1,2013-09-01,0.05225
eve:bloque_de_inflacion_90:expectativa_del_mes,2013-09-01,0.005
eve:bloque_de_inflacion_90:expectativa_del_proximo_mes,2021-11-01,0.0075
eve:bloque_de_inflacion_90:horizonte_de_politica_monetaria_proximos_24_meses,2022-01-01,0.04
eve:bloque_de_inflacion_90:proximos_12_meses,2025-02-01,0.037000000000000005
eve:bloque_de_inflacion_91:expectativa_ano_t,2013-10-01,0.0455
eve:bloque_de_inflacion_91:expectativa_ano_t_1,2013-10-01,0.052
eve:bloque_de_inflacion_91:expectativa_del_mes,2013-10-01,0.005
eve:bloque_de_inflacion_91:expectativa_del_proximo_mes,2021-12-01,0.005
eve:bloque_de_inflacion_91:horizonte_de_politica_monetaria_proximos_24_meses,2022-02-01,0.04
eve:bloque_de_inflacion_91:proximos_12_meses,2025-03-01,0.037000000000000005
eve:bloque_de_inflacion_92:expectativa_ano_t,2013-11-01,0.045
eve:bloque_de_inflacion_92:expectativa_ano_t_1,2013-11-01,0.055
eve:bloque_de_inflacion_92:expectativa_del_mes,2013-11-01,0.005
eve:bloque_de_inflacion_92:expectativa_del_proximo_mes,2022-01-01,0.0046
eve:bloque_de_inflacion_92:horizonte_de_politica_monetaria_proximos_24_meses,2022-03-01,0.0435
eve:bloque_de_inflacion_92:proximos_12_meses,2025-04-01,0.037000000000000005
eve:bloque_de_inflacion_93:expectativa_ano_t,2013-12-01,0.0455
eve:bloque_de_inflacion_93:expectativa_ano_t_1,2013-12-01,0.055
eve:bloque_de_inflacion_93:expectativa_del_mes,2013-12-01,0.007
eve:bloque_de_inflacion_93:expectativa_del_proximo_mes,2022-02-01,0.005
eve:bloque_de_inflacion_93:horizonte_de_politica_monetaria_proximos_24_meses,2022-04-01,0.046
eve:bloque_de_inflacion_93:proximos_12_meses,2025-05-01,0.038
eve:bloque_de_inflacion_94:expectativa_ano_t,2014-01-01,0.05
eve:bloque_de_inflacion_94:expectativa_ano_t_1,2014-01-01,0.05
eve:bloque_de_inflacion_94:expectativa_del_mes,2014-01-01,0.0085
eve:bloque_de_inflacion_94:expectativa_del_proximo_mes,2022-03-01,0.006
eve:bloque_de_inflacion_94:horizonte_de_politica_monetaria_proximos_24_meses,2022-05-01,0.048
eve:bloque_de_inflacion_94:proximos_12_meses,2025-06-01,0.037
eve:bloque_de_inflacion_95:expectativa_ano_t,2014-02-01,0.053
eve:bloque_de_inflacion_95:expectativa_ano_t_1,2014-02-01,0.05
eve:bloque_de_inflacion_95:expectativa_del_mes,2014-02-01,0.007
eve:bloque_de_inflacion_95:expectativa_del_proximo_mes,2022-04-01,0.005
eve:bloque_de_inflacion_95:horizonte_de_politica_monetaria_proximos_24_meses,2022-06-01,0.045
eve:bloque_de_inflacion_95:proximos_12_meses,2025-07-01,0.037
eve:bloque_de_inflacion_96:expectativa_ano_t,2014-03-01,0.057499999999999996
eve:bloque_de_inflacion_96:expectativa_ano_t_1,2014-03-01,0.055
eve:bloque_de_inflacion_96:expectativa_del_mes,2014-03-01,0.005
eve:bloque_de_inflacion_96:expectativa_del_proximo_mes,2022-05-01,0.005
eve:bloque_de_inflacion_96:horizonte_de_politica_monetaria_proximos_24_meses,2022-07-01,0.045
eve:bloque_de_inflacion_96:proximos_12_meses,2025-08-01,0.037
eve:bloque_de_inflacion_97:expectativa_ano_t,2014-04-01,0.057999999999999996
eve:bloque_de_inflacion_97:expectativa_ano_t_1,2014-04-01,0.055
eve:bloque_de_inflacion_97:expectativa_del_mes,2014-04-01,0.005
eve:bloque_de_inflacion_97:expectativa_del_proximo_mes,2022-06-01,0.004
eve:bloque_de_inflacion_97:horizonte_de_politica_monetaria_proximos_24_meses,2022-08-01,0.045
eve:bloque_de_inflacion_97:proximos_12_meses,2025-09-01,0.037
eve:bloque_de_inflacion_98:expectativa_ano_t,2014-05-01,0.055
eve:bloque_de_inflacion_98:expectativa_ano_t_1,2014-05-01,0.058
eve:bloque_de_inflacion_98:expectativa_del_mes,2014-05-01,0.0045000000000000005
eve:bloque_de_inflacion_98:expectativa_del_proximo_mes,2022-07-01,0.005
eve:bloque_de_inflacion_98:horizonte_de_politica_monetaria_proximos_24_meses,2022-09-01,0.045
eve:bloque_de_inflacion_98:proximos_12_meses,2025-10-01,0.037
eve:bloque_de_inflacion_99:expectativa_ano_t,2014-06-01,0.055
eve:bloque_de_inflacion_99:expectativa_ano_t_1,2014-06-01,0.05425
eve:bloque_de_inflacion_99:expectativa_del_mes,2014-06-01,0.004
eve:bloque_de_inflacion_99:expectativa_del_proximo_mes,2022-08-01,0.00445
eve:bloque_de_inflacion_99:horizonte_de_politica_monetaria_proximos_24_meses,2022-10-01,0.045
eve:bloque_de_inflacion_99:proximos_12_meses,2025-11-01,0.037
eve:bloque_de_inflacion_9:expectativa_ano_t,2006-12-01,0.07998136363636363
eve:bloque_de_inflacion_9:expectativa_ano_t_1,2006-12-01,0.06510909090909092
eve:bloque_de_inflacion_9:expectativa_del_mes,2006-12-01,0.005713636363636362
eve:bloque_de_inflacion_9:expectativa_del_proximo_mes,2015-02-01,0.003
eve:bloque_de_inflacion_9:horizonte_de_politica_monetaria_proximos_24_meses,2015-04-01,0.045
eve:bloque_de_inflacion_9:proximos_12_meses,2018-05-01,0.04
eve:pib_variacion_porcentual_del_pib:expectativa_ano_t,2011-11-01,0.046
eve:pib_variacion_porcentual_del_pib:expectativa_ano_t_1,2011-11-01,0.048
eve:pib_variacion_porcentual_del_pib_100:expectativa_ano_t,2020-02-01,0.04
eve:pib_variacion_porcentual_del_pib_100:expectativa_ano_t_1,2020-02-01,0.04
eve:pib_variacion_porcentual_del_pib_101:expectativa_ano_t,2020-03-01,0.039
eve:pib_variacion_porcentual_del_pib_101:expectativa_ano_t_1,2020-03-01,0.04
eve:pib_variacion_porcentual_del_pib_102:expectativa_ano_t,2020-04-01,0.015
eve:pib_variacion_porcentual_del_pib_102:expectativa_ano_t_1,2020-04-01,0.035
eve:pib_variacion_porcentual_del_pib_103:expectativa_ano_t,2020-05-01,-0.018
eve:pib_variacion_porcentual_del_pib_103:expectativa_ano_t_1,2020-05-01,0.035
eve:pib_variacion_porcentual_del_pib_104:expectativa_ano_t,2020-06-01,-0.02
eve:pib_variacion_porcentual_del_pib_104:expectativa_ano_t_1,2020-06-01,0.035
eve:pib_variacion_porcentual_del_pib_105:expectativa_ano_t,2020-07-01,-0.025
eve:pib_variacion_porcentual_del_pib_105:expectativa_ano_t_1,2020-07-01,0.035
eve:pib_variacion_porcentual_del_pib_106:expectativa_ano_t,2020-08-01,-0.034
eve:pib_variacion_porcentual_del_pib_106:expectativa_ano_t_1,2020-08-01,0.036000000000000004
eve:pib_variacion_porcentual_del_pib_107:expectativa_ano_t,2020-09-01,-0.034
eve:pib_variacion_porcentual_del_pib_107:expectativa_ano_t_1,2020-09-01,0.03825
eve:pib_variacion_porcentual_del_pib_108:expectativa_ano_t,2020-10-01,-0.026500000000000003
eve:pib_variacion_porcentual_del_pib_108:expectativa_ano_t_1,2020-10-01,0.038099999999999995
eve:pib_variacion_porcentual_del_pib_109:expectativa_ano_t,2020-11-01,-0.02
eve:pib_variacion_porcentual_del_pib_109:expectativa_ano_t_1,2020-11-01,0.035
eve:pib_variacion_porcentual_del_pib_10:expectativa_ano_t,2012-08-01,0.0
eve:pib_variacion_porcentual_del_pib_10:expectativa_ano_t_1,2012-08-01,0.045
eve:pib_variacion_porcentual_del_pib_110:expectativa_ano_t,2020-12-01,-0.015
eve:pib_variacion_porcentual_del_pib_110:expectativa_ano_t_1,2020-12-01,0.036000000000000004
eve:pib_variacion_porcentual_del_pib_111:expectativa_ano_t,2021-01-01,0.039
eve:pib_variacion_porcentual_del_pib_111:expectativa_ano_t_1,2021-01-01,0.04
eve:pib_variacion_porcentual_del_pib_112:expectativa_ano_t,2021-02-01,0.038
eve:pib_variacion_porcentual_del_pib_112:expectativa_ano_t_1,2021-02-01,0.04
eve:pib_variacion_porcentual_del_pib_113:expectativa_ano_t,2021-03-01,0.038
eve:pib_variacion_porcentual_del_pib_113:expectativa_ano_t_1,2021-03-01,0.04
eve:pib_variacion_porcentual_del_pib_114:expectativa_ano_t,2021-04-01,0.03725
eve:pib_variacion_porcentual_del_pib_114:expectativa_ano_t_1,2021-04-01,0.04
eve:pib_variacion_porcentual_del_pib_115:expectativa_ano_t,2021-05-01,0.035
eve:pib_variacion_porcentual_del_pib_115:expectativa_ano_t_1,2021-05-01,0.04
eve:pib_variacion_porcentual_del_pib_116:expectativa_ano_t,2021-06-01,0.035
eve:pib_variacion_porcentual_del_pib_116:expectativa_ano_t_1,2021-06-01,0.04
eve:pib_variacion_porcentual_del_pib_117:expectativa_ano_t,2021-07-01,0.035
eve:pib_variacion_porcentual_del_pib_117:expectativa_ano_t_1,2021-07-01,0.04
eve:pib_variacion_porcentual_del_pib_118:expectativa_ano_t,2021-08-01,0.04
eve:pib_variacion_porcentual_del_pib_118:expectativa_ano_t_1,2021-08-01,0.04
eve:pib_variacion_porcentual_del_pib_119:expectativa_ano_t,2021-09-01,0.041
eve:pib_variacion_porcentual_del_pib_119:expectativa_ano_t_1,2021-09-01,0.04
eve:pib_variacion_porcentual_del_pib_11:expectativa_ano_t,2012-09-01,-0.01
eve:pib_variacion_porcentual_del_pib_11:expectativa_ano_t_1,2012-09-01,0.06
eve:pib_variacion_porcentual_del_pib_120:expectativa_ano_t,2021-10-01,0.043
eve:pib_variacion_porcentual_del_pib_120:expectativa_ano_t_1,2021-10-01,0.04
eve:pib_variacion_porcentual_del_pib_121:expectativa_ano_t,2021-11-01,0.045
eve:pib_variacion_porcentual_del_pib_121:expectativa_ano_t_1,2021-11-01,0.04
eve:pib_variacion_porcentual_del_pib_122:expectativa_ano_t,2021-12-01,0.045
eve:pib_variacion_porcentual_del_pib_122:expectativa_ano_t_1,2021-12-01,0.04
eve:pib_variacion_porcentual_del_pib_123:expectativa_ano_t,2022-01-01,0.037
eve:pib_variacion_porcentual_del_pib_123:expectativa_ano_t_1,2022-01-01,0.04
eve:pib_variacion_porcentual_del_pib_124:expectativa_ano_t,2022-02-01,0.03
eve:pib_variacion_porcentual_del_pib_124:expectativa_ano_t_1,2022-02-01,0.04
eve:pib_variacion_porcentual_del_pib_125:expectativa_ano_t,2022-03-01,0.02
eve:pib_variacion_porcentual_del_pib_125:expectativa_ano_t_1,2022-03-01,0.04
eve:pib_variacion_porcentual_del_pib_126:expectativa_ano_t,2022-04-01,0.02
eve:pib_variacion_porcentual_del_pib_126:expectativa_ano_t_1,2022-04-01,0.04
eve:pib_variacion_porcentual_del_pib_127:expectativa_ano_t,2022-05-01,0.002
eve:pib_variacion_porcentual_del_pib_127:expectativa_ano_t_1,2022-05-01,0.04
eve:pib_variacion_porcentual_del_pib_128:expectativa_ano_t,2022-06-01,0.0015
eve:pib_variacion_porcentual_del_pib_128:expectativa_ano_t_1,2022-06-01,0.04
eve:pib_variacion_porcentual_del_pib_129:expectativa_ano_t,2022-07-01,0.002
eve:pib_variacion_porcentual_del_pib_129:expectativa_ano_t_1,2022-07-01,0.04
eve:pib_variacion_porcentual_del_pib_12:expectativa_ano_t,2012-10-01,-0.011875
eve:pib_variacion_porcentual_del_pib_12:expectativa_ano_t_1,2012-10-01,0.055
eve:pib_variacion_porcentual_del_pib_130:expectativa_ano_t,2022-08-01,0.002
eve:pib_variacion_porcentual_del_pib_130:expectativa_ano_t_1,2022-08-01,0.04
eve:pib_variacion_porcentual_del_pib_131:expectativa_ano_t,2022-09-01,0.00125
eve:pib_variacion_porcentual_del_pib_131:expectativa_ano_t_1,2022-09-01,0.04
eve:pib_variacion_porcentual_del_pib_132:expectativa_ano_t,2022-10-01,0.001
eve:pib_variacion_porcentual_del_pib_132:expectativa_ano_t_1,2022-10-01,0.04
eve:pib_variacion_porcentual_del_pib_133:expectativa_ano_t,2022-11-01,0.002
eve:pib_variacion_porcentual_del_pib_133:expectativa_ano_t_1,2022-11-01,0.04
eve:pib_variacion_porcentual_del_pib_134:expectativa_ano_t,2022-12-01,0.002
eve:pib_variacion_porcentual_del_pib_134:expectativa_ano_t_1,2022-12-01,0.045
eve:pib_variacion_porcentual_del_pib_135:expectativa_ano_t,2023-01-01,0.045
eve:pib_variacion_porcentual_del_pib_135:expectativa_ano_t_1,2023-01-01,0.04
eve:pib_variacion_porcentual_del_pib_136:expectativa_ano_t,2023-02-01,0.045
eve:pib_variacion_porcentual_del_pib_136:expectativa_ano_t_1,2023-02-01,0.04
eve:pib_variacion_porcentual_del_pib_137:expectativa_ano_t,2023-03-01,0.045
eve:pib_variacion_porcentual_del_pib_137:expectativa_ano_t_1,2023-03-01,0.04
eve:pib_variacion_porcentual_del_pib_138:expectativa_ano_t,2023-04-01,0.045
eve:pib_variacion_porcentual_del_pib_138:expectativa_ano_t_1,2023-04-01,0.039
eve:pib_variacion_porcentual_del_pib_139:expectativa_ano_t,2023-05-01,0.045
eve:pib_variacion_porcentual_del_pib_139:expectativa_ano_t_1,2023-05-01,0.04
eve:pib_variacion_porcentual_del_pib_13:expectativa_ano_t,2012-11-01,-0.01
eve:pib_variacion_porcentual_del_pib_13:expectativa_ano_t_1,2012-11-01,0.06
eve:pib_variacion_porcentual_del_pib_140:expectativa_ano_t,2023-06-01,0.045
eve:pib_variacion_porcentual_del_pib_140:expectativa_ano_t_1,2023-06-01,0.04
eve:pib_variacion_porcentual_del_pib_141:expectativa_ano_t,2023-07-01,0.045
eve:pib_variacion_porcentual_del_pib_141:expectativa_ano_t_1,2023-07-01,0.04
eve:pib_variacion_porcentual_del_pib_142:expectativa_ano_t,2023-08-01,0.045
eve:pib_variacion_porcentual_del_pib_142:expectativa_ano_t_1,2023-08-01,0.04
eve:pib_variacion_porcentual_del_pib_143:expectativa_ano_t,2023-09-01,0.045
eve:pib_variacion_porcentual_del_pib_143:expectativa_ano_t_1,2023-09-01,0.04
eve:pib_variacion_porcentual_del_pib_144:expectativa_ano_t,2023-10-01,0.045
eve:pib_variacion_porcentual_del_pib_144:expectativa_ano_t_1,2023-10-01,0.04
eve:pib_variacion_porcentual_del_pib_145:expectativa_ano_t,2023-11-01,0.045
eve:pib_variacion_porcentual_del_pib_145:expectativa_ano_t_1,2023-11-01,0.04
eve:pib_variacion_porcentual_del_pib_146:expectativa_ano_t,2023-12-01,0.045
eve:pib_variacion_porcentual_del_pib_146:expectativa_ano_t_1,2023-12-01,0.04
eve:pib_variacion_porcentual_del_pib_147:expectativa_ano_t,2024-01-01,0.04
eve:pib_variacion_porcentual_del_pib_147:expectativa_ano_t_1,2024-01-01,0.04
eve:pib_variacion_porcentual_del_pib_148:expectativa_ano_t,2024-02-01,0.04
eve:pib_variacion_porcentual_del_pib_148:expectativa_ano_t_1,2024-02-01,0.04
eve:pib_variacion_porcentual_del_pib_149:expectativa_ano_t,2024-03-01,0.04
eve:pib_variacion_porcentual_del_pib_149:expectativa_ano_t_1,2024-03-01,0.04
eve:pib_variacion_porcentual_del_pib_14:expectativa_ano_t,2012-12-01,-0.01
eve:pib_variacion_porcentual_del_pib_14:expectativa_ano_t_1,2012-12-01,0.06
eve:pib_variacion_porcentual_del_pib_150:expectativa_ano_t,2024-04-01,0.038
eve:pib_variacion_porcentual_del_pib_150:expectativa_ano_t_1,2024-04-01,0.04
eve:pib_variacion_porcentual_del_pib_151:expectativa_ano_t,2024-05-01,0.038
eve:pib_variacion_porcentual_del_pib_151:expectativa_ano_t_1,2024-05-01,0.04
eve:pib_variacion_porcentual_del_pib_152:expectativa_ano_t,2024-06-01,0.038
eve:pib_variacion_porcentual_del_pib_152:expectativa_ano_t_1,2024-06-01,0.04
eve:pib_variacion_porcentual_del_pib_153:expectativa_ano_t,2024-07-01,0.038
eve:pib_variacion_porcentual_del_pib_153:expectativa_ano_t_1,2024-07-01,0.04
eve:pib_variacion_porcentual_del_pib_154:expectativa_ano_t,2024-08-01,0.039
eve:pib_variacion_porcentual_del_pib_154:expectativa_ano_t_1,2024-08-01,0.04
eve:pib_variacion_porcentual_del_pib_155:expectativa_ano_t,2024-09-01,0.0395
eve:pib_variacion_porcentual_del_pib_155:expectativa_ano_t_1,2024-09-01,0.04
eve:pib_variacion_porcentual_del_pib_156:expectativa_ano_t,2024-10-01,0.0395
eve:pib_variacion_porcentual_del_pib_156:expectativa_ano_t_1,2024-10-01,0.04
eve:pib_variacion_porcentual_del_pib_157:expectativa_ano_t,2024-11-01,0.0395
eve:pib_variacion_porcentual_del_pib_157:expectativa_ano_t_1,2024-11-01,0.04
eve:pib_variacion_porcentual_del_pib_158:expectativa_ano_t,2024-12-01,0.0395
eve:pib_variacion_porcentual_del_pib_158:expectativa_ano_t_1,2024-12-01,0.04
eve:pib_variacion_porcentual_del_pib_159:expectativa_ano_t,2025-01-01,0.038
eve:pib_variacion_porcentual_del_pib_159:expectativa_ano_t_1,2025-01-01,0.039
eve:pib_variacion_porcentual_del_pib_15:expectativa_ano_t,2013-01-01,0.075
eve:pib_variacion_porcentual_del_pib_15:expectativa_ano_t_1,2013-01-01,0.043
eve:pib_variacion_porcentual_del_pib_160:expectativa_ano_t,2025-02-01,0.038
eve:pib_variacion_porcentual_del_pib_160:expectativa_ano_t_1,2025-02-01,0.038
eve:pib_variacion_porcentual_del_pib_161:expectativa_ano_t,2025-03-01,0.038
eve:pib_variacion_porcentual_del_pib_161:expectativa_ano_t_1,2025-03-01,0.038
eve:pib_variacion_porcentual_del_pib_162:expectativa_ano_t,2025-04-01,0.038
eve:pib_variacion_porcentual_del_pib_162:expectativa_ano_t_1,2025-04-01,0.038
eve:pib_variacion_porcentual_del_pib_163:expectativa_ano_t,2025-05-01,0.038
eve:pib_variacion_porcentual_del_pib_163:expectativa_ano_t_1,2025-05-01,0.038
eve:pib_variacion_porcentual_del_pib_164:expectativa_ano_t,2025-06-01,0.038
eve:pib_variacion_porcentual_del_pib_164:expectativa_ano_t_1,2025-06-01,0.039
eve:pib_variacion_porcentual_del_pib_165:expectativa_ano_t,2025-07-01,0.039
eve:pib_variacion_porcentual_del_pib_165:expectativa_ano_t_1,2025-07-01,0.04
eve:pib_variacion_porcentual_del_pib_166:expectativa_ano_t,2025-08-01,0.04
eve:pib_variacion_porcentual_del_pib_166:expectativa_ano_t_1,2025-08-01,0.04
eve:pib_variacion_porcentual_del_pib_167:expectativa_ano_t,2025-09-01,0.042
eve:pib_variacion_porcentual_del_pib_167:expectativa_ano_t_1,2025-09-01,0.04
eve:pib_variacion_porcentual_del_pib_168:expectativa_ano_t,2025-10-01,0.044
eve:pib_variacion_porcentual_del_pib_168:expectativa_ano_t_1,2025-10-01,0.04
eve:pib_variacion_porcentual_del_pib_169:expectativa_ano_t,2025-11-01,0.05
eve:pib_variacion_porcentual_del_pib_169:expectativa_ano_t_1,2025-11-01,0.042
eve:pib_variacion_porcentual_del_pib_16:expectativa_ano_t,2013-02-01,0.0875
eve:pib_variacion_porcentual_del_pib_16:expectativa_ano_t_1,2013-02-01,0.045
eve:pib_variacion_porcentual_del_pib_170:expectativa_ano_t,2025-12-01,0.051
eve:pib_variacion_porcentual_del_pib_170:expectativa_ano_t_1,2025-12-01,0.043
eve:pib_variacion_porcentual_del_pib_171:expectativa_ano_t,2026-01-01,0.042
eve:pib_variacion_porcentual_del_pib_171:expectativa_ano_t_1,2026-01-01,0.04
eve:pib_variacion_porcentual_del_pib_172:expectativa_ano_t,2026-02-01,0.042
eve:pib_variacion_porcentual_del_pib_172:expectativa_ano_t_1,2026-02-01,0.04
eve:pib_variacion_porcentual_del_pib_173:expectativa_ano_t,2026-03-01,0.042
eve:pib_variacion_porcentual_del_pib_173:expectativa_ano_t_1,2026-03-01,0.04
eve:pib_variacion_porcentual_del_pib_174:expectativa_ano_t,2026-04-01,0.042
eve:pib_variacion_porcentual_del_pib_174:expectativa_ano_t_1,2026-04-01,0.04
eve:pib_variacion_porcentual_del_pib_175:expectativa_ano_t,2026-05-01,0.042
eve:pib_variacion_porcentual_del_pib_175:expectativa_ano_t_1,2026-05-01,0.04
eve:pib_variacion_porcentual_del_pib_176:expectativa_ano_t,2026-06-01,0.042
eve:pib_variacion_porcentual_del_pib_176:expectativa_ano_t_1,2026-06-01,0.04
eve:pib_variacion_porcentual_del_pib_177:expectativa_ano_t,2026-07-01,0.042
eve:pib_variacion_porcentual_del_pib_177:expectativa_ano_t_1,2026-07-01,0.04
eve:pib_variacion_porcentual_del_pib_178:expectativa_ano_t,2026-08-01,0.043
eve:pib_variacion_porcentual_del_pib_178:expectativa_ano_t_1,2026-08-01,0.04
eve:pib_variacion_porcentual_del_pib_17:expectativa_ano_t,2013-03-01,0.0875
eve:pib_variacion_porcentual_del_pib_17:expectativa_ano_t_1,2013-03-01,0.045
eve:pib_variacion_porcentual_del_pib_18:expectativa_ano_t,2013-04-01,0.11
eve:pib_variacion_porcentual_del_pib_18:expectativa_ano_t_1,2013-04-01,0.049
eve:pib_variacion_porcentual_del_pib_19:expectativa_ano_t,2013-05-01,0.11
eve:pib_variacion_porcentual_del_pib_19:expectativa_ano_t_1,2013-05-01,0.056499999999999995
eve:pib_variacion_porcentual_del_pib_20:expectativa_ano_t,2013-06-01,0.11
eve:pib_variacion_porcentual_del_pib_20:expectativa_ano_t_1,2013-06-01,0.056
eve:pib_variacion_porcentual_del_pib_21:expectativa_ano_t,2013-07-01,0.11
eve:pib_variacion_porcentual_del_pib_21:expectativa_ano_t_1,2013-07-01,0.06
eve:pib_variacion_porcentual_del_pib_22:expectativa_ano_t,2013-08-01,0.115
eve:pib_variacion_porcentual_del_pib_22:expectativa_ano_t_1,2013-08-01,0.06
eve:pib_variacion_porcentual_del_pib_23:expectativa_ano_t,2013-09-01,0.1125
eve:pib_variacion_porcentual_del_pib_23:expectativa_ano_t_1,2013-09-01,0.055
eve:pib_variacion_porcentual_del_pib_24:expectativa_ano_t,2013-10-01,0.1185
eve:pib_variacion_porcentual_del_pib_24:expectativa_ano_t_1,2013-10-01,0.055
eve:pib_variacion_porcentual_del_pib_25:expectativa_ano_t,2013-11-01,0.12
eve:pib_variacion_porcentual_del_pib_25:expectativa_ano_t_1,2013-11-01,0.053
eve:pib_variacion_porcentual_del_pib_26:expectativa_ano_t,2013-12-01,0.12
eve:pib_variacion_porcentual_del_pib_26:expectativa_ano_t_1,2013-12-01,0.055
eve:pib_variacion_porcentual_del_pib_27:expectativa_ano_t,2014-01-01,0.054
eve:pib_variacion_porcentual_del_pib_27:expectativa_ano_t_1,2014-01-01,0.05
eve:pib_variacion_porcentual_del_pib_28:expectativa_ano_t,2014-02-01,0.05
eve:pib_variacion_porcentual_del_pib_28:expectativa_ano_t_1,2014-02-01,0.052500000000000005
eve:pib_variacion_porcentual_del_pib_29:expectativa_ano_t,2014-03-01,0.05
eve:pib_variacion_porcentual_del_pib_29:expectativa_ano_t_1,2014-03-01,0.0565
eve:pib_variacion_porcentual_del_pib_2:expectativa_ano_t,2011-12-01,0.043
eve:pib_variacion_porcentual_del_pib_2:expectativa_ano_t_1,2011-12-01,0.04
eve:pib_variacion_porcentual_del_pib_30:expectativa_ano_t,2014-04-01,0.05
eve:pib_variacion_porcentual_del_pib_30:expectativa_ano_t_1,2014-04-01,0.05
eve:pib_variacion_porcentual_del_pib_31:expectativa_ano_t,2014-05-01,0.05
eve:pib_variacion_porcentual_del_pib_31:expectativa_ano_t_1,2014-05-01,0.05
eve:pib_variacion_porcentual_del_pib_32:expectativa_ano_t,2014-06-01,0.05
eve:pib_variacion_porcentual_del_pib_32:expectativa_ano_t_1,2014-06-01,0.056499999999999995
eve:pib_variacion_porcentual_del_pib_33:expectativa_ano_t,2014-07-01,0.05
eve:pib_variacion_porcentual_del_pib_33:expectativa_ano_t_1,2014-07-01,0.056
eve:pib_variacion_porcentual_del_pib_34:expectativa_ano_t,2014-08-01,0.047
eve:pib_variacion_porcentual_del_pib_34:expectativa_ano_t_1,2014-08-01,0.05
eve:pib_variacion_porcentual_del_pib_35:expectativa_ano_t,2014-09-01,0.047
eve:pib_variacion_porcentual_del_pib_35:expectativa_ano_t_1,2014-09-01,0.05
eve:pib_variacion_porcentual_del_pib_36:expectativa_ano_t,2014-10-01,0.042
eve:pib_variacion_porcentual_del_pib_36:expectativa_ano_t_1,2014-10-01,0.045
eve:pib_variacion_porcentual_del_pib_37:expectativa_ano_t,2014-11-01,0.0405
eve:pib_variacion_porcentual_del_pib_37:expectativa_ano_t_1,2014-11-01,0.045
eve:pib_variacion_porcentual_del_pib_38:expectativa_ano_t,2014-12-01,0.0405
eve:pib_variacion_porcentual_del_pib_38:expectativa_ano_t_1,2014-12-01,0.045
eve:pib_variacion_porcentual_del_pib_39:expectativa_ano_t,2015-01-01,0.045
eve:pib_variacion_porcentual_del_pib_39:expectativa_ano_t_1,2015-01-01,0.048
eve:pib_variacion_porcentual_del_pib_3:expectativa_ano_t,2012-01-01,0.0325
eve:pib_variacion_porcentual_del_pib_3:expectativa_ano_t_1,2012-01-01,0.0435
eve:pib_variacion_porcentual_del_pib_40:expectativa_ano_t,2015-02-01,0.045
eve:pib_variacion_porcentual_del_pib_40:expectativa_ano_t_1,2015-02-01,0.0475
eve:pib_variacion_porcentual_del_pib_41:expectativa_ano_t,2015-03-01,0.045
eve:pib_variacion_porcentual_del_pib_41:expectativa_ano_t_1,2015-03-01,0.047
eve:pib_variacion_porcentual_del_pib_42:expectativa_ano_t,2015-04-01,0.045
eve:pib_variacion_porcentual_del_pib_42:expectativa_ano_t_1,2015-04-01,0.0465
eve:pib_variacion_porcentual_del_pib_43:expectativa_ano_t,2015-05-01,0.045
eve:pib_variacion_porcentual_del_pib_43:expectativa_ano_t_1,2015-05-01,0.045
eve:pib_variacion_porcentual_del_pib_44:expectativa_ano_t,2015-06-01,0.045
eve:pib_variacion_porcentual_del_pib_44:expectativa_ano_t_1,2015-06-01,0.045
eve:pib_variacion_porcentual_del_pib_45:expectativa_ano_t,2015-07-01,0.04
eve:pib_variacion_porcentual_del_pib_45:expectativa_ano_t_1,2015-07-01,0.042
eve:pib_variacion_porcentual_del_pib_46:expectativa_ano_t,2015-08-01,0.04
eve:pib_variacion_porcentual_del_pib_46:expectativa_ano_t_1,2015-08-01,0.04
eve:pib_variacion_porcentual_del_pib_47:expectativa_ano_t,2015-09-01,0.039
eve:pib_variacion_porcentual_del_pib_47:expectativa_ano_t_1,2015-09-01,0.04
eve:pib_variacion_porcentual_del_pib_48:expectativa_ano_t,2015-10-01,0.0365
eve:pib_variacion_porcentual_del_pib_48:expectativa_ano_t_1,2015-10-01,0.04
eve:pib_variacion_porcentual_del_pib_49:expectativa_ano_t,2015-11-01,0.035
eve:pib_variacion_porcentual_del_pib_49:expectativa_ano_t_1,2015-11-01,0.04
eve:pib_variacion_porcentual_del_pib_4:expectativa_ano_t,2012-02-01,0.03
eve:pib_variacion_porcentual_del_pib_4:expectativa_ano_t_1,2012-02-01,0.042499999999999996
eve:pib_variacion_porcentual_del_pib_50:expectativa_ano_t,2015-12-01,0.0325
eve:pib_variacion_porcentual_del_pib_50:expectativa_ano_t_1,2015-12-01,0.0375
eve:pib_variacion_porcentual_del_pib_51:expectativa_ano_t,2016-01-01,0.031
eve:pib_variacion_porcentual_del_pib_51:expectativa_ano_t_1,2016-01-01,0.035
eve:pib_variacion_porcentual_del_pib_52:expectativa_ano_t,2016-02-01,0.033
eve:pib_variacion_porcentual_del_pib_52:expectativa_ano_t_1,2016-02-01,0.036500000000000005
eve:pib_variacion_porcentual_del_pib_53:expectativa_ano_t,2016-03-01,0.03
eve:pib_variacion_porcentual_del_pib_53:expectativa_ano_t_1,2016-03-01,0.038
eve:pib_variacion_porcentual_del_pib_54:expectativa_ano_t,2016-04-01,0.03
eve:pib_variacion_porcentual_del_pib_54:expectativa_ano_t_1,2016-04-01,0.038
eve:pib_variacion_porcentual_del_pib_55:expectativa_ano_t,2016-05-01,0.03
eve:pib_variacion_porcentual_del_pib_55:expectativa_ano_t_1,2016-05-01,0.035
eve:pib_variacion_porcentual_del_pib_56:expectativa_ano_t,2016-06-01,0.03
eve:pib_variacion_porcentual_del_pib_56:expectativa_ano_t_1,2016-06-01,0.035
eve:pib_variacion_porcentual_del_pib_57:expectativa_ano_t,2016-07-01,0.03
eve:pib_variacion_porcentual_del_pib_57:expectativa_ano_t_1,2016-07-01,0.035
eve:pib_variacion_porcentual_del_pib_58:expectativa_ano_t,2016-08-01,0.03
eve:pib_variacion_porcentual_del_pib_58:expectativa_ano_t_1,2016-08-01,0.035
eve:pib_variacion_porcentual_del_pib_59:expectativa_ano_t,2016-09-01,0.0305
eve:pib_variacion_porcentual_del_pib_59:expectativa_ano_t_1,2016-09-01,0.035500000000000004
eve:pib_variacion_porcentual_del_pib_5:expectativa_ano_t,2012-03-01,0.029
eve:pib_variacion_porcentual_del_pib_5:expectativa_ano_t_1,2012-03-01,0.041
eve:pib_variacion_porcentual_del_pib_60:expectativa_ano_t,2016-10-01,0.035
eve:pib_variacion_porcentual_del_pib_60:expectativa_ano_t_1,2016-10-01,0.035
eve:pib_variacion_porcentual_del_pib_61:expectativa_ano_t,2016-11-01,0.0375
eve:pib_variacion_porcentual_del_pib_61:expectativa_ano_t_1,2016-11-01,0.037
eve:pib_variacion_porcentual_del_pib_62:expectativa_ano_t,2016-12-01,0.039
eve:pib_variacion_porcentual_del_pib_62:expectativa_ano_t_1,2016-12-01,0.037
eve:pib_variacion_porcentual_del_pib_63:expectativa_ano_t,2017-01-01,0.038
eve:pib_variacion_porcentual_del_pib_63:expectativa_ano_t_1,2017-01-01,0.04
eve:pib_variacion_porcentual_del_pib_64:expectativa_ano_t,2017-02-01,0.038
eve:pib_variacion_porcentual_del_pib_64:expectativa_ano_t_1,2017-02-01,0.04
eve:pib_variacion_porcentual_del_pib_65:expectativa_ano_t,2017-03-01,0.04
eve:pib_variacion_porcentual_del_pib_65:expectativa_ano_t_1,2017-03-01,0.04
eve:pib_variacion_porcentual_del_pib_66:expectativa_ano_t,2017-04-01,0.04
eve:pib_variacion_porcentual_del_pib_66:expectativa_ano_t_1,2017-04-01,0.04
eve:pib_variacion_porcentual_del_pib_67:expectativa_ano_t,2017-05-01,0.04
eve:pib_variacion_porcentual_del_pib_67:expectativa_ano_t_1,2017-05-01,0.04
eve:pib_variacion_porcentual_del_pib_68:expectativa_ano_t,2017-06-01,0.04
eve:pib_variacion_porcentual_del_pib_68:expectativa_ano_t_1,2017-06-01,0.04
eve:pib_variacion_porcentual_del_pib_69:expectativa_ano_t,2017-07-01,0.04
eve:pib_variacion_porcentual_del_pib_69:expectativa_ano_t_1,2017-07-01,0.04
eve:pib_variacion_porcentual_del_pib_6:expectativa_ano_t,2012-04-01,0.009999999999999998
eve:pib_variacion_porcentual_del_pib_6:expectativa_ano_t_1,2012-04-01,0.04
eve:pib_variacion_porcentual_del_pib_70:expectativa_ano_t,2017-08-01,0.04
eve:pib_variacion_porcentual_del_pib_70:expectativa_ano_t_1,2017-08-01,0.04
eve:pib_variacion_porcentual_del_pib_71:expectativa_ano_t,2017-09-01,0.04
eve:pib_variacion_porcentual_del_pib_71:expectativa_ano_t_1,2017-09-01,0.04
eve:pib_variacion_porcentual_del_pib_72:expectativa_ano_t,2017-10-01,0.04
eve:pib_variacion_porcentual_del_pib_72:expectativa_ano_t_1,2017-10-01,0.04
eve:pib_variacion_porcentual_del_pib_73:expectativa_ano_t,2017-11-01,0.04
eve:pib_variacion_porcentual_del_pib_73:expectativa_ano_t_1,2017-11-01,0.04
eve:pib_variacion_porcentual_del_pib_74:expectativa_ano_t,2017-12-01,0.042
eve:pib_variacion_porcentual_del_pib_74:expectativa_ano_t_1,2017-12-01,0.04
eve:pib_variacion_porcentual_del_pib_75:expectativa_ano_t,2018-01-01,0.04
eve:pib_variacion_porcentual_del_pib_75:expectativa_ano_t_1,2018-01-01,0.04
eve:pib_variacion_porcentual_del_pib_76:expectativa_ano_t,2018-02-01,0.04
eve:pib_variacion_porcentual_del_pib_76:expectativa_ano_t_1,2018-02-01,0.042
eve:pib_variacion_porcentual_del_pib_77:expectativa_ano_t,2018-03-01,0.04
eve:pib_variacion_porcentual_del_pib_77:expectativa_ano_t_1,2018-03-01,0.0415
eve:pib_variacion_porcentual_del_pib_78:expectativa_ano_t,2018-04-01,0.04
eve:pib_variacion_porcentual_del_pib_78:expectativa_ano_t_1,2018-04-01,0.0415
eve:pib_variacion_porcentual_del_pib_79:expectativa_ano_t,2018-05-01,0.042
eve:pib_variacion_porcentual_del_pib_79:expectativa_ano_t_1,2018-05-01,0.0425
eve:pib_variacion_porcentual_del_pib_7:expectativa_ano_t,2012-05-01,0.006999999999999999
eve:pib_variacion_porcentual_del_pib_7:expectativa_ano_t_1,2012-05-01,0.04
eve:pib_variacion_porcentual_del_pib_80:expectativa_ano_t,2018-06-01,0.04225
eve:pib_variacion_porcentual_del_pib_80:expectativa_ano_t_1,2018-06-01,0.043
eve:pib_variacion_porcentual_del_pib_81:expectativa_ano_t,2018-07-01,0.043
eve:pib_variacion_porcentual_del_pib_81:expectativa_ano_t_1,2018-07-01,0.0425
eve:pib_variacion_porcentual_del_pib_82:expectativa_ano_t,2018-08-01,0.045
eve:pib_variacion_porcentual_del_pib_82:expectativa_ano_t_1,2018-08-01,0.043
eve:pib_variacion_porcentual_del_pib_83:expectativa_ano_t,2018-09-01,0.045
eve:pib_variacion_porcentual_del_pib_83:expectativa_ano_t_1,2018-09-01,0.043
eve:pib_variacion_porcentual_del_pib_84:expectativa_ano_t,2018-10-01,0.045
eve:pib_variacion_porcentual_del_pib_84:expectativa_ano_t_1,2018-10-01,0.043
eve:pib_variacion_porcentual_del_pib_85:expectativa_ano_t,2018-11-01,0.043
eve:pib_variacion_porcentual_del_pib_85:expectativa_ano_t_1,2018-11-01,0.043
eve:pib_variacion_porcentual_del_pib_86:expectativa_ano_t,2018-12-01,0.041
eve:pib_variacion_porcentual_del_pib_86:expectativa_ano_t_1,2018-12-01,0.042
eve:pib_variacion_porcentual_del_pib_87:expectativa_ano_t,2019-01-01,0.04
eve:pib_variacion_porcentual_del_pib_87:expectativa_ano_t_1,2019-01-01,0.04
eve:pib_variacion_porcentual_del_pib_88:expectativa_ano_t,2019-02-01,0.04
eve:pib_variacion_porcentual_del_pib_88:expectativa_ano_t_1,2019-02-01,0.04
eve:pib_variacion_porcentual_del_pib_89:expectativa_ano_t,2019-03-01,0.039
eve:pib_variacion_porcentual_del_pib_89:expectativa_ano_t_1,2019-03-01,0.04
eve:pib_variacion_porcentual_del_pib_8:expectativa_ano_t,2012-06-01,-0.01
eve:pib_variacion_porcentual_del_pib_8:expectativa_ano_t_1,2012-06-01,0.05
eve:pib_variacion_porcentual_del_pib_90:expectativa_ano_t,2019-04-01,0.0365
eve:pib_variacion_porcentual_del_pib_90:expectativa_ano_t_1,2019-04-01,0.04
eve:pib_variacion_porcentual_del_pib_91:expectativa_ano_t,2019-05-01,0.03225
eve:pib_variacion_porcentual_del_pib_91:expectativa_ano_t_1,2019-05-01,0.039
eve:pib_variacion_porcentual_del_pib_92:expectativa_ano_t,2019-06-01,0.03
eve:pib_variacion_porcentual_del_pib_92:expectativa_ano_t_1,2019-06-01,0.038
eve:pib_variacion_porcentual_del_pib_93:expectativa_ano_t,2019-07-01,0.03
eve:pib_variacion_porcentual_del_pib_93:expectativa_ano_t_1,2019-07-01,0.037
eve:pib_variacion_porcentual_del_pib_94:expectativa_ano_t,2019-08-01,0.015
eve:pib_variacion_porcentual_del_pib_94:expectativa_ano_t_1,2019-08-01,0.035
eve:pib_variacion_porcentual_del_pib_95:expectativa_ano_t,2019-09-01,0.013
eve:pib_variacion_porcentual_del_pib_95:expectativa_ano_t_1,2019-09-01,0.035
eve:pib_variacion_porcentual_del_pib_96:expectativa_ano_t,2019-10-01,0.009000000000000001
eve:pib_variacion_porcentual_del_pib_96:expectativa_ano_t_1,2019-10-01,0.03275
eve:pib_variacion_porcentual_del_pib_97:expectativa_ano_t,2019-11-01,0.0035
eve:pib_variacion_porcentual_del_pib_97:expectativa_ano_t_1,2019-11-01,0.0325
eve:pib_variacion_porcentual_del_pib_98:expectativa_ano_t,2019-12-01,0.00275
eve:pib_variacion_porcentual_del_pib_98:expectativa_ano_t_1,2019-12-01,0.0335
eve:pib_variacion_porcentual_del_pib_99:expectativa_ano_t,2020-01-01,0.038
eve:pib_variacion_porcentual_del_pib_99:expectativa_ano_t_1,2020-01-01,0.04
eve:pib_variacion_porcentual_del_pib_9:expectativa_ano_t,2012-07-01,-0.01
eve:pib_variacion_porcentual_del_pib_9:expectativa_ano_t_1,2012-07-01,0.045
eve:tasa_de_politica_monetaria_tpm:expectativa_ano_t,2014-06-01,0.0675
eve:tasa_de_politica_monetaria_tpm:expectativa_ano_t_1,2014-06-01,0.0675
eve:tasa_de_politica_monetaria_tpm:expectativa_del_mes,2014-06-01,0.0675
eve:tasa_de_politica_monetaria_tpm:expectativa_del_proximo_mes,2014-06-01,0.0675
eve:tasa_de_politica_monetaria_tpm_100:expectativa_ano_t,2022-09-01,0.08375
eve:tasa_de_politica_monetaria_tpm_100:expectativa_ano_t_1,2022-09-01,0.07
eve:tasa_de_politica_monetaria_tpm_100:expectativa_del_mes,2022-09-01,0.0825
eve:tasa_de_politica_monetaria_tpm_100:expectativa_del_proximo_mes,2022-09-01,0.0825
eve:tasa_de_politica_monetaria_tpm_101:expectativa_ano_t,2022-10-01,0.085
eve:tasa_de_politica_monetaria_tpm_101:expectativa_ano_t_1,2022-10-01,0.0675
eve:tasa_de_politica_monetaria_tpm_101:expectativa_del_mes,2022-10-01,0.085
eve:tasa_de_politica_monetaria_tpm_101:expectativa_del_proximo_mes,2022-10-01,0.085
eve:tasa_de_politica_monetaria_tpm_102:expectativa_ano_t,2022-11-01,0.085
eve:tasa_de_politica_monetaria_tpm_102:expectativa_ano_t_1,2022-11-01,0.067
eve:tasa_de_politica_monetaria_tpm_102:expectativa_del_mes,2022-11-01,0.085
eve:tasa_de_politica_monetaria_tpm_102:expectativa_del_proximo_mes,2022-11-01,0.085
eve:tasa_de_politica_monetaria_tpm_103:expectativa_ano_t,2022-12-01,0.085
eve:tasa_de_politica_monetaria_tpm_103:expectativa_ano_t_1,2022-12-01,0.065
eve:tasa_de_politica_monetaria_tpm_103:expectativa_del_mes,2022-12-01,0.085
eve:tasa_de_politica_monetaria_tpm_103:expectativa_del_proximo_mes,2022-12-01,0.085
eve:tasa_de_politica_monetaria_tpm_104:expectativa_ano_t,2023-01-01,0.0675
eve:tasa_de_politica_monetaria_tpm_104:expectativa_ano_t_1,2023-01-01,0.055
eve:tasa_de_politica_monetaria_tpm_104:expectativa_del_mes,2023-01-01,0.085
eve:tasa_de_politica_monetaria_tpm_104:expectativa_del_proximo_mes,2023-01-01,0.085
eve:tasa_de_politica_monetaria_tpm_105:expectativa_ano_t,2023-02-01,0.07
eve:tasa_de_politica_monetaria_tpm_105:expectativa_ano_t_1,2023-02-01,0.06
eve:tasa_de_politica_monetaria_tpm_105:expectativa_del_mes,2023-02-01,0.085
eve:tasa_de_politica_monetaria_tpm_105:expectativa_del_proximo_mes,2023-02-01,0.085
eve:tasa_de_politica_monetaria_tpm_106:expectativa_ano_t,2023-03-01,0.0675
eve:tasa_de_politica_monetaria_tpm_106:expectativa_ano_t_1,2023-03-01,0.06
eve:tasa_de_politica_monetaria_tpm_106:expectativa_del_mes,2023-03-01,0.085
eve:tasa_de_politica_monetaria_tpm_106:expectativa_del_proximo_mes,2023-03-01,0.085
eve:tasa_de_politica_monetaria_tpm_107:expectativa_ano_t,2023-04-01,0.07
eve:tasa_de_politica_monetaria_tpm_107:expectativa_ano_t_1,2023-04-01,0.06
eve:tasa_de_politica_monetaria_tpm_107:expectativa_del_mes,2023-04-01,0.085
eve:tasa_de_politica_monetaria_tpm_107:expectativa_del_proximo_mes,2023-04-01,0.085
eve:tasa_de_politica_monetaria_tpm_108:expectativa_ano_t,2023-05-01,0.07
eve:tasa_de_politica_monetaria_tpm_108:expectativa_ano_t_1,2023-05-01,0.06
eve:tasa_de_politica_monetaria_tpm_108:expectativa_del_mes,2023-05-01,0.085
eve:tasa_de_politica_monetaria_tpm_108:expectativa_del_proximo_mes,2023-05-01,0.085
eve:tasa_de_politica_monetaria_tpm_109:expectativa_ano_t,2023-06-01,0.07
eve:tasa_de_politica_monetaria_tpm_109:expectativa_ano_t_1,2023-06-01,0.06
eve:tasa_de_politica_monetaria_tpm_109:expectativa_del_mes,2023-06-01,0.085
eve:tasa_de_politica_monetaria_tpm_109:expectativa_del_proximo_mes,2023-06-01,0.08375
eve:tasa_de_politica_monetaria_tpm_10:expectativa_ano_t,2015-03-01,0.0675
eve:tasa_de_politica_monetaria_tpm_10:expectativa_ano_t_1,2015-03-01,0.0675
eve:tasa_de_politica_monetaria_tpm_10:expectativa_del_mes,2015-03-01,0.0675
eve:tasa_de_politica_monetaria_tpm_10:expectativa_del_proximo_mes,2015-03-01,0.0675
eve:tasa_de_politica_monetaria_tpm_110:expectativa_ano_t,2023-07-01,0.07
eve:tasa_de_politica_monetaria_tpm_110:expectativa_ano_t_1,2023-07-01,0.06
eve:tasa_de_politica_monetaria_tpm_110:expectativa_del_mes,2023-07-01,0.085
eve:tasa_de_politica_monetaria_tpm_110:expectativa_del_proximo_mes,2023-07-01,0.0825
eve:tasa_de_politica_monetaria_tpm_111:expectativa_ano_t,2023-08-01,0.0725
eve:tasa_de_politica_monetaria_tpm_111:expectativa_ano_t_1,2023-08-01,0.06
eve:tasa_de_politica_monetaria_tpm_111:expectativa_del_mes,2023-08-01,0.085
eve:tasa_de_politica_monetaria_tpm_111:expectativa_del_proximo_mes,2023-08-01,0.08
eve:tasa_de_politica_monetaria_tpm_112:expectativa_ano_t,2023-09-01,0.07375
eve:tasa_de_politica_monetaria_tpm_112:expectativa_ano_t_1,2023-09-01,0.06
eve:tasa_de_politica_monetaria_tpm_112:expectativa_del_mes,2023-09-01,0.08
eve:tasa_de_politica_monetaria_tpm_112:expectativa_del_proximo_mes,2023-09-01,0.0775
eve:tasa_de_politica_monetaria_tpm_113:expectativa_ano_t,2023-10-01,0.0725
eve:tasa_de_politica_monetaria_tpm_113:expectativa_ano_t_1,2023-10-01,0.06
eve:tasa_de_politica_monetaria_tpm_113:expectativa_del_mes,2023-10-01,0.0775
eve:tasa_de_politica_monetaria_tpm_113:expectativa_del_proximo_mes,2023-10-01,0.075
eve:tasa_de_politica_monetaria_tpm_114:expectativa_ano_t,2023-11-01,0.0725
eve:tasa_de_politica_monetaria_tpm_114:expectativa_ano_t_1,2023-11-01,0.06
eve:tasa_de_politica_monetaria_tpm_114:expectativa_del_mes,2023-11-01,0.075
eve:tasa_de_politica_monetaria_tpm_114:expectativa_del_proximo_mes,2023-11-01,0.0725
eve:tasa_de_politica_monetaria_tpm_115:expectativa_ano_t,2023-12-01,0.07
eve:tasa_de_politica_monetaria_tpm_115:expectativa_ano_t_1,2023-12-01,0.06
eve:tasa_de_politica_monetaria_tpm_115:expectativa_del_mes,2023-12-01,0.07
eve:tasa_de_politica_monetaria_tpm_115:expectativa_del_proximo_mes,2023-12-01,0.07
eve:tasa_de_politica_monetaria_tpm_116:expectativa_ano_t,2024-01-01,0.055
eve:tasa_de_politica_monetaria_tpm_116:expectativa_ano_t_1,2024-01-01,0.052500000000000005
eve:tasa_de_politica_monetaria_tpm_116:expectativa_del_mes,2024-01-01,0.065
eve:tasa_de_politica_monetaria_tpm_116:expectativa_del_proximo_mes,2024-01-01,0.0625
eve:tasa_de_politica_monetaria_tpm_117:expectativa_ano_t,2024-02-01,0.055
eve:tasa_de_politica_monetaria_tpm_117:expectativa_ano_t_1,2024-02-01,0.051250000000000004
eve:tasa_de_politica_monetaria_tpm_117:expectativa_del_mes,2024-02-01,0.0625
eve:tasa_de_politica_monetaria_tpm_117:expectativa_del_proximo_mes,2024-02-01,0.0605
eve:tasa_de_politica_monetaria_tpm_118:expectativa_ano_t,2024-03-01,0.05375
eve:tasa_de_politica_monetaria_tpm_118:expectativa_ano_t_1,2024-03-01,0.05
eve:tasa_de_politica_monetaria_tpm_118:expectativa_del_mes,2024-03-01,0.06
eve:tasa_de_politica_monetaria_tpm_118:expectativa_del_proximo_mes,2024-03-01,0.0575
eve:tasa_de_politica_monetaria_tpm_119:expectativa_ano_t,2024-04-01,0.055
eve:tasa_de_politica_monetaria_tpm_119:expectativa_ano_t_1,2024-04-01,0.05
eve:tasa_de_politica_monetaria_tpm_119:expectativa_del_mes,2024-04-01,0.0575
eve:tasa_de_politica_monetaria_tpm_119:expectativa_del_proximo_mes,2024-04-01,0.0575
eve:tasa_de_politica_monetaria_tpm_11:expectativa_ano_t,2015-04-01,0.065
eve:tasa_de_politica_monetaria_tpm_11:expectativa_ano_t_1,2015-04-01,0.065
eve:tasa_de_politica_monetaria_tpm_11:expectativa_del_mes,2015-04-01,0.065
eve:tasa_de_politica_monetaria_tpm_11:expectativa_del_proximo_mes,2015-04-01,0.065
eve:tasa_de_politica_monetaria_tpm_120:expectativa_ano_t,2024-05-01,0.055
eve:tasa_de_politica_monetaria_tpm_120:expectativa_ano_t_1,2024-05-01,0.051250000000000004
eve:tasa_de_politica_monetaria_tpm_120:expectativa_del_mes,2024-05-01,0.06
eve:tasa_de_politica_monetaria_tpm_120:expectativa_del_proximo_mes,2024-05-01,0.06
eve:tasa_de_politica_monetaria_tpm_121:expectativa_ano_t,2024-06-01,0.0575
eve:tasa_de_politica_monetaria_tpm_121:expectativa_ano_t_1,2024-06-01,0.055
eve:tasa_de_politica_monetaria_tpm_121:expectativa_del_mes,2024-06-01,0.06
eve:tasa_de_politica_monetaria_tpm_121:expectativa_del_proximo_mes,2024-06-01,0.06
eve:tasa_de_politica_monetaria_tpm_122:expectativa_ano_t,2024-07-01,0.0575
eve:tasa_de_politica_monetaria_tpm_122:expectativa_ano_t_1,2024-07-01,0.055
eve:tasa_de_politica_monetaria_tpm_122:expectativa_del_mes,2024-07-01,0.06
eve:tasa_de_politica_monetaria_tpm_122:expectativa_del_proximo_mes,2024-07-01,0.06
eve:tasa_de_politica_monetaria_tpm_123:expectativa_ano_t,2024-08-01,0.0575
eve:tasa_de_politica_monetaria_tpm_123:expectativa_ano_t_1,2024-08-01,0.055
eve:tasa_de_politica_monetaria_tpm_123:expectativa_del_mes,2024-08-01,0.06
eve:tasa_de_politica_monetaria_tpm_123:expectativa_del_proximo_mes,2024-08-01,0.06
eve:tasa_de_politica_monetaria_tpm_124:expectativa_ano_t,2024-09-01,0.06
eve:tasa_de_politica_monetaria_tpm_124:expectativa_ano_t_1,2024-09-01,0.055
eve:tasa_de_politica_monetaria_tpm_124:expectativa_del_mes,2024-09-01,0.06
eve:tasa_de_politica_monetaria_tpm_124:expectativa_del_proximo_mes,2024-09-01,0.06
eve:tasa_de_politica_monetaria_tpm_125:expectativa_ano_t,2024-10-01,0.06
eve:tasa_de_politica_monetaria_tpm_125:expectativa_ano_t_1,2024-10-01,0.055
eve:tasa_de_politica_monetaria_tpm_125:expectativa_del_mes,2024-10-01,0.06
eve:tasa_de_politica_monetaria_tpm_125:expectativa_del_proximo_mes,2024-10-01,0.06
eve:tasa_de_politica_monetaria_tpm_126:expectativa_ano_t,2024-11-01,0.06
eve:tasa_de_politica_monetaria_tpm_126:expectativa_ano_t_1,2024-11-01,0.055
eve:tasa_de_politica_monetaria_tpm_126:expectativa_del_mes,2024-11-01,0.06
eve:tasa_de_politica_monetaria_tpm_126:expectativa_del_proximo_mes,2024-11-01,0.06
eve:tasa_de_politica_monetaria_tpm_127:expectativa_ano_t,2024-12-01,0.06
eve:tasa_de_politica_monetaria_tpm_127:expectativa_ano_t_1,2024-12-01,0.055
eve:tasa_de_politica_monetaria_tpm_127:expectativa_del_mes,2024-12-01,0.06
eve:tasa_de_politica_monetaria_tpm_127:expectativa_del_proximo_mes,2024-12-01,0.06
eve:tasa_de_politica_monetaria_tpm_128:expectativa_ano_t,2025-01-01,0.0575
eve:tasa_de_politica_monetaria_tpm_128:expectativa_ano_t_1,2025-01-01,0.055
eve:tasa_de_politica_monetaria_tpm_128:expectativa_del_mes,2025-01-01,0.06
eve:tasa_de_politica_monetaria_tpm_128:expectativa_del_proximo_mes,2025-01-01,0.06
eve:tasa_de_politica_monetaria_tpm_129:expectativa_ano_t,2025-02-01,0.0575
eve:tasa_de_politica_monetaria_tpm_129:expectativa_ano_t_1,2025-02-01,0.055
eve:tasa_de_politica_monetaria_tpm_129:expectativa_del_mes,2025-02-01,0.06
eve:tasa_de_politica_monetaria_tpm_129:expectativa_del_proximo_mes,2025-02-01,0.06
eve:tasa_de_politica_monetaria_tpm_12:expectativa_ano_t,2015-05-01,0.0625
eve:tasa_de_politica_monetaria_tpm_12:expectativa_ano_t_1,2015-05-01,0.0625
eve:tasa_de_politica_monetaria_tpm_12:expectativa_del_mes,2015-05-01,0.0625
eve:tasa_de_politica_monetaria_tpm_12:expectativa_del_proximo_mes,2015-05-01,0.0625
eve:tasa_de_politica_monetaria_tpm_130:expectativa_ano_t,2025-03-01,0.06
eve:tasa_de_politica_monetaria_tpm_130:expectativa_ano_t_1,2025-03-01,0.055
eve:tasa_de_politica_monetaria_tpm_130:expectativa_del_mes,2025-03-01,0.06
eve:tasa_de_politica_monetaria_tpm_130:expectativa_del_proximo_mes,2025-03-01,0.06
eve:tasa_de_politica_monetaria_tpm_131:expectativa_ano_t,2025-04-01,0.06
eve:tasa_de_politica_monetaria_tpm_131:expectativa_ano_t_1,2025-04-01,0.055
eve:tasa_de_politica_monetaria_tpm_131:expectativa_del_mes,2025-04-01,0.06
eve:tasa_de_politica_monetaria_tpm_131:expectativa_del_proximo_mes,2025-04-01,0.06
eve:tasa_de_politica_monetaria_tpm_132:expectativa_ano_t,2025-05-01,0.06
eve:tasa_de_politica_monetaria_tpm_132:expectativa_ano_t_1,2025-05-01,0.0563
eve:tasa_de_politica_monetaria_tpm_132:expectativa_del_mes,2025-05-01,0.06
eve:tasa_de_politica_monetaria_tpm_132:expectativa_del_proximo_mes,2025-05-01,0.06
eve:tasa_de_politica_monetaria_tpm_133:expectativa_ano_t,2025-06-01,0.06
eve:tasa_de_politica_monetaria_tpm_133:expectativa_ano_t_1,2025-06-01,0.0575
eve:tasa_de_politica_monetaria_tpm_133:expectativa_del_mes,2025-06-01,0.06
eve:tasa_de_politica_monetaria_tpm_133:expectativa_del_proximo_mes,2025-06-01,0.06
eve:tasa_de_politica_monetaria_tpm_134:expectativa_ano_t,2025-07-01,0.06
eve:tasa_de_politica_monetaria_tpm_134:expectativa_ano_t_1,2025-07-01,0.0575
eve:tasa_de_politica_monetaria_tpm_134:expectativa_del_mes,2025-07-01,0.06
eve:tasa_de_politica_monetaria_tpm_134:expectativa_del_proximo_mes,2025-07-01,0.06
eve:tasa_de_politica_monetaria_tpm_135:expectativa_ano_t,2025-08-01,0.06
eve:tasa_de_politica_monetaria_tpm_135:expectativa_ano_t_1,2025-08-01,0.0575
eve:tasa_de_politica_monetaria_tpm_135:expectativa_del_mes,2025-08-01,0.06
eve:tasa_de_politica_monetaria_tpm_135:expectativa_del_proximo_mes,2025-08-01,0.06
eve:tasa_de_politica_monetaria_tpm_136:expectativa_ano_t,2025-09-01,0.06
eve:tasa_de_politica_monetaria_tpm_136:expectativa_ano_t_1,2025-09-01,0.055
eve:tasa_de_politica_monetaria_tpm_136:expectativa_del_mes,2025-09-01,0.06
eve:tasa_de_politica_monetaria_tpm_136:expectativa_del_proximo_mes,2025-09-01,0.06
eve:tasa_de_politica_monetaria_tpm_137:expectativa_ano_t,2025-10-01,0.06
eve:tasa_de_politica_monetaria_tpm_137:expectativa_ano_t_1,2025-10-01,0.0575
eve:tasa_de_politica_monetaria_tpm_137:expectativa_del_mes,2025-10-01,0.06
eve:tasa_de_politica_monetaria_tpm_137:expectativa_del_proximo_mes,2025-10-01,0.06
eve:tasa_de_politica_monetaria_tpm_138:expectativa_ano_t,2025-11-01,0.06
eve:tasa_de_politica_monetaria_tpm_138:expectativa_ano_t_1,2025-11-01,0.0575
eve:tasa_de_politica_monetaria_tpm_138:expectativa_del_mes,2025-11-01,0.06
eve:tasa_de_politica_monetaria_tpm_138:expectativa_del_proximo_mes,2025-11-01,0.06
eve:tasa_de_politica_monetaria_tpm_139:expectativa_ano_t,2025-12-01,0.06
eve:tasa_de_politica_monetaria_tpm_139:expectativa_ano_t_1,2025-12-01,0.0575
eve:tasa_de_politica_monetaria_tpm_139:expectativa_del_mes,2025-12-01,0.06
eve:tasa_de_politica_monetaria_tpm_139:expectativa_del_proximo_mes,2025-12-01,0.06
eve:tasa_de_politica_monetaria_tpm_13:expectativa_ano_t,2015-06-01,0.0625
eve:tasa_de_politica_monetaria_tpm_13:expectativa_ano_t_1,2015-06-01,0.0625
eve:tasa_de_politica_monetaria_tpm_13:expectativa_del_mes,2015-06-01,0.0625
eve:tasa_de_politica_monetaria_tpm_13:expectativa_del_proximo_mes,2015-06-01,0.0625
eve:tasa_de_politica_monetaria_tpm_140:expectativa_ano_t,2026-01-01,0.0575
eve:tasa_de_politica_monetaria_tpm_140:expectativa_ano_t_1,2026-01-01,0.055
eve:tasa_de_politica_monetaria_tpm_140:expectativa_del_mes,2026-01-01,0.06
eve:tasa_de_politica_monetaria_tpm_140:expectativa_del_proximo_mes,2026-01-01,0.06
eve:tasa_de_politica_monetaria_tpm_141:expectativa_ano_t,2026-02-01,0.055
eve:tasa_de_politica_monetaria_tpm_141:expectativa_ano_t_1,2026-02-01,0.055
eve:tasa_de_politica_monetaria_tpm_141:expectativa_del_mes,2026-02-01,0.0575
eve:tasa_de_politica_monetaria_tpm_141:expectativa_del_proximo_mes,2026-02-01,0.0575
eve:tasa_de_politica_monetaria_tpm_142:expectativa_ano_t,2026-03-01,0.0525
eve:tasa_de_politica_monetaria_tpm_142:expectativa_ano_t_1,2026-03-01,0.05
eve:tasa_de_politica_monetaria_tpm_142:expectativa_del_mes,2026-03-01,0.055
eve:tasa_de_politica_monetaria_tpm_142:expectativa_del_proximo_mes,2026-03-01,0.055
eve:tasa_de_politica_monetaria_tpm_143:expectativa_ano_t,2026-04-01,0.055
eve:tasa_de_politica_monetaria_tpm_143:expectativa_ano_t_1,2026-04-01,0.05
eve:tasa_de_politica_monetaria_tpm_143:expectativa_del_mes,2026-04-01,0.055
eve:tasa_de_politica_monetaria_tpm_143:expectativa_del_proximo_mes,2026-04-01,0.055
eve:tasa_de_politica_monetaria_tpm_144:expectativa_ano_t,2026-05-01,0.055
eve:tasa_de_politica_monetaria_tpm_144:expectativa_ano_t_1,2026-05-01,0.05
eve:tasa_de_politica_monetaria_tpm_144:expectativa_del_mes,2026-05-01,0.055
eve:tasa_de_politica_monetaria_tpm_144:expectativa_del_proximo_mes,2026-05-01,0.055
eve:tasa_de_politica_monetaria_tpm_145:expectativa_ano_t,2026-06-01,0.055
eve:tasa_de_politica_monetaria_tpm_145:expectativa_ano_t_1,2026-06-01,0.0525
eve:tasa_de_politica_monetaria_tpm_145:expectativa_del_mes,2026-06-01,0.055
eve:tasa_de_politica_monetaria_tpm_145:expectativa_del_proximo_mes,2026-06-01,0.055
eve:tasa_de_politica_monetaria_tpm_146:expectativa_ano_t,2026-07-01,0.055
eve:tasa_de_politica_monetaria_tpm_146:expectativa_ano_t_1,2026-07-01,0.0525
eve:tasa_de_politica_monetaria_tpm_146:expectativa_del_mes,2026-07-01,0.055
eve:tasa_de_politica_monetaria_tpm_146:expectativa_del_proximo_mes,2026-07-01,0.055
eve:tasa_de_politica_monetaria_tpm_147:expectativa_ano_t,2026-08-01,0.055
eve:tasa_de_politica_monetaria_tpm_147:expectativa_ano_t_1,2026-08-01,0.0525
eve:tasa_de_politica_monetaria_tpm_147:expectativa_del_mes,2026-08-01,0.055
eve:tasa_de_politica_monetaria_tpm_147:expectativa_del_proximo_mes,2026-08-01,0.055
eve:tasa_de_politica_monetaria_tpm_14:expectativa_ano_t,2015-07-01,0.06
eve:tasa_de_politica_monetaria_tpm_14:expectativa_ano_t_1,2015-07-01,0.06
eve:tasa_de_politica_monetaria_tpm_14:expectativa_del_mes,2015-07-01,0.06
eve:tasa_de_politica_monetaria_tpm_14:expectativa_del_proximo_mes,2015-07-01,0.06
eve:tasa_de_politica_monetaria_tpm_15:expectativa_ano_t,2015-08-01,0.0575
eve:tasa_de_politica_monetaria_tpm_15:expectativa_ano_t_1,2015-08-01,0.0575
eve:tasa_de_politica_monetaria_tpm_15:expectativa_del_mes,2015-08-01,0.0575
eve:tasa_de_politica_monetaria_tpm_15:expectativa_del_proximo_mes,2015-08-01,0.0575
eve:tasa_de_politica_monetaria_tpm_16:expectativa_ano_t,2015-09-01,0.0575
eve:tasa_de_politica_monetaria_tpm_16:expectativa_ano_t_1,2015-09-01,0.0575
eve:tasa_de_politica_monetaria_tpm_16:expectativa_del_mes,2015-09-01,0.0575
eve:tasa_de_politica_monetaria_tpm_16:expectativa_del_proximo_mes,2015-09-01,0.0575
eve:tasa_de_politica_monetaria_tpm_17:expectativa_ano_t,2015-10-01,0.0575
eve:tasa_de_politica_monetaria_tpm_17:expectativa_ano_t_1,2015-10-01,0.0575
eve:tasa_de_politica_monetaria_tpm_17:expectativa_del_mes,2015-10-01,0.0575
eve:tasa_de_politica_monetaria_tpm_17:expectativa_del_proximo_mes,2015-10-01,0.0575
eve:tasa_de_politica_monetaria_tpm_18:expectativa_ano_t,2015-11-01,0.0575
eve:tasa_de_politica_monetaria_tpm_18:expectativa_ano_t_1,2015-11-01,0.0575
eve:tasa_de_politica_monetaria_tpm_18:expectativa_del_mes,2015-11-01,0.0575
eve:tasa_de_politica_monetaria_tpm_18:expectativa_del_proximo_mes,2015-11-01,0.0575
eve:tasa_de_politica_monetaria_tpm_19:expectativa_ano_t,2015-12-01,0.0575
eve:tasa_de_politica_monetaria_tpm_19:expectativa_ano_t_1,2015-12-01,0.0575
eve:tasa_de_politica_monetaria_tpm_19:expectativa_del_mes,2015-12-01,0.0575
eve:tasa_de_politica_monetaria_tpm_19:expectativa_del_proximo_mes,2015-12-01,0.0575
eve:tasa_de_politica_monetaria_tpm_20:expectativa_ano_t,2016-01-01,0.0575
eve:tasa_de_politica_monetaria_tpm_20:expectativa_ano_t_1,2016-01-01,0.0575
eve:tasa_de_politica_monetaria_tpm_20:expectativa_del_mes,2016-01-01,0.0575
eve:tasa_de_politica_monetaria_tpm_20:expectativa_del_proximo_mes,2016-01-01,0.0575
eve:tasa_de_politica_monetaria_tpm_21:expectativa_ano_t,2016-02-01,0.06125
eve:tasa_de_politica_monetaria_tpm_21:expectativa_ano_t_1,2016-02-01,0.06
eve:tasa_de_politica_monetaria_tpm_21:expectativa_del_mes,2016-02-01,0.06
eve:tasa_de_politica_monetaria_tpm_21:expectativa_del_proximo_mes,2016-02-01,0.06
eve:tasa_de_politica_monetaria_tpm_22:expectativa_ano_t,2016-03-01,0.0625
eve:tasa_de_politica_monetaria_tpm_22:expectativa_ano_t_1,2016-03-01,0.06
eve:tasa_de_politica_monetaria_tpm_22:expectativa_del_mes,2016-03-01,0.06
eve:tasa_de_politica_monetaria_tpm_22:expectativa_del_proximo_mes,2016-03-01,0.06
eve:tasa_de_politica_monetaria_tpm_23:expectativa_ano_t,2016-04-01,0.06
eve:tasa_de_politica_monetaria_tpm_23:expectativa_ano_t_1,2016-04-01,0.06
eve:tasa_de_politica_monetaria_tpm_23:expectativa_del_mes,2016-04-01,0.06
eve:tasa_de_politica_monetaria_tpm_23:expectativa_del_proximo_mes,2016-04-01,0.06
eve:tasa_de_politica_monetaria_tpm_24:expectativa_ano_t,2016-05-01,0.06
eve:tasa_de_politica_monetaria_tpm_24:expectativa_ano_t_1,2016-05-01,0.06
eve:tasa_de_politica_monetaria_tpm_24:expectativa_del_mes,2016-05-01,0.06
eve:tasa_de_politica_monetaria_tpm_24:expectativa_del_proximo_mes,2016-05-01,0.06
eve:tasa_de_politica_monetaria_tpm_25:expectativa_ano_t,2016-06-01,0.0575
eve:tasa_de_politica_monetaria_tpm_25:expectativa_ano_t_1,2016-06-01,0.0575
eve:tasa_de_politica_monetaria_tpm_25:expectativa_del_mes,2016-06-01,0.0575
eve:tasa_de_politica_monetaria_tpm_25:expectativa_del_proximo_mes,2016-06-01,0.0575
eve:tasa_de_politica_monetaria_tpm_26:expectativa_ano_t,2016-07-01,0.0575
eve:tasa_de_politica_monetaria_tpm_26:expectativa_ano_t_1,2016-07-01,0.0575
eve:tasa_de_politica_monetaria_tpm_26:expectativa_del_mes,2016-07-01,0.0575
eve:tasa_de_politica_monetaria_tpm_26:expectativa_del_proximo_mes,2016-07-01,0.0575
eve:tasa_de_politica_monetaria_tpm_27:expectativa_ano_t,2016-08-01,0.055
eve:tasa_de_politica_monetaria_tpm_27:expectativa_ano_t_1,2016-08-01,0.055
eve:tasa_de_politica_monetaria_tpm_27:expectativa_del_mes,2016-08-01,0.055
eve:tasa_de_politica_monetaria_tpm_27:expectativa_del_proximo_mes,2016-08-01,0.055
eve:tasa_de_politica_monetaria_tpm_28:expectativa_ano_t,2016-09-01,0.055
eve:tasa_de_politica_monetaria_tpm_28:expectativa_ano_t_1,2016-09-01,0.055
eve:tasa_de_politica_monetaria_tpm_28:expectativa_del_mes,2016-09-01,0.055
eve:tasa_de_politica_monetaria_tpm_28:expectativa_del_proximo_mes,2016-09-01,0.055
eve:tasa_de_politica_monetaria_tpm_29:expectativa_ano_t,2016-10-01,0.055
eve:tasa_de_politica_monetaria_tpm_29:expectativa_ano_t_1,2016-10-01,0.055
eve:tasa_de_politica_monetaria_tpm_29:expectativa_del_mes,2016-10-01,0.055
eve:tasa_de_politica_monetaria_tpm_29:expectativa_del_proximo_mes,2016-10-01,0.055
eve:tasa_de_politica_monetaria_tpm_2:expectativa_ano_t,2014-07-01,0.06725
eve:tasa_de_politica_monetaria_tpm_2:expectativa_ano_t_1,2014-07-01,0.066
eve:tasa_de_politica_monetaria_tpm_2:expectativa_del_mes,2014-07-01,0.0675
eve:tasa_de_politica_monetaria_tpm_2:expectativa_del_proximo_mes,2014-07-01,0.0675
eve:tasa_de_politica_monetaria_tpm_30:expectativa_ano_t,2016-11-01,0.055
eve:tasa_de_politica_monetaria_tpm_30:expectativa_ano_t_1,2016-11-01,0.055
eve:tasa_de_politica_monetaria_tpm_30:expectativa_del_mes,2016-11-01,0.055
eve:tasa_de_politica_monetaria_tpm_30:expectativa_del_proximo_mes,2016-11-01,0.055
eve:tasa_de_politica_monetaria_tpm_31:expectativa_ano_t,2016-12-01,0.055
eve:tasa_de_politica_monetaria_tpm_31:expectativa_ano_t_1,2016-12-01,0.055
eve:tasa_de_politica_monetaria_tpm_31:expectativa_del_mes,2016-12-01,0.055
eve:tasa_de_politica_monetaria_tpm_31:expectativa_del_proximo_mes,2016-12-01,0.055
eve:tasa_de_politica_monetaria_tpm_32:expectativa_ano_t,2017-01-01,0.055
eve:tasa_de_politica_monetaria_tpm_32:expectativa_ano_t_1,2017-01-01,0.055
eve:tasa_de_politica_monetaria_tpm_32:expectativa_del_mes,2017-01-01,0.055
eve:tasa_de_politica_monetaria_tpm_32:expectativa_del_proximo_mes,2017-01-01,0.055
eve:tasa_de_politica_monetaria_tpm_33:expectativa_ano_t,2017-02-01,0.055
eve:tasa_de_politica_monetaria_tpm_33:expectativa_ano_t_1,2017-02-01,0.055
eve:tasa_de_politica_monetaria_tpm_33:expectativa_del_mes,2017-02-01,0.055
eve:tasa_de_politica_monetaria_tpm_33:expectativa_del_proximo_mes,2017-02-01,0.055
eve:tasa_de_politica_monetaria_tpm_34:expectativa_ano_t,2017-03-01,0.055
eve:tasa_de_politica_monetaria_tpm_34:expectativa_ano_t_1,2017-03-01,0.055
eve:tasa_de_politica_monetaria_tpm_34:expectativa_del_mes,2017-03-01,0.055
eve:tasa_de_politica_monetaria_tpm_34:expectativa_del_proximo_mes,2017-03-01,0.055
eve:tasa_de_politica_monetaria_tpm_35:expectativa_ano_t,2017-04-01,0.055
eve:tasa_de_politica_monetaria_tpm_35:expectativa_ano_t_1,2017-04-01,0.055
eve:tasa_de_politica_monetaria_tpm_35:expectativa_del_mes,2017-04-01,0.055
eve:tasa_de_politica_monetaria_tpm_35:expectativa_del_proximo_mes,2017-04-01,0.055
eve:tasa_de_politica_monetaria_tpm_36:expectativa_ano_t,2017-05-01,0.055
eve:tasa_de_politica_monetaria_tpm_36:expectativa_ano_t_1,2017-05-01,0.055
eve:tasa_de_politica_monetaria_tpm_36:expectativa_del_mes,2017-05-01,0.055
eve:tasa_de_politica_monetaria_tpm_36:expectativa_del_proximo_mes,2017-05-01,0.055
eve:tasa_de_politica_monetaria_tpm_37:expectativa_ano_t,2017-06-01,0.055
eve:tasa_de_politica_monetaria_tpm_37:expectativa_ano_t_1,2017-06-01,0.055
eve:tasa_de_politica_monetaria_tpm_37:expectativa_del_mes,2017-06-01,0.055
eve:tasa_de_politica_monetaria_tpm_37:expectativa_del_proximo_mes,2017-06-01,0.055
eve:tasa_de_politica_monetaria_tpm_38:expectativa_ano_t,2017-07-01,0.055
eve:tasa_de_politica_monetaria_tpm_38:expectativa_ano_t_1,2017-07-01,0.055
eve:tasa_de_politica_monetaria_tpm_38:expectativa_del_mes,2017-07-01,0.055
eve:tasa_de_politica_monetaria_tpm_38:expectativa_del_proximo_mes,2017-07-01,0.055
eve:tasa_de_politica_monetaria_tpm_39:expectativa_ano_t,2017-08-01,0.055
eve:tasa_de_politica_monetaria_tpm_39:expectativa_ano_t_1,2017-08-01,0.055
eve:tasa_de_politica_monetaria_tpm_39:expectativa_del_mes,2017-08-01,0.055
eve:tasa_de_politica_monetaria_tpm_39:expectativa_del_proximo_mes,2017-08-01,0.055
eve:tasa_de_politica_monetaria_tpm_3:expectativa_ano_t,2014-08-01,0.0675
eve:tasa_de_politica_monetaria_tpm_3:expectativa_ano_t_1,2014-08-01,0.0675
eve:tasa_de_politica_monetaria_tpm_3:expectativa_del_mes,2014-08-01,0.0675
eve:tasa_de_politica_monetaria_tpm_3:expectativa_del_proximo_mes,2014-08-01,0.0675
eve:tasa_de_politica_monetaria_tpm_40:expectativa_ano_t,2017-09-01,0.0525
eve:tasa_de_politica_monetaria_tpm_40:expectativa_ano_t_1,2017-09-01,0.0525
eve:tasa_de_politica_monetaria_tpm_40:expectativa_del_mes,2017-09-01,0.0525
eve:tasa_de_politica_monetaria_tpm_40:expectativa_del_proximo_mes,2017-09-01,0.0525
eve:tasa_de_politica_monetaria_tpm_41:expectativa_ano_t,2017-10-01,0.0525
eve:tasa_de_politica_monetaria_tpm_41:expectativa_ano_t_1,2017-10-01,0.0525
eve:tasa_de_politica_monetaria_tpm_41:expectativa_del_mes,2017-10-01,0.0525
eve:tasa_de_politica_monetaria_tpm_41:expectativa_del_proximo_mes,2017-10-01,0.0525
eve:tasa_de_politica_monetaria_tpm_42:expectativa_ano_t,2017-11-01,0.0525
eve:tasa_de_politica_monetaria_tpm_42:expectativa_ano_t_1,2017-11-01,0.0525
eve:tasa_de_politica_monetaria_tpm_42:expectativa_del_mes,2017-11-01,0.0525
eve:tasa_de_politica_monetaria_tpm_42:expectativa_del_proximo_mes,2017-11-01,0.0525
eve:tasa_de_politica_monetaria_tpm_43:expectativa_ano_t,2017-12-01,0.0525
eve:tasa_de_politica_monetaria_tpm_43:expectativa_ano_t_1,2017-12-01,0.0525
eve:tasa_de_politica_monetaria_tpm_43:expectativa_del_mes,2017-12-01,0.0525
eve:tasa_de_politica_monetaria_tpm_43:expectativa_del_proximo_mes,2017-12-01,0.0525
eve:tasa_de_politica_monetaria_tpm_44:expectativa_ano_t,2018-01-01,0.0525
eve:tasa_de_politica_monetaria_tpm_44:expectativa_ano_t_1,2018-01-01,0.0525
eve:tasa_de_politica_monetaria_tpm_44:expectativa_del_mes,2018-01-01,0.0525
eve:tasa_de_politica_monetaria_tpm_44:expectativa_del_proximo_mes,2018-01-01,0.0525
eve:tasa_de_politica_monetaria_tpm_45:expectativa_ano_t,2018-02-01,0.0525
eve:tasa_de_politica_monetaria_tpm_45:expectativa_ano_t_1,2018-02-01,0.0525
eve:tasa_de_politica_monetaria_tpm_45:expectativa_del_mes,2018-02-01,0.0525
eve:tasa_de_politica_monetaria_tpm_45:expectativa_del_proximo_mes,2018-02-01,0.0525
eve:tasa_de_politica_monetaria_tpm_46:expectativa_ano_t,2018-03-01,0.0525
eve:tasa_de_politica_monetaria_tpm_46:expectativa_ano_t_1,2018-03-01,0.0525
eve:tasa_de_politica_monetaria_tpm_46:expectativa_del_mes,2018-03-01,0.0525
eve:tasa_de_politica_monetaria_tpm_46:expectativa_del_proximo_mes,2018-03-01,0.0525
eve:tasa_de_politica_monetaria_tpm_47:expectativa_ano_t,2018-04-01,0.0525
eve:tasa_de_politica_monetaria_tpm_47:expectativa_ano_t_1,2018-04-01,0.0525
eve:tasa_de_politica_monetaria_tpm_47:expectativa_del_mes,2018-04-01,0.0525
eve:tasa_de_politica_monetaria_tpm_47:expectativa_del_proximo_mes,2018-04-01,0.0525
eve:tasa_de_politica_monetaria_tpm_48:expectativa_ano_t,2018-05-01,0.0525
eve:tasa_de_politica_monetaria_tpm_48:expectativa_ano_t_1,2018-05-01,0.0525
eve:tasa_de_politica_monetaria_tpm_48:expectativa_del_mes,2018-05-01,0.0525
eve:tasa_de_politica_monetaria_tpm_48:expectativa_del_proximo_mes,2018-05-01,0.0525
eve:tasa_de_politica_monetaria_tpm_49:expectativa_ano_t,2018-06-01,0.0525
eve:tasa_de_politica_monetaria_tpm_49:expectativa_ano_t_1,2018-06-01,0.0525
eve:tasa_de_politica_monetaria_tpm_49:expectativa_del_mes,2018-06-01,0.0525
eve:tasa_de_politica_monetaria_tpm_49:expectativa_del_proximo_mes,2018-06-01,0.0525
eve:tasa_de_politica_monetaria_tpm_4:expectativa_ano_t,2014-09-01,0.0675
eve:tasa_de_politica_monetaria_tpm_4:expectativa_ano_t_1,2014-09-01,0.0675
eve:tasa_de_politica_monetaria_tpm_4:expectativa_del_mes,2014-09-01,0.0675
eve:tasa_de_politica_monetaria_tpm_4:expectativa_del_proximo_mes,2014-09-01,0.0675
eve:tasa_de_politica_monetaria_tpm_50:expectativa_ano_t,2018-07-01,0.0525
eve:tasa_de_politica_monetaria_tpm_50:expectativa_ano_t_1,2018-07-01,0.0525
eve:tasa_de_politica_monetaria_tpm_50:expectativa_del_mes,2018-07-01,0.0525
eve:tasa_de_politica_monetaria_tpm_50:expectativa_del_proximo_mes,2018-07-01,0.0525
eve:tasa_de_politica_monetaria_tpm_51:expectativa_ano_t,2018-08-01,0.0525
eve:tasa_de_politica_monetaria_tpm_51:expectativa_ano_t_1,2018-08-01,0.0525
eve:tasa_de_politica_monetaria_tpm_51:expectativa_del_mes,2018-08-01,0.0525
eve:tasa_de_politica_monetaria_tpm_51:expectativa_del_proximo_mes,2018-08-01,0.0525
eve:tasa_de_politica_monetaria_tpm_52:expectativa_ano_t,2018-09-01,0.0525
eve:tasa_de_politica_monetaria_tpm_52:expectativa_ano_t_1,2018-09-01,0.0525
eve:tasa_de_politica_monetaria_tpm_52:expectativa_del_mes,2018-09-01,0.0525
eve:tasa_de_politica_monetaria_tpm_52:expectativa_del_proximo_mes,2018-09-01,0.0525
eve:tasa_de_politica_monetaria_tpm_53:expectativa_ano_t,2018-10-01,0.0525
eve:tasa_de_politica_monetaria_tpm_53:expectativa_ano_t_1,2018-10-01,0.0525
eve:tasa_de_politica_monetaria_tpm_53:expectativa_del_mes,2018-10-01,0.0525
eve:tasa_de_politica_monetaria_tpm_53:expectativa_del_proximo_mes,2018-10-01,0.0525
eve:tasa_de_politica_monetaria_tpm_54:expectativa_ano_t,2018-11-01,0.0525
eve:tasa_de_politica_monetaria_tpm_54:expectativa_ano_t_1,2018-11-01,0.0525
eve:tasa_de_politica_monetaria_tpm_54:expectativa_del_mes,2018-11-01,0.0525
eve:tasa_de_politica_monetaria_tpm_54:expectativa_del_proximo_mes,2018-11-01,0.0525
eve:tasa_de_politica_monetaria_tpm_55:expectativa_ano_t,2018-12-01,0.0525
eve:tasa_de_politica_monetaria_tpm_55:expectativa_ano_t_1,2018-12-01,0.0525
eve:tasa_de_politica_monetaria_tpm_55:expectativa_del_mes,2018-12-01,0.0525
eve:tasa_de_politica_monetaria_tpm_55:expectativa_del_proximo_mes,2018-12-01,0.0525
eve:tasa_de_politica_monetaria_tpm_56:expectativa_ano_t,2019-01-01,0.0525
eve:tasa_de_politica_monetaria_tpm_56:expectativa_ano_t_1,2019-01-01,0.0525
eve:tasa_de_politica_monetaria_tpm_56:expectativa_del_mes,2019-01-01,0.0525
eve:tasa_de_politica_monetaria_tpm_56:expectativa_del_proximo_mes,2019-01-01,0.0525
eve:tasa_de_politica_monetaria_tpm_57:expectativa_ano_t,2019-02-01,0.0525
eve:tasa_de_politica_monetaria_tpm_57:expectativa_ano_t_1,2019-02-01,0.0525
eve:tasa_de_politica_monetaria_tpm_57:expectativa_del_mes,2019-02-01,0.0525
eve:tasa_de_politica_monetaria_tpm_57:expectativa_del_proximo_mes,2019-02-01,0.0525
eve:tasa_de_politica_monetaria_tpm_58:expectativa_ano_t,2019-03-01,0.05
eve:tasa_de_politica_monetaria_tpm_58:expectativa_ano_t_1,2019-03-01,0.05
eve:tasa_de_politica_monetaria_tpm_58:expectativa_del_mes,2019-03-01,0.05
eve:tasa_de_politica_monetaria_tpm_58:expectativa_del_proximo_mes,2019-03-01,0.05
eve:tasa_de_politica_monetaria_tpm_59:expectativa_ano_t,2019-04-01,0.0475
eve:tasa_de_politica_monetaria_tpm_59:expectativa_ano_t_1,2019-04-01,0.0475
eve:tasa_de_politica_monetaria_tpm_59:expectativa_del_mes,2019-04-01,0.0475
eve:tasa_de_politica_monetaria_tpm_59:expectativa_del_proximo_mes,2019-04-01,0.0475
eve:tasa_de_politica_monetaria_tpm_5:expectativa_ano_t,2014-10-01,0.0675
eve:tasa_de_politica_monetaria_tpm_5:expectativa_ano_t_1,2014-10-01,0.0675
eve:tasa_de_politica_monetaria_tpm_5:expectativa_del_mes,2014-10-01,0.0675
eve:tasa_de_politica_monetaria_tpm_5:expectativa_del_proximo_mes,2014-10-01,0.0675
eve:tasa_de_politica_monetaria_tpm_60:expectativa_ano_t,2019-05-01,0.0475
eve:tasa_de_politica_monetaria_tpm_60:expectativa_ano_t_1,2019-05-01,0.0475
eve:tasa_de_politica_monetaria_tpm_60:expectativa_del_mes,2019-05-01,0.0475
eve:tasa_de_politica_monetaria_tpm_60:expectativa_del_proximo_mes,2019-05-01,0.0475
eve:tasa_de_politica_monetaria_tpm_61:expectativa_ano_t,2019-06-01,0.0475
eve:tasa_de_politica_monetaria_tpm_61:expectativa_ano_t_1,2019-06-01,0.0475
eve:tasa_de_politica_monetaria_tpm_61:expectativa_del_mes,2019-06-01,0.0475
eve:tasa_de_politica_monetaria_tpm_61:expectativa_del_proximo_mes,2019-06-01,0.0475
eve:tasa_de_politica_monetaria_tpm_62:expectativa_ano_t,2019-07-01,0.0475
eve:tasa_de_politica_monetaria_tpm_62:expectativa_ano_t_1,2019-07-01,0.0475
eve:tasa_de_politica_monetaria_tpm_62:expectativa_del_mes,2019-07-01,0.0475
eve:tasa_de_politica_monetaria_tpm_62:expectativa_del_proximo_mes,2019-07-01,0.0475
eve:tasa_de_politica_monetaria_tpm_63:expectativa_ano_t,2019-08-01,0.045
eve:tasa_de_politica_monetaria_tpm_63:expectativa_ano_t_1,2019-08-01,0.045
eve:tasa_de_politica_monetaria_tpm_63:expectativa_del_mes,2019-08-01,0.045
eve:tasa_de_politica_monetaria_tpm_63:expectativa_del_proximo_mes,2019-08-01,0.045
eve:tasa_de_politica_monetaria_tpm_64:expectativa_ano_t,2019-09-01,0.0425
eve:tasa_de_politica_monetaria_tpm_64:expectativa_ano_t_1,2019-09-01,0.0425
eve:tasa_de_politica_monetaria_tpm_64:expectativa_del_mes,2019-09-01,0.0425
eve:tasa_de_politica_monetaria_tpm_64:expectativa_del_proximo_mes,2019-09-01,0.0425
eve:tasa_de_politica_monetaria_tpm_65:expectativa_ano_t,2019-10-01,0.04
eve:tasa_de_politica_monetaria_tpm_65:expectativa_ano_t_1,2019-10-01,0.04
eve:tasa_de_politica_monetaria_tpm_65:expectativa_del_mes,2019-10-01,0.04
eve:tasa_de_politica_monetaria_tpm_65:expectativa_del_proximo_mes,2019-10-01,0.04
eve:tasa_de_politica_monetaria_tpm_66:expectativa_ano_t,2019-11-01,0.04
eve:tasa_de_politica_monetaria_tpm_66:expectativa_ano_t_1,2019-11-01,0.04
eve:tasa_de_politica_monetaria_tpm_66:expectativa_del_mes,2019-11-01,0.04
eve:tasa_de_politica_monetaria_tpm_66:expectativa_del_proximo_mes,2019-11-01,0.04
eve:tasa_de_politica_monetaria_tpm_67:expectativa_ano_t,2019-12-01,0.04
eve:tasa_de_politica_monetaria_tpm_67:expectativa_ano_t_1,2019-12-01,0.04
eve:tasa_de_politica_monetaria_tpm_67:expectativa_del_mes,2019-12-01,0.04
eve:tasa_de_politica_monetaria_tpm_67:expectativa_del_proximo_mes,2019-12-01,0.04
eve:tasa_de_politica_monetaria_tpm_68:expectativa_ano_t,2020-01-01,0.04
eve:tasa_de_politica_monetaria_tpm_68:expectativa_ano_t_1,2020-01-01,0.04
eve:tasa_de_politica_monetaria_tpm_68:expectativa_del_mes,2020-01-01,0.04
eve:tasa_de_politica_monetaria_tpm_68:expectativa_del_proximo_mes,2020-01-01,0.04
eve:tasa_de_politica_monetaria_tpm_69:expectativa_ano_t,2020-02-01,0.04
eve:tasa_de_politica_monetaria_tpm_69:expectativa_ano_t_1,2020-02-01,0.04
eve:tasa_de_politica_monetaria_tpm_69:expectativa_del_mes,2020-02-01,0.04
eve:tasa_de_politica_monetaria_tpm_69:expectativa_del_proximo_mes,2020-02-01,0.04
eve:tasa_de_politica_monetaria_tpm_6:expectativa_ano_t,2014-11-01,0.0675
eve:tasa_de_politica_monetaria_tpm_6:expectativa_ano_t_1,2014-11-01,0.0675
eve:tasa_de_politica_monetaria_tpm_6:expectativa_del_mes,2014-11-01,0.0675
eve:tasa_de_politica_monetaria_tpm_6:expectativa_del_proximo_mes,2014-11-01,0.0675
eve:tasa_de_politica_monetaria_tpm_70:expectativa_ano_t,2020-03-01,0.04
eve:tasa_de_politica_monetaria_tpm_70:expectativa_ano_t_1,2020-03-01,0.04
eve:tasa_de_politica_monetaria_tpm_70:expectativa_del_mes,2020-03-01,0.04
eve:tasa_de_politica_monetaria_tpm_70:expectativa_del_proximo_mes,2020-03-01,0.04
eve:tasa_de_politica_monetaria_tpm_71:expectativa_ano_t,2020-04-01,0.0225
eve:tasa_de_politica_monetaria_tpm_71:expectativa_ano_t_1,2020-04-01,0.0275
eve:tasa_de_politica_monetaria_tpm_71:expectativa_del_mes,2020-04-01,0.0225
eve:tasa_de_politica_monetaria_tpm_71:expectativa_del_proximo_mes,2020-04-01,0.0225
eve:tasa_de_politica_monetaria_tpm_72:expectativa_ano_t,2020-05-01,0.0125
eve:tasa_de_politica_monetaria_tpm_72:expectativa_ano_t_1,2020-05-01,0.0125
eve:tasa_de_politica_monetaria_tpm_72:expectativa_del_mes,2020-05-01,0.0125
eve:tasa_de_politica_monetaria_tpm_72:expectativa_del_proximo_mes,2020-05-01,0.0125
eve:tasa_de_politica_monetaria_tpm_73:expectativa_ano_t,2020-06-01,0.0125
eve:tasa_de_politica_monetaria_tpm_73:expectativa_ano_t_1,2020-06-01,0.0175
eve:tasa_de_politica_monetaria_tpm_73:expectativa_del_mes,2020-06-01,0.0125
eve:tasa_de_politica_monetaria_tpm_73:expectativa_del_proximo_mes,2020-06-01,0.0125
eve:tasa_de_politica_monetaria_tpm_74:expectativa_ano_t,2020-07-01,0.0075
eve:tasa_de_politica_monetaria_tpm_74:expectativa_ano_t_1,2020-07-01,0.0075
eve:tasa_de_politica_monetaria_tpm_74:expectativa_del_mes,2020-07-01,0.0075
eve:tasa_de_politica_monetaria_tpm_74:expectativa_del_proximo_mes,2020-07-01,0.0075
eve:tasa_de_politica_monetaria_tpm_75:expectativa_ano_t,2020-08-01,0.0075
eve:tasa_de_politica_monetaria_tpm_75:expectativa_ano_t_1,2020-08-01,0.01
eve:tasa_de_politica_monetaria_tpm_75:expectativa_del_mes,2020-08-01,0.0075
eve:tasa_de_politica_monetaria_tpm_75:expectativa_del_proximo_mes,2020-08-01,0.0075
eve:tasa_de_politica_monetaria_tpm_76:expectativa_ano_t,2020-09-01,0.0075
eve:tasa_de_politica_monetaria_tpm_76:expectativa_ano_t_1,2020-09-01,0.01
eve:tasa_de_politica_monetaria_tpm_76:expectativa_del_mes,2020-09-01,0.0075
eve:tasa_de_politica_monetaria_tpm_76:expectativa_del_proximo_mes,2020-09-01,0.0075
eve:tasa_de_politica_monetaria_tpm_77:expectativa_ano_t,2020-10-01,0.0075
eve:tasa_de_politica_monetaria_tpm_77:expectativa_ano_t_1,2020-10-01,0.01125
eve:tasa_de_politica_monetaria_tpm_77:expectativa_del_mes,2020-10-01,0.0075
eve:tasa_de_politica_monetaria_tpm_77:expectativa_del_proximo_mes,2020-10-01,0.0075
eve:tasa_de_politica_monetaria_tpm_78:expectativa_ano_t,2020-11-01,0.0075
eve:tasa_de_politica_monetaria_tpm_78:expectativa_ano_t_1,2020-11-01,0.0125
eve:tasa_de_politica_monetaria_tpm_78:expectativa_del_mes,2020-11-01,0.0075
eve:tasa_de_politica_monetaria_tpm_78:expectativa_del_proximo_mes,2020-11-01,0.0075
eve:tasa_de_politica_monetaria_tpm_79:expectativa_ano_t,2020-12-01,0.0075
eve:tasa_de_politica_monetaria_tpm_79:expectativa_ano_t_1,2020-12-01,0.0125
eve:tasa_de_politica_monetaria_tpm_79:expectativa_del_mes,2020-12-01,0.0075
eve:tasa_de_politica_monetaria_tpm_79:expectativa_del_proximo_mes,2020-12-01,0.0075
eve:tasa_de_politica_monetaria_tpm_7:expectativa_ano_t,2014-12-01,0.0675
eve:tasa_de_politica_monetaria_tpm_7:expectativa_ano_t_1,2014-12-01,0.0675
eve:tasa_de_politica_monetaria_tpm_7:expectativa_del_mes,2014-12-01,0.0675
eve:tasa_de_politica_monetaria_tpm_7:expectativa_del_proximo_mes,2014-12-01,0.0675
eve:tasa_de_politica_monetaria_tpm_80:expectativa_ano_t,2021-01-01,0.0125
eve:tasa_de_politica_monetaria_tpm_80:expectativa_ano_t_1,2021-01-01,0.0175
eve:tasa_de_politica_monetaria_tpm_80:expectativa_del_mes,2021-01-01,0.0075
eve:tasa_de_politica_monetaria_tpm_80:expectativa_del_proximo_mes,2021-01-01,0.0075
eve:tasa_de_politica_monetaria_tpm_81:expectativa_ano_t,2021-02-01,0.0125
eve:tasa_de_politica_monetaria_tpm_81:expectativa_ano_t_1,2021-02-01,0.0175
eve:tasa_de_politica_monetaria_tpm_81:expectativa_del_mes,2021-02-01,0.0075
eve:tasa_de_politica_monetaria_tpm_81:expectativa_del_proximo_mes,2021-02-01,0.0075
eve:tasa_de_politica_monetaria_tpm_82:expectativa_ano_t,2021-03-01,0.01
eve:tasa_de_politica_monetaria_tpm_82:expectativa_ano_t_1,2021-03-01,0.0125
eve:tasa_de_politica_monetaria_tpm_82:expectativa_del_mes,2021-03-01,0.0075
eve:tasa_de_politica_monetaria_tpm_82:expectativa_del_proximo_mes,2021-03-01,0.0075
eve:tasa_de_politica_monetaria_tpm_83:expectativa_ano_t,2021-04-01,0.01
eve:tasa_de_politica_monetaria_tpm_83:expectativa_ano_t_1,2021-04-01,0.01375
eve:tasa_de_politica_monetaria_tpm_83:expectativa_del_mes,2021-04-01,0.0075
eve:tasa_de_politica_monetaria_tpm_83:expectativa_del_proximo_mes,2021-04-01,0.0075
eve:tasa_de_politica_monetaria_tpm_84:expectativa_ano_t,2021-05-01,0.01
eve:tasa_de_politica_monetaria_tpm_84:expectativa_ano_t_1,2021-05-01,0.0125
eve:tasa_de_politica_monetaria_tpm_84:expectativa_del_mes,2021-05-01,0.0075
eve:tasa_de_politica_monetaria_tpm_84:expectativa_del_proximo_mes,2021-05-01,0.0075
eve:tasa_de_politica_monetaria_tpm_85:expectativa_ano_t,2021-06-01,0.01
eve:tasa_de_politica_monetaria_tpm_85:expectativa_ano_t_1,2021-06-01,0.01375
eve:tasa_de_politica_monetaria_tpm_85:expectativa_del_mes,2021-06-01,0.0075
eve:tasa_de_politica_monetaria_tpm_85:expectativa_del_proximo_mes,2021-06-01,0.0075
eve:tasa_de_politica_monetaria_tpm_86:expectativa_ano_t,2021-07-01,0.01
eve:tasa_de_politica_monetaria_tpm_86:expectativa_ano_t_1,2021-07-01,0.0125
eve:tasa_de_politica_monetaria_tpm_86:expectativa_del_mes,2021-07-01,0.0075
eve:tasa_de_politica_monetaria_tpm_86:expectativa_del_proximo_mes,2021-07-01,0.0075
eve:tasa_de_politica_monetaria_tpm_87:expectativa_ano_t,2021-08-01,0.01
eve:tasa_de_politica_monetaria_tpm_87:expectativa_ano_t_1,2021-08-01,0.015
eve:tasa_de_politica_monetaria_tpm_87:expectativa_del_mes,2021-08-01,0.0075
eve:tasa_de_politica_monetaria_tpm_87:expectativa_del_proximo_mes,2021-08-01,0.0075
eve:tasa_de_politica_monetaria_tpm_88:expectativa_ano_t,2021-09-01,0.0125
eve:tasa_de_politica_monetaria_tpm_88:expectativa_ano_t_1,2021-09-01,0.02
eve:tasa_de_politica_monetaria_tpm_88:expectativa_del_mes,2021-09-01,0.01
eve:tasa_de_politica_monetaria_tpm_88:expectativa_del_proximo_mes,2021-09-01,0.01
eve:tasa_de_politica_monetaria_tpm_89:expectativa_ano_t,2021-10-01,0.02
eve:tasa_de_politica_monetaria_tpm_89:expectativa_ano_t_1,2021-10-01,0.025
eve:tasa_de_politica_monetaria_tpm_89:expectativa_del_mes,2021-10-01,0.017499999999999998
eve:tasa_de_politica_monetaria_tpm_89:expectativa_del_proximo_mes,2021-10-01,0.019999999999999997
eve:tasa_de_politica_monetaria_tpm_8:expectativa_ano_t,2015-01-01,0.0675
eve:tasa_de_politica_monetaria_tpm_8:expectativa_ano_t_1,2015-01-01,0.0675
eve:tasa_de_politica_monetaria_tpm_8:expectativa_del_mes,2015-01-01,0.0675
eve:tasa_de_politica_monetaria_tpm_8:expectativa_del_proximo_mes,2015-01-01,0.0675
eve:tasa_de_politica_monetaria_tpm_90:expectativa_ano_t,2021-11-01,0.04
eve:tasa_de_politica_monetaria_tpm_90:expectativa_ano_t_1,2021-11-01,0.04
eve:tasa_de_politica_monetaria_tpm_90:expectativa_del_mes,2021-11-01,0.035
eve:tasa_de_politica_monetaria_tpm_90:expectativa_del_proximo_mes,2021-11-01,0.03875
eve:tasa_de_politica_monetaria_tpm_91:expectativa_ano_t,2021-12-01,0.045
eve:tasa_de_politica_monetaria_tpm_91:expectativa_ano_t_1,2021-12-01,0.05
eve:tasa_de_politica_monetaria_tpm_91:expectativa_del_mes,2021-12-01,0.045
eve:tasa_de_politica_monetaria_tpm_91:expectativa_del_proximo_mes,2021-12-01,0.045
eve:tasa_de_politica_monetaria_tpm_92:expectativa_ano_t,2022-01-01,0.055
eve:tasa_de_politica_monetaria_tpm_92:expectativa_ano_t_1,2022-01-01,0.05375
eve:tasa_de_politica_monetaria_tpm_92:expectativa_del_mes,2022-01-01,0.0525
eve:tasa_de_politica_monetaria_tpm_92:expectativa_del_proximo_mes,2022-01-01,0.0525
eve:tasa_de_politica_monetaria_tpm_93:expectativa_ano_t,2022-02-01,0.06
eve:tasa_de_politica_monetaria_tpm_93:expectativa_ano_t_1,2022-02-01,0.055
eve:tasa_de_politica_monetaria_tpm_93:expectativa_del_mes,2022-02-01,0.055
eve:tasa_de_politica_monetaria_tpm_93:expectativa_del_proximo_mes,2022-02-01,0.0575
eve:tasa_de_politica_monetaria_tpm_94:expectativa_ano_t,2022-03-01,0.06125
eve:tasa_de_politica_monetaria_tpm_94:expectativa_ano_t_1,2022-03-01,0.0575
eve:tasa_de_politica_monetaria_tpm_94:expectativa_del_mes,2022-03-01,0.05875
eve:tasa_de_politica_monetaria_tpm_94:expectativa_del_proximo_mes,2022-03-01,0.06
eve:tasa_de_politica_monetaria_tpm_95:expectativa_ano_t,2022-04-01,0.0675
eve:tasa_de_politica_monetaria_tpm_95:expectativa_ano_t_1,2022-04-01,0.06
eve:tasa_de_politica_monetaria_tpm_95:expectativa_del_mes,2022-04-01,0.065
eve:tasa_de_politica_monetaria_tpm_95:expectativa_del_proximo_mes,2022-04-01,0.0675
eve:tasa_de_politica_monetaria_tpm_96:expectativa_ano_t,2022-05-01,0.0725
eve:tasa_de_politica_monetaria_tpm_96:expectativa_ano_t_1,2022-05-01,0.0625
eve:tasa_de_politica_monetaria_tpm_96:expectativa_del_mes,2022-05-01,0.07
eve:tasa_de_politica_monetaria_tpm_96:expectativa_del_proximo_mes,2022-05-01,0.07
eve:tasa_de_politica_monetaria_tpm_97:expectativa_ano_t,2022-06-01,0.075
eve:tasa_de_politica_monetaria_tpm_97:expectativa_ano_t_1,2022-06-01,0.06375
eve:tasa_de_politica_monetaria_tpm_97:expectativa_del_mes,2022-06-01,0.075
eve:tasa_de_politica_monetaria_tpm_97:expectativa_del_proximo_mes,2022-06-01,0.075
eve:tasa_de_politica_monetaria_tpm_98:expectativa_ano_t,2022-07-01,0.08
eve:tasa_de_politica_monetaria_tpm_98:expectativa_ano_t_1,2022-07-01,0.0625
eve:tasa_de_politica_monetaria_tpm_98:expectativa_del_mes,2022-07-01,0.0775
eve:tasa_de_politica_monetaria_tpm_98:expectativa_del_proximo_mes,2022-07-01,0.08
eve:tasa_de_politica_monetaria_tpm_99:expectativa_ano_t,2022-08-01,0.085
eve:tasa_de_politica_monetaria_tpm_99:expectativa_ano_t_1,2022-08-01,0.06875
eve:tasa_de_politica_monetaria_tpm_99:expectativa_del_mes,2022-08-01,0.0825
eve:tasa_de_politica_monetaria_tpm_99:expectativa_del_proximo_mes,2022-08-01,0.0825
eve:tasa_de_politica_monetaria_tpm_9:expectativa_ano_t,2015-02-01,0.0675
eve:tasa_de_politica_monetaria_tpm_9:expectativa_ano_t_1,2015-02-01,0.0675
eve:tasa_de_politica_monetaria_tpm_9:expectativa_del_mes,2015-02-01,0.0675
eve:tasa_de_politica_monetaria_tpm_9:expectativa_del_proximo_mes,2015-02-01,0.0675
eve:tipo_de_cambio_nominal_usd:expectativa_ano_t,2011-11-01,4400.0
eve:tipo_de_cambio_nominal_usd:expectativa_ano_t_1,2011-11-01,4500.0
eve:tipo_de_cambio_nominal_usd:expectativa_del_mes,2011-11-01,4241.7
eve:tipo_de_cambio_nominal_usd:expectativa_del_proximo_mes,2014-06-01,4441.0
eve:tipo_de_cambio_nominal_usd_100:expectativa_ano_t,2020-02-01,6500.0
eve:tipo_de_cambio_nominal_usd_100:expectativa_ano_t_1,2020-02-01,6500.0
eve:tipo_de_cambio_nominal_usd_100:expectativa_del_mes,2020-02-01,6450.0
eve:tipo_de_cambio_nominal_usd_100:expectativa_del_proximo_mes,2022-09-01,6925.0
eve:tipo_de_cambio_nominal_usd_101:expectativa_ano_t,2020-03-01,6510.0
eve:tipo_de_cambio_nominal_usd_101:expectativa_ano_t_1,2020-03-01,6537.5
eve:tipo_de_cambio_nominal_usd_101:expectativa_del_mes,2020-03-01,6450.0
eve:tipo_de_cambio_nominal_usd_101:expectativa_del_proximo_mes,2022-10-01,7094.0
eve:tipo_de_cambio_nominal_usd_102:expectativa_ano_t,2020-04-01,6545.0
eve:tipo_de_cambio_nominal_usd_102:expectativa_ano_t_1,2020-04-01,6600.0
eve:tipo_de_cambio_nominal_usd_102:expectativa_del_mes,2020-04-01,6475.0
eve:tipo_de_cambio_nominal_usd_102:expectativa_del_proximo_mes,2022-11-01,7200.0
eve:tipo_de_cambio_nominal_usd_103:expectativa_ano_t,2020-05-01,6575.0
eve:tipo_de_cambio_nominal_usd_103:expectativa_ano_t_1,2020-05-01,6600.0
eve:tipo_de_cambio_nominal_usd_103:expectativa_del_mes,2020-05-01,6500.0
eve:tipo_de_cambio_nominal_usd_103:expectativa_del_proximo_mes,2022-12-01,7200.0
eve:tipo_de_cambio_nominal_usd_104:expectativa_ano_t,2020-06-01,6640.0
eve:tipo_de_cambio_nominal_usd_104:expectativa_ano_t_1,2020-06-01,6700.0
eve:tipo_de_cambio_nominal_usd_104:expectativa_del_mes,2020-06-01,6611.0
eve:tipo_de_cambio_nominal_usd_104:expectativa_del_proximo_mes,2023-01-01,7219.9400000000005
eve:tipo_de_cambio_nominal_usd_105:expectativa_ano_t,2020-07-01,6850.0
eve:tipo_de_cambio_nominal_usd_105:expectativa_ano_t_1,2020-07-01,6750.0
eve:tipo_de_cambio_nominal_usd_105:expectativa_del_mes,2020-07-01,6800.0
eve:tipo_de_cambio_nominal_usd_105:expectativa_del_proximo_mes,2023-02-01,7215.0
eve:tipo_de_cambio_nominal_usd_106:expectativa_ano_t,2020-08-01,6903.0
eve:tipo_de_cambio_nominal_usd_106:expectativa_ano_t_1,2020-08-01,6810.0
eve:tipo_de_cambio_nominal_usd_106:expectativa_del_mes,2020-08-01,6925.0
eve:tipo_de_cambio_nominal_usd_106:expectativa_del_proximo_mes,2023-03-01,7150.0
eve:tipo_de_cambio_nominal_usd_107:expectativa_ano_t,2020-09-01,6980.0
eve:tipo_de_cambio_nominal_usd_107:expectativa_ano_t_1,2020-09-01,6900.0
eve:tipo_de_cambio_nominal_usd_107:expectativa_del_mes,2020-09-01,6950.0
eve:tipo_de_cambio_nominal_usd_107:expectativa_del_proximo_mes,2023-04-01,7195.0
eve:tipo_de_cambio_nominal_usd_108:expectativa_ano_t,2020-10-01,7000.0
eve:tipo_de_cambio_nominal_usd_108:expectativa_ano_t_1,2020-10-01,6950.0
eve:tipo_de_cambio_nominal_usd_108:expectativa_del_mes,2020-10-01,6990.0
eve:tipo_de_cambio_nominal_usd_108:expectativa_del_proximo_mes,2023-05-01,7200.0
eve:tipo_de_cambio_nominal_usd_109:expectativa_ano_t,2020-11-01,7000.0
eve:tipo_de_cambio_nominal_usd_109:expectativa_ano_t_1,2020-11-01,6990.0
eve:tipo_de_cambio_nominal_usd_109:expectativa_del_mes,2020-11-01,7000.0
eve:tipo_de_cambio_nominal_usd_109:expectativa_del_proximo_mes,2023-06-01,7260.0
eve:tipo_de_cambio_nominal_usd_10:expectativa_ano_t,2012-08-01,4578.0
eve:tipo_de_cambio_nominal_usd_10:expectativa_ano_t_1,2012-08-01,4500.0
eve:tipo_de_cambio_nominal_usd_10:expectativa_del_mes,2012-08-01,4458.0
eve:tipo_de_cambio_nominal_usd_10:expectativa_del_proximo_mes,2015-03-01,4700.0
eve:tipo_de_cambio_nominal_usd_110:expectativa_ano_t,2020-12-01,7020.0
eve:tipo_de_cambio_nominal_usd_110:expectativa_ano_t_1,2020-12-01,7000.0
eve:tipo_de_cambio_nominal_usd_110:expectativa_del_mes,2020-12-01,7025.0
eve:tipo_de_cambio_nominal_usd_110:expectativa_del_proximo_mes,2023-07-01,7297.5
eve:tipo_de_cambio_nominal_usd_111:expectativa_ano_t,2021-01-01,6900.0
eve:tipo_de_cambio_nominal_usd_111:expectativa_ano_t_1,2021-01-01,6902.5
eve:tipo_de_cambio_nominal_usd_111:expectativa_del_mes,2021-01-01,6915.0
eve:tipo_de_cambio_nominal_usd_111:expectativa_del_proximo_mes,2023-08-01,7300.0
eve:tipo_de_cambio_nominal_usd_112:expectativa_ano_t,2021-02-01,6900.0
eve:tipo_de_cambio_nominal_usd_112:expectativa_ano_t_1,2021-02-01,6950.0
eve:tipo_de_cambio_nominal_usd_112:expectativa_del_mes,2021-02-01,6870.0
eve:tipo_de_cambio_nominal_usd_112:expectativa_del_proximo_mes,2023-09-01,7300.0
eve:tipo_de_cambio_nominal_usd_113:expectativa_ano_t,2021-03-01,6800.0
eve:tipo_de_cambio_nominal_usd_113:expectativa_ano_t_1,2021-03-01,6800.0
eve:tipo_de_cambio_nominal_usd_113:expectativa_del_mes,2021-03-01,6630.0
eve:tipo_de_cambio_nominal_usd_113:expectativa_del_proximo_mes,2023-10-01,7305.0
eve:tipo_de_cambio_nominal_usd_114:expectativa_ano_t,2021-04-01,6600.0
eve:tipo_de_cambio_nominal_usd_114:expectativa_ano_t_1,2021-04-01,6600.0
eve:tipo_de_cambio_nominal_usd_114:expectativa_del_mes,2021-04-01,6340.0
eve:tipo_de_cambio_nominal_usd_114:expectativa_del_proximo_mes,2023-11-01,7465.0
eve:tipo_de_cambio_nominal_usd_115:expectativa_ano_t,2021-05-01,6675.0
eve:tipo_de_cambio_nominal_usd_115:expectativa_ano_t_1,2021-05-01,6700.0
eve:tipo_de_cambio_nominal_usd_115:expectativa_del_mes,2021-05-01,6650.0
eve:tipo_de_cambio_nominal_usd_115:expectativa_del_proximo_mes,2023-12-01,7400.0
eve:tipo_de_cambio_nominal_usd_116:expectativa_ano_t,2021-06-01,6750.0
eve:tipo_de_cambio_nominal_usd_116:expectativa_ano_t_1,2021-06-01,6750.0
eve:tipo_de_cambio_nominal_usd_116:expectativa_del_mes,2021-06-01,6700.0
eve:tipo_de_cambio_nominal_usd_116:expectativa_del_proximo_mes,2024-01-01,7317.0
eve:tipo_de_cambio_nominal_usd_117:expectativa_ano_t,2021-07-01,6750.0
eve:tipo_de_cambio_nominal_usd_117:expectativa_ano_t_1,2021-07-01,6800.0
eve:tipo_de_cambio_nominal_usd_117:expectativa_del_mes,2021-07-01,6727.5
eve:tipo_de_cambio_nominal_usd_117:expectativa_del_proximo_mes,2024-02-01,7255.0
eve:tipo_de_cambio_nominal_usd_118:expectativa_ano_t,2021-08-01,6900.0
eve:tipo_de_cambio_nominal_usd_118:expectativa_ano_t_1,2021-08-01,6850.0
eve:tipo_de_cambio_nominal_usd_118:expectativa_del_mes,2021-08-01,6900.0
eve:tipo_de_cambio_nominal_usd_118:expectativa_del_proximo_mes,2024-03-01,7270.0
eve:tipo_de_cambio_nominal_usd_119:expectativa_ano_t,2021-09-01,6900.0
eve:tipo_de_cambio_nominal_usd_119:expectativa_ano_t_1,2021-09-01,6850.0
eve:tipo_de_cambio_nominal_usd_119:expectativa_del_mes,2021-09-01,6900.0
eve:tipo_de_cambio_nominal_usd_119:expectativa_del_proximo_mes,2024-04-01,7320.0
eve:tipo_de_cambio_nominal_usd_11:expectativa_ano_t,2012-09-01,4580.0
eve:tipo_de_cambio_nominal_usd_11:expectativa_ano_t_1,2012-09-01,4500.0
eve:tipo_de_cambio_nominal_usd_11:expectativa_del_mes,2012-09-01,4450.0
eve:tipo_de_cambio_nominal_usd_11:expectativa_del_proximo_mes,2015-04-01,4820.0
eve:tipo_de_cambio_nominal_usd_120:expectativa_ano_t,2021-10-01,6900.0
eve:tipo_de_cambio_nominal_usd_120:expectativa_ano_t_1,2021-10-01,6877.5
eve:tipo_de_cambio_nominal_usd_120:expectativa_del_mes,2021-10-01,6900.0
eve:tipo_de_cambio_nominal_usd_120:expectativa_del_proximo_mes,2024-05-01,7450.0
eve:tipo_de_cambio_nominal_usd_121:expectativa_ano_t,2021-11-01,6900.0
eve:tipo_de_cambio_nominal_usd_121:expectativa_ano_t_1,2021-11-01,6850.0
eve:tipo_de_cambio_nominal_usd_121:expectativa_del_mes,2021-11-01,6900.0
eve:tipo_de_cambio_nominal_usd_121:expectativa_del_proximo_mes,2024-06-01,7500.0
eve:tipo_de_cambio_nominal_usd_122:expectativa_ano_t,2021-12-01,6835.0
eve:tipo_de_cambio_nominal_usd_122:expectativa_ano_t_1,2021-12-01,6900.0
eve:tipo_de_cambio_nominal_usd_122:expectativa_del_mes,2021-12-01,6850.0
eve:tipo_de_cambio_nominal_usd_122:expectativa_del_proximo_mes,2024-07-01,7500.0
eve:tipo_de_cambio_nominal_usd_123:expectativa_ano_t,2022-01-01,7000.0
eve:tipo_de_cambio_nominal_usd_123:expectativa_ano_t_1,2022-01-01,6950.0
eve:tipo_de_cambio_nominal_usd_123:expectativa_del_mes,2022-01-01,6910.0
eve:tipo_de_cambio_nominal_usd_123:expectativa_del_proximo_mes,2024-08-01,7567.0
eve:tipo_de_cambio_nominal_usd_124:expectativa_ano_t,2022-02-01,7100.0
eve:tipo_de_cambio_nominal_usd_124:expectativa_ano_t_1,2022-02-01,7000.0
eve:tipo_de_cambio_nominal_usd_124:expectativa_del_mes,2022-02-01,6975.0
eve:tipo_de_cambio_nominal_usd_124:expectativa_del_proximo_mes,2024-09-01,7715.0
eve:tipo_de_cambio_nominal_usd_125:expectativa_ano_t,2022-03-01,7100.0
eve:tipo_de_cambio_nominal_usd_125:expectativa_ano_t_1,2022-03-01,7000.0
eve:tipo_de_cambio_nominal_usd_125:expectativa_del_mes,2022-03-01,6980.0
eve:tipo_de_cambio_nominal_usd_125:expectativa_del_proximo_mes,2024-10-01,7790.0
eve:tipo_de_cambio_nominal_usd_126:expectativa_ano_t,2022-04-01,7000.0
eve:tipo_de_cambio_nominal_usd_126:expectativa_ano_t_1,2022-04-01,6990.0
eve:tipo_de_cambio_nominal_usd_126:expectativa_del_mes,2022-04-01,6950.0
eve:tipo_de_cambio_nominal_usd_126:expectativa_del_proximo_mes,2024-11-01,7800.0
eve:tipo_de_cambio_nominal_usd_127:expectativa_ano_t,2022-05-01,6950.0
eve:tipo_de_cambio_nominal_usd_127:expectativa_ano_t_1,2022-05-01,6987.5
eve:tipo_de_cambio_nominal_usd_127:expectativa_del_mes,2022-05-01,6850.0
eve:tipo_de_cambio_nominal_usd_127:expectativa_del_proximo_mes,2024-12-01,7800.0
eve:tipo_de_cambio_nominal_usd_128:expectativa_ano_t,2022-06-01,6950.0
eve:tipo_de_cambio_nominal_usd_128:expectativa_ano_t_1,2022-06-01,6980.0
eve:tipo_de_cambio_nominal_usd_128:expectativa_del_mes,2022-06-01,6870.0
eve:tipo_de_cambio_nominal_usd_128:expectativa_del_proximo_mes,2025-01-01,7820.0
eve:tipo_de_cambio_nominal_usd_129:expectativa_ano_t,2022-07-01,6950.0
eve:tipo_de_cambio_nominal_usd_129:expectativa_ano_t_1,2022-07-01,6990.0
eve:tipo_de_cambio_nominal_usd_129:expectativa_del_mes,2022-07-01,6860.0
eve:tipo_de_cambio_nominal_usd_129:expectativa_del_proximo_mes,2025-02-01,7840.0
eve:tipo_de_cambio_nominal_usd_12:expectativa_ano_t,2012-10-01,4564.0
eve:tipo_de_cambio_nominal_usd_12:expectativa_ano_t_1,2012-10-01,4500.0
eve:tipo_de_cambio_nominal_usd_12:expectativa_del_mes,2012-10-01,4464.0
eve:tipo_de_cambio_nominal_usd_12:expectativa_del_proximo_mes,2015-05-01,5000.0
eve:tipo_de_cambio_nominal_usd_130:expectativa_ano_t,2022-08-01,6950.0
eve:tipo_de_cambio_nominal_usd_130:expectativa_ano_t_1,2022-08-01,6980.0
eve:tipo_de_cambio_nominal_usd_130:expectativa_del_mes,2022-08-01,6880.0
eve:tipo_de_cambio_nominal_usd_130:expectativa_del_proximo_mes,2025-03-01,7896.0
eve:tipo_de_cambio_nominal_usd_131:expectativa_ano_t,2022-09-01,6950.0
eve:tipo_de_cambio_nominal_usd_131:expectativa_ano_t_1,2022-09-01,6980.0
eve:tipo_de_cambio_nominal_usd_131:expectativa_del_mes,2022-09-01,6910.0
eve:tipo_de_cambio_nominal_usd_131:expectativa_del_proximo_mes,2025-04-01,8000.0
eve:tipo_de_cambio_nominal_usd_132:expectativa_ano_t,2022-10-01,7075.0
eve:tipo_de_cambio_nominal_usd_132:expectativa_ano_t_1,2022-10-01,6970.0
eve:tipo_de_cambio_nominal_usd_132:expectativa_del_mes,2022-10-01,7070.0
eve:tipo_de_cambio_nominal_usd_132:expectativa_del_proximo_mes,2025-05-01,8000.0
eve:tipo_de_cambio_nominal_usd_133:expectativa_ano_t,2022-11-01,7200.0
eve:tipo_de_cambio_nominal_usd_133:expectativa_ano_t_1,2022-11-01,7000.0
eve:tipo_de_cambio_nominal_usd_133:expectativa_del_mes,2022-11-01,7250.0
eve:tipo_de_cambio_nominal_usd_133:expectativa_del_proximo_mes,2025-06-01,7960.0
eve:tipo_de_cambio_nominal_usd_134:expectativa_ano_t,2022-12-01,7150.0
eve:tipo_de_cambio_nominal_usd_134:expectativa_ano_t_1,2022-12-01,7040.0
eve:tipo_de_cambio_nominal_usd_134:expectativa_del_mes,2022-12-01,7150.0
eve:tipo_de_cambio_nominal_usd_134:expectativa_del_proximo_mes,2025-07-01,7800.0
eve:tipo_de_cambio_nominal_usd_135:expectativa_ano_t,2023-01-01,7200.0
eve:tipo_de_cambio_nominal_usd_135:expectativa_ano_t_1,2023-01-01,7150.0
eve:tipo_de_cambio_nominal_usd_135:expectativa_del_mes,2023-01-01,7300.0
eve:tipo_de_cambio_nominal_usd_135:expectativa_del_proximo_mes,2025-08-01,7500.0
eve:tipo_de_cambio_nominal_usd_136:expectativa_ano_t,2023-02-01,7200.0
eve:tipo_de_cambio_nominal_usd_136:expectativa_ano_t_1,2023-02-01,7125.0
eve:tipo_de_cambio_nominal_usd_136:expectativa_del_mes,2023-02-01,7250.0
eve:tipo_de_cambio_nominal_usd_136:expectativa_del_proximo_mes,2025-09-01,7345.0
eve:tipo_de_cambio_nominal_usd_137:expectativa_ano_t,2023-03-01,7200.0
eve:tipo_de_cambio_nominal_usd_137:expectativa_ano_t_1,2023-03-01,7200.0
eve:tipo_de_cambio_nominal_usd_137:expectativa_del_mes,2023-03-01,7195.0
eve:tipo_de_cambio_nominal_usd_137:expectativa_del_proximo_mes,2025-10-01,7100.0
eve:tipo_de_cambio_nominal_usd_138:expectativa_ano_t,2023-04-01,7240.0
eve:tipo_de_cambio_nominal_usd_138:expectativa_ano_t_1,2023-04-01,7250.0
eve:tipo_de_cambio_nominal_usd_138:expectativa_del_mes,2023-04-01,7185.0
eve:tipo_de_cambio_nominal_usd_138:expectativa_del_proximo_mes,2025-11-01,7150.0
eve:tipo_de_cambio_nominal_usd_139:expectativa_ano_t,2023-05-01,7215.0
eve:tipo_de_cambio_nominal_usd_139:expectativa_ano_t_1,2023-05-01,7270.0
eve:tipo_de_cambio_nominal_usd_139:expectativa_del_mes,2023-05-01,7188.0
eve:tipo_de_cambio_nominal_usd_139:expectativa_del_proximo_mes,2025-12-01,7000.0
eve:tipo_de_cambio_nominal_usd_13:expectativa_ano_t,2012-11-01,4500.0
eve:tipo_de_cambio_nominal_usd_13:expectativa_ano_t_1,2012-11-01,4500.0
eve:tipo_de_cambio_nominal_usd_13:expectativa_del_mes,2012-11-01,4470.0
eve:tipo_de_cambio_nominal_usd_13:expectativa_del_proximo_mes,2015-06-01,5100.0
eve:tipo_de_cambio_nominal_usd_140:expectativa_ano_t,2023-06-01,7300.0
eve:tipo_de_cambio_nominal_usd_140:expectativa_ano_t_1,2023-06-01,7300.0
eve:tipo_de_cambio_nominal_usd_140:expectativa_del_mes,2023-06-01,7250.0
eve:tipo_de_cambio_nominal_usd_140:expectativa_del_proximo_mes,2026-01-01,6676.0
eve:tipo_de_cambio_nominal_usd_141:expectativa_ano_t,2023-07-01,7300.0
eve:tipo_de_cambio_nominal_usd_141:expectativa_ano_t_1,2023-07-01,7307.5
eve:tipo_de_cambio_nominal_usd_141:expectativa_del_mes,2023-07-01,7289.110000000001
eve:tipo_de_cambio_nominal_usd_141:expectativa_del_proximo_mes,2026-02-01,6650.0
eve:tipo_de_cambio_nominal_usd_142:expectativa_ano_t,2023-08-01,7300.0
eve:tipo_de_cambio_nominal_usd_142:expectativa_ano_t_1,2023-08-01,7350.0
eve:tipo_de_cambio_nominal_usd_142:expectativa_del_mes,2023-08-01,7290.0
eve:tipo_de_cambio_nominal_usd_142:expectativa_del_proximo_mes,2026-03-01,6500.0
eve:tipo_de_cambio_nominal_usd_143:expectativa_ano_t,2023-09-01,7300.0
eve:tipo_de_cambio_nominal_usd_143:expectativa_ano_t_1,2023-09-01,7350.0
eve:tipo_de_cambio_nominal_usd_143:expectativa_del_mes,2023-09-01,7285.0
eve:tipo_de_cambio_nominal_usd_143:expectativa_del_proximo_mes,2026-04-01,6502.0
eve:tipo_de_cambio_nominal_usd_144:expectativa_ano_t,2023-10-01,7319.0
eve:tipo_de_cambio_nominal_usd_144:expectativa_ano_t_1,2023-10-01,7350.0
eve:tipo_de_cambio_nominal_usd_144:expectativa_del_mes,2023-10-01,7300.0
eve:tipo_de_cambio_nominal_usd_144:expectativa_del_proximo_mes,2026-05-01,6246.0
eve:tipo_de_cambio_nominal_usd_145:expectativa_ano_t,2023-11-01,7465.0
eve:tipo_de_cambio_nominal_usd_145:expectativa_ano_t_1,2023-11-01,7500.0
eve:tipo_de_cambio_nominal_usd_145:expectativa_del_mes,2023-11-01,7450.0
eve:tipo_de_cambio_nominal_usd_145:expectativa_del_proximo_mes,2026-06-01,6200.0
eve:tipo_de_cambio_nominal_usd_146:expectativa_ano_t,2023-12-01,7400.0
eve:tipo_de_cambio_nominal_usd_146:expectativa_ano_t_1,2023-12-01,7500.0
eve:tipo_de_cambio_nominal_usd_146:expectativa_del_mes,2023-12-01,7400.0
eve:tipo_de_cambio_nominal_usd_146:expectativa_del_proximo_mes,2026-07-01,6150.0
eve:tipo_de_cambio_nominal_usd_147:expectativa_ano_t,2024-01-01,7400.0
eve:tipo_de_cambio_nominal_usd_147:expectativa_ano_t_1,2024-01-01,7475.0
eve:tipo_de_cambio_nominal_usd_147:expectativa_del_mes,2024-01-01,7300.0
eve:tipo_de_cambio_nominal_usd_147:expectativa_del_proximo_mes,2026-08-01,6015.0
eve:tipo_de_cambio_nominal_usd_148:expectativa_ano_t,2024-02-01,7360.0
eve:tipo_de_cambio_nominal_usd_148:expectativa_ano_t_1,2024-02-01,7450.0
eve:tipo_de_cambio_nominal_usd_148:expectativa_del_mes,2024-02-01,7261.0
eve:tipo_de_cambio_nominal_usd_149:expectativa_ano_t,2024-03-01,7350.0
eve:tipo_de_cambio_nominal_usd_149:expectativa_ano_t_1,2024-03-01,7400.0
eve:tipo_de_cambio_nominal_usd_149:expectativa_del_mes,2024-03-01,7261.0
eve:tipo_de_cambio_nominal_usd_14:expectativa_ano_t,2012-12-01,4405.0
eve:tipo_de_cambio_nominal_usd_14:expectativa_ano_t_1,2012-12-01,4481.0
eve:tipo_de_cambio_nominal_usd_14:expectativa_del_mes,2012-12-01,4400.0
eve:tipo_de_cambio_nominal_usd_14:expectativa_del_proximo_mes,2015-07-01,5150.0
eve:tipo_de_cambio_nominal_usd_150:expectativa_ano_t,2024-04-01,7400.0
eve:tipo_de_cambio_nominal_usd_150:expectativa_ano_t_1,2024-04-01,7450.0
eve:tipo_de_cambio_nominal_usd_150:expectativa_del_mes,2024-04-01,7350.0
eve:tipo_de_cambio_nominal_usd_151:expectativa_ano_t,2024-05-01,7500.0
eve:tipo_de_cambio_nominal_usd_151:expectativa_ano_t_1,2024-05-01,7500.0
eve:tipo_de_cambio_nominal_usd_151:expectativa_del_mes,2024-05-01,7450.0
eve:tipo_de_cambio_nominal_usd_152:expectativa_ano_t,2024-06-01,7500.0
eve:tipo_de_cambio_nominal_usd_152:expectativa_ano_t_1,2024-06-01,7550.0
eve:tipo_de_cambio_nominal_usd_152:expectativa_del_mes,2024-06-01,7500.0
eve:tipo_de_cambio_nominal_usd_153:expectativa_ano_t,2024-07-01,7512.0
eve:tipo_de_cambio_nominal_usd_153:expectativa_ano_t_1,2024-07-01,7550.0
eve:tipo_de_cambio_nominal_usd_153:expectativa_del_mes,2024-07-01,7500.0
eve:tipo_de_cambio_nominal_usd_154:expectativa_ano_t,2024-08-01,7590.0
eve:tipo_de_cambio_nominal_usd_154:expectativa_ano_t_1,2024-08-01,7600.0
eve:tipo_de_cambio_nominal_usd_154:expectativa_del_mes,2024-08-01,7536.0
eve:tipo_de_cambio_nominal_usd_155:expectativa_ano_t,2024-09-01,7700.0
eve:tipo_de_cambio_nominal_usd_155:expectativa_ano_t_1,2024-09-01,7700.0
eve:tipo_de_cambio_nominal_usd_155:expectativa_del_mes,2024-09-01,7700.0
eve:tipo_de_cambio_nominal_usd_156:expectativa_ano_t,2024-10-01,7779.0
eve:tipo_de_cambio_nominal_usd_156:expectativa_ano_t_1,2024-10-01,7755.0
eve:tipo_de_cambio_nominal_usd_156:expectativa_del_mes,2024-10-01,7800.0
eve:tipo_de_cambio_nominal_usd_157:expectativa_ano_t,2024-11-01,7800.0
eve:tipo_de_cambio_nominal_usd_157:expectativa_ano_t_1,2024-11-01,7850.0
eve:tipo_de_cambio_nominal_usd_157:expectativa_del_mes,2024-11-01,7800.0
eve:tipo_de_cambio_nominal_usd_158:expectativa_ano_t,2024-12-01,7790.0
eve:tipo_de_cambio_nominal_usd_158:expectativa_ano_t_1,2024-12-01,7850.0
eve:tipo_de_cambio_nominal_usd_158:expectativa_del_mes,2024-12-01,7790.0
eve:tipo_de_cambio_nominal_usd_159:expectativa_ano_t,2025-01-01,7900.0
eve:tipo_de_cambio_nominal_usd_159:expectativa_ano_t_1,2025-01-01,7900.0
eve:tipo_de_cambio_nominal_usd_159:expectativa_del_mes,2025-01-01,7818.0
eve:tipo_de_cambio_nominal_usd_15:expectativa_ano_t,2013-01-01,4413.0
eve:tipo_de_cambio_nominal_usd_15:expectativa_ano_t_1,2013-01-01,4603.0
eve:tipo_de_cambio_nominal_usd_15:expectativa_del_mes,2013-01-01,4254.0
eve:tipo_de_cambio_nominal_usd_15:expectativa_del_proximo_mes,2015-08-01,5211.5
eve:tipo_de_cambio_nominal_usd_160:expectativa_ano_t,2025-02-01,7950.0
eve:tipo_de_cambio_nominal_usd_160:expectativa_ano_t_1,2025-02-01,8000.0
eve:tipo_de_cambio_nominal_usd_160:expectativa_del_mes,2025-02-01,7850.0
eve:tipo_de_cambio_nominal_usd_161:expectativa_ano_t,2025-03-01,7970.0
eve:tipo_de_cambio_nominal_usd_161:expectativa_ano_t_1,2025-03-01,8000.0
eve:tipo_de_cambio_nominal_usd_161:expectativa_del_mes,2025-03-01,7850.0
eve:tipo_de_cambio_nominal_usd_162:expectativa_ano_t,2025-04-01,8050.0
eve:tipo_de_cambio_nominal_usd_162:expectativa_ano_t_1,2025-04-01,8125.0
eve:tipo_de_cambio_nominal_usd_162:expectativa_del_mes,2025-04-01,8000.0
eve:tipo_de_cambio_nominal_usd_163:expectativa_ano_t,2025-05-01,8045.0
eve:tipo_de_cambio_nominal_usd_163:expectativa_ano_t_1,2025-05-01,8100.0
eve:tipo_de_cambio_nominal_usd_163:expectativa_del_mes,2025-05-01,7998.0
eve:tipo_de_cambio_nominal_usd_164:expectativa_ano_t,2025-06-01,8000.0
eve:tipo_de_cambio_nominal_usd_164:expectativa_ano_t_1,2025-06-01,8100.0
eve:tipo_de_cambio_nominal_usd_164:expectativa_del_mes,2025-06-01,7950.0
eve:tipo_de_cambio_nominal_usd_165:expectativa_ano_t,2025-07-01,7900.0
eve:tipo_de_cambio_nominal_usd_165:expectativa_ano_t_1,2025-07-01,7975.0
eve:tipo_de_cambio_nominal_usd_165:expectativa_del_mes,2025-07-01,7770.0
eve:tipo_de_cambio_nominal_usd_166:expectativa_ano_t,2025-08-01,7700.0
eve:tipo_de_cambio_nominal_usd_166:expectativa_ano_t_1,2025-08-01,7850.0
eve:tipo_de_cambio_nominal_usd_166:expectativa_del_mes,2025-08-01,7400.0
eve:tipo_de_cambio_nominal_usd_167:expectativa_ano_t,2025-09-01,7500.0
eve:tipo_de_cambio_nominal_usd_167:expectativa_ano_t_1,2025-09-01,7650.0
eve:tipo_de_cambio_nominal_usd_167:expectativa_del_mes,2025-09-01,7300.0
eve:tipo_de_cambio_nominal_usd_168:expectativa_ano_t,2025-10-01,7175.0
eve:tipo_de_cambio_nominal_usd_168:expectativa_ano_t_1,2025-10-01,7350.0
eve:tipo_de_cambio_nominal_usd_168:expectativa_del_mes,2025-10-01,7060.0
eve:tipo_de_cambio_nominal_usd_169:expectativa_ano_t,2025-11-01,7150.0
eve:tipo_de_cambio_nominal_usd_169:expectativa_ano_t_1,2025-11-01,7354.0
eve:tipo_de_cambio_nominal_usd_169:expectativa_del_mes,2025-11-01,7100.0
eve:tipo_de_cambio_nominal_usd_16:expectativa_ano_t,2013-02-01,4213.0
eve:tipo_de_cambio_nominal_usd_16:expectativa_ano_t_1,2013-02-01,4450.0
eve:tipo_de_cambio_nominal_usd_16:expectativa_del_mes,2013-02-01,3955.0
eve:tipo_de_cambio_nominal_usd_16:expectativa_del_proximo_mes,2015-09-01,5476.5
eve:tipo_de_cambio_nominal_usd_170:expectativa_ano_t,2025-12-01,6950.0
eve:tipo_de_cambio_nominal_usd_170:expectativa_ano_t_1,2025-12-01,7300.0
eve:tipo_de_cambio_nominal_usd_170:expectativa_del_mes,2025-12-01,6950.0
eve:tipo_de_cambio_nominal_usd_171:expectativa_ano_t,2026-01-01,7000.0
eve:tipo_de_cambio_nominal_usd_171:expectativa_ano_t_1,2026-01-01,7300.0
eve:tipo_de_cambio_nominal_usd_171:expectativa_del_mes,2026-01-01,6641.0
eve:tipo_de_cambio_nominal_usd_172:expectativa_ano_t,2026-02-01,6875.0
eve:tipo_de_cambio_nominal_usd_172:expectativa_ano_t_1,2026-02-01,7000.0
eve:tipo_de_cambio_nominal_usd_172:expectativa_del_mes,2026-02-01,6629.0
eve:tipo_de_cambio_nominal_usd_173:expectativa_ano_t,2026-03-01,6725.0
eve:tipo_de_cambio_nominal_usd_173:expectativa_ano_t_1,2026-03-01,6900.0
eve:tipo_de_cambio_nominal_usd_173:expectativa_del_mes,2026-03-01,6500.0
eve:tipo_de_cambio_nominal_usd_174:expectativa_ano_t,2026-04-01,6700.0
eve:tipo_de_cambio_nominal_usd_174:expectativa_ano_t_1,2026-04-01,6900.0
eve:tipo_de_cambio_nominal_usd_174:expectativa_del_mes,2026-04-01,6500.0
eve:tipo_de_cambio_nominal_usd_175:expectativa_ano_t,2026-05-01,6475.0
eve:tipo_de_cambio_nominal_usd_175:expectativa_ano_t_1,2026-05-01,6700.0
eve:tipo_de_cambio_nominal_usd_175:expectativa_del_mes,2026-05-01,6200.0
eve:tipo_de_cambio_nominal_usd_176:expectativa_ano_t,2026-06-01,6393.0
eve:tipo_de_cambio_nominal_usd_176:expectativa_ano_t_1,2026-06-01,6650.0
eve:tipo_de_cambio_nominal_usd_176:expectativa_del_mes,2026-06-01,6137.0
eve:tipo_de_cambio_nominal_usd_177:expectativa_ano_t,2026-07-01,6300.0
eve:tipo_de_cambio_nominal_usd_177:expectativa_ano_t_1,2026-07-01,6500.0
eve:tipo_de_cambio_nominal_usd_177:expectativa_del_mes,2026-07-01,6100.0
eve:tipo_de_cambio_nominal_usd_178:expectativa_ano_t,2026-08-01,6150.0
eve:tipo_de_cambio_nominal_usd_178:expectativa_ano_t_1,2026-08-01,6400.0
eve:tipo_de_cambio_nominal_usd_178:expectativa_del_mes,2026-08-01,6000.0
eve:tipo_de_cambio_nominal_usd_17:expectativa_ano_t,2013-03-01,4195.0
eve:tipo_de_cambio_nominal_usd_17:expectativa_ano_t_1,2013-03-01,4449.5
eve:tipo_de_cambio_nominal_usd_17:expectativa_del_mes,2013-03-01,4000.0
eve:tipo_de_cambio_nominal_usd_17:expectativa_del_proximo_mes,2015-10-01,5650.0
eve:tipo_de_cambio_nominal_usd_18:expectativa_ano_t,2013-04-01,4200.0
eve:tipo_de_cambio_nominal_usd_18:expectativa_ano_t_1,2013-04-01,4400.0
eve:tipo_de_cambio_nominal_usd_18:expectativa_del_mes,2013-04-01,4150.0
eve:tipo_de_cambio_nominal_usd_18:expectativa_del_proximo_mes,2015-11-01,5700.0
eve:tipo_de_cambio_nominal_usd_19:expectativa_ano_t,2013-05-01,4230.0
eve:tipo_de_cambio_nominal_usd_19:expectativa_ano_t_1,2013-05-01,4372.697263157894
eve:tipo_de_cambio_nominal_usd_19:expectativa_del_mes,2013-05-01,4200.0
eve:tipo_de_cambio_nominal_usd_19:expectativa_del_proximo_mes,2015-12-01,5800.0
eve:tipo_de_cambio_nominal_usd_20:expectativa_ano_t,2013-06-01,4419.5
eve:tipo_de_cambio_nominal_usd_20:expectativa_ano_t_1,2013-06-01,4550.0
eve:tipo_de_cambio_nominal_usd_20:expectativa_del_mes,2013-06-01,4400.0
eve:tipo_de_cambio_nominal_usd_20:expectativa_del_proximo_mes,2016-01-01,5930.0
eve:tipo_de_cambio_nominal_usd_21:expectativa_ano_t,2013-07-01,4500.0
eve:tipo_de_cambio_nominal_usd_21:expectativa_ano_t_1,2013-07-01,4597.0
eve:tipo_de_cambio_nominal_usd_21:expectativa_del_mes,2013-07-01,4500.0
eve:tipo_de_cambio_nominal_usd_21:expectativa_del_proximo_mes,2016-02-01,5885.0
eve:tipo_de_cambio_nominal_usd_22:expectativa_ano_t,2013-08-01,4500.0
eve:tipo_de_cambio_nominal_usd_22:expectativa_ano_t_1,2013-08-01,4600.0
eve:tipo_de_cambio_nominal_usd_22:expectativa_del_mes,2013-08-01,4430.0
eve:tipo_de_cambio_nominal_usd_22:expectativa_del_proximo_mes,2016-03-01,5730.0
eve:tipo_de_cambio_nominal_usd_23:expectativa_ano_t,2013-09-01,4485.0
eve:tipo_de_cambio_nominal_usd_23:expectativa_ano_t_1,2013-09-01,4610.0
eve:tipo_de_cambio_nominal_usd_23:expectativa_del_mes,2013-09-01,4450.0
eve:tipo_de_cambio_nominal_usd_23:expectativa_del_proximo_mes,2016-04-01,5650.0
eve:tipo_de_cambio_nominal_usd_24:expectativa_ano_t,2013-10-01,4500.0
eve:tipo_de_cambio_nominal_usd_24:expectativa_ano_t_1,2013-10-01,4600.0
eve:tipo_de_cambio_nominal_usd_24:expectativa_del_mes,2013-10-01,4450.0
eve:tipo_de_cambio_nominal_usd_24:expectativa_del_proximo_mes,2016-05-01,5650.0
eve:tipo_de_cambio_nominal_usd_25:expectativa_ano_t,2013-11-01,4500.0
eve:tipo_de_cambio_nominal_usd_25:expectativa_ano_t_1,2013-11-01,4600.0
eve:tipo_de_cambio_nominal_usd_25:expectativa_del_mes,2013-11-01,4445.0
eve:tipo_de_cambio_nominal_usd_25:expectativa_del_proximo_mes,2016-06-01,5730.0
eve:tipo_de_cambio_nominal_usd_26:expectativa_ano_t,2013-12-01,4512.0
eve:tipo_de_cambio_nominal_usd_26:expectativa_ano_t_1,2013-12-01,4600.0
eve:tipo_de_cambio_nominal_usd_26:expectativa_del_mes,2013-12-01,4520.0
eve:tipo_de_cambio_nominal_usd_26:expectativa_del_proximo_mes,2016-07-01,5686.5
eve:tipo_de_cambio_nominal_usd_27:expectativa_ano_t,2014-01-01,4677.0
eve:tipo_de_cambio_nominal_usd_27:expectativa_ano_t_1,2014-01-01,4750.0
eve:tipo_de_cambio_nominal_usd_27:expectativa_del_mes,2014-01-01,4630.0
eve:tipo_de_cambio_nominal_usd_27:expectativa_del_proximo_mes,2016-08-01,5600.0
eve:tipo_de_cambio_nominal_usd_28:expectativa_ano_t,2014-02-01,4650.0
eve:tipo_de_cambio_nominal_usd_28:expectativa_ano_t_1,2014-02-01,4750.0
eve:tipo_de_cambio_nominal_usd_28:expectativa_del_mes,2014-02-01,4500.0
eve:tipo_de_cambio_nominal_usd_28:expectativa_del_proximo_mes,2016-09-01,5605.0
eve:tipo_de_cambio_nominal_usd_29:expectativa_ano_t,2014-03-01,4600.0
eve:tipo_de_cambio_nominal_usd_29:expectativa_ano_t_1,2014-03-01,4625.0
eve:tipo_de_cambio_nominal_usd_29:expectativa_del_mes,2014-03-01,4425.0
eve:tipo_de_cambio_nominal_usd_29:expectativa_del_proximo_mes,2016-10-01,5620.0
eve:tipo_de_cambio_nominal_usd_2:expectativa_ano_t,2011-12-01,4400.0
eve:tipo_de_cambio_nominal_usd_2:expectativa_ano_t_1,2011-12-01,4550.0
eve:tipo_de_cambio_nominal_usd_2:expectativa_del_mes,2011-12-01,4400.0
eve:tipo_de_cambio_nominal_usd_2:expectativa_del_proximo_mes,2014-07-01,4382.0
eve:tipo_de_cambio_nominal_usd_30:expectativa_ano_t,2014-04-01,4600.0
eve:tipo_de_cambio_nominal_usd_30:expectativa_ano_t_1,2014-04-01,4738.0
eve:tipo_de_cambio_nominal_usd_30:expectativa_del_mes,2014-04-01,4450.0
eve:tipo_de_cambio_nominal_usd_30:expectativa_del_proximo_mes,2016-11-01,5785.0
eve:tipo_de_cambio_nominal_usd_31:expectativa_ano_t,2014-05-01,4600.0
eve:tipo_de_cambio_nominal_usd_31:expectativa_ano_t_1,2014-05-01,4700.0
eve:tipo_de_cambio_nominal_usd_31:expectativa_del_mes,2014-05-01,4436.061266447368
eve:tipo_de_cambio_nominal_usd_31:expectativa_del_proximo_mes,2016-12-01,5850.0
eve:tipo_de_cambio_nominal_usd_32:expectativa_ano_t,2014-06-01,4566.0
eve:tipo_de_cambio_nominal_usd_32:expectativa_ano_t_1,2014-06-01,4635.0
eve:tipo_de_cambio_nominal_usd_32:expectativa_del_mes,2014-06-01,4416.0
eve:tipo_de_cambio_nominal_usd_32:expectativa_del_proximo_mes,2017-01-01,5800.0
eve:tipo_de_cambio_nominal_usd_33:expectativa_ano_t,2014-07-01,4500.0
eve:tipo_de_cambio_nominal_usd_33:expectativa_ano_t_1,2014-07-01,4580.008256249999
eve:tipo_de_cambio_nominal_usd_33:expectativa_del_mes,2014-07-01,4350.0
eve:tipo_de_cambio_nominal_usd_33:expectativa_del_proximo_mes,2017-02-01,5722.155000000001
eve:tipo_de_cambio_nominal_usd_34:expectativa_ano_t,2014-08-01,4450.0
eve:tipo_de_cambio_nominal_usd_34:expectativa_ano_t_1,2014-08-01,4557.0
eve:tipo_de_cambio_nominal_usd_34:expectativa_del_mes,2014-08-01,4300.0
eve:tipo_de_cambio_nominal_usd_34:expectativa_del_proximo_mes,2017-03-01,5500.0
eve:tipo_de_cambio_nominal_usd_35:expectativa_ano_t,2014-09-01,4450.0
eve:tipo_de_cambio_nominal_usd_35:expectativa_ano_t_1,2014-09-01,4550.0
eve:tipo_de_cambio_nominal_usd_35:expectativa_del_mes,2014-09-01,4302.5
eve:tipo_de_cambio_nominal_usd_35:expectativa_del_proximo_mes,2017-04-01,5620.0
eve:tipo_de_cambio_nominal_usd_36:expectativa_ano_t,2014-10-01,4590.0
eve:tipo_de_cambio_nominal_usd_36:expectativa_ano_t_1,2014-10-01,4620.0
eve:tipo_de_cambio_nominal_usd_36:expectativa_del_mes,2014-10-01,4520.0
eve:tipo_de_cambio_nominal_usd_36:expectativa_del_proximo_mes,2017-05-01,5616.0
eve:tipo_de_cambio_nominal_usd_37:expectativa_ano_t,2014-11-01,4650.0
eve:tipo_de_cambio_nominal_usd_37:expectativa_ano_t_1,2014-11-01,4700.0
eve:tipo_de_cambio_nominal_usd_37:expectativa_del_mes,2014-11-01,4630.0
eve:tipo_de_cambio_nominal_usd_37:expectativa_del_proximo_mes,2017-06-01,5620.0
eve:tipo_de_cambio_nominal_usd_38:expectativa_ano_t,2014-12-01,4666.0
eve:tipo_de_cambio_nominal_usd_38:expectativa_ano_t_1,2014-12-01,4750.0
eve:tipo_de_cambio_nominal_usd_38:expectativa_del_mes,2014-12-01,4673.0
eve:tipo_de_cambio_nominal_usd_38:expectativa_del_proximo_mes,2017-07-01,5590.0
eve:tipo_de_cambio_nominal_usd_39:expectativa_ano_t,2015-01-01,4800.0
eve:tipo_de_cambio_nominal_usd_39:expectativa_ano_t_1,2015-01-01,4800.0
eve:tipo_de_cambio_nominal_usd_39:expectativa_del_mes,2015-01-01,4730.0
eve:tipo_de_cambio_nominal_usd_39:expectativa_del_proximo_mes,2017-08-01,5590.0
eve:tipo_de_cambio_nominal_usd_3:expectativa_ano_t,2012-01-01,4612.5
eve:tipo_de_cambio_nominal_usd_3:expectativa_ano_t_1,2012-01-01,4818.5
eve:tipo_de_cambio_nominal_usd_3:expectativa_del_mes,2012-01-01,4569.685987689203
eve:tipo_de_cambio_nominal_usd_3:expectativa_del_proximo_mes,2014-08-01,4350.0
eve:tipo_de_cambio_nominal_usd_40:expectativa_ano_t,2015-02-01,4800.0
eve:tipo_de_cambio_nominal_usd_40:expectativa_ano_t_1,2015-02-01,4850.0
eve:tipo_de_cambio_nominal_usd_40:expectativa_del_mes,2015-02-01,4760.0
eve:tipo_de_cambio_nominal_usd_40:expectativa_del_proximo_mes,2017-09-01,5650.0
eve:tipo_de_cambio_nominal_usd_41:expectativa_ano_t,2015-03-01,4830.0
eve:tipo_de_cambio_nominal_usd_41:expectativa_ano_t_1,2015-03-01,4850.0
eve:tipo_de_cambio_nominal_usd_41:expectativa_del_mes,2015-03-01,4730.0
eve:tipo_de_cambio_nominal_usd_41:expectativa_del_proximo_mes,2017-10-01,5689.0
eve:tipo_de_cambio_nominal_usd_42:expectativa_ano_t,2015-04-01,4865.0
eve:tipo_de_cambio_nominal_usd_42:expectativa_ano_t_1,2015-04-01,4912.5
eve:tipo_de_cambio_nominal_usd_42:expectativa_del_mes,2015-04-01,4830.0
eve:tipo_de_cambio_nominal_usd_42:expectativa_del_proximo_mes,2017-11-01,5700.0
eve:tipo_de_cambio_nominal_usd_43:expectativa_ano_t,2015-05-01,5030.0
eve:tipo_de_cambio_nominal_usd_43:expectativa_ano_t_1,2015-05-01,5046.5
eve:tipo_de_cambio_nominal_usd_43:expectativa_del_mes,2015-05-01,5009.5
eve:tipo_de_cambio_nominal_usd_43:expectativa_del_proximo_mes,2017-12-01,5680.0
eve:tipo_de_cambio_nominal_usd_44:expectativa_ano_t,2015-06-01,5100.0
eve:tipo_de_cambio_nominal_usd_44:expectativa_ano_t_1,2015-06-01,5150.0
eve:tipo_de_cambio_nominal_usd_44:expectativa_del_mes,2015-06-01,5100.0
eve:tipo_de_cambio_nominal_usd_44:expectativa_del_proximo_mes,2018-01-01,5630.0
eve:tipo_de_cambio_nominal_usd_45:expectativa_ano_t,2015-07-01,5200.0
eve:tipo_de_cambio_nominal_usd_45:expectativa_ano_t_1,2015-07-01,5200.0
eve:tipo_de_cambio_nominal_usd_45:expectativa_del_mes,2015-07-01,5150.0
eve:tipo_de_cambio_nominal_usd_45:expectativa_del_proximo_mes,2018-02-01,5574.0
eve:tipo_de_cambio_nominal_usd_46:expectativa_ano_t,2015-08-01,5275.0
eve:tipo_de_cambio_nominal_usd_46:expectativa_ano_t_1,2015-08-01,5300.0
eve:tipo_de_cambio_nominal_usd_46:expectativa_del_mes,2015-08-01,5200.0
eve:tipo_de_cambio_nominal_usd_46:expectativa_del_proximo_mes,2018-03-01,5550.0
eve:tipo_de_cambio_nominal_usd_47:expectativa_ano_t,2015-09-01,5500.0
eve:tipo_de_cambio_nominal_usd_47:expectativa_ano_t_1,2015-09-01,5600.0
eve:tipo_de_cambio_nominal_usd_47:expectativa_del_mes,2015-09-01,5405.0
eve:tipo_de_cambio_nominal_usd_47:expectativa_del_proximo_mes,2018-04-01,5550.0
eve:tipo_de_cambio_nominal_usd_48:expectativa_ano_t,2015-10-01,5650.0
eve:tipo_de_cambio_nominal_usd_48:expectativa_ano_t_1,2015-10-01,5775.0
eve:tipo_de_cambio_nominal_usd_48:expectativa_del_mes,2015-10-01,5630.0
eve:tipo_de_cambio_nominal_usd_48:expectativa_del_proximo_mes,2018-05-01,5590.0
eve:tipo_de_cambio_nominal_usd_49:expectativa_ano_t,2015-11-01,5700.0
eve:tipo_de_cambio_nominal_usd_49:expectativa_ano_t_1,2015-11-01,5825.0
eve:tipo_de_cambio_nominal_usd_49:expectativa_del_mes,2015-11-01,5650.0
eve:tipo_de_cambio_nominal_usd_49:expectativa_del_proximo_mes,2018-06-01,5700.0
eve:tipo_de_cambio_nominal_usd_4:expectativa_ano_t,2012-02-01,4575.0
eve:tipo_de_cambio_nominal_usd_4:expectativa_ano_t_1,2012-02-01,4718.5
eve:tipo_de_cambio_nominal_usd_4:expectativa_del_mes,2012-02-01,4550.0
eve:tipo_de_cambio_nominal_usd_4:expectativa_del_proximo_mes,2014-09-01,4342.0
eve:tipo_de_cambio_nominal_usd_50:expectativa_ano_t,2015-12-01,5800.0
eve:tipo_de_cambio_nominal_usd_50:expectativa_ano_t_1,2015-12-01,6000.0
eve:tipo_de_cambio_nominal_usd_50:expectativa_del_mes,2015-12-01,5780.0
eve:tipo_de_cambio_nominal_usd_50:expectativa_del_proximo_mes,2018-07-01,5720.0
eve:tipo_de_cambio_nominal_usd_51:expectativa_ano_t,2016-01-01,6200.0
eve:tipo_de_cambio_nominal_usd_51:expectativa_ano_t_1,2016-01-01,6250.0
eve:tipo_de_cambio_nominal_usd_51:expectativa_del_mes,2016-01-01,5900.0
eve:tipo_de_cambio_nominal_usd_51:expectativa_del_proximo_mes,2018-08-01,5755.0
eve:tipo_de_cambio_nominal_usd_52:expectativa_ano_t,2016-02-01,6100.0
eve:tipo_de_cambio_nominal_usd_52:expectativa_ano_t_1,2016-02-01,6200.0
eve:tipo_de_cambio_nominal_usd_52:expectativa_del_mes,2016-02-01,5855.0
eve:tipo_de_cambio_nominal_usd_52:expectativa_del_proximo_mes,2018-09-01,5860.0
eve:tipo_de_cambio_nominal_usd_53:expectativa_ano_t,2016-03-01,6050.0
eve:tipo_de_cambio_nominal_usd_53:expectativa_ano_t_1,2016-03-01,6150.0
eve:tipo_de_cambio_nominal_usd_53:expectativa_del_mes,2016-03-01,5720.0
eve:tipo_de_cambio_nominal_usd_53:expectativa_del_proximo_mes,2018-10-01,5922.5
eve:tipo_de_cambio_nominal_usd_54:expectativa_ano_t,2016-04-01,6000.0
eve:tipo_de_cambio_nominal_usd_54:expectativa_ano_t_1,2016-04-01,6125.0
eve:tipo_de_cambio_nominal_usd_54:expectativa_del_mes,2016-04-01,5605.0
eve:tipo_de_cambio_nominal_usd_54:expectativa_del_proximo_mes,2018-11-01,5980.0
eve:tipo_de_cambio_nominal_usd_55:expectativa_ano_t,2016-05-01,5945.0
eve:tipo_de_cambio_nominal_usd_55:expectativa_ano_t_1,2016-05-01,6000.0
eve:tipo_de_cambio_nominal_usd_55:expectativa_del_mes,2016-05-01,5600.0
eve:tipo_de_cambio_nominal_usd_55:expectativa_del_proximo_mes,2018-12-01,5950.0
eve:tipo_de_cambio_nominal_usd_56:expectativa_ano_t,2016-06-01,5900.0
eve:tipo_de_cambio_nominal_usd_56:expectativa_ano_t_1,2016-06-01,6000.0
eve:tipo_de_cambio_nominal_usd_56:expectativa_del_mes,2016-06-01,5695.5
eve:tipo_de_cambio_nominal_usd_56:expectativa_del_proximo_mes,2019-01-01,5972.7386693190865
eve:tipo_de_cambio_nominal_usd_57:expectativa_ano_t,2016-07-01,5900.0
eve:tipo_de_cambio_nominal_usd_57:expectativa_ano_t_1,2016-07-01,6000.0
eve:tipo_de_cambio_nominal_usd_57:expectativa_del_mes,2016-07-01,5625.0
eve:tipo_de_cambio_nominal_usd_57:expectativa_del_proximo_mes,2019-02-01,6000.0
eve:tipo_de_cambio_nominal_usd_58:expectativa_ano_t,2016-08-01,5800.0
eve:tipo_de_cambio_nominal_usd_58:expectativa_ano_t_1,2016-08-01,5990.0
eve:tipo_de_cambio_nominal_usd_58:expectativa_del_mes,2016-08-01,5550.0
eve:tipo_de_cambio_nominal_usd_58:expectativa_del_proximo_mes,2019-03-01,6050.0
eve:tipo_de_cambio_nominal_usd_59:expectativa_ano_t,2016-09-01,5707.5
eve:tipo_de_cambio_nominal_usd_59:expectativa_ano_t_1,2016-09-01,5865.0
eve:tipo_de_cambio_nominal_usd_59:expectativa_del_mes,2016-09-01,5570.0
eve:tipo_de_cambio_nominal_usd_59:expectativa_del_proximo_mes,2019-04-01,6190.0
eve:tipo_de_cambio_nominal_usd_5:expectativa_ano_t,2012-03-01,4545.0
eve:tipo_de_cambio_nominal_usd_5:expectativa_ano_t_1,2012-03-01,4800.0
eve:tipo_de_cambio_nominal_usd_5:expectativa_del_mes,2012-03-01,4333.7
eve:tipo_de_cambio_nominal_usd_5:expectativa_del_proximo_mes,2014-10-01,4550.0
eve:tipo_de_cambio_nominal_usd_60:expectativa_ano_t,2016-10-01,5700.0
eve:tipo_de_cambio_nominal_usd_60:expectativa_ano_t_1,2016-10-01,5850.0
eve:tipo_de_cambio_nominal_usd_60:expectativa_del_mes,2016-10-01,5586.0
eve:tipo_de_cambio_nominal_usd_60:expectativa_del_proximo_mes,2019-05-01,6350.0
eve:tipo_de_cambio_nominal_usd_61:expectativa_ano_t,2016-11-01,5800.0
eve:tipo_de_cambio_nominal_usd_61:expectativa_ano_t_1,2016-11-01,5900.0
eve:tipo_de_cambio_nominal_usd_61:expectativa_del_mes,2016-11-01,5750.0
eve:tipo_de_cambio_nominal_usd_61:expectativa_del_proximo_mes,2019-06-01,6297.0
eve:tipo_de_cambio_nominal_usd_62:expectativa_ano_t,2016-12-01,5850.0
eve:tipo_de_cambio_nominal_usd_62:expectativa_ano_t_1,2016-12-01,6000.0
eve:tipo_de_cambio_nominal_usd_62:expectativa_del_mes,2016-12-01,5850.0
eve:tipo_de_cambio_nominal_usd_62:expectativa_del_proximo_mes,2019-07-01,6200.0
eve:tipo_de_cambio_nominal_usd_63:expectativa_ano_t,2017-01-01,5988.0
eve:tipo_de_cambio_nominal_usd_63:expectativa_ano_t_1,2017-01-01,6075.0
eve:tipo_de_cambio_nominal_usd_63:expectativa_del_mes,2017-01-01,5794.5
eve:tipo_de_cambio_nominal_usd_63:expectativa_del_proximo_mes,2019-08-01,6126.5
eve:tipo_de_cambio_nominal_usd_64:expectativa_ano_t,2017-02-01,5900.0
eve:tipo_de_cambio_nominal_usd_64:expectativa_ano_t_1,2017-02-01,6000.0
eve:tipo_de_cambio_nominal_usd_64:expectativa_del_mes,2017-02-01,5750.0
eve:tipo_de_cambio_nominal_usd_64:expectativa_del_proximo_mes,2019-09-01,6181.0
eve:tipo_de_cambio_nominal_usd_65:expectativa_ano_t,2017-03-01,5750.0
eve:tipo_de_cambio_nominal_usd_65:expectativa_ano_t_1,2017-03-01,5900.0
eve:tipo_de_cambio_nominal_usd_65:expectativa_del_mes,2017-03-01,5450.0
eve:tipo_de_cambio_nominal_usd_65:expectativa_del_proximo_mes,2019-10-01,6350.0
eve:tipo_de_cambio_nominal_usd_66:expectativa_ano_t,2017-04-01,5800.0
eve:tipo_de_cambio_nominal_usd_66:expectativa_ano_t_1,2017-04-01,5900.0
eve:tipo_de_cambio_nominal_usd_66:expectativa_del_mes,2017-04-01,5600.0
eve:tipo_de_cambio_nominal_usd_66:expectativa_del_proximo_mes,2019-11-01,6430.0
eve:tipo_de_cambio_nominal_usd_67:expectativa_ano_t,2017-05-01,5800.0
eve:tipo_de_cambio_nominal_usd_67:expectativa_ano_t_1,2017-05-01,5900.0
eve:tipo_de_cambio_nominal_usd_67:expectativa_del_mes,2017-05-01,5600.0
eve:tipo_de_cambio_nominal_usd_67:expectativa_del_proximo_mes,2019-12-01,6410.0
eve:tipo_de_cambio_nominal_usd_68:expectativa_ano_t,2017-06-01,5800.0
eve:tipo_de_cambio_nominal_usd_68:expectativa_ano_t_1,2017-06-01,5900.0
eve:tipo_de_cambio_nominal_usd_68:expectativa_del_mes,2017-06-01,5597.0
eve:tipo_de_cambio_nominal_usd_68:expectativa_del_proximo_mes,2020-01-01,6450.0
eve:tipo_de_cambio_nominal_usd_69:expectativa_ano_t,2017-07-01,5720.0
eve:tipo_de_cambio_nominal_usd_69:expectativa_ano_t_1,2017-07-01,5891.6
eve:tipo_de_cambio_nominal_usd_69:expectativa_del_mes,2017-07-01,5550.0
eve:tipo_de_cambio_nominal_usd_69:expectativa_del_proximo_mes,2020-02-01,6405.0
eve:tipo_de_cambio_nominal_usd_6:expectativa_ano_t,2012-04-01,4539.0
eve:tipo_de_cambio_nominal_usd_6:expectativa_ano_t_1,2012-04-01,4575.0
eve:tipo_de_cambio_nominal_usd_6:expectativa_del_mes,2012-04-01,4313.0
eve:tipo_de_cambio_nominal_usd_6:expectativa_del_proximo_mes,2014-11-01,4650.0
eve:tipo_de_cambio_nominal_usd_70:expectativa_ano_t,2017-08-01,5750.0
eve:tipo_de_cambio_nominal_usd_70:expectativa_ano_t_1,2017-08-01,5800.0
eve:tipo_de_cambio_nominal_usd_70:expectativa_del_mes,2017-08-01,5570.0
eve:tipo_de_cambio_nominal_usd_70:expectativa_del_proximo_mes,2020-03-01,6450.0
eve:tipo_de_cambio_nominal_usd_71:expectativa_ano_t,2017-09-01,5750.0
eve:tipo_de_cambio_nominal_usd_71:expectativa_ano_t_1,2017-09-01,5850.0
eve:tipo_de_cambio_nominal_usd_71:expectativa_del_mes,2017-09-01,5630.0
eve:tipo_de_cambio_nominal_usd_71:expectativa_del_proximo_mes,2020-04-01,6440.0
eve:tipo_de_cambio_nominal_usd_72:expectativa_ano_t,2017-10-01,5749.265778088139
eve:tipo_de_cambio_nominal_usd_72:expectativa_ano_t_1,2017-10-01,5900.0
eve:tipo_de_cambio_nominal_usd_72:expectativa_del_mes,2017-10-01,5650.0
eve:tipo_de_cambio_nominal_usd_72:expectativa_del_proximo_mes,2020-05-01,6500.0
eve:tipo_de_cambio_nominal_usd_73:expectativa_ano_t,2017-11-01,5700.0
eve:tipo_de_cambio_nominal_usd_73:expectativa_ano_t_1,2017-11-01,5831.5
eve:tipo_de_cambio_nominal_usd_73:expectativa_del_mes,2017-11-01,5650.0
eve:tipo_de_cambio_nominal_usd_73:expectativa_del_proximo_mes,2020-06-01,6610.0
eve:tipo_de_cambio_nominal_usd_74:expectativa_ano_t,2017-12-01,5658.0
eve:tipo_de_cambio_nominal_usd_74:expectativa_ano_t_1,2017-12-01,5830.0
eve:tipo_de_cambio_nominal_usd_74:expectativa_del_mes,2017-12-01,5651.0
eve:tipo_de_cambio_nominal_usd_74:expectativa_del_proximo_mes,2020-07-01,6840.0
eve:tipo_de_cambio_nominal_usd_75:expectativa_ano_t,2018-01-01,5700.0
eve:tipo_de_cambio_nominal_usd_75:expectativa_ano_t_1,2018-01-01,5850.0
eve:tipo_de_cambio_nominal_usd_75:expectativa_del_mes,2018-01-01,5620.0
eve:tipo_de_cambio_nominal_usd_75:expectativa_del_proximo_mes,2020-08-01,6910.0
eve:tipo_de_cambio_nominal_usd_76:expectativa_ano_t,2018-02-01,5700.0
eve:tipo_de_cambio_nominal_usd_76:expectativa_ano_t_1,2018-02-01,5850.0
eve:tipo_de_cambio_nominal_usd_76:expectativa_del_mes,2018-02-01,5584.0
eve:tipo_de_cambio_nominal_usd_76:expectativa_del_proximo_mes,2020-09-01,6960.0
eve:tipo_de_cambio_nominal_usd_77:expectativa_ano_t,2018-03-01,5698.5
eve:tipo_de_cambio_nominal_usd_77:expectativa_ano_t_1,2018-03-01,5800.0
eve:tipo_de_cambio_nominal_usd_77:expectativa_del_mes,2018-03-01,5527.5
eve:tipo_de_cambio_nominal_usd_77:expectativa_del_proximo_mes,2020-10-01,6990.0
eve:tipo_de_cambio_nominal_usd_78:expectativa_ano_t,2018-04-01,5681.5
eve:tipo_de_cambio_nominal_usd_78:expectativa_ano_t_1,2018-04-01,5750.0
eve:tipo_de_cambio_nominal_usd_78:expectativa_del_mes,2018-04-01,5550.0
eve:tipo_de_cambio_nominal_usd_78:expectativa_del_proximo_mes,2020-11-01,7000.0
eve:tipo_de_cambio_nominal_usd_79:expectativa_ano_t,2018-05-01,5666.509525185554
eve:tipo_de_cambio_nominal_usd_79:expectativa_ano_t_1,2018-05-01,5750.0
eve:tipo_de_cambio_nominal_usd_79:expectativa_del_mes,2018-05-01,5572.0
eve:tipo_de_cambio_nominal_usd_79:expectativa_del_proximo_mes,2020-12-01,7020.0
eve:tipo_de_cambio_nominal_usd_7:expectativa_ano_t,2012-05-01,4489.0
eve:tipo_de_cambio_nominal_usd_7:expectativa_ano_t_1,2012-05-01,4500.0
eve:tipo_de_cambio_nominal_usd_7:expectativa_del_mes,2012-05-01,4315.0
eve:tipo_de_cambio_nominal_usd_7:expectativa_del_proximo_mes,2014-12-01,4667.5
eve:tipo_de_cambio_nominal_usd_80:expectativa_ano_t,2018-06-01,5800.0
eve:tipo_de_cambio_nominal_usd_80:expectativa_ano_t_1,2018-06-01,5800.0
eve:tipo_de_cambio_nominal_usd_80:expectativa_del_mes,2018-06-01,5690.0
eve:tipo_de_cambio_nominal_usd_80:expectativa_del_proximo_mes,2021-01-01,6900.0
eve:tipo_de_cambio_nominal_usd_81:expectativa_ano_t,2018-07-01,5800.0
eve:tipo_de_cambio_nominal_usd_81:expectativa_ano_t_1,2018-07-01,5800.0
eve:tipo_de_cambio_nominal_usd_81:expectativa_del_mes,2018-07-01,5700.0
eve:tipo_de_cambio_nominal_usd_81:expectativa_del_proximo_mes,2021-02-01,6850.0
eve:tipo_de_cambio_nominal_usd_82:expectativa_ano_t,2018-08-01,5800.0
eve:tipo_de_cambio_nominal_usd_82:expectativa_ano_t_1,2018-08-01,5800.0
eve:tipo_de_cambio_nominal_usd_82:expectativa_del_mes,2018-08-01,5745.0
eve:tipo_de_cambio_nominal_usd_82:expectativa_del_proximo_mes,2021-03-01,6610.0
eve:tipo_de_cambio_nominal_usd_83:expectativa_ano_t,2018-09-01,5900.0
eve:tipo_de_cambio_nominal_usd_83:expectativa_ano_t_1,2018-09-01,5930.9091009141985
eve:tipo_de_cambio_nominal_usd_83:expectativa_del_mes,2018-09-01,5850.0
eve:tipo_de_cambio_nominal_usd_83:expectativa_del_proximo_mes,2021-04-01,6310.0
eve:tipo_de_cambio_nominal_usd_84:expectativa_ano_t,2018-10-01,5950.0
eve:tipo_de_cambio_nominal_usd_84:expectativa_ano_t_1,2018-10-01,6000.0
eve:tipo_de_cambio_nominal_usd_84:expectativa_del_mes,2018-10-01,5905.0
eve:tipo_de_cambio_nominal_usd_84:expectativa_del_proximo_mes,2021-05-01,6607.0
eve:tipo_de_cambio_nominal_usd_85:expectativa_ano_t,2018-11-01,5972.0
eve:tipo_de_cambio_nominal_usd_85:expectativa_ano_t_1,2018-11-01,6083.0
eve:tipo_de_cambio_nominal_usd_85:expectativa_del_mes,2018-11-01,5950.0
eve:tipo_de_cambio_nominal_usd_85:expectativa_del_proximo_mes,2021-06-01,6700.0
eve:tipo_de_cambio_nominal_usd_86:expectativa_ano_t,2018-12-01,5930.0
eve:tipo_de_cambio_nominal_usd_86:expectativa_ano_t_1,2018-12-01,6100.0
eve:tipo_de_cambio_nominal_usd_86:expectativa_del_mes,2018-12-01,5930.0
eve:tipo_de_cambio_nominal_usd_86:expectativa_del_proximo_mes,2021-07-01,6740.0
eve:tipo_de_cambio_nominal_usd_87:expectativa_ano_t,2019-01-01,6075.0
eve:tipo_de_cambio_nominal_usd_87:expectativa_ano_t_1,2019-01-01,6150.0
eve:tipo_de_cambio_nominal_usd_87:expectativa_del_mes,2019-01-01,5980.0
eve:tipo_de_cambio_nominal_usd_87:expectativa_del_proximo_mes,2021-08-01,6925.0
eve:tipo_de_cambio_nominal_usd_88:expectativa_ano_t,2019-02-01,6100.0
eve:tipo_de_cambio_nominal_usd_88:expectativa_ano_t_1,2019-02-01,6150.0
eve:tipo_de_cambio_nominal_usd_88:expectativa_del_mes,2019-02-01,6000.0
eve:tipo_de_cambio_nominal_usd_88:expectativa_del_proximo_mes,2021-09-01,6905.0
eve:tipo_de_cambio_nominal_usd_89:expectativa_ano_t,2019-03-01,6100.0
eve:tipo_de_cambio_nominal_usd_89:expectativa_ano_t_1,2019-03-01,6200.0
eve:tipo_de_cambio_nominal_usd_89:expectativa_del_mes,2019-03-01,6050.0
eve:tipo_de_cambio_nominal_usd_89:expectativa_del_proximo_mes,2021-10-01,6900.0
eve:tipo_de_cambio_nominal_usd_8:expectativa_ano_t,2012-06-01,4600.0
eve:tipo_de_cambio_nominal_usd_8:expectativa_ano_t_1,2012-06-01,4500.0
eve:tipo_de_cambio_nominal_usd_8:expectativa_del_mes,2012-06-01,4510.0
eve:tipo_de_cambio_nominal_usd_8:expectativa_del_proximo_mes,2015-01-01,4700.0
eve:tipo_de_cambio_nominal_usd_90:expectativa_ano_t,2019-04-01,6210.0
eve:tipo_de_cambio_nominal_usd_90:expectativa_ano_t_1,2019-04-01,6300.0
eve:tipo_de_cambio_nominal_usd_90:expectativa_del_mes,2019-04-01,6190.0
eve:tipo_de_cambio_nominal_usd_90:expectativa_del_proximo_mes,2021-11-01,6900.0
eve:tipo_de_cambio_nominal_usd_91:expectativa_ano_t,2019-05-01,6400.0
eve:tipo_de_cambio_nominal_usd_91:expectativa_ano_t_1,2019-05-01,6500.0
eve:tipo_de_cambio_nominal_usd_91:expectativa_del_mes,2019-05-01,6300.0
eve:tipo_de_cambio_nominal_usd_91:expectativa_del_proximo_mes,2021-12-01,6863.730323476306
eve:tipo_de_cambio_nominal_usd_92:expectativa_ano_t,2019-06-01,6350.0
eve:tipo_de_cambio_nominal_usd_92:expectativa_ano_t_1,2019-06-01,6400.0
eve:tipo_de_cambio_nominal_usd_92:expectativa_del_mes,2019-06-01,6245.0
eve:tipo_de_cambio_nominal_usd_92:expectativa_del_proximo_mes,2022-01-01,6900.0
eve:tipo_de_cambio_nominal_usd_93:expectativa_ano_t,2019-07-01,6300.0
eve:tipo_de_cambio_nominal_usd_93:expectativa_ano_t_1,2019-07-01,6300.0
eve:tipo_de_cambio_nominal_usd_93:expectativa_del_mes,2019-07-01,6150.0
eve:tipo_de_cambio_nominal_usd_93:expectativa_del_proximo_mes,2022-02-01,6995.0
eve:tipo_de_cambio_nominal_usd_94:expectativa_ano_t,2019-08-01,6200.0
eve:tipo_de_cambio_nominal_usd_94:expectativa_ano_t_1,2019-08-01,6300.0
eve:tipo_de_cambio_nominal_usd_94:expectativa_del_mes,2019-08-01,6065.0
eve:tipo_de_cambio_nominal_usd_94:expectativa_del_proximo_mes,2022-03-01,6990.0
eve:tipo_de_cambio_nominal_usd_95:expectativa_ano_t,2019-09-01,6200.0
eve:tipo_de_cambio_nominal_usd_95:expectativa_ano_t_1,2019-09-01,6300.0
eve:tipo_de_cambio_nominal_usd_95:expectativa_del_mes,2019-09-01,6185.0
eve:tipo_de_cambio_nominal_usd_95:expectativa_del_proximo_mes,2022-04-01,6950.0
eve:tipo_de_cambio_nominal_usd_96:expectativa_ano_t,2019-10-01,6300.0
eve:tipo_de_cambio_nominal_usd_96:expectativa_ano_t_1,2019-10-01,6400.0
eve:tipo_de_cambio_nominal_usd_96:expectativa_del_mes,2019-10-01,6350.0
eve:tipo_de_cambio_nominal_usd_96:expectativa_del_proximo_mes,2022-05-01,6850.0
eve:tipo_de_cambio_nominal_usd_97:expectativa_ano_t,2019-11-01,6450.0
eve:tipo_de_cambio_nominal_usd_97:expectativa_ano_t_1,2019-11-01,6450.0
eve:tipo_de_cambio_nominal_usd_97:expectativa_del_mes,2019-11-01,6400.0
eve:tipo_de_cambio_nominal_usd_97:expectativa_del_proximo_mes,2022-06-01,6900.0
eve:tipo_de_cambio_nominal_usd_98:expectativa_ano_t,2019-12-01,6400.0
eve:tipo_de_cambio_nominal_usd_98:expectativa_ano_t_1,2019-12-01,6450.0
eve:tipo_de_cambio_nominal_usd_98:expectativa_del_mes,2019-12-01,6400.0
eve:tipo_de_cambio_nominal_usd_98:expectativa_del_proximo_mes,2022-07-01,6887.520259062125
eve:tipo_de_cambio_nominal_usd_99:expectativa_ano_t,2020-01-01,6500.0
eve:tipo_de_cambio_nominal_usd_99:expectativa_ano_t_1,2020-01-01,6525.0
eve:tipo_de_cambio_nominal_usd_99:expectativa_del_mes,2020-01-01,6450.0
eve:tipo_de_cambio_nominal_usd_99:expectativa_del_proximo_mes,2022-08-01,6900.0
eve:tipo_de_cambio_nominal_usd_9:expectativa_ano_t,2012-07-01,4600.0
eve:tipo_de_cambio_nominal_usd_9:expectativa_ano_t_1,2012-07-01,4600.0
eve:tipo_de_cambio_nominal_usd_9:expectativa_del_mes,2012-07-01,4500.0
eve:tipo_de_cambio_nominal_usd_9:expectativa_del_proximo_mes,2015-02-01,4730.0
