series_id,period,value
exchange_houses:x1_eeff:df18de90998cebe03071f6d6,2016-07-31,58832190.882
exchange_houses:x1_eeff:df18de90998cebe03071f6d6,2017-07-31,64583643.236
exchange_houses:x1_eeff:df18de90998cebe03071f6d6,2018-07-31,68424615.749
exchange_houses:x1_eeff:df18de90998cebe03071f6d6,2019-07-31,71157155.325
exchange_houses:x1_eeff:df18de90998cebe03071f6d6,2020-07-31,68858397.148
exchange_houses:x1_eeff:df18de90998cebe03071f6d6,2021-07-31,69022194.936
exchange_houses:x1_eeff:df18de90998cebe03071f6d6,2022-07-31,73860965.664
exchange_houses:x1_eeff:df18de90998cebe03071f6d6,2023-07-31,75535396.197
exchange_houses:x1_eeff:df18de90998cebe03071f6d6,2024-07-31,76099684.652
exchange_houses:x1_eeff:df18de90998cebe03071f6d6,2025-07-31,72331316.978
exchange_houses:x1_eeff:df18de90998cebe03071f6d6,2026-07-31,45376062.024
exchange_houses:x1_eeff_100:d7c470cacac1818b0641478f,2016-07-31,212964.205
exchange_houses:x1_eeff_100:d7c470cacac1818b0641478f,2017-07-31,302338.538
exchange_houses:x1_eeff_100:d7c470cacac1818b0641478f,2018-07-31,206656.222
exchange_houses:x1_eeff_100:d7c470cacac1818b0641478f,2019-07-31,254107.493
exchange_houses:x1_eeff_100:d7c470cacac1818b0641478f,2020-07-31,244349.16
exchange_houses:x1_eeff_100:d7c470cacac1818b0641478f,2021-07-31,215074.539
exchange_houses:x1_eeff_100:d7c470cacac1818b0641478f,2022-07-31,186197.287
exchange_houses:x1_eeff_100:d7c470cacac1818b0641478f,2023-07-31,271498.07
exchange_houses:x1_eeff_100:d7c470cacac1818b0641478f,2024-07-31,341493.734
exchange_houses:x1_eeff_100:d7c470cacac1818b0641478f,2025-07-31,307172.203
exchange_houses:x1_eeff_100:d7c470cacac1818b0641478f,2026-07-31,234187.448
exchange_houses:x1_eeff_101:93f3c126e67c7327bebc1e6a,2016-07-31,382848.547
exchange_houses:x1_eeff_101:93f3c126e67c7327bebc1e6a,2017-07-31,290824.29
exchange_houses:x1_eeff_101:93f3c126e67c7327bebc1e6a,2018-07-31,218696.326
exchange_houses:x1_eeff_101:93f3c126e67c7327bebc1e6a,2019-07-31,156011.927
exchange_houses:x1_eeff_101:93f3c126e67c7327bebc1e6a,2020-07-31,105370.147
exchange_houses:x1_eeff_101:93f3c126e67c7327bebc1e6a,2021-07-31,72190.971
exchange_houses:x1_eeff_101:93f3c126e67c7327bebc1e6a,2022-07-31,58660.592
exchange_houses:x1_eeff_101:93f3c126e67c7327bebc1e6a,2023-07-31,36633.796
exchange_houses:x1_eeff_101:93f3c126e67c7327bebc1e6a,2024-07-31,54120.312
exchange_houses:x1_eeff_101:93f3c126e67c7327bebc1e6a,2025-07-31,42601.17
exchange_houses:x1_eeff_101:93f3c126e67c7327bebc1e6a,2026-07-31,60404.889
exchange_houses:x1_eeff_102:f27f3e707ce7a73f40da72fc,2016-07-31,223123.77152
exchange_houses:x1_eeff_102:f27f3e707ce7a73f40da72fc,2017-07-31,260332.66132
exchange_houses:x1_eeff_102:f27f3e707ce7a73f40da72fc,2018-07-31,294367.18193
exchange_houses:x1_eeff_102:f27f3e707ce7a73f40da72fc,2019-07-31,294406.8675
exchange_houses:x1_eeff_102:f27f3e707ce7a73f40da72fc,2020-07-31,0.0
exchange_houses:x1_eeff_102:f27f3e707ce7a73f40da72fc,2021-07-31,0.0
exchange_houses:x1_eeff_102:f27f3e707ce7a73f40da72fc,2022-07-31,0.0
exchange_houses:x1_eeff_102:f27f3e707ce7a73f40da72fc,2023-07-31,0.0
exchange_houses:x1_eeff_102:f27f3e707ce7a73f40da72fc,2024-07-31,0.0
exchange_houses:x1_eeff_102:f27f3e707ce7a73f40da72fc,2025-07-31,0.0
exchange_houses:x1_eeff_102:f27f3e707ce7a73f40da72fc,2026-07-31,0.0
exchange_houses:x1_eeff_103:58b7b239255057b8352edd03,2016-07-31,1117312.396
exchange_houses:x1_eeff_103:58b7b239255057b8352edd03,2017-07-31,1194078.027
exchange_houses:x1_eeff_103:58b7b239255057b8352edd03,2018-07-31,1315815.448
exchange_houses:x1_eeff_103:58b7b239255057b8352edd03,2019-07-31,1599336.218
exchange_houses:x1_eeff_103:58b7b239255057b8352edd03,2020-07-31,1388602.315
exchange_houses:x1_eeff_103:58b7b239255057b8352edd03,2021-07-31,1581528.678
exchange_houses:x1_eeff_103:58b7b239255057b8352edd03,2022-07-31,767927.426
exchange_houses:x1_eeff_103:58b7b239255057b8352edd03,2023-07-31,700183.552
exchange_houses:x1_eeff_103:58b7b239255057b8352edd03,2024-07-31,567554.457
exchange_houses:x1_eeff_103:58b7b239255057b8352edd03,2025-07-31,450444.214
exchange_houses:x1_eeff_103:58b7b239255057b8352edd03,2026-07-31,470489.811
exchange_houses:x1_eeff_104:bd079eb8336946ed98d82e05,2016-07-31,80305.219
exchange_houses:x1_eeff_104:bd079eb8336946ed98d82e05,2017-07-31,186503.809
exchange_houses:x1_eeff_104:bd079eb8336946ed98d82e05,2018-07-31,354167.538
exchange_houses:x1_eeff_104:bd079eb8336946ed98d82e05,2019-07-31,696066.734
exchange_houses:x1_eeff_104:bd079eb8336946ed98d82e05,2020-07-31,603210.119
exchange_houses:x1_eeff_104:bd079eb8336946ed98d82e05,2021-07-31,437853.597
exchange_houses:x1_eeff_104:bd079eb8336946ed98d82e05,2022-07-31,380627.145
exchange_houses:x1_eeff_104:bd079eb8336946ed98d82e05,2023-07-31,346409.917
exchange_houses:x1_eeff_104:bd079eb8336946ed98d82e05,2024-07-31,275548.747
exchange_houses:x1_eeff_104:bd079eb8336946ed98d82e05,2025-07-31,242993.914
exchange_houses:x1_eeff_104:bd079eb8336946ed98d82e05,2026-07-31,0.0
exchange_houses:x1_eeff_105:86eb1c7903059b7b2cff81f8,2016-07-31,469548.395
exchange_houses:x1_eeff_105:86eb1c7903059b7b2cff81f8,2017-07-31,754241.287
exchange_houses:x1_eeff_105:86eb1c7903059b7b2cff81f8,2018-07-31,854769.868
exchange_houses:x1_eeff_105:86eb1c7903059b7b2cff81f8,2019-07-31,910242.117
exchange_houses:x1_eeff_105:86eb1c7903059b7b2cff81f8,2020-07-31,735552.864
exchange_houses:x1_eeff_105:86eb1c7903059b7b2cff81f8,2021-07-31,971239.375
exchange_houses:x1_eeff_105:86eb1c7903059b7b2cff81f8,2022-07-31,841210.159
exchange_houses:x1_eeff_105:86eb1c7903059b7b2cff81f8,2023-07-31,674750.194
exchange_houses:x1_eeff_105:86eb1c7903059b7b2cff81f8,2024-07-31,1723287.98
exchange_houses:x1_eeff_105:86eb1c7903059b7b2cff81f8,2025-07-31,1562912.709
exchange_houses:x1_eeff_105:86eb1c7903059b7b2cff81f8,2026-07-31,1663275.102
exchange_houses:x1_eeff_106:6cded8da46863286b18d13cd,2016-07-31,857092.493
exchange_houses:x1_eeff_106:6cded8da46863286b18d13cd,2017-07-31,1067120.563
exchange_houses:x1_eeff_106:6cded8da46863286b18d13cd,2018-07-31,979914.629
exchange_houses:x1_eeff_106:6cded8da46863286b18d13cd,2019-07-31,961773.891
exchange_houses:x1_eeff_106:6cded8da46863286b18d13cd,2020-07-31,800882.466
exchange_houses:x1_eeff_106:6cded8da46863286b18d13cd,2021-07-31,672277.055
exchange_houses:x1_eeff_106:6cded8da46863286b18d13cd,2022-07-31,1220661.956
exchange_houses:x1_eeff_106:6cded8da46863286b18d13cd,2023-07-31,1127481.223
exchange_houses:x1_eeff_106:6cded8da46863286b18d13cd,2024-07-31,1045244.809
exchange_houses:x1_eeff_106:6cded8da46863286b18d13cd,2025-07-31,1067746.745
exchange_houses:x1_eeff_106:6cded8da46863286b18d13cd,2026-07-31,1036442.27
exchange_houses:x1_eeff_107:c5c24da93bcef51c697f9a3d,2016-07-31,289208.784
exchange_houses:x1_eeff_107:c5c24da93bcef51c697f9a3d,2017-07-31,220761.218
exchange_houses:x1_eeff_107:c5c24da93bcef51c697f9a3d,2018-07-31,168241.968
exchange_houses:x1_eeff_107:c5c24da93bcef51c697f9a3d,2019-07-31,189341.762
exchange_houses:x1_eeff_107:c5c24da93bcef51c697f9a3d,2020-07-31,149999.423
exchange_houses:x1_eeff_107:c5c24da93bcef51c697f9a3d,2021-07-31,100727.861
exchange_houses:x1_eeff_107:c5c24da93bcef51c697f9a3d,2022-07-31,67816.961
exchange_houses:x1_eeff_107:c5c24da93bcef51c697f9a3d,2023-07-31,37969.48
exchange_houses:x1_eeff_107:c5c24da93bcef51c697f9a3d,2024-07-31,21219.869
exchange_houses:x1_eeff_107:c5c24da93bcef51c697f9a3d,2025-07-31,13261.42
exchange_houses:x1_eeff_107:c5c24da93bcef51c697f9a3d,2026-07-31,10265.004
exchange_houses:x1_eeff_108:633fa978a8b730327eb93a52,2016-07-31,2404540.638
exchange_houses:x1_eeff_108:633fa978a8b730327eb93a52,2017-07-31,2613717.526
exchange_houses:x1_eeff_108:633fa978a8b730327eb93a52,2018-07-31,2479585.674
exchange_houses:x1_eeff_108:633fa978a8b730327eb93a52,2019-07-31,2443320.609
exchange_houses:x1_eeff_108:633fa978a8b730327eb93a52,2020-07-31,2538824.369
exchange_houses:x1_eeff_108:633fa978a8b730327eb93a52,2021-07-31,2094627.176
exchange_houses:x1_eeff_108:633fa978a8b730327eb93a52,2022-07-31,1723022.301
exchange_houses:x1_eeff_108:633fa978a8b730327eb93a52,2023-07-31,2124695.897
exchange_houses:x1_eeff_108:633fa978a8b730327eb93a52,2024-07-31,2568246.863
exchange_houses:x1_eeff_108:633fa978a8b730327eb93a52,2025-07-31,2590859.491
exchange_houses:x1_eeff_108:633fa978a8b730327eb93a52,2026-07-31,2955161.366
exchange_houses:x1_eeff_109:43cb6b74ce5df58da7ed2d35,2016-07-31,124646.877
exchange_houses:x1_eeff_109:43cb6b74ce5df58da7ed2d35,2017-07-31,99715.418
exchange_houses:x1_eeff_109:43cb6b74ce5df58da7ed2d35,2018-07-31,110432.567
exchange_houses:x1_eeff_109:43cb6b74ce5df58da7ed2d35,2019-07-31,80407.518
exchange_houses:x1_eeff_109:43cb6b74ce5df58da7ed2d35,2020-07-31,71263.949
exchange_houses:x1_eeff_109:43cb6b74ce5df58da7ed2d35,2021-07-31,73592.782
exchange_houses:x1_eeff_109:43cb6b74ce5df58da7ed2d35,2022-07-31,81927.334
exchange_houses:x1_eeff_109:43cb6b74ce5df58da7ed2d35,2023-07-31,61614.338
exchange_houses:x1_eeff_109:43cb6b74ce5df58da7ed2d35,2024-07-31,47263.401
exchange_houses:x1_eeff_109:43cb6b74ce5df58da7ed2d35,2025-07-31,38082.848
exchange_houses:x1_eeff_109:43cb6b74ce5df58da7ed2d35,2026-07-31,30491.061
exchange_houses:x1_eeff_10:6012e9f849b310203d564677,2016-07-31,5357473.4690000005
exchange_houses:x1_eeff_10:6012e9f849b310203d564677,2017-07-31,4801260.120999999
exchange_houses:x1_eeff_10:6012e9f849b310203d564677,2018-07-31,5247959.867000001
exchange_houses:x1_eeff_10:6012e9f849b310203d564677,2019-07-31,3969905.244
exchange_houses:x1_eeff_10:6012e9f849b310203d564677,2020-07-31,5517285.18
exchange_houses:x1_eeff_10:6012e9f849b310203d564677,2021-07-31,3701827.842
exchange_houses:x1_eeff_10:6012e9f849b310203d564677,2022-07-31,7062343.221000001
exchange_houses:x1_eeff_10:6012e9f849b310203d564677,2023-07-31,6909039.306
exchange_houses:x1_eeff_10:6012e9f849b310203d564677,2024-07-31,8802281.668
exchange_houses:x1_eeff_10:6012e9f849b310203d564677,2025-07-31,9967351.968
exchange_houses:x1_eeff_10:6012e9f849b310203d564677,2026-07-31,10130208.805
exchange_houses:x1_eeff_110:37f89d0a818d46fb18817bb9,2016-07-31,334657.596
exchange_houses:x1_eeff_110:37f89d0a818d46fb18817bb9,2017-07-31,60921.905
exchange_houses:x1_eeff_110:37f89d0a818d46fb18817bb9,2018-07-31,54059.603
exchange_houses:x1_eeff_110:37f89d0a818d46fb18817bb9,2019-07-31,40742.884
exchange_houses:x1_eeff_110:37f89d0a818d46fb18817bb9,2020-07-31,0.0
exchange_houses:x1_eeff_110:37f89d0a818d46fb18817bb9,2021-07-31,0.0
exchange_houses:x1_eeff_110:37f89d0a818d46fb18817bb9,2022-07-31,0.0
exchange_houses:x1_eeff_110:37f89d0a818d46fb18817bb9,2023-07-31,0.0
exchange_houses:x1_eeff_110:37f89d0a818d46fb18817bb9,2024-07-31,0.0
exchange_houses:x1_eeff_110:37f89d0a818d46fb18817bb9,2025-07-31,0.0
exchange_houses:x1_eeff_110:37f89d0a818d46fb18817bb9,2026-07-31,0.0
exchange_houses:x1_eeff_111:dd9e4c923d37998905316b03,2016-07-31,1094966.016
exchange_houses:x1_eeff_111:dd9e4c923d37998905316b03,2017-07-31,1363519.139
exchange_houses:x1_eeff_111:dd9e4c923d37998905316b03,2018-07-31,2060412.108
exchange_houses:x1_eeff_111:dd9e4c923d37998905316b03,2019-07-31,3106197.373
exchange_houses:x1_eeff_111:dd9e4c923d37998905316b03,2020-07-31,3120795.305
exchange_houses:x1_eeff_111:dd9e4c923d37998905316b03,2021-07-31,2517698.036
exchange_houses:x1_eeff_111:dd9e4c923d37998905316b03,2022-07-31,2421224.124
exchange_houses:x1_eeff_111:dd9e4c923d37998905316b03,2023-07-31,1473996.768
exchange_houses:x1_eeff_111:dd9e4c923d37998905316b03,2024-07-31,1256772.733
exchange_houses:x1_eeff_111:dd9e4c923d37998905316b03,2025-07-31,1091347.858
exchange_houses:x1_eeff_111:dd9e4c923d37998905316b03,2026-07-31,1023456.021
exchange_houses:x1_eeff_112:cef75b695066cd5cabd74e7f,2016-07-31,843477.016
exchange_houses:x1_eeff_112:cef75b695066cd5cabd74e7f,2017-07-31,834444.565
exchange_houses:x1_eeff_112:cef75b695066cd5cabd74e7f,2018-07-31,1037041.509
exchange_houses:x1_eeff_112:cef75b695066cd5cabd74e7f,2019-07-31,923944.881
exchange_houses:x1_eeff_112:cef75b695066cd5cabd74e7f,2020-07-31,970324.416
exchange_houses:x1_eeff_112:cef75b695066cd5cabd74e7f,2021-07-31,846560.074
exchange_houses:x1_eeff_112:cef75b695066cd5cabd74e7f,2022-07-31,633352.351
exchange_houses:x1_eeff_112:cef75b695066cd5cabd74e7f,2023-07-31,604757.36
exchange_houses:x1_eeff_112:cef75b695066cd5cabd74e7f,2024-07-31,603230.298
exchange_houses:x1_eeff_112:cef75b695066cd5cabd74e7f,2025-07-31,632351.407
exchange_houses:x1_eeff_112:cef75b695066cd5cabd74e7f,2026-07-31,638632.771
exchange_houses:x1_eeff_113:b1607163351e2cf0e02a80cc,2016-07-31,73532.089
exchange_houses:x1_eeff_113:b1607163351e2cf0e02a80cc,2017-07-31,53294.226
exchange_houses:x1_eeff_113:b1607163351e2cf0e02a80cc,2018-07-31,183462.981
exchange_houses:x1_eeff_113:b1607163351e2cf0e02a80cc,2019-07-31,154837.382
exchange_houses:x1_eeff_113:b1607163351e2cf0e02a80cc,2020-07-31,145684.598
exchange_houses:x1_eeff_113:b1607163351e2cf0e02a80cc,2021-07-31,131888.847
exchange_houses:x1_eeff_113:b1607163351e2cf0e02a80cc,2022-07-31,75608.156
exchange_houses:x1_eeff_113:b1607163351e2cf0e02a80cc,2023-07-31,66375.968
exchange_houses:x1_eeff_113:b1607163351e2cf0e02a80cc,2024-07-31,63665.651
exchange_houses:x1_eeff_113:b1607163351e2cf0e02a80cc,2025-07-31,74764.187
exchange_houses:x1_eeff_113:b1607163351e2cf0e02a80cc,2026-07-31,205146.844
exchange_houses:x1_eeff_114:ddd5487829ca4b65b60414da,2016-07-31,811276.89
exchange_houses:x1_eeff_114:ddd5487829ca4b65b60414da,2017-07-31,691919.159
exchange_houses:x1_eeff_114:ddd5487829ca4b65b60414da,2018-07-31,407963.65
exchange_houses:x1_eeff_114:ddd5487829ca4b65b60414da,2019-07-31,0.0
exchange_houses:x1_eeff_114:ddd5487829ca4b65b60414da,2020-07-31,0.0
exchange_houses:x1_eeff_114:ddd5487829ca4b65b60414da,2021-07-31,0.0
exchange_houses:x1_eeff_114:ddd5487829ca4b65b60414da,2022-07-31,0.0
exchange_houses:x1_eeff_114:ddd5487829ca4b65b60414da,2023-07-31,0.0
exchange_houses:x1_eeff_114:ddd5487829ca4b65b60414da,2024-07-31,0.0
exchange_houses:x1_eeff_114:ddd5487829ca4b65b60414da,2025-07-31,0.0
exchange_houses:x1_eeff_114:ddd5487829ca4b65b60414da,2026-07-31,0.0
exchange_houses:x1_eeff_115:432748c40facef40f2579a08,2016-07-31,133195.814
exchange_houses:x1_eeff_115:432748c40facef40f2579a08,2017-07-31,120674.268
exchange_houses:x1_eeff_115:432748c40facef40f2579a08,2018-07-31,126513.648
exchange_houses:x1_eeff_115:432748c40facef40f2579a08,2019-07-31,107845.913
exchange_houses:x1_eeff_115:432748c40facef40f2579a08,2020-07-31,79165.731
exchange_houses:x1_eeff_115:432748c40facef40f2579a08,2021-07-31,47311.59
exchange_houses:x1_eeff_115:432748c40facef40f2579a08,2022-07-31,83220.607
exchange_houses:x1_eeff_115:432748c40facef40f2579a08,2023-07-31,303793.821
exchange_houses:x1_eeff_115:432748c40facef40f2579a08,2024-07-31,380207.237
exchange_houses:x1_eeff_115:432748c40facef40f2579a08,2025-07-31,330222.283
exchange_houses:x1_eeff_115:432748c40facef40f2579a08,2026-07-31,293449.548
exchange_houses:x1_eeff_116:cb1b3afd88ac6c58cff5724c,2016-07-31,51013.479
exchange_houses:x1_eeff_116:cb1b3afd88ac6c58cff5724c,2017-07-31,69668.161
exchange_houses:x1_eeff_116:cb1b3afd88ac6c58cff5724c,2018-07-31,30520.92
exchange_houses:x1_eeff_116:cb1b3afd88ac6c58cff5724c,2019-07-31,1310.78
exchange_houses:x1_eeff_116:cb1b3afd88ac6c58cff5724c,2020-07-31,0.0
exchange_houses:x1_eeff_116:cb1b3afd88ac6c58cff5724c,2021-07-31,0.0
exchange_houses:x1_eeff_116:cb1b3afd88ac6c58cff5724c,2022-07-31,0.0
exchange_houses:x1_eeff_116:cb1b3afd88ac6c58cff5724c,2023-07-31,0.0
exchange_houses:x1_eeff_116:cb1b3afd88ac6c58cff5724c,2024-07-31,0.0
exchange_houses:x1_eeff_116:cb1b3afd88ac6c58cff5724c,2025-07-31,0.0
exchange_houses:x1_eeff_116:cb1b3afd88ac6c58cff5724c,2026-07-31,0.0
exchange_houses:x1_eeff_117:43646be044d05e58744f8456,2016-07-31,528598.102
exchange_houses:x1_eeff_117:43646be044d05e58744f8456,2017-07-31,412935.259
exchange_houses:x1_eeff_117:43646be044d05e58744f8456,2018-07-31,655237.307
exchange_houses:x1_eeff_117:43646be044d05e58744f8456,2019-07-31,644313.128
exchange_houses:x1_eeff_117:43646be044d05e58744f8456,2020-07-31,404550.866
exchange_houses:x1_eeff_117:43646be044d05e58744f8456,2021-07-31,318589.39
exchange_houses:x1_eeff_117:43646be044d05e58744f8456,2022-07-31,105149.429
exchange_houses:x1_eeff_117:43646be044d05e58744f8456,2023-07-31,85944.689
exchange_houses:x1_eeff_117:43646be044d05e58744f8456,2024-07-31,46201.322
exchange_houses:x1_eeff_117:43646be044d05e58744f8456,2025-07-31,38992.299
exchange_houses:x1_eeff_117:43646be044d05e58744f8456,2026-07-31,138951.513
exchange_houses:x1_eeff_118:0de58a7ffbacbf858d474f7f,2016-07-31,46711.324
exchange_houses:x1_eeff_118:0de58a7ffbacbf858d474f7f,2017-07-31,0.0
exchange_houses:x1_eeff_118:0de58a7ffbacbf858d474f7f,2018-07-31,0.0
exchange_houses:x1_eeff_118:0de58a7ffbacbf858d474f7f,2019-07-31,0.0
exchange_houses:x1_eeff_118:0de58a7ffbacbf858d474f7f,2020-07-31,0.0
exchange_houses:x1_eeff_118:0de58a7ffbacbf858d474f7f,2021-07-31,0.0
exchange_houses:x1_eeff_118:0de58a7ffbacbf858d474f7f,2022-07-31,0.0
exchange_houses:x1_eeff_118:0de58a7ffbacbf858d474f7f,2023-07-31,0.0
exchange_houses:x1_eeff_118:0de58a7ffbacbf858d474f7f,2024-07-31,0.0
exchange_houses:x1_eeff_118:0de58a7ffbacbf858d474f7f,2025-07-31,0.0
exchange_houses:x1_eeff_118:0de58a7ffbacbf858d474f7f,2026-07-31,0.0
exchange_houses:x1_eeff_119:a88fc93fc645295fa4cbbb98,2016-07-31,903814.599
exchange_houses:x1_eeff_119:a88fc93fc645295fa4cbbb98,2017-07-31,888061.179
exchange_houses:x1_eeff_119:a88fc93fc645295fa4cbbb98,2018-07-31,717518.896
exchange_houses:x1_eeff_119:a88fc93fc645295fa4cbbb98,2019-07-31,519500.751
exchange_houses:x1_eeff_119:a88fc93fc645295fa4cbbb98,2020-07-31,351532.094
exchange_houses:x1_eeff_119:a88fc93fc645295fa4cbbb98,2021-07-31,292105.936
exchange_houses:x1_eeff_119:a88fc93fc645295fa4cbbb98,2022-07-31,302789.818
exchange_houses:x1_eeff_119:a88fc93fc645295fa4cbbb98,2023-07-31,245640.976
exchange_houses:x1_eeff_119:a88fc93fc645295fa4cbbb98,2024-07-31,198335.471
exchange_houses:x1_eeff_119:a88fc93fc645295fa4cbbb98,2025-07-31,184958.527
exchange_houses:x1_eeff_119:a88fc93fc645295fa4cbbb98,2026-07-31,277518.255
exchange_houses:x1_eeff_11:cc83fa0334e1ef1b9d0947cc,2016-07-31,4031466.485
exchange_houses:x1_eeff_11:cc83fa0334e1ef1b9d0947cc,2017-07-31,5134884.381
exchange_houses:x1_eeff_11:cc83fa0334e1ef1b9d0947cc,2018-07-31,9124946.063000001
exchange_houses:x1_eeff_11:cc83fa0334e1ef1b9d0947cc,2019-07-31,9543007.572999999
exchange_houses:x1_eeff_11:cc83fa0334e1ef1b9d0947cc,2020-07-31,8380853.367000001
exchange_houses:x1_eeff_11:cc83fa0334e1ef1b9d0947cc,2021-07-31,4744702.098999999
exchange_houses:x1_eeff_11:cc83fa0334e1ef1b9d0947cc,2022-07-31,5966864.704
exchange_houses:x1_eeff_11:cc83fa0334e1ef1b9d0947cc,2023-07-31,8674528.988
exchange_houses:x1_eeff_11:cc83fa0334e1ef1b9d0947cc,2024-07-31,5006643.508
exchange_houses:x1_eeff_11:cc83fa0334e1ef1b9d0947cc,2025-07-31,5831820.82
exchange_houses:x1_eeff_11:cc83fa0334e1ef1b9d0947cc,2026-07-31,0.0
exchange_houses:x1_eeff_120:f666b64495719bfb3b88c409,2016-07-31,150916.515
exchange_houses:x1_eeff_120:f666b64495719bfb3b88c409,2017-07-31,143918.314
exchange_houses:x1_eeff_120:f666b64495719bfb3b88c409,2018-07-31,0.0
exchange_houses:x1_eeff_120:f666b64495719bfb3b88c409,2019-07-31,102925.699
exchange_houses:x1_eeff_120:f666b64495719bfb3b88c409,2020-07-31,77832.122
exchange_houses:x1_eeff_120:f666b64495719bfb3b88c409,2021-07-31,33568.147
exchange_houses:x1_eeff_120:f666b64495719bfb3b88c409,2022-07-31,18546.545
exchange_houses:x1_eeff_120:f666b64495719bfb3b88c409,2023-07-31,0.0
exchange_houses:x1_eeff_120:f666b64495719bfb3b88c409,2024-07-31,0.0
exchange_houses:x1_eeff_120:f666b64495719bfb3b88c409,2025-07-31,0.0
exchange_houses:x1_eeff_120:f666b64495719bfb3b88c409,2026-07-31,0.0
exchange_houses:x1_eeff_121:1b6bdac844de7e2b7e79481d,2016-07-31,269031.818
exchange_houses:x1_eeff_121:1b6bdac844de7e2b7e79481d,2017-07-31,236014.89
exchange_houses:x1_eeff_121:1b6bdac844de7e2b7e79481d,2018-07-31,202768.265
exchange_houses:x1_eeff_121:1b6bdac844de7e2b7e79481d,2019-07-31,134630.283
exchange_houses:x1_eeff_121:1b6bdac844de7e2b7e79481d,2020-07-31,0.0
exchange_houses:x1_eeff_121:1b6bdac844de7e2b7e79481d,2021-07-31,160259.633
exchange_houses:x1_eeff_121:1b6bdac844de7e2b7e79481d,2022-07-31,127765.052
exchange_houses:x1_eeff_121:1b6bdac844de7e2b7e79481d,2023-07-31,94435.06
exchange_houses:x1_eeff_121:1b6bdac844de7e2b7e79481d,2024-07-31,197971.158
exchange_houses:x1_eeff_121:1b6bdac844de7e2b7e79481d,2025-07-31,173825.658
exchange_houses:x1_eeff_121:1b6bdac844de7e2b7e79481d,2026-07-31,159304.222
exchange_houses:x1_eeff_122:afec1a4f186835b12b282cb8,2016-07-31,103464.403
exchange_houses:x1_eeff_122:afec1a4f186835b12b282cb8,2017-07-31,213487.453
exchange_houses:x1_eeff_122:afec1a4f186835b12b282cb8,2018-07-31,178912.852
exchange_houses:x1_eeff_122:afec1a4f186835b12b282cb8,2019-07-31,164772.288
exchange_houses:x1_eeff_122:afec1a4f186835b12b282cb8,2020-07-31,165048.801
exchange_houses:x1_eeff_122:afec1a4f186835b12b282cb8,2021-07-31,120575.583
exchange_houses:x1_eeff_122:afec1a4f186835b12b282cb8,2022-07-31,89666.103
exchange_houses:x1_eeff_122:afec1a4f186835b12b282cb8,2023-07-31,72539.318
exchange_houses:x1_eeff_122:afec1a4f186835b12b282cb8,2024-07-31,74280.391
exchange_houses:x1_eeff_122:afec1a4f186835b12b282cb8,2025-07-31,67029.467
exchange_houses:x1_eeff_122:afec1a4f186835b12b282cb8,2026-07-31,60899.536
exchange_houses:x1_eeff_123:b19f162e3740bb83c768cdb7,2016-07-31,3148100.769
exchange_houses:x1_eeff_123:b19f162e3740bb83c768cdb7,2017-07-31,3208578.941
exchange_houses:x1_eeff_123:b19f162e3740bb83c768cdb7,2018-07-31,3275240.159
exchange_houses:x1_eeff_123:b19f162e3740bb83c768cdb7,2019-07-31,3017498.434
exchange_houses:x1_eeff_123:b19f162e3740bb83c768cdb7,2020-07-31,2709036.357
exchange_houses:x1_eeff_123:b19f162e3740bb83c768cdb7,2021-07-31,2678123.187
exchange_houses:x1_eeff_123:b19f162e3740bb83c768cdb7,2022-07-31,2547393.595
exchange_houses:x1_eeff_123:b19f162e3740bb83c768cdb7,2023-07-31,2436370.757
exchange_houses:x1_eeff_123:b19f162e3740bb83c768cdb7,2024-07-31,2332049.339
exchange_houses:x1_eeff_123:b19f162e3740bb83c768cdb7,2025-07-31,2254520.521
exchange_houses:x1_eeff_123:b19f162e3740bb83c768cdb7,2026-07-31,2189125.054
exchange_houses:x1_eeff_124:10251ca01329efb15b6bde41,2016-07-31,29203242.00352
exchange_houses:x1_eeff_124:10251ca01329efb15b6bde41,2017-07-31,30666461.64232
exchange_houses:x1_eeff_124:10251ca01329efb15b6bde41,2018-07-31,32063580.00893
exchange_houses:x1_eeff_124:10251ca01329efb15b6bde41,2019-07-31,32074484.254499998
exchange_houses:x1_eeff_124:10251ca01329efb15b6bde41,2020-07-31,28708533.772
exchange_houses:x1_eeff_124:10251ca01329efb15b6bde41,2021-07-31,26742607.173
exchange_houses:x1_eeff_124:10251ca01329efb15b6bde41,2022-07-31,23621769.276000004
exchange_houses:x1_eeff_124:10251ca01329efb15b6bde41,2023-07-31,22006235.426999997
exchange_houses:x1_eeff_124:10251ca01329efb15b6bde41,2024-07-31,22224055.12
exchange_houses:x1_eeff_124:10251ca01329efb15b6bde41,2025-07-31,21505972.972999997
exchange_houses:x1_eeff_124:10251ca01329efb15b6bde41,2026-07-31,20843862.767
exchange_houses:x1_eeff_125:96450520b49bcd20e0581fea,2016-07-31,2516268.796
exchange_houses:x1_eeff_125:96450520b49bcd20e0581fea,2017-07-31,1580856.557
exchange_houses:x1_eeff_125:96450520b49bcd20e0581fea,2018-07-31,1069050.402
exchange_houses:x1_eeff_125:96450520b49bcd20e0581fea,2019-07-31,1046588.173
exchange_houses:x1_eeff_125:96450520b49bcd20e0581fea,2020-07-31,1128560.28
exchange_houses:x1_eeff_125:96450520b49bcd20e0581fea,2021-07-31,823764.231
exchange_houses:x1_eeff_125:96450520b49bcd20e0581fea,2022-07-31,931876.011
exchange_houses:x1_eeff_125:96450520b49bcd20e0581fea,2023-07-31,713362.289
exchange_houses:x1_eeff_125:96450520b49bcd20e0581fea,2024-07-31,1369971.113
exchange_houses:x1_eeff_125:96450520b49bcd20e0581fea,2025-07-31,1237795.567
exchange_houses:x1_eeff_125:96450520b49bcd20e0581fea,2026-07-31,21978028.189
exchange_houses:x1_eeff_126:2ec9cee0b81bb85230d175c6,2016-07-31,41294.416
exchange_houses:x1_eeff_126:2ec9cee0b81bb85230d175c6,2017-07-31,56515.958
exchange_houses:x1_eeff_126:2ec9cee0b81bb85230d175c6,2018-07-31,67860.887
exchange_houses:x1_eeff_126:2ec9cee0b81bb85230d175c6,2019-07-31,141102.828
exchange_houses:x1_eeff_126:2ec9cee0b81bb85230d175c6,2020-07-31,311263.853
exchange_houses:x1_eeff_126:2ec9cee0b81bb85230d175c6,2021-07-31,229115.719
exchange_houses:x1_eeff_126:2ec9cee0b81bb85230d175c6,2022-07-31,253820.492
exchange_houses:x1_eeff_126:2ec9cee0b81bb85230d175c6,2023-07-31,292756.701
exchange_houses:x1_eeff_126:2ec9cee0b81bb85230d175c6,2024-07-31,316011.115
exchange_houses:x1_eeff_126:2ec9cee0b81bb85230d175c6,2025-07-31,366715.599
exchange_houses:x1_eeff_126:2ec9cee0b81bb85230d175c6,2026-07-31,439158.677
exchange_houses:x1_eeff_127:c6b039ef669f69057ebd9a93,2016-07-31,59735.024
exchange_houses:x1_eeff_127:c6b039ef669f69057ebd9a93,2017-07-31,63188.823
exchange_houses:x1_eeff_127:c6b039ef669f69057ebd9a93,2018-07-31,59567.334
exchange_houses:x1_eeff_127:c6b039ef669f69057ebd9a93,2019-07-31,99209.209
exchange_houses:x1_eeff_127:c6b039ef669f69057ebd9a93,2020-07-31,94313.251
exchange_houses:x1_eeff_127:c6b039ef669f69057ebd9a93,2021-07-31,86942.866
exchange_houses:x1_eeff_127:c6b039ef669f69057ebd9a93,2022-07-31,93135.924
exchange_houses:x1_eeff_127:c6b039ef669f69057ebd9a93,2023-07-31,95550.981
exchange_houses:x1_eeff_127:c6b039ef669f69057ebd9a93,2024-07-31,103421.989
exchange_houses:x1_eeff_127:c6b039ef669f69057ebd9a93,2025-07-31,106092.863
exchange_houses:x1_eeff_127:c6b039ef669f69057ebd9a93,2026-07-31,89411.572
exchange_houses:x1_eeff_128:64a0b7243392998689f75afd,2016-07-31,2785626.283
exchange_houses:x1_eeff_128:64a0b7243392998689f75afd,2017-07-31,2746927.904
exchange_houses:x1_eeff_128:64a0b7243392998689f75afd,2018-07-31,2187077.899
exchange_houses:x1_eeff_128:64a0b7243392998689f75afd,2019-07-31,2412749.2010000004
exchange_houses:x1_eeff_128:64a0b7243392998689f75afd,2020-07-31,2083230.2599999998
exchange_houses:x1_eeff_128:64a0b7243392998689f75afd,2021-07-31,2746635.974
exchange_houses:x1_eeff_128:64a0b7243392998689f75afd,2022-07-31,2967168.287
exchange_houses:x1_eeff_128:64a0b7243392998689f75afd,2023-07-31,1054553.767
exchange_houses:x1_eeff_128:64a0b7243392998689f75afd,2024-07-31,1981834.07
exchange_houses:x1_eeff_128:64a0b7243392998689f75afd,2025-07-31,1585268.01
exchange_houses:x1_eeff_128:64a0b7243392998689f75afd,2026-07-31,1435360.082
exchange_houses:x1_eeff_129:fbe57324a5f489a6d8b708e3,2016-07-31,58260.769
exchange_houses:x1_eeff_129:fbe57324a5f489a6d8b708e3,2017-07-31,57556.481
exchange_houses:x1_eeff_129:fbe57324a5f489a6d8b708e3,2018-07-31,57948.223
exchange_houses:x1_eeff_129:fbe57324a5f489a6d8b708e3,2019-07-31,99393.711
exchange_houses:x1_eeff_129:fbe57324a5f489a6d8b708e3,2020-07-31,60842.345
exchange_houses:x1_eeff_129:fbe57324a5f489a6d8b708e3,2021-07-31,98699.858
exchange_houses:x1_eeff_129:fbe57324a5f489a6d8b708e3,2022-07-31,85381.705
exchange_houses:x1_eeff_129:fbe57324a5f489a6d8b708e3,2023-07-31,84078.083
exchange_houses:x1_eeff_129:fbe57324a5f489a6d8b708e3,2024-07-31,72136.945
exchange_houses:x1_eeff_129:fbe57324a5f489a6d8b708e3,2025-07-31,94112.266
exchange_houses:x1_eeff_129:fbe57324a5f489a6d8b708e3,2026-07-31,93307.245
exchange_houses:x1_eeff_12:69029b6ad5ee8b1233b5df6b,2016-07-31,12317373.354
exchange_houses:x1_eeff_12:69029b6ad5ee8b1233b5df6b,2017-07-31,12041808.373000002
exchange_houses:x1_eeff_12:69029b6ad5ee8b1233b5df6b,2018-07-31,10078347.01
exchange_houses:x1_eeff_12:69029b6ad5ee8b1233b5df6b,2019-07-31,11024297.324000001
exchange_houses:x1_eeff_12:69029b6ad5ee8b1233b5df6b,2020-07-31,10379770.638
exchange_houses:x1_eeff_12:69029b6ad5ee8b1233b5df6b,2021-07-31,9501930.961
exchange_houses:x1_eeff_12:69029b6ad5ee8b1233b5df6b,2022-07-31,9377672.082
exchange_houses:x1_eeff_12:69029b6ad5ee8b1233b5df6b,2023-07-31,9319029.243999999
exchange_houses:x1_eeff_12:69029b6ad5ee8b1233b5df6b,2024-07-31,9983016.246
exchange_houses:x1_eeff_12:69029b6ad5ee8b1233b5df6b,2025-07-31,11680221.942000002
exchange_houses:x1_eeff_12:69029b6ad5ee8b1233b5df6b,2026-07-31,12847644.035
exchange_houses:x1_eeff_130:288100740fec2710e6ee5d7a,2016-07-31,4182985.75
exchange_houses:x1_eeff_130:288100740fec2710e6ee5d7a,2017-07-31,1322502.611
exchange_houses:x1_eeff_130:288100740fec2710e6ee5d7a,2018-07-31,1840723.1
exchange_houses:x1_eeff_130:288100740fec2710e6ee5d7a,2019-07-31,10725735.112
exchange_houses:x1_eeff_130:288100740fec2710e6ee5d7a,2020-07-31,565774.366
exchange_houses:x1_eeff_130:288100740fec2710e6ee5d7a,2021-07-31,866995.426
exchange_houses:x1_eeff_130:288100740fec2710e6ee5d7a,2022-07-31,912597.804
exchange_houses:x1_eeff_130:288100740fec2710e6ee5d7a,2023-07-31,888805.611
exchange_houses:x1_eeff_130:288100740fec2710e6ee5d7a,2024-07-31,991222.341
exchange_houses:x1_eeff_130:288100740fec2710e6ee5d7a,2025-07-31,1190301.661
exchange_houses:x1_eeff_130:288100740fec2710e6ee5d7a,2026-07-31,412157.387
exchange_houses:x1_eeff_131:32f20b706ad0a0be8c2cdbaa,2016-07-31,159572.48
exchange_houses:x1_eeff_131:32f20b706ad0a0be8c2cdbaa,2017-07-31,88254.657
exchange_houses:x1_eeff_131:32f20b706ad0a0be8c2cdbaa,2018-07-31,62740.979
exchange_houses:x1_eeff_131:32f20b706ad0a0be8c2cdbaa,2019-07-31,204667.736
exchange_houses:x1_eeff_131:32f20b706ad0a0be8c2cdbaa,2020-07-31,132920.937
exchange_houses:x1_eeff_131:32f20b706ad0a0be8c2cdbaa,2021-07-31,159050.935
exchange_houses:x1_eeff_131:32f20b706ad0a0be8c2cdbaa,2022-07-31,186232.116
exchange_houses:x1_eeff_131:32f20b706ad0a0be8c2cdbaa,2023-07-31,217262.9
exchange_houses:x1_eeff_131:32f20b706ad0a0be8c2cdbaa,2024-07-31,1178253.041
exchange_houses:x1_eeff_131:32f20b706ad0a0be8c2cdbaa,2025-07-31,1293123.896
exchange_houses:x1_eeff_131:32f20b706ad0a0be8c2cdbaa,2026-07-31,179936.341
exchange_houses:x1_eeff_132:27a484f92abdec51a9d29e90,2016-07-31,72471.873
exchange_houses:x1_eeff_132:27a484f92abdec51a9d29e90,2017-07-31,42697.999
exchange_houses:x1_eeff_132:27a484f92abdec51a9d29e90,2018-07-31,78982.172
exchange_houses:x1_eeff_132:27a484f92abdec51a9d29e90,2019-07-31,52854.257
exchange_houses:x1_eeff_132:27a484f92abdec51a9d29e90,2020-07-31,82090.837
exchange_houses:x1_eeff_132:27a484f92abdec51a9d29e90,2021-07-31,101586.492
exchange_houses:x1_eeff_132:27a484f92abdec51a9d29e90,2022-07-31,103290.986
exchange_houses:x1_eeff_132:27a484f92abdec51a9d29e90,2023-07-31,107906.954
exchange_houses:x1_eeff_132:27a484f92abdec51a9d29e90,2024-07-31,44876.385
exchange_houses:x1_eeff_132:27a484f92abdec51a9d29e90,2025-07-31,52407.434
exchange_houses:x1_eeff_132:27a484f92abdec51a9d29e90,2026-07-31,91607.98
exchange_houses:x1_eeff_133:a61af2a88d965ed97acdd352,2016-07-31,80212.0774
exchange_houses:x1_eeff_133:a61af2a88d965ed97acdd352,2017-07-31,136160.44965999998
exchange_houses:x1_eeff_133:a61af2a88d965ed97acdd352,2018-07-31,274585.34408
exchange_houses:x1_eeff_133:a61af2a88d965ed97acdd352,2019-07-31,387149.87996000005
exchange_houses:x1_eeff_133:a61af2a88d965ed97acdd352,2020-07-31,0.0
exchange_houses:x1_eeff_133:a61af2a88d965ed97acdd352,2021-07-31,115972.21525
exchange_houses:x1_eeff_133:a61af2a88d965ed97acdd352,2022-07-31,169985.71725
exchange_houses:x1_eeff_133:a61af2a88d965ed97acdd352,2023-07-31,111444.53325
exchange_houses:x1_eeff_133:a61af2a88d965ed97acdd352,2024-07-31,0.0
exchange_houses:x1_eeff_133:a61af2a88d965ed97acdd352,2025-07-31,0.0
exchange_houses:x1_eeff_133:a61af2a88d965ed97acdd352,2026-07-31,0.0
exchange_houses:x1_eeff_134:7134ba3f37b4b230817b81ca,2016-07-31,431602.189
exchange_houses:x1_eeff_134:7134ba3f37b4b230817b81ca,2017-07-31,322919.98699999996
exchange_houses:x1_eeff_134:7134ba3f37b4b230817b81ca,2018-07-31,243076.672
exchange_houses:x1_eeff_134:7134ba3f37b4b230817b81ca,2019-07-31,850937.531
exchange_houses:x1_eeff_134:7134ba3f37b4b230817b81ca,2020-07-31,257961.30800000002
exchange_houses:x1_eeff_134:7134ba3f37b4b230817b81ca,2021-07-31,81395.879
exchange_houses:x1_eeff_134:7134ba3f37b4b230817b81ca,2022-07-31,57493.111
exchange_houses:x1_eeff_134:7134ba3f37b4b230817b81ca,2023-07-31,71963.123
exchange_houses:x1_eeff_134:7134ba3f37b4b230817b81ca,2024-07-31,119761.93
exchange_houses:x1_eeff_134:7134ba3f37b4b230817b81ca,2025-07-31,123372.05
exchange_houses:x1_eeff_134:7134ba3f37b4b230817b81ca,2026-07-31,72711.972
exchange_houses:x1_eeff_135:4bf54b3ce5ee321ab5ca0ff5,2016-07-31,34799.955
exchange_houses:x1_eeff_135:4bf54b3ce5ee321ab5ca0ff5,2017-07-31,62302.582
exchange_houses:x1_eeff_135:4bf54b3ce5ee321ab5ca0ff5,2018-07-31,202994.855
exchange_houses:x1_eeff_135:4bf54b3ce5ee321ab5ca0ff5,2019-07-31,246755.639
exchange_houses:x1_eeff_135:4bf54b3ce5ee321ab5ca0ff5,2020-07-31,225529.369
exchange_houses:x1_eeff_135:4bf54b3ce5ee321ab5ca0ff5,2021-07-31,938847.49
exchange_houses:x1_eeff_135:4bf54b3ce5ee321ab5ca0ff5,2022-07-31,561625.351
exchange_houses:x1_eeff_135:4bf54b3ce5ee321ab5ca0ff5,2023-07-31,555437.532
exchange_houses:x1_eeff_135:4bf54b3ce5ee321ab5ca0ff5,2024-07-31,1468389.805
exchange_houses:x1_eeff_135:4bf54b3ce5ee321ab5ca0ff5,2025-07-31,1419612.989
exchange_houses:x1_eeff_135:4bf54b3ce5ee321ab5ca0ff5,2026-07-31,0.0
exchange_houses:x1_eeff_136:d86a1119517990e6c7511d3a,2016-07-31,257069.971
exchange_houses:x1_eeff_136:d86a1119517990e6c7511d3a,2017-07-31,332546.566
exchange_houses:x1_eeff_136:d86a1119517990e6c7511d3a,2018-07-31,665008.808
exchange_houses:x1_eeff_136:d86a1119517990e6c7511d3a,2019-07-31,761059.522
exchange_houses:x1_eeff_136:d86a1119517990e6c7511d3a,2020-07-31,1725156.045
exchange_houses:x1_eeff_136:d86a1119517990e6c7511d3a,2021-07-31,1614589.402
exchange_houses:x1_eeff_136:d86a1119517990e6c7511d3a,2022-07-31,1702105.3990000002
exchange_houses:x1_eeff_136:d86a1119517990e6c7511d3a,2023-07-31,1654074.819
exchange_houses:x1_eeff_136:d86a1119517990e6c7511d3a,2024-07-31,176225.104
exchange_houses:x1_eeff_136:d86a1119517990e6c7511d3a,2025-07-31,535821.664
exchange_houses:x1_eeff_136:d86a1119517990e6c7511d3a,2026-07-31,426094.204
exchange_houses:x1_eeff_137:beca716f59827fee943afac5,2016-07-31,1018610.771
exchange_houses:x1_eeff_137:beca716f59827fee943afac5,2017-07-31,695507.355
exchange_houses:x1_eeff_137:beca716f59827fee943afac5,2018-07-31,665037.9130000001
exchange_houses:x1_eeff_137:beca716f59827fee943afac5,2019-07-31,516889.008
exchange_houses:x1_eeff_137:beca716f59827fee943afac5,2020-07-31,942115.96
exchange_houses:x1_eeff_137:beca716f59827fee943afac5,2021-07-31,401890.145
exchange_houses:x1_eeff_137:beca716f59827fee943afac5,2022-07-31,807432.843
exchange_houses:x1_eeff_137:beca716f59827fee943afac5,2023-07-31,700067.209
exchange_houses:x1_eeff_137:beca716f59827fee943afac5,2024-07-31,4137362.3910000003
exchange_houses:x1_eeff_137:beca716f59827fee943afac5,2025-07-31,894713.524
exchange_houses:x1_eeff_137:beca716f59827fee943afac5,2026-07-31,815149.974
exchange_houses:x1_eeff_138:20836063eceaa97d0010cdcd,2016-07-31,47484.865
exchange_houses:x1_eeff_138:20836063eceaa97d0010cdcd,2017-07-31,67685.599
exchange_houses:x1_eeff_138:20836063eceaa97d0010cdcd,2018-07-31,59073.394
exchange_houses:x1_eeff_138:20836063eceaa97d0010cdcd,2019-07-31,45170.659
exchange_houses:x1_eeff_138:20836063eceaa97d0010cdcd,2020-07-31,134660.924
exchange_houses:x1_eeff_138:20836063eceaa97d0010cdcd,2021-07-31,109368.761
exchange_houses:x1_eeff_138:20836063eceaa97d0010cdcd,2022-07-31,80163.362
exchange_houses:x1_eeff_138:20836063eceaa97d0010cdcd,2023-07-31,76348.299
exchange_houses:x1_eeff_138:20836063eceaa97d0010cdcd,2024-07-31,31045.877
exchange_houses:x1_eeff_138:20836063eceaa97d0010cdcd,2025-07-31,33597.547
exchange_houses:x1_eeff_138:20836063eceaa97d0010cdcd,2026-07-31,29260.687
exchange_houses:x1_eeff_139:2f91ce5d6dbed8df67828bf6,2016-07-31,1899908.96663
exchange_houses:x1_eeff_139:2f91ce5d6dbed8df67828bf6,2017-07-31,2211333.18818
exchange_houses:x1_eeff_139:2f91ce5d6dbed8df67828bf6,2018-07-31,3470140.36492
exchange_houses:x1_eeff_139:2f91ce5d6dbed8df67828bf6,2019-07-31,2476384.4288399997
exchange_houses:x1_eeff_139:2f91ce5d6dbed8df67828bf6,2020-07-31,2179985.72156
exchange_houses:x1_eeff_139:2f91ce5d6dbed8df67828bf6,2021-07-31,2455702.517
exchange_houses:x1_eeff_139:2f91ce5d6dbed8df67828bf6,2022-07-31,1979509.528
exchange_houses:x1_eeff_139:2f91ce5d6dbed8df67828bf6,2023-07-31,4312440.605
exchange_houses:x1_eeff_139:2f91ce5d6dbed8df67828bf6,2024-07-31,1800377.509
exchange_houses:x1_eeff_139:2f91ce5d6dbed8df67828bf6,2025-07-31,2410478.13472
exchange_houses:x1_eeff_139:2f91ce5d6dbed8df67828bf6,2026-07-31,1921326.66782
exchange_houses:x1_eeff_13:65869aaaf8c774aeec0647e0,2016-07-31,14067859.032
exchange_houses:x1_eeff_13:65869aaaf8c774aeec0647e0,2017-07-31,15848213.780000001
exchange_houses:x1_eeff_13:65869aaaf8c774aeec0647e0,2018-07-31,16323154.982
exchange_houses:x1_eeff_13:65869aaaf8c774aeec0647e0,2019-07-31,18792221.88
exchange_houses:x1_eeff_13:65869aaaf8c774aeec0647e0,2020-07-31,18497585.758
exchange_houses:x1_eeff_13:65869aaaf8c774aeec0647e0,2021-07-31,16485762.045
exchange_houses:x1_eeff_13:65869aaaf8c774aeec0647e0,2022-07-31,10300982.861
exchange_houses:x1_eeff_13:65869aaaf8c774aeec0647e0,2023-07-31,14155570.794
exchange_houses:x1_eeff_13:65869aaaf8c774aeec0647e0,2024-07-31,14945168.41
exchange_houses:x1_eeff_13:65869aaaf8c774aeec0647e0,2025-07-31,22829472.08
exchange_houses:x1_eeff_13:65869aaaf8c774aeec0647e0,2026-07-31,27244871.266000003
exchange_houses:x1_eeff_140:07171ccc22c1c2594177c6ab,2016-07-31,382794.062
exchange_houses:x1_eeff_140:07171ccc22c1c2594177c6ab,2017-07-31,1532813.541
exchange_houses:x1_eeff_140:07171ccc22c1c2594177c6ab,2018-07-31,2228943.9
exchange_houses:x1_eeff_140:07171ccc22c1c2594177c6ab,2019-07-31,662719.938
exchange_houses:x1_eeff_140:07171ccc22c1c2594177c6ab,2020-07-31,366931.28
exchange_houses:x1_eeff_140:07171ccc22c1c2594177c6ab,2021-07-31,662362.216
exchange_houses:x1_eeff_140:07171ccc22c1c2594177c6ab,2022-07-31,514287.633
exchange_houses:x1_eeff_140:07171ccc22c1c2594177c6ab,2023-07-31,468708.905
exchange_houses:x1_eeff_140:07171ccc22c1c2594177c6ab,2024-07-31,620389.152
exchange_houses:x1_eeff_140:07171ccc22c1c2594177c6ab,2025-07-31,453213.81100000005
exchange_houses:x1_eeff_140:07171ccc22c1c2594177c6ab,2026-07-31,1386021.719
exchange_houses:x1_eeff_141:4961d62953670bbefa13c2f6,2016-07-31,324610.661
exchange_houses:x1_eeff_141:4961d62953670bbefa13c2f6,2017-07-31,290392.745
exchange_houses:x1_eeff_141:4961d62953670bbefa13c2f6,2018-07-31,248591.633
exchange_houses:x1_eeff_141:4961d62953670bbefa13c2f6,2019-07-31,170363.321
exchange_houses:x1_eeff_141:4961d62953670bbefa13c2f6,2020-07-31,0.0
exchange_houses:x1_eeff_141:4961d62953670bbefa13c2f6,2021-07-31,0.0
exchange_houses:x1_eeff_141:4961d62953670bbefa13c2f6,2022-07-31,0.0
exchange_houses:x1_eeff_141:4961d62953670bbefa13c2f6,2023-07-31,0.0
exchange_houses:x1_eeff_141:4961d62953670bbefa13c2f6,2024-07-31,0.0
exchange_houses:x1_eeff_141:4961d62953670bbefa13c2f6,2025-07-31,0.0
exchange_houses:x1_eeff_141:4961d62953670bbefa13c2f6,2026-07-31,0.0
exchange_houses:x1_eeff_142:7ce573317a5aeb28b94a8dae,2016-07-31,363448.29099999997
exchange_houses:x1_eeff_142:7ce573317a5aeb28b94a8dae,2017-07-31,2541631.414
exchange_houses:x1_eeff_142:7ce573317a5aeb28b94a8dae,2018-07-31,1302555.159
exchange_houses:x1_eeff_142:7ce573317a5aeb28b94a8dae,2019-07-31,5468537.229
exchange_houses:x1_eeff_142:7ce573317a5aeb28b94a8dae,2020-07-31,1250087.5829999999
exchange_houses:x1_eeff_142:7ce573317a5aeb28b94a8dae,2021-07-31,5040758.014
exchange_houses:x1_eeff_142:7ce573317a5aeb28b94a8dae,2022-07-31,4433593.048
exchange_houses:x1_eeff_142:7ce573317a5aeb28b94a8dae,2023-07-31,3145513.886
exchange_houses:x1_eeff_142:7ce573317a5aeb28b94a8dae,2024-07-31,1773233.9479999999
exchange_houses:x1_eeff_142:7ce573317a5aeb28b94a8dae,2025-07-31,1241411.698
exchange_houses:x1_eeff_142:7ce573317a5aeb28b94a8dae,2026-07-31,8794249.512
exchange_houses:x1_eeff_143:dbadd1c62c427d6ca2349143,2016-07-31,732553.125
exchange_houses:x1_eeff_143:dbadd1c62c427d6ca2349143,2017-07-31,1007408.536
exchange_houses:x1_eeff_143:dbadd1c62c427d6ca2349143,2018-07-31,513380.20499999996
exchange_houses:x1_eeff_143:dbadd1c62c427d6ca2349143,2019-07-31,484716.12
exchange_houses:x1_eeff_143:dbadd1c62c427d6ca2349143,2020-07-31,614778.641
exchange_houses:x1_eeff_143:dbadd1c62c427d6ca2349143,2021-07-31,563450.882
exchange_houses:x1_eeff_143:dbadd1c62c427d6ca2349143,2022-07-31,707676.298
exchange_houses:x1_eeff_143:dbadd1c62c427d6ca2349143,2023-07-31,610284.857
exchange_houses:x1_eeff_143:dbadd1c62c427d6ca2349143,2024-07-31,1699890.537
exchange_houses:x1_eeff_143:dbadd1c62c427d6ca2349143,2025-07-31,514893.709
exchange_houses:x1_eeff_143:dbadd1c62c427d6ca2349143,2026-07-31,470329.693
exchange_houses:x1_eeff_144:c4da4171e18ac40dbadfbdef,2016-07-31,168332.651
exchange_houses:x1_eeff_144:c4da4171e18ac40dbadfbdef,2017-07-31,92930.089
exchange_houses:x1_eeff_144:c4da4171e18ac40dbadfbdef,2018-07-31,235142.864
exchange_houses:x1_eeff_144:c4da4171e18ac40dbadfbdef,2019-07-31,179217.863
exchange_houses:x1_eeff_144:c4da4171e18ac40dbadfbdef,2020-07-31,185156.678
exchange_houses:x1_eeff_144:c4da4171e18ac40dbadfbdef,2021-07-31,219726.926
exchange_houses:x1_eeff_144:c4da4171e18ac40dbadfbdef,2022-07-31,290280.705
exchange_houses:x1_eeff_144:c4da4171e18ac40dbadfbdef,2023-07-31,136394.17
exchange_houses:x1_eeff_144:c4da4171e18ac40dbadfbdef,2024-07-31,203899.426
exchange_houses:x1_eeff_144:c4da4171e18ac40dbadfbdef,2025-07-31,195871.297
exchange_houses:x1_eeff_144:c4da4171e18ac40dbadfbdef,2026-07-31,130389.542
exchange_houses:x1_eeff_145:6bb7ded0584bcb80eb4d068a,2016-07-31,195673.469
exchange_houses:x1_eeff_145:6bb7ded0584bcb80eb4d068a,2017-07-31,214258.221
exchange_houses:x1_eeff_145:6bb7ded0584bcb80eb4d068a,2018-07-31,210644.248
exchange_houses:x1_eeff_145:6bb7ded0584bcb80eb4d068a,2019-07-31,0.0
exchange_houses:x1_eeff_145:6bb7ded0584bcb80eb4d068a,2020-07-31,0.0
exchange_houses:x1_eeff_145:6bb7ded0584bcb80eb4d068a,2021-07-31,0.0
exchange_houses:x1_eeff_145:6bb7ded0584bcb80eb4d068a,2022-07-31,0.0
exchange_houses:x1_eeff_145:6bb7ded0584bcb80eb4d068a,2023-07-31,0.0
exchange_houses:x1_eeff_145:6bb7ded0584bcb80eb4d068a,2024-07-31,0.0
exchange_houses:x1_eeff_145:6bb7ded0584bcb80eb4d068a,2025-07-31,0.0
exchange_houses:x1_eeff_145:6bb7ded0584bcb80eb4d068a,2026-07-31,0.0
exchange_houses:x1_eeff_146:6701d3b944a59a238141ecb5,2016-07-31,86610.864
exchange_houses:x1_eeff_146:6701d3b944a59a238141ecb5,2017-07-31,109073.514
exchange_houses:x1_eeff_146:6701d3b944a59a238141ecb5,2018-07-31,111981.275
exchange_houses:x1_eeff_146:6701d3b944a59a238141ecb5,2019-07-31,141221.741
exchange_houses:x1_eeff_146:6701d3b944a59a238141ecb5,2020-07-31,115391.651
exchange_houses:x1_eeff_146:6701d3b944a59a238141ecb5,2021-07-31,96121.681
exchange_houses:x1_eeff_146:6701d3b944a59a238141ecb5,2022-07-31,128215.336
exchange_houses:x1_eeff_146:6701d3b944a59a238141ecb5,2023-07-31,158428.649
exchange_houses:x1_eeff_146:6701d3b944a59a238141ecb5,2024-07-31,219820.846
exchange_houses:x1_eeff_146:6701d3b944a59a238141ecb5,2025-07-31,259246.178
exchange_houses:x1_eeff_146:6701d3b944a59a238141ecb5,2026-07-31,238469.785
exchange_houses:x1_eeff_147:46a4c5d287cfd6781b79d296,2016-07-31,220303.416
exchange_houses:x1_eeff_147:46a4c5d287cfd6781b79d296,2017-07-31,305288.783
exchange_houses:x1_eeff_147:46a4c5d287cfd6781b79d296,2018-07-31,367348.768
exchange_houses:x1_eeff_147:46a4c5d287cfd6781b79d296,2019-07-31,429358.804
exchange_houses:x1_eeff_147:46a4c5d287cfd6781b79d296,2020-07-31,0.0
exchange_houses:x1_eeff_147:46a4c5d287cfd6781b79d296,2021-07-31,0.0
exchange_houses:x1_eeff_147:46a4c5d287cfd6781b79d296,2022-07-31,0.0
exchange_houses:x1_eeff_147:46a4c5d287cfd6781b79d296,2023-07-31,0.0
exchange_houses:x1_eeff_147:46a4c5d287cfd6781b79d296,2024-07-31,0.0
exchange_houses:x1_eeff_147:46a4c5d287cfd6781b79d296,2025-07-31,0.0
exchange_houses:x1_eeff_147:46a4c5d287cfd6781b79d296,2026-07-31,0.0
exchange_houses:x1_eeff_148:4b2c6496027ef6ac478dc182,2016-07-31,203166.354
exchange_houses:x1_eeff_148:4b2c6496027ef6ac478dc182,2017-07-31,265885.308
exchange_houses:x1_eeff_148:4b2c6496027ef6ac478dc182,2018-07-31,232010.801
exchange_houses:x1_eeff_148:4b2c6496027ef6ac478dc182,2019-07-31,279675.127
exchange_houses:x1_eeff_148:4b2c6496027ef6ac478dc182,2020-07-31,222835.142
exchange_houses:x1_eeff_148:4b2c6496027ef6ac478dc182,2021-07-31,277800.475
exchange_houses:x1_eeff_148:4b2c6496027ef6ac478dc182,2022-07-31,269281.864
exchange_houses:x1_eeff_148:4b2c6496027ef6ac478dc182,2023-07-31,334215.642
exchange_houses:x1_eeff_148:4b2c6496027ef6ac478dc182,2024-07-31,248860.536
exchange_houses:x1_eeff_148:4b2c6496027ef6ac478dc182,2025-07-31,269952.499
exchange_houses:x1_eeff_148:4b2c6496027ef6ac478dc182,2026-07-31,323636.195
exchange_houses:x1_eeff_149:a6acf7ee2ccb133bfe7db0cd,2016-07-31,159373.233
exchange_houses:x1_eeff_149:a6acf7ee2ccb133bfe7db0cd,2017-07-31,0.0
exchange_houses:x1_eeff_149:a6acf7ee2ccb133bfe7db0cd,2018-07-31,0.0
exchange_houses:x1_eeff_149:a6acf7ee2ccb133bfe7db0cd,2019-07-31,0.0
exchange_houses:x1_eeff_149:a6acf7ee2ccb133bfe7db0cd,2020-07-31,0.0
exchange_houses:x1_eeff_149:a6acf7ee2ccb133bfe7db0cd,2021-07-31,0.0
exchange_houses:x1_eeff_149:a6acf7ee2ccb133bfe7db0cd,2022-07-31,0.0
exchange_houses:x1_eeff_149:a6acf7ee2ccb133bfe7db0cd,2023-07-31,0.0
exchange_houses:x1_eeff_149:a6acf7ee2ccb133bfe7db0cd,2024-07-31,0.0
exchange_houses:x1_eeff_149:a6acf7ee2ccb133bfe7db0cd,2025-07-31,0.0
exchange_houses:x1_eeff_149:a6acf7ee2ccb133bfe7db0cd,2026-07-31,0.0
exchange_houses:x1_eeff_14:eefd024125a11c88bae3c786,2016-07-31,3193462.056
exchange_houses:x1_eeff_14:eefd024125a11c88bae3c786,2017-07-31,3014471.5239999997
exchange_houses:x1_eeff_14:eefd024125a11c88bae3c786,2018-07-31,3717032.3279999997
exchange_houses:x1_eeff_14:eefd024125a11c88bae3c786,2019-07-31,3655834.467
exchange_houses:x1_eeff_14:eefd024125a11c88bae3c786,2020-07-31,3681978.136
exchange_houses:x1_eeff_14:eefd024125a11c88bae3c786,2021-07-31,4249343.746
exchange_houses:x1_eeff_14:eefd024125a11c88bae3c786,2022-07-31,4676914.098999999
exchange_houses:x1_eeff_14:eefd024125a11c88bae3c786,2023-07-31,5344178.959
exchange_houses:x1_eeff_14:eefd024125a11c88bae3c786,2024-07-31,5592899.55
exchange_houses:x1_eeff_14:eefd024125a11c88bae3c786,2025-07-31,6269394.364999999
exchange_houses:x1_eeff_14:eefd024125a11c88bae3c786,2026-07-31,7669681.805
exchange_houses:x1_eeff_150:5375b43d614911359356cf2c,2016-07-31,183942.399
exchange_houses:x1_eeff_150:5375b43d614911359356cf2c,2017-07-31,467937.384
exchange_houses:x1_eeff_150:5375b43d614911359356cf2c,2018-07-31,523661.288
exchange_houses:x1_eeff_150:5375b43d614911359356cf2c,2019-07-31,770273.692
exchange_houses:x1_eeff_150:5375b43d614911359356cf2c,2020-07-31,720561.408
exchange_houses:x1_eeff_150:5375b43d614911359356cf2c,2021-07-31,1770150.468
exchange_houses:x1_eeff_150:5375b43d614911359356cf2c,2022-07-31,707586.108
exchange_houses:x1_eeff_150:5375b43d614911359356cf2c,2023-07-31,450697.896
exchange_houses:x1_eeff_150:5375b43d614911359356cf2c,2024-07-31,397962.899
exchange_houses:x1_eeff_150:5375b43d614911359356cf2c,2025-07-31,396979.451
exchange_houses:x1_eeff_150:5375b43d614911359356cf2c,2026-07-31,375521.782
exchange_houses:x1_eeff_151:653e56d7666865cd0ba48a1c,2016-07-31,58507.518
exchange_houses:x1_eeff_151:653e56d7666865cd0ba48a1c,2017-07-31,14538.682
exchange_houses:x1_eeff_151:653e56d7666865cd0ba48a1c,2018-07-31,0.0
exchange_houses:x1_eeff_151:653e56d7666865cd0ba48a1c,2019-07-31,3450663.543
exchange_houses:x1_eeff_151:653e56d7666865cd0ba48a1c,2020-07-31,3891865.517
exchange_houses:x1_eeff_151:653e56d7666865cd0ba48a1c,2021-07-31,3897655.104
exchange_houses:x1_eeff_151:653e56d7666865cd0ba48a1c,2022-07-31,3875960.988
exchange_houses:x1_eeff_151:653e56d7666865cd0ba48a1c,2023-07-31,0.0
exchange_houses:x1_eeff_151:653e56d7666865cd0ba48a1c,2024-07-31,0.0
exchange_houses:x1_eeff_151:653e56d7666865cd0ba48a1c,2025-07-31,0.0
exchange_houses:x1_eeff_151:653e56d7666865cd0ba48a1c,2026-07-31,0.0
exchange_houses:x1_eeff_152:ec9e9329867cc335b4e8d657,2016-07-31,135398.076
exchange_houses:x1_eeff_152:ec9e9329867cc335b4e8d657,2017-07-31,86000.534
exchange_houses:x1_eeff_152:ec9e9329867cc335b4e8d657,2018-07-31,110711.922
exchange_houses:x1_eeff_152:ec9e9329867cc335b4e8d657,2019-07-31,117255.093
exchange_houses:x1_eeff_152:ec9e9329867cc335b4e8d657,2020-07-31,0.0
exchange_houses:x1_eeff_152:ec9e9329867cc335b4e8d657,2021-07-31,155470.442
exchange_houses:x1_eeff_152:ec9e9329867cc335b4e8d657,2022-07-31,132975.938
exchange_houses:x1_eeff_152:ec9e9329867cc335b4e8d657,2023-07-31,73303.348
exchange_houses:x1_eeff_152:ec9e9329867cc335b4e8d657,2024-07-31,82662.507
exchange_houses:x1_eeff_152:ec9e9329867cc335b4e8d657,2025-07-31,720829.399
exchange_houses:x1_eeff_152:ec9e9329867cc335b4e8d657,2026-07-31,175345.196
exchange_houses:x1_eeff_153:0b65fc21f2b900e50f14aeeb,2016-07-31,176392.222
exchange_houses:x1_eeff_153:0b65fc21f2b900e50f14aeeb,2017-07-31,198529.061
exchange_houses:x1_eeff_153:0b65fc21f2b900e50f14aeeb,2018-07-31,168961.623
exchange_houses:x1_eeff_153:0b65fc21f2b900e50f14aeeb,2019-07-31,174365.502
exchange_houses:x1_eeff_153:0b65fc21f2b900e50f14aeeb,2020-07-31,488930.43
exchange_houses:x1_eeff_153:0b65fc21f2b900e50f14aeeb,2021-07-31,197689.823
exchange_houses:x1_eeff_153:0b65fc21f2b900e50f14aeeb,2022-07-31,246096.624
exchange_houses:x1_eeff_153:0b65fc21f2b900e50f14aeeb,2023-07-31,175589.403
exchange_houses:x1_eeff_153:0b65fc21f2b900e50f14aeeb,2024-07-31,149682.006
exchange_houses:x1_eeff_153:0b65fc21f2b900e50f14aeeb,2025-07-31,137106.555
exchange_houses:x1_eeff_153:0b65fc21f2b900e50f14aeeb,2026-07-31,135356.265
exchange_houses:x1_eeff_154:ed88fca3108fb2270b4531a7,2016-07-31,8059523.279
exchange_houses:x1_eeff_154:ed88fca3108fb2270b4531a7,2017-07-31,5803097.3270000005
exchange_houses:x1_eeff_154:ed88fca3108fb2270b4531a7,2018-07-31,9385680.979
exchange_houses:x1_eeff_154:ed88fca3108fb2270b4531a7,2019-07-31,9938612.909
exchange_houses:x1_eeff_154:ed88fca3108fb2270b4531a7,2020-07-31,14594468.932
exchange_houses:x1_eeff_154:ed88fca3108fb2270b4531a7,2021-07-31,14774897.686
exchange_houses:x1_eeff_154:ed88fca3108fb2270b4531a7,2022-07-31,7631218.956
exchange_houses:x1_eeff_154:ed88fca3108fb2270b4531a7,2023-07-31,17880402.851
exchange_houses:x1_eeff_154:ed88fca3108fb2270b4531a7,2024-07-31,11016957.015999999
exchange_houses:x1_eeff_154:ed88fca3108fb2270b4531a7,2025-07-31,18967817.872
exchange_houses:x1_eeff_154:ed88fca3108fb2270b4531a7,2026-07-31,974670.861
exchange_houses:x1_eeff_155:11794f022cf22993d63c4cc5,2016-07-31,25096533.806029994
exchange_houses:x1_eeff_155:11794f022cf22993d63c4cc5,2017-07-31,22716741.855839998
exchange_houses:x1_eeff_155:11794f022cf22993d63c4cc5,2018-07-31,26643483.012
exchange_houses:x1_eeff_155:11794f022cf22993d63c4cc5,2019-07-31,42333627.7768
exchange_houses:x1_eeff_155:11794f022cf22993d63c4cc5,2020-07-31,32375412.718560003
exchange_houses:x1_eeff_155:11794f022cf22993d63c4cc5,2021-07-31,38486641.62725
exchange_houses:x1_eeff_155:11794f022cf22993d63c4cc5,2022-07-31,29828992.134250004
exchange_houses:x1_eeff_155:11794f022cf22993d63c4cc5,2023-07-31,34369593.01325
exchange_houses:x1_eeff_155:11794f022cf22993d63c4cc5,2024-07-31,30204248.487999998
exchange_houses:x1_eeff_155:11794f022cf22993d63c4cc5,2025-07-31,34500735.67372
exchange_houses:x1_eeff_155:11794f022cf22993d63c4cc5,2026-07-31,40987501.52781999
exchange_houses:x1_eeff_156:fc87bbb645309e68883cee2f,2016-07-31,1488243.725
exchange_houses:x1_eeff_156:fc87bbb645309e68883cee2f,2017-07-31,1922917.022
exchange_houses:x1_eeff_156:fc87bbb645309e68883cee2f,2018-07-31,1915439.285
exchange_houses:x1_eeff_156:fc87bbb645309e68883cee2f,2019-07-31,1306442.553
exchange_houses:x1_eeff_156:fc87bbb645309e68883cee2f,2020-07-31,950547.065
exchange_houses:x1_eeff_156:fc87bbb645309e68883cee2f,2021-07-31,665567.082
exchange_houses:x1_eeff_156:fc87bbb645309e68883cee2f,2022-07-31,435186.243
exchange_houses:x1_eeff_156:fc87bbb645309e68883cee2f,2023-07-31,273826.476
exchange_houses:x1_eeff_156:fc87bbb645309e68883cee2f,2024-07-31,235650.03
exchange_houses:x1_eeff_156:fc87bbb645309e68883cee2f,2025-07-31,84605.115
exchange_houses:x1_eeff_156:fc87bbb645309e68883cee2f,2026-07-31,28560.447
exchange_houses:x1_eeff_157:310a1c03f2eab3df685e6bb4,2016-07-31,42026.501
exchange_houses:x1_eeff_157:310a1c03f2eab3df685e6bb4,2017-07-31,40727.281
exchange_houses:x1_eeff_157:310a1c03f2eab3df685e6bb4,2018-07-31,40727.281
exchange_houses:x1_eeff_157:310a1c03f2eab3df685e6bb4,2019-07-31,0.0
exchange_houses:x1_eeff_157:310a1c03f2eab3df685e6bb4,2020-07-31,0.0
exchange_houses:x1_eeff_157:310a1c03f2eab3df685e6bb4,2021-07-31,0.0
exchange_houses:x1_eeff_157:310a1c03f2eab3df685e6bb4,2022-07-31,6818.182
exchange_houses:x1_eeff_157:310a1c03f2eab3df685e6bb4,2023-07-31,0.0
exchange_houses:x1_eeff_157:310a1c03f2eab3df685e6bb4,2024-07-31,90909.089
exchange_houses:x1_eeff_157:310a1c03f2eab3df685e6bb4,2025-07-31,170425.114
exchange_houses:x1_eeff_157:310a1c03f2eab3df685e6bb4,2026-07-31,157494.256
exchange_houses:x1_eeff_158:7828db6cf62676b96c36760f,2016-07-31,40731.698
exchange_houses:x1_eeff_158:7828db6cf62676b96c36760f,2017-07-31,20675.53
exchange_houses:x1_eeff_158:7828db6cf62676b96c36760f,2018-07-31,12382.225
exchange_houses:x1_eeff_158:7828db6cf62676b96c36760f,2019-07-31,9649.847
exchange_houses:x1_eeff_158:7828db6cf62676b96c36760f,2020-07-31,6044.079
exchange_houses:x1_eeff_158:7828db6cf62676b96c36760f,2021-07-31,2894.696
exchange_houses:x1_eeff_158:7828db6cf62676b96c36760f,2022-07-31,10193.885
exchange_houses:x1_eeff_158:7828db6cf62676b96c36760f,2023-07-31,8364.427
exchange_houses:x1_eeff_158:7828db6cf62676b96c36760f,2024-07-31,4505.438
exchange_houses:x1_eeff_158:7828db6cf62676b96c36760f,2025-07-31,2090.96
exchange_houses:x1_eeff_158:7828db6cf62676b96c36760f,2026-07-31,344.922
exchange_houses:x1_eeff_159:1c59e88009409e3ec2f22a9a,2016-07-31,1614189.238
exchange_houses:x1_eeff_159:1c59e88009409e3ec2f22a9a,2017-07-31,1666799.438
exchange_houses:x1_eeff_159:1c59e88009409e3ec2f22a9a,2018-07-31,1179526.829
exchange_houses:x1_eeff_159:1c59e88009409e3ec2f22a9a,2019-07-31,648508.983
exchange_houses:x1_eeff_159:1c59e88009409e3ec2f22a9a,2020-07-31,525698.5
exchange_houses:x1_eeff_159:1c59e88009409e3ec2f22a9a,2021-07-31,471458.718
exchange_houses:x1_eeff_159:1c59e88009409e3ec2f22a9a,2022-07-31,314017.105
exchange_houses:x1_eeff_159:1c59e88009409e3ec2f22a9a,2023-07-31,180204.304
exchange_houses:x1_eeff_159:1c59e88009409e3ec2f22a9a,2024-07-31,112631.446
exchange_houses:x1_eeff_159:1c59e88009409e3ec2f22a9a,2025-07-31,176979.957
exchange_houses:x1_eeff_159:1c59e88009409e3ec2f22a9a,2026-07-31,152635.879
exchange_houses:x1_eeff_15:8009d41bad64eb01b8c3fcac,2016-07-31,33132427.79232
exchange_houses:x1_eeff_15:8009d41bad64eb01b8c3fcac,2017-07-31,38073229.51971
exchange_houses:x1_eeff_15:8009d41bad64eb01b8c3fcac,2018-07-31,35651853.12979
exchange_houses:x1_eeff_15:8009d41bad64eb01b8c3fcac,2019-07-31,44166867.48147
exchange_houses:x1_eeff_15:8009d41bad64eb01b8c3fcac,2020-07-31,45550650.60791
exchange_houses:x1_eeff_15:8009d41bad64eb01b8c3fcac,2021-07-31,37378232.29316
exchange_houses:x1_eeff_15:8009d41bad64eb01b8c3fcac,2022-07-31,49013515.27019
exchange_houses:x1_eeff_15:8009d41bad64eb01b8c3fcac,2023-07-31,50539051.37784
exchange_houses:x1_eeff_15:8009d41bad64eb01b8c3fcac,2024-07-31,54876629.71932
exchange_houses:x1_eeff_15:8009d41bad64eb01b8c3fcac,2025-07-31,58707957.49619
exchange_houses:x1_eeff_15:8009d41bad64eb01b8c3fcac,2026-07-31,59864542.49226
exchange_houses:x1_eeff_160:e71792a882a33950580ca3f7,2016-07-31,5504.0
exchange_houses:x1_eeff_160:e71792a882a33950580ca3f7,2017-07-31,2883.638
exchange_houses:x1_eeff_160:e71792a882a33950580ca3f7,2018-07-31,0.0
exchange_houses:x1_eeff_160:e71792a882a33950580ca3f7,2019-07-31,0.0
exchange_houses:x1_eeff_160:e71792a882a33950580ca3f7,2020-07-31,11118.046
exchange_houses:x1_eeff_160:e71792a882a33950580ca3f7,2021-07-31,3524.828
exchange_houses:x1_eeff_160:e71792a882a33950580ca3f7,2022-07-31,7.495
exchange_houses:x1_eeff_160:e71792a882a33950580ca3f7,2023-07-31,0.02
exchange_houses:x1_eeff_160:e71792a882a33950580ca3f7,2024-07-31,0.0
exchange_houses:x1_eeff_160:e71792a882a33950580ca3f7,2025-07-31,0.0
exchange_houses:x1_eeff_160:e71792a882a33950580ca3f7,2026-07-31,0.0
exchange_houses:x1_eeff_161:14e4719cc41a105b8617ab69,2016-07-31,825511.067
exchange_houses:x1_eeff_161:14e4719cc41a105b8617ab69,2017-07-31,452542.397
exchange_houses:x1_eeff_161:14e4719cc41a105b8617ab69,2018-07-31,340447.849
exchange_houses:x1_eeff_161:14e4719cc41a105b8617ab69,2019-07-31,170821.598
exchange_houses:x1_eeff_161:14e4719cc41a105b8617ab69,2020-07-31,39800.155
exchange_houses:x1_eeff_161:14e4719cc41a105b8617ab69,2021-07-31,41340.215
exchange_houses:x1_eeff_161:14e4719cc41a105b8617ab69,2022-07-31,44980.215
exchange_houses:x1_eeff_161:14e4719cc41a105b8617ab69,2023-07-31,80495.215
exchange_houses:x1_eeff_161:14e4719cc41a105b8617ab69,2024-07-31,0.0
exchange_houses:x1_eeff_161:14e4719cc41a105b8617ab69,2025-07-31,0.0
exchange_houses:x1_eeff_161:14e4719cc41a105b8617ab69,2026-07-31,0.0
exchange_houses:x1_eeff_162:b407a242b3e47b4d889aea3e,2016-07-31,95810.005
exchange_houses:x1_eeff_162:b407a242b3e47b4d889aea3e,2017-07-31,67938.004
exchange_houses:x1_eeff_162:b407a242b3e47b4d889aea3e,2018-07-31,40066.004
exchange_houses:x1_eeff_162:b407a242b3e47b4d889aea3e,2019-07-31,0.0
exchange_houses:x1_eeff_162:b407a242b3e47b4d889aea3e,2020-07-31,0.0
exchange_houses:x1_eeff_162:b407a242b3e47b4d889aea3e,2021-07-31,0.0
exchange_houses:x1_eeff_162:b407a242b3e47b4d889aea3e,2022-07-31,7758.0
exchange_houses:x1_eeff_162:b407a242b3e47b4d889aea3e,2023-07-31,7758.0
exchange_houses:x1_eeff_162:b407a242b3e47b4d889aea3e,2024-07-31,6206.4
exchange_houses:x1_eeff_162:b407a242b3e47b4d889aea3e,2025-07-31,4654.8
exchange_houses:x1_eeff_162:b407a242b3e47b4d889aea3e,2026-07-31,2198.1
exchange_houses:x1_eeff_163:93647eb878b3ba8953978e74,2016-07-31,0.0
exchange_houses:x1_eeff_163:93647eb878b3ba8953978e74,2017-07-31,0.0
exchange_houses:x1_eeff_163:93647eb878b3ba8953978e74,2018-07-31,0.0
exchange_houses:x1_eeff_163:93647eb878b3ba8953978e74,2019-07-31,0.0
exchange_houses:x1_eeff_163:93647eb878b3ba8953978e74,2020-07-31,0.0
exchange_houses:x1_eeff_163:93647eb878b3ba8953978e74,2021-07-31,0.0
exchange_houses:x1_eeff_163:93647eb878b3ba8953978e74,2022-07-31,0.0
exchange_houses:x1_eeff_163:93647eb878b3ba8953978e74,2023-07-31,0.0
exchange_houses:x1_eeff_163:93647eb878b3ba8953978e74,2024-07-31,0.0
exchange_houses:x1_eeff_163:93647eb878b3ba8953978e74,2025-07-31,0.0
exchange_houses:x1_eeff_163:93647eb878b3ba8953978e74,2026-07-31,0.0
exchange_houses:x1_eeff_164:5be56553e1ea8f03a3d97f47,2016-07-31,495959.44337
exchange_houses:x1_eeff_164:5be56553e1ea8f03a3d97f47,2017-07-31,148565.21113
exchange_houses:x1_eeff_164:5be56553e1ea8f03a3d97f47,2018-07-31,65692.80298
exchange_houses:x1_eeff_164:5be56553e1ea8f03a3d97f47,2019-07-31,37344.2575
exchange_houses:x1_eeff_164:5be56553e1ea8f03a3d97f47,2020-07-31,0.0
exchange_houses:x1_eeff_164:5be56553e1ea8f03a3d97f47,2021-07-31,0.0
exchange_houses:x1_eeff_164:5be56553e1ea8f03a3d97f47,2022-07-31,0.0
exchange_houses:x1_eeff_164:5be56553e1ea8f03a3d97f47,2023-07-31,0.0
exchange_houses:x1_eeff_164:5be56553e1ea8f03a3d97f47,2024-07-31,0.0
exchange_houses:x1_eeff_164:5be56553e1ea8f03a3d97f47,2025-07-31,0.0
exchange_houses:x1_eeff_164:5be56553e1ea8f03a3d97f47,2026-07-31,0.0
exchange_houses:x1_eeff_165:64c21f8f616b9d575efed8f1,2016-07-31,0.0
exchange_houses:x1_eeff_165:64c21f8f616b9d575efed8f1,2017-07-31,0.0
exchange_houses:x1_eeff_165:64c21f8f616b9d575efed8f1,2018-07-31,0.0
exchange_houses:x1_eeff_165:64c21f8f616b9d575efed8f1,2019-07-31,0.0
exchange_houses:x1_eeff_165:64c21f8f616b9d575efed8f1,2020-07-31,0.0
exchange_houses:x1_eeff_165:64c21f8f616b9d575efed8f1,2021-07-31,0.0
exchange_houses:x1_eeff_165:64c21f8f616b9d575efed8f1,2022-07-31,0.0
exchange_houses:x1_eeff_165:64c21f8f616b9d575efed8f1,2023-07-31,0.0
exchange_houses:x1_eeff_165:64c21f8f616b9d575efed8f1,2024-07-31,0.0
exchange_houses:x1_eeff_165:64c21f8f616b9d575efed8f1,2025-07-31,0.0
exchange_houses:x1_eeff_165:64c21f8f616b9d575efed8f1,2026-07-31,0.0
exchange_houses:x1_eeff_166:9846dffb98c7c515c1b8cada,2016-07-31,20477.34
exchange_houses:x1_eeff_166:9846dffb98c7c515c1b8cada,2017-07-31,60592.497
exchange_houses:x1_eeff_166:9846dffb98c7c515c1b8cada,2018-07-31,21830.808
exchange_houses:x1_eeff_166:9846dffb98c7c515c1b8cada,2019-07-31,11727.926
exchange_houses:x1_eeff_166:9846dffb98c7c515c1b8cada,2020-07-31,0.0
exchange_houses:x1_eeff_166:9846dffb98c7c515c1b8cada,2021-07-31,0.0
exchange_houses:x1_eeff_166:9846dffb98c7c515c1b8cada,2022-07-31,218181.818
exchange_houses:x1_eeff_166:9846dffb98c7c515c1b8cada,2023-07-31,338636.363
exchange_houses:x1_eeff_166:9846dffb98c7c515c1b8cada,2024-07-31,103005.865
exchange_houses:x1_eeff_166:9846dffb98c7c515c1b8cada,2025-07-31,103005.865
exchange_houses:x1_eeff_166:9846dffb98c7c515c1b8cada,2026-07-31,0.0
exchange_houses:x1_eeff_167:7321a28983d2fb4a5f3df5aa,2016-07-31,94686.4
exchange_houses:x1_eeff_167:7321a28983d2fb4a5f3df5aa,2017-07-31,398154.389
exchange_houses:x1_eeff_167:7321a28983d2fb4a5f3df5aa,2018-07-31,179082.74
exchange_houses:x1_eeff_167:7321a28983d2fb4a5f3df5aa,2019-07-31,122885.901
exchange_houses:x1_eeff_167:7321a28983d2fb4a5f3df5aa,2020-07-31,62841.868
exchange_houses:x1_eeff_167:7321a28983d2fb4a5f3df5aa,2021-07-31,26828.722
exchange_houses:x1_eeff_167:7321a28983d2fb4a5f3df5aa,2022-07-31,7890.814
exchange_houses:x1_eeff_167:7321a28983d2fb4a5f3df5aa,2023-07-31,19099.085
exchange_houses:x1_eeff_167:7321a28983d2fb4a5f3df5aa,2024-07-31,21200.0
exchange_houses:x1_eeff_167:7321a28983d2fb4a5f3df5aa,2025-07-31,47700.0
exchange_houses:x1_eeff_167:7321a28983d2fb4a5f3df5aa,2026-07-31,79061.609
exchange_houses:x1_eeff_168:b87fb1f474d5ffec8dc517d6,2016-07-31,169900.116
exchange_houses:x1_eeff_168:b87fb1f474d5ffec8dc517d6,2017-07-31,287514.989
exchange_houses:x1_eeff_168:b87fb1f474d5ffec8dc517d6,2018-07-31,240317.466
exchange_houses:x1_eeff_168:b87fb1f474d5ffec8dc517d6,2019-07-31,117466.714
exchange_houses:x1_eeff_168:b87fb1f474d5ffec8dc517d6,2020-07-31,76189.698
exchange_houses:x1_eeff_168:b87fb1f474d5ffec8dc517d6,2021-07-31,153393.854
exchange_houses:x1_eeff_168:b87fb1f474d5ffec8dc517d6,2022-07-31,109306.99
exchange_houses:x1_eeff_168:b87fb1f474d5ffec8dc517d6,2023-07-31,67893.522
exchange_houses:x1_eeff_168:b87fb1f474d5ffec8dc517d6,2024-07-31,27162.854
exchange_houses:x1_eeff_168:b87fb1f474d5ffec8dc517d6,2025-07-31,0.0
exchange_houses:x1_eeff_168:b87fb1f474d5ffec8dc517d6,2026-07-31,0.0
exchange_houses:x1_eeff_169:c0db9ab418d917ff95fd202c,2016-07-31,278021.819
exchange_houses:x1_eeff_169:c0db9ab418d917ff95fd202c,2017-07-31,362707.827
exchange_houses:x1_eeff_169:c0db9ab418d917ff95fd202c,2018-07-31,307800.73
exchange_houses:x1_eeff_169:c0db9ab418d917ff95fd202c,2019-07-31,530266.784
exchange_houses:x1_eeff_169:c0db9ab418d917ff95fd202c,2020-07-31,422966.828
exchange_houses:x1_eeff_169:c0db9ab418d917ff95fd202c,2021-07-31,287343.872
exchange_houses:x1_eeff_169:c0db9ab418d917ff95fd202c,2022-07-31,163022.829
exchange_houses:x1_eeff_169:c0db9ab418d917ff95fd202c,2023-07-31,0.0
exchange_houses:x1_eeff_169:c0db9ab418d917ff95fd202c,2024-07-31,0.0
exchange_houses:x1_eeff_169:c0db9ab418d917ff95fd202c,2025-07-31,0.0
exchange_houses:x1_eeff_169:c0db9ab418d917ff95fd202c,2026-07-31,0.0
exchange_houses:x1_eeff_16:0f0330daabc96ebdb680e1b0,2016-07-31,31664966.644999996
exchange_houses:x1_eeff_16:0f0330daabc96ebdb680e1b0,2017-07-31,28031117.976999998
exchange_houses:x1_eeff_16:0f0330daabc96ebdb680e1b0,2018-07-31,20206669.577999998
exchange_houses:x1_eeff_16:0f0330daabc96ebdb680e1b0,2019-07-31,28330625.467
exchange_houses:x1_eeff_16:0f0330daabc96ebdb680e1b0,2020-07-31,31387495.180999998
exchange_houses:x1_eeff_16:0f0330daabc96ebdb680e1b0,2021-07-31,28237961.101999998
exchange_houses:x1_eeff_16:0f0330daabc96ebdb680e1b0,2022-07-31,25892449.95
exchange_houses:x1_eeff_16:0f0330daabc96ebdb680e1b0,2023-07-31,25170497.059
exchange_houses:x1_eeff_16:0f0330daabc96ebdb680e1b0,2024-07-31,27320293.923
exchange_houses:x1_eeff_16:0f0330daabc96ebdb680e1b0,2025-07-31,25714945.579
exchange_houses:x1_eeff_16:0f0330daabc96ebdb680e1b0,2026-07-31,23011654.869999997
exchange_houses:x1_eeff_170:f8ca4a8f4b3d42eb6002fd62,2016-07-31,973330.787
exchange_houses:x1_eeff_170:f8ca4a8f4b3d42eb6002fd62,2017-07-31,991464.458
exchange_houses:x1_eeff_170:f8ca4a8f4b3d42eb6002fd62,2018-07-31,724642.968
exchange_houses:x1_eeff_170:f8ca4a8f4b3d42eb6002fd62,2019-07-31,630037.263
exchange_houses:x1_eeff_170:f8ca4a8f4b3d42eb6002fd62,2020-07-31,914790.698
exchange_houses:x1_eeff_170:f8ca4a8f4b3d42eb6002fd62,2021-07-31,667489.36
exchange_houses:x1_eeff_170:f8ca4a8f4b3d42eb6002fd62,2022-07-31,672140.907
exchange_houses:x1_eeff_170:f8ca4a8f4b3d42eb6002fd62,2023-07-31,1309697.423
exchange_houses:x1_eeff_170:f8ca4a8f4b3d42eb6002fd62,2024-07-31,1681033.139
exchange_houses:x1_eeff_170:f8ca4a8f4b3d42eb6002fd62,2025-07-31,1929084.603
exchange_houses:x1_eeff_170:f8ca4a8f4b3d42eb6002fd62,2026-07-31,2740278.519
exchange_houses:x1_eeff_171:3a4f13246999bde01e98b3aa,2016-07-31,3439.138
exchange_houses:x1_eeff_171:3a4f13246999bde01e98b3aa,2017-07-31,748.737
exchange_houses:x1_eeff_171:3a4f13246999bde01e98b3aa,2018-07-31,0.0
exchange_houses:x1_eeff_171:3a4f13246999bde01e98b3aa,2019-07-31,0.0
exchange_houses:x1_eeff_171:3a4f13246999bde01e98b3aa,2020-07-31,0.0
exchange_houses:x1_eeff_171:3a4f13246999bde01e98b3aa,2021-07-31,0.0
exchange_houses:x1_eeff_171:3a4f13246999bde01e98b3aa,2022-07-31,0.0
exchange_houses:x1_eeff_171:3a4f13246999bde01e98b3aa,2023-07-31,0.0
exchange_houses:x1_eeff_171:3a4f13246999bde01e98b3aa,2024-07-31,0.0
exchange_houses:x1_eeff_171:3a4f13246999bde01e98b3aa,2025-07-31,0.0
exchange_houses:x1_eeff_171:3a4f13246999bde01e98b3aa,2026-07-31,0.0
exchange_houses:x1_eeff_172:eda62cccf24a499b4ca36dc4,2016-07-31,0.0
exchange_houses:x1_eeff_172:eda62cccf24a499b4ca36dc4,2017-07-31,0.0
exchange_houses:x1_eeff_172:eda62cccf24a499b4ca36dc4,2018-07-31,0.0
exchange_houses:x1_eeff_172:eda62cccf24a499b4ca36dc4,2019-07-31,0.0
exchange_houses:x1_eeff_172:eda62cccf24a499b4ca36dc4,2020-07-31,0.0
exchange_houses:x1_eeff_172:eda62cccf24a499b4ca36dc4,2021-07-31,0.0
exchange_houses:x1_eeff_172:eda62cccf24a499b4ca36dc4,2022-07-31,0.0
exchange_houses:x1_eeff_172:eda62cccf24a499b4ca36dc4,2023-07-31,0.0
exchange_houses:x1_eeff_172:eda62cccf24a499b4ca36dc4,2024-07-31,0.0
exchange_houses:x1_eeff_172:eda62cccf24a499b4ca36dc4,2025-07-31,0.0
exchange_houses:x1_eeff_172:eda62cccf24a499b4ca36dc4,2026-07-31,0.0
exchange_houses:x1_eeff_173:2f7abb0550876747b7ad2de5,2016-07-31,13096.306
exchange_houses:x1_eeff_173:2f7abb0550876747b7ad2de5,2017-07-31,31124.588
exchange_houses:x1_eeff_173:2f7abb0550876747b7ad2de5,2018-07-31,25681.816
exchange_houses:x1_eeff_173:2f7abb0550876747b7ad2de5,2019-07-31,23181.813
exchange_houses:x1_eeff_173:2f7abb0550876747b7ad2de5,2020-07-31,45227.271
exchange_houses:x1_eeff_173:2f7abb0550876747b7ad2de5,2021-07-31,43863.636
exchange_houses:x1_eeff_173:2f7abb0550876747b7ad2de5,2022-07-31,127090.908
exchange_houses:x1_eeff_173:2f7abb0550876747b7ad2de5,2023-07-31,142241.816
exchange_houses:x1_eeff_173:2f7abb0550876747b7ad2de5,2024-07-31,229173.088
exchange_houses:x1_eeff_173:2f7abb0550876747b7ad2de5,2025-07-31,187474.724
exchange_houses:x1_eeff_173:2f7abb0550876747b7ad2de5,2026-07-31,365240.0
exchange_houses:x1_eeff_174:f25faf0a87c57b13ea8c6dca,2016-07-31,0.0
exchange_houses:x1_eeff_174:f25faf0a87c57b13ea8c6dca,2017-07-31,28755.894
exchange_houses:x1_eeff_174:f25faf0a87c57b13ea8c6dca,2018-07-31,22617.63
exchange_houses:x1_eeff_174:f25faf0a87c57b13ea8c6dca,2019-07-31,16479.366
exchange_houses:x1_eeff_174:f25faf0a87c57b13ea8c6dca,2020-07-31,37386.948
exchange_houses:x1_eeff_174:f25faf0a87c57b13ea8c6dca,2021-07-31,4202.838
exchange_houses:x1_eeff_174:f25faf0a87c57b13ea8c6dca,2022-07-31,0.0
exchange_houses:x1_eeff_174:f25faf0a87c57b13ea8c6dca,2023-07-31,0.0
exchange_houses:x1_eeff_174:f25faf0a87c57b13ea8c6dca,2024-07-31,0.0
exchange_houses:x1_eeff_174:f25faf0a87c57b13ea8c6dca,2025-07-31,0.0
exchange_houses:x1_eeff_174:f25faf0a87c57b13ea8c6dca,2026-07-31,0.0
exchange_houses:x1_eeff_175:32a893b7dc3ef88030ad3dfa,2016-07-31,0.0
exchange_houses:x1_eeff_175:32a893b7dc3ef88030ad3dfa,2017-07-31,0.0
exchange_houses:x1_eeff_175:32a893b7dc3ef88030ad3dfa,2018-07-31,0.0
exchange_houses:x1_eeff_175:32a893b7dc3ef88030ad3dfa,2019-07-31,0.0
exchange_houses:x1_eeff_175:32a893b7dc3ef88030ad3dfa,2020-07-31,5381.25
exchange_houses:x1_eeff_175:32a893b7dc3ef88030ad3dfa,2021-07-31,4593.75
exchange_houses:x1_eeff_175:32a893b7dc3ef88030ad3dfa,2022-07-31,3018.75
exchange_houses:x1_eeff_175:32a893b7dc3ef88030ad3dfa,2023-07-31,1443.75
exchange_houses:x1_eeff_175:32a893b7dc3ef88030ad3dfa,2024-07-31,0.0
exchange_houses:x1_eeff_175:32a893b7dc3ef88030ad3dfa,2025-07-31,0.0
exchange_houses:x1_eeff_175:32a893b7dc3ef88030ad3dfa,2026-07-31,0.0
exchange_houses:x1_eeff_176:6e17bee7d0bdb8576cfc4197,2016-07-31,267007.574
exchange_houses:x1_eeff_176:6e17bee7d0bdb8576cfc4197,2017-07-31,206553.026
exchange_houses:x1_eeff_176:6e17bee7d0bdb8576cfc4197,2018-07-31,166249.994
exchange_houses:x1_eeff_176:6e17bee7d0bdb8576cfc4197,2019-07-31,0.0
exchange_houses:x1_eeff_176:6e17bee7d0bdb8576cfc4197,2020-07-31,0.0
exchange_houses:x1_eeff_176:6e17bee7d0bdb8576cfc4197,2021-07-31,0.0
exchange_houses:x1_eeff_176:6e17bee7d0bdb8576cfc4197,2022-07-31,0.0
exchange_houses:x1_eeff_176:6e17bee7d0bdb8576cfc4197,2023-07-31,0.0
exchange_houses:x1_eeff_176:6e17bee7d0bdb8576cfc4197,2024-07-31,0.0
exchange_houses:x1_eeff_176:6e17bee7d0bdb8576cfc4197,2025-07-31,0.0
exchange_houses:x1_eeff_176:6e17bee7d0bdb8576cfc4197,2026-07-31,0.0
exchange_houses:x1_eeff_177:9ca9dab18aaf87d810853c02,2016-07-31,0.0
exchange_houses:x1_eeff_177:9ca9dab18aaf87d810853c02,2017-07-31,0.0
exchange_houses:x1_eeff_177:9ca9dab18aaf87d810853c02,2018-07-31,0.0
exchange_houses:x1_eeff_177:9ca9dab18aaf87d810853c02,2019-07-31,0.0
exchange_houses:x1_eeff_177:9ca9dab18aaf87d810853c02,2020-07-31,0.0
exchange_houses:x1_eeff_177:9ca9dab18aaf87d810853c02,2021-07-31,0.0
exchange_houses:x1_eeff_177:9ca9dab18aaf87d810853c02,2022-07-31,0.0
exchange_houses:x1_eeff_177:9ca9dab18aaf87d810853c02,2023-07-31,0.0
exchange_houses:x1_eeff_177:9ca9dab18aaf87d810853c02,2024-07-31,0.0
exchange_houses:x1_eeff_177:9ca9dab18aaf87d810853c02,2025-07-31,0.0
exchange_houses:x1_eeff_177:9ca9dab18aaf87d810853c02,2026-07-31,0.0
exchange_houses:x1_eeff_178:f3c4ebebc1a95693f2fccef4,2016-07-31,2626.497
exchange_houses:x1_eeff_178:f3c4ebebc1a95693f2fccef4,2017-07-31,0.0
exchange_houses:x1_eeff_178:f3c4ebebc1a95693f2fccef4,2018-07-31,0.0
exchange_houses:x1_eeff_178:f3c4ebebc1a95693f2fccef4,2019-07-31,0.0
exchange_houses:x1_eeff_178:f3c4ebebc1a95693f2fccef4,2020-07-31,0.0
exchange_houses:x1_eeff_178:f3c4ebebc1a95693f2fccef4,2021-07-31,0.0
exchange_houses:x1_eeff_178:f3c4ebebc1a95693f2fccef4,2022-07-31,0.0
exchange_houses:x1_eeff_178:f3c4ebebc1a95693f2fccef4,2023-07-31,0.0
exchange_houses:x1_eeff_178:f3c4ebebc1a95693f2fccef4,2024-07-31,0.0
exchange_houses:x1_eeff_178:f3c4ebebc1a95693f2fccef4,2025-07-31,0.0
exchange_houses:x1_eeff_178:f3c4ebebc1a95693f2fccef4,2026-07-31,0.0
exchange_houses:x1_eeff_179:f928c8fb5c8bc24881714d23,2016-07-31,0.0
exchange_houses:x1_eeff_179:f928c8fb5c8bc24881714d23,2017-07-31,0.0
exchange_houses:x1_eeff_179:f928c8fb5c8bc24881714d23,2018-07-31,0.0
exchange_houses:x1_eeff_179:f928c8fb5c8bc24881714d23,2019-07-31,0.0
exchange_houses:x1_eeff_179:f928c8fb5c8bc24881714d23,2020-07-31,0.0
exchange_houses:x1_eeff_179:f928c8fb5c8bc24881714d23,2021-07-31,0.0
exchange_houses:x1_eeff_179:f928c8fb5c8bc24881714d23,2022-07-31,0.0
exchange_houses:x1_eeff_179:f928c8fb5c8bc24881714d23,2023-07-31,0.0
exchange_houses:x1_eeff_179:f928c8fb5c8bc24881714d23,2024-07-31,0.0
exchange_houses:x1_eeff_179:f928c8fb5c8bc24881714d23,2025-07-31,0.0
exchange_houses:x1_eeff_179:f928c8fb5c8bc24881714d23,2026-07-31,0.0
exchange_houses:x1_eeff_17:45224ddf4bf52553a8b40670,2016-07-31,7816706.211999999
exchange_houses:x1_eeff_17:45224ddf4bf52553a8b40670,2017-07-31,10504719.572999999
exchange_houses:x1_eeff_17:45224ddf4bf52553a8b40670,2018-07-31,10174905.507
exchange_houses:x1_eeff_17:45224ddf4bf52553a8b40670,2019-07-31,9013325.121000001
exchange_houses:x1_eeff_17:45224ddf4bf52553a8b40670,2020-07-31,0.0
exchange_houses:x1_eeff_17:45224ddf4bf52553a8b40670,2021-07-31,0.0
exchange_houses:x1_eeff_17:45224ddf4bf52553a8b40670,2022-07-31,0.0
exchange_houses:x1_eeff_17:45224ddf4bf52553a8b40670,2023-07-31,0.0
exchange_houses:x1_eeff_17:45224ddf4bf52553a8b40670,2024-07-31,0.0
exchange_houses:x1_eeff_17:45224ddf4bf52553a8b40670,2025-07-31,0.0
exchange_houses:x1_eeff_17:45224ddf4bf52553a8b40670,2026-07-31,0.0
exchange_houses:x1_eeff_180:819512cc621491de9faffa91,2016-07-31,9216.681
exchange_houses:x1_eeff_180:819512cc621491de9faffa91,2017-07-31,0.0
exchange_houses:x1_eeff_180:819512cc621491de9faffa91,2018-07-31,0.0
exchange_houses:x1_eeff_180:819512cc621491de9faffa91,2019-07-31,0.0
exchange_houses:x1_eeff_180:819512cc621491de9faffa91,2020-07-31,0.0
exchange_houses:x1_eeff_180:819512cc621491de9faffa91,2021-07-31,0.0
exchange_houses:x1_eeff_180:819512cc621491de9faffa91,2022-07-31,0.0
exchange_houses:x1_eeff_180:819512cc621491de9faffa91,2023-07-31,0.0
exchange_houses:x1_eeff_180:819512cc621491de9faffa91,2024-07-31,0.0
exchange_houses:x1_eeff_180:819512cc621491de9faffa91,2025-07-31,0.0
exchange_houses:x1_eeff_180:819512cc621491de9faffa91,2026-07-31,0.0
exchange_houses:x1_eeff_181:eea006ec9fca1a4f9bab8868,2016-07-31,13490.905
exchange_houses:x1_eeff_181:eea006ec9fca1a4f9bab8868,2017-07-31,31875.0
exchange_houses:x1_eeff_181:eea006ec9fca1a4f9bab8868,2018-07-31,30281.819
exchange_houses:x1_eeff_181:eea006ec9fca1a4f9bab8868,2019-07-31,20890.909
exchange_houses:x1_eeff_181:eea006ec9fca1a4f9bab8868,2020-07-31,25178.544
exchange_houses:x1_eeff_181:eea006ec9fca1a4f9bab8868,2021-07-31,10200.0
exchange_houses:x1_eeff_181:eea006ec9fca1a4f9bab8868,2022-07-31,14727.273
exchange_houses:x1_eeff_181:eea006ec9fca1a4f9bab8868,2023-07-31,11345.455
exchange_houses:x1_eeff_181:eea006ec9fca1a4f9bab8868,2024-07-31,16645.454
exchange_houses:x1_eeff_181:eea006ec9fca1a4f9bab8868,2025-07-31,21327.273
exchange_houses:x1_eeff_181:eea006ec9fca1a4f9bab8868,2026-07-31,30163.637
exchange_houses:x1_eeff_182:22c19ca15bfdc00a183ff6e0,2016-07-31,1948.0
exchange_houses:x1_eeff_182:22c19ca15bfdc00a183ff6e0,2017-07-31,0.0
exchange_houses:x1_eeff_182:22c19ca15bfdc00a183ff6e0,2018-07-31,0.0
exchange_houses:x1_eeff_182:22c19ca15bfdc00a183ff6e0,2019-07-31,0.0
exchange_houses:x1_eeff_182:22c19ca15bfdc00a183ff6e0,2020-07-31,0.0
exchange_houses:x1_eeff_182:22c19ca15bfdc00a183ff6e0,2021-07-31,412.834
exchange_houses:x1_eeff_182:22c19ca15bfdc00a183ff6e0,2022-07-31,0.0
exchange_houses:x1_eeff_182:22c19ca15bfdc00a183ff6e0,2023-07-31,0.0
exchange_houses:x1_eeff_182:22c19ca15bfdc00a183ff6e0,2024-07-31,0.0
exchange_houses:x1_eeff_182:22c19ca15bfdc00a183ff6e0,2025-07-31,0.0
exchange_houses:x1_eeff_182:22c19ca15bfdc00a183ff6e0,2026-07-31,0.0
exchange_houses:x1_eeff_183:af6267eca45daa1f0a4e9288,2016-07-31,0.0
exchange_houses:x1_eeff_183:af6267eca45daa1f0a4e9288,2017-07-31,0.0
exchange_houses:x1_eeff_183:af6267eca45daa1f0a4e9288,2018-07-31,0.0
exchange_houses:x1_eeff_183:af6267eca45daa1f0a4e9288,2019-07-31,0.0
exchange_houses:x1_eeff_183:af6267eca45daa1f0a4e9288,2020-07-31,0.0
exchange_houses:x1_eeff_183:af6267eca45daa1f0a4e9288,2021-07-31,0.0
exchange_houses:x1_eeff_183:af6267eca45daa1f0a4e9288,2022-07-31,0.0
exchange_houses:x1_eeff_183:af6267eca45daa1f0a4e9288,2023-07-31,0.0
exchange_houses:x1_eeff_183:af6267eca45daa1f0a4e9288,2024-07-31,0.0
exchange_houses:x1_eeff_183:af6267eca45daa1f0a4e9288,2025-07-31,0.0
exchange_houses:x1_eeff_183:af6267eca45daa1f0a4e9288,2026-07-31,0.0
exchange_houses:x1_eeff_184:467f69773fae148991cc542d,2016-07-31,0.0
exchange_houses:x1_eeff_184:467f69773fae148991cc542d,2017-07-31,0.0
exchange_houses:x1_eeff_184:467f69773fae148991cc542d,2018-07-31,0.0
exchange_houses:x1_eeff_184:467f69773fae148991cc542d,2019-07-31,0.0
exchange_houses:x1_eeff_184:467f69773fae148991cc542d,2020-07-31,0.0
exchange_houses:x1_eeff_184:467f69773fae148991cc542d,2021-07-31,12909.875
exchange_houses:x1_eeff_184:467f69773fae148991cc542d,2022-07-31,9131.375
exchange_houses:x1_eeff_184:467f69773fae148991cc542d,2023-07-31,5352.875
exchange_houses:x1_eeff_184:467f69773fae148991cc542d,2024-07-31,1574.375
exchange_houses:x1_eeff_184:467f69773fae148991cc542d,2025-07-31,0.0
exchange_houses:x1_eeff_184:467f69773fae148991cc542d,2026-07-31,0.0
exchange_houses:x1_eeff_185:bdb0b07fcc1636b82e275c05,2016-07-31,298298.716
exchange_houses:x1_eeff_185:bdb0b07fcc1636b82e275c05,2017-07-31,229392.197
exchange_houses:x1_eeff_185:bdb0b07fcc1636b82e275c05,2018-07-31,173670.577
exchange_houses:x1_eeff_185:bdb0b07fcc1636b82e275c05,2019-07-31,47524.423
exchange_houses:x1_eeff_185:bdb0b07fcc1636b82e275c05,2020-07-31,38883.856
exchange_houses:x1_eeff_185:bdb0b07fcc1636b82e275c05,2021-07-31,60121.963
exchange_houses:x1_eeff_185:bdb0b07fcc1636b82e275c05,2022-07-31,35072.63
exchange_houses:x1_eeff_185:bdb0b07fcc1636b82e275c05,2023-07-31,21601.118
exchange_houses:x1_eeff_185:bdb0b07fcc1636b82e275c05,2024-07-31,85230.538
exchange_houses:x1_eeff_185:bdb0b07fcc1636b82e275c05,2025-07-31,73263.482
exchange_houses:x1_eeff_185:bdb0b07fcc1636b82e275c05,2026-07-31,101251.619
exchange_houses:x1_eeff_186:0061f9436c7fbd652ee4ee53,2016-07-31,6753515.95637
exchange_houses:x1_eeff_186:0061f9436c7fbd652ee4ee53,2017-07-31,6951932.123130001
exchange_houses:x1_eeff_186:0061f9436c7fbd652ee4ee53,2018-07-31,5486458.82398
exchange_houses:x1_eeff_186:0061f9436c7fbd652ee4ee53,2019-07-31,3693228.3375000004
exchange_houses:x1_eeff_186:0061f9436c7fbd652ee4ee53,2020-07-31,3162054.8059999994
exchange_houses:x1_eeff_186:0061f9436c7fbd652ee4ee53,2021-07-31,2456146.243
exchange_houses:x1_eeff_186:0061f9436c7fbd652ee4ee53,2022-07-31,2178545.4189999998
exchange_houses:x1_eeff_186:0061f9436c7fbd652ee4ee53,2023-07-31,2467959.8489999995
exchange_houses:x1_eeff_186:0061f9436c7fbd652ee4ee53,2024-07-31,2614927.716
exchange_houses:x1_eeff_186:0061f9436c7fbd652ee4ee53,2025-07-31,2800611.8929999997
exchange_houses:x1_eeff_186:0061f9436c7fbd652ee4ee53,2026-07-31,3657228.988
exchange_houses:x1_eeff_187:e7a4b12a551b6f7240718719,2016-07-31,0.0
exchange_houses:x1_eeff_187:e7a4b12a551b6f7240718719,2017-07-31,0.0
exchange_houses:x1_eeff_187:e7a4b12a551b6f7240718719,2018-07-31,0.0
exchange_houses:x1_eeff_187:e7a4b12a551b6f7240718719,2019-07-31,0.0
exchange_houses:x1_eeff_187:e7a4b12a551b6f7240718719,2020-07-31,0.0
exchange_houses:x1_eeff_187:e7a4b12a551b6f7240718719,2021-07-31,0.0
exchange_houses:x1_eeff_187:e7a4b12a551b6f7240718719,2022-07-31,0.0
exchange_houses:x1_eeff_187:e7a4b12a551b6f7240718719,2023-07-31,0.0
exchange_houses:x1_eeff_187:e7a4b12a551b6f7240718719,2024-07-31,1364.987
exchange_houses:x1_eeff_187:e7a4b12a551b6f7240718719,2025-07-31,0.0
exchange_houses:x1_eeff_187:e7a4b12a551b6f7240718719,2026-07-31,0.0
exchange_houses:x1_eeff_188:ef4e4555aecabfa38d4cb1c7,2016-07-31,0.0
exchange_houses:x1_eeff_188:ef4e4555aecabfa38d4cb1c7,2017-07-31,0.0
exchange_houses:x1_eeff_188:ef4e4555aecabfa38d4cb1c7,2018-07-31,0.0
exchange_houses:x1_eeff_188:ef4e4555aecabfa38d4cb1c7,2019-07-31,0.0
exchange_houses:x1_eeff_188:ef4e4555aecabfa38d4cb1c7,2020-07-31,0.0
exchange_houses:x1_eeff_188:ef4e4555aecabfa38d4cb1c7,2021-07-31,0.0
exchange_houses:x1_eeff_188:ef4e4555aecabfa38d4cb1c7,2022-07-31,0.0
exchange_houses:x1_eeff_188:ef4e4555aecabfa38d4cb1c7,2023-07-31,0.0
exchange_houses:x1_eeff_188:ef4e4555aecabfa38d4cb1c7,2024-07-31,0.0
exchange_houses:x1_eeff_188:ef4e4555aecabfa38d4cb1c7,2025-07-31,0.0
exchange_houses:x1_eeff_188:ef4e4555aecabfa38d4cb1c7,2026-07-31,0.0
exchange_houses:x1_eeff_189:eb7ac5b013730f3f35ac961b,2016-07-31,0.0
exchange_houses:x1_eeff_189:eb7ac5b013730f3f35ac961b,2017-07-31,0.0
exchange_houses:x1_eeff_189:eb7ac5b013730f3f35ac961b,2018-07-31,0.0
exchange_houses:x1_eeff_189:eb7ac5b013730f3f35ac961b,2019-07-31,0.0
exchange_houses:x1_eeff_189:eb7ac5b013730f3f35ac961b,2020-07-31,0.0
exchange_houses:x1_eeff_189:eb7ac5b013730f3f35ac961b,2021-07-31,0.0
exchange_houses:x1_eeff_189:eb7ac5b013730f3f35ac961b,2022-07-31,0.0
exchange_houses:x1_eeff_189:eb7ac5b013730f3f35ac961b,2023-07-31,0.0
exchange_houses:x1_eeff_189:eb7ac5b013730f3f35ac961b,2024-07-31,0.0
exchange_houses:x1_eeff_189:eb7ac5b013730f3f35ac961b,2025-07-31,0.0
exchange_houses:x1_eeff_189:eb7ac5b013730f3f35ac961b,2026-07-31,0.0
exchange_houses:x1_eeff_18:aff2d706f6f24d841a63a3c0,2016-07-31,30042527.887000002
exchange_houses:x1_eeff_18:aff2d706f6f24d841a63a3c0,2017-07-31,33403858.158
exchange_houses:x1_eeff_18:aff2d706f6f24d841a63a3c0,2018-07-31,48843917.34
exchange_houses:x1_eeff_18:aff2d706f6f24d841a63a3c0,2019-07-31,78162686.554
exchange_houses:x1_eeff_18:aff2d706f6f24d841a63a3c0,2020-07-31,87514929.357
exchange_houses:x1_eeff_18:aff2d706f6f24d841a63a3c0,2021-07-31,84194430.063
exchange_houses:x1_eeff_18:aff2d706f6f24d841a63a3c0,2022-07-31,84969671.15
exchange_houses:x1_eeff_18:aff2d706f6f24d841a63a3c0,2023-07-31,84171539.85
exchange_houses:x1_eeff_18:aff2d706f6f24d841a63a3c0,2024-07-31,90357268.143
exchange_houses:x1_eeff_18:aff2d706f6f24d841a63a3c0,2025-07-31,88947184.705
exchange_houses:x1_eeff_18:aff2d706f6f24d841a63a3c0,2026-07-31,50065709.38600001
exchange_houses:x1_eeff_190:53889ca1231fd98ded7c1637,2016-07-31,4327029.407
exchange_houses:x1_eeff_190:53889ca1231fd98ded7c1637,2017-07-31,462922.261
exchange_houses:x1_eeff_190:53889ca1231fd98ded7c1637,2018-07-31,2561431.153
exchange_houses:x1_eeff_190:53889ca1231fd98ded7c1637,2019-07-31,1464828.959
exchange_houses:x1_eeff_190:53889ca1231fd98ded7c1637,2020-07-31,4266370.419
exchange_houses:x1_eeff_190:53889ca1231fd98ded7c1637,2021-07-31,0.0
exchange_houses:x1_eeff_190:53889ca1231fd98ded7c1637,2022-07-31,0.0
exchange_houses:x1_eeff_190:53889ca1231fd98ded7c1637,2023-07-31,0.0
exchange_houses:x1_eeff_190:53889ca1231fd98ded7c1637,2024-07-31,0.0
exchange_houses:x1_eeff_190:53889ca1231fd98ded7c1637,2025-07-31,0.0
exchange_houses:x1_eeff_190:53889ca1231fd98ded7c1637,2026-07-31,0.0
exchange_houses:x1_eeff_191:67ea139894b3e85caa18b4df,2016-07-31,0.0
exchange_houses:x1_eeff_191:67ea139894b3e85caa18b4df,2017-07-31,125406.222
exchange_houses:x1_eeff_191:67ea139894b3e85caa18b4df,2018-07-31,0.0
exchange_houses:x1_eeff_191:67ea139894b3e85caa18b4df,2019-07-31,0.0
exchange_houses:x1_eeff_191:67ea139894b3e85caa18b4df,2020-07-31,0.0
exchange_houses:x1_eeff_191:67ea139894b3e85caa18b4df,2021-07-31,0.0
exchange_houses:x1_eeff_191:67ea139894b3e85caa18b4df,2022-07-31,0.0
exchange_houses:x1_eeff_191:67ea139894b3e85caa18b4df,2023-07-31,0.0
exchange_houses:x1_eeff_191:67ea139894b3e85caa18b4df,2024-07-31,0.0
exchange_houses:x1_eeff_191:67ea139894b3e85caa18b4df,2025-07-31,0.0
exchange_houses:x1_eeff_191:67ea139894b3e85caa18b4df,2026-07-31,0.0
exchange_houses:x1_eeff_192:e1a11a79040be4cf1a7544d6,2016-07-31,661264.581
exchange_houses:x1_eeff_192:e1a11a79040be4cf1a7544d6,2017-07-31,3124226.445
exchange_houses:x1_eeff_192:e1a11a79040be4cf1a7544d6,2018-07-31,46838.542
exchange_houses:x1_eeff_192:e1a11a79040be4cf1a7544d6,2019-07-31,49005.622
exchange_houses:x1_eeff_192:e1a11a79040be4cf1a7544d6,2020-07-31,2543.834
exchange_houses:x1_eeff_192:e1a11a79040be4cf1a7544d6,2021-07-31,323692.664
exchange_houses:x1_eeff_192:e1a11a79040be4cf1a7544d6,2022-07-31,317203.972
exchange_houses:x1_eeff_192:e1a11a79040be4cf1a7544d6,2023-07-31,87783.595
exchange_houses:x1_eeff_192:e1a11a79040be4cf1a7544d6,2024-07-31,328172.098
exchange_houses:x1_eeff_192:e1a11a79040be4cf1a7544d6,2025-07-31,100583.113
exchange_houses:x1_eeff_192:e1a11a79040be4cf1a7544d6,2026-07-31,527192.828
exchange_houses:x1_eeff_193:b55318bf75f32d159b2bd6ba,2016-07-31,0.0
exchange_houses:x1_eeff_193:b55318bf75f32d159b2bd6ba,2017-07-31,0.0
exchange_houses:x1_eeff_193:b55318bf75f32d159b2bd6ba,2018-07-31,0.0
exchange_houses:x1_eeff_193:b55318bf75f32d159b2bd6ba,2019-07-31,0.0
exchange_houses:x1_eeff_193:b55318bf75f32d159b2bd6ba,2020-07-31,0.0
exchange_houses:x1_eeff_193:b55318bf75f32d159b2bd6ba,2021-07-31,0.0
exchange_houses:x1_eeff_193:b55318bf75f32d159b2bd6ba,2022-07-31,0.0
exchange_houses:x1_eeff_193:b55318bf75f32d159b2bd6ba,2023-07-31,0.0
exchange_houses:x1_eeff_193:b55318bf75f32d159b2bd6ba,2024-07-31,0.0
exchange_houses:x1_eeff_193:b55318bf75f32d159b2bd6ba,2025-07-31,0.0
exchange_houses:x1_eeff_193:b55318bf75f32d159b2bd6ba,2026-07-31,0.0
exchange_houses:x1_eeff_194:81ceec122dda043b07809176,2016-07-31,0.0
exchange_houses:x1_eeff_194:81ceec122dda043b07809176,2017-07-31,0.0
exchange_houses:x1_eeff_194:81ceec122dda043b07809176,2018-07-31,0.0
exchange_houses:x1_eeff_194:81ceec122dda043b07809176,2019-07-31,0.0
exchange_houses:x1_eeff_194:81ceec122dda043b07809176,2020-07-31,0.0
exchange_houses:x1_eeff_194:81ceec122dda043b07809176,2021-07-31,0.0
exchange_houses:x1_eeff_194:81ceec122dda043b07809176,2022-07-31,0.0
exchange_houses:x1_eeff_194:81ceec122dda043b07809176,2023-07-31,0.0
exchange_houses:x1_eeff_194:81ceec122dda043b07809176,2024-07-31,0.0
exchange_houses:x1_eeff_194:81ceec122dda043b07809176,2025-07-31,0.0
exchange_houses:x1_eeff_194:81ceec122dda043b07809176,2026-07-31,0.0
exchange_houses:x1_eeff_195:00cf84153eb4fce07023fb92,2016-07-31,0.0
exchange_houses:x1_eeff_195:00cf84153eb4fce07023fb92,2017-07-31,0.0
exchange_houses:x1_eeff_195:00cf84153eb4fce07023fb92,2018-07-31,0.0
exchange_houses:x1_eeff_195:00cf84153eb4fce07023fb92,2019-07-31,0.0
exchange_houses:x1_eeff_195:00cf84153eb4fce07023fb92,2020-07-31,0.0
exchange_houses:x1_eeff_195:00cf84153eb4fce07023fb92,2021-07-31,0.0
exchange_houses:x1_eeff_195:00cf84153eb4fce07023fb92,2022-07-31,0.0
exchange_houses:x1_eeff_195:00cf84153eb4fce07023fb92,2023-07-31,0.0
exchange_houses:x1_eeff_195:00cf84153eb4fce07023fb92,2024-07-31,0.0
exchange_houses:x1_eeff_195:00cf84153eb4fce07023fb92,2025-07-31,0.0
exchange_houses:x1_eeff_195:00cf84153eb4fce07023fb92,2026-07-31,0.0
exchange_houses:x1_eeff_196:87b7858eb4078259b3f40f9d,2016-07-31,0.0
exchange_houses:x1_eeff_196:87b7858eb4078259b3f40f9d,2017-07-31,0.0
exchange_houses:x1_eeff_196:87b7858eb4078259b3f40f9d,2018-07-31,0.0
exchange_houses:x1_eeff_196:87b7858eb4078259b3f40f9d,2019-07-31,0.0
exchange_houses:x1_eeff_196:87b7858eb4078259b3f40f9d,2020-07-31,0.0
exchange_houses:x1_eeff_196:87b7858eb4078259b3f40f9d,2021-07-31,0.0
exchange_houses:x1_eeff_196:87b7858eb4078259b3f40f9d,2022-07-31,0.0
exchange_houses:x1_eeff_196:87b7858eb4078259b3f40f9d,2023-07-31,0.0
exchange_houses:x1_eeff_196:87b7858eb4078259b3f40f9d,2024-07-31,0.0
exchange_houses:x1_eeff_196:87b7858eb4078259b3f40f9d,2025-07-31,0.0
exchange_houses:x1_eeff_196:87b7858eb4078259b3f40f9d,2026-07-31,0.0
exchange_houses:x1_eeff_197:f13b199e497c22c5be1f41a5,2016-07-31,0.0
exchange_houses:x1_eeff_197:f13b199e497c22c5be1f41a5,2017-07-31,0.0
exchange_houses:x1_eeff_197:f13b199e497c22c5be1f41a5,2018-07-31,0.0
exchange_houses:x1_eeff_197:f13b199e497c22c5be1f41a5,2019-07-31,0.0
exchange_houses:x1_eeff_197:f13b199e497c22c5be1f41a5,2020-07-31,0.0
exchange_houses:x1_eeff_197:f13b199e497c22c5be1f41a5,2021-07-31,0.0
exchange_houses:x1_eeff_197:f13b199e497c22c5be1f41a5,2022-07-31,0.0
exchange_houses:x1_eeff_197:f13b199e497c22c5be1f41a5,2023-07-31,0.0
exchange_houses:x1_eeff_197:f13b199e497c22c5be1f41a5,2024-07-31,0.0
exchange_houses:x1_eeff_197:f13b199e497c22c5be1f41a5,2025-07-31,0.0
exchange_houses:x1_eeff_197:f13b199e497c22c5be1f41a5,2026-07-31,0.0
exchange_houses:x1_eeff_198:31acc133b70e8c22f83c8adb,2016-07-31,230903.327
exchange_houses:x1_eeff_198:31acc133b70e8c22f83c8adb,2017-07-31,87584.471
exchange_houses:x1_eeff_198:31acc133b70e8c22f83c8adb,2018-07-31,45800.823
exchange_houses:x1_eeff_198:31acc133b70e8c22f83c8adb,2019-07-31,0.0
exchange_houses:x1_eeff_198:31acc133b70e8c22f83c8adb,2020-07-31,122164.201
exchange_houses:x1_eeff_198:31acc133b70e8c22f83c8adb,2021-07-31,0.0
exchange_houses:x1_eeff_198:31acc133b70e8c22f83c8adb,2022-07-31,0.0
exchange_houses:x1_eeff_198:31acc133b70e8c22f83c8adb,2023-07-31,0.0
exchange_houses:x1_eeff_198:31acc133b70e8c22f83c8adb,2024-07-31,0.0
exchange_houses:x1_eeff_198:31acc133b70e8c22f83c8adb,2025-07-31,0.0
exchange_houses:x1_eeff_198:31acc133b70e8c22f83c8adb,2026-07-31,0.0
exchange_houses:x1_eeff_199:9394dd8830e5bdd151493787,2016-07-31,0.0
exchange_houses:x1_eeff_199:9394dd8830e5bdd151493787,2017-07-31,0.0
exchange_houses:x1_eeff_199:9394dd8830e5bdd151493787,2018-07-31,0.0
exchange_houses:x1_eeff_199:9394dd8830e5bdd151493787,2019-07-31,0.0
exchange_houses:x1_eeff_199:9394dd8830e5bdd151493787,2020-07-31,0.0
exchange_houses:x1_eeff_199:9394dd8830e5bdd151493787,2021-07-31,0.0
exchange_houses:x1_eeff_199:9394dd8830e5bdd151493787,2022-07-31,0.0
exchange_houses:x1_eeff_199:9394dd8830e5bdd151493787,2023-07-31,0.0
exchange_houses:x1_eeff_199:9394dd8830e5bdd151493787,2024-07-31,0.0
exchange_houses:x1_eeff_199:9394dd8830e5bdd151493787,2025-07-31,0.0
exchange_houses:x1_eeff_199:9394dd8830e5bdd151493787,2026-07-31,0.0
exchange_houses:x1_eeff_19:2b09e2338c19d8717bd877f9,2016-07-31,11955525.287
exchange_houses:x1_eeff_19:2b09e2338c19d8717bd877f9,2017-07-31,13478088.617
exchange_houses:x1_eeff_19:2b09e2338c19d8717bd877f9,2018-07-31,13723842.796999998
exchange_houses:x1_eeff_19:2b09e2338c19d8717bd877f9,2019-07-31,13581872.447
exchange_houses:x1_eeff_19:2b09e2338c19d8717bd877f9,2020-07-31,15196379.623
exchange_houses:x1_eeff_19:2b09e2338c19d8717bd877f9,2021-07-31,14291185.077
exchange_houses:x1_eeff_19:2b09e2338c19d8717bd877f9,2022-07-31,14726023.316
exchange_houses:x1_eeff_19:2b09e2338c19d8717bd877f9,2023-07-31,16684648.475
exchange_houses:x1_eeff_19:2b09e2338c19d8717bd877f9,2024-07-31,17015074.35
exchange_houses:x1_eeff_19:2b09e2338c19d8717bd877f9,2025-07-31,18607139.740000002
exchange_houses:x1_eeff_19:2b09e2338c19d8717bd877f9,2026-07-31,20780703.66
exchange_houses:x1_eeff_200:934b3dace0e78afe6615fc7e,2016-07-31,0.0
exchange_houses:x1_eeff_200:934b3dace0e78afe6615fc7e,2017-07-31,0.0
exchange_houses:x1_eeff_200:934b3dace0e78afe6615fc7e,2018-07-31,0.0
exchange_houses:x1_eeff_200:934b3dace0e78afe6615fc7e,2019-07-31,0.0
exchange_houses:x1_eeff_200:934b3dace0e78afe6615fc7e,2020-07-31,0.0
exchange_houses:x1_eeff_200:934b3dace0e78afe6615fc7e,2021-07-31,0.0
exchange_houses:x1_eeff_200:934b3dace0e78afe6615fc7e,2022-07-31,0.0
exchange_houses:x1_eeff_200:934b3dace0e78afe6615fc7e,2023-07-31,0.0
exchange_houses:x1_eeff_200:934b3dace0e78afe6615fc7e,2024-07-31,0.0
exchange_houses:x1_eeff_200:934b3dace0e78afe6615fc7e,2025-07-31,0.0
exchange_houses:x1_eeff_200:934b3dace0e78afe6615fc7e,2026-07-31,0.0
exchange_houses:x1_eeff_201:95c2cc0a448c3f2ce5a31d21,2016-07-31,0.0
exchange_houses:x1_eeff_201:95c2cc0a448c3f2ce5a31d21,2017-07-31,699183.688
exchange_houses:x1_eeff_201:95c2cc0a448c3f2ce5a31d21,2018-07-31,0.0
exchange_houses:x1_eeff_201:95c2cc0a448c3f2ce5a31d21,2019-07-31,0.0
exchange_houses:x1_eeff_201:95c2cc0a448c3f2ce5a31d21,2020-07-31,58407.0
exchange_houses:x1_eeff_201:95c2cc0a448c3f2ce5a31d21,2021-07-31,0.0
exchange_houses:x1_eeff_201:95c2cc0a448c3f2ce5a31d21,2022-07-31,0.0
exchange_houses:x1_eeff_201:95c2cc0a448c3f2ce5a31d21,2023-07-31,0.0
exchange_houses:x1_eeff_201:95c2cc0a448c3f2ce5a31d21,2024-07-31,0.0
exchange_houses:x1_eeff_201:95c2cc0a448c3f2ce5a31d21,2025-07-31,0.0
exchange_houses:x1_eeff_201:95c2cc0a448c3f2ce5a31d21,2026-07-31,0.0
exchange_houses:x1_eeff_202:97bf24d95b5485dee8e29bf5,2016-07-31,0.0
exchange_houses:x1_eeff_202:97bf24d95b5485dee8e29bf5,2017-07-31,0.0
exchange_houses:x1_eeff_202:97bf24d95b5485dee8e29bf5,2018-07-31,0.0
exchange_houses:x1_eeff_202:97bf24d95b5485dee8e29bf5,2019-07-31,0.0
exchange_houses:x1_eeff_202:97bf24d95b5485dee8e29bf5,2020-07-31,0.0
exchange_houses:x1_eeff_202:97bf24d95b5485dee8e29bf5,2021-07-31,0.0
exchange_houses:x1_eeff_202:97bf24d95b5485dee8e29bf5,2022-07-31,0.0
exchange_houses:x1_eeff_202:97bf24d95b5485dee8e29bf5,2023-07-31,0.0
exchange_houses:x1_eeff_202:97bf24d95b5485dee8e29bf5,2024-07-31,0.0
exchange_houses:x1_eeff_202:97bf24d95b5485dee8e29bf5,2025-07-31,0.0
exchange_houses:x1_eeff_202:97bf24d95b5485dee8e29bf5,2026-07-31,0.0
exchange_houses:x1_eeff_203:c528708bd48f3a24c4446d56,2016-07-31,0.0
exchange_houses:x1_eeff_203:c528708bd48f3a24c4446d56,2017-07-31,0.0
exchange_houses:x1_eeff_203:c528708bd48f3a24c4446d56,2018-07-31,0.0
exchange_houses:x1_eeff_203:c528708bd48f3a24c4446d56,2019-07-31,0.0
exchange_houses:x1_eeff_203:c528708bd48f3a24c4446d56,2020-07-31,0.0
exchange_houses:x1_eeff_203:c528708bd48f3a24c4446d56,2021-07-31,0.0
exchange_houses:x1_eeff_203:c528708bd48f3a24c4446d56,2022-07-31,0.0
exchange_houses:x1_eeff_203:c528708bd48f3a24c4446d56,2023-07-31,0.0
exchange_houses:x1_eeff_203:c528708bd48f3a24c4446d56,2024-07-31,0.0
exchange_houses:x1_eeff_203:c528708bd48f3a24c4446d56,2025-07-31,0.0
exchange_houses:x1_eeff_203:c528708bd48f3a24c4446d56,2026-07-31,0.0
exchange_houses:x1_eeff_204:dbfe4c040d3447d26f30ea04,2016-07-31,0.0
exchange_houses:x1_eeff_204:dbfe4c040d3447d26f30ea04,2017-07-31,0.0
exchange_houses:x1_eeff_204:dbfe4c040d3447d26f30ea04,2018-07-31,0.0
exchange_houses:x1_eeff_204:dbfe4c040d3447d26f30ea04,2019-07-31,0.0
exchange_houses:x1_eeff_204:dbfe4c040d3447d26f30ea04,2020-07-31,0.0
exchange_houses:x1_eeff_204:dbfe4c040d3447d26f30ea04,2021-07-31,0.0
exchange_houses:x1_eeff_204:dbfe4c040d3447d26f30ea04,2022-07-31,0.0
exchange_houses:x1_eeff_204:dbfe4c040d3447d26f30ea04,2023-07-31,0.0
exchange_houses:x1_eeff_204:dbfe4c040d3447d26f30ea04,2024-07-31,0.0
exchange_houses:x1_eeff_204:dbfe4c040d3447d26f30ea04,2025-07-31,0.0
exchange_houses:x1_eeff_204:dbfe4c040d3447d26f30ea04,2026-07-31,0.0
exchange_houses:x1_eeff_205:e82c0cdb4edcbedf498e566f,2016-07-31,0.0
exchange_houses:x1_eeff_205:e82c0cdb4edcbedf498e566f,2017-07-31,0.0
exchange_houses:x1_eeff_205:e82c0cdb4edcbedf498e566f,2018-07-31,0.0
exchange_houses:x1_eeff_205:e82c0cdb4edcbedf498e566f,2019-07-31,0.0
exchange_houses:x1_eeff_205:e82c0cdb4edcbedf498e566f,2020-07-31,0.0
exchange_houses:x1_eeff_205:e82c0cdb4edcbedf498e566f,2021-07-31,0.0
exchange_houses:x1_eeff_205:e82c0cdb4edcbedf498e566f,2022-07-31,0.0
exchange_houses:x1_eeff_205:e82c0cdb4edcbedf498e566f,2023-07-31,0.0
exchange_houses:x1_eeff_205:e82c0cdb4edcbedf498e566f,2024-07-31,0.0
exchange_houses:x1_eeff_205:e82c0cdb4edcbedf498e566f,2025-07-31,0.0
exchange_houses:x1_eeff_205:e82c0cdb4edcbedf498e566f,2026-07-31,0.0
exchange_houses:x1_eeff_206:7be415b8d3077f0bbac0e945,2016-07-31,0.0
exchange_houses:x1_eeff_206:7be415b8d3077f0bbac0e945,2017-07-31,0.0
exchange_houses:x1_eeff_206:7be415b8d3077f0bbac0e945,2018-07-31,0.0
exchange_houses:x1_eeff_206:7be415b8d3077f0bbac0e945,2019-07-31,0.0
exchange_houses:x1_eeff_206:7be415b8d3077f0bbac0e945,2020-07-31,0.0
exchange_houses:x1_eeff_206:7be415b8d3077f0bbac0e945,2021-07-31,0.0
exchange_houses:x1_eeff_206:7be415b8d3077f0bbac0e945,2022-07-31,0.0
exchange_houses:x1_eeff_206:7be415b8d3077f0bbac0e945,2023-07-31,0.0
exchange_houses:x1_eeff_206:7be415b8d3077f0bbac0e945,2024-07-31,0.0
exchange_houses:x1_eeff_206:7be415b8d3077f0bbac0e945,2025-07-31,0.0
exchange_houses:x1_eeff_206:7be415b8d3077f0bbac0e945,2026-07-31,0.0
exchange_houses:x1_eeff_207:371fd37593ca98d815b65a34,2016-07-31,0.0
exchange_houses:x1_eeff_207:371fd37593ca98d815b65a34,2017-07-31,0.0
exchange_houses:x1_eeff_207:371fd37593ca98d815b65a34,2018-07-31,0.0
exchange_houses:x1_eeff_207:371fd37593ca98d815b65a34,2019-07-31,0.0
exchange_houses:x1_eeff_207:371fd37593ca98d815b65a34,2020-07-31,0.0
exchange_houses:x1_eeff_207:371fd37593ca98d815b65a34,2021-07-31,0.0
exchange_houses:x1_eeff_207:371fd37593ca98d815b65a34,2022-07-31,0.0
exchange_houses:x1_eeff_207:371fd37593ca98d815b65a34,2023-07-31,0.0
exchange_houses:x1_eeff_207:371fd37593ca98d815b65a34,2024-07-31,0.0
exchange_houses:x1_eeff_207:371fd37593ca98d815b65a34,2025-07-31,0.0
exchange_houses:x1_eeff_207:371fd37593ca98d815b65a34,2026-07-31,0.0
exchange_houses:x1_eeff_208:90b43e1919ad5b5e0dcf4384,2016-07-31,0.0
exchange_houses:x1_eeff_208:90b43e1919ad5b5e0dcf4384,2017-07-31,0.0
exchange_houses:x1_eeff_208:90b43e1919ad5b5e0dcf4384,2018-07-31,0.0
exchange_houses:x1_eeff_208:90b43e1919ad5b5e0dcf4384,2019-07-31,0.0
exchange_houses:x1_eeff_208:90b43e1919ad5b5e0dcf4384,2020-07-31,0.0
exchange_houses:x1_eeff_208:90b43e1919ad5b5e0dcf4384,2021-07-31,0.0
exchange_houses:x1_eeff_208:90b43e1919ad5b5e0dcf4384,2022-07-31,0.0
exchange_houses:x1_eeff_208:90b43e1919ad5b5e0dcf4384,2023-07-31,0.0
exchange_houses:x1_eeff_208:90b43e1919ad5b5e0dcf4384,2024-07-31,0.0
exchange_houses:x1_eeff_208:90b43e1919ad5b5e0dcf4384,2025-07-31,0.0
exchange_houses:x1_eeff_208:90b43e1919ad5b5e0dcf4384,2026-07-31,0.0
exchange_houses:x1_eeff_209:6dc6cc976e460307982824f2,2016-07-31,0.0
exchange_houses:x1_eeff_209:6dc6cc976e460307982824f2,2017-07-31,0.0
exchange_houses:x1_eeff_209:6dc6cc976e460307982824f2,2018-07-31,0.0
exchange_houses:x1_eeff_209:6dc6cc976e460307982824f2,2019-07-31,0.0
exchange_houses:x1_eeff_209:6dc6cc976e460307982824f2,2020-07-31,0.0
exchange_houses:x1_eeff_209:6dc6cc976e460307982824f2,2021-07-31,0.0
exchange_houses:x1_eeff_209:6dc6cc976e460307982824f2,2022-07-31,0.0
exchange_houses:x1_eeff_209:6dc6cc976e460307982824f2,2023-07-31,0.0
exchange_houses:x1_eeff_209:6dc6cc976e460307982824f2,2024-07-31,0.0
exchange_houses:x1_eeff_209:6dc6cc976e460307982824f2,2025-07-31,0.0
exchange_houses:x1_eeff_209:6dc6cc976e460307982824f2,2026-07-31,0.0
exchange_houses:x1_eeff_20:83e1a3be1db7448003d02cff,2016-07-31,4513094.088
exchange_houses:x1_eeff_20:83e1a3be1db7448003d02cff,2017-07-31,5177676.744
exchange_houses:x1_eeff_20:83e1a3be1db7448003d02cff,2018-07-31,6035083.4459999995
exchange_houses:x1_eeff_20:83e1a3be1db7448003d02cff,2019-07-31,5636093.824
exchange_houses:x1_eeff_20:83e1a3be1db7448003d02cff,2020-07-31,5316397.985
exchange_houses:x1_eeff_20:83e1a3be1db7448003d02cff,2021-07-31,5768757.179
exchange_houses:x1_eeff_20:83e1a3be1db7448003d02cff,2022-07-31,6045858.7530000005
exchange_houses:x1_eeff_20:83e1a3be1db7448003d02cff,2023-07-31,6881661.226
exchange_houses:x1_eeff_20:83e1a3be1db7448003d02cff,2024-07-31,6572761.102
exchange_houses:x1_eeff_20:83e1a3be1db7448003d02cff,2025-07-31,7315678.989999999
exchange_houses:x1_eeff_20:83e1a3be1db7448003d02cff,2026-07-31,8450723.035
exchange_houses:x1_eeff_210:b9ac2a1876396d250ba077c4,2016-07-31,0.0
exchange_houses:x1_eeff_210:b9ac2a1876396d250ba077c4,2017-07-31,0.0
exchange_houses:x1_eeff_210:b9ac2a1876396d250ba077c4,2018-07-31,0.0
exchange_houses:x1_eeff_210:b9ac2a1876396d250ba077c4,2019-07-31,0.0
exchange_houses:x1_eeff_210:b9ac2a1876396d250ba077c4,2020-07-31,0.0
exchange_houses:x1_eeff_210:b9ac2a1876396d250ba077c4,2021-07-31,0.0
exchange_houses:x1_eeff_210:b9ac2a1876396d250ba077c4,2022-07-31,0.0
exchange_houses:x1_eeff_210:b9ac2a1876396d250ba077c4,2023-07-31,0.0
exchange_houses:x1_eeff_210:b9ac2a1876396d250ba077c4,2024-07-31,0.0
exchange_houses:x1_eeff_210:b9ac2a1876396d250ba077c4,2025-07-31,0.0
exchange_houses:x1_eeff_210:b9ac2a1876396d250ba077c4,2026-07-31,0.0
exchange_houses:x1_eeff_211:6fcd477368518aa06092d3db,2016-07-31,0.0
exchange_houses:x1_eeff_211:6fcd477368518aa06092d3db,2017-07-31,0.0
exchange_houses:x1_eeff_211:6fcd477368518aa06092d3db,2018-07-31,0.0
exchange_houses:x1_eeff_211:6fcd477368518aa06092d3db,2019-07-31,0.0
exchange_houses:x1_eeff_211:6fcd477368518aa06092d3db,2020-07-31,0.0
exchange_houses:x1_eeff_211:6fcd477368518aa06092d3db,2021-07-31,0.0
exchange_houses:x1_eeff_211:6fcd477368518aa06092d3db,2022-07-31,0.0
exchange_houses:x1_eeff_211:6fcd477368518aa06092d3db,2023-07-31,0.0
exchange_houses:x1_eeff_211:6fcd477368518aa06092d3db,2024-07-31,0.0
exchange_houses:x1_eeff_211:6fcd477368518aa06092d3db,2025-07-31,0.0
exchange_houses:x1_eeff_211:6fcd477368518aa06092d3db,2026-07-31,0.0
exchange_houses:x1_eeff_212:1b0a8ff0d63240d53a8a40e9,2016-07-31,0.0
exchange_houses:x1_eeff_212:1b0a8ff0d63240d53a8a40e9,2017-07-31,0.0
exchange_houses:x1_eeff_212:1b0a8ff0d63240d53a8a40e9,2018-07-31,0.0
exchange_houses:x1_eeff_212:1b0a8ff0d63240d53a8a40e9,2019-07-31,0.0
exchange_houses:x1_eeff_212:1b0a8ff0d63240d53a8a40e9,2020-07-31,0.0
exchange_houses:x1_eeff_212:1b0a8ff0d63240d53a8a40e9,2021-07-31,0.0
exchange_houses:x1_eeff_212:1b0a8ff0d63240d53a8a40e9,2022-07-31,0.0
exchange_houses:x1_eeff_212:1b0a8ff0d63240d53a8a40e9,2023-07-31,0.0
exchange_houses:x1_eeff_212:1b0a8ff0d63240d53a8a40e9,2024-07-31,0.0
exchange_houses:x1_eeff_212:1b0a8ff0d63240d53a8a40e9,2025-07-31,0.0
exchange_houses:x1_eeff_212:1b0a8ff0d63240d53a8a40e9,2026-07-31,0.0
exchange_houses:x1_eeff_213:81383165ff84165f0d5365ea,2016-07-31,0.0
exchange_houses:x1_eeff_213:81383165ff84165f0d5365ea,2017-07-31,0.0
exchange_houses:x1_eeff_213:81383165ff84165f0d5365ea,2018-07-31,0.0
exchange_houses:x1_eeff_213:81383165ff84165f0d5365ea,2019-07-31,0.0
exchange_houses:x1_eeff_213:81383165ff84165f0d5365ea,2020-07-31,0.0
exchange_houses:x1_eeff_213:81383165ff84165f0d5365ea,2021-07-31,0.0
exchange_houses:x1_eeff_213:81383165ff84165f0d5365ea,2022-07-31,0.0
exchange_houses:x1_eeff_213:81383165ff84165f0d5365ea,2023-07-31,0.0
exchange_houses:x1_eeff_213:81383165ff84165f0d5365ea,2024-07-31,0.0
exchange_houses:x1_eeff_213:81383165ff84165f0d5365ea,2025-07-31,0.0
exchange_houses:x1_eeff_213:81383165ff84165f0d5365ea,2026-07-31,0.0
exchange_houses:x1_eeff_214:aee15ff0e3d15fe1b2d0cd1c,2016-07-31,0.0
exchange_houses:x1_eeff_214:aee15ff0e3d15fe1b2d0cd1c,2017-07-31,0.0
exchange_houses:x1_eeff_214:aee15ff0e3d15fe1b2d0cd1c,2018-07-31,0.0
exchange_houses:x1_eeff_214:aee15ff0e3d15fe1b2d0cd1c,2019-07-31,0.0
exchange_houses:x1_eeff_214:aee15ff0e3d15fe1b2d0cd1c,2020-07-31,0.0
exchange_houses:x1_eeff_214:aee15ff0e3d15fe1b2d0cd1c,2021-07-31,0.0
exchange_houses:x1_eeff_214:aee15ff0e3d15fe1b2d0cd1c,2022-07-31,0.0
exchange_houses:x1_eeff_214:aee15ff0e3d15fe1b2d0cd1c,2023-07-31,0.0
exchange_houses:x1_eeff_214:aee15ff0e3d15fe1b2d0cd1c,2024-07-31,0.0
exchange_houses:x1_eeff_214:aee15ff0e3d15fe1b2d0cd1c,2025-07-31,0.0
exchange_houses:x1_eeff_214:aee15ff0e3d15fe1b2d0cd1c,2026-07-31,0.0
exchange_houses:x1_eeff_215:1486ecdf0ef95ad3782087e7,2016-07-31,0.0
exchange_houses:x1_eeff_215:1486ecdf0ef95ad3782087e7,2017-07-31,0.0
exchange_houses:x1_eeff_215:1486ecdf0ef95ad3782087e7,2018-07-31,0.0
exchange_houses:x1_eeff_215:1486ecdf0ef95ad3782087e7,2019-07-31,0.0
exchange_houses:x1_eeff_215:1486ecdf0ef95ad3782087e7,2020-07-31,0.0
exchange_houses:x1_eeff_215:1486ecdf0ef95ad3782087e7,2021-07-31,0.0
exchange_houses:x1_eeff_215:1486ecdf0ef95ad3782087e7,2022-07-31,0.0
exchange_houses:x1_eeff_215:1486ecdf0ef95ad3782087e7,2023-07-31,0.0
exchange_houses:x1_eeff_215:1486ecdf0ef95ad3782087e7,2024-07-31,0.0
exchange_houses:x1_eeff_215:1486ecdf0ef95ad3782087e7,2025-07-31,0.0
exchange_houses:x1_eeff_215:1486ecdf0ef95ad3782087e7,2026-07-31,0.0
exchange_houses:x1_eeff_216:003ccfff91d5ccd5c9ce7bd0,2016-07-31,0.0
exchange_houses:x1_eeff_216:003ccfff91d5ccd5c9ce7bd0,2017-07-31,0.0
exchange_houses:x1_eeff_216:003ccfff91d5ccd5c9ce7bd0,2018-07-31,0.0
exchange_houses:x1_eeff_216:003ccfff91d5ccd5c9ce7bd0,2019-07-31,0.0
exchange_houses:x1_eeff_216:003ccfff91d5ccd5c9ce7bd0,2020-07-31,0.0
exchange_houses:x1_eeff_216:003ccfff91d5ccd5c9ce7bd0,2021-07-31,0.0
exchange_houses:x1_eeff_216:003ccfff91d5ccd5c9ce7bd0,2022-07-31,0.0
exchange_houses:x1_eeff_216:003ccfff91d5ccd5c9ce7bd0,2023-07-31,0.0
exchange_houses:x1_eeff_216:003ccfff91d5ccd5c9ce7bd0,2024-07-31,0.0
exchange_houses:x1_eeff_216:003ccfff91d5ccd5c9ce7bd0,2025-07-31,0.0
exchange_houses:x1_eeff_216:003ccfff91d5ccd5c9ce7bd0,2026-07-31,0.0
exchange_houses:x1_eeff_217:5a5e72a2e3e3c8924e41f314,2016-07-31,5219197.315
exchange_houses:x1_eeff_217:5a5e72a2e3e3c8924e41f314,2017-07-31,4499323.086999999
exchange_houses:x1_eeff_217:5a5e72a2e3e3c8924e41f314,2018-07-31,2654070.518
exchange_houses:x1_eeff_217:5a5e72a2e3e3c8924e41f314,2019-07-31,1513834.581
exchange_houses:x1_eeff_217:5a5e72a2e3e3c8924e41f314,2020-07-31,4449485.454
exchange_houses:x1_eeff_217:5a5e72a2e3e3c8924e41f314,2021-07-31,323692.664
exchange_houses:x1_eeff_217:5a5e72a2e3e3c8924e41f314,2022-07-31,317203.972
exchange_houses:x1_eeff_217:5a5e72a2e3e3c8924e41f314,2023-07-31,87783.595
exchange_houses:x1_eeff_217:5a5e72a2e3e3c8924e41f314,2024-07-31,329537.085
exchange_houses:x1_eeff_217:5a5e72a2e3e3c8924e41f314,2025-07-31,100583.113
exchange_houses:x1_eeff_217:5a5e72a2e3e3c8924e41f314,2026-07-31,527192.828
exchange_houses:x1_eeff_218:5513bb19da146caaeeeee352,2016-07-31,1823850.952
exchange_houses:x1_eeff_218:5513bb19da146caaeeeee352,2017-07-31,934442.819
exchange_houses:x1_eeff_218:5513bb19da146caaeeeee352,2018-07-31,3319706.189
exchange_houses:x1_eeff_218:5513bb19da146caaeeeee352,2019-07-31,1703152.526
exchange_houses:x1_eeff_218:5513bb19da146caaeeeee352,2020-07-31,2962466.882
exchange_houses:x1_eeff_218:5513bb19da146caaeeeee352,2021-07-31,587577.021
exchange_houses:x1_eeff_218:5513bb19da146caaeeeee352,2022-07-31,795872.276
exchange_houses:x1_eeff_218:5513bb19da146caaeeeee352,2023-07-31,2999748.102
exchange_houses:x1_eeff_218:5513bb19da146caaeeeee352,2024-07-31,711293.964
exchange_houses:x1_eeff_218:5513bb19da146caaeeeee352,2025-07-31,1213521.521
exchange_houses:x1_eeff_218:5513bb19da146caaeeeee352,2026-07-31,1384478.558
exchange_houses:x1_eeff_219:4ff985015c75f81a1c3db69c,2016-07-31,231862.868
exchange_houses:x1_eeff_219:4ff985015c75f81a1c3db69c,2017-07-31,437709.408
exchange_houses:x1_eeff_219:4ff985015c75f81a1c3db69c,2018-07-31,1529501.207
exchange_houses:x1_eeff_219:4ff985015c75f81a1c3db69c,2019-07-31,1944446.483
exchange_houses:x1_eeff_219:4ff985015c75f81a1c3db69c,2020-07-31,283322.751
exchange_houses:x1_eeff_219:4ff985015c75f81a1c3db69c,2021-07-31,1061106.839
exchange_houses:x1_eeff_219:4ff985015c75f81a1c3db69c,2022-07-31,360755.429
exchange_houses:x1_eeff_219:4ff985015c75f81a1c3db69c,2023-07-31,418263.353
exchange_houses:x1_eeff_219:4ff985015c75f81a1c3db69c,2024-07-31,495753.845
exchange_houses:x1_eeff_219:4ff985015c75f81a1c3db69c,2025-07-31,859047.281
exchange_houses:x1_eeff_219:4ff985015c75f81a1c3db69c,2026-07-31,891431.795
exchange_houses:x1_eeff_21:71f2bd76925d0079bfae9514,2016-07-31,6966660.528999999
exchange_houses:x1_eeff_21:71f2bd76925d0079bfae9514,2017-07-31,11686882.125
exchange_houses:x1_eeff_21:71f2bd76925d0079bfae9514,2018-07-31,11292949.690000001
exchange_houses:x1_eeff_21:71f2bd76925d0079bfae9514,2019-07-31,0.0
exchange_houses:x1_eeff_21:71f2bd76925d0079bfae9514,2020-07-31,0.0
exchange_houses:x1_eeff_21:71f2bd76925d0079bfae9514,2021-07-31,0.0
exchange_houses:x1_eeff_21:71f2bd76925d0079bfae9514,2022-07-31,0.0
exchange_houses:x1_eeff_21:71f2bd76925d0079bfae9514,2023-07-31,0.0
exchange_houses:x1_eeff_21:71f2bd76925d0079bfae9514,2024-07-31,0.0
exchange_houses:x1_eeff_21:71f2bd76925d0079bfae9514,2025-07-31,0.0
exchange_houses:x1_eeff_21:71f2bd76925d0079bfae9514,2026-07-31,0.0
exchange_houses:x1_eeff_220:6bb02ef1179be812fdca311d,2016-07-31,150149.556
exchange_houses:x1_eeff_220:6bb02ef1179be812fdca311d,2017-07-31,147912.645
exchange_houses:x1_eeff_220:6bb02ef1179be812fdca311d,2018-07-31,153689.293
exchange_houses:x1_eeff_220:6bb02ef1179be812fdca311d,2019-07-31,121092.078
exchange_houses:x1_eeff_220:6bb02ef1179be812fdca311d,2020-07-31,131300.31
exchange_houses:x1_eeff_220:6bb02ef1179be812fdca311d,2021-07-31,131406.661
exchange_houses:x1_eeff_220:6bb02ef1179be812fdca311d,2022-07-31,145805.339
exchange_houses:x1_eeff_220:6bb02ef1179be812fdca311d,2023-07-31,167952.159
exchange_houses:x1_eeff_220:6bb02ef1179be812fdca311d,2024-07-31,171138.252
exchange_houses:x1_eeff_220:6bb02ef1179be812fdca311d,2025-07-31,153917.268
exchange_houses:x1_eeff_220:6bb02ef1179be812fdca311d,2026-07-31,153401.487
exchange_houses:x1_eeff_221:5f5ccc045b1d16db965b8c43,2016-07-31,3007481.9760000003
exchange_houses:x1_eeff_221:5f5ccc045b1d16db965b8c43,2017-07-31,3344219.568
exchange_houses:x1_eeff_221:5f5ccc045b1d16db965b8c43,2018-07-31,2702536.032
exchange_houses:x1_eeff_221:5f5ccc045b1d16db965b8c43,2019-07-31,3435104.401
exchange_houses:x1_eeff_221:5f5ccc045b1d16db965b8c43,2020-07-31,1444796.224
exchange_houses:x1_eeff_221:5f5ccc045b1d16db965b8c43,2021-07-31,1107851.528
exchange_houses:x1_eeff_221:5f5ccc045b1d16db965b8c43,2022-07-31,2032022.585
exchange_houses:x1_eeff_221:5f5ccc045b1d16db965b8c43,2023-07-31,1240451.22
exchange_houses:x1_eeff_221:5f5ccc045b1d16db965b8c43,2024-07-31,1752557.0920000002
exchange_houses:x1_eeff_221:5f5ccc045b1d16db965b8c43,2025-07-31,2236585.502
exchange_houses:x1_eeff_221:5f5ccc045b1d16db965b8c43,2026-07-31,1494996.117
exchange_houses:x1_eeff_222:8cc324e3b4975e3582131f34,2016-07-31,41134.886
exchange_houses:x1_eeff_222:8cc324e3b4975e3582131f34,2017-07-31,43782.098
exchange_houses:x1_eeff_222:8cc324e3b4975e3582131f34,2018-07-31,52155.877
exchange_houses:x1_eeff_222:8cc324e3b4975e3582131f34,2019-07-31,58308.099
exchange_houses:x1_eeff_222:8cc324e3b4975e3582131f34,2020-07-31,41894.055
exchange_houses:x1_eeff_222:8cc324e3b4975e3582131f34,2021-07-31,48742.439
exchange_houses:x1_eeff_222:8cc324e3b4975e3582131f34,2022-07-31,55163.315
exchange_houses:x1_eeff_222:8cc324e3b4975e3582131f34,2023-07-31,58946.012
exchange_houses:x1_eeff_222:8cc324e3b4975e3582131f34,2024-07-31,53475.621
exchange_houses:x1_eeff_222:8cc324e3b4975e3582131f34,2025-07-31,58856.728
exchange_houses:x1_eeff_222:8cc324e3b4975e3582131f34,2026-07-31,69948.497
exchange_houses:x1_eeff_223:4b8230beeafed0e9fd3412cf,2016-07-31,164604.666
exchange_houses:x1_eeff_223:4b8230beeafed0e9fd3412cf,2017-07-31,765895.149
exchange_houses:x1_eeff_223:4b8230beeafed0e9fd3412cf,2018-07-31,4753022.424000001
exchange_houses:x1_eeff_223:4b8230beeafed0e9fd3412cf,2019-07-31,17788613.705
exchange_houses:x1_eeff_223:4b8230beeafed0e9fd3412cf,2020-07-31,3972450.812
exchange_houses:x1_eeff_223:4b8230beeafed0e9fd3412cf,2021-07-31,157538.361
exchange_houses:x1_eeff_223:4b8230beeafed0e9fd3412cf,2022-07-31,302118.527
exchange_houses:x1_eeff_223:4b8230beeafed0e9fd3412cf,2023-07-31,172418.866
exchange_houses:x1_eeff_223:4b8230beeafed0e9fd3412cf,2024-07-31,82853.302
exchange_houses:x1_eeff_223:4b8230beeafed0e9fd3412cf,2025-07-31,215538.909
exchange_houses:x1_eeff_223:4b8230beeafed0e9fd3412cf,2026-07-31,152434.607
exchange_houses:x1_eeff_224:8b118bbd8fe49f56191295ad,2016-07-31,204961.398
exchange_houses:x1_eeff_224:8b118bbd8fe49f56191295ad,2017-07-31,196526.978
exchange_houses:x1_eeff_224:8b118bbd8fe49f56191295ad,2018-07-31,169543.708
exchange_houses:x1_eeff_224:8b118bbd8fe49f56191295ad,2019-07-31,359788.966
exchange_houses:x1_eeff_224:8b118bbd8fe49f56191295ad,2020-07-31,353596.171
exchange_houses:x1_eeff_224:8b118bbd8fe49f56191295ad,2021-07-31,369058.745
exchange_houses:x1_eeff_224:8b118bbd8fe49f56191295ad,2022-07-31,286456.694
exchange_houses:x1_eeff_224:8b118bbd8fe49f56191295ad,2023-07-31,296538.369
exchange_houses:x1_eeff_224:8b118bbd8fe49f56191295ad,2024-07-31,366366.189
exchange_houses:x1_eeff_224:8b118bbd8fe49f56191295ad,2025-07-31,374784.585
exchange_houses:x1_eeff_224:8b118bbd8fe49f56191295ad,2026-07-31,379580.91
exchange_houses:x1_eeff_225:a4b65527385d22dc67557332,2016-07-31,69975.551
exchange_houses:x1_eeff_225:a4b65527385d22dc67557332,2017-07-31,32005.272
exchange_houses:x1_eeff_225:a4b65527385d22dc67557332,2018-07-31,45223.287
exchange_houses:x1_eeff_225:a4b65527385d22dc67557332,2019-07-31,49296.469
exchange_houses:x1_eeff_225:a4b65527385d22dc67557332,2020-07-31,90305.345
exchange_houses:x1_eeff_225:a4b65527385d22dc67557332,2021-07-31,22143.502
exchange_houses:x1_eeff_225:a4b65527385d22dc67557332,2022-07-31,20849.115
exchange_houses:x1_eeff_225:a4b65527385d22dc67557332,2023-07-31,22704.876
exchange_houses:x1_eeff_225:a4b65527385d22dc67557332,2024-07-31,36337.68
exchange_houses:x1_eeff_225:a4b65527385d22dc67557332,2025-07-31,79987.447
exchange_houses:x1_eeff_225:a4b65527385d22dc67557332,2026-07-31,165391.521
exchange_houses:x1_eeff_226:b259608858448ed7bb7e20d6,2016-07-31,82501.91101
exchange_houses:x1_eeff_226:b259608858448ed7bb7e20d6,2017-07-31,92369.187
exchange_houses:x1_eeff_226:b259608858448ed7bb7e20d6,2018-07-31,249816.02489
exchange_houses:x1_eeff_226:b259608858448ed7bb7e20d6,2019-07-31,388471.59679
exchange_houses:x1_eeff_226:b259608858448ed7bb7e20d6,2020-07-31,0.0
exchange_houses:x1_eeff_226:b259608858448ed7bb7e20d6,2021-07-31,2874.341
exchange_houses:x1_eeff_226:b259608858448ed7bb7e20d6,2022-07-31,6134.522
exchange_houses:x1_eeff_226:b259608858448ed7bb7e20d6,2023-07-31,6260.55
exchange_houses:x1_eeff_226:b259608858448ed7bb7e20d6,2024-07-31,0.0
exchange_houses:x1_eeff_226:b259608858448ed7bb7e20d6,2025-07-31,0.0
exchange_houses:x1_eeff_226:b259608858448ed7bb7e20d6,2026-07-31,0.0
exchange_houses:x1_eeff_227:03fdedbed97847ffd042b4c5,2016-07-31,9260.243
exchange_houses:x1_eeff_227:03fdedbed97847ffd042b4c5,2017-07-31,9263.151
exchange_houses:x1_eeff_227:03fdedbed97847ffd042b4c5,2018-07-31,29928.151
exchange_houses:x1_eeff_227:03fdedbed97847ffd042b4c5,2019-07-31,30563.248
exchange_houses:x1_eeff_227:03fdedbed97847ffd042b4c5,2020-07-31,46387.972
exchange_houses:x1_eeff_227:03fdedbed97847ffd042b4c5,2021-07-31,107834.394
exchange_houses:x1_eeff_227:03fdedbed97847ffd042b4c5,2022-07-31,133557.108
exchange_houses:x1_eeff_227:03fdedbed97847ffd042b4c5,2023-07-31,100108.009
exchange_houses:x1_eeff_227:03fdedbed97847ffd042b4c5,2024-07-31,141994.64
exchange_houses:x1_eeff_227:03fdedbed97847ffd042b4c5,2025-07-31,167070.089
exchange_houses:x1_eeff_227:03fdedbed97847ffd042b4c5,2026-07-31,138228.762
exchange_houses:x1_eeff_228:39d1f015cedab09042149b5d,2016-07-31,4875.063
exchange_houses:x1_eeff_228:39d1f015cedab09042149b5d,2017-07-31,64734.396
exchange_houses:x1_eeff_228:39d1f015cedab09042149b5d,2018-07-31,2140588.283
exchange_houses:x1_eeff_228:39d1f015cedab09042149b5d,2019-07-31,2353924.076
exchange_houses:x1_eeff_228:39d1f015cedab09042149b5d,2020-07-31,2088282.286
exchange_houses:x1_eeff_228:39d1f015cedab09042149b5d,2021-07-31,536187.285
exchange_houses:x1_eeff_228:39d1f015cedab09042149b5d,2022-07-31,640246.5079999999
exchange_houses:x1_eeff_228:39d1f015cedab09042149b5d,2023-07-31,432006.672
exchange_houses:x1_eeff_228:39d1f015cedab09042149b5d,2024-07-31,1442298.516
exchange_houses:x1_eeff_228:39d1f015cedab09042149b5d,2025-07-31,1349241.214
exchange_houses:x1_eeff_228:39d1f015cedab09042149b5d,2026-07-31,0.0
exchange_houses:x1_eeff_229:96154d7d9a32bd42233fe660,2016-07-31,149110.14
exchange_houses:x1_eeff_229:96154d7d9a32bd42233fe660,2017-07-31,361747.475
exchange_houses:x1_eeff_229:96154d7d9a32bd42233fe660,2018-07-31,155174.491
exchange_houses:x1_eeff_229:96154d7d9a32bd42233fe660,2019-07-31,313064.541
exchange_houses:x1_eeff_229:96154d7d9a32bd42233fe660,2020-07-31,158480.921
exchange_houses:x1_eeff_229:96154d7d9a32bd42233fe660,2021-07-31,157792.716
exchange_houses:x1_eeff_229:96154d7d9a32bd42233fe660,2022-07-31,158554.65
exchange_houses:x1_eeff_229:96154d7d9a32bd42233fe660,2023-07-31,180095.477
exchange_houses:x1_eeff_229:96154d7d9a32bd42233fe660,2024-07-31,100180.051
exchange_houses:x1_eeff_229:96154d7d9a32bd42233fe660,2025-07-31,93226.791
exchange_houses:x1_eeff_229:96154d7d9a32bd42233fe660,2026-07-31,109174.966
exchange_houses:x1_eeff_22:706caf9caf999d74789b60cb,2016-07-31,5694058.991
exchange_houses:x1_eeff_22:706caf9caf999d74789b60cb,2017-07-31,6513665.358
exchange_houses:x1_eeff_22:706caf9caf999d74789b60cb,2018-07-31,7893218.382
exchange_houses:x1_eeff_22:706caf9caf999d74789b60cb,2019-07-31,10733557.585
exchange_houses:x1_eeff_22:706caf9caf999d74789b60cb,2020-07-31,11723655.39
exchange_houses:x1_eeff_22:706caf9caf999d74789b60cb,2021-07-31,12166602.093
exchange_houses:x1_eeff_22:706caf9caf999d74789b60cb,2022-07-31,12743104.93
exchange_houses:x1_eeff_22:706caf9caf999d74789b60cb,2023-07-31,12467976.785
exchange_houses:x1_eeff_22:706caf9caf999d74789b60cb,2024-07-31,12658979.303
exchange_houses:x1_eeff_22:706caf9caf999d74789b60cb,2025-07-31,13849195.259
exchange_houses:x1_eeff_22:706caf9caf999d74789b60cb,2026-07-31,15849281.97
exchange_houses:x1_eeff_230:8399e1013f45dcba3dd20b4d,2016-07-31,1092882.444
exchange_houses:x1_eeff_230:8399e1013f45dcba3dd20b4d,2017-07-31,979245.203
exchange_houses:x1_eeff_230:8399e1013f45dcba3dd20b4d,2018-07-31,595317.062
exchange_houses:x1_eeff_230:8399e1013f45dcba3dd20b4d,2019-07-31,1159740.628
exchange_houses:x1_eeff_230:8399e1013f45dcba3dd20b4d,2020-07-31,1058677.102
exchange_houses:x1_eeff_230:8399e1013f45dcba3dd20b4d,2021-07-31,188084.83299999998
exchange_houses:x1_eeff_230:8399e1013f45dcba3dd20b4d,2022-07-31,139560.352
exchange_houses:x1_eeff_230:8399e1013f45dcba3dd20b4d,2023-07-31,119786.519
exchange_houses:x1_eeff_230:8399e1013f45dcba3dd20b4d,2024-07-31,116507.677
exchange_houses:x1_eeff_230:8399e1013f45dcba3dd20b4d,2025-07-31,141039.639
exchange_houses:x1_eeff_230:8399e1013f45dcba3dd20b4d,2026-07-31,6303147.937
exchange_houses:x1_eeff_231:459ef984c71efc23e256e951,2016-07-31,46334.217
exchange_houses:x1_eeff_231:459ef984c71efc23e256e951,2017-07-31,73107.91
exchange_houses:x1_eeff_231:459ef984c71efc23e256e951,2018-07-31,120797.942
exchange_houses:x1_eeff_231:459ef984c71efc23e256e951,2019-07-31,181849.194
exchange_houses:x1_eeff_231:459ef984c71efc23e256e951,2020-07-31,271581.853
exchange_houses:x1_eeff_231:459ef984c71efc23e256e951,2021-07-31,182994.189
exchange_houses:x1_eeff_231:459ef984c71efc23e256e951,2022-07-31,88698.965
exchange_houses:x1_eeff_231:459ef984c71efc23e256e951,2023-07-31,204511.982
exchange_houses:x1_eeff_231:459ef984c71efc23e256e951,2024-07-31,283902.396
exchange_houses:x1_eeff_231:459ef984c71efc23e256e951,2025-07-31,182304.254
exchange_houses:x1_eeff_231:459ef984c71efc23e256e951,2026-07-31,172165.222
exchange_houses:x1_eeff_232:88564d483bb1b02d08c9100b,2016-07-31,4275268.26516
exchange_houses:x1_eeff_232:88564d483bb1b02d08c9100b,2017-07-31,5366746.12852
exchange_houses:x1_eeff_232:88564d483bb1b02d08c9100b,2018-07-31,3217679.25944
exchange_houses:x1_eeff_232:88564d483bb1b02d08c9100b,2019-07-31,6596517.021919999
exchange_houses:x1_eeff_232:88564d483bb1b02d08c9100b,2020-07-31,11322954.66996
exchange_houses:x1_eeff_232:88564d483bb1b02d08c9100b,2021-07-31,4372429.24295
exchange_houses:x1_eeff_232:88564d483bb1b02d08c9100b,2022-07-31,5402613.64403
exchange_houses:x1_eeff_232:88564d483bb1b02d08c9100b,2023-07-31,6840122.54912
exchange_houses:x1_eeff_232:88564d483bb1b02d08c9100b,2024-07-31,6748546.64146
exchange_houses:x1_eeff_232:88564d483bb1b02d08c9100b,2025-07-31,4752170.40276
exchange_houses:x1_eeff_232:88564d483bb1b02d08c9100b,2026-07-31,4810433.81639
exchange_houses:x1_eeff_233:cb6702dea1cd84770f9d611f,2016-07-31,164793.818
exchange_houses:x1_eeff_233:cb6702dea1cd84770f9d611f,2017-07-31,142839.917
exchange_houses:x1_eeff_233:cb6702dea1cd84770f9d611f,2018-07-31,159212.546
exchange_houses:x1_eeff_233:cb6702dea1cd84770f9d611f,2019-07-31,124615.704
exchange_houses:x1_eeff_233:cb6702dea1cd84770f9d611f,2020-07-31,142040.076
exchange_houses:x1_eeff_233:cb6702dea1cd84770f9d611f,2021-07-31,120052.274
exchange_houses:x1_eeff_233:cb6702dea1cd84770f9d611f,2022-07-31,119325.764
exchange_houses:x1_eeff_233:cb6702dea1cd84770f9d611f,2023-07-31,118287.722
exchange_houses:x1_eeff_233:cb6702dea1cd84770f9d611f,2024-07-31,148214.354
exchange_houses:x1_eeff_233:cb6702dea1cd84770f9d611f,2025-07-31,142291.339
exchange_houses:x1_eeff_233:cb6702dea1cd84770f9d611f,2026-07-31,162164.405
exchange_houses:x1_eeff_234:771b56a115318444c16eeef9,2016-07-31,57137.287
exchange_houses:x1_eeff_234:771b56a115318444c16eeef9,2017-07-31,75239.172
exchange_houses:x1_eeff_234:771b56a115318444c16eeef9,2018-07-31,78233.812
exchange_houses:x1_eeff_234:771b56a115318444c16eeef9,2019-07-31,56494.834
exchange_houses:x1_eeff_234:771b56a115318444c16eeef9,2020-07-31,0.0
exchange_houses:x1_eeff_234:771b56a115318444c16eeef9,2021-07-31,0.0
exchange_houses:x1_eeff_234:771b56a115318444c16eeef9,2022-07-31,0.0
exchange_houses:x1_eeff_234:771b56a115318444c16eeef9,2023-07-31,0.0
exchange_houses:x1_eeff_234:771b56a115318444c16eeef9,2024-07-31,0.0
exchange_houses:x1_eeff_234:771b56a115318444c16eeef9,2025-07-31,0.0
exchange_houses:x1_eeff_234:771b56a115318444c16eeef9,2026-07-31,0.0
exchange_houses:x1_eeff_235:1edc71dfb6720451091a932d,2016-07-31,313885.277
exchange_houses:x1_eeff_235:1edc71dfb6720451091a932d,2017-07-31,284903.165
exchange_houses:x1_eeff_235:1edc71dfb6720451091a932d,2018-07-31,310751.89
exchange_houses:x1_eeff_235:1edc71dfb6720451091a932d,2019-07-31,344304.771
exchange_houses:x1_eeff_235:1edc71dfb6720451091a932d,2020-07-31,318505.385
exchange_houses:x1_eeff_235:1edc71dfb6720451091a932d,2021-07-31,295193.581
exchange_houses:x1_eeff_235:1edc71dfb6720451091a932d,2022-07-31,433431.786
exchange_houses:x1_eeff_235:1edc71dfb6720451091a932d,2023-07-31,610037.013
exchange_houses:x1_eeff_235:1edc71dfb6720451091a932d,2024-07-31,664372.377
exchange_houses:x1_eeff_235:1edc71dfb6720451091a932d,2025-07-31,430113.958
exchange_houses:x1_eeff_235:1edc71dfb6720451091a932d,2026-07-31,2737331.198
exchange_houses:x1_eeff_236:b75b1702511136ccf2481685,2016-07-31,670047.029
exchange_houses:x1_eeff_236:b75b1702511136ccf2481685,2017-07-31,1125322.621
exchange_houses:x1_eeff_236:b75b1702511136ccf2481685,2018-07-31,481231.484
exchange_houses:x1_eeff_236:b75b1702511136ccf2481685,2019-07-31,552736.909
exchange_houses:x1_eeff_236:b75b1702511136ccf2481685,2020-07-31,541661.462
exchange_houses:x1_eeff_236:b75b1702511136ccf2481685,2021-07-31,499360.668
exchange_houses:x1_eeff_236:b75b1702511136ccf2481685,2022-07-31,417827.938
exchange_houses:x1_eeff_236:b75b1702511136ccf2481685,2023-07-31,448098.726
exchange_houses:x1_eeff_236:b75b1702511136ccf2481685,2024-07-31,435317.765
exchange_houses:x1_eeff_236:b75b1702511136ccf2481685,2025-07-31,458696.065
exchange_houses:x1_eeff_236:b75b1702511136ccf2481685,2026-07-31,442324.318
exchange_houses:x1_eeff_237:a55e168e8185da642de67892,2016-07-31,82602.048
exchange_houses:x1_eeff_237:a55e168e8185da642de67892,2017-07-31,201695.758
exchange_houses:x1_eeff_237:a55e168e8185da642de67892,2018-07-31,144784.039
exchange_houses:x1_eeff_237:a55e168e8185da642de67892,2019-07-31,734503.543
exchange_houses:x1_eeff_237:a55e168e8185da642de67892,2020-07-31,290706.206
exchange_houses:x1_eeff_237:a55e168e8185da642de67892,2021-07-31,102750.589
exchange_houses:x1_eeff_237:a55e168e8185da642de67892,2022-07-31,81084.501
exchange_houses:x1_eeff_237:a55e168e8185da642de67892,2023-07-31,92916.943
exchange_houses:x1_eeff_237:a55e168e8185da642de67892,2024-07-31,104011.943
exchange_houses:x1_eeff_237:a55e168e8185da642de67892,2025-07-31,130558.435
exchange_houses:x1_eeff_237:a55e168e8185da642de67892,2026-07-31,213144.778
exchange_houses:x1_eeff_238:18ba0021a9d65f314de828dd,2016-07-31,146231.513
exchange_houses:x1_eeff_238:18ba0021a9d65f314de828dd,2017-07-31,155461.26
exchange_houses:x1_eeff_238:18ba0021a9d65f314de828dd,2018-07-31,151300.908
exchange_houses:x1_eeff_238:18ba0021a9d65f314de828dd,2019-07-31,0.0
exchange_houses:x1_eeff_238:18ba0021a9d65f314de828dd,2020-07-31,0.0
exchange_houses:x1_eeff_238:18ba0021a9d65f314de828dd,2021-07-31,0.0
exchange_houses:x1_eeff_238:18ba0021a9d65f314de828dd,2022-07-31,0.0
exchange_houses:x1_eeff_238:18ba0021a9d65f314de828dd,2023-07-31,0.0
exchange_houses:x1_eeff_238:18ba0021a9d65f314de828dd,2024-07-31,0.0
exchange_houses:x1_eeff_238:18ba0021a9d65f314de828dd,2025-07-31,0.0
exchange_houses:x1_eeff_238:18ba0021a9d65f314de828dd,2026-07-31,0.0
exchange_houses:x1_eeff_239:feac6ce59cfcda28997c3e47,2016-07-31,122710.096
exchange_houses:x1_eeff_239:feac6ce59cfcda28997c3e47,2017-07-31,403441.638
exchange_houses:x1_eeff_239:feac6ce59cfcda28997c3e47,2018-07-31,221224.613
exchange_houses:x1_eeff_239:feac6ce59cfcda28997c3e47,2019-07-31,292855.025
exchange_houses:x1_eeff_239:feac6ce59cfcda28997c3e47,2020-07-31,213452.708
exchange_houses:x1_eeff_239:feac6ce59cfcda28997c3e47,2021-07-31,172714.961
exchange_houses:x1_eeff_239:feac6ce59cfcda28997c3e47,2022-07-31,223444.713
exchange_houses:x1_eeff_239:feac6ce59cfcda28997c3e47,2023-07-31,427282.744
exchange_houses:x1_eeff_239:feac6ce59cfcda28997c3e47,2024-07-31,389721.593
exchange_houses:x1_eeff_239:feac6ce59cfcda28997c3e47,2025-07-31,309374.484
exchange_houses:x1_eeff_239:feac6ce59cfcda28997c3e47,2026-07-31,1339065.536
exchange_houses:x1_eeff_23:39cd704c435fb2f5d6dd775d,2016-07-31,7106402.734999999
exchange_houses:x1_eeff_23:39cd704c435fb2f5d6dd775d,2017-07-31,6814738.618000001
exchange_houses:x1_eeff_23:39cd704c435fb2f5d6dd775d,2018-07-31,7666023.275
exchange_houses:x1_eeff_23:39cd704c435fb2f5d6dd775d,2019-07-31,7066179.424
exchange_houses:x1_eeff_23:39cd704c435fb2f5d6dd775d,2020-07-31,0.0
exchange_houses:x1_eeff_23:39cd704c435fb2f5d6dd775d,2021-07-31,0.0
exchange_houses:x1_eeff_23:39cd704c435fb2f5d6dd775d,2022-07-31,0.0
exchange_houses:x1_eeff_23:39cd704c435fb2f5d6dd775d,2023-07-31,0.0
exchange_houses:x1_eeff_23:39cd704c435fb2f5d6dd775d,2024-07-31,0.0
exchange_houses:x1_eeff_23:39cd704c435fb2f5d6dd775d,2025-07-31,0.0
exchange_houses:x1_eeff_23:39cd704c435fb2f5d6dd775d,2026-07-31,0.0
exchange_houses:x1_eeff_240:8bbe8ef7e62b7eef0ef4f783,2016-07-31,153070.487
exchange_houses:x1_eeff_240:8bbe8ef7e62b7eef0ef4f783,2017-07-31,115133.61600000001
exchange_houses:x1_eeff_240:8bbe8ef7e62b7eef0ef4f783,2018-07-31,77804.012
exchange_houses:x1_eeff_240:8bbe8ef7e62b7eef0ef4f783,2019-07-31,36475.063
exchange_houses:x1_eeff_240:8bbe8ef7e62b7eef0ef4f783,2020-07-31,0.0
exchange_houses:x1_eeff_240:8bbe8ef7e62b7eef0ef4f783,2021-07-31,0.0
exchange_houses:x1_eeff_240:8bbe8ef7e62b7eef0ef4f783,2022-07-31,0.0
exchange_houses:x1_eeff_240:8bbe8ef7e62b7eef0ef4f783,2023-07-31,0.0
exchange_houses:x1_eeff_240:8bbe8ef7e62b7eef0ef4f783,2024-07-31,0.0
exchange_houses:x1_eeff_240:8bbe8ef7e62b7eef0ef4f783,2025-07-31,0.0
exchange_houses:x1_eeff_240:8bbe8ef7e62b7eef0ef4f783,2026-07-31,0.0
exchange_houses:x1_eeff_241:bec1ec160d1608590544c860,2016-07-31,84614.859
exchange_houses:x1_eeff_241:bec1ec160d1608590544c860,2017-07-31,61560.805
exchange_houses:x1_eeff_241:bec1ec160d1608590544c860,2018-07-31,61749.103
exchange_houses:x1_eeff_241:bec1ec160d1608590544c860,2019-07-31,235472.093
exchange_houses:x1_eeff_241:bec1ec160d1608590544c860,2020-07-31,215490.769
exchange_houses:x1_eeff_241:bec1ec160d1608590544c860,2021-07-31,240137.37
exchange_houses:x1_eeff_241:bec1ec160d1608590544c860,2022-07-31,214829.439
exchange_houses:x1_eeff_241:bec1ec160d1608590544c860,2023-07-31,228306.327
exchange_houses:x1_eeff_241:bec1ec160d1608590544c860,2024-07-31,239732.292
exchange_houses:x1_eeff_241:bec1ec160d1608590544c860,2025-07-31,265062.741
exchange_houses:x1_eeff_241:bec1ec160d1608590544c860,2026-07-31,265803.601
exchange_houses:x1_eeff_242:22b982cc777748a4345e12ca,2016-07-31,29395.847
exchange_houses:x1_eeff_242:22b982cc777748a4345e12ca,2017-07-31,0.0
exchange_houses:x1_eeff_242:22b982cc777748a4345e12ca,2018-07-31,0.0
exchange_houses:x1_eeff_242:22b982cc777748a4345e12ca,2019-07-31,0.0
exchange_houses:x1_eeff_242:22b982cc777748a4345e12ca,2020-07-31,0.0
exchange_houses:x1_eeff_242:22b982cc777748a4345e12ca,2021-07-31,0.0
exchange_houses:x1_eeff_242:22b982cc777748a4345e12ca,2022-07-31,0.0
exchange_houses:x1_eeff_242:22b982cc777748a4345e12ca,2023-07-31,0.0
exchange_houses:x1_eeff_242:22b982cc777748a4345e12ca,2024-07-31,0.0
exchange_houses:x1_eeff_242:22b982cc777748a4345e12ca,2025-07-31,0.0
exchange_houses:x1_eeff_242:22b982cc777748a4345e12ca,2026-07-31,0.0
exchange_houses:x1_eeff_243:fc7b9aed179e2a92c8c0b94d,2016-07-31,485295.252
exchange_houses:x1_eeff_243:fc7b9aed179e2a92c8c0b94d,2017-07-31,3238377.678
exchange_houses:x1_eeff_243:fc7b9aed179e2a92c8c0b94d,2018-07-31,3489428.064
exchange_houses:x1_eeff_243:fc7b9aed179e2a92c8c0b94d,2019-07-31,3269378.251
exchange_houses:x1_eeff_243:fc7b9aed179e2a92c8c0b94d,2020-07-31,2056286.842
exchange_houses:x1_eeff_243:fc7b9aed179e2a92c8c0b94d,2021-07-31,1886666.815
exchange_houses:x1_eeff_243:fc7b9aed179e2a92c8c0b94d,2022-07-31,214403.552
exchange_houses:x1_eeff_243:fc7b9aed179e2a92c8c0b94d,2023-07-31,241699.758
exchange_houses:x1_eeff_243:fc7b9aed179e2a92c8c0b94d,2024-07-31,228056.215
exchange_houses:x1_eeff_243:fc7b9aed179e2a92c8c0b94d,2025-07-31,142436.327
exchange_houses:x1_eeff_243:fc7b9aed179e2a92c8c0b94d,2026-07-31,152368.479
exchange_houses:x1_eeff_244:29813f7bef88cb34d14f5cf1,2016-07-31,13604.001
exchange_houses:x1_eeff_244:29813f7bef88cb34d14f5cf1,2017-07-31,14965.724
exchange_houses:x1_eeff_244:29813f7bef88cb34d14f5cf1,2018-07-31,0.0
exchange_houses:x1_eeff_244:29813f7bef88cb34d14f5cf1,2019-07-31,46811.146
exchange_houses:x1_eeff_244:29813f7bef88cb34d14f5cf1,2020-07-31,54360.293
exchange_houses:x1_eeff_244:29813f7bef88cb34d14f5cf1,2021-07-31,63809.213
exchange_houses:x1_eeff_244:29813f7bef88cb34d14f5cf1,2022-07-31,83296.299
exchange_houses:x1_eeff_244:29813f7bef88cb34d14f5cf1,2023-07-31,0.0
exchange_houses:x1_eeff_244:29813f7bef88cb34d14f5cf1,2024-07-31,0.0
exchange_houses:x1_eeff_244:29813f7bef88cb34d14f5cf1,2025-07-31,0.0
exchange_houses:x1_eeff_244:29813f7bef88cb34d14f5cf1,2026-07-31,0.0
exchange_houses:x1_eeff_245:4f24df3e12c9c04a88b03415,2016-07-31,116828.37599999999
exchange_houses:x1_eeff_245:4f24df3e12c9c04a88b03415,2017-07-31,86523.534
exchange_houses:x1_eeff_245:4f24df3e12c9c04a88b03415,2018-07-31,127585.423
exchange_houses:x1_eeff_245:4f24df3e12c9c04a88b03415,2019-07-31,164974.258
exchange_houses:x1_eeff_245:4f24df3e12c9c04a88b03415,2020-07-31,0.0
exchange_houses:x1_eeff_245:4f24df3e12c9c04a88b03415,2021-07-31,206104.29599999997
exchange_houses:x1_eeff_245:4f24df3e12c9c04a88b03415,2022-07-31,251106.977
exchange_houses:x1_eeff_245:4f24df3e12c9c04a88b03415,2023-07-31,267193.76
exchange_houses:x1_eeff_245:4f24df3e12c9c04a88b03415,2024-07-31,215096.224
exchange_houses:x1_eeff_245:4f24df3e12c9c04a88b03415,2025-07-31,521486.999
exchange_houses:x1_eeff_245:4f24df3e12c9c04a88b03415,2026-07-31,250949.379
exchange_houses:x1_eeff_246:71c7775805bafbaf5050c1ce,2016-07-31,1366603.128
exchange_houses:x1_eeff_246:71c7775805bafbaf5050c1ce,2017-07-31,1231704.188
exchange_houses:x1_eeff_246:71c7775805bafbaf5050c1ce,2018-07-31,1269268.918
exchange_houses:x1_eeff_246:71c7775805bafbaf5050c1ce,2019-07-31,74414.3
exchange_houses:x1_eeff_246:71c7775805bafbaf5050c1ce,2020-07-31,1880995.593
exchange_houses:x1_eeff_246:71c7775805bafbaf5050c1ce,2021-07-31,66217.903
exchange_houses:x1_eeff_246:71c7775805bafbaf5050c1ce,2022-07-31,67043.369
exchange_houses:x1_eeff_246:71c7775805bafbaf5050c1ce,2023-07-31,742076.144
exchange_houses:x1_eeff_246:71c7775805bafbaf5050c1ce,2024-07-31,90043.002
exchange_houses:x1_eeff_246:71c7775805bafbaf5050c1ce,2025-07-31,84244.729
exchange_houses:x1_eeff_246:71c7775805bafbaf5050c1ce,2026-07-31,83459.416
exchange_houses:x1_eeff_247:85c1004e350fa9f93912a381,2016-07-31,7078222.4229999995
exchange_houses:x1_eeff_247:85c1004e350fa9f93912a381,2017-07-31,6584961.039
exchange_houses:x1_eeff_247:85c1004e350fa9f93912a381,2018-07-31,347234.298
exchange_houses:x1_eeff_247:85c1004e350fa9f93912a381,2019-07-31,318789.53
exchange_houses:x1_eeff_247:85c1004e350fa9f93912a381,2020-07-31,339596.724
exchange_houses:x1_eeff_247:85c1004e350fa9f93912a381,2021-07-31,310594.275
exchange_houses:x1_eeff_247:85c1004e350fa9f93912a381,2022-07-31,329483.827
exchange_houses:x1_eeff_247:85c1004e350fa9f93912a381,2023-07-31,305550.106
exchange_houses:x1_eeff_247:85c1004e350fa9f93912a381,2024-07-31,324301.677
exchange_houses:x1_eeff_247:85c1004e350fa9f93912a381,2025-07-31,281467.61199999996
exchange_houses:x1_eeff_247:85c1004e350fa9f93912a381,2026-07-31,283492.145
exchange_houses:x1_eeff_248:db42120cb982c616bf639ccd,2016-07-31,22239295.57717
exchange_houses:x1_eeff_248:db42120cb982c616bf639ccd,2017-07-31,26571837.50252
exchange_houses:x1_eeff_248:db42120cb982c616bf639ccd,2018-07-31,26154488.34033
exchange_houses:x1_eeff_248:db42120cb982c616bf639ccd,2019-07-31,42735758.45971
exchange_houses:x1_eeff_248:db42120cb982c616bf639ccd,2020-07-31,30279593.411960002
exchange_houses:x1_eeff_248:db42120cb982c616bf639ccd,2021-07-31,12997224.041949999
exchange_houses:x1_eeff_248:db42120cb982c616bf639ccd,2022-07-31,13003687.19403
exchange_houses:x1_eeff_248:db42120cb982c616bf639ccd,2023-07-31,16741363.958120001
exchange_houses:x1_eeff_248:db42120cb982c616bf639ccd,2024-07-31,15342073.308459997
exchange_houses:x1_eeff_248:db42120cb982c616bf639ccd,2025-07-31,14643024.31976
exchange_houses:x1_eeff_248:db42120cb982c616bf639ccd,2026-07-31,22154917.45039
exchange_houses:x1_eeff_249:9eb23d28cce4cd4db13b9fbd,2016-07-31,1544.944
exchange_houses:x1_eeff_249:9eb23d28cce4cd4db13b9fbd,2017-07-31,107534.11
exchange_houses:x1_eeff_249:9eb23d28cce4cd4db13b9fbd,2018-07-31,48675.298
exchange_houses:x1_eeff_249:9eb23d28cce4cd4db13b9fbd,2019-07-31,57214.486000000004
exchange_houses:x1_eeff_249:9eb23d28cce4cd4db13b9fbd,2020-07-31,99509.05
exchange_houses:x1_eeff_249:9eb23d28cce4cd4db13b9fbd,2021-07-31,38271.490000000005
exchange_houses:x1_eeff_249:9eb23d28cce4cd4db13b9fbd,2022-07-31,29445.299
exchange_houses:x1_eeff_249:9eb23d28cce4cd4db13b9fbd,2023-07-31,5196.264
exchange_houses:x1_eeff_249:9eb23d28cce4cd4db13b9fbd,2024-07-31,0.0
exchange_houses:x1_eeff_249:9eb23d28cce4cd4db13b9fbd,2025-07-31,4837.438
exchange_houses:x1_eeff_249:9eb23d28cce4cd4db13b9fbd,2026-07-31,11215.948
exchange_houses:x1_eeff_24:131bfe5a7aefda46c1926451,2016-07-31,5535884.434
exchange_houses:x1_eeff_24:131bfe5a7aefda46c1926451,2017-07-31,5995904.995
exchange_houses:x1_eeff_24:131bfe5a7aefda46c1926451,2018-07-31,5851846.6
exchange_houses:x1_eeff_24:131bfe5a7aefda46c1926451,2019-07-31,6570137.096
exchange_houses:x1_eeff_24:131bfe5a7aefda46c1926451,2020-07-31,6834662.085
exchange_houses:x1_eeff_24:131bfe5a7aefda46c1926451,2021-07-31,6871629.3040000005
exchange_houses:x1_eeff_24:131bfe5a7aefda46c1926451,2022-07-31,6951896.678
exchange_houses:x1_eeff_24:131bfe5a7aefda46c1926451,2023-07-31,7515367.691
exchange_houses:x1_eeff_24:131bfe5a7aefda46c1926451,2024-07-31,8610632.425999999
exchange_houses:x1_eeff_24:131bfe5a7aefda46c1926451,2025-07-31,7489508.455
exchange_houses:x1_eeff_24:131bfe5a7aefda46c1926451,2026-07-31,7351595.353
exchange_houses:x1_eeff_250:e673ee06b032c039c4f4ef23,2016-07-31,0.0
exchange_houses:x1_eeff_250:e673ee06b032c039c4f4ef23,2017-07-31,0.0
exchange_houses:x1_eeff_250:e673ee06b032c039c4f4ef23,2018-07-31,0.0
exchange_houses:x1_eeff_250:e673ee06b032c039c4f4ef23,2019-07-31,0.0
exchange_houses:x1_eeff_250:e673ee06b032c039c4f4ef23,2020-07-31,0.0
exchange_houses:x1_eeff_250:e673ee06b032c039c4f4ef23,2021-07-31,0.0
exchange_houses:x1_eeff_250:e673ee06b032c039c4f4ef23,2022-07-31,375058.519
exchange_houses:x1_eeff_250:e673ee06b032c039c4f4ef23,2023-07-31,6077560.691
exchange_houses:x1_eeff_250:e673ee06b032c039c4f4ef23,2024-07-31,3150630.487
exchange_houses:x1_eeff_250:e673ee06b032c039c4f4ef23,2025-07-31,2592166.576
exchange_houses:x1_eeff_250:e673ee06b032c039c4f4ef23,2026-07-31,2286189.097
exchange_houses:x1_eeff_251:9de851d73b373645f624c7ae,2016-07-31,0.0
exchange_houses:x1_eeff_251:9de851d73b373645f624c7ae,2017-07-31,0.0
exchange_houses:x1_eeff_251:9de851d73b373645f624c7ae,2018-07-31,0.0
exchange_houses:x1_eeff_251:9de851d73b373645f624c7ae,2019-07-31,0.0
exchange_houses:x1_eeff_251:9de851d73b373645f624c7ae,2020-07-31,0.0
exchange_houses:x1_eeff_251:9de851d73b373645f624c7ae,2021-07-31,0.0
exchange_houses:x1_eeff_251:9de851d73b373645f624c7ae,2022-07-31,0.0
exchange_houses:x1_eeff_251:9de851d73b373645f624c7ae,2023-07-31,0.0
exchange_houses:x1_eeff_251:9de851d73b373645f624c7ae,2024-07-31,0.0
exchange_houses:x1_eeff_251:9de851d73b373645f624c7ae,2025-07-31,0.0
exchange_houses:x1_eeff_251:9de851d73b373645f624c7ae,2026-07-31,0.0
exchange_houses:x1_eeff_252:68ea97c5d341d46078dfa76d,2016-07-31,1700833.775
exchange_houses:x1_eeff_252:68ea97c5d341d46078dfa76d,2017-07-31,2314241.6440000003
exchange_houses:x1_eeff_252:68ea97c5d341d46078dfa76d,2018-07-31,2088238.531
exchange_houses:x1_eeff_252:68ea97c5d341d46078dfa76d,2019-07-31,1725959.2710000002
exchange_houses:x1_eeff_252:68ea97c5d341d46078dfa76d,2020-07-31,2000176.9929999998
exchange_houses:x1_eeff_252:68ea97c5d341d46078dfa76d,2021-07-31,1550912.206
exchange_houses:x1_eeff_252:68ea97c5d341d46078dfa76d,2022-07-31,824385.892
exchange_houses:x1_eeff_252:68ea97c5d341d46078dfa76d,2023-07-31,667084.708
exchange_houses:x1_eeff_252:68ea97c5d341d46078dfa76d,2024-07-31,599004.894
exchange_houses:x1_eeff_252:68ea97c5d341d46078dfa76d,2025-07-31,417148.68700000003
exchange_houses:x1_eeff_252:68ea97c5d341d46078dfa76d,2026-07-31,256745.225
exchange_houses:x1_eeff_253:dd9b38e7edb0ca68ec6e6ae3,2016-07-31,0.0
exchange_houses:x1_eeff_253:dd9b38e7edb0ca68ec6e6ae3,2017-07-31,17221.43
exchange_houses:x1_eeff_253:dd9b38e7edb0ca68ec6e6ae3,2018-07-31,95070.16
exchange_houses:x1_eeff_253:dd9b38e7edb0ca68ec6e6ae3,2019-07-31,379170.219
exchange_houses:x1_eeff_253:dd9b38e7edb0ca68ec6e6ae3,2020-07-31,4776.332
exchange_houses:x1_eeff_253:dd9b38e7edb0ca68ec6e6ae3,2021-07-31,1562.106
exchange_houses:x1_eeff_253:dd9b38e7edb0ca68ec6e6ae3,2022-07-31,0.0
exchange_houses:x1_eeff_253:dd9b38e7edb0ca68ec6e6ae3,2023-07-31,25325.0
exchange_houses:x1_eeff_253:dd9b38e7edb0ca68ec6e6ae3,2024-07-31,123030.81
exchange_houses:x1_eeff_253:dd9b38e7edb0ca68ec6e6ae3,2025-07-31,7601.688
exchange_houses:x1_eeff_253:dd9b38e7edb0ca68ec6e6ae3,2026-07-31,90961.468
exchange_houses:x1_eeff_254:b0a18cdf4cc65b7c5f960771,2016-07-31,4658305.5200000005
exchange_houses:x1_eeff_254:b0a18cdf4cc65b7c5f960771,2017-07-31,6347238.482
exchange_houses:x1_eeff_254:b0a18cdf4cc65b7c5f960771,2018-07-31,5854590.018
exchange_houses:x1_eeff_254:b0a18cdf4cc65b7c5f960771,2019-07-31,5108976.137
exchange_houses:x1_eeff_254:b0a18cdf4cc65b7c5f960771,2020-07-31,5072910.638
exchange_houses:x1_eeff_254:b0a18cdf4cc65b7c5f960771,2021-07-31,1700578.5699999998
exchange_houses:x1_eeff_254:b0a18cdf4cc65b7c5f960771,2022-07-31,1421831.053
exchange_houses:x1_eeff_254:b0a18cdf4cc65b7c5f960771,2023-07-31,8043314.633
exchange_houses:x1_eeff_254:b0a18cdf4cc65b7c5f960771,2024-07-31,7078711.1389999995
exchange_houses:x1_eeff_254:b0a18cdf4cc65b7c5f960771,2025-07-31,7621776.126999999
exchange_houses:x1_eeff_254:b0a18cdf4cc65b7c5f960771,2026-07-31,1986698.08
exchange_houses:x1_eeff_255:2f7810d263222639e22ad55e,2016-07-31,0.0
exchange_houses:x1_eeff_255:2f7810d263222639e22ad55e,2017-07-31,0.0
exchange_houses:x1_eeff_255:2f7810d263222639e22ad55e,2018-07-31,0.0
exchange_houses:x1_eeff_255:2f7810d263222639e22ad55e,2019-07-31,0.0
exchange_houses:x1_eeff_255:2f7810d263222639e22ad55e,2020-07-31,0.0
exchange_houses:x1_eeff_255:2f7810d263222639e22ad55e,2021-07-31,0.0
exchange_houses:x1_eeff_255:2f7810d263222639e22ad55e,2022-07-31,0.0
exchange_houses:x1_eeff_255:2f7810d263222639e22ad55e,2023-07-31,0.0
exchange_houses:x1_eeff_255:2f7810d263222639e22ad55e,2024-07-31,0.0
exchange_houses:x1_eeff_255:2f7810d263222639e22ad55e,2025-07-31,0.0
exchange_houses:x1_eeff_255:2f7810d263222639e22ad55e,2026-07-31,0.0
exchange_houses:x1_eeff_256:21bb32ddda289a900d2832cb,2016-07-31,0.0
exchange_houses:x1_eeff_256:21bb32ddda289a900d2832cb,2017-07-31,0.0
exchange_houses:x1_eeff_256:21bb32ddda289a900d2832cb,2018-07-31,0.0
exchange_houses:x1_eeff_256:21bb32ddda289a900d2832cb,2019-07-31,0.0
exchange_houses:x1_eeff_256:21bb32ddda289a900d2832cb,2020-07-31,0.0
exchange_houses:x1_eeff_256:21bb32ddda289a900d2832cb,2021-07-31,0.0
exchange_houses:x1_eeff_256:21bb32ddda289a900d2832cb,2022-07-31,0.0
exchange_houses:x1_eeff_256:21bb32ddda289a900d2832cb,2023-07-31,0.0
exchange_houses:x1_eeff_256:21bb32ddda289a900d2832cb,2024-07-31,0.0
exchange_houses:x1_eeff_256:21bb32ddda289a900d2832cb,2025-07-31,0.0
exchange_houses:x1_eeff_256:21bb32ddda289a900d2832cb,2026-07-31,0.0
exchange_houses:x1_eeff_257:1aed07772044b927e23d5fed,2016-07-31,0.0
exchange_houses:x1_eeff_257:1aed07772044b927e23d5fed,2017-07-31,0.0
exchange_houses:x1_eeff_257:1aed07772044b927e23d5fed,2018-07-31,0.0
exchange_houses:x1_eeff_257:1aed07772044b927e23d5fed,2019-07-31,0.0
exchange_houses:x1_eeff_257:1aed07772044b927e23d5fed,2020-07-31,0.0
exchange_houses:x1_eeff_257:1aed07772044b927e23d5fed,2021-07-31,0.0
exchange_houses:x1_eeff_257:1aed07772044b927e23d5fed,2022-07-31,0.0
exchange_houses:x1_eeff_257:1aed07772044b927e23d5fed,2023-07-31,0.0
exchange_houses:x1_eeff_257:1aed07772044b927e23d5fed,2024-07-31,0.0
exchange_houses:x1_eeff_257:1aed07772044b927e23d5fed,2025-07-31,0.0
exchange_houses:x1_eeff_257:1aed07772044b927e23d5fed,2026-07-31,0.0
exchange_houses:x1_eeff_258:e099b0fc5307a1f21c8aeae3,2016-07-31,0.0
exchange_houses:x1_eeff_258:e099b0fc5307a1f21c8aeae3,2017-07-31,0.0
exchange_houses:x1_eeff_258:e099b0fc5307a1f21c8aeae3,2018-07-31,0.0
exchange_houses:x1_eeff_258:e099b0fc5307a1f21c8aeae3,2019-07-31,0.0
exchange_houses:x1_eeff_258:e099b0fc5307a1f21c8aeae3,2020-07-31,0.0
exchange_houses:x1_eeff_258:e099b0fc5307a1f21c8aeae3,2021-07-31,0.0
exchange_houses:x1_eeff_258:e099b0fc5307a1f21c8aeae3,2022-07-31,0.0
exchange_houses:x1_eeff_258:e099b0fc5307a1f21c8aeae3,2023-07-31,0.0
exchange_houses:x1_eeff_258:e099b0fc5307a1f21c8aeae3,2024-07-31,0.0
exchange_houses:x1_eeff_258:e099b0fc5307a1f21c8aeae3,2025-07-31,0.0
exchange_houses:x1_eeff_258:e099b0fc5307a1f21c8aeae3,2026-07-31,0.0
exchange_houses:x1_eeff_259:f0aa449fafee0b8c1c63807d,2016-07-31,0.0
exchange_houses:x1_eeff_259:f0aa449fafee0b8c1c63807d,2017-07-31,0.0
exchange_houses:x1_eeff_259:f0aa449fafee0b8c1c63807d,2018-07-31,5940.1669999999995
exchange_houses:x1_eeff_259:f0aa449fafee0b8c1c63807d,2019-07-31,80440.304
exchange_houses:x1_eeff_259:f0aa449fafee0b8c1c63807d,2020-07-31,134220.739
exchange_houses:x1_eeff_259:f0aa449fafee0b8c1c63807d,2021-07-31,0.0
exchange_houses:x1_eeff_259:f0aa449fafee0b8c1c63807d,2022-07-31,0.0
exchange_houses:x1_eeff_259:f0aa449fafee0b8c1c63807d,2023-07-31,0.0
exchange_houses:x1_eeff_259:f0aa449fafee0b8c1c63807d,2024-07-31,0.0
exchange_houses:x1_eeff_259:f0aa449fafee0b8c1c63807d,2025-07-31,0.0
exchange_houses:x1_eeff_259:f0aa449fafee0b8c1c63807d,2026-07-31,0.0
exchange_houses:x1_eeff_25:4f77808b9980582524d7ff41,2016-07-31,3131885.6350000002
exchange_houses:x1_eeff_25:4f77808b9980582524d7ff41,2017-07-31,0.0
exchange_houses:x1_eeff_25:4f77808b9980582524d7ff41,2018-07-31,0.0
exchange_houses:x1_eeff_25:4f77808b9980582524d7ff41,2019-07-31,0.0
exchange_houses:x1_eeff_25:4f77808b9980582524d7ff41,2020-07-31,0.0
exchange_houses:x1_eeff_25:4f77808b9980582524d7ff41,2021-07-31,0.0
exchange_houses:x1_eeff_25:4f77808b9980582524d7ff41,2022-07-31,0.0
exchange_houses:x1_eeff_25:4f77808b9980582524d7ff41,2023-07-31,0.0
exchange_houses:x1_eeff_25:4f77808b9980582524d7ff41,2024-07-31,0.0
exchange_houses:x1_eeff_25:4f77808b9980582524d7ff41,2025-07-31,0.0
exchange_houses:x1_eeff_25:4f77808b9980582524d7ff41,2026-07-31,0.0
exchange_houses:x1_eeff_260:8cb26d66d33e48ef81e2fff4,2016-07-31,143088.001
exchange_houses:x1_eeff_260:8cb26d66d33e48ef81e2fff4,2017-07-31,675565.255
exchange_houses:x1_eeff_260:8cb26d66d33e48ef81e2fff4,2018-07-31,21215.393
exchange_houses:x1_eeff_260:8cb26d66d33e48ef81e2fff4,2019-07-31,56021.483
exchange_houses:x1_eeff_260:8cb26d66d33e48ef81e2fff4,2020-07-31,50966.602
exchange_houses:x1_eeff_260:8cb26d66d33e48ef81e2fff4,2021-07-31,38727.668
exchange_houses:x1_eeff_260:8cb26d66d33e48ef81e2fff4,2022-07-31,105770.649
exchange_houses:x1_eeff_260:8cb26d66d33e48ef81e2fff4,2023-07-31,15910.021
exchange_houses:x1_eeff_260:8cb26d66d33e48ef81e2fff4,2024-07-31,14979.6
exchange_houses:x1_eeff_260:8cb26d66d33e48ef81e2fff4,2025-07-31,120094.1
exchange_houses:x1_eeff_260:8cb26d66d33e48ef81e2fff4,2026-07-31,0.0
exchange_houses:x1_eeff_261:0862f86f4bc9df2736eef4ce,2016-07-31,20770.93
exchange_houses:x1_eeff_261:0862f86f4bc9df2736eef4ce,2017-07-31,16080.2
exchange_houses:x1_eeff_261:0862f86f4bc9df2736eef4ce,2018-07-31,548.489
exchange_houses:x1_eeff_261:0862f86f4bc9df2736eef4ce,2019-07-31,1751.54
exchange_houses:x1_eeff_261:0862f86f4bc9df2736eef4ce,2020-07-31,8400.0
exchange_houses:x1_eeff_261:0862f86f4bc9df2736eef4ce,2021-07-31,0.0
exchange_houses:x1_eeff_261:0862f86f4bc9df2736eef4ce,2022-07-31,0.0
exchange_houses:x1_eeff_261:0862f86f4bc9df2736eef4ce,2023-07-31,0.0
exchange_houses:x1_eeff_261:0862f86f4bc9df2736eef4ce,2024-07-31,0.0
exchange_houses:x1_eeff_261:0862f86f4bc9df2736eef4ce,2025-07-31,0.0
exchange_houses:x1_eeff_261:0862f86f4bc9df2736eef4ce,2026-07-31,0.0
exchange_houses:x1_eeff_262:49c4c1d01454534050598278,2016-07-31,0.0
exchange_houses:x1_eeff_262:49c4c1d01454534050598278,2017-07-31,0.0
exchange_houses:x1_eeff_262:49c4c1d01454534050598278,2018-07-31,0.0
exchange_houses:x1_eeff_262:49c4c1d01454534050598278,2019-07-31,0.0
exchange_houses:x1_eeff_262:49c4c1d01454534050598278,2020-07-31,0.0
exchange_houses:x1_eeff_262:49c4c1d01454534050598278,2021-07-31,0.0
exchange_houses:x1_eeff_262:49c4c1d01454534050598278,2022-07-31,0.0
exchange_houses:x1_eeff_262:49c4c1d01454534050598278,2023-07-31,0.0
exchange_houses:x1_eeff_262:49c4c1d01454534050598278,2024-07-31,0.0
exchange_houses:x1_eeff_262:49c4c1d01454534050598278,2025-07-31,0.0
exchange_houses:x1_eeff_262:49c4c1d01454534050598278,2026-07-31,0.0
exchange_houses:x1_eeff_263:57b9c67061382f52272f3e1f,2016-07-31,719972.821
exchange_houses:x1_eeff_263:57b9c67061382f52272f3e1f,2017-07-31,1903104.65742
exchange_houses:x1_eeff_263:57b9c67061382f52272f3e1f,2018-07-31,508155.83758
exchange_houses:x1_eeff_263:57b9c67061382f52272f3e1f,2019-07-31,1606187.34396
exchange_houses:x1_eeff_263:57b9c67061382f52272f3e1f,2020-07-31,552179.22182
exchange_houses:x1_eeff_263:57b9c67061382f52272f3e1f,2021-07-31,417109.78152
exchange_houses:x1_eeff_263:57b9c67061382f52272f3e1f,2022-07-31,757290.6594700001
exchange_houses:x1_eeff_263:57b9c67061382f52272f3e1f,2023-07-31,964913.19603
exchange_houses:x1_eeff_263:57b9c67061382f52272f3e1f,2024-07-31,220105.81417
exchange_houses:x1_eeff_263:57b9c67061382f52272f3e1f,2025-07-31,434992.48746
exchange_houses:x1_eeff_263:57b9c67061382f52272f3e1f,2026-07-31,655906.805
exchange_houses:x1_eeff_264:0338a67436cb5372cc2f5b06,2016-07-31,0.0
exchange_houses:x1_eeff_264:0338a67436cb5372cc2f5b06,2017-07-31,0.0
exchange_houses:x1_eeff_264:0338a67436cb5372cc2f5b06,2018-07-31,0.0
exchange_houses:x1_eeff_264:0338a67436cb5372cc2f5b06,2019-07-31,0.0
exchange_houses:x1_eeff_264:0338a67436cb5372cc2f5b06,2020-07-31,0.0
exchange_houses:x1_eeff_264:0338a67436cb5372cc2f5b06,2021-07-31,0.0
exchange_houses:x1_eeff_264:0338a67436cb5372cc2f5b06,2022-07-31,0.0
exchange_houses:x1_eeff_264:0338a67436cb5372cc2f5b06,2023-07-31,0.0
exchange_houses:x1_eeff_264:0338a67436cb5372cc2f5b06,2024-07-31,0.0
exchange_houses:x1_eeff_264:0338a67436cb5372cc2f5b06,2025-07-31,0.0
exchange_houses:x1_eeff_264:0338a67436cb5372cc2f5b06,2026-07-31,0.0
exchange_houses:x1_eeff_265:a4542a437831a675cd170525,2016-07-31,0.0
exchange_houses:x1_eeff_265:a4542a437831a675cd170525,2017-07-31,833295.0
exchange_houses:x1_eeff_265:a4542a437831a675cd170525,2018-07-31,0.0
exchange_houses:x1_eeff_265:a4542a437831a675cd170525,2019-07-31,0.0
exchange_houses:x1_eeff_265:a4542a437831a675cd170525,2020-07-31,0.0
exchange_houses:x1_eeff_265:a4542a437831a675cd170525,2021-07-31,0.0
exchange_houses:x1_eeff_265:a4542a437831a675cd170525,2022-07-31,0.0
exchange_houses:x1_eeff_265:a4542a437831a675cd170525,2023-07-31,0.0
exchange_houses:x1_eeff_265:a4542a437831a675cd170525,2024-07-31,0.0
exchange_houses:x1_eeff_265:a4542a437831a675cd170525,2025-07-31,0.0
exchange_houses:x1_eeff_265:a4542a437831a675cd170525,2026-07-31,0.0
exchange_houses:x1_eeff_266:f1c8bbf4ec64ff3430671078,2016-07-31,22373.849
exchange_houses:x1_eeff_266:f1c8bbf4ec64ff3430671078,2017-07-31,1302394.311
exchange_houses:x1_eeff_266:f1c8bbf4ec64ff3430671078,2018-07-31,110519.263
exchange_houses:x1_eeff_266:f1c8bbf4ec64ff3430671078,2019-07-31,2483999.474
exchange_houses:x1_eeff_266:f1c8bbf4ec64ff3430671078,2020-07-31,105156.138
exchange_houses:x1_eeff_266:f1c8bbf4ec64ff3430671078,2021-07-31,2138978.852
exchange_houses:x1_eeff_266:f1c8bbf4ec64ff3430671078,2022-07-31,31059.806
exchange_houses:x1_eeff_266:f1c8bbf4ec64ff3430671078,2023-07-31,399645.11
exchange_houses:x1_eeff_266:f1c8bbf4ec64ff3430671078,2024-07-31,11592.189999999999
exchange_houses:x1_eeff_266:f1c8bbf4ec64ff3430671078,2025-07-31,9079.613
exchange_houses:x1_eeff_266:f1c8bbf4ec64ff3430671078,2026-07-31,14377.648
exchange_houses:x1_eeff_267:0c190a725f8bd296290228b7,2016-07-31,29860.0
exchange_houses:x1_eeff_267:0c190a725f8bd296290228b7,2017-07-31,28152.511
exchange_houses:x1_eeff_267:0c190a725f8bd296290228b7,2018-07-31,71296.811
exchange_houses:x1_eeff_267:0c190a725f8bd296290228b7,2019-07-31,107292.807
exchange_houses:x1_eeff_267:0c190a725f8bd296290228b7,2020-07-31,157273.35
exchange_houses:x1_eeff_267:0c190a725f8bd296290228b7,2021-07-31,424265.148
exchange_houses:x1_eeff_267:0c190a725f8bd296290228b7,2022-07-31,29625.427
exchange_houses:x1_eeff_267:0c190a725f8bd296290228b7,2023-07-31,43781.818
exchange_houses:x1_eeff_267:0c190a725f8bd296290228b7,2024-07-31,13703.402
exchange_houses:x1_eeff_267:0c190a725f8bd296290228b7,2025-07-31,849.878
exchange_houses:x1_eeff_267:0c190a725f8bd296290228b7,2026-07-31,558.6
exchange_houses:x1_eeff_268:88806f687e9764f3e22e4d23,2016-07-31,0.0
exchange_houses:x1_eeff_268:88806f687e9764f3e22e4d23,2017-07-31,0.0
exchange_houses:x1_eeff_268:88806f687e9764f3e22e4d23,2018-07-31,0.0
exchange_houses:x1_eeff_268:88806f687e9764f3e22e4d23,2019-07-31,0.0
exchange_houses:x1_eeff_268:88806f687e9764f3e22e4d23,2020-07-31,0.0
exchange_houses:x1_eeff_268:88806f687e9764f3e22e4d23,2021-07-31,0.0
exchange_houses:x1_eeff_268:88806f687e9764f3e22e4d23,2022-07-31,0.0
exchange_houses:x1_eeff_268:88806f687e9764f3e22e4d23,2023-07-31,0.0
exchange_houses:x1_eeff_268:88806f687e9764f3e22e4d23,2024-07-31,0.0
exchange_houses:x1_eeff_268:88806f687e9764f3e22e4d23,2025-07-31,0.0
exchange_houses:x1_eeff_268:88806f687e9764f3e22e4d23,2026-07-31,0.0
exchange_houses:x1_eeff_269:7a4c7db970f1826ded3b4b45,2016-07-31,0.0
exchange_houses:x1_eeff_269:7a4c7db970f1826ded3b4b45,2017-07-31,3406376.633
exchange_houses:x1_eeff_269:7a4c7db970f1826ded3b4b45,2018-07-31,0.0
exchange_houses:x1_eeff_269:7a4c7db970f1826ded3b4b45,2019-07-31,0.0
exchange_houses:x1_eeff_269:7a4c7db970f1826ded3b4b45,2020-07-31,0.0
exchange_houses:x1_eeff_269:7a4c7db970f1826ded3b4b45,2021-07-31,0.0
exchange_houses:x1_eeff_269:7a4c7db970f1826ded3b4b45,2022-07-31,0.0
exchange_houses:x1_eeff_269:7a4c7db970f1826ded3b4b45,2023-07-31,0.0
exchange_houses:x1_eeff_269:7a4c7db970f1826ded3b4b45,2024-07-31,0.0
exchange_houses:x1_eeff_269:7a4c7db970f1826ded3b4b45,2025-07-31,0.0
exchange_houses:x1_eeff_269:7a4c7db970f1826ded3b4b45,2026-07-31,0.0
exchange_houses:x1_eeff_26:80e514129dac354d069df308,2016-07-31,10246049.425
exchange_houses:x1_eeff_26:80e514129dac354d069df308,2017-07-31,22764458.075
exchange_houses:x1_eeff_26:80e514129dac354d069df308,2018-07-31,26699097.547000002
exchange_houses:x1_eeff_26:80e514129dac354d069df308,2019-07-31,23723062.029999997
exchange_houses:x1_eeff_26:80e514129dac354d069df308,2020-07-31,19016393.467
exchange_houses:x1_eeff_26:80e514129dac354d069df308,2021-07-31,19883094.489
exchange_houses:x1_eeff_26:80e514129dac354d069df308,2022-07-31,19038153.02
exchange_houses:x1_eeff_26:80e514129dac354d069df308,2023-07-31,20275423.266
exchange_houses:x1_eeff_26:80e514129dac354d069df308,2024-07-31,18741019.993
exchange_houses:x1_eeff_26:80e514129dac354d069df308,2025-07-31,16758917.728
exchange_houses:x1_eeff_26:80e514129dac354d069df308,2026-07-31,15175702.100000001
exchange_houses:x1_eeff_270:8ae94fe32f1d95c36cbea3b9,2016-07-31,0.0
exchange_houses:x1_eeff_270:8ae94fe32f1d95c36cbea3b9,2017-07-31,0.0
exchange_houses:x1_eeff_270:8ae94fe32f1d95c36cbea3b9,2018-07-31,0.0
exchange_houses:x1_eeff_270:8ae94fe32f1d95c36cbea3b9,2019-07-31,0.0
exchange_houses:x1_eeff_270:8ae94fe32f1d95c36cbea3b9,2020-07-31,0.0
exchange_houses:x1_eeff_270:8ae94fe32f1d95c36cbea3b9,2021-07-31,0.0
exchange_houses:x1_eeff_270:8ae94fe32f1d95c36cbea3b9,2022-07-31,0.0
exchange_houses:x1_eeff_270:8ae94fe32f1d95c36cbea3b9,2023-07-31,0.0
exchange_houses:x1_eeff_270:8ae94fe32f1d95c36cbea3b9,2024-07-31,0.0
exchange_houses:x1_eeff_270:8ae94fe32f1d95c36cbea3b9,2025-07-31,0.0
exchange_houses:x1_eeff_270:8ae94fe32f1d95c36cbea3b9,2026-07-31,0.0
exchange_houses:x1_eeff_271:f26765ed154ac1a0479b6028,2016-07-31,0.0
exchange_houses:x1_eeff_271:f26765ed154ac1a0479b6028,2017-07-31,0.0
exchange_houses:x1_eeff_271:f26765ed154ac1a0479b6028,2018-07-31,0.0
exchange_houses:x1_eeff_271:f26765ed154ac1a0479b6028,2019-07-31,0.0
exchange_houses:x1_eeff_271:f26765ed154ac1a0479b6028,2020-07-31,0.0
exchange_houses:x1_eeff_271:f26765ed154ac1a0479b6028,2021-07-31,0.0
exchange_houses:x1_eeff_271:f26765ed154ac1a0479b6028,2022-07-31,0.0
exchange_houses:x1_eeff_271:f26765ed154ac1a0479b6028,2023-07-31,0.0
exchange_houses:x1_eeff_271:f26765ed154ac1a0479b6028,2024-07-31,0.0
exchange_houses:x1_eeff_271:f26765ed154ac1a0479b6028,2025-07-31,0.0
exchange_houses:x1_eeff_271:f26765ed154ac1a0479b6028,2026-07-31,0.0
exchange_houses:x1_eeff_272:3f1523bd388924e23c8f11e6,2016-07-31,0.0
exchange_houses:x1_eeff_272:3f1523bd388924e23c8f11e6,2017-07-31,0.0
exchange_houses:x1_eeff_272:3f1523bd388924e23c8f11e6,2018-07-31,0.0
exchange_houses:x1_eeff_272:3f1523bd388924e23c8f11e6,2019-07-31,0.0
exchange_houses:x1_eeff_272:3f1523bd388924e23c8f11e6,2020-07-31,0.0
exchange_houses:x1_eeff_272:3f1523bd388924e23c8f11e6,2021-07-31,0.0
exchange_houses:x1_eeff_272:3f1523bd388924e23c8f11e6,2022-07-31,0.0
exchange_houses:x1_eeff_272:3f1523bd388924e23c8f11e6,2023-07-31,0.0
exchange_houses:x1_eeff_272:3f1523bd388924e23c8f11e6,2024-07-31,0.0
exchange_houses:x1_eeff_272:3f1523bd388924e23c8f11e6,2025-07-31,0.0
exchange_houses:x1_eeff_272:3f1523bd388924e23c8f11e6,2026-07-31,0.0
exchange_houses:x1_eeff_273:c536a5caa3c960165a023006,2016-07-31,0.0
exchange_houses:x1_eeff_273:c536a5caa3c960165a023006,2017-07-31,0.0
exchange_houses:x1_eeff_273:c536a5caa3c960165a023006,2018-07-31,0.0
exchange_houses:x1_eeff_273:c536a5caa3c960165a023006,2019-07-31,0.0
exchange_houses:x1_eeff_273:c536a5caa3c960165a023006,2020-07-31,0.0
exchange_houses:x1_eeff_273:c536a5caa3c960165a023006,2021-07-31,0.0
exchange_houses:x1_eeff_273:c536a5caa3c960165a023006,2022-07-31,0.0
exchange_houses:x1_eeff_273:c536a5caa3c960165a023006,2023-07-31,0.0
exchange_houses:x1_eeff_273:c536a5caa3c960165a023006,2024-07-31,0.0
exchange_houses:x1_eeff_273:c536a5caa3c960165a023006,2025-07-31,0.0
exchange_houses:x1_eeff_273:c536a5caa3c960165a023006,2026-07-31,0.0
exchange_houses:x1_eeff_274:ab547be6f5d2c662b0b4cd01,2016-07-31,0.0
exchange_houses:x1_eeff_274:ab547be6f5d2c662b0b4cd01,2017-07-31,0.0
exchange_houses:x1_eeff_274:ab547be6f5d2c662b0b4cd01,2018-07-31,0.0
exchange_houses:x1_eeff_274:ab547be6f5d2c662b0b4cd01,2019-07-31,0.0
exchange_houses:x1_eeff_274:ab547be6f5d2c662b0b4cd01,2020-07-31,0.0
exchange_houses:x1_eeff_274:ab547be6f5d2c662b0b4cd01,2021-07-31,6779.434
exchange_houses:x1_eeff_274:ab547be6f5d2c662b0b4cd01,2022-07-31,145782.779
exchange_houses:x1_eeff_274:ab547be6f5d2c662b0b4cd01,2023-07-31,94431.327
exchange_houses:x1_eeff_274:ab547be6f5d2c662b0b4cd01,2024-07-31,0.0
exchange_houses:x1_eeff_274:ab547be6f5d2c662b0b4cd01,2025-07-31,0.0
exchange_houses:x1_eeff_274:ab547be6f5d2c662b0b4cd01,2026-07-31,0.0
exchange_houses:x1_eeff_275:8baca323024f83a5e2b9f676,2016-07-31,0.0
exchange_houses:x1_eeff_275:8baca323024f83a5e2b9f676,2017-07-31,0.0
exchange_houses:x1_eeff_275:8baca323024f83a5e2b9f676,2018-07-31,0.0
exchange_houses:x1_eeff_275:8baca323024f83a5e2b9f676,2019-07-31,0.0
exchange_houses:x1_eeff_275:8baca323024f83a5e2b9f676,2020-07-31,0.0
exchange_houses:x1_eeff_275:8baca323024f83a5e2b9f676,2021-07-31,0.0
exchange_houses:x1_eeff_275:8baca323024f83a5e2b9f676,2022-07-31,0.0
exchange_houses:x1_eeff_275:8baca323024f83a5e2b9f676,2023-07-31,0.0
exchange_houses:x1_eeff_275:8baca323024f83a5e2b9f676,2024-07-31,0.0
exchange_houses:x1_eeff_275:8baca323024f83a5e2b9f676,2025-07-31,0.0
exchange_houses:x1_eeff_275:8baca323024f83a5e2b9f676,2026-07-31,0.0
exchange_houses:x1_eeff_276:5703a34b7564e43863332d8b,2016-07-31,0.0
exchange_houses:x1_eeff_276:5703a34b7564e43863332d8b,2017-07-31,0.0
exchange_houses:x1_eeff_276:5703a34b7564e43863332d8b,2018-07-31,0.0
exchange_houses:x1_eeff_276:5703a34b7564e43863332d8b,2019-07-31,0.0
exchange_houses:x1_eeff_276:5703a34b7564e43863332d8b,2020-07-31,0.0
exchange_houses:x1_eeff_276:5703a34b7564e43863332d8b,2021-07-31,0.0
exchange_houses:x1_eeff_276:5703a34b7564e43863332d8b,2022-07-31,0.0
exchange_houses:x1_eeff_276:5703a34b7564e43863332d8b,2023-07-31,0.0
exchange_houses:x1_eeff_276:5703a34b7564e43863332d8b,2024-07-31,0.0
exchange_houses:x1_eeff_276:5703a34b7564e43863332d8b,2025-07-31,0.0
exchange_houses:x1_eeff_276:5703a34b7564e43863332d8b,2026-07-31,0.0
exchange_houses:x1_eeff_277:9367c76e10b88ddcb1306f24,2016-07-31,0.0
exchange_houses:x1_eeff_277:9367c76e10b88ddcb1306f24,2017-07-31,0.0
exchange_houses:x1_eeff_277:9367c76e10b88ddcb1306f24,2018-07-31,0.0
exchange_houses:x1_eeff_277:9367c76e10b88ddcb1306f24,2019-07-31,0.0
exchange_houses:x1_eeff_277:9367c76e10b88ddcb1306f24,2020-07-31,0.0
exchange_houses:x1_eeff_277:9367c76e10b88ddcb1306f24,2021-07-31,0.0
exchange_houses:x1_eeff_277:9367c76e10b88ddcb1306f24,2022-07-31,0.0
exchange_houses:x1_eeff_277:9367c76e10b88ddcb1306f24,2023-07-31,0.0
exchange_houses:x1_eeff_277:9367c76e10b88ddcb1306f24,2024-07-31,0.0
exchange_houses:x1_eeff_277:9367c76e10b88ddcb1306f24,2025-07-31,0.0
exchange_houses:x1_eeff_277:9367c76e10b88ddcb1306f24,2026-07-31,0.0
exchange_houses:x1_eeff_278:f6af3bdb21f04e4bf217cd14,2016-07-31,0.0
exchange_houses:x1_eeff_278:f6af3bdb21f04e4bf217cd14,2017-07-31,0.0
exchange_houses:x1_eeff_278:f6af3bdb21f04e4bf217cd14,2018-07-31,43170.458
exchange_houses:x1_eeff_278:f6af3bdb21f04e4bf217cd14,2019-07-31,0.0
exchange_houses:x1_eeff_278:f6af3bdb21f04e4bf217cd14,2020-07-31,0.0
exchange_houses:x1_eeff_278:f6af3bdb21f04e4bf217cd14,2021-07-31,0.0
exchange_houses:x1_eeff_278:f6af3bdb21f04e4bf217cd14,2022-07-31,0.0
exchange_houses:x1_eeff_278:f6af3bdb21f04e4bf217cd14,2023-07-31,0.0
exchange_houses:x1_eeff_278:f6af3bdb21f04e4bf217cd14,2024-07-31,0.0
exchange_houses:x1_eeff_278:f6af3bdb21f04e4bf217cd14,2025-07-31,0.0
exchange_houses:x1_eeff_278:f6af3bdb21f04e4bf217cd14,2026-07-31,728416.189
exchange_houses:x1_eeff_279:e8ec0dbfc8dc3fb790928edf,2016-07-31,7296749.840000001
exchange_houses:x1_eeff_279:e8ec0dbfc8dc3fb790928edf,2017-07-31,16951204.23342
exchange_houses:x1_eeff_279:e8ec0dbfc8dc3fb790928edf,2018-07-31,8847420.42558
exchange_houses:x1_eeff_279:e8ec0dbfc8dc3fb790928edf,2019-07-31,11607013.064959997
exchange_houses:x1_eeff_279:e8ec0dbfc8dc3fb790928edf,2020-07-31,8185569.06382
exchange_houses:x1_eeff_279:e8ec0dbfc8dc3fb790928edf,2021-07-31,6317185.25552
exchange_houses:x1_eeff_279:e8ec0dbfc8dc3fb790928edf,2022-07-31,3720250.08347
exchange_houses:x1_eeff_279:e8ec0dbfc8dc3fb790928edf,2023-07-31,16337162.768029999
exchange_houses:x1_eeff_279:e8ec0dbfc8dc3fb790928edf,2024-07-31,11211758.33617
exchange_houses:x1_eeff_279:e8ec0dbfc8dc3fb790928edf,2025-07-31,11208546.59446
exchange_houses:x1_eeff_279:e8ec0dbfc8dc3fb790928edf,2026-07-31,6031069.06
exchange_houses:x1_eeff_27:875e42819bdc6287d5ccd889,2016-07-31,3541202.9020000002
exchange_houses:x1_eeff_27:875e42819bdc6287d5ccd889,2017-07-31,3806887.791
exchange_houses:x1_eeff_27:875e42819bdc6287d5ccd889,2018-07-31,0.0
exchange_houses:x1_eeff_27:875e42819bdc6287d5ccd889,2019-07-31,4045070.6859999998
exchange_houses:x1_eeff_27:875e42819bdc6287d5ccd889,2020-07-31,3553359.631
exchange_houses:x1_eeff_27:875e42819bdc6287d5ccd889,2021-07-31,3077766.455
exchange_houses:x1_eeff_27:875e42819bdc6287d5ccd889,2022-07-31,2502350.6210000003
exchange_houses:x1_eeff_27:875e42819bdc6287d5ccd889,2023-07-31,0.0
exchange_houses:x1_eeff_27:875e42819bdc6287d5ccd889,2024-07-31,0.0
exchange_houses:x1_eeff_27:875e42819bdc6287d5ccd889,2025-07-31,0.0
exchange_houses:x1_eeff_27:875e42819bdc6287d5ccd889,2026-07-31,0.0
exchange_houses:x1_eeff_280:924288b28d6ac06c3c9a4be4,2016-07-31,45900000.0
exchange_houses:x1_eeff_280:924288b28d6ac06c3c9a4be4,2017-07-31,49000000.0
exchange_houses:x1_eeff_280:924288b28d6ac06c3c9a4be4,2018-07-31,51000000.0
exchange_houses:x1_eeff_280:924288b28d6ac06c3c9a4be4,2019-07-31,52000000.0
exchange_houses:x1_eeff_280:924288b28d6ac06c3c9a4be4,2020-07-31,53000000.0
exchange_houses:x1_eeff_280:924288b28d6ac06c3c9a4be4,2021-07-31,53000000.0
exchange_houses:x1_eeff_280:924288b28d6ac06c3c9a4be4,2022-07-31,53000000.0
exchange_houses:x1_eeff_280:924288b28d6ac06c3c9a4be4,2023-07-31,53000000.0
exchange_houses:x1_eeff_280:924288b28d6ac06c3c9a4be4,2024-07-31,54846000.0
exchange_houses:x1_eeff_280:924288b28d6ac06c3c9a4be4,2025-07-31,55404000.0
exchange_houses:x1_eeff_280:924288b28d6ac06c3c9a4be4,2026-07-31,55404000.0
exchange_houses:x1_eeff_281:d9fc09c732e968e1a6bdad8a,2016-07-31,3850000.0
exchange_houses:x1_eeff_281:d9fc09c732e968e1a6bdad8a,2017-07-31,4000000.0
exchange_houses:x1_eeff_281:d9fc09c732e968e1a6bdad8a,2018-07-31,4500000.0
exchange_houses:x1_eeff_281:d9fc09c732e968e1a6bdad8a,2019-07-31,5000000.0
exchange_houses:x1_eeff_281:d9fc09c732e968e1a6bdad8a,2020-07-31,9000000.0
exchange_houses:x1_eeff_281:d9fc09c732e968e1a6bdad8a,2021-07-31,12000000.0
exchange_houses:x1_eeff_281:d9fc09c732e968e1a6bdad8a,2022-07-31,13000000.0
exchange_houses:x1_eeff_281:d9fc09c732e968e1a6bdad8a,2023-07-31,14000000.0
exchange_houses:x1_eeff_281:d9fc09c732e968e1a6bdad8a,2024-07-31,14950000.0
exchange_houses:x1_eeff_281:d9fc09c732e968e1a6bdad8a,2025-07-31,14950000.0
exchange_houses:x1_eeff_281:d9fc09c732e968e1a6bdad8a,2026-07-31,17000000.0
exchange_houses:x1_eeff_282:6a9b58c4d1ef6f057b185dd1,2016-07-31,5244210.953
exchange_houses:x1_eeff_282:6a9b58c4d1ef6f057b185dd1,2017-07-31,5380000.0
exchange_houses:x1_eeff_282:6a9b58c4d1ef6f057b185dd1,2018-07-31,5921832.09
exchange_houses:x1_eeff_282:6a9b58c4d1ef6f057b185dd1,2019-07-31,6001832.09
exchange_houses:x1_eeff_282:6a9b58c4d1ef6f057b185dd1,2020-07-31,6200000.0
exchange_houses:x1_eeff_282:6a9b58c4d1ef6f057b185dd1,2021-07-31,6200000.0
exchange_houses:x1_eeff_282:6a9b58c4d1ef6f057b185dd1,2022-07-31,6200000.0
exchange_houses:x1_eeff_282:6a9b58c4d1ef6f057b185dd1,2023-07-31,6400000.0
exchange_houses:x1_eeff_282:6a9b58c4d1ef6f057b185dd1,2024-07-31,6500000.0
exchange_houses:x1_eeff_282:6a9b58c4d1ef6f057b185dd1,2025-07-31,6680000.0
exchange_houses:x1_eeff_282:6a9b58c4d1ef6f057b185dd1,2026-07-31,6680000.0
exchange_houses:x1_eeff_283:589e628bedf31e2fdf356104,2016-07-31,12000000.0
exchange_houses:x1_eeff_283:589e628bedf31e2fdf356104,2017-07-31,12000000.0
exchange_houses:x1_eeff_283:589e628bedf31e2fdf356104,2018-07-31,12000000.0
exchange_houses:x1_eeff_283:589e628bedf31e2fdf356104,2019-07-31,12000000.0
exchange_houses:x1_eeff_283:589e628bedf31e2fdf356104,2020-07-31,12000000.0
exchange_houses:x1_eeff_283:589e628bedf31e2fdf356104,2021-07-31,12000000.0
exchange_houses:x1_eeff_283:589e628bedf31e2fdf356104,2022-07-31,12000000.0
exchange_houses:x1_eeff_283:589e628bedf31e2fdf356104,2023-07-31,12000000.0
exchange_houses:x1_eeff_283:589e628bedf31e2fdf356104,2024-07-31,12000000.0
exchange_houses:x1_eeff_283:589e628bedf31e2fdf356104,2025-07-31,12000000.0
exchange_houses:x1_eeff_283:589e628bedf31e2fdf356104,2026-07-31,12000000.0
exchange_houses:x1_eeff_284:ce406a2b19cb6411479a2e72,2016-07-31,3750000.0
exchange_houses:x1_eeff_284:ce406a2b19cb6411479a2e72,2017-07-31,4000000.0
exchange_houses:x1_eeff_284:ce406a2b19cb6411479a2e72,2018-07-31,4070000.0
exchange_houses:x1_eeff_284:ce406a2b19cb6411479a2e72,2019-07-31,4200000.0
exchange_houses:x1_eeff_284:ce406a2b19cb6411479a2e72,2020-07-31,4320000.0
exchange_houses:x1_eeff_284:ce406a2b19cb6411479a2e72,2021-07-31,4420000.0
exchange_houses:x1_eeff_284:ce406a2b19cb6411479a2e72,2022-07-31,4711000.0
exchange_houses:x1_eeff_284:ce406a2b19cb6411479a2e72,2023-07-31,5100000.0
exchange_houses:x1_eeff_284:ce406a2b19cb6411479a2e72,2024-07-31,5280000.0
exchange_houses:x1_eeff_284:ce406a2b19cb6411479a2e72,2025-07-31,5480000.0
exchange_houses:x1_eeff_284:ce406a2b19cb6411479a2e72,2026-07-31,5660000.0
exchange_houses:x1_eeff_285:e52c70abd43703b002476582,2016-07-31,18000000.0
exchange_houses:x1_eeff_285:e52c70abd43703b002476582,2017-07-31,18000000.0
exchange_houses:x1_eeff_285:e52c70abd43703b002476582,2018-07-31,18000000.0
exchange_houses:x1_eeff_285:e52c70abd43703b002476582,2019-07-31,18000000.0
exchange_houses:x1_eeff_285:e52c70abd43703b002476582,2020-07-31,18000000.0
exchange_houses:x1_eeff_285:e52c70abd43703b002476582,2021-07-31,18000000.0
exchange_houses:x1_eeff_285:e52c70abd43703b002476582,2022-07-31,18000000.0
exchange_houses:x1_eeff_285:e52c70abd43703b002476582,2023-07-31,18000000.0
exchange_houses:x1_eeff_285:e52c70abd43703b002476582,2024-07-31,18000000.0
exchange_houses:x1_eeff_285:e52c70abd43703b002476582,2025-07-31,18000000.0
exchange_houses:x1_eeff_285:e52c70abd43703b002476582,2026-07-31,18000000.0
exchange_houses:x1_eeff_286:a20ea6f3a76d470d98afde3f,2016-07-31,3917199.958
exchange_houses:x1_eeff_286:a20ea6f3a76d470d98afde3f,2017-07-31,3917199.958
exchange_houses:x1_eeff_286:a20ea6f3a76d470d98afde3f,2018-07-31,4300000.0
exchange_houses:x1_eeff_286:a20ea6f3a76d470d98afde3f,2019-07-31,5265223.552
exchange_houses:x1_eeff_286:a20ea6f3a76d470d98afde3f,2020-07-31,6757055.841
exchange_houses:x1_eeff_286:a20ea6f3a76d470d98afde3f,2021-07-31,7698998.221
exchange_houses:x1_eeff_286:a20ea6f3a76d470d98afde3f,2022-07-31,7990000.0
exchange_houses:x1_eeff_286:a20ea6f3a76d470d98afde3f,2023-07-31,8610000.0
exchange_houses:x1_eeff_286:a20ea6f3a76d470d98afde3f,2024-07-31,8960000.0
exchange_houses:x1_eeff_286:a20ea6f3a76d470d98afde3f,2025-07-31,9950000.0
exchange_houses:x1_eeff_286:a20ea6f3a76d470d98afde3f,2026-07-31,11824661.611
exchange_houses:x1_eeff_287:081995577cb86e106184d133,2016-07-31,4200000.0
exchange_houses:x1_eeff_287:081995577cb86e106184d133,2017-07-31,4339723.505
exchange_houses:x1_eeff_287:081995577cb86e106184d133,2018-07-31,4340000.0
exchange_houses:x1_eeff_287:081995577cb86e106184d133,2019-07-31,4440000.0
exchange_houses:x1_eeff_287:081995577cb86e106184d133,2020-07-31,5000000.0
exchange_houses:x1_eeff_287:081995577cb86e106184d133,2021-07-31,5000000.0
exchange_houses:x1_eeff_287:081995577cb86e106184d133,2022-07-31,5000000.0
exchange_houses:x1_eeff_287:081995577cb86e106184d133,2023-07-31,5150000.0
exchange_houses:x1_eeff_287:081995577cb86e106184d133,2024-07-31,5280000.0
exchange_houses:x1_eeff_287:081995577cb86e106184d133,2025-07-31,5480000.0
exchange_houses:x1_eeff_287:081995577cb86e106184d133,2026-07-31,5660000.0
exchange_houses:x1_eeff_288:4bffff89ea96e0fb940fa5b0,2016-07-31,4374555.4
exchange_houses:x1_eeff_288:4bffff89ea96e0fb940fa5b0,2017-07-31,4374555.4
exchange_houses:x1_eeff_288:4bffff89ea96e0fb940fa5b0,2018-07-31,4374555.4
exchange_houses:x1_eeff_288:4bffff89ea96e0fb940fa5b0,2019-07-31,4374555.4
exchange_houses:x1_eeff_288:4bffff89ea96e0fb940fa5b0,2020-07-31,0.0
exchange_houses:x1_eeff_288:4bffff89ea96e0fb940fa5b0,2021-07-31,4410000.022
exchange_houses:x1_eeff_288:4bffff89ea96e0fb940fa5b0,2022-07-31,4410000.0
exchange_houses:x1_eeff_288:4bffff89ea96e0fb940fa5b0,2023-07-31,4410000.0
exchange_houses:x1_eeff_288:4bffff89ea96e0fb940fa5b0,2024-07-31,0.0
exchange_houses:x1_eeff_288:4bffff89ea96e0fb940fa5b0,2025-07-31,0.0
exchange_houses:x1_eeff_288:4bffff89ea96e0fb940fa5b0,2026-07-31,0.0
exchange_houses:x1_eeff_289:d21a14f7cf6ea5a1cf7e0540,2016-07-31,3750000.0
exchange_houses:x1_eeff_289:d21a14f7cf6ea5a1cf7e0540,2017-07-31,4000000.0
exchange_houses:x1_eeff_289:d21a14f7cf6ea5a1cf7e0540,2018-07-31,4100000.0
exchange_houses:x1_eeff_289:d21a14f7cf6ea5a1cf7e0540,2019-07-31,4200000.0
exchange_houses:x1_eeff_289:d21a14f7cf6ea5a1cf7e0540,2020-07-31,4350000.0
exchange_houses:x1_eeff_289:d21a14f7cf6ea5a1cf7e0540,2021-07-31,4450000.0
exchange_houses:x1_eeff_289:d21a14f7cf6ea5a1cf7e0540,2022-07-31,4750000.0
exchange_houses:x1_eeff_289:d21a14f7cf6ea5a1cf7e0540,2023-07-31,5550000.0
exchange_houses:x1_eeff_289:d21a14f7cf6ea5a1cf7e0540,2024-07-31,5550000.0
exchange_houses:x1_eeff_289:d21a14f7cf6ea5a1cf7e0540,2025-07-31,6050000.0
exchange_houses:x1_eeff_289:d21a14f7cf6ea5a1cf7e0540,2026-07-31,6050000.0
exchange_houses:x1_eeff_28:854a1a4b359434b3825fe015,2016-07-31,4964850.265
exchange_houses:x1_eeff_28:854a1a4b359434b3825fe015,2017-07-31,4650491.098
exchange_houses:x1_eeff_28:854a1a4b359434b3825fe015,2018-07-31,5816207.882999999
exchange_houses:x1_eeff_28:854a1a4b359434b3825fe015,2019-07-31,5761871.904
exchange_houses:x1_eeff_28:854a1a4b359434b3825fe015,2020-07-31,0.0
exchange_houses:x1_eeff_28:854a1a4b359434b3825fe015,2021-07-31,6215629.656
exchange_houses:x1_eeff_28:854a1a4b359434b3825fe015,2022-07-31,6326714.397
exchange_houses:x1_eeff_28:854a1a4b359434b3825fe015,2023-07-31,7147101.086999999
exchange_houses:x1_eeff_28:854a1a4b359434b3825fe015,2024-07-31,7658465.159
exchange_houses:x1_eeff_28:854a1a4b359434b3825fe015,2025-07-31,7113472.245
exchange_houses:x1_eeff_28:854a1a4b359434b3825fe015,2026-07-31,8252779.32
exchange_houses:x1_eeff_290:00084998ae04b46684d7b2e2,2016-07-31,4000000.0
exchange_houses:x1_eeff_290:00084998ae04b46684d7b2e2,2017-07-31,4000000.0
exchange_houses:x1_eeff_290:00084998ae04b46684d7b2e2,2018-07-31,4100000.0
exchange_houses:x1_eeff_290:00084998ae04b46684d7b2e2,2019-07-31,4200000.0
exchange_houses:x1_eeff_290:00084998ae04b46684d7b2e2,2020-07-31,4316000.0
exchange_houses:x1_eeff_290:00084998ae04b46684d7b2e2,2021-07-31,4410157.293
exchange_houses:x1_eeff_290:00084998ae04b46684d7b2e2,2022-07-31,4711157.293
exchange_houses:x1_eeff_290:00084998ae04b46684d7b2e2,2023-07-31,5104319.482
exchange_houses:x1_eeff_290:00084998ae04b46684d7b2e2,2024-07-31,6093762.696
exchange_houses:x1_eeff_290:00084998ae04b46684d7b2e2,2025-07-31,6093762.696
exchange_houses:x1_eeff_290:00084998ae04b46684d7b2e2,2026-07-31,0.0
exchange_houses:x1_eeff_291:47b4a95d33b2b13ecab6b497,2016-07-31,8100000.0
exchange_houses:x1_eeff_291:47b4a95d33b2b13ecab6b497,2017-07-31,8100000.0
exchange_houses:x1_eeff_291:47b4a95d33b2b13ecab6b497,2018-07-31,8100000.0
exchange_houses:x1_eeff_291:47b4a95d33b2b13ecab6b497,2019-07-31,8100000.0
exchange_houses:x1_eeff_291:47b4a95d33b2b13ecab6b497,2020-07-31,8100000.0
exchange_houses:x1_eeff_291:47b4a95d33b2b13ecab6b497,2021-07-31,8100000.0
exchange_houses:x1_eeff_291:47b4a95d33b2b13ecab6b497,2022-07-31,8100000.0
exchange_houses:x1_eeff_291:47b4a95d33b2b13ecab6b497,2023-07-31,8100000.0
exchange_houses:x1_eeff_291:47b4a95d33b2b13ecab6b497,2024-07-31,8100000.0
exchange_houses:x1_eeff_291:47b4a95d33b2b13ecab6b497,2025-07-31,8100000.0
exchange_houses:x1_eeff_291:47b4a95d33b2b13ecab6b497,2026-07-31,8100000.0
exchange_houses:x1_eeff_292:2b980c3652b8580d27bfffc5,2016-07-31,6896031.0
exchange_houses:x1_eeff_292:2b980c3652b8580d27bfffc5,2017-07-31,7896031.0
exchange_houses:x1_eeff_292:2b980c3652b8580d27bfffc5,2018-07-31,8396031.0
exchange_houses:x1_eeff_292:2b980c3652b8580d27bfffc5,2019-07-31,8396031.0
exchange_houses:x1_eeff_292:2b980c3652b8580d27bfffc5,2020-07-31,8896031.0
exchange_houses:x1_eeff_292:2b980c3652b8580d27bfffc5,2021-07-31,8896031.0
exchange_houses:x1_eeff_292:2b980c3652b8580d27bfffc5,2022-07-31,5010000.0
exchange_houses:x1_eeff_292:2b980c3652b8580d27bfffc5,2023-07-31,7510000.0
exchange_houses:x1_eeff_292:2b980c3652b8580d27bfffc5,2024-07-31,7510000.0
exchange_houses:x1_eeff_292:2b980c3652b8580d27bfffc5,2025-07-31,7510000.0
exchange_houses:x1_eeff_292:2b980c3652b8580d27bfffc5,2026-07-31,11133879.771
exchange_houses:x1_eeff_293:206a0b8f338d67d084a3b4f3,2016-07-31,3950000.0
exchange_houses:x1_eeff_293:206a0b8f338d67d084a3b4f3,2017-07-31,4050717.449
exchange_houses:x1_eeff_293:206a0b8f338d67d084a3b4f3,2018-07-31,4450717.449
exchange_houses:x1_eeff_293:206a0b8f338d67d084a3b4f3,2019-07-31,4449833.449
exchange_houses:x1_eeff_293:206a0b8f338d67d084a3b4f3,2020-07-31,4800000.0
exchange_houses:x1_eeff_293:206a0b8f338d67d084a3b4f3,2021-07-31,5100000.0
exchange_houses:x1_eeff_293:206a0b8f338d67d084a3b4f3,2022-07-31,5550000.0
exchange_houses:x1_eeff_293:206a0b8f338d67d084a3b4f3,2023-07-31,5550000.0
exchange_houses:x1_eeff_293:206a0b8f338d67d084a3b4f3,2024-07-31,5354287.146
exchange_houses:x1_eeff_293:206a0b8f338d67d084a3b4f3,2025-07-31,5794018.772
exchange_houses:x1_eeff_293:206a0b8f338d67d084a3b4f3,2026-07-31,5950000.0
exchange_houses:x1_eeff_294:06337c5f94bfae8daf347e43,2016-07-31,20878000.0
exchange_houses:x1_eeff_294:06337c5f94bfae8daf347e43,2017-07-31,23004000.0
exchange_houses:x1_eeff_294:06337c5f94bfae8daf347e43,2018-07-31,25000000.0
exchange_houses:x1_eeff_294:06337c5f94bfae8daf347e43,2019-07-31,25000000.0
exchange_houses:x1_eeff_294:06337c5f94bfae8daf347e43,2020-07-31,25000000.0
exchange_houses:x1_eeff_294:06337c5f94bfae8daf347e43,2021-07-31,25000000.0
exchange_houses:x1_eeff_294:06337c5f94bfae8daf347e43,2022-07-31,25000000.0
exchange_houses:x1_eeff_294:06337c5f94bfae8daf347e43,2023-07-31,25000000.0
exchange_houses:x1_eeff_294:06337c5f94bfae8daf347e43,2024-07-31,25000000.0
exchange_houses:x1_eeff_294:06337c5f94bfae8daf347e43,2025-07-31,25000000.0
exchange_houses:x1_eeff_294:06337c5f94bfae8daf347e43,2026-07-31,25000000.0
exchange_houses:x1_eeff_295:43328e826ceb94158a903313,2016-07-31,17000000.0
exchange_houses:x1_eeff_295:43328e826ceb94158a903313,2017-07-31,12000000.0
exchange_houses:x1_eeff_295:43328e826ceb94158a903313,2018-07-31,12000000.0
exchange_houses:x1_eeff_295:43328e826ceb94158a903313,2019-07-31,12000000.0
exchange_houses:x1_eeff_295:43328e826ceb94158a903313,2020-07-31,12000000.0
exchange_houses:x1_eeff_295:43328e826ceb94158a903313,2021-07-31,12000000.0
exchange_houses:x1_eeff_295:43328e826ceb94158a903313,2022-07-31,12000000.0
exchange_houses:x1_eeff_295:43328e826ceb94158a903313,2023-07-31,12000000.0
exchange_houses:x1_eeff_295:43328e826ceb94158a903313,2024-07-31,12000000.0
exchange_houses:x1_eeff_295:43328e826ceb94158a903313,2025-07-31,12000000.0
exchange_houses:x1_eeff_295:43328e826ceb94158a903313,2026-07-31,12000000.0
exchange_houses:x1_eeff_296:7598db64e134c8e6596196a8,2016-07-31,6000000.0
exchange_houses:x1_eeff_296:7598db64e134c8e6596196a8,2017-07-31,6000000.0
exchange_houses:x1_eeff_296:7598db64e134c8e6596196a8,2018-07-31,6000000.0
exchange_houses:x1_eeff_296:7598db64e134c8e6596196a8,2019-07-31,6000000.0
exchange_houses:x1_eeff_296:7598db64e134c8e6596196a8,2020-07-31,0.0
exchange_houses:x1_eeff_296:7598db64e134c8e6596196a8,2021-07-31,0.0
exchange_houses:x1_eeff_296:7598db64e134c8e6596196a8,2022-07-31,0.0
exchange_houses:x1_eeff_296:7598db64e134c8e6596196a8,2023-07-31,0.0
exchange_houses:x1_eeff_296:7598db64e134c8e6596196a8,2024-07-31,0.0
exchange_houses:x1_eeff_296:7598db64e134c8e6596196a8,2025-07-31,0.0
exchange_houses:x1_eeff_296:7598db64e134c8e6596196a8,2026-07-31,0.0
exchange_houses:x1_eeff_297:09f5fcbac45b57098ce42b0c,2016-07-31,23280000.0
exchange_houses:x1_eeff_297:09f5fcbac45b57098ce42b0c,2017-07-31,24830000.0
exchange_houses:x1_eeff_297:09f5fcbac45b57098ce42b0c,2018-07-31,32010000.0
exchange_houses:x1_eeff_297:09f5fcbac45b57098ce42b0c,2019-07-31,45000000.0
exchange_houses:x1_eeff_297:09f5fcbac45b57098ce42b0c,2020-07-31,60000000.0
exchange_houses:x1_eeff_297:09f5fcbac45b57098ce42b0c,2021-07-31,60000000.0
exchange_houses:x1_eeff_297:09f5fcbac45b57098ce42b0c,2022-07-31,60000000.0
exchange_houses:x1_eeff_297:09f5fcbac45b57098ce42b0c,2023-07-31,60000000.0
exchange_houses:x1_eeff_297:09f5fcbac45b57098ce42b0c,2024-07-31,60000000.0
exchange_houses:x1_eeff_297:09f5fcbac45b57098ce42b0c,2025-07-31,60000000.0
exchange_houses:x1_eeff_297:09f5fcbac45b57098ce42b0c,2026-07-31,60000000.0
exchange_houses:x1_eeff_298:b05c169bff29434469217298,2016-07-31,9561027.44
exchange_houses:x1_eeff_298:b05c169bff29434469217298,2017-07-31,10000000.0
exchange_houses:x1_eeff_298:b05c169bff29434469217298,2018-07-31,10000000.0
exchange_houses:x1_eeff_298:b05c169bff29434469217298,2019-07-31,10000000.0
exchange_houses:x1_eeff_298:b05c169bff29434469217298,2020-07-31,10000000.0
exchange_houses:x1_eeff_298:b05c169bff29434469217298,2021-07-31,10000000.0
exchange_houses:x1_eeff_298:b05c169bff29434469217298,2022-07-31,10000000.0
exchange_houses:x1_eeff_298:b05c169bff29434469217298,2023-07-31,11100000.0
exchange_houses:x1_eeff_298:b05c169bff29434469217298,2024-07-31,13000000.0
exchange_houses:x1_eeff_298:b05c169bff29434469217298,2025-07-31,13000000.0
exchange_houses:x1_eeff_298:b05c169bff29434469217298,2026-07-31,14200000.0
exchange_houses:x1_eeff_299:72cf262fb44814a0cc40036d,2016-07-31,3750000.0
exchange_houses:x1_eeff_299:72cf262fb44814a0cc40036d,2017-07-31,3895000.0
exchange_houses:x1_eeff_299:72cf262fb44814a0cc40036d,2018-07-31,4070000.0
exchange_houses:x1_eeff_299:72cf262fb44814a0cc40036d,2019-07-31,4200000.0
exchange_houses:x1_eeff_299:72cf262fb44814a0cc40036d,2020-07-31,4320000.0
exchange_houses:x1_eeff_299:72cf262fb44814a0cc40036d,2021-07-31,4415000.0
exchange_houses:x1_eeff_299:72cf262fb44814a0cc40036d,2022-07-31,4715000.0
exchange_houses:x1_eeff_299:72cf262fb44814a0cc40036d,2023-07-31,5095000.0
exchange_houses:x1_eeff_299:72cf262fb44814a0cc40036d,2024-07-31,5280000.0
exchange_houses:x1_eeff_299:72cf262fb44814a0cc40036d,2025-07-31,5480000.0
exchange_houses:x1_eeff_299:72cf262fb44814a0cc40036d,2026-07-31,6000000.0
exchange_houses:x1_eeff_29:d5251449c6b1563db1cad82c,2016-07-31,9080723.378
exchange_houses:x1_eeff_29:d5251449c6b1563db1cad82c,2017-07-31,9398214.329
exchange_houses:x1_eeff_29:d5251449c6b1563db1cad82c,2018-07-31,9925693.300999999
exchange_houses:x1_eeff_29:d5251449c6b1563db1cad82c,2019-07-31,9347096.204
exchange_houses:x1_eeff_29:d5251449c6b1563db1cad82c,2020-07-31,12068104.879999999
exchange_houses:x1_eeff_29:d5251449c6b1563db1cad82c,2021-07-31,8937392.21
exchange_houses:x1_eeff_29:d5251449c6b1563db1cad82c,2022-07-31,9457268.928
exchange_houses:x1_eeff_29:d5251449c6b1563db1cad82c,2023-07-31,10462908.409
exchange_houses:x1_eeff_29:d5251449c6b1563db1cad82c,2024-07-31,10086420.15
exchange_houses:x1_eeff_29:d5251449c6b1563db1cad82c,2025-07-31,10544629.809
exchange_houses:x1_eeff_29:d5251449c6b1563db1cad82c,2026-07-31,11064570.418
exchange_houses:x1_eeff_2:efda0c9739750feaa1acbf7b,2016-07-31,5267556.41
exchange_houses:x1_eeff_2:efda0c9739750feaa1acbf7b,2017-07-31,5707137.2190000005
exchange_houses:x1_eeff_2:efda0c9739750feaa1acbf7b,2018-07-31,8495592.699000001
exchange_houses:x1_eeff_2:efda0c9739750feaa1acbf7b,2019-07-31,10901529.869
exchange_houses:x1_eeff_2:efda0c9739750feaa1acbf7b,2020-07-31,16257234.182999998
exchange_houses:x1_eeff_2:efda0c9739750feaa1acbf7b,2021-07-31,17278224.158999998
exchange_houses:x1_eeff_2:efda0c9739750feaa1acbf7b,2022-07-31,19134398.883
exchange_houses:x1_eeff_2:efda0c9739750feaa1acbf7b,2023-07-31,25454255.935000002
exchange_houses:x1_eeff_2:efda0c9739750feaa1acbf7b,2024-07-31,27109061.144
exchange_houses:x1_eeff_2:efda0c9739750feaa1acbf7b,2025-07-31,26040055.365000002
exchange_houses:x1_eeff_2:efda0c9739750feaa1acbf7b,2026-07-31,30719693.564000003
exchange_houses:x1_eeff_300:21124a261dd39297cf6b8f0f,2016-07-31,3870000.0
exchange_houses:x1_eeff_300:21124a261dd39297cf6b8f0f,2017-07-31,3900000.0
exchange_houses:x1_eeff_300:21124a261dd39297cf6b8f0f,2018-07-31,4100000.0
exchange_houses:x1_eeff_300:21124a261dd39297cf6b8f0f,2019-07-31,0.0
exchange_houses:x1_eeff_300:21124a261dd39297cf6b8f0f,2020-07-31,0.0
exchange_houses:x1_eeff_300:21124a261dd39297cf6b8f0f,2021-07-31,0.0
exchange_houses:x1_eeff_300:21124a261dd39297cf6b8f0f,2022-07-31,0.0
exchange_houses:x1_eeff_300:21124a261dd39297cf6b8f0f,2023-07-31,0.0
exchange_houses:x1_eeff_300:21124a261dd39297cf6b8f0f,2024-07-31,0.0
exchange_houses:x1_eeff_300:21124a261dd39297cf6b8f0f,2025-07-31,0.0
exchange_houses:x1_eeff_300:21124a261dd39297cf6b8f0f,2026-07-31,0.0
exchange_houses:x1_eeff_301:191010be52a6391123404b45,2016-07-31,4581604.965
exchange_houses:x1_eeff_301:191010be52a6391123404b45,2017-07-31,5000000.0
exchange_houses:x1_eeff_301:191010be52a6391123404b45,2018-07-31,5958636.212
exchange_houses:x1_eeff_301:191010be52a6391123404b45,2019-07-31,7620392.693
exchange_houses:x1_eeff_301:191010be52a6391123404b45,2020-07-31,9623309.855
exchange_houses:x1_eeff_301:191010be52a6391123404b45,2021-07-31,9623309.855
exchange_houses:x1_eeff_301:191010be52a6391123404b45,2022-07-31,9623309.855
exchange_houses:x1_eeff_301:191010be52a6391123404b45,2023-07-31,9623309.855
exchange_houses:x1_eeff_301:191010be52a6391123404b45,2024-07-31,9719000.0
exchange_houses:x1_eeff_301:191010be52a6391123404b45,2025-07-31,9800000.0
exchange_houses:x1_eeff_301:191010be52a6391123404b45,2026-07-31,10000000.0
exchange_houses:x1_eeff_302:60458146c8269a88fe71ec29,2016-07-31,6170000.0
exchange_houses:x1_eeff_302:60458146c8269a88fe71ec29,2017-07-31,6170000.0
exchange_houses:x1_eeff_302:60458146c8269a88fe71ec29,2018-07-31,6170000.0
exchange_houses:x1_eeff_302:60458146c8269a88fe71ec29,2019-07-31,6170000.0
exchange_houses:x1_eeff_302:60458146c8269a88fe71ec29,2020-07-31,0.0
exchange_houses:x1_eeff_302:60458146c8269a88fe71ec29,2021-07-31,0.0
exchange_houses:x1_eeff_302:60458146c8269a88fe71ec29,2022-07-31,0.0
exchange_houses:x1_eeff_302:60458146c8269a88fe71ec29,2023-07-31,0.0
exchange_houses:x1_eeff_302:60458146c8269a88fe71ec29,2024-07-31,0.0
exchange_houses:x1_eeff_302:60458146c8269a88fe71ec29,2025-07-31,0.0
exchange_houses:x1_eeff_302:60458146c8269a88fe71ec29,2026-07-31,0.0
exchange_houses:x1_eeff_303:84b917b80bca1af919453c59,2016-07-31,4780000.0
exchange_houses:x1_eeff_303:84b917b80bca1af919453c59,2017-07-31,4780000.0
exchange_houses:x1_eeff_303:84b917b80bca1af919453c59,2018-07-31,4780000.0
exchange_houses:x1_eeff_303:84b917b80bca1af919453c59,2019-07-31,4780000.0
exchange_houses:x1_eeff_303:84b917b80bca1af919453c59,2020-07-31,4780000.0
exchange_houses:x1_eeff_303:84b917b80bca1af919453c59,2021-07-31,4780000.0
exchange_houses:x1_eeff_303:84b917b80bca1af919453c59,2022-07-31,4780000.0
exchange_houses:x1_eeff_303:84b917b80bca1af919453c59,2023-07-31,5130000.0
exchange_houses:x1_eeff_303:84b917b80bca1af919453c59,2024-07-31,5280000.0
exchange_houses:x1_eeff_303:84b917b80bca1af919453c59,2025-07-31,5700000.0
exchange_houses:x1_eeff_303:84b917b80bca1af919453c59,2026-07-31,5700000.0
exchange_houses:x1_eeff_304:c3a0c86e4eb804fe05313c07,2016-07-31,6573000.0
exchange_houses:x1_eeff_304:c3a0c86e4eb804fe05313c07,2017-07-31,0.0
exchange_houses:x1_eeff_304:c3a0c86e4eb804fe05313c07,2018-07-31,0.0
exchange_houses:x1_eeff_304:c3a0c86e4eb804fe05313c07,2019-07-31,0.0
exchange_houses:x1_eeff_304:c3a0c86e4eb804fe05313c07,2020-07-31,0.0
exchange_houses:x1_eeff_304:c3a0c86e4eb804fe05313c07,2021-07-31,0.0
exchange_houses:x1_eeff_304:c3a0c86e4eb804fe05313c07,2022-07-31,0.0
exchange_houses:x1_eeff_304:c3a0c86e4eb804fe05313c07,2023-07-31,0.0
exchange_houses:x1_eeff_304:c3a0c86e4eb804fe05313c07,2024-07-31,0.0
exchange_houses:x1_eeff_304:c3a0c86e4eb804fe05313c07,2025-07-31,0.0
exchange_houses:x1_eeff_304:c3a0c86e4eb804fe05313c07,2026-07-31,0.0
exchange_houses:x1_eeff_305:75d3749115a79f0b66eabeaa,2016-07-31,5900000.0
exchange_houses:x1_eeff_305:75d3749115a79f0b66eabeaa,2017-07-31,8400000.0
exchange_houses:x1_eeff_305:75d3749115a79f0b66eabeaa,2018-07-31,15700000.0
exchange_houses:x1_eeff_305:75d3749115a79f0b66eabeaa,2019-07-31,17510000.0
exchange_houses:x1_eeff_305:75d3749115a79f0b66eabeaa,2020-07-31,17510000.0
exchange_houses:x1_eeff_305:75d3749115a79f0b66eabeaa,2021-07-31,17510000.0
exchange_houses:x1_eeff_305:75d3749115a79f0b66eabeaa,2022-07-31,17510000.0
exchange_houses:x1_eeff_305:75d3749115a79f0b66eabeaa,2023-07-31,17510000.0
exchange_houses:x1_eeff_305:75d3749115a79f0b66eabeaa,2024-07-31,17510000.0
exchange_houses:x1_eeff_305:75d3749115a79f0b66eabeaa,2025-07-31,17510000.0
exchange_houses:x1_eeff_305:75d3749115a79f0b66eabeaa,2026-07-31,15500000.0
exchange_houses:x1_eeff_306:fed72bbd5e44cf73614916b2,2016-07-31,4000000.0
exchange_houses:x1_eeff_306:fed72bbd5e44cf73614916b2,2017-07-31,4200000.0
exchange_houses:x1_eeff_306:fed72bbd5e44cf73614916b2,2018-07-31,0.0
exchange_houses:x1_eeff_306:fed72bbd5e44cf73614916b2,2019-07-31,7400000.0
exchange_houses:x1_eeff_306:fed72bbd5e44cf73614916b2,2020-07-31,7400000.0
exchange_houses:x1_eeff_306:fed72bbd5e44cf73614916b2,2021-07-31,7400000.0
exchange_houses:x1_eeff_306:fed72bbd5e44cf73614916b2,2022-07-31,7400000.0
exchange_houses:x1_eeff_306:fed72bbd5e44cf73614916b2,2023-07-31,0.0
exchange_houses:x1_eeff_306:fed72bbd5e44cf73614916b2,2024-07-31,0.0
exchange_houses:x1_eeff_306:fed72bbd5e44cf73614916b2,2025-07-31,0.0
exchange_houses:x1_eeff_306:fed72bbd5e44cf73614916b2,2026-07-31,0.0
exchange_houses:x1_eeff_307:bc7ed68492bf2a3dda4d601d,2016-07-31,4200000.0
exchange_houses:x1_eeff_307:bc7ed68492bf2a3dda4d601d,2017-07-31,4200000.0
exchange_houses:x1_eeff_307:bc7ed68492bf2a3dda4d601d,2018-07-31,4200000.0
exchange_houses:x1_eeff_307:bc7ed68492bf2a3dda4d601d,2019-07-31,4200000.0
exchange_houses:x1_eeff_307:bc7ed68492bf2a3dda4d601d,2020-07-31,0.0
exchange_houses:x1_eeff_307:bc7ed68492bf2a3dda4d601d,2021-07-31,4500000.0
exchange_houses:x1_eeff_307:bc7ed68492bf2a3dda4d601d,2022-07-31,4800000.0
exchange_houses:x1_eeff_307:bc7ed68492bf2a3dda4d601d,2023-07-31,5093000.0
exchange_houses:x1_eeff_307:bc7ed68492bf2a3dda4d601d,2024-07-31,5297000.0
exchange_houses:x1_eeff_307:bc7ed68492bf2a3dda4d601d,2025-07-31,5901000.0
exchange_houses:x1_eeff_307:bc7ed68492bf2a3dda4d601d,2026-07-31,5901000.0
exchange_houses:x1_eeff_308:c28405747bf7c4e344763ed8,2016-07-31,5000000.0
exchange_houses:x1_eeff_308:c28405747bf7c4e344763ed8,2017-07-31,5000000.0
exchange_houses:x1_eeff_308:c28405747bf7c4e344763ed8,2018-07-31,5000000.0
exchange_houses:x1_eeff_308:c28405747bf7c4e344763ed8,2019-07-31,5000000.0
exchange_houses:x1_eeff_308:c28405747bf7c4e344763ed8,2020-07-31,5000000.0
exchange_houses:x1_eeff_308:c28405747bf7c4e344763ed8,2021-07-31,5000000.0
exchange_houses:x1_eeff_308:c28405747bf7c4e344763ed8,2022-07-31,5000000.0
exchange_houses:x1_eeff_308:c28405747bf7c4e344763ed8,2023-07-31,5100000.0
exchange_houses:x1_eeff_308:c28405747bf7c4e344763ed8,2024-07-31,5280000.0
exchange_houses:x1_eeff_308:c28405747bf7c4e344763ed8,2025-07-31,5480000.0
exchange_houses:x1_eeff_308:c28405747bf7c4e344763ed8,2026-07-31,5780000.0
exchange_houses:x1_eeff_309:b3a1b7d06f37d3dbea354c5b,2016-07-31,20000000.0
exchange_houses:x1_eeff_309:b3a1b7d06f37d3dbea354c5b,2017-07-31,20000000.0
exchange_houses:x1_eeff_309:b3a1b7d06f37d3dbea354c5b,2018-07-31,20000000.0
exchange_houses:x1_eeff_309:b3a1b7d06f37d3dbea354c5b,2019-07-31,20000000.0
exchange_houses:x1_eeff_309:b3a1b7d06f37d3dbea354c5b,2020-07-31,20000000.0
exchange_houses:x1_eeff_309:b3a1b7d06f37d3dbea354c5b,2021-07-31,20000000.0
exchange_houses:x1_eeff_309:b3a1b7d06f37d3dbea354c5b,2022-07-31,20000000.0
exchange_houses:x1_eeff_309:b3a1b7d06f37d3dbea354c5b,2023-07-31,20000000.0
exchange_houses:x1_eeff_309:b3a1b7d06f37d3dbea354c5b,2024-07-31,20000000.0
exchange_houses:x1_eeff_309:b3a1b7d06f37d3dbea354c5b,2025-07-31,20000000.0
exchange_houses:x1_eeff_309:b3a1b7d06f37d3dbea354c5b,2026-07-31,20000000.0
exchange_houses:x1_eeff_30:114864014847c607c046ef17,2016-07-31,32627592.628
exchange_houses:x1_eeff_30:114864014847c607c046ef17,2017-07-31,35067421.654
exchange_houses:x1_eeff_30:114864014847c607c046ef17,2018-07-31,31988570.459
exchange_houses:x1_eeff_30:114864014847c607c046ef17,2019-07-31,27696382.589
exchange_houses:x1_eeff_30:114864014847c607c046ef17,2020-07-31,26862079.694
exchange_houses:x1_eeff_30:114864014847c607c046ef17,2021-07-31,23875334.355
exchange_houses:x1_eeff_30:114864014847c607c046ef17,2022-07-31,31337829.607
exchange_houses:x1_eeff_30:114864014847c607c046ef17,2023-07-31,21460917.765
exchange_houses:x1_eeff_30:114864014847c607c046ef17,2024-07-31,26151134.707
exchange_houses:x1_eeff_30:114864014847c607c046ef17,2025-07-31,16195117.675
exchange_houses:x1_eeff_30:114864014847c607c046ef17,2026-07-31,29772974.132
exchange_houses:x1_eeff_310:4637732d8fab04af550c4727,2016-07-31,273475629.716
exchange_houses:x1_eeff_310:4637732d8fab04af550c4727,2017-07-31,274437227.31200004
exchange_houses:x1_eeff_310:4637732d8fab04af550c4727,2018-07-31,292641772.151
exchange_houses:x1_eeff_310:4637732d8fab04af550c4727,2019-07-31,315507868.184
exchange_houses:x1_eeff_310:4637732d8fab04af550c4727,2020-07-31,320372396.696
exchange_houses:x1_eeff_310:4637732d8fab04af550c4727,2021-07-31,333913496.39100003
exchange_houses:x1_eeff_310:4637732d8fab04af550c4727,2022-07-31,333260467.148
exchange_houses:x1_eeff_310:4637732d8fab04af550c4727,2023-07-31,334135629.337
exchange_houses:x1_eeff_310:4637732d8fab04af550c4727,2024-07-31,336790049.842
exchange_houses:x1_eeff_310:4637732d8fab04af550c4727,2025-07-31,341362781.468
exchange_houses:x1_eeff_310:4637732d8fab04af550c4727,2026-07-31,343543541.38199997
exchange_houses:x1_eeff_311:8254a899adb26a810e2aa676,2016-07-31,14921635.427
exchange_houses:x1_eeff_311:8254a899adb26a810e2aa676,2017-07-31,16475592.474
exchange_houses:x1_eeff_311:8254a899adb26a810e2aa676,2018-07-31,17880939.883
exchange_houses:x1_eeff_311:8254a899adb26a810e2aa676,2019-07-31,18785632.54
exchange_houses:x1_eeff_311:8254a899adb26a810e2aa676,2020-07-31,19634361.629
exchange_houses:x1_eeff_311:8254a899adb26a810e2aa676,2021-07-31,16451896.558
exchange_houses:x1_eeff_311:8254a899adb26a810e2aa676,2022-07-31,19668924.894
exchange_houses:x1_eeff_311:8254a899adb26a810e2aa676,2023-07-31,21285189.192
exchange_houses:x1_eeff_311:8254a899adb26a810e2aa676,2024-07-31,21607682.539
exchange_houses:x1_eeff_311:8254a899adb26a810e2aa676,2025-07-31,21838038.452
exchange_houses:x1_eeff_311:8254a899adb26a810e2aa676,2026-07-31,13363433.465
exchange_houses:x1_eeff_312:aca01294fcca2479b2234761,2016-07-31,1540548.028
exchange_houses:x1_eeff_312:aca01294fcca2479b2234761,2017-07-31,915963.575
exchange_houses:x1_eeff_312:aca01294fcca2479b2234761,2018-07-31,1523726.477
exchange_houses:x1_eeff_312:aca01294fcca2479b2234761,2019-07-31,2035480.31
exchange_houses:x1_eeff_312:aca01294fcca2479b2234761,2020-07-31,3475744.967
exchange_houses:x1_eeff_312:aca01294fcca2479b2234761,2021-07-31,4597198.223
exchange_houses:x1_eeff_312:aca01294fcca2479b2234761,2022-07-31,4983424.658
exchange_houses:x1_eeff_312:aca01294fcca2479b2234761,2023-07-31,5651024.392
exchange_houses:x1_eeff_312:aca01294fcca2479b2234761,2024-07-31,5969491.623
exchange_houses:x1_eeff_312:aca01294fcca2479b2234761,2025-07-31,6648872.848
exchange_houses:x1_eeff_312:aca01294fcca2479b2234761,2026-07-31,7981074.833
exchange_houses:x1_eeff_313:ae7e88f8d4351f0c6cae0eec,2016-07-31,705200.467
exchange_houses:x1_eeff_313:ae7e88f8d4351f0c6cae0eec,2017-07-31,744561.287
exchange_houses:x1_eeff_313:ae7e88f8d4351f0c6cae0eec,2018-07-31,898981.544
exchange_houses:x1_eeff_313:ae7e88f8d4351f0c6cae0eec,2019-07-31,1097164.649
exchange_houses:x1_eeff_313:ae7e88f8d4351f0c6cae0eec,2020-07-31,1261772.703
exchange_houses:x1_eeff_313:ae7e88f8d4351f0c6cae0eec,2021-07-31,1323777.297
exchange_houses:x1_eeff_313:ae7e88f8d4351f0c6cae0eec,2022-07-31,1433700.737
exchange_houses:x1_eeff_313:ae7e88f8d4351f0c6cae0eec,2023-07-31,1652685.202
exchange_houses:x1_eeff_313:ae7e88f8d4351f0c6cae0eec,2024-07-31,1754913.773
exchange_houses:x1_eeff_313:ae7e88f8d4351f0c6cae0eec,2025-07-31,1810114.975
exchange_houses:x1_eeff_313:ae7e88f8d4351f0c6cae0eec,2026-07-31,1836073.886
exchange_houses:x1_eeff_314:dcd02b4a8fb9605867b18341,2016-07-31,15627430.717
exchange_houses:x1_eeff_314:dcd02b4a8fb9605867b18341,2017-07-31,15885845.933
exchange_houses:x1_eeff_314:dcd02b4a8fb9605867b18341,2018-07-31,16176281.546
exchange_houses:x1_eeff_314:dcd02b4a8fb9605867b18341,2019-07-31,16380390.723
exchange_houses:x1_eeff_314:dcd02b4a8fb9605867b18341,2020-07-31,16555975.86
exchange_houses:x1_eeff_314:dcd02b4a8fb9605867b18341,2021-07-31,16542910.859
exchange_houses:x1_eeff_314:dcd02b4a8fb9605867b18341,2022-07-31,16542910.859
exchange_houses:x1_eeff_314:dcd02b4a8fb9605867b18341,2023-07-31,16542910.859
exchange_houses:x1_eeff_314:dcd02b4a8fb9605867b18341,2024-07-31,16542910.859
exchange_houses:x1_eeff_314:dcd02b4a8fb9605867b18341,2025-07-31,16542910.859
exchange_houses:x1_eeff_314:dcd02b4a8fb9605867b18341,2026-07-31,16542910.859
exchange_houses:x1_eeff_315:efb5b98e28354580c3370bae,2016-07-31,1830540.352
exchange_houses:x1_eeff_315:efb5b98e28354580c3370bae,2017-07-31,2018700.491
exchange_houses:x1_eeff_315:efb5b98e28354580c3370bae,2018-07-31,2236562.13
exchange_houses:x1_eeff_315:efb5b98e28354580c3370bae,2019-07-31,2497540.952
exchange_houses:x1_eeff_315:efb5b98e28354580c3370bae,2020-07-31,2758267.274
exchange_houses:x1_eeff_315:efb5b98e28354580c3370bae,2021-07-31,2875704.203
exchange_houses:x1_eeff_315:efb5b98e28354580c3370bae,2022-07-31,2958887.727
exchange_houses:x1_eeff_315:efb5b98e28354580c3370bae,2023-07-31,3182909.131
exchange_houses:x1_eeff_315:efb5b98e28354580c3370bae,2024-07-31,3263639.647
exchange_houses:x1_eeff_315:efb5b98e28354580c3370bae,2025-07-31,3445936.857
exchange_houses:x1_eeff_315:efb5b98e28354580c3370bae,2026-07-31,3570069.883
exchange_houses:x1_eeff_316:23c3c398298f8bfe7bfd6e33,2016-07-31,6877390.01
exchange_houses:x1_eeff_316:23c3c398298f8bfe7bfd6e33,2017-07-31,7329732.156
exchange_houses:x1_eeff_316:23c3c398298f8bfe7bfd6e33,2018-07-31,8359733.844
exchange_houses:x1_eeff_316:23c3c398298f8bfe7bfd6e33,2019-07-31,9351420.805
exchange_houses:x1_eeff_316:23c3c398298f8bfe7bfd6e33,2020-07-31,10818741.646
exchange_houses:x1_eeff_316:23c3c398298f8bfe7bfd6e33,2021-07-31,11017264.625
exchange_houses:x1_eeff_316:23c3c398298f8bfe7bfd6e33,2022-07-31,6873141.246
exchange_houses:x1_eeff_316:23c3c398298f8bfe7bfd6e33,2023-07-31,5279216.771
exchange_houses:x1_eeff_316:23c3c398298f8bfe7bfd6e33,2024-07-31,1715514.001
exchange_houses:x1_eeff_316:23c3c398298f8bfe7bfd6e33,2025-07-31,4782500.314
exchange_houses:x1_eeff_316:23c3c398298f8bfe7bfd6e33,2026-07-31,6543812.692
exchange_houses:x1_eeff_317:21ffa1c9e4da54de6f269156,2016-07-31,90517.217
exchange_houses:x1_eeff_317:21ffa1c9e4da54de6f269156,2017-07-31,98143.521
exchange_houses:x1_eeff_317:21ffa1c9e4da54de6f269156,2018-07-31,373896.143
exchange_houses:x1_eeff_317:21ffa1c9e4da54de6f269156,2019-07-31,661468.54
exchange_houses:x1_eeff_317:21ffa1c9e4da54de6f269156,2020-07-31,1046286.127
exchange_houses:x1_eeff_317:21ffa1c9e4da54de6f269156,2021-07-31,1325602.04
exchange_houses:x1_eeff_317:21ffa1c9e4da54de6f269156,2022-07-31,1412959.334
exchange_houses:x1_eeff_317:21ffa1c9e4da54de6f269156,2023-07-31,1590015.72
exchange_houses:x1_eeff_317:21ffa1c9e4da54de6f269156,2024-07-31,1693490.199
exchange_houses:x1_eeff_317:21ffa1c9e4da54de6f269156,2025-07-31,1974793.044
exchange_houses:x1_eeff_317:21ffa1c9e4da54de6f269156,2026-07-31,2507565.102
exchange_houses:x1_eeff_318:cc2174f9d45a1cd94d124372,2016-07-31,449716.106
exchange_houses:x1_eeff_318:cc2174f9d45a1cd94d124372,2017-07-31,431882.583
exchange_houses:x1_eeff_318:cc2174f9d45a1cd94d124372,2018-07-31,123178.605
exchange_houses:x1_eeff_318:cc2174f9d45a1cd94d124372,2019-07-31,1102611.366
exchange_houses:x1_eeff_318:cc2174f9d45a1cd94d124372,2020-07-31,1398050.159
exchange_houses:x1_eeff_318:cc2174f9d45a1cd94d124372,2021-07-31,930036.492
exchange_houses:x1_eeff_318:cc2174f9d45a1cd94d124372,2022-07-31,507440.651
exchange_houses:x1_eeff_318:cc2174f9d45a1cd94d124372,2023-07-31,743132.134
exchange_houses:x1_eeff_318:cc2174f9d45a1cd94d124372,2024-07-31,978239.554
exchange_houses:x1_eeff_318:cc2174f9d45a1cd94d124372,2025-07-31,1359601.759
exchange_houses:x1_eeff_318:cc2174f9d45a1cd94d124372,2026-07-31,1443377.988
exchange_houses:x1_eeff_319:298a9e950eca45b3f07b863e,2016-07-31,139405.65341
exchange_houses:x1_eeff_319:298a9e950eca45b3f07b863e,2017-07-31,345394.82831
exchange_houses:x1_eeff_319:298a9e950eca45b3f07b863e,2018-07-31,776061.0084
exchange_houses:x1_eeff_319:298a9e950eca45b3f07b863e,2019-07-31,1281779.62025
exchange_houses:x1_eeff_319:298a9e950eca45b3f07b863e,2020-07-31,0.0
exchange_houses:x1_eeff_319:298a9e950eca45b3f07b863e,2021-07-31,1287882.52461
exchange_houses:x1_eeff_319:298a9e950eca45b3f07b863e,2022-07-31,449339.14701
exchange_houses:x1_eeff_319:298a9e950eca45b3f07b863e,2023-07-31,277285.9645
exchange_houses:x1_eeff_319:298a9e950eca45b3f07b863e,2024-07-31,0.0
exchange_houses:x1_eeff_319:298a9e950eca45b3f07b863e,2025-07-31,0.0
exchange_houses:x1_eeff_319:298a9e950eca45b3f07b863e,2026-07-31,0.0
exchange_houses:x1_eeff_31:6872adeaba6abc5d1c1a13fc,2016-07-31,386432551.6885901
exchange_houses:x1_eeff_31:6872adeaba6abc5d1c1a13fc,2017-07-31,431868274.61381
exchange_houses:x1_eeff_31:6872adeaba6abc5d1c1a13fc,2018-07-31,450944366.5962
exchange_houses:x1_eeff_31:6872adeaba6abc5d1c1a13fc,2019-07-31,504634989.5147301
exchange_houses:x1_eeff_31:6872adeaba6abc5d1c1a13fc,2020-07-31,490438834.07990986
exchange_houses:x1_eeff_31:6872adeaba6abc5d1c1a13fc,2021-07-31,452292247.18391
exchange_houses:x1_eeff_31:6872adeaba6abc5d1c1a13fc,2022-07-31,478513157.52368003
exchange_houses:x1_eeff_31:6872adeaba6abc5d1c1a13fc,2023-07-31,487569068.68514
exchange_houses:x1_eeff_31:6872adeaba6abc5d1c1a13fc,2024-07-31,512794036.67832005
exchange_houses:x1_eeff_31:6872adeaba6abc5d1c1a13fc,2025-07-31,519045712.7901901
exchange_houses:x1_eeff_31:6872adeaba6abc5d1c1a13fc,2026-07-31,466378140.57425994
exchange_houses:x1_eeff_320:06c89790b6e360e2373db070,2016-07-31,1830376.954
exchange_houses:x1_eeff_320:06c89790b6e360e2373db070,2017-07-31,2052099.999
exchange_houses:x1_eeff_320:06c89790b6e360e2373db070,2018-07-31,2170954.528
exchange_houses:x1_eeff_320:06c89790b6e360e2373db070,2019-07-31,2363202.506
exchange_houses:x1_eeff_320:06c89790b6e360e2373db070,2020-07-31,2362982.899
exchange_houses:x1_eeff_320:06c89790b6e360e2373db070,2021-07-31,1844136.375
exchange_houses:x1_eeff_320:06c89790b6e360e2373db070,2022-07-31,2540044.142
exchange_houses:x1_eeff_320:06c89790b6e360e2373db070,2023-07-31,2605001.992
exchange_houses:x1_eeff_320:06c89790b6e360e2373db070,2024-07-31,1925651.689
exchange_houses:x1_eeff_320:06c89790b6e360e2373db070,2025-07-31,4450508.714
exchange_houses:x1_eeff_320:06c89790b6e360e2373db070,2026-07-31,4487394.067
exchange_houses:x1_eeff_321:7d6318f2f4db73864371ae4b,2016-07-31,340826.973
exchange_houses:x1_eeff_321:7d6318f2f4db73864371ae4b,2017-07-31,423706.162
exchange_houses:x1_eeff_321:7d6318f2f4db73864371ae4b,2018-07-31,938992.34
exchange_houses:x1_eeff_321:7d6318f2f4db73864371ae4b,2019-07-31,1568079.552
exchange_houses:x1_eeff_321:7d6318f2f4db73864371ae4b,2020-07-31,2197806.926
exchange_houses:x1_eeff_321:7d6318f2f4db73864371ae4b,2021-07-31,1215679.997
exchange_houses:x1_eeff_321:7d6318f2f4db73864371ae4b,2022-07-31,1503614.763
exchange_houses:x1_eeff_321:7d6318f2f4db73864371ae4b,2023-07-31,2197806.926
exchange_houses:x1_eeff_321:7d6318f2f4db73864371ae4b,2024-07-31,97361.934
exchange_houses:x1_eeff_321:7d6318f2f4db73864371ae4b,2025-07-31,404926.501
exchange_houses:x1_eeff_321:7d6318f2f4db73864371ae4b,2026-07-31,0.0
exchange_houses:x1_eeff_322:247a13a287b7518572131872,2016-07-31,2444390.929
exchange_houses:x1_eeff_322:247a13a287b7518572131872,2017-07-31,3043930.986
exchange_houses:x1_eeff_322:247a13a287b7518572131872,2018-07-31,3344799.76
exchange_houses:x1_eeff_322:247a13a287b7518572131872,2019-07-31,3507972.88
exchange_houses:x1_eeff_322:247a13a287b7518572131872,2020-07-31,4034194.215
exchange_houses:x1_eeff_322:247a13a287b7518572131872,2021-07-31,4036380.395
exchange_houses:x1_eeff_322:247a13a287b7518572131872,2022-07-31,3390794.351
exchange_houses:x1_eeff_322:247a13a287b7518572131872,2023-07-31,3535434.859
exchange_houses:x1_eeff_322:247a13a287b7518572131872,2024-07-31,3929205.272
exchange_houses:x1_eeff_322:247a13a287b7518572131872,2025-07-31,4200583.072
exchange_houses:x1_eeff_322:247a13a287b7518572131872,2026-07-31,4642599.521
exchange_houses:x1_eeff_323:d2d96b8fb0c3c7ecc551290d,2016-07-31,5776529.073
exchange_houses:x1_eeff_323:d2d96b8fb0c3c7ecc551290d,2017-07-31,6632774.772
exchange_houses:x1_eeff_323:d2d96b8fb0c3c7ecc551290d,2018-07-31,7331815.619
exchange_houses:x1_eeff_323:d2d96b8fb0c3c7ecc551290d,2019-07-31,8001220.49
exchange_houses:x1_eeff_323:d2d96b8fb0c3c7ecc551290d,2020-07-31,9263426.898
exchange_houses:x1_eeff_323:d2d96b8fb0c3c7ecc551290d,2021-07-31,8559568.153
exchange_houses:x1_eeff_323:d2d96b8fb0c3c7ecc551290d,2022-07-31,5350363.661
exchange_houses:x1_eeff_323:d2d96b8fb0c3c7ecc551290d,2023-07-31,6188895.295
exchange_houses:x1_eeff_323:d2d96b8fb0c3c7ecc551290d,2024-07-31,6188895.295
exchange_houses:x1_eeff_323:d2d96b8fb0c3c7ecc551290d,2025-07-31,8052148.62
exchange_houses:x1_eeff_323:d2d96b8fb0c3c7ecc551290d,2026-07-31,9067861.861
exchange_houses:x1_eeff_324:9d90065831d5356761f5ceaa,2016-07-31,223946.447
exchange_houses:x1_eeff_324:9d90065831d5356761f5ceaa,2017-07-31,234807.342
exchange_houses:x1_eeff_324:9d90065831d5356761f5ceaa,2018-07-31,243211.177
exchange_houses:x1_eeff_324:9d90065831d5356761f5ceaa,2019-07-31,250331.331
exchange_houses:x1_eeff_324:9d90065831d5356761f5ceaa,2020-07-31,254421.707
exchange_houses:x1_eeff_324:9d90065831d5356761f5ceaa,2021-07-31,252925.148
exchange_houses:x1_eeff_324:9d90065831d5356761f5ceaa,2022-07-31,257678.118
exchange_houses:x1_eeff_324:9d90065831d5356761f5ceaa,2023-07-31,259695.518
exchange_houses:x1_eeff_324:9d90065831d5356761f5ceaa,2024-07-31,97048.291
exchange_houses:x1_eeff_324:9d90065831d5356761f5ceaa,2025-07-31,417160.894
exchange_houses:x1_eeff_324:9d90065831d5356761f5ceaa,2026-07-31,523526.718
exchange_houses:x1_eeff_325:f07b96a82e98bad6f774da41,2016-07-31,9205706.32069
exchange_houses:x1_eeff_325:f07b96a82e98bad6f774da41,2017-07-31,10410480.03569
exchange_houses:x1_eeff_325:f07b96a82e98bad6f774da41,2018-07-31,11246737.99469
exchange_houses:x1_eeff_325:f07b96a82e98bad6f774da41,2019-07-31,12441076.31569
exchange_houses:x1_eeff_325:f07b96a82e98bad6f774da41,2020-07-31,14831680.20569
exchange_houses:x1_eeff_325:f07b96a82e98bad6f774da41,2021-07-31,12731593.96069
exchange_houses:x1_eeff_325:f07b96a82e98bad6f774da41,2022-07-31,14991178.79569
exchange_houses:x1_eeff_325:f07b96a82e98bad6f774da41,2023-07-31,18094221.43969
exchange_houses:x1_eeff_325:f07b96a82e98bad6f774da41,2024-07-31,20391965.65069
exchange_houses:x1_eeff_325:f07b96a82e98bad6f774da41,2025-07-31,23745858.40569
exchange_houses:x1_eeff_325:f07b96a82e98bad6f774da41,2026-07-31,26647192.51169
exchange_houses:x1_eeff_326:1fc7562dc6fa14745cfa72d1,2016-07-31,9384883.269
exchange_houses:x1_eeff_326:1fc7562dc6fa14745cfa72d1,2017-07-31,11402713.226
exchange_houses:x1_eeff_326:1fc7562dc6fa14745cfa72d1,2018-07-31,5155367.571
exchange_houses:x1_eeff_326:1fc7562dc6fa14745cfa72d1,2019-07-31,12159098.652
exchange_houses:x1_eeff_326:1fc7562dc6fa14745cfa72d1,2020-07-31,12160148.623
exchange_houses:x1_eeff_326:1fc7562dc6fa14745cfa72d1,2021-07-31,12163666.581
exchange_houses:x1_eeff_326:1fc7562dc6fa14745cfa72d1,2022-07-31,12163666.581
exchange_houses:x1_eeff_326:1fc7562dc6fa14745cfa72d1,2023-07-31,12163666.581
exchange_houses:x1_eeff_326:1fc7562dc6fa14745cfa72d1,2024-07-31,12163666.581
exchange_houses:x1_eeff_326:1fc7562dc6fa14745cfa72d1,2025-07-31,12163666.581
exchange_houses:x1_eeff_326:1fc7562dc6fa14745cfa72d1,2026-07-31,12163666.581
exchange_houses:x1_eeff_327:906ab9f601660e51e97d397d,2016-07-31,2692828.679
exchange_houses:x1_eeff_327:906ab9f601660e51e97d397d,2017-07-31,2662522.959
exchange_houses:x1_eeff_327:906ab9f601660e51e97d397d,2018-07-31,3294739.32
exchange_houses:x1_eeff_327:906ab9f601660e51e97d397d,2019-07-31,3600456.667
exchange_houses:x1_eeff_327:906ab9f601660e51e97d397d,2020-07-31,0.0
exchange_houses:x1_eeff_327:906ab9f601660e51e97d397d,2021-07-31,0.0
exchange_houses:x1_eeff_327:906ab9f601660e51e97d397d,2022-07-31,0.0
exchange_houses:x1_eeff_327:906ab9f601660e51e97d397d,2023-07-31,0.0
exchange_houses:x1_eeff_327:906ab9f601660e51e97d397d,2024-07-31,0.0
exchange_houses:x1_eeff_327:906ab9f601660e51e97d397d,2025-07-31,0.0
exchange_houses:x1_eeff_327:906ab9f601660e51e97d397d,2026-07-31,0.0
exchange_houses:x1_eeff_328:327618d75007efe6fb509a3f,2016-07-31,5485655.501
exchange_houses:x1_eeff_328:327618d75007efe6fb509a3f,2017-07-31,6737781.005
exchange_houses:x1_eeff_328:327618d75007efe6fb509a3f,2018-07-31,8593259.405
exchange_houses:x1_eeff_328:327618d75007efe6fb509a3f,2019-07-31,12614553.588
exchange_houses:x1_eeff_328:327618d75007efe6fb509a3f,2020-07-31,20527690.537
exchange_houses:x1_eeff_328:327618d75007efe6fb509a3f,2021-07-31,24357355.333
exchange_houses:x1_eeff_328:327618d75007efe6fb509a3f,2022-07-31,27591476.625
exchange_houses:x1_eeff_328:327618d75007efe6fb509a3f,2023-07-31,31829505.143
exchange_houses:x1_eeff_328:327618d75007efe6fb509a3f,2024-07-31,33711118.222
exchange_houses:x1_eeff_328:327618d75007efe6fb509a3f,2025-07-31,36702717.296
exchange_houses:x1_eeff_328:327618d75007efe6fb509a3f,2026-07-31,39776165.184
exchange_houses:x1_eeff_329:cc5f88518d57b1fdebbb088a,2016-07-31,2543706.859
exchange_houses:x1_eeff_329:cc5f88518d57b1fdebbb088a,2017-07-31,2856007.921
exchange_houses:x1_eeff_329:cc5f88518d57b1fdebbb088a,2018-07-31,3237804.893
exchange_houses:x1_eeff_329:cc5f88518d57b1fdebbb088a,2019-07-31,3721758.709
exchange_houses:x1_eeff_329:cc5f88518d57b1fdebbb088a,2020-07-31,4352460.203
exchange_houses:x1_eeff_329:cc5f88518d57b1fdebbb088a,2021-07-31,5053859.508
exchange_houses:x1_eeff_329:cc5f88518d57b1fdebbb088a,2022-07-31,4260976.745
exchange_houses:x1_eeff_329:cc5f88518d57b1fdebbb088a,2023-07-31,5531834.112
exchange_houses:x1_eeff_329:cc5f88518d57b1fdebbb088a,2024-07-31,5759240.552
exchange_houses:x1_eeff_329:cc5f88518d57b1fdebbb088a,2025-07-31,5984021.884
exchange_houses:x1_eeff_329:cc5f88518d57b1fdebbb088a,2026-07-31,6339642.849
exchange_houses:x1_eeff_32:b50ff868e4130611cecf4df5,2016-07-31,3796430.0
exchange_houses:x1_eeff_32:b50ff868e4130611cecf4df5,2017-07-31,3731430.0
exchange_houses:x1_eeff_32:b50ff868e4130611cecf4df5,2018-07-31,4025058.0
exchange_houses:x1_eeff_32:b50ff868e4130611cecf4df5,2019-07-31,4025058.0
exchange_houses:x1_eeff_32:b50ff868e4130611cecf4df5,2020-07-31,4066588.86
exchange_houses:x1_eeff_32:b50ff868e4130611cecf4df5,2021-07-31,4025058.0
exchange_houses:x1_eeff_32:b50ff868e4130611cecf4df5,2022-07-31,4449229.0
exchange_houses:x1_eeff_32:b50ff868e4130611cecf4df5,2023-07-31,4449229.0
exchange_houses:x1_eeff_32:b50ff868e4130611cecf4df5,2024-07-31,4805129.0
exchange_houses:x1_eeff_32:b50ff868e4130611cecf4df5,2025-07-31,5715490.509
exchange_houses:x1_eeff_32:b50ff868e4130611cecf4df5,2026-07-31,530536.0
exchange_houses:x1_eeff_330:a0e40d623eeb2035ae0eddf4,2016-07-31,715561.582
exchange_houses:x1_eeff_330:a0e40d623eeb2035ae0eddf4,2017-07-31,794574.384
exchange_houses:x1_eeff_330:a0e40d623eeb2035ae0eddf4,2018-07-31,896946.78
exchange_houses:x1_eeff_330:a0e40d623eeb2035ae0eddf4,2019-07-31,1247492.653
exchange_houses:x1_eeff_330:a0e40d623eeb2035ae0eddf4,2020-07-31,1347545.624
exchange_houses:x1_eeff_330:a0e40d623eeb2035ae0eddf4,2021-07-31,1521794.875
exchange_houses:x1_eeff_330:a0e40d623eeb2035ae0eddf4,2022-07-31,1521794.875
exchange_houses:x1_eeff_330:a0e40d623eeb2035ae0eddf4,2023-07-31,1629366.533
exchange_houses:x1_eeff_330:a0e40d623eeb2035ae0eddf4,2024-07-31,1645699.478
exchange_houses:x1_eeff_330:a0e40d623eeb2035ae0eddf4,2025-07-31,1908051.135
exchange_houses:x1_eeff_330:a0e40d623eeb2035ae0eddf4,2026-07-31,2150655.527
exchange_houses:x1_eeff_331:d4b50226fa830ff126fc3cb4,2016-07-31,3778396.137
exchange_houses:x1_eeff_331:d4b50226fa830ff126fc3cb4,2017-07-31,3957466.037
exchange_houses:x1_eeff_331:d4b50226fa830ff126fc3cb4,2018-07-31,4848492.472
exchange_houses:x1_eeff_331:d4b50226fa830ff126fc3cb4,2019-07-31,0.0
exchange_houses:x1_eeff_331:d4b50226fa830ff126fc3cb4,2020-07-31,0.0
exchange_houses:x1_eeff_331:d4b50226fa830ff126fc3cb4,2021-07-31,0.0
exchange_houses:x1_eeff_331:d4b50226fa830ff126fc3cb4,2022-07-31,0.0
exchange_houses:x1_eeff_331:d4b50226fa830ff126fc3cb4,2023-07-31,0.0
exchange_houses:x1_eeff_331:d4b50226fa830ff126fc3cb4,2024-07-31,0.0
exchange_houses:x1_eeff_331:d4b50226fa830ff126fc3cb4,2025-07-31,0.0
exchange_houses:x1_eeff_331:d4b50226fa830ff126fc3cb4,2026-07-31,0.0
exchange_houses:x1_eeff_332:a32df1a765e0be4f4612ca15,2016-07-31,780706.868
exchange_houses:x1_eeff_332:a32df1a765e0be4f4612ca15,2017-07-31,955301.928
exchange_houses:x1_eeff_332:a32df1a765e0be4f4612ca15,2018-07-31,1204021.384
exchange_houses:x1_eeff_332:a32df1a765e0be4f4612ca15,2019-07-31,1626082.844
exchange_houses:x1_eeff_332:a32df1a765e0be4f4612ca15,2020-07-31,2131534.788
exchange_houses:x1_eeff_332:a32df1a765e0be4f4612ca15,2021-07-31,1948460.476
exchange_houses:x1_eeff_332:a32df1a765e0be4f4612ca15,2022-07-31,2124638.216
exchange_houses:x1_eeff_332:a32df1a765e0be4f4612ca15,2023-07-31,2481667.032
exchange_houses:x1_eeff_332:a32df1a765e0be4f4612ca15,2024-07-31,2889538.488
exchange_houses:x1_eeff_332:a32df1a765e0be4f4612ca15,2025-07-31,3029604.395
exchange_houses:x1_eeff_332:a32df1a765e0be4f4612ca15,2026-07-31,3399253.868
exchange_houses:x1_eeff_333:bc16777205b7afb9db4a5e2e,2016-07-31,872720.632
exchange_houses:x1_eeff_333:bc16777205b7afb9db4a5e2e,2017-07-31,1126317.315
exchange_houses:x1_eeff_333:bc16777205b7afb9db4a5e2e,2018-07-31,1159928.843
exchange_houses:x1_eeff_333:bc16777205b7afb9db4a5e2e,2019-07-31,1356507.611
exchange_houses:x1_eeff_333:bc16777205b7afb9db4a5e2e,2020-07-31,0.0
exchange_houses:x1_eeff_333:bc16777205b7afb9db4a5e2e,2021-07-31,0.0
exchange_houses:x1_eeff_333:bc16777205b7afb9db4a5e2e,2022-07-31,0.0
exchange_houses:x1_eeff_333:bc16777205b7afb9db4a5e2e,2023-07-31,0.0
exchange_houses:x1_eeff_333:bc16777205b7afb9db4a5e2e,2024-07-31,0.0
exchange_houses:x1_eeff_333:bc16777205b7afb9db4a5e2e,2025-07-31,0.0
exchange_houses:x1_eeff_333:bc16777205b7afb9db4a5e2e,2026-07-31,0.0
exchange_houses:x1_eeff_334:23367c5dd3bf6aa6c4a96336,2016-07-31,822313.576
exchange_houses:x1_eeff_334:23367c5dd3bf6aa6c4a96336,2017-07-31,993733.951
exchange_houses:x1_eeff_334:23367c5dd3bf6aa6c4a96336,2018-07-31,1190500.507
exchange_houses:x1_eeff_334:23367c5dd3bf6aa6c4a96336,2019-07-31,1567986.292
exchange_houses:x1_eeff_334:23367c5dd3bf6aa6c4a96336,2020-07-31,1824449.153
exchange_houses:x1_eeff_334:23367c5dd3bf6aa6c4a96336,2021-07-31,1990559.24
exchange_houses:x1_eeff_334:23367c5dd3bf6aa6c4a96336,2022-07-31,2049330.836
exchange_houses:x1_eeff_334:23367c5dd3bf6aa6c4a96336,2023-07-31,2192619.419
exchange_houses:x1_eeff_334:23367c5dd3bf6aa6c4a96336,2024-07-31,2317384.157
exchange_houses:x1_eeff_334:23367c5dd3bf6aa6c4a96336,2025-07-31,2508946.57
exchange_houses:x1_eeff_334:23367c5dd3bf6aa6c4a96336,2026-07-31,1421103.48
exchange_houses:x1_eeff_335:75966bd48d9a67b0df407609,2016-07-31,1708981.339
exchange_houses:x1_eeff_335:75966bd48d9a67b0df407609,2017-07-31,0.0
exchange_houses:x1_eeff_335:75966bd48d9a67b0df407609,2018-07-31,0.0
exchange_houses:x1_eeff_335:75966bd48d9a67b0df407609,2019-07-31,0.0
exchange_houses:x1_eeff_335:75966bd48d9a67b0df407609,2020-07-31,0.0
exchange_houses:x1_eeff_335:75966bd48d9a67b0df407609,2021-07-31,0.0
exchange_houses:x1_eeff_335:75966bd48d9a67b0df407609,2022-07-31,0.0
exchange_houses:x1_eeff_335:75966bd48d9a67b0df407609,2023-07-31,0.0
exchange_houses:x1_eeff_335:75966bd48d9a67b0df407609,2024-07-31,0.0
exchange_houses:x1_eeff_335:75966bd48d9a67b0df407609,2025-07-31,0.0
exchange_houses:x1_eeff_335:75966bd48d9a67b0df407609,2026-07-31,0.0
exchange_houses:x1_eeff_336:e30a31ac4dc08d53ffee86c7,2016-07-31,1864989.55
exchange_houses:x1_eeff_336:e30a31ac4dc08d53ffee86c7,2017-07-31,3382442.524
exchange_houses:x1_eeff_336:e30a31ac4dc08d53ffee86c7,2018-07-31,5453108.875
exchange_houses:x1_eeff_336:e30a31ac4dc08d53ffee86c7,2019-07-31,5979597.576
exchange_houses:x1_eeff_336:e30a31ac4dc08d53ffee86c7,2020-07-31,5987905.744
exchange_houses:x1_eeff_336:e30a31ac4dc08d53ffee86c7,2021-07-31,233398.872
exchange_houses:x1_eeff_336:e30a31ac4dc08d53ffee86c7,2022-07-31,767636.757
exchange_houses:x1_eeff_336:e30a31ac4dc08d53ffee86c7,2023-07-31,2799644.322
exchange_houses:x1_eeff_336:e30a31ac4dc08d53ffee86c7,2024-07-31,3033459.792
exchange_houses:x1_eeff_336:e30a31ac4dc08d53ffee86c7,2025-07-31,621289.402
exchange_houses:x1_eeff_336:e30a31ac4dc08d53ffee86c7,2026-07-31,210440.621
exchange_houses:x1_eeff_337:93862a078b8c4c20a4a7ac3e,2016-07-31,117249.028
exchange_houses:x1_eeff_337:93862a078b8c4c20a4a7ac3e,2017-07-31,123167.974
exchange_houses:x1_eeff_337:93862a078b8c4c20a4a7ac3e,2018-07-31,0.0
exchange_houses:x1_eeff_337:93862a078b8c4c20a4a7ac3e,2019-07-31,137242.996
exchange_houses:x1_eeff_337:93862a078b8c4c20a4a7ac3e,2020-07-31,139964.483
exchange_houses:x1_eeff_337:93862a078b8c4c20a4a7ac3e,2021-07-31,54773.941
exchange_houses:x1_eeff_337:93862a078b8c4c20a4a7ac3e,2022-07-31,54773.941
exchange_houses:x1_eeff_337:93862a078b8c4c20a4a7ac3e,2023-07-31,0.0
exchange_houses:x1_eeff_337:93862a078b8c4c20a4a7ac3e,2024-07-31,0.0
exchange_houses:x1_eeff_337:93862a078b8c4c20a4a7ac3e,2025-07-31,0.0
exchange_houses:x1_eeff_337:93862a078b8c4c20a4a7ac3e,2026-07-31,0.0
exchange_houses:x1_eeff_338:e25f4134ed069f111119663a,2016-07-31,629360.868
exchange_houses:x1_eeff_338:e25f4134ed069f111119663a,2017-07-31,1065042.89
exchange_houses:x1_eeff_338:e25f4134ed069f111119663a,2018-07-31,1074292.494
exchange_houses:x1_eeff_338:e25f4134ed069f111119663a,2019-07-31,1094977.483
exchange_houses:x1_eeff_338:e25f4134ed069f111119663a,2020-07-31,0.0
exchange_houses:x1_eeff_338:e25f4134ed069f111119663a,2021-07-31,1688278.543
exchange_houses:x1_eeff_338:e25f4134ed069f111119663a,2022-07-31,1688278.543
exchange_houses:x1_eeff_338:e25f4134ed069f111119663a,2023-07-31,2008020.795
exchange_houses:x1_eeff_338:e25f4134ed069f111119663a,2024-07-31,2057393.847
exchange_houses:x1_eeff_338:e25f4134ed069f111119663a,2025-07-31,2208756.164
exchange_houses:x1_eeff_338:e25f4134ed069f111119663a,2026-07-31,2030356.86
exchange_houses:x1_eeff_339:08f1b4b6ddd8a036f4c7687a,2016-07-31,2217079.072
exchange_houses:x1_eeff_339:08f1b4b6ddd8a036f4c7687a,2017-07-31,2548760.417
exchange_houses:x1_eeff_339:08f1b4b6ddd8a036f4c7687a,2018-07-31,2885295.921
exchange_houses:x1_eeff_339:08f1b4b6ddd8a036f4c7687a,2019-07-31,3351236.154
exchange_houses:x1_eeff_339:08f1b4b6ddd8a036f4c7687a,2020-07-31,3862249.136
exchange_houses:x1_eeff_339:08f1b4b6ddd8a036f4c7687a,2021-07-31,4266984.129
exchange_houses:x1_eeff_339:08f1b4b6ddd8a036f4c7687a,2022-07-31,4220502.128
exchange_houses:x1_eeff_339:08f1b4b6ddd8a036f4c7687a,2023-07-31,4509321.122
exchange_houses:x1_eeff_339:08f1b4b6ddd8a036f4c7687a,2024-07-31,4636652.118
exchange_houses:x1_eeff_339:08f1b4b6ddd8a036f4c7687a,2025-07-31,4801253.497
exchange_houses:x1_eeff_339:08f1b4b6ddd8a036f4c7687a,2026-07-31,5045030.843
exchange_houses:x1_eeff_33:d546d3a73da89182c1e7ae05,2016-07-31,0.0
exchange_houses:x1_eeff_33:d546d3a73da89182c1e7ae05,2017-07-31,0.0
exchange_houses:x1_eeff_33:d546d3a73da89182c1e7ae05,2018-07-31,0.0
exchange_houses:x1_eeff_33:d546d3a73da89182c1e7ae05,2019-07-31,0.0
exchange_houses:x1_eeff_33:d546d3a73da89182c1e7ae05,2020-07-31,0.0
exchange_houses:x1_eeff_33:d546d3a73da89182c1e7ae05,2021-07-31,0.0
exchange_houses:x1_eeff_33:d546d3a73da89182c1e7ae05,2022-07-31,0.0
exchange_houses:x1_eeff_33:d546d3a73da89182c1e7ae05,2023-07-31,0.0
exchange_houses:x1_eeff_33:d546d3a73da89182c1e7ae05,2024-07-31,0.0
exchange_houses:x1_eeff_33:d546d3a73da89182c1e7ae05,2025-07-31,0.0
exchange_houses:x1_eeff_33:d546d3a73da89182c1e7ae05,2026-07-31,29200.0
exchange_houses:x1_eeff_340:1cbf0d37f7f6900ad5885e0c,2016-07-31,12677380.007
exchange_houses:x1_eeff_340:1cbf0d37f7f6900ad5885e0c,2017-07-31,14578968.371
exchange_houses:x1_eeff_340:1cbf0d37f7f6900ad5885e0c,2018-07-31,16394422.748
exchange_houses:x1_eeff_340:1cbf0d37f7f6900ad5885e0c,2019-07-31,18629327.082
exchange_houses:x1_eeff_340:1cbf0d37f7f6900ad5885e0c,2020-07-31,20304030.223
exchange_houses:x1_eeff_340:1cbf0d37f7f6900ad5885e0c,2021-07-31,20870977.964
exchange_houses:x1_eeff_340:1cbf0d37f7f6900ad5885e0c,2022-07-31,20870977.964
exchange_houses:x1_eeff_340:1cbf0d37f7f6900ad5885e0c,2023-07-31,21323220.742
exchange_houses:x1_eeff_340:1cbf0d37f7f6900ad5885e0c,2024-07-31,20130580.852
exchange_houses:x1_eeff_340:1cbf0d37f7f6900ad5885e0c,2025-07-31,19445756.72
exchange_houses:x1_eeff_340:1cbf0d37f7f6900ad5885e0c,2026-07-31,13699754.41
exchange_houses:x1_eeff_341:f171d80a88d6835b3c9a8103,2016-07-31,108295973.64109999
exchange_houses:x1_eeff_341:f171d80a88d6835b3c9a8103,2017-07-31,120228417.04700002
exchange_houses:x1_eeff_341:f171d80a88d6835b3c9a8103,2018-07-31,129014053.81209001
exchange_houses:x1_eeff_341:f171d80a88d6835b3c9a8103,2019-07-31,148411690.88693997
exchange_houses:x1_eeff_341:f171d80a88d6835b3c9a8103,2020-07-31,162531691.72969002
exchange_houses:x1_eeff_341:f171d80a88d6835b3c9a8103,2021-07-31,159142666.3123
exchange_houses:x1_eeff_341:f171d80a88d6835b3c9a8103,2022-07-31,160178456.2947
exchange_houses:x1_eeff_341:f171d80a88d6835b3c9a8103,2023-07-31,175554291.19619003
exchange_houses:x1_eeff_341:f171d80a88d6835b3c9a8103,2024-07-31,174500744.41369003
exchange_houses:x1_eeff_341:f171d80a88d6835b3c9a8103,2025-07-31,189048018.95869
exchange_houses:x1_eeff_341:f171d80a88d6835b3c9a8103,2026-07-31,185392963.60968998
exchange_houses:x1_eeff_342:832792e5c29f1b9dc8b41e58,2016-07-31,0.0
exchange_houses:x1_eeff_342:832792e5c29f1b9dc8b41e58,2017-07-31,0.0
exchange_houses:x1_eeff_342:832792e5c29f1b9dc8b41e58,2018-07-31,0.0
exchange_houses:x1_eeff_342:832792e5c29f1b9dc8b41e58,2019-07-31,0.0
exchange_houses:x1_eeff_342:832792e5c29f1b9dc8b41e58,2020-07-31,0.0
exchange_houses:x1_eeff_342:832792e5c29f1b9dc8b41e58,2021-07-31,0.0
exchange_houses:x1_eeff_342:832792e5c29f1b9dc8b41e58,2022-07-31,0.0
exchange_houses:x1_eeff_342:832792e5c29f1b9dc8b41e58,2023-07-31,0.0
exchange_houses:x1_eeff_342:832792e5c29f1b9dc8b41e58,2024-07-31,0.0
exchange_houses:x1_eeff_342:832792e5c29f1b9dc8b41e58,2025-07-31,0.0
exchange_houses:x1_eeff_342:832792e5c29f1b9dc8b41e58,2026-07-31,0.0
exchange_houses:x1_eeff_343:47241aae95960b6cad2df486,2016-07-31,0.0
exchange_houses:x1_eeff_343:47241aae95960b6cad2df486,2017-07-31,0.0
exchange_houses:x1_eeff_343:47241aae95960b6cad2df486,2018-07-31,0.0
exchange_houses:x1_eeff_343:47241aae95960b6cad2df486,2019-07-31,0.0
exchange_houses:x1_eeff_343:47241aae95960b6cad2df486,2020-07-31,0.0
exchange_houses:x1_eeff_343:47241aae95960b6cad2df486,2021-07-31,0.0
exchange_houses:x1_eeff_343:47241aae95960b6cad2df486,2022-07-31,0.0
exchange_houses:x1_eeff_343:47241aae95960b6cad2df486,2023-07-31,0.0
exchange_houses:x1_eeff_343:47241aae95960b6cad2df486,2024-07-31,0.0
exchange_houses:x1_eeff_343:47241aae95960b6cad2df486,2025-07-31,0.0
exchange_houses:x1_eeff_343:47241aae95960b6cad2df486,2026-07-31,0.0
exchange_houses:x1_eeff_344:5dc96c2257f5a6a5ce48e312,2016-07-31,0.0
exchange_houses:x1_eeff_344:5dc96c2257f5a6a5ce48e312,2017-07-31,0.0
exchange_houses:x1_eeff_344:5dc96c2257f5a6a5ce48e312,2018-07-31,0.0
exchange_houses:x1_eeff_344:5dc96c2257f5a6a5ce48e312,2019-07-31,0.0
exchange_houses:x1_eeff_344:5dc96c2257f5a6a5ce48e312,2020-07-31,0.0
exchange_houses:x1_eeff_344:5dc96c2257f5a6a5ce48e312,2021-07-31,0.0
exchange_houses:x1_eeff_344:5dc96c2257f5a6a5ce48e312,2022-07-31,0.0
exchange_houses:x1_eeff_344:5dc96c2257f5a6a5ce48e312,2023-07-31,0.0
exchange_houses:x1_eeff_344:5dc96c2257f5a6a5ce48e312,2024-07-31,0.0
exchange_houses:x1_eeff_344:5dc96c2257f5a6a5ce48e312,2025-07-31,0.0
exchange_houses:x1_eeff_344:5dc96c2257f5a6a5ce48e312,2026-07-31,0.0
exchange_houses:x1_eeff_345:f794c66482a347018cc716b4,2016-07-31,0.0
exchange_houses:x1_eeff_345:f794c66482a347018cc716b4,2017-07-31,0.0
exchange_houses:x1_eeff_345:f794c66482a347018cc716b4,2018-07-31,0.0
exchange_houses:x1_eeff_345:f794c66482a347018cc716b4,2019-07-31,0.0
exchange_houses:x1_eeff_345:f794c66482a347018cc716b4,2020-07-31,0.0
exchange_houses:x1_eeff_345:f794c66482a347018cc716b4,2021-07-31,0.0
exchange_houses:x1_eeff_345:f794c66482a347018cc716b4,2022-07-31,0.0
exchange_houses:x1_eeff_345:f794c66482a347018cc716b4,2023-07-31,0.0
exchange_houses:x1_eeff_345:f794c66482a347018cc716b4,2024-07-31,0.0
exchange_houses:x1_eeff_345:f794c66482a347018cc716b4,2025-07-31,0.0
exchange_houses:x1_eeff_345:f794c66482a347018cc716b4,2026-07-31,0.0
exchange_houses:x1_eeff_346:b9f7fa283a31fc523b0943f3,2016-07-31,0.0
exchange_houses:x1_eeff_346:b9f7fa283a31fc523b0943f3,2017-07-31,0.0
exchange_houses:x1_eeff_346:b9f7fa283a31fc523b0943f3,2018-07-31,0.0
exchange_houses:x1_eeff_346:b9f7fa283a31fc523b0943f3,2019-07-31,796325.504
exchange_houses:x1_eeff_346:b9f7fa283a31fc523b0943f3,2020-07-31,0.0
exchange_houses:x1_eeff_346:b9f7fa283a31fc523b0943f3,2021-07-31,0.0
exchange_houses:x1_eeff_346:b9f7fa283a31fc523b0943f3,2022-07-31,27109.067
exchange_houses:x1_eeff_346:b9f7fa283a31fc523b0943f3,2023-07-31,0.0
exchange_houses:x1_eeff_346:b9f7fa283a31fc523b0943f3,2024-07-31,0.0
exchange_houses:x1_eeff_346:b9f7fa283a31fc523b0943f3,2025-07-31,0.0
exchange_houses:x1_eeff_346:b9f7fa283a31fc523b0943f3,2026-07-31,0.0
exchange_houses:x1_eeff_347:5182070034fb95a72bc8d0e0,2016-07-31,0.0
exchange_houses:x1_eeff_347:5182070034fb95a72bc8d0e0,2017-07-31,0.0
exchange_houses:x1_eeff_347:5182070034fb95a72bc8d0e0,2018-07-31,0.0
exchange_houses:x1_eeff_347:5182070034fb95a72bc8d0e0,2019-07-31,0.0
exchange_houses:x1_eeff_347:5182070034fb95a72bc8d0e0,2020-07-31,0.0
exchange_houses:x1_eeff_347:5182070034fb95a72bc8d0e0,2021-07-31,0.0
exchange_houses:x1_eeff_347:5182070034fb95a72bc8d0e0,2022-07-31,0.0
exchange_houses:x1_eeff_347:5182070034fb95a72bc8d0e0,2023-07-31,0.0
exchange_houses:x1_eeff_347:5182070034fb95a72bc8d0e0,2024-07-31,-1837032.571
exchange_houses:x1_eeff_347:5182070034fb95a72bc8d0e0,2025-07-31,0.0
exchange_houses:x1_eeff_347:5182070034fb95a72bc8d0e0,2026-07-31,0.0
exchange_houses:x1_eeff_348:8c1367b8e33cd6420c75744a,2016-07-31,0.0
exchange_houses:x1_eeff_348:8c1367b8e33cd6420c75744a,2017-07-31,319080.103
exchange_houses:x1_eeff_348:8c1367b8e33cd6420c75744a,2018-07-31,15.14
exchange_houses:x1_eeff_348:8c1367b8e33cd6420c75744a,2019-07-31,15.14
exchange_houses:x1_eeff_348:8c1367b8e33cd6420c75744a,2020-07-31,0.0
exchange_houses:x1_eeff_348:8c1367b8e33cd6420c75744a,2021-07-31,0.0
exchange_houses:x1_eeff_348:8c1367b8e33cd6420c75744a,2022-07-31,0.0
exchange_houses:x1_eeff_348:8c1367b8e33cd6420c75744a,2023-07-31,0.0
exchange_houses:x1_eeff_348:8c1367b8e33cd6420c75744a,2024-07-31,0.0
exchange_houses:x1_eeff_348:8c1367b8e33cd6420c75744a,2025-07-31,0.0
exchange_houses:x1_eeff_348:8c1367b8e33cd6420c75744a,2026-07-31,0.0
exchange_houses:x1_eeff_349:c14621588d1fcfbd8ded9cb6,2016-07-31,-471290.14
exchange_houses:x1_eeff_349:c14621588d1fcfbd8ded9cb6,2017-07-31,-873012.502
exchange_houses:x1_eeff_349:c14621588d1fcfbd8ded9cb6,2018-07-31,-151981.955
exchange_houses:x1_eeff_349:c14621588d1fcfbd8ded9cb6,2019-07-31,0.0
exchange_houses:x1_eeff_349:c14621588d1fcfbd8ded9cb6,2020-07-31,0.0
exchange_houses:x1_eeff_349:c14621588d1fcfbd8ded9cb6,2021-07-31,0.0
exchange_houses:x1_eeff_349:c14621588d1fcfbd8ded9cb6,2022-07-31,0.0
exchange_houses:x1_eeff_349:c14621588d1fcfbd8ded9cb6,2023-07-31,0.0
exchange_houses:x1_eeff_349:c14621588d1fcfbd8ded9cb6,2024-07-31,0.0
exchange_houses:x1_eeff_349:c14621588d1fcfbd8ded9cb6,2025-07-31,0.0
exchange_houses:x1_eeff_349:c14621588d1fcfbd8ded9cb6,2026-07-31,0.0
exchange_houses:x1_eeff_34:fe59b75c901684368bdd8cf3,2016-07-31,0.0
exchange_houses:x1_eeff_34:fe59b75c901684368bdd8cf3,2017-07-31,0.0
exchange_houses:x1_eeff_34:fe59b75c901684368bdd8cf3,2018-07-31,0.0
exchange_houses:x1_eeff_34:fe59b75c901684368bdd8cf3,2019-07-31,0.0
exchange_houses:x1_eeff_34:fe59b75c901684368bdd8cf3,2020-07-31,0.0
exchange_houses:x1_eeff_34:fe59b75c901684368bdd8cf3,2021-07-31,0.0
exchange_houses:x1_eeff_34:fe59b75c901684368bdd8cf3,2022-07-31,0.0
exchange_houses:x1_eeff_34:fe59b75c901684368bdd8cf3,2023-07-31,0.0
exchange_houses:x1_eeff_34:fe59b75c901684368bdd8cf3,2024-07-31,0.0
exchange_houses:x1_eeff_34:fe59b75c901684368bdd8cf3,2025-07-31,0.0
exchange_houses:x1_eeff_34:fe59b75c901684368bdd8cf3,2026-07-31,0.0
exchange_houses:x1_eeff_350:cfcdefeb1c1c5b579cba8092,2016-07-31,-564317.71284
exchange_houses:x1_eeff_350:cfcdefeb1c1c5b579cba8092,2017-07-31,-564317.71282
exchange_houses:x1_eeff_350:cfcdefeb1c1c5b579cba8092,2018-07-31,0.0
exchange_houses:x1_eeff_350:cfcdefeb1c1c5b579cba8092,2019-07-31,0.0
exchange_houses:x1_eeff_350:cfcdefeb1c1c5b579cba8092,2020-07-31,0.0
exchange_houses:x1_eeff_350:cfcdefeb1c1c5b579cba8092,2021-07-31,-838543.3776
exchange_houses:x1_eeff_350:cfcdefeb1c1c5b579cba8092,2022-07-31,-135006.05644
exchange_houses:x1_eeff_350:cfcdefeb1c1c5b579cba8092,2023-07-31,0.0
exchange_houses:x1_eeff_350:cfcdefeb1c1c5b579cba8092,2024-07-31,0.0
exchange_houses:x1_eeff_350:cfcdefeb1c1c5b579cba8092,2025-07-31,0.0
exchange_houses:x1_eeff_350:cfcdefeb1c1c5b579cba8092,2026-07-31,0.0
exchange_houses:x1_eeff_351:6035762caf8ed7f135bfb91e,2016-07-31,429790.111
exchange_houses:x1_eeff_351:6035762caf8ed7f135bfb91e,2017-07-31,179790.111
exchange_houses:x1_eeff_351:6035762caf8ed7f135bfb91e,2018-07-31,0.0
exchange_houses:x1_eeff_351:6035762caf8ed7f135bfb91e,2019-07-31,0.0
exchange_houses:x1_eeff_351:6035762caf8ed7f135bfb91e,2020-07-31,-477137.711
exchange_houses:x1_eeff_351:6035762caf8ed7f135bfb91e,2021-07-31,0.0
exchange_houses:x1_eeff_351:6035762caf8ed7f135bfb91e,2022-07-31,0.0
exchange_houses:x1_eeff_351:6035762caf8ed7f135bfb91e,2023-07-31,0.0
exchange_houses:x1_eeff_351:6035762caf8ed7f135bfb91e,2024-07-31,0.0
exchange_houses:x1_eeff_351:6035762caf8ed7f135bfb91e,2025-07-31,0.0
exchange_houses:x1_eeff_351:6035762caf8ed7f135bfb91e,2026-07-31,0.0
exchange_houses:x1_eeff_352:31a2a86b6f785f72e981b072,2016-07-31,0.0
exchange_houses:x1_eeff_352:31a2a86b6f785f72e981b072,2017-07-31,0.0
exchange_houses:x1_eeff_352:31a2a86b6f785f72e981b072,2018-07-31,0.0
exchange_houses:x1_eeff_352:31a2a86b6f785f72e981b072,2019-07-31,0.0
exchange_houses:x1_eeff_352:31a2a86b6f785f72e981b072,2020-07-31,0.0
exchange_houses:x1_eeff_352:31a2a86b6f785f72e981b072,2021-07-31,0.0
exchange_houses:x1_eeff_352:31a2a86b6f785f72e981b072,2022-07-31,0.0
exchange_houses:x1_eeff_352:31a2a86b6f785f72e981b072,2023-07-31,0.0
exchange_houses:x1_eeff_352:31a2a86b6f785f72e981b072,2024-07-31,0.0
exchange_houses:x1_eeff_352:31a2a86b6f785f72e981b072,2025-07-31,0.0
exchange_houses:x1_eeff_352:31a2a86b6f785f72e981b072,2026-07-31,0.0
exchange_houses:x1_eeff_353:e0e0f2c314f6c745c19d8687,2016-07-31,0.0
exchange_houses:x1_eeff_353:e0e0f2c314f6c745c19d8687,2017-07-31,0.0
exchange_houses:x1_eeff_353:e0e0f2c314f6c745c19d8687,2018-07-31,0.0
exchange_houses:x1_eeff_353:e0e0f2c314f6c745c19d8687,2019-07-31,0.0
exchange_houses:x1_eeff_353:e0e0f2c314f6c745c19d8687,2020-07-31,0.0
exchange_houses:x1_eeff_353:e0e0f2c314f6c745c19d8687,2021-07-31,-527457.473
exchange_houses:x1_eeff_353:e0e0f2c314f6c745c19d8687,2022-07-31,0.0
exchange_houses:x1_eeff_353:e0e0f2c314f6c745c19d8687,2023-07-31,0.0
exchange_houses:x1_eeff_353:e0e0f2c314f6c745c19d8687,2024-07-31,-888813.369
exchange_houses:x1_eeff_353:e0e0f2c314f6c745c19d8687,2025-07-31,0.0
exchange_houses:x1_eeff_353:e0e0f2c314f6c745c19d8687,2026-07-31,1405346.908
exchange_houses:x1_eeff_354:2e54e6677867036adf819f7b,2016-07-31,0.0
exchange_houses:x1_eeff_354:2e54e6677867036adf819f7b,2017-07-31,0.0
exchange_houses:x1_eeff_354:2e54e6677867036adf819f7b,2018-07-31,0.0
exchange_houses:x1_eeff_354:2e54e6677867036adf819f7b,2019-07-31,0.0
exchange_houses:x1_eeff_354:2e54e6677867036adf819f7b,2020-07-31,0.0
exchange_houses:x1_eeff_354:2e54e6677867036adf819f7b,2021-07-31,0.001
exchange_houses:x1_eeff_354:2e54e6677867036adf819f7b,2022-07-31,0.0
exchange_houses:x1_eeff_354:2e54e6677867036adf819f7b,2023-07-31,9231.041
exchange_houses:x1_eeff_354:2e54e6677867036adf819f7b,2024-07-31,3261221.944
exchange_houses:x1_eeff_354:2e54e6677867036adf819f7b,2025-07-31,6121992.698
exchange_houses:x1_eeff_354:2e54e6677867036adf819f7b,2026-07-31,0.0
exchange_houses:x1_eeff_355:878842d65267feedb8c11e55,2016-07-31,-219983.159
exchange_houses:x1_eeff_355:878842d65267feedb8c11e55,2017-07-31,-385569.576
exchange_houses:x1_eeff_355:878842d65267feedb8c11e55,2018-07-31,-618598.904
exchange_houses:x1_eeff_355:878842d65267feedb8c11e55,2019-07-31,-447979.451
exchange_houses:x1_eeff_355:878842d65267feedb8c11e55,2020-07-31,-719135.77
exchange_houses:x1_eeff_355:878842d65267feedb8c11e55,2021-07-31,-928216.913
exchange_houses:x1_eeff_355:878842d65267feedb8c11e55,2022-07-31,-1092377.071
exchange_houses:x1_eeff_355:878842d65267feedb8c11e55,2023-07-31,-707528.168
exchange_houses:x1_eeff_355:878842d65267feedb8c11e55,2024-07-31,0.0
exchange_houses:x1_eeff_355:878842d65267feedb8c11e55,2025-07-31,0.0
exchange_houses:x1_eeff_355:878842d65267feedb8c11e55,2026-07-31,242233.863
exchange_houses:x1_eeff_356:e6b9af38413d5b88619b032b,2016-07-31,0.0
exchange_houses:x1_eeff_356:e6b9af38413d5b88619b032b,2017-07-31,0.0
exchange_houses:x1_eeff_356:e6b9af38413d5b88619b032b,2018-07-31,0.0
exchange_houses:x1_eeff_356:e6b9af38413d5b88619b032b,2019-07-31,0.0
exchange_houses:x1_eeff_356:e6b9af38413d5b88619b032b,2020-07-31,0.0
exchange_houses:x1_eeff_356:e6b9af38413d5b88619b032b,2021-07-31,0.0
exchange_houses:x1_eeff_356:e6b9af38413d5b88619b032b,2022-07-31,0.0
exchange_houses:x1_eeff_356:e6b9af38413d5b88619b032b,2023-07-31,0.0
exchange_houses:x1_eeff_356:e6b9af38413d5b88619b032b,2024-07-31,0.0
exchange_houses:x1_eeff_356:e6b9af38413d5b88619b032b,2025-07-31,0.0
exchange_houses:x1_eeff_356:e6b9af38413d5b88619b032b,2026-07-31,0.0
exchange_houses:x1_eeff_357:02565429ee035af251bd0a95,2016-07-31,0.0
exchange_houses:x1_eeff_357:02565429ee035af251bd0a95,2017-07-31,0.0
exchange_houses:x1_eeff_357:02565429ee035af251bd0a95,2018-07-31,0.0
exchange_houses:x1_eeff_357:02565429ee035af251bd0a95,2019-07-31,0.0
exchange_houses:x1_eeff_357:02565429ee035af251bd0a95,2020-07-31,0.0
exchange_houses:x1_eeff_357:02565429ee035af251bd0a95,2021-07-31,0.0
exchange_houses:x1_eeff_357:02565429ee035af251bd0a95,2022-07-31,0.0
exchange_houses:x1_eeff_357:02565429ee035af251bd0a95,2023-07-31,0.0
exchange_houses:x1_eeff_357:02565429ee035af251bd0a95,2024-07-31,0.0
exchange_houses:x1_eeff_357:02565429ee035af251bd0a95,2025-07-31,0.0
exchange_houses:x1_eeff_357:02565429ee035af251bd0a95,2026-07-31,0.0
exchange_houses:x1_eeff_358:242db8fb3791eccecdefd903,2016-07-31,0.0
exchange_houses:x1_eeff_358:242db8fb3791eccecdefd903,2017-07-31,0.0
exchange_houses:x1_eeff_358:242db8fb3791eccecdefd903,2018-07-31,0.0
exchange_houses:x1_eeff_358:242db8fb3791eccecdefd903,2019-07-31,471.559
exchange_houses:x1_eeff_358:242db8fb3791eccecdefd903,2020-07-31,0.0
exchange_houses:x1_eeff_358:242db8fb3791eccecdefd903,2021-07-31,0.0
exchange_houses:x1_eeff_358:242db8fb3791eccecdefd903,2022-07-31,0.0
exchange_houses:x1_eeff_358:242db8fb3791eccecdefd903,2023-07-31,0.0
exchange_houses:x1_eeff_358:242db8fb3791eccecdefd903,2024-07-31,0.0
exchange_houses:x1_eeff_358:242db8fb3791eccecdefd903,2025-07-31,0.0
exchange_houses:x1_eeff_358:242db8fb3791eccecdefd903,2026-07-31,0.0
exchange_houses:x1_eeff_359:315866d2959bfdca5a4c00b3,2016-07-31,0.0
exchange_houses:x1_eeff_359:315866d2959bfdca5a4c00b3,2017-07-31,0.0
exchange_houses:x1_eeff_359:315866d2959bfdca5a4c00b3,2018-07-31,0.0
exchange_houses:x1_eeff_359:315866d2959bfdca5a4c00b3,2019-07-31,0.0
exchange_houses:x1_eeff_359:315866d2959bfdca5a4c00b3,2020-07-31,0.0
exchange_houses:x1_eeff_359:315866d2959bfdca5a4c00b3,2021-07-31,0.0
exchange_houses:x1_eeff_359:315866d2959bfdca5a4c00b3,2022-07-31,1400000.0
exchange_houses:x1_eeff_359:315866d2959bfdca5a4c00b3,2023-07-31,0.0
exchange_houses:x1_eeff_359:315866d2959bfdca5a4c00b3,2024-07-31,0.0
exchange_houses:x1_eeff_359:315866d2959bfdca5a4c00b3,2025-07-31,0.0
exchange_houses:x1_eeff_359:315866d2959bfdca5a4c00b3,2026-07-31,0.0
exchange_houses:x1_eeff_35:e8eadb3be31a8eea863bba32,2016-07-31,16760.0
exchange_houses:x1_eeff_35:e8eadb3be31a8eea863bba32,2017-07-31,16760.0
exchange_houses:x1_eeff_35:e8eadb3be31a8eea863bba32,2018-07-31,16760.0
exchange_houses:x1_eeff_35:e8eadb3be31a8eea863bba32,2019-07-31,16760.0
exchange_houses:x1_eeff_35:e8eadb3be31a8eea863bba32,2020-07-31,16760.0
exchange_houses:x1_eeff_35:e8eadb3be31a8eea863bba32,2021-07-31,16760.0
exchange_houses:x1_eeff_35:e8eadb3be31a8eea863bba32,2022-07-31,16760.0
exchange_houses:x1_eeff_35:e8eadb3be31a8eea863bba32,2023-07-31,21000.0
exchange_houses:x1_eeff_35:e8eadb3be31a8eea863bba32,2024-07-31,0.0
exchange_houses:x1_eeff_35:e8eadb3be31a8eea863bba32,2025-07-31,0.0
exchange_houses:x1_eeff_35:e8eadb3be31a8eea863bba32,2026-07-31,0.0
exchange_houses:x1_eeff_360:45f6a10ef983464f85c3ddde,2016-07-31,0.0
exchange_houses:x1_eeff_360:45f6a10ef983464f85c3ddde,2017-07-31,0.0
exchange_houses:x1_eeff_360:45f6a10ef983464f85c3ddde,2018-07-31,0.0
exchange_houses:x1_eeff_360:45f6a10ef983464f85c3ddde,2019-07-31,0.0
exchange_houses:x1_eeff_360:45f6a10ef983464f85c3ddde,2020-07-31,0.0
exchange_houses:x1_eeff_360:45f6a10ef983464f85c3ddde,2021-07-31,0.0
exchange_houses:x1_eeff_360:45f6a10ef983464f85c3ddde,2022-07-31,0.0
exchange_houses:x1_eeff_360:45f6a10ef983464f85c3ddde,2023-07-31,0.0
exchange_houses:x1_eeff_360:45f6a10ef983464f85c3ddde,2024-07-31,0.0
exchange_houses:x1_eeff_360:45f6a10ef983464f85c3ddde,2025-07-31,0.0
exchange_houses:x1_eeff_360:45f6a10ef983464f85c3ddde,2026-07-31,0.0
exchange_houses:x1_eeff_361:b0c9c76c88a46afe2317a0db,2016-07-31,0.0
exchange_houses:x1_eeff_361:b0c9c76c88a46afe2317a0db,2017-07-31,0.0
exchange_houses:x1_eeff_361:b0c9c76c88a46afe2317a0db,2018-07-31,0.0
exchange_houses:x1_eeff_361:b0c9c76c88a46afe2317a0db,2019-07-31,0.0
exchange_houses:x1_eeff_361:b0c9c76c88a46afe2317a0db,2020-07-31,0.0
exchange_houses:x1_eeff_361:b0c9c76c88a46afe2317a0db,2021-07-31,0.0
exchange_houses:x1_eeff_361:b0c9c76c88a46afe2317a0db,2022-07-31,59562.252
exchange_houses:x1_eeff_361:b0c9c76c88a46afe2317a0db,2023-07-31,0.0
exchange_houses:x1_eeff_361:b0c9c76c88a46afe2317a0db,2024-07-31,0.0
exchange_houses:x1_eeff_361:b0c9c76c88a46afe2317a0db,2025-07-31,0.0
exchange_houses:x1_eeff_361:b0c9c76c88a46afe2317a0db,2026-07-31,0.0
exchange_houses:x1_eeff_362:1c5d9edc3b550ccec719d1fd,2016-07-31,0.0
exchange_houses:x1_eeff_362:1c5d9edc3b550ccec719d1fd,2017-07-31,0.0
exchange_houses:x1_eeff_362:1c5d9edc3b550ccec719d1fd,2018-07-31,0.0
exchange_houses:x1_eeff_362:1c5d9edc3b550ccec719d1fd,2019-07-31,0.0
exchange_houses:x1_eeff_362:1c5d9edc3b550ccec719d1fd,2020-07-31,0.0
exchange_houses:x1_eeff_362:1c5d9edc3b550ccec719d1fd,2021-07-31,0.0
exchange_houses:x1_eeff_362:1c5d9edc3b550ccec719d1fd,2022-07-31,0.0
exchange_houses:x1_eeff_362:1c5d9edc3b550ccec719d1fd,2023-07-31,0.0
exchange_houses:x1_eeff_362:1c5d9edc3b550ccec719d1fd,2024-07-31,0.0
exchange_houses:x1_eeff_362:1c5d9edc3b550ccec719d1fd,2025-07-31,0.0
exchange_houses:x1_eeff_362:1c5d9edc3b550ccec719d1fd,2026-07-31,0.0
exchange_houses:x1_eeff_363:c3b69cf92aa3cda4e0866176,2016-07-31,0.0
exchange_houses:x1_eeff_363:c3b69cf92aa3cda4e0866176,2017-07-31,0.0
exchange_houses:x1_eeff_363:c3b69cf92aa3cda4e0866176,2018-07-31,0.0
exchange_houses:x1_eeff_363:c3b69cf92aa3cda4e0866176,2019-07-31,0.0
exchange_houses:x1_eeff_363:c3b69cf92aa3cda4e0866176,2020-07-31,0.0
exchange_houses:x1_eeff_363:c3b69cf92aa3cda4e0866176,2021-07-31,0.0
exchange_houses:x1_eeff_363:c3b69cf92aa3cda4e0866176,2022-07-31,0.0
exchange_houses:x1_eeff_363:c3b69cf92aa3cda4e0866176,2023-07-31,0.0
exchange_houses:x1_eeff_363:c3b69cf92aa3cda4e0866176,2024-07-31,0.0
exchange_houses:x1_eeff_363:c3b69cf92aa3cda4e0866176,2025-07-31,0.0
exchange_houses:x1_eeff_363:c3b69cf92aa3cda4e0866176,2026-07-31,0.0
exchange_houses:x1_eeff_364:7f341ef1cf2c68e0a6c2476e,2016-07-31,0.0
exchange_houses:x1_eeff_364:7f341ef1cf2c68e0a6c2476e,2017-07-31,0.0
exchange_houses:x1_eeff_364:7f341ef1cf2c68e0a6c2476e,2018-07-31,0.0
exchange_houses:x1_eeff_364:7f341ef1cf2c68e0a6c2476e,2019-07-31,0.0
exchange_houses:x1_eeff_364:7f341ef1cf2c68e0a6c2476e,2020-07-31,0.0
exchange_houses:x1_eeff_364:7f341ef1cf2c68e0a6c2476e,2021-07-31,0.0
exchange_houses:x1_eeff_364:7f341ef1cf2c68e0a6c2476e,2022-07-31,0.0
exchange_houses:x1_eeff_364:7f341ef1cf2c68e0a6c2476e,2023-07-31,0.0
exchange_houses:x1_eeff_364:7f341ef1cf2c68e0a6c2476e,2024-07-31,0.0
exchange_houses:x1_eeff_364:7f341ef1cf2c68e0a6c2476e,2025-07-31,0.0
exchange_houses:x1_eeff_364:7f341ef1cf2c68e0a6c2476e,2026-07-31,0.0
exchange_houses:x1_eeff_365:a6a7af031be1316e270c705f,2016-07-31,0.0
exchange_houses:x1_eeff_365:a6a7af031be1316e270c705f,2017-07-31,0.0
exchange_houses:x1_eeff_365:a6a7af031be1316e270c705f,2018-07-31,0.0
exchange_houses:x1_eeff_365:a6a7af031be1316e270c705f,2019-07-31,0.0
exchange_houses:x1_eeff_365:a6a7af031be1316e270c705f,2020-07-31,0.0
exchange_houses:x1_eeff_365:a6a7af031be1316e270c705f,2021-07-31,0.0
exchange_houses:x1_eeff_365:a6a7af031be1316e270c705f,2022-07-31,0.0
exchange_houses:x1_eeff_365:a6a7af031be1316e270c705f,2023-07-31,0.0
exchange_houses:x1_eeff_365:a6a7af031be1316e270c705f,2024-07-31,0.0
exchange_houses:x1_eeff_365:a6a7af031be1316e270c705f,2025-07-31,0.0
exchange_houses:x1_eeff_365:a6a7af031be1316e270c705f,2026-07-31,0.0
exchange_houses:x1_eeff_366:5f3f7cf32493ceedb370be7c,2016-07-31,-4525193.163
exchange_houses:x1_eeff_366:5f3f7cf32493ceedb370be7c,2017-07-31,0.0
exchange_houses:x1_eeff_366:5f3f7cf32493ceedb370be7c,2018-07-31,0.0
exchange_houses:x1_eeff_366:5f3f7cf32493ceedb370be7c,2019-07-31,0.0
exchange_houses:x1_eeff_366:5f3f7cf32493ceedb370be7c,2020-07-31,0.0
exchange_houses:x1_eeff_366:5f3f7cf32493ceedb370be7c,2021-07-31,0.0
exchange_houses:x1_eeff_366:5f3f7cf32493ceedb370be7c,2022-07-31,0.0
exchange_houses:x1_eeff_366:5f3f7cf32493ceedb370be7c,2023-07-31,0.0
exchange_houses:x1_eeff_366:5f3f7cf32493ceedb370be7c,2024-07-31,0.0
exchange_houses:x1_eeff_366:5f3f7cf32493ceedb370be7c,2025-07-31,0.0
exchange_houses:x1_eeff_366:5f3f7cf32493ceedb370be7c,2026-07-31,0.0
exchange_houses:x1_eeff_367:8490efb175fc349531e076de,2016-07-31,0.0
exchange_houses:x1_eeff_367:8490efb175fc349531e076de,2017-07-31,0.0
exchange_houses:x1_eeff_367:8490efb175fc349531e076de,2018-07-31,0.0
exchange_houses:x1_eeff_367:8490efb175fc349531e076de,2019-07-31,0.0
exchange_houses:x1_eeff_367:8490efb175fc349531e076de,2020-07-31,-2881973.016
exchange_houses:x1_eeff_367:8490efb175fc349531e076de,2021-07-31,0.0
exchange_houses:x1_eeff_367:8490efb175fc349531e076de,2022-07-31,0.0
exchange_houses:x1_eeff_367:8490efb175fc349531e076de,2023-07-31,0.0
exchange_houses:x1_eeff_367:8490efb175fc349531e076de,2024-07-31,0.0
exchange_houses:x1_eeff_367:8490efb175fc349531e076de,2025-07-31,0.0
exchange_houses:x1_eeff_367:8490efb175fc349531e076de,2026-07-31,0.0
exchange_houses:x1_eeff_368:0af002790fcfa5695bba9d00,2016-07-31,-161201.361
exchange_houses:x1_eeff_368:0af002790fcfa5695bba9d00,2017-07-31,-415677.268
exchange_houses:x1_eeff_368:0af002790fcfa5695bba9d00,2018-07-31,0.0
exchange_houses:x1_eeff_368:0af002790fcfa5695bba9d00,2019-07-31,49246.48
exchange_houses:x1_eeff_368:0af002790fcfa5695bba9d00,2020-07-31,210589.868
exchange_houses:x1_eeff_368:0af002790fcfa5695bba9d00,2021-07-31,-220907.872
exchange_houses:x1_eeff_368:0af002790fcfa5695bba9d00,2022-07-31,-926581.486
exchange_houses:x1_eeff_368:0af002790fcfa5695bba9d00,2023-07-31,0.0
exchange_houses:x1_eeff_368:0af002790fcfa5695bba9d00,2024-07-31,0.0
exchange_houses:x1_eeff_368:0af002790fcfa5695bba9d00,2025-07-31,0.0
exchange_houses:x1_eeff_368:0af002790fcfa5695bba9d00,2026-07-31,0.0
exchange_houses:x1_eeff_369:2d53f1ea77674a41a29e320f,2016-07-31,0.0
exchange_houses:x1_eeff_369:2d53f1ea77674a41a29e320f,2017-07-31,0.0
exchange_houses:x1_eeff_369:2d53f1ea77674a41a29e320f,2018-07-31,120528.612
exchange_houses:x1_eeff_369:2d53f1ea77674a41a29e320f,2019-07-31,172690.583
exchange_houses:x1_eeff_369:2d53f1ea77674a41a29e320f,2020-07-31,0.0
exchange_houses:x1_eeff_369:2d53f1ea77674a41a29e320f,2021-07-31,0.01
exchange_houses:x1_eeff_369:2d53f1ea77674a41a29e320f,2022-07-31,180822.821
exchange_houses:x1_eeff_369:2d53f1ea77674a41a29e320f,2023-07-31,0.0
exchange_houses:x1_eeff_369:2d53f1ea77674a41a29e320f,2024-07-31,0.0
exchange_houses:x1_eeff_369:2d53f1ea77674a41a29e320f,2025-07-31,0.0
exchange_houses:x1_eeff_369:2d53f1ea77674a41a29e320f,2026-07-31,0.0
exchange_houses:x1_eeff_36:e37537e0eb1725e2e570c06b,2016-07-31,354091.0
exchange_houses:x1_eeff_36:e37537e0eb1725e2e570c06b,2017-07-31,446098.662
exchange_houses:x1_eeff_36:e37537e0eb1725e2e570c06b,2018-07-31,477199.506
exchange_houses:x1_eeff_36:e37537e0eb1725e2e570c06b,2019-07-31,868646.503
exchange_houses:x1_eeff_36:e37537e0eb1725e2e570c06b,2020-07-31,466551.0
exchange_houses:x1_eeff_36:e37537e0eb1725e2e570c06b,2021-07-31,385096.0
exchange_houses:x1_eeff_36:e37537e0eb1725e2e570c06b,2022-07-31,433401.0
exchange_houses:x1_eeff_36:e37537e0eb1725e2e570c06b,2023-07-31,423951.0
exchange_houses:x1_eeff_36:e37537e0eb1725e2e570c06b,2024-07-31,423951.0
exchange_houses:x1_eeff_36:e37537e0eb1725e2e570c06b,2025-07-31,471176.14
exchange_houses:x1_eeff_36:e37537e0eb1725e2e570c06b,2026-07-31,374576.0
exchange_houses:x1_eeff_370:621601eb84e95aa704fbb6eb,2016-07-31,0.0
exchange_houses:x1_eeff_370:621601eb84e95aa704fbb6eb,2017-07-31,0.0
exchange_houses:x1_eeff_370:621601eb84e95aa704fbb6eb,2018-07-31,0.0
exchange_houses:x1_eeff_370:621601eb84e95aa704fbb6eb,2019-07-31,0.0
exchange_houses:x1_eeff_370:621601eb84e95aa704fbb6eb,2020-07-31,0.0
exchange_houses:x1_eeff_370:621601eb84e95aa704fbb6eb,2021-07-31,0.0
exchange_houses:x1_eeff_370:621601eb84e95aa704fbb6eb,2022-07-31,0.0
exchange_houses:x1_eeff_370:621601eb84e95aa704fbb6eb,2023-07-31,0.0
exchange_houses:x1_eeff_370:621601eb84e95aa704fbb6eb,2024-07-31,0.0
exchange_houses:x1_eeff_370:621601eb84e95aa704fbb6eb,2025-07-31,0.0
exchange_houses:x1_eeff_370:621601eb84e95aa704fbb6eb,2026-07-31,0.0
exchange_houses:x1_eeff_371:cf798b961139f81a6cbfc3d3,2016-07-31,0.0
exchange_houses:x1_eeff_371:cf798b961139f81a6cbfc3d3,2017-07-31,0.0
exchange_houses:x1_eeff_371:cf798b961139f81a6cbfc3d3,2018-07-31,0.0
exchange_houses:x1_eeff_371:cf798b961139f81a6cbfc3d3,2019-07-31,0.0
exchange_houses:x1_eeff_371:cf798b961139f81a6cbfc3d3,2020-07-31,0.0
exchange_houses:x1_eeff_371:cf798b961139f81a6cbfc3d3,2021-07-31,0.0
exchange_houses:x1_eeff_371:cf798b961139f81a6cbfc3d3,2022-07-31,-171960.005
exchange_houses:x1_eeff_371:cf798b961139f81a6cbfc3d3,2023-07-31,0.0
exchange_houses:x1_eeff_371:cf798b961139f81a6cbfc3d3,2024-07-31,0.0
exchange_houses:x1_eeff_371:cf798b961139f81a6cbfc3d3,2025-07-31,0.0
exchange_houses:x1_eeff_371:cf798b961139f81a6cbfc3d3,2026-07-31,0.0
exchange_houses:x1_eeff_372:90b922129a74991c51d5a496,2016-07-31,-5512195.4248399995
exchange_houses:x1_eeff_372:90b922129a74991c51d5a496,2017-07-31,-1739706.8448199998
exchange_houses:x1_eeff_372:90b922129a74991c51d5a496,2018-07-31,-650037.107
exchange_houses:x1_eeff_372:90b922129a74991c51d5a496,2019-07-31,570769.815
exchange_houses:x1_eeff_372:90b922129a74991c51d5a496,2020-07-31,-3867656.629
exchange_houses:x1_eeff_372:90b922129a74991c51d5a496,2021-07-31,-2515125.6245999997
exchange_houses:x1_eeff_372:90b922129a74991c51d5a496,2022-07-31,-658430.4784399997
exchange_houses:x1_eeff_372:90b922129a74991c51d5a496,2023-07-31,-698297.127
exchange_houses:x1_eeff_372:90b922129a74991c51d5a496,2024-07-31,535376.0040000002
exchange_houses:x1_eeff_372:90b922129a74991c51d5a496,2025-07-31,6121992.698
exchange_houses:x1_eeff_372:90b922129a74991c51d5a496,2026-07-31,1647580.7710000002
exchange_houses:x1_eeff_373:ac0db47331d58dbfa2b1ed9c,2016-07-31,2018225.158
exchange_houses:x1_eeff_373:ac0db47331d58dbfa2b1ed9c,2017-07-31,3803228.979
exchange_houses:x1_eeff_373:ac0db47331d58dbfa2b1ed9c,2018-07-31,2294079.45
exchange_houses:x1_eeff_373:ac0db47331d58dbfa2b1ed9c,2019-07-31,3633214.254
exchange_houses:x1_eeff_373:ac0db47331d58dbfa2b1ed9c,2020-07-31,-2533422.093
exchange_houses:x1_eeff_373:ac0db47331d58dbfa2b1ed9c,2021-07-31,2222873.447
exchange_houses:x1_eeff_373:ac0db47331d58dbfa2b1ed9c,2022-07-31,3449654.824
exchange_houses:x1_eeff_373:ac0db47331d58dbfa2b1ed9c,2023-07-31,550387.551
exchange_houses:x1_eeff_373:ac0db47331d58dbfa2b1ed9c,2024-07-31,1747112.75
exchange_houses:x1_eeff_373:ac0db47331d58dbfa2b1ed9c,2025-07-31,-3337681.088
exchange_houses:x1_eeff_373:ac0db47331d58dbfa2b1ed9c,2026-07-31,-1738208.134
exchange_houses:x1_eeff_374:00ca014a853a6c0714fa1445,2016-07-31,45722.649
exchange_houses:x1_eeff_374:00ca014a853a6c0714fa1445,2017-07-31,803580.518
exchange_houses:x1_eeff_374:00ca014a853a6c0714fa1445,2018-07-31,1448999.486
exchange_houses:x1_eeff_374:00ca014a853a6c0714fa1445,2019-07-31,2552174.998
exchange_houses:x1_eeff_374:00ca014a853a6c0714fa1445,2020-07-31,4252111.559
exchange_houses:x1_eeff_374:00ca014a853a6c0714fa1445,2021-07-31,547868.368
exchange_houses:x1_eeff_374:00ca014a853a6c0714fa1445,2022-07-31,1352169.584
exchange_houses:x1_eeff_374:00ca014a853a6c0714fa1445,2023-07-31,423925.923
exchange_houses:x1_eeff_374:00ca014a853a6c0714fa1445,2024-07-31,3741761.328
exchange_houses:x1_eeff_374:00ca014a853a6c0714fa1445,2025-07-31,2237321.164
exchange_houses:x1_eeff_374:00ca014a853a6c0714fa1445,2026-07-31,3803588.181
exchange_houses:x1_eeff_375:6122ef319105aaab4f75f7b0,2016-07-31,26026.827
exchange_houses:x1_eeff_375:6122ef319105aaab4f75f7b0,2017-07-31,90073.545
exchange_houses:x1_eeff_375:6122ef319105aaab4f75f7b0,2018-07-31,192152.341
exchange_houses:x1_eeff_375:6122ef319105aaab4f75f7b0,2019-07-31,361166.122
exchange_houses:x1_eeff_375:6122ef319105aaab4f75f7b0,2020-07-31,-114195.959
exchange_houses:x1_eeff_375:6122ef319105aaab4f75f7b0,2021-07-31,425156.745
exchange_houses:x1_eeff_375:6122ef319105aaab4f75f7b0,2022-07-31,384923.59
exchange_houses:x1_eeff_375:6122ef319105aaab4f75f7b0,2023-07-31,49682.927
exchange_houses:x1_eeff_375:6122ef319105aaab4f75f7b0,2024-07-31,-454308.704
exchange_houses:x1_eeff_375:6122ef319105aaab4f75f7b0,2025-07-31,-1103713.009
exchange_houses:x1_eeff_375:6122ef319105aaab4f75f7b0,2026-07-31,-945503.212
exchange_houses:x1_eeff_376:ec18912cda8aea6a1ccd0d45,2016-07-31,4842489.454
exchange_houses:x1_eeff_376:ec18912cda8aea6a1ccd0d45,2017-07-31,5466276.825
exchange_houses:x1_eeff_376:ec18912cda8aea6a1ccd0d45,2018-07-31,3611722.017
exchange_houses:x1_eeff_376:ec18912cda8aea6a1ccd0d45,2019-07-31,6076249.612
exchange_houses:x1_eeff_376:ec18912cda8aea6a1ccd0d45,2020-07-31,2019082.117
exchange_houses:x1_eeff_376:ec18912cda8aea6a1ccd0d45,2021-07-31,1009606.84
exchange_houses:x1_eeff_376:ec18912cda8aea6a1ccd0d45,2022-07-31,4063038.998
exchange_houses:x1_eeff_376:ec18912cda8aea6a1ccd0d45,2023-07-31,980190.392
exchange_houses:x1_eeff_376:ec18912cda8aea6a1ccd0d45,2024-07-31,3293420.907
exchange_houses:x1_eeff_376:ec18912cda8aea6a1ccd0d45,2025-07-31,3498460.573
exchange_houses:x1_eeff_376:ec18912cda8aea6a1ccd0d45,2026-07-31,1430549.645
exchange_houses:x1_eeff_377:4d1f3aa829d562796512a315,2016-07-31,564682.469
exchange_houses:x1_eeff_377:4d1f3aa829d562796512a315,2017-07-31,600122.837
exchange_houses:x1_eeff_377:4d1f3aa829d562796512a315,2018-07-31,810611.583
exchange_houses:x1_eeff_377:4d1f3aa829d562796512a315,2019-07-31,589242.978
exchange_houses:x1_eeff_377:4d1f3aa829d562796512a315,2020-07-31,629276.057
exchange_houses:x1_eeff_377:4d1f3aa829d562796512a315,2021-07-31,248131.679
exchange_houses:x1_eeff_377:4d1f3aa829d562796512a315,2022-07-31,479951.772
exchange_houses:x1_eeff_377:4d1f3aa829d562796512a315,2023-07-31,251058.318
exchange_houses:x1_eeff_377:4d1f3aa829d562796512a315,2024-07-31,346679.394
exchange_houses:x1_eeff_377:4d1f3aa829d562796512a315,2025-07-31,342220.544
exchange_houses:x1_eeff_377:4d1f3aa829d562796512a315,2026-07-31,68373.558
exchange_houses:x1_eeff_378:195036140e4be052073676b3,2016-07-31,2302684.444
exchange_houses:x1_eeff_378:195036140e4be052073676b3,2017-07-31,3883527.537
exchange_houses:x1_eeff_378:195036140e4be052073676b3,2018-07-31,3106416.733
exchange_houses:x1_eeff_378:195036140e4be052073676b3,2019-07-31,4658994.699
exchange_houses:x1_eeff_378:195036140e4be052073676b3,2020-07-31,2818222.776
exchange_houses:x1_eeff_378:195036140e4be052073676b3,2021-07-31,-2416900.546
exchange_houses:x1_eeff_378:195036140e4be052073676b3,2022-07-31,-870773.164
exchange_houses:x1_eeff_378:195036140e4be052073676b3,2023-07-31,-5188575.731
exchange_houses:x1_eeff_378:195036140e4be052073676b3,2024-07-31,3275067.9
exchange_houses:x1_eeff_378:195036140e4be052073676b3,2025-07-31,2999248.11
exchange_houses:x1_eeff_378:195036140e4be052073676b3,2026-07-31,-6061156.545
exchange_houses:x1_eeff_379:c9f43feb1983dcfe12d9d5b2,2016-07-31,1841.848
exchange_houses:x1_eeff_379:c9f43feb1983dcfe12d9d5b2,2017-07-31,96781.843
exchange_houses:x1_eeff_379:c9f43feb1983dcfe12d9d5b2,2018-07-31,716732.25
exchange_houses:x1_eeff_379:c9f43feb1983dcfe12d9d5b2,2019-07-31,1266028.925
exchange_houses:x1_eeff_379:c9f43feb1983dcfe12d9d5b2,2020-07-31,692215.257
exchange_houses:x1_eeff_379:c9f43feb1983dcfe12d9d5b2,2021-07-31,243033.759
exchange_houses:x1_eeff_379:c9f43feb1983dcfe12d9d5b2,2022-07-31,366834.534
exchange_houses:x1_eeff_379:c9f43feb1983dcfe12d9d5b2,2023-07-31,241919.61
exchange_houses:x1_eeff_379:c9f43feb1983dcfe12d9d5b2,2024-07-31,915555.701
exchange_houses:x1_eeff_379:c9f43feb1983dcfe12d9d5b2,2025-07-31,1613125.461
exchange_houses:x1_eeff_379:c9f43feb1983dcfe12d9d5b2,2026-07-31,798434.724
exchange_houses:x1_eeff_37:89a6b659d8f9a776d2d8e4c7,2016-07-31,0.0
exchange_houses:x1_eeff_37:89a6b659d8f9a776d2d8e4c7,2017-07-31,0.0
exchange_houses:x1_eeff_37:89a6b659d8f9a776d2d8e4c7,2018-07-31,0.0
exchange_houses:x1_eeff_37:89a6b659d8f9a776d2d8e4c7,2019-07-31,0.0
exchange_houses:x1_eeff_37:89a6b659d8f9a776d2d8e4c7,2020-07-31,0.0
exchange_houses:x1_eeff_37:89a6b659d8f9a776d2d8e4c7,2021-07-31,0.0
exchange_houses:x1_eeff_37:89a6b659d8f9a776d2d8e4c7,2022-07-31,0.0
exchange_houses:x1_eeff_37:89a6b659d8f9a776d2d8e4c7,2023-07-31,0.0
exchange_houses:x1_eeff_37:89a6b659d8f9a776d2d8e4c7,2024-07-31,0.0
exchange_houses:x1_eeff_37:89a6b659d8f9a776d2d8e4c7,2025-07-31,0.0
exchange_houses:x1_eeff_37:89a6b659d8f9a776d2d8e4c7,2026-07-31,0.0
exchange_houses:x1_eeff_380:11078b8ba43ed04cf4c6d235,2016-07-31,-126083.486
exchange_houses:x1_eeff_380:11078b8ba43ed04cf4c6d235,2017-07-31,-128305.994
exchange_houses:x1_eeff_380:11078b8ba43ed04cf4c6d235,2018-07-31,450263.878
exchange_houses:x1_eeff_380:11078b8ba43ed04cf4c6d235,2019-07-31,852772.007
exchange_houses:x1_eeff_380:11078b8ba43ed04cf4c6d235,2020-07-31,-216919.825
exchange_houses:x1_eeff_380:11078b8ba43ed04cf4c6d235,2021-07-31,-299049.832
exchange_houses:x1_eeff_380:11078b8ba43ed04cf4c6d235,2022-07-31,334550.647
exchange_houses:x1_eeff_380:11078b8ba43ed04cf4c6d235,2023-07-31,-45527.136
exchange_houses:x1_eeff_380:11078b8ba43ed04cf4c6d235,2024-07-31,425123.857
exchange_houses:x1_eeff_380:11078b8ba43ed04cf4c6d235,2025-07-31,62890.117
exchange_houses:x1_eeff_380:11078b8ba43ed04cf4c6d235,2026-07-31,402428.719
exchange_houses:x1_eeff_381:b4397998bd947ada2126e037,2016-07-31,280210.58698
exchange_houses:x1_eeff_381:b4397998bd947ada2126e037,2017-07-31,1164952.35372
exchange_houses:x1_eeff_381:b4397998bd947ada2126e037,2018-07-31,1544662.61511
exchange_houses:x1_eeff_381:b4397998bd947ada2126e037,2019-07-31,1575055.26818
exchange_houses:x1_eeff_381:b4397998bd947ada2126e037,2020-07-31,0.0
exchange_houses:x1_eeff_381:b4397998bd947ada2126e037,2021-07-31,-106538.92401
exchange_houses:x1_eeff_381:b4397998bd947ada2126e037,2022-07-31,-42828.01783
exchange_houses:x1_eeff_381:b4397998bd947ada2126e037,2023-07-31,49295.15605
exchange_houses:x1_eeff_381:b4397998bd947ada2126e037,2024-07-31,0.0
exchange_houses:x1_eeff_381:b4397998bd947ada2126e037,2025-07-31,0.0
exchange_houses:x1_eeff_381:b4397998bd947ada2126e037,2026-07-31,0.0
exchange_houses:x1_eeff_382:e6893428017cca11a2dcab93,2016-07-31,886960.746
exchange_houses:x1_eeff_382:e6893428017cca11a2dcab93,2017-07-31,77104.874
exchange_houses:x1_eeff_382:e6893428017cca11a2dcab93,2018-07-31,505969.308
exchange_houses:x1_eeff_382:e6893428017cca11a2dcab93,2019-07-31,-173586.761
exchange_houses:x1_eeff_382:e6893428017cca11a2dcab93,2020-07-31,881615.643
exchange_houses:x1_eeff_382:e6893428017cca11a2dcab93,2021-07-31,-1037218.37
exchange_houses:x1_eeff_382:e6893428017cca11a2dcab93,2022-07-31,464162.508
exchange_houses:x1_eeff_382:e6893428017cca11a2dcab93,2023-07-31,-573924.02
exchange_houses:x1_eeff_382:e6893428017cca11a2dcab93,2024-07-31,1871951.726
exchange_houses:x1_eeff_382:e6893428017cca11a2dcab93,2025-07-31,-126410.571
exchange_houses:x1_eeff_382:e6893428017cca11a2dcab93,2026-07-31,-2212.241
exchange_houses:x1_eeff_383:22b34fd662cc05b72fbb32bb,2016-07-31,-178653.037
exchange_houses:x1_eeff_383:22b34fd662cc05b72fbb32bb,2017-07-31,955842.711
exchange_houses:x1_eeff_383:22b34fd662cc05b72fbb32bb,2018-07-31,2518418.474
exchange_houses:x1_eeff_383:22b34fd662cc05b72fbb32bb,2019-07-31,2295113.94
exchange_houses:x1_eeff_383:22b34fd662cc05b72fbb32bb,2020-07-31,473282.904
exchange_houses:x1_eeff_383:22b34fd662cc05b72fbb32bb,2021-07-31,-40621.389
exchange_houses:x1_eeff_383:22b34fd662cc05b72fbb32bb,2022-07-31,272280.454
exchange_houses:x1_eeff_383:22b34fd662cc05b72fbb32bb,2023-07-31,2180879.72
exchange_houses:x1_eeff_383:22b34fd662cc05b72fbb32bb,2024-07-31,-779835.221
exchange_houses:x1_eeff_383:22b34fd662cc05b72fbb32bb,2025-07-31,-250496.823
exchange_houses:x1_eeff_383:22b34fd662cc05b72fbb32bb,2026-07-31,0.0
exchange_houses:x1_eeff_384:eb9959401db8d9ff9bf91823,2016-07-31,2071185.723
exchange_houses:x1_eeff_384:eb9959401db8d9ff9bf91823,2017-07-31,1257922.428
exchange_houses:x1_eeff_384:eb9959401db8d9ff9bf91823,2018-07-31,110217.959
exchange_houses:x1_eeff_384:eb9959401db8d9ff9bf91823,2019-07-31,841425.96
exchange_houses:x1_eeff_384:eb9959401db8d9ff9bf91823,2020-07-31,437515.476
exchange_houses:x1_eeff_384:eb9959401db8d9ff9bf91823,2021-07-31,309145.154
exchange_houses:x1_eeff_384:eb9959401db8d9ff9bf91823,2022-07-31,173758.804
exchange_houses:x1_eeff_384:eb9959401db8d9ff9bf91823,2023-07-31,-164487.015
exchange_houses:x1_eeff_384:eb9959401db8d9ff9bf91823,2024-07-31,648177.776
exchange_houses:x1_eeff_384:eb9959401db8d9ff9bf91823,2025-07-31,1312752.352
exchange_houses:x1_eeff_384:eb9959401db8d9ff9bf91823,2026-07-31,758953.555
exchange_houses:x1_eeff_385:5d6f0de74ca4e0db37165cb7,2016-07-31,2327248.965
exchange_houses:x1_eeff_385:5d6f0de74ca4e0db37165cb7,2017-07-31,2374225.512
exchange_houses:x1_eeff_385:5d6f0de74ca4e0db37165cb7,2018-07-31,1884712.82
exchange_houses:x1_eeff_385:5d6f0de74ca4e0db37165cb7,2019-07-31,2829607.835
exchange_houses:x1_eeff_385:5d6f0de74ca4e0db37165cb7,2020-07-31,1090238.882
exchange_houses:x1_eeff_385:5d6f0de74ca4e0db37165cb7,2021-07-31,69639.112
exchange_houses:x1_eeff_385:5d6f0de74ca4e0db37165cb7,2022-07-31,1938460.637
exchange_houses:x1_eeff_385:5d6f0de74ca4e0db37165cb7,2023-07-31,2223099.893
exchange_houses:x1_eeff_385:5d6f0de74ca4e0db37165cb7,2024-07-31,3078313.548
exchange_houses:x1_eeff_385:5d6f0de74ca4e0db37165cb7,2025-07-31,2966751.392
exchange_houses:x1_eeff_385:5d6f0de74ca4e0db37165cb7,2026-07-31,2591573.941
exchange_houses:x1_eeff_386:de150e6a0a4d292a06849e41,2016-07-31,-192119.981
exchange_houses:x1_eeff_386:de150e6a0a4d292a06849e41,2017-07-31,-307436.957
exchange_houses:x1_eeff_386:de150e6a0a4d292a06849e41,2018-07-31,56020.756
exchange_houses:x1_eeff_386:de150e6a0a4d292a06849e41,2019-07-31,-13420.851
exchange_houses:x1_eeff_386:de150e6a0a4d292a06849e41,2020-07-31,-217262.479
exchange_houses:x1_eeff_386:de150e6a0a4d292a06849e41,2021-07-31,139081.816
exchange_houses:x1_eeff_386:de150e6a0a4d292a06849e41,2022-07-31,183917.239
exchange_houses:x1_eeff_386:de150e6a0a4d292a06849e41,2023-07-31,151817.406
exchange_houses:x1_eeff_386:de150e6a0a4d292a06849e41,2024-07-31,-90072.537
exchange_houses:x1_eeff_386:de150e6a0a4d292a06849e41,2025-07-31,-77230.588
exchange_houses:x1_eeff_386:de150e6a0a4d292a06849e41,2026-07-31,821281.693
exchange_houses:x1_eeff_387:e1d875793ae26f4b5a137782,2016-07-31,3331260.7771
exchange_houses:x1_eeff_387:e1d875793ae26f4b5a137782,2017-07-31,2506230.18226
exchange_houses:x1_eeff_387:e1d875793ae26f4b5a137782,2018-07-31,2353649.045
exchange_houses:x1_eeff_387:e1d875793ae26f4b5a137782,2019-07-31,4715183.767
exchange_houses:x1_eeff_387:e1d875793ae26f4b5a137782,2020-07-31,111211.299
exchange_houses:x1_eeff_387:e1d875793ae26f4b5a137782,2021-07-31,766697.361
exchange_houses:x1_eeff_387:e1d875793ae26f4b5a137782,2022-07-31,7237104.907
exchange_houses:x1_eeff_387:e1d875793ae26f4b5a137782,2023-07-31,7386628.118
exchange_houses:x1_eeff_387:e1d875793ae26f4b5a137782,2024-07-31,8565669.124
exchange_houses:x1_eeff_387:e1d875793ae26f4b5a137782,2025-07-31,11705358.429
exchange_houses:x1_eeff_387:e1d875793ae26f4b5a137782,2026-07-31,10367775.912
exchange_houses:x1_eeff_388:cd531dd1a6be5e9d74cc5e72,2016-07-31,5626169.635
exchange_houses:x1_eeff_388:cd531dd1a6be5e9d74cc5e72,2017-07-31,6118842.53
exchange_houses:x1_eeff_388:cd531dd1a6be5e9d74cc5e72,2018-07-31,5231465.928
exchange_houses:x1_eeff_388:cd531dd1a6be5e9d74cc5e72,2019-07-31,4790038.567
exchange_houses:x1_eeff_388:cd531dd1a6be5e9d74cc5e72,2020-07-31,7579845.023
exchange_houses:x1_eeff_388:cd531dd1a6be5e9d74cc5e72,2021-07-31,4690197.245
exchange_houses:x1_eeff_388:cd531dd1a6be5e9d74cc5e72,2022-07-31,2205672.572
exchange_houses:x1_eeff_388:cd531dd1a6be5e9d74cc5e72,2023-07-31,1418865.999
exchange_houses:x1_eeff_388:cd531dd1a6be5e9d74cc5e72,2024-07-31,3676065.541
exchange_houses:x1_eeff_388:cd531dd1a6be5e9d74cc5e72,2025-07-31,1900284.318
exchange_houses:x1_eeff_388:cd531dd1a6be5e9d74cc5e72,2026-07-31,102336.664
exchange_houses:x1_eeff_389:ea0457f53c24ddf4f4124e9f,2016-07-31,-273991.497
exchange_houses:x1_eeff_389:ea0457f53c24ddf4f4124e9f,2017-07-31,1284977.092
exchange_houses:x1_eeff_389:ea0457f53c24ddf4f4124e9f,2018-07-31,1104583.611
exchange_houses:x1_eeff_389:ea0457f53c24ddf4f4124e9f,2019-07-31,-432991.734
exchange_houses:x1_eeff_389:ea0457f53c24ddf4f4124e9f,2020-07-31,0.0
exchange_houses:x1_eeff_389:ea0457f53c24ddf4f4124e9f,2021-07-31,0.0
exchange_houses:x1_eeff_389:ea0457f53c24ddf4f4124e9f,2022-07-31,0.0
exchange_houses:x1_eeff_389:ea0457f53c24ddf4f4124e9f,2023-07-31,0.0
exchange_houses:x1_eeff_389:ea0457f53c24ddf4f4124e9f,2024-07-31,0.0
exchange_houses:x1_eeff_389:ea0457f53c24ddf4f4124e9f,2025-07-31,0.0
exchange_houses:x1_eeff_389:ea0457f53c24ddf4f4124e9f,2026-07-31,0.0
exchange_houses:x1_eeff_38:cb9ea840ec314133e562c82f,2016-07-31,0.0
exchange_houses:x1_eeff_38:cb9ea840ec314133e562c82f,2017-07-31,0.0
exchange_houses:x1_eeff_38:cb9ea840ec314133e562c82f,2018-07-31,0.0
exchange_houses:x1_eeff_38:cb9ea840ec314133e562c82f,2019-07-31,0.0
exchange_houses:x1_eeff_38:cb9ea840ec314133e562c82f,2020-07-31,0.0
exchange_houses:x1_eeff_38:cb9ea840ec314133e562c82f,2021-07-31,0.0
exchange_houses:x1_eeff_38:cb9ea840ec314133e562c82f,2022-07-31,0.0
exchange_houses:x1_eeff_38:cb9ea840ec314133e562c82f,2023-07-31,0.0
exchange_houses:x1_eeff_38:cb9ea840ec314133e562c82f,2024-07-31,0.0
exchange_houses:x1_eeff_38:cb9ea840ec314133e562c82f,2025-07-31,0.0
exchange_houses:x1_eeff_38:cb9ea840ec314133e562c82f,2026-07-31,0.0
exchange_houses:x1_eeff_390:1da68cf75951afc8ee45dc7a,2016-07-31,2412123.873
exchange_houses:x1_eeff_390:1da68cf75951afc8ee45dc7a,2017-07-31,4185054.818
exchange_houses:x1_eeff_390:1da68cf75951afc8ee45dc7a,2018-07-31,11324052.865
exchange_houses:x1_eeff_390:1da68cf75951afc8ee45dc7a,2019-07-31,27735030.062
exchange_houses:x1_eeff_390:1da68cf75951afc8ee45dc7a,2020-07-31,11147437.456
exchange_houses:x1_eeff_390:1da68cf75951afc8ee45dc7a,2021-07-31,12909011.983
exchange_houses:x1_eeff_390:1da68cf75951afc8ee45dc7a,2022-07-31,10117255.013
exchange_houses:x1_eeff_390:1da68cf75951afc8ee45dc7a,2023-07-31,7340452.549
exchange_houses:x1_eeff_390:1da68cf75951afc8ee45dc7a,2024-07-31,6968185.931
exchange_houses:x1_eeff_390:1da68cf75951afc8ee45dc7a,2025-07-31,10706751.775
exchange_houses:x1_eeff_390:1da68cf75951afc8ee45dc7a,2026-07-31,6649946.22
exchange_houses:x1_eeff_391:d891ea00a68b79793bd18e1a,2016-07-31,726914.1
exchange_houses:x1_eeff_391:d891ea00a68b79793bd18e1a,2017-07-31,1339214.559
exchange_houses:x1_eeff_391:d891ea00a68b79793bd18e1a,2018-07-31,1506548.953
exchange_houses:x1_eeff_391:d891ea00a68b79793bd18e1a,2019-07-31,625224.389
exchange_houses:x1_eeff_391:d891ea00a68b79793bd18e1a,2020-07-31,1767474.613
exchange_houses:x1_eeff_391:d891ea00a68b79793bd18e1a,2021-07-31,-272086.453
exchange_houses:x1_eeff_391:d891ea00a68b79793bd18e1a,2022-07-31,1358621.855
exchange_houses:x1_eeff_391:d891ea00a68b79793bd18e1a,2023-07-31,775976.036
exchange_houses:x1_eeff_391:d891ea00a68b79793bd18e1a,2024-07-31,109933.466
exchange_houses:x1_eeff_391:d891ea00a68b79793bd18e1a,2025-07-31,310817.029
exchange_houses:x1_eeff_391:d891ea00a68b79793bd18e1a,2026-07-31,907140.357
exchange_houses:x1_eeff_392:fae60b8bcce1783e7f81140e,2016-07-31,206795.198
exchange_houses:x1_eeff_392:fae60b8bcce1783e7f81140e,2017-07-31,432630.917
exchange_houses:x1_eeff_392:fae60b8bcce1783e7f81140e,2018-07-31,1341958.472
exchange_houses:x1_eeff_392:fae60b8bcce1783e7f81140e,2019-07-31,-211847.127
exchange_houses:x1_eeff_392:fae60b8bcce1783e7f81140e,2020-07-31,-305631.319
exchange_houses:x1_eeff_392:fae60b8bcce1783e7f81140e,2021-07-31,85421.238
exchange_houses:x1_eeff_392:fae60b8bcce1783e7f81140e,2022-07-31,37324.736
exchange_houses:x1_eeff_392:fae60b8bcce1783e7f81140e,2023-07-31,268591.638
exchange_houses:x1_eeff_392:fae60b8bcce1783e7f81140e,2024-07-31,-189385.242
exchange_houses:x1_eeff_392:fae60b8bcce1783e7f81140e,2025-07-31,67704.904
exchange_houses:x1_eeff_392:fae60b8bcce1783e7f81140e,2026-07-31,422459.116
exchange_houses:x1_eeff_393:ec1f703d20a50ab058e3687d,2016-07-31,445990.812
exchange_houses:x1_eeff_393:ec1f703d20a50ab058e3687d,2017-07-31,1380308.601
exchange_houses:x1_eeff_393:ec1f703d20a50ab058e3687d,2018-07-31,2978014.202
exchange_houses:x1_eeff_393:ec1f703d20a50ab058e3687d,2019-07-31,0.0
exchange_houses:x1_eeff_393:ec1f703d20a50ab058e3687d,2020-07-31,0.0
exchange_houses:x1_eeff_393:ec1f703d20a50ab058e3687d,2021-07-31,0.0
exchange_houses:x1_eeff_393:ec1f703d20a50ab058e3687d,2022-07-31,0.0
exchange_houses:x1_eeff_393:ec1f703d20a50ab058e3687d,2023-07-31,0.0
exchange_houses:x1_eeff_393:ec1f703d20a50ab058e3687d,2024-07-31,0.0
exchange_houses:x1_eeff_393:ec1f703d20a50ab058e3687d,2025-07-31,0.0
exchange_houses:x1_eeff_393:ec1f703d20a50ab058e3687d,2026-07-31,0.0
exchange_houses:x1_eeff_394:7c666f62319c1abaa363e67a,2016-07-31,428843.74
exchange_houses:x1_eeff_394:7c666f62319c1abaa363e67a,2017-07-31,384669.574
exchange_houses:x1_eeff_394:7c666f62319c1abaa363e67a,2018-07-31,747831.096
exchange_houses:x1_eeff_394:7c666f62319c1abaa363e67a,2019-07-31,1443294.677
exchange_houses:x1_eeff_394:7c666f62319c1abaa363e67a,2020-07-31,-50084.579
exchange_houses:x1_eeff_394:7c666f62319c1abaa363e67a,2021-07-31,565550.072
exchange_houses:x1_eeff_394:7c666f62319c1abaa363e67a,2022-07-31,983148.089
exchange_houses:x1_eeff_394:7c666f62319c1abaa363e67a,2023-07-31,397939.624
exchange_houses:x1_eeff_394:7c666f62319c1abaa363e67a,2024-07-31,260747.305
exchange_houses:x1_eeff_394:7c666f62319c1abaa363e67a,2025-07-31,1299684.841
exchange_houses:x1_eeff_394:7c666f62319c1abaa363e67a,2026-07-31,1642881.899
exchange_houses:x1_eeff_395:a8de84fd7236b8dfffc87b42,2016-07-31,184555.008
exchange_houses:x1_eeff_395:a8de84fd7236b8dfffc87b42,2017-07-31,-221755.369
exchange_houses:x1_eeff_395:a8de84fd7236b8dfffc87b42,2018-07-31,656160.108
exchange_houses:x1_eeff_395:a8de84fd7236b8dfffc87b42,2019-07-31,-66133.666
exchange_houses:x1_eeff_395:a8de84fd7236b8dfffc87b42,2020-07-31,0.0
exchange_houses:x1_eeff_395:a8de84fd7236b8dfffc87b42,2021-07-31,0.0
exchange_houses:x1_eeff_395:a8de84fd7236b8dfffc87b42,2022-07-31,0.0
exchange_houses:x1_eeff_395:a8de84fd7236b8dfffc87b42,2023-07-31,0.0
exchange_houses:x1_eeff_395:a8de84fd7236b8dfffc87b42,2024-07-31,0.0
exchange_houses:x1_eeff_395:a8de84fd7236b8dfffc87b42,2025-07-31,0.0
exchange_houses:x1_eeff_395:a8de84fd7236b8dfffc87b42,2026-07-31,0.0
exchange_houses:x1_eeff_396:70000c95e25be5a9be5abf5f,2016-07-31,580720.455
exchange_houses:x1_eeff_396:70000c95e25be5a9be5abf5f,2017-07-31,839430.806
exchange_houses:x1_eeff_396:70000c95e25be5a9be5abf5f,2018-07-31,706845.098
exchange_houses:x1_eeff_396:70000c95e25be5a9be5abf5f,2019-07-31,910666.966
exchange_houses:x1_eeff_396:70000c95e25be5a9be5abf5f,2020-07-31,642108.171
exchange_houses:x1_eeff_396:70000c95e25be5a9be5abf5f,2021-07-31,457322.559
exchange_houses:x1_eeff_396:70000c95e25be5a9be5abf5f,2022-07-31,282167.696
exchange_houses:x1_eeff_396:70000c95e25be5a9be5abf5f,2023-07-31,384602.276
exchange_houses:x1_eeff_396:70000c95e25be5a9be5abf5f,2024-07-31,1068577.835
exchange_houses:x1_eeff_396:70000c95e25be5a9be5abf5f,2025-07-31,-675556.058
exchange_houses:x1_eeff_396:70000c95e25be5a9be5abf5f,2026-07-31,427275.98
exchange_houses:x1_eeff_397:da836512ce3ed2af19b70e26,2016-07-31,-438997.15
exchange_houses:x1_eeff_397:da836512ce3ed2af19b70e26,2017-07-31,0.0
exchange_houses:x1_eeff_397:da836512ce3ed2af19b70e26,2018-07-31,0.0
exchange_houses:x1_eeff_397:da836512ce3ed2af19b70e26,2019-07-31,0.0
exchange_houses:x1_eeff_397:da836512ce3ed2af19b70e26,2020-07-31,0.0
exchange_houses:x1_eeff_397:da836512ce3ed2af19b70e26,2021-07-31,0.0
exchange_houses:x1_eeff_397:da836512ce3ed2af19b70e26,2022-07-31,0.0
exchange_houses:x1_eeff_397:da836512ce3ed2af19b70e26,2023-07-31,0.0
exchange_houses:x1_eeff_397:da836512ce3ed2af19b70e26,2024-07-31,0.0
exchange_houses:x1_eeff_397:da836512ce3ed2af19b70e26,2025-07-31,0.0
exchange_houses:x1_eeff_397:da836512ce3ed2af19b70e26,2026-07-31,0.0
exchange_houses:x1_eeff_398:a42160381c02325d84cd15a5,2016-07-31,3097012.526
exchange_houses:x1_eeff_398:a42160381c02325d84cd15a5,2017-07-31,9131511.436
exchange_houses:x1_eeff_398:a42160381c02325d84cd15a5,2018-07-31,3328022.611
exchange_houses:x1_eeff_398:a42160381c02325d84cd15a5,2019-07-31,-1725248.445
exchange_houses:x1_eeff_398:a42160381c02325d84cd15a5,2020-07-31,-2558554.057
exchange_houses:x1_eeff_398:a42160381c02325d84cd15a5,2021-07-31,2318705.772
exchange_houses:x1_eeff_398:a42160381c02325d84cd15a5,2022-07-31,1425433.131
exchange_houses:x1_eeff_398:a42160381c02325d84cd15a5,2023-07-31,337332.186
exchange_houses:x1_eeff_398:a42160381c02325d84cd15a5,2024-07-31,-1417552.19
exchange_houses:x1_eeff_398:a42160381c02325d84cd15a5,2025-07-31,-911542.75
exchange_houses:x1_eeff_398:a42160381c02325d84cd15a5,2026-07-31,-3903.326
exchange_houses:x1_eeff_399:445665320fb444a1e31b39c5,2016-07-31,-217076.733
exchange_houses:x1_eeff_399:445665320fb444a1e31b39c5,2017-07-31,42888.357
exchange_houses:x1_eeff_399:445665320fb444a1e31b39c5,2018-07-31,0.0
exchange_houses:x1_eeff_399:445665320fb444a1e31b39c5,2019-07-31,-34640.694
exchange_houses:x1_eeff_399:445665320fb444a1e31b39c5,2020-07-31,-281857.374
exchange_houses:x1_eeff_399:445665320fb444a1e31b39c5,2021-07-31,-288272.742
exchange_houses:x1_eeff_399:445665320fb444a1e31b39c5,2022-07-31,-214630.6
exchange_houses:x1_eeff_399:445665320fb444a1e31b39c5,2023-07-31,0.0
exchange_houses:x1_eeff_399:445665320fb444a1e31b39c5,2024-07-31,0.0
exchange_houses:x1_eeff_399:445665320fb444a1e31b39c5,2025-07-31,0.0
exchange_houses:x1_eeff_399:445665320fb444a1e31b39c5,2026-07-31,0.0
exchange_houses:x1_eeff_39:bd9c271accb17699515d3797,2016-07-31,0.0
exchange_houses:x1_eeff_39:bd9c271accb17699515d3797,2017-07-31,0.0
exchange_houses:x1_eeff_39:bd9c271accb17699515d3797,2018-07-31,0.0
exchange_houses:x1_eeff_39:bd9c271accb17699515d3797,2019-07-31,0.0
exchange_houses:x1_eeff_39:bd9c271accb17699515d3797,2020-07-31,0.0
exchange_houses:x1_eeff_39:bd9c271accb17699515d3797,2021-07-31,0.0
exchange_houses:x1_eeff_39:bd9c271accb17699515d3797,2022-07-31,0.0
exchange_houses:x1_eeff_39:bd9c271accb17699515d3797,2023-07-31,0.0
exchange_houses:x1_eeff_39:bd9c271accb17699515d3797,2024-07-31,0.0
exchange_houses:x1_eeff_39:bd9c271accb17699515d3797,2025-07-31,0.0
exchange_houses:x1_eeff_39:bd9c271accb17699515d3797,2026-07-31,0.0
exchange_houses:x1_eeff_3:e1191cb763f4461b9712cebb,2016-07-31,5822901.957
exchange_houses:x1_eeff_3:e1191cb763f4461b9712cebb,2017-07-31,6114625.924
exchange_houses:x1_eeff_3:e1191cb763f4461b9712cebb,2018-07-31,6945194.08
exchange_houses:x1_eeff_3:e1191cb763f4461b9712cebb,2019-07-31,7365787.277
exchange_houses:x1_eeff_3:e1191cb763f4461b9712cebb,2020-07-31,7252186.695
exchange_houses:x1_eeff_3:e1191cb763f4461b9712cebb,2021-07-31,7886337.336999999
exchange_houses:x1_eeff_3:e1191cb763f4461b9712cebb,2022-07-31,7979046.795
exchange_houses:x1_eeff_3:e1191cb763f4461b9712cebb,2023-07-31,8064877.541
exchange_houses:x1_eeff_3:e1191cb763f4461b9712cebb,2024-07-31,7753071.132
exchange_houses:x1_eeff_3:e1191cb763f4461b9712cebb,2025-07-31,7343416.8209999995
exchange_houses:x1_eeff_3:e1191cb763f4461b9712cebb,2026-07-31,7566118.687
exchange_houses:x1_eeff_400:205c57b81d756482fe439b82,2016-07-31,423090.915
exchange_houses:x1_eeff_400:205c57b81d756482fe439b82,2017-07-31,-379059.902
exchange_houses:x1_eeff_400:205c57b81d756482fe439b82,2018-07-31,607281.541
exchange_houses:x1_eeff_400:205c57b81d756482fe439b82,2019-07-31,381114.956
exchange_houses:x1_eeff_400:205c57b81d756482fe439b82,2020-07-31,0.0
exchange_houses:x1_eeff_400:205c57b81d756482fe439b82,2021-07-31,136976.882
exchange_houses:x1_eeff_400:205c57b81d756482fe439b82,2022-07-31,-332752.954
exchange_houses:x1_eeff_400:205c57b81d756482fe439b82,2023-07-31,-53375.06
exchange_houses:x1_eeff_400:205c57b81d756482fe439b82,2024-07-31,369608.753
exchange_houses:x1_eeff_400:205c57b81d756482fe439b82,2025-07-31,-623115.861
exchange_houses:x1_eeff_400:205c57b81d756482fe439b82,2026-07-31,405122.499
exchange_houses:x1_eeff_401:38882fbcfcf1b65f95d16670,2016-07-31,776897.803
exchange_houses:x1_eeff_401:38882fbcfcf1b65f95d16670,2017-07-31,1029766.238
exchange_houses:x1_eeff_401:38882fbcfcf1b65f95d16670,2018-07-31,1119002.937
exchange_houses:x1_eeff_401:38882fbcfcf1b65f95d16670,2019-07-31,1260583.54
exchange_houses:x1_eeff_401:38882fbcfcf1b65f95d16670,2020-07-31,1978839.382
exchange_houses:x1_eeff_401:38882fbcfcf1b65f95d16670,2021-07-31,-64634.541
exchange_houses:x1_eeff_401:38882fbcfcf1b65f95d16670,2022-07-31,514617.533
exchange_houses:x1_eeff_401:38882fbcfcf1b65f95d16670,2023-07-31,364992.739
exchange_houses:x1_eeff_401:38882fbcfcf1b65f95d16670,2024-07-31,305261.802
exchange_houses:x1_eeff_401:38882fbcfcf1b65f95d16670,2025-07-31,383267.605
exchange_houses:x1_eeff_401:38882fbcfcf1b65f95d16670,2026-07-31,352335.96
exchange_houses:x1_eeff_402:875fb647dcd0840eba292ff1,2016-07-31,4377912.962
exchange_houses:x1_eeff_402:875fb647dcd0840eba292ff1,2017-07-31,3144560.709
exchange_houses:x1_eeff_402:875fb647dcd0840eba292ff1,2018-07-31,8038334.67
exchange_houses:x1_eeff_402:875fb647dcd0840eba292ff1,2019-07-31,1751901.743
exchange_houses:x1_eeff_402:875fb647dcd0840eba292ff1,2020-07-31,3560841.892
exchange_houses:x1_eeff_402:875fb647dcd0840eba292ff1,2021-07-31,206904.952
exchange_houses:x1_eeff_402:875fb647dcd0840eba292ff1,2022-07-31,523013.002
exchange_houses:x1_eeff_402:875fb647dcd0840eba292ff1,2023-07-31,170521.643
exchange_houses:x1_eeff_402:875fb647dcd0840eba292ff1,2024-07-31,-869510.929
exchange_houses:x1_eeff_402:875fb647dcd0840eba292ff1,2025-07-31,-2236504.782
exchange_houses:x1_eeff_402:875fb647dcd0840eba292ff1,2026-07-31,-1673641.078
exchange_houses:x1_eeff_403:88f14d7904f9f6efa0549728,2016-07-31,36558644.79008
exchange_houses:x1_eeff_403:88f14d7904f9f6efa0549728,2017-07-31,51357167.559980005
exchange_houses:x1_eeff_403:88f14d7904f9f6efa0549728,2018-07-31,60294730.80711
exchange_houses:x1_eeff_403:88f14d7904f9f6efa0549728,2019-07-31,68486215.98718
exchange_houses:x1_eeff_403:88f14d7904f9f6efa0549728,2020-07-31,33803390.822
exchange_houses:x1_eeff_403:88f14d7904f9f6efa0549728,2021-07-31,22826002.186989997
exchange_houses:x1_eeff_403:88f14d7904f9f6efa0549728,2022-07-31,36687077.389170006
exchange_houses:x1_eeff_403:88f14d7904f9f6efa0549728,2023-07-31,19922270.74205
exchange_houses:x1_eeff_403:88f14d7904f9f6efa0549728,2024-07-31,36866549.821
exchange_houses:x1_eeff_403:88f14d7904f9f6efa0549728,2025-07-31,32064387.08399999
exchange_houses:x1_eeff_403:88f14d7904f9f6efa0549728,2026-07-31,21527834.087
exchange_houses:x1_eeff_404:eb8358e7053784aaed111e7d,2018-07-31,0.0
exchange_houses:x1_eeff_404:eb8358e7053784aaed111e7d,2019-07-31,0.0
exchange_houses:x1_eeff_404:eb8358e7053784aaed111e7d,2020-07-31,0.0
exchange_houses:x1_eeff_404:eb8358e7053784aaed111e7d,2021-07-31,0.0
exchange_houses:x1_eeff_404:eb8358e7053784aaed111e7d,2022-07-31,0.0
exchange_houses:x1_eeff_404:eb8358e7053784aaed111e7d,2023-07-31,0.0
exchange_houses:x1_eeff_404:eb8358e7053784aaed111e7d,2024-07-31,0.0
exchange_houses:x1_eeff_404:eb8358e7053784aaed111e7d,2025-07-31,0.0
exchange_houses:x1_eeff_404:eb8358e7053784aaed111e7d,2026-07-31,0.0
exchange_houses:x1_eeff_405:2b1da84584c850ba64eb5b89,2018-07-31,0.0
exchange_houses:x1_eeff_405:2b1da84584c850ba64eb5b89,2019-07-31,0.0
exchange_houses:x1_eeff_405:2b1da84584c850ba64eb5b89,2020-07-31,0.0
exchange_houses:x1_eeff_405:2b1da84584c850ba64eb5b89,2021-07-31,0.0
exchange_houses:x1_eeff_405:2b1da84584c850ba64eb5b89,2022-07-31,0.0
exchange_houses:x1_eeff_405:2b1da84584c850ba64eb5b89,2023-07-31,0.0
exchange_houses:x1_eeff_405:2b1da84584c850ba64eb5b89,2024-07-31,0.0
exchange_houses:x1_eeff_405:2b1da84584c850ba64eb5b89,2025-07-31,0.0
exchange_houses:x1_eeff_405:2b1da84584c850ba64eb5b89,2026-07-31,0.0
exchange_houses:x1_eeff_406:5eb4326f8688d5a92e24d411,2018-07-31,0.0
exchange_houses:x1_eeff_406:5eb4326f8688d5a92e24d411,2019-07-31,0.0
exchange_houses:x1_eeff_406:5eb4326f8688d5a92e24d411,2020-07-31,0.0
exchange_houses:x1_eeff_406:5eb4326f8688d5a92e24d411,2021-07-31,0.0
exchange_houses:x1_eeff_406:5eb4326f8688d5a92e24d411,2022-07-31,0.0
exchange_houses:x1_eeff_406:5eb4326f8688d5a92e24d411,2023-07-31,0.0
exchange_houses:x1_eeff_406:5eb4326f8688d5a92e24d411,2024-07-31,0.0
exchange_houses:x1_eeff_406:5eb4326f8688d5a92e24d411,2025-07-31,0.0
exchange_houses:x1_eeff_406:5eb4326f8688d5a92e24d411,2026-07-31,0.0
exchange_houses:x1_eeff_407:20a081f989ff06bed8e62769,2018-07-31,0.0
exchange_houses:x1_eeff_407:20a081f989ff06bed8e62769,2019-07-31,0.0
exchange_houses:x1_eeff_407:20a081f989ff06bed8e62769,2020-07-31,0.0
exchange_houses:x1_eeff_407:20a081f989ff06bed8e62769,2021-07-31,0.0
exchange_houses:x1_eeff_407:20a081f989ff06bed8e62769,2022-07-31,0.0
exchange_houses:x1_eeff_407:20a081f989ff06bed8e62769,2023-07-31,0.0
exchange_houses:x1_eeff_407:20a081f989ff06bed8e62769,2024-07-31,0.0
exchange_houses:x1_eeff_407:20a081f989ff06bed8e62769,2025-07-31,0.0
exchange_houses:x1_eeff_407:20a081f989ff06bed8e62769,2026-07-31,0.0
exchange_houses:x1_eeff_408:5a9a4a9900cdee95236cdca0,2018-07-31,0.0
exchange_houses:x1_eeff_408:5a9a4a9900cdee95236cdca0,2019-07-31,0.0
exchange_houses:x1_eeff_408:5a9a4a9900cdee95236cdca0,2020-07-31,0.0
exchange_houses:x1_eeff_408:5a9a4a9900cdee95236cdca0,2021-07-31,0.0
exchange_houses:x1_eeff_408:5a9a4a9900cdee95236cdca0,2022-07-31,0.0
exchange_houses:x1_eeff_408:5a9a4a9900cdee95236cdca0,2023-07-31,0.0
exchange_houses:x1_eeff_408:5a9a4a9900cdee95236cdca0,2024-07-31,0.0
exchange_houses:x1_eeff_408:5a9a4a9900cdee95236cdca0,2025-07-31,0.0
exchange_houses:x1_eeff_408:5a9a4a9900cdee95236cdca0,2026-07-31,0.0
exchange_houses:x1_eeff_409:4cc0747ebeb3d39b064b5616,2018-07-31,0.0
exchange_houses:x1_eeff_409:4cc0747ebeb3d39b064b5616,2019-07-31,0.0
exchange_houses:x1_eeff_409:4cc0747ebeb3d39b064b5616,2020-07-31,0.0
exchange_houses:x1_eeff_409:4cc0747ebeb3d39b064b5616,2021-07-31,0.0
exchange_houses:x1_eeff_409:4cc0747ebeb3d39b064b5616,2022-07-31,0.0
exchange_houses:x1_eeff_409:4cc0747ebeb3d39b064b5616,2023-07-31,0.0
exchange_houses:x1_eeff_409:4cc0747ebeb3d39b064b5616,2024-07-31,0.0
exchange_houses:x1_eeff_409:4cc0747ebeb3d39b064b5616,2025-07-31,0.0
exchange_houses:x1_eeff_409:4cc0747ebeb3d39b064b5616,2026-07-31,0.0
exchange_houses:x1_eeff_40:20d4d5752b4b7d6014b42dcb,2016-07-31,0.0
exchange_houses:x1_eeff_40:20d4d5752b4b7d6014b42dcb,2017-07-31,0.0
exchange_houses:x1_eeff_40:20d4d5752b4b7d6014b42dcb,2018-07-31,0.0
exchange_houses:x1_eeff_40:20d4d5752b4b7d6014b42dcb,2019-07-31,0.0
exchange_houses:x1_eeff_40:20d4d5752b4b7d6014b42dcb,2020-07-31,0.0
exchange_houses:x1_eeff_40:20d4d5752b4b7d6014b42dcb,2021-07-31,0.0
exchange_houses:x1_eeff_40:20d4d5752b4b7d6014b42dcb,2022-07-31,0.0
exchange_houses:x1_eeff_40:20d4d5752b4b7d6014b42dcb,2023-07-31,0.0
exchange_houses:x1_eeff_40:20d4d5752b4b7d6014b42dcb,2024-07-31,0.0
exchange_houses:x1_eeff_40:20d4d5752b4b7d6014b42dcb,2025-07-31,0.0
exchange_houses:x1_eeff_40:20d4d5752b4b7d6014b42dcb,2026-07-31,0.0
exchange_houses:x1_eeff_410:d1ea5cedd94f27f71bf6c7d5,2018-07-31,0.0
exchange_houses:x1_eeff_410:d1ea5cedd94f27f71bf6c7d5,2019-07-31,0.0
exchange_houses:x1_eeff_410:d1ea5cedd94f27f71bf6c7d5,2020-07-31,0.0
exchange_houses:x1_eeff_410:d1ea5cedd94f27f71bf6c7d5,2021-07-31,0.0
exchange_houses:x1_eeff_410:d1ea5cedd94f27f71bf6c7d5,2022-07-31,0.0
exchange_houses:x1_eeff_410:d1ea5cedd94f27f71bf6c7d5,2023-07-31,0.0
exchange_houses:x1_eeff_410:d1ea5cedd94f27f71bf6c7d5,2024-07-31,0.0
exchange_houses:x1_eeff_410:d1ea5cedd94f27f71bf6c7d5,2025-07-31,0.0
exchange_houses:x1_eeff_410:d1ea5cedd94f27f71bf6c7d5,2026-07-31,0.0
exchange_houses:x1_eeff_411:5d6e5c49001c0e8f0f6a854e,2018-07-31,0.0
exchange_houses:x1_eeff_411:5d6e5c49001c0e8f0f6a854e,2019-07-31,0.0
exchange_houses:x1_eeff_411:5d6e5c49001c0e8f0f6a854e,2020-07-31,0.0
exchange_houses:x1_eeff_411:5d6e5c49001c0e8f0f6a854e,2021-07-31,0.0
exchange_houses:x1_eeff_411:5d6e5c49001c0e8f0f6a854e,2022-07-31,0.0
exchange_houses:x1_eeff_411:5d6e5c49001c0e8f0f6a854e,2023-07-31,0.0
exchange_houses:x1_eeff_411:5d6e5c49001c0e8f0f6a854e,2024-07-31,0.0
exchange_houses:x1_eeff_411:5d6e5c49001c0e8f0f6a854e,2025-07-31,0.0
exchange_houses:x1_eeff_411:5d6e5c49001c0e8f0f6a854e,2026-07-31,0.0
exchange_houses:x1_eeff_412:162e42adf915acb43968fda9,2018-07-31,3500000.0
exchange_houses:x1_eeff_412:162e42adf915acb43968fda9,2019-07-31,3500000.0
exchange_houses:x1_eeff_412:162e42adf915acb43968fda9,2020-07-31,0.0
exchange_houses:x1_eeff_412:162e42adf915acb43968fda9,2021-07-31,4400000.0
exchange_houses:x1_eeff_412:162e42adf915acb43968fda9,2022-07-31,4400000.0
exchange_houses:x1_eeff_412:162e42adf915acb43968fda9,2023-07-31,4400000.0
exchange_houses:x1_eeff_412:162e42adf915acb43968fda9,2024-07-31,0.0
exchange_houses:x1_eeff_412:162e42adf915acb43968fda9,2025-07-31,0.0
exchange_houses:x1_eeff_412:162e42adf915acb43968fda9,2026-07-31,0.0
exchange_houses:x1_eeff_413:4f180ea0b677c8aa82ad1b00,2018-07-31,0.0
exchange_houses:x1_eeff_413:4f180ea0b677c8aa82ad1b00,2019-07-31,0.0
exchange_houses:x1_eeff_413:4f180ea0b677c8aa82ad1b00,2020-07-31,0.0
exchange_houses:x1_eeff_413:4f180ea0b677c8aa82ad1b00,2021-07-31,0.0
exchange_houses:x1_eeff_413:4f180ea0b677c8aa82ad1b00,2022-07-31,0.0
exchange_houses:x1_eeff_413:4f180ea0b677c8aa82ad1b00,2023-07-31,0.0
exchange_houses:x1_eeff_413:4f180ea0b677c8aa82ad1b00,2024-07-31,0.0
exchange_houses:x1_eeff_413:4f180ea0b677c8aa82ad1b00,2025-07-31,0.0
exchange_houses:x1_eeff_413:4f180ea0b677c8aa82ad1b00,2026-07-31,0.0
exchange_houses:x1_eeff_414:4eb66f3a70257c74a81c5570,2018-07-31,0.0
exchange_houses:x1_eeff_414:4eb66f3a70257c74a81c5570,2019-07-31,0.0
exchange_houses:x1_eeff_414:4eb66f3a70257c74a81c5570,2020-07-31,0.0
exchange_houses:x1_eeff_414:4eb66f3a70257c74a81c5570,2021-07-31,0.0
exchange_houses:x1_eeff_414:4eb66f3a70257c74a81c5570,2022-07-31,0.0
exchange_houses:x1_eeff_414:4eb66f3a70257c74a81c5570,2023-07-31,0.0
exchange_houses:x1_eeff_414:4eb66f3a70257c74a81c5570,2024-07-31,0.0
exchange_houses:x1_eeff_414:4eb66f3a70257c74a81c5570,2025-07-31,0.0
exchange_houses:x1_eeff_414:4eb66f3a70257c74a81c5570,2026-07-31,0.0
exchange_houses:x1_eeff_415:0adb209e143cd86fa702409c,2018-07-31,0.0
exchange_houses:x1_eeff_415:0adb209e143cd86fa702409c,2019-07-31,0.0
exchange_houses:x1_eeff_415:0adb209e143cd86fa702409c,2020-07-31,0.0
exchange_houses:x1_eeff_415:0adb209e143cd86fa702409c,2021-07-31,0.0
exchange_houses:x1_eeff_415:0adb209e143cd86fa702409c,2022-07-31,0.0
exchange_houses:x1_eeff_415:0adb209e143cd86fa702409c,2023-07-31,0.0
exchange_houses:x1_eeff_415:0adb209e143cd86fa702409c,2024-07-31,0.0
exchange_houses:x1_eeff_415:0adb209e143cd86fa702409c,2025-07-31,0.0
exchange_houses:x1_eeff_415:0adb209e143cd86fa702409c,2026-07-31,0.0
exchange_houses:x1_eeff_416:adef27ba8b89928b1bc52896,2018-07-31,0.0
exchange_houses:x1_eeff_416:adef27ba8b89928b1bc52896,2019-07-31,0.0
exchange_houses:x1_eeff_416:adef27ba8b89928b1bc52896,2020-07-31,0.0
exchange_houses:x1_eeff_416:adef27ba8b89928b1bc52896,2021-07-31,0.0
exchange_houses:x1_eeff_416:adef27ba8b89928b1bc52896,2022-07-31,0.0
exchange_houses:x1_eeff_416:adef27ba8b89928b1bc52896,2023-07-31,0.0
exchange_houses:x1_eeff_416:adef27ba8b89928b1bc52896,2024-07-31,0.0
exchange_houses:x1_eeff_416:adef27ba8b89928b1bc52896,2025-07-31,0.0
exchange_houses:x1_eeff_416:adef27ba8b89928b1bc52896,2026-07-31,0.0
exchange_houses:x1_eeff_417:032f5618c392505ad00622e9,2018-07-31,0.0
exchange_houses:x1_eeff_417:032f5618c392505ad00622e9,2019-07-31,0.0
exchange_houses:x1_eeff_417:032f5618c392505ad00622e9,2020-07-31,0.0
exchange_houses:x1_eeff_417:032f5618c392505ad00622e9,2021-07-31,0.0
exchange_houses:x1_eeff_417:032f5618c392505ad00622e9,2022-07-31,0.0
exchange_houses:x1_eeff_417:032f5618c392505ad00622e9,2023-07-31,0.0
exchange_houses:x1_eeff_417:032f5618c392505ad00622e9,2024-07-31,0.0
exchange_houses:x1_eeff_417:032f5618c392505ad00622e9,2025-07-31,0.0
exchange_houses:x1_eeff_417:032f5618c392505ad00622e9,2026-07-31,0.0
exchange_houses:x1_eeff_418:458e703b91527e1b55545427,2018-07-31,0.0
exchange_houses:x1_eeff_418:458e703b91527e1b55545427,2019-07-31,602359.66626
exchange_houses:x1_eeff_418:458e703b91527e1b55545427,2020-07-31,692181.0
exchange_houses:x1_eeff_418:458e703b91527e1b55545427,2021-07-31,691779.0
exchange_houses:x1_eeff_418:458e703b91527e1b55545427,2022-07-31,0.0
exchange_houses:x1_eeff_418:458e703b91527e1b55545427,2023-07-31,0.0
exchange_houses:x1_eeff_418:458e703b91527e1b55545427,2024-07-31,0.0
exchange_houses:x1_eeff_418:458e703b91527e1b55545427,2025-07-31,0.0
exchange_houses:x1_eeff_418:458e703b91527e1b55545427,2026-07-31,0.0
exchange_houses:x1_eeff_419:1e0668db52dd74b98d97c323,2018-07-31,0.0
exchange_houses:x1_eeff_419:1e0668db52dd74b98d97c323,2019-07-31,0.0
exchange_houses:x1_eeff_419:1e0668db52dd74b98d97c323,2020-07-31,0.0
exchange_houses:x1_eeff_419:1e0668db52dd74b98d97c323,2021-07-31,0.0
exchange_houses:x1_eeff_419:1e0668db52dd74b98d97c323,2022-07-31,0.0
exchange_houses:x1_eeff_419:1e0668db52dd74b98d97c323,2023-07-31,0.0
exchange_houses:x1_eeff_419:1e0668db52dd74b98d97c323,2024-07-31,0.0
exchange_houses:x1_eeff_419:1e0668db52dd74b98d97c323,2025-07-31,0.0
exchange_houses:x1_eeff_419:1e0668db52dd74b98d97c323,2026-07-31,0.0
exchange_houses:x1_eeff_41:d244043e3bbaaa941774304d,2016-07-31,0.0
exchange_houses:x1_eeff_41:d244043e3bbaaa941774304d,2017-07-31,0.0
exchange_houses:x1_eeff_41:d244043e3bbaaa941774304d,2018-07-31,0.0
exchange_houses:x1_eeff_41:d244043e3bbaaa941774304d,2019-07-31,0.0
exchange_houses:x1_eeff_41:d244043e3bbaaa941774304d,2020-07-31,0.0
exchange_houses:x1_eeff_41:d244043e3bbaaa941774304d,2021-07-31,0.0
exchange_houses:x1_eeff_41:d244043e3bbaaa941774304d,2022-07-31,0.0
exchange_houses:x1_eeff_41:d244043e3bbaaa941774304d,2023-07-31,0.0
exchange_houses:x1_eeff_41:d244043e3bbaaa941774304d,2024-07-31,0.0
exchange_houses:x1_eeff_41:d244043e3bbaaa941774304d,2025-07-31,0.0
exchange_houses:x1_eeff_41:d244043e3bbaaa941774304d,2026-07-31,0.0
exchange_houses:x1_eeff_420:72ae3a70474cfd8bc62f83c2,2018-07-31,0.0
exchange_houses:x1_eeff_420:72ae3a70474cfd8bc62f83c2,2019-07-31,0.0
exchange_houses:x1_eeff_420:72ae3a70474cfd8bc62f83c2,2020-07-31,0.0
exchange_houses:x1_eeff_420:72ae3a70474cfd8bc62f83c2,2021-07-31,0.0
exchange_houses:x1_eeff_420:72ae3a70474cfd8bc62f83c2,2022-07-31,0.0
exchange_houses:x1_eeff_420:72ae3a70474cfd8bc62f83c2,2023-07-31,0.0
exchange_houses:x1_eeff_420:72ae3a70474cfd8bc62f83c2,2024-07-31,0.0
exchange_houses:x1_eeff_420:72ae3a70474cfd8bc62f83c2,2025-07-31,0.0
exchange_houses:x1_eeff_420:72ae3a70474cfd8bc62f83c2,2026-07-31,0.0
exchange_houses:x1_eeff_421:28f6a8253934fce99f84c9ae,2018-07-31,0.0
exchange_houses:x1_eeff_421:28f6a8253934fce99f84c9ae,2019-07-31,0.0
exchange_houses:x1_eeff_421:28f6a8253934fce99f84c9ae,2020-07-31,0.0
exchange_houses:x1_eeff_421:28f6a8253934fce99f84c9ae,2021-07-31,6917790.0
exchange_houses:x1_eeff_421:28f6a8253934fce99f84c9ae,2022-07-31,7572980.0
exchange_houses:x1_eeff_421:28f6a8253934fce99f84c9ae,2023-07-31,11189180.0
exchange_houses:x1_eeff_421:28f6a8253934fce99f84c9ae,2024-07-31,7719028.807999999
exchange_houses:x1_eeff_421:28f6a8253934fce99f84c9ae,2025-07-31,16283176.762000002
exchange_houses:x1_eeff_421:28f6a8253934fce99f84c9ae,2026-07-31,48678171.79
exchange_houses:x1_eeff_422:5aaa5afaea65ef0e62936f42,2018-07-31,0.0
exchange_houses:x1_eeff_422:5aaa5afaea65ef0e62936f42,2019-07-31,0.0
exchange_houses:x1_eeff_422:5aaa5afaea65ef0e62936f42,2020-07-31,0.0
exchange_houses:x1_eeff_422:5aaa5afaea65ef0e62936f42,2021-07-31,0.0
exchange_houses:x1_eeff_422:5aaa5afaea65ef0e62936f42,2022-07-31,0.0
exchange_houses:x1_eeff_422:5aaa5afaea65ef0e62936f42,2023-07-31,0.0
exchange_houses:x1_eeff_422:5aaa5afaea65ef0e62936f42,2024-07-31,0.0
exchange_houses:x1_eeff_422:5aaa5afaea65ef0e62936f42,2025-07-31,0.0
exchange_houses:x1_eeff_422:5aaa5afaea65ef0e62936f42,2026-07-31,0.0
exchange_houses:x1_eeff_423:a97c44c7ecf98cacf7e7dc42,2018-07-31,0.0
exchange_houses:x1_eeff_423:a97c44c7ecf98cacf7e7dc42,2019-07-31,0.0
exchange_houses:x1_eeff_423:a97c44c7ecf98cacf7e7dc42,2020-07-31,0.0
exchange_houses:x1_eeff_423:a97c44c7ecf98cacf7e7dc42,2021-07-31,0.0
exchange_houses:x1_eeff_423:a97c44c7ecf98cacf7e7dc42,2022-07-31,0.0
exchange_houses:x1_eeff_423:a97c44c7ecf98cacf7e7dc42,2023-07-31,0.0
exchange_houses:x1_eeff_423:a97c44c7ecf98cacf7e7dc42,2024-07-31,0.0
exchange_houses:x1_eeff_423:a97c44c7ecf98cacf7e7dc42,2025-07-31,0.0
exchange_houses:x1_eeff_423:a97c44c7ecf98cacf7e7dc42,2026-07-31,0.0
exchange_houses:x1_eeff_424:715003131a5efe744987cc1d,2018-07-31,0.0
exchange_houses:x1_eeff_424:715003131a5efe744987cc1d,2019-07-31,0.0
exchange_houses:x1_eeff_424:715003131a5efe744987cc1d,2020-07-31,0.0
exchange_houses:x1_eeff_424:715003131a5efe744987cc1d,2021-07-31,0.0
exchange_houses:x1_eeff_424:715003131a5efe744987cc1d,2022-07-31,0.0
exchange_houses:x1_eeff_424:715003131a5efe744987cc1d,2023-07-31,0.0
exchange_houses:x1_eeff_424:715003131a5efe744987cc1d,2024-07-31,0.0
exchange_houses:x1_eeff_424:715003131a5efe744987cc1d,2025-07-31,0.0
exchange_houses:x1_eeff_424:715003131a5efe744987cc1d,2026-07-31,0.0
exchange_houses:x1_eeff_425:7776e4a1a15d183a27871ed3,2018-07-31,0.0
exchange_houses:x1_eeff_425:7776e4a1a15d183a27871ed3,2019-07-31,0.0
exchange_houses:x1_eeff_425:7776e4a1a15d183a27871ed3,2020-07-31,0.0
exchange_houses:x1_eeff_425:7776e4a1a15d183a27871ed3,2021-07-31,0.0
exchange_houses:x1_eeff_425:7776e4a1a15d183a27871ed3,2022-07-31,0.0
exchange_houses:x1_eeff_425:7776e4a1a15d183a27871ed3,2023-07-31,0.0
exchange_houses:x1_eeff_425:7776e4a1a15d183a27871ed3,2024-07-31,0.0
exchange_houses:x1_eeff_425:7776e4a1a15d183a27871ed3,2025-07-31,0.0
exchange_houses:x1_eeff_425:7776e4a1a15d183a27871ed3,2026-07-31,0.0
exchange_houses:x1_eeff_426:cb9d7e313d48451380c49f92,2018-07-31,0.0
exchange_houses:x1_eeff_426:cb9d7e313d48451380c49f92,2019-07-31,0.0
exchange_houses:x1_eeff_426:cb9d7e313d48451380c49f92,2020-07-31,0.0
exchange_houses:x1_eeff_426:cb9d7e313d48451380c49f92,2021-07-31,0.0
exchange_houses:x1_eeff_426:cb9d7e313d48451380c49f92,2022-07-31,0.0
exchange_houses:x1_eeff_426:cb9d7e313d48451380c49f92,2023-07-31,0.0
exchange_houses:x1_eeff_426:cb9d7e313d48451380c49f92,2024-07-31,0.0
exchange_houses:x1_eeff_426:cb9d7e313d48451380c49f92,2025-07-31,0.0
exchange_houses:x1_eeff_426:cb9d7e313d48451380c49f92,2026-07-31,0.0
exchange_houses:x1_eeff_427:91e92378bd536e8018bc455f,2018-07-31,0.0
exchange_houses:x1_eeff_427:91e92378bd536e8018bc455f,2019-07-31,0.0
exchange_houses:x1_eeff_427:91e92378bd536e8018bc455f,2020-07-31,0.0
exchange_houses:x1_eeff_427:91e92378bd536e8018bc455f,2021-07-31,0.0
exchange_houses:x1_eeff_427:91e92378bd536e8018bc455f,2022-07-31,0.0
exchange_houses:x1_eeff_427:91e92378bd536e8018bc455f,2023-07-31,0.0
exchange_houses:x1_eeff_427:91e92378bd536e8018bc455f,2024-07-31,0.0
exchange_houses:x1_eeff_427:91e92378bd536e8018bc455f,2025-07-31,0.0
exchange_houses:x1_eeff_427:91e92378bd536e8018bc455f,2026-07-31,0.0
exchange_houses:x1_eeff_428:8746366b729d8cd4a44f1853,2018-07-31,0.0
exchange_houses:x1_eeff_428:8746366b729d8cd4a44f1853,2019-07-31,0.0
exchange_houses:x1_eeff_428:8746366b729d8cd4a44f1853,2020-07-31,0.0
exchange_houses:x1_eeff_428:8746366b729d8cd4a44f1853,2021-07-31,0.0
exchange_houses:x1_eeff_428:8746366b729d8cd4a44f1853,2022-07-31,0.0
exchange_houses:x1_eeff_428:8746366b729d8cd4a44f1853,2023-07-31,0.0
exchange_houses:x1_eeff_428:8746366b729d8cd4a44f1853,2024-07-31,0.0
exchange_houses:x1_eeff_428:8746366b729d8cd4a44f1853,2025-07-31,0.0
exchange_houses:x1_eeff_428:8746366b729d8cd4a44f1853,2026-07-31,0.0
exchange_houses:x1_eeff_429:bea2d284c4d9853e78ae248e,2018-07-31,0.0
exchange_houses:x1_eeff_429:bea2d284c4d9853e78ae248e,2019-07-31,0.0
exchange_houses:x1_eeff_429:bea2d284c4d9853e78ae248e,2020-07-31,0.0
exchange_houses:x1_eeff_429:bea2d284c4d9853e78ae248e,2021-07-31,0.0
exchange_houses:x1_eeff_429:bea2d284c4d9853e78ae248e,2022-07-31,0.0
exchange_houses:x1_eeff_429:bea2d284c4d9853e78ae248e,2023-07-31,0.0
exchange_houses:x1_eeff_429:bea2d284c4d9853e78ae248e,2024-07-31,0.0
exchange_houses:x1_eeff_429:bea2d284c4d9853e78ae248e,2025-07-31,0.0
exchange_houses:x1_eeff_429:bea2d284c4d9853e78ae248e,2026-07-31,0.0
exchange_houses:x1_eeff_42:9c75f1b3b16217da2c4fd12f,2016-07-31,0.0
exchange_houses:x1_eeff_42:9c75f1b3b16217da2c4fd12f,2017-07-31,0.0
exchange_houses:x1_eeff_42:9c75f1b3b16217da2c4fd12f,2018-07-31,0.0
exchange_houses:x1_eeff_42:9c75f1b3b16217da2c4fd12f,2019-07-31,0.0
exchange_houses:x1_eeff_42:9c75f1b3b16217da2c4fd12f,2020-07-31,0.0
exchange_houses:x1_eeff_42:9c75f1b3b16217da2c4fd12f,2021-07-31,0.0
exchange_houses:x1_eeff_42:9c75f1b3b16217da2c4fd12f,2022-07-31,0.0
exchange_houses:x1_eeff_42:9c75f1b3b16217da2c4fd12f,2023-07-31,0.0
exchange_houses:x1_eeff_42:9c75f1b3b16217da2c4fd12f,2024-07-31,0.0
exchange_houses:x1_eeff_42:9c75f1b3b16217da2c4fd12f,2025-07-31,0.0
exchange_houses:x1_eeff_42:9c75f1b3b16217da2c4fd12f,2026-07-31,0.0
exchange_houses:x1_eeff_430:fad878082f735a3769234361,2018-07-31,0.0
exchange_houses:x1_eeff_430:fad878082f735a3769234361,2019-07-31,0.0
exchange_houses:x1_eeff_430:fad878082f735a3769234361,2020-07-31,0.0
exchange_houses:x1_eeff_430:fad878082f735a3769234361,2021-07-31,0.0
exchange_houses:x1_eeff_430:fad878082f735a3769234361,2022-07-31,0.0
exchange_houses:x1_eeff_430:fad878082f735a3769234361,2023-07-31,0.0
exchange_houses:x1_eeff_430:fad878082f735a3769234361,2024-07-31,0.0
exchange_houses:x1_eeff_430:fad878082f735a3769234361,2025-07-31,0.0
exchange_houses:x1_eeff_430:fad878082f735a3769234361,2026-07-31,0.0
exchange_houses:x1_eeff_431:2763bd53256af53d6f1e1dad,2018-07-31,0.0
exchange_houses:x1_eeff_431:2763bd53256af53d6f1e1dad,2019-07-31,0.0
exchange_houses:x1_eeff_431:2763bd53256af53d6f1e1dad,2020-07-31,0.0
exchange_houses:x1_eeff_431:2763bd53256af53d6f1e1dad,2021-07-31,0.0
exchange_houses:x1_eeff_431:2763bd53256af53d6f1e1dad,2022-07-31,0.0
exchange_houses:x1_eeff_431:2763bd53256af53d6f1e1dad,2023-07-31,0.0
exchange_houses:x1_eeff_431:2763bd53256af53d6f1e1dad,2024-07-31,0.0
exchange_houses:x1_eeff_431:2763bd53256af53d6f1e1dad,2025-07-31,0.0
exchange_houses:x1_eeff_431:2763bd53256af53d6f1e1dad,2026-07-31,0.0
exchange_houses:x1_eeff_432:744949ae5eed31e88839da0d,2018-07-31,0.0
exchange_houses:x1_eeff_432:744949ae5eed31e88839da0d,2019-07-31,0.0
exchange_houses:x1_eeff_432:744949ae5eed31e88839da0d,2020-07-31,0.0
exchange_houses:x1_eeff_432:744949ae5eed31e88839da0d,2021-07-31,0.0
exchange_houses:x1_eeff_432:744949ae5eed31e88839da0d,2022-07-31,0.0
exchange_houses:x1_eeff_432:744949ae5eed31e88839da0d,2023-07-31,0.0
exchange_houses:x1_eeff_432:744949ae5eed31e88839da0d,2024-07-31,0.0
exchange_houses:x1_eeff_432:744949ae5eed31e88839da0d,2025-07-31,0.0
exchange_houses:x1_eeff_432:744949ae5eed31e88839da0d,2026-07-31,0.0
exchange_houses:x1_eeff_433:8ec71fc422adba49d89c821b,2018-07-31,0.0
exchange_houses:x1_eeff_433:8ec71fc422adba49d89c821b,2019-07-31,0.0
exchange_houses:x1_eeff_433:8ec71fc422adba49d89c821b,2020-07-31,0.0
exchange_houses:x1_eeff_433:8ec71fc422adba49d89c821b,2021-07-31,0.0
exchange_houses:x1_eeff_433:8ec71fc422adba49d89c821b,2022-07-31,0.0
exchange_houses:x1_eeff_433:8ec71fc422adba49d89c821b,2023-07-31,0.0
exchange_houses:x1_eeff_433:8ec71fc422adba49d89c821b,2024-07-31,0.0
exchange_houses:x1_eeff_433:8ec71fc422adba49d89c821b,2025-07-31,0.0
exchange_houses:x1_eeff_433:8ec71fc422adba49d89c821b,2026-07-31,0.0
exchange_houses:x1_eeff_434:de6380be57807ecefddf3123,2018-07-31,3500000.0
exchange_houses:x1_eeff_434:de6380be57807ecefddf3123,2019-07-31,4102359.66626
exchange_houses:x1_eeff_434:de6380be57807ecefddf3123,2020-07-31,692181.0
exchange_houses:x1_eeff_434:de6380be57807ecefddf3123,2021-07-31,12009569.0
exchange_houses:x1_eeff_434:de6380be57807ecefddf3123,2022-07-31,11972980.0
exchange_houses:x1_eeff_434:de6380be57807ecefddf3123,2023-07-31,15589180.0
exchange_houses:x1_eeff_434:de6380be57807ecefddf3123,2024-07-31,7719028.807999999
exchange_houses:x1_eeff_434:de6380be57807ecefddf3123,2025-07-31,16283176.762000002
exchange_houses:x1_eeff_434:de6380be57807ecefddf3123,2026-07-31,48678171.79
exchange_houses:x1_eeff_43:2ee9bad0a34bf8569130536d,2016-07-31,0.0
exchange_houses:x1_eeff_43:2ee9bad0a34bf8569130536d,2017-07-31,0.0
exchange_houses:x1_eeff_43:2ee9bad0a34bf8569130536d,2018-07-31,0.0
exchange_houses:x1_eeff_43:2ee9bad0a34bf8569130536d,2019-07-31,0.0
exchange_houses:x1_eeff_43:2ee9bad0a34bf8569130536d,2020-07-31,0.0
exchange_houses:x1_eeff_43:2ee9bad0a34bf8569130536d,2021-07-31,0.0
exchange_houses:x1_eeff_43:2ee9bad0a34bf8569130536d,2022-07-31,0.0
exchange_houses:x1_eeff_43:2ee9bad0a34bf8569130536d,2023-07-31,0.0
exchange_houses:x1_eeff_43:2ee9bad0a34bf8569130536d,2024-07-31,0.0
exchange_houses:x1_eeff_43:2ee9bad0a34bf8569130536d,2025-07-31,0.0
exchange_houses:x1_eeff_43:2ee9bad0a34bf8569130536d,2026-07-31,0.0
exchange_houses:x1_eeff_44:10921f59bbfac3e0d6a0c642,2016-07-31,0.0
exchange_houses:x1_eeff_44:10921f59bbfac3e0d6a0c642,2017-07-31,0.0
exchange_houses:x1_eeff_44:10921f59bbfac3e0d6a0c642,2018-07-31,0.0
exchange_houses:x1_eeff_44:10921f59bbfac3e0d6a0c642,2019-07-31,0.0
exchange_houses:x1_eeff_44:10921f59bbfac3e0d6a0c642,2020-07-31,0.0
exchange_houses:x1_eeff_44:10921f59bbfac3e0d6a0c642,2021-07-31,0.0
exchange_houses:x1_eeff_44:10921f59bbfac3e0d6a0c642,2022-07-31,0.0
exchange_houses:x1_eeff_44:10921f59bbfac3e0d6a0c642,2023-07-31,0.0
exchange_houses:x1_eeff_44:10921f59bbfac3e0d6a0c642,2024-07-31,0.0
exchange_houses:x1_eeff_44:10921f59bbfac3e0d6a0c642,2025-07-31,0.0
exchange_houses:x1_eeff_44:10921f59bbfac3e0d6a0c642,2026-07-31,0.0
exchange_houses:x1_eeff_45:0744a2c6a76c403774949cbd,2016-07-31,0.0
exchange_houses:x1_eeff_45:0744a2c6a76c403774949cbd,2017-07-31,0.0
exchange_houses:x1_eeff_45:0744a2c6a76c403774949cbd,2018-07-31,0.0
exchange_houses:x1_eeff_45:0744a2c6a76c403774949cbd,2019-07-31,0.0
exchange_houses:x1_eeff_45:0744a2c6a76c403774949cbd,2020-07-31,0.0
exchange_houses:x1_eeff_45:0744a2c6a76c403774949cbd,2021-07-31,0.0
exchange_houses:x1_eeff_45:0744a2c6a76c403774949cbd,2022-07-31,0.0
exchange_houses:x1_eeff_45:0744a2c6a76c403774949cbd,2023-07-31,0.0
exchange_houses:x1_eeff_45:0744a2c6a76c403774949cbd,2024-07-31,0.0
exchange_houses:x1_eeff_45:0744a2c6a76c403774949cbd,2025-07-31,0.0
exchange_houses:x1_eeff_45:0744a2c6a76c403774949cbd,2026-07-31,0.0
exchange_houses:x1_eeff_46:1bb196223d9e71c9c798d98e,2016-07-31,470861.47982
exchange_houses:x1_eeff_46:1bb196223d9e71c9c798d98e,2017-07-31,470659.65365999995
exchange_houses:x1_eeff_46:1bb196223d9e71c9c798d98e,2018-07-31,157831.24294999999
exchange_houses:x1_eeff_46:1bb196223d9e71c9c798d98e,2019-07-31,364720.71125
exchange_houses:x1_eeff_46:1bb196223d9e71c9c798d98e,2020-07-31,255681.27318999998
exchange_houses:x1_eeff_46:1bb196223d9e71c9c798d98e,2021-07-31,276140.17131999996
exchange_houses:x1_eeff_46:1bb196223d9e71c9c798d98e,2022-07-31,284830.35825
exchange_houses:x1_eeff_46:1bb196223d9e71c9c798d98e,2023-07-31,659211.3789
exchange_houses:x1_eeff_46:1bb196223d9e71c9c798d98e,2024-07-31,1010519.2786
exchange_houses:x1_eeff_46:1bb196223d9e71c9c798d98e,2025-07-31,0.0
exchange_houses:x1_eeff_46:1bb196223d9e71c9c798d98e,2026-07-31,0.0
exchange_houses:x1_eeff_47:f063f9a47c9b4cf3b8fcb018,2016-07-31,1270464.37
exchange_houses:x1_eeff_47:f063f9a47c9b4cf3b8fcb018,2017-07-31,1270464.37
exchange_houses:x1_eeff_47:f063f9a47c9b4cf3b8fcb018,2018-07-31,1270464.37
exchange_houses:x1_eeff_47:f063f9a47c9b4cf3b8fcb018,2019-07-31,1270464.37
exchange_houses:x1_eeff_47:f063f9a47c9b4cf3b8fcb018,2020-07-31,192239.979
exchange_houses:x1_eeff_47:f063f9a47c9b4cf3b8fcb018,2021-07-31,192239.979
exchange_houses:x1_eeff_47:f063f9a47c9b4cf3b8fcb018,2022-07-31,192239.979
exchange_houses:x1_eeff_47:f063f9a47c9b4cf3b8fcb018,2023-07-31,0.0
exchange_houses:x1_eeff_47:f063f9a47c9b4cf3b8fcb018,2024-07-31,0.0
exchange_houses:x1_eeff_47:f063f9a47c9b4cf3b8fcb018,2025-07-31,0.0
exchange_houses:x1_eeff_47:f063f9a47c9b4cf3b8fcb018,2026-07-31,0.0
exchange_houses:x1_eeff_48:619427b094b53b84199557b0,2016-07-31,0.0
exchange_houses:x1_eeff_48:619427b094b53b84199557b0,2017-07-31,0.0
exchange_houses:x1_eeff_48:619427b094b53b84199557b0,2018-07-31,0.0
exchange_houses:x1_eeff_48:619427b094b53b84199557b0,2019-07-31,0.0
exchange_houses:x1_eeff_48:619427b094b53b84199557b0,2020-07-31,0.0
exchange_houses:x1_eeff_48:619427b094b53b84199557b0,2021-07-31,0.0
exchange_houses:x1_eeff_48:619427b094b53b84199557b0,2022-07-31,0.0
exchange_houses:x1_eeff_48:619427b094b53b84199557b0,2023-07-31,0.0
exchange_houses:x1_eeff_48:619427b094b53b84199557b0,2024-07-31,0.0
exchange_houses:x1_eeff_48:619427b094b53b84199557b0,2025-07-31,0.0
exchange_houses:x1_eeff_48:619427b094b53b84199557b0,2026-07-31,0.0
exchange_houses:x1_eeff_49:5ac047f201e6028e59b7661f,2016-07-31,0.0
exchange_houses:x1_eeff_49:5ac047f201e6028e59b7661f,2017-07-31,0.0
exchange_houses:x1_eeff_49:5ac047f201e6028e59b7661f,2018-07-31,116017.0
exchange_houses:x1_eeff_49:5ac047f201e6028e59b7661f,2019-07-31,1417284.926
exchange_houses:x1_eeff_49:5ac047f201e6028e59b7661f,2020-07-31,167750.0
exchange_houses:x1_eeff_49:5ac047f201e6028e59b7661f,2021-07-31,986000.0
exchange_houses:x1_eeff_49:5ac047f201e6028e59b7661f,2022-07-31,48664.0
exchange_houses:x1_eeff_49:5ac047f201e6028e59b7661f,2023-07-31,57167.494999999995
exchange_houses:x1_eeff_49:5ac047f201e6028e59b7661f,2024-07-31,19792.0
exchange_houses:x1_eeff_49:5ac047f201e6028e59b7661f,2025-07-31,98066.895
exchange_houses:x1_eeff_49:5ac047f201e6028e59b7661f,2026-07-31,250993.541
exchange_houses:x1_eeff_4:904d4c17fe6d097645706b06,2016-07-31,31541056.797
exchange_houses:x1_eeff_4:904d4c17fe6d097645706b06,2017-07-31,29056239.831
exchange_houses:x1_eeff_4:904d4c17fe6d097645706b06,2018-07-31,30080771.912
exchange_houses:x1_eeff_4:904d4c17fe6d097645706b06,2019-07-31,32685024.319
exchange_houses:x1_eeff_4:904d4c17fe6d097645706b06,2020-07-31,31009033.665
exchange_houses:x1_eeff_4:904d4c17fe6d097645706b06,2021-07-31,24693151.923
exchange_houses:x1_eeff_4:904d4c17fe6d097645706b06,2022-07-31,29068828.083
exchange_houses:x1_eeff_4:904d4c17fe6d097645706b06,2023-07-31,27541486.424
exchange_houses:x1_eeff_4:904d4c17fe6d097645706b06,2024-07-31,29827313.222999997
exchange_houses:x1_eeff_4:904d4c17fe6d097645706b06,2025-07-31,30586227.469
exchange_houses:x1_eeff_4:904d4c17fe6d097645706b06,2026-07-31,28187024.975
exchange_houses:x1_eeff_50:4e1eb15ab6789ce12644f7e9,2016-07-31,0.0
exchange_houses:x1_eeff_50:4e1eb15ab6789ce12644f7e9,2017-07-31,68340.0
exchange_houses:x1_eeff_50:4e1eb15ab6789ce12644f7e9,2018-07-31,0.0
exchange_houses:x1_eeff_50:4e1eb15ab6789ce12644f7e9,2019-07-31,0.0
exchange_houses:x1_eeff_50:4e1eb15ab6789ce12644f7e9,2020-07-31,0.0
exchange_houses:x1_eeff_50:4e1eb15ab6789ce12644f7e9,2021-07-31,0.0
exchange_houses:x1_eeff_50:4e1eb15ab6789ce12644f7e9,2022-07-31,0.0
exchange_houses:x1_eeff_50:4e1eb15ab6789ce12644f7e9,2023-07-31,0.0
exchange_houses:x1_eeff_50:4e1eb15ab6789ce12644f7e9,2024-07-31,0.0
exchange_houses:x1_eeff_50:4e1eb15ab6789ce12644f7e9,2025-07-31,0.0
exchange_houses:x1_eeff_50:4e1eb15ab6789ce12644f7e9,2026-07-31,0.0
exchange_houses:x1_eeff_51:1f8860f0d6e74b765bdb4951,2016-07-31,0.0
exchange_houses:x1_eeff_51:1f8860f0d6e74b765bdb4951,2017-07-31,0.0
exchange_houses:x1_eeff_51:1f8860f0d6e74b765bdb4951,2018-07-31,0.0
exchange_houses:x1_eeff_51:1f8860f0d6e74b765bdb4951,2019-07-31,0.0
exchange_houses:x1_eeff_51:1f8860f0d6e74b765bdb4951,2020-07-31,0.0
exchange_houses:x1_eeff_51:1f8860f0d6e74b765bdb4951,2021-07-31,0.0
exchange_houses:x1_eeff_51:1f8860f0d6e74b765bdb4951,2022-07-31,0.0
exchange_houses:x1_eeff_51:1f8860f0d6e74b765bdb4951,2023-07-31,0.0
exchange_houses:x1_eeff_51:1f8860f0d6e74b765bdb4951,2024-07-31,0.0
exchange_houses:x1_eeff_51:1f8860f0d6e74b765bdb4951,2025-07-31,0.0
exchange_houses:x1_eeff_51:1f8860f0d6e74b765bdb4951,2026-07-31,0.0
exchange_houses:x1_eeff_52:a011efc8421dab89e72b7791,2016-07-31,0.0
exchange_houses:x1_eeff_52:a011efc8421dab89e72b7791,2017-07-31,0.0
exchange_houses:x1_eeff_52:a011efc8421dab89e72b7791,2018-07-31,0.0
exchange_houses:x1_eeff_52:a011efc8421dab89e72b7791,2019-07-31,0.0
exchange_houses:x1_eeff_52:a011efc8421dab89e72b7791,2020-07-31,0.0
exchange_houses:x1_eeff_52:a011efc8421dab89e72b7791,2021-07-31,0.0
exchange_houses:x1_eeff_52:a011efc8421dab89e72b7791,2022-07-31,0.0
exchange_houses:x1_eeff_52:a011efc8421dab89e72b7791,2023-07-31,0.0
exchange_houses:x1_eeff_52:a011efc8421dab89e72b7791,2024-07-31,0.0
exchange_houses:x1_eeff_52:a011efc8421dab89e72b7791,2025-07-31,0.0
exchange_houses:x1_eeff_52:a011efc8421dab89e72b7791,2026-07-31,0.0
exchange_houses:x1_eeff_53:f442ac32b346ee5aba535280,2016-07-31,0.0
exchange_houses:x1_eeff_53:f442ac32b346ee5aba535280,2017-07-31,0.0
exchange_houses:x1_eeff_53:f442ac32b346ee5aba535280,2018-07-31,0.0
exchange_houses:x1_eeff_53:f442ac32b346ee5aba535280,2019-07-31,0.0
exchange_houses:x1_eeff_53:f442ac32b346ee5aba535280,2020-07-31,0.0
exchange_houses:x1_eeff_53:f442ac32b346ee5aba535280,2021-07-31,0.0
exchange_houses:x1_eeff_53:f442ac32b346ee5aba535280,2022-07-31,0.0
exchange_houses:x1_eeff_53:f442ac32b346ee5aba535280,2023-07-31,0.0
exchange_houses:x1_eeff_53:f442ac32b346ee5aba535280,2024-07-31,0.0
exchange_houses:x1_eeff_53:f442ac32b346ee5aba535280,2025-07-31,0.0
exchange_houses:x1_eeff_53:f442ac32b346ee5aba535280,2026-07-31,0.0
exchange_houses:x1_eeff_54:fd3c04288b8d7fde90f3411c,2016-07-31,0.0
exchange_houses:x1_eeff_54:fd3c04288b8d7fde90f3411c,2017-07-31,0.0
exchange_houses:x1_eeff_54:fd3c04288b8d7fde90f3411c,2018-07-31,0.0
exchange_houses:x1_eeff_54:fd3c04288b8d7fde90f3411c,2019-07-31,0.0
exchange_houses:x1_eeff_54:fd3c04288b8d7fde90f3411c,2020-07-31,0.0
exchange_houses:x1_eeff_54:fd3c04288b8d7fde90f3411c,2021-07-31,0.0
exchange_houses:x1_eeff_54:fd3c04288b8d7fde90f3411c,2022-07-31,0.0
exchange_houses:x1_eeff_54:fd3c04288b8d7fde90f3411c,2023-07-31,0.0
exchange_houses:x1_eeff_54:fd3c04288b8d7fde90f3411c,2024-07-31,0.0
exchange_houses:x1_eeff_54:fd3c04288b8d7fde90f3411c,2025-07-31,0.0
exchange_houses:x1_eeff_54:fd3c04288b8d7fde90f3411c,2026-07-31,0.0
exchange_houses:x1_eeff_55:ad96961ecdbb972d4a5ed080,2016-07-31,0.0
exchange_houses:x1_eeff_55:ad96961ecdbb972d4a5ed080,2017-07-31,0.0
exchange_houses:x1_eeff_55:ad96961ecdbb972d4a5ed080,2018-07-31,0.0
exchange_houses:x1_eeff_55:ad96961ecdbb972d4a5ed080,2019-07-31,0.0
exchange_houses:x1_eeff_55:ad96961ecdbb972d4a5ed080,2020-07-31,0.0
exchange_houses:x1_eeff_55:ad96961ecdbb972d4a5ed080,2021-07-31,0.0
exchange_houses:x1_eeff_55:ad96961ecdbb972d4a5ed080,2022-07-31,0.0
exchange_houses:x1_eeff_55:ad96961ecdbb972d4a5ed080,2023-07-31,0.0
exchange_houses:x1_eeff_55:ad96961ecdbb972d4a5ed080,2024-07-31,0.0
exchange_houses:x1_eeff_55:ad96961ecdbb972d4a5ed080,2025-07-31,0.0
exchange_houses:x1_eeff_55:ad96961ecdbb972d4a5ed080,2026-07-31,0.0
exchange_houses:x1_eeff_56:cac4eb0ef81764a2c2fc6154,2016-07-31,0.0
exchange_houses:x1_eeff_56:cac4eb0ef81764a2c2fc6154,2017-07-31,0.0
exchange_houses:x1_eeff_56:cac4eb0ef81764a2c2fc6154,2018-07-31,0.0
exchange_houses:x1_eeff_56:cac4eb0ef81764a2c2fc6154,2019-07-31,0.0
exchange_houses:x1_eeff_56:cac4eb0ef81764a2c2fc6154,2020-07-31,0.0
exchange_houses:x1_eeff_56:cac4eb0ef81764a2c2fc6154,2021-07-31,0.0
exchange_houses:x1_eeff_56:cac4eb0ef81764a2c2fc6154,2022-07-31,0.0
exchange_houses:x1_eeff_56:cac4eb0ef81764a2c2fc6154,2023-07-31,0.0
exchange_houses:x1_eeff_56:cac4eb0ef81764a2c2fc6154,2024-07-31,0.0
exchange_houses:x1_eeff_56:cac4eb0ef81764a2c2fc6154,2025-07-31,0.0
exchange_houses:x1_eeff_56:cac4eb0ef81764a2c2fc6154,2026-07-31,0.0
exchange_houses:x1_eeff_57:2d9703ad22e76192926f16fa,2016-07-31,0.0
exchange_houses:x1_eeff_57:2d9703ad22e76192926f16fa,2017-07-31,0.0
exchange_houses:x1_eeff_57:2d9703ad22e76192926f16fa,2018-07-31,0.0
exchange_houses:x1_eeff_57:2d9703ad22e76192926f16fa,2019-07-31,0.0
exchange_houses:x1_eeff_57:2d9703ad22e76192926f16fa,2020-07-31,0.0
exchange_houses:x1_eeff_57:2d9703ad22e76192926f16fa,2021-07-31,0.0
exchange_houses:x1_eeff_57:2d9703ad22e76192926f16fa,2022-07-31,0.0
exchange_houses:x1_eeff_57:2d9703ad22e76192926f16fa,2023-07-31,0.0
exchange_houses:x1_eeff_57:2d9703ad22e76192926f16fa,2024-07-31,0.0
exchange_houses:x1_eeff_57:2d9703ad22e76192926f16fa,2025-07-31,0.0
exchange_houses:x1_eeff_57:2d9703ad22e76192926f16fa,2026-07-31,0.0
exchange_houses:x1_eeff_58:26da4cd21ba7dc6b93b824b1,2016-07-31,0.0
exchange_houses:x1_eeff_58:26da4cd21ba7dc6b93b824b1,2017-07-31,0.0
exchange_houses:x1_eeff_58:26da4cd21ba7dc6b93b824b1,2018-07-31,0.0
exchange_houses:x1_eeff_58:26da4cd21ba7dc6b93b824b1,2019-07-31,0.0
exchange_houses:x1_eeff_58:26da4cd21ba7dc6b93b824b1,2020-07-31,0.0
exchange_houses:x1_eeff_58:26da4cd21ba7dc6b93b824b1,2021-07-31,0.0
exchange_houses:x1_eeff_58:26da4cd21ba7dc6b93b824b1,2022-07-31,0.0
exchange_houses:x1_eeff_58:26da4cd21ba7dc6b93b824b1,2023-07-31,0.0
exchange_houses:x1_eeff_58:26da4cd21ba7dc6b93b824b1,2024-07-31,0.0
exchange_houses:x1_eeff_58:26da4cd21ba7dc6b93b824b1,2025-07-31,0.0
exchange_houses:x1_eeff_58:26da4cd21ba7dc6b93b824b1,2026-07-31,0.0
exchange_houses:x1_eeff_59:a38809e687f37d587688dcb4,2016-07-31,0.0
exchange_houses:x1_eeff_59:a38809e687f37d587688dcb4,2017-07-31,0.0
exchange_houses:x1_eeff_59:a38809e687f37d587688dcb4,2018-07-31,0.0
exchange_houses:x1_eeff_59:a38809e687f37d587688dcb4,2019-07-31,0.0
exchange_houses:x1_eeff_59:a38809e687f37d587688dcb4,2020-07-31,0.0
exchange_houses:x1_eeff_59:a38809e687f37d587688dcb4,2021-07-31,0.0
exchange_houses:x1_eeff_59:a38809e687f37d587688dcb4,2022-07-31,0.0
exchange_houses:x1_eeff_59:a38809e687f37d587688dcb4,2023-07-31,0.0
exchange_houses:x1_eeff_59:a38809e687f37d587688dcb4,2024-07-31,0.0
exchange_houses:x1_eeff_59:a38809e687f37d587688dcb4,2025-07-31,0.0
exchange_houses:x1_eeff_59:a38809e687f37d587688dcb4,2026-07-31,0.0
exchange_houses:x1_eeff_5:0679024f7e13d3d37a691db4,2016-07-31,5912313.9969999995
exchange_houses:x1_eeff_5:0679024f7e13d3d37a691db4,2017-07-31,6615056.296
exchange_houses:x1_eeff_5:0679024f7e13d3d37a691db4,2018-07-31,6997015.786
exchange_houses:x1_eeff_5:0679024f7e13d3d37a691db4,2019-07-31,7832069.096
exchange_houses:x1_eeff_5:0679024f7e13d3d37a691db4,2020-07-31,7541940.92
exchange_houses:x1_eeff_5:0679024f7e13d3d37a691db4,2021-07-31,7448891.945
exchange_houses:x1_eeff_5:0679024f7e13d3d37a691db4,2022-07-31,8026194.432
exchange_houses:x1_eeff_5:0679024f7e13d3d37a691db4,2023-07-31,8411614.46
exchange_houses:x1_eeff_5:0679024f7e13d3d37a691db4,2024-07-31,8941883.724
exchange_houses:x1_eeff_5:0679024f7e13d3d37a691db4,2025-07-31,9099804.065000001
exchange_houses:x1_eeff_5:0679024f7e13d3d37a691db4,2026-07-31,9318663.479
exchange_houses:x1_eeff_60:72795fc29b1e8ef3c48ec448,2016-07-31,0.0
exchange_houses:x1_eeff_60:72795fc29b1e8ef3c48ec448,2017-07-31,0.0
exchange_houses:x1_eeff_60:72795fc29b1e8ef3c48ec448,2018-07-31,0.0
exchange_houses:x1_eeff_60:72795fc29b1e8ef3c48ec448,2019-07-31,0.0
exchange_houses:x1_eeff_60:72795fc29b1e8ef3c48ec448,2020-07-31,0.0
exchange_houses:x1_eeff_60:72795fc29b1e8ef3c48ec448,2021-07-31,0.0
exchange_houses:x1_eeff_60:72795fc29b1e8ef3c48ec448,2022-07-31,0.0
exchange_houses:x1_eeff_60:72795fc29b1e8ef3c48ec448,2023-07-31,0.0
exchange_houses:x1_eeff_60:72795fc29b1e8ef3c48ec448,2024-07-31,0.0
exchange_houses:x1_eeff_60:72795fc29b1e8ef3c48ec448,2025-07-31,0.0
exchange_houses:x1_eeff_60:72795fc29b1e8ef3c48ec448,2026-07-31,0.0
exchange_houses:x1_eeff_61:7a032730fae7fc9d730b84ea,2016-07-31,0.0
exchange_houses:x1_eeff_61:7a032730fae7fc9d730b84ea,2017-07-31,176649.0
exchange_houses:x1_eeff_61:7a032730fae7fc9d730b84ea,2018-07-31,176649.0
exchange_houses:x1_eeff_61:7a032730fae7fc9d730b84ea,2019-07-31,176649.0
exchange_houses:x1_eeff_61:7a032730fae7fc9d730b84ea,2020-07-31,176649.0
exchange_houses:x1_eeff_61:7a032730fae7fc9d730b84ea,2021-07-31,176649.0
exchange_houses:x1_eeff_61:7a032730fae7fc9d730b84ea,2022-07-31,0.0
exchange_houses:x1_eeff_61:7a032730fae7fc9d730b84ea,2023-07-31,0.0
exchange_houses:x1_eeff_61:7a032730fae7fc9d730b84ea,2024-07-31,0.0
exchange_houses:x1_eeff_61:7a032730fae7fc9d730b84ea,2025-07-31,0.0
exchange_houses:x1_eeff_61:7a032730fae7fc9d730b84ea,2026-07-31,0.0
exchange_houses:x1_eeff_62:e897a943f73572b6402b3663,2016-07-31,5908606.84982
exchange_houses:x1_eeff_62:e897a943f73572b6402b3663,2017-07-31,6180401.685660001
exchange_houses:x1_eeff_62:e897a943f73572b6402b3663,2018-07-31,6239979.11895
exchange_houses:x1_eeff_62:e897a943f73572b6402b3663,2019-07-31,8139583.51025
exchange_houses:x1_eeff_62:e897a943f73572b6402b3663,2020-07-31,5342220.112190001
exchange_houses:x1_eeff_62:e897a943f73572b6402b3663,2021-07-31,6057943.150320001
exchange_houses:x1_eeff_62:e897a943f73572b6402b3663,2022-07-31,5425124.337250001
exchange_houses:x1_eeff_62:e897a943f73572b6402b3663,2023-07-31,5610558.873900001
exchange_houses:x1_eeff_62:e897a943f73572b6402b3663,2024-07-31,6259391.2786
exchange_houses:x1_eeff_62:e897a943f73572b6402b3663,2025-07-31,6284733.543999999
exchange_houses:x1_eeff_62:e897a943f73572b6402b3663,2026-07-31,1185305.541
exchange_houses:x1_eeff_63:3b7a11a240e89ccc2b5e8aab,2016-07-31,-3743930.0
exchange_houses:x1_eeff_63:3b7a11a240e89ccc2b5e8aab,2017-07-31,-3731430.0
exchange_houses:x1_eeff_63:3b7a11a240e89ccc2b5e8aab,2018-07-31,-4025058.0
exchange_houses:x1_eeff_63:3b7a11a240e89ccc2b5e8aab,2019-07-31,-4025058.0
exchange_houses:x1_eeff_63:3b7a11a240e89ccc2b5e8aab,2020-07-31,-4025058.0
exchange_houses:x1_eeff_63:3b7a11a240e89ccc2b5e8aab,2021-07-31,-4025058.0
exchange_houses:x1_eeff_63:3b7a11a240e89ccc2b5e8aab,2022-07-31,-4215625.75
exchange_houses:x1_eeff_63:3b7a11a240e89ccc2b5e8aab,2023-07-31,-4449229.0
exchange_houses:x1_eeff_63:3b7a11a240e89ccc2b5e8aab,2024-07-31,-4805129.0
exchange_houses:x1_eeff_63:3b7a11a240e89ccc2b5e8aab,2025-07-31,-5497033.4
exchange_houses:x1_eeff_63:3b7a11a240e89ccc2b5e8aab,2026-07-31,-530536.0
exchange_houses:x1_eeff_64:4852adbb1f2699a7e90d1273,2016-07-31,0.0
exchange_houses:x1_eeff_64:4852adbb1f2699a7e90d1273,2017-07-31,0.0
exchange_houses:x1_eeff_64:4852adbb1f2699a7e90d1273,2018-07-31,0.0
exchange_houses:x1_eeff_64:4852adbb1f2699a7e90d1273,2019-07-31,0.0
exchange_houses:x1_eeff_64:4852adbb1f2699a7e90d1273,2020-07-31,0.0
exchange_houses:x1_eeff_64:4852adbb1f2699a7e90d1273,2021-07-31,0.0
exchange_houses:x1_eeff_64:4852adbb1f2699a7e90d1273,2022-07-31,0.0
exchange_houses:x1_eeff_64:4852adbb1f2699a7e90d1273,2023-07-31,0.0
exchange_houses:x1_eeff_64:4852adbb1f2699a7e90d1273,2024-07-31,0.0
exchange_houses:x1_eeff_64:4852adbb1f2699a7e90d1273,2025-07-31,0.0
exchange_houses:x1_eeff_64:4852adbb1f2699a7e90d1273,2026-07-31,0.0
exchange_houses:x1_eeff_65:8d5de03d572d99cb715ec149,2016-07-31,0.0
exchange_houses:x1_eeff_65:8d5de03d572d99cb715ec149,2017-07-31,0.0
exchange_houses:x1_eeff_65:8d5de03d572d99cb715ec149,2018-07-31,0.0
exchange_houses:x1_eeff_65:8d5de03d572d99cb715ec149,2019-07-31,0.0
exchange_houses:x1_eeff_65:8d5de03d572d99cb715ec149,2020-07-31,0.0
exchange_houses:x1_eeff_65:8d5de03d572d99cb715ec149,2021-07-31,0.0
exchange_houses:x1_eeff_65:8d5de03d572d99cb715ec149,2022-07-31,0.0
exchange_houses:x1_eeff_65:8d5de03d572d99cb715ec149,2023-07-31,0.0
exchange_houses:x1_eeff_65:8d5de03d572d99cb715ec149,2024-07-31,0.0
exchange_houses:x1_eeff_65:8d5de03d572d99cb715ec149,2025-07-31,0.0
exchange_houses:x1_eeff_65:8d5de03d572d99cb715ec149,2026-07-31,0.0
exchange_houses:x1_eeff_66:681c472068442e84052e6e89,2016-07-31,-16760.0
exchange_houses:x1_eeff_66:681c472068442e84052e6e89,2017-07-31,-16760.0
exchange_houses:x1_eeff_66:681c472068442e84052e6e89,2018-07-31,-16760.0
exchange_houses:x1_eeff_66:681c472068442e84052e6e89,2019-07-31,-16760.0
exchange_houses:x1_eeff_66:681c472068442e84052e6e89,2020-07-31,-16760.0
exchange_houses:x1_eeff_66:681c472068442e84052e6e89,2021-07-31,-16760.0
exchange_houses:x1_eeff_66:681c472068442e84052e6e89,2022-07-31,-16760.0
exchange_houses:x1_eeff_66:681c472068442e84052e6e89,2023-07-31,0.0
exchange_houses:x1_eeff_66:681c472068442e84052e6e89,2024-07-31,0.0
exchange_houses:x1_eeff_66:681c472068442e84052e6e89,2025-07-31,0.0
exchange_houses:x1_eeff_66:681c472068442e84052e6e89,2026-07-31,0.0
exchange_houses:x1_eeff_67:b9a5dd71efd31475e02b2269,2016-07-31,-319139.0
exchange_houses:x1_eeff_67:b9a5dd71efd31475e02b2269,2017-07-31,-344039.0
exchange_houses:x1_eeff_67:b9a5dd71efd31475e02b2269,2018-07-31,-274606.0
exchange_houses:x1_eeff_67:b9a5dd71efd31475e02b2269,2019-07-31,-331465.0
exchange_houses:x1_eeff_67:b9a5dd71efd31475e02b2269,2020-07-31,-354721.0
exchange_houses:x1_eeff_67:b9a5dd71efd31475e02b2269,2021-07-31,-353166.0
exchange_houses:x1_eeff_67:b9a5dd71efd31475e02b2269,2022-07-31,-322401.0
exchange_houses:x1_eeff_67:b9a5dd71efd31475e02b2269,2023-07-31,-423951.0
exchange_houses:x1_eeff_67:b9a5dd71efd31475e02b2269,2024-07-31,-423951.0
exchange_houses:x1_eeff_67:b9a5dd71efd31475e02b2269,2025-07-31,-374576.0
exchange_houses:x1_eeff_67:b9a5dd71efd31475e02b2269,2026-07-31,-374576.0
exchange_houses:x1_eeff_68:3d94d2b34a99fe52a13f9113,2016-07-31,0.0
exchange_houses:x1_eeff_68:3d94d2b34a99fe52a13f9113,2017-07-31,0.0
exchange_houses:x1_eeff_68:3d94d2b34a99fe52a13f9113,2018-07-31,0.0
exchange_houses:x1_eeff_68:3d94d2b34a99fe52a13f9113,2019-07-31,0.0
exchange_houses:x1_eeff_68:3d94d2b34a99fe52a13f9113,2020-07-31,0.0
exchange_houses:x1_eeff_68:3d94d2b34a99fe52a13f9113,2021-07-31,0.0
exchange_houses:x1_eeff_68:3d94d2b34a99fe52a13f9113,2022-07-31,0.0
exchange_houses:x1_eeff_68:3d94d2b34a99fe52a13f9113,2023-07-31,0.0
exchange_houses:x1_eeff_68:3d94d2b34a99fe52a13f9113,2024-07-31,0.0
exchange_houses:x1_eeff_68:3d94d2b34a99fe52a13f9113,2025-07-31,0.0
exchange_houses:x1_eeff_68:3d94d2b34a99fe52a13f9113,2026-07-31,0.0
exchange_houses:x1_eeff_69:08b79cd891435e0af0cb3b1e,2016-07-31,0.0
exchange_houses:x1_eeff_69:08b79cd891435e0af0cb3b1e,2017-07-31,0.0
exchange_houses:x1_eeff_69:08b79cd891435e0af0cb3b1e,2018-07-31,0.0
exchange_houses:x1_eeff_69:08b79cd891435e0af0cb3b1e,2019-07-31,0.0
exchange_houses:x1_eeff_69:08b79cd891435e0af0cb3b1e,2020-07-31,0.0
exchange_houses:x1_eeff_69:08b79cd891435e0af0cb3b1e,2021-07-31,0.0
exchange_houses:x1_eeff_69:08b79cd891435e0af0cb3b1e,2022-07-31,0.0
exchange_houses:x1_eeff_69:08b79cd891435e0af0cb3b1e,2023-07-31,0.0
exchange_houses:x1_eeff_69:08b79cd891435e0af0cb3b1e,2024-07-31,0.0
exchange_houses:x1_eeff_69:08b79cd891435e0af0cb3b1e,2025-07-31,0.0
exchange_houses:x1_eeff_69:08b79cd891435e0af0cb3b1e,2026-07-31,0.0
exchange_houses:x1_eeff_6:7e68465549c076e394e55b75,2016-07-31,21142106.528
exchange_houses:x1_eeff_6:7e68465549c076e394e55b75,2017-07-31,31077711.784
exchange_houses:x1_eeff_6:7e68465549c076e394e55b75,2018-07-31,31169678.112999998
exchange_houses:x1_eeff_6:7e68465549c076e394e55b75,2019-07-31,37142804.296000004
exchange_houses:x1_eeff_6:7e68465549c076e394e55b75,2020-07-31,33482602.495
exchange_houses:x1_eeff_6:7e68465549c076e394e55b75,2021-07-31,21400243.553999998
exchange_houses:x1_eeff_6:7e68465549c076e394e55b75,2022-07-31,18559504.208
exchange_houses:x1_eeff_6:7e68465549c076e394e55b75,2023-07-31,19182876.856
exchange_houses:x1_eeff_6:7e68465549c076e394e55b75,2024-07-31,21654171.138
exchange_houses:x1_eeff_6:7e68465549c076e394e55b75,2025-07-31,26627660.325999998
exchange_houses:x1_eeff_6:7e68465549c076e394e55b75,2026-07-31,15064829.381000001
exchange_houses:x1_eeff_70:705afbe7e1a1b24b32216dca,2016-07-31,0.0
exchange_houses:x1_eeff_70:705afbe7e1a1b24b32216dca,2017-07-31,0.0
exchange_houses:x1_eeff_70:705afbe7e1a1b24b32216dca,2018-07-31,0.0
exchange_houses:x1_eeff_70:705afbe7e1a1b24b32216dca,2019-07-31,0.0
exchange_houses:x1_eeff_70:705afbe7e1a1b24b32216dca,2020-07-31,0.0
exchange_houses:x1_eeff_70:705afbe7e1a1b24b32216dca,2021-07-31,0.0
exchange_houses:x1_eeff_70:705afbe7e1a1b24b32216dca,2022-07-31,0.0
exchange_houses:x1_eeff_70:705afbe7e1a1b24b32216dca,2023-07-31,0.0
exchange_houses:x1_eeff_70:705afbe7e1a1b24b32216dca,2024-07-31,0.0
exchange_houses:x1_eeff_70:705afbe7e1a1b24b32216dca,2025-07-31,0.0
exchange_houses:x1_eeff_70:705afbe7e1a1b24b32216dca,2026-07-31,0.0
exchange_houses:x1_eeff_71:777f4b7a77427e5ffd20915e,2016-07-31,0.0
exchange_houses:x1_eeff_71:777f4b7a77427e5ffd20915e,2017-07-31,0.0
exchange_houses:x1_eeff_71:777f4b7a77427e5ffd20915e,2018-07-31,0.0
exchange_houses:x1_eeff_71:777f4b7a77427e5ffd20915e,2019-07-31,0.0
exchange_houses:x1_eeff_71:777f4b7a77427e5ffd20915e,2020-07-31,0.0
exchange_houses:x1_eeff_71:777f4b7a77427e5ffd20915e,2021-07-31,0.0
exchange_houses:x1_eeff_71:777f4b7a77427e5ffd20915e,2022-07-31,0.0
exchange_houses:x1_eeff_71:777f4b7a77427e5ffd20915e,2023-07-31,0.0
exchange_houses:x1_eeff_71:777f4b7a77427e5ffd20915e,2024-07-31,0.0
exchange_houses:x1_eeff_71:777f4b7a77427e5ffd20915e,2025-07-31,0.0
exchange_houses:x1_eeff_71:777f4b7a77427e5ffd20915e,2026-07-31,0.0
exchange_houses:x1_eeff_72:2a867c57cba80c9f58ca26a5,2016-07-31,0.0
exchange_houses:x1_eeff_72:2a867c57cba80c9f58ca26a5,2017-07-31,0.0
exchange_houses:x1_eeff_72:2a867c57cba80c9f58ca26a5,2018-07-31,0.0
exchange_houses:x1_eeff_72:2a867c57cba80c9f58ca26a5,2019-07-31,0.0
exchange_houses:x1_eeff_72:2a867c57cba80c9f58ca26a5,2020-07-31,0.0
exchange_houses:x1_eeff_72:2a867c57cba80c9f58ca26a5,2021-07-31,0.0
exchange_houses:x1_eeff_72:2a867c57cba80c9f58ca26a5,2022-07-31,0.0
exchange_houses:x1_eeff_72:2a867c57cba80c9f58ca26a5,2023-07-31,0.0
exchange_houses:x1_eeff_72:2a867c57cba80c9f58ca26a5,2024-07-31,0.0
exchange_houses:x1_eeff_72:2a867c57cba80c9f58ca26a5,2025-07-31,0.0
exchange_houses:x1_eeff_72:2a867c57cba80c9f58ca26a5,2026-07-31,0.0
exchange_houses:x1_eeff_73:db1c282f611cb8f83099fb24,2016-07-31,0.0
exchange_houses:x1_eeff_73:db1c282f611cb8f83099fb24,2017-07-31,0.0
exchange_houses:x1_eeff_73:db1c282f611cb8f83099fb24,2018-07-31,0.0
exchange_houses:x1_eeff_73:db1c282f611cb8f83099fb24,2019-07-31,0.0
exchange_houses:x1_eeff_73:db1c282f611cb8f83099fb24,2020-07-31,0.0
exchange_houses:x1_eeff_73:db1c282f611cb8f83099fb24,2021-07-31,0.0
exchange_houses:x1_eeff_73:db1c282f611cb8f83099fb24,2022-07-31,0.0
exchange_houses:x1_eeff_73:db1c282f611cb8f83099fb24,2023-07-31,0.0
exchange_houses:x1_eeff_73:db1c282f611cb8f83099fb24,2024-07-31,0.0
exchange_houses:x1_eeff_73:db1c282f611cb8f83099fb24,2025-07-31,0.0
exchange_houses:x1_eeff_73:db1c282f611cb8f83099fb24,2026-07-31,0.0
exchange_houses:x1_eeff_74:74bf3777f5bd2d27961a34de,2016-07-31,0.0
exchange_houses:x1_eeff_74:74bf3777f5bd2d27961a34de,2017-07-31,0.0
exchange_houses:x1_eeff_74:74bf3777f5bd2d27961a34de,2018-07-31,0.0
exchange_houses:x1_eeff_74:74bf3777f5bd2d27961a34de,2019-07-31,0.0
exchange_houses:x1_eeff_74:74bf3777f5bd2d27961a34de,2020-07-31,0.0
exchange_houses:x1_eeff_74:74bf3777f5bd2d27961a34de,2021-07-31,0.0
exchange_houses:x1_eeff_74:74bf3777f5bd2d27961a34de,2022-07-31,0.0
exchange_houses:x1_eeff_74:74bf3777f5bd2d27961a34de,2023-07-31,0.0
exchange_houses:x1_eeff_74:74bf3777f5bd2d27961a34de,2024-07-31,0.0
exchange_houses:x1_eeff_74:74bf3777f5bd2d27961a34de,2025-07-31,0.0
exchange_houses:x1_eeff_74:74bf3777f5bd2d27961a34de,2026-07-31,0.0
exchange_houses:x1_eeff_75:db0567188e54e12991fd325f,2016-07-31,0.0
exchange_houses:x1_eeff_75:db0567188e54e12991fd325f,2017-07-31,0.0
exchange_houses:x1_eeff_75:db0567188e54e12991fd325f,2018-07-31,0.0
exchange_houses:x1_eeff_75:db0567188e54e12991fd325f,2019-07-31,0.0
exchange_houses:x1_eeff_75:db0567188e54e12991fd325f,2020-07-31,0.0
exchange_houses:x1_eeff_75:db0567188e54e12991fd325f,2021-07-31,0.0
exchange_houses:x1_eeff_75:db0567188e54e12991fd325f,2022-07-31,0.0
exchange_houses:x1_eeff_75:db0567188e54e12991fd325f,2023-07-31,0.0
exchange_houses:x1_eeff_75:db0567188e54e12991fd325f,2024-07-31,0.0
exchange_houses:x1_eeff_75:db0567188e54e12991fd325f,2025-07-31,0.0
exchange_houses:x1_eeff_75:db0567188e54e12991fd325f,2026-07-31,0.0
exchange_houses:x1_eeff_76:a34bf912e5ce80d05a2de0e8,2016-07-31,0.0
exchange_houses:x1_eeff_76:a34bf912e5ce80d05a2de0e8,2017-07-31,0.0
exchange_houses:x1_eeff_76:a34bf912e5ce80d05a2de0e8,2018-07-31,0.0
exchange_houses:x1_eeff_76:a34bf912e5ce80d05a2de0e8,2019-07-31,0.0
exchange_houses:x1_eeff_76:a34bf912e5ce80d05a2de0e8,2020-07-31,0.0
exchange_houses:x1_eeff_76:a34bf912e5ce80d05a2de0e8,2021-07-31,0.0
exchange_houses:x1_eeff_76:a34bf912e5ce80d05a2de0e8,2022-07-31,0.0
exchange_houses:x1_eeff_76:a34bf912e5ce80d05a2de0e8,2023-07-31,0.0
exchange_houses:x1_eeff_76:a34bf912e5ce80d05a2de0e8,2024-07-31,0.0
exchange_houses:x1_eeff_76:a34bf912e5ce80d05a2de0e8,2025-07-31,0.0
exchange_houses:x1_eeff_76:a34bf912e5ce80d05a2de0e8,2026-07-31,0.0
exchange_houses:x1_eeff_77:d7d8eca6aa84e5d879e3dcce,2016-07-31,-470861.47982
exchange_houses:x1_eeff_77:d7d8eca6aa84e5d879e3dcce,2017-07-31,-470659.65365999995
exchange_houses:x1_eeff_77:d7d8eca6aa84e5d879e3dcce,2018-07-31,-157831.24294999999
exchange_houses:x1_eeff_77:d7d8eca6aa84e5d879e3dcce,2019-07-31,-324725.71125
exchange_houses:x1_eeff_77:d7d8eca6aa84e5d879e3dcce,2020-07-31,-255681.27318999998
exchange_houses:x1_eeff_77:d7d8eca6aa84e5d879e3dcce,2021-07-31,-276140.17131999996
exchange_houses:x1_eeff_77:d7d8eca6aa84e5d879e3dcce,2022-07-31,-284830.35825
exchange_houses:x1_eeff_77:d7d8eca6aa84e5d879e3dcce,2023-07-31,-659211.3789
exchange_houses:x1_eeff_77:d7d8eca6aa84e5d879e3dcce,2024-07-31,-1010519.2786
exchange_houses:x1_eeff_77:d7d8eca6aa84e5d879e3dcce,2025-07-31,0.0
exchange_houses:x1_eeff_77:d7d8eca6aa84e5d879e3dcce,2026-07-31,0.0
exchange_houses:x1_eeff_78:c88ba63d70f0388a22a516bf,2016-07-31,-1270464.37
exchange_houses:x1_eeff_78:c88ba63d70f0388a22a516bf,2017-07-31,-1270464.37
exchange_houses:x1_eeff_78:c88ba63d70f0388a22a516bf,2018-07-31,-1270464.37
exchange_houses:x1_eeff_78:c88ba63d70f0388a22a516bf,2019-07-31,-1270464.37
exchange_houses:x1_eeff_78:c88ba63d70f0388a22a516bf,2020-07-31,-135896.667
exchange_houses:x1_eeff_78:c88ba63d70f0388a22a516bf,2021-07-31,-192239.979
exchange_houses:x1_eeff_78:c88ba63d70f0388a22a516bf,2022-07-31,-192239.979
exchange_houses:x1_eeff_78:c88ba63d70f0388a22a516bf,2023-07-31,0.0
exchange_houses:x1_eeff_78:c88ba63d70f0388a22a516bf,2024-07-31,0.0
exchange_houses:x1_eeff_78:c88ba63d70f0388a22a516bf,2025-07-31,0.0
exchange_houses:x1_eeff_78:c88ba63d70f0388a22a516bf,2026-07-31,0.0
exchange_houses:x1_eeff_79:7ea9361c2950b40598e0754a,2016-07-31,0.0
exchange_houses:x1_eeff_79:7ea9361c2950b40598e0754a,2017-07-31,0.0
exchange_houses:x1_eeff_79:7ea9361c2950b40598e0754a,2018-07-31,0.0
exchange_houses:x1_eeff_79:7ea9361c2950b40598e0754a,2019-07-31,0.0
exchange_houses:x1_eeff_79:7ea9361c2950b40598e0754a,2020-07-31,0.0
exchange_houses:x1_eeff_79:7ea9361c2950b40598e0754a,2021-07-31,0.0
exchange_houses:x1_eeff_79:7ea9361c2950b40598e0754a,2022-07-31,0.0
exchange_houses:x1_eeff_79:7ea9361c2950b40598e0754a,2023-07-31,0.0
exchange_houses:x1_eeff_79:7ea9361c2950b40598e0754a,2024-07-31,0.0
exchange_houses:x1_eeff_79:7ea9361c2950b40598e0754a,2025-07-31,0.0
exchange_houses:x1_eeff_79:7ea9361c2950b40598e0754a,2026-07-31,0.0
exchange_houses:x1_eeff_7:b845b3bda2242e6ddca54e48,2016-07-31,3746173.7309999997
exchange_houses:x1_eeff_7:b845b3bda2242e6ddca54e48,2017-07-31,4169201.204
exchange_houses:x1_eeff_7:b845b3bda2242e6ddca54e48,2018-07-31,5250724.036
exchange_houses:x1_eeff_7:b845b3bda2242e6ddca54e48,2019-07-31,7093749.894
exchange_houses:x1_eeff_7:b845b3bda2242e6ddca54e48,2020-07-31,8471883.299
exchange_houses:x1_eeff_7:b845b3bda2242e6ddca54e48,2021-07-31,9262567.291
exchange_houses:x1_eeff_7:b845b3bda2242e6ddca54e48,2022-07-31,9676063.159
exchange_houses:x1_eeff_7:b845b3bda2242e6ddca54e48,2023-07-31,10241954.729
exchange_houses:x1_eeff_7:b845b3bda2242e6ddca54e48,2024-07-31,10409458.914
exchange_houses:x1_eeff_7:b845b3bda2242e6ddca54e48,2025-07-31,12307752.191
exchange_houses:x1_eeff_7:b845b3bda2242e6ddca54e48,2026-07-31,15093920.458
exchange_houses:x1_eeff_80:6f5d6345f4865c10a1305e3e,2016-07-31,0.0
exchange_houses:x1_eeff_80:6f5d6345f4865c10a1305e3e,2017-07-31,0.0
exchange_houses:x1_eeff_80:6f5d6345f4865c10a1305e3e,2018-07-31,0.0
exchange_houses:x1_eeff_80:6f5d6345f4865c10a1305e3e,2019-07-31,0.0
exchange_houses:x1_eeff_80:6f5d6345f4865c10a1305e3e,2020-07-31,0.0
exchange_houses:x1_eeff_80:6f5d6345f4865c10a1305e3e,2021-07-31,0.0
exchange_houses:x1_eeff_80:6f5d6345f4865c10a1305e3e,2022-07-31,0.0
exchange_houses:x1_eeff_80:6f5d6345f4865c10a1305e3e,2023-07-31,0.0
exchange_houses:x1_eeff_80:6f5d6345f4865c10a1305e3e,2024-07-31,0.0
exchange_houses:x1_eeff_80:6f5d6345f4865c10a1305e3e,2025-07-31,0.0
exchange_houses:x1_eeff_80:6f5d6345f4865c10a1305e3e,2026-07-31,0.0
exchange_houses:x1_eeff_81:561b7c610d548895769ffe4c,2016-07-31,0.0
exchange_houses:x1_eeff_81:561b7c610d548895769ffe4c,2017-07-31,-68340.0
exchange_houses:x1_eeff_81:561b7c610d548895769ffe4c,2018-07-31,0.0
exchange_houses:x1_eeff_81:561b7c610d548895769ffe4c,2019-07-31,0.0
exchange_houses:x1_eeff_81:561b7c610d548895769ffe4c,2020-07-31,0.0
exchange_houses:x1_eeff_81:561b7c610d548895769ffe4c,2021-07-31,0.0
exchange_houses:x1_eeff_81:561b7c610d548895769ffe4c,2022-07-31,0.0
exchange_houses:x1_eeff_81:561b7c610d548895769ffe4c,2023-07-31,0.0
exchange_houses:x1_eeff_81:561b7c610d548895769ffe4c,2024-07-31,0.0
exchange_houses:x1_eeff_81:561b7c610d548895769ffe4c,2025-07-31,0.0
exchange_houses:x1_eeff_81:561b7c610d548895769ffe4c,2026-07-31,0.0
exchange_houses:x1_eeff_82:3211783d3481ee6b7f131139,2016-07-31,0.0
exchange_houses:x1_eeff_82:3211783d3481ee6b7f131139,2017-07-31,0.0
exchange_houses:x1_eeff_82:3211783d3481ee6b7f131139,2018-07-31,0.0
exchange_houses:x1_eeff_82:3211783d3481ee6b7f131139,2019-07-31,0.0
exchange_houses:x1_eeff_82:3211783d3481ee6b7f131139,2020-07-31,0.0
exchange_houses:x1_eeff_82:3211783d3481ee6b7f131139,2021-07-31,0.0
exchange_houses:x1_eeff_82:3211783d3481ee6b7f131139,2022-07-31,0.0
exchange_houses:x1_eeff_82:3211783d3481ee6b7f131139,2023-07-31,0.0
exchange_houses:x1_eeff_82:3211783d3481ee6b7f131139,2024-07-31,0.0
exchange_houses:x1_eeff_82:3211783d3481ee6b7f131139,2025-07-31,0.0
exchange_houses:x1_eeff_82:3211783d3481ee6b7f131139,2026-07-31,0.0
exchange_houses:x1_eeff_83:91ef252e1edd303d590d10a9,2016-07-31,0.0
exchange_houses:x1_eeff_83:91ef252e1edd303d590d10a9,2017-07-31,0.0
exchange_houses:x1_eeff_83:91ef252e1edd303d590d10a9,2018-07-31,0.0
exchange_houses:x1_eeff_83:91ef252e1edd303d590d10a9,2019-07-31,0.0
exchange_houses:x1_eeff_83:91ef252e1edd303d590d10a9,2020-07-31,0.0
exchange_houses:x1_eeff_83:91ef252e1edd303d590d10a9,2021-07-31,0.0
exchange_houses:x1_eeff_83:91ef252e1edd303d590d10a9,2022-07-31,0.0
exchange_houses:x1_eeff_83:91ef252e1edd303d590d10a9,2023-07-31,0.0
exchange_houses:x1_eeff_83:91ef252e1edd303d590d10a9,2024-07-31,0.0
exchange_houses:x1_eeff_83:91ef252e1edd303d590d10a9,2025-07-31,0.0
exchange_houses:x1_eeff_83:91ef252e1edd303d590d10a9,2026-07-31,0.0
exchange_houses:x1_eeff_84:c30651213e129999e39a1cec,2016-07-31,0.0
exchange_houses:x1_eeff_84:c30651213e129999e39a1cec,2017-07-31,0.0
exchange_houses:x1_eeff_84:c30651213e129999e39a1cec,2018-07-31,0.0
exchange_houses:x1_eeff_84:c30651213e129999e39a1cec,2019-07-31,0.0
exchange_houses:x1_eeff_84:c30651213e129999e39a1cec,2020-07-31,0.0
exchange_houses:x1_eeff_84:c30651213e129999e39a1cec,2021-07-31,0.0
exchange_houses:x1_eeff_84:c30651213e129999e39a1cec,2022-07-31,0.0
exchange_houses:x1_eeff_84:c30651213e129999e39a1cec,2023-07-31,0.0
exchange_houses:x1_eeff_84:c30651213e129999e39a1cec,2024-07-31,0.0
exchange_houses:x1_eeff_84:c30651213e129999e39a1cec,2025-07-31,0.0
exchange_houses:x1_eeff_84:c30651213e129999e39a1cec,2026-07-31,0.0
exchange_houses:x1_eeff_85:0f5b5b5ed91ccda99aa59475,2016-07-31,0.0
exchange_houses:x1_eeff_85:0f5b5b5ed91ccda99aa59475,2017-07-31,0.0
exchange_houses:x1_eeff_85:0f5b5b5ed91ccda99aa59475,2018-07-31,0.0
exchange_houses:x1_eeff_85:0f5b5b5ed91ccda99aa59475,2019-07-31,0.0
exchange_houses:x1_eeff_85:0f5b5b5ed91ccda99aa59475,2020-07-31,0.0
exchange_houses:x1_eeff_85:0f5b5b5ed91ccda99aa59475,2021-07-31,0.0
exchange_houses:x1_eeff_85:0f5b5b5ed91ccda99aa59475,2022-07-31,0.0
exchange_houses:x1_eeff_85:0f5b5b5ed91ccda99aa59475,2023-07-31,0.0
exchange_houses:x1_eeff_85:0f5b5b5ed91ccda99aa59475,2024-07-31,0.0
exchange_houses:x1_eeff_85:0f5b5b5ed91ccda99aa59475,2025-07-31,0.0
exchange_houses:x1_eeff_85:0f5b5b5ed91ccda99aa59475,2026-07-31,0.0
exchange_houses:x1_eeff_86:edb297fca0933808d535f4b5,2016-07-31,0.0
exchange_houses:x1_eeff_86:edb297fca0933808d535f4b5,2017-07-31,0.0
exchange_houses:x1_eeff_86:edb297fca0933808d535f4b5,2018-07-31,0.0
exchange_houses:x1_eeff_86:edb297fca0933808d535f4b5,2019-07-31,0.0
exchange_houses:x1_eeff_86:edb297fca0933808d535f4b5,2020-07-31,0.0
exchange_houses:x1_eeff_86:edb297fca0933808d535f4b5,2021-07-31,0.0
exchange_houses:x1_eeff_86:edb297fca0933808d535f4b5,2022-07-31,0.0
exchange_houses:x1_eeff_86:edb297fca0933808d535f4b5,2023-07-31,0.0
exchange_houses:x1_eeff_86:edb297fca0933808d535f4b5,2024-07-31,0.0
exchange_houses:x1_eeff_86:edb297fca0933808d535f4b5,2025-07-31,0.0
exchange_houses:x1_eeff_86:edb297fca0933808d535f4b5,2026-07-31,0.0
exchange_houses:x1_eeff_87:a1d39a1b6c6ca9390b45c39f,2016-07-31,0.0
exchange_houses:x1_eeff_87:a1d39a1b6c6ca9390b45c39f,2017-07-31,0.0
exchange_houses:x1_eeff_87:a1d39a1b6c6ca9390b45c39f,2018-07-31,0.0
exchange_houses:x1_eeff_87:a1d39a1b6c6ca9390b45c39f,2019-07-31,0.0
exchange_houses:x1_eeff_87:a1d39a1b6c6ca9390b45c39f,2020-07-31,0.0
exchange_houses:x1_eeff_87:a1d39a1b6c6ca9390b45c39f,2021-07-31,0.0
exchange_houses:x1_eeff_87:a1d39a1b6c6ca9390b45c39f,2022-07-31,0.0
exchange_houses:x1_eeff_87:a1d39a1b6c6ca9390b45c39f,2023-07-31,0.0
exchange_houses:x1_eeff_87:a1d39a1b6c6ca9390b45c39f,2024-07-31,0.0
exchange_houses:x1_eeff_87:a1d39a1b6c6ca9390b45c39f,2025-07-31,0.0
exchange_houses:x1_eeff_87:a1d39a1b6c6ca9390b45c39f,2026-07-31,0.0
exchange_houses:x1_eeff_88:660a893504017cbb1fe92ab9,2016-07-31,0.0
exchange_houses:x1_eeff_88:660a893504017cbb1fe92ab9,2017-07-31,0.0
exchange_houses:x1_eeff_88:660a893504017cbb1fe92ab9,2018-07-31,0.0
exchange_houses:x1_eeff_88:660a893504017cbb1fe92ab9,2019-07-31,0.0
exchange_houses:x1_eeff_88:660a893504017cbb1fe92ab9,2020-07-31,0.0
exchange_houses:x1_eeff_88:660a893504017cbb1fe92ab9,2021-07-31,0.0
exchange_houses:x1_eeff_88:660a893504017cbb1fe92ab9,2022-07-31,0.0
exchange_houses:x1_eeff_88:660a893504017cbb1fe92ab9,2023-07-31,0.0
exchange_houses:x1_eeff_88:660a893504017cbb1fe92ab9,2024-07-31,0.0
exchange_houses:x1_eeff_88:660a893504017cbb1fe92ab9,2025-07-31,0.0
exchange_houses:x1_eeff_88:660a893504017cbb1fe92ab9,2026-07-31,0.0
exchange_houses:x1_eeff_89:a84bdf711180c60d4bbb4890,2016-07-31,0.0
exchange_houses:x1_eeff_89:a84bdf711180c60d4bbb4890,2017-07-31,0.0
exchange_houses:x1_eeff_89:a84bdf711180c60d4bbb4890,2018-07-31,0.0
exchange_houses:x1_eeff_89:a84bdf711180c60d4bbb4890,2019-07-31,0.0
exchange_houses:x1_eeff_89:a84bdf711180c60d4bbb4890,2020-07-31,0.0
exchange_houses:x1_eeff_89:a84bdf711180c60d4bbb4890,2021-07-31,0.0
exchange_houses:x1_eeff_89:a84bdf711180c60d4bbb4890,2022-07-31,0.0
exchange_houses:x1_eeff_89:a84bdf711180c60d4bbb4890,2023-07-31,0.0
exchange_houses:x1_eeff_89:a84bdf711180c60d4bbb4890,2024-07-31,0.0
exchange_houses:x1_eeff_89:a84bdf711180c60d4bbb4890,2025-07-31,0.0
exchange_houses:x1_eeff_89:a84bdf711180c60d4bbb4890,2026-07-31,0.0
exchange_houses:x1_eeff_8:96a3e83478b4d80234fb7a46,2016-07-31,3666997.611
exchange_houses:x1_eeff_8:96a3e83478b4d80234fb7a46,2017-07-31,3468770.575
exchange_houses:x1_eeff_8:96a3e83478b4d80234fb7a46,2018-07-31,4509005.317
exchange_houses:x1_eeff_8:96a3e83478b4d80234fb7a46,2019-07-31,6235813.658
exchange_houses:x1_eeff_8:96a3e83478b4d80234fb7a46,2020-07-31,6083974.695
exchange_houses:x1_eeff_8:96a3e83478b4d80234fb7a46,2021-07-31,5479352.699
exchange_houses:x1_eeff_8:96a3e83478b4d80234fb7a46,2022-07-31,5700888.835
exchange_houses:x1_eeff_8:96a3e83478b4d80234fb7a46,2023-07-31,5725769.124
exchange_houses:x1_eeff_8:96a3e83478b4d80234fb7a46,2024-07-31,6620704.394
exchange_houses:x1_eeff_8:96a3e83478b4d80234fb7a46,2025-07-31,6887470.7190000005
exchange_houses:x1_eeff_8:96a3e83478b4d80234fb7a46,2026-07-31,7519185.359
exchange_houses:x1_eeff_90:815c19cf4321ae885bc1464d,2016-07-31,0.0
exchange_houses:x1_eeff_90:815c19cf4321ae885bc1464d,2017-07-31,0.0
exchange_houses:x1_eeff_90:815c19cf4321ae885bc1464d,2018-07-31,0.0
exchange_houses:x1_eeff_90:815c19cf4321ae885bc1464d,2019-07-31,0.0
exchange_houses:x1_eeff_90:815c19cf4321ae885bc1464d,2020-07-31,0.0
exchange_houses:x1_eeff_90:815c19cf4321ae885bc1464d,2021-07-31,0.0
exchange_houses:x1_eeff_90:815c19cf4321ae885bc1464d,2022-07-31,0.0
exchange_houses:x1_eeff_90:815c19cf4321ae885bc1464d,2023-07-31,0.0
exchange_houses:x1_eeff_90:815c19cf4321ae885bc1464d,2024-07-31,0.0
exchange_houses:x1_eeff_90:815c19cf4321ae885bc1464d,2025-07-31,0.0
exchange_houses:x1_eeff_90:815c19cf4321ae885bc1464d,2026-07-31,0.0
exchange_houses:x1_eeff_91:076ac3eb12a51f13f06019db,2016-07-31,0.0
exchange_houses:x1_eeff_91:076ac3eb12a51f13f06019db,2017-07-31,0.0
exchange_houses:x1_eeff_91:076ac3eb12a51f13f06019db,2018-07-31,0.0
exchange_houses:x1_eeff_91:076ac3eb12a51f13f06019db,2019-07-31,0.0
exchange_houses:x1_eeff_91:076ac3eb12a51f13f06019db,2020-07-31,0.0
exchange_houses:x1_eeff_91:076ac3eb12a51f13f06019db,2021-07-31,0.0
exchange_houses:x1_eeff_91:076ac3eb12a51f13f06019db,2022-07-31,0.0
exchange_houses:x1_eeff_91:076ac3eb12a51f13f06019db,2023-07-31,0.0
exchange_houses:x1_eeff_91:076ac3eb12a51f13f06019db,2024-07-31,0.0
exchange_houses:x1_eeff_91:076ac3eb12a51f13f06019db,2025-07-31,0.0
exchange_houses:x1_eeff_91:076ac3eb12a51f13f06019db,2026-07-31,0.0
exchange_houses:x1_eeff_92:5ff51d1b25e82a0ea1c44330,2016-07-31,0.0
exchange_houses:x1_eeff_92:5ff51d1b25e82a0ea1c44330,2017-07-31,-176649.0
exchange_houses:x1_eeff_92:5ff51d1b25e82a0ea1c44330,2018-07-31,-176649.0
exchange_houses:x1_eeff_92:5ff51d1b25e82a0ea1c44330,2019-07-31,-176649.0
exchange_houses:x1_eeff_92:5ff51d1b25e82a0ea1c44330,2020-07-31,-176649.0
exchange_houses:x1_eeff_92:5ff51d1b25e82a0ea1c44330,2021-07-31,-176649.0
exchange_houses:x1_eeff_92:5ff51d1b25e82a0ea1c44330,2022-07-31,0.0
exchange_houses:x1_eeff_92:5ff51d1b25e82a0ea1c44330,2023-07-31,0.0
exchange_houses:x1_eeff_92:5ff51d1b25e82a0ea1c44330,2024-07-31,0.0
exchange_houses:x1_eeff_92:5ff51d1b25e82a0ea1c44330,2025-07-31,0.0
exchange_houses:x1_eeff_92:5ff51d1b25e82a0ea1c44330,2026-07-31,0.0
exchange_houses:x1_eeff_93:7346b12f9a95741a5007546f,2016-07-31,-5821154.84982
exchange_houses:x1_eeff_93:7346b12f9a95741a5007546f,2017-07-31,-6078342.02366
exchange_houses:x1_eeff_93:7346b12f9a95741a5007546f,2018-07-31,-5921368.61295
exchange_houses:x1_eeff_93:7346b12f9a95741a5007546f,2019-07-31,-6145122.081250001
exchange_houses:x1_eeff_93:7346b12f9a95741a5007546f,2020-07-31,-4964765.94019
exchange_houses:x1_eeff_93:7346b12f9a95741a5007546f,2021-07-31,-5040013.150320001
exchange_houses:x1_eeff_93:7346b12f9a95741a5007546f,2022-07-31,-5031857.087250001
exchange_houses:x1_eeff_93:7346b12f9a95741a5007546f,2023-07-31,-5532391.378900001
exchange_houses:x1_eeff_93:7346b12f9a95741a5007546f,2024-07-31,-6239599.2786
exchange_houses:x1_eeff_93:7346b12f9a95741a5007546f,2025-07-31,-5871609.4
exchange_houses:x1_eeff_93:7346b12f9a95741a5007546f,2026-07-31,-905112.0
exchange_houses:x1_eeff_94:fcfd1c72cc259de43788d430,2016-07-31,1776053.078
exchange_houses:x1_eeff_94:fcfd1c72cc259de43788d430,2017-07-31,2233381.567
exchange_houses:x1_eeff_94:fcfd1c72cc259de43788d430,2018-07-31,3134295.384
exchange_houses:x1_eeff_94:fcfd1c72cc259de43788d430,2019-07-31,2669027.755
exchange_houses:x1_eeff_94:fcfd1c72cc259de43788d430,2020-07-31,2183880.115
exchange_houses:x1_eeff_94:fcfd1c72cc259de43788d430,2021-07-31,1789092.267
exchange_houses:x1_eeff_94:fcfd1c72cc259de43788d430,2022-07-31,1482266.125
exchange_houses:x1_eeff_94:fcfd1c72cc259de43788d430,2023-07-31,1317936.147
exchange_houses:x1_eeff_94:fcfd1c72cc259de43788d430,2024-07-31,1208148.445
exchange_houses:x1_eeff_94:fcfd1c72cc259de43788d430,2025-07-31,1250541.554
exchange_houses:x1_eeff_94:fcfd1c72cc259de43788d430,2026-07-31,1042269.177
exchange_houses:x1_eeff_95:84bba762476a345f1cfd7e8a,2016-07-31,317256.218
exchange_houses:x1_eeff_95:84bba762476a345f1cfd7e8a,2017-07-31,352873.043
exchange_houses:x1_eeff_95:84bba762476a345f1cfd7e8a,2018-07-31,398046.303
exchange_houses:x1_eeff_95:84bba762476a345f1cfd7e8a,2019-07-31,489469.094
exchange_houses:x1_eeff_95:84bba762476a345f1cfd7e8a,2020-07-31,442681.241
exchange_houses:x1_eeff_95:84bba762476a345f1cfd7e8a,2021-07-31,698833.552
exchange_houses:x1_eeff_95:84bba762476a345f1cfd7e8a,2022-07-31,676370.633
exchange_houses:x1_eeff_95:84bba762476a345f1cfd7e8a,2023-07-31,823761.723
exchange_houses:x1_eeff_95:84bba762476a345f1cfd7e8a,2024-07-31,791655.935
exchange_houses:x1_eeff_95:84bba762476a345f1cfd7e8a,2025-07-31,710211.791
exchange_houses:x1_eeff_95:84bba762476a345f1cfd7e8a,2026-07-31,616737.409
exchange_houses:x1_eeff_96:5a4e2f197870cceb26b51396,2016-07-31,202219.124
exchange_houses:x1_eeff_96:5a4e2f197870cceb26b51396,2017-07-31,164057.2
exchange_houses:x1_eeff_96:5a4e2f197870cceb26b51396,2018-07-31,149511.629
exchange_houses:x1_eeff_96:5a4e2f197870cceb26b51396,2019-07-31,106608.606
exchange_houses:x1_eeff_96:5a4e2f197870cceb26b51396,2020-07-31,126333.029
exchange_houses:x1_eeff_96:5a4e2f197870cceb26b51396,2021-07-31,104165.804
exchange_houses:x1_eeff_96:5a4e2f197870cceb26b51396,2022-07-31,82053.062
exchange_houses:x1_eeff_96:5a4e2f197870cceb26b51396,2023-07-31,101527.339
exchange_houses:x1_eeff_96:5a4e2f197870cceb26b51396,2024-07-31,110744.762
exchange_houses:x1_eeff_96:5a4e2f197870cceb26b51396,2025-07-31,88718.59
exchange_houses:x1_eeff_96:5a4e2f197870cceb26b51396,2026-07-31,68096.98
exchange_houses:x1_eeff_97:3dbbc8548717f95c2153f558,2016-07-31,5564393.011
exchange_houses:x1_eeff_97:3dbbc8548717f95c2153f558,2017-07-31,6003539.058
exchange_houses:x1_eeff_97:3dbbc8548717f95c2153f558,2018-07-31,5692832.639
exchange_houses:x1_eeff_97:3dbbc8548717f95c2153f558,2019-07-31,5336250.463
exchange_houses:x1_eeff_97:3dbbc8548717f95c2153f558,2020-07-31,4668439.188
exchange_houses:x1_eeff_97:3dbbc8548717f95c2153f558,2021-07-31,4300034.818
exchange_houses:x1_eeff_97:3dbbc8548717f95c2153f558,2022-07-31,3112344.859
exchange_houses:x1_eeff_97:3dbbc8548717f95c2153f558,2023-07-31,2633392.684
exchange_houses:x1_eeff_97:3dbbc8548717f95c2153f558,2024-07-31,2266115.013
exchange_houses:x1_eeff_97:3dbbc8548717f95c2153f558,2025-07-31,2346630.185
exchange_houses:x1_eeff_97:3dbbc8548717f95c2153f558,2026-07-31,1950180.91
exchange_houses:x1_eeff_98:744c1b9bc18593eb606e5369,2016-07-31,175326.941
exchange_houses:x1_eeff_98:744c1b9bc18593eb606e5369,2017-07-31,27677.001
exchange_houses:x1_eeff_98:744c1b9bc18593eb606e5369,2018-07-31,6842.235
exchange_houses:x1_eeff_98:744c1b9bc18593eb606e5369,2019-07-31,51943.442
exchange_houses:x1_eeff_98:744c1b9bc18593eb606e5369,2020-07-31,28482.407
exchange_houses:x1_eeff_98:744c1b9bc18593eb606e5369,2021-07-31,11093.796
exchange_houses:x1_eeff_98:744c1b9bc18593eb606e5369,2022-07-31,9528.249
exchange_houses:x1_eeff_98:744c1b9bc18593eb606e5369,2023-07-31,122545.898
exchange_houses:x1_eeff_98:744c1b9bc18593eb606e5369,2024-07-31,52804.803
exchange_houses:x1_eeff_98:744c1b9bc18593eb606e5369,2025-07-31,44099.346
exchange_houses:x1_eeff_98:744c1b9bc18593eb606e5369,2026-07-31,47382.682
exchange_houses:x1_eeff_99:12ee1dd674224c57e97e268c,2016-07-31,6513645.876
exchange_houses:x1_eeff_99:12ee1dd674224c57e97e268c,2017-07-31,6597862.977
exchange_houses:x1_eeff_99:12ee1dd674224c57e97e268c,2018-07-31,6769752.499
exchange_houses:x1_eeff_99:12ee1dd674224c57e97e268c,2019-07-31,6917649.962
exchange_houses:x1_eeff_99:12ee1dd674224c57e97e268c,2020-07-31,6596692.69
exchange_houses:x1_eeff_99:12ee1dd674224c57e97e268c,2021-07-31,6473594.479
exchange_houses:x1_eeff_99:12ee1dd674224c57e97e268c,2022-07-31,6526439.407
exchange_houses:x1_eeff_99:12ee1dd674224c57e97e268c,2023-07-31,6241980.452
exchange_houses:x1_eeff_99:12ee1dd674224c57e97e268c,2024-07-31,5997892.39
exchange_houses:x1_eeff_99:12ee1dd674224c57e97e268c,2025-07-31,5901684.586
exchange_houses:x1_eeff_99:12ee1dd674224c57e97e268c,2026-07-31,5671994.894
exchange_houses:x1_eeff_9:3a2b392ae30525f3e3508959,2016-07-31,3513060.54627
exchange_houses:x1_eeff_9:3a2b392ae30525f3e3508959,2017-07-31,4867895.7341
exchange_houses:x1_eeff_9:3a2b392ae30525f3e3508959,2018-07-31,2810449.71941
exchange_houses:x1_eeff_9:3a2b392ae30525f3e3508959,2019-07-31,3400960.88026
exchange_houses:x1_eeff_9:3a2b392ae30525f3e3508959,2020-07-31,0.0
exchange_houses:x1_eeff_9:3a2b392ae30525f3e3508959,2021-07-31,239702.37075
exchange_houses:x1_eeff_9:3a2b392ae30525f3e3508959,2022-07-31,117653.87749
exchange_houses:x1_eeff_9:3a2b392ae30525f3e3508959,2023-07-31,231397.1373
exchange_houses:x1_eeff_9:3a2b392ae30525f3e3508959,2024-07-31,0.0
exchange_houses:x1_eeff_9:3a2b392ae30525f3e3508959,2025-07-31,0.0
exchange_houses:x1_eeff_9:3a2b392ae30525f3e3508959,2026-07-31,0.0
exchange_houses:x2_ratios:2047de906424e1d1a79e5a6a,2026-06-30,0.9814122350268579
exchange_houses:x2_ratios_100:54bc5cd481f23c219885b830,2026-06-30,0.04086112636422838
exchange_houses:x2_ratios_101:af5cbaf0b8d45d6ddea3b9f7,2026-06-30,0.010100232695014429
exchange_houses:x2_ratios_102:757f1365ed6704ae43277332,2026-06-30,0.020356029163827578
exchange_houses:x2_ratios_103:060a13698085df91eacf6c3c,2026-06-30,0.010861553575760394
exchange_houses:x2_ratios_104:31dce6b152482af69fe18101,2026-06-30,0.010333836009934915
exchange_houses:x2_ratios_105:42fa908a2d9b88ca80b73dde,2026-06-30,0.009288786488184457
exchange_houses:x2_ratios_106:be89a28f7e263083430d35dc,2026-06-30,0.035979224647247884
exchange_houses:x2_ratios_107:6548b037134468d2ec183ee6,2026-06-30,0.016260151575279224
exchange_houses:x2_ratios_108:1af35e8614a9e749d3c8e474,2026-06-30,0.004342273936319359
exchange_houses:x2_ratios_109:64593075e175577b8beb4d25,2026-06-30,0.021382453650639753
exchange_houses:x2_ratios_10:0a28ecac325db5f063909d5e,2026-06-30,0.991642306963229
exchange_houses:x2_ratios_110:f5d340e5d57417fc414efb03,2026-06-30,0.01501582232305394
exchange_houses:x2_ratios_111:7bfd458abfd8c55f02912a94,2026-06-30,0.07453976898605157
exchange_houses:x2_ratios_112:080dd034c95361849947e30e,2026-06-30,0.02274830451964901
exchange_houses:x2_ratios_113:f5782bf8580a4d3bdaa11ef1,2026-06-30,0.01769059414924953
exchange_houses:x2_ratios_114:4efbef06cde6f723e89f804a,2026-06-30,0.0131244170911648
exchange_houses:x2_ratios_115:8a1903e954438bd54c33805a,2026-06-30,0.04912577133992037
exchange_houses:x2_ratios_116:d2dff0c6f34686143fcc7299,2026-06-30,0.025092589379215373
exchange_houses:x2_ratios_117:5a235564187a5b131513806e,2026-06-30,0.022827194686415555
exchange_houses:x2_ratios_118:0cd02a57eeccb2f3ec54d658,2026-06-30,0.010906425575187895
exchange_houses:x2_ratios_119:032595fb942fd397a9488f6d,2026-06-30,0.09808897207985129
exchange_houses:x2_ratios_11:61ed88be3278ad4c2a586e8e,2026-06-30,0.7821582919305728
exchange_houses:x2_ratios_120:67a9dcc051331277d337e63c,2026-06-30,0.07040836553945663
exchange_houses:x2_ratios_121:46bd8fc99140ef56cfa83c7e,2026-06-30,-0.024761546132962917
exchange_houses:x2_ratios_122:0ddc3c1943c1e4477d2b0769,2026-06-30,0.24579235484610523
exchange_houses:x2_ratios_123:274d105b269c802887f74ac7,2026-06-30,-0.18382719285691554
exchange_houses:x2_ratios_124:d546fcddba6ffff74165fdaf,2026-06-30,0.11575412819540588
exchange_houses:x2_ratios_125:6dcb24dbcf4e32bda2c1850c,2026-06-30,0.015291967307005203
exchange_houses:x2_ratios_126:f050a3f7ef6589457696deaa,2026-06-30,-0.6051696436335006
exchange_houses:x2_ratios_127:a791b70ede28a15e19993de0,2026-06-30,0.0969571163351669
exchange_houses:x2_ratios_128:5f9743fea63063ca0b4fb6a7,2026-06-30,0.08769667950847748
exchange_houses:x2_ratios_129:aca8bcd44e253918d49de2c7,2026-06-30,0.040827694586014075
exchange_houses:x2_ratios_12:385c8148a8c3d763ac44426b,2026-06-30,0.9801207489487762
exchange_houses:x2_ratios_130:524995ab3672c185ec0f8b89,2026-06-30,0.11215702087795357
exchange_houses:x2_ratios_131:d0dc7133643e32723b78c9b8,2026-06-30,0.1646525576300694
exchange_houses:x2_ratios_132:c480eabb77f17d96d3115398,2026-06-30,0.23785816948001942
exchange_houses:x2_ratios_133:cc95fc9949c5ce902d6c2402,2026-06-30,0.30807832325381346
exchange_houses:x2_ratios_134:ca95e9d1caa3ef9d8b870562,2026-06-30,0.02626718941461777
exchange_houses:x2_ratios_135:3248149c0e48694b0b5d7c54,2026-06-30,0.1151861866475885
exchange_houses:x2_ratios_136:55e52ff5dc966b609880e2ec,2026-06-30,0.08848094200823195
exchange_houses:x2_ratios_137:16436a99d76300fe939b6a2a,2026-06-30,0.08678018016760795
exchange_houses:x2_ratios_138:1b904675d3fa6a10f96b67ee,2026-06-30,0.18294648112057627
exchange_houses:x2_ratios_139:02a4b521e9631543e5cb693b,2026-06-30,0.13054589311668138
exchange_houses:x2_ratios_13:efed2d63e335a90b70d3eea6,2026-06-30,0.9106165717512832
exchange_houses:x2_ratios_140:75314f9a719d65b2404d0ca9,2026-06-30,-0.08116719073595846
exchange_houses:x2_ratios_141:391a322f862a297b423e383c,2026-06-30,0.061446956493702944
exchange_houses:x2_ratios_142:c2039970e4bdabbe29826a08,2026-06-30,0.05737308386160524
exchange_houses:x2_ratios_143:d81f11417f608df0743f1fe0,2026-06-30,-0.07392293480694517
exchange_houses:x2_ratios_144:c5a72c60ea5d13209c1147c6,2026-06-30,0.07722173061920065
exchange_houses:x2_ratios_145:6d313e9841984abd3af97c51,2026-06-30,-0.02491620078960875
exchange_houses:x2_ratios_146:44555b81d75abfa48087b455,2026-06-30,0.30544806542592057
exchange_houses:x2_ratios_147:6b2d3f887c200cebf953a5a0,2026-06-30,-0.17137246171609835
exchange_houses:x2_ratios_148:bc05ed110e56db88b76e6209,2026-06-30,0.1334024394016559
exchange_houses:x2_ratios_149:fd1e8dc50fd70696e178b2ad,2026-06-30,0.01567791408326016
exchange_houses:x2_ratios_14:13c07513f2324f62622f8c59,2026-06-30,0.9931026145959443
exchange_houses:x2_ratios_150:74403429e5f8481a4f9bc36d,2026-06-30,-0.5099663850547446
exchange_houses:x2_ratios_151:70dc1b49c49c2a2148c8f779,2026-06-30,0.10370549320517156
exchange_houses:x2_ratios_152:ae77f5a72c0e8cbe4137496d,2026-06-30,0.09348476107027068
exchange_houses:x2_ratios_153:02325daf2425ef0d854a845f,2026-06-30,0.04215827169178582
exchange_houses:x2_ratios_154:dd8ec1bb218efedf1e3a7666,2026-06-30,0.11988174541878628
exchange_houses:x2_ratios_155:6ecb7fde9f74164099402ff1,2026-06-30,0.23527440091953356
exchange_houses:x2_ratios_156:d754dc130c19a0d3fa9e345d,2026-06-30,0.276196553410158
exchange_houses:x2_ratios_157:1243f62aa165f9e8e011e0c0,2026-06-30,0.4072000024467653
exchange_houses:x2_ratios_158:ca56c51086989c0bbcd81c85,2026-06-30,0.02680410184558977
exchange_houses:x2_ratios_159:6a5988a85e5aebc171a24c47,2026-06-30,0.1256034565057593
exchange_houses:x2_ratios_15:a67422590f9101947da53373,2026-06-30,0.9746553291254568
exchange_houses:x2_ratios_160:84d1523b51f03f03d95a1841,2026-06-30,0.09464415658496428
exchange_houses:x2_ratios_161:b97d81497ce81feb672f56b0,2026-06-30,0.09416253152370525
exchange_houses:x2_ratios_162:39ec3543262d8b0d413281d4,2026-06-30,0.2216221026375138
exchange_houses:x2_ratios_163:3a948758b014e659505b0f85,2026-06-30,0.1445950317801027
exchange_houses:x2_ratios_164:2911a745a8c69d7f9940707b,2026-06-30,-0.07864286800132772
exchange_houses:x2_ratios_165:9c145529009eeb3e96748b44,2026-06-30,0.06538392549392866
exchange_houses:x2_ratios_166:979ddc528c79d8d735d87335,2026-06-30,0.05956467702971513
exchange_houses:x2_ratios_167:8b971493b8353eb4d9ca7414,2026-06-30,-0.07185463123972957
exchange_houses:x2_ratios_168:1b767052ae68835b05668abe,2026-06-30,0.08453469082364733
exchange_houses:x2_ratios_169:33dfe3f22532169d4d877dd8,2026-06-30,0.5122524303282071
exchange_houses:x2_ratios_16:027d218ee3c23828dcb5e57a,2026-06-30,0.9791206073049824
exchange_houses:x2_ratios_170:9e2af650c0b45185b7cbe22f,2026-06-30,0.6161840570990467
exchange_houses:x2_ratios_171:d7e6551df08aca872d289ea0,2026-06-30,0.632096060941738
exchange_houses:x2_ratios_172:76c990d941e2a09aeeec93d2,2026-06-30,0.4828885537209707
exchange_houses:x2_ratios_173:3650d5b8a7b47ad304ed66fd,2026-06-30,0.5049860618929543
exchange_houses:x2_ratios_174:7b9c80acaebf16eda152c2db,2026-06-30,0.2725341232315136
exchange_houses:x2_ratios_175:8e31f1dde55d917f9ffff4c4,2026-06-30,0.6367288294037132
exchange_houses:x2_ratios_176:a0bcdac5b7e03ff8e34abe53,2026-06-30,0.55954141382102
exchange_houses:x2_ratios_177:e6811c66408abf631c6cce74,2026-06-30,0.5840221637978302
exchange_houses:x2_ratios_178:c367eba2ca457443b2f247c7,2026-06-30,0.4810444120568555
exchange_houses:x2_ratios_179:021274c21b0c0b1bb01734c7,2026-06-30,0.4890500959266582
exchange_houses:x2_ratios_17:8861fd32183f1ade345b2d88,2026-06-30,0.9649899957295138
exchange_houses:x2_ratios_180:f22828eb1a4e31c09c837040,2026-06-30,0.7376601188718893
exchange_houses:x2_ratios_181:b2a5bea0fed9dc09bbccfc37,2026-06-30,0.6597417152513676
exchange_houses:x2_ratios_182:c6e9e711c3ddd7d0fa38d36b,2026-06-30,0.46282298720476645
exchange_houses:x2_ratios_183:815c1339c5b88e9e07184824,2026-06-30,0.6248538701080073
exchange_houses:x2_ratios_184:d167bc8a88813fc8f29add10,2026-06-30,0.40926460117550345
exchange_houses:x2_ratios_185:1e5eadda9a0c8d96c73cce20,2026-06-30,0.6185437434855962
exchange_houses:x2_ratios_186:858c2ca4ccea2b9c2fb26f4d,2026-06-30,0.5777011246672873
exchange_houses:x2_ratios_187:05d5a49a5443c8792680c731,2026-06-30,0.5613334117140348
exchange_houses:x2_ratios_188:2ba1ba494cc1e729c4852749,2026-06-30,0.6878064418266663
exchange_houses:x2_ratios_189:97b9aa73eca0d98629cf9995,2026-06-30,0.6367061853030613
exchange_houses:x2_ratios_18:c8afd42832df82401fe81881,2026-06-30,0.9169616685796018
exchange_houses:x2_ratios_190:9bbf7021ad1342f49db408ca,2026-06-30,0.5622430822422653
exchange_houses:x2_ratios_191:bdf7dbbfc062472df00bfe76,2026-06-30,0.6458414184056599
exchange_houses:x2_ratios_192:a44ef2d858f308b2549c1d42,2026-06-30,0.5419203207964256
exchange_houses:x2_ratios_193:7fd78932b79485c8de47fe53,2026-06-30,0.567323393319231
exchange_houses:x2_ratios_194:e7cfcc7e2f1dc04ad62d0848,2026-06-30,0.2746870177039008
exchange_houses:x2_ratios_195:f1c9a980b66f48d058b780ea,2026-06-30,0.9592091842850421
exchange_houses:x2_ratios_196:d9c63b4a8f03f6057c9fd608,2026-06-30,0.42285369269688544
exchange_houses:x2_ratios_197:aaf571e4cfc9d45a718ffe6f,2026-06-30,0.4837975565345335
exchange_houses:x2_ratios_198:1a09c6bdda89a9bd01bdb4cb,2026-06-30,0.5517297246599875
exchange_houses:x2_ratios_199:af879ca0b4287c9cfeeaa078,2026-06-30,0.42715738789052626
exchange_houses:x2_ratios_19:646f47673bbcc48cbb7a5c05,2026-06-30,0.9681109729382029
exchange_houses:x2_ratios_200:06e29a6cf551e9a909b0d47e,2026-06-30,0.4349315753108112
exchange_houses:x2_ratios_201:91a521590030bf11a2a73539,2026-06-30,0.5156990896512089
exchange_houses:x2_ratios_202:bf2da82fa0159888bbcac9a0,2026-06-30,0.40222084521934887
exchange_houses:x2_ratios_203:ddcfd1569c3b5b46601dc017,2026-06-30,0.28096256672409947
exchange_houses:x2_ratios_204:c89c79ca98355b3b509656de,2026-06-30,0.5014414895816396
exchange_houses:x2_ratios_205:b380753e3c18341b614bd057,2026-06-30,0.4312935665124617
exchange_houses:x2_ratios_206:fb489f86ca815b61bbc72023,2026-06-30,0.398128280635336
exchange_houses:x2_ratios_207:72cddc9c4a985abfe9b9518b,2026-06-30,0.24004920746057865
exchange_houses:x2_ratios_208:43508012d2934c324d88e90d,2026-06-30,0.3469379186940793
exchange_houses:x2_ratios_209:165ee4d48764b33ca1610ba8,2026-06-30,0.5253706262984172
exchange_houses:x2_ratios_20:4c0ecccdeed222c963f31a7d,2026-06-30,0.9915149635832041
exchange_houses:x2_ratios_210:3466b78c08184fad59a6c0f8,2026-06-30,0.3953725339609878
exchange_houses:x2_ratios_211:b1122fd82224c7d76ed74ee2,2026-06-30,0.45495642225631133
exchange_houses:x2_ratios_212:f6624d1564ddcbe70e96a56c,2026-06-30,0.8903429158069148
exchange_houses:x2_ratios_213:8ef10509a3bf283c12939161,2026-06-30,0.5296235344551905
exchange_houses:x2_ratios_214:3ed8e9982fe2dc7aa1174f85,2026-06-30,0.4285109414830748
exchange_houses:x2_ratios_215:e4d5651b419abb2a7a786b2f,2026-06-30,1.0455632538800539
exchange_houses:x2_ratios_216:037e8559e0a65032e8a9b27a,2026-06-30,0.43686036400592126
exchange_houses:x2_ratios_217:d52b99ad17c06776632b6a0c,2026-06-30,1.1075074704003633
exchange_houses:x2_ratios_218:75a790c44d48b616f9a37823,2026-06-30,0.4457872847231863
exchange_houses:x2_ratios_219:5efe95a0ed394f499083cfb9,2026-06-30,1.5175053976067334
exchange_houses:x2_ratios_21:f9e82859b1487fe69ae2640a,2026-06-30,0.9705103758599155
exchange_houses:x2_ratios_220:de72a61a39ed66f79986c07e,2026-06-30,0.8756755351488918
exchange_houses:x2_ratios_221:f92a103f53c0bcac1adcd9a2,2026-06-30,0.9580414055805917
exchange_houses:x2_ratios_222:ce520bef9d09258ae34d5d90,2026-06-30,2.024442730759632
exchange_houses:x2_ratios_223:4b6fcae6afb5eb04cb76b14b,2026-06-30,0.6708623328561275
exchange_houses:x2_ratios_224:5eac1d79a0567d9f3916da06,2026-06-30,0.7773000613855052
exchange_houses:x2_ratios_225:3b65966b5209897128da55c5,2026-06-30,0.8830128745417398
exchange_houses:x2_ratios_226:91a4ea23abdbbfbe1a29ba2b,2026-06-30,0.8361407702451591
exchange_houses:x2_ratios_227:dd6f080f23f051f801657eaf,2026-06-30,0.5745067204040275
exchange_houses:x2_ratios_228:e0d9ab0d5c8771c31aa4f350,2026-06-30,0.6797730780789654
exchange_houses:x2_ratios_229:8076c9076d879e949f5cbb1f,2026-06-30,0.6537309321847792
exchange_houses:x2_ratios_22:24c1bd5cee0e10767ac84629,2026-06-30,0.9918930381732557
exchange_houses:x2_ratios_230:bce6a9ef7a9a9c6f62f68c90,2026-06-30,0.8602171708018305
exchange_houses:x2_ratios_231:a3fc140c588bf48297532a89,2026-06-30,0.3841685535517058
exchange_houses:x2_ratios_232:68541aca845b39d5c8edfaf2,2026-06-30,0.8477105464230051
exchange_houses:x2_ratios_233:675ff04bea714d36e1e5a370,2026-06-30,0.849366971748622
exchange_houses:x2_ratios_234:9f077e3c10320560bc00ba6a,2026-06-30,0.6843894136240306
exchange_houses:x2_ratios_235:d07295961e063b9143d83ba2,2026-06-30,0.8104923255273533
exchange_houses:x2_ratios_236:09e3167eab93a9454aca559d,2026-06-30,1.2944672536685686
exchange_houses:x2_ratios_237:63dc08286931611b79d1aba1,2026-06-30,0.8318177939532638
exchange_houses:x2_ratios_238:cbb33eac3ca4429371c692a4,2026-06-30,0.7621453336057826
exchange_houses:x2_ratios_239:6aae2f80e25b52a5343fe45b,2026-06-30,1.6189163842436074
exchange_houses:x2_ratios_23:13abf252e2af1510f8d41139,2026-06-30,0.9918230873500701
exchange_houses:x2_ratios_240:f613e20260c54ecb65e2cd22,2026-06-30,0.8061339411740376
exchange_houses:x2_ratios_24:1c6568d356346b3d438605af,2026-06-30,0.9521024729183315
exchange_houses:x2_ratios_25:e3e3f99e4c478245f2edf053,2026-06-30,1.0189398137803258
exchange_houses:x2_ratios_26:a058f472539ae8fa6004046f,2026-06-30,1.0780618079306423
exchange_houses:x2_ratios_27:3aa39ed58166ea2bbee145b5,2026-06-30,1.019614539673566
exchange_houses:x2_ratios_28:bac2ad7ee3d832a888619e50,2026-06-30,1.0803997899478992
exchange_houses:x2_ratios_29:51d41a04d787c8092fb3ba5b,2026-06-30,1.0172642393680267
exchange_houses:x2_ratios_2:3458e77682320bc4b174284d,2026-06-30,0.9275906006906197
exchange_houses:x2_ratios_30:986b207574b1e52dd7cca19e,2026-06-30,1.131093078140832
exchange_houses:x2_ratios_31:09b1ac866100fa5496b34517,2026-06-30,1.0168739587297737
exchange_houses:x2_ratios_32:2c2c72562a3ddbe80c13384d,2026-06-30,1.0183987657912654
exchange_houses:x2_ratios_33:049b275be37337fa55316060,2026-06-30,1.0112732950301457
exchange_houses:x2_ratios_34:d674656d372ad8e6edeca22b,2026-06-30,1.0084281327834481
exchange_houses:x2_ratios_35:c8ff15c0f1fe09af73eda1ab,2026-06-30,1.2785135826301048
exchange_houses:x2_ratios_36:b3e1a56798a4e71ee83f683b,2026-06-30,1.0202824509863149
exchange_houses:x2_ratios_37:52f317313f3ac260bde719f2,2026-06-30,1.0981570410879038
exchange_houses:x2_ratios_38:df3ed905894e1c1361c1a190,2026-06-30,1.006945289744164
exchange_houses:x2_ratios_39:26d6a122e33e7f5d6bc13988,2026-06-30,1.0260037267710673
exchange_houses:x2_ratios_3:bc9d894df0b5bc8db8704e1d,2026-06-30,0.9807627893577845
exchange_houses:x2_ratios_40:b9221c481094b2f41c991a1f,2026-06-30,1.0213246381898629
exchange_houses:x2_ratios_41:5b37c7aa74919f0bfe619088,2026-06-30,1.0362801732923865
exchange_houses:x2_ratios_42:fada999e59fb665449eb28b3,2026-06-30,1.09055812719961
exchange_houses:x2_ratios_43:0aeb6e9c81cb98bf302d4c2b,2026-06-30,1.0329394335496624
exchange_houses:x2_ratios_44:3067d2396fe2a9f233f3b0d6,2026-06-30,1.008557648374899
exchange_houses:x2_ratios_45:e2b8dfb57091c194796d6ee6,2026-06-30,1.0303856866176782
exchange_houses:x2_ratios_46:657a3cb5c5037ee7c1888598,2026-06-30,1.0081732218240735
exchange_houses:x2_ratios_47:bd8e5307265d2678fbe4cd05,2026-06-30,1.0082443257817044
exchange_houses:x2_ratios_48:a40e8522d8247b7300ea2824,2026-06-30,1.0503071134085553
exchange_houses:x2_ratios_49:e55b68ae2771b11ee20c2db7,2026-06-30,0.6652804390817204
exchange_houses:x2_ratios_4:a36562c1d77bada83df42676,2026-06-30,0.9255832973164717
exchange_houses:x2_ratios_50:5d385fcc47137e1c77444db5,2026-06-30,0.9637012250168216
exchange_houses:x2_ratios_51:3712716e8cb1175813788e46,2026-06-30,0.9787104840027016
exchange_houses:x2_ratios_52:9b6a42e314c31ed1f98bb547,2026-06-30,0.8932318104106465
exchange_houses:x2_ratios_53:00335caa8f43110a0f54d68b,2026-06-30,0.9849174128641407
exchange_houses:x2_ratios_54:b35bb63ae46add123f1edef7,2026-06-30,0.7054894744595358
exchange_houses:x2_ratios_55:9dcfb8bb6858e5886a0f7918,2026-06-30,0.9732154047178603
exchange_houses:x2_ratios_56:fd79d3964e0236fa3480241b,2026-06-30,0.981667565924939
exchange_houses:x2_ratios_57:0743b9127fa3c31ac29de460,2026-06-30,0.9478805302498851
exchange_houses:x2_ratios_58:eb9535b394c5f0d6084ccfea,2026-06-30,0.8488741057296468
exchange_houses:x2_ratios_59:13e6e031e77eafcb7ed56898,2026-06-30,0.9477787870845679
exchange_houses:x2_ratios_5:8a8a8c6f3f257547cae854f5,2026-06-30,0.9830287562465068
exchange_houses:x2_ratios_60:e6bdbf16a5ee2ebf17485bbd,2026-06-30,0.9942846946081056
exchange_houses:x2_ratios_61:77fc4614d384bbc364fe9f61,2026-06-30,0.8939144702233952
exchange_houses:x2_ratios_62:c83e8fd4d290de69321e2380,2026-06-30,0.9837192299683372
exchange_houses:x2_ratios_63:5c9f66fb9cdf5d708b84e8fa,2026-06-30,0.6327496987584494
exchange_houses:x2_ratios_64:f17b075d519cdd24b05a2143,2026-06-30,0.9481531639740025
exchange_houses:x2_ratios_65:47d06c1ce56bec628c51fc92,2026-06-30,0.9607065129915795
exchange_houses:x2_ratios_66:7142eb156a4f6fffd713f091,2026-06-30,0.9692180319468527
exchange_houses:x2_ratios_67:94afba07500a7646fd6b38c8,2026-06-30,0.9359115863439423
exchange_houses:x2_ratios_68:88f8a172f8db1faba39a474e,2026-06-30,0.9546942259616543
exchange_houses:x2_ratios_69:aa73cca9df513bb6b6d650f7,2026-06-30,0.9582968395472373
exchange_houses:x2_ratios_6:cba37cb23cde29cc0bce5428,2026-06-30,0.8841005389615605
exchange_houses:x2_ratios_70:f648c70a7b65cd13b852a1f1,2026-06-30,0.9835912979511596
exchange_houses:x2_ratios_71:c8aca71ab1534b606560fc40,2026-06-30,0.8318099789616414
exchange_houses:x2_ratios_72:a0d43ddc963320f91ac4533d,2026-06-30,0.83470549286658
exchange_houses:x2_ratios_73:d953261b99724592912f684f,2026-06-30,0.015403366307387572
exchange_houses:x2_ratios_74:a1a517f03ef1b1b79f936331,2026-06-30,0.019866445177418705
exchange_houses:x2_ratios_75:a45892b89f2a714eaa6694c0,2026-06-30,0.008797712703870721
exchange_houses:x2_ratios_76:bdbae0737574a45da608e395,2026-06-30,0.06110610859391128
exchange_houses:x2_ratios_77:332e550b7f0cb9d73479e4fc,2026-06-30,0.0044968939481684605
exchange_houses:x2_ratios_78:5abc950364d0a56d99cfc498,2026-06-30,0.27415449637663675
exchange_houses:x2_ratios_79:4c4ed279eb411d7aa7c016ef,2026-06-30,0.015720612102013996
exchange_houses:x2_ratios_7:baa9cc3eac4b01ba6ef44229,2026-06-30,0.9834060469491698
exchange_houses:x2_ratios_80:992944e53a444bfe04dfb9f5,2026-06-30,0.007831679140347795
exchange_houses:x2_ratios_81:02d3b0ae7a33ac1d5632342f,2026-06-30,0.042830683261930555
exchange_houses:x2_ratios_82:30c42d6263c4eb47ec8040b1,2026-06-30,0.10991468471502482
exchange_houses:x2_ratios_83:bb5cae003d2b24066456d432,2026-06-30,0.03596106134015297
exchange_houses:x2_ratios_84:bb86addc282f780d0874c320,2026-06-30,0.0013730314555751198
exchange_houses:x2_ratios_85:4a3de750098ef5f428754f18,2026-06-30,0.043606233423557586
exchange_houses:x2_ratios_86:56d4c5aa07fc5f84917677b3,2026-06-30,0.0012649477086089046
exchange_houses:x2_ratios_87:5a9b3cc0d25331d63381eae6,2026-06-30,0.010205081159589865
exchange_houses:x2_ratios_88:c4eaa61737b1b17350f8c372,2026-06-30,0.029098531506348425
exchange_houses:x2_ratios_89:07d02752602f9c59647dfe8b,2026-06-30,0.02160289285917098
exchange_houses:x2_ratios_8:f28ec778c988b7744ee5d510,2026-06-30,0.9819336330627129
exchange_houses:x2_ratios_90:35be077abcd9d02d03be6d14,2026-06-30,0.017657550961982606
exchange_houses:x2_ratios_91:03cc10167cf872297a1740e3,2026-06-30,0.014962642316137307
exchange_houses:x2_ratios_92:5a17f6195e9bc8b2eeeb7eff,2026-06-30,0.018231582294724682
exchange_houses:x2_ratios_93:8bcdc55303f68938d0327ce6,2026-06-30,0.018875965766347178
exchange_houses:x2_ratios_94:e39be6adbd9ca84201e59eea,2026-06-30,0.005502276473652405
exchange_houses:x2_ratios_95:b8aa65408658501413aff5a6,2026-06-30,0.06695703568907671
exchange_houses:x2_ratios_96:0faa64b864278658d2f465f9,2026-06-30,0.03608522395324635
exchange_houses:x2_ratios_97:da259f11c21deb703f8f0f80,2026-06-30,0.3188998048007725
exchange_houses:x2_ratios_98:fa09f5a7086d0039cdf74b50,2026-06-30,0.010424946665607872
exchange_houses:x2_ratios_99:fb25cce5ae9bd7126aa8587c,2026-06-30,0.012448357253704445
exchange_houses:x2_ratios_9:ac2876d26612e011b6264fe3,2026-06-30,0.9888523754305114
exchange_houses:x3_dep_y_person:82462c122efddcf1019d6b05,2026-06-30,9.0
exchange_houses:x3_dep_y_person_10:84743f51fd6e7ebd2f7d0c23,2026-06-30,5.0
exchange_houses:x3_dep_y_person_11:aba9c16aa07fcfd760429de4,2026-06-30,12.0
exchange_houses:x3_dep_y_person_12:069fe2c6db13e51630c7101e,2026-06-30,23.0
exchange_houses:x3_dep_y_person_13:8c36887b0ea1a79b3b729f98,2026-06-30,3.0
exchange_houses:x3_dep_y_person_14:26789cbcdb41125f7c81a96f,2026-06-30,5.0
exchange_houses:x3_dep_y_person_15:a95eea4a5b60128e2f655c66,2026-06-30,9.0
exchange_houses:x3_dep_y_person_16:15e6a55cd9baf2bc1f8f845c,2026-06-30,9.0
exchange_houses:x3_dep_y_person_17:50a94dd8c79a036b5e53c890,2026-06-30,10.0
exchange_houses:x3_dep_y_person_18:5e58c6c024a082e87775123f,2026-06-30,4.0
exchange_houses:x3_dep_y_person_19:e5592bea23c4bce3e9855935,2026-06-30,8.0
exchange_houses:x3_dep_y_person_20:ff98c120aa2f15455526df09,2026-06-30,16.0
exchange_houses:x3_dep_y_person_21:7b64686fefd18d5be5e4e4d1,2026-06-30,2.0
exchange_houses:x3_dep_y_person_22:fcc517fa65ff98ade3f2d865,2026-06-30,6.0
exchange_houses:x3_dep_y_person_23:cb998ab4598b227d53915ee4,2026-06-30,8.0
exchange_houses:x3_dep_y_person_24:d6f10de81b0698785822dbad,2026-06-30,183.0
exchange_houses:x3_dep_y_person_25:818e0a920ab768f8d0c42713,2026-06-30,63.0
exchange_houses:x3_dep_y_person_26:c9c40e59eb655a8b509549a5,2026-06-30,38.0
exchange_houses:x3_dep_y_person_27:75684fca4e802ed2274804d4,2026-06-30,30.0
exchange_houses:x3_dep_y_person_28:b71c11185f65efb329a98b26,2026-06-30,136.0
exchange_houses:x3_dep_y_person_29:d59b145cdac405ffe3bf5315,2026-06-30,4.0
exchange_houses:x3_dep_y_person_2:806dcbeb0c52d631850a79e6,2026-06-30,4.0
exchange_houses:x3_dep_y_person_30:bddc6cfb048d88a59f2b9b5d,2026-06-30,77.0
exchange_houses:x3_dep_y_person_31:3867bf31b9052af2ddedbc9f,2026-06-30,13.0
exchange_houses:x3_dep_y_person_32:70af0edd8368295306046e69,2026-06-30,14.0
exchange_houses:x3_dep_y_person_33:bde144a94a035b44ed6b2b1b,2026-06-30,36.0
exchange_houses:x3_dep_y_person_34:358468de3efbdc03d9651506,2026-06-30,31.0
exchange_houses:x3_dep_y_person_35:0f39a53548a440563e169f24,2026-06-30,52.0
exchange_houses:x3_dep_y_person_36:3b038dd37882ad309988847b,2026-06-30,104.0
exchange_houses:x3_dep_y_person_37:96bc359edf576384c90b7df3,2026-06-30,15.0
exchange_houses:x3_dep_y_person_38:75aebd4ab994ac42f32f56b3,2026-06-30,29.0
exchange_houses:x3_dep_y_person_39:2ae87364a0b0e42c1d3af225,2026-06-30,70.0
exchange_houses:x3_dep_y_person_3:987d9965b2f2c54772a3ac81,2026-06-30,8.0
exchange_houses:x3_dep_y_person_40:9d524bf3530d6e867ceac090,2026-06-30,33.0
exchange_houses:x3_dep_y_person_41:753be9e16cd66bd1a35bf873,2026-06-30,51.0
exchange_houses:x3_dep_y_person_42:a6b5b61b07f9a6b93d617550,2026-06-30,20.0
exchange_houses:x3_dep_y_person_43:8d312c57850c17ee5dfc5fed,2026-06-30,48.0
exchange_houses:x3_dep_y_person_44:0f09a5aceb95ab6a8d561061,2026-06-30,42.0
exchange_houses:x3_dep_y_person_45:5b853ff730635e83b83652b0,2026-06-30,7.0
exchange_houses:x3_dep_y_person_46:3f74d61ebfe5b07638623f7e,2026-06-30,37.0
exchange_houses:x3_dep_y_person_47:5e8c1dc75c1ac4ee7d997ac2,2026-06-30,58.0
exchange_houses:x3_dep_y_person_48:8719130c736ba47270d8e6ba,2026-06-30,1008.0
exchange_houses:x3_dep_y_person_49:0c1303bd8a6291ac2dda3ef5,2026-06-30,5.0
exchange_houses:x3_dep_y_person_4:ec7889df41dfdf551c31d58f,2026-06-30,22.0
exchange_houses:x3_dep_y_person_50:9b8f2aad7ebae8760f49be56,2026-06-30,3.0
exchange_houses:x3_dep_y_person_51:7d70cbb2ba0e8821e7e37718,2026-06-30,4.0
exchange_houses:x3_dep_y_person_52:660d9cca6a8d527b2af55eaa,2026-06-30,8.0
exchange_houses:x3_dep_y_person_53:c17c5bcec4ff6c1da0dc678f,2026-06-30,4.0
exchange_houses:x3_dep_y_person_54:13c1e82d89a6b3ff573eee7f,2026-06-30,3.0
exchange_houses:x3_dep_y_person_55:e0c2d8015d375a2fcd86d165,2026-06-30,3.0
exchange_houses:x3_dep_y_person_56:e5356a9b3e2ef3a7347080cd,2026-06-30,3.0
exchange_houses:x3_dep_y_person_57:d43630abe9ba85c66ff55da5,2026-06-30,3.0
exchange_houses:x3_dep_y_person_58:1752fdc6df97a7837948dbbb,2026-06-30,6.0
exchange_houses:x3_dep_y_person_59:f53dc420cd5f7dce831ace1d,2026-06-30,4.0
exchange_houses:x3_dep_y_person_5:d8afa36eef9f1325e11dafaf,2026-06-30,3.0
exchange_houses:x3_dep_y_person_60:381d7218d53bff942cea412a,2026-06-30,3.0
exchange_houses:x3_dep_y_person_61:1dcf95209277ba03259414f2,2026-06-30,3.0
exchange_houses:x3_dep_y_person_62:66eda23aefa8f23cbc7e03e3,2026-06-30,4.0
exchange_houses:x3_dep_y_person_63:d55a6adf90d3fec368c5a6bc,2026-06-30,3.0
exchange_houses:x3_dep_y_person_64:44da75bdb83af7b0ce7660bb,2026-06-30,3.0
exchange_houses:x3_dep_y_person_65:c02cce942e5b92d67c6928a2,2026-06-30,3.0
exchange_houses:x3_dep_y_person_66:49fd4b25ac040bc49aefcc43,2026-06-30,3.0
exchange_houses:x3_dep_y_person_67:d6da98d3088c061a003880ed,2026-06-30,3.0
exchange_houses:x3_dep_y_person_68:8ca1c7bd771240c657d4a36d,2026-06-30,3.0
exchange_houses:x3_dep_y_person_69:66432356e200a9e030220634,2026-06-30,3.0
exchange_houses:x3_dep_y_person_6:10f26ea880ef28d84e3dcc7e,2026-06-30,4.0
exchange_houses:x3_dep_y_person_70:9e9785f88960f7a213f3cdfb,2026-06-30,3.0
exchange_houses:x3_dep_y_person_71:ac6ccb63555ce91928872c7b,2026-06-30,4.0
exchange_houses:x3_dep_y_person_72:3055d594938ea3756db943e9,2026-06-30,84.0
exchange_houses:x3_dep_y_person_73:fa30ebeb713c241fa07f0141,2026-06-30,12.0
exchange_houses:x3_dep_y_person_74:35da96c76ae27f5d29c25e1d,2026-06-30,12.0
exchange_houses:x3_dep_y_person_75:a52b2f4946170eb347a35cc4,2026-06-30,11.0
exchange_houses:x3_dep_y_person_76:8d466c297ada0f0a95f783fc,2026-06-30,24.0
exchange_houses:x3_dep_y_person_77:f2b318263c14e4eae08bc684,2026-06-30,6.0
exchange_houses:x3_dep_y_person_78:f9efdf810889c2dae445cbaa,2026-06-30,11.0
exchange_houses:x3_dep_y_person_79:5aec865566c03bf5d4f000d0,2026-06-30,10.0
exchange_houses:x3_dep_y_person_7:495ead5d0820e56a25a9dea8,2026-06-30,4.0
exchange_houses:x3_dep_y_person_80:05d2f792095d19ed15a20c1b,2026-06-30,9.0
exchange_houses:x3_dep_y_person_81:a32119c4e26eaf1bb8fadc49,2026-06-30,7.0
exchange_houses:x3_dep_y_person_82:ad4ec2a4f0c3c9121401474d,2026-06-30,8.0
exchange_houses:x3_dep_y_person_83:2df6da65e58ae4b30d58496f,2026-06-30,5.0
exchange_houses:x3_dep_y_person_84:0f86bdcc69de5adeb6a06989,2026-06-30,19.0
exchange_houses:x3_dep_y_person_85:6456b86bec5ef450385fd3d2,2026-06-30,8.0
exchange_houses:x3_dep_y_person_86:10f05caafe9fde1b40a31ba8,2026-06-30,7.0
exchange_houses:x3_dep_y_person_87:0ac19b0d9397063477d6ebc1,2026-06-30,13.0
exchange_houses:x3_dep_y_person_88:61a957a03e0caa4f333b92f7,2026-06-30,6.0
exchange_houses:x3_dep_y_person_89:a4e96513667c9ecac3e7ff30,2026-06-30,14.0
exchange_houses:x3_dep_y_person_8:372038759c3d6cf393fe94ed,2026-06-30,4.0
exchange_houses:x3_dep_y_person_90:d14fe1f4a8699f70dfbaa4f3,2026-06-30,9.0
exchange_houses:x3_dep_y_person_91:c111657995747019d29c1e5e,2026-06-30,13.0
exchange_houses:x3_dep_y_person_92:e60f9c010ccadd065ea85fe0,2026-06-30,22.0
exchange_houses:x3_dep_y_person_93:f218a559f9383f499b6f9449,2026-06-30,5.0
exchange_houses:x3_dep_y_person_94:9d7d1b6ee66b53efe9f2354a,2026-06-30,7.0
exchange_houses:x3_dep_y_person_95:44187d63a1c4fee95c0a45d7,2026-06-30,13.0
exchange_houses:x3_dep_y_person_96:839f7bfee6d535349f5cb9ff,2026-06-30,251.0
exchange_houses:x3_dep_y_person_9:8a291f1d24589399053d968b,2026-06-30,5.0
