series_id,period,value
fx_operations:financial_sector:net:annual,1990-12-31,154.8
fx_operations:financial_sector:net:annual,1991-12-31,276.7
fx_operations:financial_sector:net:annual,1992-12-31,-2.4000000000000057
fx_operations:financial_sector:net:annual,1993-12-31,49.39999999999998
fx_operations:financial_sector:net:annual,1994-12-31,192.95999999999998
fx_operations:financial_sector:net:annual,1995-12-31,-21
fx_operations:financial_sector:net:annual,1996-12-31,-236.84000000000003
fx_operations:financial_sector:net:annual,1997-12-31,-480.152
fx_operations:financial_sector:net:annual,1998-12-31,-282.505
fx_operations:financial_sector:net:annual,1999-12-31,-521.50842
fx_operations:financial_sector:net:annual,2000-12-31,-459.3999999999999
fx_operations:financial_sector:net:annual,2001-12-31,-233.95000000000005
fx_operations:financial_sector:net:annual,2002-12-31,-182.17899999999997
fx_operations:financial_sector:net:annual,2003-12-31,72.88759999999999
fx_operations:financial_sector:net:annual,2004-12-31,16.985210809999998
fx_operations:financial_sector:net:annual,2005-12-31,-32.88409999999999
fx_operations:financial_sector:net:annual,2006-12-31,3.675099999999997
fx_operations:financial_sector:net:annual,2007-12-31,186.25000000000003
fx_operations:financial_sector:net:annual,2008-12-31,-12.795452409999996
fx_operations:financial_sector:net:annual,2009-12-31,289.09397864000005
fx_operations:financial_sector:net:annual,2010-12-31,-221.805
fx_operations:financial_sector:net:annual,2011-12-31,106.69400000000003
fx_operations:financial_sector:net:annual,2012-12-31,-696.965
fx_operations:financial_sector:net:annual,2013-12-31,-394.47
fx_operations:financial_sector:net:annual,2014-12-31,-578.19
fx_operations:financial_sector:net:annual,2015-12-31,-1540.7350000000001
fx_operations:financial_sector:net:annual,2016-12-31,-429.367
fx_operations:financial_sector:net:annual,2017-12-31,-272.77
fx_operations:financial_sector:net:annual,2018-12-31,-1272.74
fx_operations:financial_sector:net:annual,2019-12-31,-1295.24
fx_operations:financial_sector:net:annual,2020-12-31,-1770.2649999999999
fx_operations:financial_sector:net:annual,2021-12-31,-1502.3
fx_operations:financial_sector:net:annual,2022-12-31,-863.7
fx_operations:financial_sector:net:annual,2023-12-31,-833
fx_operations:financial_sector:net:annual,2024-12-31,-1548.8000000000002
fx_operations:financial_sector:net:annual,2025-12-31,-694.5
fx_operations:financial_sector:net:annual,2026-12-31,0
fx_operations:financial_sector:net:monthly,1995-01-31,-40.8
fx_operations:financial_sector:net:monthly,1995-02-28,-3
fx_operations:financial_sector:net:monthly,1995-03-31,27.299999999999997
fx_operations:financial_sector:net:monthly,1995-04-30,78.7
fx_operations:financial_sector:net:monthly,1995-05-31,43.6
fx_operations:financial_sector:net:monthly,1995-06-30,-32.5
fx_operations:financial_sector:net:monthly,1995-07-31,-12.700000000000003
fx_operations:financial_sector:net:monthly,1995-08-31,-7
fx_operations:financial_sector:net:monthly,1995-09-30,4.6000000000000005
fx_operations:financial_sector:net:monthly,1995-10-31,-22.4
fx_operations:financial_sector:net:monthly,1995-11-30,-24.099999999999998
fx_operations:financial_sector:net:monthly,1995-12-31,-32.7
fx_operations:financial_sector:net:monthly,1996-01-31,-74.8
fx_operations:financial_sector:net:monthly,1996-02-29,-49.1
fx_operations:financial_sector:net:monthly,1996-03-31,-14.699999999999996
fx_operations:financial_sector:net:monthly,1996-04-30,102
fx_operations:financial_sector:net:monthly,1996-05-31,34.599999999999994
fx_operations:financial_sector:net:monthly,1996-06-30,-9.779999999999998
fx_operations:financial_sector:net:monthly,1996-07-31,0.5
fx_operations:financial_sector:net:monthly,1996-08-31,-49.900000000000006
fx_operations:financial_sector:net:monthly,1996-09-30,-45.86
fx_operations:financial_sector:net:monthly,1996-10-31,-31.599999999999998
fx_operations:financial_sector:net:monthly,1996-11-30,-56.2
fx_operations:financial_sector:net:monthly,1996-12-31,-42
fx_operations:financial_sector:net:monthly,1997-01-31,-129.2
fx_operations:financial_sector:net:monthly,1997-02-28,-62.3
fx_operations:financial_sector:net:monthly,1997-03-31,21.3
fx_operations:financial_sector:net:monthly,1997-04-30,55.4
fx_operations:financial_sector:net:monthly,1997-05-31,10
fx_operations:financial_sector:net:monthly,1997-06-30,-69.55000000000001
fx_operations:financial_sector:net:monthly,1997-07-31,-52
fx_operations:financial_sector:net:monthly,1997-08-31,-36.599999999999994
fx_operations:financial_sector:net:monthly,1997-09-30,-46.602000000000004
fx_operations:financial_sector:net:monthly,1997-10-31,-79.3
fx_operations:financial_sector:net:monthly,1997-11-30,-81.6
fx_operations:financial_sector:net:monthly,1997-12-31,-9.7
fx_operations:financial_sector:net:monthly,1998-01-31,-106.87
fx_operations:financial_sector:net:monthly,1998-02-28,-24.950000000000003
fx_operations:financial_sector:net:monthly,1998-03-31,-40.11
fx_operations:financial_sector:net:monthly,1998-04-30,-6.66
fx_operations:financial_sector:net:monthly,1998-05-31,15.05
fx_operations:financial_sector:net:monthly,1998-06-30,-15.5
fx_operations:financial_sector:net:monthly,1998-07-31,-33.64
fx_operations:financial_sector:net:monthly,1998-08-31,-59.1
fx_operations:financial_sector:net:monthly,1998-09-30,-25.2
fx_operations:financial_sector:net:monthly,1998-10-31,-6.66
fx_operations:financial_sector:net:monthly,1998-11-30,-4.065
fx_operations:financial_sector:net:monthly,1998-12-31,25.200000000000003
fx_operations:financial_sector:net:monthly,1999-01-31,-102.87
fx_operations:financial_sector:net:monthly,1999-02-28,-87.6
fx_operations:financial_sector:net:monthly,1999-03-31,-33.25
fx_operations:financial_sector:net:monthly,1999-04-30,32.55
fx_operations:financial_sector:net:monthly,1999-05-31,-25.55
fx_operations:financial_sector:net:monthly,1999-06-30,-42.30342
fx_operations:financial_sector:net:monthly,1999-07-31,-36.3
fx_operations:financial_sector:net:monthly,1999-08-31,-34.2
fx_operations:financial_sector:net:monthly,1999-09-30,-26.715
fx_operations:financial_sector:net:monthly,1999-10-31,-45.45
fx_operations:financial_sector:net:monthly,1999-11-30,-62.55
fx_operations:financial_sector:net:monthly,1999-12-31,-57.269999999999996
fx_operations:financial_sector:net:monthly,2000-01-31,-126.69999999999999
fx_operations:financial_sector:net:monthly,2000-02-29,-56.95
fx_operations:financial_sector:net:monthly,2000-03-31,1.049999999999999
fx_operations:financial_sector:net:monthly,2000-04-30,50
fx_operations:financial_sector:net:monthly,2000-05-31,-23.1
fx_operations:financial_sector:net:monthly,2000-06-30,-61.5
fx_operations:financial_sector:net:monthly,2000-07-31,-48.4
fx_operations:financial_sector:net:monthly,2000-08-31,-91.05
fx_operations:financial_sector:net:monthly,2000-09-30,-19.7
fx_operations:financial_sector:net:monthly,2000-10-31,-30.900000000000002
fx_operations:financial_sector:net:monthly,2000-11-30,-40.2
fx_operations:financial_sector:net:monthly,2000-12-31,-11.95
fx_operations:financial_sector:net:monthly,2001-01-31,-94.4
fx_operations:financial_sector:net:monthly,2001-02-28,-36.9
fx_operations:financial_sector:net:monthly,2001-03-31,-32.55
fx_operations:financial_sector:net:monthly,2001-04-30,40.65
fx_operations:financial_sector:net:monthly,2001-05-31,-0.19999999999999973
fx_operations:financial_sector:net:monthly,2001-06-30,-24.25
fx_operations:financial_sector:net:monthly,2001-07-31,-18.15
fx_operations:financial_sector:net:monthly,2001-08-31,8.7
fx_operations:financial_sector:net:monthly,2001-09-30,-15.989999999999998
fx_operations:financial_sector:net:monthly,2001-10-31,-34.31
fx_operations:financial_sector:net:monthly,2001-11-30,-27.650000000000002
fx_operations:financial_sector:net:monthly,2001-12-31,1.1000000000000014
fx_operations:financial_sector:net:monthly,2002-01-31,-96.07
fx_operations:financial_sector:net:monthly,2002-02-28,-31.33
fx_operations:financial_sector:net:monthly,2002-03-31,6.3
fx_operations:financial_sector:net:monthly,2002-04-30,31.5
fx_operations:financial_sector:net:monthly,2002-05-31,-13.5
fx_operations:financial_sector:net:monthly,2002-06-30,-32.5
fx_operations:financial_sector:net:monthly,2002-07-31,-24.15
fx_operations:financial_sector:net:monthly,2002-08-31,-2.4000000000000004
fx_operations:financial_sector:net:monthly,2002-09-30,3.76
fx_operations:financial_sector:net:monthly,2002-10-31,-0.08
fx_operations:financial_sector:net:monthly,2002-11-30,-15.959
fx_operations:financial_sector:net:monthly,2002-12-31,-7.75
fx_operations:financial_sector:net:monthly,2003-01-31,-20.9
fx_operations:financial_sector:net:monthly,2003-02-28,6.6000000000000005
fx_operations:financial_sector:net:monthly,2003-03-31,41.11
fx_operations:financial_sector:net:monthly,2003-04-30,31
fx_operations:financial_sector:net:monthly,2003-05-31,-0.6000000000000001
fx_operations:financial_sector:net:monthly,2003-06-30,-0.124
fx_operations:financial_sector:net:monthly,2003-07-31,0
fx_operations:financial_sector:net:monthly,2003-08-31,-0.045
fx_operations:financial_sector:net:monthly,2003-09-30,-2.0197
fx_operations:financial_sector:net:monthly,2003-10-31,0.9894000000000001
fx_operations:financial_sector:net:monthly,2003-11-30,2.3
fx_operations:financial_sector:net:monthly,2003-12-31,14.576899999999998
fx_operations:financial_sector:net:monthly,2004-01-31,-16.8747
fx_operations:financial_sector:net:monthly,2004-02-29,4.0549
fx_operations:financial_sector:net:monthly,2004-03-31,42.4105
fx_operations:financial_sector:net:monthly,2004-04-30,27.714599999999997
fx_operations:financial_sector:net:monthly,2004-05-31,22.7037
fx_operations:financial_sector:net:monthly,2004-06-30,9.216
fx_operations:financial_sector:net:monthly,2004-07-31,12.274310810000001
fx_operations:financial_sector:net:monthly,2004-08-31,10.5
fx_operations:financial_sector:net:monthly,2004-09-30,-0.0741
fx_operations:financial_sector:net:monthly,2004-10-31,-29.7465
fx_operations:financial_sector:net:monthly,2004-11-30,-31.747
fx_operations:financial_sector:net:monthly,2004-12-31,-3.7
fx_operations:financial_sector:net:monthly,2005-01-31,-14.1842
fx_operations:financial_sector:net:monthly,2005-02-28,10.2414
fx_operations:financial_sector:net:monthly,2005-03-31,3.152
fx_operations:financial_sector:net:monthly,2005-04-30,28.5
fx_operations:financial_sector:net:monthly,2005-05-31,21.6585
fx_operations:financial_sector:net:monthly,2005-06-30,-1.0032
fx_operations:financial_sector:net:monthly,2005-07-31,0.96
fx_operations:financial_sector:net:monthly,2005-08-31,-9.16
fx_operations:financial_sector:net:monthly,2005-09-30,-25.335
fx_operations:financial_sector:net:monthly,2005-10-31,-13.943
fx_operations:financial_sector:net:monthly,2005-11-30,-14.5435
fx_operations:financial_sector:net:monthly,2005-12-31,-19.2271
fx_operations:financial_sector:net:monthly,2006-01-31,-29.18
fx_operations:financial_sector:net:monthly,2006-02-28,4.7208000000000006
fx_operations:financial_sector:net:monthly,2006-03-31,-1.702
fx_operations:financial_sector:net:monthly,2006-04-30,-0.081
fx_operations:financial_sector:net:monthly,2006-05-31,11.92
fx_operations:financial_sector:net:monthly,2006-06-30,7.6808000000000005
fx_operations:financial_sector:net:monthly,2006-07-31,4.406
fx_operations:financial_sector:net:monthly,2006-08-31,1.893
fx_operations:financial_sector:net:monthly,2006-09-30,-7.887
fx_operations:financial_sector:net:monthly,2006-10-31,5.8055
fx_operations:financial_sector:net:monthly,2006-11-30,-14.859
fx_operations:financial_sector:net:monthly,2006-12-31,20.958
fx_operations:financial_sector:net:monthly,2007-01-31,-25.35
fx_operations:financial_sector:net:monthly,2007-02-28,45.1
fx_operations:financial_sector:net:monthly,2007-03-31,148.1
fx_operations:financial_sector:net:monthly,2007-04-30,45.5
fx_operations:financial_sector:net:monthly,2007-05-31,21.2
fx_operations:financial_sector:net:monthly,2007-06-30,-9.5
fx_operations:financial_sector:net:monthly,2007-07-31,0
fx_operations:financial_sector:net:monthly,2007-08-31,-28.5
fx_operations:financial_sector:net:monthly,2007-09-30,-30.6
fx_operations:financial_sector:net:monthly,2007-10-31,-27.699999999999996
fx_operations:financial_sector:net:monthly,2007-11-30,20.900000000000002
fx_operations:financial_sector:net:monthly,2007-12-31,27.1
fx_operations:financial_sector:net:monthly,2008-01-31,19.35454759
fx_operations:financial_sector:net:monthly,2008-02-29,-47.8
fx_operations:financial_sector:net:monthly,2008-03-31,102.7
fx_operations:financial_sector:net:monthly,2008-04-30,181.5
fx_operations:financial_sector:net:monthly,2008-05-31,110.5
fx_operations:financial_sector:net:monthly,2008-06-30,90.4
fx_operations:financial_sector:net:monthly,2008-07-31,3
fx_operations:financial_sector:net:monthly,2008-08-31,-58.5
fx_operations:financial_sector:net:monthly,2008-09-30,-131.5
fx_operations:financial_sector:net:monthly,2008-10-31,-198.65
fx_operations:financial_sector:net:monthly,2008-11-30,-55.3
fx_operations:financial_sector:net:monthly,2008-12-31,-28.5
fx_operations:financial_sector:net:monthly,2009-01-31,-40
fx_operations:financial_sector:net:monthly,2009-02-28,-20.5
fx_operations:financial_sector:net:monthly,2009-03-31,-6
fx_operations:financial_sector:net:monthly,2009-04-30,72.29397864
fx_operations:financial_sector:net:monthly,2009-05-31,41.5
fx_operations:financial_sector:net:monthly,2009-06-30,33.5
fx_operations:financial_sector:net:monthly,2009-07-31,0
fx_operations:financial_sector:net:monthly,2009-08-31,4
fx_operations:financial_sector:net:monthly,2009-09-30,0
fx_operations:financial_sector:net:monthly,2009-10-31,16.8
fx_operations:financial_sector:net:monthly,2009-11-30,86.5
fx_operations:financial_sector:net:monthly,2009-12-31,101
fx_operations:financial_sector:net:monthly,2010-01-31,-26.5
fx_operations:financial_sector:net:monthly,2010-02-28,-21.5
fx_operations:financial_sector:net:monthly,2010-03-31,-4
fx_operations:financial_sector:net:monthly,2010-04-30,-11
fx_operations:financial_sector:net:monthly,2010-05-31,-10
fx_operations:financial_sector:net:monthly,2010-06-30,0
fx_operations:financial_sector:net:monthly,2010-07-31,0
fx_operations:financial_sector:net:monthly,2010-08-31,0
fx_operations:financial_sector:net:monthly,2010-09-30,0
fx_operations:financial_sector:net:monthly,2010-10-31,-76.55
fx_operations:financial_sector:net:monthly,2010-11-30,-64.755
fx_operations:financial_sector:net:monthly,2010-12-31,-7.5
fx_operations:financial_sector:net:monthly,2011-01-31,-40.02
fx_operations:financial_sector:net:monthly,2011-02-28,-25.329
fx_operations:financial_sector:net:monthly,2011-03-31,34.2
fx_operations:financial_sector:net:monthly,2011-04-30,101.9
fx_operations:financial_sector:net:monthly,2011-05-31,27.414
fx_operations:financial_sector:net:monthly,2011-06-30,0
fx_operations:financial_sector:net:monthly,2011-07-31,34
fx_operations:financial_sector:net:monthly,2011-08-31,114.3
fx_operations:financial_sector:net:monthly,2011-09-30,-25.87
fx_operations:financial_sector:net:monthly,2011-10-31,-3
fx_operations:financial_sector:net:monthly,2011-11-30,-107.901
fx_operations:financial_sector:net:monthly,2011-12-31,-3
fx_operations:financial_sector:net:monthly,2012-01-31,-162.452
fx_operations:financial_sector:net:monthly,2012-02-29,-174.7
fx_operations:financial_sector:net:monthly,2012-03-31,-45.261
fx_operations:financial_sector:net:monthly,2012-04-30,-0.132
fx_operations:financial_sector:net:monthly,2012-05-31,-66.441
fx_operations:financial_sector:net:monthly,2012-06-30,-90.9
fx_operations:financial_sector:net:monthly,2012-07-31,-7.15
fx_operations:financial_sector:net:monthly,2012-08-31,-20.279
fx_operations:financial_sector:net:monthly,2012-09-30,-11.45
fx_operations:financial_sector:net:monthly,2012-10-31,-26.95
fx_operations:financial_sector:net:monthly,2012-11-30,-67.15
fx_operations:financial_sector:net:monthly,2012-12-31,-24.1
fx_operations:financial_sector:net:monthly,2013-01-31,0
fx_operations:financial_sector:net:monthly,2013-02-28,98.145
fx_operations:financial_sector:net:monthly,2013-03-31,23.822999999999997
fx_operations:financial_sector:net:monthly,2013-04-30,-18.65
fx_operations:financial_sector:net:monthly,2013-05-31,-87.1
fx_operations:financial_sector:net:monthly,2013-06-30,-134.4
fx_operations:financial_sector:net:monthly,2013-07-31,-40.268
fx_operations:financial_sector:net:monthly,2013-08-31,-80.706
fx_operations:financial_sector:net:monthly,2013-09-30,-29.639
fx_operations:financial_sector:net:monthly,2013-10-31,-64.113
fx_operations:financial_sector:net:monthly,2013-11-30,-61.562
fx_operations:financial_sector:net:monthly,2013-12-31,0
fx_operations:financial_sector:net:monthly,2014-01-31,-179.5
fx_operations:financial_sector:net:monthly,2014-02-28,-69
fx_operations:financial_sector:net:monthly,2014-03-31,0.03
fx_operations:financial_sector:net:monthly,2014-04-30,0.04
fx_operations:financial_sector:net:monthly,2014-05-31,0.035
fx_operations:financial_sector:net:monthly,2014-06-30,-37.965
fx_operations:financial_sector:net:monthly,2014-07-31,-18.32
fx_operations:financial_sector:net:monthly,2014-08-31,0.04
fx_operations:financial_sector:net:monthly,2014-09-30,-1.77
fx_operations:financial_sector:net:monthly,2014-10-31,-111.885
fx_operations:financial_sector:net:monthly,2014-11-30,-79.925
fx_operations:financial_sector:net:monthly,2014-12-31,-79.97
fx_operations:financial_sector:net:monthly,2015-01-31,-83.96
fx_operations:financial_sector:net:monthly,2015-02-28,-77.5
fx_operations:financial_sector:net:monthly,2015-03-31,-14.47
fx_operations:financial_sector:net:monthly,2015-04-30,-13.435
fx_operations:financial_sector:net:monthly,2015-05-31,-86.57
fx_operations:financial_sector:net:monthly,2015-06-30,-151.94
fx_operations:financial_sector:net:monthly,2015-07-31,-169.27
fx_operations:financial_sector:net:monthly,2015-08-31,-291.67
fx_operations:financial_sector:net:monthly,2015-09-30,-212.84
fx_operations:financial_sector:net:monthly,2015-10-31,-191.86
fx_operations:financial_sector:net:monthly,2015-11-30,-118.05
fx_operations:financial_sector:net:monthly,2015-12-31,-129.17
fx_operations:financial_sector:net:monthly,2016-01-31,-175.8
fx_operations:financial_sector:net:monthly,2016-02-29,-40.8
fx_operations:financial_sector:net:monthly,2016-03-31,-2
fx_operations:financial_sector:net:monthly,2016-04-30,0.03
fx_operations:financial_sector:net:monthly,2016-05-31,-5.04
fx_operations:financial_sector:net:monthly,2016-06-30,-3.535
fx_operations:financial_sector:net:monthly,2016-07-31,0.038
fx_operations:financial_sector:net:monthly,2016-08-31,0.04
fx_operations:financial_sector:net:monthly,2016-09-30,0.04
fx_operations:financial_sector:net:monthly,2016-10-31,-47.82
fx_operations:financial_sector:net:monthly,2016-11-30,-124.36
fx_operations:financial_sector:net:monthly,2016-12-31,-30.16
fx_operations:financial_sector:net:monthly,2017-01-31,-29.6
fx_operations:financial_sector:net:monthly,2017-02-28,-9
fx_operations:financial_sector:net:monthly,2017-03-31,-7.91
fx_operations:financial_sector:net:monthly,2017-04-30,0.04
fx_operations:financial_sector:net:monthly,2017-05-31,-66.16
fx_operations:financial_sector:net:monthly,2017-06-30,0.08
fx_operations:financial_sector:net:monthly,2017-07-31,-2
fx_operations:financial_sector:net:monthly,2017-08-31,-70.96
fx_operations:financial_sector:net:monthly,2017-09-30,-39.06
fx_operations:financial_sector:net:monthly,2017-10-31,-14.260000000000002
fx_operations:financial_sector:net:monthly,2017-11-30,-33.94
fx_operations:financial_sector:net:monthly,2017-12-31,0
fx_operations:financial_sector:net:monthly,2018-01-31,-17.060000000000002
fx_operations:financial_sector:net:monthly,2018-02-28,-21.2
fx_operations:financial_sector:net:monthly,2018-03-31,-68.3
fx_operations:financial_sector:net:monthly,2018-04-30,-74.66
fx_operations:financial_sector:net:monthly,2018-05-31,-327.46
fx_operations:financial_sector:net:monthly,2018-06-30,-109.52
fx_operations:financial_sector:net:monthly,2018-07-31,-72.7
fx_operations:financial_sector:net:monthly,2018-08-31,-182.06
fx_operations:financial_sector:net:monthly,2018-09-30,-116.55999999999999
fx_operations:financial_sector:net:monthly,2018-10-31,-178.56
fx_operations:financial_sector:net:monthly,2018-11-30,-67.46
fx_operations:financial_sector:net:monthly,2018-12-31,-37.2
fx_operations:financial_sector:net:monthly,2019-01-31,-129.9
fx_operations:financial_sector:net:monthly,2019-02-28,-25.7
fx_operations:financial_sector:net:monthly,2019-03-31,-113.55999999999999
fx_operations:financial_sector:net:monthly,2019-04-30,-221.16
fx_operations:financial_sector:net:monthly,2019-05-31,-285.96
fx_operations:financial_sector:net:monthly,2019-06-30,-59
fx_operations:financial_sector:net:monthly,2019-07-31,-24.86
fx_operations:financial_sector:net:monthly,2019-08-31,-78
fx_operations:financial_sector:net:monthly,2019-09-30,-102.4
fx_operations:financial_sector:net:monthly,2019-10-31,-162.4
fx_operations:financial_sector:net:monthly,2019-11-30,-61.9
fx_operations:financial_sector:net:monthly,2019-12-31,-30.4
fx_operations:financial_sector:net:monthly,2020-01-31,-113.665
fx_operations:financial_sector:net:monthly,2020-02-29,-52.2
fx_operations:financial_sector:net:monthly,2020-03-31,-93.6
fx_operations:financial_sector:net:monthly,2020-04-30,-100
fx_operations:financial_sector:net:monthly,2020-05-31,-146.1
fx_operations:financial_sector:net:monthly,2020-06-30,-207.5
fx_operations:financial_sector:net:monthly,2020-07-31,-283.2
fx_operations:financial_sector:net:monthly,2020-08-31,-136.4
fx_operations:financial_sector:net:monthly,2020-09-30,-113
fx_operations:financial_sector:net:monthly,2020-10-31,-232.2
fx_operations:financial_sector:net:monthly,2020-11-30,-170.8
fx_operations:financial_sector:net:monthly,2020-12-31,-121.6
fx_operations:financial_sector:net:monthly,2021-01-31,-130.3
fx_operations:financial_sector:net:monthly,2021-02-28,-95.1
fx_operations:financial_sector:net:monthly,2021-03-31,-95.5
fx_operations:financial_sector:net:monthly,2021-04-30,-24
fx_operations:financial_sector:net:monthly,2021-05-31,-92.2
fx_operations:financial_sector:net:monthly,2021-06-30,-107.9
fx_operations:financial_sector:net:monthly,2021-07-31,-113.5
fx_operations:financial_sector:net:monthly,2021-08-31,-172.4
fx_operations:financial_sector:net:monthly,2021-09-30,-172.1
fx_operations:financial_sector:net:monthly,2021-10-31,-232.5
fx_operations:financial_sector:net:monthly,2021-11-30,-228.8
fx_operations:financial_sector:net:monthly,2021-12-31,-38
fx_operations:financial_sector:net:monthly,2022-01-31,-230.9
fx_operations:financial_sector:net:monthly,2022-02-28,-175.1
fx_operations:financial_sector:net:monthly,2022-03-31,-144.6
fx_operations:financial_sector:net:monthly,2022-04-30,-75
fx_operations:financial_sector:net:monthly,2022-05-31,-74.1
fx_operations:financial_sector:net:monthly,2022-06-30,-8.5
fx_operations:financial_sector:net:monthly,2022-07-31,0
fx_operations:financial_sector:net:monthly,2022-08-31,0
fx_operations:financial_sector:net:monthly,2022-09-30,0
fx_operations:financial_sector:net:monthly,2022-10-31,-60.5
fx_operations:financial_sector:net:monthly,2022-11-30,-47.5
fx_operations:financial_sector:net:monthly,2022-12-31,-47.5
fx_operations:financial_sector:net:monthly,2023-01-31,-225.3
fx_operations:financial_sector:net:monthly,2023-02-28,-120
fx_operations:financial_sector:net:monthly,2023-03-31,-73.7
fx_operations:financial_sector:net:monthly,2023-04-30,-29.4
fx_operations:financial_sector:net:monthly,2023-05-31,-29.5
fx_operations:financial_sector:net:monthly,2023-06-30,0
fx_operations:financial_sector:net:monthly,2023-07-31,0
fx_operations:financial_sector:net:monthly,2023-08-31,0
fx_operations:financial_sector:net:monthly,2023-09-30,0
fx_operations:financial_sector:net:monthly,2023-10-31,-88
fx_operations:financial_sector:net:monthly,2023-11-30,-184.5
fx_operations:financial_sector:net:monthly,2023-12-31,-82.6
fx_operations:financial_sector:net:monthly,2024-01-31,-60
fx_operations:financial_sector:net:monthly,2024-02-29,-3.5
fx_operations:financial_sector:net:monthly,2024-03-31,-16
fx_operations:financial_sector:net:monthly,2024-04-30,-324.8
fx_operations:financial_sector:net:monthly,2024-05-31,-195.3
fx_operations:financial_sector:net:monthly,2024-06-30,-115.9
fx_operations:financial_sector:net:monthly,2024-07-31,-149.7
fx_operations:financial_sector:net:monthly,2024-08-31,-168.1
fx_operations:financial_sector:net:monthly,2024-09-30,-170.6
fx_operations:financial_sector:net:monthly,2024-10-31,-225
fx_operations:financial_sector:net:monthly,2024-11-30,-117.9
fx_operations:financial_sector:net:monthly,2024-12-31,-2
fx_operations:financial_sector:net:monthly,2025-01-31,-85.6
fx_operations:financial_sector:net:monthly,2025-02-28,-115.4
fx_operations:financial_sector:net:monthly,2025-03-31,-190.6
fx_operations:financial_sector:net:monthly,2025-04-30,-177.9
fx_operations:financial_sector:net:monthly,2025-05-31,-35
fx_operations:financial_sector:net:monthly,2025-06-30,-26
fx_operations:financial_sector:net:monthly,2025-07-31,0
fx_operations:financial_sector:net:monthly,2025-08-31,-24.8
fx_operations:financial_sector:net:monthly,2025-09-30,-8.8
fx_operations:financial_sector:net:monthly,2025-10-31,-30.4
fx_operations:financial_sector:net:monthly,2025-11-30,0
fx_operations:financial_sector:net:monthly,2025-12-31,0
fx_operations:financial_sector:net:monthly,2026-01-31,0
fx_operations:financial_sector:net:monthly,2026-02-28,0
fx_operations:financial_sector:net:monthly,2026-03-31,0
fx_operations:financial_sector:net:monthly,2026-04-30,0
fx_operations:financial_sector:net:monthly,2026-05-31,0
fx_operations:financial_sector:net:monthly,2026-06-30,0
fx_operations:financial_sector:net:monthly,2026-07-31,0
fx_operations:financial_sector:net:quarterly,1994-03-31,-33.3
fx_operations:financial_sector:net:quarterly,1994-06-30,168.2
fx_operations:financial_sector:net:quarterly,1994-09-30,11.060000000000002
fx_operations:financial_sector:net:quarterly,1994-12-31,47.00000000000001
fx_operations:financial_sector:net:quarterly,1995-03-31,-16.5
fx_operations:financial_sector:net:quarterly,1995-06-30,89.80000000000001
fx_operations:financial_sector:net:quarterly,1995-09-30,-15.100000000000001
fx_operations:financial_sector:net:quarterly,1995-12-31,-79.2
fx_operations:financial_sector:net:quarterly,1996-03-31,-138.6
fx_operations:financial_sector:net:quarterly,1996-06-30,126.82
fx_operations:financial_sector:net:quarterly,1996-09-30,-95.26
fx_operations:financial_sector:net:quarterly,1996-12-31,-129.8
fx_operations:financial_sector:net:quarterly,1997-03-31,-170.2
fx_operations:financial_sector:net:quarterly,1997-06-30,-4.150000000000006
fx_operations:financial_sector:net:quarterly,1997-09-30,-135.202
fx_operations:financial_sector:net:quarterly,1997-12-31,-170.59999999999997
fx_operations:financial_sector:net:quarterly,1998-03-31,-171.93
fx_operations:financial_sector:net:quarterly,1998-06-30,-7.109999999999999
fx_operations:financial_sector:net:quarterly,1998-09-30,-117.94000000000001
fx_operations:financial_sector:net:quarterly,1998-12-31,14.475000000000001
fx_operations:financial_sector:net:quarterly,1999-03-31,-223.72
fx_operations:financial_sector:net:quarterly,1999-06-30,-35.30342
fx_operations:financial_sector:net:quarterly,1999-09-30,-97.215
fx_operations:financial_sector:net:quarterly,1999-12-31,-165.26999999999998
fx_operations:financial_sector:net:quarterly,2000-03-31,-182.59999999999997
fx_operations:financial_sector:net:quarterly,2000-06-30,-34.6
fx_operations:financial_sector:net:quarterly,2000-09-30,-159.14999999999998
fx_operations:financial_sector:net:quarterly,2000-12-31,-83.05000000000001
fx_operations:financial_sector:net:quarterly,2001-03-31,-163.85000000000002
fx_operations:financial_sector:net:quarterly,2001-06-30,16.199999999999996
fx_operations:financial_sector:net:quarterly,2001-09-30,-25.439999999999998
fx_operations:financial_sector:net:quarterly,2001-12-31,-60.86000000000001
fx_operations:financial_sector:net:quarterly,2002-03-31,-121.1
fx_operations:financial_sector:net:quarterly,2002-06-30,-14.5
fx_operations:financial_sector:net:quarterly,2002-09-30,-22.79
fx_operations:financial_sector:net:quarterly,2002-12-31,-23.788999999999998
fx_operations:financial_sector:net:quarterly,2003-03-31,26.810000000000002
fx_operations:financial_sector:net:quarterly,2003-06-30,30.276
fx_operations:financial_sector:net:quarterly,2003-09-30,-2.0646999999999998
fx_operations:financial_sector:net:quarterly,2003-12-31,17.8663
fx_operations:financial_sector:net:quarterly,2004-03-31,29.5907
fx_operations:financial_sector:net:quarterly,2004-06-30,59.6343
fx_operations:financial_sector:net:quarterly,2004-09-30,22.70021081
fx_operations:financial_sector:net:quarterly,2004-12-31,-65.1935
fx_operations:financial_sector:net:quarterly,2005-03-31,-0.7908
fx_operations:financial_sector:net:quarterly,2005-06-30,49.155300000000004
fx_operations:financial_sector:net:quarterly,2005-09-30,-33.535
fx_operations:financial_sector:net:quarterly,2005-12-31,-47.7136
fx_operations:financial_sector:net:quarterly,2006-03-31,-26.1612
fx_operations:financial_sector:net:quarterly,2006-06-30,19.5198
fx_operations:financial_sector:net:quarterly,2006-09-30,-1.588
fx_operations:financial_sector:net:quarterly,2006-12-31,11.904499999999999
fx_operations:financial_sector:net:quarterly,2007-03-31,167.85
fx_operations:financial_sector:net:quarterly,2007-06-30,57.2
fx_operations:financial_sector:net:quarterly,2007-09-30,-59.1
fx_operations:financial_sector:net:quarterly,2007-12-31,20.300000000000008
fx_operations:financial_sector:net:quarterly,2008-03-31,74.25454759
fx_operations:financial_sector:net:quarterly,2008-06-30,382.4
fx_operations:financial_sector:net:quarterly,2008-09-30,-187
fx_operations:financial_sector:net:quarterly,2008-12-31,-282.45
fx_operations:financial_sector:net:quarterly,2009-03-31,-66.5
fx_operations:financial_sector:net:quarterly,2009-06-30,147.29397864
fx_operations:financial_sector:net:quarterly,2009-09-30,4
fx_operations:financial_sector:net:quarterly,2009-12-31,204.3
fx_operations:financial_sector:net:quarterly,2010-03-31,-52
fx_operations:financial_sector:net:quarterly,2010-06-30,-21
fx_operations:financial_sector:net:quarterly,2010-09-30,0
fx_operations:financial_sector:net:quarterly,2010-12-31,-148.805
fx_operations:financial_sector:net:quarterly,2011-03-31,-31.149
fx_operations:financial_sector:net:quarterly,2011-06-30,129.31400000000002
fx_operations:financial_sector:net:quarterly,2011-09-30,122.43
fx_operations:financial_sector:net:quarterly,2011-12-31,-113.901
fx_operations:financial_sector:net:quarterly,2012-03-31,-382.413
fx_operations:financial_sector:net:quarterly,2012-06-30,-157.473
fx_operations:financial_sector:net:quarterly,2012-09-30,-38.879000000000005
fx_operations:financial_sector:net:quarterly,2012-12-31,-118.20000000000002
fx_operations:financial_sector:net:quarterly,2013-03-31,121.96799999999999
fx_operations:financial_sector:net:quarterly,2013-06-30,-240.15
fx_operations:financial_sector:net:quarterly,2013-09-30,-150.613
fx_operations:financial_sector:net:quarterly,2013-12-31,-125.675
fx_operations:financial_sector:net:quarterly,2014-03-31,-248.47
fx_operations:financial_sector:net:quarterly,2014-06-30,-37.89
fx_operations:financial_sector:net:quarterly,2014-09-30,-20.05
fx_operations:financial_sector:net:quarterly,2014-12-31,-271.78
fx_operations:financial_sector:net:quarterly,2015-03-31,-175.92999999999998
fx_operations:financial_sector:net:quarterly,2015-06-30,-251.945
fx_operations:financial_sector:net:quarterly,2015-09-30,-673.7800000000001
fx_operations:financial_sector:net:quarterly,2015-12-31,-439.08000000000004
fx_operations:financial_sector:net:quarterly,2016-03-31,-218.60000000000002
fx_operations:financial_sector:net:quarterly,2016-06-30,-8.545
fx_operations:financial_sector:net:quarterly,2016-09-30,0.118
fx_operations:financial_sector:net:quarterly,2016-12-31,-202.34
fx_operations:financial_sector:net:quarterly,2017-03-31,-46.510000000000005
fx_operations:financial_sector:net:quarterly,2017-06-30,-66.03999999999999
fx_operations:financial_sector:net:quarterly,2017-09-30,-112.02
fx_operations:financial_sector:net:quarterly,2017-12-31,-48.2
fx_operations:financial_sector:net:quarterly,2018-03-31,-106.56
fx_operations:financial_sector:net:quarterly,2018-06-30,-511.64
fx_operations:financial_sector:net:quarterly,2018-09-30,-371.32
fx_operations:financial_sector:net:quarterly,2018-12-31,-283.21999999999997
fx_operations:financial_sector:net:quarterly,2019-03-31,-269.15999999999997
fx_operations:financial_sector:net:quarterly,2019-06-30,-566.12
fx_operations:financial_sector:net:quarterly,2019-09-30,-205.26
fx_operations:financial_sector:net:quarterly,2019-12-31,-254.70000000000002
fx_operations:financial_sector:net:quarterly,2020-03-31,-259.46500000000003
fx_operations:financial_sector:net:quarterly,2020-06-30,-453.6
fx_operations:financial_sector:net:quarterly,2020-09-30,-532.6
fx_operations:financial_sector:net:quarterly,2020-12-31,-524.6
fx_operations:financial_sector:net:quarterly,2021-03-31,-320.9
fx_operations:financial_sector:net:quarterly,2021-06-30,-224.10000000000002
fx_operations:financial_sector:net:quarterly,2021-09-30,-458
fx_operations:financial_sector:net:quarterly,2021-12-31,-499.3
fx_operations:financial_sector:net:quarterly,2022-03-31,-550.6
fx_operations:financial_sector:net:quarterly,2022-06-30,-157.6
fx_operations:financial_sector:net:quarterly,2022-09-30,0
fx_operations:financial_sector:net:quarterly,2022-12-31,-155.5
fx_operations:financial_sector:net:quarterly,2023-03-31,-419
fx_operations:financial_sector:net:quarterly,2023-06-30,-58.9
fx_operations:financial_sector:net:quarterly,2023-09-30,0
fx_operations:financial_sector:net:quarterly,2023-12-31,-355.1
fx_operations:financial_sector:net:quarterly,2024-03-31,-79.5
fx_operations:financial_sector:net:quarterly,2024-06-30,-636
fx_operations:financial_sector:net:quarterly,2024-09-30,-488.4
fx_operations:financial_sector:net:quarterly,2024-12-31,-344.9
fx_operations:financial_sector:net:quarterly,2025-03-31,-391.6
fx_operations:financial_sector:net:quarterly,2025-06-30,-238.9
fx_operations:financial_sector:net:quarterly,2025-09-30,-33.6
fx_operations:financial_sector:net:quarterly,2025-12-31,-30.4
fx_operations:financial_sector:net:quarterly,2026-03-31,0
fx_operations:financial_sector:net:quarterly,2026-06-30,0
fx_operations:financial_sector:net:quarterly,2026-09-30,0
fx_operations:financial_sector:net:quarterly,2026-12-31,0
fx_operations:financial_sector:purchase:annual,1990-12-31,411.7
fx_operations:financial_sector:purchase:annual,1991-12-31,295
fx_operations:financial_sector:purchase:annual,1992-12-31,152.4
fx_operations:financial_sector:purchase:annual,1993-12-31,416.4
fx_operations:financial_sector:purchase:annual,1994-12-31,443.4
fx_operations:financial_sector:purchase:annual,1995-12-31,348.3
fx_operations:financial_sector:purchase:annual,1996-12-31,329.02
fx_operations:financial_sector:purchase:annual,1997-12-31,298.1
fx_operations:financial_sector:purchase:annual,1998-12-31,132.585
fx_operations:financial_sector:purchase:annual,1999-12-31,133.715
fx_operations:financial_sector:purchase:annual,2000-12-31,145.75
fx_operations:financial_sector:purchase:annual,2001-12-31,140.29999999999998
fx_operations:financial_sector:purchase:annual,2002-12-31,66.35
fx_operations:financial_sector:purchase:annual,2003-12-31,105.79999999999998
fx_operations:financial_sector:purchase:annual,2004-12-31,129.95
fx_operations:financial_sector:purchase:annual,2005-12-31,71.75
fx_operations:financial_sector:purchase:annual,2006-12-31,67.5
fx_operations:financial_sector:purchase:annual,2007-12-31,362.15
fx_operations:financial_sector:purchase:annual,2008-12-31,553.05454759
fx_operations:financial_sector:purchase:annual,2009-12-31,366.09397864000005
fx_operations:financial_sector:purchase:annual,2010-12-31,12.095
fx_operations:financial_sector:purchase:annual,2011-12-31,314
fx_operations:financial_sector:purchase:annual,2012-12-31,9.55
fx_operations:financial_sector:purchase:annual,2013-12-31,122.67999999999999
fx_operations:financial_sector:purchase:annual,2014-12-31,4.11
fx_operations:financial_sector:purchase:annual,2015-12-31,0.565
fx_operations:financial_sector:purchase:annual,2016-12-31,0.43300000000000005
fx_operations:financial_sector:purchase:annual,2017-12-31,0.37
fx_operations:financial_sector:purchase:annual,2018-12-31,0.36000000000000004
fx_operations:financial_sector:purchase:annual,2019-12-31,0.16
fx_operations:financial_sector:purchase:annual,2020-12-31,0.035
fx_operations:financial_sector:purchase:annual,2021-12-31,0
fx_operations:financial_sector:purchase:annual,2022-12-31,0
fx_operations:financial_sector:purchase:annual,2023-12-31,0
fx_operations:financial_sector:purchase:annual,2024-12-31,0
fx_operations:financial_sector:purchase:annual,2025-12-31,0
fx_operations:financial_sector:purchase:annual,2026-12-31,0
fx_operations:financial_sector:purchase:monthly,1995-01-31,12.3
fx_operations:financial_sector:purchase:monthly,1995-02-28,18.9
fx_operations:financial_sector:purchase:monthly,1995-03-31,57.4
fx_operations:financial_sector:purchase:monthly,1995-04-30,83.7
fx_operations:financial_sector:purchase:monthly,1995-05-31,70
fx_operations:financial_sector:purchase:monthly,1995-06-30,20.6
fx_operations:financial_sector:purchase:monthly,1995-07-31,23.4
fx_operations:financial_sector:purchase:monthly,1995-08-31,15.5
fx_operations:financial_sector:purchase:monthly,1995-09-30,8.4
fx_operations:financial_sector:purchase:monthly,1995-10-31,0.8
fx_operations:financial_sector:purchase:monthly,1995-11-30,10.8
fx_operations:financial_sector:purchase:monthly,1995-12-31,26.5
fx_operations:financial_sector:purchase:monthly,1996-01-31,11.9
fx_operations:financial_sector:purchase:monthly,1996-02-29,13.6
fx_operations:financial_sector:purchase:monthly,1996-03-31,30.6
fx_operations:financial_sector:purchase:monthly,1996-04-30,117.6
fx_operations:financial_sector:purchase:monthly,1996-05-31,63.4
fx_operations:financial_sector:purchase:monthly,1996-06-30,28.02
fx_operations:financial_sector:purchase:monthly,1996-07-31,15.8
fx_operations:financial_sector:purchase:monthly,1996-08-31,8.3
fx_operations:financial_sector:purchase:monthly,1996-09-30,9.1
fx_operations:financial_sector:purchase:monthly,1996-10-31,1.2
fx_operations:financial_sector:purchase:monthly,1996-11-30,2.5
fx_operations:financial_sector:purchase:monthly,1996-12-31,27
fx_operations:financial_sector:purchase:monthly,1997-01-31,10.8
fx_operations:financial_sector:purchase:monthly,1997-02-28,3.7
fx_operations:financial_sector:purchase:monthly,1997-03-31,33.6
fx_operations:financial_sector:purchase:monthly,1997-04-30,55.6
fx_operations:financial_sector:purchase:monthly,1997-05-31,47.7
fx_operations:financial_sector:purchase:monthly,1997-06-30,25.85
fx_operations:financial_sector:purchase:monthly,1997-07-31,14.2
fx_operations:financial_sector:purchase:monthly,1997-08-31,6.7
fx_operations:financial_sector:purchase:monthly,1997-09-30,30.5
fx_operations:financial_sector:purchase:monthly,1997-10-31,24.75
fx_operations:financial_sector:purchase:monthly,1997-11-30,18.9
fx_operations:financial_sector:purchase:monthly,1997-12-31,25.8
fx_operations:financial_sector:purchase:monthly,1998-01-31,0.03
fx_operations:financial_sector:purchase:monthly,1998-02-28,6.6
fx_operations:financial_sector:purchase:monthly,1998-03-31,0.04
fx_operations:financial_sector:purchase:monthly,1998-04-30,17.34
fx_operations:financial_sector:purchase:monthly,1998-05-31,26.25
fx_operations:financial_sector:purchase:monthly,1998-06-30,0
fx_operations:financial_sector:purchase:monthly,1998-07-31,7.85
fx_operations:financial_sector:purchase:monthly,1998-08-31,1.8
fx_operations:financial_sector:purchase:monthly,1998-09-30,11.3
fx_operations:financial_sector:purchase:monthly,1998-10-31,17.34
fx_operations:financial_sector:purchase:monthly,1998-11-30,4.935
fx_operations:financial_sector:purchase:monthly,1998-12-31,39.1
fx_operations:financial_sector:purchase:monthly,1999-01-31,0.03
fx_operations:financial_sector:purchase:monthly,1999-02-28,9.9
fx_operations:financial_sector:purchase:monthly,1999-03-31,13.4
fx_operations:financial_sector:purchase:monthly,1999-04-30,43.65
fx_operations:financial_sector:purchase:monthly,1999-05-31,9.8
fx_operations:financial_sector:purchase:monthly,1999-06-30,12.4
fx_operations:financial_sector:purchase:monthly,1999-07-31,11.7
fx_operations:financial_sector:purchase:monthly,1999-08-31,1.5
fx_operations:financial_sector:purchase:monthly,1999-09-30,8.335
fx_operations:financial_sector:purchase:monthly,1999-10-31,3
fx_operations:financial_sector:purchase:monthly,1999-11-30,9.8
fx_operations:financial_sector:purchase:monthly,1999-12-31,10.2
fx_operations:financial_sector:purchase:monthly,2000-01-31,4
fx_operations:financial_sector:purchase:monthly,2000-02-29,7
fx_operations:financial_sector:purchase:monthly,2000-03-31,8.7
fx_operations:financial_sector:purchase:monthly,2000-04-30,50
fx_operations:financial_sector:purchase:monthly,2000-05-31,17.4
fx_operations:financial_sector:purchase:monthly,2000-06-30,4.5
fx_operations:financial_sector:purchase:monthly,2000-07-31,10
fx_operations:financial_sector:purchase:monthly,2000-08-31,9.55
fx_operations:financial_sector:purchase:monthly,2000-09-30,4.2
fx_operations:financial_sector:purchase:monthly,2000-10-31,4.2
fx_operations:financial_sector:purchase:monthly,2000-11-30,4
fx_operations:financial_sector:purchase:monthly,2000-12-31,22.2
fx_operations:financial_sector:purchase:monthly,2001-01-31,12
fx_operations:financial_sector:purchase:monthly,2001-02-28,19.6
fx_operations:financial_sector:purchase:monthly,2001-03-31,4.5
fx_operations:financial_sector:purchase:monthly,2001-04-30,46.15
fx_operations:financial_sector:purchase:monthly,2001-05-31,3.1
fx_operations:financial_sector:purchase:monthly,2001-06-30,7.5
fx_operations:financial_sector:purchase:monthly,2001-07-31,14.75
fx_operations:financial_sector:purchase:monthly,2001-08-31,12
fx_operations:financial_sector:purchase:monthly,2001-09-30,4
fx_operations:financial_sector:purchase:monthly,2001-10-31,0
fx_operations:financial_sector:purchase:monthly,2001-11-30,0.4
fx_operations:financial_sector:purchase:monthly,2001-12-31,16.3
fx_operations:financial_sector:purchase:monthly,2002-01-31,0
fx_operations:financial_sector:purchase:monthly,2002-02-28,5
fx_operations:financial_sector:purchase:monthly,2002-03-31,6.3
fx_operations:financial_sector:purchase:monthly,2002-04-30,31.5
fx_operations:financial_sector:purchase:monthly,2002-05-31,0
fx_operations:financial_sector:purchase:monthly,2002-06-30,4
fx_operations:financial_sector:purchase:monthly,2002-07-31,5.55
fx_operations:financial_sector:purchase:monthly,2002-08-31,5
fx_operations:financial_sector:purchase:monthly,2002-09-30,4
fx_operations:financial_sector:purchase:monthly,2002-10-31,0
fx_operations:financial_sector:purchase:monthly,2002-11-30,0
fx_operations:financial_sector:purchase:monthly,2002-12-31,5
fx_operations:financial_sector:purchase:monthly,2003-01-31,0
fx_operations:financial_sector:purchase:monthly,2003-02-28,11.4
fx_operations:financial_sector:purchase:monthly,2003-03-31,44.3
fx_operations:financial_sector:purchase:monthly,2003-04-30,31
fx_operations:financial_sector:purchase:monthly,2003-05-31,1
fx_operations:financial_sector:purchase:monthly,2003-06-30,0
fx_operations:financial_sector:purchase:monthly,2003-07-31,0
fx_operations:financial_sector:purchase:monthly,2003-08-31,0
fx_operations:financial_sector:purchase:monthly,2003-09-30,0
fx_operations:financial_sector:purchase:monthly,2003-10-31,1.1
fx_operations:financial_sector:purchase:monthly,2003-11-30,2.3
fx_operations:financial_sector:purchase:monthly,2003-12-31,14.7
fx_operations:financial_sector:purchase:monthly,2004-01-31,0
fx_operations:financial_sector:purchase:monthly,2004-02-29,4.1
fx_operations:financial_sector:purchase:monthly,2004-03-31,42.55
fx_operations:financial_sector:purchase:monthly,2004-04-30,27.9
fx_operations:financial_sector:purchase:monthly,2004-05-31,23
fx_operations:financial_sector:purchase:monthly,2004-06-30,9.5
fx_operations:financial_sector:purchase:monthly,2004-07-31,12.4
fx_operations:financial_sector:purchase:monthly,2004-08-31,10.5
fx_operations:financial_sector:purchase:monthly,2004-09-30,0
fx_operations:financial_sector:purchase:monthly,2004-10-31,0
fx_operations:financial_sector:purchase:monthly,2004-11-30,0
fx_operations:financial_sector:purchase:monthly,2004-12-31,0
fx_operations:financial_sector:purchase:monthly,2005-01-31,0
fx_operations:financial_sector:purchase:monthly,2005-02-28,12
fx_operations:financial_sector:purchase:monthly,2005-03-31,3.2
fx_operations:financial_sector:purchase:monthly,2005-04-30,28.5
fx_operations:financial_sector:purchase:monthly,2005-05-31,21.7
fx_operations:financial_sector:purchase:monthly,2005-06-30,0
fx_operations:financial_sector:purchase:monthly,2005-07-31,1
fx_operations:financial_sector:purchase:monthly,2005-08-31,0
fx_operations:financial_sector:purchase:monthly,2005-09-30,0
fx_operations:financial_sector:purchase:monthly,2005-10-31,0
fx_operations:financial_sector:purchase:monthly,2005-11-30,0
fx_operations:financial_sector:purchase:monthly,2005-12-31,5.35
fx_operations:financial_sector:purchase:monthly,2006-01-31,0
fx_operations:financial_sector:purchase:monthly,2006-02-28,6.7
fx_operations:financial_sector:purchase:monthly,2006-03-31,4.5
fx_operations:financial_sector:purchase:monthly,2006-04-30,0
fx_operations:financial_sector:purchase:monthly,2006-05-31,12
fx_operations:financial_sector:purchase:monthly,2006-06-30,7.9
fx_operations:financial_sector:purchase:monthly,2006-07-31,4.5
fx_operations:financial_sector:purchase:monthly,2006-08-31,2
fx_operations:financial_sector:purchase:monthly,2006-09-30,0
fx_operations:financial_sector:purchase:monthly,2006-10-31,8.9
fx_operations:financial_sector:purchase:monthly,2006-11-30,0
fx_operations:financial_sector:purchase:monthly,2006-12-31,21
fx_operations:financial_sector:purchase:monthly,2007-01-31,4.95
fx_operations:financial_sector:purchase:monthly,2007-02-28,45.1
fx_operations:financial_sector:purchase:monthly,2007-03-31,148.1
fx_operations:financial_sector:purchase:monthly,2007-04-30,51.8
fx_operations:financial_sector:purchase:monthly,2007-05-31,21.2
fx_operations:financial_sector:purchase:monthly,2007-06-30,0
fx_operations:financial_sector:purchase:monthly,2007-07-31,0
fx_operations:financial_sector:purchase:monthly,2007-08-31,0
fx_operations:financial_sector:purchase:monthly,2007-09-30,4.6
fx_operations:financial_sector:purchase:monthly,2007-10-31,5.6
fx_operations:financial_sector:purchase:monthly,2007-11-30,46.7
fx_operations:financial_sector:purchase:monthly,2007-12-31,34.1
fx_operations:financial_sector:purchase:monthly,2008-01-31,22.35454759
fx_operations:financial_sector:purchase:monthly,2008-02-29,0
fx_operations:financial_sector:purchase:monthly,2008-03-31,102.7
fx_operations:financial_sector:purchase:monthly,2008-04-30,181.5
fx_operations:financial_sector:purchase:monthly,2008-05-31,110.5
fx_operations:financial_sector:purchase:monthly,2008-06-30,90.4
fx_operations:financial_sector:purchase:monthly,2008-07-31,35.6
fx_operations:financial_sector:purchase:monthly,2008-08-31,3
fx_operations:financial_sector:purchase:monthly,2008-09-30,0
fx_operations:financial_sector:purchase:monthly,2008-10-31,7
fx_operations:financial_sector:purchase:monthly,2008-11-30,0
fx_operations:financial_sector:purchase:monthly,2008-12-31,0
fx_operations:financial_sector:purchase:monthly,2009-01-31,0
fx_operations:financial_sector:purchase:monthly,2009-02-28,0.5
fx_operations:financial_sector:purchase:monthly,2009-03-31,0
fx_operations:financial_sector:purchase:monthly,2009-04-30,72.29397864
fx_operations:financial_sector:purchase:monthly,2009-05-31,41.5
fx_operations:financial_sector:purchase:monthly,2009-06-30,33.5
fx_operations:financial_sector:purchase:monthly,2009-07-31,0
fx_operations:financial_sector:purchase:monthly,2009-08-31,4
fx_operations:financial_sector:purchase:monthly,2009-09-30,0
fx_operations:financial_sector:purchase:monthly,2009-10-31,16.8
fx_operations:financial_sector:purchase:monthly,2009-11-30,86.5
fx_operations:financial_sector:purchase:monthly,2009-12-31,111
fx_operations:financial_sector:purchase:monthly,2010-01-31,0
fx_operations:financial_sector:purchase:monthly,2010-02-28,0
fx_operations:financial_sector:purchase:monthly,2010-03-31,0
fx_operations:financial_sector:purchase:monthly,2010-04-30,0
fx_operations:financial_sector:purchase:monthly,2010-05-31,0
fx_operations:financial_sector:purchase:monthly,2010-06-30,0
fx_operations:financial_sector:purchase:monthly,2010-07-31,0
fx_operations:financial_sector:purchase:monthly,2010-08-31,0
fx_operations:financial_sector:purchase:monthly,2010-09-30,0
fx_operations:financial_sector:purchase:monthly,2010-10-31,0.05
fx_operations:financial_sector:purchase:monthly,2010-11-30,0.045
fx_operations:financial_sector:purchase:monthly,2010-12-31,12
fx_operations:financial_sector:purchase:monthly,2011-01-31,0
fx_operations:financial_sector:purchase:monthly,2011-02-28,0
fx_operations:financial_sector:purchase:monthly,2011-03-31,36
fx_operations:financial_sector:purchase:monthly,2011-04-30,101.9
fx_operations:financial_sector:purchase:monthly,2011-05-31,27.8
fx_operations:financial_sector:purchase:monthly,2011-06-30,0
fx_operations:financial_sector:purchase:monthly,2011-07-31,34
fx_operations:financial_sector:purchase:monthly,2011-08-31,114.3
fx_operations:financial_sector:purchase:monthly,2011-09-30,0
fx_operations:financial_sector:purchase:monthly,2011-10-31,0
fx_operations:financial_sector:purchase:monthly,2011-11-30,0
fx_operations:financial_sector:purchase:monthly,2011-12-31,0
fx_operations:financial_sector:purchase:monthly,2012-01-31,0
fx_operations:financial_sector:purchase:monthly,2012-02-29,0
fx_operations:financial_sector:purchase:monthly,2012-03-31,9.4
fx_operations:financial_sector:purchase:monthly,2012-04-30,0
fx_operations:financial_sector:purchase:monthly,2012-05-31,0
fx_operations:financial_sector:purchase:monthly,2012-06-30,0
fx_operations:financial_sector:purchase:monthly,2012-07-31,0
fx_operations:financial_sector:purchase:monthly,2012-08-31,0
fx_operations:financial_sector:purchase:monthly,2012-09-30,0.05
fx_operations:financial_sector:purchase:monthly,2012-10-31,0.05
fx_operations:financial_sector:purchase:monthly,2012-11-30,0.05
fx_operations:financial_sector:purchase:monthly,2012-12-31,0
fx_operations:financial_sector:purchase:monthly,2013-01-31,0
fx_operations:financial_sector:purchase:monthly,2013-02-28,98.2
fx_operations:financial_sector:purchase:monthly,2013-03-31,23.9
fx_operations:financial_sector:purchase:monthly,2013-04-30,0.05
fx_operations:financial_sector:purchase:monthly,2013-05-31,0
fx_operations:financial_sector:purchase:monthly,2013-06-30,0
fx_operations:financial_sector:purchase:monthly,2013-07-31,0.5
fx_operations:financial_sector:purchase:monthly,2013-08-31,0
fx_operations:financial_sector:purchase:monthly,2013-09-30,0
fx_operations:financial_sector:purchase:monthly,2013-10-31,0.03
fx_operations:financial_sector:purchase:monthly,2013-11-30,0
fx_operations:financial_sector:purchase:monthly,2013-12-31,0
fx_operations:financial_sector:purchase:monthly,2014-01-31,0
fx_operations:financial_sector:purchase:monthly,2014-02-28,0
fx_operations:financial_sector:purchase:monthly,2014-03-31,0.03
fx_operations:financial_sector:purchase:monthly,2014-04-30,0.04
fx_operations:financial_sector:purchase:monthly,2014-05-31,0.035
fx_operations:financial_sector:purchase:monthly,2014-06-30,0.035
fx_operations:financial_sector:purchase:monthly,2014-07-31,3.68
fx_operations:financial_sector:purchase:monthly,2014-08-31,0.04
fx_operations:financial_sector:purchase:monthly,2014-09-30,0.03
fx_operations:financial_sector:purchase:monthly,2014-10-31,0.115
fx_operations:financial_sector:purchase:monthly,2014-11-30,0.075
fx_operations:financial_sector:purchase:monthly,2014-12-31,0.03
fx_operations:financial_sector:purchase:monthly,2015-01-31,0.04
fx_operations:financial_sector:purchase:monthly,2015-02-28,0
fx_operations:financial_sector:purchase:monthly,2015-03-31,0.03
fx_operations:financial_sector:purchase:monthly,2015-04-30,0.065
fx_operations:financial_sector:purchase:monthly,2015-05-31,0.03
fx_operations:financial_sector:purchase:monthly,2015-06-30,0.06
fx_operations:financial_sector:purchase:monthly,2015-07-31,0.03
fx_operations:financial_sector:purchase:monthly,2015-08-31,0.03
fx_operations:financial_sector:purchase:monthly,2015-09-30,0.06
fx_operations:financial_sector:purchase:monthly,2015-10-31,0.14
fx_operations:financial_sector:purchase:monthly,2015-11-30,0.05
fx_operations:financial_sector:purchase:monthly,2015-12-31,0.03
fx_operations:financial_sector:purchase:monthly,2016-01-31,0
fx_operations:financial_sector:purchase:monthly,2016-02-29,0
fx_operations:financial_sector:purchase:monthly,2016-03-31,0
fx_operations:financial_sector:purchase:monthly,2016-04-30,0.03
fx_operations:financial_sector:purchase:monthly,2016-05-31,0.06
fx_operations:financial_sector:purchase:monthly,2016-06-30,0.065
fx_operations:financial_sector:purchase:monthly,2016-07-31,0.038
fx_operations:financial_sector:purchase:monthly,2016-08-31,0.04
fx_operations:financial_sector:purchase:monthly,2016-09-30,0.04
fx_operations:financial_sector:purchase:monthly,2016-10-31,0.08
fx_operations:financial_sector:purchase:monthly,2016-11-30,0.04
fx_operations:financial_sector:purchase:monthly,2016-12-31,0.04
fx_operations:financial_sector:purchase:monthly,2017-01-31,0
fx_operations:financial_sector:purchase:monthly,2017-02-28,0
fx_operations:financial_sector:purchase:monthly,2017-03-31,0.09
fx_operations:financial_sector:purchase:monthly,2017-04-30,0.04
fx_operations:financial_sector:purchase:monthly,2017-05-31,0.04
fx_operations:financial_sector:purchase:monthly,2017-06-30,0.08
fx_operations:financial_sector:purchase:monthly,2017-07-31,0
fx_operations:financial_sector:purchase:monthly,2017-08-31,0.04
fx_operations:financial_sector:purchase:monthly,2017-09-30,0.04
fx_operations:financial_sector:purchase:monthly,2017-10-31,0.04
fx_operations:financial_sector:purchase:monthly,2017-11-30,0
fx_operations:financial_sector:purchase:monthly,2017-12-31,0
fx_operations:financial_sector:purchase:monthly,2018-01-31,0.04
fx_operations:financial_sector:purchase:monthly,2018-02-28,0
fx_operations:financial_sector:purchase:monthly,2018-03-31,0
fx_operations:financial_sector:purchase:monthly,2018-04-30,0.04
fx_operations:financial_sector:purchase:monthly,2018-05-31,0.04
fx_operations:financial_sector:purchase:monthly,2018-06-30,0.08
fx_operations:financial_sector:purchase:monthly,2018-07-31,0
fx_operations:financial_sector:purchase:monthly,2018-08-31,0.04
fx_operations:financial_sector:purchase:monthly,2018-09-30,0.04
fx_operations:financial_sector:purchase:monthly,2018-10-31,0.04
fx_operations:financial_sector:purchase:monthly,2018-11-30,0.04
fx_operations:financial_sector:purchase:monthly,2018-12-31,0
fx_operations:financial_sector:purchase:monthly,2019-01-31,0
fx_operations:financial_sector:purchase:monthly,2019-02-28,0
fx_operations:financial_sector:purchase:monthly,2019-03-31,0.04
fx_operations:financial_sector:purchase:monthly,2019-04-30,0.04
fx_operations:financial_sector:purchase:monthly,2019-05-31,0.04
fx_operations:financial_sector:purchase:monthly,2019-06-30,0
fx_operations:financial_sector:purchase:monthly,2019-07-31,0.04
fx_operations:financial_sector:purchase:monthly,2019-08-31,0
fx_operations:financial_sector:purchase:monthly,2019-09-30,0
fx_operations:financial_sector:purchase:monthly,2019-10-31,0
fx_operations:financial_sector:purchase:monthly,2019-11-30,0
fx_operations:financial_sector:purchase:monthly,2019-12-31,0
fx_operations:financial_sector:purchase:monthly,2020-01-31,0.035
fx_operations:financial_sector:purchase:monthly,2020-02-29,0
fx_operations:financial_sector:purchase:monthly,2020-03-31,0
fx_operations:financial_sector:purchase:monthly,2020-04-30,0
fx_operations:financial_sector:purchase:monthly,2020-05-31,0
fx_operations:financial_sector:purchase:monthly,2020-06-30,0
fx_operations:financial_sector:purchase:monthly,2020-07-31,0
fx_operations:financial_sector:purchase:monthly,2020-08-31,0
fx_operations:financial_sector:purchase:monthly,2020-09-30,0
fx_operations:financial_sector:purchase:monthly,2020-10-31,0
fx_operations:financial_sector:purchase:monthly,2020-11-30,0
fx_operations:financial_sector:purchase:monthly,2020-12-31,0
fx_operations:financial_sector:purchase:monthly,2021-01-31,0
fx_operations:financial_sector:purchase:monthly,2021-02-28,0
fx_operations:financial_sector:purchase:monthly,2021-03-31,0
fx_operations:financial_sector:purchase:monthly,2021-04-30,0
fx_operations:financial_sector:purchase:monthly,2021-05-31,0
fx_operations:financial_sector:purchase:monthly,2021-06-30,0
fx_operations:financial_sector:purchase:monthly,2021-07-31,0
fx_operations:financial_sector:purchase:monthly,2021-08-31,0
fx_operations:financial_sector:purchase:monthly,2021-09-30,0
fx_operations:financial_sector:purchase:monthly,2021-10-31,0
fx_operations:financial_sector:purchase:monthly,2021-11-30,0
fx_operations:financial_sector:purchase:monthly,2021-12-31,0
fx_operations:financial_sector:purchase:monthly,2022-01-31,0
fx_operations:financial_sector:purchase:monthly,2022-02-28,0
fx_operations:financial_sector:purchase:monthly,2022-03-31,0
fx_operations:financial_sector:purchase:monthly,2022-04-30,0
fx_operations:financial_sector:purchase:monthly,2022-05-31,0
fx_operations:financial_sector:purchase:monthly,2022-06-30,0
fx_operations:financial_sector:purchase:monthly,2022-07-31,0
fx_operations:financial_sector:purchase:monthly,2022-08-31,0
fx_operations:financial_sector:purchase:monthly,2022-09-30,0
fx_operations:financial_sector:purchase:monthly,2022-10-31,0
fx_operations:financial_sector:purchase:monthly,2022-11-30,0
fx_operations:financial_sector:purchase:monthly,2022-12-31,0
fx_operations:financial_sector:purchase:monthly,2023-01-31,0
fx_operations:financial_sector:purchase:monthly,2023-02-28,0
fx_operations:financial_sector:purchase:monthly,2023-03-31,0
fx_operations:financial_sector:purchase:monthly,2023-04-30,0
fx_operations:financial_sector:purchase:monthly,2023-05-31,0
fx_operations:financial_sector:purchase:monthly,2023-06-30,0
fx_operations:financial_sector:purchase:monthly,2023-07-31,0
fx_operations:financial_sector:purchase:monthly,2023-08-31,0
fx_operations:financial_sector:purchase:monthly,2023-09-30,0
fx_operations:financial_sector:purchase:monthly,2023-10-31,0
fx_operations:financial_sector:purchase:monthly,2023-11-30,0
fx_operations:financial_sector:purchase:monthly,2023-12-31,0
fx_operations:financial_sector:purchase:monthly,2024-01-31,0
fx_operations:financial_sector:purchase:monthly,2024-02-29,0
fx_operations:financial_sector:purchase:monthly,2024-03-31,0
fx_operations:financial_sector:purchase:monthly,2024-04-30,0
fx_operations:financial_sector:purchase:monthly,2024-05-31,0
fx_operations:financial_sector:purchase:monthly,2024-06-30,0
fx_operations:financial_sector:purchase:monthly,2024-07-31,0
fx_operations:financial_sector:purchase:monthly,2024-08-31,0
fx_operations:financial_sector:purchase:monthly,2024-09-30,0
fx_operations:financial_sector:purchase:monthly,2024-10-31,0
fx_operations:financial_sector:purchase:monthly,2024-11-30,0
fx_operations:financial_sector:purchase:monthly,2024-12-31,0
fx_operations:financial_sector:purchase:monthly,2025-01-31,0
fx_operations:financial_sector:purchase:monthly,2025-02-28,0
fx_operations:financial_sector:purchase:monthly,2025-03-31,0
fx_operations:financial_sector:purchase:monthly,2025-04-30,0
fx_operations:financial_sector:purchase:monthly,2025-05-31,0
fx_operations:financial_sector:purchase:monthly,2025-06-30,0
fx_operations:financial_sector:purchase:monthly,2025-07-31,0
fx_operations:financial_sector:purchase:monthly,2025-08-31,0
fx_operations:financial_sector:purchase:monthly,2025-09-30,0
fx_operations:financial_sector:purchase:monthly,2025-10-31,0
fx_operations:financial_sector:purchase:monthly,2025-11-30,0
fx_operations:financial_sector:purchase:monthly,2025-12-31,0
fx_operations:financial_sector:purchase:monthly,2026-01-31,0
fx_operations:financial_sector:purchase:monthly,2026-02-28,0
fx_operations:financial_sector:purchase:monthly,2026-03-31,0
fx_operations:financial_sector:purchase:monthly,2026-04-30,0
fx_operations:financial_sector:purchase:monthly,2026-05-31,0
fx_operations:financial_sector:purchase:monthly,2026-06-30,0
fx_operations:financial_sector:purchase:monthly,2026-07-31,0
fx_operations:financial_sector:purchase:quarterly,1994-03-31,106.8
fx_operations:financial_sector:purchase:quarterly,1994-06-30,202.4
fx_operations:financial_sector:purchase:quarterly,1994-09-30,50.8
fx_operations:financial_sector:purchase:quarterly,1994-12-31,83.4
fx_operations:financial_sector:purchase:quarterly,1995-03-31,88.6
fx_operations:financial_sector:purchase:quarterly,1995-06-30,174.29999999999998
fx_operations:financial_sector:purchase:quarterly,1995-09-30,47.3
fx_operations:financial_sector:purchase:quarterly,1995-12-31,38.1
fx_operations:financial_sector:purchase:quarterly,1996-03-31,56.1
fx_operations:financial_sector:purchase:quarterly,1996-06-30,209.02
fx_operations:financial_sector:purchase:quarterly,1996-09-30,33.2
fx_operations:financial_sector:purchase:quarterly,1996-12-31,30.7
fx_operations:financial_sector:purchase:quarterly,1997-03-31,48.1
fx_operations:financial_sector:purchase:quarterly,1997-06-30,129.15
fx_operations:financial_sector:purchase:quarterly,1997-09-30,51.4
fx_operations:financial_sector:purchase:quarterly,1997-12-31,69.45
fx_operations:financial_sector:purchase:quarterly,1998-03-31,6.67
fx_operations:financial_sector:purchase:quarterly,1998-06-30,43.59
fx_operations:financial_sector:purchase:quarterly,1998-09-30,20.950000000000003
fx_operations:financial_sector:purchase:quarterly,1998-12-31,61.375
fx_operations:financial_sector:purchase:quarterly,1999-03-31,23.33
fx_operations:financial_sector:purchase:quarterly,1999-06-30,65.85000000000001
fx_operations:financial_sector:purchase:quarterly,1999-09-30,21.535
fx_operations:financial_sector:purchase:quarterly,1999-12-31,23
fx_operations:financial_sector:purchase:quarterly,2000-03-31,19.7
fx_operations:financial_sector:purchase:quarterly,2000-06-30,71.9
fx_operations:financial_sector:purchase:quarterly,2000-09-30,23.75
fx_operations:financial_sector:purchase:quarterly,2000-12-31,30.4
fx_operations:financial_sector:purchase:quarterly,2001-03-31,36.1
fx_operations:financial_sector:purchase:quarterly,2001-06-30,56.75
fx_operations:financial_sector:purchase:quarterly,2001-09-30,30.75
fx_operations:financial_sector:purchase:quarterly,2001-12-31,16.7
fx_operations:financial_sector:purchase:quarterly,2002-03-31,11.3
fx_operations:financial_sector:purchase:quarterly,2002-06-30,35.5
fx_operations:financial_sector:purchase:quarterly,2002-09-30,14.55
fx_operations:financial_sector:purchase:quarterly,2002-12-31,5
fx_operations:financial_sector:purchase:quarterly,2003-03-31,55.699999999999996
fx_operations:financial_sector:purchase:quarterly,2003-06-30,32
fx_operations:financial_sector:purchase:quarterly,2003-09-30,0
fx_operations:financial_sector:purchase:quarterly,2003-12-31,18.099999999999998
fx_operations:financial_sector:purchase:quarterly,2004-03-31,46.65
fx_operations:financial_sector:purchase:quarterly,2004-06-30,60.4
fx_operations:financial_sector:purchase:quarterly,2004-09-30,22.9
fx_operations:financial_sector:purchase:quarterly,2004-12-31,0
fx_operations:financial_sector:purchase:quarterly,2005-03-31,15.2
fx_operations:financial_sector:purchase:quarterly,2005-06-30,50.2
fx_operations:financial_sector:purchase:quarterly,2005-09-30,1
fx_operations:financial_sector:purchase:quarterly,2005-12-31,5.35
fx_operations:financial_sector:purchase:quarterly,2006-03-31,11.2
fx_operations:financial_sector:purchase:quarterly,2006-06-30,19.9
fx_operations:financial_sector:purchase:quarterly,2006-09-30,6.5
fx_operations:financial_sector:purchase:quarterly,2006-12-31,29.9
fx_operations:financial_sector:purchase:quarterly,2007-03-31,198.15
fx_operations:financial_sector:purchase:quarterly,2007-06-30,73
fx_operations:financial_sector:purchase:quarterly,2007-09-30,4.6
fx_operations:financial_sector:purchase:quarterly,2007-12-31,86.4
fx_operations:financial_sector:purchase:quarterly,2008-03-31,125.05454759
fx_operations:financial_sector:purchase:quarterly,2008-06-30,382.4
fx_operations:financial_sector:purchase:quarterly,2008-09-30,38.6
fx_operations:financial_sector:purchase:quarterly,2008-12-31,7
fx_operations:financial_sector:purchase:quarterly,2009-03-31,0.5
fx_operations:financial_sector:purchase:quarterly,2009-06-30,147.29397864
fx_operations:financial_sector:purchase:quarterly,2009-09-30,4
fx_operations:financial_sector:purchase:quarterly,2009-12-31,214.3
fx_operations:financial_sector:purchase:quarterly,2010-03-31,0
fx_operations:financial_sector:purchase:quarterly,2010-06-30,0
fx_operations:financial_sector:purchase:quarterly,2010-09-30,0
fx_operations:financial_sector:purchase:quarterly,2010-12-31,12.095
fx_operations:financial_sector:purchase:quarterly,2011-03-31,36
fx_operations:financial_sector:purchase:quarterly,2011-06-30,129.70000000000002
fx_operations:financial_sector:purchase:quarterly,2011-09-30,148.3
fx_operations:financial_sector:purchase:quarterly,2011-12-31,0
fx_operations:financial_sector:purchase:quarterly,2012-03-31,9.4
fx_operations:financial_sector:purchase:quarterly,2012-06-30,0
fx_operations:financial_sector:purchase:quarterly,2012-09-30,0.05
fx_operations:financial_sector:purchase:quarterly,2012-12-31,0.1
fx_operations:financial_sector:purchase:quarterly,2013-03-31,122.1
fx_operations:financial_sector:purchase:quarterly,2013-06-30,0.05
fx_operations:financial_sector:purchase:quarterly,2013-09-30,0.5
fx_operations:financial_sector:purchase:quarterly,2013-12-31,0.03
fx_operations:financial_sector:purchase:quarterly,2014-03-31,0.03
fx_operations:financial_sector:purchase:quarterly,2014-06-30,0.11000000000000001
fx_operations:financial_sector:purchase:quarterly,2014-09-30,3.75
fx_operations:financial_sector:purchase:quarterly,2014-12-31,0.22
fx_operations:financial_sector:purchase:quarterly,2015-03-31,0.07
fx_operations:financial_sector:purchase:quarterly,2015-06-30,0.155
fx_operations:financial_sector:purchase:quarterly,2015-09-30,0.12
fx_operations:financial_sector:purchase:quarterly,2015-12-31,0.22
fx_operations:financial_sector:purchase:quarterly,2016-03-31,0
fx_operations:financial_sector:purchase:quarterly,2016-06-30,0.155
fx_operations:financial_sector:purchase:quarterly,2016-09-30,0.118
fx_operations:financial_sector:purchase:quarterly,2016-12-31,0.16
fx_operations:financial_sector:purchase:quarterly,2017-03-31,0.09
fx_operations:financial_sector:purchase:quarterly,2017-06-30,0.16
fx_operations:financial_sector:purchase:quarterly,2017-09-30,0.08
fx_operations:financial_sector:purchase:quarterly,2017-12-31,0.04
fx_operations:financial_sector:purchase:quarterly,2018-03-31,0.04
fx_operations:financial_sector:purchase:quarterly,2018-06-30,0.16
fx_operations:financial_sector:purchase:quarterly,2018-09-30,0.08
fx_operations:financial_sector:purchase:quarterly,2018-12-31,0.08
fx_operations:financial_sector:purchase:quarterly,2019-03-31,0.04
fx_operations:financial_sector:purchase:quarterly,2019-06-30,0.08
fx_operations:financial_sector:purchase:quarterly,2019-09-30,0.04
fx_operations:financial_sector:purchase:quarterly,2019-12-31,0
fx_operations:financial_sector:purchase:quarterly,2020-03-31,0.035
fx_operations:financial_sector:purchase:quarterly,2020-06-30,0
fx_operations:financial_sector:purchase:quarterly,2020-09-30,0
fx_operations:financial_sector:purchase:quarterly,2020-12-31,0
fx_operations:financial_sector:purchase:quarterly,2021-03-31,0
fx_operations:financial_sector:purchase:quarterly,2021-06-30,0
fx_operations:financial_sector:purchase:quarterly,2021-09-30,0
fx_operations:financial_sector:purchase:quarterly,2021-12-31,0
fx_operations:financial_sector:purchase:quarterly,2022-03-31,0
fx_operations:financial_sector:purchase:quarterly,2022-06-30,0
fx_operations:financial_sector:purchase:quarterly,2022-09-30,0
fx_operations:financial_sector:purchase:quarterly,2022-12-31,0
fx_operations:financial_sector:purchase:quarterly,2023-03-31,0
fx_operations:financial_sector:purchase:quarterly,2023-06-30,0
fx_operations:financial_sector:purchase:quarterly,2023-09-30,0
fx_operations:financial_sector:purchase:quarterly,2023-12-31,0
fx_operations:financial_sector:purchase:quarterly,2024-03-31,0
fx_operations:financial_sector:purchase:quarterly,2024-06-30,0
fx_operations:financial_sector:purchase:quarterly,2024-09-30,0
fx_operations:financial_sector:purchase:quarterly,2024-12-31,0
fx_operations:financial_sector:purchase:quarterly,2025-03-31,0
fx_operations:financial_sector:purchase:quarterly,2025-06-30,0
fx_operations:financial_sector:purchase:quarterly,2025-09-30,0
fx_operations:financial_sector:purchase:quarterly,2025-12-31,0
fx_operations:financial_sector:purchase:quarterly,2026-03-31,0
fx_operations:financial_sector:purchase:quarterly,2026-06-30,0
fx_operations:financial_sector:purchase:quarterly,2026-09-30,0
fx_operations:financial_sector:purchase:quarterly,2026-12-31,0
fx_operations:financial_sector:sale:annual,1990-12-31,-256.9
fx_operations:financial_sector:sale:annual,1991-12-31,-18.3
fx_operations:financial_sector:sale:annual,1992-12-31,-154.8
fx_operations:financial_sector:sale:annual,1993-12-31,-367
fx_operations:financial_sector:sale:annual,1994-12-31,-250.44000000000003
fx_operations:financial_sector:sale:annual,1995-12-31,-369.3
fx_operations:financial_sector:sale:annual,1996-12-31,-565.86
fx_operations:financial_sector:sale:annual,1997-12-31,-778.252
fx_operations:financial_sector:sale:annual,1998-12-31,-415.09
fx_operations:financial_sector:sale:annual,1999-12-31,-655.2234200000001
fx_operations:financial_sector:sale:annual,2000-12-31,-605.15
fx_operations:financial_sector:sale:annual,2001-12-31,-374.25
fx_operations:financial_sector:sale:annual,2002-12-31,-248.52899999999997
fx_operations:financial_sector:sale:annual,2003-12-31,-32.9124
fx_operations:financial_sector:sale:annual,2004-12-31,-112.96478919
fx_operations:financial_sector:sale:annual,2005-12-31,-104.63409999999999
fx_operations:financial_sector:sale:annual,2006-12-31,-63.8249
fx_operations:financial_sector:sale:annual,2007-12-31,-175.9
fx_operations:financial_sector:sale:annual,2008-12-31,-565.8499999999999
fx_operations:financial_sector:sale:annual,2009-12-31,-77
fx_operations:financial_sector:sale:annual,2010-12-31,-233.89999999999998
fx_operations:financial_sector:sale:annual,2011-12-31,-207.30599999999998
fx_operations:financial_sector:sale:annual,2012-12-31,-706.5150000000001
fx_operations:financial_sector:sale:annual,2013-12-31,-517.15
fx_operations:financial_sector:sale:annual,2014-12-31,-582.3
fx_operations:financial_sector:sale:annual,2015-12-31,-1541.3
fx_operations:financial_sector:sale:annual,2016-12-31,-429.8
fx_operations:financial_sector:sale:annual,2017-12-31,-273.14
fx_operations:financial_sector:sale:annual,2018-12-31,-1273.1
fx_operations:financial_sector:sale:annual,2019-12-31,-1295.4
fx_operations:financial_sector:sale:annual,2020-12-31,-1770.3000000000002
fx_operations:financial_sector:sale:annual,2021-12-31,-1502.3
fx_operations:financial_sector:sale:annual,2022-12-31,-863.7
fx_operations:financial_sector:sale:annual,2023-12-31,-833
fx_operations:financial_sector:sale:annual,2024-12-31,-1548.8000000000002
fx_operations:financial_sector:sale:annual,2025-12-31,-694.5
fx_operations:financial_sector:sale:annual,2026-12-31,0
fx_operations:financial_sector:sale:monthly,1995-01-31,-53.1
fx_operations:financial_sector:sale:monthly,1995-02-28,-21.9
fx_operations:financial_sector:sale:monthly,1995-03-31,-30.1
fx_operations:financial_sector:sale:monthly,1995-04-30,-5
fx_operations:financial_sector:sale:monthly,1995-05-31,-26.4
fx_operations:financial_sector:sale:monthly,1995-06-30,-53.1
fx_operations:financial_sector:sale:monthly,1995-07-31,-36.1
fx_operations:financial_sector:sale:monthly,1995-08-31,-22.5
fx_operations:financial_sector:sale:monthly,1995-09-30,-3.8
fx_operations:financial_sector:sale:monthly,1995-10-31,-23.2
fx_operations:financial_sector:sale:monthly,1995-11-30,-34.9
fx_operations:financial_sector:sale:monthly,1995-12-31,-59.2
fx_operations:financial_sector:sale:monthly,1996-01-31,-86.7
fx_operations:financial_sector:sale:monthly,1996-02-29,-62.7
fx_operations:financial_sector:sale:monthly,1996-03-31,-45.3
fx_operations:financial_sector:sale:monthly,1996-04-30,-15.6
fx_operations:financial_sector:sale:monthly,1996-05-31,-28.8
fx_operations:financial_sector:sale:monthly,1996-06-30,-37.8
fx_operations:financial_sector:sale:monthly,1996-07-31,-15.3
fx_operations:financial_sector:sale:monthly,1996-08-31,-58.2
fx_operations:financial_sector:sale:monthly,1996-09-30,-54.96
fx_operations:financial_sector:sale:monthly,1996-10-31,-32.8
fx_operations:financial_sector:sale:monthly,1996-11-30,-58.7
fx_operations:financial_sector:sale:monthly,1996-12-31,-69
fx_operations:financial_sector:sale:monthly,1997-01-31,-140
fx_operations:financial_sector:sale:monthly,1997-02-28,-66
fx_operations:financial_sector:sale:monthly,1997-03-31,-12.3
fx_operations:financial_sector:sale:monthly,1997-04-30,-0.2
fx_operations:financial_sector:sale:monthly,1997-05-31,-37.7
fx_operations:financial_sector:sale:monthly,1997-06-30,-95.4
fx_operations:financial_sector:sale:monthly,1997-07-31,-66.2
fx_operations:financial_sector:sale:monthly,1997-08-31,-43.3
fx_operations:financial_sector:sale:monthly,1997-09-30,-77.102
fx_operations:financial_sector:sale:monthly,1997-10-31,-104.05
fx_operations:financial_sector:sale:monthly,1997-11-30,-100.5
fx_operations:financial_sector:sale:monthly,1997-12-31,-35.5
fx_operations:financial_sector:sale:monthly,1998-01-31,-106.9
fx_operations:financial_sector:sale:monthly,1998-02-28,-31.55
fx_operations:financial_sector:sale:monthly,1998-03-31,-40.15
fx_operations:financial_sector:sale:monthly,1998-04-30,-24
fx_operations:financial_sector:sale:monthly,1998-05-31,-11.2
fx_operations:financial_sector:sale:monthly,1998-06-30,-15.5
fx_operations:financial_sector:sale:monthly,1998-07-31,-41.49
fx_operations:financial_sector:sale:monthly,1998-08-31,-60.9
fx_operations:financial_sector:sale:monthly,1998-09-30,-36.5
fx_operations:financial_sector:sale:monthly,1998-10-31,-24
fx_operations:financial_sector:sale:monthly,1998-11-30,-9
fx_operations:financial_sector:sale:monthly,1998-12-31,-13.9
fx_operations:financial_sector:sale:monthly,1999-01-31,-102.9
fx_operations:financial_sector:sale:monthly,1999-02-28,-97.5
fx_operations:financial_sector:sale:monthly,1999-03-31,-46.65
fx_operations:financial_sector:sale:monthly,1999-04-30,-11.1
fx_operations:financial_sector:sale:monthly,1999-05-31,-35.35
fx_operations:financial_sector:sale:monthly,1999-06-30,-54.70342
fx_operations:financial_sector:sale:monthly,1999-07-31,-48
fx_operations:financial_sector:sale:monthly,1999-08-31,-35.7
fx_operations:financial_sector:sale:monthly,1999-09-30,-35.05
fx_operations:financial_sector:sale:monthly,1999-10-31,-48.45
fx_operations:financial_sector:sale:monthly,1999-11-30,-72.35
fx_operations:financial_sector:sale:monthly,1999-12-31,-67.47
fx_operations:financial_sector:sale:monthly,2000-01-31,-130.7
fx_operations:financial_sector:sale:monthly,2000-02-29,-63.95
fx_operations:financial_sector:sale:monthly,2000-03-31,-7.65
fx_operations:financial_sector:sale:monthly,2000-04-30,0
fx_operations:financial_sector:sale:monthly,2000-05-31,-40.5
fx_operations:financial_sector:sale:monthly,2000-06-30,-66
fx_operations:financial_sector:sale:monthly,2000-07-31,-58.4
fx_operations:financial_sector:sale:monthly,2000-08-31,-100.6
fx_operations:financial_sector:sale:monthly,2000-09-30,-23.9
fx_operations:financial_sector:sale:monthly,2000-10-31,-35.1
fx_operations:financial_sector:sale:monthly,2000-11-30,-44.2
fx_operations:financial_sector:sale:monthly,2000-12-31,-34.15
fx_operations:financial_sector:sale:monthly,2001-01-31,-106.4
fx_operations:financial_sector:sale:monthly,2001-02-28,-56.5
fx_operations:financial_sector:sale:monthly,2001-03-31,-37.05
fx_operations:financial_sector:sale:monthly,2001-04-30,-5.5
fx_operations:financial_sector:sale:monthly,2001-05-31,-3.3
fx_operations:financial_sector:sale:monthly,2001-06-30,-31.75
fx_operations:financial_sector:sale:monthly,2001-07-31,-32.9
fx_operations:financial_sector:sale:monthly,2001-08-31,-3.3
fx_operations:financial_sector:sale:monthly,2001-09-30,-19.99
fx_operations:financial_sector:sale:monthly,2001-10-31,-34.31
fx_operations:financial_sector:sale:monthly,2001-11-30,-28.05
fx_operations:financial_sector:sale:monthly,2001-12-31,-15.2
fx_operations:financial_sector:sale:monthly,2002-01-31,-96.07
fx_operations:financial_sector:sale:monthly,2002-02-28,-36.33
fx_operations:financial_sector:sale:monthly,2002-03-31,0
fx_operations:financial_sector:sale:monthly,2002-04-30,0
fx_operations:financial_sector:sale:monthly,2002-05-31,-13.5
fx_operations:financial_sector:sale:monthly,2002-06-30,-36.5
fx_operations:financial_sector:sale:monthly,2002-07-31,-29.7
fx_operations:financial_sector:sale:monthly,2002-08-31,-7.4
fx_operations:financial_sector:sale:monthly,2002-09-30,-0.24
fx_operations:financial_sector:sale:monthly,2002-10-31,-0.08
fx_operations:financial_sector:sale:monthly,2002-11-30,-15.959
fx_operations:financial_sector:sale:monthly,2002-12-31,-12.75
fx_operations:financial_sector:sale:monthly,2003-01-31,-20.9
fx_operations:financial_sector:sale:monthly,2003-02-28,-4.8
fx_operations:financial_sector:sale:monthly,2003-03-31,-3.19
fx_operations:financial_sector:sale:monthly,2003-04-30,0
fx_operations:financial_sector:sale:monthly,2003-05-31,-1.6
fx_operations:financial_sector:sale:monthly,2003-06-30,-0.124
fx_operations:financial_sector:sale:monthly,2003-07-31,0
fx_operations:financial_sector:sale:monthly,2003-08-31,-0.045
fx_operations:financial_sector:sale:monthly,2003-09-30,-2.0197
fx_operations:financial_sector:sale:monthly,2003-10-31,-0.1106
fx_operations:financial_sector:sale:monthly,2003-11-30,0
fx_operations:financial_sector:sale:monthly,2003-12-31,-0.1231
fx_operations:financial_sector:sale:monthly,2004-01-31,-16.8747
fx_operations:financial_sector:sale:monthly,2004-02-29,-0.0451
fx_operations:financial_sector:sale:monthly,2004-03-31,-0.1395
fx_operations:financial_sector:sale:monthly,2004-04-30,-0.1854
fx_operations:financial_sector:sale:monthly,2004-05-31,-0.2963
fx_operations:financial_sector:sale:monthly,2004-06-30,-0.284
fx_operations:financial_sector:sale:monthly,2004-07-31,-0.12568919
fx_operations:financial_sector:sale:monthly,2004-08-31,0
fx_operations:financial_sector:sale:monthly,2004-09-30,-0.0741
fx_operations:financial_sector:sale:monthly,2004-10-31,-29.7465
fx_operations:financial_sector:sale:monthly,2004-11-30,-31.747
fx_operations:financial_sector:sale:monthly,2004-12-31,-3.7
fx_operations:financial_sector:sale:monthly,2005-01-31,-14.1842
fx_operations:financial_sector:sale:monthly,2005-02-28,-1.7586
fx_operations:financial_sector:sale:monthly,2005-03-31,-0.048
fx_operations:financial_sector:sale:monthly,2005-04-30,0
fx_operations:financial_sector:sale:monthly,2005-05-31,-0.0415
fx_operations:financial_sector:sale:monthly,2005-06-30,-1.0032
fx_operations:financial_sector:sale:monthly,2005-07-31,-0.04
fx_operations:financial_sector:sale:monthly,2005-08-31,-9.16
fx_operations:financial_sector:sale:monthly,2005-09-30,-25.335
fx_operations:financial_sector:sale:monthly,2005-10-31,-13.943
fx_operations:financial_sector:sale:monthly,2005-11-30,-14.5435
fx_operations:financial_sector:sale:monthly,2005-12-31,-24.5771
fx_operations:financial_sector:sale:monthly,2006-01-31,-29.18
fx_operations:financial_sector:sale:monthly,2006-02-28,-1.9792
fx_operations:financial_sector:sale:monthly,2006-03-31,-6.202
fx_operations:financial_sector:sale:monthly,2006-04-30,-0.081
fx_operations:financial_sector:sale:monthly,2006-05-31,-0.08
fx_operations:financial_sector:sale:monthly,2006-06-30,-0.2192
fx_operations:financial_sector:sale:monthly,2006-07-31,-0.094
fx_operations:financial_sector:sale:monthly,2006-08-31,-0.107
fx_operations:financial_sector:sale:monthly,2006-09-30,-7.887
fx_operations:financial_sector:sale:monthly,2006-10-31,-3.0945
fx_operations:financial_sector:sale:monthly,2006-11-30,-14.859
fx_operations:financial_sector:sale:monthly,2006-12-31,-0.042
fx_operations:financial_sector:sale:monthly,2007-01-31,-30.3
fx_operations:financial_sector:sale:monthly,2007-02-28,0
fx_operations:financial_sector:sale:monthly,2007-03-31,0
fx_operations:financial_sector:sale:monthly,2007-04-30,-6.3
fx_operations:financial_sector:sale:monthly,2007-05-31,0
fx_operations:financial_sector:sale:monthly,2007-06-30,-9.5
fx_operations:financial_sector:sale:monthly,2007-07-31,0
fx_operations:financial_sector:sale:monthly,2007-08-31,-28.5
fx_operations:financial_sector:sale:monthly,2007-09-30,-35.2
fx_operations:financial_sector:sale:monthly,2007-10-31,-33.3
fx_operations:financial_sector:sale:monthly,2007-11-30,-25.8
fx_operations:financial_sector:sale:monthly,2007-12-31,-7
fx_operations:financial_sector:sale:monthly,2008-01-31,-3
fx_operations:financial_sector:sale:monthly,2008-02-29,-47.8
fx_operations:financial_sector:sale:monthly,2008-03-31,0
fx_operations:financial_sector:sale:monthly,2008-04-30,0
fx_operations:financial_sector:sale:monthly,2008-05-31,0
fx_operations:financial_sector:sale:monthly,2008-06-30,0
fx_operations:financial_sector:sale:monthly,2008-07-31,-32.6
fx_operations:financial_sector:sale:monthly,2008-08-31,-61.5
fx_operations:financial_sector:sale:monthly,2008-09-30,-131.5
fx_operations:financial_sector:sale:monthly,2008-10-31,-205.65
fx_operations:financial_sector:sale:monthly,2008-11-30,-55.3
fx_operations:financial_sector:sale:monthly,2008-12-31,-28.5
fx_operations:financial_sector:sale:monthly,2009-01-31,-40
fx_operations:financial_sector:sale:monthly,2009-02-28,-21
fx_operations:financial_sector:sale:monthly,2009-03-31,-6
fx_operations:financial_sector:sale:monthly,2009-04-30,0
fx_operations:financial_sector:sale:monthly,2009-05-31,0
fx_operations:financial_sector:sale:monthly,2009-06-30,0
fx_operations:financial_sector:sale:monthly,2009-07-31,0
fx_operations:financial_sector:sale:monthly,2009-08-31,0
fx_operations:financial_sector:sale:monthly,2009-09-30,0
fx_operations:financial_sector:sale:monthly,2009-10-31,0
fx_operations:financial_sector:sale:monthly,2009-11-30,0
fx_operations:financial_sector:sale:monthly,2009-12-31,-10
fx_operations:financial_sector:sale:monthly,2010-01-31,-26.5
fx_operations:financial_sector:sale:monthly,2010-02-28,-21.5
fx_operations:financial_sector:sale:monthly,2010-03-31,-4
fx_operations:financial_sector:sale:monthly,2010-04-30,-11
fx_operations:financial_sector:sale:monthly,2010-05-31,-10
fx_operations:financial_sector:sale:monthly,2010-06-30,0
fx_operations:financial_sector:sale:monthly,2010-07-31,0
fx_operations:financial_sector:sale:monthly,2010-08-31,0
fx_operations:financial_sector:sale:monthly,2010-09-30,0
fx_operations:financial_sector:sale:monthly,2010-10-31,-76.6
fx_operations:financial_sector:sale:monthly,2010-11-30,-64.8
fx_operations:financial_sector:sale:monthly,2010-12-31,-19.5
fx_operations:financial_sector:sale:monthly,2011-01-31,-40.02
fx_operations:financial_sector:sale:monthly,2011-02-28,-25.329
fx_operations:financial_sector:sale:monthly,2011-03-31,-1.8
fx_operations:financial_sector:sale:monthly,2011-04-30,0
fx_operations:financial_sector:sale:monthly,2011-05-31,-0.386
fx_operations:financial_sector:sale:monthly,2011-06-30,0
fx_operations:financial_sector:sale:monthly,2011-07-31,0
fx_operations:financial_sector:sale:monthly,2011-08-31,0
fx_operations:financial_sector:sale:monthly,2011-09-30,-25.87
fx_operations:financial_sector:sale:monthly,2011-10-31,-3
fx_operations:financial_sector:sale:monthly,2011-11-30,-107.901
fx_operations:financial_sector:sale:monthly,2011-12-31,-3
fx_operations:financial_sector:sale:monthly,2012-01-31,-162.452
fx_operations:financial_sector:sale:monthly,2012-02-29,-174.7
fx_operations:financial_sector:sale:monthly,2012-03-31,-54.661
fx_operations:financial_sector:sale:monthly,2012-04-30,-0.132
fx_operations:financial_sector:sale:monthly,2012-05-31,-66.441
fx_operations:financial_sector:sale:monthly,2012-06-30,-90.9
fx_operations:financial_sector:sale:monthly,2012-07-31,-7.15
fx_operations:financial_sector:sale:monthly,2012-08-31,-20.279
fx_operations:financial_sector:sale:monthly,2012-09-30,-11.5
fx_operations:financial_sector:sale:monthly,2012-10-31,-27
fx_operations:financial_sector:sale:monthly,2012-11-30,-67.2
fx_operations:financial_sector:sale:monthly,2012-12-31,-24.1
fx_operations:financial_sector:sale:monthly,2013-01-31,0
fx_operations:financial_sector:sale:monthly,2013-02-28,-0.055
fx_operations:financial_sector:sale:monthly,2013-03-31,-0.077
fx_operations:financial_sector:sale:monthly,2013-04-30,-18.7
fx_operations:financial_sector:sale:monthly,2013-05-31,-87.1
fx_operations:financial_sector:sale:monthly,2013-06-30,-134.4
fx_operations:financial_sector:sale:monthly,2013-07-31,-40.768
fx_operations:financial_sector:sale:monthly,2013-08-31,-80.706
fx_operations:financial_sector:sale:monthly,2013-09-30,-29.639
fx_operations:financial_sector:sale:monthly,2013-10-31,-64.143
fx_operations:financial_sector:sale:monthly,2013-11-30,-61.562
fx_operations:financial_sector:sale:monthly,2013-12-31,0
fx_operations:financial_sector:sale:monthly,2014-01-31,-179.5
fx_operations:financial_sector:sale:monthly,2014-02-28,-69
fx_operations:financial_sector:sale:monthly,2014-03-31,0
fx_operations:financial_sector:sale:monthly,2014-04-30,0
fx_operations:financial_sector:sale:monthly,2014-05-31,0
fx_operations:financial_sector:sale:monthly,2014-06-30,-38
fx_operations:financial_sector:sale:monthly,2014-07-31,-22
fx_operations:financial_sector:sale:monthly,2014-08-31,0
fx_operations:financial_sector:sale:monthly,2014-09-30,-1.8
fx_operations:financial_sector:sale:monthly,2014-10-31,-112
fx_operations:financial_sector:sale:monthly,2014-11-30,-80
fx_operations:financial_sector:sale:monthly,2014-12-31,-80
fx_operations:financial_sector:sale:monthly,2015-01-31,-84
fx_operations:financial_sector:sale:monthly,2015-02-28,-77.5
fx_operations:financial_sector:sale:monthly,2015-03-31,-14.5
fx_operations:financial_sector:sale:monthly,2015-04-30,-13.5
fx_operations:financial_sector:sale:monthly,2015-05-31,-86.6
fx_operations:financial_sector:sale:monthly,2015-06-30,-152
fx_operations:financial_sector:sale:monthly,2015-07-31,-169.3
fx_operations:financial_sector:sale:monthly,2015-08-31,-291.7
fx_operations:financial_sector:sale:monthly,2015-09-30,-212.9
fx_operations:financial_sector:sale:monthly,2015-10-31,-192
fx_operations:financial_sector:sale:monthly,2015-11-30,-118.1
fx_operations:financial_sector:sale:monthly,2015-12-31,-129.2
fx_operations:financial_sector:sale:monthly,2016-01-31,-175.8
fx_operations:financial_sector:sale:monthly,2016-02-29,-40.8
fx_operations:financial_sector:sale:monthly,2016-03-31,-2
fx_operations:financial_sector:sale:monthly,2016-04-30,0
fx_operations:financial_sector:sale:monthly,2016-05-31,-5.1
fx_operations:financial_sector:sale:monthly,2016-06-30,-3.6
fx_operations:financial_sector:sale:monthly,2016-07-31,0
fx_operations:financial_sector:sale:monthly,2016-08-31,0
fx_operations:financial_sector:sale:monthly,2016-09-30,0
fx_operations:financial_sector:sale:monthly,2016-10-31,-47.9
fx_operations:financial_sector:sale:monthly,2016-11-30,-124.4
fx_operations:financial_sector:sale:monthly,2016-12-31,-30.2
fx_operations:financial_sector:sale:monthly,2017-01-31,-29.6
fx_operations:financial_sector:sale:monthly,2017-02-28,-9
fx_operations:financial_sector:sale:monthly,2017-03-31,-8
fx_operations:financial_sector:sale:monthly,2017-04-30,0
fx_operations:financial_sector:sale:monthly,2017-05-31,-66.2
fx_operations:financial_sector:sale:monthly,2017-06-30,0
fx_operations:financial_sector:sale:monthly,2017-07-31,-2
fx_operations:financial_sector:sale:monthly,2017-08-31,-71
fx_operations:financial_sector:sale:monthly,2017-09-30,-39.1
fx_operations:financial_sector:sale:monthly,2017-10-31,-14.3
fx_operations:financial_sector:sale:monthly,2017-11-30,-33.94
fx_operations:financial_sector:sale:monthly,2017-12-31,0
fx_operations:financial_sector:sale:monthly,2018-01-31,-17.1
fx_operations:financial_sector:sale:monthly,2018-02-28,-21.2
fx_operations:financial_sector:sale:monthly,2018-03-31,-68.3
fx_operations:financial_sector:sale:monthly,2018-04-30,-74.7
fx_operations:financial_sector:sale:monthly,2018-05-31,-327.5
fx_operations:financial_sector:sale:monthly,2018-06-30,-109.6
fx_operations:financial_sector:sale:monthly,2018-07-31,-72.7
fx_operations:financial_sector:sale:monthly,2018-08-31,-182.1
fx_operations:financial_sector:sale:monthly,2018-09-30,-116.6
fx_operations:financial_sector:sale:monthly,2018-10-31,-178.6
fx_operations:financial_sector:sale:monthly,2018-11-30,-67.5
fx_operations:financial_sector:sale:monthly,2018-12-31,-37.2
fx_operations:financial_sector:sale:monthly,2019-01-31,-129.9
fx_operations:financial_sector:sale:monthly,2019-02-28,-25.7
fx_operations:financial_sector:sale:monthly,2019-03-31,-113.6
fx_operations:financial_sector:sale:monthly,2019-04-30,-221.2
fx_operations:financial_sector:sale:monthly,2019-05-31,-286
fx_operations:financial_sector:sale:monthly,2019-06-30,-59
fx_operations:financial_sector:sale:monthly,2019-07-31,-24.9
fx_operations:financial_sector:sale:monthly,2019-08-31,-78
fx_operations:financial_sector:sale:monthly,2019-09-30,-102.4
fx_operations:financial_sector:sale:monthly,2019-10-31,-162.4
fx_operations:financial_sector:sale:monthly,2019-11-30,-61.9
fx_operations:financial_sector:sale:monthly,2019-12-31,-30.4
fx_operations:financial_sector:sale:monthly,2020-01-31,-113.7
fx_operations:financial_sector:sale:monthly,2020-02-29,-52.2
fx_operations:financial_sector:sale:monthly,2020-03-31,-93.6
fx_operations:financial_sector:sale:monthly,2020-04-30,-100
fx_operations:financial_sector:sale:monthly,2020-05-31,-146.1
fx_operations:financial_sector:sale:monthly,2020-06-30,-207.5
fx_operations:financial_sector:sale:monthly,2020-07-31,-283.2
fx_operations:financial_sector:sale:monthly,2020-08-31,-136.4
fx_operations:financial_sector:sale:monthly,2020-09-30,-113
fx_operations:financial_sector:sale:monthly,2020-10-31,-232.2
fx_operations:financial_sector:sale:monthly,2020-11-30,-170.8
fx_operations:financial_sector:sale:monthly,2020-12-31,-121.6
fx_operations:financial_sector:sale:monthly,2021-01-31,-130.3
fx_operations:financial_sector:sale:monthly,2021-02-28,-95.1
fx_operations:financial_sector:sale:monthly,2021-03-31,-95.5
fx_operations:financial_sector:sale:monthly,2021-04-30,-24
fx_operations:financial_sector:sale:monthly,2021-05-31,-92.2
fx_operations:financial_sector:sale:monthly,2021-06-30,-107.9
fx_operations:financial_sector:sale:monthly,2021-07-31,-113.5
fx_operations:financial_sector:sale:monthly,2021-08-31,-172.4
fx_operations:financial_sector:sale:monthly,2021-09-30,-172.1
fx_operations:financial_sector:sale:monthly,2021-10-31,-232.5
fx_operations:financial_sector:sale:monthly,2021-11-30,-228.8
fx_operations:financial_sector:sale:monthly,2021-12-31,-38
fx_operations:financial_sector:sale:monthly,2022-01-31,-230.9
fx_operations:financial_sector:sale:monthly,2022-02-28,-175.1
fx_operations:financial_sector:sale:monthly,2022-03-31,-144.6
fx_operations:financial_sector:sale:monthly,2022-04-30,-75
fx_operations:financial_sector:sale:monthly,2022-05-31,-74.1
fx_operations:financial_sector:sale:monthly,2022-06-30,-8.5
fx_operations:financial_sector:sale:monthly,2022-07-31,0
fx_operations:financial_sector:sale:monthly,2022-08-31,0
fx_operations:financial_sector:sale:monthly,2022-09-30,0
fx_operations:financial_sector:sale:monthly,2022-10-31,-60.5
fx_operations:financial_sector:sale:monthly,2022-11-30,-47.5
fx_operations:financial_sector:sale:monthly,2022-12-31,-47.5
fx_operations:financial_sector:sale:monthly,2023-01-31,-225.3
fx_operations:financial_sector:sale:monthly,2023-02-28,-120
fx_operations:financial_sector:sale:monthly,2023-03-31,-73.7
fx_operations:financial_sector:sale:monthly,2023-04-30,-29.4
fx_operations:financial_sector:sale:monthly,2023-05-31,-29.5
fx_operations:financial_sector:sale:monthly,2023-06-30,0
fx_operations:financial_sector:sale:monthly,2023-07-31,0
fx_operations:financial_sector:sale:monthly,2023-08-31,0
fx_operations:financial_sector:sale:monthly,2023-09-30,0
fx_operations:financial_sector:sale:monthly,2023-10-31,-88
fx_operations:financial_sector:sale:monthly,2023-11-30,-184.5
fx_operations:financial_sector:sale:monthly,2023-12-31,-82.6
fx_operations:financial_sector:sale:monthly,2024-01-31,-60
fx_operations:financial_sector:sale:monthly,2024-02-29,-3.5
fx_operations:financial_sector:sale:monthly,2024-03-31,-16
fx_operations:financial_sector:sale:monthly,2024-04-30,-324.8
fx_operations:financial_sector:sale:monthly,2024-05-31,-195.3
fx_operations:financial_sector:sale:monthly,2024-06-30,-115.9
fx_operations:financial_sector:sale:monthly,2024-07-31,-149.7
fx_operations:financial_sector:sale:monthly,2024-08-31,-168.1
fx_operations:financial_sector:sale:monthly,2024-09-30,-170.6
fx_operations:financial_sector:sale:monthly,2024-10-31,-225
fx_operations:financial_sector:sale:monthly,2024-11-30,-117.9
fx_operations:financial_sector:sale:monthly,2024-12-31,-2
fx_operations:financial_sector:sale:monthly,2025-01-31,-85.6
fx_operations:financial_sector:sale:monthly,2025-02-28,-115.4
fx_operations:financial_sector:sale:monthly,2025-03-31,-190.6
fx_operations:financial_sector:sale:monthly,2025-04-30,-177.9
fx_operations:financial_sector:sale:monthly,2025-05-31,-35
fx_operations:financial_sector:sale:monthly,2025-06-30,-26
fx_operations:financial_sector:sale:monthly,2025-07-31,0
fx_operations:financial_sector:sale:monthly,2025-08-31,-24.8
fx_operations:financial_sector:sale:monthly,2025-09-30,-8.8
fx_operations:financial_sector:sale:monthly,2025-10-31,-30.4
fx_operations:financial_sector:sale:monthly,2025-11-30,0
fx_operations:financial_sector:sale:monthly,2025-12-31,0
fx_operations:financial_sector:sale:monthly,2026-01-31,0
fx_operations:financial_sector:sale:monthly,2026-02-28,0
fx_operations:financial_sector:sale:monthly,2026-03-31,0
fx_operations:financial_sector:sale:monthly,2026-04-30,0
fx_operations:financial_sector:sale:monthly,2026-05-31,0
fx_operations:financial_sector:sale:monthly,2026-06-30,0
fx_operations:financial_sector:sale:monthly,2026-07-31,0
fx_operations:financial_sector:sale:quarterly,1994-03-31,-140.1
fx_operations:financial_sector:sale:quarterly,1994-06-30,-34.2
fx_operations:financial_sector:sale:quarterly,1994-09-30,-39.739999999999995
fx_operations:financial_sector:sale:quarterly,1994-12-31,-36.4
fx_operations:financial_sector:sale:quarterly,1995-03-31,-105.1
fx_operations:financial_sector:sale:quarterly,1995-06-30,-84.5
fx_operations:financial_sector:sale:quarterly,1995-09-30,-62.4
fx_operations:financial_sector:sale:quarterly,1995-12-31,-117.3
fx_operations:financial_sector:sale:quarterly,1996-03-31,-194.7
fx_operations:financial_sector:sale:quarterly,1996-06-30,-82.19999999999999
fx_operations:financial_sector:sale:quarterly,1996-09-30,-128.46
fx_operations:financial_sector:sale:quarterly,1996-12-31,-160.5
fx_operations:financial_sector:sale:quarterly,1997-03-31,-218.3
fx_operations:financial_sector:sale:quarterly,1997-06-30,-133.3
fx_operations:financial_sector:sale:quarterly,1997-09-30,-186.602
fx_operations:financial_sector:sale:quarterly,1997-12-31,-240.05
fx_operations:financial_sector:sale:quarterly,1998-03-31,-178.60000000000002
fx_operations:financial_sector:sale:quarterly,1998-06-30,-50.7
fx_operations:financial_sector:sale:quarterly,1998-09-30,-138.89
fx_operations:financial_sector:sale:quarterly,1998-12-31,-46.9
fx_operations:financial_sector:sale:quarterly,1999-03-31,-247.05
fx_operations:financial_sector:sale:quarterly,1999-06-30,-101.15342000000001
fx_operations:financial_sector:sale:quarterly,1999-09-30,-118.75
fx_operations:financial_sector:sale:quarterly,1999-12-31,-188.26999999999998
fx_operations:financial_sector:sale:quarterly,2000-03-31,-202.29999999999998
fx_operations:financial_sector:sale:quarterly,2000-06-30,-106.5
fx_operations:financial_sector:sale:quarterly,2000-09-30,-182.9
fx_operations:financial_sector:sale:quarterly,2000-12-31,-113.45000000000002
fx_operations:financial_sector:sale:quarterly,2001-03-31,-199.95
fx_operations:financial_sector:sale:quarterly,2001-06-30,-40.55
fx_operations:financial_sector:sale:quarterly,2001-09-30,-56.19
fx_operations:financial_sector:sale:quarterly,2001-12-31,-77.56
fx_operations:financial_sector:sale:quarterly,2002-03-31,-132.39999999999998
fx_operations:financial_sector:sale:quarterly,2002-06-30,-50
fx_operations:financial_sector:sale:quarterly,2002-09-30,-37.34
fx_operations:financial_sector:sale:quarterly,2002-12-31,-28.788999999999998
fx_operations:financial_sector:sale:quarterly,2003-03-31,-28.89
fx_operations:financial_sector:sale:quarterly,2003-06-30,-1.7240000000000002
fx_operations:financial_sector:sale:quarterly,2003-09-30,-2.0646999999999998
fx_operations:financial_sector:sale:quarterly,2003-12-31,-0.23370000000000002
fx_operations:financial_sector:sale:quarterly,2004-03-31,-17.059300000000004
fx_operations:financial_sector:sale:quarterly,2004-06-30,-0.7657
fx_operations:financial_sector:sale:quarterly,2004-09-30,-0.19978919
fx_operations:financial_sector:sale:quarterly,2004-12-31,-65.1935
fx_operations:financial_sector:sale:quarterly,2005-03-31,-15.9908
fx_operations:financial_sector:sale:quarterly,2005-06-30,-1.0447000000000002
fx_operations:financial_sector:sale:quarterly,2005-09-30,-34.535
fx_operations:financial_sector:sale:quarterly,2005-12-31,-53.0636
fx_operations:financial_sector:sale:quarterly,2006-03-31,-37.3612
fx_operations:financial_sector:sale:quarterly,2006-06-30,-0.3802
fx_operations:financial_sector:sale:quarterly,2006-09-30,-8.088
fx_operations:financial_sector:sale:quarterly,2006-12-31,-17.9955
fx_operations:financial_sector:sale:quarterly,2007-03-31,-30.3
fx_operations:financial_sector:sale:quarterly,2007-06-30,-15.8
fx_operations:financial_sector:sale:quarterly,2007-09-30,-63.7
fx_operations:financial_sector:sale:quarterly,2007-12-31,-66.1
fx_operations:financial_sector:sale:quarterly,2008-03-31,-50.8
fx_operations:financial_sector:sale:quarterly,2008-06-30,0
fx_operations:financial_sector:sale:quarterly,2008-09-30,-225.6
fx_operations:financial_sector:sale:quarterly,2008-12-31,-289.45
fx_operations:financial_sector:sale:quarterly,2009-03-31,-67
fx_operations:financial_sector:sale:quarterly,2009-06-30,0
fx_operations:financial_sector:sale:quarterly,2009-09-30,0
fx_operations:financial_sector:sale:quarterly,2009-12-31,-10
fx_operations:financial_sector:sale:quarterly,2010-03-31,-52
fx_operations:financial_sector:sale:quarterly,2010-06-30,-21
fx_operations:financial_sector:sale:quarterly,2010-09-30,0
fx_operations:financial_sector:sale:quarterly,2010-12-31,-160.89999999999998
fx_operations:financial_sector:sale:quarterly,2011-03-31,-67.149
fx_operations:financial_sector:sale:quarterly,2011-06-30,-0.386
fx_operations:financial_sector:sale:quarterly,2011-09-30,-25.87
fx_operations:financial_sector:sale:quarterly,2011-12-31,-113.901
fx_operations:financial_sector:sale:quarterly,2012-03-31,-391.813
fx_operations:financial_sector:sale:quarterly,2012-06-30,-157.473
fx_operations:financial_sector:sale:quarterly,2012-09-30,-38.929
fx_operations:financial_sector:sale:quarterly,2012-12-31,-118.30000000000001
fx_operations:financial_sector:sale:quarterly,2013-03-31,-0.132
fx_operations:financial_sector:sale:quarterly,2013-06-30,-240.2
fx_operations:financial_sector:sale:quarterly,2013-09-30,-151.113
fx_operations:financial_sector:sale:quarterly,2013-12-31,-125.705
fx_operations:financial_sector:sale:quarterly,2014-03-31,-248.5
fx_operations:financial_sector:sale:quarterly,2014-06-30,-38
fx_operations:financial_sector:sale:quarterly,2014-09-30,-23.8
fx_operations:financial_sector:sale:quarterly,2014-12-31,-272
fx_operations:financial_sector:sale:quarterly,2015-03-31,-176
fx_operations:financial_sector:sale:quarterly,2015-06-30,-252.1
fx_operations:financial_sector:sale:quarterly,2015-09-30,-673.9
fx_operations:financial_sector:sale:quarterly,2015-12-31,-439.3
fx_operations:financial_sector:sale:quarterly,2016-03-31,-218.60000000000002
fx_operations:financial_sector:sale:quarterly,2016-06-30,-8.7
fx_operations:financial_sector:sale:quarterly,2016-09-30,0
fx_operations:financial_sector:sale:quarterly,2016-12-31,-202.5
fx_operations:financial_sector:sale:quarterly,2017-03-31,-46.6
fx_operations:financial_sector:sale:quarterly,2017-06-30,-66.2
fx_operations:financial_sector:sale:quarterly,2017-09-30,-112.1
fx_operations:financial_sector:sale:quarterly,2017-12-31,-48.239999999999995
fx_operations:financial_sector:sale:quarterly,2018-03-31,-106.6
fx_operations:financial_sector:sale:quarterly,2018-06-30,-511.79999999999995
fx_operations:financial_sector:sale:quarterly,2018-09-30,-371.4
fx_operations:financial_sector:sale:quarterly,2018-12-31,-283.3
fx_operations:financial_sector:sale:quarterly,2019-03-31,-269.2
fx_operations:financial_sector:sale:quarterly,2019-06-30,-566.2
fx_operations:financial_sector:sale:quarterly,2019-09-30,-205.3
fx_operations:financial_sector:sale:quarterly,2019-12-31,-254.70000000000002
fx_operations:financial_sector:sale:quarterly,2020-03-31,-259.5
fx_operations:financial_sector:sale:quarterly,2020-06-30,-453.6
fx_operations:financial_sector:sale:quarterly,2020-09-30,-532.6
fx_operations:financial_sector:sale:quarterly,2020-12-31,-524.6
fx_operations:financial_sector:sale:quarterly,2021-03-31,-320.9
fx_operations:financial_sector:sale:quarterly,2021-06-30,-224.10000000000002
fx_operations:financial_sector:sale:quarterly,2021-09-30,-458
fx_operations:financial_sector:sale:quarterly,2021-12-31,-499.3
fx_operations:financial_sector:sale:quarterly,2022-03-31,-550.6
fx_operations:financial_sector:sale:quarterly,2022-06-30,-157.6
fx_operations:financial_sector:sale:quarterly,2022-09-30,0
fx_operations:financial_sector:sale:quarterly,2022-12-31,-155.5
fx_operations:financial_sector:sale:quarterly,2023-03-31,-419
fx_operations:financial_sector:sale:quarterly,2023-06-30,-58.9
fx_operations:financial_sector:sale:quarterly,2023-09-30,0
fx_operations:financial_sector:sale:quarterly,2023-12-31,-355.1
fx_operations:financial_sector:sale:quarterly,2024-03-31,-79.5
fx_operations:financial_sector:sale:quarterly,2024-06-30,-636
fx_operations:financial_sector:sale:quarterly,2024-09-30,-488.4
fx_operations:financial_sector:sale:quarterly,2024-12-31,-344.9
fx_operations:financial_sector:sale:quarterly,2025-03-31,-391.6
fx_operations:financial_sector:sale:quarterly,2025-06-30,-238.9
fx_operations:financial_sector:sale:quarterly,2025-09-30,-33.6
fx_operations:financial_sector:sale:quarterly,2025-12-31,-30.4
fx_operations:financial_sector:sale:quarterly,2026-03-31,0
fx_operations:financial_sector:sale:quarterly,2026-06-30,0
fx_operations:financial_sector:sale:quarterly,2026-09-30,0
fx_operations:financial_sector:sale:quarterly,2026-12-31,0
fx_operations:other_operations:net:annual,1990-12-31,163.2
fx_operations:other_operations:net:annual,1991-12-31,123.3
fx_operations:other_operations:net:annual,1992-12-31,160
fx_operations:other_operations:net:annual,1993-12-31,199.5
fx_operations:other_operations:net:annual,1994-12-31,254.62623000000002
fx_operations:other_operations:net:annual,1995-12-31,211.84881000000001
fx_operations:other_operations:net:annual,1996-12-31,214.915
fx_operations:other_operations:net:annual,1997-12-31,76.80979599999999
fx_operations:other_operations:net:annual,1998-12-31,-0.23422691
fx_operations:other_operations:net:annual,1999-12-31,-3.01065189
fx_operations:other_operations:net:annual,2000-12-31,0.28160218999999964
fx_operations:other_operations:net:annual,2001-12-31,0.048722410000000105
fx_operations:other_operations:net:annual,2002-12-31,4.352093230000001
fx_operations:other_operations:net:annual,2003-12-31,15.032531520000001
fx_operations:other_operations:net:annual,2004-12-31,36.03454033
fx_operations:other_operations:net:annual,2005-12-31,35.09507475
fx_operations:other_operations:net:annual,2006-12-31,54.851660869999996
fx_operations:other_operations:net:annual,2007-12-31,84.99878845
fx_operations:other_operations:net:annual,2008-12-31,-8.62377227
fx_operations:other_operations:net:annual,2009-12-31,-2.07287574
fx_operations:other_operations:net:annual,2010-12-31,-1.9160586299999998
fx_operations:other_operations:net:annual,2011-12-31,-5.89385388
fx_operations:other_operations:net:annual,2012-12-31,3.27836988
fx_operations:other_operations:net:annual,2013-12-31,7.64258207
fx_operations:other_operations:net:annual,2014-12-31,4.37158283
fx_operations:other_operations:net:annual,2015-12-31,0.9464999999999999
fx_operations:other_operations:net:annual,2016-12-31,1.0150000000000001
fx_operations:other_operations:net:annual,2017-12-31,1.39047321
fx_operations:other_operations:net:annual,2018-12-31,-8.09395774
fx_operations:other_operations:net:annual,2019-12-31,13.511277980000001
fx_operations:other_operations:net:annual,2020-12-31,9.867119449999999
fx_operations:other_operations:net:annual,2021-12-31,40.328375640000004
fx_operations:other_operations:net:annual,2022-12-31,7.883799519944532
fx_operations:other_operations:net:annual,2023-12-31,-3.3233892199999993
fx_operations:other_operations:net:annual,2024-12-31,29.48201651672548
fx_operations:other_operations:net:annual,2025-12-31,53.328752720000004
fx_operations:other_operations:net:annual,2026-12-31,1.01291163
fx_operations:other_operations:net:monthly,1995-01-31,15.0805
fx_operations:other_operations:net:monthly,1995-02-28,13.170000000000002
fx_operations:other_operations:net:monthly,1995-03-31,13.690309999999998
fx_operations:other_operations:net:monthly,1995-04-30,12.4
fx_operations:other_operations:net:monthly,1995-05-31,14.3
fx_operations:other_operations:net:monthly,1995-06-30,10.9
fx_operations:other_operations:net:monthly,1995-07-31,24.849999999999998
fx_operations:other_operations:net:monthly,1995-08-31,22.692999999999998
fx_operations:other_operations:net:monthly,1995-09-30,18.392999999999997
fx_operations:other_operations:net:monthly,1995-10-31,14.872
fx_operations:other_operations:net:monthly,1995-11-30,24.5
fx_operations:other_operations:net:monthly,1995-12-31,27
fx_operations:other_operations:net:monthly,1996-01-31,15.4
fx_operations:other_operations:net:monthly,1996-02-29,18.5
fx_operations:other_operations:net:monthly,1996-03-31,19.635
fx_operations:other_operations:net:monthly,1996-04-30,18.3
fx_operations:other_operations:net:monthly,1996-05-31,14.7
fx_operations:other_operations:net:monthly,1996-06-30,13.5
fx_operations:other_operations:net:monthly,1996-07-31,21.1
fx_operations:other_operations:net:monthly,1996-08-31,19.5
fx_operations:other_operations:net:monthly,1996-09-30,15.9
fx_operations:other_operations:net:monthly,1996-10-31,22.18
fx_operations:other_operations:net:monthly,1996-11-30,11.8
fx_operations:other_operations:net:monthly,1996-12-31,24.4
fx_operations:other_operations:net:monthly,1997-01-31,21.3
fx_operations:other_operations:net:monthly,1997-02-28,17
fx_operations:other_operations:net:monthly,1997-03-31,16.3
fx_operations:other_operations:net:monthly,1997-04-30,16.4
fx_operations:other_operations:net:monthly,1997-05-31,4.8
fx_operations:other_operations:net:monthly,1997-06-30,0.073196
fx_operations:other_operations:net:monthly,1997-07-31,0
fx_operations:other_operations:net:monthly,1997-08-31,0.12
fx_operations:other_operations:net:monthly,1997-09-30,1
fx_operations:other_operations:net:monthly,1997-10-31,3.8166
fx_operations:other_operations:net:monthly,1997-11-30,-5
fx_operations:other_operations:net:monthly,1997-12-31,1
fx_operations:other_operations:net:monthly,1998-01-31,0.31770277
fx_operations:other_operations:net:monthly,1998-02-28,-0.71812351
fx_operations:other_operations:net:monthly,1998-03-31,-0.09064688
fx_operations:other_operations:net:monthly,1998-04-30,0.03629037
fx_operations:other_operations:net:monthly,1998-05-31,0.11377656
fx_operations:other_operations:net:monthly,1998-06-30,0
fx_operations:other_operations:net:monthly,1998-07-31,-0.03105188
fx_operations:other_operations:net:monthly,1998-08-31,-0.19466649
fx_operations:other_operations:net:monthly,1998-09-30,0
fx_operations:other_operations:net:monthly,1998-10-31,0.30148160999999996
fx_operations:other_operations:net:monthly,1998-11-30,0
fx_operations:other_operations:net:monthly,1998-12-31,0.03101054
fx_operations:other_operations:net:monthly,1999-01-31,0
fx_operations:other_operations:net:monthly,1999-02-28,0
fx_operations:other_operations:net:monthly,1999-03-31,-2.4
fx_operations:other_operations:net:monthly,1999-04-30,0
fx_operations:other_operations:net:monthly,1999-05-31,0.76786037
fx_operations:other_operations:net:monthly,1999-06-30,0
fx_operations:other_operations:net:monthly,1999-07-31,-0.02592018
fx_operations:other_operations:net:monthly,1999-08-31,-0.78174458
fx_operations:other_operations:net:monthly,1999-09-30,-0.6
fx_operations:other_operations:net:monthly,1999-10-31,0
fx_operations:other_operations:net:monthly,1999-11-30,0.0291525
fx_operations:other_operations:net:monthly,1999-12-31,0
fx_operations:other_operations:net:monthly,2000-01-31,0
fx_operations:other_operations:net:monthly,2000-02-29,0
fx_operations:other_operations:net:monthly,2000-03-31,-1.4
fx_operations:other_operations:net:monthly,2000-04-30,0.3049981
fx_operations:other_operations:net:monthly,2000-05-31,0.56
fx_operations:other_operations:net:monthly,2000-06-30,-0.08474091
fx_operations:other_operations:net:monthly,2000-07-31,-0.3
fx_operations:other_operations:net:monthly,2000-08-31,-0.088808
fx_operations:other_operations:net:monthly,2000-09-30,0
fx_operations:other_operations:net:monthly,2000-10-31,-2.1950000000000003
fx_operations:other_operations:net:monthly,2000-11-30,1.164
fx_operations:other_operations:net:monthly,2000-12-31,2.3211530000000002
fx_operations:other_operations:net:monthly,2001-01-31,-0.13052481999999999
fx_operations:other_operations:net:monthly,2001-02-28,0.19
fx_operations:other_operations:net:monthly,2001-03-31,-0.53236728
fx_operations:other_operations:net:monthly,2001-04-30,-1.87101315
fx_operations:other_operations:net:monthly,2001-05-31,-0.004199999999999995
fx_operations:other_operations:net:monthly,2001-06-30,2.30750469
fx_operations:other_operations:net:monthly,2001-07-31,0.6969288100000001
fx_operations:other_operations:net:monthly,2001-08-31,0.07839416
fx_operations:other_operations:net:monthly,2001-09-30,-1.912
fx_operations:other_operations:net:monthly,2001-10-31,-0.145
fx_operations:other_operations:net:monthly,2001-11-30,0.2
fx_operations:other_operations:net:monthly,2001-12-31,1.171
fx_operations:other_operations:net:monthly,2002-01-31,-0.410411
fx_operations:other_operations:net:monthly,2002-02-28,0
fx_operations:other_operations:net:monthly,2002-03-31,0
fx_operations:other_operations:net:monthly,2002-04-30,-0.228379
fx_operations:other_operations:net:monthly,2002-05-31,4.28
fx_operations:other_operations:net:monthly,2002-06-30,0.42066676000000014
fx_operations:other_operations:net:monthly,2002-07-31,0.36124683
fx_operations:other_operations:net:monthly,2002-08-31,0.9063684
fx_operations:other_operations:net:monthly,2002-09-30,0.05729764
fx_operations:other_operations:net:monthly,2002-10-31,-1.0346964
fx_operations:other_operations:net:monthly,2002-11-30,0
fx_operations:other_operations:net:monthly,2002-12-31,0
fx_operations:other_operations:net:monthly,2003-01-31,0
fx_operations:other_operations:net:monthly,2003-02-28,0
fx_operations:other_operations:net:monthly,2003-03-31,0
fx_operations:other_operations:net:monthly,2003-04-30,-0.0015408499999999825
fx_operations:other_operations:net:monthly,2003-05-31,-0.14175304
fx_operations:other_operations:net:monthly,2003-06-30,0
fx_operations:other_operations:net:monthly,2003-07-31,-0.03748039
fx_operations:other_operations:net:monthly,2003-08-31,0
fx_operations:other_operations:net:monthly,2003-09-30,0
fx_operations:other_operations:net:monthly,2003-10-31,-0.1371942
fx_operations:other_operations:net:monthly,2003-11-30,4.35
fx_operations:other_operations:net:monthly,2003-12-31,11.0005
fx_operations:other_operations:net:monthly,2004-01-31,3.52553859
fx_operations:other_operations:net:monthly,2004-02-29,3.07223383
fx_operations:other_operations:net:monthly,2004-03-31,1.2042664499999998
fx_operations:other_operations:net:monthly,2004-04-30,0.0026353599999999755
fx_operations:other_operations:net:monthly,2004-05-31,2.5
fx_operations:other_operations:net:monthly,2004-06-30,2.03481282
fx_operations:other_operations:net:monthly,2004-07-31,3.5
fx_operations:other_operations:net:monthly,2004-08-31,2.00874348
fx_operations:other_operations:net:monthly,2004-09-30,2
fx_operations:other_operations:net:monthly,2004-10-31,3.50007652
fx_operations:other_operations:net:monthly,2004-11-30,2.00890324
fx_operations:other_operations:net:monthly,2004-12-31,7.177253519999999
fx_operations:other_operations:net:monthly,2005-01-31,6.11630948
fx_operations:other_operations:net:monthly,2005-02-28,1.5264364400000001
fx_operations:other_operations:net:monthly,2005-03-31,1.54585
fx_operations:other_operations:net:monthly,2005-04-30,-0.33086971
fx_operations:other_operations:net:monthly,2005-05-31,5.9
fx_operations:other_operations:net:monthly,2005-06-30,2.99998508
fx_operations:other_operations:net:monthly,2005-07-31,1.5076800000000001
fx_operations:other_operations:net:monthly,2005-08-31,0.50776585
fx_operations:other_operations:net:monthly,2005-09-30,2
fx_operations:other_operations:net:monthly,2005-10-31,1.04578684
fx_operations:other_operations:net:monthly,2005-11-30,3.77958277
fx_operations:other_operations:net:monthly,2005-12-31,8.496548
fx_operations:other_operations:net:monthly,2006-01-31,8.450118
fx_operations:other_operations:net:monthly,2006-02-28,8.524895279999999
fx_operations:other_operations:net:monthly,2006-03-31,0
fx_operations:other_operations:net:monthly,2006-04-30,-1.14999779
fx_operations:other_operations:net:monthly,2006-05-31,15
fx_operations:other_operations:net:monthly,2006-06-30,2.7725123099999998
fx_operations:other_operations:net:monthly,2006-07-31,3.1710243700000005
fx_operations:other_operations:net:monthly,2006-08-31,1.16356126
fx_operations:other_operations:net:monthly,2006-09-30,3.2305696200000003
fx_operations:other_operations:net:monthly,2006-10-31,0.9966530200000001
fx_operations:other_operations:net:monthly,2006-11-30,3.04099516
fx_operations:other_operations:net:monthly,2006-12-31,9.65132964
fx_operations:other_operations:net:monthly,2007-01-31,1.99796186
fx_operations:other_operations:net:monthly,2007-02-28,5.730056079999999
fx_operations:other_operations:net:monthly,2007-03-31,3.9218249899999997
fx_operations:other_operations:net:monthly,2007-04-30,6.75414097
fx_operations:other_operations:net:monthly,2007-05-31,19.39
fx_operations:other_operations:net:monthly,2007-06-30,9.06
fx_operations:other_operations:net:monthly,2007-07-31,3.444234
fx_operations:other_operations:net:monthly,2007-08-31,9.298570549999999
fx_operations:other_operations:net:monthly,2007-09-30,6
fx_operations:other_operations:net:monthly,2007-10-31,3.114
fx_operations:other_operations:net:monthly,2007-11-30,3.785
fx_operations:other_operations:net:monthly,2007-12-31,12.503
fx_operations:other_operations:net:monthly,2008-01-31,-4.66254596
fx_operations:other_operations:net:monthly,2008-02-29,-0.21592504
fx_operations:other_operations:net:monthly,2008-03-31,-0.79779621
fx_operations:other_operations:net:monthly,2008-04-30,-0.063
fx_operations:other_operations:net:monthly,2008-05-31,-0.206
fx_operations:other_operations:net:monthly,2008-06-30,-0.36292375
fx_operations:other_operations:net:monthly,2008-07-31,-0.18742062999999998
fx_operations:other_operations:net:monthly,2008-08-31,-1.18752972
fx_operations:other_operations:net:monthly,2008-09-30,-0.133
fx_operations:other_operations:net:monthly,2008-10-31,-0.10816724
fx_operations:other_operations:net:monthly,2008-11-30,-0.23384641
fx_operations:other_operations:net:monthly,2008-12-31,-0.46561731
fx_operations:other_operations:net:monthly,2009-01-31,-0.06453457
fx_operations:other_operations:net:monthly,2009-02-28,-0.85831617
fx_operations:other_operations:net:monthly,2009-03-31,-0.083
fx_operations:other_operations:net:monthly,2009-04-30,-2.5e-5
fx_operations:other_operations:net:monthly,2009-05-31,-0.073
fx_operations:other_operations:net:monthly,2009-06-30,0
fx_operations:other_operations:net:monthly,2009-07-31,0
fx_operations:other_operations:net:monthly,2009-08-31,-0.83
fx_operations:other_operations:net:monthly,2009-09-30,-0.194
fx_operations:other_operations:net:monthly,2009-10-31,0
fx_operations:other_operations:net:monthly,2009-11-30,0.03
fx_operations:other_operations:net:monthly,2009-12-31,0
fx_operations:other_operations:net:monthly,2010-01-31,-0.09
fx_operations:other_operations:net:monthly,2010-02-28,0
fx_operations:other_operations:net:monthly,2010-03-31,-0.86279991
fx_operations:other_operations:net:monthly,2010-04-30,0.05
fx_operations:other_operations:net:monthly,2010-05-31,0.05
fx_operations:other_operations:net:monthly,2010-06-30,-0.05
fx_operations:other_operations:net:monthly,2010-07-31,-0.18975872
fx_operations:other_operations:net:monthly,2010-08-31,-0.8634999999999999
fx_operations:other_operations:net:monthly,2010-09-30,0.04
fx_operations:other_operations:net:monthly,2010-10-31,0
fx_operations:other_operations:net:monthly,2010-11-30,0
fx_operations:other_operations:net:monthly,2010-12-31,0
fx_operations:other_operations:net:monthly,2011-01-31,0.01792073
fx_operations:other_operations:net:monthly,2011-02-28,-0.77914549
fx_operations:other_operations:net:monthly,2011-03-31,0
fx_operations:other_operations:net:monthly,2011-04-30,1.083e-5
fx_operations:other_operations:net:monthly,2011-05-31,0
fx_operations:other_operations:net:monthly,2011-06-30,0
fx_operations:other_operations:net:monthly,2011-07-31,0
fx_operations:other_operations:net:monthly,2011-08-31,0
fx_operations:other_operations:net:monthly,2011-09-30,-5
fx_operations:other_operations:net:monthly,2011-10-31,0
fx_operations:other_operations:net:monthly,2011-11-30,-0.13263995
fx_operations:other_operations:net:monthly,2011-12-31,0
fx_operations:other_operations:net:monthly,2012-01-31,0
fx_operations:other_operations:net:monthly,2012-02-29,-0.71479021
fx_operations:other_operations:net:monthly,2012-03-31,-2.1822e-4
fx_operations:other_operations:net:monthly,2012-04-30,0
fx_operations:other_operations:net:monthly,2012-05-31,0
fx_operations:other_operations:net:monthly,2012-06-30,0
fx_operations:other_operations:net:monthly,2012-07-31,0
fx_operations:other_operations:net:monthly,2012-08-31,-0.6397279199999999
fx_operations:other_operations:net:monthly,2012-09-30,-0.17140413
fx_operations:other_operations:net:monthly,2012-10-31,4.93553675
fx_operations:other_operations:net:monthly,2012-11-30,-0.06745
fx_operations:other_operations:net:monthly,2012-12-31,-0.06357639
fx_operations:other_operations:net:monthly,2013-01-31,-0.12345092
fx_operations:other_operations:net:monthly,2013-02-28,-0.7191667900000001
fx_operations:other_operations:net:monthly,2013-03-31,9.90495559
fx_operations:other_operations:net:monthly,2013-04-30,-0.10998099
fx_operations:other_operations:net:monthly,2013-05-31,0
fx_operations:other_operations:net:monthly,2013-06-30,-0.08804623
fx_operations:other_operations:net:monthly,2013-07-31,5.149e-5
fx_operations:other_operations:net:monthly,2013-08-31,-0.9362175600000001
fx_operations:other_operations:net:monthly,2013-09-30,-0.1738258
fx_operations:other_operations:net:monthly,2013-10-31,-0.10018605
fx_operations:other_operations:net:monthly,2013-11-30,-0.01155067
fx_operations:other_operations:net:monthly,2013-12-31,0
fx_operations:other_operations:net:monthly,2014-01-31,4.74814301
fx_operations:other_operations:net:monthly,2014-02-28,-0.01728376
fx_operations:other_operations:net:monthly,2014-03-31,0
fx_operations:other_operations:net:monthly,2014-04-30,0
fx_operations:other_operations:net:monthly,2014-05-31,0.08583752
fx_operations:other_operations:net:monthly,2014-06-30,0
fx_operations:other_operations:net:monthly,2014-07-31,0
fx_operations:other_operations:net:monthly,2014-08-31,0
fx_operations:other_operations:net:monthly,2014-09-30,0
fx_operations:other_operations:net:monthly,2014-10-31,0
fx_operations:other_operations:net:monthly,2014-11-30,0
fx_operations:other_operations:net:monthly,2014-12-31,-0.44511394
fx_operations:other_operations:net:monthly,2015-01-31,0
fx_operations:other_operations:net:monthly,2015-02-28,0
fx_operations:other_operations:net:monthly,2015-03-31,0
fx_operations:other_operations:net:monthly,2015-04-30,0.345
fx_operations:other_operations:net:monthly,2015-05-31,0.1675
fx_operations:other_operations:net:monthly,2015-06-30,0
fx_operations:other_operations:net:monthly,2015-07-31,0.239
fx_operations:other_operations:net:monthly,2015-08-31,0
fx_operations:other_operations:net:monthly,2015-09-30,0
fx_operations:other_operations:net:monthly,2015-10-31,0.195
fx_operations:other_operations:net:monthly,2015-11-30,0
fx_operations:other_operations:net:monthly,2015-12-31,0
fx_operations:other_operations:net:monthly,2016-01-31,0
fx_operations:other_operations:net:monthly,2016-02-29,0
fx_operations:other_operations:net:monthly,2016-03-31,0.53
fx_operations:other_operations:net:monthly,2016-04-30,0
fx_operations:other_operations:net:monthly,2016-05-31,0
fx_operations:other_operations:net:monthly,2016-06-30,0
fx_operations:other_operations:net:monthly,2016-07-31,0
fx_operations:other_operations:net:monthly,2016-08-31,0
fx_operations:other_operations:net:monthly,2016-09-30,0.485
fx_operations:other_operations:net:monthly,2016-10-31,0
fx_operations:other_operations:net:monthly,2016-11-30,0
fx_operations:other_operations:net:monthly,2016-12-31,0
fx_operations:other_operations:net:monthly,2017-01-31,0
fx_operations:other_operations:net:monthly,2017-02-28,0.75
fx_operations:other_operations:net:monthly,2017-03-31,0
fx_operations:other_operations:net:monthly,2017-04-30,0
fx_operations:other_operations:net:monthly,2017-05-31,0
fx_operations:other_operations:net:monthly,2017-06-30,0
fx_operations:other_operations:net:monthly,2017-07-31,0.642
fx_operations:other_operations:net:monthly,2017-08-31,0
fx_operations:other_operations:net:monthly,2017-09-30,0
fx_operations:other_operations:net:monthly,2017-10-31,0
fx_operations:other_operations:net:monthly,2017-11-30,0
fx_operations:other_operations:net:monthly,2017-12-31,-0.00152679
fx_operations:other_operations:net:monthly,2018-01-31,0
fx_operations:other_operations:net:monthly,2018-02-28,0
fx_operations:other_operations:net:monthly,2018-03-31,0
fx_operations:other_operations:net:monthly,2018-04-30,0
fx_operations:other_operations:net:monthly,2018-05-31,-6.942e-4
fx_operations:other_operations:net:monthly,2018-06-30,-0.0582268
fx_operations:other_operations:net:monthly,2018-07-31,-0.00235754
fx_operations:other_operations:net:monthly,2018-08-31,0
fx_operations:other_operations:net:monthly,2018-09-30,0
fx_operations:other_operations:net:monthly,2018-10-31,-8.676e-4
fx_operations:other_operations:net:monthly,2018-11-30,-7.79990865
fx_operations:other_operations:net:monthly,2018-12-31,-0.23190295
fx_operations:other_operations:net:monthly,2019-01-31,0
fx_operations:other_operations:net:monthly,2019-02-28,0
fx_operations:other_operations:net:monthly,2019-03-31,0
fx_operations:other_operations:net:monthly,2019-04-30,0
fx_operations:other_operations:net:monthly,2019-05-31,0
fx_operations:other_operations:net:monthly,2019-06-30,-0.1967666
fx_operations:other_operations:net:monthly,2019-07-31,0
fx_operations:other_operations:net:monthly,2019-08-31,0
fx_operations:other_operations:net:monthly,2019-09-30,0
fx_operations:other_operations:net:monthly,2019-10-31,0
fx_operations:other_operations:net:monthly,2019-11-30,0
fx_operations:other_operations:net:monthly,2019-12-31,13.708044580000001
fx_operations:other_operations:net:monthly,2020-01-31,0
fx_operations:other_operations:net:monthly,2020-02-29,0
fx_operations:other_operations:net:monthly,2020-03-31,0.868467
fx_operations:other_operations:net:monthly,2020-04-30,0
fx_operations:other_operations:net:monthly,2020-05-31,0
fx_operations:other_operations:net:monthly,2020-06-30,-0.58753856
fx_operations:other_operations:net:monthly,2020-07-31,1.33308531
fx_operations:other_operations:net:monthly,2020-08-31,0
fx_operations:other_operations:net:monthly,2020-09-30,-3.02301604
fx_operations:other_operations:net:monthly,2020-10-31,0
fx_operations:other_operations:net:monthly,2020-11-30,0
fx_operations:other_operations:net:monthly,2020-12-31,11.276121739999999
fx_operations:other_operations:net:monthly,2021-01-31,0.64537818
fx_operations:other_operations:net:monthly,2021-02-28,23.81216645
fx_operations:other_operations:net:monthly,2021-03-31,2.03645648
fx_operations:other_operations:net:monthly,2021-04-30,3.1641453
fx_operations:other_operations:net:monthly,2021-05-31,1.73797618
fx_operations:other_operations:net:monthly,2021-06-30,6.460332319999999
fx_operations:other_operations:net:monthly,2021-07-31,-32.91211689
fx_operations:other_operations:net:monthly,2021-08-31,5.94911621
fx_operations:other_operations:net:monthly,2021-09-30,7.46381561
fx_operations:other_operations:net:monthly,2021-10-31,-18.09257127
fx_operations:other_operations:net:monthly,2021-11-30,7.13114076
fx_operations:other_operations:net:monthly,2021-12-31,32.93253631
fx_operations:other_operations:net:monthly,2022-01-31,-27.5090032
fx_operations:other_operations:net:monthly,2022-02-28,1.54937597
fx_operations:other_operations:net:monthly,2022-03-31,2.12352354
fx_operations:other_operations:net:monthly,2022-04-30,-5.4518271999999985
fx_operations:other_operations:net:monthly,2022-05-31,4.888851844835021
fx_operations:other_operations:net:monthly,2022-06-30,8.289950555109511
fx_operations:other_operations:net:monthly,2022-07-31,7.222734909999999
fx_operations:other_operations:net:monthly,2022-08-31,3.76452537
fx_operations:other_operations:net:monthly,2022-09-30,6.13364129
fx_operations:other_operations:net:monthly,2022-10-31,-34.103860440000005
fx_operations:other_operations:net:monthly,2022-11-30,6.70383499
fx_operations:other_operations:net:monthly,2022-12-31,34.27205189
fx_operations:other_operations:net:monthly,2023-01-31,0.77317552
fx_operations:other_operations:net:monthly,2023-02-28,1.91221435
fx_operations:other_operations:net:monthly,2023-03-31,-6.556066989999999
fx_operations:other_operations:net:monthly,2023-04-30,-3.45516471
fx_operations:other_operations:net:monthly,2023-05-31,2.75423179
fx_operations:other_operations:net:monthly,2023-06-30,-1.4218011600000002
fx_operations:other_operations:net:monthly,2023-07-31,3.9012305200000004
fx_operations:other_operations:net:monthly,2023-08-31,4.047420390000001
fx_operations:other_operations:net:monthly,2023-09-30,-2.37450905
fx_operations:other_operations:net:monthly,2023-10-31,2.1843095
fx_operations:other_operations:net:monthly,2023-11-30,-13.93653321
fx_operations:other_operations:net:monthly,2023-12-31,8.84810383
fx_operations:other_operations:net:monthly,2024-01-31,0.2947283
fx_operations:other_operations:net:monthly,2024-02-29,2.40481287
fx_operations:other_operations:net:monthly,2024-03-31,-0.21845458000000018
fx_operations:other_operations:net:monthly,2024-04-30,3.265822576725483
fx_operations:other_operations:net:monthly,2024-05-31,7.22173154
fx_operations:other_operations:net:monthly,2024-06-30,8.000057559999998
fx_operations:other_operations:net:monthly,2024-07-31,4.32434573
fx_operations:other_operations:net:monthly,2024-08-31,-21.0956145
fx_operations:other_operations:net:monthly,2024-09-30,3.0957868900000003
fx_operations:other_operations:net:monthly,2024-10-31,4.8133899399999995
fx_operations:other_operations:net:monthly,2024-11-30,5.283362
fx_operations:other_operations:net:monthly,2024-12-31,12.092048189999998
fx_operations:other_operations:net:monthly,2025-01-31,0.8821873900000001
fx_operations:other_operations:net:monthly,2025-02-28,3.2017258799999992
fx_operations:other_operations:net:monthly,2025-03-31,6.409219590000001
fx_operations:other_operations:net:monthly,2025-04-30,-9.393095589999998
fx_operations:other_operations:net:monthly,2025-05-31,5.538185460000001
fx_operations:other_operations:net:monthly,2025-06-30,10.998854380000001
fx_operations:other_operations:net:monthly,2025-07-31,1.9910506200000002
fx_operations:other_operations:net:monthly,2025-08-31,0.47333322999999994
fx_operations:other_operations:net:monthly,2025-09-30,6.81977956
fx_operations:other_operations:net:monthly,2025-10-31,4.44890407
fx_operations:other_operations:net:monthly,2025-11-30,5.29159761
fx_operations:other_operations:net:monthly,2025-12-31,16.667010519999998
fx_operations:other_operations:net:monthly,2026-01-31,-0.010022370000000001
fx_operations:other_operations:net:monthly,2026-02-28,0
fx_operations:other_operations:net:monthly,2026-03-31,0
fx_operations:other_operations:net:monthly,2026-04-30,1.86722903
fx_operations:other_operations:net:monthly,2026-05-31,0
fx_operations:other_operations:net:monthly,2026-06-30,0.00169803
fx_operations:other_operations:net:monthly,2026-07-31,-0.84599306
fx_operations:other_operations:net:quarterly,1994-03-31,68.37
fx_operations:other_operations:net:quarterly,1994-06-30,62.90500000000001
fx_operations:other_operations:net:quarterly,1994-09-30,53.74523000000001
fx_operations:other_operations:net:quarterly,1994-12-31,69.606
fx_operations:other_operations:net:quarterly,1995-03-31,41.94081
fx_operations:other_operations:net:quarterly,1995-06-30,37.6
fx_operations:other_operations:net:quarterly,1995-09-30,65.93599999999999
fx_operations:other_operations:net:quarterly,1995-12-31,66.372
fx_operations:other_operations:net:quarterly,1996-03-31,53.535
fx_operations:other_operations:net:quarterly,1996-06-30,46.5
fx_operations:other_operations:net:quarterly,1996-09-30,56.5
fx_operations:other_operations:net:quarterly,1996-12-31,58.38
fx_operations:other_operations:net:quarterly,1997-03-31,54.599999999999994
fx_operations:other_operations:net:quarterly,1997-06-30,21.273196
fx_operations:other_operations:net:quarterly,1997-09-30,1.12
fx_operations:other_operations:net:quarterly,1997-12-31,-0.18339999999999979
fx_operations:other_operations:net:quarterly,1998-03-31,-0.4910676199999999
fx_operations:other_operations:net:quarterly,1998-06-30,0.15006693
fx_operations:other_operations:net:quarterly,1998-09-30,-0.22571837
fx_operations:other_operations:net:quarterly,1998-12-31,0.33249214999999993
fx_operations:other_operations:net:quarterly,1999-03-31,-2.4
fx_operations:other_operations:net:quarterly,1999-06-30,0.76786037
fx_operations:other_operations:net:quarterly,1999-09-30,-1.4076647599999998
fx_operations:other_operations:net:quarterly,1999-12-31,0.0291525
fx_operations:other_operations:net:quarterly,2000-03-31,-1.4
fx_operations:other_operations:net:quarterly,2000-06-30,0.7802571899999999
fx_operations:other_operations:net:quarterly,2000-09-30,-0.388808
fx_operations:other_operations:net:quarterly,2000-12-31,1.2901529999999999
fx_operations:other_operations:net:quarterly,2001-03-31,-0.4728921
fx_operations:other_operations:net:quarterly,2001-06-30,0.43229154000000003
fx_operations:other_operations:net:quarterly,2001-09-30,-1.13667703
fx_operations:other_operations:net:quarterly,2001-12-31,1.226
fx_operations:other_operations:net:quarterly,2002-03-31,-0.410411
fx_operations:other_operations:net:quarterly,2002-06-30,4.47228776
fx_operations:other_operations:net:quarterly,2002-09-30,1.3249128700000001
fx_operations:other_operations:net:quarterly,2002-12-31,-1.0346964
fx_operations:other_operations:net:quarterly,2003-03-31,0
fx_operations:other_operations:net:quarterly,2003-06-30,-0.14329388999999998
fx_operations:other_operations:net:quarterly,2003-09-30,-0.03748039
fx_operations:other_operations:net:quarterly,2003-12-31,15.2133058
fx_operations:other_operations:net:quarterly,2004-03-31,7.80203887
fx_operations:other_operations:net:quarterly,2004-06-30,4.53744818
fx_operations:other_operations:net:quarterly,2004-09-30,7.50874348
fx_operations:other_operations:net:quarterly,2004-12-31,12.68623328
fx_operations:other_operations:net:quarterly,2005-03-31,9.188595920000001
fx_operations:other_operations:net:quarterly,2005-06-30,8.56911537
fx_operations:other_operations:net:quarterly,2005-09-30,4.01544585
fx_operations:other_operations:net:quarterly,2005-12-31,13.32191761
fx_operations:other_operations:net:quarterly,2006-03-31,16.97501328
fx_operations:other_operations:net:quarterly,2006-06-30,16.62251452
fx_operations:other_operations:net:quarterly,2006-09-30,7.56515525
fx_operations:other_operations:net:quarterly,2006-12-31,13.68897782
fx_operations:other_operations:net:quarterly,2007-03-31,11.649842929999998
fx_operations:other_operations:net:quarterly,2007-06-30,35.204140970000005
fx_operations:other_operations:net:quarterly,2007-09-30,18.74280455
fx_operations:other_operations:net:quarterly,2007-12-31,19.402
fx_operations:other_operations:net:quarterly,2008-03-31,-5.676267210000001
fx_operations:other_operations:net:quarterly,2008-06-30,-0.63192375
fx_operations:other_operations:net:quarterly,2008-09-30,-1.5079503499999998
fx_operations:other_operations:net:quarterly,2008-12-31,-0.80763096
fx_operations:other_operations:net:quarterly,2009-03-31,-1.00585074
fx_operations:other_operations:net:quarterly,2009-06-30,-0.07302499999999999
fx_operations:other_operations:net:quarterly,2009-09-30,-1.024
fx_operations:other_operations:net:quarterly,2009-12-31,0.03
fx_operations:other_operations:net:quarterly,2010-03-31,-0.95279991
fx_operations:other_operations:net:quarterly,2010-06-30,0.05
fx_operations:other_operations:net:quarterly,2010-09-30,-1.0132587199999998
fx_operations:other_operations:net:quarterly,2010-12-31,0
fx_operations:other_operations:net:quarterly,2011-03-31,-0.76122476
fx_operations:other_operations:net:quarterly,2011-06-30,1.083e-5
fx_operations:other_operations:net:quarterly,2011-09-30,-5
fx_operations:other_operations:net:quarterly,2011-12-31,-0.13263995
fx_operations:other_operations:net:quarterly,2012-03-31,-0.71500843
fx_operations:other_operations:net:quarterly,2012-06-30,0
fx_operations:other_operations:net:quarterly,2012-09-30,-0.8111320499999999
fx_operations:other_operations:net:quarterly,2012-12-31,4.80451036
fx_operations:other_operations:net:quarterly,2013-03-31,9.06233788
fx_operations:other_operations:net:quarterly,2013-06-30,-0.19802722
fx_operations:other_operations:net:quarterly,2013-09-30,-1.10999187
fx_operations:other_operations:net:quarterly,2013-12-31,-0.11173672
fx_operations:other_operations:net:quarterly,2014-03-31,4.73085925
fx_operations:other_operations:net:quarterly,2014-06-30,0.08583752
fx_operations:other_operations:net:quarterly,2014-09-30,0
fx_operations:other_operations:net:quarterly,2014-12-31,-0.44511394
fx_operations:other_operations:net:quarterly,2015-03-31,0
fx_operations:other_operations:net:quarterly,2015-06-30,0.5125
fx_operations:other_operations:net:quarterly,2015-09-30,0.239
fx_operations:other_operations:net:quarterly,2015-12-31,0.195
fx_operations:other_operations:net:quarterly,2016-03-31,0.53
fx_operations:other_operations:net:quarterly,2016-06-30,0
fx_operations:other_operations:net:quarterly,2016-09-30,0.485
fx_operations:other_operations:net:quarterly,2016-12-31,0
fx_operations:other_operations:net:quarterly,2017-03-31,0.75
fx_operations:other_operations:net:quarterly,2017-06-30,0
fx_operations:other_operations:net:quarterly,2017-09-30,0.642
fx_operations:other_operations:net:quarterly,2017-12-31,-0.00152679
fx_operations:other_operations:net:quarterly,2018-03-31,0
fx_operations:other_operations:net:quarterly,2018-06-30,-0.058921
fx_operations:other_operations:net:quarterly,2018-09-30,-0.00235754
fx_operations:other_operations:net:quarterly,2018-12-31,-8.0326792
fx_operations:other_operations:net:quarterly,2019-03-31,0
fx_operations:other_operations:net:quarterly,2019-06-30,-0.1967666
fx_operations:other_operations:net:quarterly,2019-09-30,0
fx_operations:other_operations:net:quarterly,2019-12-31,13.708044580000001
fx_operations:other_operations:net:quarterly,2020-03-31,0.868467
fx_operations:other_operations:net:quarterly,2020-06-30,-0.58753856
fx_operations:other_operations:net:quarterly,2020-09-30,-1.68993073
fx_operations:other_operations:net:quarterly,2020-12-31,11.276121739999999
fx_operations:other_operations:net:quarterly,2021-03-31,26.49400111
fx_operations:other_operations:net:quarterly,2021-06-30,11.362453799999999
fx_operations:other_operations:net:quarterly,2021-09-30,-19.49918507
fx_operations:other_operations:net:quarterly,2021-12-31,21.971105800000004
fx_operations:other_operations:net:quarterly,2022-03-31,-23.836103689999998
fx_operations:other_operations:net:quarterly,2022-06-30,7.726975199944534
fx_operations:other_operations:net:quarterly,2022-09-30,17.12090157
fx_operations:other_operations:net:quarterly,2022-12-31,6.8720264399999955
fx_operations:other_operations:net:quarterly,2023-03-31,-3.870677119999999
fx_operations:other_operations:net:quarterly,2023-06-30,-2.1227340800000003
fx_operations:other_operations:net:quarterly,2023-09-30,5.574141860000001
fx_operations:other_operations:net:quarterly,2023-12-31,-2.9041198800000014
fx_operations:other_operations:net:quarterly,2024-03-31,2.4810865900000003
fx_operations:other_operations:net:quarterly,2024-06-30,18.487611676725482
fx_operations:other_operations:net:quarterly,2024-09-30,-13.67548188
fx_operations:other_operations:net:quarterly,2024-12-31,22.188800129999997
fx_operations:other_operations:net:quarterly,2025-03-31,10.49313286
fx_operations:other_operations:net:quarterly,2025-06-30,7.143944250000004
fx_operations:other_operations:net:quarterly,2025-09-30,9.28416341
fx_operations:other_operations:net:quarterly,2025-12-31,26.4075122
fx_operations:other_operations:net:quarterly,2026-03-31,-0.010022370000000001
fx_operations:other_operations:net:quarterly,2026-06-30,1.86892706
fx_operations:other_operations:net:quarterly,2026-09-30,-0.84599306
fx_operations:other_operations:net:quarterly,2026-12-31,0
fx_operations:other_operations:purchase:annual,1990-12-31,163.2
fx_operations:other_operations:purchase:annual,1991-12-31,123.8
fx_operations:other_operations:purchase:annual,1992-12-31,164.4
fx_operations:other_operations:purchase:annual,1993-12-31,204
fx_operations:other_operations:purchase:annual,1994-12-31,259.20223
fx_operations:other_operations:purchase:annual,1995-12-31,221.93081
fx_operations:other_operations:purchase:annual,1996-12-31,214.851
fx_operations:other_operations:purchase:annual,1997-12-31,81.80979599999999
fx_operations:other_operations:purchase:annual,1998-12-31,1.71156649
fx_operations:other_operations:purchase:annual,1999-12-31,1.2152682899999998
fx_operations:other_operations:purchase:annual,2000-12-31,4.673
fx_operations:other_operations:purchase:annual,2001-12-31,5.943635330000001
fx_operations:other_operations:purchase:annual,2002-12-31,7.56747772
fx_operations:other_operations:purchase:annual,2003-12-31,15.969349880000001
fx_operations:other_operations:purchase:annual,2004-12-31,45.474425939999996
fx_operations:other_operations:purchase:annual,2005-12-31,39.68852416
fx_operations:other_operations:purchase:annual,2006-12-31,66.13333126
fx_operations:other_operations:purchase:annual,2007-12-31,92.77754885
fx_operations:other_operations:purchase:annual,2008-12-31,0.01592504
fx_operations:other_operations:purchase:annual,2009-12-31,0.03
fx_operations:other_operations:purchase:annual,2010-12-31,0.14
fx_operations:other_operations:purchase:annual,2011-12-31,0.01793156
fx_operations:other_operations:purchase:annual,2012-12-31,5.05027208
fx_operations:other_operations:purchase:annual,2013-12-31,10.05336625
fx_operations:other_operations:purchase:annual,2014-12-31,4.87484301
fx_operations:other_operations:purchase:annual,2015-12-31,0.9464999999999999
fx_operations:other_operations:purchase:annual,2016-12-31,1.0150000000000001
fx_operations:other_operations:purchase:annual,2017-12-31,1.392
fx_operations:other_operations:purchase:annual,2018-12-31,0
fx_operations:other_operations:purchase:annual,2019-12-31,13.89945943
fx_operations:other_operations:purchase:annual,2020-12-31,13.76418043
fx_operations:other_operations:purchase:annual,2021-12-31,102.91680116
fx_operations:other_operations:purchase:annual,2022-12-31,88.54941915483502
fx_operations:other_operations:purchase:annual,2023-12-31,51.21111132
fx_operations:other_operations:purchase:annual,2024-12-31,58.60971729
fx_operations:other_operations:purchase:annual,2025-12-31,66.83765797999999
fx_operations:other_operations:purchase:annual,2026-12-31,2.8199105
fx_operations:other_operations:purchase:monthly,1995-01-31,15.1005
fx_operations:other_operations:purchase:monthly,1995-02-28,13.21
fx_operations:other_operations:purchase:monthly,1995-03-31,16.09031
fx_operations:other_operations:purchase:monthly,1995-04-30,12.8
fx_operations:other_operations:purchase:monthly,1995-05-31,14.5
fx_operations:other_operations:purchase:monthly,1995-06-30,15.3
fx_operations:other_operations:purchase:monthly,1995-07-31,26.65
fx_operations:other_operations:purchase:monthly,1995-08-31,22.7
fx_operations:other_operations:purchase:monthly,1995-09-30,18.4
fx_operations:other_operations:purchase:monthly,1995-10-31,15.68
fx_operations:other_operations:purchase:monthly,1995-11-30,24.5
fx_operations:other_operations:purchase:monthly,1995-12-31,27
fx_operations:other_operations:purchase:monthly,1996-01-31,15.4
fx_operations:other_operations:purchase:monthly,1996-02-29,18.5
fx_operations:other_operations:purchase:monthly,1996-03-31,19.571
fx_operations:other_operations:purchase:monthly,1996-04-30,18.3
fx_operations:other_operations:purchase:monthly,1996-05-31,14.7
fx_operations:other_operations:purchase:monthly,1996-06-30,13.5
fx_operations:other_operations:purchase:monthly,1996-07-31,21.1
fx_operations:other_operations:purchase:monthly,1996-08-31,19.5
fx_operations:other_operations:purchase:monthly,1996-09-30,15.9
fx_operations:other_operations:purchase:monthly,1996-10-31,22.18
fx_operations:other_operations:purchase:monthly,1996-11-30,11.8
fx_operations:other_operations:purchase:monthly,1996-12-31,24.4
fx_operations:other_operations:purchase:monthly,1997-01-31,21.3
fx_operations:other_operations:purchase:monthly,1997-02-28,17
fx_operations:other_operations:purchase:monthly,1997-03-31,16.3
fx_operations:other_operations:purchase:monthly,1997-04-30,16.4
fx_operations:other_operations:purchase:monthly,1997-05-31,4.8
fx_operations:other_operations:purchase:monthly,1997-06-30,0.073196
fx_operations:other_operations:purchase:monthly,1997-07-31,0
fx_operations:other_operations:purchase:monthly,1997-08-31,0.12
fx_operations:other_operations:purchase:monthly,1997-09-30,1
fx_operations:other_operations:purchase:monthly,1997-10-31,3.8166
fx_operations:other_operations:purchase:monthly,1997-11-30,0
fx_operations:other_operations:purchase:monthly,1997-12-31,1
fx_operations:other_operations:purchase:monthly,1998-01-31,0.59942777
fx_operations:other_operations:purchase:monthly,1998-02-28,0
fx_operations:other_operations:purchase:monthly,1998-03-31,0
fx_operations:other_operations:purchase:monthly,1998-04-30,0.03629037
fx_operations:other_operations:purchase:monthly,1998-05-31,0.11377656
fx_operations:other_operations:purchase:monthly,1998-06-30,0
fx_operations:other_operations:purchase:monthly,1998-07-31,0
fx_operations:other_operations:purchase:monthly,1998-08-31,0
fx_operations:other_operations:purchase:monthly,1998-09-30,0
fx_operations:other_operations:purchase:monthly,1998-10-31,0.93106125
fx_operations:other_operations:purchase:monthly,1998-11-30,0
fx_operations:other_operations:purchase:monthly,1998-12-31,0.03101054
fx_operations:other_operations:purchase:monthly,1999-01-31,0
fx_operations:other_operations:purchase:monthly,1999-02-28,0
fx_operations:other_operations:purchase:monthly,1999-03-31,0
fx_operations:other_operations:purchase:monthly,1999-04-30,0
fx_operations:other_operations:purchase:monthly,1999-05-31,0.76786037
fx_operations:other_operations:purchase:monthly,1999-06-30,0
fx_operations:other_operations:purchase:monthly,1999-07-31,0
fx_operations:other_operations:purchase:monthly,1999-08-31,0.41825542
fx_operations:other_operations:purchase:monthly,1999-09-30,0
fx_operations:other_operations:purchase:monthly,1999-10-31,0
fx_operations:other_operations:purchase:monthly,1999-11-30,0.0291525
fx_operations:other_operations:purchase:monthly,1999-12-31,0
fx_operations:other_operations:purchase:monthly,2000-01-31,0
fx_operations:other_operations:purchase:monthly,2000-02-29,0
fx_operations:other_operations:purchase:monthly,2000-03-31,0
fx_operations:other_operations:purchase:monthly,2000-04-30,0.35
fx_operations:other_operations:purchase:monthly,2000-05-31,0.56
fx_operations:other_operations:purchase:monthly,2000-06-30,0
fx_operations:other_operations:purchase:monthly,2000-07-31,0.1
fx_operations:other_operations:purchase:monthly,2000-08-31,0
fx_operations:other_operations:purchase:monthly,2000-09-30,0
fx_operations:other_operations:purchase:monthly,2000-10-31,0.005
fx_operations:other_operations:purchase:monthly,2000-11-30,1.164
fx_operations:other_operations:purchase:monthly,2000-12-31,2.494
fx_operations:other_operations:purchase:monthly,2001-01-31,0.52345977
fx_operations:other_operations:purchase:monthly,2001-02-28,0.19
fx_operations:other_operations:purchase:monthly,2001-03-31,0
fx_operations:other_operations:purchase:monthly,2001-04-30,0
fx_operations:other_operations:purchase:monthly,2001-05-31,0.0495
fx_operations:other_operations:purchase:monthly,2001-06-30,2.5272964
fx_operations:other_operations:purchase:monthly,2001-07-31,1.203985
fx_operations:other_operations:purchase:monthly,2001-08-31,0.07839416
fx_operations:other_operations:purchase:monthly,2001-09-30,0
fx_operations:other_operations:purchase:monthly,2001-10-31,0
fx_operations:other_operations:purchase:monthly,2001-11-30,0.2
fx_operations:other_operations:purchase:monthly,2001-12-31,1.171
fx_operations:other_operations:purchase:monthly,2002-01-31,0
fx_operations:other_operations:purchase:monthly,2002-02-28,0
fx_operations:other_operations:purchase:monthly,2002-03-31,0
fx_operations:other_operations:purchase:monthly,2002-04-30,0
fx_operations:other_operations:purchase:monthly,2002-05-31,4.28
fx_operations:other_operations:purchase:monthly,2002-06-30,1.3525794100000001
fx_operations:other_operations:purchase:monthly,2002-07-31,0.39224683
fx_operations:other_operations:purchase:monthly,2002-08-31,0.9063684
fx_operations:other_operations:purchase:monthly,2002-09-30,0.15987714
fx_operations:other_operations:purchase:monthly,2002-10-31,0.47640594000000003
fx_operations:other_operations:purchase:monthly,2002-11-30,0
fx_operations:other_operations:purchase:monthly,2002-12-31,0
fx_operations:other_operations:purchase:monthly,2003-01-31,0
fx_operations:other_operations:purchase:monthly,2003-02-28,0
fx_operations:other_operations:purchase:monthly,2003-03-31,0.32614648
fx_operations:other_operations:purchase:monthly,2003-04-30,0.1427034
fx_operations:other_operations:purchase:monthly,2003-05-31,0
fx_operations:other_operations:purchase:monthly,2003-06-30,0
fx_operations:other_operations:purchase:monthly,2003-07-31,0
fx_operations:other_operations:purchase:monthly,2003-08-31,0
fx_operations:other_operations:purchase:monthly,2003-09-30,0
fx_operations:other_operations:purchase:monthly,2003-10-31,0
fx_operations:other_operations:purchase:monthly,2003-11-30,4.5
fx_operations:other_operations:purchase:monthly,2003-12-31,11.0005
fx_operations:other_operations:purchase:monthly,2004-01-31,4.32553859
fx_operations:other_operations:purchase:monthly,2004-02-29,3.07223383
fx_operations:other_operations:purchase:monthly,2004-03-31,3.1142664499999997
fx_operations:other_operations:purchase:monthly,2004-04-30,0.26263536
fx_operations:other_operations:purchase:monthly,2004-05-31,2.5
fx_operations:other_operations:purchase:monthly,2004-06-30,5.85981282
fx_operations:other_operations:purchase:monthly,2004-07-31,3.5
fx_operations:other_operations:purchase:monthly,2004-08-31,3.19934348
fx_operations:other_operations:purchase:monthly,2004-09-30,2
fx_operations:other_operations:purchase:monthly,2004-10-31,3.62807652
fx_operations:other_operations:purchase:monthly,2004-11-30,2
fx_operations:other_operations:purchase:monthly,2004-12-31,8.384442369999999
fx_operations:other_operations:purchase:monthly,2005-01-31,7
fx_operations:other_operations:purchase:monthly,2005-02-28,1.81743644
fx_operations:other_operations:purchase:monthly,2005-03-31,1.54585
fx_operations:other_operations:purchase:monthly,2005-04-30,0.12351768
fx_operations:other_operations:purchase:monthly,2005-05-31,5.9
fx_operations:other_operations:purchase:monthly,2005-06-30,3.28651458
fx_operations:other_operations:purchase:monthly,2005-07-31,2.5
fx_operations:other_operations:purchase:monthly,2005-08-31,0.81666585
fx_operations:other_operations:purchase:monthly,2005-09-30,2
fx_operations:other_operations:purchase:monthly,2005-10-31,2.11895684
fx_operations:other_operations:purchase:monthly,2005-11-30,3.77958277
fx_operations:other_operations:purchase:monthly,2005-12-31,8.8
fx_operations:other_operations:purchase:monthly,2006-01-31,9.5
fx_operations:other_operations:purchase:monthly,2006-02-28,8.81589528
fx_operations:other_operations:purchase:monthly,2006-03-31,0
fx_operations:other_operations:purchase:monthly,2006-04-30,0.00844721
fx_operations:other_operations:purchase:monthly,2006-05-31,15
fx_operations:other_operations:purchase:monthly,2006-06-30,2.77265097
fx_operations:other_operations:purchase:monthly,2006-07-31,4.4
fx_operations:other_operations:purchase:monthly,2006-08-31,2.81115702
fx_operations:other_operations:purchase:monthly,2006-09-30,4.85946162
fx_operations:other_operations:purchase:monthly,2006-10-31,4.7
fx_operations:other_operations:purchase:monthly,2006-11-30,3.26571916
fx_operations:other_operations:purchase:monthly,2006-12-31,10
fx_operations:other_operations:purchase:monthly,2007-01-31,3.51693386
fx_operations:other_operations:purchase:monthly,2007-02-28,5.888990079999999
fx_operations:other_operations:purchase:monthly,2007-03-31,4.3
fx_operations:other_operations:purchase:monthly,2007-04-30,8.56
fx_operations:other_operations:purchase:monthly,2007-05-31,19.5
fx_operations:other_operations:purchase:monthly,2007-06-30,9.35878735
fx_operations:other_operations:purchase:monthly,2007-07-31,5.5
fx_operations:other_operations:purchase:monthly,2007-08-31,9.65098201
fx_operations:other_operations:purchase:monthly,2007-09-30,6
fx_operations:other_operations:purchase:monthly,2007-10-31,3.5
fx_operations:other_operations:purchase:monthly,2007-11-30,4.25185555
fx_operations:other_operations:purchase:monthly,2007-12-31,12.75
fx_operations:other_operations:purchase:monthly,2008-01-31,0.01592504
fx_operations:other_operations:purchase:monthly,2008-02-29,0
fx_operations:other_operations:purchase:monthly,2008-03-31,0
fx_operations:other_operations:purchase:monthly,2008-04-30,0
fx_operations:other_operations:purchase:monthly,2008-05-31,0
fx_operations:other_operations:purchase:monthly,2008-06-30,0
fx_operations:other_operations:purchase:monthly,2008-07-31,0
fx_operations:other_operations:purchase:monthly,2008-08-31,0
fx_operations:other_operations:purchase:monthly,2008-09-30,0
fx_operations:other_operations:purchase:monthly,2008-10-31,0
fx_operations:other_operations:purchase:monthly,2008-11-30,0
fx_operations:other_operations:purchase:monthly,2008-12-31,0
fx_operations:other_operations:purchase:monthly,2009-01-31,0
fx_operations:other_operations:purchase:monthly,2009-02-28,0
fx_operations:other_operations:purchase:monthly,2009-03-31,0
fx_operations:other_operations:purchase:monthly,2009-04-30,0
fx_operations:other_operations:purchase:monthly,2009-05-31,0
fx_operations:other_operations:purchase:monthly,2009-06-30,0
fx_operations:other_operations:purchase:monthly,2009-07-31,0
fx_operations:other_operations:purchase:monthly,2009-08-31,0
fx_operations:other_operations:purchase:monthly,2009-09-30,0
fx_operations:other_operations:purchase:monthly,2009-10-31,0
fx_operations:other_operations:purchase:monthly,2009-11-30,0.03
fx_operations:other_operations:purchase:monthly,2009-12-31,0
fx_operations:other_operations:purchase:monthly,2010-01-31,0
fx_operations:other_operations:purchase:monthly,2010-02-28,0
fx_operations:other_operations:purchase:monthly,2010-03-31,0
fx_operations:other_operations:purchase:monthly,2010-04-30,0.05
fx_operations:other_operations:purchase:monthly,2010-05-31,0.05
fx_operations:other_operations:purchase:monthly,2010-06-30,0
fx_operations:other_operations:purchase:monthly,2010-07-31,0
fx_operations:other_operations:purchase:monthly,2010-08-31,0
fx_operations:other_operations:purchase:monthly,2010-09-30,0.04
fx_operations:other_operations:purchase:monthly,2010-10-31,0
fx_operations:other_operations:purchase:monthly,2010-11-30,0
fx_operations:other_operations:purchase:monthly,2010-12-31,0
fx_operations:other_operations:purchase:monthly,2011-01-31,0.01792073
fx_operations:other_operations:purchase:monthly,2011-02-28,0
fx_operations:other_operations:purchase:monthly,2011-03-31,0
fx_operations:other_operations:purchase:monthly,2011-04-30,1.083e-5
fx_operations:other_operations:purchase:monthly,2011-05-31,0
fx_operations:other_operations:purchase:monthly,2011-06-30,0
fx_operations:other_operations:purchase:monthly,2011-07-31,0
fx_operations:other_operations:purchase:monthly,2011-08-31,0
fx_operations:other_operations:purchase:monthly,2011-09-30,0
fx_operations:other_operations:purchase:monthly,2011-10-31,0
fx_operations:other_operations:purchase:monthly,2011-11-30,0
fx_operations:other_operations:purchase:monthly,2011-12-31,0
fx_operations:other_operations:purchase:monthly,2012-01-31,0
fx_operations:other_operations:purchase:monthly,2012-02-29,0
fx_operations:other_operations:purchase:monthly,2012-03-31,0
fx_operations:other_operations:purchase:monthly,2012-04-30,0
fx_operations:other_operations:purchase:monthly,2012-05-31,0
fx_operations:other_operations:purchase:monthly,2012-06-30,0
fx_operations:other_operations:purchase:monthly,2012-07-31,0
fx_operations:other_operations:purchase:monthly,2012-08-31,0.05027208
fx_operations:other_operations:purchase:monthly,2012-09-30,0
fx_operations:other_operations:purchase:monthly,2012-10-31,5
fx_operations:other_operations:purchase:monthly,2012-11-30,0
fx_operations:other_operations:purchase:monthly,2012-12-31,0
fx_operations:other_operations:purchase:monthly,2013-01-31,0
fx_operations:other_operations:purchase:monthly,2013-02-28,0.05027208
fx_operations:other_operations:purchase:monthly,2013-03-31,10
fx_operations:other_operations:purchase:monthly,2013-04-30,0
fx_operations:other_operations:purchase:monthly,2013-05-31,0
fx_operations:other_operations:purchase:monthly,2013-06-30,0
fx_operations:other_operations:purchase:monthly,2013-07-31,5.149e-5
fx_operations:other_operations:purchase:monthly,2013-08-31,0.00304268
fx_operations:other_operations:purchase:monthly,2013-09-30,0
fx_operations:other_operations:purchase:monthly,2013-10-31,0
fx_operations:other_operations:purchase:monthly,2013-11-30,0
fx_operations:other_operations:purchase:monthly,2013-12-31,0
fx_operations:other_operations:purchase:monthly,2014-01-31,4.74814301
fx_operations:other_operations:purchase:monthly,2014-02-28,0.0067
fx_operations:other_operations:purchase:monthly,2014-03-31,0
fx_operations:other_operations:purchase:monthly,2014-04-30,0
fx_operations:other_operations:purchase:monthly,2014-05-31,0.12
fx_operations:other_operations:purchase:monthly,2014-06-30,0
fx_operations:other_operations:purchase:monthly,2014-07-31,0
fx_operations:other_operations:purchase:monthly,2014-08-31,0
fx_operations:other_operations:purchase:monthly,2014-09-30,0
fx_operations:other_operations:purchase:monthly,2014-10-31,0
fx_operations:other_operations:purchase:monthly,2014-11-30,0
fx_operations:other_operations:purchase:monthly,2014-12-31,0
fx_operations:other_operations:purchase:monthly,2015-01-31,0
fx_operations:other_operations:purchase:monthly,2015-02-28,0
fx_operations:other_operations:purchase:monthly,2015-03-31,0
fx_operations:other_operations:purchase:monthly,2015-04-30,0.345
fx_operations:other_operations:purchase:monthly,2015-05-31,0.1675
fx_operations:other_operations:purchase:monthly,2015-06-30,0
fx_operations:other_operations:purchase:monthly,2015-07-31,0.239
fx_operations:other_operations:purchase:monthly,2015-08-31,0
fx_operations:other_operations:purchase:monthly,2015-09-30,0
fx_operations:other_operations:purchase:monthly,2015-10-31,0.195
fx_operations:other_operations:purchase:monthly,2015-11-30,0
fx_operations:other_operations:purchase:monthly,2015-12-31,0
fx_operations:other_operations:purchase:monthly,2016-01-31,0
fx_operations:other_operations:purchase:monthly,2016-02-29,0
fx_operations:other_operations:purchase:monthly,2016-03-31,0.53
fx_operations:other_operations:purchase:monthly,2016-04-30,0
fx_operations:other_operations:purchase:monthly,2016-05-31,0
fx_operations:other_operations:purchase:monthly,2016-06-30,0
fx_operations:other_operations:purchase:monthly,2016-07-31,0
fx_operations:other_operations:purchase:monthly,2016-08-31,0
fx_operations:other_operations:purchase:monthly,2016-09-30,0.485
fx_operations:other_operations:purchase:monthly,2016-10-31,0
fx_operations:other_operations:purchase:monthly,2016-11-30,0
fx_operations:other_operations:purchase:monthly,2016-12-31,0
fx_operations:other_operations:purchase:monthly,2017-01-31,0
fx_operations:other_operations:purchase:monthly,2017-02-28,0.75
fx_operations:other_operations:purchase:monthly,2017-03-31,0
fx_operations:other_operations:purchase:monthly,2017-04-30,0
fx_operations:other_operations:purchase:monthly,2017-05-31,0
fx_operations:other_operations:purchase:monthly,2017-06-30,0
fx_operations:other_operations:purchase:monthly,2017-07-31,0.642
fx_operations:other_operations:purchase:monthly,2017-08-31,0
fx_operations:other_operations:purchase:monthly,2017-09-30,0
fx_operations:other_operations:purchase:monthly,2017-10-31,0
fx_operations:other_operations:purchase:monthly,2017-11-30,0
fx_operations:other_operations:purchase:monthly,2017-12-31,0
fx_operations:other_operations:purchase:monthly,2018-01-31,0
fx_operations:other_operations:purchase:monthly,2018-02-28,0
fx_operations:other_operations:purchase:monthly,2018-03-31,0
fx_operations:other_operations:purchase:monthly,2018-04-30,0
fx_operations:other_operations:purchase:monthly,2018-05-31,0
fx_operations:other_operations:purchase:monthly,2018-06-30,0
fx_operations:other_operations:purchase:monthly,2018-07-31,0
fx_operations:other_operations:purchase:monthly,2018-08-31,0
fx_operations:other_operations:purchase:monthly,2018-09-30,0
fx_operations:other_operations:purchase:monthly,2018-10-31,0
fx_operations:other_operations:purchase:monthly,2018-11-30,0
fx_operations:other_operations:purchase:monthly,2018-12-31,0
fx_operations:other_operations:purchase:monthly,2019-01-31,0
fx_operations:other_operations:purchase:monthly,2019-02-28,0
fx_operations:other_operations:purchase:monthly,2019-03-31,0
fx_operations:other_operations:purchase:monthly,2019-04-30,0
fx_operations:other_operations:purchase:monthly,2019-05-31,0
fx_operations:other_operations:purchase:monthly,2019-06-30,0
fx_operations:other_operations:purchase:monthly,2019-07-31,0
fx_operations:other_operations:purchase:monthly,2019-08-31,0
fx_operations:other_operations:purchase:monthly,2019-09-30,0
fx_operations:other_operations:purchase:monthly,2019-10-31,0
fx_operations:other_operations:purchase:monthly,2019-11-30,0
fx_operations:other_operations:purchase:monthly,2019-12-31,13.89945943
fx_operations:other_operations:purchase:monthly,2020-01-31,0
fx_operations:other_operations:purchase:monthly,2020-02-29,0
fx_operations:other_operations:purchase:monthly,2020-03-31,0.868467
fx_operations:other_operations:purchase:monthly,2020-04-30,0
fx_operations:other_operations:purchase:monthly,2020-05-31,0
fx_operations:other_operations:purchase:monthly,2020-06-30,0
fx_operations:other_operations:purchase:monthly,2020-07-31,1.37508531
fx_operations:other_operations:purchase:monthly,2020-08-31,0
fx_operations:other_operations:purchase:monthly,2020-09-30,0
fx_operations:other_operations:purchase:monthly,2020-10-31,0
fx_operations:other_operations:purchase:monthly,2020-11-30,0
fx_operations:other_operations:purchase:monthly,2020-12-31,11.52062812
fx_operations:other_operations:purchase:monthly,2021-01-31,0.64537818
fx_operations:other_operations:purchase:monthly,2021-02-28,23.81216645
fx_operations:other_operations:purchase:monthly,2021-03-31,2.03645648
fx_operations:other_operations:purchase:monthly,2021-04-30,3.1641453
fx_operations:other_operations:purchase:monthly,2021-05-31,1.91970224
fx_operations:other_operations:purchase:monthly,2021-06-30,6.66475938
fx_operations:other_operations:purchase:monthly,2021-07-31,5.62164252
fx_operations:other_operations:purchase:monthly,2021-08-31,5.94911621
fx_operations:other_operations:purchase:monthly,2021-09-30,7.46381561
fx_operations:other_operations:purchase:monthly,2021-10-31,5.34014736
fx_operations:other_operations:purchase:monthly,2021-11-30,7.1372244
fx_operations:other_operations:purchase:monthly,2021-12-31,33.16224703
fx_operations:other_operations:purchase:monthly,2022-01-31,1.09375933
fx_operations:other_operations:purchase:monthly,2022-02-28,1.54937597
fx_operations:other_operations:purchase:monthly,2022-03-31,2.12352354
fx_operations:other_operations:purchase:monthly,2022-04-30,6.097384380000001
fx_operations:other_operations:purchase:monthly,2022-05-31,4.888851844835021
fx_operations:other_operations:purchase:monthly,2022-06-30,8.46366819
fx_operations:other_operations:purchase:monthly,2022-07-31,7.222734909999999
fx_operations:other_operations:purchase:monthly,2022-08-31,3.76452537
fx_operations:other_operations:purchase:monthly,2022-09-30,6.22227765
fx_operations:other_operations:purchase:monthly,2022-10-31,6.147431090000001
fx_operations:other_operations:purchase:monthly,2022-11-30,6.70383499
fx_operations:other_operations:purchase:monthly,2022-12-31,34.27205189
fx_operations:other_operations:purchase:monthly,2023-01-31,0.77317552
fx_operations:other_operations:purchase:monthly,2023-02-28,1.91221435
fx_operations:other_operations:purchase:monthly,2023-03-31,2.00557228
fx_operations:other_operations:purchase:monthly,2023-04-30,3.54483529
fx_operations:other_operations:purchase:monthly,2023-05-31,2.75423179
fx_operations:other_operations:purchase:monthly,2023-06-30,2.51275932
fx_operations:other_operations:purchase:monthly,2023-07-31,10.37823052
fx_operations:other_operations:purchase:monthly,2023-08-31,4.700151090000001
fx_operations:other_operations:purchase:monthly,2023-09-30,2.5091253200000003
fx_operations:other_operations:purchase:monthly,2023-10-31,2.1843095
fx_operations:other_operations:purchase:monthly,2023-11-30,9.05095368
fx_operations:other_operations:purchase:monthly,2023-12-31,8.88555266
fx_operations:other_operations:purchase:monthly,2024-01-31,0.2947283
fx_operations:other_operations:purchase:monthly,2024-02-29,2.40481287
fx_operations:other_operations:purchase:monthly,2024-03-31,1.12712908
fx_operations:other_operations:purchase:monthly,2024-04-30,5.315376630000001
fx_operations:other_operations:purchase:monthly,2024-05-31,7.22173154
fx_operations:other_operations:purchase:monthly,2024-06-30,8.000057559999998
fx_operations:other_operations:purchase:monthly,2024-07-31,4.32434573
fx_operations:other_operations:purchase:monthly,2024-08-31,4.6369485599999996
fx_operations:other_operations:purchase:monthly,2024-09-30,3.0957868900000003
fx_operations:other_operations:purchase:monthly,2024-10-31,4.8133899399999995
fx_operations:other_operations:purchase:monthly,2024-11-30,5.283362
fx_operations:other_operations:purchase:monthly,2024-12-31,12.092048189999998
fx_operations:other_operations:purchase:monthly,2025-01-31,0.8821873900000001
fx_operations:other_operations:purchase:monthly,2025-02-28,3.2017258799999992
fx_operations:other_operations:purchase:monthly,2025-03-31,6.409219590000001
fx_operations:other_operations:purchase:monthly,2025-04-30,1.80300212
fx_operations:other_operations:purchase:monthly,2025-05-31,6.910474360000001
fx_operations:other_operations:purchase:monthly,2025-06-30,10.998854380000001
fx_operations:other_operations:purchase:monthly,2025-07-31,1.9910506200000002
fx_operations:other_operations:purchase:monthly,2025-08-31,1.34803202
fx_operations:other_operations:purchase:monthly,2025-09-30,6.81977956
fx_operations:other_operations:purchase:monthly,2025-10-31,4.44890407
fx_operations:other_operations:purchase:monthly,2025-11-30,5.357417470000001
fx_operations:other_operations:purchase:monthly,2025-12-31,16.667010519999998
fx_operations:other_operations:purchase:monthly,2026-01-31,0
fx_operations:other_operations:purchase:monthly,2026-02-28,0
fx_operations:other_operations:purchase:monthly,2026-03-31,0
fx_operations:other_operations:purchase:monthly,2026-04-30,1.86722903
fx_operations:other_operations:purchase:monthly,2026-05-31,0
fx_operations:other_operations:purchase:monthly,2026-06-30,0.00169803
fx_operations:other_operations:purchase:monthly,2026-07-31,0.95098344
fx_operations:other_operations:purchase:quarterly,1994-03-31,70.307
fx_operations:other_operations:purchase:quarterly,1994-06-30,64.025
fx_operations:other_operations:purchase:quarterly,1994-09-30,54.45123000000001
fx_operations:other_operations:purchase:quarterly,1994-12-31,70.419
fx_operations:other_operations:purchase:quarterly,1995-03-31,44.40081
fx_operations:other_operations:purchase:quarterly,1995-06-30,42.6
fx_operations:other_operations:purchase:quarterly,1995-09-30,67.75
fx_operations:other_operations:purchase:quarterly,1995-12-31,67.18
fx_operations:other_operations:purchase:quarterly,1996-03-31,53.471000000000004
fx_operations:other_operations:purchase:quarterly,1996-06-30,46.5
fx_operations:other_operations:purchase:quarterly,1996-09-30,56.5
fx_operations:other_operations:purchase:quarterly,1996-12-31,58.38
fx_operations:other_operations:purchase:quarterly,1997-03-31,54.599999999999994
fx_operations:other_operations:purchase:quarterly,1997-06-30,21.273196
fx_operations:other_operations:purchase:quarterly,1997-09-30,1.12
fx_operations:other_operations:purchase:quarterly,1997-12-31,4.8166
fx_operations:other_operations:purchase:quarterly,1998-03-31,0.59942777
fx_operations:other_operations:purchase:quarterly,1998-06-30,0.15006693
fx_operations:other_operations:purchase:quarterly,1998-09-30,0
fx_operations:other_operations:purchase:quarterly,1998-12-31,0.96207179
fx_operations:other_operations:purchase:quarterly,1999-03-31,0
fx_operations:other_operations:purchase:quarterly,1999-06-30,0.76786037
fx_operations:other_operations:purchase:quarterly,1999-09-30,0.41825542
fx_operations:other_operations:purchase:quarterly,1999-12-31,0.0291525
fx_operations:other_operations:purchase:quarterly,2000-03-31,0
fx_operations:other_operations:purchase:quarterly,2000-06-30,0.91
fx_operations:other_operations:purchase:quarterly,2000-09-30,0.1
fx_operations:other_operations:purchase:quarterly,2000-12-31,3.6630000000000003
fx_operations:other_operations:purchase:quarterly,2001-03-31,0.71345977
fx_operations:other_operations:purchase:quarterly,2001-06-30,2.5767964
fx_operations:other_operations:purchase:quarterly,2001-09-30,1.28237916
fx_operations:other_operations:purchase:quarterly,2001-12-31,1.371
fx_operations:other_operations:purchase:quarterly,2002-03-31,0
fx_operations:other_operations:purchase:quarterly,2002-06-30,5.63257941
fx_operations:other_operations:purchase:quarterly,2002-09-30,1.45849237
fx_operations:other_operations:purchase:quarterly,2002-12-31,0.47640594000000003
fx_operations:other_operations:purchase:quarterly,2003-03-31,0.32614648
fx_operations:other_operations:purchase:quarterly,2003-06-30,0.1427034
fx_operations:other_operations:purchase:quarterly,2003-09-30,0
fx_operations:other_operations:purchase:quarterly,2003-12-31,15.5005
fx_operations:other_operations:purchase:quarterly,2004-03-31,10.51203887
fx_operations:other_operations:purchase:quarterly,2004-06-30,8.62244818
fx_operations:other_operations:purchase:quarterly,2004-09-30,8.69934348
fx_operations:other_operations:purchase:quarterly,2004-12-31,14.012518889999999
fx_operations:other_operations:purchase:quarterly,2005-03-31,10.36328644
fx_operations:other_operations:purchase:quarterly,2005-06-30,9.31003226
fx_operations:other_operations:purchase:quarterly,2005-09-30,5.31666585
fx_operations:other_operations:purchase:quarterly,2005-12-31,14.698539610000001
fx_operations:other_operations:purchase:quarterly,2006-03-31,18.31589528
fx_operations:other_operations:purchase:quarterly,2006-06-30,17.78109818
fx_operations:other_operations:purchase:quarterly,2006-09-30,12.07061864
fx_operations:other_operations:purchase:quarterly,2006-12-31,17.96571916
fx_operations:other_operations:purchase:quarterly,2007-03-31,13.705923939999998
fx_operations:other_operations:purchase:quarterly,2007-06-30,37.41878735
fx_operations:other_operations:purchase:quarterly,2007-09-30,21.15098201
fx_operations:other_operations:purchase:quarterly,2007-12-31,20.501855550000002
fx_operations:other_operations:purchase:quarterly,2008-03-31,0.01592504
fx_operations:other_operations:purchase:quarterly,2008-06-30,0
fx_operations:other_operations:purchase:quarterly,2008-09-30,0
fx_operations:other_operations:purchase:quarterly,2008-12-31,0
fx_operations:other_operations:purchase:quarterly,2009-03-31,0
fx_operations:other_operations:purchase:quarterly,2009-06-30,0
fx_operations:other_operations:purchase:quarterly,2009-09-30,0
fx_operations:other_operations:purchase:quarterly,2009-12-31,0.03
fx_operations:other_operations:purchase:quarterly,2010-03-31,0
fx_operations:other_operations:purchase:quarterly,2010-06-30,0.1
fx_operations:other_operations:purchase:quarterly,2010-09-30,0.04
fx_operations:other_operations:purchase:quarterly,2010-12-31,0
fx_operations:other_operations:purchase:quarterly,2011-03-31,0.01792073
fx_operations:other_operations:purchase:quarterly,2011-06-30,1.083e-5
fx_operations:other_operations:purchase:quarterly,2011-09-30,0
fx_operations:other_operations:purchase:quarterly,2011-12-31,0
fx_operations:other_operations:purchase:quarterly,2012-03-31,0
fx_operations:other_operations:purchase:quarterly,2012-06-30,0
fx_operations:other_operations:purchase:quarterly,2012-09-30,0.05027208
fx_operations:other_operations:purchase:quarterly,2012-12-31,5
fx_operations:other_operations:purchase:quarterly,2013-03-31,10.05027208
fx_operations:other_operations:purchase:quarterly,2013-06-30,0
fx_operations:other_operations:purchase:quarterly,2013-09-30,0.00309417
fx_operations:other_operations:purchase:quarterly,2013-12-31,0
fx_operations:other_operations:purchase:quarterly,2014-03-31,4.75484301
fx_operations:other_operations:purchase:quarterly,2014-06-30,0.12
fx_operations:other_operations:purchase:quarterly,2014-09-30,0
fx_operations:other_operations:purchase:quarterly,2014-12-31,0
fx_operations:other_operations:purchase:quarterly,2015-03-31,0
fx_operations:other_operations:purchase:quarterly,2015-06-30,0.5125
fx_operations:other_operations:purchase:quarterly,2015-09-30,0.239
fx_operations:other_operations:purchase:quarterly,2015-12-31,0.195
fx_operations:other_operations:purchase:quarterly,2016-03-31,0.53
fx_operations:other_operations:purchase:quarterly,2016-06-30,0
fx_operations:other_operations:purchase:quarterly,2016-09-30,0.485
fx_operations:other_operations:purchase:quarterly,2016-12-31,0
fx_operations:other_operations:purchase:quarterly,2017-03-31,0.75
fx_operations:other_operations:purchase:quarterly,2017-06-30,0
fx_operations:other_operations:purchase:quarterly,2017-09-30,0.642
fx_operations:other_operations:purchase:quarterly,2017-12-31,0
fx_operations:other_operations:purchase:quarterly,2018-03-31,0
fx_operations:other_operations:purchase:quarterly,2018-06-30,0
fx_operations:other_operations:purchase:quarterly,2018-09-30,0
fx_operations:other_operations:purchase:quarterly,2018-12-31,0
fx_operations:other_operations:purchase:quarterly,2019-03-31,0
fx_operations:other_operations:purchase:quarterly,2019-06-30,0
fx_operations:other_operations:purchase:quarterly,2019-09-30,0
fx_operations:other_operations:purchase:quarterly,2019-12-31,13.89945943
fx_operations:other_operations:purchase:quarterly,2020-03-31,0.868467
fx_operations:other_operations:purchase:quarterly,2020-06-30,0
fx_operations:other_operations:purchase:quarterly,2020-09-30,1.37508531
fx_operations:other_operations:purchase:quarterly,2020-12-31,11.52062812
fx_operations:other_operations:purchase:quarterly,2021-03-31,26.49400111
fx_operations:other_operations:purchase:quarterly,2021-06-30,11.74860692
fx_operations:other_operations:purchase:quarterly,2021-09-30,19.03457434
fx_operations:other_operations:purchase:quarterly,2021-12-31,45.63961879
fx_operations:other_operations:purchase:quarterly,2022-03-31,4.76665884
fx_operations:other_operations:purchase:quarterly,2022-06-30,19.44990441483502
fx_operations:other_operations:purchase:quarterly,2022-09-30,17.20953793
fx_operations:other_operations:purchase:quarterly,2022-12-31,47.12331797
fx_operations:other_operations:purchase:quarterly,2023-03-31,4.69096215
fx_operations:other_operations:purchase:quarterly,2023-06-30,8.811826400000001
fx_operations:other_operations:purchase:quarterly,2023-09-30,17.58750693
fx_operations:other_operations:purchase:quarterly,2023-12-31,20.12081584
fx_operations:other_operations:purchase:quarterly,2024-03-31,3.8266702500000003
fx_operations:other_operations:purchase:quarterly,2024-06-30,20.537165729999998
fx_operations:other_operations:purchase:quarterly,2024-09-30,12.05708118
fx_operations:other_operations:purchase:quarterly,2024-12-31,22.188800129999997
fx_operations:other_operations:purchase:quarterly,2025-03-31,10.49313286
fx_operations:other_operations:purchase:quarterly,2025-06-30,19.71233086
fx_operations:other_operations:purchase:quarterly,2025-09-30,10.1588622
fx_operations:other_operations:purchase:quarterly,2025-12-31,26.473332059999997
fx_operations:other_operations:purchase:quarterly,2026-03-31,0
fx_operations:other_operations:purchase:quarterly,2026-06-30,1.86892706
fx_operations:other_operations:purchase:quarterly,2026-09-30,0.95098344
fx_operations:other_operations:purchase:quarterly,2026-12-31,0
fx_operations:other_operations:sale:annual,1990-12-31,0
fx_operations:other_operations:sale:annual,1991-12-31,-0.5
fx_operations:other_operations:sale:annual,1992-12-31,-4.4
fx_operations:other_operations:sale:annual,1993-12-31,-4.5
fx_operations:other_operations:sale:annual,1994-12-31,-4.576
fx_operations:other_operations:sale:annual,1995-12-31,-10.081999999999999
fx_operations:other_operations:sale:annual,1996-12-31,0.064
fx_operations:other_operations:sale:annual,1997-12-31,-5
fx_operations:other_operations:sale:annual,1998-12-31,-1.9457934000000001
fx_operations:other_operations:sale:annual,1999-12-31,-4.225920179999999
fx_operations:other_operations:sale:annual,2000-12-31,-4.39139781
fx_operations:other_operations:sale:annual,2001-12-31,-5.8949129199999994
fx_operations:other_operations:sale:annual,2002-12-31,-3.21538449
fx_operations:other_operations:sale:annual,2003-12-31,-0.93681836
fx_operations:other_operations:sale:annual,2004-12-31,-9.43988561
fx_operations:other_operations:sale:annual,2005-12-31,-4.59344941
fx_operations:other_operations:sale:annual,2006-12-31,-11.281670389999999
fx_operations:other_operations:sale:annual,2007-12-31,-7.7787604
fx_operations:other_operations:sale:annual,2008-12-31,-8.639697309999999
fx_operations:other_operations:sale:annual,2009-12-31,-2.10287574
fx_operations:other_operations:sale:annual,2010-12-31,-2.05605863
fx_operations:other_operations:sale:annual,2011-12-31,-5.91178544
fx_operations:other_operations:sale:annual,2012-12-31,-1.7719022
fx_operations:other_operations:sale:annual,2013-12-31,-2.41078418
fx_operations:other_operations:sale:annual,2014-12-31,-0.50326018
fx_operations:other_operations:sale:annual,2015-12-31,0
fx_operations:other_operations:sale:annual,2016-12-31,0
fx_operations:other_operations:sale:annual,2017-12-31,-0.00152679
fx_operations:other_operations:sale:annual,2018-12-31,-8.09395774
fx_operations:other_operations:sale:annual,2019-12-31,-0.38818145000000004
fx_operations:other_operations:sale:annual,2020-12-31,-3.8970609799999996
fx_operations:other_operations:sale:annual,2021-12-31,-62.58842552
fx_operations:other_operations:sale:annual,2022-12-31,-80.6656196348905
fx_operations:other_operations:sale:annual,2023-12-31,-54.534500539999996
fx_operations:other_operations:sale:annual,2024-12-31,-29.12770077327452
fx_operations:other_operations:sale:annual,2025-12-31,-13.508905259999997
fx_operations:other_operations:sale:annual,2026-12-31,-1.80699887
fx_operations:other_operations:sale:monthly,1995-01-31,-0.02
fx_operations:other_operations:sale:monthly,1995-02-28,-0.04
fx_operations:other_operations:sale:monthly,1995-03-31,-2.4
fx_operations:other_operations:sale:monthly,1995-04-30,-0.4
fx_operations:other_operations:sale:monthly,1995-05-31,-0.2
fx_operations:other_operations:sale:monthly,1995-06-30,-4.4
fx_operations:other_operations:sale:monthly,1995-07-31,-1.8
fx_operations:other_operations:sale:monthly,1995-08-31,-0.007
fx_operations:other_operations:sale:monthly,1995-09-30,-0.007
fx_operations:other_operations:sale:monthly,1995-10-31,-0.808
fx_operations:other_operations:sale:monthly,1995-11-30,0
fx_operations:other_operations:sale:monthly,1995-12-31,0
fx_operations:other_operations:sale:monthly,1996-01-31,0
fx_operations:other_operations:sale:monthly,1996-02-29,0
fx_operations:other_operations:sale:monthly,1996-03-31,0.064
fx_operations:other_operations:sale:monthly,1996-04-30,0
fx_operations:other_operations:sale:monthly,1996-05-31,0
fx_operations:other_operations:sale:monthly,1996-06-30,0
fx_operations:other_operations:sale:monthly,1996-07-31,0
fx_operations:other_operations:sale:monthly,1996-08-31,0
fx_operations:other_operations:sale:monthly,1996-09-30,0
fx_operations:other_operations:sale:monthly,1996-10-31,0
fx_operations:other_operations:sale:monthly,1996-11-30,0
fx_operations:other_operations:sale:monthly,1996-12-31,0
fx_operations:other_operations:sale:monthly,1997-01-31,0
fx_operations:other_operations:sale:monthly,1997-02-28,0
fx_operations:other_operations:sale:monthly,1997-03-31,0
fx_operations:other_operations:sale:monthly,1997-04-30,0
fx_operations:other_operations:sale:monthly,1997-05-31,0
fx_operations:other_operations:sale:monthly,1997-06-30,0
fx_operations:other_operations:sale:monthly,1997-07-31,0
fx_operations:other_operations:sale:monthly,1997-08-31,0
fx_operations:other_operations:sale:monthly,1997-09-30,0
fx_operations:other_operations:sale:monthly,1997-10-31,0
fx_operations:other_operations:sale:monthly,1997-11-30,-5
fx_operations:other_operations:sale:monthly,1997-12-31,0
fx_operations:other_operations:sale:monthly,1998-01-31,-0.281725
fx_operations:other_operations:sale:monthly,1998-02-28,-0.71812351
fx_operations:other_operations:sale:monthly,1998-03-31,-0.09064688
fx_operations:other_operations:sale:monthly,1998-04-30,0
fx_operations:other_operations:sale:monthly,1998-05-31,0
fx_operations:other_operations:sale:monthly,1998-06-30,0
fx_operations:other_operations:sale:monthly,1998-07-31,-0.03105188
fx_operations:other_operations:sale:monthly,1998-08-31,-0.19466649
fx_operations:other_operations:sale:monthly,1998-09-30,0
fx_operations:other_operations:sale:monthly,1998-10-31,-0.62957964
fx_operations:other_operations:sale:monthly,1998-11-30,0
fx_operations:other_operations:sale:monthly,1998-12-31,0
fx_operations:other_operations:sale:monthly,1999-01-31,0
fx_operations:other_operations:sale:monthly,1999-02-28,0
fx_operations:other_operations:sale:monthly,1999-03-31,-2.4
fx_operations:other_operations:sale:monthly,1999-04-30,0
fx_operations:other_operations:sale:monthly,1999-05-31,0
fx_operations:other_operations:sale:monthly,1999-06-30,0
fx_operations:other_operations:sale:monthly,1999-07-31,-0.02592018
fx_operations:other_operations:sale:monthly,1999-08-31,-1.2
fx_operations:other_operations:sale:monthly,1999-09-30,-0.6
fx_operations:other_operations:sale:monthly,1999-10-31,0
fx_operations:other_operations:sale:monthly,1999-11-30,0
fx_operations:other_operations:sale:monthly,1999-12-31,0
fx_operations:other_operations:sale:monthly,2000-01-31,0
fx_operations:other_operations:sale:monthly,2000-02-29,0
fx_operations:other_operations:sale:monthly,2000-03-31,-1.4
fx_operations:other_operations:sale:monthly,2000-04-30,-0.0450019
fx_operations:other_operations:sale:monthly,2000-05-31,0
fx_operations:other_operations:sale:monthly,2000-06-30,-0.08474091
fx_operations:other_operations:sale:monthly,2000-07-31,-0.4
fx_operations:other_operations:sale:monthly,2000-08-31,-0.088808
fx_operations:other_operations:sale:monthly,2000-09-30,0
fx_operations:other_operations:sale:monthly,2000-10-31,-2.2
fx_operations:other_operations:sale:monthly,2000-11-30,0
fx_operations:other_operations:sale:monthly,2000-12-31,-0.172847
fx_operations:other_operations:sale:monthly,2001-01-31,-0.65398459
fx_operations:other_operations:sale:monthly,2001-02-28,0
fx_operations:other_operations:sale:monthly,2001-03-31,-0.53236728
fx_operations:other_operations:sale:monthly,2001-04-30,-1.87101315
fx_operations:other_operations:sale:monthly,2001-05-31,-0.0537
fx_operations:other_operations:sale:monthly,2001-06-30,-0.21979171
fx_operations:other_operations:sale:monthly,2001-07-31,-0.50705619
fx_operations:other_operations:sale:monthly,2001-08-31,0
fx_operations:other_operations:sale:monthly,2001-09-30,-1.912
fx_operations:other_operations:sale:monthly,2001-10-31,-0.145
fx_operations:other_operations:sale:monthly,2001-11-30,0
fx_operations:other_operations:sale:monthly,2001-12-31,0
fx_operations:other_operations:sale:monthly,2002-01-31,-0.410411
fx_operations:other_operations:sale:monthly,2002-02-28,0
fx_operations:other_operations:sale:monthly,2002-03-31,0
fx_operations:other_operations:sale:monthly,2002-04-30,-0.228379
fx_operations:other_operations:sale:monthly,2002-05-31,0
fx_operations:other_operations:sale:monthly,2002-06-30,-0.93191265
fx_operations:other_operations:sale:monthly,2002-07-31,-0.031
fx_operations:other_operations:sale:monthly,2002-08-31,0
fx_operations:other_operations:sale:monthly,2002-09-30,-0.1025795
fx_operations:other_operations:sale:monthly,2002-10-31,-1.51110234
fx_operations:other_operations:sale:monthly,2002-11-30,0
fx_operations:other_operations:sale:monthly,2002-12-31,0
fx_operations:other_operations:sale:monthly,2003-01-31,0
fx_operations:other_operations:sale:monthly,2003-02-28,0
fx_operations:other_operations:sale:monthly,2003-03-31,-0.32614648
fx_operations:other_operations:sale:monthly,2003-04-30,-0.14424425
fx_operations:other_operations:sale:monthly,2003-05-31,-0.14175304
fx_operations:other_operations:sale:monthly,2003-06-30,0
fx_operations:other_operations:sale:monthly,2003-07-31,-0.03748039
fx_operations:other_operations:sale:monthly,2003-08-31,0
fx_operations:other_operations:sale:monthly,2003-09-30,0
fx_operations:other_operations:sale:monthly,2003-10-31,-0.1371942
fx_operations:other_operations:sale:monthly,2003-11-30,-0.15
fx_operations:other_operations:sale:monthly,2003-12-31,0
fx_operations:other_operations:sale:monthly,2004-01-31,-0.8
fx_operations:other_operations:sale:monthly,2004-02-29,0
fx_operations:other_operations:sale:monthly,2004-03-31,-1.91
fx_operations:other_operations:sale:monthly,2004-04-30,-0.26
fx_operations:other_operations:sale:monthly,2004-05-31,0
fx_operations:other_operations:sale:monthly,2004-06-30,-3.825
fx_operations:other_operations:sale:monthly,2004-07-31,0
fx_operations:other_operations:sale:monthly,2004-08-31,-1.1905999999999999
fx_operations:other_operations:sale:monthly,2004-09-30,0
fx_operations:other_operations:sale:monthly,2004-10-31,-0.128
fx_operations:other_operations:sale:monthly,2004-11-30,0.00890324
fx_operations:other_operations:sale:monthly,2004-12-31,-1.20718885
fx_operations:other_operations:sale:monthly,2005-01-31,-0.88369052
fx_operations:other_operations:sale:monthly,2005-02-28,-0.291
fx_operations:other_operations:sale:monthly,2005-03-31,0
fx_operations:other_operations:sale:monthly,2005-04-30,-0.45438739
fx_operations:other_operations:sale:monthly,2005-05-31,0
fx_operations:other_operations:sale:monthly,2005-06-30,-0.2865295
fx_operations:other_operations:sale:monthly,2005-07-31,-0.99232
fx_operations:other_operations:sale:monthly,2005-08-31,-0.3089
fx_operations:other_operations:sale:monthly,2005-09-30,0
fx_operations:other_operations:sale:monthly,2005-10-31,-1.07317
fx_operations:other_operations:sale:monthly,2005-11-30,0
fx_operations:other_operations:sale:monthly,2005-12-31,-0.303452
fx_operations:other_operations:sale:monthly,2006-01-31,-1.049882
fx_operations:other_operations:sale:monthly,2006-02-28,-0.291
fx_operations:other_operations:sale:monthly,2006-03-31,0
fx_operations:other_operations:sale:monthly,2006-04-30,-1.158445
fx_operations:other_operations:sale:monthly,2006-05-31,0
fx_operations:other_operations:sale:monthly,2006-06-30,-1.3866e-4
fx_operations:other_operations:sale:monthly,2006-07-31,-1.2289756299999999
fx_operations:other_operations:sale:monthly,2006-08-31,-1.64759576
fx_operations:other_operations:sale:monthly,2006-09-30,-1.628892
fx_operations:other_operations:sale:monthly,2006-10-31,-3.70334698
fx_operations:other_operations:sale:monthly,2006-11-30,-0.224724
fx_operations:other_operations:sale:monthly,2006-12-31,-0.34867036
fx_operations:other_operations:sale:monthly,2007-01-31,-1.518972
fx_operations:other_operations:sale:monthly,2007-02-28,-0.158934
fx_operations:other_operations:sale:monthly,2007-03-31,-0.37817501000000003
fx_operations:other_operations:sale:monthly,2007-04-30,-1.8058590300000001
fx_operations:other_operations:sale:monthly,2007-05-31,-0.11
fx_operations:other_operations:sale:monthly,2007-06-30,-0.29878735
fx_operations:other_operations:sale:monthly,2007-07-31,-2.055766
fx_operations:other_operations:sale:monthly,2007-08-31,-0.35241146
fx_operations:other_operations:sale:monthly,2007-09-30,0
fx_operations:other_operations:sale:monthly,2007-10-31,-0.386
fx_operations:other_operations:sale:monthly,2007-11-30,-0.46685555
fx_operations:other_operations:sale:monthly,2007-12-31,-0.247
fx_operations:other_operations:sale:monthly,2008-01-31,-4.678471
fx_operations:other_operations:sale:monthly,2008-02-29,-0.21592504
fx_operations:other_operations:sale:monthly,2008-03-31,-0.79779621
fx_operations:other_operations:sale:monthly,2008-04-30,-0.063
fx_operations:other_operations:sale:monthly,2008-05-31,-0.206
fx_operations:other_operations:sale:monthly,2008-06-30,-0.36292375
fx_operations:other_operations:sale:monthly,2008-07-31,-0.18742062999999998
fx_operations:other_operations:sale:monthly,2008-08-31,-1.18752972
fx_operations:other_operations:sale:monthly,2008-09-30,-0.133
fx_operations:other_operations:sale:monthly,2008-10-31,-0.10816724
fx_operations:other_operations:sale:monthly,2008-11-30,-0.23384641
fx_operations:other_operations:sale:monthly,2008-12-31,-0.46561731
fx_operations:other_operations:sale:monthly,2009-01-31,-0.06453457
fx_operations:other_operations:sale:monthly,2009-02-28,-0.85831617
fx_operations:other_operations:sale:monthly,2009-03-31,-0.083
fx_operations:other_operations:sale:monthly,2009-04-30,-2.5e-5
fx_operations:other_operations:sale:monthly,2009-05-31,-0.073
fx_operations:other_operations:sale:monthly,2009-06-30,0
fx_operations:other_operations:sale:monthly,2009-07-31,0
fx_operations:other_operations:sale:monthly,2009-08-31,-0.83
fx_operations:other_operations:sale:monthly,2009-09-30,-0.194
fx_operations:other_operations:sale:monthly,2009-10-31,0
fx_operations:other_operations:sale:monthly,2009-11-30,0
fx_operations:other_operations:sale:monthly,2009-12-31,0
fx_operations:other_operations:sale:monthly,2010-01-31,-0.09
fx_operations:other_operations:sale:monthly,2010-02-28,0
fx_operations:other_operations:sale:monthly,2010-03-31,-0.86279991
fx_operations:other_operations:sale:monthly,2010-04-30,0
fx_operations:other_operations:sale:monthly,2010-05-31,0
fx_operations:other_operations:sale:monthly,2010-06-30,-0.05
fx_operations:other_operations:sale:monthly,2010-07-31,-0.18975872
fx_operations:other_operations:sale:monthly,2010-08-31,-0.8634999999999999
fx_operations:other_operations:sale:monthly,2010-09-30,0
fx_operations:other_operations:sale:monthly,2010-10-31,0
fx_operations:other_operations:sale:monthly,2010-11-30,0
fx_operations:other_operations:sale:monthly,2010-12-31,0
fx_operations:other_operations:sale:monthly,2011-01-31,0
fx_operations:other_operations:sale:monthly,2011-02-28,-0.77914549
fx_operations:other_operations:sale:monthly,2011-03-31,0
fx_operations:other_operations:sale:monthly,2011-04-30,0
fx_operations:other_operations:sale:monthly,2011-05-31,0
fx_operations:other_operations:sale:monthly,2011-06-30,0
fx_operations:other_operations:sale:monthly,2011-07-31,0
fx_operations:other_operations:sale:monthly,2011-08-31,0
fx_operations:other_operations:sale:monthly,2011-09-30,-5
fx_operations:other_operations:sale:monthly,2011-10-31,0
fx_operations:other_operations:sale:monthly,2011-11-30,-0.13263995
fx_operations:other_operations:sale:monthly,2011-12-31,0
fx_operations:other_operations:sale:monthly,2012-01-31,0
fx_operations:other_operations:sale:monthly,2012-02-29,-0.71479021
fx_operations:other_operations:sale:monthly,2012-03-31,-2.1822e-4
fx_operations:other_operations:sale:monthly,2012-04-30,0
fx_operations:other_operations:sale:monthly,2012-05-31,0
fx_operations:other_operations:sale:monthly,2012-06-30,0
fx_operations:other_operations:sale:monthly,2012-07-31,0
fx_operations:other_operations:sale:monthly,2012-08-31,-0.69
fx_operations:other_operations:sale:monthly,2012-09-30,-0.17140413
fx_operations:other_operations:sale:monthly,2012-10-31,-0.06446325
fx_operations:other_operations:sale:monthly,2012-11-30,-0.06745
fx_operations:other_operations:sale:monthly,2012-12-31,-0.06357639
fx_operations:other_operations:sale:monthly,2013-01-31,-0.12345092
fx_operations:other_operations:sale:monthly,2013-02-28,-0.76943887
fx_operations:other_operations:sale:monthly,2013-03-31,-0.09504441
fx_operations:other_operations:sale:monthly,2013-04-30,-0.10998099
fx_operations:other_operations:sale:monthly,2013-05-31,0
fx_operations:other_operations:sale:monthly,2013-06-30,-0.08804623
fx_operations:other_operations:sale:monthly,2013-07-31,0
fx_operations:other_operations:sale:monthly,2013-08-31,-0.9392602400000001
fx_operations:other_operations:sale:monthly,2013-09-30,-0.1738258
fx_operations:other_operations:sale:monthly,2013-10-31,-0.10018605
fx_operations:other_operations:sale:monthly,2013-11-30,-0.01155067
fx_operations:other_operations:sale:monthly,2013-12-31,0
fx_operations:other_operations:sale:monthly,2014-01-31,0
fx_operations:other_operations:sale:monthly,2014-02-28,-0.02398376
fx_operations:other_operations:sale:monthly,2014-03-31,0
fx_operations:other_operations:sale:monthly,2014-04-30,0
fx_operations:other_operations:sale:monthly,2014-05-31,-0.03416248
fx_operations:other_operations:sale:monthly,2014-06-30,0
fx_operations:other_operations:sale:monthly,2014-07-31,0
fx_operations:other_operations:sale:monthly,2014-08-31,0
fx_operations:other_operations:sale:monthly,2014-09-30,0
fx_operations:other_operations:sale:monthly,2014-10-31,0
fx_operations:other_operations:sale:monthly,2014-11-30,0
fx_operations:other_operations:sale:monthly,2014-12-31,-0.44511394
fx_operations:other_operations:sale:monthly,2015-01-31,0
fx_operations:other_operations:sale:monthly,2015-02-28,0
fx_operations:other_operations:sale:monthly,2015-03-31,0
fx_operations:other_operations:sale:monthly,2015-04-30,0
fx_operations:other_operations:sale:monthly,2015-05-31,0
fx_operations:other_operations:sale:monthly,2015-06-30,0
fx_operations:other_operations:sale:monthly,2015-07-31,0
fx_operations:other_operations:sale:monthly,2015-08-31,0
fx_operations:other_operations:sale:monthly,2015-09-30,0
fx_operations:other_operations:sale:monthly,2015-10-31,0
fx_operations:other_operations:sale:monthly,2015-11-30,0
fx_operations:other_operations:sale:monthly,2015-12-31,0
fx_operations:other_operations:sale:monthly,2016-01-31,0
fx_operations:other_operations:sale:monthly,2016-02-29,0
fx_operations:other_operations:sale:monthly,2016-03-31,0
fx_operations:other_operations:sale:monthly,2016-04-30,0
fx_operations:other_operations:sale:monthly,2016-05-31,0
fx_operations:other_operations:sale:monthly,2016-06-30,0
fx_operations:other_operations:sale:monthly,2016-07-31,0
fx_operations:other_operations:sale:monthly,2016-08-31,0
fx_operations:other_operations:sale:monthly,2016-09-30,0
fx_operations:other_operations:sale:monthly,2016-10-31,0
fx_operations:other_operations:sale:monthly,2016-11-30,0
fx_operations:other_operations:sale:monthly,2016-12-31,0
fx_operations:other_operations:sale:monthly,2017-01-31,0
fx_operations:other_operations:sale:monthly,2017-02-28,0
fx_operations:other_operations:sale:monthly,2017-03-31,0
fx_operations:other_operations:sale:monthly,2017-04-30,0
fx_operations:other_operations:sale:monthly,2017-05-31,0
fx_operations:other_operations:sale:monthly,2017-06-30,0
fx_operations:other_operations:sale:monthly,2017-07-31,0
fx_operations:other_operations:sale:monthly,2017-08-31,0
fx_operations:other_operations:sale:monthly,2017-09-30,0
fx_operations:other_operations:sale:monthly,2017-10-31,0
fx_operations:other_operations:sale:monthly,2017-11-30,0
fx_operations:other_operations:sale:monthly,2017-12-31,-0.00152679
fx_operations:other_operations:sale:monthly,2018-01-31,0
fx_operations:other_operations:sale:monthly,2018-02-28,0
fx_operations:other_operations:sale:monthly,2018-03-31,0
fx_operations:other_operations:sale:monthly,2018-04-30,0
fx_operations:other_operations:sale:monthly,2018-05-31,-6.942e-4
fx_operations:other_operations:sale:monthly,2018-06-30,-0.0582268
fx_operations:other_operations:sale:monthly,2018-07-31,-0.00235754
fx_operations:other_operations:sale:monthly,2018-08-31,0
fx_operations:other_operations:sale:monthly,2018-09-30,0
fx_operations:other_operations:sale:monthly,2018-10-31,-8.676e-4
fx_operations:other_operations:sale:monthly,2018-11-30,-7.79990865
fx_operations:other_operations:sale:monthly,2018-12-31,-0.23190295
fx_operations:other_operations:sale:monthly,2019-01-31,0
fx_operations:other_operations:sale:monthly,2019-02-28,0
fx_operations:other_operations:sale:monthly,2019-03-31,0
fx_operations:other_operations:sale:monthly,2019-04-30,0
fx_operations:other_operations:sale:monthly,2019-05-31,0
fx_operations:other_operations:sale:monthly,2019-06-30,-0.1967666
fx_operations:other_operations:sale:monthly,2019-07-31,0
fx_operations:other_operations:sale:monthly,2019-08-31,0
fx_operations:other_operations:sale:monthly,2019-09-30,0
fx_operations:other_operations:sale:monthly,2019-10-31,0
fx_operations:other_operations:sale:monthly,2019-11-30,0
fx_operations:other_operations:sale:monthly,2019-12-31,-0.19141485
fx_operations:other_operations:sale:monthly,2020-01-31,0
fx_operations:other_operations:sale:monthly,2020-02-29,0
fx_operations:other_operations:sale:monthly,2020-03-31,0
fx_operations:other_operations:sale:monthly,2020-04-30,0
fx_operations:other_operations:sale:monthly,2020-05-31,0
fx_operations:other_operations:sale:monthly,2020-06-30,-0.58753856
fx_operations:other_operations:sale:monthly,2020-07-31,-0.042
fx_operations:other_operations:sale:monthly,2020-08-31,0
fx_operations:other_operations:sale:monthly,2020-09-30,-3.02301604
fx_operations:other_operations:sale:monthly,2020-10-31,0
fx_operations:other_operations:sale:monthly,2020-11-30,0
fx_operations:other_operations:sale:monthly,2020-12-31,-0.24450638
fx_operations:other_operations:sale:monthly,2021-01-31,0
fx_operations:other_operations:sale:monthly,2021-02-28,0
fx_operations:other_operations:sale:monthly,2021-03-31,0
fx_operations:other_operations:sale:monthly,2021-04-30,0
fx_operations:other_operations:sale:monthly,2021-05-31,-0.18172606
fx_operations:other_operations:sale:monthly,2021-06-30,-0.20442706
fx_operations:other_operations:sale:monthly,2021-07-31,-38.53375941
fx_operations:other_operations:sale:monthly,2021-08-31,0
fx_operations:other_operations:sale:monthly,2021-09-30,0
fx_operations:other_operations:sale:monthly,2021-10-31,-23.43271863
fx_operations:other_operations:sale:monthly,2021-11-30,-0.00608364
fx_operations:other_operations:sale:monthly,2021-12-31,-0.22971072
fx_operations:other_operations:sale:monthly,2022-01-31,-28.60276253
fx_operations:other_operations:sale:monthly,2022-02-28,0
fx_operations:other_operations:sale:monthly,2022-03-31,0
fx_operations:other_operations:sale:monthly,2022-04-30,-11.54921158
fx_operations:other_operations:sale:monthly,2022-05-31,0
fx_operations:other_operations:sale:monthly,2022-06-30,-0.173717634890489
fx_operations:other_operations:sale:monthly,2022-07-31,0
fx_operations:other_operations:sale:monthly,2022-08-31,0
fx_operations:other_operations:sale:monthly,2022-09-30,-0.08863636
fx_operations:other_operations:sale:monthly,2022-10-31,-40.25129153
fx_operations:other_operations:sale:monthly,2022-11-30,0
fx_operations:other_operations:sale:monthly,2022-12-31,0
fx_operations:other_operations:sale:monthly,2023-01-31,0
fx_operations:other_operations:sale:monthly,2023-02-28,0
fx_operations:other_operations:sale:monthly,2023-03-31,-8.561639269999999
fx_operations:other_operations:sale:monthly,2023-04-30,-7
fx_operations:other_operations:sale:monthly,2023-05-31,0
fx_operations:other_operations:sale:monthly,2023-06-30,-3.93456048
fx_operations:other_operations:sale:monthly,2023-07-31,-6.477
fx_operations:other_operations:sale:monthly,2023-08-31,-0.6527307
fx_operations:other_operations:sale:monthly,2023-09-30,-4.88363437
fx_operations:other_operations:sale:monthly,2023-10-31,0
fx_operations:other_operations:sale:monthly,2023-11-30,-22.98748689
fx_operations:other_operations:sale:monthly,2023-12-31,-0.03744883
fx_operations:other_operations:sale:monthly,2024-01-31,0
fx_operations:other_operations:sale:monthly,2024-02-29,0
fx_operations:other_operations:sale:monthly,2024-03-31,-1.3455836600000002
fx_operations:other_operations:sale:monthly,2024-04-30,-2.0495540532745182
fx_operations:other_operations:sale:monthly,2024-05-31,0
fx_operations:other_operations:sale:monthly,2024-06-30,0
fx_operations:other_operations:sale:monthly,2024-07-31,0
fx_operations:other_operations:sale:monthly,2024-08-31,-25.73256306
fx_operations:other_operations:sale:monthly,2024-09-30,0
fx_operations:other_operations:sale:monthly,2024-10-31,0
fx_operations:other_operations:sale:monthly,2024-11-30,0
fx_operations:other_operations:sale:monthly,2024-12-31,0
fx_operations:other_operations:sale:monthly,2025-01-31,0
fx_operations:other_operations:sale:monthly,2025-02-28,0
fx_operations:other_operations:sale:monthly,2025-03-31,0
fx_operations:other_operations:sale:monthly,2025-04-30,-11.196097709999998
fx_operations:other_operations:sale:monthly,2025-05-31,-1.3722888999999998
fx_operations:other_operations:sale:monthly,2025-06-30,0
fx_operations:other_operations:sale:monthly,2025-07-31,0
fx_operations:other_operations:sale:monthly,2025-08-31,-0.8746987900000001
fx_operations:other_operations:sale:monthly,2025-09-30,0
fx_operations:other_operations:sale:monthly,2025-10-31,0
fx_operations:other_operations:sale:monthly,2025-11-30,-0.06581986
fx_operations:other_operations:sale:monthly,2025-12-31,0
fx_operations:other_operations:sale:monthly,2026-01-31,-0.010022370000000001
fx_operations:other_operations:sale:monthly,2026-02-28,0
fx_operations:other_operations:sale:monthly,2026-03-31,0
fx_operations:other_operations:sale:monthly,2026-04-30,0
fx_operations:other_operations:sale:monthly,2026-05-31,0
fx_operations:other_operations:sale:monthly,2026-06-30,0
fx_operations:other_operations:sale:monthly,2026-07-31,-1.7969765
fx_operations:other_operations:sale:quarterly,1994-03-31,-1.9369999999999998
fx_operations:other_operations:sale:quarterly,1994-06-30,-1.12
fx_operations:other_operations:sale:quarterly,1994-09-30,-0.706
fx_operations:other_operations:sale:quarterly,1994-12-31,-0.813
fx_operations:other_operations:sale:quarterly,1995-03-31,-2.46
fx_operations:other_operations:sale:quarterly,1995-06-30,-5
fx_operations:other_operations:sale:quarterly,1995-09-30,-1.8139999999999998
fx_operations:other_operations:sale:quarterly,1995-12-31,-0.808
fx_operations:other_operations:sale:quarterly,1996-03-31,0.064
fx_operations:other_operations:sale:quarterly,1996-06-30,0
fx_operations:other_operations:sale:quarterly,1996-09-30,0
fx_operations:other_operations:sale:quarterly,1996-12-31,0
fx_operations:other_operations:sale:quarterly,1997-03-31,0
fx_operations:other_operations:sale:quarterly,1997-06-30,0
fx_operations:other_operations:sale:quarterly,1997-09-30,0
fx_operations:other_operations:sale:quarterly,1997-12-31,-5
fx_operations:other_operations:sale:quarterly,1998-03-31,-1.09049539
fx_operations:other_operations:sale:quarterly,1998-06-30,0
fx_operations:other_operations:sale:quarterly,1998-09-30,-0.22571837
fx_operations:other_operations:sale:quarterly,1998-12-31,-0.62957964
fx_operations:other_operations:sale:quarterly,1999-03-31,-2.4
fx_operations:other_operations:sale:quarterly,1999-06-30,0
fx_operations:other_operations:sale:quarterly,1999-09-30,-1.8259201799999998
fx_operations:other_operations:sale:quarterly,1999-12-31,0
fx_operations:other_operations:sale:quarterly,2000-03-31,-1.4
fx_operations:other_operations:sale:quarterly,2000-06-30,-0.12974281
fx_operations:other_operations:sale:quarterly,2000-09-30,-0.488808
fx_operations:other_operations:sale:quarterly,2000-12-31,-2.372847
fx_operations:other_operations:sale:quarterly,2001-03-31,-1.18635187
fx_operations:other_operations:sale:quarterly,2001-06-30,-2.14450486
fx_operations:other_operations:sale:quarterly,2001-09-30,-2.41905619
fx_operations:other_operations:sale:quarterly,2001-12-31,-0.145
fx_operations:other_operations:sale:quarterly,2002-03-31,-0.410411
fx_operations:other_operations:sale:quarterly,2002-06-30,-1.16029165
fx_operations:other_operations:sale:quarterly,2002-09-30,-0.13357950000000002
fx_operations:other_operations:sale:quarterly,2002-12-31,-1.51110234
fx_operations:other_operations:sale:quarterly,2003-03-31,-0.32614648
fx_operations:other_operations:sale:quarterly,2003-06-30,-0.28599728999999996
fx_operations:other_operations:sale:quarterly,2003-09-30,-0.03748039
fx_operations:other_operations:sale:quarterly,2003-12-31,-0.28719419999999996
fx_operations:other_operations:sale:quarterly,2004-03-31,-2.71
fx_operations:other_operations:sale:quarterly,2004-06-30,-4.085
fx_operations:other_operations:sale:quarterly,2004-09-30,-1.1905999999999999
fx_operations:other_operations:sale:quarterly,2004-12-31,-1.32628561
fx_operations:other_operations:sale:quarterly,2005-03-31,-1.17469052
fx_operations:other_operations:sale:quarterly,2005-06-30,-0.74091689
fx_operations:other_operations:sale:quarterly,2005-09-30,-1.30122
fx_operations:other_operations:sale:quarterly,2005-12-31,-1.376622
fx_operations:other_operations:sale:quarterly,2006-03-31,-1.340882
fx_operations:other_operations:sale:quarterly,2006-06-30,-1.15858366
fx_operations:other_operations:sale:quarterly,2006-09-30,-4.505463389999999
fx_operations:other_operations:sale:quarterly,2006-12-31,-4.27674134
fx_operations:other_operations:sale:quarterly,2007-03-31,-2.0560810099999998
fx_operations:other_operations:sale:quarterly,2007-06-30,-2.2146463800000005
fx_operations:other_operations:sale:quarterly,2007-09-30,-2.40817746
fx_operations:other_operations:sale:quarterly,2007-12-31,-1.09985555
fx_operations:other_operations:sale:quarterly,2008-03-31,-5.69219225
fx_operations:other_operations:sale:quarterly,2008-06-30,-0.63192375
fx_operations:other_operations:sale:quarterly,2008-09-30,-1.5079503499999998
fx_operations:other_operations:sale:quarterly,2008-12-31,-0.80763096
fx_operations:other_operations:sale:quarterly,2009-03-31,-1.00585074
fx_operations:other_operations:sale:quarterly,2009-06-30,-0.07302499999999999
fx_operations:other_operations:sale:quarterly,2009-09-30,-1.024
fx_operations:other_operations:sale:quarterly,2009-12-31,0
fx_operations:other_operations:sale:quarterly,2010-03-31,-0.95279991
fx_operations:other_operations:sale:quarterly,2010-06-30,-0.05
fx_operations:other_operations:sale:quarterly,2010-09-30,-1.0532587199999999
fx_operations:other_operations:sale:quarterly,2010-12-31,0
fx_operations:other_operations:sale:quarterly,2011-03-31,-0.77914549
fx_operations:other_operations:sale:quarterly,2011-06-30,0
fx_operations:other_operations:sale:quarterly,2011-09-30,-5
fx_operations:other_operations:sale:quarterly,2011-12-31,-0.13263995
fx_operations:other_operations:sale:quarterly,2012-03-31,-0.71500843
fx_operations:other_operations:sale:quarterly,2012-06-30,0
fx_operations:other_operations:sale:quarterly,2012-09-30,-0.8614041299999999
fx_operations:other_operations:sale:quarterly,2012-12-31,-0.19548963999999996
fx_operations:other_operations:sale:quarterly,2013-03-31,-0.9879342
fx_operations:other_operations:sale:quarterly,2013-06-30,-0.19802722
fx_operations:other_operations:sale:quarterly,2013-09-30,-1.11308604
fx_operations:other_operations:sale:quarterly,2013-12-31,-0.11173672
fx_operations:other_operations:sale:quarterly,2014-03-31,-0.02398376
fx_operations:other_operations:sale:quarterly,2014-06-30,-0.03416248
fx_operations:other_operations:sale:quarterly,2014-09-30,0
fx_operations:other_operations:sale:quarterly,2014-12-31,-0.44511394
fx_operations:other_operations:sale:quarterly,2015-03-31,0
fx_operations:other_operations:sale:quarterly,2015-06-30,0
fx_operations:other_operations:sale:quarterly,2015-09-30,0
fx_operations:other_operations:sale:quarterly,2015-12-31,0
fx_operations:other_operations:sale:quarterly,2016-03-31,0
fx_operations:other_operations:sale:quarterly,2016-06-30,0
fx_operations:other_operations:sale:quarterly,2016-09-30,0
fx_operations:other_operations:sale:quarterly,2016-12-31,0
fx_operations:other_operations:sale:quarterly,2017-03-31,0
fx_operations:other_operations:sale:quarterly,2017-06-30,0
fx_operations:other_operations:sale:quarterly,2017-09-30,0
fx_operations:other_operations:sale:quarterly,2017-12-31,-0.00152679
fx_operations:other_operations:sale:quarterly,2018-03-31,0
fx_operations:other_operations:sale:quarterly,2018-06-30,-0.058921
fx_operations:other_operations:sale:quarterly,2018-09-30,-0.00235754
fx_operations:other_operations:sale:quarterly,2018-12-31,-8.0326792
fx_operations:other_operations:sale:quarterly,2019-03-31,0
fx_operations:other_operations:sale:quarterly,2019-06-30,-0.1967666
fx_operations:other_operations:sale:quarterly,2019-09-30,0
fx_operations:other_operations:sale:quarterly,2019-12-31,-0.19141485
fx_operations:other_operations:sale:quarterly,2020-03-31,0
fx_operations:other_operations:sale:quarterly,2020-06-30,-0.58753856
fx_operations:other_operations:sale:quarterly,2020-09-30,-3.0650160399999997
fx_operations:other_operations:sale:quarterly,2020-12-31,-0.24450638
fx_operations:other_operations:sale:quarterly,2021-03-31,0
fx_operations:other_operations:sale:quarterly,2021-06-30,-0.38615312
fx_operations:other_operations:sale:quarterly,2021-09-30,-38.53375941
fx_operations:other_operations:sale:quarterly,2021-12-31,-23.66851299
fx_operations:other_operations:sale:quarterly,2022-03-31,-28.60276253
fx_operations:other_operations:sale:quarterly,2022-06-30,-11.722929214890488
fx_operations:other_operations:sale:quarterly,2022-09-30,-0.08863636
fx_operations:other_operations:sale:quarterly,2022-12-31,-40.25129153
fx_operations:other_operations:sale:quarterly,2023-03-31,-8.561639269999999
fx_operations:other_operations:sale:quarterly,2023-06-30,-10.93456048
fx_operations:other_operations:sale:quarterly,2023-09-30,-12.01336507
fx_operations:other_operations:sale:quarterly,2023-12-31,-23.02493572
fx_operations:other_operations:sale:quarterly,2024-03-31,-1.3455836600000002
fx_operations:other_operations:sale:quarterly,2024-06-30,-2.0495540532745182
fx_operations:other_operations:sale:quarterly,2024-09-30,-25.73256306
fx_operations:other_operations:sale:quarterly,2024-12-31,0
fx_operations:other_operations:sale:quarterly,2025-03-31,0
fx_operations:other_operations:sale:quarterly,2025-06-30,-12.568386609999997
fx_operations:other_operations:sale:quarterly,2025-09-30,-0.8746987900000001
fx_operations:other_operations:sale:quarterly,2025-12-31,-0.06581986
fx_operations:other_operations:sale:quarterly,2026-03-31,-0.010022370000000001
fx_operations:other_operations:sale:quarterly,2026-06-30,0
fx_operations:other_operations:sale:quarterly,2026-09-30,-1.7969765
fx_operations:other_operations:sale:quarterly,2026-12-31,0
fx_operations:public_sector:net:annual,1990-12-31,-187.2
fx_operations:public_sector:net:annual,1991-12-31,-223.6
fx_operations:public_sector:net:annual,1992-12-31,-127.5
fx_operations:public_sector:net:annual,1993-12-31,-125.70000000000002
fx_operations:public_sector:net:annual,1994-12-31,-207.86
fx_operations:public_sector:net:annual,1995-12-31,-184.7
fx_operations:public_sector:net:annual,1996-12-31,-128.37
fx_operations:public_sector:net:annual,1997-12-31,216.18362100000002
fx_operations:public_sector:net:annual,1998-12-31,225.06922788
fx_operations:public_sector:net:annual,1999-12-31,454.26590827
fx_operations:public_sector:net:annual,2000-12-31,339.41101416
fx_operations:public_sector:net:annual,2001-12-31,253.19677263
fx_operations:public_sector:net:annual,2002-12-31,164.21715029
fx_operations:public_sector:net:annual,2003-12-31,126.87433095
fx_operations:public_sector:net:annual,2004-12-31,117.83497329
fx_operations:public_sector:net:annual,2005-12-31,95.68036045
fx_operations:public_sector:net:annual,2006-12-31,208.00792509000001
fx_operations:public_sector:net:annual,2007-12-31,199.07066497
fx_operations:public_sector:net:annual,2008-12-31,287.30692734
fx_operations:public_sector:net:annual,2009-12-31,397.37650097000005
fx_operations:public_sector:net:annual,2010-12-31,338.77819631
fx_operations:public_sector:net:annual,2011-12-31,488.27463273
fx_operations:public_sector:net:annual,2012-12-31,759.29299461
fx_operations:public_sector:net:annual,2013-12-31,803.57021059
fx_operations:public_sector:net:annual,2014-12-31,956.7660765900001
fx_operations:public_sector:net:annual,2015-12-31,1244.22867753
fx_operations:public_sector:net:annual,2016-12-31,1342.8570557100002
fx_operations:public_sector:net:annual,2017-12-31,1331.57736223
fx_operations:public_sector:net:annual,2018-12-31,930.3189513500001
fx_operations:public_sector:net:annual,2019-12-31,1163.8392497
fx_operations:public_sector:net:annual,2020-12-31,2581.4007191356327
fx_operations:public_sector:net:annual,2021-12-31,1581.1941519
fx_operations:public_sector:net:annual,2022-12-31,1131.4878756923085
fx_operations:public_sector:net:annual,2023-12-31,1109.7681497636586
fx_operations:public_sector:net:annual,2024-12-31,941.0866618370462
fx_operations:public_sector:net:annual,2025-12-31,348.4941325028317
fx_operations:public_sector:net:annual,2026-12-31,268.9463216128526
fx_operations:public_sector:net:monthly,1995-01-31,-19.7
fx_operations:public_sector:net:monthly,1995-02-28,-14.5
fx_operations:public_sector:net:monthly,1995-03-31,-38.8
fx_operations:public_sector:net:monthly,1995-04-30,-9.399999999999999
fx_operations:public_sector:net:monthly,1995-05-31,-22.4
fx_operations:public_sector:net:monthly,1995-06-30,-25.700000000000003
fx_operations:public_sector:net:monthly,1995-07-31,-20.200000000000003
fx_operations:public_sector:net:monthly,1995-08-31,-16.8
fx_operations:public_sector:net:monthly,1995-09-30,-22
fx_operations:public_sector:net:monthly,1995-10-31,-22.3
fx_operations:public_sector:net:monthly,1995-11-30,-12.5
fx_operations:public_sector:net:monthly,1995-12-31,39.599999999999994
fx_operations:public_sector:net:monthly,1996-01-31,-39.72
fx_operations:public_sector:net:monthly,1996-02-29,-22.900000000000002
fx_operations:public_sector:net:monthly,1996-03-31,-31.659999999999997
fx_operations:public_sector:net:monthly,1996-04-30,-26.4
fx_operations:public_sector:net:monthly,1996-05-31,1.6999999999999993
fx_operations:public_sector:net:monthly,1996-06-30,-21.89
fx_operations:public_sector:net:monthly,1996-07-31,-8.1
fx_operations:public_sector:net:monthly,1996-08-31,-12.9
fx_operations:public_sector:net:monthly,1996-09-30,-12.9
fx_operations:public_sector:net:monthly,1996-10-31,8.5
fx_operations:public_sector:net:monthly,1996-11-30,14.400000000000002
fx_operations:public_sector:net:monthly,1996-12-31,23.5
fx_operations:public_sector:net:monthly,1997-01-31,3.4000000000000004
fx_operations:public_sector:net:monthly,1997-02-28,3.3000000000000007
fx_operations:public_sector:net:monthly,1997-03-31,1.7999999999999998
fx_operations:public_sector:net:monthly,1997-04-30,8.2
fx_operations:public_sector:net:monthly,1997-05-31,8.7
fx_operations:public_sector:net:monthly,1997-06-30,0.5800000000000001
fx_operations:public_sector:net:monthly,1997-07-31,4.499999999999999
fx_operations:public_sector:net:monthly,1997-08-31,43.14
fx_operations:public_sector:net:monthly,1997-09-30,15.929621000000001
fx_operations:public_sector:net:monthly,1997-10-31,25.934
fx_operations:public_sector:net:monthly,1997-11-30,6.699999999999999
fx_operations:public_sector:net:monthly,1997-12-31,94
fx_operations:public_sector:net:monthly,1998-01-31,18.4647827
fx_operations:public_sector:net:monthly,1998-02-28,29.105448290000002
fx_operations:public_sector:net:monthly,1998-03-31,30.595359659999996
fx_operations:public_sector:net:monthly,1998-04-30,4.94756984
fx_operations:public_sector:net:monthly,1998-05-31,11.75417496
fx_operations:public_sector:net:monthly,1998-06-30,5.869655079999999
fx_operations:public_sector:net:monthly,1998-07-31,20.83673834
fx_operations:public_sector:net:monthly,1998-08-31,17.16445462
fx_operations:public_sector:net:monthly,1998-09-30,-0.02311436000000011
fx_operations:public_sector:net:monthly,1998-10-31,5.5495011
fx_operations:public_sector:net:monthly,1998-11-30,16.27486025
fx_operations:public_sector:net:monthly,1998-12-31,64.5297974
fx_operations:public_sector:net:monthly,1999-01-31,27.709
fx_operations:public_sector:net:monthly,1999-02-28,2.7220000000000004
fx_operations:public_sector:net:monthly,1999-03-31,16.338608129999997
fx_operations:public_sector:net:monthly,1999-04-30,10.1
fx_operations:public_sector:net:monthly,1999-05-31,6.853213080000001
fx_operations:public_sector:net:monthly,1999-06-30,5.734742010000001
fx_operations:public_sector:net:monthly,1999-07-31,7.31037345
fx_operations:public_sector:net:monthly,1999-08-31,36.3510965
fx_operations:public_sector:net:monthly,1999-09-30,144.66553900000002
fx_operations:public_sector:net:monthly,1999-10-31,52.00801133
fx_operations:public_sector:net:monthly,1999-11-30,35.87795966
fx_operations:public_sector:net:monthly,1999-12-31,108.59536511
fx_operations:public_sector:net:monthly,2000-01-31,27.91148661
fx_operations:public_sector:net:monthly,2000-02-29,12.72092761
fx_operations:public_sector:net:monthly,2000-03-31,23.527262779999997
fx_operations:public_sector:net:monthly,2000-04-30,21.27581721
fx_operations:public_sector:net:monthly,2000-05-31,29.76679606
fx_operations:public_sector:net:monthly,2000-06-30,46.68967155
fx_operations:public_sector:net:monthly,2000-07-31,18.2
fx_operations:public_sector:net:monthly,2000-08-31,26.67803195
fx_operations:public_sector:net:monthly,2000-09-30,16.95197849
fx_operations:public_sector:net:monthly,2000-10-31,42.1
fx_operations:public_sector:net:monthly,2000-11-30,14.042000000000002
fx_operations:public_sector:net:monthly,2000-12-31,59.547041899999996
fx_operations:public_sector:net:monthly,2001-01-31,29.01939009
fx_operations:public_sector:net:monthly,2001-02-28,18.51346245
fx_operations:public_sector:net:monthly,2001-03-31,17.62167309
fx_operations:public_sector:net:monthly,2001-04-30,20.55885327
fx_operations:public_sector:net:monthly,2001-05-31,1.20573607
fx_operations:public_sector:net:monthly,2001-06-30,19.245071850000002
fx_operations:public_sector:net:monthly,2001-07-31,14.686590970000001
fx_operations:public_sector:net:monthly,2001-08-31,11.77467826
fx_operations:public_sector:net:monthly,2001-09-30,18.67986772
fx_operations:public_sector:net:monthly,2001-10-31,14.34197095
fx_operations:public_sector:net:monthly,2001-11-30,9.75159703
fx_operations:public_sector:net:monthly,2001-12-31,77.79788088000001
fx_operations:public_sector:net:monthly,2002-01-31,3.7949642199999998
fx_operations:public_sector:net:monthly,2002-02-28,30.864349
fx_operations:public_sector:net:monthly,2002-03-31,13.738249000000001
fx_operations:public_sector:net:monthly,2002-04-30,6.037045
fx_operations:public_sector:net:monthly,2002-05-31,10.309579
fx_operations:public_sector:net:monthly,2002-06-30,6.28493318
fx_operations:public_sector:net:monthly,2002-07-31,10.709386729999999
fx_operations:public_sector:net:monthly,2002-08-31,11.54603171
fx_operations:public_sector:net:monthly,2002-09-30,15.68038529
fx_operations:public_sector:net:monthly,2002-10-31,12.2208134
fx_operations:public_sector:net:monthly,2002-11-30,9.70978746
fx_operations:public_sector:net:monthly,2002-12-31,33.3216263
fx_operations:public_sector:net:monthly,2003-01-31,8.19385662
fx_operations:public_sector:net:monthly,2003-02-28,12.959029809999999
fx_operations:public_sector:net:monthly,2003-03-31,13.5505174
fx_operations:public_sector:net:monthly,2003-04-30,6.02815935
fx_operations:public_sector:net:monthly,2003-05-31,9.341603809999999
fx_operations:public_sector:net:monthly,2003-06-30,10.878791569999999
fx_operations:public_sector:net:monthly,2003-07-31,7.2706005099999995
fx_operations:public_sector:net:monthly,2003-08-31,8.477796770000001
fx_operations:public_sector:net:monthly,2003-09-30,9.82827309
fx_operations:public_sector:net:monthly,2003-10-31,6.70948843
fx_operations:public_sector:net:monthly,2003-11-30,8.65163763
fx_operations:public_sector:net:monthly,2003-12-31,24.984575959999997
fx_operations:public_sector:net:monthly,2004-01-31,7.83521945
fx_operations:public_sector:net:monthly,2004-02-29,13.18393163
fx_operations:public_sector:net:monthly,2004-03-31,3.24962808
fx_operations:public_sector:net:monthly,2004-04-30,5.68014075
fx_operations:public_sector:net:monthly,2004-05-31,3.93490353
fx_operations:public_sector:net:monthly,2004-06-30,8.022242069999999
fx_operations:public_sector:net:monthly,2004-07-31,7.1318170599999995
fx_operations:public_sector:net:monthly,2004-08-31,7.56245
fx_operations:public_sector:net:monthly,2004-09-30,13.788274880000001
fx_operations:public_sector:net:monthly,2004-10-31,8.66557587
fx_operations:public_sector:net:monthly,2004-11-30,11.533458889999999
fx_operations:public_sector:net:monthly,2004-12-31,18.58175521
fx_operations:public_sector:net:monthly,2005-01-31,5.221310020000001
fx_operations:public_sector:net:monthly,2005-02-28,3.88309705
fx_operations:public_sector:net:monthly,2005-03-31,1.69544587
fx_operations:public_sector:net:monthly,2005-04-30,4.74113917
fx_operations:public_sector:net:monthly,2005-05-31,7.3796763499999996
fx_operations:public_sector:net:monthly,2005-06-30,6.31466841
fx_operations:public_sector:net:monthly,2005-07-31,-7.818290640000001
fx_operations:public_sector:net:monthly,2005-08-31,7.609513130000001
fx_operations:public_sector:net:monthly,2005-09-30,5.7343606199999995
fx_operations:public_sector:net:monthly,2005-10-31,6.98551006
fx_operations:public_sector:net:monthly,2005-11-30,11.48563959
fx_operations:public_sector:net:monthly,2005-12-31,42.44829082
fx_operations:public_sector:net:monthly,2006-01-31,9.99226146
fx_operations:public_sector:net:monthly,2006-02-28,7.46802722
fx_operations:public_sector:net:monthly,2006-03-31,-0.8273879900000001
fx_operations:public_sector:net:monthly,2006-04-30,12.19075863
fx_operations:public_sector:net:monthly,2006-05-31,11.32930768
fx_operations:public_sector:net:monthly,2006-06-30,6.33872648
fx_operations:public_sector:net:monthly,2006-07-31,15.45640552
fx_operations:public_sector:net:monthly,2006-08-31,7.3519121
fx_operations:public_sector:net:monthly,2006-09-30,12.71988395
fx_operations:public_sector:net:monthly,2006-10-31,16.29947454
fx_operations:public_sector:net:monthly,2006-11-30,21.71069475
fx_operations:public_sector:net:monthly,2006-12-31,87.97786075
fx_operations:public_sector:net:monthly,2007-01-31,12.27236317
fx_operations:public_sector:net:monthly,2007-02-28,11.52011527
fx_operations:public_sector:net:monthly,2007-03-31,7.39536891
fx_operations:public_sector:net:monthly,2007-04-30,3.4172493200000007
fx_operations:public_sector:net:monthly,2007-05-31,1.5754746599999994
fx_operations:public_sector:net:monthly,2007-06-30,15.29085686
fx_operations:public_sector:net:monthly,2007-07-31,39.79951774
fx_operations:public_sector:net:monthly,2007-08-31,12.10206417
fx_operations:public_sector:net:monthly,2007-09-30,11.69747607
fx_operations:public_sector:net:monthly,2007-10-31,12.87255837
fx_operations:public_sector:net:monthly,2007-11-30,11.42055522
fx_operations:public_sector:net:monthly,2007-12-31,59.70706521
fx_operations:public_sector:net:monthly,2008-01-31,41.51599711
fx_operations:public_sector:net:monthly,2008-02-29,19.28708437
fx_operations:public_sector:net:monthly,2008-03-31,5.7078425
fx_operations:public_sector:net:monthly,2008-04-30,10.6064099
fx_operations:public_sector:net:monthly,2008-05-31,20.091854169999998
fx_operations:public_sector:net:monthly,2008-06-30,29.03383612
fx_operations:public_sector:net:monthly,2008-07-31,25.37098458
fx_operations:public_sector:net:monthly,2008-08-31,23.19435962
fx_operations:public_sector:net:monthly,2008-09-30,16.24261666
fx_operations:public_sector:net:monthly,2008-10-31,20.3534034
fx_operations:public_sector:net:monthly,2008-11-30,12.371860649999999
fx_operations:public_sector:net:monthly,2008-12-31,63.53067826
fx_operations:public_sector:net:monthly,2009-01-31,17.19051167
fx_operations:public_sector:net:monthly,2009-02-28,6.31253405
fx_operations:public_sector:net:monthly,2009-03-31,3.25512469
fx_operations:public_sector:net:monthly,2009-04-30,12.32062076
fx_operations:public_sector:net:monthly,2009-05-31,20.62395084
fx_operations:public_sector:net:monthly,2009-06-30,-1.0360921800000007
fx_operations:public_sector:net:monthly,2009-07-31,3.8293406700000006
fx_operations:public_sector:net:monthly,2009-08-31,11.674926930000002
fx_operations:public_sector:net:monthly,2009-09-30,34.50443303
fx_operations:public_sector:net:monthly,2009-10-31,121.99403909
fx_operations:public_sector:net:monthly,2009-11-30,72.03746703
fx_operations:public_sector:net:monthly,2009-12-31,94.66964439
fx_operations:public_sector:net:monthly,2010-01-31,10.59800096
fx_operations:public_sector:net:monthly,2010-02-28,13.404529940000002
fx_operations:public_sector:net:monthly,2010-03-31,61.165843790000004
fx_operations:public_sector:net:monthly,2010-04-30,25.89237074
fx_operations:public_sector:net:monthly,2010-05-31,20.55551821
fx_operations:public_sector:net:monthly,2010-06-30,47.83266234
fx_operations:public_sector:net:monthly,2010-07-31,10.29289762
fx_operations:public_sector:net:monthly,2010-08-31,20.65335839
fx_operations:public_sector:net:monthly,2010-09-30,10.25658313
fx_operations:public_sector:net:monthly,2010-10-31,43.275980170000004
fx_operations:public_sector:net:monthly,2010-11-30,37.79932862
fx_operations:public_sector:net:monthly,2010-12-31,37.0511224
fx_operations:public_sector:net:monthly,2011-01-31,22.64154226
fx_operations:public_sector:net:monthly,2011-02-28,27.33817084
fx_operations:public_sector:net:monthly,2011-03-31,7.368766160000001
fx_operations:public_sector:net:monthly,2011-04-30,39.869724330000004
fx_operations:public_sector:net:monthly,2011-05-31,64.00090374
fx_operations:public_sector:net:monthly,2011-06-30,52.077772880000005
fx_operations:public_sector:net:monthly,2011-07-31,54.11369198
fx_operations:public_sector:net:monthly,2011-08-31,23.478218899999998
fx_operations:public_sector:net:monthly,2011-09-30,39.62685166
fx_operations:public_sector:net:monthly,2011-10-31,42.752099709999996
fx_operations:public_sector:net:monthly,2011-11-30,73.00041813
fx_operations:public_sector:net:monthly,2011-12-31,42.00647214
fx_operations:public_sector:net:monthly,2012-01-31,39.57912979
fx_operations:public_sector:net:monthly,2012-02-29,63.5376486
fx_operations:public_sector:net:monthly,2012-03-31,26.46035479
fx_operations:public_sector:net:monthly,2012-04-30,58.706809129999996
fx_operations:public_sector:net:monthly,2012-05-31,61.18722275
fx_operations:public_sector:net:monthly,2012-06-30,29.738627840000003
fx_operations:public_sector:net:monthly,2012-07-31,33.25865213
fx_operations:public_sector:net:monthly,2012-08-31,9.044491790000002
fx_operations:public_sector:net:monthly,2012-09-30,30.817270500000003
fx_operations:public_sector:net:monthly,2012-10-31,220.44303337000002
fx_operations:public_sector:net:monthly,2012-11-30,101.47484236000001
fx_operations:public_sector:net:monthly,2012-12-31,85.04491155999999
fx_operations:public_sector:net:monthly,2013-01-31,82.59561147
fx_operations:public_sector:net:monthly,2013-02-28,48.208041120000004
fx_operations:public_sector:net:monthly,2013-03-31,71.03710471
fx_operations:public_sector:net:monthly,2013-04-30,62.53157437
fx_operations:public_sector:net:monthly,2013-05-31,57.073222859999994
fx_operations:public_sector:net:monthly,2013-06-30,23.3948302
fx_operations:public_sector:net:monthly,2013-07-31,74.94157665
fx_operations:public_sector:net:monthly,2013-08-31,57.150984449999996
fx_operations:public_sector:net:monthly,2013-09-30,32.037047699999995
fx_operations:public_sector:net:monthly,2013-10-31,59.861601379999996
fx_operations:public_sector:net:monthly,2013-11-30,70.28162685000001
fx_operations:public_sector:net:monthly,2013-12-31,164.45698883
fx_operations:public_sector:net:monthly,2014-01-31,45.01779590000001
fx_operations:public_sector:net:monthly,2014-02-28,46.08349034
fx_operations:public_sector:net:monthly,2014-03-31,4.319673309999999
fx_operations:public_sector:net:monthly,2014-04-30,148.22767513000002
fx_operations:public_sector:net:monthly,2014-05-31,152.26700918999998
fx_operations:public_sector:net:monthly,2014-06-30,52.71414528
fx_operations:public_sector:net:monthly,2014-07-31,-15.82639472999999
fx_operations:public_sector:net:monthly,2014-08-31,54.00000168
fx_operations:public_sector:net:monthly,2014-09-30,132.34049342
fx_operations:public_sector:net:monthly,2014-10-31,72.32959912
fx_operations:public_sector:net:monthly,2014-11-30,95.11794755
fx_operations:public_sector:net:monthly,2014-12-31,170.1746404
fx_operations:public_sector:net:monthly,2015-01-31,149.73809780000002
fx_operations:public_sector:net:monthly,2015-02-28,35.166716879999996
fx_operations:public_sector:net:monthly,2015-03-31,100.4058764
fx_operations:public_sector:net:monthly,2015-04-30,57.36282191
fx_operations:public_sector:net:monthly,2015-05-31,127.02249785000001
fx_operations:public_sector:net:monthly,2015-06-30,117.41358756999999
fx_operations:public_sector:net:monthly,2015-07-31,95.48846549
fx_operations:public_sector:net:monthly,2015-08-31,91.25528119
fx_operations:public_sector:net:monthly,2015-09-30,93.5566999
fx_operations:public_sector:net:monthly,2015-10-31,79.09646664
fx_operations:public_sector:net:monthly,2015-11-30,135.50911409
fx_operations:public_sector:net:monthly,2015-12-31,162.21305181
fx_operations:public_sector:net:monthly,2016-01-31,157.74170237
fx_operations:public_sector:net:monthly,2016-02-29,62.21192275
fx_operations:public_sector:net:monthly,2016-03-31,56.648241819999996
fx_operations:public_sector:net:monthly,2016-04-30,58.44041375
fx_operations:public_sector:net:monthly,2016-05-31,118.79569636
fx_operations:public_sector:net:monthly,2016-06-30,108.24730959
fx_operations:public_sector:net:monthly,2016-07-31,81.66341596000001
fx_operations:public_sector:net:monthly,2016-08-31,193.35280772000002
fx_operations:public_sector:net:monthly,2016-09-30,133.1040802
fx_operations:public_sector:net:monthly,2016-10-31,105.85714703
fx_operations:public_sector:net:monthly,2016-11-30,146.67367528
fx_operations:public_sector:net:monthly,2016-12-31,120.12064288
fx_operations:public_sector:net:monthly,2017-01-31,112.32777664999999
fx_operations:public_sector:net:monthly,2017-02-28,132.69813731000002
fx_operations:public_sector:net:monthly,2017-03-31,136.71766961
fx_operations:public_sector:net:monthly,2017-04-30,83.64816787
fx_operations:public_sector:net:monthly,2017-05-31,120.05884801
fx_operations:public_sector:net:monthly,2017-06-30,98.20825983
fx_operations:public_sector:net:monthly,2017-07-31,79.1197999
fx_operations:public_sector:net:monthly,2017-08-31,100.89407892999999
fx_operations:public_sector:net:monthly,2017-09-30,111.80585943000001
fx_operations:public_sector:net:monthly,2017-10-31,92.11643357
fx_operations:public_sector:net:monthly,2017-11-30,96.55460916000001
fx_operations:public_sector:net:monthly,2017-12-31,167.42772195999999
fx_operations:public_sector:net:monthly,2018-01-31,99.12997819
fx_operations:public_sector:net:monthly,2018-02-28,53.65126564
fx_operations:public_sector:net:monthly,2018-03-31,49.69298648
fx_operations:public_sector:net:monthly,2018-04-30,82.65309375
fx_operations:public_sector:net:monthly,2018-05-31,150.14773986
fx_operations:public_sector:net:monthly,2018-06-30,76.95930671
fx_operations:public_sector:net:monthly,2018-07-31,79.36944242
fx_operations:public_sector:net:monthly,2018-08-31,77.87914504999999
fx_operations:public_sector:net:monthly,2018-09-30,54.9699859
fx_operations:public_sector:net:monthly,2018-10-31,56.03153888000001
fx_operations:public_sector:net:monthly,2018-11-30,70.21878949
fx_operations:public_sector:net:monthly,2018-12-31,79.61567898
fx_operations:public_sector:net:monthly,2019-01-31,130.86612831
fx_operations:public_sector:net:monthly,2019-02-28,71.67647378
fx_operations:public_sector:net:monthly,2019-03-31,50.44642981
fx_operations:public_sector:net:monthly,2019-04-30,102.66070979999999
fx_operations:public_sector:net:monthly,2019-05-31,74.33325807
fx_operations:public_sector:net:monthly,2019-06-30,81.33183195
fx_operations:public_sector:net:monthly,2019-07-31,69.82900652000001
fx_operations:public_sector:net:monthly,2019-08-31,91.73004891000001
fx_operations:public_sector:net:monthly,2019-09-30,104.83401183
fx_operations:public_sector:net:monthly,2019-10-31,111.63241143
fx_operations:public_sector:net:monthly,2019-11-30,98.99174165
fx_operations:public_sector:net:monthly,2019-12-31,175.50719764
fx_operations:public_sector:net:monthly,2020-01-31,86.16156126
fx_operations:public_sector:net:monthly,2020-02-29,97.10524193
fx_operations:public_sector:net:monthly,2020-03-31,100.31410591
fx_operations:public_sector:net:monthly,2020-04-30,216.1327444
fx_operations:public_sector:net:monthly,2020-05-31,528.27887512
fx_operations:public_sector:net:monthly,2020-06-30,101.82720903
fx_operations:public_sector:net:monthly,2020-07-31,345.30383842
fx_operations:public_sector:net:monthly,2020-08-31,192.04028479
fx_operations:public_sector:net:monthly,2020-09-30,111.806751565633
fx_operations:public_sector:net:monthly,2020-10-31,272.92765425
fx_operations:public_sector:net:monthly,2020-11-30,178.03163299
fx_operations:public_sector:net:monthly,2020-12-31,351.47081947000004
fx_operations:public_sector:net:monthly,2021-01-31,222.64165352
fx_operations:public_sector:net:monthly,2021-02-28,45.4560663
fx_operations:public_sector:net:monthly,2021-03-31,51.29679064
fx_operations:public_sector:net:monthly,2021-04-30,108.48725108
fx_operations:public_sector:net:monthly,2021-05-31,123.99419964
fx_operations:public_sector:net:monthly,2021-06-30,-9.909419189999994
fx_operations:public_sector:net:monthly,2021-07-31,144.71582761000002
fx_operations:public_sector:net:monthly,2021-08-31,88.71444431
fx_operations:public_sector:net:monthly,2021-09-30,94.52766537
fx_operations:public_sector:net:monthly,2021-10-31,132.1839344
fx_operations:public_sector:net:monthly,2021-11-30,262.54165958
fx_operations:public_sector:net:monthly,2021-12-31,316.54407864
fx_operations:public_sector:net:monthly,2022-01-31,81.27760101
fx_operations:public_sector:net:monthly,2022-02-28,74.47725752
fx_operations:public_sector:net:monthly,2022-03-31,128.04299757
fx_operations:public_sector:net:monthly,2022-04-30,-47.84819797
fx_operations:public_sector:net:monthly,2022-05-31,-36.60625908950237
fx_operations:public_sector:net:monthly,2022-06-30,86.514138774883
fx_operations:public_sector:net:monthly,2022-07-31,31.573337670000015
fx_operations:public_sector:net:monthly,2022-08-31,105.85010869
fx_operations:public_sector:net:monthly,2022-09-30,89.13344434270296
fx_operations:public_sector:net:monthly,2022-10-31,153.14590642293504
fx_operations:public_sector:net:monthly,2022-11-30,176.40576363153218
fx_operations:public_sector:net:monthly,2022-12-31,289.52177711975776
fx_operations:public_sector:net:monthly,2023-01-31,90.68367863000002
fx_operations:public_sector:net:monthly,2023-02-28,133.30746863
fx_operations:public_sector:net:monthly,2023-03-31,48.224236779999984
fx_operations:public_sector:net:monthly,2023-04-30,75.81894472999997
fx_operations:public_sector:net:monthly,2023-05-31,57.18447270999999
fx_operations:public_sector:net:monthly,2023-06-30,42.25539638000001
fx_operations:public_sector:net:monthly,2023-07-31,53.71062929999999
fx_operations:public_sector:net:monthly,2023-08-31,121.37396808000001
fx_operations:public_sector:net:monthly,2023-09-30,9.129912659999995
fx_operations:public_sector:net:monthly,2023-10-31,93.80694047
fx_operations:public_sector:net:monthly,2023-11-30,123.85037109
fx_operations:public_sector:net:monthly,2023-12-31,260.42213030365843
fx_operations:public_sector:net:monthly,2024-01-31,56.32802396486524
fx_operations:public_sector:net:monthly,2024-02-29,63.61500073000002
fx_operations:public_sector:net:monthly,2024-03-31,163.76345431999997
fx_operations:public_sector:net:monthly,2024-04-30,-56.891427049999976
fx_operations:public_sector:net:monthly,2024-05-31,-3.9328536199999746
fx_operations:public_sector:net:monthly,2024-06-30,139.25392495000003
fx_operations:public_sector:net:monthly,2024-07-31,38.08811117579286
fx_operations:public_sector:net:monthly,2024-08-31,124.04929789582512
fx_operations:public_sector:net:monthly,2024-09-30,47.95764007498418
fx_operations:public_sector:net:monthly,2024-10-31,56.0998762950078
fx_operations:public_sector:net:monthly,2024-11-30,119.58815473440562
fx_operations:public_sector:net:monthly,2024-12-31,193.1674583661653
fx_operations:public_sector:net:monthly,2025-01-31,-17.454185774004657
fx_operations:public_sector:net:monthly,2025-02-28,20.75132253000001
fx_operations:public_sector:net:monthly,2025-03-31,135.32140431037055
fx_operations:public_sector:net:monthly,2025-04-30,62.49876174237772
fx_operations:public_sector:net:monthly,2025-05-31,27.71883321934665
fx_operations:public_sector:net:monthly,2025-06-30,100.11348622
fx_operations:public_sector:net:monthly,2025-07-31,-48.64249552006744
fx_operations:public_sector:net:monthly,2025-08-31,-50.05693613863882
fx_operations:public_sector:net:monthly,2025-09-30,29.226822139207407
fx_operations:public_sector:net:monthly,2025-10-31,31.116604458301374
fx_operations:public_sector:net:monthly,2025-11-30,-16.330594744061017
fx_operations:public_sector:net:monthly,2025-12-31,74.23111005999999
fx_operations:public_sector:net:monthly,2026-01-31,-103.37495973
fx_operations:public_sector:net:monthly,2026-02-28,78.51205477
fx_operations:public_sector:net:monthly,2026-03-31,127.06866366773684
fx_operations:public_sector:net:monthly,2026-04-30,20.877434668735447
fx_operations:public_sector:net:monthly,2026-05-31,8.6878111031439
fx_operations:public_sector:net:monthly,2026-06-30,58.4500874745398
fx_operations:public_sector:net:monthly,2026-07-31,78.72522965869662
fx_operations:public_sector:net:quarterly,1994-03-31,-48.81999999999999
fx_operations:public_sector:net:quarterly,1994-06-30,-51.31
fx_operations:public_sector:net:quarterly,1994-09-30,-24.299999999999997
fx_operations:public_sector:net:quarterly,1994-12-31,-83.43
fx_operations:public_sector:net:quarterly,1995-03-31,-73
fx_operations:public_sector:net:quarterly,1995-06-30,-57.5
fx_operations:public_sector:net:quarterly,1995-09-30,-59
fx_operations:public_sector:net:quarterly,1995-12-31,4.799999999999997
fx_operations:public_sector:net:quarterly,1996-03-31,-94.28
fx_operations:public_sector:net:quarterly,1996-06-30,-46.59
fx_operations:public_sector:net:quarterly,1996-09-30,-33.9
fx_operations:public_sector:net:quarterly,1996-12-31,46.400000000000006
fx_operations:public_sector:net:quarterly,1997-03-31,8.5
fx_operations:public_sector:net:quarterly,1997-06-30,17.479999999999997
fx_operations:public_sector:net:quarterly,1997-09-30,63.569621
fx_operations:public_sector:net:quarterly,1997-12-31,126.634
fx_operations:public_sector:net:quarterly,1998-03-31,78.16559065
fx_operations:public_sector:net:quarterly,1998-06-30,22.57139988
fx_operations:public_sector:net:quarterly,1998-09-30,37.978078599999996
fx_operations:public_sector:net:quarterly,1998-12-31,86.35415875000001
fx_operations:public_sector:net:quarterly,1999-03-31,46.769608129999995
fx_operations:public_sector:net:quarterly,1999-06-30,22.687955090000003
fx_operations:public_sector:net:quarterly,1999-09-30,188.32700895000002
fx_operations:public_sector:net:quarterly,1999-12-31,196.48133610000002
fx_operations:public_sector:net:quarterly,2000-03-31,64.159677
fx_operations:public_sector:net:quarterly,2000-06-30,97.73228482
fx_operations:public_sector:net:quarterly,2000-09-30,61.830010439999995
fx_operations:public_sector:net:quarterly,2000-12-31,115.6890419
fx_operations:public_sector:net:quarterly,2001-03-31,65.15452563
fx_operations:public_sector:net:quarterly,2001-06-30,41.00966119
fx_operations:public_sector:net:quarterly,2001-09-30,45.14113695
fx_operations:public_sector:net:quarterly,2001-12-31,101.89144886000001
fx_operations:public_sector:net:quarterly,2002-03-31,48.397562220000005
fx_operations:public_sector:net:quarterly,2002-06-30,22.631557179999998
fx_operations:public_sector:net:quarterly,2002-09-30,37.93580373
fx_operations:public_sector:net:quarterly,2002-12-31,55.25222716
fx_operations:public_sector:net:quarterly,2003-03-31,34.70340383
fx_operations:public_sector:net:quarterly,2003-06-30,26.248554729999995
fx_operations:public_sector:net:quarterly,2003-09-30,25.576670370000002
fx_operations:public_sector:net:quarterly,2003-12-31,40.34570202
fx_operations:public_sector:net:quarterly,2004-03-31,24.26877916
fx_operations:public_sector:net:quarterly,2004-06-30,17.637286349999997
fx_operations:public_sector:net:quarterly,2004-09-30,28.48254194
fx_operations:public_sector:net:quarterly,2004-12-31,38.78078997
fx_operations:public_sector:net:quarterly,2005-03-31,10.799852940000001
fx_operations:public_sector:net:quarterly,2005-06-30,18.43548393
fx_operations:public_sector:net:quarterly,2005-09-30,5.5255831099999995
fx_operations:public_sector:net:quarterly,2005-12-31,60.91944047
fx_operations:public_sector:net:quarterly,2006-03-31,16.63290069
fx_operations:public_sector:net:quarterly,2006-06-30,29.858792789999995
fx_operations:public_sector:net:quarterly,2006-09-30,35.52820157
fx_operations:public_sector:net:quarterly,2006-12-31,125.98803004
fx_operations:public_sector:net:quarterly,2007-03-31,31.18784735
fx_operations:public_sector:net:quarterly,2007-06-30,20.28358084
fx_operations:public_sector:net:quarterly,2007-09-30,63.59905798
fx_operations:public_sector:net:quarterly,2007-12-31,84.0001788
fx_operations:public_sector:net:quarterly,2008-03-31,66.51092398
fx_operations:public_sector:net:quarterly,2008-06-30,59.73210019
fx_operations:public_sector:net:quarterly,2008-09-30,64.80796086
fx_operations:public_sector:net:quarterly,2008-12-31,96.25594231
fx_operations:public_sector:net:quarterly,2009-03-31,26.758170409999998
fx_operations:public_sector:net:quarterly,2009-06-30,31.908479420000003
fx_operations:public_sector:net:quarterly,2009-09-30,50.00870063000001
fx_operations:public_sector:net:quarterly,2009-12-31,288.70115051000005
fx_operations:public_sector:net:quarterly,2010-03-31,85.16837469000001
fx_operations:public_sector:net:quarterly,2010-06-30,94.28055129
fx_operations:public_sector:net:quarterly,2010-09-30,41.202839139999995
fx_operations:public_sector:net:quarterly,2010-12-31,118.12643119
fx_operations:public_sector:net:quarterly,2011-03-31,57.34847926
fx_operations:public_sector:net:quarterly,2011-06-30,155.94840095
fx_operations:public_sector:net:quarterly,2011-09-30,117.21876254
fx_operations:public_sector:net:quarterly,2011-12-31,157.75898998
fx_operations:public_sector:net:quarterly,2012-03-31,129.57713318
fx_operations:public_sector:net:quarterly,2012-06-30,149.63265972
fx_operations:public_sector:net:quarterly,2012-09-30,73.12041442
fx_operations:public_sector:net:quarterly,2012-12-31,406.96278729000005
fx_operations:public_sector:net:quarterly,2013-03-31,201.8407573
fx_operations:public_sector:net:quarterly,2013-06-30,142.99962743
fx_operations:public_sector:net:quarterly,2013-09-30,164.1296088
fx_operations:public_sector:net:quarterly,2013-12-31,294.60021706
fx_operations:public_sector:net:quarterly,2014-03-31,95.42095955
fx_operations:public_sector:net:quarterly,2014-06-30,353.20882960000006
fx_operations:public_sector:net:quarterly,2014-09-30,170.51410037
fx_operations:public_sector:net:quarterly,2014-12-31,337.62218707
fx_operations:public_sector:net:quarterly,2015-03-31,285.31069108
fx_operations:public_sector:net:quarterly,2015-06-30,301.79890733
fx_operations:public_sector:net:quarterly,2015-09-30,280.30044658
fx_operations:public_sector:net:quarterly,2015-12-31,376.81863253999995
fx_operations:public_sector:net:quarterly,2016-03-31,276.60186694000004
fx_operations:public_sector:net:quarterly,2016-06-30,285.4834197
fx_operations:public_sector:net:quarterly,2016-09-30,408.12030388000005
fx_operations:public_sector:net:quarterly,2016-12-31,372.65146519
fx_operations:public_sector:net:quarterly,2017-03-31,381.74358357000006
fx_operations:public_sector:net:quarterly,2017-06-30,301.91527571
fx_operations:public_sector:net:quarterly,2017-09-30,291.81973826
fx_operations:public_sector:net:quarterly,2017-12-31,356.09876469
fx_operations:public_sector:net:quarterly,2018-03-31,202.47423031
fx_operations:public_sector:net:quarterly,2018-06-30,309.76014032
fx_operations:public_sector:net:quarterly,2018-09-30,212.21857337
fx_operations:public_sector:net:quarterly,2018-12-31,205.86600735000002
fx_operations:public_sector:net:quarterly,2019-03-31,252.9890319
fx_operations:public_sector:net:quarterly,2019-06-30,258.32579982
fx_operations:public_sector:net:quarterly,2019-09-30,266.39306726
fx_operations:public_sector:net:quarterly,2019-12-31,386.13135072
fx_operations:public_sector:net:quarterly,2020-03-31,283.5809091
fx_operations:public_sector:net:quarterly,2020-06-30,846.2388285499999
fx_operations:public_sector:net:quarterly,2020-09-30,649.1508747756329
fx_operations:public_sector:net:quarterly,2020-12-31,802.43010671
fx_operations:public_sector:net:quarterly,2021-03-31,319.39451046
fx_operations:public_sector:net:quarterly,2021-06-30,222.57203153
fx_operations:public_sector:net:quarterly,2021-09-30,327.95793729
fx_operations:public_sector:net:quarterly,2021-12-31,711.2696726199999
fx_operations:public_sector:net:quarterly,2022-03-31,283.7978561
fx_operations:public_sector:net:quarterly,2022-06-30,2.05968171538062
fx_operations:public_sector:net:quarterly,2022-09-30,226.55689070270296
fx_operations:public_sector:net:quarterly,2022-12-31,619.073447174225
fx_operations:public_sector:net:quarterly,2023-03-31,272.21538404
fx_operations:public_sector:net:quarterly,2023-06-30,175.25881381999997
fx_operations:public_sector:net:quarterly,2023-09-30,184.21451004
fx_operations:public_sector:net:quarterly,2023-12-31,478.0794418636584
fx_operations:public_sector:net:quarterly,2024-03-31,283.70647901486524
fx_operations:public_sector:net:quarterly,2024-06-30,78.42964428000008
fx_operations:public_sector:net:quarterly,2024-09-30,210.09504914660215
fx_operations:public_sector:net:quarterly,2024-12-31,368.85548939557873
fx_operations:public_sector:net:quarterly,2025-03-31,138.6185410663659
fx_operations:public_sector:net:quarterly,2025-06-30,190.33108118172436
fx_operations:public_sector:net:quarterly,2025-09-30,-69.47260951949886
fx_operations:public_sector:net:quarterly,2025-12-31,89.01711977424034
fx_operations:public_sector:net:quarterly,2026-03-31,102.20575870773685
fx_operations:public_sector:net:quarterly,2026-06-30,88.01533324641915
fx_operations:public_sector:net:quarterly,2026-09-30,78.72522965869662
fx_operations:public_sector:net:quarterly,2026-12-31,0
fx_operations:public_sector:purchase:annual,1990-12-31,17.3
fx_operations:public_sector:purchase:annual,1991-12-31,67.1
fx_operations:public_sector:purchase:annual,1992-12-31,159.8
fx_operations:public_sector:purchase:annual,1993-12-31,191.1
fx_operations:public_sector:purchase:annual,1994-12-31,123.6
fx_operations:public_sector:purchase:annual,1995-12-31,156.2
fx_operations:public_sector:purchase:annual,1996-12-31,184.7
fx_operations:public_sector:purchase:annual,1997-12-31,253.01300000000003
fx_operations:public_sector:purchase:annual,1998-12-31,246.66394722
fx_operations:public_sector:purchase:annual,1999-12-31,461.50501469000005
fx_operations:public_sector:purchase:annual,2000-12-31,382.3170860700001
fx_operations:public_sector:purchase:annual,2001-12-31,269.79113002
fx_operations:public_sector:purchase:annual,2002-12-31,177.26833335
fx_operations:public_sector:purchase:annual,2003-12-31,135.66839055
fx_operations:public_sector:purchase:annual,2004-12-31,122.48461204999998
fx_operations:public_sector:purchase:annual,2005-12-31,121.76825018
fx_operations:public_sector:purchase:annual,2006-12-31,234.4938641
fx_operations:public_sector:purchase:annual,2007-12-31,221.21947611000002
fx_operations:public_sector:purchase:annual,2008-12-31,306.89463845
fx_operations:public_sector:purchase:annual,2009-12-31,453.76199865
fx_operations:public_sector:purchase:annual,2010-12-31,357.19115954
fx_operations:public_sector:purchase:annual,2011-12-31,491.51982825
fx_operations:public_sector:purchase:annual,2012-12-31,855.92668293
fx_operations:public_sector:purchase:annual,2013-12-31,993.69102306
fx_operations:public_sector:purchase:annual,2014-12-31,1193.8429909
fx_operations:public_sector:purchase:annual,2015-12-31,1313.75309578
fx_operations:public_sector:purchase:annual,2016-12-31,1345.07352117
fx_operations:public_sector:purchase:annual,2017-12-31,1340.83767785
fx_operations:public_sector:purchase:annual,2018-12-31,960.0958378
fx_operations:public_sector:purchase:annual,2019-12-31,1176.3799969
fx_operations:public_sector:purchase:annual,2020-12-31,2657.634927825633
fx_operations:public_sector:purchase:annual,2021-12-31,1793.4556266900001
fx_operations:public_sector:purchase:annual,2022-12-31,1674.6427338523088
fx_operations:public_sector:purchase:annual,2023-12-31,1406.3470279736584
fx_operations:public_sector:purchase:annual,2024-12-31,1624.211815477046
fx_operations:public_sector:purchase:annual,2025-12-31,1272.6460201828318
fx_operations:public_sector:purchase:annual,2026-12-31,682.5282686528526
fx_operations:public_sector:purchase:monthly,1995-01-31,4.8
fx_operations:public_sector:purchase:monthly,1995-02-28,2.3
fx_operations:public_sector:purchase:monthly,1995-03-31,3
fx_operations:public_sector:purchase:monthly,1995-04-30,17
fx_operations:public_sector:purchase:monthly,1995-05-31,15
fx_operations:public_sector:purchase:monthly,1995-06-30,14.5
fx_operations:public_sector:purchase:monthly,1995-07-31,10.1
fx_operations:public_sector:purchase:monthly,1995-08-31,3.8
fx_operations:public_sector:purchase:monthly,1995-09-30,2.9
fx_operations:public_sector:purchase:monthly,1995-10-31,4.7
fx_operations:public_sector:purchase:monthly,1995-11-30,10
fx_operations:public_sector:purchase:monthly,1995-12-31,68.1
fx_operations:public_sector:purchase:monthly,1996-01-31,2.6
fx_operations:public_sector:purchase:monthly,1996-02-29,6.7
fx_operations:public_sector:purchase:monthly,1996-03-31,7.5
fx_operations:public_sector:purchase:monthly,1996-04-30,5.3
fx_operations:public_sector:purchase:monthly,1996-05-31,27.8
fx_operations:public_sector:purchase:monthly,1996-06-30,7.6
fx_operations:public_sector:purchase:monthly,1996-07-31,9.6
fx_operations:public_sector:purchase:monthly,1996-08-31,15.1
fx_operations:public_sector:purchase:monthly,1996-09-30,12.6
fx_operations:public_sector:purchase:monthly,1996-10-31,28.2
fx_operations:public_sector:purchase:monthly,1996-11-30,32.6
fx_operations:public_sector:purchase:monthly,1996-12-31,29.1
fx_operations:public_sector:purchase:monthly,1997-01-31,7.2
fx_operations:public_sector:purchase:monthly,1997-02-28,8.3
fx_operations:public_sector:purchase:monthly,1997-03-31,4.3
fx_operations:public_sector:purchase:monthly,1997-04-30,9.1
fx_operations:public_sector:purchase:monthly,1997-05-31,9.5
fx_operations:public_sector:purchase:monthly,1997-06-30,4.78
fx_operations:public_sector:purchase:monthly,1997-07-31,9.7
fx_operations:public_sector:purchase:monthly,1997-08-31,44.14
fx_operations:public_sector:purchase:monthly,1997-09-30,17.306
fx_operations:public_sector:purchase:monthly,1997-10-31,28.587
fx_operations:public_sector:purchase:monthly,1997-11-30,14.7
fx_operations:public_sector:purchase:monthly,1997-12-31,95.4
fx_operations:public_sector:purchase:monthly,1998-01-31,19.44758797
fx_operations:public_sector:purchase:monthly,1998-02-28,30.04711431
fx_operations:public_sector:purchase:monthly,1998-03-31,32.1650387
fx_operations:public_sector:purchase:monthly,1998-04-30,7.64120164
fx_operations:public_sector:purchase:monthly,1998-05-31,12.76977644
fx_operations:public_sector:purchase:monthly,1998-06-30,6.87071106
fx_operations:public_sector:purchase:monthly,1998-07-31,25.00153796
fx_operations:public_sector:purchase:monthly,1998-08-31,18.3051952
fx_operations:public_sector:purchase:monthly,1998-09-30,4.10971312
fx_operations:public_sector:purchase:monthly,1998-10-31,7.24844815
fx_operations:public_sector:purchase:monthly,1998-11-30,16.83404827
fx_operations:public_sector:purchase:monthly,1998-12-31,66.2235744
fx_operations:public_sector:purchase:monthly,1999-01-31,28.703
fx_operations:public_sector:purchase:monthly,1999-02-28,3.958
fx_operations:public_sector:purchase:monthly,1999-03-31,17.69834241
fx_operations:public_sector:purchase:monthly,1999-04-30,10.1
fx_operations:public_sector:purchase:monthly,1999-05-31,7.24567253
fx_operations:public_sector:purchase:monthly,1999-06-30,5.78423814
fx_operations:public_sector:purchase:monthly,1999-07-31,7.34315948
fx_operations:public_sector:purchase:monthly,1999-08-31,36.44240772
fx_operations:public_sector:purchase:monthly,1999-09-30,144.666039
fx_operations:public_sector:purchase:monthly,1999-10-31,52.04583469
fx_operations:public_sector:purchase:monthly,1999-11-30,38.87580845
fx_operations:public_sector:purchase:monthly,1999-12-31,108.64251227
fx_operations:public_sector:purchase:monthly,2000-01-31,54.58812495
fx_operations:public_sector:purchase:monthly,2000-02-29,12.80285596
fx_operations:public_sector:purchase:monthly,2000-03-31,24.38151515
fx_operations:public_sector:purchase:monthly,2000-04-30,21.28634754
fx_operations:public_sector:purchase:monthly,2000-05-31,30.04229968
fx_operations:public_sector:purchase:monthly,2000-06-30,49.68880128
fx_operations:public_sector:purchase:monthly,2000-07-31,26.1
fx_operations:public_sector:purchase:monthly,2000-08-31,28.29370342
fx_operations:public_sector:purchase:monthly,2000-09-30,17.05386449
fx_operations:public_sector:purchase:monthly,2000-10-31,44.1
fx_operations:public_sector:purchase:monthly,2000-11-30,14.319
fx_operations:public_sector:purchase:monthly,2000-12-31,59.6605736
fx_operations:public_sector:purchase:monthly,2001-01-31,31.47961
fx_operations:public_sector:purchase:monthly,2001-02-28,21.36248221
fx_operations:public_sector:purchase:monthly,2001-03-31,17.62406925
fx_operations:public_sector:purchase:monthly,2001-04-30,29.07625447
fx_operations:public_sector:purchase:monthly,2001-05-31,3.21082169
fx_operations:public_sector:purchase:monthly,2001-06-30,19.25183085
fx_operations:public_sector:purchase:monthly,2001-07-31,14.8183088
fx_operations:public_sector:purchase:monthly,2001-08-31,11.82937141
fx_operations:public_sector:purchase:monthly,2001-09-30,18.72759701
fx_operations:public_sector:purchase:monthly,2001-10-31,14.85277495
fx_operations:public_sector:purchase:monthly,2001-11-30,9.75300938
fx_operations:public_sector:purchase:monthly,2001-12-31,77.805
fx_operations:public_sector:purchase:monthly,2002-01-31,7.9946683
fx_operations:public_sector:purchase:monthly,2002-02-28,31.063634
fx_operations:public_sector:purchase:monthly,2002-03-31,19.466
fx_operations:public_sector:purchase:monthly,2002-04-30,6.037687
fx_operations:public_sector:purchase:monthly,2002-05-31,10.453203
fx_operations:public_sector:purchase:monthly,2002-06-30,6.32887382
fx_operations:public_sector:purchase:monthly,2002-07-31,10.78160262
fx_operations:public_sector:purchase:monthly,2002-08-31,11.54620671
fx_operations:public_sector:purchase:monthly,2002-09-30,16.2471457
fx_operations:public_sector:purchase:monthly,2002-10-31,12.25592319
fx_operations:public_sector:purchase:monthly,2002-11-30,10.48068367
fx_operations:public_sector:purchase:monthly,2002-12-31,34.61270534
fx_operations:public_sector:purchase:monthly,2003-01-31,8.6904574
fx_operations:public_sector:purchase:monthly,2003-02-28,14.27088117
fx_operations:public_sector:purchase:monthly,2003-03-31,13.98844343
fx_operations:public_sector:purchase:monthly,2003-04-30,7.87074178
fx_operations:public_sector:purchase:monthly,2003-05-31,10.27374667
fx_operations:public_sector:purchase:monthly,2003-06-30,11.17181797
fx_operations:public_sector:purchase:monthly,2003-07-31,7.27067544
fx_operations:public_sector:purchase:monthly,2003-08-31,10.62051879
fx_operations:public_sector:purchase:monthly,2003-09-30,10.17835288
fx_operations:public_sector:purchase:monthly,2003-10-31,6.88948843
fx_operations:public_sector:purchase:monthly,2003-11-30,9.12226044
fx_operations:public_sector:purchase:monthly,2003-12-31,25.32100615
fx_operations:public_sector:purchase:monthly,2004-01-31,8.1352761
fx_operations:public_sector:purchase:monthly,2004-02-29,14.94970478
fx_operations:public_sector:purchase:monthly,2004-03-31,3.25375362
fx_operations:public_sector:purchase:monthly,2004-04-30,5.69569093
fx_operations:public_sector:purchase:monthly,2004-05-31,4.03490353
fx_operations:public_sector:purchase:monthly,2004-06-30,8.27867515
fx_operations:public_sector:purchase:monthly,2004-07-31,7.13874084
fx_operations:public_sector:purchase:monthly,2004-08-31,8.71188581
fx_operations:public_sector:purchase:monthly,2004-09-30,13.8138073
fx_operations:public_sector:purchase:monthly,2004-10-31,8.66565965
fx_operations:public_sector:purchase:monthly,2004-11-30,12.10767153
fx_operations:public_sector:purchase:monthly,2004-12-31,19.03318316
fx_operations:public_sector:purchase:monthly,2005-01-31,5.7215676
fx_operations:public_sector:purchase:monthly,2005-02-28,5.69505243
fx_operations:public_sector:purchase:monthly,2005-03-31,1.82796973
fx_operations:public_sector:purchase:monthly,2005-04-30,5.33810098
fx_operations:public_sector:purchase:monthly,2005-05-31,7.43272318
fx_operations:public_sector:purchase:monthly,2005-06-30,6.62647061
fx_operations:public_sector:purchase:monthly,2005-07-31,6.1824663
fx_operations:public_sector:purchase:monthly,2005-08-31,14.75181206
fx_operations:public_sector:purchase:monthly,2005-09-30,5.7843861
fx_operations:public_sector:purchase:monthly,2005-10-31,6.98570865
fx_operations:public_sector:purchase:monthly,2005-11-30,12.97337067
fx_operations:public_sector:purchase:monthly,2005-12-31,42.44862187
fx_operations:public_sector:purchase:monthly,2006-01-31,9.99710432
fx_operations:public_sector:purchase:monthly,2006-02-28,8.61090347
fx_operations:public_sector:purchase:monthly,2006-03-31,6.30100711
fx_operations:public_sector:purchase:monthly,2006-04-30,12.62774713
fx_operations:public_sector:purchase:monthly,2006-05-31,11.33880417
fx_operations:public_sector:purchase:monthly,2006-06-30,11.9566724
fx_operations:public_sector:purchase:monthly,2006-07-31,16.58749046
fx_operations:public_sector:purchase:monthly,2006-08-31,10.38796724
fx_operations:public_sector:purchase:monthly,2006-09-30,12.71993607
fx_operations:public_sector:purchase:monthly,2006-10-31,16.29938533
fx_operations:public_sector:purchase:monthly,2006-11-30,23.02809683
fx_operations:public_sector:purchase:monthly,2006-12-31,94.63874957
fx_operations:public_sector:purchase:monthly,2007-01-31,12.45785003
fx_operations:public_sector:purchase:monthly,2007-02-28,12.514907
fx_operations:public_sector:purchase:monthly,2007-03-31,7.39795599
fx_operations:public_sector:purchase:monthly,2007-04-30,9.79683546
fx_operations:public_sector:purchase:monthly,2007-05-31,7.31719897
fx_operations:public_sector:purchase:monthly,2007-06-30,16.05983831
fx_operations:public_sector:purchase:monthly,2007-07-31,43.10003569
fx_operations:public_sector:purchase:monthly,2007-08-31,13.11916533
fx_operations:public_sector:purchase:monthly,2007-09-30,14.69747607
fx_operations:public_sector:purchase:monthly,2007-10-31,12.87398634
fx_operations:public_sector:purchase:monthly,2007-11-30,12.06756329
fx_operations:public_sector:purchase:monthly,2007-12-31,59.81666363
fx_operations:public_sector:purchase:monthly,2008-01-31,41.97048161
fx_operations:public_sector:purchase:monthly,2008-02-29,21.08683055
fx_operations:public_sector:purchase:monthly,2008-03-31,5.74828608
fx_operations:public_sector:purchase:monthly,2008-04-30,23.22801482
fx_operations:public_sector:purchase:monthly,2008-05-31,22.29970898
fx_operations:public_sector:purchase:monthly,2008-06-30,29.03383612
fx_operations:public_sector:purchase:monthly,2008-07-31,25.63155938
fx_operations:public_sector:purchase:monthly,2008-08-31,24.30348469
fx_operations:public_sector:purchase:monthly,2008-09-30,16.38262409
fx_operations:public_sector:purchase:monthly,2008-10-31,20.5590912
fx_operations:public_sector:purchase:monthly,2008-11-30,12.82816913
fx_operations:public_sector:purchase:monthly,2008-12-31,63.8225518
fx_operations:public_sector:purchase:monthly,2009-01-31,17.23946596
fx_operations:public_sector:purchase:monthly,2009-02-28,7.63036377
fx_operations:public_sector:purchase:monthly,2009-03-31,5.63740455
fx_operations:public_sector:purchase:monthly,2009-04-30,13.40569408
fx_operations:public_sector:purchase:monthly,2009-05-31,21.05225895
fx_operations:public_sector:purchase:monthly,2009-06-30,16.15593247
fx_operations:public_sector:purchase:monthly,2009-07-31,21.362558
fx_operations:public_sector:purchase:monthly,2009-08-31,24.1583727
fx_operations:public_sector:purchase:monthly,2009-09-30,34.50888503
fx_operations:public_sector:purchase:monthly,2009-10-31,123.88824635
fx_operations:public_sector:purchase:monthly,2009-11-30,72.49571481
fx_operations:public_sector:purchase:monthly,2009-12-31,96.22710198
fx_operations:public_sector:purchase:monthly,2010-01-31,11.6410876
fx_operations:public_sector:purchase:monthly,2010-02-28,18.17782156
fx_operations:public_sector:purchase:monthly,2010-03-31,61.31012821
fx_operations:public_sector:purchase:monthly,2010-04-30,26.52850261
fx_operations:public_sector:purchase:monthly,2010-05-31,25.14098671
fx_operations:public_sector:purchase:monthly,2010-06-30,51.6592192
fx_operations:public_sector:purchase:monthly,2010-07-31,12.31917221
fx_operations:public_sector:purchase:monthly,2010-08-31,21.97295528
fx_operations:public_sector:purchase:monthly,2010-09-30,10.25660813
fx_operations:public_sector:purchase:monthly,2010-10-31,43.28084245
fx_operations:public_sector:purchase:monthly,2010-11-30,37.8050097
fx_operations:public_sector:purchase:monthly,2010-12-31,37.09882588
fx_operations:public_sector:purchase:monthly,2011-01-31,22.68232013
fx_operations:public_sector:purchase:monthly,2011-02-28,27.42848725
fx_operations:public_sector:purchase:monthly,2011-03-31,7.42684731
fx_operations:public_sector:purchase:monthly,2011-04-30,39.96373467
fx_operations:public_sector:purchase:monthly,2011-05-31,64.85782279
fx_operations:public_sector:purchase:monthly,2011-06-30,52.65284727
fx_operations:public_sector:purchase:monthly,2011-07-31,54.11408618
fx_operations:public_sector:purchase:monthly,2011-08-31,24.76340879
fx_operations:public_sector:purchase:monthly,2011-09-30,39.86039438
fx_operations:public_sector:purchase:monthly,2011-10-31,42.76109011
fx_operations:public_sector:purchase:monthly,2011-11-30,73.00219769
fx_operations:public_sector:purchase:monthly,2011-12-31,42.00659168
fx_operations:public_sector:purchase:monthly,2012-01-31,39.74996386
fx_operations:public_sector:purchase:monthly,2012-02-29,63.53888181
fx_operations:public_sector:purchase:monthly,2012-03-31,27.87929988
fx_operations:public_sector:purchase:monthly,2012-04-30,58.74491155
fx_operations:public_sector:purchase:monthly,2012-05-31,61.32322275
fx_operations:public_sector:purchase:monthly,2012-06-30,29.76815596
fx_operations:public_sector:purchase:monthly,2012-07-31,33.28681316
fx_operations:public_sector:purchase:monthly,2012-08-31,43.51604846
fx_operations:public_sector:purchase:monthly,2012-09-30,30.8358531
fx_operations:public_sector:purchase:monthly,2012-10-31,220.44927702
fx_operations:public_sector:purchase:monthly,2012-11-30,131.69977001
fx_operations:public_sector:purchase:monthly,2012-12-31,115.13448537
fx_operations:public_sector:purchase:monthly,2013-01-31,82.60144208
fx_operations:public_sector:purchase:monthly,2013-02-28,64.85553108
fx_operations:public_sector:purchase:monthly,2013-03-31,81.98168011
fx_operations:public_sector:purchase:monthly,2013-04-30,74.80106874
fx_operations:public_sector:purchase:monthly,2013-05-31,63.7724273
fx_operations:public_sector:purchase:monthly,2013-06-30,64.50011066
fx_operations:public_sector:purchase:monthly,2013-07-31,75.20423971
fx_operations:public_sector:purchase:monthly,2013-08-31,77.87907234
fx_operations:public_sector:purchase:monthly,2013-09-30,47.60397233
fx_operations:public_sector:purchase:monthly,2013-10-31,72.46932357
fx_operations:public_sector:purchase:monthly,2013-11-30,93.81921427
fx_operations:public_sector:purchase:monthly,2013-12-31,194.20294087
fx_operations:public_sector:purchase:monthly,2014-01-31,72.90638481
fx_operations:public_sector:purchase:monthly,2014-02-28,59.47630892
fx_operations:public_sector:purchase:monthly,2014-03-31,15.62967331
fx_operations:public_sector:purchase:monthly,2014-04-30,160.7799668
fx_operations:public_sector:purchase:monthly,2014-05-31,167.29879425
fx_operations:public_sector:purchase:monthly,2014-06-30,68.45634534
fx_operations:public_sector:purchase:monthly,2014-07-31,82.93869657
fx_operations:public_sector:purchase:monthly,2014-08-31,71.78967953
fx_operations:public_sector:purchase:monthly,2014-09-30,143.51951483
fx_operations:public_sector:purchase:monthly,2014-10-31,79.62757555
fx_operations:public_sector:purchase:monthly,2014-11-30,96.73910167
fx_operations:public_sector:purchase:monthly,2014-12-31,174.68094932
fx_operations:public_sector:purchase:monthly,2015-01-31,151.30056038
fx_operations:public_sector:purchase:monthly,2015-02-28,76.07826311
fx_operations:public_sector:purchase:monthly,2015-03-31,100.42366098
fx_operations:public_sector:purchase:monthly,2015-04-30,61.68963154
fx_operations:public_sector:purchase:monthly,2015-05-31,137.51687357
fx_operations:public_sector:purchase:monthly,2015-06-30,117.41548943
fx_operations:public_sector:purchase:monthly,2015-07-31,95.48701279
fx_operations:public_sector:purchase:monthly,2015-08-31,91.25533147
fx_operations:public_sector:purchase:monthly,2015-09-30,93.55949442
fx_operations:public_sector:purchase:monthly,2015-10-31,83.03634169
fx_operations:public_sector:purchase:monthly,2015-11-30,135.51112748
fx_operations:public_sector:purchase:monthly,2015-12-31,170.47930892
fx_operations:public_sector:purchase:monthly,2016-01-31,157.79867032
fx_operations:public_sector:purchase:monthly,2016-02-29,62.21199238
fx_operations:public_sector:purchase:monthly,2016-03-31,56.94786686
fx_operations:public_sector:purchase:monthly,2016-04-30,58.44041375
fx_operations:public_sector:purchase:monthly,2016-05-31,118.87069636
fx_operations:public_sector:purchase:monthly,2016-06-30,108.25903573
fx_operations:public_sector:purchase:monthly,2016-07-31,81.69682106
fx_operations:public_sector:purchase:monthly,2016-08-31,193.91895246
fx_operations:public_sector:purchase:monthly,2016-09-30,133.14447432
fx_operations:public_sector:purchase:monthly,2016-10-31,106.98354603
fx_operations:public_sector:purchase:monthly,2016-11-30,146.67918926
fx_operations:public_sector:purchase:monthly,2016-12-31,120.12186264
fx_operations:public_sector:purchase:monthly,2017-01-31,112.44883619
fx_operations:public_sector:purchase:monthly,2017-02-28,132.7017523
fx_operations:public_sector:purchase:monthly,2017-03-31,138.12517471
fx_operations:public_sector:purchase:monthly,2017-04-30,83.80802895
fx_operations:public_sector:purchase:monthly,2017-05-31,121.0141548
fx_operations:public_sector:purchase:monthly,2017-06-30,98.54664123
fx_operations:public_sector:purchase:monthly,2017-07-31,79.42842231
fx_operations:public_sector:purchase:monthly,2017-08-31,100.99178497
fx_operations:public_sector:purchase:monthly,2017-09-30,111.81023826
fx_operations:public_sector:purchase:monthly,2017-10-31,92.17110215
fx_operations:public_sector:purchase:monthly,2017-11-30,96.55637418
fx_operations:public_sector:purchase:monthly,2017-12-31,173.2351678
fx_operations:public_sector:purchase:monthly,2018-01-31,99.137258
fx_operations:public_sector:purchase:monthly,2018-02-28,53.65236222
fx_operations:public_sector:purchase:monthly,2018-03-31,53.50175456
fx_operations:public_sector:purchase:monthly,2018-04-30,83.09701731
fx_operations:public_sector:purchase:monthly,2018-05-31,150.15138623000001
fx_operations:public_sector:purchase:monthly,2018-06-30,76.95930671
fx_operations:public_sector:purchase:monthly,2018-07-31,79.44786798
fx_operations:public_sector:purchase:monthly,2018-08-31,77.92603487
fx_operations:public_sector:purchase:monthly,2018-09-30,60.02479877
fx_operations:public_sector:purchase:monthly,2018-10-31,72.56188753
fx_operations:public_sector:purchase:monthly,2018-11-30,70.21878949
fx_operations:public_sector:purchase:monthly,2018-12-31,83.41737413
fx_operations:public_sector:purchase:monthly,2019-01-31,130.87931061
fx_operations:public_sector:purchase:monthly,2019-02-28,71.67647378
fx_operations:public_sector:purchase:monthly,2019-03-31,50.44642981
fx_operations:public_sector:purchase:monthly,2019-04-30,102.66251539
fx_operations:public_sector:purchase:monthly,2019-05-31,74.33325807
fx_operations:public_sector:purchase:monthly,2019-06-30,81.33239207
fx_operations:public_sector:purchase:monthly,2019-07-31,82.32920611
fx_operations:public_sector:purchase:monthly,2019-08-31,91.73078881
fx_operations:public_sector:purchase:monthly,2019-09-30,104.85429137
fx_operations:public_sector:purchase:monthly,2019-10-31,111.63503674
fx_operations:public_sector:purchase:monthly,2019-11-30,98.9930965
fx_operations:public_sector:purchase:monthly,2019-12-31,175.50719764
fx_operations:public_sector:purchase:monthly,2020-01-31,86.16158863
fx_operations:public_sector:purchase:monthly,2020-02-29,97.10524193
fx_operations:public_sector:purchase:monthly,2020-03-31,100.31410591
fx_operations:public_sector:purchase:monthly,2020-04-30,216.35338148
fx_operations:public_sector:purchase:monthly,2020-05-31,528.27887512
fx_operations:public_sector:purchase:monthly,2020-06-30,101.82720903
fx_operations:public_sector:purchase:monthly,2020-07-31,345.30383842
fx_operations:public_sector:purchase:monthly,2020-08-31,192.04028479
fx_operations:public_sector:purchase:monthly,2020-09-30,136.806751565633
fx_operations:public_sector:purchase:monthly,2020-10-31,308.92765425
fx_operations:public_sector:purchase:monthly,2020-11-30,193.04309808
fx_operations:public_sector:purchase:monthly,2020-12-31,351.47289862
fx_operations:public_sector:purchase:monthly,2021-01-31,222.65064331
fx_operations:public_sector:purchase:monthly,2021-02-28,45.83528177
fx_operations:public_sector:purchase:monthly,2021-03-31,91.85375805
fx_operations:public_sector:purchase:monthly,2021-04-30,116.53630953
fx_operations:public_sector:purchase:monthly,2021-05-31,123.99673681
fx_operations:public_sector:purchase:monthly,2021-06-30,90.63968633
fx_operations:public_sector:purchase:monthly,2021-07-31,144.71976151
fx_operations:public_sector:purchase:monthly,2021-08-31,90.8405226
fx_operations:public_sector:purchase:monthly,2021-09-30,95.0919459
fx_operations:public_sector:purchase:monthly,2021-10-31,132.1839344
fx_operations:public_sector:purchase:monthly,2021-11-30,292.56292857
fx_operations:public_sector:purchase:monthly,2021-12-31,346.54411791
fx_operations:public_sector:purchase:monthly,2022-01-31,181.30659133
fx_operations:public_sector:purchase:monthly,2022-02-28,74.47725752
fx_operations:public_sector:purchase:monthly,2022-03-31,128.05560542
fx_operations:public_sector:purchase:monthly,2022-04-30,101.92940350999999
fx_operations:public_sector:purchase:monthly,2022-05-31,114.24871632049764
fx_operations:public_sector:purchase:monthly,2022-06-30,111.514209124883
fx_operations:public_sector:purchase:monthly,2022-07-31,111.57395463000002
fx_operations:public_sector:purchase:monthly,2022-08-31,105.88306915
fx_operations:public_sector:purchase:monthly,2022-09-30,119.13364542270295
fx_operations:public_sector:purchase:monthly,2022-10-31,158.75791252293504
fx_operations:public_sector:purchase:monthly,2022-11-30,176.41150687153217
fx_operations:public_sector:purchase:monthly,2022-12-31,291.35086202975776
fx_operations:public_sector:purchase:monthly,2023-01-31,90.68388211000001
fx_operations:public_sector:purchase:monthly,2023-02-28,133.35631285999997
fx_operations:public_sector:purchase:monthly,2023-03-31,118.97192075
fx_operations:public_sector:purchase:monthly,2023-04-30,171.31633096999997
fx_operations:public_sector:purchase:monthly,2023-05-31,77.18494019999999
fx_operations:public_sector:purchase:monthly,2023-06-30,72.27833175
fx_operations:public_sector:purchase:monthly,2023-07-31,83.71076679999999
fx_operations:public_sector:purchase:monthly,2023-08-31,121.40204646000001
fx_operations:public_sector:purchase:monthly,2023-09-30,59.129912659999995
fx_operations:public_sector:purchase:monthly,2023-10-31,94.03774471
fx_operations:public_sector:purchase:monthly,2023-11-30,123.85120594
fx_operations:public_sector:purchase:monthly,2023-12-31,260.4236327636584
fx_operations:public_sector:purchase:monthly,2024-01-31,57.69395810486524
fx_operations:public_sector:purchase:monthly,2024-02-29,223.73229612
fx_operations:public_sector:purchase:monthly,2024-03-31,163.85032121999996
fx_operations:public_sector:purchase:monthly,2024-04-30,93.39233306
fx_operations:public_sector:purchase:monthly,2024-05-31,146.45261703000003
fx_operations:public_sector:purchase:monthly,2024-06-30,139.25675787000003
fx_operations:public_sector:purchase:monthly,2024-07-31,148.33186387579286
fx_operations:public_sector:purchase:monthly,2024-08-31,124.04929789582512
fx_operations:public_sector:purchase:monthly,2024-09-30,97.96684428498418
fx_operations:public_sector:purchase:monthly,2024-10-31,116.3702052350078
fx_operations:public_sector:purchase:monthly,2024-11-30,119.60220094440562
fx_operations:public_sector:purchase:monthly,2024-12-31,193.51311983616532
fx_operations:public_sector:purchase:monthly,2025-01-31,50.47930718599534
fx_operations:public_sector:purchase:monthly,2025-02-28,143.83107843000002
fx_operations:public_sector:purchase:monthly,2025-03-31,168.44744460037055
fx_operations:public_sector:purchase:monthly,2025-04-30,103.72892442237772
fx_operations:public_sector:purchase:monthly,2025-05-31,107.72008310934665
fx_operations:public_sector:purchase:monthly,2025-06-30,145.28418657
fx_operations:public_sector:purchase:monthly,2025-07-31,96.37135755993258
fx_operations:public_sector:purchase:monthly,2025-08-31,78.31773388136118
fx_operations:public_sector:purchase:monthly,2025-09-30,79.2295410192074
fx_operations:public_sector:purchase:monthly,2025-10-31,91.52109252830137
fx_operations:public_sector:purchase:monthly,2025-11-30,104.27641822593898
fx_operations:public_sector:purchase:monthly,2025-12-31,103.43885264999999
fx_operations:public_sector:purchase:monthly,2026-01-31,41.95778720999999
fx_operations:public_sector:purchase:monthly,2026-02-28,78.54019399
fx_operations:public_sector:purchase:monthly,2026-03-31,128.08716435773684
fx_operations:public_sector:purchase:monthly,2026-04-30,121.41563406873546
fx_operations:public_sector:purchase:monthly,2026-05-31,135.1653185931439
fx_operations:public_sector:purchase:monthly,2026-06-30,98.58364493453979
fx_operations:public_sector:purchase:monthly,2026-07-31,78.77852549869662
fx_operations:public_sector:purchase:quarterly,1994-03-31,23.5
fx_operations:public_sector:purchase:quarterly,1994-06-30,42.8
fx_operations:public_sector:purchase:quarterly,1994-09-30,44.2
fx_operations:public_sector:purchase:quarterly,1994-12-31,13.1
fx_operations:public_sector:purchase:quarterly,1995-03-31,10.1
fx_operations:public_sector:purchase:quarterly,1995-06-30,46.5
fx_operations:public_sector:purchase:quarterly,1995-09-30,16.799999999999997
fx_operations:public_sector:purchase:quarterly,1995-12-31,82.8
fx_operations:public_sector:purchase:quarterly,1996-03-31,16.8
fx_operations:public_sector:purchase:quarterly,1996-06-30,40.7
fx_operations:public_sector:purchase:quarterly,1996-09-30,37.3
fx_operations:public_sector:purchase:quarterly,1996-12-31,89.9
fx_operations:public_sector:purchase:quarterly,1997-03-31,19.8
fx_operations:public_sector:purchase:quarterly,1997-06-30,23.380000000000003
fx_operations:public_sector:purchase:quarterly,1997-09-30,71.146
fx_operations:public_sector:purchase:quarterly,1997-12-31,138.687
fx_operations:public_sector:purchase:quarterly,1998-03-31,81.65974098
fx_operations:public_sector:purchase:quarterly,1998-06-30,27.281689139999997
fx_operations:public_sector:purchase:quarterly,1998-09-30,47.41644628
fx_operations:public_sector:purchase:quarterly,1998-12-31,90.30607082
fx_operations:public_sector:purchase:quarterly,1999-03-31,50.359342409999996
fx_operations:public_sector:purchase:quarterly,1999-06-30,23.12991067
fx_operations:public_sector:purchase:quarterly,1999-09-30,188.45160620000001
fx_operations:public_sector:purchase:quarterly,1999-12-31,199.56415541
fx_operations:public_sector:purchase:quarterly,2000-03-31,91.77249606
fx_operations:public_sector:purchase:quarterly,2000-06-30,101.0174485
fx_operations:public_sector:purchase:quarterly,2000-09-30,71.44756791
fx_operations:public_sector:purchase:quarterly,2000-12-31,118.0795736
fx_operations:public_sector:purchase:quarterly,2001-03-31,70.46616146000001
fx_operations:public_sector:purchase:quarterly,2001-06-30,51.53890701
fx_operations:public_sector:purchase:quarterly,2001-09-30,45.37527722
fx_operations:public_sector:purchase:quarterly,2001-12-31,102.41078433000001
fx_operations:public_sector:purchase:quarterly,2002-03-31,58.5243023
fx_operations:public_sector:purchase:quarterly,2002-06-30,22.81976382
fx_operations:public_sector:purchase:quarterly,2002-09-30,38.57495503
fx_operations:public_sector:purchase:quarterly,2002-12-31,57.3493122
fx_operations:public_sector:purchase:quarterly,2003-03-31,36.949782
fx_operations:public_sector:purchase:quarterly,2003-06-30,29.31630642
fx_operations:public_sector:purchase:quarterly,2003-09-30,28.069547110000002
fx_operations:public_sector:purchase:quarterly,2003-12-31,41.33275501999999
fx_operations:public_sector:purchase:quarterly,2004-03-31,26.3387345
fx_operations:public_sector:purchase:quarterly,2004-06-30,18.009269609999997
fx_operations:public_sector:purchase:quarterly,2004-09-30,29.66443395
fx_operations:public_sector:purchase:quarterly,2004-12-31,39.80651434
fx_operations:public_sector:purchase:quarterly,2005-03-31,13.24458976
fx_operations:public_sector:purchase:quarterly,2005-06-30,19.397294770000002
fx_operations:public_sector:purchase:quarterly,2005-09-30,26.71866446
fx_operations:public_sector:purchase:quarterly,2005-12-31,62.40770119
fx_operations:public_sector:purchase:quarterly,2006-03-31,24.909014900000003
fx_operations:public_sector:purchase:quarterly,2006-06-30,35.9232237
fx_operations:public_sector:purchase:quarterly,2006-09-30,39.695393769999995
fx_operations:public_sector:purchase:quarterly,2006-12-31,133.96623173
fx_operations:public_sector:purchase:quarterly,2007-03-31,32.37071302
fx_operations:public_sector:purchase:quarterly,2007-06-30,33.17387274
fx_operations:public_sector:purchase:quarterly,2007-09-30,70.91667709000001
fx_operations:public_sector:purchase:quarterly,2007-12-31,84.75821326
fx_operations:public_sector:purchase:quarterly,2008-03-31,68.80559824
fx_operations:public_sector:purchase:quarterly,2008-06-30,74.56155992
fx_operations:public_sector:purchase:quarterly,2008-09-30,66.31766816000001
fx_operations:public_sector:purchase:quarterly,2008-12-31,97.20981213
fx_operations:public_sector:purchase:quarterly,2009-03-31,30.50723428
fx_operations:public_sector:purchase:quarterly,2009-06-30,50.613885499999995
fx_operations:public_sector:purchase:quarterly,2009-09-30,80.02981573
fx_operations:public_sector:purchase:quarterly,2009-12-31,292.61106314
fx_operations:public_sector:purchase:quarterly,2010-03-31,91.12903737
fx_operations:public_sector:purchase:quarterly,2010-06-30,103.32870851999999
fx_operations:public_sector:purchase:quarterly,2010-09-30,44.54873562
fx_operations:public_sector:purchase:quarterly,2010-12-31,118.18467802999999
fx_operations:public_sector:purchase:quarterly,2011-03-31,57.53765469
fx_operations:public_sector:purchase:quarterly,2011-06-30,157.47440473
fx_operations:public_sector:purchase:quarterly,2011-09-30,118.73788935
fx_operations:public_sector:purchase:quarterly,2011-12-31,157.76987948
fx_operations:public_sector:purchase:quarterly,2012-03-31,131.16814555
fx_operations:public_sector:purchase:quarterly,2012-06-30,149.83629026
fx_operations:public_sector:purchase:quarterly,2012-09-30,107.63871472
fx_operations:public_sector:purchase:quarterly,2012-12-31,467.2835324
fx_operations:public_sector:purchase:quarterly,2013-03-31,229.43865327000003
fx_operations:public_sector:purchase:quarterly,2013-06-30,203.07360670000003
fx_operations:public_sector:purchase:quarterly,2013-09-30,200.68728438
fx_operations:public_sector:purchase:quarterly,2013-12-31,360.49147871
fx_operations:public_sector:purchase:quarterly,2014-03-31,148.01236704
fx_operations:public_sector:purchase:quarterly,2014-06-30,396.53510639
fx_operations:public_sector:purchase:quarterly,2014-09-30,298.24789093
fx_operations:public_sector:purchase:quarterly,2014-12-31,351.04762654
fx_operations:public_sector:purchase:quarterly,2015-03-31,327.80248446999997
fx_operations:public_sector:purchase:quarterly,2015-06-30,316.62199454
fx_operations:public_sector:purchase:quarterly,2015-09-30,280.30183867999995
fx_operations:public_sector:purchase:quarterly,2015-12-31,389.02677809
fx_operations:public_sector:purchase:quarterly,2016-03-31,276.95852956
fx_operations:public_sector:purchase:quarterly,2016-06-30,285.57014584
fx_operations:public_sector:purchase:quarterly,2016-09-30,408.76024784000003
fx_operations:public_sector:purchase:quarterly,2016-12-31,373.78459793
fx_operations:public_sector:purchase:quarterly,2017-03-31,383.27576320000003
fx_operations:public_sector:purchase:quarterly,2017-06-30,303.36882498
fx_operations:public_sector:purchase:quarterly,2017-09-30,292.23044554
fx_operations:public_sector:purchase:quarterly,2017-12-31,361.96264413
fx_operations:public_sector:purchase:quarterly,2018-03-31,206.29137478
fx_operations:public_sector:purchase:quarterly,2018-06-30,310.20771025000005
fx_operations:public_sector:purchase:quarterly,2018-09-30,217.39870161999997
fx_operations:public_sector:purchase:quarterly,2018-12-31,226.19805115000003
fx_operations:public_sector:purchase:quarterly,2019-03-31,253.00221419999997
fx_operations:public_sector:purchase:quarterly,2019-06-30,258.32816553
fx_operations:public_sector:purchase:quarterly,2019-09-30,278.91428629
fx_operations:public_sector:purchase:quarterly,2019-12-31,386.13533087999997
fx_operations:public_sector:purchase:quarterly,2020-03-31,283.58093647
fx_operations:public_sector:purchase:quarterly,2020-06-30,846.4594656299998
fx_operations:public_sector:purchase:quarterly,2020-09-30,674.1508747756329
fx_operations:public_sector:purchase:quarterly,2020-12-31,853.44365095
fx_operations:public_sector:purchase:quarterly,2021-03-31,360.33968313
fx_operations:public_sector:purchase:quarterly,2021-06-30,331.17273267
fx_operations:public_sector:purchase:quarterly,2021-09-30,330.65223001
fx_operations:public_sector:purchase:quarterly,2021-12-31,771.29098088
fx_operations:public_sector:purchase:quarterly,2022-03-31,383.83945427000003
fx_operations:public_sector:purchase:quarterly,2022-06-30,327.6923289553806
fx_operations:public_sector:purchase:quarterly,2022-09-30,336.590669202703
fx_operations:public_sector:purchase:quarterly,2022-12-31,626.520281424225
fx_operations:public_sector:purchase:quarterly,2023-03-31,343.01211572
fx_operations:public_sector:purchase:quarterly,2023-06-30,320.77960291999995
fx_operations:public_sector:purchase:quarterly,2023-09-30,264.24272592
fx_operations:public_sector:purchase:quarterly,2023-12-31,478.31258341365844
fx_operations:public_sector:purchase:quarterly,2024-03-31,445.2765754448652
fx_operations:public_sector:purchase:quarterly,2024-06-30,379.10170796000006
fx_operations:public_sector:purchase:quarterly,2024-09-30,370.3480060566022
fx_operations:public_sector:purchase:quarterly,2024-12-31,429.4855260155788
fx_operations:public_sector:purchase:quarterly,2025-03-31,362.7578302163659
fx_operations:public_sector:purchase:quarterly,2025-06-30,356.7331941017244
fx_operations:public_sector:purchase:quarterly,2025-09-30,253.91863246050116
fx_operations:public_sector:purchase:quarterly,2025-12-31,299.23636340424036
fx_operations:public_sector:purchase:quarterly,2026-03-31,248.58514555773684
fx_operations:public_sector:purchase:quarterly,2026-06-30,355.1645975964191
fx_operations:public_sector:purchase:quarterly,2026-09-30,78.77852549869662
fx_operations:public_sector:purchase:quarterly,2026-12-31,0
fx_operations:public_sector:sale:annual,1990-12-31,-204.5
fx_operations:public_sector:sale:annual,1991-12-31,-290.7
fx_operations:public_sector:sale:annual,1992-12-31,-287.3
fx_operations:public_sector:sale:annual,1993-12-31,-316.8
fx_operations:public_sector:sale:annual,1994-12-31,-331.46000000000004
fx_operations:public_sector:sale:annual,1995-12-31,-340.9
fx_operations:public_sector:sale:annual,1996-12-31,-313.07
fx_operations:public_sector:sale:annual,1997-12-31,-36.829379
fx_operations:public_sector:sale:annual,1998-12-31,-21.594719339999997
fx_operations:public_sector:sale:annual,1999-12-31,-7.239106419999999
fx_operations:public_sector:sale:annual,2000-12-31,-42.30607191000001
fx_operations:public_sector:sale:annual,2001-12-31,-16.594357390000003
fx_operations:public_sector:sale:annual,2002-12-31,-13.05118306
fx_operations:public_sector:sale:annual,2003-12-31,-8.794059599999999
fx_operations:public_sector:sale:annual,2004-12-31,-4.64963876
fx_operations:public_sector:sale:annual,2005-12-31,-26.08788973
fx_operations:public_sector:sale:annual,2006-12-31,-26.485939010000003
fx_operations:public_sector:sale:annual,2007-12-31,-22.14881114
fx_operations:public_sector:sale:annual,2008-12-31,-19.58771111
fx_operations:public_sector:sale:annual,2009-12-31,-56.38549768
fx_operations:public_sector:sale:annual,2010-12-31,-18.41296323
fx_operations:public_sector:sale:annual,2011-12-31,-3.2451955200000002
fx_operations:public_sector:sale:annual,2012-12-31,-96.63368832
fx_operations:public_sector:sale:annual,2013-12-31,-190.12081247
fx_operations:public_sector:sale:annual,2014-12-31,-237.07691431
fx_operations:public_sector:sale:annual,2015-12-31,-69.52441825
fx_operations:public_sector:sale:annual,2016-12-31,-2.2164654599999998
fx_operations:public_sector:sale:annual,2017-12-31,-9.26031562
fx_operations:public_sector:sale:annual,2018-12-31,-29.77688645
fx_operations:public_sector:sale:annual,2019-12-31,-12.540747199999998
fx_operations:public_sector:sale:annual,2020-12-31,-76.23420869
fx_operations:public_sector:sale:annual,2021-12-31,-212.26147478999997
fx_operations:public_sector:sale:annual,2022-12-31,-543.15485816
fx_operations:public_sector:sale:annual,2023-12-31,-296.57887821
fx_operations:public_sector:sale:annual,2024-12-31,-683.12515364
fx_operations:public_sector:sale:annual,2025-12-31,-924.1518876800001
fx_operations:public_sector:sale:annual,2026-12-31,-413.58194703999993
fx_operations:public_sector:sale:monthly,1995-01-31,-24.5
fx_operations:public_sector:sale:monthly,1995-02-28,-16.8
fx_operations:public_sector:sale:monthly,1995-03-31,-41.8
fx_operations:public_sector:sale:monthly,1995-04-30,-26.4
fx_operations:public_sector:sale:monthly,1995-05-31,-37.4
fx_operations:public_sector:sale:monthly,1995-06-30,-40.2
fx_operations:public_sector:sale:monthly,1995-07-31,-30.3
fx_operations:public_sector:sale:monthly,1995-08-31,-20.6
fx_operations:public_sector:sale:monthly,1995-09-30,-24.9
fx_operations:public_sector:sale:monthly,1995-10-31,-27
fx_operations:public_sector:sale:monthly,1995-11-30,-22.5
fx_operations:public_sector:sale:monthly,1995-12-31,-28.5
fx_operations:public_sector:sale:monthly,1996-01-31,-42.32
fx_operations:public_sector:sale:monthly,1996-02-29,-29.6
fx_operations:public_sector:sale:monthly,1996-03-31,-39.16
fx_operations:public_sector:sale:monthly,1996-04-30,-31.7
fx_operations:public_sector:sale:monthly,1996-05-31,-26.1
fx_operations:public_sector:sale:monthly,1996-06-30,-29.49
fx_operations:public_sector:sale:monthly,1996-07-31,-17.7
fx_operations:public_sector:sale:monthly,1996-08-31,-28
fx_operations:public_sector:sale:monthly,1996-09-30,-25.5
fx_operations:public_sector:sale:monthly,1996-10-31,-19.7
fx_operations:public_sector:sale:monthly,1996-11-30,-18.2
fx_operations:public_sector:sale:monthly,1996-12-31,-5.6
fx_operations:public_sector:sale:monthly,1997-01-31,-3.8
fx_operations:public_sector:sale:monthly,1997-02-28,-5
fx_operations:public_sector:sale:monthly,1997-03-31,-2.5
fx_operations:public_sector:sale:monthly,1997-04-30,-0.9
fx_operations:public_sector:sale:monthly,1997-05-31,-0.8
fx_operations:public_sector:sale:monthly,1997-06-30,-4.2
fx_operations:public_sector:sale:monthly,1997-07-31,-5.2
fx_operations:public_sector:sale:monthly,1997-08-31,-1
fx_operations:public_sector:sale:monthly,1997-09-30,-1.376379
fx_operations:public_sector:sale:monthly,1997-10-31,-2.653
fx_operations:public_sector:sale:monthly,1997-11-30,-8
fx_operations:public_sector:sale:monthly,1997-12-31,-1.4
fx_operations:public_sector:sale:monthly,1998-01-31,-0.98280527
fx_operations:public_sector:sale:monthly,1998-02-28,-0.94166602
fx_operations:public_sector:sale:monthly,1998-03-31,-1.56967904
fx_operations:public_sector:sale:monthly,1998-04-30,-2.6936318
fx_operations:public_sector:sale:monthly,1998-05-31,-1.01560148
fx_operations:public_sector:sale:monthly,1998-06-30,-1.00105598
fx_operations:public_sector:sale:monthly,1998-07-31,-4.16479962
fx_operations:public_sector:sale:monthly,1998-08-31,-1.14074058
fx_operations:public_sector:sale:monthly,1998-09-30,-4.13282748
fx_operations:public_sector:sale:monthly,1998-10-31,-1.69894705
fx_operations:public_sector:sale:monthly,1998-11-30,-0.55918802
fx_operations:public_sector:sale:monthly,1998-12-31,-1.693777
fx_operations:public_sector:sale:monthly,1999-01-31,-0.994
fx_operations:public_sector:sale:monthly,1999-02-28,-1.236
fx_operations:public_sector:sale:monthly,1999-03-31,-1.35973428
fx_operations:public_sector:sale:monthly,1999-04-30,0
fx_operations:public_sector:sale:monthly,1999-05-31,-0.39245945
fx_operations:public_sector:sale:monthly,1999-06-30,-0.04949613
fx_operations:public_sector:sale:monthly,1999-07-31,-0.03278603
fx_operations:public_sector:sale:monthly,1999-08-31,-0.09131122
fx_operations:public_sector:sale:monthly,1999-09-30,-5e-4
fx_operations:public_sector:sale:monthly,1999-10-31,-0.03782336
fx_operations:public_sector:sale:monthly,1999-11-30,-2.99784879
fx_operations:public_sector:sale:monthly,1999-12-31,-0.04714716
fx_operations:public_sector:sale:monthly,2000-01-31,-26.67663834
fx_operations:public_sector:sale:monthly,2000-02-29,-0.08192835
fx_operations:public_sector:sale:monthly,2000-03-31,-0.85425237
fx_operations:public_sector:sale:monthly,2000-04-30,-0.01053033
fx_operations:public_sector:sale:monthly,2000-05-31,-0.27550362
fx_operations:public_sector:sale:monthly,2000-06-30,-2.99912973
fx_operations:public_sector:sale:monthly,2000-07-31,-7.3
fx_operations:public_sector:sale:monthly,2000-08-31,-1.61567147
fx_operations:public_sector:sale:monthly,2000-09-30,-0.101886
fx_operations:public_sector:sale:monthly,2000-10-31,-2
fx_operations:public_sector:sale:monthly,2000-11-30,-0.277
fx_operations:public_sector:sale:monthly,2000-12-31,-0.1135317
fx_operations:public_sector:sale:monthly,2001-01-31,-2.46021991
fx_operations:public_sector:sale:monthly,2001-02-28,-2.84901976
fx_operations:public_sector:sale:monthly,2001-03-31,-0.00239616
fx_operations:public_sector:sale:monthly,2001-04-30,-8.5174012
fx_operations:public_sector:sale:monthly,2001-05-31,-2.00508562
fx_operations:public_sector:sale:monthly,2001-06-30,-0.006759
fx_operations:public_sector:sale:monthly,2001-07-31,-0.13171783
fx_operations:public_sector:sale:monthly,2001-08-31,-0.05469315
fx_operations:public_sector:sale:monthly,2001-09-30,-0.04772929
fx_operations:public_sector:sale:monthly,2001-10-31,-0.510804
fx_operations:public_sector:sale:monthly,2001-11-30,-0.00141235
fx_operations:public_sector:sale:monthly,2001-12-31,-0.00711912
fx_operations:public_sector:sale:monthly,2002-01-31,-4.19970408
fx_operations:public_sector:sale:monthly,2002-02-28,-0.199285
fx_operations:public_sector:sale:monthly,2002-03-31,-5.727751
fx_operations:public_sector:sale:monthly,2002-04-30,-6.42e-4
fx_operations:public_sector:sale:monthly,2002-05-31,-0.143624
fx_operations:public_sector:sale:monthly,2002-06-30,-0.04394064
fx_operations:public_sector:sale:monthly,2002-07-31,-0.07221589
fx_operations:public_sector:sale:monthly,2002-08-31,-1.75e-4
fx_operations:public_sector:sale:monthly,2002-09-30,-0.56676041
fx_operations:public_sector:sale:monthly,2002-10-31,-0.03510979
fx_operations:public_sector:sale:monthly,2002-11-30,-0.77089621
fx_operations:public_sector:sale:monthly,2002-12-31,-1.29107904
fx_operations:public_sector:sale:monthly,2003-01-31,-0.49660078
fx_operations:public_sector:sale:monthly,2003-02-28,-1.31185136
fx_operations:public_sector:sale:monthly,2003-03-31,-0.43792603
fx_operations:public_sector:sale:monthly,2003-04-30,-1.84258243
fx_operations:public_sector:sale:monthly,2003-05-31,-0.93214286
fx_operations:public_sector:sale:monthly,2003-06-30,-0.2930264
fx_operations:public_sector:sale:monthly,2003-07-31,-7.493e-5
fx_operations:public_sector:sale:monthly,2003-08-31,-2.14272202
fx_operations:public_sector:sale:monthly,2003-09-30,-0.35007979
fx_operations:public_sector:sale:monthly,2003-10-31,-0.18
fx_operations:public_sector:sale:monthly,2003-11-30,-0.47062281
fx_operations:public_sector:sale:monthly,2003-12-31,-0.33643019
fx_operations:public_sector:sale:monthly,2004-01-31,-0.30005665
fx_operations:public_sector:sale:monthly,2004-02-29,-1.76577315
fx_operations:public_sector:sale:monthly,2004-03-31,-0.00412554
fx_operations:public_sector:sale:monthly,2004-04-30,-0.01555018
fx_operations:public_sector:sale:monthly,2004-05-31,-0.1
fx_operations:public_sector:sale:monthly,2004-06-30,-0.25643308
fx_operations:public_sector:sale:monthly,2004-07-31,-0.00692378
fx_operations:public_sector:sale:monthly,2004-08-31,-1.14943581
fx_operations:public_sector:sale:monthly,2004-09-30,-0.02553242
fx_operations:public_sector:sale:monthly,2004-10-31,-8.378e-5
fx_operations:public_sector:sale:monthly,2004-11-30,-0.57421264
fx_operations:public_sector:sale:monthly,2004-12-31,-0.45142795
fx_operations:public_sector:sale:monthly,2005-01-31,-0.50025758
fx_operations:public_sector:sale:monthly,2005-02-28,-1.81195538
fx_operations:public_sector:sale:monthly,2005-03-31,-0.13252386
fx_operations:public_sector:sale:monthly,2005-04-30,-0.59696181
fx_operations:public_sector:sale:monthly,2005-05-31,-0.05304683
fx_operations:public_sector:sale:monthly,2005-06-30,-0.3118022
fx_operations:public_sector:sale:monthly,2005-07-31,-14.00075694
fx_operations:public_sector:sale:monthly,2005-08-31,-7.14229893
fx_operations:public_sector:sale:monthly,2005-09-30,-0.05002548
fx_operations:public_sector:sale:monthly,2005-10-31,-1.9859e-4
fx_operations:public_sector:sale:monthly,2005-11-30,-1.48773108
fx_operations:public_sector:sale:monthly,2005-12-31,-3.3105e-4
fx_operations:public_sector:sale:monthly,2006-01-31,-0.00484286
fx_operations:public_sector:sale:monthly,2006-02-28,-1.14287625
fx_operations:public_sector:sale:monthly,2006-03-31,-7.1283951
fx_operations:public_sector:sale:monthly,2006-04-30,-0.4369885
fx_operations:public_sector:sale:monthly,2006-05-31,-0.00949649
fx_operations:public_sector:sale:monthly,2006-06-30,-5.61794592
fx_operations:public_sector:sale:monthly,2006-07-31,-1.13108494
fx_operations:public_sector:sale:monthly,2006-08-31,-3.03605514
fx_operations:public_sector:sale:monthly,2006-09-30,-5.212e-5
fx_operations:public_sector:sale:monthly,2006-10-31,8.921e-5
fx_operations:public_sector:sale:monthly,2006-11-30,-1.31740208
fx_operations:public_sector:sale:monthly,2006-12-31,-6.66088882
fx_operations:public_sector:sale:monthly,2007-01-31,-0.18548686
fx_operations:public_sector:sale:monthly,2007-02-28,-0.99479173
fx_operations:public_sector:sale:monthly,2007-03-31,-0.00258708
fx_operations:public_sector:sale:monthly,2007-04-30,-6.37958614
fx_operations:public_sector:sale:monthly,2007-05-31,-5.74172431
fx_operations:public_sector:sale:monthly,2007-06-30,-0.76898145
fx_operations:public_sector:sale:monthly,2007-07-31,-3.30051795
fx_operations:public_sector:sale:monthly,2007-08-31,-1.01710116
fx_operations:public_sector:sale:monthly,2007-09-30,-3
fx_operations:public_sector:sale:monthly,2007-10-31,-0.00142797
fx_operations:public_sector:sale:monthly,2007-11-30,-0.64700807
fx_operations:public_sector:sale:monthly,2007-12-31,-0.10959842
fx_operations:public_sector:sale:monthly,2008-01-31,-0.4544845
fx_operations:public_sector:sale:monthly,2008-02-29,-1.79974618
fx_operations:public_sector:sale:monthly,2008-03-31,-0.04044358
fx_operations:public_sector:sale:monthly,2008-04-30,-12.62160492
fx_operations:public_sector:sale:monthly,2008-05-31,-2.20785481
fx_operations:public_sector:sale:monthly,2008-06-30,0
fx_operations:public_sector:sale:monthly,2008-07-31,-0.2605748
fx_operations:public_sector:sale:monthly,2008-08-31,-1.10912507
fx_operations:public_sector:sale:monthly,2008-09-30,-0.14000743
fx_operations:public_sector:sale:monthly,2008-10-31,-0.2056878
fx_operations:public_sector:sale:monthly,2008-11-30,-0.45630848
fx_operations:public_sector:sale:monthly,2008-12-31,-0.29187354
fx_operations:public_sector:sale:monthly,2009-01-31,-0.04895429
fx_operations:public_sector:sale:monthly,2009-02-28,-1.31782972
fx_operations:public_sector:sale:monthly,2009-03-31,-2.38227986
fx_operations:public_sector:sale:monthly,2009-04-30,-1.08507332
fx_operations:public_sector:sale:monthly,2009-05-31,-0.42830811
fx_operations:public_sector:sale:monthly,2009-06-30,-17.19202465
fx_operations:public_sector:sale:monthly,2009-07-31,-17.53321733
fx_operations:public_sector:sale:monthly,2009-08-31,-12.48344577
fx_operations:public_sector:sale:monthly,2009-09-30,-0.004452
fx_operations:public_sector:sale:monthly,2009-10-31,-1.89420726
fx_operations:public_sector:sale:monthly,2009-11-30,-0.45824778
fx_operations:public_sector:sale:monthly,2009-12-31,-1.55745759
fx_operations:public_sector:sale:monthly,2010-01-31,-1.04308664
fx_operations:public_sector:sale:monthly,2010-02-28,-4.77329162
fx_operations:public_sector:sale:monthly,2010-03-31,-0.14428442
fx_operations:public_sector:sale:monthly,2010-04-30,-0.63613187
fx_operations:public_sector:sale:monthly,2010-05-31,-4.5854685
fx_operations:public_sector:sale:monthly,2010-06-30,-3.82655686
fx_operations:public_sector:sale:monthly,2010-07-31,-2.02627459
fx_operations:public_sector:sale:monthly,2010-08-31,-1.31959689
fx_operations:public_sector:sale:monthly,2010-09-30,-2.5e-5
fx_operations:public_sector:sale:monthly,2010-10-31,-0.00486228
fx_operations:public_sector:sale:monthly,2010-11-30,-0.00568108
fx_operations:public_sector:sale:monthly,2010-12-31,-0.04770348
fx_operations:public_sector:sale:monthly,2011-01-31,-0.04077787
fx_operations:public_sector:sale:monthly,2011-02-28,-0.09031641
fx_operations:public_sector:sale:monthly,2011-03-31,-0.05808115
fx_operations:public_sector:sale:monthly,2011-04-30,-0.09401034
fx_operations:public_sector:sale:monthly,2011-05-31,-0.85691905
fx_operations:public_sector:sale:monthly,2011-06-30,-0.57507439
fx_operations:public_sector:sale:monthly,2011-07-31,-3.942e-4
fx_operations:public_sector:sale:monthly,2011-08-31,-1.28518989
fx_operations:public_sector:sale:monthly,2011-09-30,-0.23354272
fx_operations:public_sector:sale:monthly,2011-10-31,-0.0089904
fx_operations:public_sector:sale:monthly,2011-11-30,-0.00177956
fx_operations:public_sector:sale:monthly,2011-12-31,-1.1954e-4
fx_operations:public_sector:sale:monthly,2012-01-31,-0.17083407
fx_operations:public_sector:sale:monthly,2012-02-29,-0.00123321
fx_operations:public_sector:sale:monthly,2012-03-31,-1.41894509
fx_operations:public_sector:sale:monthly,2012-04-30,-0.03810242
fx_operations:public_sector:sale:monthly,2012-05-31,-0.136
fx_operations:public_sector:sale:monthly,2012-06-30,-0.02952812
fx_operations:public_sector:sale:monthly,2012-07-31,-0.02816103
fx_operations:public_sector:sale:monthly,2012-08-31,-34.47155667
fx_operations:public_sector:sale:monthly,2012-09-30,-0.0185826
fx_operations:public_sector:sale:monthly,2012-10-31,-0.00624365
fx_operations:public_sector:sale:monthly,2012-11-30,-30.22492765
fx_operations:public_sector:sale:monthly,2012-12-31,-30.08957381
fx_operations:public_sector:sale:monthly,2013-01-31,-0.00583061
fx_operations:public_sector:sale:monthly,2013-02-28,-16.64748996
fx_operations:public_sector:sale:monthly,2013-03-31,-10.9445754
fx_operations:public_sector:sale:monthly,2013-04-30,-12.26949437
fx_operations:public_sector:sale:monthly,2013-05-31,-6.69920444
fx_operations:public_sector:sale:monthly,2013-06-30,-41.10528046
fx_operations:public_sector:sale:monthly,2013-07-31,-0.26266306
fx_operations:public_sector:sale:monthly,2013-08-31,-20.72808789
fx_operations:public_sector:sale:monthly,2013-09-30,-15.56692463
fx_operations:public_sector:sale:monthly,2013-10-31,-12.60772219
fx_operations:public_sector:sale:monthly,2013-11-30,-23.53758742
fx_operations:public_sector:sale:monthly,2013-12-31,-29.74595204
fx_operations:public_sector:sale:monthly,2014-01-31,-27.88858891
fx_operations:public_sector:sale:monthly,2014-02-28,-13.39281858
fx_operations:public_sector:sale:monthly,2014-03-31,-11.31
fx_operations:public_sector:sale:monthly,2014-04-30,-12.55229167
fx_operations:public_sector:sale:monthly,2014-05-31,-15.03178506
fx_operations:public_sector:sale:monthly,2014-06-30,-15.74220006
fx_operations:public_sector:sale:monthly,2014-07-31,-98.7650913
fx_operations:public_sector:sale:monthly,2014-08-31,-17.78967785
fx_operations:public_sector:sale:monthly,2014-09-30,-11.17902141
fx_operations:public_sector:sale:monthly,2014-10-31,-7.29797643
fx_operations:public_sector:sale:monthly,2014-11-30,-1.62115412
fx_operations:public_sector:sale:monthly,2014-12-31,-4.50630892
fx_operations:public_sector:sale:monthly,2015-01-31,-1.56246258
fx_operations:public_sector:sale:monthly,2015-02-28,-40.91154623
fx_operations:public_sector:sale:monthly,2015-03-31,-0.01778458
fx_operations:public_sector:sale:monthly,2015-04-30,-4.32680963
fx_operations:public_sector:sale:monthly,2015-05-31,-10.49437572
fx_operations:public_sector:sale:monthly,2015-06-30,-0.00190186
fx_operations:public_sector:sale:monthly,2015-07-31,0.0014527
fx_operations:public_sector:sale:monthly,2015-08-31,-5.028e-5
fx_operations:public_sector:sale:monthly,2015-09-30,-0.00279452
fx_operations:public_sector:sale:monthly,2015-10-31,-3.93987505
fx_operations:public_sector:sale:monthly,2015-11-30,-0.00201339
fx_operations:public_sector:sale:monthly,2015-12-31,-8.26625711
fx_operations:public_sector:sale:monthly,2016-01-31,-0.05696795
fx_operations:public_sector:sale:monthly,2016-02-29,-6.963e-5
fx_operations:public_sector:sale:monthly,2016-03-31,-0.29962504
fx_operations:public_sector:sale:monthly,2016-04-30,0
fx_operations:public_sector:sale:monthly,2016-05-31,-0.075
fx_operations:public_sector:sale:monthly,2016-06-30,-0.01172614
fx_operations:public_sector:sale:monthly,2016-07-31,-0.0334051
fx_operations:public_sector:sale:monthly,2016-08-31,-0.56614474
fx_operations:public_sector:sale:monthly,2016-09-30,-0.04039412
fx_operations:public_sector:sale:monthly,2016-10-31,-1.126399
fx_operations:public_sector:sale:monthly,2016-11-30,-0.00551398
fx_operations:public_sector:sale:monthly,2016-12-31,-0.00121976
fx_operations:public_sector:sale:monthly,2017-01-31,-0.12105954
fx_operations:public_sector:sale:monthly,2017-02-28,-0.0036149899999999998
fx_operations:public_sector:sale:monthly,2017-03-31,-1.4075051
fx_operations:public_sector:sale:monthly,2017-04-30,-0.15986108
fx_operations:public_sector:sale:monthly,2017-05-31,-0.95530679
fx_operations:public_sector:sale:monthly,2017-06-30,-0.3383814
fx_operations:public_sector:sale:monthly,2017-07-31,-0.30862241
fx_operations:public_sector:sale:monthly,2017-08-31,-0.09770604
fx_operations:public_sector:sale:monthly,2017-09-30,-0.00437883
fx_operations:public_sector:sale:monthly,2017-10-31,-0.05466858
fx_operations:public_sector:sale:monthly,2017-11-30,-0.00176502
fx_operations:public_sector:sale:monthly,2017-12-31,-5.80744584
fx_operations:public_sector:sale:monthly,2018-01-31,-0.00727981
fx_operations:public_sector:sale:monthly,2018-02-28,-0.00109658
fx_operations:public_sector:sale:monthly,2018-03-31,-3.80876808
fx_operations:public_sector:sale:monthly,2018-04-30,-0.44392356
fx_operations:public_sector:sale:monthly,2018-05-31,-0.00364637
fx_operations:public_sector:sale:monthly,2018-06-30,0
fx_operations:public_sector:sale:monthly,2018-07-31,-0.07842556
fx_operations:public_sector:sale:monthly,2018-08-31,-0.04688982
fx_operations:public_sector:sale:monthly,2018-09-30,-5.05481287
fx_operations:public_sector:sale:monthly,2018-10-31,-16.53034865
fx_operations:public_sector:sale:monthly,2018-11-30,0
fx_operations:public_sector:sale:monthly,2018-12-31,-3.80169515
fx_operations:public_sector:sale:monthly,2019-01-31,-0.0131823
fx_operations:public_sector:sale:monthly,2019-02-28,0
fx_operations:public_sector:sale:monthly,2019-03-31,0
fx_operations:public_sector:sale:monthly,2019-04-30,-0.00180559
fx_operations:public_sector:sale:monthly,2019-05-31,0
fx_operations:public_sector:sale:monthly,2019-06-30,-5.6012e-4
fx_operations:public_sector:sale:monthly,2019-07-31,-12.50019959
fx_operations:public_sector:sale:monthly,2019-08-31,-7.399e-4
fx_operations:public_sector:sale:monthly,2019-09-30,-0.02027954
fx_operations:public_sector:sale:monthly,2019-10-31,-0.00262531
fx_operations:public_sector:sale:monthly,2019-11-30,-0.0013548500000000001
fx_operations:public_sector:sale:monthly,2019-12-31,0
fx_operations:public_sector:sale:monthly,2020-01-31,-2.737e-5
fx_operations:public_sector:sale:monthly,2020-02-29,0
fx_operations:public_sector:sale:monthly,2020-03-31,0
fx_operations:public_sector:sale:monthly,2020-04-30,-0.22063708
fx_operations:public_sector:sale:monthly,2020-05-31,0
fx_operations:public_sector:sale:monthly,2020-06-30,0
fx_operations:public_sector:sale:monthly,2020-07-31,0
fx_operations:public_sector:sale:monthly,2020-08-31,0
fx_operations:public_sector:sale:monthly,2020-09-30,-25
fx_operations:public_sector:sale:monthly,2020-10-31,-36
fx_operations:public_sector:sale:monthly,2020-11-30,-15.01146509
fx_operations:public_sector:sale:monthly,2020-12-31,-0.00207915
fx_operations:public_sector:sale:monthly,2021-01-31,-0.00898979
fx_operations:public_sector:sale:monthly,2021-02-28,-0.37921547
fx_operations:public_sector:sale:monthly,2021-03-31,-40.55696741
fx_operations:public_sector:sale:monthly,2021-04-30,-8.04905845
fx_operations:public_sector:sale:monthly,2021-05-31,-0.00253717
fx_operations:public_sector:sale:monthly,2021-06-30,-100.54910552
fx_operations:public_sector:sale:monthly,2021-07-31,-0.0039339
fx_operations:public_sector:sale:monthly,2021-08-31,-2.12607829
fx_operations:public_sector:sale:monthly,2021-09-30,-0.56428053
fx_operations:public_sector:sale:monthly,2021-10-31,0
fx_operations:public_sector:sale:monthly,2021-11-30,-30.02126899
fx_operations:public_sector:sale:monthly,2021-12-31,-30.00003927
fx_operations:public_sector:sale:monthly,2022-01-31,-100.02899032
fx_operations:public_sector:sale:monthly,2022-02-28,0
fx_operations:public_sector:sale:monthly,2022-03-31,-0.01260785
fx_operations:public_sector:sale:monthly,2022-04-30,-149.77760148
fx_operations:public_sector:sale:monthly,2022-05-31,-150.85497541
fx_operations:public_sector:sale:monthly,2022-06-30,-25.00007035
fx_operations:public_sector:sale:monthly,2022-07-31,-80.00061696
fx_operations:public_sector:sale:monthly,2022-08-31,-0.03296046
fx_operations:public_sector:sale:monthly,2022-09-30,-30.00020108
fx_operations:public_sector:sale:monthly,2022-10-31,-5.6120061
fx_operations:public_sector:sale:monthly,2022-11-30,-0.00574324
fx_operations:public_sector:sale:monthly,2022-12-31,-1.82908491
fx_operations:public_sector:sale:monthly,2023-01-31,-2.0348e-4
fx_operations:public_sector:sale:monthly,2023-02-28,-0.04884423
fx_operations:public_sector:sale:monthly,2023-03-31,-70.74768397000001
fx_operations:public_sector:sale:monthly,2023-04-30,-95.49738624
fx_operations:public_sector:sale:monthly,2023-05-31,-20.00046749
fx_operations:public_sector:sale:monthly,2023-06-30,-30.02293537
fx_operations:public_sector:sale:monthly,2023-07-31,-30.0001375
fx_operations:public_sector:sale:monthly,2023-08-31,-0.028078379999999997
fx_operations:public_sector:sale:monthly,2023-09-30,-50
fx_operations:public_sector:sale:monthly,2023-10-31,-0.23080424
fx_operations:public_sector:sale:monthly,2023-11-30,-8.348499999999999e-4
fx_operations:public_sector:sale:monthly,2023-12-31,-0.00150246
fx_operations:public_sector:sale:monthly,2024-01-31,-1.3659341399999998
fx_operations:public_sector:sale:monthly,2024-02-29,-160.11729538999998
fx_operations:public_sector:sale:monthly,2024-03-31,-0.08686690000000001
fx_operations:public_sector:sale:monthly,2024-04-30,-150.28376010999997
fx_operations:public_sector:sale:monthly,2024-05-31,-150.38547065
fx_operations:public_sector:sale:monthly,2024-06-30,-0.00283292
fx_operations:public_sector:sale:monthly,2024-07-31,-110.2437527
fx_operations:public_sector:sale:monthly,2024-08-31,0
fx_operations:public_sector:sale:monthly,2024-09-30,-50.00920421
fx_operations:public_sector:sale:monthly,2024-10-31,-60.27032894
fx_operations:public_sector:sale:monthly,2024-11-30,-0.01404621
fx_operations:public_sector:sale:monthly,2024-12-31,-0.34566147
fx_operations:public_sector:sale:monthly,2025-01-31,-67.93349296
fx_operations:public_sector:sale:monthly,2025-02-28,-123.07975590000001
fx_operations:public_sector:sale:monthly,2025-03-31,-33.12604029
fx_operations:public_sector:sale:monthly,2025-04-30,-41.23016268
fx_operations:public_sector:sale:monthly,2025-05-31,-80.00124989
fx_operations:public_sector:sale:monthly,2025-06-30,-45.170700350000004
fx_operations:public_sector:sale:monthly,2025-07-31,-145.01385308000002
fx_operations:public_sector:sale:monthly,2025-08-31,-128.37467002
fx_operations:public_sector:sale:monthly,2025-09-30,-50.002718879999996
fx_operations:public_sector:sale:monthly,2025-10-31,-60.40448806999999
fx_operations:public_sector:sale:monthly,2025-11-30,-120.60701297
fx_operations:public_sector:sale:monthly,2025-12-31,-29.20774259
fx_operations:public_sector:sale:monthly,2026-01-31,-145.33274694
fx_operations:public_sector:sale:monthly,2026-02-28,-0.02813922
fx_operations:public_sector:sale:monthly,2026-03-31,-1.01850069
fx_operations:public_sector:sale:monthly,2026-04-30,-100.53819940000001
fx_operations:public_sector:sale:monthly,2026-05-31,-126.47750749
fx_operations:public_sector:sale:monthly,2026-06-30,-40.13355745999999
fx_operations:public_sector:sale:monthly,2026-07-31,-0.053295840000000004
fx_operations:public_sector:sale:quarterly,1994-03-31,-72.32
fx_operations:public_sector:sale:quarterly,1994-06-30,-94.11
fx_operations:public_sector:sale:quarterly,1994-09-30,-68.5
fx_operations:public_sector:sale:quarterly,1994-12-31,-96.53
fx_operations:public_sector:sale:quarterly,1995-03-31,-83.1
fx_operations:public_sector:sale:quarterly,1995-06-30,-104
fx_operations:public_sector:sale:quarterly,1995-09-30,-75.80000000000001
fx_operations:public_sector:sale:quarterly,1995-12-31,-78
fx_operations:public_sector:sale:quarterly,1996-03-31,-111.08
fx_operations:public_sector:sale:quarterly,1996-06-30,-87.28999999999999
fx_operations:public_sector:sale:quarterly,1996-09-30,-71.2
fx_operations:public_sector:sale:quarterly,1996-12-31,-43.5
fx_operations:public_sector:sale:quarterly,1997-03-31,-11.3
fx_operations:public_sector:sale:quarterly,1997-06-30,-5.9
fx_operations:public_sector:sale:quarterly,1997-09-30,-7.576379
fx_operations:public_sector:sale:quarterly,1997-12-31,-12.053
fx_operations:public_sector:sale:quarterly,1998-03-31,-3.49415033
fx_operations:public_sector:sale:quarterly,1998-06-30,-4.71028926
fx_operations:public_sector:sale:quarterly,1998-09-30,-9.43836768
fx_operations:public_sector:sale:quarterly,1998-12-31,-3.9519120699999997
fx_operations:public_sector:sale:quarterly,1999-03-31,-3.58973428
fx_operations:public_sector:sale:quarterly,1999-06-30,-0.44195558
fx_operations:public_sector:sale:quarterly,1999-09-30,-0.12459724999999999
fx_operations:public_sector:sale:quarterly,1999-12-31,-3.08281931
fx_operations:public_sector:sale:quarterly,2000-03-31,-27.61281906
fx_operations:public_sector:sale:quarterly,2000-06-30,-3.28516368
fx_operations:public_sector:sale:quarterly,2000-09-30,-9.01755747
fx_operations:public_sector:sale:quarterly,2000-12-31,-2.3905317
fx_operations:public_sector:sale:quarterly,2001-03-31,-5.31163583
fx_operations:public_sector:sale:quarterly,2001-06-30,-10.529245820000002
fx_operations:public_sector:sale:quarterly,2001-09-30,-0.23414027
fx_operations:public_sector:sale:quarterly,2001-12-31,-0.51933547
fx_operations:public_sector:sale:quarterly,2002-03-31,-10.12674008
fx_operations:public_sector:sale:quarterly,2002-06-30,-0.18820664
fx_operations:public_sector:sale:quarterly,2002-09-30,-0.6391513
fx_operations:public_sector:sale:quarterly,2002-12-31,-2.09708504
fx_operations:public_sector:sale:quarterly,2003-03-31,-2.24637817
fx_operations:public_sector:sale:quarterly,2003-06-30,-3.06775169
fx_operations:public_sector:sale:quarterly,2003-09-30,-2.49287674
fx_operations:public_sector:sale:quarterly,2003-12-31,-0.987053
fx_operations:public_sector:sale:quarterly,2004-03-31,-2.06995534
fx_operations:public_sector:sale:quarterly,2004-06-30,-0.37198326
fx_operations:public_sector:sale:quarterly,2004-09-30,-1.1818920099999999
fx_operations:public_sector:sale:quarterly,2004-12-31,-1.02572437
fx_operations:public_sector:sale:quarterly,2005-03-31,-2.44473682
fx_operations:public_sector:sale:quarterly,2005-06-30,-0.9618108400000001
fx_operations:public_sector:sale:quarterly,2005-09-30,-21.19308135
fx_operations:public_sector:sale:quarterly,2005-12-31,-1.4882607200000002
fx_operations:public_sector:sale:quarterly,2006-03-31,-8.27611421
fx_operations:public_sector:sale:quarterly,2006-06-30,-6.0644309100000005
fx_operations:public_sector:sale:quarterly,2006-09-30,-4.167192200000001
fx_operations:public_sector:sale:quarterly,2006-12-31,-7.978201690000001
fx_operations:public_sector:sale:quarterly,2007-03-31,-1.18286567
fx_operations:public_sector:sale:quarterly,2007-06-30,-12.8902919
fx_operations:public_sector:sale:quarterly,2007-09-30,-7.31761911
fx_operations:public_sector:sale:quarterly,2007-12-31,-0.75803446
fx_operations:public_sector:sale:quarterly,2008-03-31,-2.29467426
fx_operations:public_sector:sale:quarterly,2008-06-30,-14.82945973
fx_operations:public_sector:sale:quarterly,2008-09-30,-1.5097072999999999
fx_operations:public_sector:sale:quarterly,2008-12-31,-0.95386982
fx_operations:public_sector:sale:quarterly,2009-03-31,-3.74906387
fx_operations:public_sector:sale:quarterly,2009-06-30,-18.70540608
fx_operations:public_sector:sale:quarterly,2009-09-30,-30.0211151
fx_operations:public_sector:sale:quarterly,2009-12-31,-3.90991263
fx_operations:public_sector:sale:quarterly,2010-03-31,-5.96066268
fx_operations:public_sector:sale:quarterly,2010-06-30,-9.048157230000001
fx_operations:public_sector:sale:quarterly,2010-09-30,-3.3458964799999995
fx_operations:public_sector:sale:quarterly,2010-12-31,-0.05824684
fx_operations:public_sector:sale:quarterly,2011-03-31,-0.18917543
fx_operations:public_sector:sale:quarterly,2011-06-30,-1.52600378
fx_operations:public_sector:sale:quarterly,2011-09-30,-1.51912681
fx_operations:public_sector:sale:quarterly,2011-12-31,-0.0108895
fx_operations:public_sector:sale:quarterly,2012-03-31,-1.59101237
fx_operations:public_sector:sale:quarterly,2012-06-30,-0.20363054
fx_operations:public_sector:sale:quarterly,2012-09-30,-34.5183003
fx_operations:public_sector:sale:quarterly,2012-12-31,-60.320745110000004
fx_operations:public_sector:sale:quarterly,2013-03-31,-27.597895970000003
fx_operations:public_sector:sale:quarterly,2013-06-30,-60.07397927
fx_operations:public_sector:sale:quarterly,2013-09-30,-36.55767558
fx_operations:public_sector:sale:quarterly,2013-12-31,-65.89126164999999
fx_operations:public_sector:sale:quarterly,2014-03-31,-52.59140749
fx_operations:public_sector:sale:quarterly,2014-06-30,-43.32627679
fx_operations:public_sector:sale:quarterly,2014-09-30,-127.73379056
fx_operations:public_sector:sale:quarterly,2014-12-31,-13.42543947
fx_operations:public_sector:sale:quarterly,2015-03-31,-42.49179339
fx_operations:public_sector:sale:quarterly,2015-06-30,-14.82308721
fx_operations:public_sector:sale:quarterly,2015-09-30,-0.0013921
fx_operations:public_sector:sale:quarterly,2015-12-31,-12.20814555
fx_operations:public_sector:sale:quarterly,2016-03-31,-0.35666262000000004
fx_operations:public_sector:sale:quarterly,2016-06-30,-0.08672614
fx_operations:public_sector:sale:quarterly,2016-09-30,-0.63994396
fx_operations:public_sector:sale:quarterly,2016-12-31,-1.1331327399999997
fx_operations:public_sector:sale:quarterly,2017-03-31,-1.5321796300000001
fx_operations:public_sector:sale:quarterly,2017-06-30,-1.4535492700000001
fx_operations:public_sector:sale:quarterly,2017-09-30,-0.41070728
fx_operations:public_sector:sale:quarterly,2017-12-31,-5.86387944
fx_operations:public_sector:sale:quarterly,2018-03-31,-3.81714447
fx_operations:public_sector:sale:quarterly,2018-06-30,-0.44756993
fx_operations:public_sector:sale:quarterly,2018-09-30,-5.18012825
fx_operations:public_sector:sale:quarterly,2018-12-31,-20.3320438
fx_operations:public_sector:sale:quarterly,2019-03-31,-0.0131823
fx_operations:public_sector:sale:quarterly,2019-06-30,-0.00236571
fx_operations:public_sector:sale:quarterly,2019-09-30,-12.52121903
fx_operations:public_sector:sale:quarterly,2019-12-31,-0.00398016
fx_operations:public_sector:sale:quarterly,2020-03-31,-2.737e-5
fx_operations:public_sector:sale:quarterly,2020-06-30,-0.22063708
fx_operations:public_sector:sale:quarterly,2020-09-30,-25
fx_operations:public_sector:sale:quarterly,2020-12-31,-51.01354424
fx_operations:public_sector:sale:quarterly,2021-03-31,-40.94517267
fx_operations:public_sector:sale:quarterly,2021-06-30,-108.60070114
fx_operations:public_sector:sale:quarterly,2021-09-30,-2.69429272
fx_operations:public_sector:sale:quarterly,2021-12-31,-60.02130826
fx_operations:public_sector:sale:quarterly,2022-03-31,-100.04159817
fx_operations:public_sector:sale:quarterly,2022-06-30,-325.63264724
fx_operations:public_sector:sale:quarterly,2022-09-30,-110.0337785
fx_operations:public_sector:sale:quarterly,2022-12-31,-7.44683425
fx_operations:public_sector:sale:quarterly,2023-03-31,-70.79673168000001
fx_operations:public_sector:sale:quarterly,2023-06-30,-145.5207891
fx_operations:public_sector:sale:quarterly,2023-09-30,-80.02821588
fx_operations:public_sector:sale:quarterly,2023-12-31,-0.23314155
fx_operations:public_sector:sale:quarterly,2024-03-31,-161.57009642999998
fx_operations:public_sector:sale:quarterly,2024-06-30,-300.67206368
fx_operations:public_sector:sale:quarterly,2024-09-30,-160.25295691
fx_operations:public_sector:sale:quarterly,2024-12-31,-60.63003662
fx_operations:public_sector:sale:quarterly,2025-03-31,-224.13928915
fx_operations:public_sector:sale:quarterly,2025-06-30,-166.40211292
fx_operations:public_sector:sale:quarterly,2025-09-30,-323.39124198
fx_operations:public_sector:sale:quarterly,2025-12-31,-210.21924363
fx_operations:public_sector:sale:quarterly,2026-03-31,-146.37938685
fx_operations:public_sector:sale:quarterly,2026-06-30,-267.14926434999995
fx_operations:public_sector:sale:quarterly,2026-09-30,-0.053295840000000004
fx_operations:public_sector:sale:quarterly,2026-12-31,0
fx_operations:total:net:annual,1990-12-31,130.8
fx_operations:total:net:annual,1991-12-31,176.39999999999998
fx_operations:total:net:annual,1992-12-31,30.099999999999994
fx_operations:total:net:annual,1993-12-31,123.19999999999996
fx_operations:total:net:annual,1994-12-31,239.72623
fx_operations:total:net:annual,1995-12-31,6.148809999999987
fx_operations:total:net:annual,1996-12-31,-150.29500000000002
fx_operations:total:net:annual,1997-12-31,-187.15858300000002
fx_operations:total:net:annual,1998-12-31,-57.669999030000014
fx_operations:total:net:annual,1999-12-31,-70.25316361999994
fx_operations:total:net:annual,2000-12-31,-119.70738364999997
fx_operations:total:net:annual,2001-12-31,19.295495039999995
fx_operations:total:net:annual,2002-12-31,-13.609756479999973
fx_operations:total:net:annual,2003-12-31,214.79446246999998
fx_operations:total:net:annual,2004-12-31,170.85472442999998
fx_operations:total:net:annual,2005-12-31,97.89133519999999
fx_operations:total:net:annual,2006-12-31,266.53468596
fx_operations:total:net:annual,2007-12-31,470.31945342
fx_operations:total:net:annual,2008-12-31,265.88770266000006
fx_operations:total:net:annual,2009-12-31,684.3976038700001
fx_operations:total:net:annual,2010-12-31,115.05713768000001
fx_operations:total:net:annual,2011-12-31,589.07477885
fx_operations:total:net:annual,2012-12-31,65.60636449000006
fx_operations:total:net:annual,2013-12-31,416.74279265999996
fx_operations:total:net:annual,2014-12-31,382.9476594199999
fx_operations:total:net:annual,2015-12-31,-295.55982247
fx_operations:total:net:annual,2016-12-31,914.5050557100001
fx_operations:total:net:annual,2017-12-31,1060.19783544
fx_operations:total:net:annual,2018-12-31,-350.51500638999994
fx_operations:total:net:annual,2019-12-31,-117.88947231999998
fx_operations:total:net:annual,2020-12-31,821.002838585633
fx_operations:total:net:annual,2021-12-31,119.22252753999994
fx_operations:total:net:annual,2022-12-31,275.67167521225304
fx_operations:total:net:annual,2023-12-31,273.44476054365833
fx_operations:total:net:annual,2024-12-31,-578.2313216462285
fx_operations:total:net:annual,2025-12-31,-292.6771147771683
fx_operations:total:net:annual,2026-12-31,269.95923324285263
fx_operations:total:net:monthly,1995-01-31,-45.4195
fx_operations:total:net:monthly,1995-02-28,-4.329999999999998
fx_operations:total:net:monthly,1995-03-31,2.1903099999999984
fx_operations:total:net:monthly,1995-04-30,81.70000000000002
fx_operations:total:net:monthly,1995-05-31,35.5
fx_operations:total:net:monthly,1995-06-30,-47.300000000000004
fx_operations:total:net:monthly,1995-07-31,-8.050000000000008
fx_operations:total:net:monthly,1995-08-31,-1.1070000000000029
fx_operations:total:net:monthly,1995-09-30,0.9929999999999986
fx_operations:total:net:monthly,1995-10-31,-29.828000000000003
fx_operations:total:net:monthly,1995-11-30,-12.099999999999994
fx_operations:total:net:monthly,1995-12-31,33.89999999999999
fx_operations:total:net:monthly,1996-01-31,-99.11999999999999
fx_operations:total:net:monthly,1996-02-29,-53.5
fx_operations:total:net:monthly,1996-03-31,-26.72499999999999
fx_operations:total:net:monthly,1996-04-30,93.89999999999999
fx_operations:total:net:monthly,1996-05-31,51
fx_operations:total:net:monthly,1996-06-30,-18.169999999999998
fx_operations:total:net:monthly,1996-07-31,13.500000000000002
fx_operations:total:net:monthly,1996-08-31,-43.300000000000004
fx_operations:total:net:monthly,1996-09-30,-42.86
fx_operations:total:net:monthly,1996-10-31,-0.9199999999999982
fx_operations:total:net:monthly,1996-11-30,-29.999999999999996
fx_operations:total:net:monthly,1996-12-31,5.899999999999999
fx_operations:total:net:monthly,1997-01-31,-104.49999999999999
fx_operations:total:net:monthly,1997-02-28,-42
fx_operations:total:net:monthly,1997-03-31,39.400000000000006
fx_operations:total:net:monthly,1997-04-30,80
fx_operations:total:net:monthly,1997-05-31,23.5
fx_operations:total:net:monthly,1997-06-30,-68.89680400000002
fx_operations:total:net:monthly,1997-07-31,-47.5
fx_operations:total:net:monthly,1997-08-31,6.660000000000006
fx_operations:total:net:monthly,1997-09-30,-29.672379000000003
fx_operations:total:net:monthly,1997-10-31,-49.5494
fx_operations:total:net:monthly,1997-11-30,-79.89999999999999
fx_operations:total:net:monthly,1997-12-31,85.3
fx_operations:total:net:monthly,1998-01-31,-88.087514530000007
fx_operations:total:net:monthly,1998-02-28,3.437324779999999
fx_operations:total:net:monthly,1998-03-31,-9.605287220000003
fx_operations:total:net:monthly,1998-04-30,-1.6761397900000004
fx_operations:total:net:monthly,1998-05-31,26.917951520000003
fx_operations:total:net:monthly,1998-06-30,-9.63034492
fx_operations:total:net:monthly,1998-07-31,-12.83431354
fx_operations:total:net:monthly,1998-08-31,-42.130211870000004
fx_operations:total:net:monthly,1998-09-30,-25.22311436
fx_operations:total:net:monthly,1998-10-31,-0.8090172900000006
fx_operations:total:net:monthly,1998-11-30,12.209860249999998
fx_operations:total:net:monthly,1998-12-31,89.76080794
fx_operations:total:net:monthly,1999-01-31,-75.161
fx_operations:total:net:monthly,1999-02-28,-84.878
fx_operations:total:net:monthly,1999-03-31,-19.31139187
fx_operations:total:net:monthly,1999-04-30,42.65
fx_operations:total:net:monthly,1999-05-31,-17.92892655
fx_operations:total:net:monthly,1999-06-30,-36.568677990000005
fx_operations:total:net:monthly,1999-07-31,-29.015546729999997
fx_operations:total:net:monthly,1999-08-31,1.3693519199999942
fx_operations:total:net:monthly,1999-09-30,117.35053900000003
fx_operations:total:net:monthly,1999-10-31,6.558011329999999
fx_operations:total:net:monthly,1999-11-30,-26.642887839999997
fx_operations:total:net:monthly,1999-12-31,51.32536511000001
fx_operations:total:net:monthly,2000-01-31,-98.78851338999999
fx_operations:total:net:monthly,2000-02-29,-44.22907239
fx_operations:total:net:monthly,2000-03-31,23.17726278
fx_operations:total:net:monthly,2000-04-30,71.58081531
fx_operations:total:net:monthly,2000-05-31,7.22679606
fx_operations:total:net:monthly,2000-06-30,-14.89506936
fx_operations:total:net:monthly,2000-07-31,-30.5
fx_operations:total:net:monthly,2000-08-31,-64.46077604999999
fx_operations:total:net:monthly,2000-09-30,-2.748021510000001
fx_operations:total:net:monthly,2000-10-31,9.004999999999999
fx_operations:total:net:monthly,2000-11-30,-24.994
fx_operations:total:net:monthly,2000-12-31,49.918194899999996
fx_operations:total:net:monthly,2001-01-31,-65.51113473000001
fx_operations:total:net:monthly,2001-02-28,-18.19653755
fx_operations:total:net:monthly,2001-03-31,-15.460694189999996
fx_operations:total:net:monthly,2001-04-30,59.337840119999996
fx_operations:total:net:monthly,2001-05-31,1.0015360700000002
fx_operations:total:net:monthly,2001-06-30,-2.6974234599999978
fx_operations:total:net:monthly,2001-07-31,-2.7664802199999974
fx_operations:total:net:monthly,2001-08-31,20.553072419999996
fx_operations:total:net:monthly,2001-09-30,0.7778677200000024
fx_operations:total:net:monthly,2001-10-31,-20.11302905
fx_operations:total:net:monthly,2001-11-30,-17.698402970000004
fx_operations:total:net:monthly,2001-12-31,80.06888088000001
fx_operations:total:net:monthly,2002-01-31,-92.68544677999999
fx_operations:total:net:monthly,2002-02-28,-0.4656509999999976
fx_operations:total:net:monthly,2002-03-31,20.038249
fx_operations:total:net:monthly,2002-04-30,37.308666
fx_operations:total:net:monthly,2002-05-31,1.0895789999999996
fx_operations:total:net:monthly,2002-06-30,-25.79440006
fx_operations:total:net:monthly,2002-07-31,-13.07936644
fx_operations:total:net:monthly,2002-08-31,10.052400109999999
fx_operations:total:net:monthly,2002-09-30,19.497682930000003
fx_operations:total:net:monthly,2002-10-31,11.106117000000001
fx_operations:total:net:monthly,2002-11-30,-6.24921254
fx_operations:total:net:monthly,2002-12-31,25.5716263
fx_operations:total:net:monthly,2003-01-31,-12.706143379999999
fx_operations:total:net:monthly,2003-02-28,19.55902981
fx_operations:total:net:monthly,2003-03-31,54.6605174
fx_operations:total:net:monthly,2003-04-30,37.026618500000005
fx_operations:total:net:monthly,2003-05-31,8.59985077
fx_operations:total:net:monthly,2003-06-30,10.754791569999998
fx_operations:total:net:monthly,2003-07-31,7.23312012
fx_operations:total:net:monthly,2003-08-31,8.432796770000001
fx_operations:total:net:monthly,2003-09-30,7.808573089999999
fx_operations:total:net:monthly,2003-10-31,7.5616942300000005
fx_operations:total:net:monthly,2003-11-30,15.30163763
fx_operations:total:net:monthly,2003-12-31,50.56197596
fx_operations:total:net:monthly,2004-01-31,-5.51394196
fx_operations:total:net:monthly,2004-02-29,20.311065460000002
fx_operations:total:net:monthly,2004-03-31,46.86439453
fx_operations:total:net:monthly,2004-04-30,33.397376109999996
fx_operations:total:net:monthly,2004-05-31,29.13860353
fx_operations:total:net:monthly,2004-06-30,19.273054889999997
fx_operations:total:net:monthly,2004-07-31,22.90612787
fx_operations:total:net:monthly,2004-08-31,20.071193479999998
fx_operations:total:net:monthly,2004-09-30,15.714174880000002
fx_operations:total:net:monthly,2004-10-31,-17.58084761
fx_operations:total:net:monthly,2004-11-30,-18.204637870000003
fx_operations:total:net:monthly,2004-12-31,22.059008730000002
fx_operations:total:net:monthly,2005-01-31,-2.8465805
fx_operations:total:net:monthly,2005-02-28,15.65093349
fx_operations:total:net:monthly,2005-03-31,6.393295869999999
fx_operations:total:net:monthly,2005-04-30,32.910269459999995
fx_operations:total:net:monthly,2005-05-31,34.93817635
fx_operations:total:net:monthly,2005-06-30,8.31145349
fx_operations:total:net:monthly,2005-07-31,-5.350610640000001
fx_operations:total:net:monthly,2005-08-31,-1.0427210199999994
fx_operations:total:net:monthly,2005-09-30,-17.60063938
fx_operations:total:net:monthly,2005-10-31,-5.9117030999999995
fx_operations:total:net:monthly,2005-11-30,0.7217223600000002
fx_operations:total:net:monthly,2005-12-31,31.717738819999997
fx_operations:total:net:monthly,2006-01-31,-10.737620539999998
fx_operations:total:net:monthly,2006-02-28,20.7137225
fx_operations:total:net:monthly,2006-03-31,-2.52938799
fx_operations:total:net:monthly,2006-04-30,10.95976084
fx_operations:total:net:monthly,2006-05-31,38.24930768
fx_operations:total:net:monthly,2006-06-30,16.79203879
fx_operations:total:net:monthly,2006-07-31,23.03342989
fx_operations:total:net:monthly,2006-08-31,10.40847336
fx_operations:total:net:monthly,2006-09-30,8.06345357
fx_operations:total:net:monthly,2006-10-31,23.10162756
fx_operations:total:net:monthly,2006-11-30,9.892689909999998
fx_operations:total:net:monthly,2006-12-31,118.58719039
fx_operations:total:net:monthly,2007-01-31,-11.079674970000001
fx_operations:total:net:monthly,2007-02-28,62.35017135
fx_operations:total:net:monthly,2007-03-31,159.4171939
fx_operations:total:net:monthly,2007-04-30,55.671390290000005
fx_operations:total:net:monthly,2007-05-31,42.16547466
fx_operations:total:net:monthly,2007-06-30,14.85085686
fx_operations:total:net:monthly,2007-07-31,43.24375174
fx_operations:total:net:monthly,2007-08-31,-7.0993652800000024
fx_operations:total:net:monthly,2007-09-30,-12.902523930000001
fx_operations:total:net:monthly,2007-10-31,-11.713441629999995
fx_operations:total:net:monthly,2007-11-30,36.10555522
fx_operations:total:net:monthly,2007-12-31,99.31006521
fx_operations:total:net:monthly,2008-01-31,56.207998739999994
fx_operations:total:net:monthly,2008-02-29,-28.728840669999997
fx_operations:total:net:monthly,2008-03-31,107.61004629
fx_operations:total:net:monthly,2008-04-30,192.0434099
fx_operations:total:net:monthly,2008-05-31,130.38585417000002
fx_operations:total:net:monthly,2008-06-30,119.07091237000002
fx_operations:total:net:monthly,2008-07-31,28.18356395
fx_operations:total:net:monthly,2008-08-31,-36.4931701
fx_operations:total:net:monthly,2008-09-30,-115.39038334
fx_operations:total:net:monthly,2008-10-31,-178.40476384000002
fx_operations:total:net:monthly,2008-11-30,-43.16198575999999
fx_operations:total:net:monthly,2008-12-31,34.56506095
fx_operations:total:net:monthly,2009-01-31,-22.8740229
fx_operations:total:net:monthly,2009-02-28,-15.04578212
fx_operations:total:net:monthly,2009-03-31,-2.82787531
fx_operations:total:net:monthly,2009-04-30,84.61457440000001
fx_operations:total:net:monthly,2009-05-31,62.05095084
fx_operations:total:net:monthly,2009-06-30,32.46390782
fx_operations:total:net:monthly,2009-07-31,3.8293406700000006
fx_operations:total:net:monthly,2009-08-31,14.844926930000002
fx_operations:total:net:monthly,2009-09-30,34.31043303
fx_operations:total:net:monthly,2009-10-31,138.79403909
fx_operations:total:net:monthly,2009-11-30,158.56746703000002
fx_operations:total:net:monthly,2009-12-31,195.66964439
fx_operations:total:net:monthly,2010-01-31,-15.99199904
fx_operations:total:net:monthly,2010-02-28,-8.095470059999998
fx_operations:total:net:monthly,2010-03-31,56.303043880000004
fx_operations:total:net:monthly,2010-04-30,14.942370740000001
fx_operations:total:net:monthly,2010-05-31,10.60551821
fx_operations:total:net:monthly,2010-06-30,47.78266234
fx_operations:total:net:monthly,2010-07-31,10.1031389
fx_operations:total:net:monthly,2010-08-31,19.789858390000003
fx_operations:total:net:monthly,2010-09-30,10.296583129999998
fx_operations:total:net:monthly,2010-10-31,-33.27401982999999
fx_operations:total:net:monthly,2010-11-30,-26.95567138
fx_operations:total:net:monthly,2010-12-31,29.551122399999997
fx_operations:total:net:monthly,2011-01-31,-17.36053701
fx_operations:total:net:monthly,2011-02-28,1.2300253499999996
fx_operations:total:net:monthly,2011-03-31,41.56876616
fx_operations:total:net:monthly,2011-04-30,141.76973516
fx_operations:total:net:monthly,2011-05-31,91.41490374
fx_operations:total:net:monthly,2011-06-30,52.077772880000005
fx_operations:total:net:monthly,2011-07-31,88.11369198
fx_operations:total:net:monthly,2011-08-31,137.77821889999998
fx_operations:total:net:monthly,2011-09-30,8.756851659999999
fx_operations:total:net:monthly,2011-10-31,39.752099709999996
fx_operations:total:net:monthly,2011-11-30,-35.033221819999994
fx_operations:total:net:monthly,2011-12-31,39.00647214
fx_operations:total:net:monthly,2012-01-31,-122.87287021
fx_operations:total:net:monthly,2012-02-29,-111.87714161
fx_operations:total:net:monthly,2012-03-31,-18.800863430000003
fx_operations:total:net:monthly,2012-04-30,58.57480913
fx_operations:total:net:monthly,2012-05-31,-5.253777250000006
fx_operations:total:net:monthly,2012-06-30,-61.16137216
fx_operations:total:net:monthly,2012-07-31,26.108652130000003
fx_operations:total:net:monthly,2012-08-31,-11.874236129999998
fx_operations:total:net:monthly,2012-09-30,19.195866370000005
fx_operations:total:net:monthly,2012-10-31,198.42857012000005
fx_operations:total:net:monthly,2012-11-30,34.257392360000004
fx_operations:total:net:monthly,2012-12-31,60.881335169999986
fx_operations:total:net:monthly,2013-01-31,82.47216055
fx_operations:total:net:monthly,2013-02-28,145.63387433
fx_operations:total:net:monthly,2013-03-31,104.76506029999999
fx_operations:total:net:monthly,2013-04-30,43.771593380000006
fx_operations:total:net:monthly,2013-05-31,-30.02677714
fx_operations:total:net:monthly,2013-06-30,-111.09321603000001
fx_operations:total:net:monthly,2013-07-31,34.67362814
fx_operations:total:net:monthly,2013-08-31,-24.491233110000007
fx_operations:total:net:monthly,2013-09-30,2.224221899999996
fx_operations:total:net:monthly,2013-10-31,-4.351584670000003
fx_operations:total:net:monthly,2013-11-30,8.708076180000011
fx_operations:total:net:monthly,2013-12-31,164.45698883
fx_operations:total:net:monthly,2014-01-31,-129.73406108999998
fx_operations:total:net:monthly,2014-02-28,-22.933793420000004
fx_operations:total:net:monthly,2014-03-31,4.349673309999999
fx_operations:total:net:monthly,2014-04-30,148.26767513000001
fx_operations:total:net:monthly,2014-05-31,152.38784671
fx_operations:total:net:monthly,2014-06-30,14.749145279999993
fx_operations:total:net:monthly,2014-07-31,-34.14639472999999
fx_operations:total:net:monthly,2014-08-31,54.040001679999996
fx_operations:total:net:monthly,2014-09-30,130.57049342
fx_operations:total:net:monthly,2014-10-31,-39.55540088000001
fx_operations:total:net:monthly,2014-11-30,15.19294755
fx_operations:total:net:monthly,2014-12-31,89.75952645999999
fx_operations:total:net:monthly,2015-01-31,65.77809780000003
fx_operations:total:net:monthly,2015-02-28,-42.333283120000004
fx_operations:total:net:monthly,2015-03-31,85.9358764
fx_operations:total:net:monthly,2015-04-30,44.27282191
fx_operations:total:net:monthly,2015-05-31,40.61999785000001
fx_operations:total:net:monthly,2015-06-30,-34.52641243000001
fx_operations:total:net:monthly,2015-07-31,-73.54253451000001
fx_operations:total:net:monthly,2015-08-31,-200.41471881
fx_operations:total:net:monthly,2015-09-30,-119.2833001
fx_operations:total:net:monthly,2015-10-31,-112.56853336000002
fx_operations:total:net:monthly,2015-11-30,17.45911409
fx_operations:total:net:monthly,2015-12-31,33.04305181000001
fx_operations:total:net:monthly,2016-01-31,-18.05829763
fx_operations:total:net:monthly,2016-02-29,21.411922750000002
fx_operations:total:net:monthly,2016-03-31,55.17824182
fx_operations:total:net:monthly,2016-04-30,58.47041375
fx_operations:total:net:monthly,2016-05-31,113.75569635999999
fx_operations:total:net:monthly,2016-06-30,104.71230959
fx_operations:total:net:monthly,2016-07-31,81.70141596
fx_operations:total:net:monthly,2016-08-31,193.39280772
fx_operations:total:net:monthly,2016-09-30,133.6290802
fx_operations:total:net:monthly,2016-10-31,58.03714702999999
fx_operations:total:net:monthly,2016-11-30,22.313675279999998
fx_operations:total:net:monthly,2016-12-31,89.96064288000001
fx_operations:total:net:monthly,2017-01-31,82.72777664999998
fx_operations:total:net:monthly,2017-02-28,124.44813731000002
fx_operations:total:net:monthly,2017-03-31,128.80766961
fx_operations:total:net:monthly,2017-04-30,83.68816787
fx_operations:total:net:monthly,2017-05-31,53.89884801000001
fx_operations:total:net:monthly,2017-06-30,98.28825983
fx_operations:total:net:monthly,2017-07-31,77.7617999
fx_operations:total:net:monthly,2017-08-31,29.93407893
fx_operations:total:net:monthly,2017-09-30,72.74585943000001
fx_operations:total:net:monthly,2017-10-31,77.85643357
fx_operations:total:net:monthly,2017-11-30,62.614609160000015
fx_operations:total:net:monthly,2017-12-31,167.42619516999997
fx_operations:total:net:monthly,2018-01-31,82.06997819
fx_operations:total:net:monthly,2018-02-28,32.45126564
fx_operations:total:net:monthly,2018-03-31,-18.607013519999995
fx_operations:total:net:monthly,2018-04-30,7.99309375
fx_operations:total:net:monthly,2018-05-31,-177.31295433999998
fx_operations:total:net:monthly,2018-06-30,-32.61892008999999
fx_operations:total:net:monthly,2018-07-31,6.6670848799999956
fx_operations:total:net:monthly,2018-08-31,-104.18085495000001
fx_operations:total:net:monthly,2018-09-30,-61.59001409999999
fx_operations:total:net:monthly,2018-10-31,-122.52932872000001
fx_operations:total:net:monthly,2018-11-30,-5.041119159999988
fx_operations:total:net:monthly,2018-12-31,42.18377603
fx_operations:total:net:monthly,2019-01-31,0.9661283099999878
fx_operations:total:net:monthly,2019-02-28,45.97647377999999
fx_operations:total:net:monthly,2019-03-31,-63.11357018999999
fx_operations:total:net:monthly,2019-04-30,-118.4992902
fx_operations:total:net:monthly,2019-05-31,-211.62674192999998
fx_operations:total:net:monthly,2019-06-30,22.135065349999994
fx_operations:total:net:monthly,2019-07-31,44.96900652000001
fx_operations:total:net:monthly,2019-08-31,13.730048910000008
fx_operations:total:net:monthly,2019-09-30,2.4340118299999887
fx_operations:total:net:monthly,2019-10-31,-50.76758857
fx_operations:total:net:monthly,2019-11-30,37.091741649999996
fx_operations:total:net:monthly,2019-12-31,158.81524222
fx_operations:total:net:monthly,2020-01-31,-27.503438740000007
fx_operations:total:net:monthly,2020-02-29,44.90524193
fx_operations:total:net:monthly,2020-03-31,7.5825729100000006
fx_operations:total:net:monthly,2020-04-30,116.13274440000001
fx_operations:total:net:monthly,2020-05-31,382.17887511999993
fx_operations:total:net:monthly,2020-06-30,-106.26032952999999
fx_operations:total:net:monthly,2020-07-31,63.43692372999999
fx_operations:total:net:monthly,2020-08-31,55.64028478999998
fx_operations:total:net:monthly,2020-09-30,-4.216264474367007
fx_operations:total:net:monthly,2020-10-31,40.72765425
fx_operations:total:net:monthly,2020-11-30,7.23163298999998
fx_operations:total:net:monthly,2020-12-31,241.14694121000005
fx_operations:total:net:monthly,2021-01-31,92.98703169999999
fx_operations:total:net:monthly,2021-02-28,-25.83176724999999
fx_operations:total:net:monthly,2021-03-31,-42.166752880000004
fx_operations:total:net:monthly,2021-04-30,87.65139638
fx_operations:total:net:monthly,2021-05-31,33.53217582
fx_operations:total:net:monthly,2021-06-30,-111.34908687000001
fx_operations:total:net:monthly,2021-07-31,-1.6962892799999807
fx_operations:total:net:monthly,2021-08-31,-77.73643948
fx_operations:total:net:monthly,2021-09-30,-70.10851902
fx_operations:total:net:monthly,2021-10-31,-118.40863687000001
fx_operations:total:net:monthly,2021-11-30,40.872800339999976
fx_operations:total:net:monthly,2021-12-31,311.47661495
fx_operations:total:net:monthly,2022-01-31,-177.13140219000002
fx_operations:total:net:monthly,2022-02-28,-99.07336651
fx_operations:total:net:monthly,2022-03-31,-14.433478889999982
fx_operations:total:net:monthly,2022-04-30,-128.30002517
fx_operations:total:net:monthly,2022-05-31,-105.81740724466735
fx_operations:total:net:monthly,2022-06-30,86.30408932999251
fx_operations:total:net:monthly,2022-07-31,38.796072580000015
fx_operations:total:net:monthly,2022-08-31,109.61463406
fx_operations:total:net:monthly,2022-09-30,95.26708563270296
fx_operations:total:net:monthly,2022-10-31,58.542045982935036
fx_operations:total:net:monthly,2022-11-30,135.60959862153217
fx_operations:total:net:monthly,2022-12-31,276.29382900975776
fx_operations:total:net:monthly,2023-01-31,-133.84314584999998
fx_operations:total:net:monthly,2023-02-28,15.219682979999988
fx_operations:total:net:monthly,2023-03-31,-32.03183021000002
fx_operations:total:net:monthly,2023-04-30,42.96378001999997
fx_operations:total:net:monthly,2023-05-31,30.438704499999986
fx_operations:total:net:monthly,2023-06-30,40.83359522000001
fx_operations:total:net:monthly,2023-07-31,57.611859819999985
fx_operations:total:net:monthly,2023-08-31,125.42138847000001
fx_operations:total:net:monthly,2023-09-30,6.755403609999995
fx_operations:total:net:monthly,2023-10-31,7.99124997
fx_operations:total:net:monthly,2023-11-30,-74.58616212000001
fx_operations:total:net:monthly,2023-12-31,186.67023413365843
fx_operations:total:net:monthly,2024-01-31,-3.3772477351347616
fx_operations:total:net:monthly,2024-02-29,62.51981360000002
fx_operations:total:net:monthly,2024-03-31,147.54499973999995
fx_operations:total:net:monthly,2024-04-30,-378.4256044732745
fx_operations:total:net:monthly,2024-05-31,-192.01112207999998
fx_operations:total:net:monthly,2024-06-30,31.35398251000002
fx_operations:total:net:monthly,2024-07-31,-107.28754309420712
fx_operations:total:net:monthly,2024-08-31,-65.14631660417487
fx_operations:total:net:monthly,2024-09-30,-119.54657303501583
fx_operations:total:net:monthly,2024-10-31,-164.0867337649922
fx_operations:total:net:monthly,2024-11-30,6.971516734405615
fx_operations:total:net:monthly,2024-12-31,203.2595065561653
fx_operations:total:net:monthly,2025-01-31,-102.17199838400465
fx_operations:total:net:monthly,2025-02-28,-91.44695159
fx_operations:total:net:monthly,2025-03-31,-48.86937609962944
fx_operations:total:net:monthly,2025-04-30,-124.79433384762228
fx_operations:total:net:monthly,2025-05-31,-1.7429813206533495
fx_operations:total:net:monthly,2025-06-30,85.1123406
fx_operations:total:net:monthly,2025-07-31,-46.65144490006744
fx_operations:total:net:monthly,2025-08-31,-74.38360290863882
fx_operations:total:net:monthly,2025-09-30,27.246601699207407
fx_operations:total:net:monthly,2025-10-31,5.165508528301376
fx_operations:total:net:monthly,2025-11-30,-11.038997134061017
fx_operations:total:net:monthly,2025-12-31,90.89812057999998
fx_operations:total:net:monthly,2026-01-31,-103.3849821
fx_operations:total:net:monthly,2026-02-28,78.51205477
fx_operations:total:net:monthly,2026-03-31,127.06866366773684
fx_operations:total:net:monthly,2026-04-30,22.744663698735447
fx_operations:total:net:monthly,2026-05-31,8.6878111031439
fx_operations:total:net:monthly,2026-06-30,58.4517855045398
fx_operations:total:net:monthly,2026-07-31,77.87923659869662
fx_operations:total:net:quarterly,1994-03-31,-13.749999999999986
fx_operations:total:net:quarterly,1994-06-30,179.795
fx_operations:total:net:quarterly,1994-09-30,40.50523000000001
fx_operations:total:net:quarterly,1994-12-31,33.175999999999995
fx_operations:total:net:quarterly,1995-03-31,-47.55919
fx_operations:total:net:quarterly,1995-06-30,69.9
fx_operations:total:net:quarterly,1995-09-30,-8.164000000000012
fx_operations:total:net:quarterly,1995-12-31,-8.028000000000006
fx_operations:total:net:quarterly,1996-03-31,-179.345
fx_operations:total:net:quarterly,1996-06-30,126.72999999999998
fx_operations:total:net:quarterly,1996-09-30,-72.66
fx_operations:total:net:quarterly,1996-12-31,-25.019999999999996
fx_operations:total:net:quarterly,1997-03-31,-107.1
fx_operations:total:net:quarterly,1997-06-30,34.60319599999998
fx_operations:total:net:quarterly,1997-09-30,-70.512379
fx_operations:total:net:quarterly,1997-12-31,-44.1494
fx_operations:total:net:quarterly,1998-03-31,-94.25547697000002
fx_operations:total:net:quarterly,1998-06-30,15.611466810000001
fx_operations:total:net:quarterly,1998-09-30,-80.18763977
fx_operations:total:net:quarterly,1998-12-31,101.16165090000001
fx_operations:total:net:quarterly,1999-03-31,-179.35039186999998
fx_operations:total:net:quarterly,1999-06-30,-11.847604540000006
fx_operations:total:net:quarterly,1999-09-30,89.70434419000003
fx_operations:total:net:quarterly,1999-12-31,31.24048860000001
fx_operations:total:net:quarterly,2000-03-31,-119.84032299999998
fx_operations:total:net:quarterly,2000-06-30,63.91254201
fx_operations:total:net:quarterly,2000-09-30,-97.70879756
fx_operations:total:net:quarterly,2000-12-31,33.9291949
fx_operations:total:net:quarterly,2001-03-31,-99.16836647000001
fx_operations:total:net:quarterly,2001-06-30,57.64195273
fx_operations:total:net:quarterly,2001-09-30,18.56445992
fx_operations:total:net:quarterly,2001-12-31,42.257448860000004
fx_operations:total:net:quarterly,2002-03-31,-73.11284877999998
fx_operations:total:net:quarterly,2002-06-30,12.603844940000002
fx_operations:total:net:quarterly,2002-09-30,16.470716600000003
fx_operations:total:net:quarterly,2002-12-31,30.42853076
fx_operations:total:net:quarterly,2003-03-31,61.51340383
fx_operations:total:net:quarterly,2003-06-30,56.381260839999996
fx_operations:total:net:quarterly,2003-09-30,23.47448998
fx_operations:total:net:quarterly,2003-12-31,73.42530782
fx_operations:total:net:quarterly,2004-03-31,61.661518029999996
fx_operations:total:net:quarterly,2004-06-30,81.80903452999999
fx_operations:total:net:quarterly,2004-09-30,58.69149623
fx_operations:total:net:quarterly,2004-12-31,-13.72647675
fx_operations:total:net:quarterly,2005-03-31,19.19764886
fx_operations:total:net:quarterly,2005-06-30,76.15989929999999
fx_operations:total:net:quarterly,2005-09-30,-23.99397104
fx_operations:total:net:quarterly,2005-12-31,26.527758079999998
fx_operations:total:net:quarterly,2006-03-31,7.446713970000001
fx_operations:total:net:quarterly,2006-06-30,66.00110731000001
fx_operations:total:net:quarterly,2006-09-30,41.50535682
fx_operations:total:net:quarterly,2006-12-31,151.58150786
fx_operations:total:net:quarterly,2007-03-31,210.68769028
fx_operations:total:net:quarterly,2007-06-30,112.68772181
fx_operations:total:net:quarterly,2007-09-30,23.24186253
fx_operations:total:net:quarterly,2007-12-31,123.70217880000001
fx_operations:total:net:quarterly,2008-03-31,135.08920436
fx_operations:total:net:quarterly,2008-06-30,441.5001764400001
fx_operations:total:net:quarterly,2008-09-30,-123.69998949000001
fx_operations:total:net:quarterly,2008-12-31,-187.00168865
fx_operations:total:net:quarterly,2009-03-31,-40.74768033
fx_operations:total:net:quarterly,2009-06-30,179.12943306000003
fx_operations:total:net:quarterly,2009-09-30,52.98470063
fx_operations:total:net:quarterly,2009-12-31,493.0311505100001
fx_operations:total:net:quarterly,2010-03-31,32.215574780000004
fx_operations:total:net:quarterly,2010-06-30,73.33055129
fx_operations:total:net:quarterly,2010-09-30,40.18958042
fx_operations:total:net:quarterly,2010-12-31,-30.678568809999994
fx_operations:total:net:quarterly,2011-03-31,25.4382545
fx_operations:total:net:quarterly,2011-06-30,285.26241178000004
fx_operations:total:net:quarterly,2011-09-30,234.64876253999998
fx_operations:total:net:quarterly,2011-12-31,43.72535003
fx_operations:total:net:quarterly,2012-03-31,-253.55087525
fx_operations:total:net:quarterly,2012-06-30,-7.840340280000007
fx_operations:total:net:quarterly,2012-09-30,33.43028237000001
fx_operations:total:net:quarterly,2012-12-31,293.56729765000006
fx_operations:total:net:quarterly,2013-03-31,332.87109518
fx_operations:total:net:quarterly,2013-06-30,-97.34839979
fx_operations:total:net:quarterly,2013-09-30,12.406616929999988
fx_operations:total:net:quarterly,2013-12-31,168.81348034
fx_operations:total:net:quarterly,2014-03-31,-148.3181812
fx_operations:total:net:quarterly,2014-06-30,315.40466712
fx_operations:total:net:quarterly,2014-09-30,150.46410036999998
fx_operations:total:net:quarterly,2014-12-31,65.39707312999998
fx_operations:total:net:quarterly,2015-03-31,109.38069108000002
fx_operations:total:net:quarterly,2015-06-30,50.36640733
fx_operations:total:net:quarterly,2015-09-30,-393.24055342
fx_operations:total:net:quarterly,2015-12-31,-62.06636746000001
fx_operations:total:net:quarterly,2016-03-31,58.53186694
fx_operations:total:net:quarterly,2016-06-30,276.9384197
fx_operations:total:net:quarterly,2016-09-30,408.72330388
fx_operations:total:net:quarterly,2016-12-31,170.31146518999998
fx_operations:total:net:quarterly,2017-03-31,335.98358357
fx_operations:total:net:quarterly,2017-06-30,235.87527571000004
fx_operations:total:net:quarterly,2017-09-30,180.44173826000002
fx_operations:total:net:quarterly,2017-12-31,307.8972379
fx_operations:total:net:quarterly,2018-03-31,95.91423031000001
fx_operations:total:net:quarterly,2018-06-30,-201.93878067999995
fx_operations:total:net:quarterly,2018-09-30,-159.10378417
fx_operations:total:net:quarterly,2018-12-31,-85.38667185
fx_operations:total:net:quarterly,2019-03-31,-16.17096810000001
fx_operations:total:net:quarterly,2019-06-30,-307.99096678
fx_operations:total:net:quarterly,2019-09-30,61.133067260000004
fx_operations:total:net:quarterly,2019-12-31,145.1393953
fx_operations:total:net:quarterly,2020-03-31,24.984376099999995
fx_operations:total:net:quarterly,2020-06-30,392.05128998999993
fx_operations:total:net:quarterly,2020-09-30,114.86094404563296
fx_operations:total:net:quarterly,2020-12-31,289.10622845
fx_operations:total:net:quarterly,2021-03-31,24.98851157
fx_operations:total:net:quarterly,2021-06-30,9.834485329999978
fx_operations:total:net:quarterly,2021-09-30,-149.54124778
fx_operations:total:net:quarterly,2021-12-31,233.94077841999996
fx_operations:total:net:quarterly,2022-03-31,-290.63824759000005
fx_operations:total:net:quarterly,2022-06-30,-147.81334308467484
fx_operations:total:net:quarterly,2022-09-30,243.67779227270296
fx_operations:total:net:quarterly,2022-12-31,470.44547361422497
fx_operations:total:net:quarterly,2023-03-31,-150.65529308
fx_operations:total:net:quarterly,2023-06-30,114.23607973999997
fx_operations:total:net:quarterly,2023-09-30,189.7886519
fx_operations:total:net:quarterly,2023-12-31,120.07532198365841
fx_operations:total:net:quarterly,2024-03-31,206.68756560486523
fx_operations:total:net:quarterly,2024-06-30,-539.0827440432745
fx_operations:total:net:quarterly,2024-09-30,-291.98043273339783
fx_operations:total:net:quarterly,2024-12-31,46.1442895255787
fx_operations:total:net:quarterly,2025-03-31,-242.4883260736341
fx_operations:total:net:quarterly,2025-06-30,-41.42497456827563
fx_operations:total:net:quarterly,2025-09-30,-93.78844610949885
fx_operations:total:net:quarterly,2025-12-31,85.02463197424034
fx_operations:total:net:quarterly,2026-03-31,102.19573633773685
fx_operations:total:net:quarterly,2026-06-30,89.88426030641915
fx_operations:total:net:quarterly,2026-09-30,77.87923659869662
fx_operations:total:net:quarterly,2026-12-31,0
