series_id,period,value
lrm_auctions:subastas_2013:f05821df6a837acad4a9abc9,2013-01-08,500000.0
lrm_auctions:subastas_2013_100:9573de77078ef5b989754b0a,2013-01-15,7.25
lrm_auctions:subastas_2013_101:fa3f91d72cd8a87ec64adac2,2013-01-15,600000.0
lrm_auctions:subastas_2013_102:8461a620022f7177ba77bee0,2013-01-15,476010.0
lrm_auctions:subastas_2013_103:8cf535850557023a7973874a,2013-01-15,476010.0
lrm_auctions:subastas_2013_104:8bf10f10ba7b5f51a9440e4d,2013-01-15,4.0
lrm_auctions:subastas_2013_105:83d64a9f372e0634cc1506c1,2013-01-15,4.0
lrm_auctions:subastas_2013_106:d192252c59f2e1195c0754f3,2013-01-15,7.692228104451587
lrm_auctions:subastas_2013_107:3a888985d509bd3a71c8491c,2013-01-15,7.5
lrm_auctions:subastas_2013_108:79ae7a4319c56faa6af7acc1,2013-01-15,7.75
lrm_auctions:subastas_2013_109:aa3027f7b575861a723e8123,2013-01-15,7.692228104451587
lrm_auctions:subastas_2013_10:1b9ac1adc1b2ddc1a88b5eed,2013-01-08,6.0
lrm_auctions:subastas_2013_110:c6523432d16ef57b6ba7e649,2013-01-15,7.5
lrm_auctions:subastas_2013_111:4c1151804af1c15f3bae334c,2013-01-15,7.75
lrm_auctions:subastas_2013_112:7afd5ed671eeb77cf99c59b2,2013-01-15,600000.0
lrm_auctions:subastas_2013_113:62b0c2e7e5d060ffa46fd6b4,2013-01-15,60000.0
lrm_auctions:subastas_2013_114:7e85c27048c397aded198c99,2013-01-15,60000.0
lrm_auctions:subastas_2013_115:5f261f113763665ad5c94fe5,2013-01-15,1.0
lrm_auctions:subastas_2013_116:0a5873306145d98e3ce8c9b8,2013-01-15,1.0
lrm_auctions:subastas_2013_117:36fec3a3cac0dfd2ec934c67,2013-01-15,8.25
lrm_auctions:subastas_2013_118:693e5445c7f8fbf7fd80d74a,2013-01-15,8.25
lrm_auctions:subastas_2013_119:1acdb9895cc67ae44c32ccd4,2013-01-15,8.25
lrm_auctions:subastas_2013_11:b37ce8006507c09ca9896adb,2013-01-08,6.5
lrm_auctions:subastas_2013_120:ad9c52ba05cb0962284f2402,2013-01-15,8.25
lrm_auctions:subastas_2013_121:1be3d1fb6fff972dc7a0430e,2013-01-15,8.25
lrm_auctions:subastas_2013_122:5001fa1cebfa737ac836c044,2013-01-15,8.25
lrm_auctions:subastas_2013_123:3a8ddfeb9fcb1350cb0a10a7,2013-01-15,200000.0
lrm_auctions:subastas_2013_124:85c694b26c5b9543df6e5685,2013-01-15,200000.0
lrm_auctions:subastas_2013_125:3cff7767f55ddfabf6c608c7,2013-01-25,1000000.0
lrm_auctions:subastas_2013_125:3cff7767f55ddfabf6c608c7,2013-04-18,200000.0
lrm_auctions:subastas_2013_126:0259d67bfa854611884d129b,2013-01-25,285000.0
lrm_auctions:subastas_2013_126:0259d67bfa854611884d129b,2013-04-18,330000.0
lrm_auctions:subastas_2013_127:1c4b705b18c5e2e2b29a5aee,2013-01-25,165000.0
lrm_auctions:subastas_2013_128:21a42d4df32b48dcc2d17036,2013-01-25,7.0
lrm_auctions:subastas_2013_128:21a42d4df32b48dcc2d17036,2013-04-18,6.0
lrm_auctions:subastas_2013_129:e43403c5ea6fcc8829ce7439,2013-01-25,4.0
lrm_auctions:subastas_2013_12:97b28be4a63be6c509614ef5,2013-01-08,500000.0
lrm_auctions:subastas_2013_130:cbf8b63f2a6119cfea7b1bc7,2013-01-25,6.385964912280702
lrm_auctions:subastas_2013_130:cbf8b63f2a6119cfea7b1bc7,2013-04-18,5.7696969696969695
lrm_auctions:subastas_2013_131:035530d663468cf326c314af,2013-01-25,6.3
lrm_auctions:subastas_2013_131:035530d663468cf326c314af,2013-04-18,5.7
lrm_auctions:subastas_2013_132:67df4015d9a8a09223d55aa2,2013-01-25,6.5
lrm_auctions:subastas_2013_132:67df4015d9a8a09223d55aa2,2013-04-18,6.0
lrm_auctions:subastas_2013_133:be3c78b1a2302907d3533305,2013-01-25,6.303030303030303
lrm_auctions:subastas_2013_134:375976e1b1fc4b7326588e8b,2013-01-25,6.3
lrm_auctions:subastas_2013_135:b3b98e38a78dd8a5bba77ad8,2013-01-25,6.35
lrm_auctions:subastas_2013_136:86a17f52f65300cce315baa6,2013-01-25,1000000.0
lrm_auctions:subastas_2013_137:895899f78ae61431bcc5dba9,2013-01-25,207000.0
lrm_auctions:subastas_2013_138:d7769a43c19e0d391f7fd124,2013-01-25,150000.0
lrm_auctions:subastas_2013_139:c2f1338eadb9d5a15aff716b,2013-01-25,7.0
lrm_auctions:subastas_2013_13:65eb47d3c6a680b736522387,2013-01-08,365000.0
lrm_auctions:subastas_2013_140:eb5c2567f91b1c8e4575ab52,2013-01-25,3.0
lrm_auctions:subastas_2013_141:991c14fbc3f0a2676b79b834,2013-01-25,7.107487922705314
lrm_auctions:subastas_2013_142:9e4118b6fabfd3036b97c7eb,2013-01-25,7.0
lrm_auctions:subastas_2013_143:5def194de99872594cccb133,2013-01-25,7.25
lrm_auctions:subastas_2013_144:243b8ac96077b95682aec394,2013-01-25,7.053333333333334
lrm_auctions:subastas_2013_145:289a62ba08078d23c6803601,2013-01-25,7.0
lrm_auctions:subastas_2013_146:1564dd501ca76f66e723e0c0,2013-01-25,7.1
lrm_auctions:subastas_2013_147:52c9818ac95b722f059fa333,2013-01-25,600000.0
lrm_auctions:subastas_2013_148:b6876fdd0408dc2e81a4d86c,2013-01-25,112000.0
lrm_auctions:subastas_2013_149:0d7eaea20d5b39ee1cb13acb,2013-01-25,70000.0
lrm_auctions:subastas_2013_14:d60e5c9d3950fb45e6b85f42,2013-01-08,365000.0
lrm_auctions:subastas_2013_150:606c653ec81a0008a9908286,2013-01-25,6.0
lrm_auctions:subastas_2013_151:90bea2fe584e4caa46963991,2013-01-25,3.0
lrm_auctions:subastas_2013_152:6602146abf24cafe91c5ed02,2013-01-25,7.723214285714286
lrm_auctions:subastas_2013_153:07cf666fcf6420e621622046,2013-01-25,7.5
lrm_auctions:subastas_2013_154:c3b5b13ba5d1f8e1514a16bf,2013-01-25,8.0
lrm_auctions:subastas_2013_155:08e73456e7a41a987d5dcc1e,2013-01-25,7.671428571428572
lrm_auctions:subastas_2013_156:1b29e18b527abe3c74662ead,2013-01-25,7.5
lrm_auctions:subastas_2013_157:1b71db1a671ace162e12c58c,2013-01-25,7.7
lrm_auctions:subastas_2013_158:d1e508e5ec455eea7e48194f,2013-01-25,600000.0
lrm_auctions:subastas_2013_159:3c1406e2b2a9bb5f631e487a,2013-01-25,232000.0
lrm_auctions:subastas_2013_15:f080897ca67ea7fa464893e9,2013-01-08,6.0
lrm_auctions:subastas_2013_160:3f514f00183837a39536c32a,2013-01-25,222000.0
lrm_auctions:subastas_2013_161:be70edc01709a486f757f45f,2013-01-25,4.0
lrm_auctions:subastas_2013_162:4beb227b82776cebbd7a23c9,2013-01-25,3.0
lrm_auctions:subastas_2013_163:871060254e3bc47326a15f3b,2013-01-25,8.25603448275862
lrm_auctions:subastas_2013_164:2cf6736f6bddffccfbc06e8f,2013-01-25,8.2
lrm_auctions:subastas_2013_165:baf99fa9eea0987a62589408,2013-01-25,8.5
lrm_auctions:subastas_2013_166:bf98872c1bfa913a1fde78fa,2013-01-25,8.245045045045044
lrm_auctions:subastas_2013_167:557b42614c53a5a754ffb46b,2013-01-25,8.2
lrm_auctions:subastas_2013_168:da199d298388815c0e8b71c9,2013-01-25,8.25
lrm_auctions:subastas_2013_169:5a239e150441f24e9b1f9f79,2013-01-25,200000.0
lrm_auctions:subastas_2013_16:ca9c8d4478bf888cff4ac910,2013-01-08,6.0
lrm_auctions:subastas_2013_170:82b45e976b3cf3011e28bae0,2013-01-25,105000.0
lrm_auctions:subastas_2013_171:900a62076f3b863a5b947f3d,2013-01-25,2.0
lrm_auctions:subastas_2013_172:7769e5e31e01d2dca4af0065,2013-01-25,8.761904761904763
lrm_auctions:subastas_2013_173:0ee0af94b258bf9bf6aed4ea,2013-01-25,8.75
lrm_auctions:subastas_2013_174:4910395ca819a4a86ce04231,2013-01-25,9.0
lrm_auctions:subastas_2013_175:d420140e60fc83b93aba81a9,2013-01-25,200000.0
lrm_auctions:subastas_2013_176:7758e30ce39336e56ad6683d,2013-01-25,55000.0
lrm_auctions:subastas_2013_177:52c28a5dd1d34c1c5bd2121b,2013-01-25,2.0
lrm_auctions:subastas_2013_178:283f27e00ebad5a972dc5de9,2013-01-25,9.272727272727273
lrm_auctions:subastas_2013_179:5d245dbe63824394919075ee,2013-01-25,9.25
lrm_auctions:subastas_2013_17:18213bfa30723dab80a79ffd,2013-01-08,7.078082191780822
lrm_auctions:subastas_2013_180:d497578bbc924b28f3095ede,2013-01-25,9.5
lrm_auctions:subastas_2013_181:ecebea847b3f2b52b734cb37,2013-02-01,250000.0
lrm_auctions:subastas_2013_182:b0178005bbde096b92020444,2013-02-01,255000.0
lrm_auctions:subastas_2013_183:7657d7d22d474b112dc47f20,2013-02-01,240000.0
lrm_auctions:subastas_2013_184:4c2c934c742c312c4fd03e95,2013-02-01,8.0
lrm_auctions:subastas_2013_185:7721ca94d4f84863ec65fab4,2013-02-01,7.0
lrm_auctions:subastas_2013_186:2644eaa944853ac1925e5fb4,2013-02-01,6.279803921568628
lrm_auctions:subastas_2013_187:9f2280d3af7f699e34092730,2013-02-01,6.1
lrm_auctions:subastas_2013_188:79177a94392f1ab02aa13cfa,2013-02-01,6.5
lrm_auctions:subastas_2013_189:3926108d99d19f07090b67f3,2013-02-01,6.266041666666666
lrm_auctions:subastas_2013_18:83f7de300a2f67cef7898077,2013-01-08,6.95
lrm_auctions:subastas_2013_190:a2c02f1e297dd1b03402d750,2013-02-01,6.1
lrm_auctions:subastas_2013_191:2d13f0170487e8d55a6f0aa6,2013-02-01,6.35
lrm_auctions:subastas_2013_192:a1c4732d4b176c2bff7b4d2e,2013-02-01,250000.0
lrm_auctions:subastas_2013_193:d280369a98964fc50eff86ef,2013-02-01,255000.0
lrm_auctions:subastas_2013_194:d4426701fe8c147f008763da,2013-02-01,205000.0
lrm_auctions:subastas_2013_195:21f212adeb9591b564dadb68,2013-02-01,5.0
lrm_auctions:subastas_2013_196:d1ad63a1014aae5ba9925084,2013-02-01,4.0
lrm_auctions:subastas_2013_197:af67cd1179abddbf6cfd0ff7,2013-02-01,7.141176470588236
lrm_auctions:subastas_2013_198:1495e5098bcc3893f5020859,2013-02-01,7.0
lrm_auctions:subastas_2013_199:940cd378066768df512ae613,2013-02-01,7.5
lrm_auctions:subastas_2013_19:3830dbfe52704f7c86fa59b5,2013-01-08,7.25
lrm_auctions:subastas_2013_200:d5b700aa49ef5a25290fc204,2013-02-01,7.053658536585366
lrm_auctions:subastas_2013_201:71b80b008ce9cd5c4addd627,2013-02-01,7.0
lrm_auctions:subastas_2013_202:1f267c32bf1667f86883eea1,2013-02-01,7.1
lrm_auctions:subastas_2013_203:f43777915365b0d25465bd88,2013-02-01,150000.0
lrm_auctions:subastas_2013_204:12c6ea6fad56e12b1e83a0b1,2013-02-01,150000.0
lrm_auctions:subastas_2013_205:a96eb512265b3b6eab7c3801,2013-02-01,110000.0
lrm_auctions:subastas_2013_206:7bcac8fc00c103b874f74650,2013-02-01,4.0
lrm_auctions:subastas_2013_207:78dc288136796f743b7e3d5e,2013-02-01,3.0
lrm_auctions:subastas_2013_208:88a305862aab14a13a44c2f7,2013-02-01,7.636666666666667
lrm_auctions:subastas_2013_209:121956d96b112435b44faf19,2013-02-01,7.55
lrm_auctions:subastas_2013_20:848e714f937f5262a72031a3,2013-01-08,7.078082191780822
lrm_auctions:subastas_2013_210:a8a7bfe057ed80a2b0e75e2a,2013-02-01,7.75
lrm_auctions:subastas_2013_211:597addf60a5a56d4ac6bb943,2013-02-01,7.595454545454546
lrm_auctions:subastas_2013_212:a1b6afdaa01e2d3b46845b7e,2013-02-01,7.55
lrm_auctions:subastas_2013_213:6a6e76d31a7497d137618c1f,2013-02-01,7.7
lrm_auctions:subastas_2013_214:3b68f57fb0fd374c0b34f96a,2013-02-01,150000.0
lrm_auctions:subastas_2013_215:c51694115e0ccbf7dca222ee,2013-02-01,135000.0
lrm_auctions:subastas_2013_216:3d24eeaad7fca48b4663f71e,2013-02-01,105000.0
lrm_auctions:subastas_2013_217:2f0dec9ad75a296c2692c8ab,2013-02-01,5.0
lrm_auctions:subastas_2013_218:35b3154d63fbeaf8276e57ec,2013-02-01,3.0
lrm_auctions:subastas_2013_219:4122133c56c6adfd0dd6a48d,2013-02-01,8.301851851851852
lrm_auctions:subastas_2013_21:4c16fb0f53e9d454a3a9d59e,2013-01-08,6.95
lrm_auctions:subastas_2013_220:c9a60e3e95fe9a7c78280ccc,2013-02-01,8.1
lrm_auctions:subastas_2013_221:274ed7fbe2b031f2e5fed797,2013-02-01,9.0
lrm_auctions:subastas_2013_222:0d8c163247ba130561e4cec2,2013-02-01,8.15
lrm_auctions:subastas_2013_223:955e50c117483a44e4def56f,2013-02-01,8.1
lrm_auctions:subastas_2013_224:2feeccaa3bbdce83b9ca891b,2013-02-01,8.25
lrm_auctions:subastas_2013_225:a7280c612e3ccbb3441ceec3,2013-02-01,100000.0
lrm_auctions:subastas_2013_226:83c8b5d90119f21e26ef57a6,2013-02-01,95000.0
lrm_auctions:subastas_2013_227:34e1cb69973137a10a678a7f,2013-02-01,1.0
lrm_auctions:subastas_2013_228:b5b060da1270802ec3560a05,2013-02-01,8.5
lrm_auctions:subastas_2013_229:0570f5e489294532145393b3,2013-02-01,8.5
lrm_auctions:subastas_2013_22:9b3e48133c61f36ddc3d0db9,2013-01-08,7.25
lrm_auctions:subastas_2013_230:abd88c6ee2eb87897166661d,2013-02-01,8.5
lrm_auctions:subastas_2013_231:cbfe80e1c463f6bf917b6ba5,2013-02-01,100000.0
lrm_auctions:subastas_2013_232:65975cfa226d1e3128ae5855,2013-02-01,65000.0
lrm_auctions:subastas_2013_233:3e15ba9c742b5c95d01f70a5,2013-02-01,3.0
lrm_auctions:subastas_2013_234:e8f689aff808dbb04abcf412,2013-02-01,9.346153846153847
lrm_auctions:subastas_2013_235:5f2aa5098e224ad4d86c197a,2013-02-01,8.75
lrm_auctions:subastas_2013_236:01f655d8d76195d5e1007286,2013-02-01,10.0
lrm_auctions:subastas_2013_237:f84d260b91e61df02c00c931,2013-03-26,975000.0
lrm_auctions:subastas_2013_237:f84d260b91e61df02c00c931,2013-08-16,387000.0
lrm_auctions:subastas_2013_238:e7cac500ab321baaab6640c2,2013-03-26,671500.0
lrm_auctions:subastas_2013_238:e7cac500ab321baaab6640c2,2013-08-16,200000.0
lrm_auctions:subastas_2013_239:4991455a40476c10414aa12f,2013-03-26,14.0
lrm_auctions:subastas_2013_239:4991455a40476c10414aa12f,2013-08-16,9.0
lrm_auctions:subastas_2013_23:4a61df4b2130dfba25c7b09f,2013-01-08,300000.0
lrm_auctions:subastas_2013_240:23b26bc180d43f7d656e1bfb,2013-03-26,9.0
lrm_auctions:subastas_2013_240:23b26bc180d43f7d656e1bfb,2013-08-16,7.0
lrm_auctions:subastas_2013_241:b68c74fe66add5851a93736a,2013-03-26,5.689102564102564
lrm_auctions:subastas_2013_241:b68c74fe66add5851a93736a,2013-08-16,5.308139534883721
lrm_auctions:subastas_2013_242:6096a06e3bcc39cee6836992,2013-03-26,5.2
lrm_auctions:subastas_2013_242:6096a06e3bcc39cee6836992,2013-08-16,5.0
lrm_auctions:subastas_2013_243:31134e0fac967a395efc6c35,2013-03-26,6.5
lrm_auctions:subastas_2013_243:31134e0fac967a395efc6c35,2013-08-16,5.5
lrm_auctions:subastas_2013_244:bdaf4b683bdd1b729f18a6c0,2013-03-26,5.503946388682055
lrm_auctions:subastas_2013_244:bdaf4b683bdd1b729f18a6c0,2013-08-16,5.25325
lrm_auctions:subastas_2013_245:82405bd97c8c061860f67e15,2013-03-26,5.2
lrm_auctions:subastas_2013_245:82405bd97c8c061860f67e15,2013-08-16,5.0
lrm_auctions:subastas_2013_246:97b415d80d7c8e86a2282c26,2013-03-26,5.7
lrm_auctions:subastas_2013_246:97b415d80d7c8e86a2282c26,2013-08-16,5.3
lrm_auctions:subastas_2013_247:b0fa38ea352a09d1246fe3f7,2013-03-26,497500.0
lrm_auctions:subastas_2013_247:b0fa38ea352a09d1246fe3f7,2013-07-12,40000.0
lrm_auctions:subastas_2013_247:b0fa38ea352a09d1246fe3f7,2013-08-16,140000.0
lrm_auctions:subastas_2013_248:3602406e90c0ca2c4302e958,2013-03-26,255000.0
lrm_auctions:subastas_2013_248:3602406e90c0ca2c4302e958,2013-07-12,40000.0
lrm_auctions:subastas_2013_248:3602406e90c0ca2c4302e958,2013-08-16,140000.0
lrm_auctions:subastas_2013_249:854c78fecf7deb047a7c5800,2013-03-26,9.0
lrm_auctions:subastas_2013_249:854c78fecf7deb047a7c5800,2013-07-12,1.0
lrm_auctions:subastas_2013_249:854c78fecf7deb047a7c5800,2013-08-16,3.0
lrm_auctions:subastas_2013_24:230e3734a5c87f1444e527ac,2013-01-08,360000.0
lrm_auctions:subastas_2013_250:dc3e976122a8c61bdd57c2aa,2013-03-26,5.0
lrm_auctions:subastas_2013_250:dc3e976122a8c61bdd57c2aa,2013-07-12,1.0
lrm_auctions:subastas_2013_250:dc3e976122a8c61bdd57c2aa,2013-08-16,3.0
lrm_auctions:subastas_2013_251:c6d9c320de0faeda67fe31c0,2013-03-26,6.328743718592965
lrm_auctions:subastas_2013_251:c6d9c320de0faeda67fe31c0,2013-07-12,5.79
lrm_auctions:subastas_2013_251:c6d9c320de0faeda67fe31c0,2013-08-16,5.757142857142857
lrm_auctions:subastas_2013_252:540c066703a832388bc57b07,2013-03-26,5.75
lrm_auctions:subastas_2013_252:540c066703a832388bc57b07,2013-07-12,5.79
lrm_auctions:subastas_2013_252:540c066703a832388bc57b07,2013-08-16,5.7
lrm_auctions:subastas_2013_253:11e44d7af22139352fe30db5,2013-03-26,7.25
lrm_auctions:subastas_2013_253:11e44d7af22139352fe30db5,2013-07-12,5.79
lrm_auctions:subastas_2013_253:11e44d7af22139352fe30db5,2013-08-16,5.78
lrm_auctions:subastas_2013_254:63273efeb0d1f08f9f4e4018,2013-03-26,5.882352941176471
lrm_auctions:subastas_2013_254:63273efeb0d1f08f9f4e4018,2013-07-12,5.79
lrm_auctions:subastas_2013_254:63273efeb0d1f08f9f4e4018,2013-08-16,5.757142857142857
lrm_auctions:subastas_2013_255:99848dff9bfec57184c81f23,2013-03-26,5.75
lrm_auctions:subastas_2013_255:99848dff9bfec57184c81f23,2013-07-12,5.79
lrm_auctions:subastas_2013_255:99848dff9bfec57184c81f23,2013-08-16,5.7
lrm_auctions:subastas_2013_256:b5c0b397b0984d791d3182ea,2013-03-26,6.0
lrm_auctions:subastas_2013_256:b5c0b397b0984d791d3182ea,2013-07-12,5.79
lrm_auctions:subastas_2013_256:b5c0b397b0984d791d3182ea,2013-08-16,5.78
lrm_auctions:subastas_2013_257:ed9ed754af1001a92205dca9,2013-03-26,190000.0
lrm_auctions:subastas_2013_258:2c42331ffd3a4dfafd5ce8b4,2013-03-26,155000.0
lrm_auctions:subastas_2013_259:c386a0736340df3c7e6c4afe,2013-03-26,5.0
lrm_auctions:subastas_2013_25:8d62a5c1d31b6587876082de,2013-01-08,360000.0
lrm_auctions:subastas_2013_260:53f176d5f7b2985d53713f12,2013-03-26,3.0
lrm_auctions:subastas_2013_261:703139ba3667697e27e18374,2013-03-26,6.593421052631579
lrm_auctions:subastas_2013_262:f587cde59d370b4915869179,2013-03-26,6.15
lrm_auctions:subastas_2013_263:0e061e00286701b67b4ae224,2013-03-26,7.45
lrm_auctions:subastas_2013_264:f5f2f0b3a5bc98425d29f560,2013-03-26,6.425806451612903
lrm_auctions:subastas_2013_265:43c9735a04e87290ff438d3a,2013-03-26,6.15
lrm_auctions:subastas_2013_266:05bcb995e2848b8835fb5c3d,2013-03-26,6.5
lrm_auctions:subastas_2013_267:d0485662accd4c78ab4c48c3,2013-03-26,375000.0
lrm_auctions:subastas_2013_268:8134303ab3150843d314ed79,2013-03-26,145000.0
lrm_auctions:subastas_2013_269:f2d8233572d9a948043341a4,2013-03-26,6.0
lrm_auctions:subastas_2013_26:8bfa1d5c9bb3d0ad848b6249,2013-01-08,4.0
lrm_auctions:subastas_2013_270:8ee4abb67214ff5b5781076c,2013-03-26,3.0
lrm_auctions:subastas_2013_271:58e408c70f43dc62b845dbd9,2013-03-26,7.290133333333333
lrm_auctions:subastas_2013_272:d0579b9b2f71005bd610ee92,2013-03-26,6.6
lrm_auctions:subastas_2013_273:9365ac123f90b9280ecc7156,2013-03-26,8.25
lrm_auctions:subastas_2013_274:30486d527ecfdb72c91dbfc5,2013-03-26,6.731034482758621
lrm_auctions:subastas_2013_275:490b0f69e043cbc4b80175eb,2013-03-26,6.6
lrm_auctions:subastas_2013_276:31000e9886aaa8c5743d4f8a,2013-03-26,6.8
lrm_auctions:subastas_2013_277:4e714039e9a31d7905ee5e06,2013-03-26,240000.0
lrm_auctions:subastas_2013_278:b3c21cabdb2a075733ae85cf,2013-03-26,240000.0
lrm_auctions:subastas_2013_279:6f70320fc10ee8ca2d22767b,2013-03-26,2.0
lrm_auctions:subastas_2013_27:2e0b2566d15961ade41e8dc5,2013-01-08,4.0
lrm_auctions:subastas_2013_280:861d6bba49a8073d97e38d6d,2013-03-26,2.0
lrm_auctions:subastas_2013_281:48d02a02453c7ed585d398c7,2013-03-26,6.945
lrm_auctions:subastas_2013_282:34cbaf41d8ce9d93d1692a34,2013-03-26,6.89
lrm_auctions:subastas_2013_283:31564e5c17cda37c4a4c3597,2013-03-26,7.0
lrm_auctions:subastas_2013_284:ec87a733af0b8e8de71c3563,2013-03-26,6.945
lrm_auctions:subastas_2013_285:3da9e5c236e398db7361c631,2013-03-26,6.89
lrm_auctions:subastas_2013_286:223c500d7bd026724c0b1df7,2013-03-26,7.0
lrm_auctions:subastas_2013_287:f6b9b12f30db7eb7444154ed,2013-04-03,397500.0
lrm_auctions:subastas_2013_288:8e6964a0cc69332eb3f5a5ad,2013-04-03,281500.0
lrm_auctions:subastas_2013_289:6d05d0ccc0e0bc8cc4a2bfa2,2013-04-03,10.0
lrm_auctions:subastas_2013_28:167197d71fe8aad20707fb68,2013-01-08,7.622222222222222
lrm_auctions:subastas_2013_290:26e72c53a5c1a3831b0e9faf,2013-04-03,7.0
lrm_auctions:subastas_2013_291:ff897abb051e3fd19e43e4e5,2013-04-03,5.527572327044025
lrm_auctions:subastas_2013_292:16cb1136cff1cffd031e1bdc,2013-04-03,5.5
lrm_auctions:subastas_2013_293:656f84726d146894c36db050,2013-04-03,5.71
lrm_auctions:subastas_2013_294:acaa9d1f31be1c0ef37412ce,2013-04-03,5.5
lrm_auctions:subastas_2013_295:05cbc6c92a890d27c71f3a48,2013-04-03,5.5
lrm_auctions:subastas_2013_296:fa09ca98dbde6d6226dbab28,2013-04-03,5.5
lrm_auctions:subastas_2013_297:62584f926bb6da20053e08c4,2013-04-03,241000.0
lrm_auctions:subastas_2013_298:1b95307a63d03c59f3579e66,2013-04-03,150000.0
lrm_auctions:subastas_2013_299:01f097ea6e88c6d027d05ea7,2013-04-03,4.0
lrm_auctions:subastas_2013_29:f0ebee2b748dcdd6bb97a1e9,2013-01-08,7.4
lrm_auctions:subastas_2013_2:858182fddf78465e66255403,2013-01-08,715000.0
lrm_auctions:subastas_2013_300:3dca9261f7ba493eaa93d3dd,2013-04-03,1.0
lrm_auctions:subastas_2013_301:6b9ec41446a1cd6e88f16e05,2013-04-03,5.888174273858922
lrm_auctions:subastas_2013_302:f49d5d9dc69284d80c5ac9d2,2013-04-03,5.88
lrm_auctions:subastas_2013_303:6d114058dabd5162df95e7c6,2013-04-03,6.05
lrm_auctions:subastas_2013_304:bfb2511300794b5be5637a38,2013-04-03,5.88
lrm_auctions:subastas_2013_305:905b5bde85c628370f841ed6,2013-04-03,5.88
lrm_auctions:subastas_2013_306:d62f38173db5ce16f32c44c9,2013-04-03,5.88
lrm_auctions:subastas_2013_307:d000b6fa7b0e1af80efc1c76,2013-04-03,315000.0
lrm_auctions:subastas_2013_308:423f491241621f4e350b570b,2013-04-03,220000.0
lrm_auctions:subastas_2013_309:644d11bf66c4b35eb471b2ee,2013-04-03,4.0
lrm_auctions:subastas_2013_30:192ef8f59d943494f7822c81,2013-01-08,7.75
lrm_auctions:subastas_2013_310:e19f80c3511069e20aebfe39,2013-04-03,2.0
lrm_auctions:subastas_2013_311:fbd49f8ac5f215d537639dad,2013-04-03,6.436031746031746
lrm_auctions:subastas_2013_312:5cde606191176b9db62a3fe0,2013-04-03,6.43
lrm_auctions:subastas_2013_313:65dcd07756678f6ed16f2746,2013-04-03,6.45
lrm_auctions:subastas_2013_314:de8b006c5ea1dc88dcd7e251,2013-04-03,6.43
lrm_auctions:subastas_2013_315:e6970ec73647cecaedae5b3d,2013-04-03,6.43
lrm_auctions:subastas_2013_316:37400c00e6efa22e6b7ba1f6,2013-04-03,6.43
lrm_auctions:subastas_2013_317:b8ba2d1444681f72d0ae615c,2013-04-03,51000.0
lrm_auctions:subastas_2013_318:794b455dbdfe589849e29315,2013-04-03,10000.0
lrm_auctions:subastas_2013_319:a52e1b43a67f2836953b4dcc,2013-04-03,3.0
lrm_auctions:subastas_2013_31:d05cf705836faa54710198df,2013-01-08,7.622222222222222
lrm_auctions:subastas_2013_320:20d5284750a95a0cd2a4546d,2013-04-03,1.0
lrm_auctions:subastas_2013_321:cf225fbb694b4c319879729e,2013-04-03,6.750980392156863
lrm_auctions:subastas_2013_322:96b343716e499a54438e3f72,2013-04-03,6.73
lrm_auctions:subastas_2013_323:6731df066a6991b8278164bf,2013-04-03,7.0
lrm_auctions:subastas_2013_324:86413481d40c28012a04e937,2013-04-03,6.73
lrm_auctions:subastas_2013_325:90b62fa0cd7661b50957ab97,2013-04-03,6.73
lrm_auctions:subastas_2013_326:e4424ab75763ca558995bbce,2013-04-03,6.73
lrm_auctions:subastas_2013_327:aad7e0c8a2c99c8b66ab290b,2013-04-03,1000.0
lrm_auctions:subastas_2013_328:cf889ee055b01458d50ce346,2013-04-03,1.0
lrm_auctions:subastas_2013_329:6136f3b6dfd269ebcfc575a3,2013-04-03,7.1
lrm_auctions:subastas_2013_32:b907e47d71c023dc6d9148d7,2013-01-08,7.4
lrm_auctions:subastas_2013_330:bf8493e2435938fdea75a4f1,2013-04-03,7.1
lrm_auctions:subastas_2013_331:fd5f0b3cf047d7a7c19b6fac,2013-04-03,7.1
lrm_auctions:subastas_2013_332:3048cae5f3c9742d612cf8b0,2013-04-11,1000000.0
lrm_auctions:subastas_2013_332:3048cae5f3c9742d612cf8b0,2013-05-30,50000.0
lrm_auctions:subastas_2013_332:3048cae5f3c9742d612cf8b0,2013-09-12,40000.0
lrm_auctions:subastas_2013_332:3048cae5f3c9742d612cf8b0,2013-11-14,100000.0
lrm_auctions:subastas_2013_332:3048cae5f3c9742d612cf8b0,2013-12-12,100000.0
lrm_auctions:subastas_2013_333:9247b31e01d1e0ac55a0c613,2013-04-11,879000.0
lrm_auctions:subastas_2013_333:9247b31e01d1e0ac55a0c613,2013-05-30,135500.0
lrm_auctions:subastas_2013_333:9247b31e01d1e0ac55a0c613,2013-09-12,56000.0
lrm_auctions:subastas_2013_333:9247b31e01d1e0ac55a0c613,2013-11-14,185000.0
lrm_auctions:subastas_2013_333:9247b31e01d1e0ac55a0c613,2013-12-12,180000.0
lrm_auctions:subastas_2013_334:224b5017a255c316d44d073e,2013-04-11,879000.0
lrm_auctions:subastas_2013_334:224b5017a255c316d44d073e,2013-05-30,50000.0
lrm_auctions:subastas_2013_334:224b5017a255c316d44d073e,2013-09-12,40000.0
lrm_auctions:subastas_2013_334:224b5017a255c316d44d073e,2013-11-14,100000.0
lrm_auctions:subastas_2013_334:224b5017a255c316d44d073e,2013-12-12,60000.0
lrm_auctions:subastas_2013_335:010d5d8f25a1089f65a054b4,2013-04-11,9.0
lrm_auctions:subastas_2013_335:010d5d8f25a1089f65a054b4,2013-05-30,8.0
lrm_auctions:subastas_2013_335:010d5d8f25a1089f65a054b4,2013-09-12,5.0
lrm_auctions:subastas_2013_335:010d5d8f25a1089f65a054b4,2013-11-14,5.0
lrm_auctions:subastas_2013_335:010d5d8f25a1089f65a054b4,2013-12-12,7.0
lrm_auctions:subastas_2013_336:fc2d241f5907da61bc006a54,2013-04-11,9.0
lrm_auctions:subastas_2013_336:fc2d241f5907da61bc006a54,2013-05-30,7.0
lrm_auctions:subastas_2013_336:fc2d241f5907da61bc006a54,2013-09-12,4.0
lrm_auctions:subastas_2013_336:fc2d241f5907da61bc006a54,2013-11-14,3.0
lrm_auctions:subastas_2013_336:fc2d241f5907da61bc006a54,2013-12-12,3.0
lrm_auctions:subastas_2013_337:964a1e7acc58cf13bdd974d0,2013-04-11,5.45938566552901
lrm_auctions:subastas_2013_337:964a1e7acc58cf13bdd974d0,2013-05-30,4.9709963099631
lrm_auctions:subastas_2013_337:964a1e7acc58cf13bdd974d0,2013-09-12,4.694464285714286
lrm_auctions:subastas_2013_337:964a1e7acc58cf13bdd974d0,2013-11-14,4.712162162162162
lrm_auctions:subastas_2013_337:964a1e7acc58cf13bdd974d0,2013-12-12,5.276111111111111
lrm_auctions:subastas_2013_338:a2c726f33786f143af341123,2013-04-11,5.1
lrm_auctions:subastas_2013_338:a2c726f33786f143af341123,2013-05-30,4.5
lrm_auctions:subastas_2013_338:a2c726f33786f143af341123,2013-09-12,4.49
lrm_auctions:subastas_2013_338:a2c726f33786f143af341123,2013-11-14,4.7
lrm_auctions:subastas_2013_338:a2c726f33786f143af341123,2013-12-12,5.18
lrm_auctions:subastas_2013_339:ad7a529327e2031b99ba55c6,2013-04-11,5.5
lrm_auctions:subastas_2013_339:ad7a529327e2031b99ba55c6,2013-05-30,5.1
lrm_auctions:subastas_2013_339:ad7a529327e2031b99ba55c6,2013-09-12,4.79
lrm_auctions:subastas_2013_339:ad7a529327e2031b99ba55c6,2013-11-14,4.85
lrm_auctions:subastas_2013_339:ad7a529327e2031b99ba55c6,2013-12-12,5.5
lrm_auctions:subastas_2013_33:b1becaa7e945983ec644707b,2013-01-08,7.75
lrm_auctions:subastas_2013_340:908f8f022440bbfbdb65bb24,2013-04-11,5.45938566552901
lrm_auctions:subastas_2013_340:908f8f022440bbfbdb65bb24,2013-05-30,4.9174
lrm_auctions:subastas_2013_340:908f8f022440bbfbdb65bb24,2013-09-12,4.66975
lrm_auctions:subastas_2013_340:908f8f022440bbfbdb65bb24,2013-11-14,4.7
lrm_auctions:subastas_2013_340:908f8f022440bbfbdb65bb24,2013-12-12,5.195
lrm_auctions:subastas_2013_341:45819eab5b1964d17abc4b91,2013-04-11,5.1
lrm_auctions:subastas_2013_341:45819eab5b1964d17abc4b91,2013-05-30,4.5
lrm_auctions:subastas_2013_341:45819eab5b1964d17abc4b91,2013-09-12,4.49
lrm_auctions:subastas_2013_341:45819eab5b1964d17abc4b91,2013-11-14,4.7
lrm_auctions:subastas_2013_341:45819eab5b1964d17abc4b91,2013-12-12,5.18
lrm_auctions:subastas_2013_342:dc674067b244570b92972daa,2013-04-11,5.5
lrm_auctions:subastas_2013_342:dc674067b244570b92972daa,2013-05-30,5.0
lrm_auctions:subastas_2013_342:dc674067b244570b92972daa,2013-09-12,4.7
lrm_auctions:subastas_2013_342:dc674067b244570b92972daa,2013-11-14,4.7
lrm_auctions:subastas_2013_342:dc674067b244570b92972daa,2013-12-12,5.25
lrm_auctions:subastas_2013_343:908bb85e48af081afbe16a9f,2013-04-18,100000.0
lrm_auctions:subastas_2013_344:48f10b817b9c6394e6d2c124,2013-04-18,325000.0
lrm_auctions:subastas_2013_345:c5c3b049a1a610310f3b7319,2013-04-18,100000.0
lrm_auctions:subastas_2013_346:a9d9d047e854e20797c5bb0f,2013-04-18,8.0
lrm_auctions:subastas_2013_347:fb0da63cb100a5e40234b9a9,2013-04-18,6.0
lrm_auctions:subastas_2013_348:64dc25eb7ebd12e768dbbc8a,2013-04-18,5.401538461538461
lrm_auctions:subastas_2013_349:33976b4f0e54d1e1d3a4fd4c,2013-04-18,5.25
lrm_auctions:subastas_2013_34:5de4a92ebdc495a3c0a9aeba,2013-01-08,300000.0
lrm_auctions:subastas_2013_350:8589db5e7dadad37b2d1b3de,2013-04-18,5.5
lrm_auctions:subastas_2013_351:41d9eb7690cf7144d2c7507f,2013-04-18,5.304990499049905
lrm_auctions:subastas_2013_352:758cb4aa1a463dfecc2802da,2013-04-18,5.25
lrm_auctions:subastas_2013_353:a74c440150c4100737140745,2013-04-18,5.4
lrm_auctions:subastas_2013_354:b0459c493295d4232f04c6af,2013-04-25,200000.0
lrm_auctions:subastas_2013_355:504783af95b5965a87149d3e,2013-04-25,370000.0
lrm_auctions:subastas_2013_356:a03b9e4be8d5168cb8593ab1,2013-04-25,200000.0
lrm_auctions:subastas_2013_357:bb3a84fa71fa39412ddfc683,2013-04-25,6.0
lrm_auctions:subastas_2013_358:05a580dee2abe0c89ece33ea,2013-04-25,4.0
lrm_auctions:subastas_2013_359:b6de61fa29600c3633841a51,2013-04-25,5.205405405405405
lrm_auctions:subastas_2013_35:d062ca87e1bcc96a546a1f1e,2013-01-08,83000.0
lrm_auctions:subastas_2013_360:9749814fbefbcfbddaf79c95,2013-04-25,5.1
lrm_auctions:subastas_2013_361:fcf592045c7e487f60645976,2013-04-25,5.35
lrm_auctions:subastas_2013_362:4a61b655d6dbe5f785967218,2013-04-25,5.15
lrm_auctions:subastas_2013_363:519b323e50d1d6c268a21ca4,2013-04-25,5.1
lrm_auctions:subastas_2013_364:a8c65eba395d32e606eff015,2013-04-25,5.25
lrm_auctions:subastas_2013_365:9ff1f873cad70f007841d6fb,2013-04-25,200000.0
lrm_auctions:subastas_2013_365:9ff1f873cad70f007841d6fb,2013-05-09,500000.0
lrm_auctions:subastas_2013_365:9ff1f873cad70f007841d6fb,2013-07-11,150000.0
lrm_auctions:subastas_2013_365:9ff1f873cad70f007841d6fb,2013-09-12,40000.0
lrm_auctions:subastas_2013_365:9ff1f873cad70f007841d6fb,2013-10-10,50000.0
lrm_auctions:subastas_2013_365:9ff1f873cad70f007841d6fb,2013-12-12,100000.0
lrm_auctions:subastas_2013_366:d4cc1cdb36214c28468b77c6,2013-04-25,245000.0
lrm_auctions:subastas_2013_366:d4cc1cdb36214c28468b77c6,2013-05-09,450000.0
lrm_auctions:subastas_2013_366:d4cc1cdb36214c28468b77c6,2013-07-11,105000.0
lrm_auctions:subastas_2013_366:d4cc1cdb36214c28468b77c6,2013-09-12,50000.0
lrm_auctions:subastas_2013_366:d4cc1cdb36214c28468b77c6,2013-10-10,92000.0
lrm_auctions:subastas_2013_366:d4cc1cdb36214c28468b77c6,2013-12-12,270000.0
lrm_auctions:subastas_2013_367:513730b0cd1cc3e0f815fbea,2013-04-25,200000.0
lrm_auctions:subastas_2013_367:513730b0cd1cc3e0f815fbea,2013-05-09,440000.0
lrm_auctions:subastas_2013_367:513730b0cd1cc3e0f815fbea,2013-07-11,105000.0
lrm_auctions:subastas_2013_367:513730b0cd1cc3e0f815fbea,2013-09-12,40000.0
lrm_auctions:subastas_2013_367:513730b0cd1cc3e0f815fbea,2013-10-10,50000.0
lrm_auctions:subastas_2013_367:513730b0cd1cc3e0f815fbea,2013-12-12,100000.0
lrm_auctions:subastas_2013_368:6b5c01714ee506155b1fe3f6,2013-04-25,5.0
lrm_auctions:subastas_2013_368:6b5c01714ee506155b1fe3f6,2013-05-09,6.0
lrm_auctions:subastas_2013_368:6b5c01714ee506155b1fe3f6,2013-07-11,2.0
lrm_auctions:subastas_2013_368:6b5c01714ee506155b1fe3f6,2013-09-12,4.0
lrm_auctions:subastas_2013_368:6b5c01714ee506155b1fe3f6,2013-10-10,5.0
lrm_auctions:subastas_2013_368:6b5c01714ee506155b1fe3f6,2013-12-12,7.0
lrm_auctions:subastas_2013_369:e2be2668c3575b2f20f6c41b,2013-04-25,4.0
lrm_auctions:subastas_2013_369:e2be2668c3575b2f20f6c41b,2013-05-09,5.0
lrm_auctions:subastas_2013_369:e2be2668c3575b2f20f6c41b,2013-07-11,2.0
lrm_auctions:subastas_2013_369:e2be2668c3575b2f20f6c41b,2013-09-12,3.0
lrm_auctions:subastas_2013_369:e2be2668c3575b2f20f6c41b,2013-10-10,4.0
lrm_auctions:subastas_2013_369:e2be2668c3575b2f20f6c41b,2013-12-12,3.0
lrm_auctions:subastas_2013_36:40d028778a31bd695a83c27d,2013-01-08,83000.0
lrm_auctions:subastas_2013_370:4c6ee82fab987afd287f64c7,2013-04-25,5.493877551020408
lrm_auctions:subastas_2013_370:4c6ee82fab987afd287f64c7,2013-05-09,5.297777777777778
lrm_auctions:subastas_2013_370:4c6ee82fab987afd287f64c7,2013-07-11,5.219047619047619
lrm_auctions:subastas_2013_370:4c6ee82fab987afd287f64c7,2013-09-12,4.96
lrm_auctions:subastas_2013_370:4c6ee82fab987afd287f64c7,2013-10-10,5.2402173913043475
lrm_auctions:subastas_2013_370:4c6ee82fab987afd287f64c7,2013-12-12,5.57037037037037
lrm_auctions:subastas_2013_371:a521249d959ea7180d2956bb,2013-04-25,5.35
lrm_auctions:subastas_2013_371:a521249d959ea7180d2956bb,2013-05-09,5.2
lrm_auctions:subastas_2013_371:a521249d959ea7180d2956bb,2013-07-11,4.0
lrm_auctions:subastas_2013_371:a521249d959ea7180d2956bb,2013-09-12,4.95
lrm_auctions:subastas_2013_371:a521249d959ea7180d2956bb,2013-10-10,4.98
lrm_auctions:subastas_2013_371:a521249d959ea7180d2956bb,2013-12-12,5.5
lrm_auctions:subastas_2013_372:bf720db09a600af58693674d,2013-04-25,5.7
lrm_auctions:subastas_2013_372:bf720db09a600af58693674d,2013-05-09,5.6
lrm_auctions:subastas_2013_372:bf720db09a600af58693674d,2013-07-11,5.28
lrm_auctions:subastas_2013_372:bf720db09a600af58693674d,2013-09-12,5.05
lrm_auctions:subastas_2013_372:bf720db09a600af58693674d,2013-10-10,5.66
lrm_auctions:subastas_2013_372:bf720db09a600af58693674d,2013-12-12,6.0
lrm_auctions:subastas_2013_373:d1f66421ecf147c9c96cee79,2013-04-25,5.4625
lrm_auctions:subastas_2013_373:d1f66421ecf147c9c96cee79,2013-05-09,5.290909090909091
lrm_auctions:subastas_2013_373:d1f66421ecf147c9c96cee79,2013-07-11,5.219047619047619
lrm_auctions:subastas_2013_373:d1f66421ecf147c9c96cee79,2013-09-12,4.95
lrm_auctions:subastas_2013_373:d1f66421ecf147c9c96cee79,2013-10-10,5.022
lrm_auctions:subastas_2013_373:d1f66421ecf147c9c96cee79,2013-12-12,5.525
lrm_auctions:subastas_2013_374:07e39dcdda634d9a1a4e52ad,2013-04-25,5.35
lrm_auctions:subastas_2013_374:07e39dcdda634d9a1a4e52ad,2013-05-09,5.2
lrm_auctions:subastas_2013_374:07e39dcdda634d9a1a4e52ad,2013-07-11,4.0
lrm_auctions:subastas_2013_374:07e39dcdda634d9a1a4e52ad,2013-09-12,4.95
lrm_auctions:subastas_2013_374:07e39dcdda634d9a1a4e52ad,2013-10-10,4.98
lrm_auctions:subastas_2013_374:07e39dcdda634d9a1a4e52ad,2013-12-12,5.5
lrm_auctions:subastas_2013_375:8d17a06b79a2cc8390174bbf,2013-04-25,5.6
lrm_auctions:subastas_2013_375:8d17a06b79a2cc8390174bbf,2013-05-09,5.3
lrm_auctions:subastas_2013_375:8d17a06b79a2cc8390174bbf,2013-07-11,5.28
lrm_auctions:subastas_2013_375:8d17a06b79a2cc8390174bbf,2013-09-12,4.95
lrm_auctions:subastas_2013_375:8d17a06b79a2cc8390174bbf,2013-10-10,5.1
lrm_auctions:subastas_2013_375:8d17a06b79a2cc8390174bbf,2013-12-12,5.55
lrm_auctions:subastas_2013_376:ca33af66b266cceca7a2d7ed,2013-04-25,200000.0
lrm_auctions:subastas_2013_377:d79c82f1c7d590454f7990aa,2013-04-25,52500.0
lrm_auctions:subastas_2013_378:6904c2959839c21ea6fcd997,2013-04-25,2500.0
lrm_auctions:subastas_2013_379:927d4d17332dab9524bb4a86,2013-04-25,2.0
lrm_auctions:subastas_2013_37:1c21d726c91b9ef556b1cc1b,2013-01-08,3.0
lrm_auctions:subastas_2013_380:4b582d030eb617309e36611d,2013-04-25,1.0
lrm_auctions:subastas_2013_381:22ffb0f607996758b61f51c5,2013-04-25,6.985714285714286
lrm_auctions:subastas_2013_382:19557c3351276d5a495d8839,2013-04-25,6.7
lrm_auctions:subastas_2013_383:20c38a8103976183eaa56c50,2013-04-25,7.0
lrm_auctions:subastas_2013_384:2f0f537f523570813753f6a3,2013-04-25,6.7
lrm_auctions:subastas_2013_385:8a51031ec5399dbbc0303366,2013-04-25,6.7
lrm_auctions:subastas_2013_386:312cd3ad4fb53fdd35e4deba,2013-04-25,6.7
lrm_auctions:subastas_2013_387:1be6ce4f15294e2573de6926,2013-04-25,100000.0
lrm_auctions:subastas_2013_388:8b1326e37cc96363eeff2279,2013-04-25,2500.0
lrm_auctions:subastas_2013_389:ab104db97bbad2af3f8aa60d,2013-04-25,1.0
lrm_auctions:subastas_2013_38:3d6cadddebb8ed1d9baf13b2,2013-01-08,3.0
lrm_auctions:subastas_2013_390:8eb233dd8fe9407a0d00fed6,2013-04-25,7.1
lrm_auctions:subastas_2013_391:8fb92e629e69e30fd101bebe,2013-04-25,7.1
lrm_auctions:subastas_2013_392:279657ac75df1f8a483f0de3,2013-04-25,7.1
lrm_auctions:subastas_2013_393:d40cb3bd667b330321448bba,2013-05-02,200000.0
lrm_auctions:subastas_2013_394:d7a94d45e8d8abe2bbbfefb8,2013-05-02,435000.0
lrm_auctions:subastas_2013_395:183fed054add6816ec508a5a,2013-05-02,200000.0
lrm_auctions:subastas_2013_396:3833495dfa1ada9b9ffd20d4,2013-05-02,8.0
lrm_auctions:subastas_2013_397:56cf7b3455f7aff6918c3d02,2013-05-02,2.0
lrm_auctions:subastas_2013_398:013820cfc47db168293079da,2013-05-02,5.417241379310345
lrm_auctions:subastas_2013_399:0adab118d35eaeb52e532971,2013-05-02,5.35
lrm_auctions:subastas_2013_39:fe2900c5241819aff7e98d56,2013-01-08,8.150602409638553
lrm_auctions:subastas_2013_3:25203ffd462cb5affcb5fe1f,2013-01-08,500000.0
lrm_auctions:subastas_2013_400:a0efd2ccb4682e6c1bb8c44d,2013-05-02,5.9
lrm_auctions:subastas_2013_401:6fb75b18ec9b400c570c6786,2013-05-02,5.35
lrm_auctions:subastas_2013_402:f157103e9b30a844592b0ee3,2013-05-02,5.35
lrm_auctions:subastas_2013_403:79abb7398819c916cec293a3,2013-05-02,5.35
lrm_auctions:subastas_2013_404:db61410a384bb8f4b5337be7,2013-05-09,400000.0
lrm_auctions:subastas_2013_405:28ccbb4cb752753a9e6e71f9,2013-05-09,500000.0
lrm_auctions:subastas_2013_406:de00ca4ac11ccd73fd0e62a9,2013-05-09,400000.0
lrm_auctions:subastas_2013_407:f4970ea6828d314fe8f7fce2,2013-05-09,9.0
lrm_auctions:subastas_2013_408:0635362cff46f57c3ec0fa3f,2013-05-09,7.0
lrm_auctions:subastas_2013_409:b0b85e040747788206381e5d,2013-05-09,5.137
lrm_auctions:subastas_2013_40:214aae89c8a089526f4b2273,2013-01-08,8.0
lrm_auctions:subastas_2013_410:e90dded3cf69b3769f4eea2a,2013-05-09,5.05
lrm_auctions:subastas_2013_411:64cdb1750fbadaafbbcd0fa9,2013-05-09,5.55
lrm_auctions:subastas_2013_412:5a47c5ede85163941eb13f2f,2013-05-09,5.11375
lrm_auctions:subastas_2013_413:5f505ce84965a8e015e67e1a,2013-05-09,5.05
lrm_auctions:subastas_2013_414:43844b97c89aacbc112c1578,2013-05-09,5.15
lrm_auctions:subastas_2013_415:0a57c436b9a4985cd107a8a7,2013-05-09,300000.0
lrm_auctions:subastas_2013_415:0a57c436b9a4985cd107a8a7,2013-09-26,300000.0
lrm_auctions:subastas_2013_416:269b3c239c0e6fe82fc00102,2013-05-09,440000.0
lrm_auctions:subastas_2013_416:269b3c239c0e6fe82fc00102,2013-09-26,247000.0
lrm_auctions:subastas_2013_417:56bd4e1a74df1201897cf9ac,2013-05-09,300000.0
lrm_auctions:subastas_2013_417:56bd4e1a74df1201897cf9ac,2013-09-26,7000.0
lrm_auctions:subastas_2013_418:a6d0784365a52e2aca80d1c7,2013-05-09,5.0
lrm_auctions:subastas_2013_418:a6d0784365a52e2aca80d1c7,2013-09-26,4.0
lrm_auctions:subastas_2013_419:b60b863a43f894fd9f2bba4a,2013-05-09,4.0
lrm_auctions:subastas_2013_419:b60b863a43f894fd9f2bba4a,2013-09-26,1.0
lrm_auctions:subastas_2013_41:d5df90a57f89cc693fa5fc95,2013-01-08,8.25
lrm_auctions:subastas_2013_420:8af4dd5220ef57c660eced20,2013-05-09,5.572727272727272
lrm_auctions:subastas_2013_420:8af4dd5220ef57c660eced20,2013-09-26,5.75
lrm_auctions:subastas_2013_421:b1b5c04fd3aa648e5ab54827,2013-05-09,5.5
lrm_auctions:subastas_2013_421:b1b5c04fd3aa648e5ab54827,2013-09-26,5.45
lrm_auctions:subastas_2013_422:88011f99ad9e1f8c3f7585f8,2013-05-09,5.7
lrm_auctions:subastas_2013_422:88011f99ad9e1f8c3f7585f8,2013-09-26,6.52
lrm_auctions:subastas_2013_423:bbb8aa963deed4b17ae216a7,2013-05-09,5.535
lrm_auctions:subastas_2013_423:bbb8aa963deed4b17ae216a7,2013-09-26,5.45
lrm_auctions:subastas_2013_424:af457904e9125fb23fd60680,2013-05-09,5.5
lrm_auctions:subastas_2013_424:af457904e9125fb23fd60680,2013-09-26,5.45
lrm_auctions:subastas_2013_425:2f3dc17d85b2c7cc511a4c03,2013-05-09,5.65
lrm_auctions:subastas_2013_425:2f3dc17d85b2c7cc511a4c03,2013-09-26,5.45
lrm_auctions:subastas_2013_426:bc461947baaa8197da452a39,2013-05-16,200000.0
lrm_auctions:subastas_2013_427:766d1ff49b45a63d11aae7a0,2013-05-16,187500.0
lrm_auctions:subastas_2013_428:e243c2a7ef7e9cd079777402,2013-05-16,185000.0
lrm_auctions:subastas_2013_429:177eac96e4ea0818c418901a,2013-05-16,6.0
lrm_auctions:subastas_2013_42:f991bcd04727f4cf35485bca,2013-01-08,8.150602409638553
lrm_auctions:subastas_2013_430:4d7f79c6b4137359e82d7bc8,2013-05-16,5.0
lrm_auctions:subastas_2013_431:c4e424d2b5f15a046076b021,2013-05-16,5.085333333333334
lrm_auctions:subastas_2013_432:95c86ccccf5e5cea14c5e1fb,2013-05-16,5.05
lrm_auctions:subastas_2013_433:14138c10e9fbb81c37d68ae7,2013-05-16,5.2
lrm_auctions:subastas_2013_434:fc2eb25a10ca1e19dba3a280,2013-05-16,5.083783783783784
lrm_auctions:subastas_2013_435:45ea5292f2e4a3ce21e3feec,2013-05-16,5.05
lrm_auctions:subastas_2013_436:3e4788d938955f62694edb52,2013-05-16,5.1
lrm_auctions:subastas_2013_437:9a2827311a9e9d33ba6ff349,2013-05-16,100000.0
lrm_auctions:subastas_2013_437:9a2827311a9e9d33ba6ff349,2013-11-14,100000.0
lrm_auctions:subastas_2013_438:5beeccad37c0b7f1f2692791,2013-05-16,252500.0
lrm_auctions:subastas_2013_438:5beeccad37c0b7f1f2692791,2013-11-14,225000.0
lrm_auctions:subastas_2013_439:efcf4db332ddff7ea118d64c,2013-05-16,100000.0
lrm_auctions:subastas_2013_439:efcf4db332ddff7ea118d64c,2013-11-14,100000.0
lrm_auctions:subastas_2013_43:5750dc8823057c878a058454,2013-01-08,8.0
lrm_auctions:subastas_2013_440:bc3c70bc79470454e1623143,2013-05-16,4.0
lrm_auctions:subastas_2013_440:bc3c70bc79470454e1623143,2013-11-14,6.0
lrm_auctions:subastas_2013_441:9b641e907ff47dfb7bd2d959,2013-05-16,1.0
lrm_auctions:subastas_2013_441:9b641e907ff47dfb7bd2d959,2013-11-14,5.0
lrm_auctions:subastas_2013_442:522a9ff86f0c5f3925788c15,2013-05-16,5.29059405940594
lrm_auctions:subastas_2013_442:522a9ff86f0c5f3925788c15,2013-11-14,4.994666666666666
lrm_auctions:subastas_2013_443:f835a7565286472f6064b1eb,2013-05-16,5.25
lrm_auctions:subastas_2013_443:f835a7565286472f6064b1eb,2013-11-14,4.9
lrm_auctions:subastas_2013_444:1569b092994575e4f365fd80,2013-05-16,5.35
lrm_auctions:subastas_2013_444:1569b092994575e4f365fd80,2013-11-14,5.05
lrm_auctions:subastas_2013_445:eea99792d3080cc491e41e61,2013-05-16,5.25
lrm_auctions:subastas_2013_445:eea99792d3080cc491e41e61,2013-11-14,4.978
lrm_auctions:subastas_2013_446:ce4ce2fcd94fb6a8be5ccb97,2013-05-16,5.25
lrm_auctions:subastas_2013_446:ce4ce2fcd94fb6a8be5ccb97,2013-11-14,4.9
lrm_auctions:subastas_2013_447:66705411d4f15df9e2d9209b,2013-05-16,5.25
lrm_auctions:subastas_2013_447:66705411d4f15df9e2d9209b,2013-11-14,5.0
lrm_auctions:subastas_2013_448:b11b12cbf360c779f40e1940,2013-05-16,100000.0
lrm_auctions:subastas_2013_448:b11b12cbf360c779f40e1940,2013-11-14,200000.0
lrm_auctions:subastas_2013_449:6b7ae399bc6b981d1867146b,2013-05-16,140000.0
lrm_auctions:subastas_2013_449:6b7ae399bc6b981d1867146b,2013-11-14,85000.0
lrm_auctions:subastas_2013_44:8d7b977e80cfc27b56c7e2be,2013-01-08,8.25
lrm_auctions:subastas_2013_450:796bc87df5ac6745fe0657e0,2013-05-16,100000.0
lrm_auctions:subastas_2013_450:796bc87df5ac6745fe0657e0,2013-11-14,85000.0
lrm_auctions:subastas_2013_451:4b7a4bf872ec5a5f0c388dd5,2013-05-16,2.0
lrm_auctions:subastas_2013_451:4b7a4bf872ec5a5f0c388dd5,2013-11-14,3.0
lrm_auctions:subastas_2013_452:8656e41931eace1c5c48cfa8,2013-05-16,2.0
lrm_auctions:subastas_2013_452:8656e41931eace1c5c48cfa8,2013-11-14,3.0
lrm_auctions:subastas_2013_453:40fdc783f7eae85882415787,2013-05-16,6.782857142857143
lrm_auctions:subastas_2013_453:40fdc783f7eae85882415787,2013-11-14,6.938235294117647
lrm_auctions:subastas_2013_454:858b037e3b6841ea14f250b4,2013-05-16,6.68
lrm_auctions:subastas_2013_454:858b037e3b6841ea14f250b4,2013-11-14,6.9
lrm_auctions:subastas_2013_455:175d697c7c5d23c9ba7c6fc7,2013-05-16,6.86
lrm_auctions:subastas_2013_455:175d697c7c5d23c9ba7c6fc7,2013-11-14,7.0
lrm_auctions:subastas_2013_456:727d3f43a277b11b143d4897,2013-05-16,6.752
lrm_auctions:subastas_2013_456:727d3f43a277b11b143d4897,2013-11-14,6.938235294117647
lrm_auctions:subastas_2013_457:468ed7f0a0702b2aa192aa81,2013-05-16,6.68
lrm_auctions:subastas_2013_457:468ed7f0a0702b2aa192aa81,2013-11-14,6.9
lrm_auctions:subastas_2013_458:d4eade0cd5534d50f10b7d25,2013-05-16,6.86
lrm_auctions:subastas_2013_458:d4eade0cd5534d50f10b7d25,2013-11-14,7.0
lrm_auctions:subastas_2013_459:6291f22e12272550ddb19294,2013-05-23,100000.0
lrm_auctions:subastas_2013_459:6291f22e12272550ddb19294,2013-10-10,50000.0
lrm_auctions:subastas_2013_45:900a9a86c9899d76ac48bc52,2013-01-08,100000.0
lrm_auctions:subastas_2013_460:fc22729f3313615a9203476a,2013-05-23,159500.0
lrm_auctions:subastas_2013_460:fc22729f3313615a9203476a,2013-10-10,110000.0
lrm_auctions:subastas_2013_461:5aec5344e114c688c24f3cfd,2013-05-23,100000.0
lrm_auctions:subastas_2013_461:5aec5344e114c688c24f3cfd,2013-10-10,50000.0
lrm_auctions:subastas_2013_462:fa2f58987deec1386218e267,2013-05-23,8.0
lrm_auctions:subastas_2013_462:fa2f58987deec1386218e267,2013-10-10,5.0
lrm_auctions:subastas_2013_463:d45f7c455271a36d9f87aa52,2013-05-23,6.0
lrm_auctions:subastas_2013_463:d45f7c455271a36d9f87aa52,2013-10-10,1.0
lrm_auctions:subastas_2013_464:b09aacb562341369ce00cbcb,2013-05-23,4.99012539184953
lrm_auctions:subastas_2013_464:b09aacb562341369ce00cbcb,2013-10-10,4.757272727272727
lrm_auctions:subastas_2013_465:5dac7e8944fc9c4ab5605db6,2013-05-23,4.9
lrm_auctions:subastas_2013_465:5dac7e8944fc9c4ab5605db6,2013-10-10,4.69
lrm_auctions:subastas_2013_466:7f8c29f6df4d56cb04fd1f67,2013-05-23,5.25
lrm_auctions:subastas_2013_466:7f8c29f6df4d56cb04fd1f67,2013-10-10,5.13
lrm_auctions:subastas_2013_467:cf0cd36a472795f63988f1ad,2013-05-23,4.9755
lrm_auctions:subastas_2013_467:cf0cd36a472795f63988f1ad,2013-10-10,4.69
lrm_auctions:subastas_2013_468:8593b0fd7a59100882b72087,2013-05-23,4.9
lrm_auctions:subastas_2013_468:8593b0fd7a59100882b72087,2013-10-10,4.69
lrm_auctions:subastas_2013_469:db4d04bed7c47f4e72fbf182,2013-05-23,5.0
lrm_auctions:subastas_2013_469:db4d04bed7c47f4e72fbf182,2013-10-10,4.69
lrm_auctions:subastas_2013_46:d1a3287c8cb9dfe8457c749d,2013-01-08,35000.0
lrm_auctions:subastas_2013_470:cffeca4f3a3a51d1a33d59e9,2013-05-23,300000.0
lrm_auctions:subastas_2013_471:0ec818c1c3f51458ac9c7914,2013-05-23,170000.0
lrm_auctions:subastas_2013_472:f241cb705c81495d35ab822e,2013-05-23,170000.0
lrm_auctions:subastas_2013_473:3f8c72a0ec4eb78754308d57,2013-05-23,2.0
lrm_auctions:subastas_2013_474:0b5c02ebe8ca7a5f590073b0,2013-05-23,2.0
lrm_auctions:subastas_2013_475:74624fcaf3e29a4d46586ea7,2013-05-23,6.579411764705882
lrm_auctions:subastas_2013_476:188eba7860a66125789d7400,2013-05-23,6.57
lrm_auctions:subastas_2013_477:d542aabe9a7fa46ce5afb40c,2013-05-23,6.65
lrm_auctions:subastas_2013_478:e1c3488b53b850374f8d00fc,2013-05-23,6.579411764705882
lrm_auctions:subastas_2013_479:e07a056b4942b90fa4b72c0d,2013-05-23,6.57
lrm_auctions:subastas_2013_47:4432a277503704fababb7a34,2013-01-08,30000.0
lrm_auctions:subastas_2013_480:a5d6c7dd97022895ab7d72fc,2013-05-23,6.65
lrm_auctions:subastas_2013_481:5d2b32ed6f144c3ece58663b,2013-05-30,50000.0
lrm_auctions:subastas_2013_482:4ac8554c404b3f26f46efd57,2013-05-30,90000.0
lrm_auctions:subastas_2013_483:f2052537d63f607b453c2363,2013-05-30,50000.0
lrm_auctions:subastas_2013_484:ea0027377d38ef0c1c2eab3d,2013-05-30,3.0
lrm_auctions:subastas_2013_485:a5e7a429ea70007293d43b89,2013-05-30,1.0
lrm_auctions:subastas_2013_486:aa44e374ebacc3457ff8756e,2013-05-30,6.294444444444444
lrm_auctions:subastas_2013_487:3e8e00d30eeab45e4b6c25c9,2013-05-30,6.0
lrm_auctions:subastas_2013_488:17be44fa86a6cdc16baf7802,2013-05-30,6.7
lrm_auctions:subastas_2013_489:236405e5ff20457dc1e5e84d,2013-05-30,6.0
lrm_auctions:subastas_2013_48:5191c38108514b676d2e69a9,2013-01-08,2.0
lrm_auctions:subastas_2013_490:14a1e612420d1dbb2b144aed,2013-05-30,6.0
lrm_auctions:subastas_2013_491:0ca8700ae998782b4c96f5a4,2013-05-30,6.0
lrm_auctions:subastas_2013_492:a4b5afebce508d0cd5026aee,2013-06-06,100000.0
lrm_auctions:subastas_2013_493:ca661df55b738f80ae9de513,2013-06-06,15000.0
lrm_auctions:subastas_2013_494:61eee7057df4307592800d4d,2013-06-06,15000.0
lrm_auctions:subastas_2013_495:df77f05b227a8cd2654599d5,2013-06-06,1.0
lrm_auctions:subastas_2013_496:acb91fab9c34305f7a34c026,2013-06-06,1.0
lrm_auctions:subastas_2013_497:aa34537231dfa0d54bdc63c7,2013-06-06,6.75
lrm_auctions:subastas_2013_498:5293bb667dc1624e1218d10a,2013-06-06,6.75
lrm_auctions:subastas_2013_499:57a27960de6875577f30aefa,2013-06-06,6.75
lrm_auctions:subastas_2013_49:4497b25e7413b87e704a0e48,2013-01-08,1.0
lrm_auctions:subastas_2013_4:6c1aed65e1f65162e63884f5,2013-01-08,12.0
lrm_auctions:subastas_2013_500:5efdaa2f51b08d013983f10b,2013-06-06,6.75
lrm_auctions:subastas_2013_501:73ffe93cfb5842927c155474,2013-06-06,6.75
lrm_auctions:subastas_2013_502:67afe3df03add66f1632f791,2013-06-06,6.75
lrm_auctions:subastas_2013_503:1ad3f7cec30282d9141dede4,2013-06-06,100000.0
lrm_auctions:subastas_2013_504:f97decaa80398e388b46c4c2,2013-06-06,15000.0
lrm_auctions:subastas_2013_505:fa08d74f799fe7de25e88e0b,2013-06-06,15000.0
lrm_auctions:subastas_2013_506:8f80c8786aa24dcaa34c9159,2013-06-06,1.0
lrm_auctions:subastas_2013_507:e74f15086ef4a89a3473f800,2013-06-06,1.0
lrm_auctions:subastas_2013_508:fc91d6302e6a16d4fdd5c5c1,2013-06-06,7.0
lrm_auctions:subastas_2013_509:9cde47ed98d6bbcf7911d8e6,2013-06-06,7.0
lrm_auctions:subastas_2013_50:fc4b09147578575f47277444,2013-01-08,8.621428571428572
lrm_auctions:subastas_2013_510:735cd0636a668f10b53062f8,2013-06-06,7.0
lrm_auctions:subastas_2013_511:5cc98b72975ff4fc1f690cd1,2013-06-06,7.0
lrm_auctions:subastas_2013_512:27eaa35390086acb094139ab,2013-06-06,7.0
lrm_auctions:subastas_2013_513:9495e8c28498697d458abfec,2013-06-06,7.0
lrm_auctions:subastas_2013_514:17d141400a354531bba4a161,2013-06-17,20000.0
lrm_auctions:subastas_2013_515:dfbe2b360a08771ea7d727f9,2013-06-17,105000.0
lrm_auctions:subastas_2013_516:da3c587a5ef698b5a1434088,2013-06-17,20000.0
lrm_auctions:subastas_2013_517:f40722bcdf16baf011f5d2d3,2013-06-17,6.0
lrm_auctions:subastas_2013_518:ad8be0df48346f5c708ae883,2013-06-17,2.0
lrm_auctions:subastas_2013_519:8311d0c2b1e110fdc583abbc,2013-06-17,4.892857142857143
lrm_auctions:subastas_2013_51:e48b3623e9006bb37ac7478c,2013-01-08,8.5
lrm_auctions:subastas_2013_520:32e8a4e0dfb4963959177e39,2013-06-17,4.75
lrm_auctions:subastas_2013_521:8edc446d98b7e8e3bf79c66d,2013-06-17,5.0
lrm_auctions:subastas_2013_522:c92cd51d30348bf60a636a64,2013-06-17,4.75
lrm_auctions:subastas_2013_523:480f5d6ab93b44b73df4ad93,2013-06-17,4.75
lrm_auctions:subastas_2013_524:ae7966645ae0bd25bcf76298,2013-06-17,4.75
lrm_auctions:subastas_2013_525:afa28f6300243344334e656d,2013-06-17,20000.0
lrm_auctions:subastas_2013_526:b2c158cde67be90e9363fa50,2013-06-17,95000.0
lrm_auctions:subastas_2013_527:91b488fe440b5679279eed39,2013-06-17,20000.0
lrm_auctions:subastas_2013_528:5f25cd670bac5295b1ad59fa,2013-06-17,5.0
lrm_auctions:subastas_2013_529:7cf1b1983df87bbd83d59831,2013-06-17,5.0
lrm_auctions:subastas_2013_52:fa52a53d9f9b8fe29e1bc931,2013-01-08,9.35
lrm_auctions:subastas_2013_530:3893820c2a67c7af38092b50,2013-06-17,5.25
lrm_auctions:subastas_2013_531:ad6928e0eff34b996e06f4ff,2013-06-17,5.25
lrm_auctions:subastas_2013_532:d9f4a4d1c4bbdcda1a7d8b97,2013-06-17,5.25
lrm_auctions:subastas_2013_533:4dcbb815de956f2175ace508,2013-06-17,5.25
lrm_auctions:subastas_2013_534:742ec0a67ff68b7f7f5a8cf9,2013-06-17,5.25
lrm_auctions:subastas_2013_535:da1dc43d902d22217e3219f7,2013-06-17,5.25
lrm_auctions:subastas_2013_536:25d4a384568558b255ffa7ee,2013-06-17,20000.0
lrm_auctions:subastas_2013_537:c9cd98b0a582c66a17962db8,2013-06-17,35000.0
lrm_auctions:subastas_2013_538:d9185e85e9d6c9e40a1613cc,2013-06-17,20000.0
lrm_auctions:subastas_2013_539:ee0f01928480e70f708271dc,2013-06-17,2.0
lrm_auctions:subastas_2013_53:ec31dfb7e626e716daa74451,2013-01-08,8.5
lrm_auctions:subastas_2013_540:a61738b555eebf0419e5cd7c,2013-06-17,2.0
lrm_auctions:subastas_2013_541:fe1e0ab9671d52729ff97867,2013-06-17,5.8
lrm_auctions:subastas_2013_542:808221799f4278c5f279584f,2013-06-17,5.8
lrm_auctions:subastas_2013_543:4b78de20b0ee05715296a155,2013-06-17,5.8
lrm_auctions:subastas_2013_544:be13bb0f3465305db09abef3,2013-06-17,5.8
lrm_auctions:subastas_2013_545:94dee58c97e4ed476275020b,2013-06-17,5.8
lrm_auctions:subastas_2013_546:33becb6d464a872994a34c10,2013-06-17,5.8
lrm_auctions:subastas_2013_547:332918f9b185848eb076402e,2013-06-17,20000.0
lrm_auctions:subastas_2013_548:cd4ce8b667a77b092b39397a,2013-06-17,35000.0
lrm_auctions:subastas_2013_549:0aa858d4e327d9ac2a38d418,2013-06-17,20000.0
lrm_auctions:subastas_2013_54:a09200cb7f1ed28235e1a5a4,2013-01-08,8.5
lrm_auctions:subastas_2013_550:789a82262bbbdf64dbcc82bd,2013-06-17,2.0
lrm_auctions:subastas_2013_551:bedf68d39033bf1f1235cee5,2013-06-17,2.0
lrm_auctions:subastas_2013_552:a3b7a08fc4677f3d7dfe6297,2013-06-17,6.4
lrm_auctions:subastas_2013_553:decdb28aba9c13c3968b9010,2013-06-17,6.4
lrm_auctions:subastas_2013_554:82f78f50a7d73f2285ae34c9,2013-06-17,6.4
lrm_auctions:subastas_2013_555:f6b5b76eaf104cedd8e73d7c,2013-06-17,6.4
lrm_auctions:subastas_2013_556:e8e9c5623da0b4f98f8a609c,2013-06-17,6.4
lrm_auctions:subastas_2013_557:7cc5c8deed11ec5f372ff9b3,2013-06-17,6.4
lrm_auctions:subastas_2013_558:7093d68d4374e7eb41eed864,2013-06-17,20000.0
lrm_auctions:subastas_2013_559:0e28c09f80ed747ac26fb140,2013-06-17,35000.0
lrm_auctions:subastas_2013_55:e060ba255ec557f6615988ca,2013-01-08,8.5
lrm_auctions:subastas_2013_560:39163062e9e7745424ebe221,2013-06-17,20000.0
lrm_auctions:subastas_2013_561:8ab9200a1baa1e3e4b8ac05c,2013-06-17,2.0
lrm_auctions:subastas_2013_562:28d119303e83bc1a962e9b67,2013-06-17,2.0
lrm_auctions:subastas_2013_563:7a294e274abb0813644cccea,2013-06-17,6.75
lrm_auctions:subastas_2013_564:55083120d52eccb393dc2417,2013-06-17,6.75
lrm_auctions:subastas_2013_565:245586cb80d2c7ffd1803214,2013-06-17,6.75
lrm_auctions:subastas_2013_566:f6f9e3ec56cb88781c0fa132,2013-06-17,6.75
lrm_auctions:subastas_2013_567:19b9bb2aaa2123e639e065c2,2013-06-17,6.75
lrm_auctions:subastas_2013_568:f73de9e2f8635ff2467b86e5,2013-06-17,6.75
lrm_auctions:subastas_2013_569:e40514a0c7bcc158747cf936,2013-06-27,500000.0
lrm_auctions:subastas_2013_56:80b093253ced06ddc12b991b,2013-01-08,100000.0
lrm_auctions:subastas_2013_570:60075b84fab47e88ac2be28f,2013-06-27,819500.0
lrm_auctions:subastas_2013_571:d0b804f74fe8a0683f40b17b,2013-06-27,500000.0
lrm_auctions:subastas_2013_572:c2bc8d8bd33258e84eacbe75,2013-06-27,15.0
lrm_auctions:subastas_2013_573:e873fbf16e59366fd9849666,2013-06-27,12.0
lrm_auctions:subastas_2013_574:fd907f0708406f8911245fad,2013-06-27,5.015710799267846
lrm_auctions:subastas_2013_575:4c795adc0b7d89f9c99a252c,2013-06-27,4.7
lrm_auctions:subastas_2013_576:e727aa555e91bbb3df656f4d,2013-06-27,5.25
lrm_auctions:subastas_2013_577:869f5bbd91d9c2514fbc7b41,2013-06-27,4.89585
lrm_auctions:subastas_2013_578:709606fc7bf777fe1df80d8a,2013-06-27,4.7
lrm_auctions:subastas_2013_579:a41e71739b817932a135c9e6,2013-06-27,5.1
lrm_auctions:subastas_2013_57:4267e3442641237f292bc000,2013-01-08,5000.0
lrm_auctions:subastas_2013_580:200bac5a5818f3c1c7f12051,2013-06-27,600000.0
lrm_auctions:subastas_2013_580:200bac5a5818f3c1c7f12051,2013-07-11,200000.0
lrm_auctions:subastas_2013_580:200bac5a5818f3c1c7f12051,2013-09-12,40000.0
lrm_auctions:subastas_2013_580:200bac5a5818f3c1c7f12051,2013-09-26,200000.0
lrm_auctions:subastas_2013_580:200bac5a5818f3c1c7f12051,2013-10-10,150000.0
lrm_auctions:subastas_2013_580:200bac5a5818f3c1c7f12051,2013-11-14,150000.0
lrm_auctions:subastas_2013_580:200bac5a5818f3c1c7f12051,2013-12-12,100000.0
lrm_auctions:subastas_2013_580:200bac5a5818f3c1c7f12051,2013-12-26,300000.0
lrm_auctions:subastas_2013_581:8d3ad5132b2716a5e9b7d842,2013-06-27,766000.0
lrm_auctions:subastas_2013_581:8d3ad5132b2716a5e9b7d842,2013-07-11,410000.0
lrm_auctions:subastas_2013_581:8d3ad5132b2716a5e9b7d842,2013-09-12,128000.0
lrm_auctions:subastas_2013_581:8d3ad5132b2716a5e9b7d842,2013-09-26,145150.0
lrm_auctions:subastas_2013_581:8d3ad5132b2716a5e9b7d842,2013-10-10,275000.0
lrm_auctions:subastas_2013_581:8d3ad5132b2716a5e9b7d842,2013-11-14,258000.0
lrm_auctions:subastas_2013_581:8d3ad5132b2716a5e9b7d842,2013-12-12,230000.0
lrm_auctions:subastas_2013_581:8d3ad5132b2716a5e9b7d842,2013-12-26,535000.0
lrm_auctions:subastas_2013_582:1796f78ac619b9822b3cdf63,2013-06-27,600000.0
lrm_auctions:subastas_2013_582:1796f78ac619b9822b3cdf63,2013-07-11,200000.0
lrm_auctions:subastas_2013_582:1796f78ac619b9822b3cdf63,2013-09-12,40000.0
lrm_auctions:subastas_2013_582:1796f78ac619b9822b3cdf63,2013-09-26,125150.0
lrm_auctions:subastas_2013_582:1796f78ac619b9822b3cdf63,2013-10-10,150000.0
lrm_auctions:subastas_2013_582:1796f78ac619b9822b3cdf63,2013-11-14,150000.0
lrm_auctions:subastas_2013_582:1796f78ac619b9822b3cdf63,2013-12-26,300000.0
lrm_auctions:subastas_2013_583:e98508eba46c33c0a983ce8e,2013-06-27,10.0
lrm_auctions:subastas_2013_583:e98508eba46c33c0a983ce8e,2013-07-11,6.0
lrm_auctions:subastas_2013_583:e98508eba46c33c0a983ce8e,2013-09-12,5.0
lrm_auctions:subastas_2013_583:e98508eba46c33c0a983ce8e,2013-09-26,6.0
lrm_auctions:subastas_2013_583:e98508eba46c33c0a983ce8e,2013-10-10,5.0
lrm_auctions:subastas_2013_583:e98508eba46c33c0a983ce8e,2013-11-14,6.0
lrm_auctions:subastas_2013_583:e98508eba46c33c0a983ce8e,2013-12-12,5.0
lrm_auctions:subastas_2013_583:e98508eba46c33c0a983ce8e,2013-12-26,10.0
lrm_auctions:subastas_2013_584:50e8cd5d6a9164a387e71b58,2013-06-27,9.0
lrm_auctions:subastas_2013_584:50e8cd5d6a9164a387e71b58,2013-07-11,6.0
lrm_auctions:subastas_2013_584:50e8cd5d6a9164a387e71b58,2013-09-12,2.0
lrm_auctions:subastas_2013_584:50e8cd5d6a9164a387e71b58,2013-09-26,5.0
lrm_auctions:subastas_2013_584:50e8cd5d6a9164a387e71b58,2013-10-10,3.0
lrm_auctions:subastas_2013_584:50e8cd5d6a9164a387e71b58,2013-11-14,6.0
lrm_auctions:subastas_2013_584:50e8cd5d6a9164a387e71b58,2013-12-26,9.0
lrm_auctions:subastas_2013_585:956a873dc8d52b456ddad362,2013-06-27,5.443342036553525
lrm_auctions:subastas_2013_585:956a873dc8d52b456ddad362,2013-07-11,5.5
lrm_auctions:subastas_2013_585:956a873dc8d52b456ddad362,2013-09-12,5.277734375
lrm_auctions:subastas_2013_585:956a873dc8d52b456ddad362,2013-09-26,5.3007233895969685
lrm_auctions:subastas_2013_585:956a873dc8d52b456ddad362,2013-10-10,5.327272727272727
lrm_auctions:subastas_2013_585:956a873dc8d52b456ddad362,2013-11-14,5.247093023255814
lrm_auctions:subastas_2013_585:956a873dc8d52b456ddad362,2013-12-12,6.081521739130435
lrm_auctions:subastas_2013_585:956a873dc8d52b456ddad362,2013-12-26,5.734299065420561
lrm_auctions:subastas_2013_586:5b6eb8a66c58a781bc5e1741,2013-06-27,5.25
lrm_auctions:subastas_2013_586:5b6eb8a66c58a781bc5e1741,2013-07-11,5.5
lrm_auctions:subastas_2013_586:5b6eb8a66c58a781bc5e1741,2013-09-12,5.1
lrm_auctions:subastas_2013_586:5b6eb8a66c58a781bc5e1741,2013-09-26,5.0
lrm_auctions:subastas_2013_586:5b6eb8a66c58a781bc5e1741,2013-10-10,5.25
lrm_auctions:subastas_2013_586:5b6eb8a66c58a781bc5e1741,2013-11-14,5.24
lrm_auctions:subastas_2013_586:5b6eb8a66c58a781bc5e1741,2013-12-12,5.95
lrm_auctions:subastas_2013_586:5b6eb8a66c58a781bc5e1741,2013-12-26,5.65
lrm_auctions:subastas_2013_587:ee2c12a55786cf1f1c7f10ae,2013-06-27,5.6
lrm_auctions:subastas_2013_587:ee2c12a55786cf1f1c7f10ae,2013-07-11,5.5
lrm_auctions:subastas_2013_587:ee2c12a55786cf1f1c7f10ae,2013-09-12,5.5
lrm_auctions:subastas_2013_587:ee2c12a55786cf1f1c7f10ae,2013-09-26,6.27
lrm_auctions:subastas_2013_587:ee2c12a55786cf1f1c7f10ae,2013-10-10,5.9
lrm_auctions:subastas_2013_587:ee2c12a55786cf1f1c7f10ae,2013-11-14,5.25
lrm_auctions:subastas_2013_587:ee2c12a55786cf1f1c7f10ae,2013-12-12,6.25
lrm_auctions:subastas_2013_587:ee2c12a55786cf1f1c7f10ae,2013-12-26,5.85
lrm_auctions:subastas_2013_588:42e314b83bffe86da857c019,2013-06-27,5.426666666666667
lrm_auctions:subastas_2013_588:42e314b83bffe86da857c019,2013-07-11,5.5
lrm_auctions:subastas_2013_588:42e314b83bffe86da857c019,2013-09-12,5.220250000000001
lrm_auctions:subastas_2013_588:42e314b83bffe86da857c019,2013-09-26,5.145825009988014
lrm_auctions:subastas_2013_588:42e314b83bffe86da857c019,2013-10-10,5.25
lrm_auctions:subastas_2013_588:42e314b83bffe86da857c019,2013-11-14,5.245
lrm_auctions:subastas_2013_588:42e314b83bffe86da857c019,2013-12-26,5.718666666666667
lrm_auctions:subastas_2013_589:820ff1f83b051209517929a0,2013-06-27,5.25
lrm_auctions:subastas_2013_589:820ff1f83b051209517929a0,2013-07-11,5.5
lrm_auctions:subastas_2013_589:820ff1f83b051209517929a0,2013-09-12,5.1
lrm_auctions:subastas_2013_589:820ff1f83b051209517929a0,2013-09-26,5.0
lrm_auctions:subastas_2013_589:820ff1f83b051209517929a0,2013-10-10,5.25
lrm_auctions:subastas_2013_589:820ff1f83b051209517929a0,2013-11-14,5.24
lrm_auctions:subastas_2013_589:820ff1f83b051209517929a0,2013-12-26,5.65
lrm_auctions:subastas_2013_58:5d3adc97e0a8c00e7d995fbf,2013-01-08,1.0
lrm_auctions:subastas_2013_590:0598755dd2a01a35e335ef4f,2013-06-27,5.5
lrm_auctions:subastas_2013_590:0598755dd2a01a35e335ef4f,2013-07-11,5.5
lrm_auctions:subastas_2013_590:0598755dd2a01a35e335ef4f,2013-09-12,5.23
lrm_auctions:subastas_2013_590:0598755dd2a01a35e335ef4f,2013-09-26,5.25
lrm_auctions:subastas_2013_590:0598755dd2a01a35e335ef4f,2013-10-10,5.25
lrm_auctions:subastas_2013_590:0598755dd2a01a35e335ef4f,2013-11-14,5.25
lrm_auctions:subastas_2013_590:0598755dd2a01a35e335ef4f,2013-12-26,5.75
lrm_auctions:subastas_2013_591:e44c1e3c52f41f63ed5605bd,2013-06-27,600000.0
lrm_auctions:subastas_2013_591:e44c1e3c52f41f63ed5605bd,2013-07-11,200000.0
lrm_auctions:subastas_2013_591:e44c1e3c52f41f63ed5605bd,2013-09-12,50000.0
lrm_auctions:subastas_2013_591:e44c1e3c52f41f63ed5605bd,2013-09-26,300000.0
lrm_auctions:subastas_2013_591:e44c1e3c52f41f63ed5605bd,2013-10-10,80000.0
lrm_auctions:subastas_2013_591:e44c1e3c52f41f63ed5605bd,2013-12-26,350000.0
lrm_auctions:subastas_2013_592:aaf6eb65b92a1b566a413296,2013-06-27,357500.0
lrm_auctions:subastas_2013_592:aaf6eb65b92a1b566a413296,2013-07-11,80000.0
lrm_auctions:subastas_2013_592:aaf6eb65b92a1b566a413296,2013-09-12,150000.0
lrm_auctions:subastas_2013_592:aaf6eb65b92a1b566a413296,2013-09-26,307000.0
lrm_auctions:subastas_2013_592:aaf6eb65b92a1b566a413296,2013-10-10,145000.0
lrm_auctions:subastas_2013_592:aaf6eb65b92a1b566a413296,2013-12-26,330000.0
lrm_auctions:subastas_2013_593:640b4b056ff21faadf718dca,2013-06-27,357500.0
lrm_auctions:subastas_2013_593:640b4b056ff21faadf718dca,2013-07-11,80000.0
lrm_auctions:subastas_2013_593:640b4b056ff21faadf718dca,2013-09-12,50000.0
lrm_auctions:subastas_2013_593:640b4b056ff21faadf718dca,2013-09-26,277000.0
lrm_auctions:subastas_2013_593:640b4b056ff21faadf718dca,2013-10-10,80000.0
lrm_auctions:subastas_2013_593:640b4b056ff21faadf718dca,2013-12-26,230000.0
lrm_auctions:subastas_2013_594:0bee62c66184fd637967f5a2,2013-06-27,5.0
lrm_auctions:subastas_2013_594:0bee62c66184fd637967f5a2,2013-07-11,2.0
lrm_auctions:subastas_2013_594:0bee62c66184fd637967f5a2,2013-09-12,3.0
lrm_auctions:subastas_2013_594:0bee62c66184fd637967f5a2,2013-09-26,5.0
lrm_auctions:subastas_2013_594:0bee62c66184fd637967f5a2,2013-10-10,3.0
lrm_auctions:subastas_2013_594:0bee62c66184fd637967f5a2,2013-12-26,4.0
lrm_auctions:subastas_2013_595:eadb3b0d05243d2c6900fcbc,2013-06-27,5.0
lrm_auctions:subastas_2013_595:eadb3b0d05243d2c6900fcbc,2013-07-11,2.0
lrm_auctions:subastas_2013_595:eadb3b0d05243d2c6900fcbc,2013-09-12,1.0
lrm_auctions:subastas_2013_595:eadb3b0d05243d2c6900fcbc,2013-09-26,4.0
lrm_auctions:subastas_2013_595:eadb3b0d05243d2c6900fcbc,2013-10-10,2.0
lrm_auctions:subastas_2013_595:eadb3b0d05243d2c6900fcbc,2013-12-26,3.0
lrm_auctions:subastas_2013_596:5d71f900d8bbc611ba4983ea,2013-06-27,5.782937062937063
lrm_auctions:subastas_2013_596:5d71f900d8bbc611ba4983ea,2013-07-11,5.753125
lrm_auctions:subastas_2013_596:5d71f900d8bbc611ba4983ea,2013-09-12,5.6866666666666665
lrm_auctions:subastas_2013_596:5d71f900d8bbc611ba4983ea,2013-09-26,5.694625407166124
lrm_auctions:subastas_2013_596:5d71f900d8bbc611ba4983ea,2013-10-10,5.882413793103448
lrm_auctions:subastas_2013_596:5d71f900d8bbc611ba4983ea,2013-12-26,6.344848484848485
lrm_auctions:subastas_2013_597:88e9ff84b8c642a4a38c010b,2013-06-27,5.7
lrm_auctions:subastas_2013_597:88e9ff84b8c642a4a38c010b,2013-07-11,5.75
lrm_auctions:subastas_2013_597:88e9ff84b8c642a4a38c010b,2013-09-12,5.6
lrm_auctions:subastas_2013_597:88e9ff84b8c642a4a38c010b,2013-09-26,5.5
lrm_auctions:subastas_2013_597:88e9ff84b8c642a4a38c010b,2013-10-10,5.65
lrm_auctions:subastas_2013_597:88e9ff84b8c642a4a38c010b,2013-12-26,6.17
lrm_auctions:subastas_2013_598:09849ee67600e0d554d7ce86,2013-06-27,5.8
lrm_auctions:subastas_2013_598:09849ee67600e0d554d7ce86,2013-07-11,5.8
lrm_auctions:subastas_2013_598:09849ee67600e0d554d7ce86,2013-09-12,5.73
lrm_auctions:subastas_2013_598:09849ee67600e0d554d7ce86,2013-09-26,6.7
lrm_auctions:subastas_2013_598:09849ee67600e0d554d7ce86,2013-10-10,6.39
lrm_auctions:subastas_2013_598:09849ee67600e0d554d7ce86,2013-12-26,6.6
lrm_auctions:subastas_2013_599:cc6093da5c5584f1d7a6a7e9,2013-06-27,5.782937062937063
lrm_auctions:subastas_2013_599:cc6093da5c5584f1d7a6a7e9,2013-07-11,5.753125
lrm_auctions:subastas_2013_599:cc6093da5c5584f1d7a6a7e9,2013-09-12,5.6
lrm_auctions:subastas_2013_599:cc6093da5c5584f1d7a6a7e9,2013-09-26,5.585740072202166
lrm_auctions:subastas_2013_599:cc6093da5c5584f1d7a6a7e9,2013-10-10,5.69875
lrm_auctions:subastas_2013_599:cc6093da5c5584f1d7a6a7e9,2013-12-26,6.233913043478261
lrm_auctions:subastas_2013_59:3a5548688bb411ea9441ea3c,2013-01-08,9.75
lrm_auctions:subastas_2013_5:84f9be69acb39e7b4989f883,2013-01-08,9.0
lrm_auctions:subastas_2013_600:bf87f06f467e10f55b30080e,2013-06-27,5.7
lrm_auctions:subastas_2013_600:bf87f06f467e10f55b30080e,2013-07-11,5.75
lrm_auctions:subastas_2013_600:bf87f06f467e10f55b30080e,2013-09-12,5.6
lrm_auctions:subastas_2013_600:bf87f06f467e10f55b30080e,2013-09-26,5.5
lrm_auctions:subastas_2013_600:bf87f06f467e10f55b30080e,2013-10-10,5.65
lrm_auctions:subastas_2013_600:bf87f06f467e10f55b30080e,2013-12-26,6.17
lrm_auctions:subastas_2013_601:17425580ef717811a7ed1c29,2013-06-27,5.8
lrm_auctions:subastas_2013_601:17425580ef717811a7ed1c29,2013-07-11,5.8
lrm_auctions:subastas_2013_601:17425580ef717811a7ed1c29,2013-09-12,5.6
lrm_auctions:subastas_2013_601:17425580ef717811a7ed1c29,2013-09-26,5.75
lrm_auctions:subastas_2013_601:17425580ef717811a7ed1c29,2013-10-10,5.78
lrm_auctions:subastas_2013_601:17425580ef717811a7ed1c29,2013-12-26,6.26
lrm_auctions:subastas_2013_602:96b57a0b58ce5da0c47a72c3,2013-06-27,400000.0
lrm_auctions:subastas_2013_603:5123a8ce0221360add521aa4,2013-06-27,220000.0
lrm_auctions:subastas_2013_604:676fa2bc38194c237e50a1d3,2013-06-27,220000.0
lrm_auctions:subastas_2013_605:77a07c10ed716e6e3df03bde,2013-06-27,2.0
lrm_auctions:subastas_2013_606:82d5456fcfacca6a65904668,2013-06-27,2.0
lrm_auctions:subastas_2013_607:f710a3260ade0e8d91c4d670,2013-06-27,6.4
lrm_auctions:subastas_2013_608:ee6c480fecb01280920e74dc,2013-06-27,6.4
lrm_auctions:subastas_2013_609:1b658cd53f4ccb2953e08357,2013-06-27,6.4
lrm_auctions:subastas_2013_60:e5c2f3e0019deb8ebee51441,2013-01-08,9.75
lrm_auctions:subastas_2013_610:1f591d77de60537b2b2c0ba1,2013-06-27,6.4
lrm_auctions:subastas_2013_611:2f095d16def72d0744319daa,2013-06-27,6.4
lrm_auctions:subastas_2013_612:abe857166495d89c762a4afa,2013-06-27,6.4
lrm_auctions:subastas_2013_613:3c684c164201d9a3f39a6fc8,2013-06-27,200000.0
lrm_auctions:subastas_2013_613:3c684c164201d9a3f39a6fc8,2013-09-26,300000.0
lrm_auctions:subastas_2013_613:3c684c164201d9a3f39a6fc8,2013-12-26,400000.0
lrm_auctions:subastas_2013_614:58d25f2d4b7cc400aeb30c64,2013-06-27,100000.0
lrm_auctions:subastas_2013_614:58d25f2d4b7cc400aeb30c64,2013-09-26,410000.0
lrm_auctions:subastas_2013_614:58d25f2d4b7cc400aeb30c64,2013-12-26,254350.0
lrm_auctions:subastas_2013_615:bb79738bc541d407c321f056,2013-06-27,100000.0
lrm_auctions:subastas_2013_615:bb79738bc541d407c321f056,2013-09-26,300000.0
lrm_auctions:subastas_2013_615:bb79738bc541d407c321f056,2013-12-26,204350.0
lrm_auctions:subastas_2013_616:86cf914be106c1ef4c652627,2013-06-27,1.0
lrm_auctions:subastas_2013_616:86cf914be106c1ef4c652627,2013-09-26,4.0
lrm_auctions:subastas_2013_616:86cf914be106c1ef4c652627,2013-12-26,6.0
lrm_auctions:subastas_2013_617:66ee0fb711ef0cdccd87f353,2013-06-27,1.0
lrm_auctions:subastas_2013_617:66ee0fb711ef0cdccd87f353,2013-09-26,4.0
lrm_auctions:subastas_2013_617:66ee0fb711ef0cdccd87f353,2013-12-26,6.0
lrm_auctions:subastas_2013_618:b4b5e2722f88ce742b672651,2013-06-27,6.75
lrm_auctions:subastas_2013_618:b4b5e2722f88ce742b672651,2013-09-26,6.75
lrm_auctions:subastas_2013_618:b4b5e2722f88ce742b672651,2013-12-26,7.152643994495773
lrm_auctions:subastas_2013_619:5b52d906236d2d89df7e4f26,2013-06-27,6.75
lrm_auctions:subastas_2013_619:5b52d906236d2d89df7e4f26,2013-09-26,6.75
lrm_auctions:subastas_2013_619:5b52d906236d2d89df7e4f26,2013-12-26,6.5
lrm_auctions:subastas_2013_61:43df90904f042a2671eefd2c,2013-01-08,9.75
lrm_auctions:subastas_2013_620:b2c88d501014eb0123d6c0ed,2013-06-27,6.75
lrm_auctions:subastas_2013_620:b2c88d501014eb0123d6c0ed,2013-09-26,6.75
lrm_auctions:subastas_2013_620:b2c88d501014eb0123d6c0ed,2013-12-26,7.3
lrm_auctions:subastas_2013_621:e182cba0234af1e753eb02fd,2013-06-27,6.75
lrm_auctions:subastas_2013_621:e182cba0234af1e753eb02fd,2013-09-26,6.75
lrm_auctions:subastas_2013_621:e182cba0234af1e753eb02fd,2013-12-26,7.116589185221434
lrm_auctions:subastas_2013_622:57e63b12970a0708ed266b9b,2013-06-27,6.75
lrm_auctions:subastas_2013_622:57e63b12970a0708ed266b9b,2013-09-26,6.75
lrm_auctions:subastas_2013_622:57e63b12970a0708ed266b9b,2013-12-26,6.5
lrm_auctions:subastas_2013_623:9762b95e07549b447d3c4e96,2013-06-27,6.75
lrm_auctions:subastas_2013_623:9762b95e07549b447d3c4e96,2013-09-26,6.75
lrm_auctions:subastas_2013_623:9762b95e07549b447d3c4e96,2013-12-26,7.25
lrm_auctions:subastas_2013_624:a91e908e9ae617b1125ad6fd,2013-06-27,100000.0
lrm_auctions:subastas_2013_625:4bf6da531b85de74e05a06a8,2013-06-27,100000.0
lrm_auctions:subastas_2013_625:4bf6da531b85de74e05a06a8,2013-09-26,200000.0
lrm_auctions:subastas_2013_625:4bf6da531b85de74e05a06a8,2013-12-26,400000.0
lrm_auctions:subastas_2013_626:ee0d4c3a94f7908ff04d5f39,2013-06-27,65000.0
lrm_auctions:subastas_2013_626:ee0d4c3a94f7908ff04d5f39,2013-09-26,150000.0
lrm_auctions:subastas_2013_627:57b628dd262c8254a68a400f,2013-06-27,1.0
lrm_auctions:subastas_2013_627:57b628dd262c8254a68a400f,2013-09-26,1.0
lrm_auctions:subastas_2013_628:492f3999a838cd04f14590a4,2013-06-27,7.25
lrm_auctions:subastas_2013_628:492f3999a838cd04f14590a4,2013-09-26,7.0
lrm_auctions:subastas_2013_629:0a1131f4a687bbd9d1b5e92b,2013-06-27,7.25
lrm_auctions:subastas_2013_629:0a1131f4a687bbd9d1b5e92b,2013-09-26,7.0
lrm_auctions:subastas_2013_62:7e57bb23417fb9f9d4f4f500,2013-01-08,250000.0
lrm_auctions:subastas_2013_630:d39b6838f8819b2de0ec3672,2013-06-27,7.25
lrm_auctions:subastas_2013_630:d39b6838f8819b2de0ec3672,2013-09-26,7.0
lrm_auctions:subastas_2013_631:ad2e27a84a8792c6008c5e1b,2013-07-01,200000.0
lrm_auctions:subastas_2013_632:15f7c61f9b25ba596781755b,2013-07-01,75000.0
lrm_auctions:subastas_2013_633:b83874c87dc198ea3ba14a2b,2013-07-01,75000.0
lrm_auctions:subastas_2013_634:8770fdf7ba6d55456b2e698a,2013-07-01,1.0
lrm_auctions:subastas_2013_635:366d96087cb1ae3a0af16200,2013-07-01,1.0
lrm_auctions:subastas_2013_636:d50040d00265f67e3f5e4ea8,2013-07-01,6.4
lrm_auctions:subastas_2013_637:b866d5b0509e2137ebc2f225,2013-07-01,6.4
lrm_auctions:subastas_2013_638:35bcf13d8279487b0942505a,2013-07-01,6.4
lrm_auctions:subastas_2013_639:771a0c5dc11f281b960e28f5,2013-07-01,6.4
lrm_auctions:subastas_2013_63:94b134543876a7189fce3042,2013-01-08,235000.0
lrm_auctions:subastas_2013_640:94deabef0edf9ab7e24539ff,2013-07-01,6.4
lrm_auctions:subastas_2013_641:6c08ee4cfd5d3f325cd83c43,2013-07-01,6.4
lrm_auctions:subastas_2013_642:9daab6bcf875e54341b9d1c9,2013-07-01,200000.0
lrm_auctions:subastas_2013_643:c5c1945ec841b5449aa20353,2013-07-01,145000.0
lrm_auctions:subastas_2013_644:b6090d9b6d73abf3067cc00d,2013-07-01,125000.0
lrm_auctions:subastas_2013_645:bd7e1d792fbc3b8314547f24,2013-07-01,3.0
lrm_auctions:subastas_2013_646:404bb0f44875a8831b16e424,2013-07-01,2.0
lrm_auctions:subastas_2013_647:d931376bec871c34ef940e3a,2013-07-01,6.756896551724138
lrm_auctions:subastas_2013_648:872c38b5edbe1a0e8cfe7514,2013-07-01,6.75
lrm_auctions:subastas_2013_649:6732075a2e6d75b9ac7c6c9e,2013-07-01,6.8
lrm_auctions:subastas_2013_64:9e26bd32164b73bfca8037f4,2013-01-08,115000.0
lrm_auctions:subastas_2013_650:b55473d99652eb41ab5f0952,2013-07-01,6.75
lrm_auctions:subastas_2013_651:aee06927bbd044f9bfb8cd0d,2013-07-01,6.75
lrm_auctions:subastas_2013_652:94bdbf9e6e212854bd6a8246,2013-07-01,6.75
lrm_auctions:subastas_2013_653:8933d07b0bd216a9bd427177,2013-07-01,200000.0
lrm_auctions:subastas_2013_654:3f78683c73bf08b537021651,2013-07-01,15000.0
lrm_auctions:subastas_2013_655:4a0b5c98cfcda54055172faa,2013-07-01,2.0
lrm_auctions:subastas_2013_656:ae1e5bc716f3e23085e357d4,2013-07-01,7.033333333333333
lrm_auctions:subastas_2013_657:26316c539b60ff7c12aa8b87,2013-07-01,7.0
lrm_auctions:subastas_2013_658:f88640da0116350bdeebf968,2013-07-01,7.1
lrm_auctions:subastas_2013_659:a0b5c77a362a75ed9fb24288,2013-07-01,100000.0
lrm_auctions:subastas_2013_65:ea39c2ba06ddcc3f368870e5,2013-01-08,6.0
lrm_auctions:subastas_2013_660:22ac808caba7c7645975b573,2013-07-01,65000.0
lrm_auctions:subastas_2013_661:690b6314183b633d27495d97,2013-07-01,65000.0
lrm_auctions:subastas_2013_662:e968fe8c0b5e530afb28de9d,2013-07-01,1.0
lrm_auctions:subastas_2013_663:fa9f4cec54cbc5f6245cfefc,2013-07-01,1.0
lrm_auctions:subastas_2013_664:76530187bca8c76df1b526a0,2013-07-01,7.0
lrm_auctions:subastas_2013_665:04c521d006cf18b84984e02a,2013-07-01,7.0
lrm_auctions:subastas_2013_666:293194285ea0d4a7c7962c18,2013-07-01,7.0
lrm_auctions:subastas_2013_667:983263d571011d94a4ee814d,2013-07-01,7.0
lrm_auctions:subastas_2013_668:6a294265d5b7eaae558e9736,2013-07-01,7.0
lrm_auctions:subastas_2013_669:c047c980ef87f74e1f932b0e,2013-07-01,7.0
lrm_auctions:subastas_2013_66:c5568924c2f79ee25a686b21,2013-01-08,3.0
lrm_auctions:subastas_2013_670:da9b7e0d43a1dd51a33b3625,2013-07-11,100000.0
lrm_auctions:subastas_2013_671:826ca94f6dd235861faa0aea,2013-07-11,113000.0
lrm_auctions:subastas_2013_672:7e413426ac356ae65e872583,2013-07-11,100000.0
lrm_auctions:subastas_2013_673:40fdb06b87e63632a4feb9d9,2013-07-11,3.0
lrm_auctions:subastas_2013_674:9223d6e0cf8eb24ffccdedf2,2013-07-11,3.0
lrm_auctions:subastas_2013_675:774df8b9e331338c75c8e805,2013-07-11,5.074336283185841
lrm_auctions:subastas_2013_676:3ccbf2c380128661c3081907,2013-07-11,4.8
lrm_auctions:subastas_2013_677:06dfe0d347931f97ea0c7945,2013-07-11,5.1
lrm_auctions:subastas_2013_678:d8bca8f36b17cad2ff29c360,2013-07-11,5.071
lrm_auctions:subastas_2013_679:7f1fe29879a5474714d987c5,2013-07-11,4.8
lrm_auctions:subastas_2013_67:aa90eba5650f270b3d3234c2,2013-01-08,6.614893617021276
lrm_auctions:subastas_2013_680:598e8312a980d94bdfc80eff,2013-07-11,5.1
lrm_auctions:subastas_2013_681:9af4c4a40b75b578e2853dc0,2013-07-11,100000.0
lrm_auctions:subastas_2013_681:9af4c4a40b75b578e2853dc0,2013-10-10,80000.0
lrm_auctions:subastas_2013_682:06678783c443b5d8fef55ccc,2013-07-11,100000.0
lrm_auctions:subastas_2013_682:06678783c443b5d8fef55ccc,2013-10-10,150000.0
lrm_auctions:subastas_2013_683:6a82d59ba884d34b881de131,2013-07-11,100000.0
lrm_auctions:subastas_2013_683:6a82d59ba884d34b881de131,2013-10-10,80000.0
lrm_auctions:subastas_2013_684:9d102be73cae541b834a0968,2013-07-11,1.0
lrm_auctions:subastas_2013_684:9d102be73cae541b834a0968,2013-10-10,3.0
lrm_auctions:subastas_2013_685:28c192b99a7f4e3354b84225,2013-07-11,1.0
lrm_auctions:subastas_2013_685:28c192b99a7f4e3354b84225,2013-10-10,2.0
lrm_auctions:subastas_2013_686:ee2b0f64cfb3100baf19d808,2013-07-11,6.75
lrm_auctions:subastas_2013_686:ee2b0f64cfb3100baf19d808,2013-10-10,6.7763333333333335
lrm_auctions:subastas_2013_687:bf2c1462897081933e6e852c,2013-07-11,6.75
lrm_auctions:subastas_2013_687:bf2c1462897081933e6e852c,2013-10-10,6.74
lrm_auctions:subastas_2013_688:5a155b2bfe0e42dbbbcf49d5,2013-07-11,6.75
lrm_auctions:subastas_2013_688:5a155b2bfe0e42dbbbcf49d5,2013-10-10,7.69
lrm_auctions:subastas_2013_689:e8f3a0933c5d7dc1e3e6a4fb,2013-07-11,6.75
lrm_auctions:subastas_2013_689:e8f3a0933c5d7dc1e3e6a4fb,2013-10-10,6.740625
lrm_auctions:subastas_2013_68:77c9e3058439c446744f6bda,2013-01-08,6.5
lrm_auctions:subastas_2013_690:c74b2786669fa9db5370340e,2013-07-11,6.75
lrm_auctions:subastas_2013_690:c74b2786669fa9db5370340e,2013-10-10,6.74
lrm_auctions:subastas_2013_691:4194eaaf36829ddb1aea1811,2013-07-11,6.75
lrm_auctions:subastas_2013_691:4194eaaf36829ddb1aea1811,2013-10-10,6.75
lrm_auctions:subastas_2013_692:41f67c318bd76fb6a5c7186b,2013-07-11,50000.0
lrm_auctions:subastas_2013_693:0c956e9f8a19fff4a79c1865,2013-07-11,100000.0
lrm_auctions:subastas_2013_694:c1532c231aabf55944237065,2013-07-11,50000.0
lrm_auctions:subastas_2013_695:e22b5050deb2367d96514902,2013-07-11,1.0
lrm_auctions:subastas_2013_696:34b20a1a9dc4751d79ab8f66,2013-07-11,1.0
lrm_auctions:subastas_2013_697:5ef975e8b5b7773656d10e28,2013-07-11,6.99
lrm_auctions:subastas_2013_698:81b3d2cf1519f9318272fde9,2013-07-11,6.99
lrm_auctions:subastas_2013_699:af0d2e664a2cec929ccf8e17,2013-07-11,6.99
lrm_auctions:subastas_2013_69:196eccd9b82988cb96b8a4c7,2013-01-08,6.75
lrm_auctions:subastas_2013_6:2230533aac762b69e71e6333,2013-01-08,6.387762237762238
lrm_auctions:subastas_2013_700:fbc839115db9b8135b8561b6,2013-07-11,6.99
lrm_auctions:subastas_2013_701:65a8e9d238d1e3e08a3a085f,2013-07-11,6.99
lrm_auctions:subastas_2013_702:817f6936c845a6e31f586d8a,2013-07-11,6.99
lrm_auctions:subastas_2013_703:1768948821c500fb1ea94445,2013-07-12,150000.0
lrm_auctions:subastas_2013_703:1768948821c500fb1ea94445,2013-08-16,200000.0
lrm_auctions:subastas_2013_704:084a6950075af373763524af,2013-07-12,100000.0
lrm_auctions:subastas_2013_705:ee329e434c459d2ea35a16a3,2013-07-12,80000.0
lrm_auctions:subastas_2013_706:b27b2533fa5b0e4a46cc09da,2013-07-12,80000.0
lrm_auctions:subastas_2013_707:39f35d127ee1ed936ece9b39,2013-07-12,1.0
lrm_auctions:subastas_2013_708:e5d249f3f8056cba8687dcb5,2013-07-12,1.0
lrm_auctions:subastas_2013_709:6e9a059e62d799b99357e986,2013-07-12,6.74
lrm_auctions:subastas_2013_70:e6ee6581bcaa91ae2eae7eee,2013-01-08,6.5
lrm_auctions:subastas_2013_710:349b42c9824c85410d56db60,2013-07-12,6.74
lrm_auctions:subastas_2013_711:ae1e6c46aa092ecf6fc69f28,2013-07-12,6.74
lrm_auctions:subastas_2013_712:68d9f98900baf7a84fc62f77,2013-07-12,6.74
lrm_auctions:subastas_2013_713:0584d9fe0b42fa526395a977,2013-07-12,6.74
lrm_auctions:subastas_2013_714:a8e9505443008be135f03bbf,2013-07-12,6.74
lrm_auctions:subastas_2013_715:3c4714cba0ce4d471a3ea27f,2013-07-12,50000.0
lrm_auctions:subastas_2013_716:a97dc95c8d10e8bd76713151,2013-07-12,50000.0
lrm_auctions:subastas_2013_717:1df827c4a3fa110800da6bcc,2013-07-12,50000.0
lrm_auctions:subastas_2013_718:6de3d9779274507f9233d577,2013-07-12,1.0
lrm_auctions:subastas_2013_719:3986e6174d8ee082c5b90c07,2013-07-12,1.0
lrm_auctions:subastas_2013_71:ce3c5b4402932e0e6312ae72,2013-01-08,6.5
lrm_auctions:subastas_2013_720:b78c04df68ab5e8b02f2ef31,2013-07-12,6.99
lrm_auctions:subastas_2013_721:eb91b44819b9550eaca881c3,2013-07-12,6.99
lrm_auctions:subastas_2013_722:2ee9c804678ebacb204058d8,2013-07-12,6.99
lrm_auctions:subastas_2013_723:1186acef84e2e51184e6807f,2013-07-12,6.99
lrm_auctions:subastas_2013_724:41ee894b5ad2078966186013,2013-07-12,6.99
lrm_auctions:subastas_2013_725:3bcdb2f7d62417848c134676,2013-07-12,6.99
lrm_auctions:subastas_2013_726:8a8f39c64d9552658b473dc3,2013-08-16,50000.0
lrm_auctions:subastas_2013_727:ec4619c2676f318010409077,2013-08-16,203000.0
lrm_auctions:subastas_2013_728:3d6b54d18e2c428a01ee2635,2013-08-16,50000.0
lrm_auctions:subastas_2013_729:73c11e41b9225164fcc393ed,2013-08-16,7.0
lrm_auctions:subastas_2013_72:5956b9e38bd4c102602a8b80,2013-01-08,6.5
lrm_auctions:subastas_2013_730:fa644206f2978e7479e6d7be,2013-08-16,2.0
lrm_auctions:subastas_2013_731:409e06f0ae06de8556b019c9,2013-08-16,4.811379310344828
lrm_auctions:subastas_2013_732:a65c9f4ad122f4d3701a65b8,2013-08-16,4.7
lrm_auctions:subastas_2013_733:1915d82afdfe7d1aaa49f83c,2013-08-16,4.95
lrm_auctions:subastas_2013_734:8a35353083e3e4d7ff2173b9,2013-08-16,4.7
lrm_auctions:subastas_2013_735:91e1d3736b1b953aeffd46c6,2013-08-16,4.7
lrm_auctions:subastas_2013_736:1b2bb2c7e3f9352528d3d9f6,2013-08-16,4.7
lrm_auctions:subastas_2013_737:7940710e641c577dd0f0dbe5,2013-08-16,200000.0
lrm_auctions:subastas_2013_738:9ab7383ea6b92b035fd0ace9,2013-08-16,200000.0
lrm_auctions:subastas_2013_739:f85514c59fe1c1df6da0f546,2013-08-16,48000.0
lrm_auctions:subastas_2013_73:9fa6a357c2fd2feaf49150bf,2013-01-08,100000.0
lrm_auctions:subastas_2013_740:f10ad9bd87db2e3bdc46458c,2013-08-16,48000.0
lrm_auctions:subastas_2013_741:e1e7f2029e557e30993e9704,2013-08-16,2.0
lrm_auctions:subastas_2013_742:f411be797f8c80a3a40b9677,2013-08-16,2.0
lrm_auctions:subastas_2013_743:9f53e7d3098a8c920cc7e196,2013-08-16,6.797291666666666
lrm_auctions:subastas_2013_744:ea8a64276beb7323abb12a51,2013-08-16,6.74
lrm_auctions:subastas_2013_745:3eecf9a51a612804ef87de27,2013-08-16,6.85
lrm_auctions:subastas_2013_746:9444ac12ec0b7b35cd9d3338,2013-08-16,6.797291666666666
lrm_auctions:subastas_2013_747:1fcdf8d6ad8f4bb16f9ab9da,2013-08-16,6.74
lrm_auctions:subastas_2013_748:266d2518e42843fe30d9c491,2013-08-16,6.85
lrm_auctions:subastas_2013_749:056ae7cc861b520c5922e07f,2013-09-12,50000.0
lrm_auctions:subastas_2013_749:056ae7cc861b520c5922e07f,2013-12-12,50000.0
lrm_auctions:subastas_2013_74:615e7f7c2004c6b672b2a92f,2013-01-08,15000.0
lrm_auctions:subastas_2013_750:057ba84d99d6ed9f4fd5b9ba,2013-09-12,30000.0
lrm_auctions:subastas_2013_750:057ba84d99d6ed9f4fd5b9ba,2013-12-12,35000.0
lrm_auctions:subastas_2013_751:894c909b92295b10f38f4c01,2013-09-12,30000.0
lrm_auctions:subastas_2013_752:adda23cd72090826ece40739,2013-09-12,2.0
lrm_auctions:subastas_2013_752:adda23cd72090826ece40739,2013-12-12,2.0
lrm_auctions:subastas_2013_753:0ca61b256e0cfafa4bd40fe6,2013-09-12,2.0
lrm_auctions:subastas_2013_754:5beae14ea8fe799e05e5bd5b,2013-09-12,6.75
lrm_auctions:subastas_2013_754:5beae14ea8fe799e05e5bd5b,2013-12-12,7.5
lrm_auctions:subastas_2013_755:56101e40b8c6dc567364b696,2013-09-12,6.75
lrm_auctions:subastas_2013_755:56101e40b8c6dc567364b696,2013-12-12,7.5
lrm_auctions:subastas_2013_756:6261b3b48c0c3f64b6264fc1,2013-09-12,6.75
lrm_auctions:subastas_2013_756:6261b3b48c0c3f64b6264fc1,2013-12-12,7.5
lrm_auctions:subastas_2013_757:171fc57945906deccac43807,2013-09-12,6.75
lrm_auctions:subastas_2013_758:cd5fe4986452e58dee20168c,2013-09-12,6.75
lrm_auctions:subastas_2013_759:677761521040601d52ad8656,2013-09-12,6.75
lrm_auctions:subastas_2013_75:41e23a6afa62aa1282d6804b,2013-01-08,1.0
lrm_auctions:subastas_2013_760:c34d01d6d2430bbb95eb11a1,2013-09-26,150000.0
lrm_auctions:subastas_2013_760:c34d01d6d2430bbb95eb11a1,2013-12-26,250000.0
lrm_auctions:subastas_2013_761:e62d93f06f3f9b4e907ff7ad,2013-09-26,337000.0
lrm_auctions:subastas_2013_761:e62d93f06f3f9b4e907ff7ad,2013-12-26,753000.0
lrm_auctions:subastas_2013_762:63830898e6c2b0fd9796bafa,2013-09-26,150000.0
lrm_auctions:subastas_2013_762:63830898e6c2b0fd9796bafa,2013-12-26,250000.0
lrm_auctions:subastas_2013_763:0f6e9ce56292e33e29524b68,2013-09-26,8.0
lrm_auctions:subastas_2013_763:0f6e9ce56292e33e29524b68,2013-12-26,12.0
lrm_auctions:subastas_2013_764:8cddf2369b5f941ff7dac249,2013-09-26,2.0
lrm_auctions:subastas_2013_764:8cddf2369b5f941ff7dac249,2013-12-26,1.0
lrm_auctions:subastas_2013_765:cd9962bed25254826db0de8b,2013-09-26,4.893471810089021
lrm_auctions:subastas_2013_765:cd9962bed25254826db0de8b,2013-12-26,5.271235059760956
lrm_auctions:subastas_2013_766:72d1e363dc6191ae1804c278,2013-09-26,4.85
lrm_auctions:subastas_2013_766:72d1e363dc6191ae1804c278,2013-12-26,5.14
lrm_auctions:subastas_2013_767:6bd615a06e41136f83076d28,2013-09-26,5.69
lrm_auctions:subastas_2013_767:6bd615a06e41136f83076d28,2013-12-26,5.5
lrm_auctions:subastas_2013_768:4b9e42bbeac12ef3f153cdc3,2013-09-26,4.85
lrm_auctions:subastas_2013_768:4b9e42bbeac12ef3f153cdc3,2013-12-26,5.14
lrm_auctions:subastas_2013_769:5f2ab7ff92dcb6ebd2503643,2013-09-26,4.85
lrm_auctions:subastas_2013_769:5f2ab7ff92dcb6ebd2503643,2013-12-26,5.14
lrm_auctions:subastas_2013_76:5f7fcf9e4de1f8830baf0f9d,2013-01-08,7.75
lrm_auctions:subastas_2013_770:fe13191ec2aa7b1b5a4e8d3c,2013-09-26,4.85
lrm_auctions:subastas_2013_770:fe13191ec2aa7b1b5a4e8d3c,2013-12-26,5.14
lrm_auctions:subastas_2013_771:eea18eee3ecdee3e28e66da9,2013-09-26,150000.0
lrm_auctions:subastas_2013_772:0e6c1578bd5d6820b9d67c61,2013-09-26,1.0
lrm_auctions:subastas_2013_773:9d92cdb1155eb126d248cd3d,2013-09-26,7.0
lrm_auctions:subastas_2013_774:9e65b04aa01c99458d690df0,2013-09-26,7.0
lrm_auctions:subastas_2013_775:af2e7749cfc1023bb5b38c17,2013-09-26,7.0
lrm_auctions:subastas_2013_776:15815d54fefc6524fc44f559,2013-09-26,100000.0
lrm_auctions:subastas_2013_777:daee86b0887aaf3ac375739b,2013-09-26,100000.0
lrm_auctions:subastas_2013_778:623703c8c8d1a6a0d845a8d6,2013-12-12,50000.0
lrm_auctions:subastas_2013_779:556f842da608407cfb57c6b1,2013-12-12,25000.0
lrm_auctions:subastas_2013_77:3670ea9378b1cf31e0d13fb3,2013-01-08,7.75
lrm_auctions:subastas_2013_780:e35c70120813e9459da6163d,2013-12-12,2.0
lrm_auctions:subastas_2013_781:c68559e6e02f1e89f3a320c7,2013-12-12,6.45
lrm_auctions:subastas_2013_782:4416d6946dd2b43fb78b13ae,2013-12-12,6.45
lrm_auctions:subastas_2013_783:aec9ca351f508ba105228c3e,2013-12-12,6.45
lrm_auctions:subastas_2013_784:e03c2e89d0f62cb1cc88555e,2013-12-12,50000.0
lrm_auctions:subastas_2013_78:61d8ee4b3de36e8aef45399b,2013-01-08,7.75
lrm_auctions:subastas_2013_79:9702a5ac44a0cb2fa6a0ff50,2013-01-15,1000000.0
lrm_auctions:subastas_2013_7:e151d0478b99d2b07461026f,2013-01-08,6.0
lrm_auctions:subastas_2013_80:ff12a72b24490c8b0ab1ac25,2013-01-15,742000.0
lrm_auctions:subastas_2013_81:857589d8d7d8c9c95ce0eeb6,2013-01-15,742000.0
lrm_auctions:subastas_2013_82:3945137d74fa4a7f792ef67c,2013-01-15,12.0
lrm_auctions:subastas_2013_83:9e71ce1358413cb3441af158,2013-01-15,12.0
lrm_auctions:subastas_2013_84:d3ae44adf67920406598871b,2013-01-15,6.340970350404312
lrm_auctions:subastas_2013_85:646b5fc5c20e4313059e0842,2013-01-15,6.2
lrm_auctions:subastas_2013_86:2c2ff85b30b496969cb2c7f2,2013-01-15,6.5
lrm_auctions:subastas_2013_87:b88ac19f041feb564b78c7ad,2013-01-15,6.340970350404312
lrm_auctions:subastas_2013_88:f530459394d6d40816385e5a,2013-01-15,6.2
lrm_auctions:subastas_2013_89:f9e10446240d8e89282acfd9,2013-01-15,6.5
lrm_auctions:subastas_2013_8:a8af783899039004112561c1,2013-01-08,6.75
lrm_auctions:subastas_2013_90:3d97a80b8c3f22c3788da6c2,2013-01-15,1000000.0
lrm_auctions:subastas_2013_91:3e957914922c8b438a7626f6,2013-01-15,366000.0
lrm_auctions:subastas_2013_92:92290d407165f0348ef01bed,2013-01-15,366000.0
lrm_auctions:subastas_2013_93:bc03e50d6a3fc7c4b2a24f95,2013-01-15,3.0
lrm_auctions:subastas_2013_94:1121bc0452afe33676c65923,2013-01-15,3.0
lrm_auctions:subastas_2013_95:b39b1df17650a31b14be1f97,2013-01-15,7.174863387978142
lrm_auctions:subastas_2013_96:37eb6845ceb758a3c591142d,2013-01-15,7.0
lrm_auctions:subastas_2013_97:e1d59b3787ba66ecf12e5f76,2013-01-15,7.25
lrm_auctions:subastas_2013_98:1b866ade487fce5558a54540,2013-01-15,7.174863387978142
lrm_auctions:subastas_2013_99:217782347e29af6fa68403fe,2013-01-15,7.0
lrm_auctions:subastas_2013_9:f1f133cfb1aa78b48a85e86f,2013-01-08,6.275
lrm_auctions:subastas_2014:6291f22e12272550ddb19294,2014-01-09,90000.0
lrm_auctions:subastas_2014:6291f22e12272550ddb19294,2014-07-24,100000.0
lrm_auctions:subastas_2014:6291f22e12272550ddb19294,2014-09-25,300000.0
lrm_auctions:subastas_2014:6291f22e12272550ddb19294,2014-12-23,150000.0
lrm_auctions:subastas_2014_100:7af053bfaa0282ddb83bc708,2014-02-13,8.4
lrm_auctions:subastas_2014_101:a0f43d6b0ec7261d00dd1414,2014-02-13,8.4
lrm_auctions:subastas_2014_102:f2a5141fa78b48a5ca45c395,2014-02-13,0.0
lrm_auctions:subastas_2014_103:a568643be2d50dea6db1df97,2014-02-13,0.0
lrm_auctions:subastas_2014_104:401c7d6e3e19d8d6e69f2fdb,2014-02-13,0.0
lrm_auctions:subastas_2014_105:623703c8c8d1a6a0d845a8d6,2014-03-13,200000.0
lrm_auctions:subastas_2014_106:556f842da608407cfb57c6b1,2014-03-13,400000.0
lrm_auctions:subastas_2014_107:ead6793331ba1a464fb91936,2014-03-13,185000.0
lrm_auctions:subastas_2014_108:e35c70120813e9459da6163d,2014-03-13,5.0
lrm_auctions:subastas_2014_109:6901a616ec30d14b3807925e,2014-03-13,3.0
lrm_auctions:subastas_2014_10:8593b0fd7a59100882b72087,2014-01-09,5.14
lrm_auctions:subastas_2014_10:8593b0fd7a59100882b72087,2014-07-24,5.79
lrm_auctions:subastas_2014_10:8593b0fd7a59100882b72087,2014-09-25,5.75
lrm_auctions:subastas_2014_10:8593b0fd7a59100882b72087,2014-12-23,5.75
lrm_auctions:subastas_2014_110:4ef82fc96c09d1cc4c25dae2,2014-03-13,6.920625
lrm_auctions:subastas_2014_111:312ee0cc5656d9e29ac4b66c,2014-03-13,6.75
lrm_auctions:subastas_2014_112:39ef1445172f72e48d940fc2,2014-03-13,7.05
lrm_auctions:subastas_2014_113:81d65443d76e3c63af0afba5,2014-03-13,6.774324324324325
lrm_auctions:subastas_2014_114:6ddcd7511675430b6d3ede09,2014-03-13,6.75
lrm_auctions:subastas_2014_115:0029b40d3e86db391e11d7a8,2014-03-13,6.9
lrm_auctions:subastas_2014_116:056ae7cc861b520c5922e07f,2014-03-13,100000.0
lrm_auctions:subastas_2014_117:057ba84d99d6ed9f4fd5b9ba,2014-03-13,205000.0
lrm_auctions:subastas_2014_118:894c909b92295b10f38f4c01,2014-03-13,80000.0
lrm_auctions:subastas_2014_119:adda23cd72090826ece40739,2014-03-13,4.0
lrm_auctions:subastas_2014_11:db4d04bed7c47f4e72fbf182,2014-01-09,5.14
lrm_auctions:subastas_2014_11:db4d04bed7c47f4e72fbf182,2014-07-24,5.8
lrm_auctions:subastas_2014_11:db4d04bed7c47f4e72fbf182,2014-09-25,5.78
lrm_auctions:subastas_2014_11:db4d04bed7c47f4e72fbf182,2014-12-23,5.77
lrm_auctions:subastas_2014_120:0ca61b256e0cfafa4bd40fe6,2014-03-13,2.0
lrm_auctions:subastas_2014_121:5beae14ea8fe799e05e5bd5b,2014-03-13,8.067073170731707
lrm_auctions:subastas_2014_122:56101e40b8c6dc567364b696,2014-03-13,8.0
lrm_auctions:subastas_2014_123:6261b3b48c0c3f64b6264fc1,2014-03-13,8.15
lrm_auctions:subastas_2014_124:171fc57945906deccac43807,2014-03-13,8.0
lrm_auctions:subastas_2014_125:cd5fe4986452e58dee20168c,2014-03-13,8.0
lrm_auctions:subastas_2014_126:677761521040601d52ad8656,2014-03-13,8.0
lrm_auctions:subastas_2014_127:e03c2e89d0f62cb1cc88555e,2014-03-13,50000.0
lrm_auctions:subastas_2014_128:e8463d244c45c371623eb511,2014-03-13,50000.0
lrm_auctions:subastas_2014_129:6856373464886f0c5866409b,2014-03-13,50000.0
lrm_auctions:subastas_2014_12:9ff1f873cad70f007841d6fb,2014-01-09,130000.0
lrm_auctions:subastas_2014_12:9ff1f873cad70f007841d6fb,2014-03-27,350000.0
lrm_auctions:subastas_2014_12:9ff1f873cad70f007841d6fb,2014-06-26,200000.0
lrm_auctions:subastas_2014_12:9ff1f873cad70f007841d6fb,2014-07-24,100000.0
lrm_auctions:subastas_2014_12:9ff1f873cad70f007841d6fb,2014-08-28,100000.0
lrm_auctions:subastas_2014_12:9ff1f873cad70f007841d6fb,2014-09-25,300000.0
lrm_auctions:subastas_2014_12:9ff1f873cad70f007841d6fb,2014-11-27,100000.0
lrm_auctions:subastas_2014_12:9ff1f873cad70f007841d6fb,2014-12-23,150000.0
lrm_auctions:subastas_2014_130:5eba02f19d0ed90a73f566d4,2014-03-13,1.0
lrm_auctions:subastas_2014_131:72dc284b7e2f4ea83fa05539,2014-03-13,1.0
lrm_auctions:subastas_2014_132:72fc53b138c825af6f936639,2014-03-13,8.3
lrm_auctions:subastas_2014_133:8778e58b73b8a1f477896421,2014-03-13,8.3
lrm_auctions:subastas_2014_134:c2bed1fb13b529583cd75e99,2014-03-13,8.3
lrm_auctions:subastas_2014_135:c7f7fd7896e231bd5d2b17ef,2014-03-13,8.3
lrm_auctions:subastas_2014_136:22a64d4cd6e1b1c7f57e942b,2014-03-13,8.3
lrm_auctions:subastas_2014_137:480edfe0e9ee506da9de481c,2014-03-13,8.3
lrm_auctions:subastas_2014_138:e44c1e3c52f41f63ed5605bd,2014-03-27,400000.0
lrm_auctions:subastas_2014_138:e44c1e3c52f41f63ed5605bd,2014-05-29,250000.0
lrm_auctions:subastas_2014_138:e44c1e3c52f41f63ed5605bd,2014-06-26,400000.0
lrm_auctions:subastas_2014_138:e44c1e3c52f41f63ed5605bd,2014-08-28,150000.0
lrm_auctions:subastas_2014_138:e44c1e3c52f41f63ed5605bd,2014-09-25,300000.0
lrm_auctions:subastas_2014_138:e44c1e3c52f41f63ed5605bd,2014-11-27,200000.0
lrm_auctions:subastas_2014_138:e44c1e3c52f41f63ed5605bd,2014-12-23,350000.0
lrm_auctions:subastas_2014_139:aaf6eb65b92a1b566a413296,2014-03-27,580000.0
lrm_auctions:subastas_2014_139:aaf6eb65b92a1b566a413296,2014-05-29,625000.0
lrm_auctions:subastas_2014_139:aaf6eb65b92a1b566a413296,2014-06-26,805000.0
lrm_auctions:subastas_2014_139:aaf6eb65b92a1b566a413296,2014-08-28,345000.0
lrm_auctions:subastas_2014_139:aaf6eb65b92a1b566a413296,2014-09-25,435000.0
lrm_auctions:subastas_2014_139:aaf6eb65b92a1b566a413296,2014-11-27,100000.0
lrm_auctions:subastas_2014_139:aaf6eb65b92a1b566a413296,2014-12-23,150000.0
lrm_auctions:subastas_2014_13:d4cc1cdb36214c28468b77c6,2014-01-09,387000.0
lrm_auctions:subastas_2014_13:d4cc1cdb36214c28468b77c6,2014-03-27,215000.0
lrm_auctions:subastas_2014_13:d4cc1cdb36214c28468b77c6,2014-06-26,294000.0
lrm_auctions:subastas_2014_13:d4cc1cdb36214c28468b77c6,2014-07-24,228000.0
lrm_auctions:subastas_2014_13:d4cc1cdb36214c28468b77c6,2014-08-28,203000.0
lrm_auctions:subastas_2014_13:d4cc1cdb36214c28468b77c6,2014-09-25,160000.0
lrm_auctions:subastas_2014_13:d4cc1cdb36214c28468b77c6,2014-11-27,5000.0
lrm_auctions:subastas_2014_13:d4cc1cdb36214c28468b77c6,2014-12-23,135000.0
lrm_auctions:subastas_2014_140:640b4b056ff21faadf718dca,2014-03-27,400000.0
lrm_auctions:subastas_2014_140:640b4b056ff21faadf718dca,2014-05-29,245000.0
lrm_auctions:subastas_2014_140:640b4b056ff21faadf718dca,2014-06-26,400000.0
lrm_auctions:subastas_2014_140:640b4b056ff21faadf718dca,2014-08-28,150000.0
lrm_auctions:subastas_2014_140:640b4b056ff21faadf718dca,2014-09-25,300000.0
lrm_auctions:subastas_2014_140:640b4b056ff21faadf718dca,2014-11-27,100000.0
lrm_auctions:subastas_2014_140:640b4b056ff21faadf718dca,2014-12-23,150000.0
lrm_auctions:subastas_2014_141:0bee62c66184fd637967f5a2,2014-03-27,7.0
lrm_auctions:subastas_2014_141:0bee62c66184fd637967f5a2,2014-05-29,7.0
lrm_auctions:subastas_2014_141:0bee62c66184fd637967f5a2,2014-06-26,8.0
lrm_auctions:subastas_2014_141:0bee62c66184fd637967f5a2,2014-08-28,5.0
lrm_auctions:subastas_2014_141:0bee62c66184fd637967f5a2,2014-09-25,4.0
lrm_auctions:subastas_2014_141:0bee62c66184fd637967f5a2,2014-11-27,2.0
lrm_auctions:subastas_2014_141:0bee62c66184fd637967f5a2,2014-12-23,4.0
lrm_auctions:subastas_2014_142:eadb3b0d05243d2c6900fcbc,2014-03-27,5.0
lrm_auctions:subastas_2014_142:eadb3b0d05243d2c6900fcbc,2014-05-29,3.0
lrm_auctions:subastas_2014_142:eadb3b0d05243d2c6900fcbc,2014-06-26,2.0
lrm_auctions:subastas_2014_142:eadb3b0d05243d2c6900fcbc,2014-08-28,1.0
lrm_auctions:subastas_2014_142:eadb3b0d05243d2c6900fcbc,2014-09-25,3.0
lrm_auctions:subastas_2014_142:eadb3b0d05243d2c6900fcbc,2014-11-27,2.0
lrm_auctions:subastas_2014_142:eadb3b0d05243d2c6900fcbc,2014-12-23,4.0
lrm_auctions:subastas_2014_143:5d71f900d8bbc611ba4983ea,2014-03-27,6.727586206896552
lrm_auctions:subastas_2014_143:5d71f900d8bbc611ba4983ea,2014-05-29,6.47616
lrm_auctions:subastas_2014_143:5d71f900d8bbc611ba4983ea,2014-06-26,6.0674534161490685
lrm_auctions:subastas_2014_143:5d71f900d8bbc611ba4983ea,2014-08-28,5.87463768115942
lrm_auctions:subastas_2014_143:5d71f900d8bbc611ba4983ea,2014-09-25,5.852298850574712
lrm_auctions:subastas_2014_143:5d71f900d8bbc611ba4983ea,2014-11-27,5.86
lrm_auctions:subastas_2014_143:5d71f900d8bbc611ba4983ea,2014-12-23,5.876666666666667
lrm_auctions:subastas_2014_144:88e9ff84b8c642a4a38c010b,2014-03-27,6.68
lrm_auctions:subastas_2014_144:88e9ff84b8c642a4a38c010b,2014-05-29,6.0
lrm_auctions:subastas_2014_144:88e9ff84b8c642a4a38c010b,2014-06-26,6.0
lrm_auctions:subastas_2014_144:88e9ff84b8c642a4a38c010b,2014-08-28,5.85
lrm_auctions:subastas_2014_144:88e9ff84b8c642a4a38c010b,2014-09-25,5.85
lrm_auctions:subastas_2014_144:88e9ff84b8c642a4a38c010b,2014-11-27,5.85
lrm_auctions:subastas_2014_144:88e9ff84b8c642a4a38c010b,2014-12-23,5.85
lrm_auctions:subastas_2014_145:09849ee67600e0d554d7ce86,2014-03-27,6.8
lrm_auctions:subastas_2014_145:09849ee67600e0d554d7ce86,2014-05-29,6.7
lrm_auctions:subastas_2014_145:09849ee67600e0d554d7ce86,2014-06-26,6.33
lrm_auctions:subastas_2014_145:09849ee67600e0d554d7ce86,2014-08-28,5.92
lrm_auctions:subastas_2014_145:09849ee67600e0d554d7ce86,2014-09-25,5.9
lrm_auctions:subastas_2014_145:09849ee67600e0d554d7ce86,2014-11-27,5.87
lrm_auctions:subastas_2014_145:09849ee67600e0d554d7ce86,2014-12-23,5.97
lrm_auctions:subastas_2014_146:cc6093da5c5584f1d7a6a7e9,2014-03-27,6.69625
lrm_auctions:subastas_2014_146:cc6093da5c5584f1d7a6a7e9,2014-05-29,6.171836734693877
lrm_auctions:subastas_2014_146:cc6093da5c5584f1d7a6a7e9,2014-06-26,6.0
lrm_auctions:subastas_2014_146:cc6093da5c5584f1d7a6a7e9,2014-08-28,5.85
lrm_auctions:subastas_2014_146:cc6093da5c5584f1d7a6a7e9,2014-09-25,5.85
lrm_auctions:subastas_2014_146:cc6093da5c5584f1d7a6a7e9,2014-11-27,5.86
lrm_auctions:subastas_2014_146:cc6093da5c5584f1d7a6a7e9,2014-12-23,5.876666666666667
lrm_auctions:subastas_2014_147:bf87f06f467e10f55b30080e,2014-03-27,6.68
lrm_auctions:subastas_2014_147:bf87f06f467e10f55b30080e,2014-05-29,6.0
lrm_auctions:subastas_2014_147:bf87f06f467e10f55b30080e,2014-06-26,6.0
lrm_auctions:subastas_2014_147:bf87f06f467e10f55b30080e,2014-08-28,5.85
lrm_auctions:subastas_2014_147:bf87f06f467e10f55b30080e,2014-09-25,5.85
lrm_auctions:subastas_2014_147:bf87f06f467e10f55b30080e,2014-11-27,5.85
lrm_auctions:subastas_2014_147:bf87f06f467e10f55b30080e,2014-12-23,5.85
lrm_auctions:subastas_2014_148:17425580ef717811a7ed1c29,2014-03-27,6.75
lrm_auctions:subastas_2014_148:17425580ef717811a7ed1c29,2014-05-29,6.25
lrm_auctions:subastas_2014_148:17425580ef717811a7ed1c29,2014-06-26,6.0
lrm_auctions:subastas_2014_148:17425580ef717811a7ed1c29,2014-08-28,5.85
lrm_auctions:subastas_2014_148:17425580ef717811a7ed1c29,2014-09-25,5.85
lrm_auctions:subastas_2014_148:17425580ef717811a7ed1c29,2014-11-27,5.87
lrm_auctions:subastas_2014_148:17425580ef717811a7ed1c29,2014-12-23,5.97
lrm_auctions:subastas_2014_149:3c684c164201d9a3f39a6fc8,2014-03-27,350000.0
lrm_auctions:subastas_2014_149:3c684c164201d9a3f39a6fc8,2014-05-29,250000.0
lrm_auctions:subastas_2014_149:3c684c164201d9a3f39a6fc8,2014-06-26,400000.0
lrm_auctions:subastas_2014_149:3c684c164201d9a3f39a6fc8,2014-08-28,100000.0
lrm_auctions:subastas_2014_149:3c684c164201d9a3f39a6fc8,2014-09-25,200000.0
lrm_auctions:subastas_2014_149:3c684c164201d9a3f39a6fc8,2014-10-30,200000.0
lrm_auctions:subastas_2014_149:3c684c164201d9a3f39a6fc8,2014-11-27,150000.0
lrm_auctions:subastas_2014_14:513730b0cd1cc3e0f815fbea,2014-01-09,130000.0
lrm_auctions:subastas_2014_14:513730b0cd1cc3e0f815fbea,2014-03-27,205000.0
lrm_auctions:subastas_2014_14:513730b0cd1cc3e0f815fbea,2014-06-26,200000.0
lrm_auctions:subastas_2014_14:513730b0cd1cc3e0f815fbea,2014-07-24,100000.0
lrm_auctions:subastas_2014_14:513730b0cd1cc3e0f815fbea,2014-08-28,100000.0
lrm_auctions:subastas_2014_14:513730b0cd1cc3e0f815fbea,2014-09-25,155000.0
lrm_auctions:subastas_2014_14:513730b0cd1cc3e0f815fbea,2014-11-27,5000.0
lrm_auctions:subastas_2014_14:513730b0cd1cc3e0f815fbea,2014-12-23,135000.0
lrm_auctions:subastas_2014_150:58d25f2d4b7cc400aeb30c64,2014-03-27,750000.0
lrm_auctions:subastas_2014_150:58d25f2d4b7cc400aeb30c64,2014-05-29,335000.0
lrm_auctions:subastas_2014_150:58d25f2d4b7cc400aeb30c64,2014-06-26,250000.0
lrm_auctions:subastas_2014_150:58d25f2d4b7cc400aeb30c64,2014-08-28,255000.0
lrm_auctions:subastas_2014_150:58d25f2d4b7cc400aeb30c64,2014-09-25,425000.0
lrm_auctions:subastas_2014_150:58d25f2d4b7cc400aeb30c64,2014-10-30,300000.0
lrm_auctions:subastas_2014_150:58d25f2d4b7cc400aeb30c64,2014-11-27,165000.0
lrm_auctions:subastas_2014_151:bb79738bc541d407c321f056,2014-03-27,350000.0
lrm_auctions:subastas_2014_151:bb79738bc541d407c321f056,2014-05-29,210000.0
lrm_auctions:subastas_2014_151:bb79738bc541d407c321f056,2014-06-26,250000.0
lrm_auctions:subastas_2014_151:bb79738bc541d407c321f056,2014-08-28,100000.0
lrm_auctions:subastas_2014_151:bb79738bc541d407c321f056,2014-09-25,200000.0
lrm_auctions:subastas_2014_151:bb79738bc541d407c321f056,2014-10-30,200000.0
lrm_auctions:subastas_2014_151:bb79738bc541d407c321f056,2014-11-27,150000.0
lrm_auctions:subastas_2014_152:86cf914be106c1ef4c652627,2014-03-27,8.0
lrm_auctions:subastas_2014_152:86cf914be106c1ef4c652627,2014-05-29,6.0
lrm_auctions:subastas_2014_152:86cf914be106c1ef4c652627,2014-06-26,4.0
lrm_auctions:subastas_2014_152:86cf914be106c1ef4c652627,2014-08-28,5.0
lrm_auctions:subastas_2014_152:86cf914be106c1ef4c652627,2014-09-25,6.0
lrm_auctions:subastas_2014_152:86cf914be106c1ef4c652627,2014-10-30,7.0
lrm_auctions:subastas_2014_152:86cf914be106c1ef4c652627,2014-11-27,7.0
lrm_auctions:subastas_2014_153:66ee0fb711ef0cdccd87f353,2014-03-27,3.0
lrm_auctions:subastas_2014_153:66ee0fb711ef0cdccd87f353,2014-05-29,3.0
lrm_auctions:subastas_2014_153:66ee0fb711ef0cdccd87f353,2014-06-26,4.0
lrm_auctions:subastas_2014_153:66ee0fb711ef0cdccd87f353,2014-08-28,1.0
lrm_auctions:subastas_2014_153:66ee0fb711ef0cdccd87f353,2014-09-25,1.0
lrm_auctions:subastas_2014_153:66ee0fb711ef0cdccd87f353,2014-10-30,5.0
lrm_auctions:subastas_2014_153:66ee0fb711ef0cdccd87f353,2014-11-27,7.0
lrm_auctions:subastas_2014_154:b4b5e2722f88ce742b672651,2014-03-27,7.891466666666667
lrm_auctions:subastas_2014_154:b4b5e2722f88ce742b672651,2014-05-29,7.221194029850746
lrm_auctions:subastas_2014_154:b4b5e2722f88ce742b672651,2014-06-26,6.955
lrm_auctions:subastas_2014_154:b4b5e2722f88ce742b672651,2014-08-28,6.829607843137255
lrm_auctions:subastas_2014_154:b4b5e2722f88ce742b672651,2014-09-25,6.438470588235294
lrm_auctions:subastas_2014_154:b4b5e2722f88ce742b672651,2014-10-30,6.157666666666667
lrm_auctions:subastas_2014_154:b4b5e2722f88ce742b672651,2014-11-27,6.218787878787879
lrm_auctions:subastas_2014_155:5b52d906236d2d89df7e4f26,2014-03-27,7.8
lrm_auctions:subastas_2014_155:5b52d906236d2d89df7e4f26,2014-05-29,6.75
lrm_auctions:subastas_2014_155:5b52d906236d2d89df7e4f26,2014-06-26,6.9
lrm_auctions:subastas_2014_155:5b52d906236d2d89df7e4f26,2014-08-28,6.75
lrm_auctions:subastas_2014_155:5b52d906236d2d89df7e4f26,2014-09-25,6.25
lrm_auctions:subastas_2014_155:5b52d906236d2d89df7e4f26,2014-10-30,5.99
lrm_auctions:subastas_2014_155:5b52d906236d2d89df7e4f26,2014-11-27,6.1
lrm_auctions:subastas_2014_156:b2c88d501014eb0123d6c0ed,2014-03-27,8.0
lrm_auctions:subastas_2014_156:b2c88d501014eb0123d6c0ed,2014-05-29,7.8
lrm_auctions:subastas_2014_156:b2c88d501014eb0123d6c0ed,2014-06-26,6.97
lrm_auctions:subastas_2014_156:b2c88d501014eb0123d6c0ed,2014-08-28,7.0
lrm_auctions:subastas_2014_156:b2c88d501014eb0123d6c0ed,2014-09-25,6.95
lrm_auctions:subastas_2014_156:b2c88d501014eb0123d6c0ed,2014-10-30,6.25
lrm_auctions:subastas_2014_156:b2c88d501014eb0123d6c0ed,2014-11-27,6.24
lrm_auctions:subastas_2014_157:e182cba0234af1e753eb02fd,2014-03-27,7.851142857142857
lrm_auctions:subastas_2014_157:e182cba0234af1e753eb02fd,2014-05-29,6.948095238095238
lrm_auctions:subastas_2014_157:e182cba0234af1e753eb02fd,2014-06-26,6.955
lrm_auctions:subastas_2014_157:e182cba0234af1e753eb02fd,2014-08-28,6.75
lrm_auctions:subastas_2014_157:e182cba0234af1e753eb02fd,2014-09-25,6.25
lrm_auctions:subastas_2014_157:e182cba0234af1e753eb02fd,2014-10-30,6.11325
lrm_auctions:subastas_2014_157:e182cba0234af1e753eb02fd,2014-11-27,6.216666666666667
lrm_auctions:subastas_2014_158:57e63b12970a0708ed266b9b,2014-03-27,7.8
lrm_auctions:subastas_2014_158:57e63b12970a0708ed266b9b,2014-05-29,6.75
lrm_auctions:subastas_2014_158:57e63b12970a0708ed266b9b,2014-06-26,6.9
lrm_auctions:subastas_2014_158:57e63b12970a0708ed266b9b,2014-08-28,6.75
lrm_auctions:subastas_2014_158:57e63b12970a0708ed266b9b,2014-09-25,6.25
lrm_auctions:subastas_2014_158:57e63b12970a0708ed266b9b,2014-10-30,5.99
lrm_auctions:subastas_2014_158:57e63b12970a0708ed266b9b,2014-11-27,6.1
lrm_auctions:subastas_2014_159:9762b95e07549b447d3c4e96,2014-03-27,7.89
lrm_auctions:subastas_2014_159:9762b95e07549b447d3c4e96,2014-05-29,6.99
lrm_auctions:subastas_2014_159:9762b95e07549b447d3c4e96,2014-06-26,6.97
lrm_auctions:subastas_2014_159:9762b95e07549b447d3c4e96,2014-08-28,6.75
lrm_auctions:subastas_2014_159:9762b95e07549b447d3c4e96,2014-09-25,6.25
lrm_auctions:subastas_2014_159:9762b95e07549b447d3c4e96,2014-10-30,6.24
lrm_auctions:subastas_2014_159:9762b95e07549b447d3c4e96,2014-11-27,6.24
lrm_auctions:subastas_2014_15:6b5c01714ee506155b1fe3f6,2014-01-09,11.0
lrm_auctions:subastas_2014_15:6b5c01714ee506155b1fe3f6,2014-03-27,4.0
lrm_auctions:subastas_2014_15:6b5c01714ee506155b1fe3f6,2014-06-26,8.0
lrm_auctions:subastas_2014_15:6b5c01714ee506155b1fe3f6,2014-07-24,4.0
lrm_auctions:subastas_2014_15:6b5c01714ee506155b1fe3f6,2014-08-28,3.0
lrm_auctions:subastas_2014_15:6b5c01714ee506155b1fe3f6,2014-09-25,4.0
lrm_auctions:subastas_2014_15:6b5c01714ee506155b1fe3f6,2014-11-27,1.0
lrm_auctions:subastas_2014_15:6b5c01714ee506155b1fe3f6,2014-12-23,3.0
lrm_auctions:subastas_2014_160:4bf6da531b85de74e05a06a8,2014-03-27,50000.0
lrm_auctions:subastas_2014_160:4bf6da531b85de74e05a06a8,2014-05-29,100000.0
lrm_auctions:subastas_2014_160:4bf6da531b85de74e05a06a8,2014-08-28,50000.0
lrm_auctions:subastas_2014_160:4bf6da531b85de74e05a06a8,2014-10-30,200000.0
lrm_auctions:subastas_2014_160:4bf6da531b85de74e05a06a8,2014-11-27,150000.0
lrm_auctions:subastas_2014_160:4bf6da531b85de74e05a06a8,2014-12-23,300000.0
lrm_auctions:subastas_2014_161:ee0d4c3a94f7908ff04d5f39,2014-03-27,120000.0
lrm_auctions:subastas_2014_161:ee0d4c3a94f7908ff04d5f39,2014-05-29,301000.0
lrm_auctions:subastas_2014_161:ee0d4c3a94f7908ff04d5f39,2014-08-28,75000.0
lrm_auctions:subastas_2014_161:ee0d4c3a94f7908ff04d5f39,2014-10-30,285000.0
lrm_auctions:subastas_2014_161:ee0d4c3a94f7908ff04d5f39,2014-11-27,160000.0
lrm_auctions:subastas_2014_161:ee0d4c3a94f7908ff04d5f39,2014-12-23,40000.0
lrm_auctions:subastas_2014_162:eea18eee3ecdee3e28e66da9,2014-03-27,50000.0
lrm_auctions:subastas_2014_162:eea18eee3ecdee3e28e66da9,2014-05-29,99000.0
lrm_auctions:subastas_2014_162:eea18eee3ecdee3e28e66da9,2014-08-28,50000.0
lrm_auctions:subastas_2014_162:eea18eee3ecdee3e28e66da9,2014-10-30,200000.0
lrm_auctions:subastas_2014_162:eea18eee3ecdee3e28e66da9,2014-11-27,150000.0
lrm_auctions:subastas_2014_162:eea18eee3ecdee3e28e66da9,2014-12-23,40000.0
lrm_auctions:subastas_2014_163:57b628dd262c8254a68a400f,2014-03-27,3.0
lrm_auctions:subastas_2014_163:57b628dd262c8254a68a400f,2014-05-29,7.0
lrm_auctions:subastas_2014_163:57b628dd262c8254a68a400f,2014-08-28,4.0
lrm_auctions:subastas_2014_163:57b628dd262c8254a68a400f,2014-10-30,8.0
lrm_auctions:subastas_2014_163:57b628dd262c8254a68a400f,2014-11-27,3.0
lrm_auctions:subastas_2014_163:57b628dd262c8254a68a400f,2014-12-23,1.0
lrm_auctions:subastas_2014_164:0e6c1578bd5d6820b9d67c61,2014-03-27,1.0
lrm_auctions:subastas_2014_164:0e6c1578bd5d6820b9d67c61,2014-05-29,1.0
lrm_auctions:subastas_2014_164:0e6c1578bd5d6820b9d67c61,2014-08-28,3.0
lrm_auctions:subastas_2014_164:0e6c1578bd5d6820b9d67c61,2014-10-30,7.0
lrm_auctions:subastas_2014_164:0e6c1578bd5d6820b9d67c61,2014-11-27,2.0
lrm_auctions:subastas_2014_164:0e6c1578bd5d6820b9d67c61,2014-12-23,1.0
lrm_auctions:subastas_2014_165:492f3999a838cd04f14590a4,2014-03-27,8.25
lrm_auctions:subastas_2014_165:492f3999a838cd04f14590a4,2014-05-29,7.53890365448505
lrm_auctions:subastas_2014_165:492f3999a838cd04f14590a4,2014-08-28,6.92
lrm_auctions:subastas_2014_165:492f3999a838cd04f14590a4,2014-10-30,6.388947368421053
lrm_auctions:subastas_2014_165:492f3999a838cd04f14590a4,2014-11-27,6.475
lrm_auctions:subastas_2014_165:492f3999a838cd04f14590a4,2014-12-23,6.25
lrm_auctions:subastas_2014_166:0a1131f4a687bbd9d1b5e92b,2014-03-27,8.2
lrm_auctions:subastas_2014_166:0a1131f4a687bbd9d1b5e92b,2014-05-29,6.99
lrm_auctions:subastas_2014_166:0a1131f4a687bbd9d1b5e92b,2014-08-28,6.75
lrm_auctions:subastas_2014_166:0a1131f4a687bbd9d1b5e92b,2014-10-30,6.25
lrm_auctions:subastas_2014_166:0a1131f4a687bbd9d1b5e92b,2014-11-27,6.47
lrm_auctions:subastas_2014_166:0a1131f4a687bbd9d1b5e92b,2014-12-23,6.25
lrm_auctions:subastas_2014_167:d39b6838f8819b2de0ec3672,2014-03-27,8.3
lrm_auctions:subastas_2014_167:d39b6838f8819b2de0ec3672,2014-05-29,8.1
lrm_auctions:subastas_2014_167:d39b6838f8819b2de0ec3672,2014-08-28,7.0
lrm_auctions:subastas_2014_167:d39b6838f8819b2de0ec3672,2014-10-30,6.65
lrm_auctions:subastas_2014_167:d39b6838f8819b2de0ec3672,2014-11-27,6.5
lrm_auctions:subastas_2014_167:d39b6838f8819b2de0ec3672,2014-12-23,6.25
lrm_auctions:subastas_2014_168:9d92cdb1155eb126d248cd3d,2014-03-27,8.2
lrm_auctions:subastas_2014_168:9d92cdb1155eb126d248cd3d,2014-05-29,6.99
lrm_auctions:subastas_2014_168:9d92cdb1155eb126d248cd3d,2014-08-28,6.88
lrm_auctions:subastas_2014_168:9d92cdb1155eb126d248cd3d,2014-10-30,6.32675
lrm_auctions:subastas_2014_168:9d92cdb1155eb126d248cd3d,2014-11-27,6.473333333333334
lrm_auctions:subastas_2014_168:9d92cdb1155eb126d248cd3d,2014-12-23,6.25
lrm_auctions:subastas_2014_169:9e65b04aa01c99458d690df0,2014-03-27,8.2
lrm_auctions:subastas_2014_169:9e65b04aa01c99458d690df0,2014-05-29,6.99
lrm_auctions:subastas_2014_169:9e65b04aa01c99458d690df0,2014-08-28,6.75
lrm_auctions:subastas_2014_169:9e65b04aa01c99458d690df0,2014-10-30,6.25
lrm_auctions:subastas_2014_169:9e65b04aa01c99458d690df0,2014-11-27,6.47
lrm_auctions:subastas_2014_169:9e65b04aa01c99458d690df0,2014-12-23,6.25
lrm_auctions:subastas_2014_16:e2be2668c3575b2f20f6c41b,2014-01-09,2.0
lrm_auctions:subastas_2014_16:e2be2668c3575b2f20f6c41b,2014-03-27,3.0
lrm_auctions:subastas_2014_16:e2be2668c3575b2f20f6c41b,2014-06-26,3.0
lrm_auctions:subastas_2014_16:e2be2668c3575b2f20f6c41b,2014-07-24,2.0
lrm_auctions:subastas_2014_16:e2be2668c3575b2f20f6c41b,2014-08-28,1.0
lrm_auctions:subastas_2014_16:e2be2668c3575b2f20f6c41b,2014-09-25,3.0
lrm_auctions:subastas_2014_16:e2be2668c3575b2f20f6c41b,2014-11-27,1.0
lrm_auctions:subastas_2014_16:e2be2668c3575b2f20f6c41b,2014-12-23,3.0
lrm_auctions:subastas_2014_170:af2e7749cfc1023bb5b38c17,2014-03-27,8.2
lrm_auctions:subastas_2014_170:af2e7749cfc1023bb5b38c17,2014-05-29,6.99
lrm_auctions:subastas_2014_170:af2e7749cfc1023bb5b38c17,2014-08-28,6.95
lrm_auctions:subastas_2014_170:af2e7749cfc1023bb5b38c17,2014-10-30,6.5
lrm_auctions:subastas_2014_170:af2e7749cfc1023bb5b38c17,2014-11-27,6.48
lrm_auctions:subastas_2014_170:af2e7749cfc1023bb5b38c17,2014-12-23,6.25
lrm_auctions:subastas_2014_171:c34d01d6d2430bbb95eb11a1,2014-04-10,350000.0
lrm_auctions:subastas_2014_172:e62d93f06f3f9b4e907ff7ad,2014-04-10,420000.0
lrm_auctions:subastas_2014_173:63830898e6c2b0fd9796bafa,2014-04-10,320000.0
lrm_auctions:subastas_2014_174:0f6e9ce56292e33e29524b68,2014-04-10,7.0
lrm_auctions:subastas_2014_175:8cddf2369b5f941ff7dac249,2014-04-10,5.0
lrm_auctions:subastas_2014_176:cd9962bed25254826db0de8b,2014-04-10,5.92
lrm_auctions:subastas_2014_177:72d1e363dc6191ae1804c278,2014-04-10,5.83
lrm_auctions:subastas_2014_178:6bd615a06e41136f83076d28,2014-04-10,6.15
lrm_auctions:subastas_2014_179:4b9e42bbeac12ef3f153cdc3,2014-04-10,5.848125
lrm_auctions:subastas_2014_17:4c6ee82fab987afd287f64c7,2014-01-09,5.412144702842378
lrm_auctions:subastas_2014_17:4c6ee82fab987afd287f64c7,2014-03-27,6.088372093023255
lrm_auctions:subastas_2014_17:4c6ee82fab987afd287f64c7,2014-06-26,5.855
lrm_auctions:subastas_2014_17:4c6ee82fab987afd287f64c7,2014-07-24,6.028245614035088
lrm_auctions:subastas_2014_17:4c6ee82fab987afd287f64c7,2014-08-28,5.7950738916256155
lrm_auctions:subastas_2014_17:4c6ee82fab987afd287f64c7,2014-09-25,5.789375
lrm_auctions:subastas_2014_17:4c6ee82fab987afd287f64c7,2014-11-27,5.78
lrm_auctions:subastas_2014_17:4c6ee82fab987afd287f64c7,2014-12-23,5.777777777777778
lrm_auctions:subastas_2014_180:5f2ab7ff92dcb6ebd2503643,2014-04-10,5.83
lrm_auctions:subastas_2014_181:fe13191ec2aa7b1b5a4e8d3c,2014-04-10,5.9
lrm_auctions:subastas_2014_182:6a82d59ba884d34b881de131,2014-04-10,150000.0
lrm_auctions:subastas_2014_183:28c192b99a7f4e3354b84225,2014-04-10,1.0
lrm_auctions:subastas_2014_184:e8f3a0933c5d7dc1e3e6a4fb,2014-04-10,7.6
lrm_auctions:subastas_2014_185:c74b2786669fa9db5370340e,2014-04-10,7.6
lrm_auctions:subastas_2014_186:4194eaaf36829ddb1aea1811,2014-04-10,7.6
lrm_auctions:subastas_2014_187:0c956e9f8a19fff4a79c1865,2014-04-10,130000.0
lrm_auctions:subastas_2014_188:c1532c231aabf55944237065,2014-04-10,50000.0
lrm_auctions:subastas_2014_189:e22b5050deb2367d96514902,2014-04-10,3.0
lrm_auctions:subastas_2014_18:a521249d959ea7180d2956bb,2014-01-09,5.3
lrm_auctions:subastas_2014_18:a521249d959ea7180d2956bb,2014-03-27,6.08
lrm_auctions:subastas_2014_18:a521249d959ea7180d2956bb,2014-06-26,5.83
lrm_auctions:subastas_2014_18:a521249d959ea7180d2956bb,2014-07-24,5.8
lrm_auctions:subastas_2014_18:a521249d959ea7180d2956bb,2014-08-28,5.79
lrm_auctions:subastas_2014_18:a521249d959ea7180d2956bb,2014-09-25,5.76
lrm_auctions:subastas_2014_18:a521249d959ea7180d2956bb,2014-11-27,5.78
lrm_auctions:subastas_2014_18:a521249d959ea7180d2956bb,2014-12-23,5.76
lrm_auctions:subastas_2014_190:34b20a1a9dc4751d79ab8f66,2014-04-10,1.0
lrm_auctions:subastas_2014_191:5ef975e8b5b7773656d10e28,2014-04-10,8.092307692307692
lrm_auctions:subastas_2014_192:81b3d2cf1519f9318272fde9,2014-04-10,8.05
lrm_auctions:subastas_2014_193:af0d2e664a2cec929ccf8e17,2014-04-10,8.15
lrm_auctions:subastas_2014_194:fbc839115db9b8135b8561b6,2014-04-10,8.05
lrm_auctions:subastas_2014_195:65a8e9d238d1e3e08a3a085f,2014-04-10,8.05
lrm_auctions:subastas_2014_196:817f6936c845a6e31f586d8a,2014-04-10,8.05
lrm_auctions:subastas_2014_197:1be6ce4f15294e2573de6926,2014-06-26,400000.0
lrm_auctions:subastas_2014_197:1be6ce4f15294e2573de6926,2014-09-25,200000.0
lrm_auctions:subastas_2014_198:8b1326e37cc96363eeff2279,2014-06-26,525000.0
lrm_auctions:subastas_2014_198:8b1326e37cc96363eeff2279,2014-09-25,535000.0
lrm_auctions:subastas_2014_199:2a495489e963d937ec838a30,2014-06-26,400000.0
lrm_auctions:subastas_2014_199:2a495489e963d937ec838a30,2014-09-25,200000.0
lrm_auctions:subastas_2014_19:bf720db09a600af58693674d,2014-01-09,5.87
lrm_auctions:subastas_2014_19:bf720db09a600af58693674d,2014-03-27,6.2
lrm_auctions:subastas_2014_19:bf720db09a600af58693674d,2014-06-26,6.0
lrm_auctions:subastas_2014_19:bf720db09a600af58693674d,2014-07-24,6.3
lrm_auctions:subastas_2014_19:bf720db09a600af58693674d,2014-08-28,5.8
lrm_auctions:subastas_2014_19:bf720db09a600af58693674d,2014-09-25,5.9
lrm_auctions:subastas_2014_19:bf720db09a600af58693674d,2014-11-27,5.78
lrm_auctions:subastas_2014_19:bf720db09a600af58693674d,2014-12-23,5.78
lrm_auctions:subastas_2014_200:ab104db97bbad2af3f8aa60d,2014-06-26,4.0
lrm_auctions:subastas_2014_200:ab104db97bbad2af3f8aa60d,2014-09-25,6.0
lrm_auctions:subastas_2014_201:3aa4c1e853efb5c2d073340d,2014-06-26,3.0
lrm_auctions:subastas_2014_201:3aa4c1e853efb5c2d073340d,2014-09-25,3.0
lrm_auctions:subastas_2014_202:d15306695a54d4a210cd44ef,2014-06-26,6.87952380952381
lrm_auctions:subastas_2014_202:d15306695a54d4a210cd44ef,2014-09-25,6.450934579439252
lrm_auctions:subastas_2014_203:9792124dede5e145b4fd3108,2014-06-26,6.57
lrm_auctions:subastas_2014_203:9792124dede5e145b4fd3108,2014-09-25,5.63
lrm_auctions:subastas_2014_204:7c08c9ae9f8887c0702c20ca,2014-06-26,7.27
lrm_auctions:subastas_2014_204:7c08c9ae9f8887c0702c20ca,2014-09-25,6.99
lrm_auctions:subastas_2014_205:358bc4d487bbe1dbe699c396,2014-06-26,6.7575
lrm_auctions:subastas_2014_205:358bc4d487bbe1dbe699c396,2014-09-25,6.065
lrm_auctions:subastas_2014_206:046206453118c174f1528413,2014-06-26,6.57
lrm_auctions:subastas_2014_206:046206453118c174f1528413,2014-09-25,5.63
lrm_auctions:subastas_2014_207:4a96769b80c2855d0703dbdb,2014-06-26,6.84
lrm_auctions:subastas_2014_207:4a96769b80c2855d0703dbdb,2014-09-25,6.5
lrm_auctions:subastas_2014_208:e168ba907d86d66135609ffe,2014-07-24,100000.0
lrm_auctions:subastas_2014_209:54cb2a43f0f907b65c5e292d,2014-07-24,235000.0
lrm_auctions:subastas_2014_20:d1f66421ecf147c9c96cee79,2014-01-09,5.335384615384616
lrm_auctions:subastas_2014_20:d1f66421ecf147c9c96cee79,2014-03-27,6.082926829268293
lrm_auctions:subastas_2014_20:d1f66421ecf147c9c96cee79,2014-06-26,5.8301
lrm_auctions:subastas_2014_20:d1f66421ecf147c9c96cee79,2014-07-24,5.814
lrm_auctions:subastas_2014_20:d1f66421ecf147c9c96cee79,2014-08-28,5.79
lrm_auctions:subastas_2014_20:d1f66421ecf147c9c96cee79,2014-09-25,5.7858064516129035
lrm_auctions:subastas_2014_20:d1f66421ecf147c9c96cee79,2014-11-27,5.78
lrm_auctions:subastas_2014_20:d1f66421ecf147c9c96cee79,2014-12-23,5.777777777777778
lrm_auctions:subastas_2014_210:8fe9354e9dbffc6520ff92ae,2014-07-24,100000.0
lrm_auctions:subastas_2014_211:e7e1b8fd87c1e28ed0126cc1,2014-07-24,5.0
lrm_auctions:subastas_2014_212:35cf952804fc72c665c0475a,2014-07-24,4.0
lrm_auctions:subastas_2014_213:47c7d14958d44202f576a601,2014-07-24,5.866170212765957
lrm_auctions:subastas_2014_214:a4d118f1fd0175e34946721c,2014-07-24,5.83
lrm_auctions:subastas_2014_215:d848ec47042f58bad3407aff,2014-07-24,5.9
lrm_auctions:subastas_2014_216:66b9d20c01e888f251b5cee9,2014-07-24,5.858
lrm_auctions:subastas_2014_217:4b551f3170b65c380c5f7c82,2014-07-24,5.83
lrm_auctions:subastas_2014_218:a36159cea0b1ae1305daa5f3,2014-07-24,5.87
lrm_auctions:subastas_2014_219:8d1c4336c45453c11a855e39,2014-07-24,150000.0
lrm_auctions:subastas_2014_21:07e39dcdda634d9a1a4e52ad,2014-01-09,5.3
lrm_auctions:subastas_2014_21:07e39dcdda634d9a1a4e52ad,2014-03-27,6.08
lrm_auctions:subastas_2014_21:07e39dcdda634d9a1a4e52ad,2014-06-26,5.83
lrm_auctions:subastas_2014_21:07e39dcdda634d9a1a4e52ad,2014-07-24,5.8
lrm_auctions:subastas_2014_21:07e39dcdda634d9a1a4e52ad,2014-08-28,5.79
lrm_auctions:subastas_2014_21:07e39dcdda634d9a1a4e52ad,2014-09-25,5.76
lrm_auctions:subastas_2014_21:07e39dcdda634d9a1a4e52ad,2014-11-27,5.78
lrm_auctions:subastas_2014_21:07e39dcdda634d9a1a4e52ad,2014-12-23,5.76
lrm_auctions:subastas_2014_220:7fb56ae347f47e4a1fee8f0b,2014-07-24,385000.0
lrm_auctions:subastas_2014_221:f5a2d962b61a4d15667d7501,2014-07-24,150000.0
lrm_auctions:subastas_2014_222:5ef665bf2bf1161dbef3b01d,2014-07-24,5.0
lrm_auctions:subastas_2014_223:51a87a18fc0fea8d47dbfae5,2014-07-24,3.0
lrm_auctions:subastas_2014_224:2e71d36d6f0175432b85781a,2014-07-24,6.172857142857143
lrm_auctions:subastas_2014_225:4e5fa0b8f6756d7795ea8262,2014-07-24,5.95
lrm_auctions:subastas_2014_226:3010f225e79dc375b07739ad,2014-07-24,6.75
lrm_auctions:subastas_2014_227:e9ac6513d95136eebafc6c51,2014-07-24,5.9526666666666666
lrm_auctions:subastas_2014_228:e20621bef08ca53683d8c2dd,2014-07-24,5.95
lrm_auctions:subastas_2014_229:4f4919f4d731f9907d4bdd22,2014-07-24,5.97
lrm_auctions:subastas_2014_22:8d17a06b79a2cc8390174bbf,2014-01-09,5.34
lrm_auctions:subastas_2014_22:8d17a06b79a2cc8390174bbf,2014-03-27,6.1
lrm_auctions:subastas_2014_22:8d17a06b79a2cc8390174bbf,2014-06-26,5.85
lrm_auctions:subastas_2014_22:8d17a06b79a2cc8390174bbf,2014-07-24,5.82
lrm_auctions:subastas_2014_22:8d17a06b79a2cc8390174bbf,2014-08-28,5.79
lrm_auctions:subastas_2014_22:8d17a06b79a2cc8390174bbf,2014-09-25,5.79
lrm_auctions:subastas_2014_22:8d17a06b79a2cc8390174bbf,2014-11-27,5.78
lrm_auctions:subastas_2014_22:8d17a06b79a2cc8390174bbf,2014-12-23,5.78
lrm_auctions:subastas_2014_230:34317e3b600a5d9c905e4e0e,2014-07-24,150000.0
lrm_auctions:subastas_2014_231:687359eed35381f1ea3c2a2a,2014-07-24,130000.0
lrm_auctions:subastas_2014_232:b59a75cade1246e5b1118b9f,2014-07-24,30000.0
lrm_auctions:subastas_2014_233:05896d317a407e07dc81011c,2014-07-24,2.0
lrm_auctions:subastas_2014_234:3beba1f89bfdcb5880472808,2014-07-24,1.0
lrm_auctions:subastas_2014_235:a059479a36d254e1702b3aeb,2014-07-24,7.563076923076923
lrm_auctions:subastas_2014_236:33b667ad83372670b5d5baf4,2014-07-24,6.94
lrm_auctions:subastas_2014_237:dd8accda8d966d3bc6079655,2014-07-24,7.75
lrm_auctions:subastas_2014_238:e2abf549bed7799cb5501ff8,2014-07-24,6.94
lrm_auctions:subastas_2014_239:25ca3955f4c9d3729645be8d,2014-07-24,6.94
lrm_auctions:subastas_2014_23:200bac5a5818f3c1c7f12051,2014-01-09,180000.0
lrm_auctions:subastas_2014_23:200bac5a5818f3c1c7f12051,2014-03-27,200000.0
lrm_auctions:subastas_2014_23:200bac5a5818f3c1c7f12051,2014-05-29,100000.0
lrm_auctions:subastas_2014_23:200bac5a5818f3c1c7f12051,2014-06-26,200000.0
lrm_auctions:subastas_2014_23:200bac5a5818f3c1c7f12051,2014-08-28,100000.0
lrm_auctions:subastas_2014_23:200bac5a5818f3c1c7f12051,2014-09-25,300000.0
lrm_auctions:subastas_2014_23:200bac5a5818f3c1c7f12051,2014-10-30,150000.0
lrm_auctions:subastas_2014_23:200bac5a5818f3c1c7f12051,2014-11-27,150000.0
lrm_auctions:subastas_2014_23:200bac5a5818f3c1c7f12051,2014-12-23,300000.0
lrm_auctions:subastas_2014_240:2b75e274d60a7b8741d68e0a,2014-07-24,6.94
lrm_auctions:subastas_2014_241:19aa0c2824e33beffefd746e,2014-07-24,200000.0
lrm_auctions:subastas_2014_242:702b30d234583a528a8b322e,2014-07-24,120000.0
lrm_auctions:subastas_2014_243:453e8f11c1454c72a3453daf,2014-07-24,60000.0
lrm_auctions:subastas_2014_244:cc75095a6da3152284529e7d,2014-07-24,4.0
lrm_auctions:subastas_2014_245:3d2f0a4dc05234c9fbfc5246,2014-07-24,2.0
lrm_auctions:subastas_2014_246:2e5b9d3c20eb99013f97a873,2014-07-24,7.125
lrm_auctions:subastas_2014_247:7c22f0dab2c1ad133ca5ff18,2014-07-24,6.35
lrm_auctions:subastas_2014_248:bd44e49ef0de63f7ce67ae25,2014-07-24,8.0
lrm_auctions:subastas_2014_249:43f0ddf9ef671fde4eba31bc,2014-07-24,6.458333333333333
lrm_auctions:subastas_2014_24:8d3ad5132b2716a5e9b7d842,2014-01-09,685000.0
lrm_auctions:subastas_2014_24:8d3ad5132b2716a5e9b7d842,2014-03-27,150000.0
lrm_auctions:subastas_2014_24:8d3ad5132b2716a5e9b7d842,2014-05-29,130000.0
lrm_auctions:subastas_2014_24:8d3ad5132b2716a5e9b7d842,2014-06-26,330000.0
lrm_auctions:subastas_2014_24:8d3ad5132b2716a5e9b7d842,2014-08-28,265000.0
lrm_auctions:subastas_2014_24:8d3ad5132b2716a5e9b7d842,2014-09-25,415000.0
lrm_auctions:subastas_2014_24:8d3ad5132b2716a5e9b7d842,2014-10-30,166000.0
lrm_auctions:subastas_2014_24:8d3ad5132b2716a5e9b7d842,2014-11-27,130000.0
lrm_auctions:subastas_2014_24:8d3ad5132b2716a5e9b7d842,2014-12-23,35000.0
lrm_auctions:subastas_2014_250:8739aec9d9e7afaa55117a42,2014-07-24,6.35
lrm_auctions:subastas_2014_251:a630b9e0899d1a4f4ae30133,2014-07-24,7.0
lrm_auctions:subastas_2014_252:96c0322bc00495cfd12314e0,2014-10-30,150000.0
lrm_auctions:subastas_2014_253:ba0e5e4ea7797961da0bab3a,2014-10-30,210000.0
lrm_auctions:subastas_2014_254:65213aa83c8499c40bc2b56e,2014-10-30,150000.0
lrm_auctions:subastas_2014_255:efaa226f0cecde0232b30e05,2014-10-30,5.0
lrm_auctions:subastas_2014_256:34d2fe3147603f22d9ff7631,2014-10-30,4.0
lrm_auctions:subastas_2014_257:1940848ee6823ef5f51ec0b4,2014-10-30,5.853809523809524
lrm_auctions:subastas_2014_258:c030286ed3355783c0673c7d,2014-10-30,5.85
lrm_auctions:subastas_2014_259:83d89ad17d3ceb4c42d40761,2014-10-30,5.89
lrm_auctions:subastas_2014_25:1796f78ac619b9822b3cdf63,2014-01-09,180000.0
lrm_auctions:subastas_2014_25:1796f78ac619b9822b3cdf63,2014-03-27,150000.0
lrm_auctions:subastas_2014_25:1796f78ac619b9822b3cdf63,2014-05-29,100000.0
lrm_auctions:subastas_2014_25:1796f78ac619b9822b3cdf63,2014-06-26,200000.0
lrm_auctions:subastas_2014_25:1796f78ac619b9822b3cdf63,2014-08-28,100000.0
lrm_auctions:subastas_2014_25:1796f78ac619b9822b3cdf63,2014-09-25,300000.0
lrm_auctions:subastas_2014_25:1796f78ac619b9822b3cdf63,2014-10-30,150000.0
lrm_auctions:subastas_2014_25:1796f78ac619b9822b3cdf63,2014-11-27,130000.0
lrm_auctions:subastas_2014_25:1796f78ac619b9822b3cdf63,2014-12-23,35000.0
lrm_auctions:subastas_2014_260:c58ba791d81e59b0b4a797b4,2014-10-30,5.85
lrm_auctions:subastas_2014_261:4e50d3c7509afefce25c8ca7,2014-10-30,5.85
lrm_auctions:subastas_2014_262:06aa2766f4661a251128d357,2014-10-30,5.85
lrm_auctions:subastas_2014_263:e0c52753cb9e1e0c336ce78f,2014-12-23,300000.0
lrm_auctions:subastas_2014_264:0a28c3937bc09f0bec5946e1,2014-12-23,170000.0
lrm_auctions:subastas_2014_265:5c24be4b1e09198088c00157,2014-12-23,160000.0
lrm_auctions:subastas_2014_266:41c725b3261fd9cfea43fa23,2014-12-23,6.0
lrm_auctions:subastas_2014_267:f8b7c7c8ee2c88c066f2815c,2014-12-23,5.0
lrm_auctions:subastas_2014_268:7203bf3c80fb87c48fdf000a,2014-12-23,6.208235294117647
lrm_auctions:subastas_2014_269:4f1bec8a17e46dbb05715a57,2014-12-23,6.1
lrm_auctions:subastas_2014_26:e98508eba46c33c0a983ce8e,2014-01-09,11.0
lrm_auctions:subastas_2014_26:e98508eba46c33c0a983ce8e,2014-03-27,5.0
lrm_auctions:subastas_2014_26:e98508eba46c33c0a983ce8e,2014-05-29,5.0
lrm_auctions:subastas_2014_26:e98508eba46c33c0a983ce8e,2014-06-26,5.0
lrm_auctions:subastas_2014_26:e98508eba46c33c0a983ce8e,2014-08-28,7.0
lrm_auctions:subastas_2014_26:e98508eba46c33c0a983ce8e,2014-09-25,5.0
lrm_auctions:subastas_2014_26:e98508eba46c33c0a983ce8e,2014-10-30,5.0
lrm_auctions:subastas_2014_26:e98508eba46c33c0a983ce8e,2014-11-27,3.0
lrm_auctions:subastas_2014_26:e98508eba46c33c0a983ce8e,2014-12-23,2.0
lrm_auctions:subastas_2014_270:85e917227ee5ad6a32b5a894,2014-12-23,6.3
lrm_auctions:subastas_2014_271:2f985e7df702347e82618ef9,2014-12-23,6.2025
lrm_auctions:subastas_2014_272:3d609ddf16602571e6fb9854,2014-12-23,6.1
lrm_auctions:subastas_2014_273:12c7f1cb30e71df411315ee9,2014-12-23,6.24
lrm_auctions:subastas_2014_27:50e8cd5d6a9164a387e71b58,2014-01-09,4.0
lrm_auctions:subastas_2014_27:50e8cd5d6a9164a387e71b58,2014-03-27,5.0
lrm_auctions:subastas_2014_27:50e8cd5d6a9164a387e71b58,2014-05-29,4.0
lrm_auctions:subastas_2014_27:50e8cd5d6a9164a387e71b58,2014-06-26,3.0
lrm_auctions:subastas_2014_27:50e8cd5d6a9164a387e71b58,2014-08-28,3.0
lrm_auctions:subastas_2014_27:50e8cd5d6a9164a387e71b58,2014-09-25,4.0
lrm_auctions:subastas_2014_27:50e8cd5d6a9164a387e71b58,2014-10-30,4.0
lrm_auctions:subastas_2014_27:50e8cd5d6a9164a387e71b58,2014-11-27,3.0
lrm_auctions:subastas_2014_27:50e8cd5d6a9164a387e71b58,2014-12-23,2.0
lrm_auctions:subastas_2014_28:956a873dc8d52b456ddad362,2014-01-09,5.717883211678832
lrm_auctions:subastas_2014_28:956a873dc8d52b456ddad362,2014-03-27,6.243333333333333
lrm_auctions:subastas_2014_28:956a873dc8d52b456ddad362,2014-05-29,6.041538461538462
lrm_auctions:subastas_2014_28:956a873dc8d52b456ddad362,2014-06-26,5.916818181818182
lrm_auctions:subastas_2014_28:956a873dc8d52b456ddad362,2014-08-28,5.812075471698114
lrm_auctions:subastas_2014_28:956a873dc8d52b456ddad362,2014-09-25,5.801204819277109
lrm_auctions:subastas_2014_28:956a873dc8d52b456ddad362,2014-10-30,5.801204819277109
lrm_auctions:subastas_2014_28:956a873dc8d52b456ddad362,2014-11-27,5.8
lrm_auctions:subastas_2014_28:956a873dc8d52b456ddad362,2014-12-23,5.831428571428572
lrm_auctions:subastas_2014_29:5b6eb8a66c58a781bc5e1741,2014-01-09,5.6
lrm_auctions:subastas_2014_29:5b6eb8a66c58a781bc5e1741,2014-03-27,6.15
lrm_auctions:subastas_2014_29:5b6eb8a66c58a781bc5e1741,2014-05-29,5.9
lrm_auctions:subastas_2014_29:5b6eb8a66c58a781bc5e1741,2014-06-26,5.89
lrm_auctions:subastas_2014_29:5b6eb8a66c58a781bc5e1741,2014-08-28,5.8
lrm_auctions:subastas_2014_29:5b6eb8a66c58a781bc5e1741,2014-09-25,5.8
lrm_auctions:subastas_2014_29:5b6eb8a66c58a781bc5e1741,2014-10-30,5.75
lrm_auctions:subastas_2014_29:5b6eb8a66c58a781bc5e1741,2014-11-27,5.8
lrm_auctions:subastas_2014_29:5b6eb8a66c58a781bc5e1741,2014-12-23,5.8
lrm_auctions:subastas_2014_2:fc22729f3313615a9203476a,2014-01-09,326000.0
lrm_auctions:subastas_2014_2:fc22729f3313615a9203476a,2014-07-24,195000.0
lrm_auctions:subastas_2014_2:fc22729f3313615a9203476a,2014-09-25,189000.0
lrm_auctions:subastas_2014_2:fc22729f3313615a9203476a,2014-12-23,85000.0
lrm_auctions:subastas_2014_30:ee2c12a55786cf1f1c7f10ae,2014-01-09,6.0
lrm_auctions:subastas_2014_30:ee2c12a55786cf1f1c7f10ae,2014-03-27,6.3
lrm_auctions:subastas_2014_30:ee2c12a55786cf1f1c7f10ae,2014-05-29,6.2
lrm_auctions:subastas_2014_30:ee2c12a55786cf1f1c7f10ae,2014-06-26,6.13
lrm_auctions:subastas_2014_30:ee2c12a55786cf1f1c7f10ae,2014-08-28,5.9
lrm_auctions:subastas_2014_30:ee2c12a55786cf1f1c7f10ae,2014-09-25,5.85
lrm_auctions:subastas_2014_30:ee2c12a55786cf1f1c7f10ae,2014-10-30,5.85
lrm_auctions:subastas_2014_30:ee2c12a55786cf1f1c7f10ae,2014-11-27,5.8
lrm_auctions:subastas_2014_30:ee2c12a55786cf1f1c7f10ae,2014-12-23,5.91
lrm_auctions:subastas_2014_31:42e314b83bffe86da857c019,2014-01-09,5.6627777777777775
lrm_auctions:subastas_2014_31:42e314b83bffe86da857c019,2014-03-27,6.243333333333333
lrm_auctions:subastas_2014_31:42e314b83bffe86da857c019,2014-05-29,5.994
lrm_auctions:subastas_2014_31:42e314b83bffe86da857c019,2014-06-26,5.8905
lrm_auctions:subastas_2014_31:42e314b83bffe86da857c019,2014-08-28,5.8
lrm_auctions:subastas_2014_31:42e314b83bffe86da857c019,2014-09-25,5.8
lrm_auctions:subastas_2014_31:42e314b83bffe86da857c019,2014-10-30,5.798
lrm_auctions:subastas_2014_31:42e314b83bffe86da857c019,2014-11-27,5.8
lrm_auctions:subastas_2014_31:42e314b83bffe86da857c019,2014-12-23,5.831428571428572
lrm_auctions:subastas_2014_32:820ff1f83b051209517929a0,2014-01-09,5.6
lrm_auctions:subastas_2014_32:820ff1f83b051209517929a0,2014-03-27,6.15
lrm_auctions:subastas_2014_32:820ff1f83b051209517929a0,2014-05-29,5.9
lrm_auctions:subastas_2014_32:820ff1f83b051209517929a0,2014-06-26,5.89
lrm_auctions:subastas_2014_32:820ff1f83b051209517929a0,2014-08-28,5.8
lrm_auctions:subastas_2014_32:820ff1f83b051209517929a0,2014-09-25,5.8
lrm_auctions:subastas_2014_32:820ff1f83b051209517929a0,2014-10-30,5.75
lrm_auctions:subastas_2014_32:820ff1f83b051209517929a0,2014-11-27,5.8
lrm_auctions:subastas_2014_32:820ff1f83b051209517929a0,2014-12-23,5.8
lrm_auctions:subastas_2014_33:0598755dd2a01a35e335ef4f,2014-01-09,5.69
lrm_auctions:subastas_2014_33:0598755dd2a01a35e335ef4f,2014-03-27,6.3
lrm_auctions:subastas_2014_33:0598755dd2a01a35e335ef4f,2014-05-29,6.15
lrm_auctions:subastas_2014_33:0598755dd2a01a35e335ef4f,2014-06-26,5.9
lrm_auctions:subastas_2014_33:0598755dd2a01a35e335ef4f,2014-08-28,5.8
lrm_auctions:subastas_2014_33:0598755dd2a01a35e335ef4f,2014-09-25,5.8
lrm_auctions:subastas_2014_33:0598755dd2a01a35e335ef4f,2014-10-30,5.8
lrm_auctions:subastas_2014_33:0598755dd2a01a35e335ef4f,2014-11-27,5.8
lrm_auctions:subastas_2014_33:0598755dd2a01a35e335ef4f,2014-12-23,5.91
lrm_auctions:subastas_2014_34:8fb6d8fff7591399ebbe051c,2014-01-09,70000.0
lrm_auctions:subastas_2014_35:a6cd09ff86d9d253fd6188ed,2014-01-09,110000.0
lrm_auctions:subastas_2014_36:e9bbed59f57a8fd43dcc1d86,2014-01-09,70000.0
lrm_auctions:subastas_2014_37:02c6fac0a2ed6c0d797b7d76,2014-01-09,3.0
lrm_auctions:subastas_2014_38:0875fa13bf423cfcff61b6e3,2014-01-09,2.0
lrm_auctions:subastas_2014_39:5a1a0730506ed177cc6d323b,2014-01-09,6.254545454545455
lrm_auctions:subastas_2014_3:5aec5344e114c688c24f3cfd,2014-01-09,90000.0
lrm_auctions:subastas_2014_3:5aec5344e114c688c24f3cfd,2014-07-24,95000.0
lrm_auctions:subastas_2014_3:5aec5344e114c688c24f3cfd,2014-09-25,184000.0
lrm_auctions:subastas_2014_3:5aec5344e114c688c24f3cfd,2014-12-23,85000.0
lrm_auctions:subastas_2014_40:e9ab5fac5e7d4377990e2db0,2014-01-09,6.2
lrm_auctions:subastas_2014_41:7b25f1e2a326c052a4c5b5b9,2014-01-09,6.5
lrm_auctions:subastas_2014_42:6023aaf4fc26d3afd9894920,2014-01-09,6.2
lrm_auctions:subastas_2014_43:ad83b93662e066f194f5203e,2014-01-09,6.2
lrm_auctions:subastas_2014_44:d83abf79ef3401653638666a,2014-01-09,6.2
lrm_auctions:subastas_2014_45:9af4c4a40b75b578e2853dc0,2014-01-09,110000.0
lrm_auctions:subastas_2014_45:9af4c4a40b75b578e2853dc0,2014-04-10,150000.0
lrm_auctions:subastas_2014_46:06678783c443b5d8fef55ccc,2014-01-09,60000.0
lrm_auctions:subastas_2014_46:06678783c443b5d8fef55ccc,2014-04-10,320000.0
lrm_auctions:subastas_2014_47:9d102be73cae541b834a0968,2014-01-09,1.0
lrm_auctions:subastas_2014_47:9d102be73cae541b834a0968,2014-04-10,5.0
lrm_auctions:subastas_2014_48:ee2b0f64cfb3100baf19d808,2014-01-09,7.35
lrm_auctions:subastas_2014_48:ee2b0f64cfb3100baf19d808,2014-04-10,7.6546875
lrm_auctions:subastas_2014_49:bf2c1462897081933e6e852c,2014-01-09,7.35
lrm_auctions:subastas_2014_49:bf2c1462897081933e6e852c,2014-04-10,7.6
lrm_auctions:subastas_2014_4:fa2f58987deec1386218e267,2014-01-09,8.0
lrm_auctions:subastas_2014_4:fa2f58987deec1386218e267,2014-07-24,3.0
lrm_auctions:subastas_2014_4:fa2f58987deec1386218e267,2014-09-25,6.0
lrm_auctions:subastas_2014_4:fa2f58987deec1386218e267,2014-12-23,2.0
lrm_auctions:subastas_2014_50:5a155b2bfe0e42dbbbcf49d5,2014-01-09,7.35
lrm_auctions:subastas_2014_50:5a155b2bfe0e42dbbbcf49d5,2014-04-10,7.8
lrm_auctions:subastas_2014_51:41f67c318bd76fb6a5c7186b,2014-01-09,50000.0
lrm_auctions:subastas_2014_51:41f67c318bd76fb6a5c7186b,2014-04-10,50000.0
lrm_auctions:subastas_2014_52:3048cae5f3c9742d612cf8b0,2014-02-13,400000.0
lrm_auctions:subastas_2014_52:3048cae5f3c9742d612cf8b0,2014-03-13,400000.0
lrm_auctions:subastas_2014_52:3048cae5f3c9742d612cf8b0,2014-05-29,100000.0
lrm_auctions:subastas_2014_52:3048cae5f3c9742d612cf8b0,2014-06-26,100000.0
lrm_auctions:subastas_2014_52:3048cae5f3c9742d612cf8b0,2014-08-28,100000.0
lrm_auctions:subastas_2014_52:3048cae5f3c9742d612cf8b0,2014-10-30,100000.0
lrm_auctions:subastas_2014_52:3048cae5f3c9742d612cf8b0,2014-11-27,100000.0
lrm_auctions:subastas_2014_53:9247b31e01d1e0ac55a0c613,2014-02-13,566000.0
lrm_auctions:subastas_2014_53:9247b31e01d1e0ac55a0c613,2014-03-13,375000.0
lrm_auctions:subastas_2014_53:9247b31e01d1e0ac55a0c613,2014-05-29,67000.0
lrm_auctions:subastas_2014_53:9247b31e01d1e0ac55a0c613,2014-06-26,193000.0
lrm_auctions:subastas_2014_53:9247b31e01d1e0ac55a0c613,2014-08-28,218000.0
lrm_auctions:subastas_2014_53:9247b31e01d1e0ac55a0c613,2014-10-30,20000.0
lrm_auctions:subastas_2014_54:224b5017a255c316d44d073e,2014-02-13,400000.0
lrm_auctions:subastas_2014_54:224b5017a255c316d44d073e,2014-03-13,205000.0
lrm_auctions:subastas_2014_54:224b5017a255c316d44d073e,2014-05-29,67000.0
lrm_auctions:subastas_2014_54:224b5017a255c316d44d073e,2014-06-26,100000.0
lrm_auctions:subastas_2014_54:224b5017a255c316d44d073e,2014-08-28,100000.0
lrm_auctions:subastas_2014_54:224b5017a255c316d44d073e,2014-10-30,20000.0
lrm_auctions:subastas_2014_55:010d5d8f25a1089f65a054b4,2014-02-13,13.0
lrm_auctions:subastas_2014_55:010d5d8f25a1089f65a054b4,2014-03-13,12.0
lrm_auctions:subastas_2014_55:010d5d8f25a1089f65a054b4,2014-05-29,4.0
lrm_auctions:subastas_2014_55:010d5d8f25a1089f65a054b4,2014-06-26,6.0
lrm_auctions:subastas_2014_55:010d5d8f25a1089f65a054b4,2014-08-28,4.0
lrm_auctions:subastas_2014_55:010d5d8f25a1089f65a054b4,2014-10-30,1.0
lrm_auctions:subastas_2014_56:fc2d241f5907da61bc006a54,2014-02-13,8.0
lrm_auctions:subastas_2014_56:fc2d241f5907da61bc006a54,2014-03-13,6.0
lrm_auctions:subastas_2014_56:fc2d241f5907da61bc006a54,2014-05-29,4.0
lrm_auctions:subastas_2014_56:fc2d241f5907da61bc006a54,2014-06-26,3.0
lrm_auctions:subastas_2014_56:fc2d241f5907da61bc006a54,2014-08-28,2.0
lrm_auctions:subastas_2014_56:fc2d241f5907da61bc006a54,2014-10-30,1.0
lrm_auctions:subastas_2014_57:964a1e7acc58cf13bdd974d0,2014-02-13,5.632756183745583
lrm_auctions:subastas_2014_57:964a1e7acc58cf13bdd974d0,2014-03-13,5.888
lrm_auctions:subastas_2014_57:964a1e7acc58cf13bdd974d0,2014-05-29,5.807462686567164
lrm_auctions:subastas_2014_57:964a1e7acc58cf13bdd974d0,2014-06-26,5.824248704663212
lrm_auctions:subastas_2014_57:964a1e7acc58cf13bdd974d0,2014-08-28,5.789036697247706
lrm_auctions:subastas_2014_57:964a1e7acc58cf13bdd974d0,2014-10-30,5.78
lrm_auctions:subastas_2014_58:a2c726f33786f143af341123,2014-02-13,5.57
lrm_auctions:subastas_2014_58:a2c726f33786f143af341123,2014-03-13,5.79
lrm_auctions:subastas_2014_58:a2c726f33786f143af341123,2014-05-29,5.8
lrm_auctions:subastas_2014_58:a2c726f33786f143af341123,2014-06-26,5.8
lrm_auctions:subastas_2014_58:a2c726f33786f143af341123,2014-08-28,5.77
lrm_auctions:subastas_2014_58:a2c726f33786f143af341123,2014-10-30,5.78
lrm_auctions:subastas_2014_59:ad7a529327e2031b99ba55c6,2014-02-13,6.0
lrm_auctions:subastas_2014_59:ad7a529327e2031b99ba55c6,2014-03-13,6.4
lrm_auctions:subastas_2014_59:ad7a529327e2031b99ba55c6,2014-05-29,5.9
lrm_auctions:subastas_2014_59:ad7a529327e2031b99ba55c6,2014-06-26,5.9
lrm_auctions:subastas_2014_59:ad7a529327e2031b99ba55c6,2014-08-28,5.85
lrm_auctions:subastas_2014_59:ad7a529327e2031b99ba55c6,2014-10-30,5.78
lrm_auctions:subastas_2014_5:d45f7c455271a36d9f87aa52,2014-01-09,1.0
lrm_auctions:subastas_2014_5:d45f7c455271a36d9f87aa52,2014-07-24,2.0
lrm_auctions:subastas_2014_5:d45f7c455271a36d9f87aa52,2014-09-25,5.0
lrm_auctions:subastas_2014_5:d45f7c455271a36d9f87aa52,2014-12-23,2.0
lrm_auctions:subastas_2014_60:908f8f022440bbfbdb65bb24,2014-02-13,5.611925000000001
lrm_auctions:subastas_2014_60:908f8f022440bbfbdb65bb24,2014-03-13,5.804878048780488
lrm_auctions:subastas_2014_60:908f8f022440bbfbdb65bb24,2014-05-29,5.807462686567164
lrm_auctions:subastas_2014_60:908f8f022440bbfbdb65bb24,2014-06-26,5.805
lrm_auctions:subastas_2014_60:908f8f022440bbfbdb65bb24,2014-08-28,5.7792
lrm_auctions:subastas_2014_60:908f8f022440bbfbdb65bb24,2014-10-30,5.78
lrm_auctions:subastas_2014_61:45819eab5b1964d17abc4b91,2014-02-13,5.57
lrm_auctions:subastas_2014_61:45819eab5b1964d17abc4b91,2014-03-13,5.79
lrm_auctions:subastas_2014_61:45819eab5b1964d17abc4b91,2014-05-29,5.8
lrm_auctions:subastas_2014_61:45819eab5b1964d17abc4b91,2014-06-26,5.8
lrm_auctions:subastas_2014_61:45819eab5b1964d17abc4b91,2014-08-28,5.77
lrm_auctions:subastas_2014_61:45819eab5b1964d17abc4b91,2014-10-30,5.78
lrm_auctions:subastas_2014_62:dc674067b244570b92972daa,2014-02-13,5.64
lrm_auctions:subastas_2014_62:dc674067b244570b92972daa,2014-03-13,5.85
lrm_auctions:subastas_2014_62:dc674067b244570b92972daa,2014-05-29,5.9
lrm_auctions:subastas_2014_62:dc674067b244570b92972daa,2014-06-26,5.81
lrm_auctions:subastas_2014_62:dc674067b244570b92972daa,2014-08-28,5.78
lrm_auctions:subastas_2014_62:dc674067b244570b92972daa,2014-10-30,5.78
lrm_auctions:subastas_2014_63:9a2827311a9e9d33ba6ff349,2014-02-13,350000.0
lrm_auctions:subastas_2014_63:9a2827311a9e9d33ba6ff349,2014-05-29,100000.0
lrm_auctions:subastas_2014_63:9a2827311a9e9d33ba6ff349,2014-10-30,100000.0
lrm_auctions:subastas_2014_64:5beeccad37c0b7f1f2692791,2014-02-13,435000.0
lrm_auctions:subastas_2014_64:5beeccad37c0b7f1f2692791,2014-05-29,128000.0
lrm_auctions:subastas_2014_64:5beeccad37c0b7f1f2692791,2014-10-30,20000.0
lrm_auctions:subastas_2014_65:efcf4db332ddff7ea118d64c,2014-02-13,350000.0
lrm_auctions:subastas_2014_65:efcf4db332ddff7ea118d64c,2014-05-29,98000.0
lrm_auctions:subastas_2014_65:efcf4db332ddff7ea118d64c,2014-10-30,20000.0
lrm_auctions:subastas_2014_66:bc3c70bc79470454e1623143,2014-02-13,8.0
lrm_auctions:subastas_2014_66:bc3c70bc79470454e1623143,2014-05-29,6.0
lrm_auctions:subastas_2014_66:bc3c70bc79470454e1623143,2014-10-30,1.0
lrm_auctions:subastas_2014_67:9b641e907ff47dfb7bd2d959,2014-02-13,6.0
lrm_auctions:subastas_2014_67:9b641e907ff47dfb7bd2d959,2014-05-29,5.0
lrm_auctions:subastas_2014_67:9b641e907ff47dfb7bd2d959,2014-10-30,1.0
lrm_auctions:subastas_2014_68:522a9ff86f0c5f3925788c15,2014-02-13,5.809770114942529
lrm_auctions:subastas_2014_68:522a9ff86f0c5f3925788c15,2014-05-29,5.905390625
lrm_auctions:subastas_2014_68:522a9ff86f0c5f3925788c15,2014-10-30,5.79
lrm_auctions:subastas_2014_69:f835a7565286472f6064b1eb,2014-02-13,5.75
lrm_auctions:subastas_2014_69:f835a7565286472f6064b1eb,2014-05-29,5.83
lrm_auctions:subastas_2014_69:f835a7565286472f6064b1eb,2014-10-30,5.79
lrm_auctions:subastas_2014_6:b09aacb562341369ce00cbcb,2014-01-09,5.207055214723926
lrm_auctions:subastas_2014_6:b09aacb562341369ce00cbcb,2014-07-24,5.897948717948718
lrm_auctions:subastas_2014_6:b09aacb562341369ce00cbcb,2014-09-25,5.779629629629629
lrm_auctions:subastas_2014_6:b09aacb562341369ce00cbcb,2014-12-23,5.7676470588235285
lrm_auctions:subastas_2014_70:1569b092994575e4f365fd80,2014-02-13,6.0
lrm_auctions:subastas_2014_70:1569b092994575e4f365fd80,2014-05-29,6.0
lrm_auctions:subastas_2014_70:1569b092994575e4f365fd80,2014-10-30,5.79
lrm_auctions:subastas_2014_71:eea99792d3080cc491e41e61,2014-02-13,5.779142857142857
lrm_auctions:subastas_2014_71:eea99792d3080cc491e41e61,2014-05-29,5.876428571428572
lrm_auctions:subastas_2014_71:eea99792d3080cc491e41e61,2014-10-30,5.79
lrm_auctions:subastas_2014_72:ce4ce2fcd94fb6a8be5ccb97,2014-02-13,5.75
lrm_auctions:subastas_2014_72:ce4ce2fcd94fb6a8be5ccb97,2014-05-29,5.83
lrm_auctions:subastas_2014_72:ce4ce2fcd94fb6a8be5ccb97,2014-10-30,5.79
lrm_auctions:subastas_2014_73:66705411d4f15df9e2d9209b,2014-02-13,5.83
lrm_auctions:subastas_2014_73:66705411d4f15df9e2d9209b,2014-05-29,5.98
lrm_auctions:subastas_2014_73:66705411d4f15df9e2d9209b,2014-10-30,5.79
lrm_auctions:subastas_2014_74:1a1cebaee3257d71d2d0a573,2014-02-13,300000.0
lrm_auctions:subastas_2014_74:1a1cebaee3257d71d2d0a573,2014-03-13,150000.0
lrm_auctions:subastas_2014_74:1a1cebaee3257d71d2d0a573,2014-04-10,300000.0
lrm_auctions:subastas_2014_75:ec8606ab8d9972b38513632d,2014-02-13,500000.0
lrm_auctions:subastas_2014_75:ec8606ab8d9972b38513632d,2014-03-13,315000.0
lrm_auctions:subastas_2014_75:ec8606ab8d9972b38513632d,2014-04-10,410000.0
lrm_auctions:subastas_2014_76:4e7dfcc660abf5fb4b81ff7f,2014-02-13,300000.0
lrm_auctions:subastas_2014_76:4e7dfcc660abf5fb4b81ff7f,2014-03-13,150000.0
lrm_auctions:subastas_2014_76:4e7dfcc660abf5fb4b81ff7f,2014-04-10,300000.0
lrm_auctions:subastas_2014_77:a5bd43ddc54981ebd166fa2a,2014-02-13,6.0
lrm_auctions:subastas_2014_77:a5bd43ddc54981ebd166fa2a,2014-03-13,7.0
lrm_auctions:subastas_2014_77:a5bd43ddc54981ebd166fa2a,2014-04-10,7.0
lrm_auctions:subastas_2014_78:3a937d9eec2d6d4e68fe204a,2014-02-13,4.0
lrm_auctions:subastas_2014_78:3a937d9eec2d6d4e68fe204a,2014-03-13,5.0
lrm_auctions:subastas_2014_78:3a937d9eec2d6d4e68fe204a,2014-04-10,6.0
lrm_auctions:subastas_2014_79:34244bb7320d0378a2b5612a,2014-02-13,6.2154
lrm_auctions:subastas_2014_79:34244bb7320d0378a2b5612a,2014-03-13,6.306349206349206
lrm_auctions:subastas_2014_79:34244bb7320d0378a2b5612a,2014-04-10,6.13780487804878
lrm_auctions:subastas_2014_7:5dac7e8944fc9c4ab5605db6,2014-01-09,5.14
lrm_auctions:subastas_2014_7:5dac7e8944fc9c4ab5605db6,2014-07-24,5.79
lrm_auctions:subastas_2014_7:5dac7e8944fc9c4ab5605db6,2014-09-25,5.75
lrm_auctions:subastas_2014_7:5dac7e8944fc9c4ab5605db6,2014-12-23,5.75
lrm_auctions:subastas_2014_80:69f7f3b155244db307902eac,2014-02-13,6.0
lrm_auctions:subastas_2014_80:69f7f3b155244db307902eac,2014-03-13,6.05
lrm_auctions:subastas_2014_80:69f7f3b155244db307902eac,2014-04-10,6.08
lrm_auctions:subastas_2014_81:6e4df87ff9194577367d1dbc,2014-02-13,6.3
lrm_auctions:subastas_2014_81:6e4df87ff9194577367d1dbc,2014-03-13,6.45
lrm_auctions:subastas_2014_81:6e4df87ff9194577367d1dbc,2014-04-10,6.3
lrm_auctions:subastas_2014_82:573afa6e69b8121916dc1e8b,2014-02-13,6.167333333333334
lrm_auctions:subastas_2014_82:573afa6e69b8121916dc1e8b,2014-03-13,6.173333333333333
lrm_auctions:subastas_2014_82:573afa6e69b8121916dc1e8b,2014-04-10,6.123333333333333
lrm_auctions:subastas_2014_83:6c12d8c69633a9e4afa70af5,2014-02-13,6.0
lrm_auctions:subastas_2014_83:6c12d8c69633a9e4afa70af5,2014-03-13,6.05
lrm_auctions:subastas_2014_83:6c12d8c69633a9e4afa70af5,2014-04-10,6.08
lrm_auctions:subastas_2014_84:03575e1e82de614c994c7325,2014-02-13,6.2
lrm_auctions:subastas_2014_84:03575e1e82de614c994c7325,2014-03-13,6.2
lrm_auctions:subastas_2014_84:03575e1e82de614c994c7325,2014-04-10,6.15
lrm_auctions:subastas_2014_85:b11b12cbf360c779f40e1940,2014-02-13,100000.0
lrm_auctions:subastas_2014_86:6b7ae399bc6b981d1867146b,2014-02-13,145000.0
lrm_auctions:subastas_2014_87:796bc87df5ac6745fe0657e0,2014-02-13,100000.0
lrm_auctions:subastas_2014_88:4b7a4bf872ec5a5f0c388dd5,2014-02-13,3.0
lrm_auctions:subastas_2014_89:8656e41931eace1c5c48cfa8,2014-02-13,2.0
lrm_auctions:subastas_2014_8:7f8c29f6df4d56cb04fd1f67,2014-01-09,5.25
lrm_auctions:subastas_2014_8:7f8c29f6df4d56cb04fd1f67,2014-07-24,6.0
lrm_auctions:subastas_2014_8:7f8c29f6df4d56cb04fd1f67,2014-09-25,5.85
lrm_auctions:subastas_2014_8:7f8c29f6df4d56cb04fd1f67,2014-12-23,5.77
lrm_auctions:subastas_2014_90:40fdc783f7eae85882415787,2014-02-13,7.9
lrm_auctions:subastas_2014_91:858b037e3b6841ea14f250b4,2014-02-13,7.74
lrm_auctions:subastas_2014_92:175d697c7c5d23c9ba7c6fc7,2014-02-13,8.25
lrm_auctions:subastas_2014_93:727d3f43a277b11b143d4897,2014-02-13,7.805
lrm_auctions:subastas_2014_94:468ed7f0a0702b2aa192aa81,2014-02-13,7.74
lrm_auctions:subastas_2014_95:d4eade0cd5534d50f10b7d25,2014-02-13,8.0
lrm_auctions:subastas_2014_96:d3f51a4ccde8dc86ab967f5e,2014-02-13,100000.0
lrm_auctions:subastas_2014_97:50a95a08d3fd3dfc67bd80fb,2014-02-13,10000.0
lrm_auctions:subastas_2014_98:4cc7edf0ef87f65b397dae85,2014-02-13,1.0
lrm_auctions:subastas_2014_99:b4ca95cdaa1943fc0cb5f7bf,2014-02-13,8.4
lrm_auctions:subastas_2014_9:cf0cd36a472795f63988f1ad,2014-01-09,5.14
lrm_auctions:subastas_2014_9:cf0cd36a472795f63988f1ad,2014-07-24,5.7905263157894735
lrm_auctions:subastas_2014_9:cf0cd36a472795f63988f1ad,2014-09-25,5.777717391304348
lrm_auctions:subastas_2014_9:cf0cd36a472795f63988f1ad,2014-12-23,5.7676470588235285
lrm_auctions:subastas_2015:3048cae5f3c9742d612cf8b0,2015-01-28,50000.0
lrm_auctions:subastas_2015:3048cae5f3c9742d612cf8b0,2015-02-25,100000.0
lrm_auctions:subastas_2015:3048cae5f3c9742d612cf8b0,2015-03-25,150000.0
lrm_auctions:subastas_2015:3048cae5f3c9742d612cf8b0,2015-05-27,50000.0
lrm_auctions:subastas_2015:3048cae5f3c9742d612cf8b0,2015-07-29,20000.0
lrm_auctions:subastas_2015:3048cae5f3c9742d612cf8b0,2015-08-26,50000.0
lrm_auctions:subastas_2015:3048cae5f3c9742d612cf8b0,2015-10-28,50000.0
lrm_auctions:subastas_2015_100:6291f22e12272550ddb19294,2015-04-22,50000.0
lrm_auctions:subastas_2015_100:6291f22e12272550ddb19294,2015-06-24,50000.0
lrm_auctions:subastas_2015_100:6291f22e12272550ddb19294,2015-09-23,50000.0
lrm_auctions:subastas_2015_101:fc22729f3313615a9203476a,2015-04-22,50000.0
lrm_auctions:subastas_2015_101:fc22729f3313615a9203476a,2015-06-24,10000.0
lrm_auctions:subastas_2015_101:fc22729f3313615a9203476a,2015-09-23,10000.0
lrm_auctions:subastas_2015_102:5aec5344e114c688c24f3cfd,2015-04-22,50000.0
lrm_auctions:subastas_2015_102:5aec5344e114c688c24f3cfd,2015-06-24,10000.0
lrm_auctions:subastas_2015_103:fa2f58987deec1386218e267,2015-04-22,3.0
lrm_auctions:subastas_2015_103:fa2f58987deec1386218e267,2015-06-24,1.0
lrm_auctions:subastas_2015_103:fa2f58987deec1386218e267,2015-09-23,2.0
lrm_auctions:subastas_2015_104:d45f7c455271a36d9f87aa52,2015-04-22,3.0
lrm_auctions:subastas_2015_104:d45f7c455271a36d9f87aa52,2015-06-24,1.0
lrm_auctions:subastas_2015_105:b09aacb562341369ce00cbcb,2015-04-22,5.472
lrm_auctions:subastas_2015_105:b09aacb562341369ce00cbcb,2015-06-24,5.3
lrm_auctions:subastas_2015_105:b09aacb562341369ce00cbcb,2015-09-23,6.525
lrm_auctions:subastas_2015_106:5dac7e8944fc9c4ab5605db6,2015-04-22,5.46
lrm_auctions:subastas_2015_106:5dac7e8944fc9c4ab5605db6,2015-06-24,5.3
lrm_auctions:subastas_2015_106:5dac7e8944fc9c4ab5605db6,2015-09-23,6.25
lrm_auctions:subastas_2015_107:7f8c29f6df4d56cb04fd1f67,2015-04-22,5.55
lrm_auctions:subastas_2015_107:7f8c29f6df4d56cb04fd1f67,2015-06-24,5.3
lrm_auctions:subastas_2015_107:7f8c29f6df4d56cb04fd1f67,2015-09-23,6.8
lrm_auctions:subastas_2015_108:cf0cd36a472795f63988f1ad,2015-04-22,5.472
lrm_auctions:subastas_2015_108:cf0cd36a472795f63988f1ad,2015-06-24,5.3
lrm_auctions:subastas_2015_109:8593b0fd7a59100882b72087,2015-04-22,5.46
lrm_auctions:subastas_2015_109:8593b0fd7a59100882b72087,2015-06-24,5.3
lrm_auctions:subastas_2015_10:45819eab5b1964d17abc4b91,2015-01-28,5.74
lrm_auctions:subastas_2015_10:45819eab5b1964d17abc4b91,2015-02-25,5.74
lrm_auctions:subastas_2015_10:45819eab5b1964d17abc4b91,2015-03-25,5.73
lrm_auctions:subastas_2015_10:45819eab5b1964d17abc4b91,2015-05-27,5.3
lrm_auctions:subastas_2015_110:db4d04bed7c47f4e72fbf182,2015-04-22,5.55
lrm_auctions:subastas_2015_110:db4d04bed7c47f4e72fbf182,2015-06-24,5.3
lrm_auctions:subastas_2015_111:e168ba907d86d66135609ffe,2015-04-22,100000.0
lrm_auctions:subastas_2015_112:54cb2a43f0f907b65c5e292d,2015-04-22,150300.0
lrm_auctions:subastas_2015_113:8fe9354e9dbffc6520ff92ae,2015-04-22,100000.0
lrm_auctions:subastas_2015_114:e7e1b8fd87c1e28ed0126cc1,2015-04-22,9.0
lrm_auctions:subastas_2015_115:35cf952804fc72c665c0475a,2015-04-22,5.0
lrm_auctions:subastas_2015_116:47c7d14958d44202f576a601,2015-04-22,5.619427811044577
lrm_auctions:subastas_2015_117:a4d118f1fd0175e34946721c,2015-04-22,5.5
lrm_auctions:subastas_2015_118:d848ec47042f58bad3407aff,2015-04-22,6.15
lrm_auctions:subastas_2015_119:66b9d20c01e888f251b5cee9,2015-04-22,5.5497
lrm_auctions:subastas_2015_11:dc674067b244570b92972daa,2015-01-28,5.76
lrm_auctions:subastas_2015_11:dc674067b244570b92972daa,2015-02-25,5.74
lrm_auctions:subastas_2015_11:dc674067b244570b92972daa,2015-03-25,5.73
lrm_auctions:subastas_2015_11:dc674067b244570b92972daa,2015-05-27,5.55
lrm_auctions:subastas_2015_120:4b551f3170b65c380c5f7c82,2015-04-22,5.5
lrm_auctions:subastas_2015_121:a36159cea0b1ae1305daa5f3,2015-04-22,5.6
lrm_auctions:subastas_2015_122:8d1c4336c45453c11a855e39,2015-04-22,300000.0
lrm_auctions:subastas_2015_122:8d1c4336c45453c11a855e39,2015-12-16,50000.0
lrm_auctions:subastas_2015_123:7fb56ae347f47e4a1fee8f0b,2015-04-22,405000.0
lrm_auctions:subastas_2015_123:7fb56ae347f47e4a1fee8f0b,2015-12-16,35000.0
lrm_auctions:subastas_2015_124:f5a2d962b61a4d15667d7501,2015-04-22,300000.0
lrm_auctions:subastas_2015_124:f5a2d962b61a4d15667d7501,2015-12-16,35000.0
lrm_auctions:subastas_2015_125:5ef665bf2bf1161dbef3b01d,2015-04-22,10.0
lrm_auctions:subastas_2015_125:5ef665bf2bf1161dbef3b01d,2015-12-16,1.0
lrm_auctions:subastas_2015_126:51a87a18fc0fea8d47dbfae5,2015-04-22,6.0
lrm_auctions:subastas_2015_126:51a87a18fc0fea8d47dbfae5,2015-12-16,1.0
lrm_auctions:subastas_2015_127:2e71d36d6f0175432b85781a,2015-04-22,5.838641975308642
lrm_auctions:subastas_2015_127:2e71d36d6f0175432b85781a,2015-12-16,6.6
lrm_auctions:subastas_2015_128:4e5fa0b8f6756d7795ea8262,2015-04-22,5.75
lrm_auctions:subastas_2015_128:4e5fa0b8f6756d7795ea8262,2015-12-16,6.6
lrm_auctions:subastas_2015_129:3010f225e79dc375b07739ad,2015-04-22,6.25
lrm_auctions:subastas_2015_129:3010f225e79dc375b07739ad,2015-12-16,6.6
lrm_auctions:subastas_2015_12:9a2827311a9e9d33ba6ff349,2015-01-28,100000.0
lrm_auctions:subastas_2015_12:9a2827311a9e9d33ba6ff349,2015-02-25,100000.0
lrm_auctions:subastas_2015_12:9a2827311a9e9d33ba6ff349,2015-07-29,20000.0
lrm_auctions:subastas_2015_130:e9ac6513d95136eebafc6c51,2015-04-22,5.781333333333333
lrm_auctions:subastas_2015_130:e9ac6513d95136eebafc6c51,2015-12-16,6.6
lrm_auctions:subastas_2015_131:e20621bef08ca53683d8c2dd,2015-04-22,5.75
lrm_auctions:subastas_2015_131:e20621bef08ca53683d8c2dd,2015-12-16,6.6
lrm_auctions:subastas_2015_132:4f4919f4d731f9907d4bdd22,2015-04-22,5.95
lrm_auctions:subastas_2015_132:4f4919f4d731f9907d4bdd22,2015-12-16,6.6
lrm_auctions:subastas_2015_133:34317e3b600a5d9c905e4e0e,2015-04-22,500000.0
lrm_auctions:subastas_2015_133:34317e3b600a5d9c905e4e0e,2015-12-16,50000.0
lrm_auctions:subastas_2015_134:687359eed35381f1ea3c2a2a,2015-04-22,610000.0
lrm_auctions:subastas_2015_134:687359eed35381f1ea3c2a2a,2015-12-16,5000.0
lrm_auctions:subastas_2015_135:b59a75cade1246e5b1118b9f,2015-04-22,485000.0
lrm_auctions:subastas_2015_135:b59a75cade1246e5b1118b9f,2015-12-16,5000.0
lrm_auctions:subastas_2015_136:05896d317a407e07dc81011c,2015-04-22,10.0
lrm_auctions:subastas_2015_136:05896d317a407e07dc81011c,2015-12-16,1.0
lrm_auctions:subastas_2015_137:3beba1f89bfdcb5880472808,2015-04-22,7.0
lrm_auctions:subastas_2015_137:3beba1f89bfdcb5880472808,2015-12-16,1.0
lrm_auctions:subastas_2015_138:a059479a36d254e1702b3aeb,2015-04-22,6.148196721311475
lrm_auctions:subastas_2015_138:a059479a36d254e1702b3aeb,2015-12-16,6.9
lrm_auctions:subastas_2015_139:33b667ad83372670b5d5baf4,2015-04-22,5.65
lrm_auctions:subastas_2015_139:33b667ad83372670b5d5baf4,2015-12-16,6.9
lrm_auctions:subastas_2015_13:5beeccad37c0b7f1f2692791,2015-01-28,40000.0
lrm_auctions:subastas_2015_13:5beeccad37c0b7f1f2692791,2015-02-25,90000.0
lrm_auctions:subastas_2015_13:5beeccad37c0b7f1f2692791,2015-07-29,10000.0
lrm_auctions:subastas_2015_140:dd8accda8d966d3bc6079655,2015-04-22,6.5
lrm_auctions:subastas_2015_140:dd8accda8d966d3bc6079655,2015-12-16,6.9
lrm_auctions:subastas_2015_141:e2abf549bed7799cb5501ff8,2015-04-22,6.060103092783505
lrm_auctions:subastas_2015_141:e2abf549bed7799cb5501ff8,2015-12-16,6.9
lrm_auctions:subastas_2015_142:25ca3955f4c9d3729645be8d,2015-04-22,5.65
lrm_auctions:subastas_2015_142:25ca3955f4c9d3729645be8d,2015-12-16,6.9
lrm_auctions:subastas_2015_143:2b75e274d60a7b8741d68e0a,2015-04-22,6.25
lrm_auctions:subastas_2015_143:2b75e274d60a7b8741d68e0a,2015-12-16,6.9
lrm_auctions:subastas_2015_144:19aa0c2824e33beffefd746e,2015-04-22,500000.0
lrm_auctions:subastas_2015_144:19aa0c2824e33beffefd746e,2015-09-23,50000.0
lrm_auctions:subastas_2015_145:702b30d234583a528a8b322e,2015-04-22,565000.0
lrm_auctions:subastas_2015_145:702b30d234583a528a8b322e,2015-09-23,5000.0
lrm_auctions:subastas_2015_146:453e8f11c1454c72a3453daf,2015-04-22,465000.0
lrm_auctions:subastas_2015_147:cc75095a6da3152284529e7d,2015-04-22,8.0
lrm_auctions:subastas_2015_147:cc75095a6da3152284529e7d,2015-09-23,1.0
lrm_auctions:subastas_2015_148:3d2f0a4dc05234c9fbfc5246,2015-04-22,7.0
lrm_auctions:subastas_2015_149:2e5b9d3c20eb99013f97a873,2015-04-22,6.478053097345133
lrm_auctions:subastas_2015_149:2e5b9d3c20eb99013f97a873,2015-09-23,7.8
lrm_auctions:subastas_2015_14:efcf4db332ddff7ea118d64c,2015-01-28,40000.0
lrm_auctions:subastas_2015_14:efcf4db332ddff7ea118d64c,2015-02-25,90000.0
lrm_auctions:subastas_2015_14:efcf4db332ddff7ea118d64c,2015-07-29,10000.0
lrm_auctions:subastas_2015_150:7c22f0dab2c1ad133ca5ff18,2015-04-22,6.15
lrm_auctions:subastas_2015_150:7c22f0dab2c1ad133ca5ff18,2015-09-23,7.8
lrm_auctions:subastas_2015_151:bd44e49ef0de63f7ce67ae25,2015-04-22,7.0
lrm_auctions:subastas_2015_151:bd44e49ef0de63f7ce67ae25,2015-09-23,7.8
lrm_auctions:subastas_2015_152:43f0ddf9ef671fde4eba31bc,2015-04-22,6.365806451612904
lrm_auctions:subastas_2015_153:8739aec9d9e7afaa55117a42,2015-04-22,6.15
lrm_auctions:subastas_2015_154:a630b9e0899d1a4f4ae30133,2015-04-22,6.75
lrm_auctions:subastas_2015_155:96c0322bc00495cfd12314e0,2015-06-24,200000.0
lrm_auctions:subastas_2015_155:96c0322bc00495cfd12314e0,2015-09-23,100000.0
lrm_auctions:subastas_2015_156:ba0e5e4ea7797961da0bab3a,2015-06-24,202500.0
lrm_auctions:subastas_2015_156:ba0e5e4ea7797961da0bab3a,2015-09-23,50000.0
lrm_auctions:subastas_2015_157:65213aa83c8499c40bc2b56e,2015-06-24,192500.0
lrm_auctions:subastas_2015_158:efaa226f0cecde0232b30e05,2015-06-24,6.0
lrm_auctions:subastas_2015_158:efaa226f0cecde0232b30e05,2015-09-23,1.0
lrm_auctions:subastas_2015_159:34d2fe3147603f22d9ff7631,2015-06-24,4.0
lrm_auctions:subastas_2015_15:bc3c70bc79470454e1623143,2015-01-28,2.0
lrm_auctions:subastas_2015_15:bc3c70bc79470454e1623143,2015-02-25,4.0
lrm_auctions:subastas_2015_15:bc3c70bc79470454e1623143,2015-07-29,1.0
lrm_auctions:subastas_2015_160:1940848ee6823ef5f51ec0b4,2015-06-24,5.66
lrm_auctions:subastas_2015_160:1940848ee6823ef5f51ec0b4,2015-09-23,6.5
lrm_auctions:subastas_2015_161:c030286ed3355783c0673c7d,2015-06-24,5.55
lrm_auctions:subastas_2015_161:c030286ed3355783c0673c7d,2015-09-23,6.5
lrm_auctions:subastas_2015_162:83d89ad17d3ceb4c42d40761,2015-06-24,5.95
lrm_auctions:subastas_2015_162:83d89ad17d3ceb4c42d40761,2015-09-23,6.5
lrm_auctions:subastas_2015_163:c58ba791d81e59b0b4a797b4,2015-06-24,5.644935064935065
lrm_auctions:subastas_2015_164:4e50d3c7509afefce25c8ca7,2015-06-24,5.55
lrm_auctions:subastas_2015_165:06aa2766f4661a251128d357,2015-06-24,5.88
lrm_auctions:subastas_2015_166:c34d01d6d2430bbb95eb11a1,2015-10-28,50000.0
lrm_auctions:subastas_2015_167:e62d93f06f3f9b4e907ff7ad,2015-10-28,5000.0
lrm_auctions:subastas_2015_168:63830898e6c2b0fd9796bafa,2015-10-28,5000.0
lrm_auctions:subastas_2015_169:0f6e9ce56292e33e29524b68,2015-10-28,1.0
lrm_auctions:subastas_2015_16:9b641e907ff47dfb7bd2d959,2015-01-28,2.0
lrm_auctions:subastas_2015_16:9b641e907ff47dfb7bd2d959,2015-02-25,4.0
lrm_auctions:subastas_2015_16:9b641e907ff47dfb7bd2d959,2015-07-29,1.0
lrm_auctions:subastas_2015_170:8cddf2369b5f941ff7dac249,2015-10-28,1.0
lrm_auctions:subastas_2015_171:cd9962bed25254826db0de8b,2015-10-28,5.6
lrm_auctions:subastas_2015_172:72d1e363dc6191ae1804c278,2015-10-28,5.6
lrm_auctions:subastas_2015_173:6bd615a06e41136f83076d28,2015-10-28,5.6
lrm_auctions:subastas_2015_174:4b9e42bbeac12ef3f153cdc3,2015-10-28,5.6
lrm_auctions:subastas_2015_175:5f2ab7ff92dcb6ebd2503643,2015-10-28,5.6
lrm_auctions:subastas_2015_176:fe13191ec2aa7b1b5a4e8d3c,2015-10-28,5.6
lrm_auctions:subastas_2015_177:908bb85e48af081afbe16a9f,2015-11-25,50000.0
lrm_auctions:subastas_2015_178:4c535921dfafda6e95807472,2015-12-16,50000.0
lrm_auctions:subastas_2015_179:39b3140dd94ceb79be53bb8c,2015-12-16,57000.0
lrm_auctions:subastas_2015_17:522a9ff86f0c5f3925788c15,2015-01-28,5.75
lrm_auctions:subastas_2015_17:522a9ff86f0c5f3925788c15,2015-02-25,5.7555555555555555
lrm_auctions:subastas_2015_17:522a9ff86f0c5f3925788c15,2015-07-29,4.95
lrm_auctions:subastas_2015_180:95d25676e2989059dda188e3,2015-12-16,47000.0
lrm_auctions:subastas_2015_181:957785d61f991ef3a3c06069,2015-12-16,4.0
lrm_auctions:subastas_2015_182:19b2da5fc3dcc3fb074f782e,2015-12-16,3.0
lrm_auctions:subastas_2015_183:cc5f3d2158866c96a5365a6d,2015-12-16,5.946491228070175
lrm_auctions:subastas_2015_184:65b2558d55a9dda11dfe71fd,2015-12-16,5.75
lrm_auctions:subastas_2015_185:b9c7b3a3f2a6074ffdb44811,2015-12-16,6.05
lrm_auctions:subastas_2015_186:84b2b310c4249feeebcd9cad,2015-12-16,5.924468085106383
lrm_auctions:subastas_2015_187:17b645c9af576853ac0f707a,2015-12-16,5.75
lrm_auctions:subastas_2015_188:7167d3844f8c949a0ff1df31,2015-12-16,5.98
lrm_auctions:subastas_2015_189:d40cb3bd667b330321448bba,2015-12-16,50000.0
lrm_auctions:subastas_2015_18:f835a7565286472f6064b1eb,2015-01-28,5.75
lrm_auctions:subastas_2015_18:f835a7565286472f6064b1eb,2015-02-25,5.75
lrm_auctions:subastas_2015_18:f835a7565286472f6064b1eb,2015-07-29,4.95
lrm_auctions:subastas_2015_190:d7a94d45e8d8abe2bbbfefb8,2015-12-16,110000.0
lrm_auctions:subastas_2015_191:183fed054add6816ec508a5a,2015-12-16,50000.0
lrm_auctions:subastas_2015_192:3833495dfa1ada9b9ffd20d4,2015-12-16,6.0
lrm_auctions:subastas_2015_193:56cf7b3455f7aff6918c3d02,2015-12-16,3.0
lrm_auctions:subastas_2015_194:013820cfc47db168293079da,2015-12-16,6.0209090909090905
lrm_auctions:subastas_2015_195:0adab118d35eaeb52e532971,2015-12-16,5.9
lrm_auctions:subastas_2015_196:a0efd2ccb4682e6c1bb8c44d,2015-12-16,6.2
lrm_auctions:subastas_2015_197:6fb75b18ec9b400c570c6786,2015-12-16,5.94
lrm_auctions:subastas_2015_198:f157103e9b30a844592b0ee3,2015-12-16,5.9
lrm_auctions:subastas_2015_199:79abb7398819c916cec293a3,2015-12-16,5.95
lrm_auctions:subastas_2015_19:1569b092994575e4f365fd80,2015-01-28,5.75
lrm_auctions:subastas_2015_19:1569b092994575e4f365fd80,2015-02-25,5.85
lrm_auctions:subastas_2015_19:1569b092994575e4f365fd80,2015-07-29,4.95
lrm_auctions:subastas_2015_200:e03c2e89d0f62cb1cc88555e,2015-12-16,50000.0
lrm_auctions:subastas_2015_20:eea99792d3080cc491e41e61,2015-01-28,5.75
lrm_auctions:subastas_2015_20:eea99792d3080cc491e41e61,2015-02-25,5.7555555555555555
lrm_auctions:subastas_2015_20:eea99792d3080cc491e41e61,2015-07-29,4.95
lrm_auctions:subastas_2015_21:ce4ce2fcd94fb6a8be5ccb97,2015-01-28,5.75
lrm_auctions:subastas_2015_21:ce4ce2fcd94fb6a8be5ccb97,2015-02-25,5.75
lrm_auctions:subastas_2015_21:ce4ce2fcd94fb6a8be5ccb97,2015-07-29,4.95
lrm_auctions:subastas_2015_22:66705411d4f15df9e2d9209b,2015-01-28,5.75
lrm_auctions:subastas_2015_22:66705411d4f15df9e2d9209b,2015-02-25,5.85
lrm_auctions:subastas_2015_22:66705411d4f15df9e2d9209b,2015-07-29,4.95
lrm_auctions:subastas_2015_23:857b1e4879ee7d121e324c09,2015-01-28,100000.0
lrm_auctions:subastas_2015_23:857b1e4879ee7d121e324c09,2015-09-23,100000.0
lrm_auctions:subastas_2015_24:5909046bd0120979e666c505,2015-01-28,141000.0
lrm_auctions:subastas_2015_24:5909046bd0120979e666c505,2015-09-23,26000.0
lrm_auctions:subastas_2015_25:67656b9c639e06f0a28f57b6,2015-01-28,100000.0
lrm_auctions:subastas_2015_25:67656b9c639e06f0a28f57b6,2015-09-23,26000.0
lrm_auctions:subastas_2015_26:0dea703a198af145df8a65bc,2015-01-28,5.0
lrm_auctions:subastas_2015_26:0dea703a198af145df8a65bc,2015-09-23,2.0
lrm_auctions:subastas_2015_27:2551ad7f544c70bcbdfdf1dd,2015-01-28,4.0
lrm_auctions:subastas_2015_27:2551ad7f544c70bcbdfdf1dd,2015-09-23,2.0
lrm_auctions:subastas_2015_28:5bffc9cd5a0ae7e3ec159630,2015-01-28,5.868439716312056
lrm_auctions:subastas_2015_28:5bffc9cd5a0ae7e3ec159630,2015-09-23,6.123076923076923
lrm_auctions:subastas_2015_29:b190ac3edc1c362b8f602c4f,2015-01-28,5.75
lrm_auctions:subastas_2015_29:b190ac3edc1c362b8f602c4f,2015-09-23,6.0
lrm_auctions:subastas_2015_2:9247b31e01d1e0ac55a0c613,2015-01-28,20000.0
lrm_auctions:subastas_2015_2:9247b31e01d1e0ac55a0c613,2015-02-25,15000.0
lrm_auctions:subastas_2015_2:9247b31e01d1e0ac55a0c613,2015-03-25,10000.0
lrm_auctions:subastas_2015_2:9247b31e01d1e0ac55a0c613,2015-05-27,30000.0
lrm_auctions:subastas_2015_30:a2c2406d329a66ba2494f648,2015-01-28,5.91
lrm_auctions:subastas_2015_30:a2c2406d329a66ba2494f648,2015-09-23,6.2
lrm_auctions:subastas_2015_31:69ce62994afcb8aca66ee625,2015-01-28,5.8535
lrm_auctions:subastas_2015_31:69ce62994afcb8aca66ee625,2015-09-23,6.123076923076923
lrm_auctions:subastas_2015_32:a9eb5f20381e9fd66207e793,2015-01-28,5.75
lrm_auctions:subastas_2015_32:a9eb5f20381e9fd66207e793,2015-09-23,6.0
lrm_auctions:subastas_2015_33:f6f9b367a29c1d0467dd79fa,2015-01-28,5.9
lrm_auctions:subastas_2015_33:f6f9b367a29c1d0467dd79fa,2015-09-23,6.2
lrm_auctions:subastas_2015_34:e44c1e3c52f41f63ed5605bd,2015-01-28,150000.0
lrm_auctions:subastas_2015_34:e44c1e3c52f41f63ed5605bd,2015-02-25,150000.0
lrm_auctions:subastas_2015_34:e44c1e3c52f41f63ed5605bd,2015-03-25,400000.0
lrm_auctions:subastas_2015_34:e44c1e3c52f41f63ed5605bd,2015-05-27,200000.0
lrm_auctions:subastas_2015_34:e44c1e3c52f41f63ed5605bd,2015-07-29,150000.0
lrm_auctions:subastas_2015_34:e44c1e3c52f41f63ed5605bd,2015-08-26,150000.0
lrm_auctions:subastas_2015_34:e44c1e3c52f41f63ed5605bd,2015-10-28,50000.0
lrm_auctions:subastas_2015_34:e44c1e3c52f41f63ed5605bd,2015-11-25,50000.0
lrm_auctions:subastas_2015_35:aaf6eb65b92a1b566a413296,2015-01-28,130000.0
lrm_auctions:subastas_2015_35:aaf6eb65b92a1b566a413296,2015-02-25,266000.0
lrm_auctions:subastas_2015_35:aaf6eb65b92a1b566a413296,2015-03-25,160000.0
lrm_auctions:subastas_2015_35:aaf6eb65b92a1b566a413296,2015-05-27,185000.0
lrm_auctions:subastas_2015_35:aaf6eb65b92a1b566a413296,2015-08-26,110000.0
lrm_auctions:subastas_2015_35:aaf6eb65b92a1b566a413296,2015-11-25,10000.0
lrm_auctions:subastas_2015_36:640b4b056ff21faadf718dca,2015-01-28,130000.0
lrm_auctions:subastas_2015_36:640b4b056ff21faadf718dca,2015-02-25,150000.0
lrm_auctions:subastas_2015_36:640b4b056ff21faadf718dca,2015-03-25,160000.0
lrm_auctions:subastas_2015_36:640b4b056ff21faadf718dca,2015-05-27,185000.0
lrm_auctions:subastas_2015_36:640b4b056ff21faadf718dca,2015-08-26,110000.0
lrm_auctions:subastas_2015_37:0bee62c66184fd637967f5a2,2015-01-28,4.0
lrm_auctions:subastas_2015_37:0bee62c66184fd637967f5a2,2015-02-25,6.0
lrm_auctions:subastas_2015_37:0bee62c66184fd637967f5a2,2015-03-25,6.0
lrm_auctions:subastas_2015_37:0bee62c66184fd637967f5a2,2015-05-27,7.0
lrm_auctions:subastas_2015_37:0bee62c66184fd637967f5a2,2015-08-26,2.0
lrm_auctions:subastas_2015_37:0bee62c66184fd637967f5a2,2015-11-25,1.0
lrm_auctions:subastas_2015_38:eadb3b0d05243d2c6900fcbc,2015-01-28,4.0
lrm_auctions:subastas_2015_38:eadb3b0d05243d2c6900fcbc,2015-02-25,3.0
lrm_auctions:subastas_2015_38:eadb3b0d05243d2c6900fcbc,2015-03-25,6.0
lrm_auctions:subastas_2015_38:eadb3b0d05243d2c6900fcbc,2015-05-27,7.0
lrm_auctions:subastas_2015_38:eadb3b0d05243d2c6900fcbc,2015-08-26,2.0
lrm_auctions:subastas_2015_39:5d71f900d8bbc611ba4983ea,2015-01-28,5.937692307692307
lrm_auctions:subastas_2015_39:5d71f900d8bbc611ba4983ea,2015-02-25,5.895451127819549
lrm_auctions:subastas_2015_39:5d71f900d8bbc611ba4983ea,2015-03-25,5.906875
lrm_auctions:subastas_2015_39:5d71f900d8bbc611ba4983ea,2015-05-27,5.816756756756757
lrm_auctions:subastas_2015_39:5d71f900d8bbc611ba4983ea,2015-07-29,0.0
lrm_auctions:subastas_2015_39:5d71f900d8bbc611ba4983ea,2015-08-26,5.795454545454546
lrm_auctions:subastas_2015_39:5d71f900d8bbc611ba4983ea,2015-11-25,6.7
lrm_auctions:subastas_2015_3:224b5017a255c316d44d073e,2015-01-28,20000.0
lrm_auctions:subastas_2015_3:224b5017a255c316d44d073e,2015-02-25,15000.0
lrm_auctions:subastas_2015_3:224b5017a255c316d44d073e,2015-03-25,10000.0
lrm_auctions:subastas_2015_3:224b5017a255c316d44d073e,2015-05-27,30000.0
lrm_auctions:subastas_2015_40:88e9ff84b8c642a4a38c010b,2015-01-28,5.85
lrm_auctions:subastas_2015_40:88e9ff84b8c642a4a38c010b,2015-02-25,5.75
lrm_auctions:subastas_2015_40:88e9ff84b8c642a4a38c010b,2015-03-25,5.75
lrm_auctions:subastas_2015_40:88e9ff84b8c642a4a38c010b,2015-05-27,5.75
lrm_auctions:subastas_2015_40:88e9ff84b8c642a4a38c010b,2015-07-29,0.0
lrm_auctions:subastas_2015_40:88e9ff84b8c642a4a38c010b,2015-08-26,5.75
lrm_auctions:subastas_2015_40:88e9ff84b8c642a4a38c010b,2015-11-25,6.7
lrm_auctions:subastas_2015_41:09849ee67600e0d554d7ce86,2015-01-28,6.0
lrm_auctions:subastas_2015_41:09849ee67600e0d554d7ce86,2015-02-25,6.0
lrm_auctions:subastas_2015_41:09849ee67600e0d554d7ce86,2015-03-25,6.05
lrm_auctions:subastas_2015_41:09849ee67600e0d554d7ce86,2015-05-27,5.95
lrm_auctions:subastas_2015_41:09849ee67600e0d554d7ce86,2015-07-29,0.0
lrm_auctions:subastas_2015_41:09849ee67600e0d554d7ce86,2015-08-26,5.8
lrm_auctions:subastas_2015_41:09849ee67600e0d554d7ce86,2015-11-25,6.7
lrm_auctions:subastas_2015_42:cc6093da5c5584f1d7a6a7e9,2015-01-28,5.937692307692307
lrm_auctions:subastas_2015_42:cc6093da5c5584f1d7a6a7e9,2015-02-25,5.818
lrm_auctions:subastas_2015_42:cc6093da5c5584f1d7a6a7e9,2015-03-25,5.906875
lrm_auctions:subastas_2015_42:cc6093da5c5584f1d7a6a7e9,2015-05-27,5.816756756756757
lrm_auctions:subastas_2015_42:cc6093da5c5584f1d7a6a7e9,2015-07-29,0.0
lrm_auctions:subastas_2015_42:cc6093da5c5584f1d7a6a7e9,2015-08-26,5.795454545454546
lrm_auctions:subastas_2015_43:bf87f06f467e10f55b30080e,2015-01-28,5.85
lrm_auctions:subastas_2015_43:bf87f06f467e10f55b30080e,2015-02-25,5.75
lrm_auctions:subastas_2015_43:bf87f06f467e10f55b30080e,2015-03-25,5.75
lrm_auctions:subastas_2015_43:bf87f06f467e10f55b30080e,2015-05-27,5.75
lrm_auctions:subastas_2015_43:bf87f06f467e10f55b30080e,2015-07-29,0.0
lrm_auctions:subastas_2015_43:bf87f06f467e10f55b30080e,2015-08-26,5.75
lrm_auctions:subastas_2015_44:17425580ef717811a7ed1c29,2015-01-28,6.0
lrm_auctions:subastas_2015_44:17425580ef717811a7ed1c29,2015-02-25,5.99
lrm_auctions:subastas_2015_44:17425580ef717811a7ed1c29,2015-03-25,6.05
lrm_auctions:subastas_2015_44:17425580ef717811a7ed1c29,2015-05-27,5.95
lrm_auctions:subastas_2015_44:17425580ef717811a7ed1c29,2015-07-29,0.0
lrm_auctions:subastas_2015_44:17425580ef717811a7ed1c29,2015-08-26,5.8
lrm_auctions:subastas_2015_45:3c684c164201d9a3f39a6fc8,2015-01-28,200000.0
lrm_auctions:subastas_2015_45:3c684c164201d9a3f39a6fc8,2015-02-25,250000.0
lrm_auctions:subastas_2015_45:3c684c164201d9a3f39a6fc8,2015-05-27,350000.0
lrm_auctions:subastas_2015_45:3c684c164201d9a3f39a6fc8,2015-06-24,200000.0
lrm_auctions:subastas_2015_45:3c684c164201d9a3f39a6fc8,2015-07-29,200000.0
lrm_auctions:subastas_2015_45:3c684c164201d9a3f39a6fc8,2015-08-26,150000.0
lrm_auctions:subastas_2015_45:3c684c164201d9a3f39a6fc8,2015-09-23,100000.0
lrm_auctions:subastas_2015_45:3c684c164201d9a3f39a6fc8,2015-10-28,50000.0
lrm_auctions:subastas_2015_45:3c684c164201d9a3f39a6fc8,2015-11-25,50000.0
lrm_auctions:subastas_2015_46:58d25f2d4b7cc400aeb30c64,2015-01-28,450000.0
lrm_auctions:subastas_2015_46:58d25f2d4b7cc400aeb30c64,2015-02-25,397000.0
lrm_auctions:subastas_2015_46:58d25f2d4b7cc400aeb30c64,2015-05-27,425000.0
lrm_auctions:subastas_2015_46:58d25f2d4b7cc400aeb30c64,2015-06-24,140000.0
lrm_auctions:subastas_2015_46:58d25f2d4b7cc400aeb30c64,2015-07-29,60000.0
lrm_auctions:subastas_2015_46:58d25f2d4b7cc400aeb30c64,2015-08-26,185000.0
lrm_auctions:subastas_2015_46:58d25f2d4b7cc400aeb30c64,2015-09-23,20000.0
lrm_auctions:subastas_2015_46:58d25f2d4b7cc400aeb30c64,2015-10-28,25000.0
lrm_auctions:subastas_2015_46:58d25f2d4b7cc400aeb30c64,2015-11-25,30000.0
lrm_auctions:subastas_2015_47:bb79738bc541d407c321f056,2015-01-28,200000.0
lrm_auctions:subastas_2015_47:bb79738bc541d407c321f056,2015-02-25,250000.0
lrm_auctions:subastas_2015_47:bb79738bc541d407c321f056,2015-05-27,350000.0
lrm_auctions:subastas_2015_47:bb79738bc541d407c321f056,2015-06-24,125000.0
lrm_auctions:subastas_2015_47:bb79738bc541d407c321f056,2015-07-29,40000.0
lrm_auctions:subastas_2015_47:bb79738bc541d407c321f056,2015-08-26,150000.0
lrm_auctions:subastas_2015_47:bb79738bc541d407c321f056,2015-09-23,15000.0
lrm_auctions:subastas_2015_47:bb79738bc541d407c321f056,2015-10-28,20000.0
lrm_auctions:subastas_2015_47:bb79738bc541d407c321f056,2015-11-25,25000.0
lrm_auctions:subastas_2015_48:86cf914be106c1ef4c652627,2015-01-28,8.0
lrm_auctions:subastas_2015_48:86cf914be106c1ef4c652627,2015-02-25,5.0
lrm_auctions:subastas_2015_48:86cf914be106c1ef4c652627,2015-05-27,10.0
lrm_auctions:subastas_2015_48:86cf914be106c1ef4c652627,2015-06-24,5.0
lrm_auctions:subastas_2015_48:86cf914be106c1ef4c652627,2015-07-29,2.0
lrm_auctions:subastas_2015_48:86cf914be106c1ef4c652627,2015-08-26,7.0
lrm_auctions:subastas_2015_48:86cf914be106c1ef4c652627,2015-09-23,2.0
lrm_auctions:subastas_2015_48:86cf914be106c1ef4c652627,2015-10-28,3.0
lrm_auctions:subastas_2015_48:86cf914be106c1ef4c652627,2015-11-25,4.0
lrm_auctions:subastas_2015_49:66ee0fb711ef0cdccd87f353,2015-01-28,4.0
lrm_auctions:subastas_2015_49:66ee0fb711ef0cdccd87f353,2015-02-25,3.0
lrm_auctions:subastas_2015_49:66ee0fb711ef0cdccd87f353,2015-05-27,8.0
lrm_auctions:subastas_2015_49:66ee0fb711ef0cdccd87f353,2015-06-24,4.0
lrm_auctions:subastas_2015_49:66ee0fb711ef0cdccd87f353,2015-07-29,1.0
lrm_auctions:subastas_2015_49:66ee0fb711ef0cdccd87f353,2015-08-26,5.0
lrm_auctions:subastas_2015_49:66ee0fb711ef0cdccd87f353,2015-09-23,1.0
lrm_auctions:subastas_2015_49:66ee0fb711ef0cdccd87f353,2015-10-28,2.0
lrm_auctions:subastas_2015_49:66ee0fb711ef0cdccd87f353,2015-11-25,3.0
lrm_auctions:subastas_2015_4:010d5d8f25a1089f65a054b4,2015-01-28,2.0
lrm_auctions:subastas_2015_4:010d5d8f25a1089f65a054b4,2015-02-25,1.0
lrm_auctions:subastas_2015_4:010d5d8f25a1089f65a054b4,2015-03-25,1.0
lrm_auctions:subastas_2015_4:010d5d8f25a1089f65a054b4,2015-05-27,2.0
lrm_auctions:subastas_2015_50:b4b5e2722f88ce742b672651,2015-01-28,6.197555555555556
lrm_auctions:subastas_2015_50:b4b5e2722f88ce742b672651,2015-02-25,6.044911838790932
lrm_auctions:subastas_2015_50:b4b5e2722f88ce742b672651,2015-05-27,6.200352941176471
lrm_auctions:subastas_2015_50:b4b5e2722f88ce742b672651,2015-06-24,6.214285714285714
lrm_auctions:subastas_2015_50:b4b5e2722f88ce742b672651,2015-07-29,6.333333333333333
lrm_auctions:subastas_2015_50:b4b5e2722f88ce742b672651,2015-08-26,6.113513513513514
lrm_auctions:subastas_2015_50:b4b5e2722f88ce742b672651,2015-09-23,6.925
lrm_auctions:subastas_2015_50:b4b5e2722f88ce742b672651,2015-10-28,6.9
lrm_auctions:subastas_2015_50:b4b5e2722f88ce742b672651,2015-11-25,6.85
lrm_auctions:subastas_2015_51:5b52d906236d2d89df7e4f26,2015-01-28,6.1
lrm_auctions:subastas_2015_51:5b52d906236d2d89df7e4f26,2015-02-25,5.9
lrm_auctions:subastas_2015_51:5b52d906236d2d89df7e4f26,2015-05-27,5.95
lrm_auctions:subastas_2015_51:5b52d906236d2d89df7e4f26,2015-06-24,6.0
lrm_auctions:subastas_2015_51:5b52d906236d2d89df7e4f26,2015-07-29,6.3
lrm_auctions:subastas_2015_51:5b52d906236d2d89df7e4f26,2015-08-26,5.9
lrm_auctions:subastas_2015_51:5b52d906236d2d89df7e4f26,2015-09-23,6.85
lrm_auctions:subastas_2015_51:5b52d906236d2d89df7e4f26,2015-10-28,6.85
lrm_auctions:subastas_2015_51:5b52d906236d2d89df7e4f26,2015-11-25,6.7
lrm_auctions:subastas_2015_52:b2c88d501014eb0123d6c0ed,2015-01-28,6.3
lrm_auctions:subastas_2015_52:b2c88d501014eb0123d6c0ed,2015-02-25,6.24
lrm_auctions:subastas_2015_52:b2c88d501014eb0123d6c0ed,2015-05-27,6.35
lrm_auctions:subastas_2015_52:b2c88d501014eb0123d6c0ed,2015-06-24,6.5
lrm_auctions:subastas_2015_52:b2c88d501014eb0123d6c0ed,2015-07-29,6.4
lrm_auctions:subastas_2015_52:b2c88d501014eb0123d6c0ed,2015-08-26,6.45
lrm_auctions:subastas_2015_52:b2c88d501014eb0123d6c0ed,2015-09-23,7.15
lrm_auctions:subastas_2015_52:b2c88d501014eb0123d6c0ed,2015-10-28,7.1
lrm_auctions:subastas_2015_52:b2c88d501014eb0123d6c0ed,2015-11-25,7.0
lrm_auctions:subastas_2015_53:e182cba0234af1e753eb02fd,2015-01-28,6.145
lrm_auctions:subastas_2015_53:e182cba0234af1e753eb02fd,2015-02-25,5.9396
lrm_auctions:subastas_2015_53:e182cba0234af1e753eb02fd,2015-05-27,6.185428571428571
lrm_auctions:subastas_2015_53:e182cba0234af1e753eb02fd,2015-06-24,6.18
lrm_auctions:subastas_2015_53:e182cba0234af1e753eb02fd,2015-07-29,6.3
lrm_auctions:subastas_2015_53:e182cba0234af1e753eb02fd,2015-08-26,6.041666666666667
lrm_auctions:subastas_2015_53:e182cba0234af1e753eb02fd,2015-09-23,6.85
lrm_auctions:subastas_2015_53:e182cba0234af1e753eb02fd,2015-10-28,6.85
lrm_auctions:subastas_2015_53:e182cba0234af1e753eb02fd,2015-11-25,6.82
lrm_auctions:subastas_2015_54:57e63b12970a0708ed266b9b,2015-01-28,6.1
lrm_auctions:subastas_2015_54:57e63b12970a0708ed266b9b,2015-02-25,5.9
lrm_auctions:subastas_2015_54:57e63b12970a0708ed266b9b,2015-05-27,5.95
lrm_auctions:subastas_2015_54:57e63b12970a0708ed266b9b,2015-06-24,6.0
lrm_auctions:subastas_2015_54:57e63b12970a0708ed266b9b,2015-07-29,6.3
lrm_auctions:subastas_2015_54:57e63b12970a0708ed266b9b,2015-08-26,5.9
lrm_auctions:subastas_2015_54:57e63b12970a0708ed266b9b,2015-09-23,6.85
lrm_auctions:subastas_2015_54:57e63b12970a0708ed266b9b,2015-10-28,6.85
lrm_auctions:subastas_2015_54:57e63b12970a0708ed266b9b,2015-11-25,6.7
lrm_auctions:subastas_2015_55:9762b95e07549b447d3c4e96,2015-01-28,6.2
lrm_auctions:subastas_2015_55:9762b95e07549b447d3c4e96,2015-02-25,6.1
lrm_auctions:subastas_2015_55:9762b95e07549b447d3c4e96,2015-05-27,6.25
lrm_auctions:subastas_2015_55:9762b95e07549b447d3c4e96,2015-06-24,6.35
lrm_auctions:subastas_2015_55:9762b95e07549b447d3c4e96,2015-07-29,6.3
lrm_auctions:subastas_2015_55:9762b95e07549b447d3c4e96,2015-08-26,6.35
lrm_auctions:subastas_2015_55:9762b95e07549b447d3c4e96,2015-09-23,6.85
lrm_auctions:subastas_2015_55:9762b95e07549b447d3c4e96,2015-10-28,6.85
lrm_auctions:subastas_2015_55:9762b95e07549b447d3c4e96,2015-11-25,6.85
lrm_auctions:subastas_2015_56:4bf6da531b85de74e05a06a8,2015-01-28,150000.0
lrm_auctions:subastas_2015_56:4bf6da531b85de74e05a06a8,2015-02-25,200000.0
lrm_auctions:subastas_2015_56:4bf6da531b85de74e05a06a8,2015-03-25,250000.0
lrm_auctions:subastas_2015_56:4bf6da531b85de74e05a06a8,2015-05-27,250000.0
lrm_auctions:subastas_2015_56:4bf6da531b85de74e05a06a8,2015-06-24,150000.0
lrm_auctions:subastas_2015_56:4bf6da531b85de74e05a06a8,2015-07-29,100000.0
lrm_auctions:subastas_2015_56:4bf6da531b85de74e05a06a8,2015-08-26,50000.0
lrm_auctions:subastas_2015_56:4bf6da531b85de74e05a06a8,2015-10-28,50000.0
lrm_auctions:subastas_2015_56:4bf6da531b85de74e05a06a8,2015-11-25,50000.0
lrm_auctions:subastas_2015_57:ee0d4c3a94f7908ff04d5f39,2015-01-28,60000.0
lrm_auctions:subastas_2015_57:ee0d4c3a94f7908ff04d5f39,2015-02-25,190000.0
lrm_auctions:subastas_2015_57:ee0d4c3a94f7908ff04d5f39,2015-03-25,740000.0
lrm_auctions:subastas_2015_57:ee0d4c3a94f7908ff04d5f39,2015-05-27,220000.0
lrm_auctions:subastas_2015_57:ee0d4c3a94f7908ff04d5f39,2015-06-24,80000.0
lrm_auctions:subastas_2015_57:ee0d4c3a94f7908ff04d5f39,2015-08-26,55000.0
lrm_auctions:subastas_2015_58:eea18eee3ecdee3e28e66da9,2015-01-28,60000.0
lrm_auctions:subastas_2015_58:eea18eee3ecdee3e28e66da9,2015-02-25,190000.0
lrm_auctions:subastas_2015_58:eea18eee3ecdee3e28e66da9,2015-03-25,250000.0
lrm_auctions:subastas_2015_58:eea18eee3ecdee3e28e66da9,2015-05-27,200000.0
lrm_auctions:subastas_2015_58:eea18eee3ecdee3e28e66da9,2015-06-24,80000.0
lrm_auctions:subastas_2015_58:eea18eee3ecdee3e28e66da9,2015-08-26,50000.0
lrm_auctions:subastas_2015_59:57b628dd262c8254a68a400f,2015-01-28,2.0
lrm_auctions:subastas_2015_59:57b628dd262c8254a68a400f,2015-02-25,3.0
lrm_auctions:subastas_2015_59:57b628dd262c8254a68a400f,2015-03-25,10.0
lrm_auctions:subastas_2015_59:57b628dd262c8254a68a400f,2015-05-27,4.0
lrm_auctions:subastas_2015_59:57b628dd262c8254a68a400f,2015-06-24,4.0
lrm_auctions:subastas_2015_59:57b628dd262c8254a68a400f,2015-08-26,4.0
lrm_auctions:subastas_2015_5:fc2d241f5907da61bc006a54,2015-01-28,2.0
lrm_auctions:subastas_2015_5:fc2d241f5907da61bc006a54,2015-02-25,1.0
lrm_auctions:subastas_2015_5:fc2d241f5907da61bc006a54,2015-03-25,1.0
lrm_auctions:subastas_2015_5:fc2d241f5907da61bc006a54,2015-05-27,2.0
lrm_auctions:subastas_2015_60:0e6c1578bd5d6820b9d67c61,2015-01-28,2.0
lrm_auctions:subastas_2015_60:0e6c1578bd5d6820b9d67c61,2015-02-25,3.0
lrm_auctions:subastas_2015_60:0e6c1578bd5d6820b9d67c61,2015-03-25,4.0
lrm_auctions:subastas_2015_60:0e6c1578bd5d6820b9d67c61,2015-05-27,3.0
lrm_auctions:subastas_2015_60:0e6c1578bd5d6820b9d67c61,2015-06-24,4.0
lrm_auctions:subastas_2015_60:0e6c1578bd5d6820b9d67c61,2015-08-26,4.0
lrm_auctions:subastas_2015_61:492f3999a838cd04f14590a4,2015-01-28,6.558333333333334
lrm_auctions:subastas_2015_61:492f3999a838cd04f14590a4,2015-02-25,6.49578947368421
lrm_auctions:subastas_2015_61:492f3999a838cd04f14590a4,2015-03-25,6.6860135135135135
lrm_auctions:subastas_2015_61:492f3999a838cd04f14590a4,2015-05-27,6.553636363636364
lrm_auctions:subastas_2015_61:492f3999a838cd04f14590a4,2015-06-24,6.5171875
lrm_auctions:subastas_2015_61:492f3999a838cd04f14590a4,2015-07-29,0.0
lrm_auctions:subastas_2015_61:492f3999a838cd04f14590a4,2015-08-26,6.8545454545454545
lrm_auctions:subastas_2015_62:0a1131f4a687bbd9d1b5e92b,2015-01-28,6.54
lrm_auctions:subastas_2015_62:0a1131f4a687bbd9d1b5e92b,2015-02-25,6.25
lrm_auctions:subastas_2015_62:0a1131f4a687bbd9d1b5e92b,2015-03-25,6.2
lrm_auctions:subastas_2015_62:0a1131f4a687bbd9d1b5e92b,2015-05-27,6.49
lrm_auctions:subastas_2015_62:0a1131f4a687bbd9d1b5e92b,2015-06-24,6.45
lrm_auctions:subastas_2015_62:0a1131f4a687bbd9d1b5e92b,2015-07-29,0.0
lrm_auctions:subastas_2015_62:0a1131f4a687bbd9d1b5e92b,2015-08-26,6.6
lrm_auctions:subastas_2015_63:d39b6838f8819b2de0ec3672,2015-01-28,6.65
lrm_auctions:subastas_2015_63:d39b6838f8819b2de0ec3672,2015-02-25,7.0
lrm_auctions:subastas_2015_63:d39b6838f8819b2de0ec3672,2015-03-25,7.15
lrm_auctions:subastas_2015_63:d39b6838f8819b2de0ec3672,2015-05-27,6.85
lrm_auctions:subastas_2015_63:d39b6838f8819b2de0ec3672,2015-06-24,6.7
lrm_auctions:subastas_2015_63:d39b6838f8819b2de0ec3672,2015-07-29,0.0
lrm_auctions:subastas_2015_63:d39b6838f8819b2de0ec3672,2015-08-26,7.0
lrm_auctions:subastas_2015_64:9d92cdb1155eb126d248cd3d,2015-01-28,6.558333333333334
lrm_auctions:subastas_2015_64:9d92cdb1155eb126d248cd3d,2015-02-25,6.49578947368421
lrm_auctions:subastas_2015_64:9d92cdb1155eb126d248cd3d,2015-03-25,6.3196
lrm_auctions:subastas_2015_64:9d92cdb1155eb126d248cd3d,2015-05-27,6.524
lrm_auctions:subastas_2015_64:9d92cdb1155eb126d248cd3d,2015-06-24,6.5171875
lrm_auctions:subastas_2015_64:9d92cdb1155eb126d248cd3d,2015-07-29,0.0
lrm_auctions:subastas_2015_64:9d92cdb1155eb126d248cd3d,2015-08-26,6.84
lrm_auctions:subastas_2015_65:9e65b04aa01c99458d690df0,2015-01-28,6.54
lrm_auctions:subastas_2015_65:9e65b04aa01c99458d690df0,2015-02-25,6.25
lrm_auctions:subastas_2015_65:9e65b04aa01c99458d690df0,2015-03-25,6.2
lrm_auctions:subastas_2015_65:9e65b04aa01c99458d690df0,2015-05-27,6.49
lrm_auctions:subastas_2015_65:9e65b04aa01c99458d690df0,2015-06-24,6.45
lrm_auctions:subastas_2015_65:9e65b04aa01c99458d690df0,2015-07-29,0.0
lrm_auctions:subastas_2015_65:9e65b04aa01c99458d690df0,2015-08-26,6.6
lrm_auctions:subastas_2015_66:af2e7749cfc1023bb5b38c17,2015-01-28,6.65
lrm_auctions:subastas_2015_66:af2e7749cfc1023bb5b38c17,2015-02-25,7.0
lrm_auctions:subastas_2015_66:af2e7749cfc1023bb5b38c17,2015-03-25,6.5
lrm_auctions:subastas_2015_66:af2e7749cfc1023bb5b38c17,2015-05-27,6.7
lrm_auctions:subastas_2015_66:af2e7749cfc1023bb5b38c17,2015-06-24,6.7
lrm_auctions:subastas_2015_66:af2e7749cfc1023bb5b38c17,2015-07-29,0.0
lrm_auctions:subastas_2015_66:af2e7749cfc1023bb5b38c17,2015-08-26,7.0
lrm_auctions:subastas_2015_67:200bac5a5818f3c1c7f12051,2015-02-25,200000.0
lrm_auctions:subastas_2015_67:200bac5a5818f3c1c7f12051,2015-03-25,200000.0
lrm_auctions:subastas_2015_67:200bac5a5818f3c1c7f12051,2015-05-27,150000.0
lrm_auctions:subastas_2015_67:200bac5a5818f3c1c7f12051,2015-06-24,50000.0
lrm_auctions:subastas_2015_67:200bac5a5818f3c1c7f12051,2015-07-29,50000.0
lrm_auctions:subastas_2015_67:200bac5a5818f3c1c7f12051,2015-08-26,50000.0
lrm_auctions:subastas_2015_67:200bac5a5818f3c1c7f12051,2015-10-28,50000.0
lrm_auctions:subastas_2015_67:200bac5a5818f3c1c7f12051,2015-11-25,50000.0
lrm_auctions:subastas_2015_67:200bac5a5818f3c1c7f12051,2015-12-16,50000.0
lrm_auctions:subastas_2015_68:8d3ad5132b2716a5e9b7d842,2015-02-25,215000.0
lrm_auctions:subastas_2015_68:8d3ad5132b2716a5e9b7d842,2015-03-25,220000.0
lrm_auctions:subastas_2015_68:8d3ad5132b2716a5e9b7d842,2015-05-27,140000.0
lrm_auctions:subastas_2015_68:8d3ad5132b2716a5e9b7d842,2015-06-24,75000.0
lrm_auctions:subastas_2015_68:8d3ad5132b2716a5e9b7d842,2015-07-29,39000.0
lrm_auctions:subastas_2015_68:8d3ad5132b2716a5e9b7d842,2015-08-26,21000.0
lrm_auctions:subastas_2015_68:8d3ad5132b2716a5e9b7d842,2015-10-28,15000.0
lrm_auctions:subastas_2015_68:8d3ad5132b2716a5e9b7d842,2015-11-25,25000.0
lrm_auctions:subastas_2015_68:8d3ad5132b2716a5e9b7d842,2015-12-16,35000.0
lrm_auctions:subastas_2015_69:1796f78ac619b9822b3cdf63,2015-02-25,200000.0
lrm_auctions:subastas_2015_69:1796f78ac619b9822b3cdf63,2015-03-25,200000.0
lrm_auctions:subastas_2015_69:1796f78ac619b9822b3cdf63,2015-05-27,140000.0
lrm_auctions:subastas_2015_69:1796f78ac619b9822b3cdf63,2015-06-24,50000.0
lrm_auctions:subastas_2015_69:1796f78ac619b9822b3cdf63,2015-07-29,39000.0
lrm_auctions:subastas_2015_69:1796f78ac619b9822b3cdf63,2015-08-26,21000.0
lrm_auctions:subastas_2015_69:1796f78ac619b9822b3cdf63,2015-10-28,15000.0
lrm_auctions:subastas_2015_69:1796f78ac619b9822b3cdf63,2015-11-25,15000.0
lrm_auctions:subastas_2015_69:1796f78ac619b9822b3cdf63,2015-12-16,35000.0
lrm_auctions:subastas_2015_6:964a1e7acc58cf13bdd974d0,2015-01-28,5.75
lrm_auctions:subastas_2015_6:964a1e7acc58cf13bdd974d0,2015-02-25,5.74
lrm_auctions:subastas_2015_6:964a1e7acc58cf13bdd974d0,2015-03-25,5.73
lrm_auctions:subastas_2015_6:964a1e7acc58cf13bdd974d0,2015-05-27,5.466666666666667
lrm_auctions:subastas_2015_70:e98508eba46c33c0a983ce8e,2015-02-25,5.0
lrm_auctions:subastas_2015_70:e98508eba46c33c0a983ce8e,2015-03-25,6.0
lrm_auctions:subastas_2015_70:e98508eba46c33c0a983ce8e,2015-05-27,6.0
lrm_auctions:subastas_2015_70:e98508eba46c33c0a983ce8e,2015-06-24,7.0
lrm_auctions:subastas_2015_70:e98508eba46c33c0a983ce8e,2015-07-29,3.0
lrm_auctions:subastas_2015_70:e98508eba46c33c0a983ce8e,2015-08-26,2.0
lrm_auctions:subastas_2015_70:e98508eba46c33c0a983ce8e,2015-10-28,2.0
lrm_auctions:subastas_2015_70:e98508eba46c33c0a983ce8e,2015-11-25,2.0
lrm_auctions:subastas_2015_70:e98508eba46c33c0a983ce8e,2015-12-16,1.0
lrm_auctions:subastas_2015_71:50e8cd5d6a9164a387e71b58,2015-02-25,5.0
lrm_auctions:subastas_2015_71:50e8cd5d6a9164a387e71b58,2015-03-25,6.0
lrm_auctions:subastas_2015_71:50e8cd5d6a9164a387e71b58,2015-05-27,6.0
lrm_auctions:subastas_2015_71:50e8cd5d6a9164a387e71b58,2015-06-24,3.0
lrm_auctions:subastas_2015_71:50e8cd5d6a9164a387e71b58,2015-07-29,3.0
lrm_auctions:subastas_2015_71:50e8cd5d6a9164a387e71b58,2015-08-26,2.0
lrm_auctions:subastas_2015_71:50e8cd5d6a9164a387e71b58,2015-10-28,2.0
lrm_auctions:subastas_2015_71:50e8cd5d6a9164a387e71b58,2015-11-25,1.0
lrm_auctions:subastas_2015_71:50e8cd5d6a9164a387e71b58,2015-12-16,1.0
lrm_auctions:subastas_2015_72:956a873dc8d52b456ddad362,2015-02-25,5.806976744186047
lrm_auctions:subastas_2015_72:956a873dc8d52b456ddad362,2015-03-25,5.869772727272728
lrm_auctions:subastas_2015_72:956a873dc8d52b456ddad362,2015-05-27,5.623571428571428
lrm_auctions:subastas_2015_72:956a873dc8d52b456ddad362,2015-06-24,5.502
lrm_auctions:subastas_2015_72:956a873dc8d52b456ddad362,2015-07-29,5.0
lrm_auctions:subastas_2015_72:956a873dc8d52b456ddad362,2015-08-26,5.576190476190476
lrm_auctions:subastas_2015_72:956a873dc8d52b456ddad362,2015-10-28,5.483333333333333
lrm_auctions:subastas_2015_72:956a873dc8d52b456ddad362,2015-11-25,6.14
lrm_auctions:subastas_2015_72:956a873dc8d52b456ddad362,2015-12-16,6.15
lrm_auctions:subastas_2015_73:5b6eb8a66c58a781bc5e1741,2015-02-25,5.75
lrm_auctions:subastas_2015_73:5b6eb8a66c58a781bc5e1741,2015-03-25,5.72
lrm_auctions:subastas_2015_73:5b6eb8a66c58a781bc5e1741,2015-05-27,5.6
lrm_auctions:subastas_2015_73:5b6eb8a66c58a781bc5e1741,2015-06-24,5.39
lrm_auctions:subastas_2015_73:5b6eb8a66c58a781bc5e1741,2015-07-29,5.0
lrm_auctions:subastas_2015_73:5b6eb8a66c58a781bc5e1741,2015-08-26,5.55
lrm_auctions:subastas_2015_73:5b6eb8a66c58a781bc5e1741,2015-10-28,5.45
lrm_auctions:subastas_2015_73:5b6eb8a66c58a781bc5e1741,2015-11-25,5.9
lrm_auctions:subastas_2015_73:5b6eb8a66c58a781bc5e1741,2015-12-16,6.15
lrm_auctions:subastas_2015_74:ee2c12a55786cf1f1c7f10ae,2015-02-25,5.9
lrm_auctions:subastas_2015_74:ee2c12a55786cf1f1c7f10ae,2015-03-25,6.0
lrm_auctions:subastas_2015_74:ee2c12a55786cf1f1c7f10ae,2015-05-27,5.75
lrm_auctions:subastas_2015_74:ee2c12a55786cf1f1c7f10ae,2015-06-24,5.75
lrm_auctions:subastas_2015_74:ee2c12a55786cf1f1c7f10ae,2015-07-29,5.0
lrm_auctions:subastas_2015_74:ee2c12a55786cf1f1c7f10ae,2015-08-26,5.6
lrm_auctions:subastas_2015_74:ee2c12a55786cf1f1c7f10ae,2015-10-28,5.5
lrm_auctions:subastas_2015_74:ee2c12a55786cf1f1c7f10ae,2015-11-25,6.5
lrm_auctions:subastas_2015_74:ee2c12a55786cf1f1c7f10ae,2015-12-16,6.15
lrm_auctions:subastas_2015_75:42e314b83bffe86da857c019,2015-02-25,5.8
lrm_auctions:subastas_2015_75:42e314b83bffe86da857c019,2015-03-25,5.85675
lrm_auctions:subastas_2015_75:42e314b83bffe86da857c019,2015-05-27,5.623571428571428
lrm_auctions:subastas_2015_75:42e314b83bffe86da857c019,2015-06-24,5.423
lrm_auctions:subastas_2015_75:42e314b83bffe86da857c019,2015-07-29,5.0
lrm_auctions:subastas_2015_75:42e314b83bffe86da857c019,2015-08-26,5.576190476190476
lrm_auctions:subastas_2015_75:42e314b83bffe86da857c019,2015-10-28,5.483333333333333
lrm_auctions:subastas_2015_75:42e314b83bffe86da857c019,2015-11-25,5.9
lrm_auctions:subastas_2015_75:42e314b83bffe86da857c019,2015-12-16,6.15
lrm_auctions:subastas_2015_76:820ff1f83b051209517929a0,2015-02-25,5.75
lrm_auctions:subastas_2015_76:820ff1f83b051209517929a0,2015-03-25,5.72
lrm_auctions:subastas_2015_76:820ff1f83b051209517929a0,2015-05-27,5.6
lrm_auctions:subastas_2015_76:820ff1f83b051209517929a0,2015-06-24,5.39
lrm_auctions:subastas_2015_76:820ff1f83b051209517929a0,2015-07-29,5.0
lrm_auctions:subastas_2015_76:820ff1f83b051209517929a0,2015-08-26,5.55
lrm_auctions:subastas_2015_76:820ff1f83b051209517929a0,2015-10-28,5.45
lrm_auctions:subastas_2015_76:820ff1f83b051209517929a0,2015-11-25,5.9
lrm_auctions:subastas_2015_76:820ff1f83b051209517929a0,2015-12-16,6.15
lrm_auctions:subastas_2015_77:0598755dd2a01a35e335ef4f,2015-02-25,5.9
lrm_auctions:subastas_2015_77:0598755dd2a01a35e335ef4f,2015-03-25,6.0
lrm_auctions:subastas_2015_77:0598755dd2a01a35e335ef4f,2015-05-27,5.75
lrm_auctions:subastas_2015_77:0598755dd2a01a35e335ef4f,2015-06-24,5.45
lrm_auctions:subastas_2015_77:0598755dd2a01a35e335ef4f,2015-07-29,5.0
lrm_auctions:subastas_2015_77:0598755dd2a01a35e335ef4f,2015-08-26,5.6
lrm_auctions:subastas_2015_77:0598755dd2a01a35e335ef4f,2015-10-28,5.5
lrm_auctions:subastas_2015_77:0598755dd2a01a35e335ef4f,2015-11-25,5.9
lrm_auctions:subastas_2015_77:0598755dd2a01a35e335ef4f,2015-12-16,6.15
lrm_auctions:subastas_2015_78:9ff1f873cad70f007841d6fb,2015-03-25,150000.0
lrm_auctions:subastas_2015_78:9ff1f873cad70f007841d6fb,2015-04-22,100000.0
lrm_auctions:subastas_2015_78:9ff1f873cad70f007841d6fb,2015-05-27,50000.0
lrm_auctions:subastas_2015_78:9ff1f873cad70f007841d6fb,2015-06-24,50000.0
lrm_auctions:subastas_2015_78:9ff1f873cad70f007841d6fb,2015-08-26,50000.0
lrm_auctions:subastas_2015_78:9ff1f873cad70f007841d6fb,2015-09-23,50000.0
lrm_auctions:subastas_2015_78:9ff1f873cad70f007841d6fb,2015-11-25,50000.0
lrm_auctions:subastas_2015_79:d4cc1cdb36214c28468b77c6,2015-03-25,148000.0
lrm_auctions:subastas_2015_79:d4cc1cdb36214c28468b77c6,2015-04-22,40000.0
lrm_auctions:subastas_2015_79:d4cc1cdb36214c28468b77c6,2015-05-27,52000.0
lrm_auctions:subastas_2015_79:d4cc1cdb36214c28468b77c6,2015-06-24,25000.0
lrm_auctions:subastas_2015_79:d4cc1cdb36214c28468b77c6,2015-09-23,10000.0
lrm_auctions:subastas_2015_79:d4cc1cdb36214c28468b77c6,2015-11-25,40000.0
lrm_auctions:subastas_2015_7:a2c726f33786f143af341123,2015-01-28,5.74
lrm_auctions:subastas_2015_7:a2c726f33786f143af341123,2015-02-25,5.74
lrm_auctions:subastas_2015_7:a2c726f33786f143af341123,2015-03-25,5.73
lrm_auctions:subastas_2015_7:a2c726f33786f143af341123,2015-05-27,5.3
lrm_auctions:subastas_2015_80:513730b0cd1cc3e0f815fbea,2015-03-25,148000.0
lrm_auctions:subastas_2015_80:513730b0cd1cc3e0f815fbea,2015-04-22,20000.0
lrm_auctions:subastas_2015_80:513730b0cd1cc3e0f815fbea,2015-05-27,50000.0
lrm_auctions:subastas_2015_80:513730b0cd1cc3e0f815fbea,2015-06-24,25000.0
lrm_auctions:subastas_2015_80:513730b0cd1cc3e0f815fbea,2015-09-23,10000.0
lrm_auctions:subastas_2015_80:513730b0cd1cc3e0f815fbea,2015-11-25,30000.0
lrm_auctions:subastas_2015_81:6b5c01714ee506155b1fe3f6,2015-03-25,6.0
lrm_auctions:subastas_2015_81:6b5c01714ee506155b1fe3f6,2015-04-22,4.0
lrm_auctions:subastas_2015_81:6b5c01714ee506155b1fe3f6,2015-05-27,4.0
lrm_auctions:subastas_2015_81:6b5c01714ee506155b1fe3f6,2015-06-24,2.0
lrm_auctions:subastas_2015_81:6b5c01714ee506155b1fe3f6,2015-09-23,1.0
lrm_auctions:subastas_2015_81:6b5c01714ee506155b1fe3f6,2015-11-25,3.0
lrm_auctions:subastas_2015_82:e2be2668c3575b2f20f6c41b,2015-03-25,6.0
lrm_auctions:subastas_2015_82:e2be2668c3575b2f20f6c41b,2015-04-22,1.0
lrm_auctions:subastas_2015_82:e2be2668c3575b2f20f6c41b,2015-05-27,4.0
lrm_auctions:subastas_2015_82:e2be2668c3575b2f20f6c41b,2015-06-24,2.0
lrm_auctions:subastas_2015_82:e2be2668c3575b2f20f6c41b,2015-09-23,1.0
lrm_auctions:subastas_2015_82:e2be2668c3575b2f20f6c41b,2015-11-25,2.0
lrm_auctions:subastas_2015_83:4c6ee82fab987afd287f64c7,2015-03-25,5.843581081081081
lrm_auctions:subastas_2015_83:4c6ee82fab987afd287f64c7,2015-04-22,5.655
lrm_auctions:subastas_2015_83:4c6ee82fab987afd287f64c7,2015-05-27,5.596153846153846
lrm_auctions:subastas_2015_83:4c6ee82fab987afd287f64c7,2015-06-24,5.35
lrm_auctions:subastas_2015_83:4c6ee82fab987afd287f64c7,2015-09-23,5.7
lrm_auctions:subastas_2015_83:4c6ee82fab987afd287f64c7,2015-11-25,5.85625
lrm_auctions:subastas_2015_84:a521249d959ea7180d2956bb,2015-03-25,5.77
lrm_auctions:subastas_2015_84:a521249d959ea7180d2956bb,2015-04-22,5.6
lrm_auctions:subastas_2015_84:a521249d959ea7180d2956bb,2015-05-27,5.55
lrm_auctions:subastas_2015_84:a521249d959ea7180d2956bb,2015-06-24,5.35
lrm_auctions:subastas_2015_84:a521249d959ea7180d2956bb,2015-09-23,5.7
lrm_auctions:subastas_2015_84:a521249d959ea7180d2956bb,2015-11-25,5.75
lrm_auctions:subastas_2015_85:bf720db09a600af58693674d,2015-03-25,5.95
lrm_auctions:subastas_2015_85:bf720db09a600af58693674d,2015-04-22,5.75
lrm_auctions:subastas_2015_85:bf720db09a600af58693674d,2015-05-27,5.63
lrm_auctions:subastas_2015_85:bf720db09a600af58693674d,2015-06-24,5.35
lrm_auctions:subastas_2015_85:bf720db09a600af58693674d,2015-09-23,5.7
lrm_auctions:subastas_2015_85:bf720db09a600af58693674d,2015-11-25,6.1
lrm_auctions:subastas_2015_86:d1f66421ecf147c9c96cee79,2015-03-25,5.843581081081081
lrm_auctions:subastas_2015_86:d1f66421ecf147c9c96cee79,2015-04-22,5.6
lrm_auctions:subastas_2015_86:d1f66421ecf147c9c96cee79,2015-05-27,5.5948
lrm_auctions:subastas_2015_86:d1f66421ecf147c9c96cee79,2015-06-24,5.35
lrm_auctions:subastas_2015_86:d1f66421ecf147c9c96cee79,2015-09-23,5.7
lrm_auctions:subastas_2015_86:d1f66421ecf147c9c96cee79,2015-11-25,5.775
lrm_auctions:subastas_2015_87:07e39dcdda634d9a1a4e52ad,2015-03-25,5.77
lrm_auctions:subastas_2015_87:07e39dcdda634d9a1a4e52ad,2015-04-22,5.6
lrm_auctions:subastas_2015_87:07e39dcdda634d9a1a4e52ad,2015-05-27,5.55
lrm_auctions:subastas_2015_87:07e39dcdda634d9a1a4e52ad,2015-06-24,5.35
lrm_auctions:subastas_2015_87:07e39dcdda634d9a1a4e52ad,2015-09-23,5.7
lrm_auctions:subastas_2015_87:07e39dcdda634d9a1a4e52ad,2015-11-25,5.75
lrm_auctions:subastas_2015_88:8d17a06b79a2cc8390174bbf,2015-03-25,5.95
lrm_auctions:subastas_2015_88:8d17a06b79a2cc8390174bbf,2015-04-22,5.6
lrm_auctions:subastas_2015_88:8d17a06b79a2cc8390174bbf,2015-05-27,5.63
lrm_auctions:subastas_2015_88:8d17a06b79a2cc8390174bbf,2015-06-24,5.35
lrm_auctions:subastas_2015_88:8d17a06b79a2cc8390174bbf,2015-09-23,5.7
lrm_auctions:subastas_2015_88:8d17a06b79a2cc8390174bbf,2015-11-25,5.8
lrm_auctions:subastas_2015_89:e0c52753cb9e1e0c336ce78f,2015-03-25,450000.0
lrm_auctions:subastas_2015_8:ad7a529327e2031b99ba55c6,2015-01-28,5.76
lrm_auctions:subastas_2015_8:ad7a529327e2031b99ba55c6,2015-02-25,5.74
lrm_auctions:subastas_2015_8:ad7a529327e2031b99ba55c6,2015-03-25,5.73
lrm_auctions:subastas_2015_8:ad7a529327e2031b99ba55c6,2015-05-27,5.55
lrm_auctions:subastas_2015_90:0a28c3937bc09f0bec5946e1,2015-03-25,380000.0
lrm_auctions:subastas_2015_91:5c24be4b1e09198088c00157,2015-03-25,380000.0
lrm_auctions:subastas_2015_92:41c725b3261fd9cfea43fa23,2015-03-25,8.0
lrm_auctions:subastas_2015_93:f8b7c7c8ee2c88c066f2815c,2015-03-25,8.0
lrm_auctions:subastas_2015_94:7203bf3c80fb87c48fdf000a,2015-03-25,6.019078947368421
lrm_auctions:subastas_2015_95:4f1bec8a17e46dbb05715a57,2015-03-25,5.9
lrm_auctions:subastas_2015_96:85e917227ee5ad6a32b5a894,2015-03-25,6.35
lrm_auctions:subastas_2015_97:2f985e7df702347e82618ef9,2015-03-25,6.019078947368421
lrm_auctions:subastas_2015_98:3d609ddf16602571e6fb9854,2015-03-25,5.9
lrm_auctions:subastas_2015_99:12c7f1cb30e71df411315ee9,2015-03-25,6.35
lrm_auctions:subastas_2015_9:908f8f022440bbfbdb65bb24,2015-01-28,5.75
lrm_auctions:subastas_2015_9:908f8f022440bbfbdb65bb24,2015-02-25,5.74
lrm_auctions:subastas_2015_9:908f8f022440bbfbdb65bb24,2015-03-25,5.73
lrm_auctions:subastas_2015_9:908f8f022440bbfbdb65bb24,2015-05-27,5.466666666666667
lrm_auctions:subastas_2016:3048cae5f3c9742d612cf8b0,2016-01-27,100000.0
lrm_auctions:subastas_2016:3048cae5f3c9742d612cf8b0,2016-04-27,100000.0
lrm_auctions:subastas_2016:3048cae5f3c9742d612cf8b0,2016-05-25,30000.0
lrm_auctions:subastas_2016:3048cae5f3c9742d612cf8b0,2016-07-27,80000.0
lrm_auctions:subastas_2016:3048cae5f3c9742d612cf8b0,2016-08-24,40000.0
lrm_auctions:subastas_2016:3048cae5f3c9742d612cf8b0,2016-10-26,20000.0
lrm_auctions:subastas_2016:3048cae5f3c9742d612cf8b0,2016-11-23,10000.0
lrm_auctions:subastas_2016_100:35cf952804fc72c665c0475a,2016-03-16,6.0
lrm_auctions:subastas_2016_100:35cf952804fc72c665c0475a,2016-12-21,4.0
lrm_auctions:subastas_2016_101:47c7d14958d44202f576a601,2016-03-16,6.177142857142857
lrm_auctions:subastas_2016_101:47c7d14958d44202f576a601,2016-12-21,5.947333333333333
lrm_auctions:subastas_2016_102:a4d118f1fd0175e34946721c,2016-03-16,5.98
lrm_auctions:subastas_2016_102:a4d118f1fd0175e34946721c,2016-12-21,5.75
lrm_auctions:subastas_2016_103:d848ec47042f58bad3407aff,2016-03-16,6.34
lrm_auctions:subastas_2016_103:d848ec47042f58bad3407aff,2016-12-21,6.03
lrm_auctions:subastas_2016_104:66b9d20c01e888f251b5cee9,2016-03-16,6.112
lrm_auctions:subastas_2016_104:66b9d20c01e888f251b5cee9,2016-12-21,5.947333333333333
lrm_auctions:subastas_2016_105:4b551f3170b65c380c5f7c82,2016-03-16,5.98
lrm_auctions:subastas_2016_105:4b551f3170b65c380c5f7c82,2016-12-21,5.75
lrm_auctions:subastas_2016_106:a36159cea0b1ae1305daa5f3,2016-03-16,6.34
lrm_auctions:subastas_2016_106:a36159cea0b1ae1305daa5f3,2016-12-21,6.03
lrm_auctions:subastas_2016_107:8d1c4336c45453c11a855e39,2016-03-16,450000.0
lrm_auctions:subastas_2016_107:8d1c4336c45453c11a855e39,2016-09-21,400000.0
lrm_auctions:subastas_2016_107:8d1c4336c45453c11a855e39,2016-12-21,300000.0
lrm_auctions:subastas_2016_108:7fb56ae347f47e4a1fee8f0b,2016-03-16,595000.0
lrm_auctions:subastas_2016_108:7fb56ae347f47e4a1fee8f0b,2016-09-21,520000.0
lrm_auctions:subastas_2016_108:7fb56ae347f47e4a1fee8f0b,2016-12-21,120000.0
lrm_auctions:subastas_2016_109:f5a2d962b61a4d15667d7501,2016-03-16,450000.0
lrm_auctions:subastas_2016_109:f5a2d962b61a4d15667d7501,2016-09-21,520000.0
lrm_auctions:subastas_2016_109:f5a2d962b61a4d15667d7501,2016-12-21,90000.0
lrm_auctions:subastas_2016_10:45819eab5b1964d17abc4b91,2016-01-27,5.49
lrm_auctions:subastas_2016_10:45819eab5b1964d17abc4b91,2016-04-27,5.8
lrm_auctions:subastas_2016_10:45819eab5b1964d17abc4b91,2016-05-25,5.5
lrm_auctions:subastas_2016_10:45819eab5b1964d17abc4b91,2016-07-27,5.1
lrm_auctions:subastas_2016_10:45819eab5b1964d17abc4b91,2016-08-24,5.24
lrm_auctions:subastas_2016_10:45819eab5b1964d17abc4b91,2016-10-26,5.55
lrm_auctions:subastas_2016_110:5ef665bf2bf1161dbef3b01d,2016-03-16,7.0
lrm_auctions:subastas_2016_110:5ef665bf2bf1161dbef3b01d,2016-09-21,11.0
lrm_auctions:subastas_2016_110:5ef665bf2bf1161dbef3b01d,2016-12-21,6.0
lrm_auctions:subastas_2016_111:51a87a18fc0fea8d47dbfae5,2016-03-16,4.0
lrm_auctions:subastas_2016_111:51a87a18fc0fea8d47dbfae5,2016-09-21,11.0
lrm_auctions:subastas_2016_111:51a87a18fc0fea8d47dbfae5,2016-12-21,5.0
lrm_auctions:subastas_2016_112:2e71d36d6f0175432b85781a,2016-03-16,6.685714285714286
lrm_auctions:subastas_2016_112:2e71d36d6f0175432b85781a,2016-09-21,6.2933653846153845
lrm_auctions:subastas_2016_112:2e71d36d6f0175432b85781a,2016-12-21,6.380833333333333
lrm_auctions:subastas_2016_113:4e5fa0b8f6756d7795ea8262,2016-03-16,6.6
lrm_auctions:subastas_2016_113:4e5fa0b8f6756d7795ea8262,2016-09-21,6.1
lrm_auctions:subastas_2016_113:4e5fa0b8f6756d7795ea8262,2016-12-21,6.0
lrm_auctions:subastas_2016_114:3010f225e79dc375b07739ad,2016-03-16,6.9
lrm_auctions:subastas_2016_114:3010f225e79dc375b07739ad,2016-09-21,6.4
lrm_auctions:subastas_2016_114:3010f225e79dc375b07739ad,2016-12-21,6.59
lrm_auctions:subastas_2016_115:e9ac6513d95136eebafc6c51,2016-03-16,6.665222222222222
lrm_auctions:subastas_2016_115:e9ac6513d95136eebafc6c51,2016-09-21,6.2933653846153845
lrm_auctions:subastas_2016_115:e9ac6513d95136eebafc6c51,2016-12-21,6.311111111111111
lrm_auctions:subastas_2016_116:e20621bef08ca53683d8c2dd,2016-03-16,6.6
lrm_auctions:subastas_2016_116:e20621bef08ca53683d8c2dd,2016-09-21,6.1
lrm_auctions:subastas_2016_116:e20621bef08ca53683d8c2dd,2016-12-21,6.0
lrm_auctions:subastas_2016_117:4f4919f4d731f9907d4bdd22,2016-03-16,6.74
lrm_auctions:subastas_2016_117:4f4919f4d731f9907d4bdd22,2016-09-21,6.4
lrm_auctions:subastas_2016_117:4f4919f4d731f9907d4bdd22,2016-12-21,6.5
lrm_auctions:subastas_2016_118:056ae7cc861b520c5922e07f,2016-03-16,200000.0
lrm_auctions:subastas_2016_119:057ba84d99d6ed9f4fd5b9ba,2016-03-16,220000.0
lrm_auctions:subastas_2016_11:dc674067b244570b92972daa,2016-01-27,6.15
lrm_auctions:subastas_2016_11:dc674067b244570b92972daa,2016-04-27,5.95
lrm_auctions:subastas_2016_11:dc674067b244570b92972daa,2016-05-25,5.67
lrm_auctions:subastas_2016_11:dc674067b244570b92972daa,2016-07-27,5.5
lrm_auctions:subastas_2016_11:dc674067b244570b92972daa,2016-08-24,5.49
lrm_auctions:subastas_2016_11:dc674067b244570b92972daa,2016-10-26,5.6
lrm_auctions:subastas_2016_120:894c909b92295b10f38f4c01,2016-03-16,200000.0
lrm_auctions:subastas_2016_121:adda23cd72090826ece40739,2016-03-16,5.0
lrm_auctions:subastas_2016_122:0ca61b256e0cfafa4bd40fe6,2016-03-16,4.0
lrm_auctions:subastas_2016_123:5beae14ea8fe799e05e5bd5b,2016-03-16,7.132272727272727
lrm_auctions:subastas_2016_124:56101e40b8c6dc567364b696,2016-03-16,7.0
lrm_auctions:subastas_2016_125:6261b3b48c0c3f64b6264fc1,2016-03-16,7.3
lrm_auctions:subastas_2016_126:171fc57945906deccac43807,2016-03-16,7.1155
lrm_auctions:subastas_2016_127:cd5fe4986452e58dee20168c,2016-03-16,7.0
lrm_auctions:subastas_2016_128:677761521040601d52ad8656,2016-03-16,7.22
lrm_auctions:subastas_2016_129:19aa0c2824e33beffefd746e,2016-03-16,50000.0
lrm_auctions:subastas_2016_129:19aa0c2824e33beffefd746e,2016-06-22,220000.0
lrm_auctions:subastas_2016_129:19aa0c2824e33beffefd746e,2016-12-21,50000.0
lrm_auctions:subastas_2016_12:c34d01d6d2430bbb95eb11a1,2016-01-27,100000.0
lrm_auctions:subastas_2016_130:702b30d234583a528a8b322e,2016-03-16,35000.0
lrm_auctions:subastas_2016_130:702b30d234583a528a8b322e,2016-06-22,200000.0
lrm_auctions:subastas_2016_130:702b30d234583a528a8b322e,2016-12-21,50000.0
lrm_auctions:subastas_2016_131:453e8f11c1454c72a3453daf,2016-03-16,35000.0
lrm_auctions:subastas_2016_131:453e8f11c1454c72a3453daf,2016-06-22,200000.0
lrm_auctions:subastas_2016_131:453e8f11c1454c72a3453daf,2016-12-21,50000.0
lrm_auctions:subastas_2016_132:cc75095a6da3152284529e7d,2016-03-16,2.0
lrm_auctions:subastas_2016_132:cc75095a6da3152284529e7d,2016-06-22,4.0
lrm_auctions:subastas_2016_132:cc75095a6da3152284529e7d,2016-12-21,2.0
lrm_auctions:subastas_2016_133:3d2f0a4dc05234c9fbfc5246,2016-03-16,2.0
lrm_auctions:subastas_2016_133:3d2f0a4dc05234c9fbfc5246,2016-06-22,4.0
lrm_auctions:subastas_2016_133:3d2f0a4dc05234c9fbfc5246,2016-12-21,2.0
lrm_auctions:subastas_2016_134:2e5b9d3c20eb99013f97a873,2016-03-16,7.244285714285715
lrm_auctions:subastas_2016_134:2e5b9d3c20eb99013f97a873,2016-06-22,7.21
lrm_auctions:subastas_2016_134:2e5b9d3c20eb99013f97a873,2016-12-21,7.04
lrm_auctions:subastas_2016_135:7c22f0dab2c1ad133ca5ff18,2016-03-16,7.21
lrm_auctions:subastas_2016_135:7c22f0dab2c1ad133ca5ff18,2016-06-22,7.2
lrm_auctions:subastas_2016_135:7c22f0dab2c1ad133ca5ff18,2016-12-21,7.0
lrm_auctions:subastas_2016_136:bd44e49ef0de63f7ce67ae25,2016-03-16,7.25
lrm_auctions:subastas_2016_136:bd44e49ef0de63f7ce67ae25,2016-06-22,7.24
lrm_auctions:subastas_2016_136:bd44e49ef0de63f7ce67ae25,2016-12-21,7.05
lrm_auctions:subastas_2016_137:43f0ddf9ef671fde4eba31bc,2016-03-16,7.244285714285715
lrm_auctions:subastas_2016_137:43f0ddf9ef671fde4eba31bc,2016-06-22,7.21
lrm_auctions:subastas_2016_137:43f0ddf9ef671fde4eba31bc,2016-12-21,7.04
lrm_auctions:subastas_2016_138:8739aec9d9e7afaa55117a42,2016-03-16,7.21
lrm_auctions:subastas_2016_138:8739aec9d9e7afaa55117a42,2016-06-22,7.2
lrm_auctions:subastas_2016_138:8739aec9d9e7afaa55117a42,2016-12-21,7.0
lrm_auctions:subastas_2016_139:a630b9e0899d1a4f4ae30133,2016-03-16,7.25
lrm_auctions:subastas_2016_139:a630b9e0899d1a4f4ae30133,2016-06-22,7.24
lrm_auctions:subastas_2016_139:a630b9e0899d1a4f4ae30133,2016-12-21,7.05
lrm_auctions:subastas_2016_13:e62d93f06f3f9b4e907ff7ad,2016-01-27,100000.0
lrm_auctions:subastas_2016_140:9a2827311a9e9d33ba6ff349,2016-04-27,150000.0
lrm_auctions:subastas_2016_140:9a2827311a9e9d33ba6ff349,2016-07-27,100000.0
lrm_auctions:subastas_2016_140:9a2827311a9e9d33ba6ff349,2016-10-26,20000.0
lrm_auctions:subastas_2016_141:5beeccad37c0b7f1f2692791,2016-04-27,170000.0
lrm_auctions:subastas_2016_141:5beeccad37c0b7f1f2692791,2016-07-27,105000.0
lrm_auctions:subastas_2016_142:efcf4db332ddff7ea118d64c,2016-04-27,170000.0
lrm_auctions:subastas_2016_142:efcf4db332ddff7ea118d64c,2016-07-27,100000.0
lrm_auctions:subastas_2016_143:bc3c70bc79470454e1623143,2016-04-27,5.0
lrm_auctions:subastas_2016_143:bc3c70bc79470454e1623143,2016-07-27,5.0
lrm_auctions:subastas_2016_144:9b641e907ff47dfb7bd2d959,2016-04-27,5.0
lrm_auctions:subastas_2016_144:9b641e907ff47dfb7bd2d959,2016-07-27,4.0
lrm_auctions:subastas_2016_145:522a9ff86f0c5f3925788c15,2016-04-27,5.95
lrm_auctions:subastas_2016_145:522a9ff86f0c5f3925788c15,2016-07-27,5.730952380952381
lrm_auctions:subastas_2016_146:f835a7565286472f6064b1eb,2016-04-27,5.85
lrm_auctions:subastas_2016_146:f835a7565286472f6064b1eb,2016-07-27,5.7
lrm_auctions:subastas_2016_147:1569b092994575e4f365fd80,2016-04-27,6.05
lrm_auctions:subastas_2016_147:1569b092994575e4f365fd80,2016-07-27,6.0
lrm_auctions:subastas_2016_148:eea99792d3080cc491e41e61,2016-04-27,5.95
lrm_auctions:subastas_2016_148:eea99792d3080cc491e41e61,2016-07-27,5.7175
lrm_auctions:subastas_2016_149:ce4ce2fcd94fb6a8be5ccb97,2016-04-27,5.85
lrm_auctions:subastas_2016_149:ce4ce2fcd94fb6a8be5ccb97,2016-07-27,5.7
lrm_auctions:subastas_2016_14:63830898e6c2b0fd9796bafa,2016-01-27,45000.0
lrm_auctions:subastas_2016_150:66705411d4f15df9e2d9209b,2016-04-27,6.05
lrm_auctions:subastas_2016_150:66705411d4f15df9e2d9209b,2016-07-27,5.75
lrm_auctions:subastas_2016_151:eea18eee3ecdee3e28e66da9,2016-04-27,385000.0
lrm_auctions:subastas_2016_151:eea18eee3ecdee3e28e66da9,2016-05-25,270000.0
lrm_auctions:subastas_2016_151:eea18eee3ecdee3e28e66da9,2016-07-27,210000.0
lrm_auctions:subastas_2016_151:eea18eee3ecdee3e28e66da9,2016-08-24,205000.0
lrm_auctions:subastas_2016_151:eea18eee3ecdee3e28e66da9,2016-09-21,350000.0
lrm_auctions:subastas_2016_151:eea18eee3ecdee3e28e66da9,2016-10-26,130000.0
lrm_auctions:subastas_2016_151:eea18eee3ecdee3e28e66da9,2016-11-23,80000.0
lrm_auctions:subastas_2016_152:0e6c1578bd5d6820b9d67c61,2016-04-27,5.0
lrm_auctions:subastas_2016_152:0e6c1578bd5d6820b9d67c61,2016-05-25,4.0
lrm_auctions:subastas_2016_152:0e6c1578bd5d6820b9d67c61,2016-07-27,6.0
lrm_auctions:subastas_2016_152:0e6c1578bd5d6820b9d67c61,2016-08-24,6.0
lrm_auctions:subastas_2016_152:0e6c1578bd5d6820b9d67c61,2016-09-21,7.0
lrm_auctions:subastas_2016_152:0e6c1578bd5d6820b9d67c61,2016-10-26,4.0
lrm_auctions:subastas_2016_152:0e6c1578bd5d6820b9d67c61,2016-11-23,4.0
lrm_auctions:subastas_2016_153:9d92cdb1155eb126d248cd3d,2016-04-27,7.282467532467533
lrm_auctions:subastas_2016_153:9d92cdb1155eb126d248cd3d,2016-05-25,7.171296296296297
lrm_auctions:subastas_2016_153:9d92cdb1155eb126d248cd3d,2016-07-27,7.109523809523809
lrm_auctions:subastas_2016_153:9d92cdb1155eb126d248cd3d,2016-08-24,7.037073170731707
lrm_auctions:subastas_2016_153:9d92cdb1155eb126d248cd3d,2016-09-21,7.007
lrm_auctions:subastas_2016_153:9d92cdb1155eb126d248cd3d,2016-10-26,7.038461538461538
lrm_auctions:subastas_2016_153:9d92cdb1155eb126d248cd3d,2016-11-23,7.05625
lrm_auctions:subastas_2016_154:9e65b04aa01c99458d690df0,2016-04-27,7.15
lrm_auctions:subastas_2016_154:9e65b04aa01c99458d690df0,2016-05-25,7.1
lrm_auctions:subastas_2016_154:9e65b04aa01c99458d690df0,2016-07-27,7.0
lrm_auctions:subastas_2016_154:9e65b04aa01c99458d690df0,2016-08-24,6.97
lrm_auctions:subastas_2016_154:9e65b04aa01c99458d690df0,2016-09-21,6.85
lrm_auctions:subastas_2016_154:9e65b04aa01c99458d690df0,2016-10-26,6.95
lrm_auctions:subastas_2016_154:9e65b04aa01c99458d690df0,2016-11-23,7.0
lrm_auctions:subastas_2016_155:af2e7749cfc1023bb5b38c17,2016-04-27,7.35
lrm_auctions:subastas_2016_155:af2e7749cfc1023bb5b38c17,2016-05-25,7.24
lrm_auctions:subastas_2016_155:af2e7749cfc1023bb5b38c17,2016-07-27,7.17
lrm_auctions:subastas_2016_155:af2e7749cfc1023bb5b38c17,2016-08-24,7.09
lrm_auctions:subastas_2016_155:af2e7749cfc1023bb5b38c17,2016-09-21,7.1
lrm_auctions:subastas_2016_155:af2e7749cfc1023bb5b38c17,2016-10-26,7.1
lrm_auctions:subastas_2016_155:af2e7749cfc1023bb5b38c17,2016-11-23,7.1
lrm_auctions:subastas_2016_156:6291f22e12272550ddb19294,2016-06-22,80000.0
lrm_auctions:subastas_2016_156:6291f22e12272550ddb19294,2016-09-21,40000.0
lrm_auctions:subastas_2016_156:6291f22e12272550ddb19294,2016-12-21,50000.0
lrm_auctions:subastas_2016_157:fc22729f3313615a9203476a,2016-06-22,30000.0
lrm_auctions:subastas_2016_157:fc22729f3313615a9203476a,2016-09-21,40000.0
lrm_auctions:subastas_2016_157:fc22729f3313615a9203476a,2016-12-21,40000.0
lrm_auctions:subastas_2016_158:5aec5344e114c688c24f3cfd,2016-06-22,30000.0
lrm_auctions:subastas_2016_158:5aec5344e114c688c24f3cfd,2016-09-21,40000.0
lrm_auctions:subastas_2016_158:5aec5344e114c688c24f3cfd,2016-12-21,40000.0
lrm_auctions:subastas_2016_159:fa2f58987deec1386218e267,2016-06-22,1.0
lrm_auctions:subastas_2016_159:fa2f58987deec1386218e267,2016-09-21,2.0
lrm_auctions:subastas_2016_159:fa2f58987deec1386218e267,2016-12-21,1.0
lrm_auctions:subastas_2016_15:0f6e9ce56292e33e29524b68,2016-01-27,8.0
lrm_auctions:subastas_2016_160:d45f7c455271a36d9f87aa52,2016-06-22,1.0
lrm_auctions:subastas_2016_160:d45f7c455271a36d9f87aa52,2016-09-21,2.0
lrm_auctions:subastas_2016_160:d45f7c455271a36d9f87aa52,2016-12-21,1.0
lrm_auctions:subastas_2016_161:b09aacb562341369ce00cbcb,2016-06-22,5.6
lrm_auctions:subastas_2016_161:b09aacb562341369ce00cbcb,2016-09-21,5.395
lrm_auctions:subastas_2016_161:b09aacb562341369ce00cbcb,2016-12-21,5.56
lrm_auctions:subastas_2016_162:5dac7e8944fc9c4ab5605db6,2016-06-22,5.6
lrm_auctions:subastas_2016_162:5dac7e8944fc9c4ab5605db6,2016-09-21,5.24
lrm_auctions:subastas_2016_162:5dac7e8944fc9c4ab5605db6,2016-12-21,5.56
lrm_auctions:subastas_2016_163:7f8c29f6df4d56cb04fd1f67,2016-06-22,5.6
lrm_auctions:subastas_2016_163:7f8c29f6df4d56cb04fd1f67,2016-09-21,5.55
lrm_auctions:subastas_2016_163:7f8c29f6df4d56cb04fd1f67,2016-12-21,5.56
lrm_auctions:subastas_2016_164:cf0cd36a472795f63988f1ad,2016-06-22,5.6
lrm_auctions:subastas_2016_164:cf0cd36a472795f63988f1ad,2016-09-21,5.395
lrm_auctions:subastas_2016_164:cf0cd36a472795f63988f1ad,2016-12-21,5.56
lrm_auctions:subastas_2016_165:8593b0fd7a59100882b72087,2016-06-22,5.6
lrm_auctions:subastas_2016_165:8593b0fd7a59100882b72087,2016-09-21,5.24
lrm_auctions:subastas_2016_165:8593b0fd7a59100882b72087,2016-12-21,5.56
lrm_auctions:subastas_2016_166:db4d04bed7c47f4e72fbf182,2016-06-22,5.6
lrm_auctions:subastas_2016_166:db4d04bed7c47f4e72fbf182,2016-09-21,5.55
lrm_auctions:subastas_2016_166:db4d04bed7c47f4e72fbf182,2016-12-21,5.56
lrm_auctions:subastas_2016_167:34317e3b600a5d9c905e4e0e,2016-06-22,300000.0
lrm_auctions:subastas_2016_168:687359eed35381f1ea3c2a2a,2016-06-22,275000.0
lrm_auctions:subastas_2016_169:b59a75cade1246e5b1118b9f,2016-06-22,210000.0
lrm_auctions:subastas_2016_16:8cddf2369b5f941ff7dac249,2016-01-27,4.0
lrm_auctions:subastas_2016_170:05896d317a407e07dc81011c,2016-06-22,6.0
lrm_auctions:subastas_2016_171:3beba1f89bfdcb5880472808,2016-06-22,4.0
lrm_auctions:subastas_2016_172:a059479a36d254e1702b3aeb,2016-06-22,7.045454545454546
lrm_auctions:subastas_2016_173:33b667ad83372670b5d5baf4,2016-06-22,6.95
lrm_auctions:subastas_2016_174:dd8accda8d966d3bc6079655,2016-06-22,7.25
lrm_auctions:subastas_2016_175:e2abf549bed7799cb5501ff8,2016-06-22,6.985714285714286
lrm_auctions:subastas_2016_176:25ca3955f4c9d3729645be8d,2016-06-22,6.95
lrm_auctions:subastas_2016_177:2b75e274d60a7b8741d68e0a,2016-06-22,7.04
lrm_auctions:subastas_2016_17:cd9962bed25254826db0de8b,2016-01-27,6.3205
lrm_auctions:subastas_2016_18:72d1e363dc6191ae1804c278,2016-01-27,5.77
lrm_auctions:subastas_2016_19:6bd615a06e41136f83076d28,2016-01-27,6.72
lrm_auctions:subastas_2016_20:4b9e42bbeac12ef3f153cdc3,2016-01-27,6.004444444444444
lrm_auctions:subastas_2016_21:5f2ab7ff92dcb6ebd2503643,2016-01-27,5.77
lrm_auctions:subastas_2016_22:fe13191ec2aa7b1b5a4e8d3c,2016-01-27,6.25
lrm_auctions:subastas_2016_23:200bac5a5818f3c1c7f12051,2016-01-27,100000.0
lrm_auctions:subastas_2016_23:200bac5a5818f3c1c7f12051,2016-02-24,150000.0
lrm_auctions:subastas_2016_23:200bac5a5818f3c1c7f12051,2016-04-27,300000.0
lrm_auctions:subastas_2016_23:200bac5a5818f3c1c7f12051,2016-05-25,200000.0
lrm_auctions:subastas_2016_23:200bac5a5818f3c1c7f12051,2016-06-22,300000.0
lrm_auctions:subastas_2016_23:200bac5a5818f3c1c7f12051,2016-07-27,160000.0
lrm_auctions:subastas_2016_23:200bac5a5818f3c1c7f12051,2016-08-24,350000.0
lrm_auctions:subastas_2016_23:200bac5a5818f3c1c7f12051,2016-09-21,400000.0
lrm_auctions:subastas_2016_23:200bac5a5818f3c1c7f12051,2016-10-26,250000.0
lrm_auctions:subastas_2016_23:200bac5a5818f3c1c7f12051,2016-11-23,135000.0
lrm_auctions:subastas_2016_24:8d3ad5132b2716a5e9b7d842,2016-01-27,75000.0
lrm_auctions:subastas_2016_24:8d3ad5132b2716a5e9b7d842,2016-02-24,202000.0
lrm_auctions:subastas_2016_24:8d3ad5132b2716a5e9b7d842,2016-04-27,295000.0
lrm_auctions:subastas_2016_24:8d3ad5132b2716a5e9b7d842,2016-05-25,120000.0
lrm_auctions:subastas_2016_24:8d3ad5132b2716a5e9b7d842,2016-06-22,330000.0
lrm_auctions:subastas_2016_24:8d3ad5132b2716a5e9b7d842,2016-07-27,225000.0
lrm_auctions:subastas_2016_24:8d3ad5132b2716a5e9b7d842,2016-08-24,265000.0
lrm_auctions:subastas_2016_24:8d3ad5132b2716a5e9b7d842,2016-09-21,515000.0
lrm_auctions:subastas_2016_24:8d3ad5132b2716a5e9b7d842,2016-10-26,135000.0
lrm_auctions:subastas_2016_24:8d3ad5132b2716a5e9b7d842,2016-11-23,5000.0
lrm_auctions:subastas_2016_25:1796f78ac619b9822b3cdf63,2016-01-27,20000.0
lrm_auctions:subastas_2016_25:1796f78ac619b9822b3cdf63,2016-02-24,150000.0
lrm_auctions:subastas_2016_25:1796f78ac619b9822b3cdf63,2016-04-27,295000.0
lrm_auctions:subastas_2016_25:1796f78ac619b9822b3cdf63,2016-05-25,120000.0
lrm_auctions:subastas_2016_25:1796f78ac619b9822b3cdf63,2016-06-22,330000.0
lrm_auctions:subastas_2016_25:1796f78ac619b9822b3cdf63,2016-07-27,195000.0
lrm_auctions:subastas_2016_25:1796f78ac619b9822b3cdf63,2016-08-24,265000.0
lrm_auctions:subastas_2016_25:1796f78ac619b9822b3cdf63,2016-09-21,515000.0
lrm_auctions:subastas_2016_25:1796f78ac619b9822b3cdf63,2016-10-26,135000.0
lrm_auctions:subastas_2016_25:1796f78ac619b9822b3cdf63,2016-11-23,5000.0
lrm_auctions:subastas_2016_26:e98508eba46c33c0a983ce8e,2016-01-27,6.0
lrm_auctions:subastas_2016_26:e98508eba46c33c0a983ce8e,2016-02-24,6.0
lrm_auctions:subastas_2016_26:e98508eba46c33c0a983ce8e,2016-04-27,6.0
lrm_auctions:subastas_2016_26:e98508eba46c33c0a983ce8e,2016-05-25,4.0
lrm_auctions:subastas_2016_26:e98508eba46c33c0a983ce8e,2016-06-22,9.0
lrm_auctions:subastas_2016_26:e98508eba46c33c0a983ce8e,2016-07-27,9.0
lrm_auctions:subastas_2016_26:e98508eba46c33c0a983ce8e,2016-08-24,7.0
lrm_auctions:subastas_2016_26:e98508eba46c33c0a983ce8e,2016-09-21,13.0
lrm_auctions:subastas_2016_26:e98508eba46c33c0a983ce8e,2016-10-26,6.0
lrm_auctions:subastas_2016_26:e98508eba46c33c0a983ce8e,2016-11-23,1.0
lrm_auctions:subastas_2016_27:50e8cd5d6a9164a387e71b58,2016-01-27,2.0
lrm_auctions:subastas_2016_27:50e8cd5d6a9164a387e71b58,2016-02-24,5.0
lrm_auctions:subastas_2016_27:50e8cd5d6a9164a387e71b58,2016-04-27,6.0
lrm_auctions:subastas_2016_27:50e8cd5d6a9164a387e71b58,2016-05-25,4.0
lrm_auctions:subastas_2016_27:50e8cd5d6a9164a387e71b58,2016-06-22,9.0
lrm_auctions:subastas_2016_27:50e8cd5d6a9164a387e71b58,2016-07-27,8.0
lrm_auctions:subastas_2016_27:50e8cd5d6a9164a387e71b58,2016-08-24,7.0
lrm_auctions:subastas_2016_27:50e8cd5d6a9164a387e71b58,2016-09-21,13.0
lrm_auctions:subastas_2016_27:50e8cd5d6a9164a387e71b58,2016-10-26,6.0
lrm_auctions:subastas_2016_27:50e8cd5d6a9164a387e71b58,2016-11-23,1.0
lrm_auctions:subastas_2016_28:956a873dc8d52b456ddad362,2016-01-27,6.708
lrm_auctions:subastas_2016_28:956a873dc8d52b456ddad362,2016-02-24,6.28019801980198
lrm_auctions:subastas_2016_28:956a873dc8d52b456ddad362,2016-04-27,6.196440677966102
lrm_auctions:subastas_2016_28:956a873dc8d52b456ddad362,2016-05-25,5.993333333333333
lrm_auctions:subastas_2016_28:956a873dc8d52b456ddad362,2016-06-22,6.067575757575757
lrm_auctions:subastas_2016_28:956a873dc8d52b456ddad362,2016-07-27,5.653111111111111
lrm_auctions:subastas_2016_28:956a873dc8d52b456ddad362,2016-08-24,5.619811320754717
lrm_auctions:subastas_2016_28:956a873dc8d52b456ddad362,2016-09-21,5.707378640776699
lrm_auctions:subastas_2016_28:956a873dc8d52b456ddad362,2016-10-26,5.642222222222222
lrm_auctions:subastas_2016_28:956a873dc8d52b456ddad362,2016-11-23,6.0
lrm_auctions:subastas_2016_29:5b6eb8a66c58a781bc5e1741,2016-01-27,6.3
lrm_auctions:subastas_2016_29:5b6eb8a66c58a781bc5e1741,2016-02-24,6.25
lrm_auctions:subastas_2016_29:5b6eb8a66c58a781bc5e1741,2016-04-27,5.97
lrm_auctions:subastas_2016_29:5b6eb8a66c58a781bc5e1741,2016-05-25,5.7
lrm_auctions:subastas_2016_29:5b6eb8a66c58a781bc5e1741,2016-06-22,5.75
lrm_auctions:subastas_2016_29:5b6eb8a66c58a781bc5e1741,2016-07-27,4.9
lrm_auctions:subastas_2016_29:5b6eb8a66c58a781bc5e1741,2016-08-24,5.5
lrm_auctions:subastas_2016_29:5b6eb8a66c58a781bc5e1741,2016-09-21,5.6
lrm_auctions:subastas_2016_29:5b6eb8a66c58a781bc5e1741,2016-10-26,5.4
lrm_auctions:subastas_2016_29:5b6eb8a66c58a781bc5e1741,2016-11-23,6.0
lrm_auctions:subastas_2016_2:9247b31e01d1e0ac55a0c613,2016-01-27,115000.0
lrm_auctions:subastas_2016_2:9247b31e01d1e0ac55a0c613,2016-04-27,25000.0
lrm_auctions:subastas_2016_2:9247b31e01d1e0ac55a0c613,2016-05-25,40000.0
lrm_auctions:subastas_2016_2:9247b31e01d1e0ac55a0c613,2016-07-27,35000.0
lrm_auctions:subastas_2016_2:9247b31e01d1e0ac55a0c613,2016-08-24,40000.0
lrm_auctions:subastas_2016_2:9247b31e01d1e0ac55a0c613,2016-10-26,30000.0
lrm_auctions:subastas_2016_30:ee2c12a55786cf1f1c7f10ae,2016-01-27,6.99
lrm_auctions:subastas_2016_30:ee2c12a55786cf1f1c7f10ae,2016-02-24,6.34
lrm_auctions:subastas_2016_30:ee2c12a55786cf1f1c7f10ae,2016-04-27,6.3
lrm_auctions:subastas_2016_30:ee2c12a55786cf1f1c7f10ae,2016-05-25,6.04
lrm_auctions:subastas_2016_30:ee2c12a55786cf1f1c7f10ae,2016-06-22,6.12
lrm_auctions:subastas_2016_30:ee2c12a55786cf1f1c7f10ae,2016-07-27,6.0
lrm_auctions:subastas_2016_30:ee2c12a55786cf1f1c7f10ae,2016-08-24,5.8
lrm_auctions:subastas_2016_30:ee2c12a55786cf1f1c7f10ae,2016-09-21,5.83
lrm_auctions:subastas_2016_30:ee2c12a55786cf1f1c7f10ae,2016-10-26,5.78
lrm_auctions:subastas_2016_30:ee2c12a55786cf1f1c7f10ae,2016-11-23,6.0
lrm_auctions:subastas_2016_31:42e314b83bffe86da857c019,2016-01-27,6.325
lrm_auctions:subastas_2016_31:42e314b83bffe86da857c019,2016-02-24,6.26
lrm_auctions:subastas_2016_31:42e314b83bffe86da857c019,2016-04-27,6.196440677966102
lrm_auctions:subastas_2016_31:42e314b83bffe86da857c019,2016-05-25,5.993333333333333
lrm_auctions:subastas_2016_31:42e314b83bffe86da857c019,2016-06-22,6.067575757575757
lrm_auctions:subastas_2016_31:42e314b83bffe86da857c019,2016-07-27,5.59974358974359
lrm_auctions:subastas_2016_31:42e314b83bffe86da857c019,2016-08-24,5.619811320754717
lrm_auctions:subastas_2016_31:42e314b83bffe86da857c019,2016-09-21,5.707378640776699
lrm_auctions:subastas_2016_31:42e314b83bffe86da857c019,2016-10-26,5.642222222222222
lrm_auctions:subastas_2016_31:42e314b83bffe86da857c019,2016-11-23,6.0
lrm_auctions:subastas_2016_32:820ff1f83b051209517929a0,2016-01-27,6.3
lrm_auctions:subastas_2016_32:820ff1f83b051209517929a0,2016-02-24,6.25
lrm_auctions:subastas_2016_32:820ff1f83b051209517929a0,2016-04-27,5.97
lrm_auctions:subastas_2016_32:820ff1f83b051209517929a0,2016-05-25,5.7
lrm_auctions:subastas_2016_32:820ff1f83b051209517929a0,2016-06-22,5.75
lrm_auctions:subastas_2016_32:820ff1f83b051209517929a0,2016-07-27,4.9
lrm_auctions:subastas_2016_32:820ff1f83b051209517929a0,2016-08-24,5.5
lrm_auctions:subastas_2016_32:820ff1f83b051209517929a0,2016-09-21,5.6
lrm_auctions:subastas_2016_32:820ff1f83b051209517929a0,2016-10-26,5.4
lrm_auctions:subastas_2016_32:820ff1f83b051209517929a0,2016-11-23,6.0
lrm_auctions:subastas_2016_33:0598755dd2a01a35e335ef4f,2016-01-27,6.35
lrm_auctions:subastas_2016_33:0598755dd2a01a35e335ef4f,2016-02-24,6.3
lrm_auctions:subastas_2016_33:0598755dd2a01a35e335ef4f,2016-04-27,6.3
lrm_auctions:subastas_2016_33:0598755dd2a01a35e335ef4f,2016-05-25,6.04
lrm_auctions:subastas_2016_33:0598755dd2a01a35e335ef4f,2016-06-22,6.12
lrm_auctions:subastas_2016_33:0598755dd2a01a35e335ef4f,2016-07-27,5.84
lrm_auctions:subastas_2016_33:0598755dd2a01a35e335ef4f,2016-08-24,5.8
lrm_auctions:subastas_2016_33:0598755dd2a01a35e335ef4f,2016-09-21,5.83
lrm_auctions:subastas_2016_33:0598755dd2a01a35e335ef4f,2016-10-26,5.78
lrm_auctions:subastas_2016_33:0598755dd2a01a35e335ef4f,2016-11-23,6.0
lrm_auctions:subastas_2016_34:e44c1e3c52f41f63ed5605bd,2016-01-27,150000.0
lrm_auctions:subastas_2016_34:e44c1e3c52f41f63ed5605bd,2016-02-24,150000.0
lrm_auctions:subastas_2016_34:e44c1e3c52f41f63ed5605bd,2016-04-27,300000.0
lrm_auctions:subastas_2016_34:e44c1e3c52f41f63ed5605bd,2016-05-25,400000.0
lrm_auctions:subastas_2016_34:e44c1e3c52f41f63ed5605bd,2016-06-22,200000.0
lrm_auctions:subastas_2016_34:e44c1e3c52f41f63ed5605bd,2016-07-27,300000.0
lrm_auctions:subastas_2016_34:e44c1e3c52f41f63ed5605bd,2016-08-24,300000.0
lrm_auctions:subastas_2016_34:e44c1e3c52f41f63ed5605bd,2016-10-26,500000.0
lrm_auctions:subastas_2016_34:e44c1e3c52f41f63ed5605bd,2016-11-23,200000.0
lrm_auctions:subastas_2016_35:aaf6eb65b92a1b566a413296,2016-01-27,180000.0
lrm_auctions:subastas_2016_35:aaf6eb65b92a1b566a413296,2016-02-24,340000.0
lrm_auctions:subastas_2016_35:aaf6eb65b92a1b566a413296,2016-04-27,175000.0
lrm_auctions:subastas_2016_35:aaf6eb65b92a1b566a413296,2016-05-25,410000.0
lrm_auctions:subastas_2016_35:aaf6eb65b92a1b566a413296,2016-06-22,220000.0
lrm_auctions:subastas_2016_35:aaf6eb65b92a1b566a413296,2016-07-27,465000.0
lrm_auctions:subastas_2016_35:aaf6eb65b92a1b566a413296,2016-08-24,310000.0
lrm_auctions:subastas_2016_35:aaf6eb65b92a1b566a413296,2016-10-26,300000.0
lrm_auctions:subastas_2016_35:aaf6eb65b92a1b566a413296,2016-11-23,140000.0
lrm_auctions:subastas_2016_36:640b4b056ff21faadf718dca,2016-01-27,150000.0
lrm_auctions:subastas_2016_36:640b4b056ff21faadf718dca,2016-02-24,150000.0
lrm_auctions:subastas_2016_36:640b4b056ff21faadf718dca,2016-04-27,175000.0
lrm_auctions:subastas_2016_36:640b4b056ff21faadf718dca,2016-05-25,410000.0
lrm_auctions:subastas_2016_36:640b4b056ff21faadf718dca,2016-06-22,135000.0
lrm_auctions:subastas_2016_36:640b4b056ff21faadf718dca,2016-07-27,335000.0
lrm_auctions:subastas_2016_36:640b4b056ff21faadf718dca,2016-08-24,310000.0
lrm_auctions:subastas_2016_36:640b4b056ff21faadf718dca,2016-10-26,280000.0
lrm_auctions:subastas_2016_36:640b4b056ff21faadf718dca,2016-11-23,140000.0
lrm_auctions:subastas_2016_37:0bee62c66184fd637967f5a2,2016-01-27,3.0
lrm_auctions:subastas_2016_37:0bee62c66184fd637967f5a2,2016-02-24,8.0
lrm_auctions:subastas_2016_37:0bee62c66184fd637967f5a2,2016-04-27,3.0
lrm_auctions:subastas_2016_37:0bee62c66184fd637967f5a2,2016-05-25,5.0
lrm_auctions:subastas_2016_37:0bee62c66184fd637967f5a2,2016-06-22,5.0
lrm_auctions:subastas_2016_37:0bee62c66184fd637967f5a2,2016-07-27,9.0
lrm_auctions:subastas_2016_37:0bee62c66184fd637967f5a2,2016-08-24,8.0
lrm_auctions:subastas_2016_37:0bee62c66184fd637967f5a2,2016-10-26,8.0
lrm_auctions:subastas_2016_37:0bee62c66184fd637967f5a2,2016-11-23,5.0
lrm_auctions:subastas_2016_38:eadb3b0d05243d2c6900fcbc,2016-01-27,3.0
lrm_auctions:subastas_2016_38:eadb3b0d05243d2c6900fcbc,2016-02-24,4.0
lrm_auctions:subastas_2016_38:eadb3b0d05243d2c6900fcbc,2016-04-27,3.0
lrm_auctions:subastas_2016_38:eadb3b0d05243d2c6900fcbc,2016-05-25,5.0
lrm_auctions:subastas_2016_38:eadb3b0d05243d2c6900fcbc,2016-06-22,3.0
lrm_auctions:subastas_2016_38:eadb3b0d05243d2c6900fcbc,2016-07-27,7.0
lrm_auctions:subastas_2016_38:eadb3b0d05243d2c6900fcbc,2016-08-24,8.0
lrm_auctions:subastas_2016_38:eadb3b0d05243d2c6900fcbc,2016-10-26,7.0
lrm_auctions:subastas_2016_38:eadb3b0d05243d2c6900fcbc,2016-11-23,5.0
lrm_auctions:subastas_2016_39:5d71f900d8bbc611ba4983ea,2016-01-27,6.808333333333334
lrm_auctions:subastas_2016_39:5d71f900d8bbc611ba4983ea,2016-02-24,6.77485294117647
lrm_auctions:subastas_2016_39:5d71f900d8bbc611ba4983ea,2016-04-27,6.701428571428571
lrm_auctions:subastas_2016_39:5d71f900d8bbc611ba4983ea,2016-05-25,6.5598780487804875
lrm_auctions:subastas_2016_39:5d71f900d8bbc611ba4983ea,2016-06-22,6.5590909090909095
lrm_auctions:subastas_2016_39:5d71f900d8bbc611ba4983ea,2016-07-27,6.386989247311828
lrm_auctions:subastas_2016_39:5d71f900d8bbc611ba4983ea,2016-08-24,6.143548387096774
lrm_auctions:subastas_2016_39:5d71f900d8bbc611ba4983ea,2016-10-26,6.252666666666666
lrm_auctions:subastas_2016_39:5d71f900d8bbc611ba4983ea,2016-11-23,6.3464285714285715
lrm_auctions:subastas_2016_3:224b5017a255c316d44d073e,2016-01-27,35000.0
lrm_auctions:subastas_2016_3:224b5017a255c316d44d073e,2016-04-27,20000.0
lrm_auctions:subastas_2016_3:224b5017a255c316d44d073e,2016-05-25,40000.0
lrm_auctions:subastas_2016_3:224b5017a255c316d44d073e,2016-07-27,35000.0
lrm_auctions:subastas_2016_3:224b5017a255c316d44d073e,2016-08-24,40000.0
lrm_auctions:subastas_2016_3:224b5017a255c316d44d073e,2016-10-26,30000.0
lrm_auctions:subastas_2016_40:88e9ff84b8c642a4a38c010b,2016-01-27,6.7
lrm_auctions:subastas_2016_40:88e9ff84b8c642a4a38c010b,2016-02-24,6.68
lrm_auctions:subastas_2016_40:88e9ff84b8c642a4a38c010b,2016-04-27,6.6
lrm_auctions:subastas_2016_40:88e9ff84b8c642a4a38c010b,2016-05-25,6.35
lrm_auctions:subastas_2016_40:88e9ff84b8c642a4a38c010b,2016-06-22,6.35
lrm_auctions:subastas_2016_40:88e9ff84b8c642a4a38c010b,2016-07-27,6.2
lrm_auctions:subastas_2016_40:88e9ff84b8c642a4a38c010b,2016-08-24,5.8
lrm_auctions:subastas_2016_40:88e9ff84b8c642a4a38c010b,2016-10-26,6.15
lrm_auctions:subastas_2016_40:88e9ff84b8c642a4a38c010b,2016-11-23,6.2
lrm_auctions:subastas_2016_41:09849ee67600e0d554d7ce86,2016-01-27,6.85
lrm_auctions:subastas_2016_41:09849ee67600e0d554d7ce86,2016-02-24,6.9
lrm_auctions:subastas_2016_41:09849ee67600e0d554d7ce86,2016-04-27,6.75
lrm_auctions:subastas_2016_41:09849ee67600e0d554d7ce86,2016-05-25,6.7
lrm_auctions:subastas_2016_41:09849ee67600e0d554d7ce86,2016-06-22,6.8
lrm_auctions:subastas_2016_41:09849ee67600e0d554d7ce86,2016-07-27,6.6
lrm_auctions:subastas_2016_41:09849ee67600e0d554d7ce86,2016-08-24,6.4
lrm_auctions:subastas_2016_41:09849ee67600e0d554d7ce86,2016-10-26,6.48
lrm_auctions:subastas_2016_41:09849ee67600e0d554d7ce86,2016-11-23,6.45
lrm_auctions:subastas_2016_42:cc6093da5c5584f1d7a6a7e9,2016-01-27,6.8
lrm_auctions:subastas_2016_42:cc6093da5c5584f1d7a6a7e9,2016-02-24,6.696
lrm_auctions:subastas_2016_42:cc6093da5c5584f1d7a6a7e9,2016-04-27,6.701428571428571
lrm_auctions:subastas_2016_42:cc6093da5c5584f1d7a6a7e9,2016-05-25,6.5598780487804875
lrm_auctions:subastas_2016_42:cc6093da5c5584f1d7a6a7e9,2016-06-22,6.411111111111111
lrm_auctions:subastas_2016_42:cc6093da5c5584f1d7a6a7e9,2016-07-27,6.310597014925373
lrm_auctions:subastas_2016_42:cc6093da5c5584f1d7a6a7e9,2016-08-24,6.143548387096774
lrm_auctions:subastas_2016_42:cc6093da5c5584f1d7a6a7e9,2016-10-26,6.236428571428571
lrm_auctions:subastas_2016_42:cc6093da5c5584f1d7a6a7e9,2016-11-23,6.3464285714285715
lrm_auctions:subastas_2016_43:bf87f06f467e10f55b30080e,2016-01-27,6.7
lrm_auctions:subastas_2016_43:bf87f06f467e10f55b30080e,2016-02-24,6.68
lrm_auctions:subastas_2016_43:bf87f06f467e10f55b30080e,2016-04-27,6.6
lrm_auctions:subastas_2016_43:bf87f06f467e10f55b30080e,2016-05-25,6.35
lrm_auctions:subastas_2016_43:bf87f06f467e10f55b30080e,2016-06-22,6.35
lrm_auctions:subastas_2016_43:bf87f06f467e10f55b30080e,2016-07-27,6.2
lrm_auctions:subastas_2016_43:bf87f06f467e10f55b30080e,2016-08-24,5.8
lrm_auctions:subastas_2016_43:bf87f06f467e10f55b30080e,2016-10-26,6.15
lrm_auctions:subastas_2016_43:bf87f06f467e10f55b30080e,2016-11-23,6.2
lrm_auctions:subastas_2016_44:17425580ef717811a7ed1c29,2016-01-27,6.85
lrm_auctions:subastas_2016_44:17425580ef717811a7ed1c29,2016-02-24,6.79
lrm_auctions:subastas_2016_44:17425580ef717811a7ed1c29,2016-04-27,6.75
lrm_auctions:subastas_2016_44:17425580ef717811a7ed1c29,2016-05-25,6.7
lrm_auctions:subastas_2016_44:17425580ef717811a7ed1c29,2016-06-22,6.6
lrm_auctions:subastas_2016_44:17425580ef717811a7ed1c29,2016-07-27,6.47
lrm_auctions:subastas_2016_44:17425580ef717811a7ed1c29,2016-08-24,6.4
lrm_auctions:subastas_2016_44:17425580ef717811a7ed1c29,2016-10-26,6.43
lrm_auctions:subastas_2016_44:17425580ef717811a7ed1c29,2016-11-23,6.45
lrm_auctions:subastas_2016_45:3c684c164201d9a3f39a6fc8,2016-01-27,50000.0
lrm_auctions:subastas_2016_45:3c684c164201d9a3f39a6fc8,2016-02-24,200000.0
lrm_auctions:subastas_2016_45:3c684c164201d9a3f39a6fc8,2016-04-27,350000.0
lrm_auctions:subastas_2016_45:3c684c164201d9a3f39a6fc8,2016-05-25,300000.0
lrm_auctions:subastas_2016_45:3c684c164201d9a3f39a6fc8,2016-07-27,150000.0
lrm_auctions:subastas_2016_45:3c684c164201d9a3f39a6fc8,2016-08-24,300000.0
lrm_auctions:subastas_2016_45:3c684c164201d9a3f39a6fc8,2016-09-21,400000.0
lrm_auctions:subastas_2016_45:3c684c164201d9a3f39a6fc8,2016-10-26,500000.0
lrm_auctions:subastas_2016_45:3c684c164201d9a3f39a6fc8,2016-11-23,445000.0
lrm_auctions:subastas_2016_45:3c684c164201d9a3f39a6fc8,2016-12-21,150000.0
lrm_auctions:subastas_2016_46:58d25f2d4b7cc400aeb30c64,2016-01-27,5000.0
lrm_auctions:subastas_2016_46:58d25f2d4b7cc400aeb30c64,2016-02-24,295000.0
lrm_auctions:subastas_2016_46:58d25f2d4b7cc400aeb30c64,2016-04-27,210000.0
lrm_auctions:subastas_2016_46:58d25f2d4b7cc400aeb30c64,2016-05-25,345000.0
lrm_auctions:subastas_2016_46:58d25f2d4b7cc400aeb30c64,2016-07-27,215000.0
lrm_auctions:subastas_2016_46:58d25f2d4b7cc400aeb30c64,2016-08-24,495000.0
lrm_auctions:subastas_2016_46:58d25f2d4b7cc400aeb30c64,2016-09-21,435000.0
lrm_auctions:subastas_2016_46:58d25f2d4b7cc400aeb30c64,2016-10-26,435000.0
lrm_auctions:subastas_2016_46:58d25f2d4b7cc400aeb30c64,2016-11-23,220000.0
lrm_auctions:subastas_2016_46:58d25f2d4b7cc400aeb30c64,2016-12-21,195000.0
lrm_auctions:subastas_2016_47:bb79738bc541d407c321f056,2016-01-27,5000.0
lrm_auctions:subastas_2016_47:bb79738bc541d407c321f056,2016-02-24,200000.0
lrm_auctions:subastas_2016_47:bb79738bc541d407c321f056,2016-04-27,210000.0
lrm_auctions:subastas_2016_47:bb79738bc541d407c321f056,2016-05-25,345000.0
lrm_auctions:subastas_2016_47:bb79738bc541d407c321f056,2016-07-27,145000.0
lrm_auctions:subastas_2016_47:bb79738bc541d407c321f056,2016-08-24,495000.0
lrm_auctions:subastas_2016_47:bb79738bc541d407c321f056,2016-09-21,430000.0
lrm_auctions:subastas_2016_47:bb79738bc541d407c321f056,2016-10-26,435000.0
lrm_auctions:subastas_2016_47:bb79738bc541d407c321f056,2016-11-23,220000.0
lrm_auctions:subastas_2016_47:bb79738bc541d407c321f056,2016-12-21,155000.0
lrm_auctions:subastas_2016_48:86cf914be106c1ef4c652627,2016-01-27,1.0
lrm_auctions:subastas_2016_48:86cf914be106c1ef4c652627,2016-02-24,4.0
lrm_auctions:subastas_2016_48:86cf914be106c1ef4c652627,2016-04-27,3.0
lrm_auctions:subastas_2016_48:86cf914be106c1ef4c652627,2016-05-25,5.0
lrm_auctions:subastas_2016_48:86cf914be106c1ef4c652627,2016-07-27,5.0
lrm_auctions:subastas_2016_48:86cf914be106c1ef4c652627,2016-08-24,8.0
lrm_auctions:subastas_2016_48:86cf914be106c1ef4c652627,2016-09-21,9.0
lrm_auctions:subastas_2016_48:86cf914be106c1ef4c652627,2016-10-26,9.0
lrm_auctions:subastas_2016_48:86cf914be106c1ef4c652627,2016-11-23,4.0
lrm_auctions:subastas_2016_48:86cf914be106c1ef4c652627,2016-12-21,5.0
lrm_auctions:subastas_2016_49:66ee0fb711ef0cdccd87f353,2016-01-27,1.0
lrm_auctions:subastas_2016_49:66ee0fb711ef0cdccd87f353,2016-02-24,2.0
lrm_auctions:subastas_2016_49:66ee0fb711ef0cdccd87f353,2016-04-27,3.0
lrm_auctions:subastas_2016_49:66ee0fb711ef0cdccd87f353,2016-05-25,5.0
lrm_auctions:subastas_2016_49:66ee0fb711ef0cdccd87f353,2016-07-27,3.0
lrm_auctions:subastas_2016_49:66ee0fb711ef0cdccd87f353,2016-08-24,8.0
lrm_auctions:subastas_2016_49:66ee0fb711ef0cdccd87f353,2016-09-21,8.0
lrm_auctions:subastas_2016_49:66ee0fb711ef0cdccd87f353,2016-10-26,9.0
lrm_auctions:subastas_2016_49:66ee0fb711ef0cdccd87f353,2016-11-23,4.0
lrm_auctions:subastas_2016_49:66ee0fb711ef0cdccd87f353,2016-12-21,4.0
lrm_auctions:subastas_2016_4:010d5d8f25a1089f65a054b4,2016-01-27,7.0
lrm_auctions:subastas_2016_4:010d5d8f25a1089f65a054b4,2016-04-27,3.0
lrm_auctions:subastas_2016_4:010d5d8f25a1089f65a054b4,2016-05-25,2.0
lrm_auctions:subastas_2016_4:010d5d8f25a1089f65a054b4,2016-07-27,2.0
lrm_auctions:subastas_2016_4:010d5d8f25a1089f65a054b4,2016-08-24,2.0
lrm_auctions:subastas_2016_4:010d5d8f25a1089f65a054b4,2016-10-26,2.0
lrm_auctions:subastas_2016_50:b4b5e2722f88ce742b672651,2016-01-27,7.1
lrm_auctions:subastas_2016_50:b4b5e2722f88ce742b672651,2016-02-24,7.277118644067796
lrm_auctions:subastas_2016_50:b4b5e2722f88ce742b672651,2016-04-27,7.147142857142857
lrm_auctions:subastas_2016_50:b4b5e2722f88ce742b672651,2016-05-25,7.001594202898551
lrm_auctions:subastas_2016_50:b4b5e2722f88ce742b672651,2016-07-27,6.793023255813954
lrm_auctions:subastas_2016_50:b4b5e2722f88ce742b672651,2016-08-24,6.725252525252525
lrm_auctions:subastas_2016_50:b4b5e2722f88ce742b672651,2016-09-21,6.76
lrm_auctions:subastas_2016_50:b4b5e2722f88ce742b672651,2016-10-26,6.758275862068966
lrm_auctions:subastas_2016_50:b4b5e2722f88ce742b672651,2016-11-23,6.572272727272727
lrm_auctions:subastas_2016_50:b4b5e2722f88ce742b672651,2016-12-21,6.694358974358974
lrm_auctions:subastas_2016_51:5b52d906236d2d89df7e4f26,2016-01-27,7.1
lrm_auctions:subastas_2016_51:5b52d906236d2d89df7e4f26,2016-02-24,7.15
lrm_auctions:subastas_2016_51:5b52d906236d2d89df7e4f26,2016-04-27,7.1
lrm_auctions:subastas_2016_51:5b52d906236d2d89df7e4f26,2016-05-25,6.94
lrm_auctions:subastas_2016_51:5b52d906236d2d89df7e4f26,2016-07-27,6.6
lrm_auctions:subastas_2016_51:5b52d906236d2d89df7e4f26,2016-08-24,6.6
lrm_auctions:subastas_2016_51:5b52d906236d2d89df7e4f26,2016-09-21,6.69
lrm_auctions:subastas_2016_51:5b52d906236d2d89df7e4f26,2016-10-26,6.6
lrm_auctions:subastas_2016_51:5b52d906236d2d89df7e4f26,2016-11-23,6.5
lrm_auctions:subastas_2016_51:5b52d906236d2d89df7e4f26,2016-12-21,6.55
lrm_auctions:subastas_2016_52:b2c88d501014eb0123d6c0ed,2016-01-27,7.1
lrm_auctions:subastas_2016_52:b2c88d501014eb0123d6c0ed,2016-02-24,7.65
lrm_auctions:subastas_2016_52:b2c88d501014eb0123d6c0ed,2016-04-27,7.19
lrm_auctions:subastas_2016_52:b2c88d501014eb0123d6c0ed,2016-05-25,7.05
lrm_auctions:subastas_2016_52:b2c88d501014eb0123d6c0ed,2016-07-27,7.0
lrm_auctions:subastas_2016_52:b2c88d501014eb0123d6c0ed,2016-08-24,6.83
lrm_auctions:subastas_2016_52:b2c88d501014eb0123d6c0ed,2016-09-21,6.88
lrm_auctions:subastas_2016_52:b2c88d501014eb0123d6c0ed,2016-10-26,6.9
lrm_auctions:subastas_2016_52:b2c88d501014eb0123d6c0ed,2016-11-23,6.8
lrm_auctions:subastas_2016_52:b2c88d501014eb0123d6c0ed,2016-12-21,6.99
lrm_auctions:subastas_2016_53:e182cba0234af1e753eb02fd,2016-01-27,7.1
lrm_auctions:subastas_2016_53:e182cba0234af1e753eb02fd,2016-02-24,7.185
lrm_auctions:subastas_2016_53:e182cba0234af1e753eb02fd,2016-04-27,7.147142857142857
lrm_auctions:subastas_2016_53:e182cba0234af1e753eb02fd,2016-05-25,7.001594202898551
lrm_auctions:subastas_2016_53:e182cba0234af1e753eb02fd,2016-07-27,6.709655172413793
lrm_auctions:subastas_2016_53:e182cba0234af1e753eb02fd,2016-08-24,6.725252525252525
lrm_auctions:subastas_2016_53:e182cba0234af1e753eb02fd,2016-09-21,6.75860465116279
lrm_auctions:subastas_2016_53:e182cba0234af1e753eb02fd,2016-10-26,6.758275862068966
lrm_auctions:subastas_2016_53:e182cba0234af1e753eb02fd,2016-11-23,6.572272727272727
lrm_auctions:subastas_2016_53:e182cba0234af1e753eb02fd,2016-12-21,6.618064516129032
lrm_auctions:subastas_2016_54:57e63b12970a0708ed266b9b,2016-01-27,7.1
lrm_auctions:subastas_2016_54:57e63b12970a0708ed266b9b,2016-02-24,7.15
lrm_auctions:subastas_2016_54:57e63b12970a0708ed266b9b,2016-04-27,7.1
lrm_auctions:subastas_2016_54:57e63b12970a0708ed266b9b,2016-05-25,6.94
lrm_auctions:subastas_2016_54:57e63b12970a0708ed266b9b,2016-07-27,6.6
lrm_auctions:subastas_2016_54:57e63b12970a0708ed266b9b,2016-08-24,6.6
lrm_auctions:subastas_2016_54:57e63b12970a0708ed266b9b,2016-09-21,6.69
lrm_auctions:subastas_2016_54:57e63b12970a0708ed266b9b,2016-10-26,6.6
lrm_auctions:subastas_2016_54:57e63b12970a0708ed266b9b,2016-11-23,6.5
lrm_auctions:subastas_2016_54:57e63b12970a0708ed266b9b,2016-12-21,6.55
lrm_auctions:subastas_2016_55:9762b95e07549b447d3c4e96,2016-01-27,7.1
lrm_auctions:subastas_2016_55:9762b95e07549b447d3c4e96,2016-02-24,7.19
lrm_auctions:subastas_2016_55:9762b95e07549b447d3c4e96,2016-04-27,7.19
lrm_auctions:subastas_2016_55:9762b95e07549b447d3c4e96,2016-05-25,7.05
lrm_auctions:subastas_2016_55:9762b95e07549b447d3c4e96,2016-07-27,6.88
lrm_auctions:subastas_2016_55:9762b95e07549b447d3c4e96,2016-08-24,6.83
lrm_auctions:subastas_2016_55:9762b95e07549b447d3c4e96,2016-09-21,6.84
lrm_auctions:subastas_2016_55:9762b95e07549b447d3c4e96,2016-10-26,6.9
lrm_auctions:subastas_2016_55:9762b95e07549b447d3c4e96,2016-11-23,6.8
lrm_auctions:subastas_2016_55:9762b95e07549b447d3c4e96,2016-12-21,6.77
lrm_auctions:subastas_2016_56:4bf6da531b85de74e05a06a8,2016-01-27,50000.0
lrm_auctions:subastas_2016_56:4bf6da531b85de74e05a06a8,2016-02-24,200000.0
lrm_auctions:subastas_2016_56:4bf6da531b85de74e05a06a8,2016-04-27,500000.0
lrm_auctions:subastas_2016_56:4bf6da531b85de74e05a06a8,2016-05-25,200000.0
lrm_auctions:subastas_2016_56:4bf6da531b85de74e05a06a8,2016-07-27,300000.0
lrm_auctions:subastas_2016_56:4bf6da531b85de74e05a06a8,2016-08-24,100000.0
lrm_auctions:subastas_2016_56:4bf6da531b85de74e05a06a8,2016-09-21,400000.0
lrm_auctions:subastas_2016_56:4bf6da531b85de74e05a06a8,2016-10-26,300000.0
lrm_auctions:subastas_2016_56:4bf6da531b85de74e05a06a8,2016-11-23,90000.0
lrm_auctions:subastas_2016_57:908bb85e48af081afbe16a9f,2016-02-24,50000.0
lrm_auctions:subastas_2016_58:48f10b817b9c6394e6d2c124,2016-02-24,10000.0
lrm_auctions:subastas_2016_59:c5c3b049a1a610310f3b7319,2016-02-24,10000.0
lrm_auctions:subastas_2016_5:fc2d241f5907da61bc006a54,2016-01-27,3.0
lrm_auctions:subastas_2016_5:fc2d241f5907da61bc006a54,2016-04-27,2.0
lrm_auctions:subastas_2016_5:fc2d241f5907da61bc006a54,2016-05-25,2.0
lrm_auctions:subastas_2016_5:fc2d241f5907da61bc006a54,2016-07-27,2.0
lrm_auctions:subastas_2016_5:fc2d241f5907da61bc006a54,2016-08-24,2.0
lrm_auctions:subastas_2016_5:fc2d241f5907da61bc006a54,2016-10-26,2.0
lrm_auctions:subastas_2016_60:a9d9d047e854e20797c5bb0f,2016-02-24,1.0
lrm_auctions:subastas_2016_61:fb0da63cb100a5e40234b9a9,2016-02-24,1.0
lrm_auctions:subastas_2016_62:64dc25eb7ebd12e768dbbc8a,2016-02-24,6.08
lrm_auctions:subastas_2016_63:33976b4f0e54d1e1d3a4fd4c,2016-02-24,6.08
lrm_auctions:subastas_2016_64:8589db5e7dadad37b2d1b3de,2016-02-24,6.08
lrm_auctions:subastas_2016_65:41d9eb7690cf7144d2c7507f,2016-02-24,6.08
lrm_auctions:subastas_2016_66:758cb4aa1a463dfecc2802da,2016-02-24,6.08
lrm_auctions:subastas_2016_67:a74c440150c4100737140745,2016-02-24,6.08
lrm_auctions:subastas_2016_68:9ff1f873cad70f007841d6fb,2016-02-24,150000.0
lrm_auctions:subastas_2016_68:9ff1f873cad70f007841d6fb,2016-05-25,200000.0
lrm_auctions:subastas_2016_68:9ff1f873cad70f007841d6fb,2016-06-22,250000.0
lrm_auctions:subastas_2016_68:9ff1f873cad70f007841d6fb,2016-08-24,200000.0
lrm_auctions:subastas_2016_68:9ff1f873cad70f007841d6fb,2016-09-21,20000.0
lrm_auctions:subastas_2016_68:9ff1f873cad70f007841d6fb,2016-11-23,70000.0
lrm_auctions:subastas_2016_68:9ff1f873cad70f007841d6fb,2016-12-21,50000.0
lrm_auctions:subastas_2016_69:d4cc1cdb36214c28468b77c6,2016-02-24,145000.0
lrm_auctions:subastas_2016_69:d4cc1cdb36214c28468b77c6,2016-05-25,150000.0
lrm_auctions:subastas_2016_69:d4cc1cdb36214c28468b77c6,2016-06-22,360000.0
lrm_auctions:subastas_2016_69:d4cc1cdb36214c28468b77c6,2016-08-24,90000.0
lrm_auctions:subastas_2016_69:d4cc1cdb36214c28468b77c6,2016-09-21,20000.0
lrm_auctions:subastas_2016_69:d4cc1cdb36214c28468b77c6,2016-11-23,50000.0
lrm_auctions:subastas_2016_69:d4cc1cdb36214c28468b77c6,2016-12-21,100000.0
lrm_auctions:subastas_2016_6:964a1e7acc58cf13bdd974d0,2016-01-27,6.232173913043479
lrm_auctions:subastas_2016_6:964a1e7acc58cf13bdd974d0,2016-04-27,5.92
lrm_auctions:subastas_2016_6:964a1e7acc58cf13bdd974d0,2016-05-25,5.5425
lrm_auctions:subastas_2016_6:964a1e7acc58cf13bdd974d0,2016-07-27,5.442857142857143
lrm_auctions:subastas_2016_6:964a1e7acc58cf13bdd974d0,2016-08-24,5.365
lrm_auctions:subastas_2016_6:964a1e7acc58cf13bdd974d0,2016-10-26,5.583333333333333
lrm_auctions:subastas_2016_70:513730b0cd1cc3e0f815fbea,2016-02-24,145000.0
lrm_auctions:subastas_2016_70:513730b0cd1cc3e0f815fbea,2016-05-25,150000.0
lrm_auctions:subastas_2016_70:513730b0cd1cc3e0f815fbea,2016-06-22,360000.0
lrm_auctions:subastas_2016_70:513730b0cd1cc3e0f815fbea,2016-08-24,90000.0
lrm_auctions:subastas_2016_70:513730b0cd1cc3e0f815fbea,2016-09-21,20000.0
lrm_auctions:subastas_2016_70:513730b0cd1cc3e0f815fbea,2016-11-23,50000.0
lrm_auctions:subastas_2016_70:513730b0cd1cc3e0f815fbea,2016-12-21,80000.0
lrm_auctions:subastas_2016_71:6b5c01714ee506155b1fe3f6,2016-02-24,6.0
lrm_auctions:subastas_2016_71:6b5c01714ee506155b1fe3f6,2016-05-25,3.0
lrm_auctions:subastas_2016_71:6b5c01714ee506155b1fe3f6,2016-06-22,7.0
lrm_auctions:subastas_2016_71:6b5c01714ee506155b1fe3f6,2016-08-24,2.0
lrm_auctions:subastas_2016_71:6b5c01714ee506155b1fe3f6,2016-09-21,2.0
lrm_auctions:subastas_2016_71:6b5c01714ee506155b1fe3f6,2016-11-23,3.0
lrm_auctions:subastas_2016_71:6b5c01714ee506155b1fe3f6,2016-12-21,5.0
lrm_auctions:subastas_2016_72:e2be2668c3575b2f20f6c41b,2016-02-24,6.0
lrm_auctions:subastas_2016_72:e2be2668c3575b2f20f6c41b,2016-05-25,3.0
lrm_auctions:subastas_2016_72:e2be2668c3575b2f20f6c41b,2016-06-22,7.0
lrm_auctions:subastas_2016_72:e2be2668c3575b2f20f6c41b,2016-08-24,2.0
lrm_auctions:subastas_2016_72:e2be2668c3575b2f20f6c41b,2016-09-21,2.0
lrm_auctions:subastas_2016_72:e2be2668c3575b2f20f6c41b,2016-11-23,3.0
lrm_auctions:subastas_2016_72:e2be2668c3575b2f20f6c41b,2016-12-21,4.0
lrm_auctions:subastas_2016_73:4c6ee82fab987afd287f64c7,2016-02-24,6.204827586206896
lrm_auctions:subastas_2016_73:4c6ee82fab987afd287f64c7,2016-05-25,5.834
lrm_auctions:subastas_2016_73:4c6ee82fab987afd287f64c7,2016-06-22,5.975833333333333
lrm_auctions:subastas_2016_73:4c6ee82fab987afd287f64c7,2016-08-24,5.66
lrm_auctions:subastas_2016_73:4c6ee82fab987afd287f64c7,2016-09-21,5.72
lrm_auctions:subastas_2016_73:4c6ee82fab987afd287f64c7,2016-11-23,5.724
lrm_auctions:subastas_2016_73:4c6ee82fab987afd287f64c7,2016-12-21,5.718
lrm_auctions:subastas_2016_74:a521249d959ea7180d2956bb,2016-02-24,6.15
lrm_auctions:subastas_2016_74:a521249d959ea7180d2956bb,2016-05-25,5.6
lrm_auctions:subastas_2016_74:a521249d959ea7180d2956bb,2016-06-22,5.85
lrm_auctions:subastas_2016_74:a521249d959ea7180d2956bb,2016-08-24,5.65
lrm_auctions:subastas_2016_74:a521249d959ea7180d2956bb,2016-09-21,5.69
lrm_auctions:subastas_2016_74:a521249d959ea7180d2956bb,2016-11-23,5.7
lrm_auctions:subastas_2016_74:a521249d959ea7180d2956bb,2016-12-21,5.7
lrm_auctions:subastas_2016_75:bf720db09a600af58693674d,2016-02-24,6.29
lrm_auctions:subastas_2016_75:bf720db09a600af58693674d,2016-05-25,5.99
lrm_auctions:subastas_2016_75:bf720db09a600af58693674d,2016-06-22,6.04
lrm_auctions:subastas_2016_75:bf720db09a600af58693674d,2016-08-24,5.74
lrm_auctions:subastas_2016_75:bf720db09a600af58693674d,2016-09-21,5.75
lrm_auctions:subastas_2016_75:bf720db09a600af58693674d,2016-11-23,5.74
lrm_auctions:subastas_2016_75:bf720db09a600af58693674d,2016-12-21,5.79
lrm_auctions:subastas_2016_76:d1f66421ecf147c9c96cee79,2016-02-24,6.204827586206896
lrm_auctions:subastas_2016_76:d1f66421ecf147c9c96cee79,2016-05-25,5.834
lrm_auctions:subastas_2016_76:d1f66421ecf147c9c96cee79,2016-06-22,5.975833333333333
lrm_auctions:subastas_2016_76:d1f66421ecf147c9c96cee79,2016-08-24,5.66
lrm_auctions:subastas_2016_76:d1f66421ecf147c9c96cee79,2016-09-21,5.72
lrm_auctions:subastas_2016_76:d1f66421ecf147c9c96cee79,2016-11-23,5.724
lrm_auctions:subastas_2016_76:d1f66421ecf147c9c96cee79,2016-12-21,5.7
lrm_auctions:subastas_2016_77:07e39dcdda634d9a1a4e52ad,2016-02-24,6.15
lrm_auctions:subastas_2016_77:07e39dcdda634d9a1a4e52ad,2016-05-25,5.6
lrm_auctions:subastas_2016_77:07e39dcdda634d9a1a4e52ad,2016-06-22,5.85
lrm_auctions:subastas_2016_77:07e39dcdda634d9a1a4e52ad,2016-08-24,5.65
lrm_auctions:subastas_2016_77:07e39dcdda634d9a1a4e52ad,2016-09-21,5.69
lrm_auctions:subastas_2016_77:07e39dcdda634d9a1a4e52ad,2016-11-23,5.7
lrm_auctions:subastas_2016_77:07e39dcdda634d9a1a4e52ad,2016-12-21,5.7
lrm_auctions:subastas_2016_78:8d17a06b79a2cc8390174bbf,2016-02-24,6.29
lrm_auctions:subastas_2016_78:8d17a06b79a2cc8390174bbf,2016-05-25,5.99
lrm_auctions:subastas_2016_78:8d17a06b79a2cc8390174bbf,2016-06-22,6.04
lrm_auctions:subastas_2016_78:8d17a06b79a2cc8390174bbf,2016-08-24,5.74
lrm_auctions:subastas_2016_78:8d17a06b79a2cc8390174bbf,2016-09-21,5.75
lrm_auctions:subastas_2016_78:8d17a06b79a2cc8390174bbf,2016-11-23,5.74
lrm_auctions:subastas_2016_78:8d17a06b79a2cc8390174bbf,2016-12-21,5.7
lrm_auctions:subastas_2016_79:ee0d4c3a94f7908ff04d5f39,2016-02-24,30000.0
lrm_auctions:subastas_2016_79:ee0d4c3a94f7908ff04d5f39,2016-04-27,385000.0
lrm_auctions:subastas_2016_79:ee0d4c3a94f7908ff04d5f39,2016-05-25,270000.0
lrm_auctions:subastas_2016_79:ee0d4c3a94f7908ff04d5f39,2016-07-27,210000.0
lrm_auctions:subastas_2016_79:ee0d4c3a94f7908ff04d5f39,2016-08-24,205000.0
lrm_auctions:subastas_2016_79:ee0d4c3a94f7908ff04d5f39,2016-09-21,350000.0
lrm_auctions:subastas_2016_79:ee0d4c3a94f7908ff04d5f39,2016-10-26,150000.0
lrm_auctions:subastas_2016_79:ee0d4c3a94f7908ff04d5f39,2016-11-23,80000.0
lrm_auctions:subastas_2016_7:a2c726f33786f143af341123,2016-01-27,5.49
lrm_auctions:subastas_2016_7:a2c726f33786f143af341123,2016-04-27,5.8
lrm_auctions:subastas_2016_7:a2c726f33786f143af341123,2016-05-25,5.5
lrm_auctions:subastas_2016_7:a2c726f33786f143af341123,2016-07-27,5.1
lrm_auctions:subastas_2016_7:a2c726f33786f143af341123,2016-08-24,5.24
lrm_auctions:subastas_2016_7:a2c726f33786f143af341123,2016-10-26,5.55
lrm_auctions:subastas_2016_80:57b628dd262c8254a68a400f,2016-02-24,1.0
lrm_auctions:subastas_2016_80:57b628dd262c8254a68a400f,2016-04-27,5.0
lrm_auctions:subastas_2016_80:57b628dd262c8254a68a400f,2016-05-25,4.0
lrm_auctions:subastas_2016_80:57b628dd262c8254a68a400f,2016-07-27,6.0
lrm_auctions:subastas_2016_80:57b628dd262c8254a68a400f,2016-08-24,6.0
lrm_auctions:subastas_2016_80:57b628dd262c8254a68a400f,2016-09-21,7.0
lrm_auctions:subastas_2016_80:57b628dd262c8254a68a400f,2016-10-26,7.0
lrm_auctions:subastas_2016_80:57b628dd262c8254a68a400f,2016-11-23,4.0
lrm_auctions:subastas_2016_81:492f3999a838cd04f14590a4,2016-02-24,7.5
lrm_auctions:subastas_2016_81:492f3999a838cd04f14590a4,2016-04-27,7.282467532467533
lrm_auctions:subastas_2016_81:492f3999a838cd04f14590a4,2016-05-25,7.171296296296297
lrm_auctions:subastas_2016_81:492f3999a838cd04f14590a4,2016-07-27,7.109523809523809
lrm_auctions:subastas_2016_81:492f3999a838cd04f14590a4,2016-08-24,7.037073170731707
lrm_auctions:subastas_2016_81:492f3999a838cd04f14590a4,2016-09-21,7.007
lrm_auctions:subastas_2016_81:492f3999a838cd04f14590a4,2016-10-26,7.076333333333333
lrm_auctions:subastas_2016_81:492f3999a838cd04f14590a4,2016-11-23,7.05625
lrm_auctions:subastas_2016_82:0a1131f4a687bbd9d1b5e92b,2016-02-24,7.5
lrm_auctions:subastas_2016_82:0a1131f4a687bbd9d1b5e92b,2016-04-27,7.15
lrm_auctions:subastas_2016_82:0a1131f4a687bbd9d1b5e92b,2016-05-25,7.1
lrm_auctions:subastas_2016_82:0a1131f4a687bbd9d1b5e92b,2016-07-27,7.0
lrm_auctions:subastas_2016_82:0a1131f4a687bbd9d1b5e92b,2016-08-24,6.97
lrm_auctions:subastas_2016_82:0a1131f4a687bbd9d1b5e92b,2016-09-21,6.85
lrm_auctions:subastas_2016_82:0a1131f4a687bbd9d1b5e92b,2016-10-26,6.95
lrm_auctions:subastas_2016_82:0a1131f4a687bbd9d1b5e92b,2016-11-23,7.0
lrm_auctions:subastas_2016_83:d39b6838f8819b2de0ec3672,2016-02-24,7.5
lrm_auctions:subastas_2016_83:d39b6838f8819b2de0ec3672,2016-04-27,7.35
lrm_auctions:subastas_2016_83:d39b6838f8819b2de0ec3672,2016-05-25,7.24
lrm_auctions:subastas_2016_83:d39b6838f8819b2de0ec3672,2016-07-27,7.17
lrm_auctions:subastas_2016_83:d39b6838f8819b2de0ec3672,2016-08-24,7.09
lrm_auctions:subastas_2016_83:d39b6838f8819b2de0ec3672,2016-09-21,7.1
lrm_auctions:subastas_2016_83:d39b6838f8819b2de0ec3672,2016-10-26,7.4
lrm_auctions:subastas_2016_83:d39b6838f8819b2de0ec3672,2016-11-23,7.1
lrm_auctions:subastas_2016_84:4c535921dfafda6e95807472,2016-03-16,50000.0
lrm_auctions:subastas_2016_85:d40cb3bd667b330321448bba,2016-03-16,200000.0
lrm_auctions:subastas_2016_86:d7a94d45e8d8abe2bbbfefb8,2016-03-16,120000.0
lrm_auctions:subastas_2016_87:183fed054add6816ec508a5a,2016-03-16,120000.0
lrm_auctions:subastas_2016_88:3833495dfa1ada9b9ffd20d4,2016-03-16,2.0
lrm_auctions:subastas_2016_89:56cf7b3455f7aff6918c3d02,2016-03-16,2.0
lrm_auctions:subastas_2016_8:ad7a529327e2031b99ba55c6,2016-01-27,6.52
lrm_auctions:subastas_2016_8:ad7a529327e2031b99ba55c6,2016-04-27,6.1
lrm_auctions:subastas_2016_8:ad7a529327e2031b99ba55c6,2016-05-25,5.67
lrm_auctions:subastas_2016_8:ad7a529327e2031b99ba55c6,2016-07-27,5.5
lrm_auctions:subastas_2016_8:ad7a529327e2031b99ba55c6,2016-08-24,5.49
lrm_auctions:subastas_2016_8:ad7a529327e2031b99ba55c6,2016-10-26,5.6
lrm_auctions:subastas_2016_90:013820cfc47db168293079da,2016-03-16,6.05
lrm_auctions:subastas_2016_91:0adab118d35eaeb52e532971,2016-03-16,6.05
lrm_auctions:subastas_2016_92:a0efd2ccb4682e6c1bb8c44d,2016-03-16,6.05
lrm_auctions:subastas_2016_93:6fb75b18ec9b400c570c6786,2016-03-16,6.05
lrm_auctions:subastas_2016_94:f157103e9b30a844592b0ee3,2016-03-16,6.05
lrm_auctions:subastas_2016_95:79abb7398819c916cec293a3,2016-03-16,6.05
lrm_auctions:subastas_2016_96:e168ba907d86d66135609ffe,2016-03-16,200000.0
lrm_auctions:subastas_2016_96:e168ba907d86d66135609ffe,2016-12-21,150000.0
lrm_auctions:subastas_2016_97:54cb2a43f0f907b65c5e292d,2016-03-16,280000.0
lrm_auctions:subastas_2016_97:54cb2a43f0f907b65c5e292d,2016-12-21,75000.0
lrm_auctions:subastas_2016_98:8fe9354e9dbffc6520ff92ae,2016-03-16,200000.0
lrm_auctions:subastas_2016_98:8fe9354e9dbffc6520ff92ae,2016-12-21,75000.0
lrm_auctions:subastas_2016_99:e7e1b8fd87c1e28ed0126cc1,2016-03-16,6.0
lrm_auctions:subastas_2016_99:e7e1b8fd87c1e28ed0126cc1,2016-12-21,4.0
lrm_auctions:subastas_2016_9:908f8f022440bbfbdb65bb24,2016-01-27,5.9071428571428575
lrm_auctions:subastas_2016_9:908f8f022440bbfbdb65bb24,2016-04-27,5.875
lrm_auctions:subastas_2016_9:908f8f022440bbfbdb65bb24,2016-05-25,5.5425
lrm_auctions:subastas_2016_9:908f8f022440bbfbdb65bb24,2016-07-27,5.442857142857143
lrm_auctions:subastas_2016_9:908f8f022440bbfbdb65bb24,2016-08-24,5.365
lrm_auctions:subastas_2016_9:908f8f022440bbfbdb65bb24,2016-10-26,5.583333333333333
lrm_auctions:subastas_2017:3048cae5f3c9742d612cf8b0,2017-01-24,100000.0
lrm_auctions:subastas_2017:3048cae5f3c9742d612cf8b0,2017-03-29,50000.0
lrm_auctions:subastas_2017:3048cae5f3c9742d612cf8b0,2017-04-26,5000.0
lrm_auctions:subastas_2017:3048cae5f3c9742d612cf8b0,2017-06-28,30000.0
lrm_auctions:subastas_2017:3048cae5f3c9742d612cf8b0,2017-07-26,10000.0
lrm_auctions:subastas_2017:3048cae5f3c9742d612cf8b0,2017-08-23,10000.0
lrm_auctions:subastas_2017:3048cae5f3c9742d612cf8b0,2017-10-25,100000.0
lrm_auctions:subastas_2017:3048cae5f3c9742d612cf8b0,2017-11-23,10000.0
lrm_auctions:subastas_2017_100:96c0322bc00495cfd12314e0,2017-03-29,400000.0
lrm_auctions:subastas_2017_100:96c0322bc00495cfd12314e0,2017-06-28,250000.0
lrm_auctions:subastas_2017_101:ba0e5e4ea7797961da0bab3a,2017-03-29,570000.0
lrm_auctions:subastas_2017_101:ba0e5e4ea7797961da0bab3a,2017-06-28,260000.0
lrm_auctions:subastas_2017_102:65213aa83c8499c40bc2b56e,2017-03-29,245000.0
lrm_auctions:subastas_2017_102:65213aa83c8499c40bc2b56e,2017-06-28,170000.0
lrm_auctions:subastas_2017_103:efaa226f0cecde0232b30e05,2017-03-29,13.0
lrm_auctions:subastas_2017_103:efaa226f0cecde0232b30e05,2017-06-28,11.0
lrm_auctions:subastas_2017_104:34d2fe3147603f22d9ff7631,2017-03-29,6.0
lrm_auctions:subastas_2017_104:34d2fe3147603f22d9ff7631,2017-06-28,7.0
lrm_auctions:subastas_2017_105:1940848ee6823ef5f51ec0b4,2017-03-29,6.348070175438597
lrm_auctions:subastas_2017_105:1940848ee6823ef5f51ec0b4,2017-06-28,6.049423076923077
lrm_auctions:subastas_2017_106:c030286ed3355783c0673c7d,2017-03-29,6.2
lrm_auctions:subastas_2017_106:c030286ed3355783c0673c7d,2017-06-28,5.75
lrm_auctions:subastas_2017_107:83d89ad17d3ceb4c42d40761,2017-03-29,6.45
lrm_auctions:subastas_2017_107:83d89ad17d3ceb4c42d40761,2017-06-28,6.4
lrm_auctions:subastas_2017_108:c58ba791d81e59b0b4a797b4,2017-03-29,6.271224489795919
lrm_auctions:subastas_2017_108:c58ba791d81e59b0b4a797b4,2017-06-28,5.89
lrm_auctions:subastas_2017_109:4e50d3c7509afefce25c8ca7,2017-03-29,6.2
lrm_auctions:subastas_2017_109:4e50d3c7509afefce25c8ca7,2017-06-28,5.75
lrm_auctions:subastas_2017_10:45819eab5b1964d17abc4b91,2017-01-24,5.4
lrm_auctions:subastas_2017_10:45819eab5b1964d17abc4b91,2017-03-29,5.33
lrm_auctions:subastas_2017_10:45819eab5b1964d17abc4b91,2017-06-28,5.25
lrm_auctions:subastas_2017_10:45819eab5b1964d17abc4b91,2017-07-26,5.28
lrm_auctions:subastas_2017_10:45819eab5b1964d17abc4b91,2017-08-23,5.28
lrm_auctions:subastas_2017_10:45819eab5b1964d17abc4b91,2017-10-25,5.02
lrm_auctions:subastas_2017_110:06aa2766f4661a251128d357,2017-03-29,6.35
lrm_auctions:subastas_2017_110:06aa2766f4661a251128d357,2017-06-28,6.0
lrm_auctions:subastas_2017_111:e0c52753cb9e1e0c336ce78f,2017-03-29,300000.0
lrm_auctions:subastas_2017_112:0a28c3937bc09f0bec5946e1,2017-03-29,625000.0
lrm_auctions:subastas_2017_113:5c24be4b1e09198088c00157,2017-03-29,350000.0
lrm_auctions:subastas_2017_114:41c725b3261fd9cfea43fa23,2017-03-29,13.0
lrm_auctions:subastas_2017_115:f8b7c7c8ee2c88c066f2815c,2017-03-29,3.0
lrm_auctions:subastas_2017_116:7203bf3c80fb87c48fdf000a,2017-03-29,6.55496
lrm_auctions:subastas_2017_117:4f1bec8a17e46dbb05715a57,2017-03-29,6.4
lrm_auctions:subastas_2017_118:85e917227ee5ad6a32b5a894,2017-03-29,6.85
lrm_auctions:subastas_2017_119:2f985e7df702347e82618ef9,2017-03-29,6.48
lrm_auctions:subastas_2017_11:dc674067b244570b92972daa,2017-01-24,5.48
lrm_auctions:subastas_2017_11:dc674067b244570b92972daa,2017-03-29,5.35
lrm_auctions:subastas_2017_11:dc674067b244570b92972daa,2017-06-28,5.25
lrm_auctions:subastas_2017_11:dc674067b244570b92972daa,2017-07-26,5.28
lrm_auctions:subastas_2017_11:dc674067b244570b92972daa,2017-08-23,5.28
lrm_auctions:subastas_2017_11:dc674067b244570b92972daa,2017-10-25,5.02
lrm_auctions:subastas_2017_120:3d609ddf16602571e6fb9854,2017-03-29,6.4
lrm_auctions:subastas_2017_121:12c7f1cb30e71df411315ee9,2017-03-29,6.5
lrm_auctions:subastas_2017_122:857b1e4879ee7d121e324c09,2017-06-28,50000.0
lrm_auctions:subastas_2017_123:5909046bd0120979e666c505,2017-06-28,45000.0
lrm_auctions:subastas_2017_124:67656b9c639e06f0a28f57b6,2017-06-28,45000.0
lrm_auctions:subastas_2017_125:0dea703a198af145df8a65bc,2017-06-28,4.0
lrm_auctions:subastas_2017_126:2551ad7f544c70bcbdfdf1dd,2017-06-28,4.0
lrm_auctions:subastas_2017_127:5bffc9cd5a0ae7e3ec159630,2017-06-28,5.5633333333333335
lrm_auctions:subastas_2017_128:b190ac3edc1c362b8f602c4f,2017-06-28,5.52
lrm_auctions:subastas_2017_129:a2c2406d329a66ba2494f648,2017-06-28,5.7
lrm_auctions:subastas_2017_12:9ff1f873cad70f007841d6fb,2017-01-24,100000.0
lrm_auctions:subastas_2017_12:9ff1f873cad70f007841d6fb,2017-02-22,50000.0
lrm_auctions:subastas_2017_12:9ff1f873cad70f007841d6fb,2017-04-26,50000.0
lrm_auctions:subastas_2017_12:9ff1f873cad70f007841d6fb,2017-05-24,50000.0
lrm_auctions:subastas_2017_12:9ff1f873cad70f007841d6fb,2017-08-23,10000.0
lrm_auctions:subastas_2017_12:9ff1f873cad70f007841d6fb,2017-09-20,50000.0
lrm_auctions:subastas_2017_12:9ff1f873cad70f007841d6fb,2017-11-23,50000.0
lrm_auctions:subastas_2017_12:9ff1f873cad70f007841d6fb,2017-12-20,10000.0
lrm_auctions:subastas_2017_130:69ce62994afcb8aca66ee625,2017-06-28,5.5633333333333335
lrm_auctions:subastas_2017_131:a9eb5f20381e9fd66207e793,2017-06-28,5.52
lrm_auctions:subastas_2017_132:f6f9b367a29c1d0467dd79fa,2017-06-28,5.7
lrm_auctions:subastas_2017_133:d6a3b4263f06756ca1ad7748,2017-06-28,10000.0
lrm_auctions:subastas_2017_134:ed9ca91a3d7ba8e8681a6f6e,2017-06-28,160000.0
lrm_auctions:subastas_2017_135:9cc07c1dd879cce756f8b610,2017-06-28,160000.0
lrm_auctions:subastas_2017_136:4d5f811ab4aa385e48ee7a01,2017-06-28,2.0
lrm_auctions:subastas_2017_137:1559234e4c66fd12ba37a626,2017-06-28,2.0
lrm_auctions:subastas_2017_138:e7e522b7deea56c6656c13ae,2017-06-28,6.646875
lrm_auctions:subastas_2017_139:aacb59b10e5db7b6821626a9,2017-06-28,6.6
lrm_auctions:subastas_2017_13:d4cc1cdb36214c28468b77c6,2017-01-24,120000.0
lrm_auctions:subastas_2017_13:d4cc1cdb36214c28468b77c6,2017-02-22,10000.0
lrm_auctions:subastas_2017_13:d4cc1cdb36214c28468b77c6,2017-04-26,80000.0
lrm_auctions:subastas_2017_13:d4cc1cdb36214c28468b77c6,2017-05-24,90000.0
lrm_auctions:subastas_2017_13:d4cc1cdb36214c28468b77c6,2017-08-23,20000.0
lrm_auctions:subastas_2017_13:d4cc1cdb36214c28468b77c6,2017-09-20,115000.0
lrm_auctions:subastas_2017_13:d4cc1cdb36214c28468b77c6,2017-11-23,5000.0
lrm_auctions:subastas_2017_13:d4cc1cdb36214c28468b77c6,2017-12-20,10000.0
lrm_auctions:subastas_2017_140:22ffb62ee58d8242cb91a72e,2017-06-28,6.65
lrm_auctions:subastas_2017_141:edd7dfd43eda04fe04c1ddee,2017-06-28,6.646875
lrm_auctions:subastas_2017_142:058b30ebf5589e4e65021935,2017-06-28,6.6
lrm_auctions:subastas_2017_143:194292a454dfe7cb144cf513,2017-06-28,6.65
lrm_auctions:subastas_2017_144:34317e3b600a5d9c905e4e0e,2017-08-23,450000.0
lrm_auctions:subastas_2017_144:34317e3b600a5d9c905e4e0e,2017-09-20,300000.0
lrm_auctions:subastas_2017_144:34317e3b600a5d9c905e4e0e,2017-11-23,200000.0
lrm_auctions:subastas_2017_145:687359eed35381f1ea3c2a2a,2017-08-23,295000.0
lrm_auctions:subastas_2017_145:687359eed35381f1ea3c2a2a,2017-09-20,415000.0
lrm_auctions:subastas_2017_145:687359eed35381f1ea3c2a2a,2017-11-23,190000.0
lrm_auctions:subastas_2017_146:b59a75cade1246e5b1118b9f,2017-08-23,210000.0
lrm_auctions:subastas_2017_146:b59a75cade1246e5b1118b9f,2017-09-20,325000.0
lrm_auctions:subastas_2017_146:b59a75cade1246e5b1118b9f,2017-11-23,190000.0
lrm_auctions:subastas_2017_147:05896d317a407e07dc81011c,2017-08-23,7.0
lrm_auctions:subastas_2017_147:05896d317a407e07dc81011c,2017-09-20,10.0
lrm_auctions:subastas_2017_147:05896d317a407e07dc81011c,2017-11-23,4.0
lrm_auctions:subastas_2017_148:3beba1f89bfdcb5880472808,2017-08-23,3.0
lrm_auctions:subastas_2017_148:3beba1f89bfdcb5880472808,2017-09-20,6.0
lrm_auctions:subastas_2017_148:3beba1f89bfdcb5880472808,2017-11-23,4.0
lrm_auctions:subastas_2017_149:a059479a36d254e1702b3aeb,2017-08-23,6.088813559322034
lrm_auctions:subastas_2017_149:a059479a36d254e1702b3aeb,2017-09-20,5.8593975903614455
lrm_auctions:subastas_2017_149:a059479a36d254e1702b3aeb,2017-11-23,5.6410526315789475
lrm_auctions:subastas_2017_14:513730b0cd1cc3e0f815fbea,2017-01-24,100000.0
lrm_auctions:subastas_2017_14:513730b0cd1cc3e0f815fbea,2017-02-22,10000.0
lrm_auctions:subastas_2017_14:513730b0cd1cc3e0f815fbea,2017-04-26,50000.0
lrm_auctions:subastas_2017_14:513730b0cd1cc3e0f815fbea,2017-05-24,50000.0
lrm_auctions:subastas_2017_14:513730b0cd1cc3e0f815fbea,2017-08-23,20000.0
lrm_auctions:subastas_2017_14:513730b0cd1cc3e0f815fbea,2017-09-20,90000.0
lrm_auctions:subastas_2017_150:33b667ad83372670b5d5baf4,2017-08-23,6.0
lrm_auctions:subastas_2017_150:33b667ad83372670b5d5baf4,2017-09-20,5.7
lrm_auctions:subastas_2017_150:33b667ad83372670b5d5baf4,2017-11-23,5.59
lrm_auctions:subastas_2017_151:dd8accda8d966d3bc6079655,2017-08-23,6.18
lrm_auctions:subastas_2017_151:dd8accda8d966d3bc6079655,2017-09-20,6.0
lrm_auctions:subastas_2017_151:dd8accda8d966d3bc6079655,2017-11-23,5.83
lrm_auctions:subastas_2017_152:e2abf549bed7799cb5501ff8,2017-08-23,6.066666666666666
lrm_auctions:subastas_2017_152:e2abf549bed7799cb5501ff8,2017-09-20,5.8250769230769235
lrm_auctions:subastas_2017_152:e2abf549bed7799cb5501ff8,2017-11-23,5.6410526315789475
lrm_auctions:subastas_2017_153:25ca3955f4c9d3729645be8d,2017-08-23,6.0
lrm_auctions:subastas_2017_153:25ca3955f4c9d3729645be8d,2017-09-20,5.7
lrm_auctions:subastas_2017_153:25ca3955f4c9d3729645be8d,2017-11-23,5.59
lrm_auctions:subastas_2017_154:2b75e274d60a7b8741d68e0a,2017-08-23,6.09
lrm_auctions:subastas_2017_154:2b75e274d60a7b8741d68e0a,2017-09-20,5.89
lrm_auctions:subastas_2017_154:2b75e274d60a7b8741d68e0a,2017-11-23,5.83
lrm_auctions:subastas_2017_155:8d1c4336c45453c11a855e39,2017-12-20,60000.0
lrm_auctions:subastas_2017_156:7fb56ae347f47e4a1fee8f0b,2017-12-20,100000.0
lrm_auctions:subastas_2017_157:f5a2d962b61a4d15667d7501,2017-12-20,100000.0
lrm_auctions:subastas_2017_158:5ef665bf2bf1161dbef3b01d,2017-12-20,4.0
lrm_auctions:subastas_2017_159:51a87a18fc0fea8d47dbfae5,2017-12-20,4.0
lrm_auctions:subastas_2017_15:6b5c01714ee506155b1fe3f6,2017-01-24,4.0
lrm_auctions:subastas_2017_15:6b5c01714ee506155b1fe3f6,2017-02-22,1.0
lrm_auctions:subastas_2017_15:6b5c01714ee506155b1fe3f6,2017-04-26,3.0
lrm_auctions:subastas_2017_15:6b5c01714ee506155b1fe3f6,2017-05-24,5.0
lrm_auctions:subastas_2017_15:6b5c01714ee506155b1fe3f6,2017-08-23,1.0
lrm_auctions:subastas_2017_15:6b5c01714ee506155b1fe3f6,2017-09-20,5.0
lrm_auctions:subastas_2017_15:6b5c01714ee506155b1fe3f6,2017-11-23,1.0
lrm_auctions:subastas_2017_15:6b5c01714ee506155b1fe3f6,2017-12-20,2.0
lrm_auctions:subastas_2017_160:2e71d36d6f0175432b85781a,2017-12-20,5.041
lrm_auctions:subastas_2017_161:4e5fa0b8f6756d7795ea8262,2017-12-20,5.0
lrm_auctions:subastas_2017_162:3010f225e79dc375b07739ad,2017-12-20,5.05
lrm_auctions:subastas_2017_163:e9ac6513d95136eebafc6c51,2017-12-20,5.041
lrm_auctions:subastas_2017_164:e20621bef08ca53683d8c2dd,2017-12-20,5.0
lrm_auctions:subastas_2017_165:4f4919f4d731f9907d4bdd22,2017-12-20,5.05
lrm_auctions:subastas_2017_16:e2be2668c3575b2f20f6c41b,2017-01-24,3.0
lrm_auctions:subastas_2017_16:e2be2668c3575b2f20f6c41b,2017-02-22,1.0
lrm_auctions:subastas_2017_16:e2be2668c3575b2f20f6c41b,2017-04-26,1.0
lrm_auctions:subastas_2017_16:e2be2668c3575b2f20f6c41b,2017-05-24,1.0
lrm_auctions:subastas_2017_16:e2be2668c3575b2f20f6c41b,2017-08-23,1.0
lrm_auctions:subastas_2017_16:e2be2668c3575b2f20f6c41b,2017-09-20,2.0
lrm_auctions:subastas_2017_17:4c6ee82fab987afd287f64c7,2017-01-24,5.604166666666667
lrm_auctions:subastas_2017_17:4c6ee82fab987afd287f64c7,2017-02-22,5.6
lrm_auctions:subastas_2017_17:4c6ee82fab987afd287f64c7,2017-04-26,5.375
lrm_auctions:subastas_2017_17:4c6ee82fab987afd287f64c7,2017-05-24,5.3
lrm_auctions:subastas_2017_17:4c6ee82fab987afd287f64c7,2017-08-23,5.29
lrm_auctions:subastas_2017_17:4c6ee82fab987afd287f64c7,2017-09-20,5.096521739130435
lrm_auctions:subastas_2017_17:4c6ee82fab987afd287f64c7,2017-11-23,5.05
lrm_auctions:subastas_2017_17:4c6ee82fab987afd287f64c7,2017-12-20,5.19
lrm_auctions:subastas_2017_18:a521249d959ea7180d2956bb,2017-01-24,5.5
lrm_auctions:subastas_2017_18:a521249d959ea7180d2956bb,2017-02-22,5.6
lrm_auctions:subastas_2017_18:a521249d959ea7180d2956bb,2017-04-26,5.35
lrm_auctions:subastas_2017_18:a521249d959ea7180d2956bb,2017-05-24,5.28
lrm_auctions:subastas_2017_18:a521249d959ea7180d2956bb,2017-08-23,5.29
lrm_auctions:subastas_2017_18:a521249d959ea7180d2956bb,2017-09-20,5.03
lrm_auctions:subastas_2017_18:a521249d959ea7180d2956bb,2017-11-23,5.05
lrm_auctions:subastas_2017_18:a521249d959ea7180d2956bb,2017-12-20,5.17
lrm_auctions:subastas_2017_19:bf720db09a600af58693674d,2017-01-24,5.75
lrm_auctions:subastas_2017_19:bf720db09a600af58693674d,2017-02-22,5.6
lrm_auctions:subastas_2017_19:bf720db09a600af58693674d,2017-04-26,5.45
lrm_auctions:subastas_2017_19:bf720db09a600af58693674d,2017-05-24,5.4
lrm_auctions:subastas_2017_19:bf720db09a600af58693674d,2017-08-23,5.29
lrm_auctions:subastas_2017_19:bf720db09a600af58693674d,2017-09-20,5.3
lrm_auctions:subastas_2017_19:bf720db09a600af58693674d,2017-11-23,5.05
lrm_auctions:subastas_2017_19:bf720db09a600af58693674d,2017-12-20,5.21
lrm_auctions:subastas_2017_20:d1f66421ecf147c9c96cee79,2017-01-24,5.575
lrm_auctions:subastas_2017_20:d1f66421ecf147c9c96cee79,2017-02-22,5.6
lrm_auctions:subastas_2017_20:d1f66421ecf147c9c96cee79,2017-04-26,5.35
lrm_auctions:subastas_2017_20:d1f66421ecf147c9c96cee79,2017-05-24,5.28
lrm_auctions:subastas_2017_20:d1f66421ecf147c9c96cee79,2017-08-23,5.29
lrm_auctions:subastas_2017_20:d1f66421ecf147c9c96cee79,2017-09-20,5.061111111111111
lrm_auctions:subastas_2017_21:07e39dcdda634d9a1a4e52ad,2017-01-24,5.5
lrm_auctions:subastas_2017_21:07e39dcdda634d9a1a4e52ad,2017-02-22,5.6
lrm_auctions:subastas_2017_21:07e39dcdda634d9a1a4e52ad,2017-04-26,5.35
lrm_auctions:subastas_2017_21:07e39dcdda634d9a1a4e52ad,2017-05-24,5.28
lrm_auctions:subastas_2017_21:07e39dcdda634d9a1a4e52ad,2017-08-23,5.29
lrm_auctions:subastas_2017_21:07e39dcdda634d9a1a4e52ad,2017-09-20,5.03
lrm_auctions:subastas_2017_22:8d17a06b79a2cc8390174bbf,2017-01-24,5.65
lrm_auctions:subastas_2017_22:8d17a06b79a2cc8390174bbf,2017-02-22,5.6
lrm_auctions:subastas_2017_22:8d17a06b79a2cc8390174bbf,2017-04-26,5.35
lrm_auctions:subastas_2017_22:8d17a06b79a2cc8390174bbf,2017-05-24,5.28
lrm_auctions:subastas_2017_22:8d17a06b79a2cc8390174bbf,2017-08-23,5.29
lrm_auctions:subastas_2017_22:8d17a06b79a2cc8390174bbf,2017-09-20,5.07
lrm_auctions:subastas_2017_23:200bac5a5818f3c1c7f12051,2017-01-24,300000.0
lrm_auctions:subastas_2017_23:200bac5a5818f3c1c7f12051,2017-02-22,350000.0
lrm_auctions:subastas_2017_23:200bac5a5818f3c1c7f12051,2017-03-29,100000.0
lrm_auctions:subastas_2017_23:200bac5a5818f3c1c7f12051,2017-04-26,100000.0
lrm_auctions:subastas_2017_23:200bac5a5818f3c1c7f12051,2017-05-24,100000.0
lrm_auctions:subastas_2017_23:200bac5a5818f3c1c7f12051,2017-07-26,150000.0
lrm_auctions:subastas_2017_23:200bac5a5818f3c1c7f12051,2017-08-23,250000.0
lrm_auctions:subastas_2017_23:200bac5a5818f3c1c7f12051,2017-09-20,50000.0
lrm_auctions:subastas_2017_23:200bac5a5818f3c1c7f12051,2017-10-25,100000.0
lrm_auctions:subastas_2017_23:200bac5a5818f3c1c7f12051,2017-11-23,50000.0
lrm_auctions:subastas_2017_23:200bac5a5818f3c1c7f12051,2017-12-20,70000.0
lrm_auctions:subastas_2017_24:8d3ad5132b2716a5e9b7d842,2017-01-24,390000.0
lrm_auctions:subastas_2017_24:8d3ad5132b2716a5e9b7d842,2017-02-22,330000.0
lrm_auctions:subastas_2017_24:8d3ad5132b2716a5e9b7d842,2017-03-29,180000.0
lrm_auctions:subastas_2017_24:8d3ad5132b2716a5e9b7d842,2017-04-26,125000.0
lrm_auctions:subastas_2017_24:8d3ad5132b2716a5e9b7d842,2017-05-24,70000.0
lrm_auctions:subastas_2017_24:8d3ad5132b2716a5e9b7d842,2017-07-26,165000.0
lrm_auctions:subastas_2017_24:8d3ad5132b2716a5e9b7d842,2017-08-23,355000.0
lrm_auctions:subastas_2017_24:8d3ad5132b2716a5e9b7d842,2017-09-20,90000.0
lrm_auctions:subastas_2017_24:8d3ad5132b2716a5e9b7d842,2017-10-25,40000.0
lrm_auctions:subastas_2017_24:8d3ad5132b2716a5e9b7d842,2017-11-23,15000.0
lrm_auctions:subastas_2017_24:8d3ad5132b2716a5e9b7d842,2017-12-20,65000.0
lrm_auctions:subastas_2017_25:1796f78ac619b9822b3cdf63,2017-01-24,360000.0
lrm_auctions:subastas_2017_25:1796f78ac619b9822b3cdf63,2017-02-22,330000.0
lrm_auctions:subastas_2017_25:1796f78ac619b9822b3cdf63,2017-03-29,120000.0
lrm_auctions:subastas_2017_25:1796f78ac619b9822b3cdf63,2017-04-26,115000.0
lrm_auctions:subastas_2017_25:1796f78ac619b9822b3cdf63,2017-05-24,70000.0
lrm_auctions:subastas_2017_25:1796f78ac619b9822b3cdf63,2017-07-26,165000.0
lrm_auctions:subastas_2017_25:1796f78ac619b9822b3cdf63,2017-08-23,215000.0
lrm_auctions:subastas_2017_25:1796f78ac619b9822b3cdf63,2017-09-20,60000.0
lrm_auctions:subastas_2017_25:1796f78ac619b9822b3cdf63,2017-10-25,40000.0
lrm_auctions:subastas_2017_25:1796f78ac619b9822b3cdf63,2017-11-23,15000.0
lrm_auctions:subastas_2017_25:1796f78ac619b9822b3cdf63,2017-12-20,10000.0
lrm_auctions:subastas_2017_26:e98508eba46c33c0a983ce8e,2017-01-24,9.0
lrm_auctions:subastas_2017_26:e98508eba46c33c0a983ce8e,2017-02-22,10.0
lrm_auctions:subastas_2017_26:e98508eba46c33c0a983ce8e,2017-03-29,6.0
lrm_auctions:subastas_2017_26:e98508eba46c33c0a983ce8e,2017-04-26,3.0
lrm_auctions:subastas_2017_26:e98508eba46c33c0a983ce8e,2017-05-24,3.0
lrm_auctions:subastas_2017_26:e98508eba46c33c0a983ce8e,2017-07-26,4.0
lrm_auctions:subastas_2017_26:e98508eba46c33c0a983ce8e,2017-08-23,5.0
lrm_auctions:subastas_2017_26:e98508eba46c33c0a983ce8e,2017-09-20,5.0
lrm_auctions:subastas_2017_26:e98508eba46c33c0a983ce8e,2017-10-25,3.0
lrm_auctions:subastas_2017_26:e98508eba46c33c0a983ce8e,2017-11-23,1.0
lrm_auctions:subastas_2017_26:e98508eba46c33c0a983ce8e,2017-12-20,5.0
lrm_auctions:subastas_2017_27:50e8cd5d6a9164a387e71b58,2017-01-24,8.0
lrm_auctions:subastas_2017_27:50e8cd5d6a9164a387e71b58,2017-02-22,10.0
lrm_auctions:subastas_2017_27:50e8cd5d6a9164a387e71b58,2017-03-29,2.0
lrm_auctions:subastas_2017_27:50e8cd5d6a9164a387e71b58,2017-04-26,2.0
lrm_auctions:subastas_2017_27:50e8cd5d6a9164a387e71b58,2017-05-24,3.0
lrm_auctions:subastas_2017_27:50e8cd5d6a9164a387e71b58,2017-07-26,4.0
lrm_auctions:subastas_2017_27:50e8cd5d6a9164a387e71b58,2017-08-23,2.0
lrm_auctions:subastas_2017_27:50e8cd5d6a9164a387e71b58,2017-09-20,2.0
lrm_auctions:subastas_2017_27:50e8cd5d6a9164a387e71b58,2017-10-25,3.0
lrm_auctions:subastas_2017_27:50e8cd5d6a9164a387e71b58,2017-11-23,1.0
lrm_auctions:subastas_2017_27:50e8cd5d6a9164a387e71b58,2017-12-20,1.0
lrm_auctions:subastas_2017_28:956a873dc8d52b456ddad362,2017-01-24,5.942051282051282
lrm_auctions:subastas_2017_28:956a873dc8d52b456ddad362,2017-02-22,5.884545454545455
lrm_auctions:subastas_2017_28:956a873dc8d52b456ddad362,2017-03-29,5.853888888888889
lrm_auctions:subastas_2017_28:956a873dc8d52b456ddad362,2017-04-26,5.8068
lrm_auctions:subastas_2017_28:956a873dc8d52b456ddad362,2017-05-24,5.708571428571428
lrm_auctions:subastas_2017_28:956a873dc8d52b456ddad362,2017-07-26,5.592727272727273
lrm_auctions:subastas_2017_28:956a873dc8d52b456ddad362,2017-08-23,5.481408450704225
lrm_auctions:subastas_2017_28:956a873dc8d52b456ddad362,2017-09-20,5.208333333333333
lrm_auctions:subastas_2017_28:956a873dc8d52b456ddad362,2017-10-25,5.0725
lrm_auctions:subastas_2017_28:956a873dc8d52b456ddad362,2017-11-23,5.0
lrm_auctions:subastas_2017_28:956a873dc8d52b456ddad362,2017-12-20,5.146923076923077
lrm_auctions:subastas_2017_29:5b6eb8a66c58a781bc5e1741,2017-01-24,5.82
lrm_auctions:subastas_2017_29:5b6eb8a66c58a781bc5e1741,2017-02-22,5.7
lrm_auctions:subastas_2017_29:5b6eb8a66c58a781bc5e1741,2017-03-29,5.8
lrm_auctions:subastas_2017_29:5b6eb8a66c58a781bc5e1741,2017-04-26,5.79
lrm_auctions:subastas_2017_29:5b6eb8a66c58a781bc5e1741,2017-05-24,5.68
lrm_auctions:subastas_2017_29:5b6eb8a66c58a781bc5e1741,2017-07-26,5.58
lrm_auctions:subastas_2017_29:5b6eb8a66c58a781bc5e1741,2017-08-23,5.4
lrm_auctions:subastas_2017_29:5b6eb8a66c58a781bc5e1741,2017-09-20,5.09
lrm_auctions:subastas_2017_29:5b6eb8a66c58a781bc5e1741,2017-10-25,5.05
lrm_auctions:subastas_2017_29:5b6eb8a66c58a781bc5e1741,2017-11-23,5.0
lrm_auctions:subastas_2017_29:5b6eb8a66c58a781bc5e1741,2017-12-20,5.0
lrm_auctions:subastas_2017_2:9247b31e01d1e0ac55a0c613,2017-01-24,85000.0
lrm_auctions:subastas_2017_2:9247b31e01d1e0ac55a0c613,2017-03-29,25000.0
lrm_auctions:subastas_2017_2:9247b31e01d1e0ac55a0c613,2017-06-28,70000.0
lrm_auctions:subastas_2017_2:9247b31e01d1e0ac55a0c613,2017-07-26,10000.0
lrm_auctions:subastas_2017_2:9247b31e01d1e0ac55a0c613,2017-08-23,30000.0
lrm_auctions:subastas_2017_2:9247b31e01d1e0ac55a0c613,2017-10-25,100000.0
lrm_auctions:subastas_2017_30:ee2c12a55786cf1f1c7f10ae,2017-01-24,6.05
lrm_auctions:subastas_2017_30:ee2c12a55786cf1f1c7f10ae,2017-02-22,6.02
lrm_auctions:subastas_2017_30:ee2c12a55786cf1f1c7f10ae,2017-03-29,6.1
lrm_auctions:subastas_2017_30:ee2c12a55786cf1f1c7f10ae,2017-04-26,5.95
lrm_auctions:subastas_2017_30:ee2c12a55786cf1f1c7f10ae,2017-05-24,5.73
lrm_auctions:subastas_2017_30:ee2c12a55786cf1f1c7f10ae,2017-07-26,5.69
lrm_auctions:subastas_2017_30:ee2c12a55786cf1f1c7f10ae,2017-08-23,5.61
lrm_auctions:subastas_2017_30:ee2c12a55786cf1f1c7f10ae,2017-09-20,5.38
lrm_auctions:subastas_2017_30:ee2c12a55786cf1f1c7f10ae,2017-10-25,5.08
lrm_auctions:subastas_2017_30:ee2c12a55786cf1f1c7f10ae,2017-11-23,5.0
lrm_auctions:subastas_2017_30:ee2c12a55786cf1f1c7f10ae,2017-12-20,5.29
lrm_auctions:subastas_2017_31:42e314b83bffe86da857c019,2017-01-24,5.933055555555556
lrm_auctions:subastas_2017_31:42e314b83bffe86da857c019,2017-02-22,5.884545454545455
lrm_auctions:subastas_2017_31:42e314b83bffe86da857c019,2017-03-29,5.826666666666667
lrm_auctions:subastas_2017_31:42e314b83bffe86da857c019,2017-04-26,5.794347826086956
lrm_auctions:subastas_2017_31:42e314b83bffe86da857c019,2017-05-24,5.708571428571428
lrm_auctions:subastas_2017_31:42e314b83bffe86da857c019,2017-07-26,5.592727272727273
lrm_auctions:subastas_2017_31:42e314b83bffe86da857c019,2017-08-23,5.4
lrm_auctions:subastas_2017_31:42e314b83bffe86da857c019,2017-09-20,5.156666666666666
lrm_auctions:subastas_2017_31:42e314b83bffe86da857c019,2017-10-25,5.0725
lrm_auctions:subastas_2017_31:42e314b83bffe86da857c019,2017-11-23,5.0
lrm_auctions:subastas_2017_31:42e314b83bffe86da857c019,2017-12-20,5.0
lrm_auctions:subastas_2017_32:820ff1f83b051209517929a0,2017-01-24,5.82
lrm_auctions:subastas_2017_32:820ff1f83b051209517929a0,2017-02-22,5.7
lrm_auctions:subastas_2017_32:820ff1f83b051209517929a0,2017-03-29,5.8
lrm_auctions:subastas_2017_32:820ff1f83b051209517929a0,2017-04-26,5.79
lrm_auctions:subastas_2017_32:820ff1f83b051209517929a0,2017-05-24,5.68
lrm_auctions:subastas_2017_32:820ff1f83b051209517929a0,2017-07-26,5.58
lrm_auctions:subastas_2017_32:820ff1f83b051209517929a0,2017-08-23,5.4
lrm_auctions:subastas_2017_32:820ff1f83b051209517929a0,2017-09-20,5.09
lrm_auctions:subastas_2017_32:820ff1f83b051209517929a0,2017-10-25,5.05
lrm_auctions:subastas_2017_32:820ff1f83b051209517929a0,2017-11-23,5.0
lrm_auctions:subastas_2017_32:820ff1f83b051209517929a0,2017-12-20,5.0
lrm_auctions:subastas_2017_33:0598755dd2a01a35e335ef4f,2017-01-24,6.02
lrm_auctions:subastas_2017_33:0598755dd2a01a35e335ef4f,2017-02-22,6.02
lrm_auctions:subastas_2017_33:0598755dd2a01a35e335ef4f,2017-03-29,5.84
lrm_auctions:subastas_2017_33:0598755dd2a01a35e335ef4f,2017-04-26,5.8
lrm_auctions:subastas_2017_33:0598755dd2a01a35e335ef4f,2017-05-24,5.73
lrm_auctions:subastas_2017_33:0598755dd2a01a35e335ef4f,2017-07-26,5.69
lrm_auctions:subastas_2017_33:0598755dd2a01a35e335ef4f,2017-08-23,5.4
lrm_auctions:subastas_2017_33:0598755dd2a01a35e335ef4f,2017-09-20,5.19
lrm_auctions:subastas_2017_33:0598755dd2a01a35e335ef4f,2017-10-25,5.08
lrm_auctions:subastas_2017_33:0598755dd2a01a35e335ef4f,2017-11-23,5.0
lrm_auctions:subastas_2017_33:0598755dd2a01a35e335ef4f,2017-12-20,5.0
lrm_auctions:subastas_2017_34:e44c1e3c52f41f63ed5605bd,2017-01-24,650000.0
lrm_auctions:subastas_2017_34:e44c1e3c52f41f63ed5605bd,2017-02-22,500000.0
lrm_auctions:subastas_2017_34:e44c1e3c52f41f63ed5605bd,2017-04-26,250000.0
lrm_auctions:subastas_2017_34:e44c1e3c52f41f63ed5605bd,2017-05-24,300000.0
lrm_auctions:subastas_2017_34:e44c1e3c52f41f63ed5605bd,2017-07-26,300000.0
lrm_auctions:subastas_2017_34:e44c1e3c52f41f63ed5605bd,2017-08-23,300000.0
lrm_auctions:subastas_2017_34:e44c1e3c52f41f63ed5605bd,2017-09-20,200000.0
lrm_auctions:subastas_2017_34:e44c1e3c52f41f63ed5605bd,2017-10-25,200000.0
lrm_auctions:subastas_2017_34:e44c1e3c52f41f63ed5605bd,2017-11-23,300000.0
lrm_auctions:subastas_2017_35:aaf6eb65b92a1b566a413296,2017-01-24,825000.0
lrm_auctions:subastas_2017_35:aaf6eb65b92a1b566a413296,2017-02-22,855000.0
lrm_auctions:subastas_2017_35:aaf6eb65b92a1b566a413296,2017-04-26,390000.0
lrm_auctions:subastas_2017_35:aaf6eb65b92a1b566a413296,2017-05-24,280000.0
lrm_auctions:subastas_2017_35:aaf6eb65b92a1b566a413296,2017-07-26,250000.0
lrm_auctions:subastas_2017_35:aaf6eb65b92a1b566a413296,2017-08-23,260000.0
lrm_auctions:subastas_2017_35:aaf6eb65b92a1b566a413296,2017-09-20,100000.0
lrm_auctions:subastas_2017_35:aaf6eb65b92a1b566a413296,2017-10-25,19000.0
lrm_auctions:subastas_2017_35:aaf6eb65b92a1b566a413296,2017-11-23,190000.0
lrm_auctions:subastas_2017_36:640b4b056ff21faadf718dca,2017-01-24,715000.0
lrm_auctions:subastas_2017_36:640b4b056ff21faadf718dca,2017-02-22,855000.0
lrm_auctions:subastas_2017_36:640b4b056ff21faadf718dca,2017-04-26,280000.0
lrm_auctions:subastas_2017_36:640b4b056ff21faadf718dca,2017-05-24,280000.0
lrm_auctions:subastas_2017_36:640b4b056ff21faadf718dca,2017-07-26,250000.0
lrm_auctions:subastas_2017_36:640b4b056ff21faadf718dca,2017-08-23,210000.0
lrm_auctions:subastas_2017_36:640b4b056ff21faadf718dca,2017-09-20,40000.0
lrm_auctions:subastas_2017_36:640b4b056ff21faadf718dca,2017-10-25,19000.0
lrm_auctions:subastas_2017_36:640b4b056ff21faadf718dca,2017-11-23,190000.0
lrm_auctions:subastas_2017_37:0bee62c66184fd637967f5a2,2017-01-24,14.0
lrm_auctions:subastas_2017_37:0bee62c66184fd637967f5a2,2017-02-22,14.0
lrm_auctions:subastas_2017_37:0bee62c66184fd637967f5a2,2017-04-26,6.0
lrm_auctions:subastas_2017_37:0bee62c66184fd637967f5a2,2017-05-24,7.0
lrm_auctions:subastas_2017_37:0bee62c66184fd637967f5a2,2017-07-26,9.0
lrm_auctions:subastas_2017_37:0bee62c66184fd637967f5a2,2017-08-23,5.0
lrm_auctions:subastas_2017_37:0bee62c66184fd637967f5a2,2017-09-20,6.0
lrm_auctions:subastas_2017_37:0bee62c66184fd637967f5a2,2017-10-25,2.0
lrm_auctions:subastas_2017_37:0bee62c66184fd637967f5a2,2017-11-23,2.0
lrm_auctions:subastas_2017_38:eadb3b0d05243d2c6900fcbc,2017-01-24,12.0
lrm_auctions:subastas_2017_38:eadb3b0d05243d2c6900fcbc,2017-02-22,14.0
lrm_auctions:subastas_2017_38:eadb3b0d05243d2c6900fcbc,2017-04-26,4.0
lrm_auctions:subastas_2017_38:eadb3b0d05243d2c6900fcbc,2017-05-24,7.0
lrm_auctions:subastas_2017_38:eadb3b0d05243d2c6900fcbc,2017-07-26,9.0
lrm_auctions:subastas_2017_38:eadb3b0d05243d2c6900fcbc,2017-08-23,2.0
lrm_auctions:subastas_2017_38:eadb3b0d05243d2c6900fcbc,2017-09-20,4.0
lrm_auctions:subastas_2017_38:eadb3b0d05243d2c6900fcbc,2017-10-25,2.0
lrm_auctions:subastas_2017_38:eadb3b0d05243d2c6900fcbc,2017-11-23,2.0
lrm_auctions:subastas_2017_39:5d71f900d8bbc611ba4983ea,2017-01-24,6.392242424242424
lrm_auctions:subastas_2017_39:5d71f900d8bbc611ba4983ea,2017-02-22,6.339239766081872
lrm_auctions:subastas_2017_39:5d71f900d8bbc611ba4983ea,2017-04-26,6.167564102564103
lrm_auctions:subastas_2017_39:5d71f900d8bbc611ba4983ea,2017-05-24,5.964821428571429
lrm_auctions:subastas_2017_39:5d71f900d8bbc611ba4983ea,2017-07-26,5.8458
lrm_auctions:subastas_2017_39:5d71f900d8bbc611ba4983ea,2017-08-23,5.5442307692307695
lrm_auctions:subastas_2017_39:5d71f900d8bbc611ba4983ea,2017-09-20,5.369
lrm_auctions:subastas_2017_39:5d71f900d8bbc611ba4983ea,2017-10-25,5.136842105263158
lrm_auctions:subastas_2017_39:5d71f900d8bbc611ba4983ea,2017-11-23,5.068947368421052
lrm_auctions:subastas_2017_3:224b5017a255c316d44d073e,2017-01-24,85000.0
lrm_auctions:subastas_2017_3:224b5017a255c316d44d073e,2017-03-29,25000.0
lrm_auctions:subastas_2017_3:224b5017a255c316d44d073e,2017-06-28,40000.0
lrm_auctions:subastas_2017_3:224b5017a255c316d44d073e,2017-07-26,10000.0
lrm_auctions:subastas_2017_3:224b5017a255c316d44d073e,2017-08-23,30000.0
lrm_auctions:subastas_2017_3:224b5017a255c316d44d073e,2017-10-25,100000.0
lrm_auctions:subastas_2017_40:88e9ff84b8c642a4a38c010b,2017-01-24,6.3
lrm_auctions:subastas_2017_40:88e9ff84b8c642a4a38c010b,2017-02-22,6.25
lrm_auctions:subastas_2017_40:88e9ff84b8c642a4a38c010b,2017-04-26,6.0
lrm_auctions:subastas_2017_40:88e9ff84b8c642a4a38c010b,2017-05-24,5.85
lrm_auctions:subastas_2017_40:88e9ff84b8c642a4a38c010b,2017-07-26,5.7
lrm_auctions:subastas_2017_40:88e9ff84b8c642a4a38c010b,2017-08-23,5.45
lrm_auctions:subastas_2017_40:88e9ff84b8c642a4a38c010b,2017-09-20,5.15
lrm_auctions:subastas_2017_40:88e9ff84b8c642a4a38c010b,2017-10-25,5.1
lrm_auctions:subastas_2017_40:88e9ff84b8c642a4a38c010b,2017-11-23,5.05
lrm_auctions:subastas_2017_41:09849ee67600e0d554d7ce86,2017-01-24,6.55
lrm_auctions:subastas_2017_41:09849ee67600e0d554d7ce86,2017-02-22,6.46
lrm_auctions:subastas_2017_41:09849ee67600e0d554d7ce86,2017-04-26,6.4
lrm_auctions:subastas_2017_41:09849ee67600e0d554d7ce86,2017-05-24,6.0
lrm_auctions:subastas_2017_41:09849ee67600e0d554d7ce86,2017-07-26,5.9
lrm_auctions:subastas_2017_41:09849ee67600e0d554d7ce86,2017-08-23,6.0
lrm_auctions:subastas_2017_41:09849ee67600e0d554d7ce86,2017-09-20,5.5
lrm_auctions:subastas_2017_41:09849ee67600e0d554d7ce86,2017-10-25,5.15
lrm_auctions:subastas_2017_41:09849ee67600e0d554d7ce86,2017-11-23,5.09
lrm_auctions:subastas_2017_42:cc6093da5c5584f1d7a6a7e9,2017-01-24,6.371048951048951
lrm_auctions:subastas_2017_42:cc6093da5c5584f1d7a6a7e9,2017-02-22,6.339239766081872
lrm_auctions:subastas_2017_42:cc6093da5c5584f1d7a6a7e9,2017-04-26,6.083392857142857
lrm_auctions:subastas_2017_42:cc6093da5c5584f1d7a6a7e9,2017-05-24,5.964821428571429
lrm_auctions:subastas_2017_42:cc6093da5c5584f1d7a6a7e9,2017-07-26,5.8458
lrm_auctions:subastas_2017_42:cc6093da5c5584f1d7a6a7e9,2017-08-23,5.497619047619048
lrm_auctions:subastas_2017_42:cc6093da5c5584f1d7a6a7e9,2017-09-20,5.225
lrm_auctions:subastas_2017_42:cc6093da5c5584f1d7a6a7e9,2017-10-25,5.136842105263158
lrm_auctions:subastas_2017_42:cc6093da5c5584f1d7a6a7e9,2017-11-23,5.068947368421052
lrm_auctions:subastas_2017_43:bf87f06f467e10f55b30080e,2017-01-24,6.3
lrm_auctions:subastas_2017_43:bf87f06f467e10f55b30080e,2017-02-22,6.25
lrm_auctions:subastas_2017_43:bf87f06f467e10f55b30080e,2017-04-26,6.0
lrm_auctions:subastas_2017_43:bf87f06f467e10f55b30080e,2017-05-24,5.85
lrm_auctions:subastas_2017_43:bf87f06f467e10f55b30080e,2017-07-26,5.7
lrm_auctions:subastas_2017_43:bf87f06f467e10f55b30080e,2017-08-23,5.45
lrm_auctions:subastas_2017_43:bf87f06f467e10f55b30080e,2017-09-20,5.15
lrm_auctions:subastas_2017_43:bf87f06f467e10f55b30080e,2017-10-25,5.1
lrm_auctions:subastas_2017_43:bf87f06f467e10f55b30080e,2017-11-23,5.05
lrm_auctions:subastas_2017_44:17425580ef717811a7ed1c29,2017-01-24,6.48
lrm_auctions:subastas_2017_44:17425580ef717811a7ed1c29,2017-02-22,6.46
lrm_auctions:subastas_2017_44:17425580ef717811a7ed1c29,2017-04-26,6.19
lrm_auctions:subastas_2017_44:17425580ef717811a7ed1c29,2017-05-24,6.0
lrm_auctions:subastas_2017_44:17425580ef717811a7ed1c29,2017-07-26,5.9
lrm_auctions:subastas_2017_44:17425580ef717811a7ed1c29,2017-08-23,5.5
lrm_auctions:subastas_2017_44:17425580ef717811a7ed1c29,2017-09-20,5.25
lrm_auctions:subastas_2017_44:17425580ef717811a7ed1c29,2017-10-25,5.15
lrm_auctions:subastas_2017_44:17425580ef717811a7ed1c29,2017-11-23,5.09
lrm_auctions:subastas_2017_45:3c684c164201d9a3f39a6fc8,2017-01-24,500000.0
lrm_auctions:subastas_2017_45:3c684c164201d9a3f39a6fc8,2017-02-22,500000.0
lrm_auctions:subastas_2017_45:3c684c164201d9a3f39a6fc8,2017-04-26,300000.0
lrm_auctions:subastas_2017_45:3c684c164201d9a3f39a6fc8,2017-05-24,500000.0
lrm_auctions:subastas_2017_45:3c684c164201d9a3f39a6fc8,2017-06-28,250000.0
lrm_auctions:subastas_2017_45:3c684c164201d9a3f39a6fc8,2017-07-26,400000.0
lrm_auctions:subastas_2017_45:3c684c164201d9a3f39a6fc8,2017-10-25,250000.0
lrm_auctions:subastas_2017_45:3c684c164201d9a3f39a6fc8,2017-12-20,250000.0
lrm_auctions:subastas_2017_46:58d25f2d4b7cc400aeb30c64,2017-01-24,550000.0
lrm_auctions:subastas_2017_46:58d25f2d4b7cc400aeb30c64,2017-02-22,575000.0
lrm_auctions:subastas_2017_46:58d25f2d4b7cc400aeb30c64,2017-04-26,640000.0
lrm_auctions:subastas_2017_46:58d25f2d4b7cc400aeb30c64,2017-05-24,470000.0
lrm_auctions:subastas_2017_46:58d25f2d4b7cc400aeb30c64,2017-06-28,285000.0
lrm_auctions:subastas_2017_46:58d25f2d4b7cc400aeb30c64,2017-07-26,335000.0
lrm_auctions:subastas_2017_46:58d25f2d4b7cc400aeb30c64,2017-10-25,190000.0
lrm_auctions:subastas_2017_46:58d25f2d4b7cc400aeb30c64,2017-12-20,320000.0
lrm_auctions:subastas_2017_47:bb79738bc541d407c321f056,2017-01-24,350000.0
lrm_auctions:subastas_2017_47:bb79738bc541d407c321f056,2017-02-22,575000.0
lrm_auctions:subastas_2017_47:bb79738bc541d407c321f056,2017-04-26,470000.0
lrm_auctions:subastas_2017_47:bb79738bc541d407c321f056,2017-05-24,465000.0
lrm_auctions:subastas_2017_47:bb79738bc541d407c321f056,2017-06-28,265000.0
lrm_auctions:subastas_2017_47:bb79738bc541d407c321f056,2017-07-26,335000.0
lrm_auctions:subastas_2017_47:bb79738bc541d407c321f056,2017-10-25,165000.0
lrm_auctions:subastas_2017_47:bb79738bc541d407c321f056,2017-12-20,245000.0
lrm_auctions:subastas_2017_48:86cf914be106c1ef4c652627,2017-01-24,10.0
lrm_auctions:subastas_2017_48:86cf914be106c1ef4c652627,2017-02-22,13.0
lrm_auctions:subastas_2017_48:86cf914be106c1ef4c652627,2017-04-26,13.0
lrm_auctions:subastas_2017_48:86cf914be106c1ef4c652627,2017-05-24,11.0
lrm_auctions:subastas_2017_48:86cf914be106c1ef4c652627,2017-06-28,10.0
lrm_auctions:subastas_2017_48:86cf914be106c1ef4c652627,2017-07-26,9.0
lrm_auctions:subastas_2017_48:86cf914be106c1ef4c652627,2017-10-25,5.0
lrm_auctions:subastas_2017_48:86cf914be106c1ef4c652627,2017-12-20,8.0
lrm_auctions:subastas_2017_49:66ee0fb711ef0cdccd87f353,2017-01-24,6.0
lrm_auctions:subastas_2017_49:66ee0fb711ef0cdccd87f353,2017-02-22,13.0
lrm_auctions:subastas_2017_49:66ee0fb711ef0cdccd87f353,2017-04-26,7.0
lrm_auctions:subastas_2017_49:66ee0fb711ef0cdccd87f353,2017-05-24,10.0
lrm_auctions:subastas_2017_49:66ee0fb711ef0cdccd87f353,2017-06-28,7.0
lrm_auctions:subastas_2017_49:66ee0fb711ef0cdccd87f353,2017-07-26,9.0
lrm_auctions:subastas_2017_49:66ee0fb711ef0cdccd87f353,2017-10-25,3.0
lrm_auctions:subastas_2017_49:66ee0fb711ef0cdccd87f353,2017-12-20,5.0
lrm_auctions:subastas_2017_4:010d5d8f25a1089f65a054b4,2017-01-24,3.0
lrm_auctions:subastas_2017_4:010d5d8f25a1089f65a054b4,2017-03-29,2.0
lrm_auctions:subastas_2017_4:010d5d8f25a1089f65a054b4,2017-06-28,4.0
lrm_auctions:subastas_2017_4:010d5d8f25a1089f65a054b4,2017-07-26,1.0
lrm_auctions:subastas_2017_4:010d5d8f25a1089f65a054b4,2017-08-23,2.0
lrm_auctions:subastas_2017_4:010d5d8f25a1089f65a054b4,2017-10-25,1.0
lrm_auctions:subastas_2017_50:b4b5e2722f88ce742b672651,2017-01-24,6.758181818181818
lrm_auctions:subastas_2017_50:b4b5e2722f88ce742b672651,2017-02-22,6.532
lrm_auctions:subastas_2017_50:b4b5e2722f88ce742b672651,2017-04-26,6.258984375
lrm_auctions:subastas_2017_50:b4b5e2722f88ce742b672651,2017-05-24,6.0458510638297875
lrm_auctions:subastas_2017_50:b4b5e2722f88ce742b672651,2017-06-28,6.131052631578948
lrm_auctions:subastas_2017_50:b4b5e2722f88ce742b672651,2017-07-26,6.045970149253732
lrm_auctions:subastas_2017_50:b4b5e2722f88ce742b672651,2017-10-25,5.761052631578948
lrm_auctions:subastas_2017_50:b4b5e2722f88ce742b672651,2017-12-20,5.674375
lrm_auctions:subastas_2017_51:5b52d906236d2d89df7e4f26,2017-01-24,6.65
lrm_auctions:subastas_2017_51:5b52d906236d2d89df7e4f26,2017-02-22,6.44
lrm_auctions:subastas_2017_51:5b52d906236d2d89df7e4f26,2017-04-26,6.1
lrm_auctions:subastas_2017_51:5b52d906236d2d89df7e4f26,2017-05-24,6.0
lrm_auctions:subastas_2017_51:5b52d906236d2d89df7e4f26,2017-06-28,6.0
lrm_auctions:subastas_2017_51:5b52d906236d2d89df7e4f26,2017-07-26,6.0
lrm_auctions:subastas_2017_51:5b52d906236d2d89df7e4f26,2017-10-25,5.69
lrm_auctions:subastas_2017_51:5b52d906236d2d89df7e4f26,2017-12-20,5.5
lrm_auctions:subastas_2017_52:b2c88d501014eb0123d6c0ed,2017-01-24,7.18
lrm_auctions:subastas_2017_52:b2c88d501014eb0123d6c0ed,2017-02-22,6.7
lrm_auctions:subastas_2017_52:b2c88d501014eb0123d6c0ed,2017-04-26,6.65
lrm_auctions:subastas_2017_52:b2c88d501014eb0123d6c0ed,2017-05-24,6.3
lrm_auctions:subastas_2017_52:b2c88d501014eb0123d6c0ed,2017-06-28,6.35
lrm_auctions:subastas_2017_52:b2c88d501014eb0123d6c0ed,2017-07-26,6.18
lrm_auctions:subastas_2017_52:b2c88d501014eb0123d6c0ed,2017-10-25,6.21
lrm_auctions:subastas_2017_52:b2c88d501014eb0123d6c0ed,2017-12-20,5.91
lrm_auctions:subastas_2017_53:e182cba0234af1e753eb02fd,2017-01-24,6.6577142857142855
lrm_auctions:subastas_2017_53:e182cba0234af1e753eb02fd,2017-02-22,6.532
lrm_auctions:subastas_2017_53:e182cba0234af1e753eb02fd,2017-04-26,6.152127659574468
lrm_auctions:subastas_2017_53:e182cba0234af1e753eb02fd,2017-05-24,6.043118279569892
lrm_auctions:subastas_2017_53:e182cba0234af1e753eb02fd,2017-06-28,6.116415094339622
lrm_auctions:subastas_2017_53:e182cba0234af1e753eb02fd,2017-07-26,6.045970149253732
lrm_auctions:subastas_2017_53:e182cba0234af1e753eb02fd,2017-10-25,5.712121212121212
lrm_auctions:subastas_2017_53:e182cba0234af1e753eb02fd,2017-12-20,5.613877551020408
lrm_auctions:subastas_2017_54:57e63b12970a0708ed266b9b,2017-01-24,6.65
lrm_auctions:subastas_2017_54:57e63b12970a0708ed266b9b,2017-02-22,6.44
lrm_auctions:subastas_2017_54:57e63b12970a0708ed266b9b,2017-04-26,6.1
lrm_auctions:subastas_2017_54:57e63b12970a0708ed266b9b,2017-05-24,6.0
lrm_auctions:subastas_2017_54:57e63b12970a0708ed266b9b,2017-06-28,6.0
lrm_auctions:subastas_2017_54:57e63b12970a0708ed266b9b,2017-07-26,6.0
lrm_auctions:subastas_2017_54:57e63b12970a0708ed266b9b,2017-10-25,5.69
lrm_auctions:subastas_2017_54:57e63b12970a0708ed266b9b,2017-12-20,5.5
lrm_auctions:subastas_2017_55:9762b95e07549b447d3c4e96,2017-01-24,6.72
lrm_auctions:subastas_2017_55:9762b95e07549b447d3c4e96,2017-02-22,6.7
lrm_auctions:subastas_2017_55:9762b95e07549b447d3c4e96,2017-04-26,6.3
lrm_auctions:subastas_2017_55:9762b95e07549b447d3c4e96,2017-05-24,6.2
lrm_auctions:subastas_2017_55:9762b95e07549b447d3c4e96,2017-06-28,6.18
lrm_auctions:subastas_2017_55:9762b95e07549b447d3c4e96,2017-07-26,6.18
lrm_auctions:subastas_2017_55:9762b95e07549b447d3c4e96,2017-10-25,5.9
lrm_auctions:subastas_2017_55:9762b95e07549b447d3c4e96,2017-12-20,5.8
lrm_auctions:subastas_2017_56:4bf6da531b85de74e05a06a8,2017-01-24,200000.0
lrm_auctions:subastas_2017_56:4bf6da531b85de74e05a06a8,2017-03-29,200000.0
lrm_auctions:subastas_2017_56:4bf6da531b85de74e05a06a8,2017-04-26,400000.0
lrm_auctions:subastas_2017_56:4bf6da531b85de74e05a06a8,2017-07-26,200000.0
lrm_auctions:subastas_2017_56:4bf6da531b85de74e05a06a8,2017-08-23,450000.0
lrm_auctions:subastas_2017_56:4bf6da531b85de74e05a06a8,2017-10-25,700000.0
lrm_auctions:subastas_2017_57:ee0d4c3a94f7908ff04d5f39,2017-01-24,160000.0
lrm_auctions:subastas_2017_57:ee0d4c3a94f7908ff04d5f39,2017-03-29,225000.0
lrm_auctions:subastas_2017_57:ee0d4c3a94f7908ff04d5f39,2017-04-26,930000.0
lrm_auctions:subastas_2017_57:ee0d4c3a94f7908ff04d5f39,2017-07-26,210000.0
lrm_auctions:subastas_2017_57:ee0d4c3a94f7908ff04d5f39,2017-08-23,495000.0
lrm_auctions:subastas_2017_57:ee0d4c3a94f7908ff04d5f39,2017-10-25,745000.0
lrm_auctions:subastas_2017_58:eea18eee3ecdee3e28e66da9,2017-01-24,160000.0
lrm_auctions:subastas_2017_58:eea18eee3ecdee3e28e66da9,2017-03-29,190000.0
lrm_auctions:subastas_2017_58:eea18eee3ecdee3e28e66da9,2017-04-26,570000.0
lrm_auctions:subastas_2017_58:eea18eee3ecdee3e28e66da9,2017-07-26,210000.0
lrm_auctions:subastas_2017_58:eea18eee3ecdee3e28e66da9,2017-08-23,410000.0
lrm_auctions:subastas_2017_58:eea18eee3ecdee3e28e66da9,2017-10-25,720000.0
lrm_auctions:subastas_2017_59:57b628dd262c8254a68a400f,2017-01-24,3.0
lrm_auctions:subastas_2017_59:57b628dd262c8254a68a400f,2017-03-29,7.0
lrm_auctions:subastas_2017_59:57b628dd262c8254a68a400f,2017-04-26,11.0
lrm_auctions:subastas_2017_59:57b628dd262c8254a68a400f,2017-07-26,9.0
lrm_auctions:subastas_2017_59:57b628dd262c8254a68a400f,2017-08-23,9.0
lrm_auctions:subastas_2017_59:57b628dd262c8254a68a400f,2017-10-25,13.0
lrm_auctions:subastas_2017_5:fc2d241f5907da61bc006a54,2017-01-24,3.0
lrm_auctions:subastas_2017_5:fc2d241f5907da61bc006a54,2017-03-29,2.0
lrm_auctions:subastas_2017_5:fc2d241f5907da61bc006a54,2017-06-28,2.0
lrm_auctions:subastas_2017_5:fc2d241f5907da61bc006a54,2017-07-26,1.0
lrm_auctions:subastas_2017_5:fc2d241f5907da61bc006a54,2017-08-23,2.0
lrm_auctions:subastas_2017_5:fc2d241f5907da61bc006a54,2017-10-25,1.0
lrm_auctions:subastas_2017_60:0e6c1578bd5d6820b9d67c61,2017-01-24,3.0
lrm_auctions:subastas_2017_60:0e6c1578bd5d6820b9d67c61,2017-03-29,4.0
lrm_auctions:subastas_2017_60:0e6c1578bd5d6820b9d67c61,2017-04-26,7.0
lrm_auctions:subastas_2017_60:0e6c1578bd5d6820b9d67c61,2017-07-26,9.0
lrm_auctions:subastas_2017_60:0e6c1578bd5d6820b9d67c61,2017-08-23,5.0
lrm_auctions:subastas_2017_60:0e6c1578bd5d6820b9d67c61,2017-10-25,11.0
lrm_auctions:subastas_2017_61:492f3999a838cd04f14590a4,2017-01-24,6.93125
lrm_auctions:subastas_2017_61:492f3999a838cd04f14590a4,2017-03-29,6.8742222222222225
lrm_auctions:subastas_2017_61:492f3999a838cd04f14590a4,2017-04-26,6.704086021505376
lrm_auctions:subastas_2017_61:492f3999a838cd04f14590a4,2017-07-26,6.574761904761905
lrm_auctions:subastas_2017_61:492f3999a838cd04f14590a4,2017-08-23,6.5323232323232325
lrm_auctions:subastas_2017_61:492f3999a838cd04f14590a4,2017-10-25,6.085503355704698
lrm_auctions:subastas_2017_62:0a1131f4a687bbd9d1b5e92b,2017-01-24,6.9
lrm_auctions:subastas_2017_62:0a1131f4a687bbd9d1b5e92b,2017-03-29,6.7
lrm_auctions:subastas_2017_62:0a1131f4a687bbd9d1b5e92b,2017-04-26,6.48
lrm_auctions:subastas_2017_62:0a1131f4a687bbd9d1b5e92b,2017-07-26,6.45
lrm_auctions:subastas_2017_62:0a1131f4a687bbd9d1b5e92b,2017-08-23,6.4
lrm_auctions:subastas_2017_62:0a1131f4a687bbd9d1b5e92b,2017-10-25,5.91
lrm_auctions:subastas_2017_63:d39b6838f8819b2de0ec3672,2017-01-24,7.0
lrm_auctions:subastas_2017_63:d39b6838f8819b2de0ec3672,2017-03-29,7.1
lrm_auctions:subastas_2017_63:d39b6838f8819b2de0ec3672,2017-04-26,6.95
lrm_auctions:subastas_2017_63:d39b6838f8819b2de0ec3672,2017-07-26,6.65
lrm_auctions:subastas_2017_63:d39b6838f8819b2de0ec3672,2017-08-23,6.65
lrm_auctions:subastas_2017_63:d39b6838f8819b2de0ec3672,2017-10-25,6.45
lrm_auctions:subastas_2017_64:9d92cdb1155eb126d248cd3d,2017-01-24,6.93125
lrm_auctions:subastas_2017_64:9d92cdb1155eb126d248cd3d,2017-03-29,6.842105263157895
lrm_auctions:subastas_2017_64:9d92cdb1155eb126d248cd3d,2017-04-26,6.568947368421052
lrm_auctions:subastas_2017_64:9d92cdb1155eb126d248cd3d,2017-07-26,6.574761904761905
lrm_auctions:subastas_2017_64:9d92cdb1155eb126d248cd3d,2017-08-23,6.513414634146342
lrm_auctions:subastas_2017_64:9d92cdb1155eb126d248cd3d,2017-10-25,6.074236111111111
lrm_auctions:subastas_2017_65:9e65b04aa01c99458d690df0,2017-01-24,6.9
lrm_auctions:subastas_2017_65:9e65b04aa01c99458d690df0,2017-03-29,6.7
lrm_auctions:subastas_2017_65:9e65b04aa01c99458d690df0,2017-04-26,6.48
lrm_auctions:subastas_2017_65:9e65b04aa01c99458d690df0,2017-07-26,6.45
lrm_auctions:subastas_2017_65:9e65b04aa01c99458d690df0,2017-08-23,6.4
lrm_auctions:subastas_2017_65:9e65b04aa01c99458d690df0,2017-10-25,5.91
lrm_auctions:subastas_2017_66:af2e7749cfc1023bb5b38c17,2017-01-24,7.0
lrm_auctions:subastas_2017_66:af2e7749cfc1023bb5b38c17,2017-03-29,7.0
lrm_auctions:subastas_2017_66:af2e7749cfc1023bb5b38c17,2017-04-26,6.75
lrm_auctions:subastas_2017_66:af2e7749cfc1023bb5b38c17,2017-07-26,6.65
lrm_auctions:subastas_2017_66:af2e7749cfc1023bb5b38c17,2017-08-23,6.55
lrm_auctions:subastas_2017_66:af2e7749cfc1023bb5b38c17,2017-10-25,6.3
lrm_auctions:subastas_2017_67:6291f22e12272550ddb19294,2017-02-22,50000.0
lrm_auctions:subastas_2017_67:6291f22e12272550ddb19294,2017-05-24,5000.0
lrm_auctions:subastas_2017_67:6291f22e12272550ddb19294,2017-09-20,50000.0
lrm_auctions:subastas_2017_67:6291f22e12272550ddb19294,2017-12-20,10000.0
lrm_auctions:subastas_2017_68:fc22729f3313615a9203476a,2017-02-22,90000.0
lrm_auctions:subastas_2017_68:fc22729f3313615a9203476a,2017-09-20,70000.0
lrm_auctions:subastas_2017_68:fc22729f3313615a9203476a,2017-12-20,10000.0
lrm_auctions:subastas_2017_69:5aec5344e114c688c24f3cfd,2017-02-22,80000.0
lrm_auctions:subastas_2017_69:5aec5344e114c688c24f3cfd,2017-09-20,70000.0
lrm_auctions:subastas_2017_6:964a1e7acc58cf13bdd974d0,2017-01-24,5.452941176470588
lrm_auctions:subastas_2017_6:964a1e7acc58cf13bdd974d0,2017-03-29,5.334
lrm_auctions:subastas_2017_6:964a1e7acc58cf13bdd974d0,2017-06-28,5.269285714285714
lrm_auctions:subastas_2017_6:964a1e7acc58cf13bdd974d0,2017-07-26,5.28
lrm_auctions:subastas_2017_6:964a1e7acc58cf13bdd974d0,2017-08-23,5.28
lrm_auctions:subastas_2017_6:964a1e7acc58cf13bdd974d0,2017-10-25,5.02
lrm_auctions:subastas_2017_70:fa2f58987deec1386218e267,2017-02-22,5.0
lrm_auctions:subastas_2017_70:fa2f58987deec1386218e267,2017-09-20,1.0
lrm_auctions:subastas_2017_70:fa2f58987deec1386218e267,2017-12-20,2.0
lrm_auctions:subastas_2017_71:d45f7c455271a36d9f87aa52,2017-02-22,4.0
lrm_auctions:subastas_2017_71:d45f7c455271a36d9f87aa52,2017-09-20,1.0
lrm_auctions:subastas_2017_72:b09aacb562341369ce00cbcb,2017-02-22,5.411666666666667
lrm_auctions:subastas_2017_72:b09aacb562341369ce00cbcb,2017-09-20,5.05
lrm_auctions:subastas_2017_72:b09aacb562341369ce00cbcb,2017-12-20,5.125
lrm_auctions:subastas_2017_73:5dac7e8944fc9c4ab5605db6,2017-02-22,5.35
lrm_auctions:subastas_2017_73:5dac7e8944fc9c4ab5605db6,2017-09-20,5.05
lrm_auctions:subastas_2017_73:5dac7e8944fc9c4ab5605db6,2017-12-20,5.1
lrm_auctions:subastas_2017_74:7f8c29f6df4d56cb04fd1f67,2017-02-22,5.5
lrm_auctions:subastas_2017_74:7f8c29f6df4d56cb04fd1f67,2017-09-20,5.05
lrm_auctions:subastas_2017_74:7f8c29f6df4d56cb04fd1f67,2017-12-20,5.15
lrm_auctions:subastas_2017_75:cf0cd36a472795f63988f1ad,2017-02-22,5.400625
lrm_auctions:subastas_2017_75:cf0cd36a472795f63988f1ad,2017-09-20,5.05
lrm_auctions:subastas_2017_76:8593b0fd7a59100882b72087,2017-02-22,5.35
lrm_auctions:subastas_2017_76:8593b0fd7a59100882b72087,2017-09-20,5.05
lrm_auctions:subastas_2017_77:db4d04bed7c47f4e72fbf182,2017-02-22,5.45
lrm_auctions:subastas_2017_77:db4d04bed7c47f4e72fbf182,2017-09-20,5.05
lrm_auctions:subastas_2017_78:19aa0c2824e33beffefd746e,2017-02-22,150000.0
lrm_auctions:subastas_2017_78:19aa0c2824e33beffefd746e,2017-05-24,300000.0
lrm_auctions:subastas_2017_78:19aa0c2824e33beffefd746e,2017-09-20,300000.0
lrm_auctions:subastas_2017_78:19aa0c2824e33beffefd746e,2017-11-23,550000.0
lrm_auctions:subastas_2017_78:19aa0c2824e33beffefd746e,2017-12-20,700000.0
lrm_auctions:subastas_2017_79:702b30d234583a528a8b322e,2017-02-22,255000.0
lrm_auctions:subastas_2017_79:702b30d234583a528a8b322e,2017-05-24,415000.0
lrm_auctions:subastas_2017_79:702b30d234583a528a8b322e,2017-09-20,710000.0
lrm_auctions:subastas_2017_79:702b30d234583a528a8b322e,2017-11-23,430000.0
lrm_auctions:subastas_2017_79:702b30d234583a528a8b322e,2017-12-20,1010000.0
lrm_auctions:subastas_2017_7:a2c726f33786f143af341123,2017-01-24,5.4
lrm_auctions:subastas_2017_7:a2c726f33786f143af341123,2017-03-29,5.33
lrm_auctions:subastas_2017_7:a2c726f33786f143af341123,2017-06-28,5.25
lrm_auctions:subastas_2017_7:a2c726f33786f143af341123,2017-07-26,5.28
lrm_auctions:subastas_2017_7:a2c726f33786f143af341123,2017-08-23,5.28
lrm_auctions:subastas_2017_7:a2c726f33786f143af341123,2017-10-25,5.02
lrm_auctions:subastas_2017_80:453e8f11c1454c72a3453daf,2017-02-22,175000.0
lrm_auctions:subastas_2017_80:453e8f11c1454c72a3453daf,2017-05-24,400000.0
lrm_auctions:subastas_2017_80:453e8f11c1454c72a3453daf,2017-09-20,395000.0
lrm_auctions:subastas_2017_80:453e8f11c1454c72a3453daf,2017-11-23,405000.0
lrm_auctions:subastas_2017_80:453e8f11c1454c72a3453daf,2017-12-20,890000.0
lrm_auctions:subastas_2017_81:cc75095a6da3152284529e7d,2017-02-22,8.0
lrm_auctions:subastas_2017_81:cc75095a6da3152284529e7d,2017-05-24,9.0
lrm_auctions:subastas_2017_81:cc75095a6da3152284529e7d,2017-09-20,13.0
lrm_auctions:subastas_2017_81:cc75095a6da3152284529e7d,2017-11-23,9.0
lrm_auctions:subastas_2017_81:cc75095a6da3152284529e7d,2017-12-20,14.0
lrm_auctions:subastas_2017_82:3d2f0a4dc05234c9fbfc5246,2017-02-22,5.0
lrm_auctions:subastas_2017_82:3d2f0a4dc05234c9fbfc5246,2017-05-24,8.0
lrm_auctions:subastas_2017_82:3d2f0a4dc05234c9fbfc5246,2017-09-20,9.0
lrm_auctions:subastas_2017_82:3d2f0a4dc05234c9fbfc5246,2017-11-23,8.0
lrm_auctions:subastas_2017_82:3d2f0a4dc05234c9fbfc5246,2017-12-20,11.0
lrm_auctions:subastas_2017_83:2e5b9d3c20eb99013f97a873,2017-02-22,7.008823529411765
lrm_auctions:subastas_2017_83:2e5b9d3c20eb99013f97a873,2017-05-24,6.501204819277109
lrm_auctions:subastas_2017_83:2e5b9d3c20eb99013f97a873,2017-09-20,6.29218309859155
lrm_auctions:subastas_2017_83:2e5b9d3c20eb99013f97a873,2017-11-23,6.036046511627907
lrm_auctions:subastas_2017_83:2e5b9d3c20eb99013f97a873,2017-12-20,6.096584158415841
lrm_auctions:subastas_2017_84:7c22f0dab2c1ad133ca5ff18,2017-02-22,6.9
lrm_auctions:subastas_2017_84:7c22f0dab2c1ad133ca5ff18,2017-05-24,6.4
lrm_auctions:subastas_2017_84:7c22f0dab2c1ad133ca5ff18,2017-09-20,6.1
lrm_auctions:subastas_2017_84:7c22f0dab2c1ad133ca5ff18,2017-11-23,5.95
lrm_auctions:subastas_2017_84:7c22f0dab2c1ad133ca5ff18,2017-12-20,5.9
lrm_auctions:subastas_2017_85:bd44e49ef0de63f7ce67ae25,2017-02-22,7.19
lrm_auctions:subastas_2017_85:bd44e49ef0de63f7ce67ae25,2017-05-24,6.75
lrm_auctions:subastas_2017_85:bd44e49ef0de63f7ce67ae25,2017-09-20,6.4
lrm_auctions:subastas_2017_85:bd44e49ef0de63f7ce67ae25,2017-11-23,6.35
lrm_auctions:subastas_2017_85:bd44e49ef0de63f7ce67ae25,2017-12-20,6.3
lrm_auctions:subastas_2017_86:43f0ddf9ef671fde4eba31bc,2017-02-22,6.95
lrm_auctions:subastas_2017_86:43f0ddf9ef671fde4eba31bc,2017-05-24,6.491875
lrm_auctions:subastas_2017_86:43f0ddf9ef671fde4eba31bc,2017-09-20,6.23
lrm_auctions:subastas_2017_86:43f0ddf9ef671fde4eba31bc,2017-11-23,6.016666666666667
lrm_auctions:subastas_2017_86:43f0ddf9ef671fde4eba31bc,2017-12-20,6.069157303370787
lrm_auctions:subastas_2017_87:8739aec9d9e7afaa55117a42,2017-02-22,6.9
lrm_auctions:subastas_2017_87:8739aec9d9e7afaa55117a42,2017-05-24,6.4
lrm_auctions:subastas_2017_87:8739aec9d9e7afaa55117a42,2017-09-20,6.1
lrm_auctions:subastas_2017_87:8739aec9d9e7afaa55117a42,2017-11-23,5.95
lrm_auctions:subastas_2017_87:8739aec9d9e7afaa55117a42,2017-12-20,5.9
lrm_auctions:subastas_2017_88:a630b9e0899d1a4f4ae30133,2017-02-22,7.0
lrm_auctions:subastas_2017_88:a630b9e0899d1a4f4ae30133,2017-05-24,6.67
lrm_auctions:subastas_2017_88:a630b9e0899d1a4f4ae30133,2017-09-20,6.3
lrm_auctions:subastas_2017_88:a630b9e0899d1a4f4ae30133,2017-11-23,6.3
lrm_auctions:subastas_2017_88:a630b9e0899d1a4f4ae30133,2017-12-20,6.25
lrm_auctions:subastas_2017_89:9a2827311a9e9d33ba6ff349,2017-03-29,100000.0
lrm_auctions:subastas_2017_89:9a2827311a9e9d33ba6ff349,2017-06-28,30000.0
lrm_auctions:subastas_2017_89:9a2827311a9e9d33ba6ff349,2017-07-26,30000.0
lrm_auctions:subastas_2017_89:9a2827311a9e9d33ba6ff349,2017-10-25,50000.0
lrm_auctions:subastas_2017_8:ad7a529327e2031b99ba55c6,2017-01-24,5.48
lrm_auctions:subastas_2017_8:ad7a529327e2031b99ba55c6,2017-03-29,5.35
lrm_auctions:subastas_2017_8:ad7a529327e2031b99ba55c6,2017-06-28,5.32
lrm_auctions:subastas_2017_8:ad7a529327e2031b99ba55c6,2017-07-26,5.28
lrm_auctions:subastas_2017_8:ad7a529327e2031b99ba55c6,2017-08-23,5.28
lrm_auctions:subastas_2017_8:ad7a529327e2031b99ba55c6,2017-10-25,5.02
lrm_auctions:subastas_2017_90:5beeccad37c0b7f1f2692791,2017-03-29,55000.0
lrm_auctions:subastas_2017_90:5beeccad37c0b7f1f2692791,2017-06-28,30000.0
lrm_auctions:subastas_2017_90:5beeccad37c0b7f1f2692791,2017-07-26,40000.0
lrm_auctions:subastas_2017_90:5beeccad37c0b7f1f2692791,2017-10-25,55000.0
lrm_auctions:subastas_2017_91:efcf4db332ddff7ea118d64c,2017-03-29,50000.0
lrm_auctions:subastas_2017_91:efcf4db332ddff7ea118d64c,2017-07-26,40000.0
lrm_auctions:subastas_2017_91:efcf4db332ddff7ea118d64c,2017-10-25,55000.0
lrm_auctions:subastas_2017_92:bc3c70bc79470454e1623143,2017-03-29,3.0
lrm_auctions:subastas_2017_92:bc3c70bc79470454e1623143,2017-06-28,2.0
lrm_auctions:subastas_2017_92:bc3c70bc79470454e1623143,2017-07-26,2.0
lrm_auctions:subastas_2017_92:bc3c70bc79470454e1623143,2017-10-25,2.0
lrm_auctions:subastas_2017_93:9b641e907ff47dfb7bd2d959,2017-03-29,2.0
lrm_auctions:subastas_2017_93:9b641e907ff47dfb7bd2d959,2017-07-26,2.0
lrm_auctions:subastas_2017_93:9b641e907ff47dfb7bd2d959,2017-10-25,2.0
lrm_auctions:subastas_2017_94:522a9ff86f0c5f3925788c15,2017-03-29,5.449090909090909
lrm_auctions:subastas_2017_94:522a9ff86f0c5f3925788c15,2017-06-28,5.395
lrm_auctions:subastas_2017_94:522a9ff86f0c5f3925788c15,2017-07-26,5.285
lrm_auctions:subastas_2017_94:522a9ff86f0c5f3925788c15,2017-10-25,5.027272727272727
lrm_auctions:subastas_2017_95:f835a7565286472f6064b1eb,2017-03-29,5.43
lrm_auctions:subastas_2017_95:f835a7565286472f6064b1eb,2017-06-28,5.39
lrm_auctions:subastas_2017_95:f835a7565286472f6064b1eb,2017-07-26,5.28
lrm_auctions:subastas_2017_95:f835a7565286472f6064b1eb,2017-10-25,5.0
lrm_auctions:subastas_2017_96:1569b092994575e4f365fd80,2017-03-29,5.6
lrm_auctions:subastas_2017_96:1569b092994575e4f365fd80,2017-06-28,5.42
lrm_auctions:subastas_2017_96:1569b092994575e4f365fd80,2017-07-26,5.3
lrm_auctions:subastas_2017_96:1569b092994575e4f365fd80,2017-10-25,5.03
lrm_auctions:subastas_2017_97:eea99792d3080cc491e41e61,2017-03-29,5.434
lrm_auctions:subastas_2017_97:eea99792d3080cc491e41e61,2017-07-26,5.285
lrm_auctions:subastas_2017_97:eea99792d3080cc491e41e61,2017-10-25,5.027272727272727
lrm_auctions:subastas_2017_98:ce4ce2fcd94fb6a8be5ccb97,2017-03-29,5.43
lrm_auctions:subastas_2017_98:ce4ce2fcd94fb6a8be5ccb97,2017-07-26,5.28
lrm_auctions:subastas_2017_98:ce4ce2fcd94fb6a8be5ccb97,2017-10-25,5.0
lrm_auctions:subastas_2017_99:66705411d4f15df9e2d9209b,2017-03-29,5.45
lrm_auctions:subastas_2017_99:66705411d4f15df9e2d9209b,2017-07-26,5.3
lrm_auctions:subastas_2017_99:66705411d4f15df9e2d9209b,2017-10-25,5.03
lrm_auctions:subastas_2017_9:908f8f022440bbfbdb65bb24,2017-01-24,5.452941176470588
lrm_auctions:subastas_2017_9:908f8f022440bbfbdb65bb24,2017-03-29,5.334
lrm_auctions:subastas_2017_9:908f8f022440bbfbdb65bb24,2017-06-28,5.25
lrm_auctions:subastas_2017_9:908f8f022440bbfbdb65bb24,2017-07-26,5.28
lrm_auctions:subastas_2017_9:908f8f022440bbfbdb65bb24,2017-08-23,5.28
lrm_auctions:subastas_2017_9:908f8f022440bbfbdb65bb24,2017-10-25,5.02
lrm_auctions:subastas_2018:3048cae5f3c9742d612cf8b0,2018-01-24,50000.0
lrm_auctions:subastas_2018:3048cae5f3c9742d612cf8b0,2018-02-22,50000.0
lrm_auctions:subastas_2018:3048cae5f3c9742d612cf8b0,2018-04-25,10000.0
lrm_auctions:subastas_2018:3048cae5f3c9742d612cf8b0,2018-06-27,50000.0
lrm_auctions:subastas_2018:3048cae5f3c9742d612cf8b0,2018-08-29,50000.0
lrm_auctions:subastas_2018:3048cae5f3c9742d612cf8b0,2018-09-26,50000.0
lrm_auctions:subastas_2018_100:b09aacb562341369ce00cbcb,2018-03-22,4.833333333333333
lrm_auctions:subastas_2018_100:b09aacb562341369ce00cbcb,2018-10-24,5.416666666666667
lrm_auctions:subastas_2018_100:b09aacb562341369ce00cbcb,2018-12-19,5.3985
lrm_auctions:subastas_2018_101:5dac7e8944fc9c4ab5605db6,2018-03-22,4.7
lrm_auctions:subastas_2018_101:5dac7e8944fc9c4ab5605db6,2018-10-24,5.4
lrm_auctions:subastas_2018_101:5dac7e8944fc9c4ab5605db6,2018-12-19,5.38
lrm_auctions:subastas_2018_102:7f8c29f6df4d56cb04fd1f67,2018-03-22,5.1
lrm_auctions:subastas_2018_102:7f8c29f6df4d56cb04fd1f67,2018-10-24,5.75
lrm_auctions:subastas_2018_102:7f8c29f6df4d56cb04fd1f67,2018-12-19,5.46
lrm_auctions:subastas_2018_103:cf0cd36a472795f63988f1ad,2018-03-22,4.75
lrm_auctions:subastas_2018_103:cf0cd36a472795f63988f1ad,2018-10-24,5.4
lrm_auctions:subastas_2018_103:cf0cd36a472795f63988f1ad,2018-12-19,5.3985
lrm_auctions:subastas_2018_104:8593b0fd7a59100882b72087,2018-03-22,4.7
lrm_auctions:subastas_2018_104:8593b0fd7a59100882b72087,2018-10-24,5.4
lrm_auctions:subastas_2018_104:8593b0fd7a59100882b72087,2018-12-19,5.38
lrm_auctions:subastas_2018_105:db4d04bed7c47f4e72fbf182,2018-03-22,4.8
lrm_auctions:subastas_2018_105:db4d04bed7c47f4e72fbf182,2018-10-24,5.4
lrm_auctions:subastas_2018_105:db4d04bed7c47f4e72fbf182,2018-12-19,5.46
lrm_auctions:subastas_2018_106:e168ba907d86d66135609ffe,2018-03-22,200000.0
lrm_auctions:subastas_2018_106:e168ba907d86d66135609ffe,2018-05-23,150000.0
lrm_auctions:subastas_2018_106:e168ba907d86d66135609ffe,2018-12-19,50000.0
lrm_auctions:subastas_2018_107:54cb2a43f0f907b65c5e292d,2018-03-22,230000.0
lrm_auctions:subastas_2018_107:54cb2a43f0f907b65c5e292d,2018-05-23,30000.0
lrm_auctions:subastas_2018_107:54cb2a43f0f907b65c5e292d,2018-12-19,120000.0
lrm_auctions:subastas_2018_108:8fe9354e9dbffc6520ff92ae,2018-03-22,230000.0
lrm_auctions:subastas_2018_108:8fe9354e9dbffc6520ff92ae,2018-05-23,5000.0
lrm_auctions:subastas_2018_108:8fe9354e9dbffc6520ff92ae,2018-12-19,120000.0
lrm_auctions:subastas_2018_109:e7e1b8fd87c1e28ed0126cc1,2018-03-22,4.0
lrm_auctions:subastas_2018_109:e7e1b8fd87c1e28ed0126cc1,2018-05-23,3.0
lrm_auctions:subastas_2018_109:e7e1b8fd87c1e28ed0126cc1,2018-12-19,3.0
lrm_auctions:subastas_2018_10:522a9ff86f0c5f3925788c15,2018-01-24,5.0
lrm_auctions:subastas_2018_10:522a9ff86f0c5f3925788c15,2018-08-29,5.35
lrm_auctions:subastas_2018_10:522a9ff86f0c5f3925788c15,2018-10-24,5.6571428571428575
lrm_auctions:subastas_2018_10:522a9ff86f0c5f3925788c15,2018-11-28,5.65
lrm_auctions:subastas_2018_110:35cf952804fc72c665c0475a,2018-03-22,4.0
lrm_auctions:subastas_2018_110:35cf952804fc72c665c0475a,2018-05-23,1.0
lrm_auctions:subastas_2018_110:35cf952804fc72c665c0475a,2018-12-19,3.0
lrm_auctions:subastas_2018_111:47c7d14958d44202f576a601,2018-03-22,5.058695652173913
lrm_auctions:subastas_2018_111:47c7d14958d44202f576a601,2018-05-23,5.181666666666667
lrm_auctions:subastas_2018_111:47c7d14958d44202f576a601,2018-12-19,5.7325
lrm_auctions:subastas_2018_112:a4d118f1fd0175e34946721c,2018-03-22,5.0
lrm_auctions:subastas_2018_112:a4d118f1fd0175e34946721c,2018-05-23,5.15
lrm_auctions:subastas_2018_112:a4d118f1fd0175e34946721c,2018-12-19,5.72
lrm_auctions:subastas_2018_113:d848ec47042f58bad3407aff,2018-03-22,5.15
lrm_auctions:subastas_2018_113:d848ec47042f58bad3407aff,2018-05-23,5.2
lrm_auctions:subastas_2018_113:d848ec47042f58bad3407aff,2018-12-19,5.82
lrm_auctions:subastas_2018_114:66b9d20c01e888f251b5cee9,2018-03-22,5.058695652173913
lrm_auctions:subastas_2018_114:66b9d20c01e888f251b5cee9,2018-05-23,5.15
lrm_auctions:subastas_2018_114:66b9d20c01e888f251b5cee9,2018-12-19,5.7325
lrm_auctions:subastas_2018_115:4b551f3170b65c380c5f7c82,2018-03-22,5.0
lrm_auctions:subastas_2018_115:4b551f3170b65c380c5f7c82,2018-05-23,5.15
lrm_auctions:subastas_2018_115:4b551f3170b65c380c5f7c82,2018-12-19,5.72
lrm_auctions:subastas_2018_116:a36159cea0b1ae1305daa5f3,2018-03-22,5.15
lrm_auctions:subastas_2018_116:a36159cea0b1ae1305daa5f3,2018-05-23,5.15
lrm_auctions:subastas_2018_116:a36159cea0b1ae1305daa5f3,2018-12-19,5.82
lrm_auctions:subastas_2018_117:34317e3b600a5d9c905e4e0e,2018-03-22,500000.0
lrm_auctions:subastas_2018_117:34317e3b600a5d9c905e4e0e,2018-05-23,150000.0
lrm_auctions:subastas_2018_117:34317e3b600a5d9c905e4e0e,2018-12-19,200000.0
lrm_auctions:subastas_2018_118:687359eed35381f1ea3c2a2a,2018-03-22,305000.0
lrm_auctions:subastas_2018_118:687359eed35381f1ea3c2a2a,2018-05-23,35000.0
lrm_auctions:subastas_2018_118:687359eed35381f1ea3c2a2a,2018-12-19,95000.0
lrm_auctions:subastas_2018_119:b59a75cade1246e5b1118b9f,2018-03-22,255000.0
lrm_auctions:subastas_2018_119:b59a75cade1246e5b1118b9f,2018-05-23,30000.0
lrm_auctions:subastas_2018_119:b59a75cade1246e5b1118b9f,2018-12-19,95000.0
lrm_auctions:subastas_2018_11:f835a7565286472f6064b1eb,2018-01-24,5.0
lrm_auctions:subastas_2018_11:f835a7565286472f6064b1eb,2018-08-29,5.35
lrm_auctions:subastas_2018_11:f835a7565286472f6064b1eb,2018-10-24,5.4
lrm_auctions:subastas_2018_11:f835a7565286472f6064b1eb,2018-11-28,5.65
lrm_auctions:subastas_2018_120:05896d317a407e07dc81011c,2018-03-22,11.0
lrm_auctions:subastas_2018_120:05896d317a407e07dc81011c,2018-05-23,4.0
lrm_auctions:subastas_2018_120:05896d317a407e07dc81011c,2018-12-19,5.0
lrm_auctions:subastas_2018_121:3beba1f89bfdcb5880472808,2018-03-22,7.0
lrm_auctions:subastas_2018_121:3beba1f89bfdcb5880472808,2018-05-23,3.0
lrm_auctions:subastas_2018_121:3beba1f89bfdcb5880472808,2018-12-19,5.0
lrm_auctions:subastas_2018_122:a059479a36d254e1702b3aeb,2018-03-22,5.598524590163934
lrm_auctions:subastas_2018_122:a059479a36d254e1702b3aeb,2018-05-23,5.662857142857143
lrm_auctions:subastas_2018_122:a059479a36d254e1702b3aeb,2018-12-19,6.147368421052631
lrm_auctions:subastas_2018_123:33b667ad83372670b5d5baf4,2018-03-22,5.49
lrm_auctions:subastas_2018_123:33b667ad83372670b5d5baf4,2018-05-23,5.65
lrm_auctions:subastas_2018_123:33b667ad83372670b5d5baf4,2018-12-19,6.0
lrm_auctions:subastas_2018_124:dd8accda8d966d3bc6079655,2018-03-22,5.9
lrm_auctions:subastas_2018_124:dd8accda8d966d3bc6079655,2018-05-23,5.7
lrm_auctions:subastas_2018_124:dd8accda8d966d3bc6079655,2018-12-19,6.2
lrm_auctions:subastas_2018_125:e2abf549bed7799cb5501ff8,2018-03-22,5.555294117647059
lrm_auctions:subastas_2018_125:e2abf549bed7799cb5501ff8,2018-05-23,5.656666666666666
lrm_auctions:subastas_2018_125:e2abf549bed7799cb5501ff8,2018-12-19,6.147368421052631
lrm_auctions:subastas_2018_126:25ca3955f4c9d3729645be8d,2018-03-22,5.49
lrm_auctions:subastas_2018_126:25ca3955f4c9d3729645be8d,2018-05-23,5.65
lrm_auctions:subastas_2018_126:25ca3955f4c9d3729645be8d,2018-12-19,6.0
lrm_auctions:subastas_2018_127:2b75e274d60a7b8741d68e0a,2018-03-22,5.68
lrm_auctions:subastas_2018_127:2b75e274d60a7b8741d68e0a,2018-05-23,5.67
lrm_auctions:subastas_2018_127:2b75e274d60a7b8741d68e0a,2018-12-19,6.2
lrm_auctions:subastas_2018_128:96c0322bc00495cfd12314e0,2018-06-27,200000.0
lrm_auctions:subastas_2018_128:96c0322bc00495cfd12314e0,2018-08-29,50000.0
lrm_auctions:subastas_2018_129:ba0e5e4ea7797961da0bab3a,2018-06-27,105000.0
lrm_auctions:subastas_2018_129:ba0e5e4ea7797961da0bab3a,2018-08-29,30000.0
lrm_auctions:subastas_2018_12:1569b092994575e4f365fd80,2018-01-24,5.0
lrm_auctions:subastas_2018_12:1569b092994575e4f365fd80,2018-08-29,5.35
lrm_auctions:subastas_2018_12:1569b092994575e4f365fd80,2018-10-24,5.95
lrm_auctions:subastas_2018_12:1569b092994575e4f365fd80,2018-11-28,5.65
lrm_auctions:subastas_2018_130:65213aa83c8499c40bc2b56e,2018-06-27,105000.0
lrm_auctions:subastas_2018_130:65213aa83c8499c40bc2b56e,2018-08-29,30000.0
lrm_auctions:subastas_2018_131:efaa226f0cecde0232b30e05,2018-06-27,2.0
lrm_auctions:subastas_2018_131:efaa226f0cecde0232b30e05,2018-08-29,1.0
lrm_auctions:subastas_2018_132:34d2fe3147603f22d9ff7631,2018-06-27,2.0
lrm_auctions:subastas_2018_132:34d2fe3147603f22d9ff7631,2018-08-29,1.0
lrm_auctions:subastas_2018_133:1940848ee6823ef5f51ec0b4,2018-06-27,5.257142857142857
lrm_auctions:subastas_2018_133:1940848ee6823ef5f51ec0b4,2018-08-29,5.4
lrm_auctions:subastas_2018_134:c030286ed3355783c0673c7d,2018-06-27,5.25
lrm_auctions:subastas_2018_134:c030286ed3355783c0673c7d,2018-08-29,5.4
lrm_auctions:subastas_2018_135:83d89ad17d3ceb4c42d40761,2018-06-27,5.4
lrm_auctions:subastas_2018_135:83d89ad17d3ceb4c42d40761,2018-08-29,5.4
lrm_auctions:subastas_2018_136:c58ba791d81e59b0b4a797b4,2018-06-27,5.257142857142857
lrm_auctions:subastas_2018_136:c58ba791d81e59b0b4a797b4,2018-08-29,5.4
lrm_auctions:subastas_2018_137:4e50d3c7509afefce25c8ca7,2018-06-27,5.25
lrm_auctions:subastas_2018_137:4e50d3c7509afefce25c8ca7,2018-08-29,5.4
lrm_auctions:subastas_2018_138:06aa2766f4661a251128d357,2018-06-27,5.4
lrm_auctions:subastas_2018_138:06aa2766f4661a251128d357,2018-08-29,5.4
lrm_auctions:subastas_2018_139:efcf4db332ddff7ea118d64c,2018-08-29,50000.0
lrm_auctions:subastas_2018_139:efcf4db332ddff7ea118d64c,2018-10-24,30000.0
lrm_auctions:subastas_2018_139:efcf4db332ddff7ea118d64c,2018-11-28,60000.0
lrm_auctions:subastas_2018_13:200bac5a5818f3c1c7f12051,2018-01-24,150000.0
lrm_auctions:subastas_2018_13:200bac5a5818f3c1c7f12051,2018-02-22,100000.0
lrm_auctions:subastas_2018_13:200bac5a5818f3c1c7f12051,2018-04-25,10000.0
lrm_auctions:subastas_2018_13:200bac5a5818f3c1c7f12051,2018-06-27,200000.0
lrm_auctions:subastas_2018_13:200bac5a5818f3c1c7f12051,2018-07-25,130000.0
lrm_auctions:subastas_2018_13:200bac5a5818f3c1c7f12051,2018-08-29,250000.0
lrm_auctions:subastas_2018_13:200bac5a5818f3c1c7f12051,2018-10-24,100000.0
lrm_auctions:subastas_2018_140:9b641e907ff47dfb7bd2d959,2018-08-29,1.0
lrm_auctions:subastas_2018_140:9b641e907ff47dfb7bd2d959,2018-10-24,2.0
lrm_auctions:subastas_2018_140:9b641e907ff47dfb7bd2d959,2018-11-28,2.0
lrm_auctions:subastas_2018_141:eea99792d3080cc491e41e61,2018-08-29,5.35
lrm_auctions:subastas_2018_141:eea99792d3080cc491e41e61,2018-10-24,5.608333333333333
lrm_auctions:subastas_2018_141:eea99792d3080cc491e41e61,2018-11-28,5.65
lrm_auctions:subastas_2018_142:ce4ce2fcd94fb6a8be5ccb97,2018-08-29,5.35
lrm_auctions:subastas_2018_142:ce4ce2fcd94fb6a8be5ccb97,2018-10-24,5.4
lrm_auctions:subastas_2018_142:ce4ce2fcd94fb6a8be5ccb97,2018-11-28,5.65
lrm_auctions:subastas_2018_143:66705411d4f15df9e2d9209b,2018-08-29,5.35
lrm_auctions:subastas_2018_143:66705411d4f15df9e2d9209b,2018-10-24,5.65
lrm_auctions:subastas_2018_143:66705411d4f15df9e2d9209b,2018-11-28,5.65
lrm_auctions:subastas_2018_144:857b1e4879ee7d121e324c09,2018-09-26,200000.0
lrm_auctions:subastas_2018_144:857b1e4879ee7d121e324c09,2018-11-28,50000.0
lrm_auctions:subastas_2018_145:5909046bd0120979e666c505,2018-09-26,50000.0
lrm_auctions:subastas_2018_145:5909046bd0120979e666c505,2018-11-28,25000.0
lrm_auctions:subastas_2018_146:67656b9c639e06f0a28f57b6,2018-09-26,50000.0
lrm_auctions:subastas_2018_146:67656b9c639e06f0a28f57b6,2018-11-28,10000.0
lrm_auctions:subastas_2018_147:0dea703a198af145df8a65bc,2018-09-26,3.0
lrm_auctions:subastas_2018_147:0dea703a198af145df8a65bc,2018-11-28,2.0
lrm_auctions:subastas_2018_148:2551ad7f544c70bcbdfdf1dd,2018-09-26,3.0
lrm_auctions:subastas_2018_148:2551ad7f544c70bcbdfdf1dd,2018-11-28,1.0
lrm_auctions:subastas_2018_149:5bffc9cd5a0ae7e3ec159630,2018-09-26,5.46
lrm_auctions:subastas_2018_149:5bffc9cd5a0ae7e3ec159630,2018-11-28,5.83
lrm_auctions:subastas_2018_14:8d3ad5132b2716a5e9b7d842,2018-01-24,275000.0
lrm_auctions:subastas_2018_14:8d3ad5132b2716a5e9b7d842,2018-02-22,330000.0
lrm_auctions:subastas_2018_14:8d3ad5132b2716a5e9b7d842,2018-04-25,15000.0
lrm_auctions:subastas_2018_14:8d3ad5132b2716a5e9b7d842,2018-06-27,105000.0
lrm_auctions:subastas_2018_14:8d3ad5132b2716a5e9b7d842,2018-07-25,5000.0
lrm_auctions:subastas_2018_14:8d3ad5132b2716a5e9b7d842,2018-08-29,285000.0
lrm_auctions:subastas_2018_14:8d3ad5132b2716a5e9b7d842,2018-10-24,75000.0
lrm_auctions:subastas_2018_150:b190ac3edc1c362b8f602c4f,2018-09-26,5.4
lrm_auctions:subastas_2018_150:b190ac3edc1c362b8f602c4f,2018-11-28,5.8
lrm_auctions:subastas_2018_151:a2c2406d329a66ba2494f648,2018-09-26,5.55
lrm_auctions:subastas_2018_151:a2c2406d329a66ba2494f648,2018-11-28,5.85
lrm_auctions:subastas_2018_152:69ce62994afcb8aca66ee625,2018-09-26,5.46
lrm_auctions:subastas_2018_152:69ce62994afcb8aca66ee625,2018-11-28,5.8
lrm_auctions:subastas_2018_153:a9eb5f20381e9fd66207e793,2018-09-26,5.4
lrm_auctions:subastas_2018_153:a9eb5f20381e9fd66207e793,2018-11-28,5.8
lrm_auctions:subastas_2018_154:f6f9b367a29c1d0467dd79fa,2018-09-26,5.55
lrm_auctions:subastas_2018_154:f6f9b367a29c1d0467dd79fa,2018-11-28,5.8
lrm_auctions:subastas_2018_155:908bb85e48af081afbe16a9f,2018-11-28,50000.0
lrm_auctions:subastas_2018_156:48f10b817b9c6394e6d2c124,2018-11-28,165000.0
lrm_auctions:subastas_2018_157:c5c3b049a1a610310f3b7319,2018-11-28,150000.0
lrm_auctions:subastas_2018_158:a9d9d047e854e20797c5bb0f,2018-11-28,3.0
lrm_auctions:subastas_2018_159:fb0da63cb100a5e40234b9a9,2018-11-28,2.0
lrm_auctions:subastas_2018_15:1796f78ac619b9822b3cdf63,2018-01-24,270000.0
lrm_auctions:subastas_2018_15:1796f78ac619b9822b3cdf63,2018-02-22,330000.0
lrm_auctions:subastas_2018_15:1796f78ac619b9822b3cdf63,2018-04-25,15000.0
lrm_auctions:subastas_2018_15:1796f78ac619b9822b3cdf63,2018-06-27,105000.0
lrm_auctions:subastas_2018_15:1796f78ac619b9822b3cdf63,2018-07-25,5000.0
lrm_auctions:subastas_2018_15:1796f78ac619b9822b3cdf63,2018-08-29,285000.0
lrm_auctions:subastas_2018_15:1796f78ac619b9822b3cdf63,2018-10-24,70000.0
lrm_auctions:subastas_2018_160:64dc25eb7ebd12e768dbbc8a,2018-11-28,5.4818181818181815
lrm_auctions:subastas_2018_161:33976b4f0e54d1e1d3a4fd4c,2018-11-28,5.48
lrm_auctions:subastas_2018_162:8589db5e7dadad37b2d1b3de,2018-11-28,5.5
lrm_auctions:subastas_2018_163:41d9eb7690cf7144d2c7507f,2018-11-28,5.48
lrm_auctions:subastas_2018_164:758cb4aa1a463dfecc2802da,2018-11-28,5.48
lrm_auctions:subastas_2018_165:a74c440150c4100737140745,2018-11-28,5.48
lrm_auctions:subastas_2018_16:e98508eba46c33c0a983ce8e,2018-01-24,8.0
lrm_auctions:subastas_2018_16:e98508eba46c33c0a983ce8e,2018-02-22,6.0
lrm_auctions:subastas_2018_16:e98508eba46c33c0a983ce8e,2018-04-25,3.0
lrm_auctions:subastas_2018_16:e98508eba46c33c0a983ce8e,2018-06-27,2.0
lrm_auctions:subastas_2018_16:e98508eba46c33c0a983ce8e,2018-07-25,1.0
lrm_auctions:subastas_2018_16:e98508eba46c33c0a983ce8e,2018-08-29,4.0
lrm_auctions:subastas_2018_16:e98508eba46c33c0a983ce8e,2018-10-24,4.0
lrm_auctions:subastas_2018_17:50e8cd5d6a9164a387e71b58,2018-01-24,7.0
lrm_auctions:subastas_2018_17:50e8cd5d6a9164a387e71b58,2018-02-22,6.0
lrm_auctions:subastas_2018_17:50e8cd5d6a9164a387e71b58,2018-04-25,3.0
lrm_auctions:subastas_2018_17:50e8cd5d6a9164a387e71b58,2018-06-27,2.0
lrm_auctions:subastas_2018_17:50e8cd5d6a9164a387e71b58,2018-07-25,1.0
lrm_auctions:subastas_2018_17:50e8cd5d6a9164a387e71b58,2018-08-29,4.0
lrm_auctions:subastas_2018_17:50e8cd5d6a9164a387e71b58,2018-10-24,3.0
lrm_auctions:subastas_2018_18:956a873dc8d52b456ddad362,2018-01-24,5.0
lrm_auctions:subastas_2018_18:956a873dc8d52b456ddad362,2018-02-22,4.955151515151515
lrm_auctions:subastas_2018_18:956a873dc8d52b456ddad362,2018-04-25,5.116666666666666
lrm_auctions:subastas_2018_18:956a873dc8d52b456ddad362,2018-06-27,5.15952380952381
lrm_auctions:subastas_2018_18:956a873dc8d52b456ddad362,2018-07-25,5.35
lrm_auctions:subastas_2018_18:956a873dc8d52b456ddad362,2018-08-29,5.35
lrm_auctions:subastas_2018_18:956a873dc8d52b456ddad362,2018-10-24,5.706666666666667
lrm_auctions:subastas_2018_19:5b6eb8a66c58a781bc5e1741,2018-01-24,4.99
lrm_auctions:subastas_2018_19:5b6eb8a66c58a781bc5e1741,2018-02-22,4.93
lrm_auctions:subastas_2018_19:5b6eb8a66c58a781bc5e1741,2018-04-25,5.1
lrm_auctions:subastas_2018_19:5b6eb8a66c58a781bc5e1741,2018-06-27,5.15
lrm_auctions:subastas_2018_19:5b6eb8a66c58a781bc5e1741,2018-07-25,5.35
lrm_auctions:subastas_2018_19:5b6eb8a66c58a781bc5e1741,2018-08-29,5.35
lrm_auctions:subastas_2018_19:5b6eb8a66c58a781bc5e1741,2018-10-24,5.6
lrm_auctions:subastas_2018_20:ee2c12a55786cf1f1c7f10ae,2018-01-24,5.12
lrm_auctions:subastas_2018_20:ee2c12a55786cf1f1c7f10ae,2018-02-22,5.0
lrm_auctions:subastas_2018_20:ee2c12a55786cf1f1c7f10ae,2018-04-25,5.15
lrm_auctions:subastas_2018_20:ee2c12a55786cf1f1c7f10ae,2018-06-27,5.35
lrm_auctions:subastas_2018_20:ee2c12a55786cf1f1c7f10ae,2018-07-25,5.35
lrm_auctions:subastas_2018_20:ee2c12a55786cf1f1c7f10ae,2018-08-29,5.35
lrm_auctions:subastas_2018_20:ee2c12a55786cf1f1c7f10ae,2018-10-24,6.25
lrm_auctions:subastas_2018_21:42e314b83bffe86da857c019,2018-01-24,4.997777777777777
lrm_auctions:subastas_2018_21:42e314b83bffe86da857c019,2018-02-22,4.955151515151515
lrm_auctions:subastas_2018_21:42e314b83bffe86da857c019,2018-04-25,5.116666666666666
lrm_auctions:subastas_2018_21:42e314b83bffe86da857c019,2018-06-27,5.15952380952381
lrm_auctions:subastas_2018_21:42e314b83bffe86da857c019,2018-07-25,5.35
lrm_auctions:subastas_2018_21:42e314b83bffe86da857c019,2018-08-29,5.35
lrm_auctions:subastas_2018_21:42e314b83bffe86da857c019,2018-10-24,5.667857142857143
lrm_auctions:subastas_2018_22:820ff1f83b051209517929a0,2018-01-24,4.99
lrm_auctions:subastas_2018_22:820ff1f83b051209517929a0,2018-02-22,4.93
lrm_auctions:subastas_2018_22:820ff1f83b051209517929a0,2018-04-25,5.1
lrm_auctions:subastas_2018_22:820ff1f83b051209517929a0,2018-06-27,5.15
lrm_auctions:subastas_2018_22:820ff1f83b051209517929a0,2018-07-25,5.35
lrm_auctions:subastas_2018_22:820ff1f83b051209517929a0,2018-08-29,5.35
lrm_auctions:subastas_2018_22:820ff1f83b051209517929a0,2018-10-24,5.6
lrm_auctions:subastas_2018_23:0598755dd2a01a35e335ef4f,2018-01-24,5.0
lrm_auctions:subastas_2018_23:0598755dd2a01a35e335ef4f,2018-02-22,5.0
lrm_auctions:subastas_2018_23:0598755dd2a01a35e335ef4f,2018-04-25,5.15
lrm_auctions:subastas_2018_23:0598755dd2a01a35e335ef4f,2018-06-27,5.35
lrm_auctions:subastas_2018_23:0598755dd2a01a35e335ef4f,2018-07-25,5.35
lrm_auctions:subastas_2018_23:0598755dd2a01a35e335ef4f,2018-08-29,5.35
lrm_auctions:subastas_2018_23:0598755dd2a01a35e335ef4f,2018-10-24,5.7
lrm_auctions:subastas_2018_24:e44c1e3c52f41f63ed5605bd,2018-01-24,250000.0
lrm_auctions:subastas_2018_24:e44c1e3c52f41f63ed5605bd,2018-04-25,260000.0
lrm_auctions:subastas_2018_24:e44c1e3c52f41f63ed5605bd,2018-07-25,100000.0
lrm_auctions:subastas_2018_24:e44c1e3c52f41f63ed5605bd,2018-09-26,50000.0
lrm_auctions:subastas_2018_24:e44c1e3c52f41f63ed5605bd,2018-10-24,50000.0
lrm_auctions:subastas_2018_24:e44c1e3c52f41f63ed5605bd,2018-11-28,200000.0
lrm_auctions:subastas_2018_25:aaf6eb65b92a1b566a413296,2018-01-24,375000.0
lrm_auctions:subastas_2018_25:aaf6eb65b92a1b566a413296,2018-04-25,225000.0
lrm_auctions:subastas_2018_25:aaf6eb65b92a1b566a413296,2018-07-25,15000.0
lrm_auctions:subastas_2018_25:aaf6eb65b92a1b566a413296,2018-11-28,80000.0
lrm_auctions:subastas_2018_26:640b4b056ff21faadf718dca,2018-01-24,250000.0
lrm_auctions:subastas_2018_26:640b4b056ff21faadf718dca,2018-04-25,225000.0
lrm_auctions:subastas_2018_26:640b4b056ff21faadf718dca,2018-07-25,15000.0
lrm_auctions:subastas_2018_26:640b4b056ff21faadf718dca,2018-11-28,80000.0
lrm_auctions:subastas_2018_27:0bee62c66184fd637967f5a2,2018-01-24,8.0
lrm_auctions:subastas_2018_27:0bee62c66184fd637967f5a2,2018-04-25,6.0
lrm_auctions:subastas_2018_27:0bee62c66184fd637967f5a2,2018-07-25,2.0
lrm_auctions:subastas_2018_27:0bee62c66184fd637967f5a2,2018-11-28,1.0
lrm_auctions:subastas_2018_28:eadb3b0d05243d2c6900fcbc,2018-01-24,4.0
lrm_auctions:subastas_2018_28:eadb3b0d05243d2c6900fcbc,2018-04-25,6.0
lrm_auctions:subastas_2018_28:eadb3b0d05243d2c6900fcbc,2018-07-25,2.0
lrm_auctions:subastas_2018_28:eadb3b0d05243d2c6900fcbc,2018-11-28,1.0
lrm_auctions:subastas_2018_29:5d71f900d8bbc611ba4983ea,2018-01-24,5.077733333333334
lrm_auctions:subastas_2018_29:5d71f900d8bbc611ba4983ea,2018-04-25,5.162444444444445
lrm_auctions:subastas_2018_29:5d71f900d8bbc611ba4983ea,2018-07-25,5.35
lrm_auctions:subastas_2018_29:5d71f900d8bbc611ba4983ea,2018-11-28,5.85
lrm_auctions:subastas_2018_2:9247b31e01d1e0ac55a0c613,2018-01-24,50000.0
lrm_auctions:subastas_2018_2:9247b31e01d1e0ac55a0c613,2018-02-22,80000.0
lrm_auctions:subastas_2018_2:9247b31e01d1e0ac55a0c613,2018-06-27,10000.0
lrm_auctions:subastas_2018_2:9247b31e01d1e0ac55a0c613,2018-08-29,70000.0
lrm_auctions:subastas_2018_2:9247b31e01d1e0ac55a0c613,2018-09-26,110000.0
lrm_auctions:subastas_2018_30:88e9ff84b8c642a4a38c010b,2018-01-24,5.01
lrm_auctions:subastas_2018_30:88e9ff84b8c642a4a38c010b,2018-04-25,5.1
lrm_auctions:subastas_2018_30:88e9ff84b8c642a4a38c010b,2018-07-25,5.35
lrm_auctions:subastas_2018_30:88e9ff84b8c642a4a38c010b,2018-11-28,5.85
lrm_auctions:subastas_2018_31:09849ee67600e0d554d7ce86,2018-01-24,5.22
lrm_auctions:subastas_2018_31:09849ee67600e0d554d7ce86,2018-04-25,5.25
lrm_auctions:subastas_2018_31:09849ee67600e0d554d7ce86,2018-07-25,5.35
lrm_auctions:subastas_2018_31:09849ee67600e0d554d7ce86,2018-11-28,5.85
lrm_auctions:subastas_2018_32:cc6093da5c5584f1d7a6a7e9,2018-01-24,5.0292
lrm_auctions:subastas_2018_32:cc6093da5c5584f1d7a6a7e9,2018-04-25,5.162444444444445
lrm_auctions:subastas_2018_32:cc6093da5c5584f1d7a6a7e9,2018-07-25,5.35
lrm_auctions:subastas_2018_32:cc6093da5c5584f1d7a6a7e9,2018-11-28,5.85
lrm_auctions:subastas_2018_33:bf87f06f467e10f55b30080e,2018-01-24,5.01
lrm_auctions:subastas_2018_33:bf87f06f467e10f55b30080e,2018-04-25,5.1
lrm_auctions:subastas_2018_33:bf87f06f467e10f55b30080e,2018-07-25,5.35
lrm_auctions:subastas_2018_33:bf87f06f467e10f55b30080e,2018-11-28,5.85
lrm_auctions:subastas_2018_34:17425580ef717811a7ed1c29,2018-01-24,5.03
lrm_auctions:subastas_2018_34:17425580ef717811a7ed1c29,2018-04-25,5.25
lrm_auctions:subastas_2018_34:17425580ef717811a7ed1c29,2018-07-25,5.35
lrm_auctions:subastas_2018_34:17425580ef717811a7ed1c29,2018-11-28,5.85
lrm_auctions:subastas_2018_35:3c684c164201d9a3f39a6fc8,2018-01-24,300000.0
lrm_auctions:subastas_2018_35:3c684c164201d9a3f39a6fc8,2018-02-22,500000.0
lrm_auctions:subastas_2018_35:3c684c164201d9a3f39a6fc8,2018-04-25,230000.0
lrm_auctions:subastas_2018_35:3c684c164201d9a3f39a6fc8,2018-06-27,100000.0
lrm_auctions:subastas_2018_35:3c684c164201d9a3f39a6fc8,2018-07-25,150000.0
lrm_auctions:subastas_2018_35:3c684c164201d9a3f39a6fc8,2018-08-29,100000.0
lrm_auctions:subastas_2018_35:3c684c164201d9a3f39a6fc8,2018-09-26,100000.0
lrm_auctions:subastas_2018_35:3c684c164201d9a3f39a6fc8,2018-10-24,50000.0
lrm_auctions:subastas_2018_35:3c684c164201d9a3f39a6fc8,2018-11-28,150000.0
lrm_auctions:subastas_2018_36:58d25f2d4b7cc400aeb30c64,2018-01-24,605000.0
lrm_auctions:subastas_2018_36:58d25f2d4b7cc400aeb30c64,2018-02-22,555000.0
lrm_auctions:subastas_2018_36:58d25f2d4b7cc400aeb30c64,2018-04-25,245000.0
lrm_auctions:subastas_2018_36:58d25f2d4b7cc400aeb30c64,2018-07-25,10000.0
lrm_auctions:subastas_2018_36:58d25f2d4b7cc400aeb30c64,2018-08-29,260000.0
lrm_auctions:subastas_2018_36:58d25f2d4b7cc400aeb30c64,2018-09-26,65000.0
lrm_auctions:subastas_2018_36:58d25f2d4b7cc400aeb30c64,2018-10-24,20000.0
lrm_auctions:subastas_2018_36:58d25f2d4b7cc400aeb30c64,2018-11-28,50000.0
lrm_auctions:subastas_2018_37:bb79738bc541d407c321f056,2018-01-24,385000.0
lrm_auctions:subastas_2018_37:bb79738bc541d407c321f056,2018-02-22,555000.0
lrm_auctions:subastas_2018_37:bb79738bc541d407c321f056,2018-04-25,210000.0
lrm_auctions:subastas_2018_37:bb79738bc541d407c321f056,2018-07-25,10000.0
lrm_auctions:subastas_2018_37:bb79738bc541d407c321f056,2018-08-29,260000.0
lrm_auctions:subastas_2018_37:bb79738bc541d407c321f056,2018-09-26,65000.0
lrm_auctions:subastas_2018_37:bb79738bc541d407c321f056,2018-10-24,20000.0
lrm_auctions:subastas_2018_37:bb79738bc541d407c321f056,2018-11-28,50000.0
lrm_auctions:subastas_2018_38:86cf914be106c1ef4c652627,2018-01-24,8.0
lrm_auctions:subastas_2018_38:86cf914be106c1ef4c652627,2018-02-22,9.0
lrm_auctions:subastas_2018_38:86cf914be106c1ef4c652627,2018-04-25,7.0
lrm_auctions:subastas_2018_38:86cf914be106c1ef4c652627,2018-07-25,1.0
lrm_auctions:subastas_2018_38:86cf914be106c1ef4c652627,2018-08-29,3.0
lrm_auctions:subastas_2018_38:86cf914be106c1ef4c652627,2018-09-26,3.0
lrm_auctions:subastas_2018_38:86cf914be106c1ef4c652627,2018-10-24,1.0
lrm_auctions:subastas_2018_38:86cf914be106c1ef4c652627,2018-11-28,3.0
lrm_auctions:subastas_2018_39:66ee0fb711ef0cdccd87f353,2018-01-24,4.0
lrm_auctions:subastas_2018_39:66ee0fb711ef0cdccd87f353,2018-02-22,9.0
lrm_auctions:subastas_2018_39:66ee0fb711ef0cdccd87f353,2018-04-25,5.0
lrm_auctions:subastas_2018_39:66ee0fb711ef0cdccd87f353,2018-07-25,1.0
lrm_auctions:subastas_2018_39:66ee0fb711ef0cdccd87f353,2018-08-29,3.0
lrm_auctions:subastas_2018_39:66ee0fb711ef0cdccd87f353,2018-09-26,3.0
lrm_auctions:subastas_2018_39:66ee0fb711ef0cdccd87f353,2018-10-24,1.0
lrm_auctions:subastas_2018_39:66ee0fb711ef0cdccd87f353,2018-11-28,3.0
lrm_auctions:subastas_2018_3:010d5d8f25a1089f65a054b4,2018-01-24,1.0
lrm_auctions:subastas_2018_3:010d5d8f25a1089f65a054b4,2018-02-22,2.0
lrm_auctions:subastas_2018_3:010d5d8f25a1089f65a054b4,2018-06-27,1.0
lrm_auctions:subastas_2018_3:010d5d8f25a1089f65a054b4,2018-08-29,2.0
lrm_auctions:subastas_2018_3:010d5d8f25a1089f65a054b4,2018-09-26,2.0
lrm_auctions:subastas_2018_40:b4b5e2722f88ce742b672651,2018-01-24,5.7202479338842975
lrm_auctions:subastas_2018_40:b4b5e2722f88ce742b672651,2018-02-22,5.536756756756756
lrm_auctions:subastas_2018_40:b4b5e2722f88ce742b672651,2018-04-25,5.566734693877551
lrm_auctions:subastas_2018_40:b4b5e2722f88ce742b672651,2018-07-25,5.85
lrm_auctions:subastas_2018_40:b4b5e2722f88ce742b672651,2018-08-29,5.844230769230769
lrm_auctions:subastas_2018_40:b4b5e2722f88ce742b672651,2018-09-26,5.811538461538461
lrm_auctions:subastas_2018_40:b4b5e2722f88ce742b672651,2018-10-24,6.0
lrm_auctions:subastas_2018_40:b4b5e2722f88ce742b672651,2018-11-28,6.12
lrm_auctions:subastas_2018_41:5b52d906236d2d89df7e4f26,2018-01-24,5.57
lrm_auctions:subastas_2018_41:5b52d906236d2d89df7e4f26,2018-02-22,5.49
lrm_auctions:subastas_2018_41:5b52d906236d2d89df7e4f26,2018-04-25,5.47
lrm_auctions:subastas_2018_41:5b52d906236d2d89df7e4f26,2018-07-25,5.85
lrm_auctions:subastas_2018_41:5b52d906236d2d89df7e4f26,2018-08-29,5.8
lrm_auctions:subastas_2018_41:5b52d906236d2d89df7e4f26,2018-09-26,5.7
lrm_auctions:subastas_2018_41:5b52d906236d2d89df7e4f26,2018-10-24,6.0
lrm_auctions:subastas_2018_41:5b52d906236d2d89df7e4f26,2018-11-28,6.0
lrm_auctions:subastas_2018_42:b2c88d501014eb0123d6c0ed,2018-01-24,5.89
lrm_auctions:subastas_2018_42:b2c88d501014eb0123d6c0ed,2018-02-22,5.68
lrm_auctions:subastas_2018_42:b2c88d501014eb0123d6c0ed,2018-04-25,6.05
lrm_auctions:subastas_2018_42:b2c88d501014eb0123d6c0ed,2018-07-25,5.85
lrm_auctions:subastas_2018_42:b2c88d501014eb0123d6c0ed,2018-08-29,5.85
lrm_auctions:subastas_2018_42:b2c88d501014eb0123d6c0ed,2018-09-26,5.84
lrm_auctions:subastas_2018_42:b2c88d501014eb0123d6c0ed,2018-10-24,6.0
lrm_auctions:subastas_2018_42:b2c88d501014eb0123d6c0ed,2018-11-28,6.15
lrm_auctions:subastas_2018_43:e182cba0234af1e753eb02fd,2018-01-24,5.657272727272727
lrm_auctions:subastas_2018_43:e182cba0234af1e753eb02fd,2018-02-22,5.536756756756756
lrm_auctions:subastas_2018_43:e182cba0234af1e753eb02fd,2018-04-25,5.529047619047619
lrm_auctions:subastas_2018_43:e182cba0234af1e753eb02fd,2018-07-25,5.85
lrm_auctions:subastas_2018_43:e182cba0234af1e753eb02fd,2018-08-29,5.844230769230769
lrm_auctions:subastas_2018_43:e182cba0234af1e753eb02fd,2018-09-26,5.811538461538461
lrm_auctions:subastas_2018_43:e182cba0234af1e753eb02fd,2018-10-24,6.0
lrm_auctions:subastas_2018_43:e182cba0234af1e753eb02fd,2018-11-28,6.12
lrm_auctions:subastas_2018_44:57e63b12970a0708ed266b9b,2018-01-24,5.57
lrm_auctions:subastas_2018_44:57e63b12970a0708ed266b9b,2018-02-22,5.49
lrm_auctions:subastas_2018_44:57e63b12970a0708ed266b9b,2018-04-25,5.47
lrm_auctions:subastas_2018_44:57e63b12970a0708ed266b9b,2018-07-25,5.85
lrm_auctions:subastas_2018_44:57e63b12970a0708ed266b9b,2018-08-29,5.8
lrm_auctions:subastas_2018_44:57e63b12970a0708ed266b9b,2018-09-26,5.7
lrm_auctions:subastas_2018_44:57e63b12970a0708ed266b9b,2018-10-24,6.0
lrm_auctions:subastas_2018_44:57e63b12970a0708ed266b9b,2018-11-28,6.0
lrm_auctions:subastas_2018_45:9762b95e07549b447d3c4e96,2018-01-24,5.7
lrm_auctions:subastas_2018_45:9762b95e07549b447d3c4e96,2018-02-22,5.68
lrm_auctions:subastas_2018_45:9762b95e07549b447d3c4e96,2018-04-25,5.67
lrm_auctions:subastas_2018_45:9762b95e07549b447d3c4e96,2018-07-25,5.85
lrm_auctions:subastas_2018_45:9762b95e07549b447d3c4e96,2018-08-29,5.85
lrm_auctions:subastas_2018_45:9762b95e07549b447d3c4e96,2018-09-26,5.84
lrm_auctions:subastas_2018_45:9762b95e07549b447d3c4e96,2018-10-24,6.0
lrm_auctions:subastas_2018_45:9762b95e07549b447d3c4e96,2018-11-28,6.15
lrm_auctions:subastas_2018_46:4bf6da531b85de74e05a06a8,2018-01-24,600000.0
lrm_auctions:subastas_2018_46:4bf6da531b85de74e05a06a8,2018-04-25,660000.0
lrm_auctions:subastas_2018_46:4bf6da531b85de74e05a06a8,2018-06-27,200000.0
lrm_auctions:subastas_2018_46:4bf6da531b85de74e05a06a8,2018-08-29,350000.0
lrm_auctions:subastas_2018_46:4bf6da531b85de74e05a06a8,2018-09-26,150000.0
lrm_auctions:subastas_2018_46:4bf6da531b85de74e05a06a8,2018-10-24,150000.0
lrm_auctions:subastas_2018_46:4bf6da531b85de74e05a06a8,2018-11-28,100000.0
lrm_auctions:subastas_2018_47:ee0d4c3a94f7908ff04d5f39,2018-01-24,830000.0
lrm_auctions:subastas_2018_47:ee0d4c3a94f7908ff04d5f39,2018-04-25,841000.0
lrm_auctions:subastas_2018_47:ee0d4c3a94f7908ff04d5f39,2018-06-27,150000.0
lrm_auctions:subastas_2018_47:ee0d4c3a94f7908ff04d5f39,2018-08-29,5000.0
lrm_auctions:subastas_2018_47:ee0d4c3a94f7908ff04d5f39,2018-09-26,180000.0
lrm_auctions:subastas_2018_47:ee0d4c3a94f7908ff04d5f39,2018-10-24,70000.0
lrm_auctions:subastas_2018_47:ee0d4c3a94f7908ff04d5f39,2018-11-28,95000.0
lrm_auctions:subastas_2018_48:eea18eee3ecdee3e28e66da9,2018-01-24,610000.0
lrm_auctions:subastas_2018_48:eea18eee3ecdee3e28e66da9,2018-04-25,761000.0
lrm_auctions:subastas_2018_48:eea18eee3ecdee3e28e66da9,2018-06-27,150000.0
lrm_auctions:subastas_2018_48:eea18eee3ecdee3e28e66da9,2018-08-29,5000.0
lrm_auctions:subastas_2018_48:eea18eee3ecdee3e28e66da9,2018-09-26,175000.0
lrm_auctions:subastas_2018_48:eea18eee3ecdee3e28e66da9,2018-10-24,70000.0
lrm_auctions:subastas_2018_48:eea18eee3ecdee3e28e66da9,2018-11-28,45000.0
lrm_auctions:subastas_2018_49:57b628dd262c8254a68a400f,2018-01-24,11.0
lrm_auctions:subastas_2018_49:57b628dd262c8254a68a400f,2018-04-25,12.0
lrm_auctions:subastas_2018_49:57b628dd262c8254a68a400f,2018-06-27,1.0
lrm_auctions:subastas_2018_49:57b628dd262c8254a68a400f,2018-08-29,1.0
lrm_auctions:subastas_2018_49:57b628dd262c8254a68a400f,2018-09-26,4.0
lrm_auctions:subastas_2018_49:57b628dd262c8254a68a400f,2018-10-24,4.0
lrm_auctions:subastas_2018_49:57b628dd262c8254a68a400f,2018-11-28,5.0
lrm_auctions:subastas_2018_4:964a1e7acc58cf13bdd974d0,2018-01-24,5.0
lrm_auctions:subastas_2018_4:964a1e7acc58cf13bdd974d0,2018-02-22,4.9
lrm_auctions:subastas_2018_4:964a1e7acc58cf13bdd974d0,2018-06-27,5.5
lrm_auctions:subastas_2018_4:964a1e7acc58cf13bdd974d0,2018-08-29,5.308571428571429
lrm_auctions:subastas_2018_4:964a1e7acc58cf13bdd974d0,2018-09-26,5.3545454545454545
lrm_auctions:subastas_2018_50:0e6c1578bd5d6820b9d67c61,2018-01-24,7.0
lrm_auctions:subastas_2018_50:0e6c1578bd5d6820b9d67c61,2018-04-25,8.0
lrm_auctions:subastas_2018_50:0e6c1578bd5d6820b9d67c61,2018-06-27,1.0
lrm_auctions:subastas_2018_50:0e6c1578bd5d6820b9d67c61,2018-08-29,1.0
lrm_auctions:subastas_2018_50:0e6c1578bd5d6820b9d67c61,2018-09-26,3.0
lrm_auctions:subastas_2018_50:0e6c1578bd5d6820b9d67c61,2018-10-24,4.0
lrm_auctions:subastas_2018_50:0e6c1578bd5d6820b9d67c61,2018-11-28,2.0
lrm_auctions:subastas_2018_51:492f3999a838cd04f14590a4,2018-01-24,6.086204819277109
lrm_auctions:subastas_2018_51:492f3999a838cd04f14590a4,2018-04-25,5.936682520808561
lrm_auctions:subastas_2018_51:492f3999a838cd04f14590a4,2018-06-27,5.95
lrm_auctions:subastas_2018_51:492f3999a838cd04f14590a4,2018-08-29,6.0
lrm_auctions:subastas_2018_51:492f3999a838cd04f14590a4,2018-09-26,5.938888888888889
lrm_auctions:subastas_2018_51:492f3999a838cd04f14590a4,2018-10-24,6.296428571428572
lrm_auctions:subastas_2018_51:492f3999a838cd04f14590a4,2018-11-28,6.501578947368421
lrm_auctions:subastas_2018_52:0a1131f4a687bbd9d1b5e92b,2018-01-24,5.95
lrm_auctions:subastas_2018_52:0a1131f4a687bbd9d1b5e92b,2018-04-25,5.85
lrm_auctions:subastas_2018_52:0a1131f4a687bbd9d1b5e92b,2018-06-27,5.95
lrm_auctions:subastas_2018_52:0a1131f4a687bbd9d1b5e92b,2018-08-29,6.0
lrm_auctions:subastas_2018_52:0a1131f4a687bbd9d1b5e92b,2018-09-26,5.87
lrm_auctions:subastas_2018_52:0a1131f4a687bbd9d1b5e92b,2018-10-24,6.05
lrm_auctions:subastas_2018_52:0a1131f4a687bbd9d1b5e92b,2018-11-28,6.4
lrm_auctions:subastas_2018_53:d39b6838f8819b2de0ec3672,2018-01-24,6.29
lrm_auctions:subastas_2018_53:d39b6838f8819b2de0ec3672,2018-04-25,6.2
lrm_auctions:subastas_2018_53:d39b6838f8819b2de0ec3672,2018-06-27,5.95
lrm_auctions:subastas_2018_53:d39b6838f8819b2de0ec3672,2018-08-29,6.0
lrm_auctions:subastas_2018_53:d39b6838f8819b2de0ec3672,2018-09-26,6.5
lrm_auctions:subastas_2018_53:d39b6838f8819b2de0ec3672,2018-10-24,6.45
lrm_auctions:subastas_2018_53:d39b6838f8819b2de0ec3672,2018-11-28,6.6
lrm_auctions:subastas_2018_54:9d92cdb1155eb126d248cd3d,2018-01-24,6.034836065573771
lrm_auctions:subastas_2018_54:9d92cdb1155eb126d248cd3d,2018-04-25,5.916557161629435
lrm_auctions:subastas_2018_54:9d92cdb1155eb126d248cd3d,2018-06-27,5.95
lrm_auctions:subastas_2018_54:9d92cdb1155eb126d248cd3d,2018-08-29,6.0
lrm_auctions:subastas_2018_54:9d92cdb1155eb126d248cd3d,2018-09-26,5.922857142857143
lrm_auctions:subastas_2018_54:9d92cdb1155eb126d248cd3d,2018-10-24,6.296428571428572
lrm_auctions:subastas_2018_54:9d92cdb1155eb126d248cd3d,2018-11-28,6.416666666666667
lrm_auctions:subastas_2018_55:9e65b04aa01c99458d690df0,2018-01-24,5.95
lrm_auctions:subastas_2018_55:9e65b04aa01c99458d690df0,2018-04-25,5.85
lrm_auctions:subastas_2018_55:9e65b04aa01c99458d690df0,2018-06-27,5.95
lrm_auctions:subastas_2018_55:9e65b04aa01c99458d690df0,2018-08-29,6.0
lrm_auctions:subastas_2018_55:9e65b04aa01c99458d690df0,2018-09-26,5.87
lrm_auctions:subastas_2018_55:9e65b04aa01c99458d690df0,2018-10-24,6.05
lrm_auctions:subastas_2018_55:9e65b04aa01c99458d690df0,2018-11-28,6.4
lrm_auctions:subastas_2018_56:af2e7749cfc1023bb5b38c17,2018-01-24,6.15
lrm_auctions:subastas_2018_56:af2e7749cfc1023bb5b38c17,2018-04-25,6.05
lrm_auctions:subastas_2018_56:af2e7749cfc1023bb5b38c17,2018-06-27,5.95
lrm_auctions:subastas_2018_56:af2e7749cfc1023bb5b38c17,2018-08-29,6.0
lrm_auctions:subastas_2018_56:af2e7749cfc1023bb5b38c17,2018-09-26,6.0
lrm_auctions:subastas_2018_56:af2e7749cfc1023bb5b38c17,2018-10-24,6.45
lrm_auctions:subastas_2018_56:af2e7749cfc1023bb5b38c17,2018-11-28,6.45
lrm_auctions:subastas_2018_57:224b5017a255c316d44d073e,2018-02-22,80000.0
lrm_auctions:subastas_2018_57:224b5017a255c316d44d073e,2018-08-29,70000.0
lrm_auctions:subastas_2018_57:224b5017a255c316d44d073e,2018-09-26,110000.0
lrm_auctions:subastas_2018_58:fc2d241f5907da61bc006a54,2018-02-22,2.0
lrm_auctions:subastas_2018_58:fc2d241f5907da61bc006a54,2018-08-29,2.0
lrm_auctions:subastas_2018_58:fc2d241f5907da61bc006a54,2018-09-26,2.0
lrm_auctions:subastas_2018_59:908f8f022440bbfbdb65bb24,2018-02-22,4.9
lrm_auctions:subastas_2018_59:908f8f022440bbfbdb65bb24,2018-08-29,5.308571428571429
lrm_auctions:subastas_2018_59:908f8f022440bbfbdb65bb24,2018-09-26,5.3545454545454545
lrm_auctions:subastas_2018_5:a2c726f33786f143af341123,2018-01-24,5.0
lrm_auctions:subastas_2018_5:a2c726f33786f143af341123,2018-02-22,4.9
lrm_auctions:subastas_2018_5:a2c726f33786f143af341123,2018-06-27,5.5
lrm_auctions:subastas_2018_5:a2c726f33786f143af341123,2018-08-29,5.3
lrm_auctions:subastas_2018_5:a2c726f33786f143af341123,2018-09-26,5.35
lrm_auctions:subastas_2018_60:45819eab5b1964d17abc4b91,2018-02-22,4.9
lrm_auctions:subastas_2018_60:45819eab5b1964d17abc4b91,2018-08-29,5.3
lrm_auctions:subastas_2018_60:45819eab5b1964d17abc4b91,2018-09-26,5.35
lrm_auctions:subastas_2018_61:dc674067b244570b92972daa,2018-02-22,4.9
lrm_auctions:subastas_2018_61:dc674067b244570b92972daa,2018-08-29,5.33
lrm_auctions:subastas_2018_61:dc674067b244570b92972daa,2018-09-26,5.4
lrm_auctions:subastas_2018_62:9ff1f873cad70f007841d6fb,2018-02-22,50000.0
lrm_auctions:subastas_2018_62:9ff1f873cad70f007841d6fb,2018-03-22,100000.0
lrm_auctions:subastas_2018_62:9ff1f873cad70f007841d6fb,2018-04-25,50000.0
lrm_auctions:subastas_2018_62:9ff1f873cad70f007841d6fb,2018-05-23,50000.0
lrm_auctions:subastas_2018_62:9ff1f873cad70f007841d6fb,2018-06-27,50000.0
lrm_auctions:subastas_2018_62:9ff1f873cad70f007841d6fb,2018-07-25,50000.0
lrm_auctions:subastas_2018_62:9ff1f873cad70f007841d6fb,2018-09-26,100000.0
lrm_auctions:subastas_2018_62:9ff1f873cad70f007841d6fb,2018-12-19,50000.0
lrm_auctions:subastas_2018_63:d4cc1cdb36214c28468b77c6,2018-02-22,85000.0
lrm_auctions:subastas_2018_63:d4cc1cdb36214c28468b77c6,2018-03-22,45000.0
lrm_auctions:subastas_2018_63:d4cc1cdb36214c28468b77c6,2018-04-25,155000.0
lrm_auctions:subastas_2018_63:d4cc1cdb36214c28468b77c6,2018-06-27,65000.0
lrm_auctions:subastas_2018_63:d4cc1cdb36214c28468b77c6,2018-07-25,40000.0
lrm_auctions:subastas_2018_63:d4cc1cdb36214c28468b77c6,2018-09-26,80000.0
lrm_auctions:subastas_2018_63:d4cc1cdb36214c28468b77c6,2018-12-19,175000.0
lrm_auctions:subastas_2018_64:513730b0cd1cc3e0f815fbea,2018-02-22,85000.0
lrm_auctions:subastas_2018_64:513730b0cd1cc3e0f815fbea,2018-03-22,20000.0
lrm_auctions:subastas_2018_64:513730b0cd1cc3e0f815fbea,2018-04-25,155000.0
lrm_auctions:subastas_2018_64:513730b0cd1cc3e0f815fbea,2018-06-27,55000.0
lrm_auctions:subastas_2018_64:513730b0cd1cc3e0f815fbea,2018-07-25,40000.0
lrm_auctions:subastas_2018_64:513730b0cd1cc3e0f815fbea,2018-09-26,80000.0
lrm_auctions:subastas_2018_64:513730b0cd1cc3e0f815fbea,2018-12-19,175000.0
lrm_auctions:subastas_2018_65:6b5c01714ee506155b1fe3f6,2018-02-22,3.0
lrm_auctions:subastas_2018_65:6b5c01714ee506155b1fe3f6,2018-03-22,3.0
lrm_auctions:subastas_2018_65:6b5c01714ee506155b1fe3f6,2018-04-25,3.0
lrm_auctions:subastas_2018_65:6b5c01714ee506155b1fe3f6,2018-06-27,3.0
lrm_auctions:subastas_2018_65:6b5c01714ee506155b1fe3f6,2018-07-25,1.0
lrm_auctions:subastas_2018_65:6b5c01714ee506155b1fe3f6,2018-09-26,2.0
lrm_auctions:subastas_2018_65:6b5c01714ee506155b1fe3f6,2018-12-19,3.0
lrm_auctions:subastas_2018_66:e2be2668c3575b2f20f6c41b,2018-02-22,3.0
lrm_auctions:subastas_2018_66:e2be2668c3575b2f20f6c41b,2018-03-22,2.0
lrm_auctions:subastas_2018_66:e2be2668c3575b2f20f6c41b,2018-04-25,3.0
lrm_auctions:subastas_2018_66:e2be2668c3575b2f20f6c41b,2018-06-27,2.0
lrm_auctions:subastas_2018_66:e2be2668c3575b2f20f6c41b,2018-07-25,1.0
lrm_auctions:subastas_2018_66:e2be2668c3575b2f20f6c41b,2018-09-26,2.0
lrm_auctions:subastas_2018_66:e2be2668c3575b2f20f6c41b,2018-12-19,3.0
lrm_auctions:subastas_2018_67:4c6ee82fab987afd287f64c7,2018-02-22,4.933529411764706
lrm_auctions:subastas_2018_67:4c6ee82fab987afd287f64c7,2018-03-22,5.108888888888889
lrm_auctions:subastas_2018_67:4c6ee82fab987afd287f64c7,2018-04-25,5.098387096774194
lrm_auctions:subastas_2018_67:4c6ee82fab987afd287f64c7,2018-06-27,5.1923076923076925
lrm_auctions:subastas_2018_67:4c6ee82fab987afd287f64c7,2018-07-25,5.2
lrm_auctions:subastas_2018_67:4c6ee82fab987afd287f64c7,2018-09-26,5.4075
lrm_auctions:subastas_2018_67:4c6ee82fab987afd287f64c7,2018-12-19,5.653142857142857
lrm_auctions:subastas_2018_68:a521249d959ea7180d2956bb,2018-02-22,4.9
lrm_auctions:subastas_2018_68:a521249d959ea7180d2956bb,2018-03-22,5.09
lrm_auctions:subastas_2018_68:a521249d959ea7180d2956bb,2018-04-25,5.05
lrm_auctions:subastas_2018_68:a521249d959ea7180d2956bb,2018-06-27,5.1
lrm_auctions:subastas_2018_68:a521249d959ea7180d2956bb,2018-07-25,5.2
lrm_auctions:subastas_2018_68:a521249d959ea7180d2956bb,2018-09-26,5.4
lrm_auctions:subastas_2018_68:a521249d959ea7180d2956bb,2018-12-19,5.6
lrm_auctions:subastas_2018_69:bf720db09a600af58693674d,2018-02-22,4.97
lrm_auctions:subastas_2018_69:bf720db09a600af58693674d,2018-03-22,5.12
lrm_auctions:subastas_2018_69:bf720db09a600af58693674d,2018-04-25,5.1
lrm_auctions:subastas_2018_69:bf720db09a600af58693674d,2018-06-27,5.6
lrm_auctions:subastas_2018_69:bf720db09a600af58693674d,2018-07-25,5.2
lrm_auctions:subastas_2018_69:bf720db09a600af58693674d,2018-09-26,5.42
lrm_auctions:subastas_2018_69:bf720db09a600af58693674d,2018-12-19,5.66
lrm_auctions:subastas_2018_6:ad7a529327e2031b99ba55c6,2018-01-24,5.0
lrm_auctions:subastas_2018_6:ad7a529327e2031b99ba55c6,2018-02-22,4.9
lrm_auctions:subastas_2018_6:ad7a529327e2031b99ba55c6,2018-06-27,5.5
lrm_auctions:subastas_2018_6:ad7a529327e2031b99ba55c6,2018-08-29,5.33
lrm_auctions:subastas_2018_6:ad7a529327e2031b99ba55c6,2018-09-26,5.4
lrm_auctions:subastas_2018_70:d1f66421ecf147c9c96cee79,2018-02-22,4.933529411764706
lrm_auctions:subastas_2018_70:d1f66421ecf147c9c96cee79,2018-03-22,5.095
lrm_auctions:subastas_2018_70:d1f66421ecf147c9c96cee79,2018-04-25,5.098387096774194
lrm_auctions:subastas_2018_70:d1f66421ecf147c9c96cee79,2018-06-27,5.118181818181818
lrm_auctions:subastas_2018_70:d1f66421ecf147c9c96cee79,2018-07-25,5.2
lrm_auctions:subastas_2018_70:d1f66421ecf147c9c96cee79,2018-09-26,5.4075
lrm_auctions:subastas_2018_70:d1f66421ecf147c9c96cee79,2018-12-19,5.653142857142857
lrm_auctions:subastas_2018_71:07e39dcdda634d9a1a4e52ad,2018-02-22,4.9
lrm_auctions:subastas_2018_71:07e39dcdda634d9a1a4e52ad,2018-03-22,5.09
lrm_auctions:subastas_2018_71:07e39dcdda634d9a1a4e52ad,2018-04-25,5.05
lrm_auctions:subastas_2018_71:07e39dcdda634d9a1a4e52ad,2018-06-27,5.1
lrm_auctions:subastas_2018_71:07e39dcdda634d9a1a4e52ad,2018-07-25,5.2
lrm_auctions:subastas_2018_71:07e39dcdda634d9a1a4e52ad,2018-09-26,5.4
lrm_auctions:subastas_2018_71:07e39dcdda634d9a1a4e52ad,2018-12-19,5.6
lrm_auctions:subastas_2018_72:8d17a06b79a2cc8390174bbf,2018-02-22,4.97
lrm_auctions:subastas_2018_72:8d17a06b79a2cc8390174bbf,2018-03-22,5.1
lrm_auctions:subastas_2018_72:8d17a06b79a2cc8390174bbf,2018-04-25,5.1
lrm_auctions:subastas_2018_72:8d17a06b79a2cc8390174bbf,2018-06-27,5.3
lrm_auctions:subastas_2018_72:8d17a06b79a2cc8390174bbf,2018-07-25,5.2
lrm_auctions:subastas_2018_72:8d17a06b79a2cc8390174bbf,2018-09-26,5.42
lrm_auctions:subastas_2018_72:8d17a06b79a2cc8390174bbf,2018-12-19,5.66
lrm_auctions:subastas_2018_73:8d1c4336c45453c11a855e39,2018-02-22,250000.0
lrm_auctions:subastas_2018_73:8d1c4336c45453c11a855e39,2018-03-22,100000.0
lrm_auctions:subastas_2018_73:8d1c4336c45453c11a855e39,2018-05-23,200000.0
lrm_auctions:subastas_2018_73:8d1c4336c45453c11a855e39,2018-12-19,200000.0
lrm_auctions:subastas_2018_74:7fb56ae347f47e4a1fee8f0b,2018-02-22,270000.0
lrm_auctions:subastas_2018_74:7fb56ae347f47e4a1fee8f0b,2018-03-22,150000.0
lrm_auctions:subastas_2018_74:7fb56ae347f47e4a1fee8f0b,2018-05-23,160000.0
lrm_auctions:subastas_2018_74:7fb56ae347f47e4a1fee8f0b,2018-12-19,95000.0
lrm_auctions:subastas_2018_75:f5a2d962b61a4d15667d7501,2018-02-22,270000.0
lrm_auctions:subastas_2018_75:f5a2d962b61a4d15667d7501,2018-03-22,150000.0
lrm_auctions:subastas_2018_75:f5a2d962b61a4d15667d7501,2018-12-19,95000.0
lrm_auctions:subastas_2018_76:5ef665bf2bf1161dbef3b01d,2018-02-22,4.0
lrm_auctions:subastas_2018_76:5ef665bf2bf1161dbef3b01d,2018-03-22,3.0
lrm_auctions:subastas_2018_76:5ef665bf2bf1161dbef3b01d,2018-05-23,2.0
lrm_auctions:subastas_2018_76:5ef665bf2bf1161dbef3b01d,2018-12-19,3.0
lrm_auctions:subastas_2018_77:51a87a18fc0fea8d47dbfae5,2018-02-22,4.0
lrm_auctions:subastas_2018_77:51a87a18fc0fea8d47dbfae5,2018-03-22,3.0
lrm_auctions:subastas_2018_77:51a87a18fc0fea8d47dbfae5,2018-12-19,3.0
lrm_auctions:subastas_2018_78:2e71d36d6f0175432b85781a,2018-02-22,4.995185185185186
lrm_auctions:subastas_2018_78:2e71d36d6f0175432b85781a,2018-03-22,5.173333333333333
lrm_auctions:subastas_2018_78:2e71d36d6f0175432b85781a,2018-05-23,5.346875
lrm_auctions:subastas_2018_78:2e71d36d6f0175432b85781a,2018-12-19,5.882105263157895
lrm_auctions:subastas_2018_79:4e5fa0b8f6756d7795ea8262,2018-02-22,4.96
lrm_auctions:subastas_2018_79:4e5fa0b8f6756d7795ea8262,2018-03-22,5.1
lrm_auctions:subastas_2018_79:4e5fa0b8f6756d7795ea8262,2018-05-23,5.3
lrm_auctions:subastas_2018_79:4e5fa0b8f6756d7795ea8262,2018-12-19,5.8
lrm_auctions:subastas_2018_7:9a2827311a9e9d33ba6ff349,2018-01-24,50000.0
lrm_auctions:subastas_2018_7:9a2827311a9e9d33ba6ff349,2018-08-29,50000.0
lrm_auctions:subastas_2018_7:9a2827311a9e9d33ba6ff349,2018-10-24,100000.0
lrm_auctions:subastas_2018_7:9a2827311a9e9d33ba6ff349,2018-11-28,200000.0
lrm_auctions:subastas_2018_80:3010f225e79dc375b07739ad,2018-02-22,5.01
lrm_auctions:subastas_2018_80:3010f225e79dc375b07739ad,2018-03-22,5.25
lrm_auctions:subastas_2018_80:3010f225e79dc375b07739ad,2018-05-23,5.35
lrm_auctions:subastas_2018_80:3010f225e79dc375b07739ad,2018-12-19,5.92
lrm_auctions:subastas_2018_81:e9ac6513d95136eebafc6c51,2018-02-22,4.995185185185186
lrm_auctions:subastas_2018_81:e9ac6513d95136eebafc6c51,2018-03-22,5.173333333333333
lrm_auctions:subastas_2018_81:e9ac6513d95136eebafc6c51,2018-12-19,5.882105263157895
lrm_auctions:subastas_2018_82:e20621bef08ca53683d8c2dd,2018-02-22,4.96
lrm_auctions:subastas_2018_82:e20621bef08ca53683d8c2dd,2018-03-22,5.1
lrm_auctions:subastas_2018_82:e20621bef08ca53683d8c2dd,2018-12-19,5.8
lrm_auctions:subastas_2018_83:4f4919f4d731f9907d4bdd22,2018-02-22,5.01
lrm_auctions:subastas_2018_83:4f4919f4d731f9907d4bdd22,2018-03-22,5.25
lrm_auctions:subastas_2018_83:4f4919f4d731f9907d4bdd22,2018-12-19,5.92
lrm_auctions:subastas_2018_84:19aa0c2824e33beffefd746e,2018-02-22,770000.0
lrm_auctions:subastas_2018_84:19aa0c2824e33beffefd746e,2018-03-22,500000.0
lrm_auctions:subastas_2018_84:19aa0c2824e33beffefd746e,2018-05-23,300000.0
lrm_auctions:subastas_2018_84:19aa0c2824e33beffefd746e,2018-07-25,300000.0
lrm_auctions:subastas_2018_84:19aa0c2824e33beffefd746e,2018-12-19,200000.0
lrm_auctions:subastas_2018_85:702b30d234583a528a8b322e,2018-02-22,1138000.0
lrm_auctions:subastas_2018_85:702b30d234583a528a8b322e,2018-03-22,170000.0
lrm_auctions:subastas_2018_85:702b30d234583a528a8b322e,2018-05-23,455000.0
lrm_auctions:subastas_2018_85:702b30d234583a528a8b322e,2018-07-25,200000.0
lrm_auctions:subastas_2018_85:702b30d234583a528a8b322e,2018-12-19,195000.0
lrm_auctions:subastas_2018_86:453e8f11c1454c72a3453daf,2018-02-22,848000.0
lrm_auctions:subastas_2018_86:453e8f11c1454c72a3453daf,2018-03-22,160000.0
lrm_auctions:subastas_2018_86:453e8f11c1454c72a3453daf,2018-05-23,300000.0
lrm_auctions:subastas_2018_86:453e8f11c1454c72a3453daf,2018-07-25,200000.0
lrm_auctions:subastas_2018_86:453e8f11c1454c72a3453daf,2018-12-19,195000.0
lrm_auctions:subastas_2018_87:cc75095a6da3152284529e7d,2018-02-22,14.0
lrm_auctions:subastas_2018_87:cc75095a6da3152284529e7d,2018-03-22,6.0
lrm_auctions:subastas_2018_87:cc75095a6da3152284529e7d,2018-05-23,6.0
lrm_auctions:subastas_2018_87:cc75095a6da3152284529e7d,2018-07-25,2.0
lrm_auctions:subastas_2018_87:cc75095a6da3152284529e7d,2018-12-19,5.0
lrm_auctions:subastas_2018_88:3d2f0a4dc05234c9fbfc5246,2018-02-22,10.0
lrm_auctions:subastas_2018_88:3d2f0a4dc05234c9fbfc5246,2018-03-22,4.0
lrm_auctions:subastas_2018_88:3d2f0a4dc05234c9fbfc5246,2018-05-23,3.0
lrm_auctions:subastas_2018_88:3d2f0a4dc05234c9fbfc5246,2018-07-25,2.0
lrm_auctions:subastas_2018_88:3d2f0a4dc05234c9fbfc5246,2018-12-19,5.0
lrm_auctions:subastas_2018_89:2e5b9d3c20eb99013f97a873,2018-02-22,5.990421792618629
lrm_auctions:subastas_2018_89:2e5b9d3c20eb99013f97a873,2018-03-22,5.936764705882353
lrm_auctions:subastas_2018_89:2e5b9d3c20eb99013f97a873,2018-05-23,5.97967032967033
lrm_auctions:subastas_2018_89:2e5b9d3c20eb99013f97a873,2018-07-25,5.9375
lrm_auctions:subastas_2018_89:2e5b9d3c20eb99013f97a873,2018-12-19,6.451025641025641
lrm_auctions:subastas_2018_8:5beeccad37c0b7f1f2692791,2018-01-24,100000.0
lrm_auctions:subastas_2018_8:5beeccad37c0b7f1f2692791,2018-08-29,50000.0
lrm_auctions:subastas_2018_8:5beeccad37c0b7f1f2692791,2018-10-24,35000.0
lrm_auctions:subastas_2018_8:5beeccad37c0b7f1f2692791,2018-11-28,60000.0
lrm_auctions:subastas_2018_90:7c22f0dab2c1ad133ca5ff18,2018-02-22,5.85
lrm_auctions:subastas_2018_90:7c22f0dab2c1ad133ca5ff18,2018-03-22,5.89
lrm_auctions:subastas_2018_90:7c22f0dab2c1ad133ca5ff18,2018-05-23,5.85
lrm_auctions:subastas_2018_90:7c22f0dab2c1ad133ca5ff18,2018-07-25,5.9
lrm_auctions:subastas_2018_90:7c22f0dab2c1ad133ca5ff18,2018-12-19,6.4
lrm_auctions:subastas_2018_91:bd44e49ef0de63f7ce67ae25,2018-02-22,6.15
lrm_auctions:subastas_2018_91:bd44e49ef0de63f7ce67ae25,2018-03-22,6.1
lrm_auctions:subastas_2018_91:bd44e49ef0de63f7ce67ae25,2018-05-23,6.3
lrm_auctions:subastas_2018_91:bd44e49ef0de63f7ce67ae25,2018-07-25,6.05
lrm_auctions:subastas_2018_91:bd44e49ef0de63f7ce67ae25,2018-12-19,6.5
lrm_auctions:subastas_2018_92:43f0ddf9ef671fde4eba31bc,2018-02-22,5.949174528301887
lrm_auctions:subastas_2018_92:43f0ddf9ef671fde4eba31bc,2018-03-22,5.9271875
lrm_auctions:subastas_2018_92:43f0ddf9ef671fde4eba31bc,2018-05-23,5.958666666666667
lrm_auctions:subastas_2018_92:43f0ddf9ef671fde4eba31bc,2018-07-25,5.9375
lrm_auctions:subastas_2018_92:43f0ddf9ef671fde4eba31bc,2018-12-19,6.451025641025641
lrm_auctions:subastas_2018_93:8739aec9d9e7afaa55117a42,2018-02-22,5.85
lrm_auctions:subastas_2018_93:8739aec9d9e7afaa55117a42,2018-03-22,5.89
lrm_auctions:subastas_2018_93:8739aec9d9e7afaa55117a42,2018-05-23,5.85
lrm_auctions:subastas_2018_93:8739aec9d9e7afaa55117a42,2018-07-25,5.9
lrm_auctions:subastas_2018_93:8739aec9d9e7afaa55117a42,2018-12-19,6.4
lrm_auctions:subastas_2018_94:a630b9e0899d1a4f4ae30133,2018-02-22,6.05
lrm_auctions:subastas_2018_94:a630b9e0899d1a4f4ae30133,2018-03-22,6.05
lrm_auctions:subastas_2018_94:a630b9e0899d1a4f4ae30133,2018-05-23,5.99
lrm_auctions:subastas_2018_94:a630b9e0899d1a4f4ae30133,2018-07-25,6.05
lrm_auctions:subastas_2018_94:a630b9e0899d1a4f4ae30133,2018-12-19,6.5
lrm_auctions:subastas_2018_95:6291f22e12272550ddb19294,2018-03-22,100000.0
lrm_auctions:subastas_2018_95:6291f22e12272550ddb19294,2018-05-23,50000.0
lrm_auctions:subastas_2018_95:6291f22e12272550ddb19294,2018-07-25,50000.0
lrm_auctions:subastas_2018_95:6291f22e12272550ddb19294,2018-10-24,250000.0
lrm_auctions:subastas_2018_95:6291f22e12272550ddb19294,2018-12-19,200000.0
lrm_auctions:subastas_2018_96:fc22729f3313615a9203476a,2018-03-22,210000.0
lrm_auctions:subastas_2018_96:fc22729f3313615a9203476a,2018-10-24,105000.0
lrm_auctions:subastas_2018_96:fc22729f3313615a9203476a,2018-12-19,200000.0
lrm_auctions:subastas_2018_97:5aec5344e114c688c24f3cfd,2018-03-22,160000.0
lrm_auctions:subastas_2018_97:5aec5344e114c688c24f3cfd,2018-10-24,100000.0
lrm_auctions:subastas_2018_97:5aec5344e114c688c24f3cfd,2018-12-19,200000.0
lrm_auctions:subastas_2018_98:fa2f58987deec1386218e267,2018-03-22,3.0
lrm_auctions:subastas_2018_98:fa2f58987deec1386218e267,2018-10-24,2.0
lrm_auctions:subastas_2018_98:fa2f58987deec1386218e267,2018-12-19,3.0
lrm_auctions:subastas_2018_99:d45f7c455271a36d9f87aa52,2018-03-22,2.0
lrm_auctions:subastas_2018_99:d45f7c455271a36d9f87aa52,2018-10-24,1.0
lrm_auctions:subastas_2018_99:d45f7c455271a36d9f87aa52,2018-12-19,3.0
lrm_auctions:subastas_2018_9:bc3c70bc79470454e1623143,2018-01-24,2.0
lrm_auctions:subastas_2018_9:bc3c70bc79470454e1623143,2018-08-29,1.0
lrm_auctions:subastas_2018_9:bc3c70bc79470454e1623143,2018-10-24,3.0
lrm_auctions:subastas_2018_9:bc3c70bc79470454e1623143,2018-11-28,2.0
lrm_auctions:subastas_2019:3048cae5f3c9742d612cf8b0,2019-01-23,100000.0
lrm_auctions:subastas_2019:3048cae5f3c9742d612cf8b0,2019-03-27,200000.0
lrm_auctions:subastas_2019:3048cae5f3c9742d612cf8b0,2019-05-29,100000.0
lrm_auctions:subastas_2019:3048cae5f3c9742d612cf8b0,2019-06-26,150000.0
lrm_auctions:subastas_2019:3048cae5f3c9742d612cf8b0,2019-08-28,100000.0
lrm_auctions:subastas_2019:3048cae5f3c9742d612cf8b0,2019-09-25,50000.0
lrm_auctions:subastas_2019:3048cae5f3c9742d612cf8b0,2019-11-27,100000.0
lrm_auctions:subastas_2019_100:3c684c164201d9a3f39a6fc8,2019-03-27,300000.0
lrm_auctions:subastas_2019_100:3c684c164201d9a3f39a6fc8,2019-04-25,200000.0
lrm_auctions:subastas_2019_100:3c684c164201d9a3f39a6fc8,2019-05-29,250000.0
lrm_auctions:subastas_2019_100:3c684c164201d9a3f39a6fc8,2019-06-26,200000.0
lrm_auctions:subastas_2019_100:3c684c164201d9a3f39a6fc8,2019-08-28,400000.0
lrm_auctions:subastas_2019_100:3c684c164201d9a3f39a6fc8,2019-09-25,200000.0
lrm_auctions:subastas_2019_100:3c684c164201d9a3f39a6fc8,2019-11-27,100000.0
lrm_auctions:subastas_2019_101:58d25f2d4b7cc400aeb30c64,2019-03-27,280000.0
lrm_auctions:subastas_2019_101:58d25f2d4b7cc400aeb30c64,2019-04-25,200000.0
lrm_auctions:subastas_2019_101:58d25f2d4b7cc400aeb30c64,2019-05-29,50000.0
lrm_auctions:subastas_2019_101:58d25f2d4b7cc400aeb30c64,2019-06-26,245000.0
lrm_auctions:subastas_2019_101:58d25f2d4b7cc400aeb30c64,2019-08-28,348000.0
lrm_auctions:subastas_2019_101:58d25f2d4b7cc400aeb30c64,2019-09-25,475000.0
lrm_auctions:subastas_2019_101:58d25f2d4b7cc400aeb30c64,2019-11-27,115000.0
lrm_auctions:subastas_2019_102:bb79738bc541d407c321f056,2019-03-27,280000.0
lrm_auctions:subastas_2019_102:bb79738bc541d407c321f056,2019-04-25,150000.0
lrm_auctions:subastas_2019_102:bb79738bc541d407c321f056,2019-05-29,50000.0
lrm_auctions:subastas_2019_102:bb79738bc541d407c321f056,2019-06-26,225000.0
lrm_auctions:subastas_2019_102:bb79738bc541d407c321f056,2019-08-28,310000.0
lrm_auctions:subastas_2019_102:bb79738bc541d407c321f056,2019-09-25,60000.0
lrm_auctions:subastas_2019_102:bb79738bc541d407c321f056,2019-11-27,90000.0
lrm_auctions:subastas_2019_103:86cf914be106c1ef4c652627,2019-03-27,4.0
lrm_auctions:subastas_2019_103:86cf914be106c1ef4c652627,2019-04-25,4.0
lrm_auctions:subastas_2019_103:86cf914be106c1ef4c652627,2019-05-29,2.0
lrm_auctions:subastas_2019_103:86cf914be106c1ef4c652627,2019-06-26,9.0
lrm_auctions:subastas_2019_103:86cf914be106c1ef4c652627,2019-08-28,9.0
lrm_auctions:subastas_2019_103:86cf914be106c1ef4c652627,2019-09-25,5.0
lrm_auctions:subastas_2019_103:86cf914be106c1ef4c652627,2019-11-27,5.0
lrm_auctions:subastas_2019_104:66ee0fb711ef0cdccd87f353,2019-03-27,4.0
lrm_auctions:subastas_2019_104:66ee0fb711ef0cdccd87f353,2019-04-25,2.0
lrm_auctions:subastas_2019_104:66ee0fb711ef0cdccd87f353,2019-05-29,2.0
lrm_auctions:subastas_2019_104:66ee0fb711ef0cdccd87f353,2019-06-26,8.0
lrm_auctions:subastas_2019_104:66ee0fb711ef0cdccd87f353,2019-08-28,6.0
lrm_auctions:subastas_2019_104:66ee0fb711ef0cdccd87f353,2019-09-25,2.0
lrm_auctions:subastas_2019_104:66ee0fb711ef0cdccd87f353,2019-11-27,3.0
lrm_auctions:subastas_2019_105:b4b5e2722f88ce742b672651,2019-03-27,5.739285714285714
lrm_auctions:subastas_2019_105:b4b5e2722f88ce742b672651,2019-04-25,5.8645
lrm_auctions:subastas_2019_105:b4b5e2722f88ce742b672651,2019-05-29,6.196
lrm_auctions:subastas_2019_105:b4b5e2722f88ce742b672651,2019-06-26,6.171836734693877
lrm_auctions:subastas_2019_105:b4b5e2722f88ce742b672651,2019-08-28,5.881896551724138
lrm_auctions:subastas_2019_105:b4b5e2722f88ce742b672651,2019-09-25,5.733578947368421
lrm_auctions:subastas_2019_105:b4b5e2722f88ce742b672651,2019-11-27,5.141304347826087
lrm_auctions:subastas_2019_106:5b52d906236d2d89df7e4f26,2019-03-27,5.69
lrm_auctions:subastas_2019_106:5b52d906236d2d89df7e4f26,2019-04-25,5.74
lrm_auctions:subastas_2019_106:5b52d906236d2d89df7e4f26,2019-05-29,6.18
lrm_auctions:subastas_2019_106:5b52d906236d2d89df7e4f26,2019-06-26,6.0
lrm_auctions:subastas_2019_106:5b52d906236d2d89df7e4f26,2019-08-28,5.78
lrm_auctions:subastas_2019_106:5b52d906236d2d89df7e4f26,2019-09-25,5.35
lrm_auctions:subastas_2019_106:5b52d906236d2d89df7e4f26,2019-11-27,4.95
lrm_auctions:subastas_2019_107:b2c88d501014eb0123d6c0ed,2019-03-27,6.0
lrm_auctions:subastas_2019_107:b2c88d501014eb0123d6c0ed,2019-04-25,6.13
lrm_auctions:subastas_2019_107:b2c88d501014eb0123d6c0ed,2019-05-29,6.2
lrm_auctions:subastas_2019_107:b2c88d501014eb0123d6c0ed,2019-06-26,6.26
lrm_auctions:subastas_2019_107:b2c88d501014eb0123d6c0ed,2019-08-28,6.06
lrm_auctions:subastas_2019_107:b2c88d501014eb0123d6c0ed,2019-09-25,6.0
lrm_auctions:subastas_2019_107:b2c88d501014eb0123d6c0ed,2019-11-27,5.35
lrm_auctions:subastas_2019_108:e182cba0234af1e753eb02fd,2019-03-27,5.739285714285714
lrm_auctions:subastas_2019_108:e182cba0234af1e753eb02fd,2019-04-25,5.781333333333333
lrm_auctions:subastas_2019_108:e182cba0234af1e753eb02fd,2019-05-29,6.196
lrm_auctions:subastas_2019_108:e182cba0234af1e753eb02fd,2019-06-26,6.164
lrm_auctions:subastas_2019_108:e182cba0234af1e753eb02fd,2019-08-28,5.8667741935483875
lrm_auctions:subastas_2019_108:e182cba0234af1e753eb02fd,2019-09-25,5.433333333333334
lrm_auctions:subastas_2019_108:e182cba0234af1e753eb02fd,2019-11-27,5.094444444444444
lrm_auctions:subastas_2019_109:57e63b12970a0708ed266b9b,2019-03-27,5.69
lrm_auctions:subastas_2019_109:57e63b12970a0708ed266b9b,2019-04-25,5.74
lrm_auctions:subastas_2019_109:57e63b12970a0708ed266b9b,2019-05-29,6.18
lrm_auctions:subastas_2019_109:57e63b12970a0708ed266b9b,2019-06-26,6.0
lrm_auctions:subastas_2019_109:57e63b12970a0708ed266b9b,2019-08-28,5.78
lrm_auctions:subastas_2019_109:57e63b12970a0708ed266b9b,2019-09-25,5.35
lrm_auctions:subastas_2019_109:57e63b12970a0708ed266b9b,2019-11-27,4.95
lrm_auctions:subastas_2019_10:45819eab5b1964d17abc4b91,2019-01-23,5.45
lrm_auctions:subastas_2019_10:45819eab5b1964d17abc4b91,2019-03-27,4.85
lrm_auctions:subastas_2019_10:45819eab5b1964d17abc4b91,2019-05-29,5.1
lrm_auctions:subastas_2019_10:45819eab5b1964d17abc4b91,2019-06-26,5.25
lrm_auctions:subastas_2019_10:45819eab5b1964d17abc4b91,2019-09-25,3.9
lrm_auctions:subastas_2019_110:9762b95e07549b447d3c4e96,2019-03-27,6.0
lrm_auctions:subastas_2019_110:9762b95e07549b447d3c4e96,2019-04-25,6.05
lrm_auctions:subastas_2019_110:9762b95e07549b447d3c4e96,2019-05-29,6.2
lrm_auctions:subastas_2019_110:9762b95e07549b447d3c4e96,2019-06-26,6.2
lrm_auctions:subastas_2019_110:9762b95e07549b447d3c4e96,2019-08-28,5.9
lrm_auctions:subastas_2019_110:9762b95e07549b447d3c4e96,2019-09-25,5.45
lrm_auctions:subastas_2019_110:9762b95e07549b447d3c4e96,2019-11-27,5.2
lrm_auctions:subastas_2019_111:4bf6da531b85de74e05a06a8,2019-03-27,750000.0
lrm_auctions:subastas_2019_111:4bf6da531b85de74e05a06a8,2019-05-29,400000.0
lrm_auctions:subastas_2019_111:4bf6da531b85de74e05a06a8,2019-08-28,400000.0
lrm_auctions:subastas_2019_111:4bf6da531b85de74e05a06a8,2019-09-25,300000.0
lrm_auctions:subastas_2019_111:4bf6da531b85de74e05a06a8,2019-11-27,150000.0
lrm_auctions:subastas_2019_111:4bf6da531b85de74e05a06a8,2019-12-26,300000.0
lrm_auctions:subastas_2019_112:ee0d4c3a94f7908ff04d5f39,2019-03-27,995000.0
lrm_auctions:subastas_2019_112:ee0d4c3a94f7908ff04d5f39,2019-05-29,65000.0
lrm_auctions:subastas_2019_112:ee0d4c3a94f7908ff04d5f39,2019-08-28,790000.0
lrm_auctions:subastas_2019_112:ee0d4c3a94f7908ff04d5f39,2019-09-25,610000.0
lrm_auctions:subastas_2019_112:ee0d4c3a94f7908ff04d5f39,2019-11-27,218000.0
lrm_auctions:subastas_2019_112:ee0d4c3a94f7908ff04d5f39,2019-12-26,355000.0
lrm_auctions:subastas_2019_113:eea18eee3ecdee3e28e66da9,2019-03-27,995000.0
lrm_auctions:subastas_2019_113:eea18eee3ecdee3e28e66da9,2019-05-29,65000.0
lrm_auctions:subastas_2019_113:eea18eee3ecdee3e28e66da9,2019-08-28,480000.0
lrm_auctions:subastas_2019_113:eea18eee3ecdee3e28e66da9,2019-09-25,200000.0
lrm_auctions:subastas_2019_113:eea18eee3ecdee3e28e66da9,2019-11-27,168000.0
lrm_auctions:subastas_2019_113:eea18eee3ecdee3e28e66da9,2019-12-26,255000.0
lrm_auctions:subastas_2019_114:57b628dd262c8254a68a400f,2019-03-27,11.0
lrm_auctions:subastas_2019_114:57b628dd262c8254a68a400f,2019-05-29,4.0
lrm_auctions:subastas_2019_114:57b628dd262c8254a68a400f,2019-08-28,11.0
lrm_auctions:subastas_2019_114:57b628dd262c8254a68a400f,2019-09-25,6.0
lrm_auctions:subastas_2019_114:57b628dd262c8254a68a400f,2019-11-27,7.0
lrm_auctions:subastas_2019_114:57b628dd262c8254a68a400f,2019-12-26,4.0
lrm_auctions:subastas_2019_115:0e6c1578bd5d6820b9d67c61,2019-03-27,11.0
lrm_auctions:subastas_2019_115:0e6c1578bd5d6820b9d67c61,2019-05-29,4.0
lrm_auctions:subastas_2019_115:0e6c1578bd5d6820b9d67c61,2019-08-28,5.0
lrm_auctions:subastas_2019_115:0e6c1578bd5d6820b9d67c61,2019-09-25,3.0
lrm_auctions:subastas_2019_115:0e6c1578bd5d6820b9d67c61,2019-11-27,6.0
lrm_auctions:subastas_2019_115:0e6c1578bd5d6820b9d67c61,2019-12-26,3.0
lrm_auctions:subastas_2019_116:492f3999a838cd04f14590a4,2019-03-27,6.02356783919598
lrm_auctions:subastas_2019_116:492f3999a838cd04f14590a4,2019-05-29,6.384615384615385
lrm_auctions:subastas_2019_116:492f3999a838cd04f14590a4,2019-08-28,6.09253164556962
lrm_auctions:subastas_2019_116:492f3999a838cd04f14590a4,2019-09-25,5.771147540983606
lrm_auctions:subastas_2019_116:492f3999a838cd04f14590a4,2019-11-27,5.549311926605505
lrm_auctions:subastas_2019_116:492f3999a838cd04f14590a4,2019-12-26,5.647183098591549
lrm_auctions:subastas_2019_117:0a1131f4a687bbd9d1b5e92b,2019-03-27,5.74
lrm_auctions:subastas_2019_117:0a1131f4a687bbd9d1b5e92b,2019-05-29,6.1
lrm_auctions:subastas_2019_117:0a1131f4a687bbd9d1b5e92b,2019-08-28,5.98
lrm_auctions:subastas_2019_117:0a1131f4a687bbd9d1b5e92b,2019-09-25,5.65
lrm_auctions:subastas_2019_117:0a1131f4a687bbd9d1b5e92b,2019-11-27,5.35
lrm_auctions:subastas_2019_117:0a1131f4a687bbd9d1b5e92b,2019-12-26,5.45
lrm_auctions:subastas_2019_118:d39b6838f8819b2de0ec3672,2019-03-27,6.3
lrm_auctions:subastas_2019_118:d39b6838f8819b2de0ec3672,2019-05-29,6.5
lrm_auctions:subastas_2019_118:d39b6838f8819b2de0ec3672,2019-08-28,7.0
lrm_auctions:subastas_2019_118:d39b6838f8819b2de0ec3672,2019-09-25,5.84
lrm_auctions:subastas_2019_118:d39b6838f8819b2de0ec3672,2019-11-27,5.65
lrm_auctions:subastas_2019_118:d39b6838f8819b2de0ec3672,2019-12-26,5.7
lrm_auctions:subastas_2019_119:9d92cdb1155eb126d248cd3d,2019-03-27,6.02356783919598
lrm_auctions:subastas_2019_119:9d92cdb1155eb126d248cd3d,2019-05-29,6.384615384615385
lrm_auctions:subastas_2019_119:9d92cdb1155eb126d248cd3d,2019-08-28,6.03125
lrm_auctions:subastas_2019_119:9d92cdb1155eb126d248cd3d,2019-09-25,5.7075
lrm_auctions:subastas_2019_119:9d92cdb1155eb126d248cd3d,2019-11-27,5.519345238095238
lrm_auctions:subastas_2019_119:9d92cdb1155eb126d248cd3d,2019-12-26,5.626470588235295
lrm_auctions:subastas_2019_11:dc674067b244570b92972daa,2019-01-23,5.46
lrm_auctions:subastas_2019_11:dc674067b244570b92972daa,2019-03-27,4.85
lrm_auctions:subastas_2019_11:dc674067b244570b92972daa,2019-05-29,5.4
lrm_auctions:subastas_2019_11:dc674067b244570b92972daa,2019-06-26,5.35
lrm_auctions:subastas_2019_11:dc674067b244570b92972daa,2019-09-25,3.9
lrm_auctions:subastas_2019_120:9e65b04aa01c99458d690df0,2019-03-27,5.74
lrm_auctions:subastas_2019_120:9e65b04aa01c99458d690df0,2019-05-29,6.1
lrm_auctions:subastas_2019_120:9e65b04aa01c99458d690df0,2019-08-28,5.98
lrm_auctions:subastas_2019_120:9e65b04aa01c99458d690df0,2019-09-25,5.65
lrm_auctions:subastas_2019_120:9e65b04aa01c99458d690df0,2019-11-27,5.35
lrm_auctions:subastas_2019_120:9e65b04aa01c99458d690df0,2019-12-26,5.45
lrm_auctions:subastas_2019_121:af2e7749cfc1023bb5b38c17,2019-03-27,6.3
lrm_auctions:subastas_2019_121:af2e7749cfc1023bb5b38c17,2019-05-29,6.5
lrm_auctions:subastas_2019_121:af2e7749cfc1023bb5b38c17,2019-08-28,6.1
lrm_auctions:subastas_2019_121:af2e7749cfc1023bb5b38c17,2019-09-25,5.74
lrm_auctions:subastas_2019_121:af2e7749cfc1023bb5b38c17,2019-11-27,5.6
lrm_auctions:subastas_2019_121:af2e7749cfc1023bb5b38c17,2019-12-26,5.65
lrm_auctions:subastas_2019_122:9a2827311a9e9d33ba6ff349,2019-05-29,150000.0
lrm_auctions:subastas_2019_122:9a2827311a9e9d33ba6ff349,2019-08-28,100000.0
lrm_auctions:subastas_2019_123:5beeccad37c0b7f1f2692791,2019-05-29,35000.0
lrm_auctions:subastas_2019_123:5beeccad37c0b7f1f2692791,2019-08-28,155000.0
lrm_auctions:subastas_2019_124:efcf4db332ddff7ea118d64c,2019-05-29,35000.0
lrm_auctions:subastas_2019_124:efcf4db332ddff7ea118d64c,2019-08-28,100000.0
lrm_auctions:subastas_2019_125:bc3c70bc79470454e1623143,2019-05-29,2.0
lrm_auctions:subastas_2019_125:bc3c70bc79470454e1623143,2019-08-28,3.0
lrm_auctions:subastas_2019_126:9b641e907ff47dfb7bd2d959,2019-05-29,2.0
lrm_auctions:subastas_2019_126:9b641e907ff47dfb7bd2d959,2019-08-28,1.0
lrm_auctions:subastas_2019_127:522a9ff86f0c5f3925788c15,2019-05-29,5.571428571428571
lrm_auctions:subastas_2019_127:522a9ff86f0c5f3925788c15,2019-08-28,5.038709677419355
lrm_auctions:subastas_2019_128:f835a7565286472f6064b1eb,2019-05-29,5.55
lrm_auctions:subastas_2019_128:f835a7565286472f6064b1eb,2019-08-28,4.95
lrm_auctions:subastas_2019_129:1569b092994575e4f365fd80,2019-05-29,5.6
lrm_auctions:subastas_2019_129:1569b092994575e4f365fd80,2019-08-28,5.2
lrm_auctions:subastas_2019_12:9ff1f873cad70f007841d6fb,2019-01-23,100000.0
lrm_auctions:subastas_2019_12:9ff1f873cad70f007841d6fb,2019-02-20,200000.0
lrm_auctions:subastas_2019_12:9ff1f873cad70f007841d6fb,2019-03-27,200000.0
lrm_auctions:subastas_2019_12:9ff1f873cad70f007841d6fb,2019-04-25,200000.0
lrm_auctions:subastas_2019_12:9ff1f873cad70f007841d6fb,2019-06-26,150000.0
lrm_auctions:subastas_2019_12:9ff1f873cad70f007841d6fb,2019-07-24,100000.0
lrm_auctions:subastas_2019_12:9ff1f873cad70f007841d6fb,2019-09-25,50000.0
lrm_auctions:subastas_2019_12:9ff1f873cad70f007841d6fb,2019-10-23,50000.0
lrm_auctions:subastas_2019_12:9ff1f873cad70f007841d6fb,2019-11-27,100000.0
lrm_auctions:subastas_2019_12:9ff1f873cad70f007841d6fb,2019-12-26,100000.0
lrm_auctions:subastas_2019_130:eea99792d3080cc491e41e61,2019-05-29,5.571428571428571
lrm_auctions:subastas_2019_130:eea99792d3080cc491e41e61,2019-08-28,4.95
lrm_auctions:subastas_2019_131:ce4ce2fcd94fb6a8be5ccb97,2019-05-29,5.55
lrm_auctions:subastas_2019_131:ce4ce2fcd94fb6a8be5ccb97,2019-08-28,4.95
lrm_auctions:subastas_2019_132:66705411d4f15df9e2d9209b,2019-05-29,5.6
lrm_auctions:subastas_2019_132:66705411d4f15df9e2d9209b,2019-08-28,4.95
lrm_auctions:subastas_2019_133:d6a3b4263f06756ca1ad7748,2019-06-26,600000.0
lrm_auctions:subastas_2019_134:ed9ca91a3d7ba8e8681a6f6e,2019-06-26,550000.0
lrm_auctions:subastas_2019_135:9cc07c1dd879cce756f8b610,2019-06-26,490000.0
lrm_auctions:subastas_2019_136:4d5f811ab4aa385e48ee7a01,2019-06-26,10.0
lrm_auctions:subastas_2019_137:1559234e4c66fd12ba37a626,2019-06-26,8.0
lrm_auctions:subastas_2019_138:e7e522b7deea56c6656c13ae,2019-06-26,6.45
lrm_auctions:subastas_2019_139:aacb59b10e5db7b6821626a9,2019-06-26,6.25
lrm_auctions:subastas_2019_13:d4cc1cdb36214c28468b77c6,2019-01-23,230000.0
lrm_auctions:subastas_2019_13:d4cc1cdb36214c28468b77c6,2019-02-20,270000.0
lrm_auctions:subastas_2019_13:d4cc1cdb36214c28468b77c6,2019-03-27,245000.0
lrm_auctions:subastas_2019_13:d4cc1cdb36214c28468b77c6,2019-04-25,280000.0
lrm_auctions:subastas_2019_13:d4cc1cdb36214c28468b77c6,2019-06-26,120000.0
lrm_auctions:subastas_2019_13:d4cc1cdb36214c28468b77c6,2019-07-24,20000.0
lrm_auctions:subastas_2019_13:d4cc1cdb36214c28468b77c6,2019-09-25,205000.0
lrm_auctions:subastas_2019_13:d4cc1cdb36214c28468b77c6,2019-10-23,105000.0
lrm_auctions:subastas_2019_13:d4cc1cdb36214c28468b77c6,2019-11-27,100000.0
lrm_auctions:subastas_2019_13:d4cc1cdb36214c28468b77c6,2019-12-26,150000.0
lrm_auctions:subastas_2019_140:22ffb62ee58d8242cb91a72e,2019-06-26,6.6
lrm_auctions:subastas_2019_141:edd7dfd43eda04fe04c1ddee,2019-06-26,6.432857142857143
lrm_auctions:subastas_2019_142:058b30ebf5589e4e65021935,2019-06-26,6.25
lrm_auctions:subastas_2019_143:194292a454dfe7cb144cf513,2019-06-26,6.5
lrm_auctions:subastas_2019_144:e0c52753cb9e1e0c336ce78f,2019-12-26,100000.0
lrm_auctions:subastas_2019_145:0a28c3937bc09f0bec5946e1,2019-12-26,180000.0
lrm_auctions:subastas_2019_146:5c24be4b1e09198088c00157,2019-12-26,20000.0
lrm_auctions:subastas_2019_147:41c725b3261fd9cfea43fa23,2019-12-26,5.0
lrm_auctions:subastas_2019_148:f8b7c7c8ee2c88c066f2815c,2019-12-26,1.0
lrm_auctions:subastas_2019_149:7203bf3c80fb87c48fdf000a,2019-12-26,5.267777777777778
lrm_auctions:subastas_2019_14:513730b0cd1cc3e0f815fbea,2019-01-23,200000.0
lrm_auctions:subastas_2019_14:513730b0cd1cc3e0f815fbea,2019-02-20,260000.0
lrm_auctions:subastas_2019_14:513730b0cd1cc3e0f815fbea,2019-03-27,230000.0
lrm_auctions:subastas_2019_14:513730b0cd1cc3e0f815fbea,2019-04-25,280000.0
lrm_auctions:subastas_2019_14:513730b0cd1cc3e0f815fbea,2019-06-26,100000.0
lrm_auctions:subastas_2019_14:513730b0cd1cc3e0f815fbea,2019-09-25,205000.0
lrm_auctions:subastas_2019_14:513730b0cd1cc3e0f815fbea,2019-10-23,105000.0
lrm_auctions:subastas_2019_14:513730b0cd1cc3e0f815fbea,2019-11-27,100000.0
lrm_auctions:subastas_2019_14:513730b0cd1cc3e0f815fbea,2019-12-26,150000.0
lrm_auctions:subastas_2019_150:4f1bec8a17e46dbb05715a57,2019-12-26,5.2
lrm_auctions:subastas_2019_151:85e917227ee5ad6a32b5a894,2019-12-26,5.99
lrm_auctions:subastas_2019_152:2f985e7df702347e82618ef9,2019-12-26,5.2
lrm_auctions:subastas_2019_153:3d609ddf16602571e6fb9854,2019-12-26,5.2
lrm_auctions:subastas_2019_154:12c7f1cb30e71df411315ee9,2019-12-26,5.2
lrm_auctions:subastas_2019_15:6b5c01714ee506155b1fe3f6,2019-01-23,5.0
lrm_auctions:subastas_2019_15:6b5c01714ee506155b1fe3f6,2019-02-20,3.0
lrm_auctions:subastas_2019_15:6b5c01714ee506155b1fe3f6,2019-03-27,6.0
lrm_auctions:subastas_2019_15:6b5c01714ee506155b1fe3f6,2019-04-25,4.0
lrm_auctions:subastas_2019_15:6b5c01714ee506155b1fe3f6,2019-06-26,2.0
lrm_auctions:subastas_2019_15:6b5c01714ee506155b1fe3f6,2019-07-24,2.0
lrm_auctions:subastas_2019_15:6b5c01714ee506155b1fe3f6,2019-09-25,2.0
lrm_auctions:subastas_2019_15:6b5c01714ee506155b1fe3f6,2019-10-23,2.0
lrm_auctions:subastas_2019_15:6b5c01714ee506155b1fe3f6,2019-11-27,1.0
lrm_auctions:subastas_2019_15:6b5c01714ee506155b1fe3f6,2019-12-26,1.0
lrm_auctions:subastas_2019_16:e2be2668c3575b2f20f6c41b,2019-01-23,4.0
lrm_auctions:subastas_2019_16:e2be2668c3575b2f20f6c41b,2019-02-20,2.0
lrm_auctions:subastas_2019_16:e2be2668c3575b2f20f6c41b,2019-03-27,3.0
lrm_auctions:subastas_2019_16:e2be2668c3575b2f20f6c41b,2019-04-25,4.0
lrm_auctions:subastas_2019_16:e2be2668c3575b2f20f6c41b,2019-06-26,1.0
lrm_auctions:subastas_2019_16:e2be2668c3575b2f20f6c41b,2019-09-25,2.0
lrm_auctions:subastas_2019_16:e2be2668c3575b2f20f6c41b,2019-10-23,2.0
lrm_auctions:subastas_2019_16:e2be2668c3575b2f20f6c41b,2019-11-27,1.0
lrm_auctions:subastas_2019_16:e2be2668c3575b2f20f6c41b,2019-12-26,1.0
lrm_auctions:subastas_2019_17:4c6ee82fab987afd287f64c7,2019-01-23,5.670869565217392
lrm_auctions:subastas_2019_17:4c6ee82fab987afd287f64c7,2019-02-20,5.690740740740741
lrm_auctions:subastas_2019_17:4c6ee82fab987afd287f64c7,2019-03-27,5.376122448979592
lrm_auctions:subastas_2019_17:4c6ee82fab987afd287f64c7,2019-04-25,5.314285714285714
lrm_auctions:subastas_2019_17:4c6ee82fab987afd287f64c7,2019-06-26,5.633333333333334
lrm_auctions:subastas_2019_17:4c6ee82fab987afd287f64c7,2019-07-24,5.575
lrm_auctions:subastas_2019_17:4c6ee82fab987afd287f64c7,2019-09-25,3.95
lrm_auctions:subastas_2019_17:4c6ee82fab987afd287f64c7,2019-10-23,3.947619047619048
lrm_auctions:subastas_2019_17:4c6ee82fab987afd287f64c7,2019-11-27,3.95
lrm_auctions:subastas_2019_17:4c6ee82fab987afd287f64c7,2019-12-26,3.95
lrm_auctions:subastas_2019_18:a521249d959ea7180d2956bb,2019-01-23,5.62
lrm_auctions:subastas_2019_18:a521249d959ea7180d2956bb,2019-02-20,5.66
lrm_auctions:subastas_2019_18:a521249d959ea7180d2956bb,2019-03-27,5.2
lrm_auctions:subastas_2019_18:a521249d959ea7180d2956bb,2019-04-25,5.2
lrm_auctions:subastas_2019_18:a521249d959ea7180d2956bb,2019-06-26,5.6
lrm_auctions:subastas_2019_18:a521249d959ea7180d2956bb,2019-07-24,5.55
lrm_auctions:subastas_2019_18:a521249d959ea7180d2956bb,2019-09-25,3.95
lrm_auctions:subastas_2019_18:a521249d959ea7180d2956bb,2019-10-23,3.9
lrm_auctions:subastas_2019_18:a521249d959ea7180d2956bb,2019-11-27,3.95
lrm_auctions:subastas_2019_18:a521249d959ea7180d2956bb,2019-12-26,3.95
lrm_auctions:subastas_2019_19:bf720db09a600af58693674d,2019-01-23,5.77
lrm_auctions:subastas_2019_19:bf720db09a600af58693674d,2019-02-20,5.83
lrm_auctions:subastas_2019_19:bf720db09a600af58693674d,2019-03-27,5.8
lrm_auctions:subastas_2019_19:bf720db09a600af58693674d,2019-04-25,5.45
lrm_auctions:subastas_2019_19:bf720db09a600af58693674d,2019-06-26,5.8
lrm_auctions:subastas_2019_19:bf720db09a600af58693674d,2019-07-24,5.6
lrm_auctions:subastas_2019_19:bf720db09a600af58693674d,2019-09-25,3.95
lrm_auctions:subastas_2019_19:bf720db09a600af58693674d,2019-10-23,3.95
lrm_auctions:subastas_2019_19:bf720db09a600af58693674d,2019-11-27,3.95
lrm_auctions:subastas_2019_19:bf720db09a600af58693674d,2019-12-26,3.95
lrm_auctions:subastas_2019_20:d1f66421ecf147c9c96cee79,2019-01-23,5.656
lrm_auctions:subastas_2019_20:d1f66421ecf147c9c96cee79,2019-02-20,5.685384615384615
lrm_auctions:subastas_2019_20:d1f66421ecf147c9c96cee79,2019-03-27,5.352173913043479
lrm_auctions:subastas_2019_20:d1f66421ecf147c9c96cee79,2019-04-25,5.314285714285714
lrm_auctions:subastas_2019_20:d1f66421ecf147c9c96cee79,2019-06-26,5.6
lrm_auctions:subastas_2019_20:d1f66421ecf147c9c96cee79,2019-09-25,3.95
lrm_auctions:subastas_2019_20:d1f66421ecf147c9c96cee79,2019-10-23,3.947619047619048
lrm_auctions:subastas_2019_20:d1f66421ecf147c9c96cee79,2019-11-27,3.95
lrm_auctions:subastas_2019_20:d1f66421ecf147c9c96cee79,2019-12-26,3.95
lrm_auctions:subastas_2019_21:07e39dcdda634d9a1a4e52ad,2019-01-23,5.62
lrm_auctions:subastas_2019_21:07e39dcdda634d9a1a4e52ad,2019-02-20,5.66
lrm_auctions:subastas_2019_21:07e39dcdda634d9a1a4e52ad,2019-03-27,5.2
lrm_auctions:subastas_2019_21:07e39dcdda634d9a1a4e52ad,2019-04-25,5.2
lrm_auctions:subastas_2019_21:07e39dcdda634d9a1a4e52ad,2019-06-26,5.6
lrm_auctions:subastas_2019_21:07e39dcdda634d9a1a4e52ad,2019-09-25,3.95
lrm_auctions:subastas_2019_21:07e39dcdda634d9a1a4e52ad,2019-10-23,3.9
lrm_auctions:subastas_2019_21:07e39dcdda634d9a1a4e52ad,2019-11-27,3.95
lrm_auctions:subastas_2019_21:07e39dcdda634d9a1a4e52ad,2019-12-26,3.95
lrm_auctions:subastas_2019_22:8d17a06b79a2cc8390174bbf,2019-01-23,5.66
lrm_auctions:subastas_2019_22:8d17a06b79a2cc8390174bbf,2019-02-20,5.77
lrm_auctions:subastas_2019_22:8d17a06b79a2cc8390174bbf,2019-03-27,5.45
lrm_auctions:subastas_2019_22:8d17a06b79a2cc8390174bbf,2019-04-25,5.45
lrm_auctions:subastas_2019_22:8d17a06b79a2cc8390174bbf,2019-06-26,5.6
lrm_auctions:subastas_2019_22:8d17a06b79a2cc8390174bbf,2019-09-25,3.95
lrm_auctions:subastas_2019_22:8d17a06b79a2cc8390174bbf,2019-10-23,3.95
lrm_auctions:subastas_2019_22:8d17a06b79a2cc8390174bbf,2019-11-27,3.95
lrm_auctions:subastas_2019_22:8d17a06b79a2cc8390174bbf,2019-12-26,3.95
lrm_auctions:subastas_2019_23:200bac5a5818f3c1c7f12051,2019-01-23,150000.0
lrm_auctions:subastas_2019_23:200bac5a5818f3c1c7f12051,2019-03-27,150000.0
lrm_auctions:subastas_2019_23:200bac5a5818f3c1c7f12051,2019-04-25,350000.0
lrm_auctions:subastas_2019_23:200bac5a5818f3c1c7f12051,2019-05-29,100000.0
lrm_auctions:subastas_2019_23:200bac5a5818f3c1c7f12051,2019-06-26,400000.0
lrm_auctions:subastas_2019_23:200bac5a5818f3c1c7f12051,2019-07-24,250000.0
lrm_auctions:subastas_2019_23:200bac5a5818f3c1c7f12051,2019-08-28,100000.0
lrm_auctions:subastas_2019_23:200bac5a5818f3c1c7f12051,2019-09-25,100000.0
lrm_auctions:subastas_2019_23:200bac5a5818f3c1c7f12051,2019-11-27,200000.0
lrm_auctions:subastas_2019_23:200bac5a5818f3c1c7f12051,2019-12-26,50000.0
lrm_auctions:subastas_2019_24:8d3ad5132b2716a5e9b7d842,2019-01-23,130000.0
lrm_auctions:subastas_2019_24:8d3ad5132b2716a5e9b7d842,2019-03-27,285000.0
lrm_auctions:subastas_2019_24:8d3ad5132b2716a5e9b7d842,2019-04-25,490000.0
lrm_auctions:subastas_2019_24:8d3ad5132b2716a5e9b7d842,2019-05-29,165000.0
lrm_auctions:subastas_2019_24:8d3ad5132b2716a5e9b7d842,2019-06-26,580000.0
lrm_auctions:subastas_2019_24:8d3ad5132b2716a5e9b7d842,2019-07-24,155000.0
lrm_auctions:subastas_2019_24:8d3ad5132b2716a5e9b7d842,2019-08-28,110000.0
lrm_auctions:subastas_2019_24:8d3ad5132b2716a5e9b7d842,2019-09-25,155000.0
lrm_auctions:subastas_2019_24:8d3ad5132b2716a5e9b7d842,2019-11-27,250000.0
lrm_auctions:subastas_2019_24:8d3ad5132b2716a5e9b7d842,2019-12-26,105000.0
lrm_auctions:subastas_2019_25:1796f78ac619b9822b3cdf63,2019-01-23,90000.0
lrm_auctions:subastas_2019_25:1796f78ac619b9822b3cdf63,2019-03-27,270000.0
lrm_auctions:subastas_2019_25:1796f78ac619b9822b3cdf63,2019-04-25,490000.0
lrm_auctions:subastas_2019_25:1796f78ac619b9822b3cdf63,2019-05-29,165000.0
lrm_auctions:subastas_2019_25:1796f78ac619b9822b3cdf63,2019-06-26,490000.0
lrm_auctions:subastas_2019_25:1796f78ac619b9822b3cdf63,2019-07-24,65000.0
lrm_auctions:subastas_2019_25:1796f78ac619b9822b3cdf63,2019-08-28,20000.0
lrm_auctions:subastas_2019_25:1796f78ac619b9822b3cdf63,2019-09-25,155000.0
lrm_auctions:subastas_2019_25:1796f78ac619b9822b3cdf63,2019-11-27,250000.0
lrm_auctions:subastas_2019_25:1796f78ac619b9822b3cdf63,2019-12-26,100000.0
lrm_auctions:subastas_2019_26:e98508eba46c33c0a983ce8e,2019-01-23,6.0
lrm_auctions:subastas_2019_26:e98508eba46c33c0a983ce8e,2019-03-27,7.0
lrm_auctions:subastas_2019_26:e98508eba46c33c0a983ce8e,2019-04-25,7.0
lrm_auctions:subastas_2019_26:e98508eba46c33c0a983ce8e,2019-05-29,4.0
lrm_auctions:subastas_2019_26:e98508eba46c33c0a983ce8e,2019-06-26,9.0
lrm_auctions:subastas_2019_26:e98508eba46c33c0a983ce8e,2019-07-24,5.0
lrm_auctions:subastas_2019_26:e98508eba46c33c0a983ce8e,2019-08-28,7.0
lrm_auctions:subastas_2019_26:e98508eba46c33c0a983ce8e,2019-09-25,3.0
lrm_auctions:subastas_2019_26:e98508eba46c33c0a983ce8e,2019-11-27,2.0
lrm_auctions:subastas_2019_26:e98508eba46c33c0a983ce8e,2019-12-26,2.0
lrm_auctions:subastas_2019_27:50e8cd5d6a9164a387e71b58,2019-01-23,5.0
lrm_auctions:subastas_2019_27:50e8cd5d6a9164a387e71b58,2019-03-27,4.0
lrm_auctions:subastas_2019_27:50e8cd5d6a9164a387e71b58,2019-04-25,7.0
lrm_auctions:subastas_2019_27:50e8cd5d6a9164a387e71b58,2019-05-29,4.0
lrm_auctions:subastas_2019_27:50e8cd5d6a9164a387e71b58,2019-06-26,6.0
lrm_auctions:subastas_2019_27:50e8cd5d6a9164a387e71b58,2019-07-24,3.0
lrm_auctions:subastas_2019_27:50e8cd5d6a9164a387e71b58,2019-08-28,3.0
lrm_auctions:subastas_2019_27:50e8cd5d6a9164a387e71b58,2019-09-25,3.0
lrm_auctions:subastas_2019_27:50e8cd5d6a9164a387e71b58,2019-11-27,2.0
lrm_auctions:subastas_2019_27:50e8cd5d6a9164a387e71b58,2019-12-26,1.0
lrm_auctions:subastas_2019_28:956a873dc8d52b456ddad362,2019-01-23,5.819615384615385
lrm_auctions:subastas_2019_28:956a873dc8d52b456ddad362,2019-03-27,5.451929824561404
lrm_auctions:subastas_2019_28:956a873dc8d52b456ddad362,2019-04-25,5.416326530612245
lrm_auctions:subastas_2019_28:956a873dc8d52b456ddad362,2019-05-29,5.63030303030303
lrm_auctions:subastas_2019_28:956a873dc8d52b456ddad362,2019-06-26,5.737758620689656
lrm_auctions:subastas_2019_28:956a873dc8d52b456ddad362,2019-07-24,5.561290322580645
lrm_auctions:subastas_2019_28:956a873dc8d52b456ddad362,2019-08-28,5.332727272727273
lrm_auctions:subastas_2019_28:956a873dc8d52b456ddad362,2019-09-25,4.609677419354838
lrm_auctions:subastas_2019_28:956a873dc8d52b456ddad362,2019-11-27,3.996
lrm_auctions:subastas_2019_28:956a873dc8d52b456ddad362,2019-12-26,4.133333333333334
lrm_auctions:subastas_2019_29:5b6eb8a66c58a781bc5e1741,2019-01-23,5.79
lrm_auctions:subastas_2019_29:5b6eb8a66c58a781bc5e1741,2019-03-27,5.29
lrm_auctions:subastas_2019_29:5b6eb8a66c58a781bc5e1741,2019-04-25,5.1
lrm_auctions:subastas_2019_29:5b6eb8a66c58a781bc5e1741,2019-05-29,5.55
lrm_auctions:subastas_2019_29:5b6eb8a66c58a781bc5e1741,2019-06-26,5.65
lrm_auctions:subastas_2019_29:5b6eb8a66c58a781bc5e1741,2019-07-24,5.5
lrm_auctions:subastas_2019_29:5b6eb8a66c58a781bc5e1741,2019-08-28,5.1
lrm_auctions:subastas_2019_29:5b6eb8a66c58a781bc5e1741,2019-09-25,4.0
lrm_auctions:subastas_2019_29:5b6eb8a66c58a781bc5e1741,2019-11-27,3.99
lrm_auctions:subastas_2019_29:5b6eb8a66c58a781bc5e1741,2019-12-26,4.05
lrm_auctions:subastas_2019_2:9247b31e01d1e0ac55a0c613,2019-01-23,205000.0
lrm_auctions:subastas_2019_2:9247b31e01d1e0ac55a0c613,2019-03-27,70000.0
lrm_auctions:subastas_2019_2:9247b31e01d1e0ac55a0c613,2019-05-29,110000.0
lrm_auctions:subastas_2019_2:9247b31e01d1e0ac55a0c613,2019-06-26,170000.0
lrm_auctions:subastas_2019_2:9247b31e01d1e0ac55a0c613,2019-08-28,55000.0
lrm_auctions:subastas_2019_2:9247b31e01d1e0ac55a0c613,2019-09-25,45000.0
lrm_auctions:subastas_2019_30:ee2c12a55786cf1f1c7f10ae,2019-01-23,5.85
lrm_auctions:subastas_2019_30:ee2c12a55786cf1f1c7f10ae,2019-03-27,5.8
lrm_auctions:subastas_2019_30:ee2c12a55786cf1f1c7f10ae,2019-04-25,5.65
lrm_auctions:subastas_2019_30:ee2c12a55786cf1f1c7f10ae,2019-05-29,5.8
lrm_auctions:subastas_2019_30:ee2c12a55786cf1f1c7f10ae,2019-06-26,5.9
lrm_auctions:subastas_2019_30:ee2c12a55786cf1f1c7f10ae,2019-07-24,5.65
lrm_auctions:subastas_2019_30:ee2c12a55786cf1f1c7f10ae,2019-08-28,5.48
lrm_auctions:subastas_2019_30:ee2c12a55786cf1f1c7f10ae,2019-09-25,4.7
lrm_auctions:subastas_2019_30:ee2c12a55786cf1f1c7f10ae,2019-11-27,4.0
lrm_auctions:subastas_2019_30:ee2c12a55786cf1f1c7f10ae,2019-12-26,5.8
lrm_auctions:subastas_2019_31:42e314b83bffe86da857c019,2019-01-23,5.806111111111111
lrm_auctions:subastas_2019_31:42e314b83bffe86da857c019,2019-03-27,5.435185185185185
lrm_auctions:subastas_2019_31:42e314b83bffe86da857c019,2019-04-25,5.416326530612245
lrm_auctions:subastas_2019_31:42e314b83bffe86da857c019,2019-05-29,5.63030303030303
lrm_auctions:subastas_2019_31:42e314b83bffe86da857c019,2019-06-26,5.709183673469388
lrm_auctions:subastas_2019_31:42e314b83bffe86da857c019,2019-07-24,5.5
lrm_auctions:subastas_2019_31:42e314b83bffe86da857c019,2019-08-28,5.15
lrm_auctions:subastas_2019_31:42e314b83bffe86da857c019,2019-09-25,4.609677419354838
lrm_auctions:subastas_2019_31:42e314b83bffe86da857c019,2019-11-27,3.996
lrm_auctions:subastas_2019_31:42e314b83bffe86da857c019,2019-12-26,4.05
lrm_auctions:subastas_2019_32:820ff1f83b051209517929a0,2019-01-23,5.79
lrm_auctions:subastas_2019_32:820ff1f83b051209517929a0,2019-03-27,5.29
lrm_auctions:subastas_2019_32:820ff1f83b051209517929a0,2019-04-25,5.1
lrm_auctions:subastas_2019_32:820ff1f83b051209517929a0,2019-05-29,5.55
lrm_auctions:subastas_2019_32:820ff1f83b051209517929a0,2019-06-26,5.65
lrm_auctions:subastas_2019_32:820ff1f83b051209517929a0,2019-07-24,5.5
lrm_auctions:subastas_2019_32:820ff1f83b051209517929a0,2019-08-28,5.1
lrm_auctions:subastas_2019_32:820ff1f83b051209517929a0,2019-09-25,4.0
lrm_auctions:subastas_2019_32:820ff1f83b051209517929a0,2019-11-27,3.99
lrm_auctions:subastas_2019_32:820ff1f83b051209517929a0,2019-12-26,4.05
lrm_auctions:subastas_2019_33:0598755dd2a01a35e335ef4f,2019-01-23,5.82
lrm_auctions:subastas_2019_33:0598755dd2a01a35e335ef4f,2019-03-27,5.65
lrm_auctions:subastas_2019_33:0598755dd2a01a35e335ef4f,2019-04-25,5.65
lrm_auctions:subastas_2019_33:0598755dd2a01a35e335ef4f,2019-05-29,5.8
lrm_auctions:subastas_2019_33:0598755dd2a01a35e335ef4f,2019-06-26,5.8
lrm_auctions:subastas_2019_33:0598755dd2a01a35e335ef4f,2019-07-24,5.5
lrm_auctions:subastas_2019_33:0598755dd2a01a35e335ef4f,2019-08-28,5.2
lrm_auctions:subastas_2019_33:0598755dd2a01a35e335ef4f,2019-09-25,4.7
lrm_auctions:subastas_2019_33:0598755dd2a01a35e335ef4f,2019-11-27,4.0
lrm_auctions:subastas_2019_33:0598755dd2a01a35e335ef4f,2019-12-26,4.05
lrm_auctions:subastas_2019_34:e44c1e3c52f41f63ed5605bd,2019-01-23,50000.0
lrm_auctions:subastas_2019_34:e44c1e3c52f41f63ed5605bd,2019-03-27,200000.0
lrm_auctions:subastas_2019_34:e44c1e3c52f41f63ed5605bd,2019-04-25,100000.0
lrm_auctions:subastas_2019_34:e44c1e3c52f41f63ed5605bd,2019-05-29,150000.0
lrm_auctions:subastas_2019_34:e44c1e3c52f41f63ed5605bd,2019-06-26,150000.0
lrm_auctions:subastas_2019_34:e44c1e3c52f41f63ed5605bd,2019-08-28,500000.0
lrm_auctions:subastas_2019_34:e44c1e3c52f41f63ed5605bd,2019-09-25,300000.0
lrm_auctions:subastas_2019_34:e44c1e3c52f41f63ed5605bd,2019-10-23,300000.0
lrm_auctions:subastas_2019_34:e44c1e3c52f41f63ed5605bd,2019-11-27,100000.0
lrm_auctions:subastas_2019_34:e44c1e3c52f41f63ed5605bd,2019-12-26,250000.0
lrm_auctions:subastas_2019_35:aaf6eb65b92a1b566a413296,2019-01-23,90000.0
lrm_auctions:subastas_2019_35:aaf6eb65b92a1b566a413296,2019-03-27,260000.0
lrm_auctions:subastas_2019_35:aaf6eb65b92a1b566a413296,2019-04-25,100000.0
lrm_auctions:subastas_2019_35:aaf6eb65b92a1b566a413296,2019-05-29,140000.0
lrm_auctions:subastas_2019_35:aaf6eb65b92a1b566a413296,2019-06-26,140000.0
lrm_auctions:subastas_2019_35:aaf6eb65b92a1b566a413296,2019-08-28,390000.0
lrm_auctions:subastas_2019_35:aaf6eb65b92a1b566a413296,2019-09-25,290000.0
lrm_auctions:subastas_2019_35:aaf6eb65b92a1b566a413296,2019-10-23,200000.0
lrm_auctions:subastas_2019_35:aaf6eb65b92a1b566a413296,2019-11-27,165000.0
lrm_auctions:subastas_2019_35:aaf6eb65b92a1b566a413296,2019-12-26,240000.0
lrm_auctions:subastas_2019_36:640b4b056ff21faadf718dca,2019-01-23,30000.0
lrm_auctions:subastas_2019_36:640b4b056ff21faadf718dca,2019-03-27,250000.0
lrm_auctions:subastas_2019_36:640b4b056ff21faadf718dca,2019-04-25,80000.0
lrm_auctions:subastas_2019_36:640b4b056ff21faadf718dca,2019-05-29,140000.0
lrm_auctions:subastas_2019_36:640b4b056ff21faadf718dca,2019-06-26,100000.0
lrm_auctions:subastas_2019_36:640b4b056ff21faadf718dca,2019-08-28,380000.0
lrm_auctions:subastas_2019_36:640b4b056ff21faadf718dca,2019-09-25,220000.0
lrm_auctions:subastas_2019_36:640b4b056ff21faadf718dca,2019-10-23,185000.0
lrm_auctions:subastas_2019_36:640b4b056ff21faadf718dca,2019-11-27,155000.0
lrm_auctions:subastas_2019_36:640b4b056ff21faadf718dca,2019-12-26,150000.0
lrm_auctions:subastas_2019_37:0bee62c66184fd637967f5a2,2019-01-23,5.0
lrm_auctions:subastas_2019_37:0bee62c66184fd637967f5a2,2019-03-27,3.0
lrm_auctions:subastas_2019_37:0bee62c66184fd637967f5a2,2019-04-25,4.0
lrm_auctions:subastas_2019_37:0bee62c66184fd637967f5a2,2019-05-29,4.0
lrm_auctions:subastas_2019_37:0bee62c66184fd637967f5a2,2019-06-26,5.0
lrm_auctions:subastas_2019_37:0bee62c66184fd637967f5a2,2019-08-28,7.0
lrm_auctions:subastas_2019_37:0bee62c66184fd637967f5a2,2019-09-25,5.0
lrm_auctions:subastas_2019_37:0bee62c66184fd637967f5a2,2019-10-23,6.0
lrm_auctions:subastas_2019_37:0bee62c66184fd637967f5a2,2019-11-27,4.0
lrm_auctions:subastas_2019_37:0bee62c66184fd637967f5a2,2019-12-26,4.0
lrm_auctions:subastas_2019_38:eadb3b0d05243d2c6900fcbc,2019-01-23,2.0
lrm_auctions:subastas_2019_38:eadb3b0d05243d2c6900fcbc,2019-03-27,2.0
lrm_auctions:subastas_2019_38:eadb3b0d05243d2c6900fcbc,2019-04-25,3.0
lrm_auctions:subastas_2019_38:eadb3b0d05243d2c6900fcbc,2019-05-29,4.0
lrm_auctions:subastas_2019_38:eadb3b0d05243d2c6900fcbc,2019-06-26,3.0
lrm_auctions:subastas_2019_38:eadb3b0d05243d2c6900fcbc,2019-08-28,6.0
lrm_auctions:subastas_2019_38:eadb3b0d05243d2c6900fcbc,2019-09-25,2.0
lrm_auctions:subastas_2019_38:eadb3b0d05243d2c6900fcbc,2019-10-23,4.0
lrm_auctions:subastas_2019_38:eadb3b0d05243d2c6900fcbc,2019-11-27,2.0
lrm_auctions:subastas_2019_38:eadb3b0d05243d2c6900fcbc,2019-12-26,1.0
lrm_auctions:subastas_2019_39:5d71f900d8bbc611ba4983ea,2019-01-23,6.027777777777778
lrm_auctions:subastas_2019_39:5d71f900d8bbc611ba4983ea,2019-03-27,5.6365384615384615
lrm_auctions:subastas_2019_39:5d71f900d8bbc611ba4983ea,2019-04-25,5.569
lrm_auctions:subastas_2019_39:5d71f900d8bbc611ba4983ea,2019-05-29,5.796428571428572
lrm_auctions:subastas_2019_39:5d71f900d8bbc611ba4983ea,2019-06-26,6.019285714285714
lrm_auctions:subastas_2019_39:5d71f900d8bbc611ba4983ea,2019-08-28,5.490256410256411
lrm_auctions:subastas_2019_39:5d71f900d8bbc611ba4983ea,2019-09-25,5.2620689655172415
lrm_auctions:subastas_2019_39:5d71f900d8bbc611ba4983ea,2019-10-23,4.22125
lrm_auctions:subastas_2019_39:5d71f900d8bbc611ba4983ea,2019-11-27,4.240909090909091
lrm_auctions:subastas_2019_39:5d71f900d8bbc611ba4983ea,2019-12-26,4.220833333333333
lrm_auctions:subastas_2019_3:224b5017a255c316d44d073e,2019-01-23,205000.0
lrm_auctions:subastas_2019_3:224b5017a255c316d44d073e,2019-03-27,50000.0
lrm_auctions:subastas_2019_3:224b5017a255c316d44d073e,2019-05-29,110000.0
lrm_auctions:subastas_2019_3:224b5017a255c316d44d073e,2019-06-26,130000.0
lrm_auctions:subastas_2019_3:224b5017a255c316d44d073e,2019-09-25,5000.0
lrm_auctions:subastas_2019_40:88e9ff84b8c642a4a38c010b,2019-01-23,5.85
lrm_auctions:subastas_2019_40:88e9ff84b8c642a4a38c010b,2019-03-27,5.6
lrm_auctions:subastas_2019_40:88e9ff84b8c642a4a38c010b,2019-04-25,5.1
lrm_auctions:subastas_2019_40:88e9ff84b8c642a4a38c010b,2019-05-29,5.7
lrm_auctions:subastas_2019_40:88e9ff84b8c642a4a38c010b,2019-06-26,5.99
lrm_auctions:subastas_2019_40:88e9ff84b8c642a4a38c010b,2019-08-28,5.45
lrm_auctions:subastas_2019_40:88e9ff84b8c642a4a38c010b,2019-09-25,5.2
lrm_auctions:subastas_2019_40:88e9ff84b8c642a4a38c010b,2019-10-23,4.05
lrm_auctions:subastas_2019_40:88e9ff84b8c642a4a38c010b,2019-11-27,3.8
lrm_auctions:subastas_2019_40:88e9ff84b8c642a4a38c010b,2019-12-26,4.0
lrm_auctions:subastas_2019_41:09849ee67600e0d554d7ce86,2019-01-23,6.1
lrm_auctions:subastas_2019_41:09849ee67600e0d554d7ce86,2019-03-27,5.8
lrm_auctions:subastas_2019_41:09849ee67600e0d554d7ce86,2019-04-25,5.87
lrm_auctions:subastas_2019_41:09849ee67600e0d554d7ce86,2019-05-29,6.0
lrm_auctions:subastas_2019_41:09849ee67600e0d554d7ce86,2019-06-26,6.12
lrm_auctions:subastas_2019_41:09849ee67600e0d554d7ce86,2019-08-28,5.7
lrm_auctions:subastas_2019_41:09849ee67600e0d554d7ce86,2019-09-25,5.5
lrm_auctions:subastas_2019_41:09849ee67600e0d554d7ce86,2019-10-23,5.2
lrm_auctions:subastas_2019_41:09849ee67600e0d554d7ce86,2019-11-27,5.3
lrm_auctions:subastas_2019_41:09849ee67600e0d554d7ce86,2019-12-26,5.3
lrm_auctions:subastas_2019_42:cc6093da5c5584f1d7a6a7e9,2019-01-23,5.883333333333334
lrm_auctions:subastas_2019_42:cc6093da5c5584f1d7a6a7e9,2019-03-27,5.63
lrm_auctions:subastas_2019_42:cc6093da5c5584f1d7a6a7e9,2019-04-25,5.49375
lrm_auctions:subastas_2019_42:cc6093da5c5584f1d7a6a7e9,2019-05-29,5.796428571428572
lrm_auctions:subastas_2019_42:cc6093da5c5584f1d7a6a7e9,2019-06-26,5.993
lrm_auctions:subastas_2019_42:cc6093da5c5584f1d7a6a7e9,2019-08-28,5.484736842105264
lrm_auctions:subastas_2019_42:cc6093da5c5584f1d7a6a7e9,2019-09-25,5.2
lrm_auctions:subastas_2019_42:cc6093da5c5584f1d7a6a7e9,2019-10-23,4.152702702702703
lrm_auctions:subastas_2019_42:cc6093da5c5584f1d7a6a7e9,2019-11-27,4.187096774193549
lrm_auctions:subastas_2019_42:cc6093da5c5584f1d7a6a7e9,2019-12-26,4.0
lrm_auctions:subastas_2019_43:bf87f06f467e10f55b30080e,2019-01-23,5.85
lrm_auctions:subastas_2019_43:bf87f06f467e10f55b30080e,2019-03-27,5.6
lrm_auctions:subastas_2019_43:bf87f06f467e10f55b30080e,2019-04-25,5.1
lrm_auctions:subastas_2019_43:bf87f06f467e10f55b30080e,2019-05-29,5.7
lrm_auctions:subastas_2019_43:bf87f06f467e10f55b30080e,2019-06-26,5.99
lrm_auctions:subastas_2019_43:bf87f06f467e10f55b30080e,2019-08-28,5.45
lrm_auctions:subastas_2019_43:bf87f06f467e10f55b30080e,2019-09-25,5.2
lrm_auctions:subastas_2019_43:bf87f06f467e10f55b30080e,2019-10-23,4.05
lrm_auctions:subastas_2019_43:bf87f06f467e10f55b30080e,2019-11-27,3.8
lrm_auctions:subastas_2019_43:bf87f06f467e10f55b30080e,2019-12-26,4.0
lrm_auctions:subastas_2019_44:17425580ef717811a7ed1c29,2019-01-23,5.9
lrm_auctions:subastas_2019_44:17425580ef717811a7ed1c29,2019-03-27,5.75
lrm_auctions:subastas_2019_44:17425580ef717811a7ed1c29,2019-04-25,5.85
lrm_auctions:subastas_2019_44:17425580ef717811a7ed1c29,2019-05-29,6.0
lrm_auctions:subastas_2019_44:17425580ef717811a7ed1c29,2019-06-26,6.0
lrm_auctions:subastas_2019_44:17425580ef717811a7ed1c29,2019-08-28,5.62
lrm_auctions:subastas_2019_44:17425580ef717811a7ed1c29,2019-09-25,5.2
lrm_auctions:subastas_2019_44:17425580ef717811a7ed1c29,2019-10-23,4.2
lrm_auctions:subastas_2019_44:17425580ef717811a7ed1c29,2019-11-27,4.2
lrm_auctions:subastas_2019_44:17425580ef717811a7ed1c29,2019-12-26,4.0
lrm_auctions:subastas_2019_45:34317e3b600a5d9c905e4e0e,2019-01-23,50000.0
lrm_auctions:subastas_2019_45:34317e3b600a5d9c905e4e0e,2019-02-20,200000.0
lrm_auctions:subastas_2019_45:34317e3b600a5d9c905e4e0e,2019-07-24,400000.0
lrm_auctions:subastas_2019_45:34317e3b600a5d9c905e4e0e,2019-10-23,400000.0
lrm_auctions:subastas_2019_46:687359eed35381f1ea3c2a2a,2019-01-23,100000.0
lrm_auctions:subastas_2019_46:687359eed35381f1ea3c2a2a,2019-02-20,225000.0
lrm_auctions:subastas_2019_46:687359eed35381f1ea3c2a2a,2019-07-24,775000.0
lrm_auctions:subastas_2019_46:687359eed35381f1ea3c2a2a,2019-10-23,495000.0
lrm_auctions:subastas_2019_47:b59a75cade1246e5b1118b9f,2019-01-23,100000.0
lrm_auctions:subastas_2019_47:b59a75cade1246e5b1118b9f,2019-02-20,225000.0
lrm_auctions:subastas_2019_47:b59a75cade1246e5b1118b9f,2019-07-24,735000.0
lrm_auctions:subastas_2019_47:b59a75cade1246e5b1118b9f,2019-10-23,340000.0
lrm_auctions:subastas_2019_48:05896d317a407e07dc81011c,2019-01-23,6.0
lrm_auctions:subastas_2019_48:05896d317a407e07dc81011c,2019-02-20,6.0
lrm_auctions:subastas_2019_48:05896d317a407e07dc81011c,2019-07-24,9.0
lrm_auctions:subastas_2019_48:05896d317a407e07dc81011c,2019-10-23,8.0
lrm_auctions:subastas_2019_49:3beba1f89bfdcb5880472808,2019-01-23,6.0
lrm_auctions:subastas_2019_49:3beba1f89bfdcb5880472808,2019-02-20,6.0
lrm_auctions:subastas_2019_49:3beba1f89bfdcb5880472808,2019-07-24,7.0
lrm_auctions:subastas_2019_49:3beba1f89bfdcb5880472808,2019-10-23,3.0
lrm_auctions:subastas_2019_4:010d5d8f25a1089f65a054b4,2019-01-23,2.0
lrm_auctions:subastas_2019_4:010d5d8f25a1089f65a054b4,2019-03-27,5.0
lrm_auctions:subastas_2019_4:010d5d8f25a1089f65a054b4,2019-05-29,4.0
lrm_auctions:subastas_2019_4:010d5d8f25a1089f65a054b4,2019-06-26,3.0
lrm_auctions:subastas_2019_4:010d5d8f25a1089f65a054b4,2019-08-28,2.0
lrm_auctions:subastas_2019_4:010d5d8f25a1089f65a054b4,2019-09-25,2.0
lrm_auctions:subastas_2019_50:a059479a36d254e1702b3aeb,2019-01-23,6.1645
lrm_auctions:subastas_2019_50:a059479a36d254e1702b3aeb,2019-02-20,6.1513333333333335
lrm_auctions:subastas_2019_50:a059479a36d254e1702b3aeb,2019-07-24,6.006064516129032
lrm_auctions:subastas_2019_50:a059479a36d254e1702b3aeb,2019-10-23,5.188383838383839
lrm_auctions:subastas_2019_51:33b667ad83372670b5d5baf4,2019-01-23,6.0
lrm_auctions:subastas_2019_51:33b667ad83372670b5d5baf4,2019-02-20,6.1
lrm_auctions:subastas_2019_51:33b667ad83372670b5d5baf4,2019-07-24,5.89
lrm_auctions:subastas_2019_51:33b667ad83372670b5d5baf4,2019-10-23,4.85
lrm_auctions:subastas_2019_52:dd8accda8d966d3bc6079655,2019-01-23,6.19
lrm_auctions:subastas_2019_52:dd8accda8d966d3bc6079655,2019-02-20,6.21
lrm_auctions:subastas_2019_52:dd8accda8d966d3bc6079655,2019-07-24,6.18
lrm_auctions:subastas_2019_52:dd8accda8d966d3bc6079655,2019-10-23,5.45
lrm_auctions:subastas_2019_53:e2abf549bed7799cb5501ff8,2019-01-23,6.1645
lrm_auctions:subastas_2019_53:e2abf549bed7799cb5501ff8,2019-02-20,6.1513333333333335
lrm_auctions:subastas_2019_53:e2abf549bed7799cb5501ff8,2019-07-24,5.999047619047619
lrm_auctions:subastas_2019_53:e2abf549bed7799cb5501ff8,2019-10-23,5.145588235294118
lrm_auctions:subastas_2019_54:25ca3955f4c9d3729645be8d,2019-01-23,6.0
lrm_auctions:subastas_2019_54:25ca3955f4c9d3729645be8d,2019-02-20,6.1
lrm_auctions:subastas_2019_54:25ca3955f4c9d3729645be8d,2019-07-24,5.89
lrm_auctions:subastas_2019_54:25ca3955f4c9d3729645be8d,2019-10-23,4.85
lrm_auctions:subastas_2019_55:2b75e274d60a7b8741d68e0a,2019-01-23,6.19
lrm_auctions:subastas_2019_55:2b75e274d60a7b8741d68e0a,2019-02-20,6.21
lrm_auctions:subastas_2019_55:2b75e274d60a7b8741d68e0a,2019-07-24,6.09
lrm_auctions:subastas_2019_55:2b75e274d60a7b8741d68e0a,2019-10-23,5.18
lrm_auctions:subastas_2019_56:19aa0c2824e33beffefd746e,2019-01-23,50000.0
lrm_auctions:subastas_2019_56:19aa0c2824e33beffefd746e,2019-02-20,350000.0
lrm_auctions:subastas_2019_56:19aa0c2824e33beffefd746e,2019-04-25,500000.0
lrm_auctions:subastas_2019_56:19aa0c2824e33beffefd746e,2019-07-24,400000.0
lrm_auctions:subastas_2019_56:19aa0c2824e33beffefd746e,2019-10-23,400000.0
lrm_auctions:subastas_2019_57:702b30d234583a528a8b322e,2019-01-23,170000.0
lrm_auctions:subastas_2019_57:702b30d234583a528a8b322e,2019-02-20,525000.0
lrm_auctions:subastas_2019_57:702b30d234583a528a8b322e,2019-04-25,455000.0
lrm_auctions:subastas_2019_57:702b30d234583a528a8b322e,2019-07-24,870000.0
lrm_auctions:subastas_2019_57:702b30d234583a528a8b322e,2019-10-23,755000.0
lrm_auctions:subastas_2019_58:453e8f11c1454c72a3453daf,2019-01-23,170000.0
lrm_auctions:subastas_2019_58:453e8f11c1454c72a3453daf,2019-02-20,525000.0
lrm_auctions:subastas_2019_58:453e8f11c1454c72a3453daf,2019-04-25,455000.0
lrm_auctions:subastas_2019_58:453e8f11c1454c72a3453daf,2019-07-24,460000.0
lrm_auctions:subastas_2019_58:453e8f11c1454c72a3453daf,2019-10-23,520000.0
lrm_auctions:subastas_2019_59:cc75095a6da3152284529e7d,2019-01-23,7.0
lrm_auctions:subastas_2019_59:cc75095a6da3152284529e7d,2019-02-20,8.0
lrm_auctions:subastas_2019_59:cc75095a6da3152284529e7d,2019-04-25,6.0
lrm_auctions:subastas_2019_59:cc75095a6da3152284529e7d,2019-07-24,10.0
lrm_auctions:subastas_2019_59:cc75095a6da3152284529e7d,2019-10-23,12.0
lrm_auctions:subastas_2019_5:fc2d241f5907da61bc006a54,2019-01-23,2.0
lrm_auctions:subastas_2019_5:fc2d241f5907da61bc006a54,2019-03-27,1.0
lrm_auctions:subastas_2019_5:fc2d241f5907da61bc006a54,2019-05-29,4.0
lrm_auctions:subastas_2019_5:fc2d241f5907da61bc006a54,2019-06-26,2.0
lrm_auctions:subastas_2019_5:fc2d241f5907da61bc006a54,2019-09-25,1.0
lrm_auctions:subastas_2019_60:3d2f0a4dc05234c9fbfc5246,2019-01-23,7.0
lrm_auctions:subastas_2019_60:3d2f0a4dc05234c9fbfc5246,2019-02-20,8.0
lrm_auctions:subastas_2019_60:3d2f0a4dc05234c9fbfc5246,2019-04-25,6.0
lrm_auctions:subastas_2019_60:3d2f0a4dc05234c9fbfc5246,2019-07-24,5.0
lrm_auctions:subastas_2019_60:3d2f0a4dc05234c9fbfc5246,2019-10-23,7.0
lrm_auctions:subastas_2019_61:2e5b9d3c20eb99013f97a873,2019-01-23,6.371470588235294
lrm_auctions:subastas_2019_61:2e5b9d3c20eb99013f97a873,2019-02-20,6.454666666666666
lrm_auctions:subastas_2019_61:2e5b9d3c20eb99013f97a873,2019-04-25,6.108791208791208
lrm_auctions:subastas_2019_61:2e5b9d3c20eb99013f97a873,2019-07-24,6.31764367816092
lrm_auctions:subastas_2019_61:2e5b9d3c20eb99013f97a873,2019-10-23,5.552317880794702
lrm_auctions:subastas_2019_62:7c22f0dab2c1ad133ca5ff18,2019-01-23,6.1
lrm_auctions:subastas_2019_62:7c22f0dab2c1ad133ca5ff18,2019-02-20,6.4
lrm_auctions:subastas_2019_62:7c22f0dab2c1ad133ca5ff18,2019-04-25,5.99
lrm_auctions:subastas_2019_62:7c22f0dab2c1ad133ca5ff18,2019-07-24,6.2
lrm_auctions:subastas_2019_62:7c22f0dab2c1ad133ca5ff18,2019-10-23,5.25
lrm_auctions:subastas_2019_63:bd44e49ef0de63f7ce67ae25,2019-01-23,6.51
lrm_auctions:subastas_2019_63:bd44e49ef0de63f7ce67ae25,2019-02-20,6.53
lrm_auctions:subastas_2019_63:bd44e49ef0de63f7ce67ae25,2019-04-25,6.3
lrm_auctions:subastas_2019_63:bd44e49ef0de63f7ce67ae25,2019-07-24,6.49
lrm_auctions:subastas_2019_63:bd44e49ef0de63f7ce67ae25,2019-10-23,5.75
lrm_auctions:subastas_2019_64:43f0ddf9ef671fde4eba31bc,2019-01-23,6.371470588235294
lrm_auctions:subastas_2019_64:43f0ddf9ef671fde4eba31bc,2019-02-20,6.454666666666666
lrm_auctions:subastas_2019_64:43f0ddf9ef671fde4eba31bc,2019-04-25,6.108791208791208
lrm_auctions:subastas_2019_64:43f0ddf9ef671fde4eba31bc,2019-07-24,6.251086956521739
lrm_auctions:subastas_2019_64:43f0ddf9ef671fde4eba31bc,2019-10-23,5.502884615384615
lrm_auctions:subastas_2019_65:8739aec9d9e7afaa55117a42,2019-01-23,6.1
lrm_auctions:subastas_2019_65:8739aec9d9e7afaa55117a42,2019-02-20,6.4
lrm_auctions:subastas_2019_65:8739aec9d9e7afaa55117a42,2019-04-25,5.99
lrm_auctions:subastas_2019_65:8739aec9d9e7afaa55117a42,2019-07-24,6.2
lrm_auctions:subastas_2019_65:8739aec9d9e7afaa55117a42,2019-10-23,5.25
lrm_auctions:subastas_2019_66:a630b9e0899d1a4f4ae30133,2019-01-23,6.51
lrm_auctions:subastas_2019_66:a630b9e0899d1a4f4ae30133,2019-02-20,6.53
lrm_auctions:subastas_2019_66:a630b9e0899d1a4f4ae30133,2019-04-25,6.3
lrm_auctions:subastas_2019_66:a630b9e0899d1a4f4ae30133,2019-07-24,6.34
lrm_auctions:subastas_2019_66:a630b9e0899d1a4f4ae30133,2019-10-23,5.6
lrm_auctions:subastas_2019_67:6291f22e12272550ddb19294,2019-02-20,250000.0
lrm_auctions:subastas_2019_67:6291f22e12272550ddb19294,2019-04-25,100000.0
lrm_auctions:subastas_2019_67:6291f22e12272550ddb19294,2019-07-24,50000.0
lrm_auctions:subastas_2019_67:6291f22e12272550ddb19294,2019-10-23,50000.0
lrm_auctions:subastas_2019_67:6291f22e12272550ddb19294,2019-12-26,100000.0
lrm_auctions:subastas_2019_68:fc22729f3313615a9203476a,2019-02-20,295000.0
lrm_auctions:subastas_2019_68:fc22729f3313615a9203476a,2019-04-25,95000.0
lrm_auctions:subastas_2019_68:fc22729f3313615a9203476a,2019-10-23,35000.0
lrm_auctions:subastas_2019_68:fc22729f3313615a9203476a,2019-12-26,55000.0
lrm_auctions:subastas_2019_69:5aec5344e114c688c24f3cfd,2019-02-20,295000.0
lrm_auctions:subastas_2019_69:5aec5344e114c688c24f3cfd,2019-04-25,95000.0
lrm_auctions:subastas_2019_69:5aec5344e114c688c24f3cfd,2019-10-23,35000.0
lrm_auctions:subastas_2019_69:5aec5344e114c688c24f3cfd,2019-12-26,55000.0
lrm_auctions:subastas_2019_6:964a1e7acc58cf13bdd974d0,2019-01-23,5.459756097560976
lrm_auctions:subastas_2019_6:964a1e7acc58cf13bdd974d0,2019-03-27,5.026428571428571
lrm_auctions:subastas_2019_6:964a1e7acc58cf13bdd974d0,2019-05-29,5.218181818181818
lrm_auctions:subastas_2019_6:964a1e7acc58cf13bdd974d0,2019-06-26,5.367647058823529
lrm_auctions:subastas_2019_6:964a1e7acc58cf13bdd974d0,2019-08-28,5.090909090909091
lrm_auctions:subastas_2019_6:964a1e7acc58cf13bdd974d0,2019-09-25,4.202222222222222
lrm_auctions:subastas_2019_70:fa2f58987deec1386218e267,2019-02-20,5.0
lrm_auctions:subastas_2019_70:fa2f58987deec1386218e267,2019-04-25,5.0
lrm_auctions:subastas_2019_70:fa2f58987deec1386218e267,2019-10-23,2.0
lrm_auctions:subastas_2019_70:fa2f58987deec1386218e267,2019-12-26,2.0
lrm_auctions:subastas_2019_71:d45f7c455271a36d9f87aa52,2019-02-20,5.0
lrm_auctions:subastas_2019_71:d45f7c455271a36d9f87aa52,2019-04-25,5.0
lrm_auctions:subastas_2019_71:d45f7c455271a36d9f87aa52,2019-10-23,2.0
lrm_auctions:subastas_2019_71:d45f7c455271a36d9f87aa52,2019-12-26,2.0
lrm_auctions:subastas_2019_72:b09aacb562341369ce00cbcb,2019-02-20,5.442203389830508
lrm_auctions:subastas_2019_72:b09aacb562341369ce00cbcb,2019-04-25,4.985263157894737
lrm_auctions:subastas_2019_72:b09aacb562341369ce00cbcb,2019-10-23,3.85
lrm_auctions:subastas_2019_72:b09aacb562341369ce00cbcb,2019-12-26,3.8545454545454545
lrm_auctions:subastas_2019_73:5dac7e8944fc9c4ab5605db6,2019-02-20,5.38
lrm_auctions:subastas_2019_73:5dac7e8944fc9c4ab5605db6,2019-04-25,4.95
lrm_auctions:subastas_2019_73:5dac7e8944fc9c4ab5605db6,2019-10-23,3.85
lrm_auctions:subastas_2019_73:5dac7e8944fc9c4ab5605db6,2019-12-26,3.85
lrm_auctions:subastas_2019_74:7f8c29f6df4d56cb04fd1f67,2019-02-20,5.46
lrm_auctions:subastas_2019_74:7f8c29f6df4d56cb04fd1f67,2019-04-25,5.0
lrm_auctions:subastas_2019_74:7f8c29f6df4d56cb04fd1f67,2019-10-23,3.85
lrm_auctions:subastas_2019_74:7f8c29f6df4d56cb04fd1f67,2019-12-26,3.9
lrm_auctions:subastas_2019_75:cf0cd36a472795f63988f1ad,2019-02-20,5.442203389830508
lrm_auctions:subastas_2019_75:cf0cd36a472795f63988f1ad,2019-04-25,4.985263157894737
lrm_auctions:subastas_2019_75:cf0cd36a472795f63988f1ad,2019-10-23,3.85
lrm_auctions:subastas_2019_75:cf0cd36a472795f63988f1ad,2019-12-26,3.8545454545454545
lrm_auctions:subastas_2019_76:8593b0fd7a59100882b72087,2019-02-20,5.38
lrm_auctions:subastas_2019_76:8593b0fd7a59100882b72087,2019-04-25,4.95
lrm_auctions:subastas_2019_76:8593b0fd7a59100882b72087,2019-10-23,3.85
lrm_auctions:subastas_2019_76:8593b0fd7a59100882b72087,2019-12-26,3.85
lrm_auctions:subastas_2019_77:db4d04bed7c47f4e72fbf182,2019-02-20,5.46
lrm_auctions:subastas_2019_77:db4d04bed7c47f4e72fbf182,2019-04-25,5.0
lrm_auctions:subastas_2019_77:db4d04bed7c47f4e72fbf182,2019-10-23,3.85
lrm_auctions:subastas_2019_77:db4d04bed7c47f4e72fbf182,2019-12-26,3.9
lrm_auctions:subastas_2019_78:e168ba907d86d66135609ffe,2019-02-20,150000.0
lrm_auctions:subastas_2019_78:e168ba907d86d66135609ffe,2019-10-23,50000.0
lrm_auctions:subastas_2019_79:54cb2a43f0f907b65c5e292d,2019-02-20,255000.0
lrm_auctions:subastas_2019_79:54cb2a43f0f907b65c5e292d,2019-10-23,80000.0
lrm_auctions:subastas_2019_7:a2c726f33786f143af341123,2019-01-23,5.45
lrm_auctions:subastas_2019_7:a2c726f33786f143af341123,2019-03-27,4.85
lrm_auctions:subastas_2019_7:a2c726f33786f143af341123,2019-05-29,5.1
lrm_auctions:subastas_2019_7:a2c726f33786f143af341123,2019-06-26,5.25
lrm_auctions:subastas_2019_7:a2c726f33786f143af341123,2019-08-28,5.0
lrm_auctions:subastas_2019_7:a2c726f33786f143af341123,2019-09-25,3.9
lrm_auctions:subastas_2019_80:8fe9354e9dbffc6520ff92ae,2019-02-20,255000.0
lrm_auctions:subastas_2019_80:8fe9354e9dbffc6520ff92ae,2019-10-23,65000.0
lrm_auctions:subastas_2019_81:e7e1b8fd87c1e28ed0126cc1,2019-02-20,5.0
lrm_auctions:subastas_2019_81:e7e1b8fd87c1e28ed0126cc1,2019-10-23,4.0
lrm_auctions:subastas_2019_82:35cf952804fc72c665c0475a,2019-02-20,5.0
lrm_auctions:subastas_2019_82:35cf952804fc72c665c0475a,2019-10-23,2.0
lrm_auctions:subastas_2019_83:47c7d14958d44202f576a601,2019-02-20,5.80313725490196
lrm_auctions:subastas_2019_83:47c7d14958d44202f576a601,2019-10-23,4.1425
lrm_auctions:subastas_2019_84:a4d118f1fd0175e34946721c,2019-02-20,5.78
lrm_auctions:subastas_2019_84:a4d118f1fd0175e34946721c,2019-10-23,4.04
lrm_auctions:subastas_2019_85:d848ec47042f58bad3407aff,2019-02-20,5.83
lrm_auctions:subastas_2019_85:d848ec47042f58bad3407aff,2019-10-23,4.7
lrm_auctions:subastas_2019_86:66b9d20c01e888f251b5cee9,2019-02-20,5.80313725490196
lrm_auctions:subastas_2019_86:66b9d20c01e888f251b5cee9,2019-10-23,4.0407692307692304
lrm_auctions:subastas_2019_87:4b551f3170b65c380c5f7c82,2019-02-20,5.78
lrm_auctions:subastas_2019_87:4b551f3170b65c380c5f7c82,2019-10-23,4.04
lrm_auctions:subastas_2019_88:a36159cea0b1ae1305daa5f3,2019-02-20,5.83
lrm_auctions:subastas_2019_88:a36159cea0b1ae1305daa5f3,2019-10-23,4.05
lrm_auctions:subastas_2019_89:8d1c4336c45453c11a855e39,2019-02-20,300000.0
lrm_auctions:subastas_2019_89:8d1c4336c45453c11a855e39,2019-07-24,300000.0
lrm_auctions:subastas_2019_8:ad7a529327e2031b99ba55c6,2019-01-23,5.46
lrm_auctions:subastas_2019_8:ad7a529327e2031b99ba55c6,2019-03-27,5.5
lrm_auctions:subastas_2019_8:ad7a529327e2031b99ba55c6,2019-05-29,5.4
lrm_auctions:subastas_2019_8:ad7a529327e2031b99ba55c6,2019-06-26,5.5
lrm_auctions:subastas_2019_8:ad7a529327e2031b99ba55c6,2019-08-28,6.0
lrm_auctions:subastas_2019_8:ad7a529327e2031b99ba55c6,2019-09-25,4.24
lrm_auctions:subastas_2019_90:7fb56ae347f47e4a1fee8f0b,2019-02-20,420000.0
lrm_auctions:subastas_2019_90:7fb56ae347f47e4a1fee8f0b,2019-07-24,110000.0
lrm_auctions:subastas_2019_91:f5a2d962b61a4d15667d7501,2019-02-20,320000.0
lrm_auctions:subastas_2019_91:f5a2d962b61a4d15667d7501,2019-07-24,80000.0
lrm_auctions:subastas_2019_92:5ef665bf2bf1161dbef3b01d,2019-02-20,7.0
lrm_auctions:subastas_2019_92:5ef665bf2bf1161dbef3b01d,2019-07-24,4.0
lrm_auctions:subastas_2019_93:51a87a18fc0fea8d47dbfae5,2019-02-20,6.0
lrm_auctions:subastas_2019_93:51a87a18fc0fea8d47dbfae5,2019-07-24,1.0
lrm_auctions:subastas_2019_94:2e71d36d6f0175432b85781a,2019-02-20,6.004880952380953
lrm_auctions:subastas_2019_94:2e71d36d6f0175432b85781a,2019-07-24,5.804545454545455
lrm_auctions:subastas_2019_95:4e5fa0b8f6756d7795ea8262,2019-02-20,5.85
lrm_auctions:subastas_2019_95:4e5fa0b8f6756d7795ea8262,2019-07-24,5.74
lrm_auctions:subastas_2019_96:3010f225e79dc375b07739ad,2019-02-20,6.15
lrm_auctions:subastas_2019_96:3010f225e79dc375b07739ad,2019-07-24,6.0
lrm_auctions:subastas_2019_97:e9ac6513d95136eebafc6c51,2019-02-20,5.95953125
lrm_auctions:subastas_2019_97:e9ac6513d95136eebafc6c51,2019-07-24,5.74
lrm_auctions:subastas_2019_98:e20621bef08ca53683d8c2dd,2019-02-20,5.85
lrm_auctions:subastas_2019_98:e20621bef08ca53683d8c2dd,2019-07-24,5.74
lrm_auctions:subastas_2019_99:4f4919f4d731f9907d4bdd22,2019-02-20,6.0
lrm_auctions:subastas_2019_99:4f4919f4d731f9907d4bdd22,2019-07-24,5.74
lrm_auctions:subastas_2019_9:908f8f022440bbfbdb65bb24,2019-01-23,5.459756097560976
lrm_auctions:subastas_2019_9:908f8f022440bbfbdb65bb24,2019-03-27,4.85
lrm_auctions:subastas_2019_9:908f8f022440bbfbdb65bb24,2019-05-29,5.218181818181818
lrm_auctions:subastas_2019_9:908f8f022440bbfbdb65bb24,2019-06-26,5.326923076923077
lrm_auctions:subastas_2019_9:908f8f022440bbfbdb65bb24,2019-09-25,3.9
lrm_auctions:subastas_2020:3048cae5f3c9742d612cf8b0,2020-01-29,50000.0
lrm_auctions:subastas_2020:3048cae5f3c9742d612cf8b0,2020-02-26,200000.0
lrm_auctions:subastas_2020_100:e7e1b8fd87c1e28ed0126cc1,2020-04-23,4.0
lrm_auctions:subastas_2020_100:e7e1b8fd87c1e28ed0126cc1,2020-12-16,4.0
lrm_auctions:subastas_2020_101:35cf952804fc72c665c0475a,2020-04-23,2.0
lrm_auctions:subastas_2020_101:35cf952804fc72c665c0475a,2020-12-16,3.0
lrm_auctions:subastas_2020_102:47c7d14958d44202f576a601,2020-04-23,1.90625
lrm_auctions:subastas_2020_102:47c7d14958d44202f576a601,2020-12-16,0.6937037037037037
lrm_auctions:subastas_2020_103:a4d118f1fd0175e34946721c,2020-04-23,1.25
lrm_auctions:subastas_2020_103:a4d118f1fd0175e34946721c,2020-12-16,0.68
lrm_auctions:subastas_2020_104:d848ec47042f58bad3407aff,2020-04-23,3.0
lrm_auctions:subastas_2020_104:d848ec47042f58bad3407aff,2020-12-16,0.72
lrm_auctions:subastas_2020_105:66b9d20c01e888f251b5cee9,2020-04-23,1.25
lrm_auctions:subastas_2020_105:66b9d20c01e888f251b5cee9,2020-12-16,0.6910204081632653
lrm_auctions:subastas_2020_106:4b551f3170b65c380c5f7c82,2020-04-23,1.25
lrm_auctions:subastas_2020_106:4b551f3170b65c380c5f7c82,2020-12-16,0.68
lrm_auctions:subastas_2020_107:a36159cea0b1ae1305daa5f3,2020-04-23,1.25
lrm_auctions:subastas_2020_107:a36159cea0b1ae1305daa5f3,2020-12-16,0.7
lrm_auctions:subastas_2020_108:7fb56ae347f47e4a1fee8f0b,2020-04-23,25000.0
lrm_auctions:subastas_2020_109:f5a2d962b61a4d15667d7501,2020-04-23,5000.0
lrm_auctions:subastas_2020_10:45819eab5b1964d17abc4b91,2020-01-29,3.88
lrm_auctions:subastas_2020_10:45819eab5b1964d17abc4b91,2020-02-26,3.85
lrm_auctions:subastas_2020_10:45819eab5b1964d17abc4b91,2020-05-27,0.8
lrm_auctions:subastas_2020_10:45819eab5b1964d17abc4b91,2020-07-29,0.55
lrm_auctions:subastas_2020_10:45819eab5b1964d17abc4b91,2020-08-26,0.55
lrm_auctions:subastas_2020_10:45819eab5b1964d17abc4b91,2020-10-28,0.55
lrm_auctions:subastas_2020_110:5ef665bf2bf1161dbef3b01d,2020-04-23,2.0
lrm_auctions:subastas_2020_111:51a87a18fc0fea8d47dbfae5,2020-04-23,1.0
lrm_auctions:subastas_2020_112:2e71d36d6f0175432b85781a,2020-04-23,1.38
lrm_auctions:subastas_2020_113:4e5fa0b8f6756d7795ea8262,2020-04-23,1.3
lrm_auctions:subastas_2020_114:3010f225e79dc375b07739ad,2020-04-23,1.4
lrm_auctions:subastas_2020_115:e9ac6513d95136eebafc6c51,2020-04-23,1.3
lrm_auctions:subastas_2020_116:e20621bef08ca53683d8c2dd,2020-04-23,1.3
lrm_auctions:subastas_2020_117:4f4919f4d731f9907d4bdd22,2020-04-23,1.3
lrm_auctions:subastas_2020_118:687359eed35381f1ea3c2a2a,2020-04-23,320000.0
lrm_auctions:subastas_2020_118:687359eed35381f1ea3c2a2a,2020-12-16,250000.0
lrm_auctions:subastas_2020_119:05896d317a407e07dc81011c,2020-04-23,4.0
lrm_auctions:subastas_2020_119:05896d317a407e07dc81011c,2020-12-16,2.0
lrm_auctions:subastas_2020_11:dc674067b244570b92972daa,2020-01-29,3.88
lrm_auctions:subastas_2020_11:dc674067b244570b92972daa,2020-02-26,3.85
lrm_auctions:subastas_2020_11:dc674067b244570b92972daa,2020-05-27,0.9
lrm_auctions:subastas_2020_11:dc674067b244570b92972daa,2020-07-29,0.55
lrm_auctions:subastas_2020_11:dc674067b244570b92972daa,2020-08-26,0.55
lrm_auctions:subastas_2020_11:dc674067b244570b92972daa,2020-10-28,0.55
lrm_auctions:subastas_2020_120:a059479a36d254e1702b3aeb,2020-04-23,3.228125
lrm_auctions:subastas_2020_120:a059479a36d254e1702b3aeb,2020-12-16,1.35
lrm_auctions:subastas_2020_121:33b667ad83372670b5d5baf4,2020-04-23,3.1
lrm_auctions:subastas_2020_121:33b667ad83372670b5d5baf4,2020-12-16,1.35
lrm_auctions:subastas_2020_122:dd8accda8d966d3bc6079655,2020-04-23,3.9
lrm_auctions:subastas_2020_122:dd8accda8d966d3bc6079655,2020-12-16,1.35
lrm_auctions:subastas_2020_123:702b30d234583a528a8b322e,2020-04-23,75000.0
lrm_auctions:subastas_2020_123:702b30d234583a528a8b322e,2020-12-16,10000.0
lrm_auctions:subastas_2020_124:cc75095a6da3152284529e7d,2020-04-23,6.0
lrm_auctions:subastas_2020_124:cc75095a6da3152284529e7d,2020-12-16,1.0
lrm_auctions:subastas_2020_125:2e5b9d3c20eb99013f97a873,2020-04-23,4.053333333333334
lrm_auctions:subastas_2020_125:2e5b9d3c20eb99013f97a873,2020-12-16,2.01
lrm_auctions:subastas_2020_126:7c22f0dab2c1ad133ca5ff18,2020-04-23,3.6
lrm_auctions:subastas_2020_126:7c22f0dab2c1ad133ca5ff18,2020-12-16,2.01
lrm_auctions:subastas_2020_127:bd44e49ef0de63f7ce67ae25,2020-04-23,4.2
lrm_auctions:subastas_2020_127:bd44e49ef0de63f7ce67ae25,2020-12-16,2.01
lrm_auctions:subastas_2020_128:ba0e5e4ea7797961da0bab3a,2020-06-24,535000.0
lrm_auctions:subastas_2020_129:65213aa83c8499c40bc2b56e,2020-06-24,430000.0
lrm_auctions:subastas_2020_12:9a2827311a9e9d33ba6ff349,2020-01-29,100000.0
lrm_auctions:subastas_2020_12:9a2827311a9e9d33ba6ff349,2020-02-26,100000.0
lrm_auctions:subastas_2020_130:efaa226f0cecde0232b30e05,2020-06-24,3.0
lrm_auctions:subastas_2020_131:34d2fe3147603f22d9ff7631,2020-06-24,2.0
lrm_auctions:subastas_2020_132:1940848ee6823ef5f51ec0b4,2020-06-24,0.7962616822429907
lrm_auctions:subastas_2020_133:c030286ed3355783c0673c7d,2020-06-24,0.74
lrm_auctions:subastas_2020_134:83d89ad17d3ceb4c42d40761,2020-06-24,1.0
lrm_auctions:subastas_2020_135:c58ba791d81e59b0b4a797b4,2020-06-24,0.772093023255814
lrm_auctions:subastas_2020_136:4e50d3c7509afefce25c8ca7,2020-06-24,0.74
lrm_auctions:subastas_2020_137:06aa2766f4661a251128d357,2020-06-24,0.8
lrm_auctions:subastas_2020_138:e62d93f06f3f9b4e907ff7ad,2020-10-28,100000.0
lrm_auctions:subastas_2020_139:63830898e6c2b0fd9796bafa,2020-10-28,100000.0
lrm_auctions:subastas_2020_13:5beeccad37c0b7f1f2692791,2020-01-29,70000.0
lrm_auctions:subastas_2020_13:5beeccad37c0b7f1f2692791,2020-02-26,150000.0
lrm_auctions:subastas_2020_13:5beeccad37c0b7f1f2692791,2020-07-29,330000.0
lrm_auctions:subastas_2020_140:0f6e9ce56292e33e29524b68,2020-10-28,1.0
lrm_auctions:subastas_2020_141:8cddf2369b5f941ff7dac249,2020-10-28,1.0
lrm_auctions:subastas_2020_142:cd9962bed25254826db0de8b,2020-10-28,0.6
lrm_auctions:subastas_2020_143:72d1e363dc6191ae1804c278,2020-10-28,0.6
lrm_auctions:subastas_2020_144:6bd615a06e41136f83076d28,2020-10-28,0.6
lrm_auctions:subastas_2020_145:4b9e42bbeac12ef3f153cdc3,2020-10-28,0.6
lrm_auctions:subastas_2020_146:5f2ab7ff92dcb6ebd2503643,2020-10-28,0.6
lrm_auctions:subastas_2020_147:fe13191ec2aa7b1b5a4e8d3c,2020-10-28,0.6
lrm_auctions:subastas_2020_148:48f10b817b9c6394e6d2c124,2020-11-25,300000.0
lrm_auctions:subastas_2020_149:c5c3b049a1a610310f3b7319,2020-11-25,300000.0
lrm_auctions:subastas_2020_14:efcf4db332ddff7ea118d64c,2020-01-29,70000.0
lrm_auctions:subastas_2020_14:efcf4db332ddff7ea118d64c,2020-02-26,150000.0
lrm_auctions:subastas_2020_14:efcf4db332ddff7ea118d64c,2020-07-29,330000.0
lrm_auctions:subastas_2020_150:a9d9d047e854e20797c5bb0f,2020-11-25,2.0
lrm_auctions:subastas_2020_151:fb0da63cb100a5e40234b9a9,2020-11-25,2.0
lrm_auctions:subastas_2020_152:64dc25eb7ebd12e768dbbc8a,2020-11-25,0.55
lrm_auctions:subastas_2020_153:33976b4f0e54d1e1d3a4fd4c,2020-11-25,0.55
lrm_auctions:subastas_2020_154:8589db5e7dadad37b2d1b3de,2020-11-25,0.55
lrm_auctions:subastas_2020_155:41d9eb7690cf7144d2c7507f,2020-11-25,0.55
lrm_auctions:subastas_2020_156:758cb4aa1a463dfecc2802da,2020-11-25,0.55
lrm_auctions:subastas_2020_157:a74c440150c4100737140745,2020-11-25,0.55
lrm_auctions:subastas_2020_158:39b3140dd94ceb79be53bb8c,2020-12-16,370000.0
lrm_auctions:subastas_2020_159:95d25676e2989059dda188e3,2020-12-16,270000.0
lrm_auctions:subastas_2020_15:bc3c70bc79470454e1623143,2020-01-29,2.0
lrm_auctions:subastas_2020_15:bc3c70bc79470454e1623143,2020-02-26,1.0
lrm_auctions:subastas_2020_15:bc3c70bc79470454e1623143,2020-07-29,3.0
lrm_auctions:subastas_2020_160:957785d61f991ef3a3c06069,2020-12-16,3.0
lrm_auctions:subastas_2020_161:19b2da5fc3dcc3fb074f782e,2020-12-16,3.0
lrm_auctions:subastas_2020_162:cc5f3d2158866c96a5365a6d,2020-12-16,0.5297297297297298
lrm_auctions:subastas_2020_163:65b2558d55a9dda11dfe71fd,2020-12-16,0.52
lrm_auctions:subastas_2020_164:b9c7b3a3f2a6074ffdb44811,2020-12-16,0.55
lrm_auctions:subastas_2020_165:84b2b310c4249feeebcd9cad,2020-12-16,0.5222222222222223
lrm_auctions:subastas_2020_166:17b645c9af576853ac0f707a,2020-12-16,0.52
lrm_auctions:subastas_2020_167:7167d3844f8c949a0ff1df31,2020-12-16,0.55
lrm_auctions:subastas_2020_168:d7a94d45e8d8abe2bbbfefb8,2020-12-16,650000.0
lrm_auctions:subastas_2020_169:183fed054add6816ec508a5a,2020-12-16,650000.0
lrm_auctions:subastas_2020_16:9b641e907ff47dfb7bd2d959,2020-01-29,2.0
lrm_auctions:subastas_2020_16:9b641e907ff47dfb7bd2d959,2020-02-26,1.0
lrm_auctions:subastas_2020_16:9b641e907ff47dfb7bd2d959,2020-07-29,3.0
lrm_auctions:subastas_2020_170:3833495dfa1ada9b9ffd20d4,2020-12-16,3.0
lrm_auctions:subastas_2020_171:56cf7b3455f7aff6918c3d02,2020-12-16,3.0
lrm_auctions:subastas_2020_172:013820cfc47db168293079da,2020-12-16,0.573076923076923
lrm_auctions:subastas_2020_173:0adab118d35eaeb52e532971,2020-12-16,0.55
lrm_auctions:subastas_2020_174:a0efd2ccb4682e6c1bb8c44d,2020-12-16,0.58
lrm_auctions:subastas_2020_175:6fb75b18ec9b400c570c6786,2020-12-16,0.573076923076923
lrm_auctions:subastas_2020_176:f157103e9b30a844592b0ee3,2020-12-16,0.55
lrm_auctions:subastas_2020_177:79abb7398819c916cec293a3,2020-12-16,0.58
lrm_auctions:subastas_2020_178:b59a75cade1246e5b1118b9f,2020-12-16,250000.0
lrm_auctions:subastas_2020_179:3beba1f89bfdcb5880472808,2020-12-16,2.0
lrm_auctions:subastas_2020_17:522a9ff86f0c5f3925788c15,2020-01-29,3.9
lrm_auctions:subastas_2020_17:522a9ff86f0c5f3925788c15,2020-02-26,3.88
lrm_auctions:subastas_2020_17:522a9ff86f0c5f3925788c15,2020-07-29,0.6545454545454545
lrm_auctions:subastas_2020_180:e2abf549bed7799cb5501ff8,2020-12-16,1.35
lrm_auctions:subastas_2020_181:25ca3955f4c9d3729645be8d,2020-12-16,1.35
lrm_auctions:subastas_2020_182:2b75e274d60a7b8741d68e0a,2020-12-16,1.35
lrm_auctions:subastas_2020_183:453e8f11c1454c72a3453daf,2020-12-16,10000.0
lrm_auctions:subastas_2020_184:3d2f0a4dc05234c9fbfc5246,2020-12-16,1.0
lrm_auctions:subastas_2020_185:43f0ddf9ef671fde4eba31bc,2020-12-16,2.01
lrm_auctions:subastas_2020_186:8739aec9d9e7afaa55117a42,2020-12-16,2.01
lrm_auctions:subastas_2020_187:a630b9e0899d1a4f4ae30133,2020-12-16,2.01
lrm_auctions:subastas_2020_18:f835a7565286472f6064b1eb,2020-01-29,3.9
lrm_auctions:subastas_2020_18:f835a7565286472f6064b1eb,2020-02-26,3.88
lrm_auctions:subastas_2020_18:f835a7565286472f6064b1eb,2020-07-29,0.65
lrm_auctions:subastas_2020_19:1569b092994575e4f365fd80,2020-01-29,3.9
lrm_auctions:subastas_2020_19:1569b092994575e4f365fd80,2020-02-26,3.88
lrm_auctions:subastas_2020_19:1569b092994575e4f365fd80,2020-07-29,0.7
lrm_auctions:subastas_2020_20:eea99792d3080cc491e41e61,2020-01-29,3.9
lrm_auctions:subastas_2020_20:eea99792d3080cc491e41e61,2020-02-26,3.88
lrm_auctions:subastas_2020_20:eea99792d3080cc491e41e61,2020-07-29,0.6545454545454545
lrm_auctions:subastas_2020_21:ce4ce2fcd94fb6a8be5ccb97,2020-01-29,3.9
lrm_auctions:subastas_2020_21:ce4ce2fcd94fb6a8be5ccb97,2020-02-26,3.88
lrm_auctions:subastas_2020_21:ce4ce2fcd94fb6a8be5ccb97,2020-07-29,0.65
lrm_auctions:subastas_2020_22:66705411d4f15df9e2d9209b,2020-01-29,3.9
lrm_auctions:subastas_2020_22:66705411d4f15df9e2d9209b,2020-02-26,3.88
lrm_auctions:subastas_2020_22:66705411d4f15df9e2d9209b,2020-07-29,0.7
lrm_auctions:subastas_2020_23:857b1e4879ee7d121e324c09,2020-01-29,50000.0
lrm_auctions:subastas_2020_24:5909046bd0120979e666c505,2020-01-29,125000.0
lrm_auctions:subastas_2020_24:5909046bd0120979e666c505,2020-09-24,1078000.0
lrm_auctions:subastas_2020_25:67656b9c639e06f0a28f57b6,2020-01-29,45000.0
lrm_auctions:subastas_2020_25:67656b9c639e06f0a28f57b6,2020-09-24,1078000.0
lrm_auctions:subastas_2020_26:0dea703a198af145df8a65bc,2020-01-29,4.0
lrm_auctions:subastas_2020_26:0dea703a198af145df8a65bc,2020-09-24,6.0
lrm_auctions:subastas_2020_27:2551ad7f544c70bcbdfdf1dd,2020-01-29,1.0
lrm_auctions:subastas_2020_27:2551ad7f544c70bcbdfdf1dd,2020-09-24,6.0
lrm_auctions:subastas_2020_28:5bffc9cd5a0ae7e3ec159630,2020-01-29,4.0472
lrm_auctions:subastas_2020_28:5bffc9cd5a0ae7e3ec159630,2020-09-24,0.6694805194805195
lrm_auctions:subastas_2020_29:b190ac3edc1c362b8f602c4f,2020-01-29,4.02
lrm_auctions:subastas_2020_29:b190ac3edc1c362b8f602c4f,2020-09-24,0.53
lrm_auctions:subastas_2020_2:9247b31e01d1e0ac55a0c613,2020-01-29,180000.0
lrm_auctions:subastas_2020_2:9247b31e01d1e0ac55a0c613,2020-02-26,155000.0
lrm_auctions:subastas_2020_2:9247b31e01d1e0ac55a0c613,2020-05-27,470000.0
lrm_auctions:subastas_2020_2:9247b31e01d1e0ac55a0c613,2020-07-29,150000.0
lrm_auctions:subastas_2020_2:9247b31e01d1e0ac55a0c613,2020-08-26,50000.0
lrm_auctions:subastas_2020_2:9247b31e01d1e0ac55a0c613,2020-10-28,200000.0
lrm_auctions:subastas_2020_30:a2c2406d329a66ba2494f648,2020-01-29,4.1
lrm_auctions:subastas_2020_30:a2c2406d329a66ba2494f648,2020-09-24,0.7
lrm_auctions:subastas_2020_31:69ce62994afcb8aca66ee625,2020-01-29,4.02
lrm_auctions:subastas_2020_31:69ce62994afcb8aca66ee625,2020-09-24,0.6694805194805195
lrm_auctions:subastas_2020_32:a9eb5f20381e9fd66207e793,2020-01-29,4.02
lrm_auctions:subastas_2020_32:a9eb5f20381e9fd66207e793,2020-09-24,0.53
lrm_auctions:subastas_2020_33:f6f9b367a29c1d0467dd79fa,2020-01-29,4.02
lrm_auctions:subastas_2020_33:f6f9b367a29c1d0467dd79fa,2020-09-24,0.7
lrm_auctions:subastas_2020_34:e44c1e3c52f41f63ed5605bd,2020-01-29,150000.0
lrm_auctions:subastas_2020_34:e44c1e3c52f41f63ed5605bd,2020-02-26,150000.0
lrm_auctions:subastas_2020_35:aaf6eb65b92a1b566a413296,2020-01-29,30000.0
lrm_auctions:subastas_2020_35:aaf6eb65b92a1b566a413296,2020-02-26,120000.0
lrm_auctions:subastas_2020_35:aaf6eb65b92a1b566a413296,2020-03-25,110000.0
lrm_auctions:subastas_2020_35:aaf6eb65b92a1b566a413296,2020-05-27,250000.0
lrm_auctions:subastas_2020_35:aaf6eb65b92a1b566a413296,2020-07-29,310000.0
lrm_auctions:subastas_2020_35:aaf6eb65b92a1b566a413296,2020-08-26,225000.0
lrm_auctions:subastas_2020_35:aaf6eb65b92a1b566a413296,2020-09-24,390000.0
lrm_auctions:subastas_2020_35:aaf6eb65b92a1b566a413296,2020-10-28,200000.0
lrm_auctions:subastas_2020_35:aaf6eb65b92a1b566a413296,2020-11-25,500000.0
lrm_auctions:subastas_2020_36:0bee62c66184fd637967f5a2,2020-01-29,2.0
lrm_auctions:subastas_2020_36:0bee62c66184fd637967f5a2,2020-02-26,4.0
lrm_auctions:subastas_2020_36:0bee62c66184fd637967f5a2,2020-03-25,6.0
lrm_auctions:subastas_2020_36:0bee62c66184fd637967f5a2,2020-05-27,5.0
lrm_auctions:subastas_2020_36:0bee62c66184fd637967f5a2,2020-07-29,2.0
lrm_auctions:subastas_2020_36:0bee62c66184fd637967f5a2,2020-08-26,2.0
lrm_auctions:subastas_2020_36:0bee62c66184fd637967f5a2,2020-09-24,5.0
lrm_auctions:subastas_2020_36:0bee62c66184fd637967f5a2,2020-10-28,2.0
lrm_auctions:subastas_2020_36:0bee62c66184fd637967f5a2,2020-11-25,1.0
lrm_auctions:subastas_2020_37:5d71f900d8bbc611ba4983ea,2020-01-29,4.283333333333333
lrm_auctions:subastas_2020_37:5d71f900d8bbc611ba4983ea,2020-02-26,4.241666666666666
lrm_auctions:subastas_2020_37:5d71f900d8bbc611ba4983ea,2020-03-25,3.7845454545454547
lrm_auctions:subastas_2020_37:5d71f900d8bbc611ba4983ea,2020-05-27,1.1664
lrm_auctions:subastas_2020_37:5d71f900d8bbc611ba4983ea,2020-07-29,0.7548387096774194
lrm_auctions:subastas_2020_37:5d71f900d8bbc611ba4983ea,2020-08-26,0.7666666666666667
lrm_auctions:subastas_2020_37:5d71f900d8bbc611ba4983ea,2020-09-24,0.6775641025641026
lrm_auctions:subastas_2020_37:5d71f900d8bbc611ba4983ea,2020-10-28,0.715
lrm_auctions:subastas_2020_37:5d71f900d8bbc611ba4983ea,2020-11-25,0.7
lrm_auctions:subastas_2020_38:88e9ff84b8c642a4a38c010b,2020-01-29,4.25
lrm_auctions:subastas_2020_38:88e9ff84b8c642a4a38c010b,2020-02-26,4.15
lrm_auctions:subastas_2020_38:88e9ff84b8c642a4a38c010b,2020-03-25,3.2
lrm_auctions:subastas_2020_38:88e9ff84b8c642a4a38c010b,2020-05-27,1.04
lrm_auctions:subastas_2020_38:88e9ff84b8c642a4a38c010b,2020-07-29,0.75
lrm_auctions:subastas_2020_38:88e9ff84b8c642a4a38c010b,2020-08-26,0.75
lrm_auctions:subastas_2020_38:88e9ff84b8c642a4a38c010b,2020-09-24,0.6
lrm_auctions:subastas_2020_38:88e9ff84b8c642a4a38c010b,2020-10-28,0.71
lrm_auctions:subastas_2020_38:88e9ff84b8c642a4a38c010b,2020-11-25,0.7
lrm_auctions:subastas_2020_39:09849ee67600e0d554d7ce86,2020-01-29,4.35
lrm_auctions:subastas_2020_39:09849ee67600e0d554d7ce86,2020-02-26,4.35
lrm_auctions:subastas_2020_39:09849ee67600e0d554d7ce86,2020-03-25,4.1
lrm_auctions:subastas_2020_39:09849ee67600e0d554d7ce86,2020-05-27,1.3
lrm_auctions:subastas_2020_39:09849ee67600e0d554d7ce86,2020-07-29,0.9
lrm_auctions:subastas_2020_39:09849ee67600e0d554d7ce86,2020-08-26,1.5
lrm_auctions:subastas_2020_39:09849ee67600e0d554d7ce86,2020-09-24,0.75
lrm_auctions:subastas_2020_39:09849ee67600e0d554d7ce86,2020-10-28,0.72
lrm_auctions:subastas_2020_39:09849ee67600e0d554d7ce86,2020-11-25,0.7
lrm_auctions:subastas_2020_3:224b5017a255c316d44d073e,2020-01-29,155000.0
lrm_auctions:subastas_2020_3:224b5017a255c316d44d073e,2020-02-26,150000.0
lrm_auctions:subastas_2020_3:224b5017a255c316d44d073e,2020-05-27,470000.0
lrm_auctions:subastas_2020_3:224b5017a255c316d44d073e,2020-07-29,150000.0
lrm_auctions:subastas_2020_3:224b5017a255c316d44d073e,2020-08-26,50000.0
lrm_auctions:subastas_2020_3:224b5017a255c316d44d073e,2020-10-28,200000.0
lrm_auctions:subastas_2020_40:3c684c164201d9a3f39a6fc8,2020-01-29,200000.0
lrm_auctions:subastas_2020_40:3c684c164201d9a3f39a6fc8,2020-02-26,350000.0
lrm_auctions:subastas_2020_41:58d25f2d4b7cc400aeb30c64,2020-01-29,605000.0
lrm_auctions:subastas_2020_41:58d25f2d4b7cc400aeb30c64,2020-02-26,285000.0
lrm_auctions:subastas_2020_41:58d25f2d4b7cc400aeb30c64,2020-03-25,310000.0
lrm_auctions:subastas_2020_41:58d25f2d4b7cc400aeb30c64,2020-05-27,1000000.0
lrm_auctions:subastas_2020_41:58d25f2d4b7cc400aeb30c64,2020-06-24,585000.0
lrm_auctions:subastas_2020_41:58d25f2d4b7cc400aeb30c64,2020-07-29,330000.0
lrm_auctions:subastas_2020_41:58d25f2d4b7cc400aeb30c64,2020-08-26,130000.0
lrm_auctions:subastas_2020_41:58d25f2d4b7cc400aeb30c64,2020-09-24,290000.0
lrm_auctions:subastas_2020_41:58d25f2d4b7cc400aeb30c64,2020-10-28,210000.0
lrm_auctions:subastas_2020_41:58d25f2d4b7cc400aeb30c64,2020-11-25,50000.0
lrm_auctions:subastas_2020_42:bb79738bc541d407c321f056,2020-01-29,430000.0
lrm_auctions:subastas_2020_42:bb79738bc541d407c321f056,2020-02-26,265000.0
lrm_auctions:subastas_2020_42:bb79738bc541d407c321f056,2020-03-25,160000.0
lrm_auctions:subastas_2020_42:bb79738bc541d407c321f056,2020-05-27,590000.0
lrm_auctions:subastas_2020_42:bb79738bc541d407c321f056,2020-06-24,10000.0
lrm_auctions:subastas_2020_42:bb79738bc541d407c321f056,2020-07-29,150000.0
lrm_auctions:subastas_2020_42:bb79738bc541d407c321f056,2020-08-26,125000.0
lrm_auctions:subastas_2020_42:bb79738bc541d407c321f056,2020-09-24,145000.0
lrm_auctions:subastas_2020_42:bb79738bc541d407c321f056,2020-10-28,170000.0
lrm_auctions:subastas_2020_42:bb79738bc541d407c321f056,2020-11-25,50000.0
lrm_auctions:subastas_2020_43:86cf914be106c1ef4c652627,2020-01-29,12.0
lrm_auctions:subastas_2020_43:86cf914be106c1ef4c652627,2020-02-26,8.0
lrm_auctions:subastas_2020_43:86cf914be106c1ef4c652627,2020-03-25,7.0
lrm_auctions:subastas_2020_43:86cf914be106c1ef4c652627,2020-05-27,10.0
lrm_auctions:subastas_2020_43:86cf914be106c1ef4c652627,2020-06-24,8.0
lrm_auctions:subastas_2020_43:86cf914be106c1ef4c652627,2020-07-29,7.0
lrm_auctions:subastas_2020_43:86cf914be106c1ef4c652627,2020-08-26,4.0
lrm_auctions:subastas_2020_43:86cf914be106c1ef4c652627,2020-09-24,6.0
lrm_auctions:subastas_2020_43:86cf914be106c1ef4c652627,2020-10-28,4.0
lrm_auctions:subastas_2020_43:86cf914be106c1ef4c652627,2020-11-25,1.0
lrm_auctions:subastas_2020_44:66ee0fb711ef0cdccd87f353,2020-01-29,6.0
lrm_auctions:subastas_2020_44:66ee0fb711ef0cdccd87f353,2020-02-26,6.0
lrm_auctions:subastas_2020_44:66ee0fb711ef0cdccd87f353,2020-03-25,2.0
lrm_auctions:subastas_2020_44:66ee0fb711ef0cdccd87f353,2020-05-27,4.0
lrm_auctions:subastas_2020_44:66ee0fb711ef0cdccd87f353,2020-06-24,1.0
lrm_auctions:subastas_2020_44:66ee0fb711ef0cdccd87f353,2020-07-29,2.0
lrm_auctions:subastas_2020_44:66ee0fb711ef0cdccd87f353,2020-08-26,3.0
lrm_auctions:subastas_2020_44:66ee0fb711ef0cdccd87f353,2020-09-24,2.0
lrm_auctions:subastas_2020_44:66ee0fb711ef0cdccd87f353,2020-10-28,3.0
lrm_auctions:subastas_2020_44:66ee0fb711ef0cdccd87f353,2020-11-25,1.0
lrm_auctions:subastas_2020_45:b4b5e2722f88ce742b672651,2020-01-29,5.1161157024793384
lrm_auctions:subastas_2020_45:b4b5e2722f88ce742b672651,2020-02-26,5.089824561403509
lrm_auctions:subastas_2020_45:b4b5e2722f88ce742b672651,2020-03-25,4.519354838709678
lrm_auctions:subastas_2020_45:b4b5e2722f88ce742b672651,2020-05-27,2.3705
lrm_auctions:subastas_2020_45:b4b5e2722f88ce742b672651,2020-06-24,2.071794871794872
lrm_auctions:subastas_2020_45:b4b5e2722f88ce742b672651,2020-07-29,1.9712121212121212
lrm_auctions:subastas_2020_45:b4b5e2722f88ce742b672651,2020-08-26,1.5038461538461538
lrm_auctions:subastas_2020_45:b4b5e2722f88ce742b672651,2020-09-24,1.4891379310344828
lrm_auctions:subastas_2020_45:b4b5e2722f88ce742b672651,2020-10-28,1.4128571428571428
lrm_auctions:subastas_2020_45:b4b5e2722f88ce742b672651,2020-11-25,1.35
lrm_auctions:subastas_2020_46:5b52d906236d2d89df7e4f26,2020-01-29,4.99
lrm_auctions:subastas_2020_46:5b52d906236d2d89df7e4f26,2020-02-26,4.99
lrm_auctions:subastas_2020_46:5b52d906236d2d89df7e4f26,2020-03-25,4.4
lrm_auctions:subastas_2020_46:5b52d906236d2d89df7e4f26,2020-05-27,2.1
lrm_auctions:subastas_2020_46:5b52d906236d2d89df7e4f26,2020-06-24,1.8
lrm_auctions:subastas_2020_46:5b52d906236d2d89df7e4f26,2020-07-29,1.65
lrm_auctions:subastas_2020_46:5b52d906236d2d89df7e4f26,2020-08-26,1.5
lrm_auctions:subastas_2020_46:5b52d906236d2d89df7e4f26,2020-09-24,1.45
lrm_auctions:subastas_2020_46:5b52d906236d2d89df7e4f26,2020-10-28,1.3
lrm_auctions:subastas_2020_46:5b52d906236d2d89df7e4f26,2020-11-25,1.35
lrm_auctions:subastas_2020_47:b2c88d501014eb0123d6c0ed,2020-01-29,5.25
lrm_auctions:subastas_2020_47:b2c88d501014eb0123d6c0ed,2020-02-26,5.28
lrm_auctions:subastas_2020_47:b2c88d501014eb0123d6c0ed,2020-03-25,5.15
lrm_auctions:subastas_2020_47:b2c88d501014eb0123d6c0ed,2020-05-27,4.25
lrm_auctions:subastas_2020_47:b2c88d501014eb0123d6c0ed,2020-06-24,3.0
lrm_auctions:subastas_2020_47:b2c88d501014eb0123d6c0ed,2020-07-29,3.0
lrm_auctions:subastas_2020_47:b2c88d501014eb0123d6c0ed,2020-08-26,1.6
lrm_auctions:subastas_2020_47:b2c88d501014eb0123d6c0ed,2020-09-24,1.6
lrm_auctions:subastas_2020_47:b2c88d501014eb0123d6c0ed,2020-10-28,1.47
lrm_auctions:subastas_2020_47:b2c88d501014eb0123d6c0ed,2020-11-25,1.35
lrm_auctions:subastas_2020_48:e182cba0234af1e753eb02fd,2020-01-29,5.080232558139535
lrm_auctions:subastas_2020_48:e182cba0234af1e753eb02fd,2020-02-26,5.076603773584906
lrm_auctions:subastas_2020_48:e182cba0234af1e753eb02fd,2020-03-25,4.4
lrm_auctions:subastas_2020_48:e182cba0234af1e753eb02fd,2020-05-27,2.2186440677966104
lrm_auctions:subastas_2020_48:e182cba0234af1e753eb02fd,2020-06-24,1.8
lrm_auctions:subastas_2020_48:e182cba0234af1e753eb02fd,2020-07-29,1.6833333333333333
lrm_auctions:subastas_2020_48:e182cba0234af1e753eb02fd,2020-08-26,1.5
lrm_auctions:subastas_2020_48:e182cba0234af1e753eb02fd,2020-09-24,1.45
lrm_auctions:subastas_2020_48:e182cba0234af1e753eb02fd,2020-10-28,1.3994117647058824
lrm_auctions:subastas_2020_48:e182cba0234af1e753eb02fd,2020-11-25,1.35
lrm_auctions:subastas_2020_49:57e63b12970a0708ed266b9b,2020-01-29,4.99
lrm_auctions:subastas_2020_49:57e63b12970a0708ed266b9b,2020-02-26,4.99
lrm_auctions:subastas_2020_49:57e63b12970a0708ed266b9b,2020-03-25,4.4
lrm_auctions:subastas_2020_49:57e63b12970a0708ed266b9b,2020-05-27,2.1
lrm_auctions:subastas_2020_49:57e63b12970a0708ed266b9b,2020-06-24,1.8
lrm_auctions:subastas_2020_49:57e63b12970a0708ed266b9b,2020-07-29,1.65
lrm_auctions:subastas_2020_49:57e63b12970a0708ed266b9b,2020-08-26,1.5
lrm_auctions:subastas_2020_49:57e63b12970a0708ed266b9b,2020-09-24,1.45
lrm_auctions:subastas_2020_49:57e63b12970a0708ed266b9b,2020-10-28,1.3
lrm_auctions:subastas_2020_49:57e63b12970a0708ed266b9b,2020-11-25,1.35
lrm_auctions:subastas_2020_4:010d5d8f25a1089f65a054b4,2020-01-29,3.0
lrm_auctions:subastas_2020_4:010d5d8f25a1089f65a054b4,2020-02-26,2.0
lrm_auctions:subastas_2020_4:010d5d8f25a1089f65a054b4,2020-05-27,3.0
lrm_auctions:subastas_2020_4:010d5d8f25a1089f65a054b4,2020-07-29,2.0
lrm_auctions:subastas_2020_4:010d5d8f25a1089f65a054b4,2020-08-26,1.0
lrm_auctions:subastas_2020_4:010d5d8f25a1089f65a054b4,2020-10-28,2.0
lrm_auctions:subastas_2020_50:9762b95e07549b447d3c4e96,2020-01-29,5.15
lrm_auctions:subastas_2020_50:9762b95e07549b447d3c4e96,2020-02-26,5.15
lrm_auctions:subastas_2020_50:9762b95e07549b447d3c4e96,2020-03-25,4.4
lrm_auctions:subastas_2020_50:9762b95e07549b447d3c4e96,2020-05-27,2.3
lrm_auctions:subastas_2020_50:9762b95e07549b447d3c4e96,2020-06-24,1.8
lrm_auctions:subastas_2020_50:9762b95e07549b447d3c4e96,2020-07-29,1.7
lrm_auctions:subastas_2020_50:9762b95e07549b447d3c4e96,2020-08-26,1.5
lrm_auctions:subastas_2020_50:9762b95e07549b447d3c4e96,2020-09-24,1.45
lrm_auctions:subastas_2020_50:9762b95e07549b447d3c4e96,2020-10-28,1.43
lrm_auctions:subastas_2020_50:9762b95e07549b447d3c4e96,2020-11-25,1.35
lrm_auctions:subastas_2020_51:4bf6da531b85de74e05a06a8,2020-01-29,300000.0
lrm_auctions:subastas_2020_51:4bf6da531b85de74e05a06a8,2020-02-26,350000.0
lrm_auctions:subastas_2020_52:ee0d4c3a94f7908ff04d5f39,2020-01-29,845000.0
lrm_auctions:subastas_2020_52:ee0d4c3a94f7908ff04d5f39,2020-02-26,670000.0
lrm_auctions:subastas_2020_52:ee0d4c3a94f7908ff04d5f39,2020-03-25,460000.0
lrm_auctions:subastas_2020_52:ee0d4c3a94f7908ff04d5f39,2020-05-27,450000.0
lrm_auctions:subastas_2020_52:ee0d4c3a94f7908ff04d5f39,2020-06-24,845000.0
lrm_auctions:subastas_2020_52:ee0d4c3a94f7908ff04d5f39,2020-07-29,710000.0
lrm_auctions:subastas_2020_52:ee0d4c3a94f7908ff04d5f39,2020-08-26,350000.0
lrm_auctions:subastas_2020_52:ee0d4c3a94f7908ff04d5f39,2020-09-24,270000.0
lrm_auctions:subastas_2020_52:ee0d4c3a94f7908ff04d5f39,2020-10-28,130000.0
lrm_auctions:subastas_2020_52:ee0d4c3a94f7908ff04d5f39,2020-11-25,135000.0
lrm_auctions:subastas_2020_53:eea18eee3ecdee3e28e66da9,2020-01-29,310000.0
lrm_auctions:subastas_2020_53:eea18eee3ecdee3e28e66da9,2020-02-26,350000.0
lrm_auctions:subastas_2020_53:eea18eee3ecdee3e28e66da9,2020-03-25,190000.0
lrm_auctions:subastas_2020_53:eea18eee3ecdee3e28e66da9,2020-05-27,380000.0
lrm_auctions:subastas_2020_53:eea18eee3ecdee3e28e66da9,2020-06-24,35000.0
lrm_auctions:subastas_2020_53:eea18eee3ecdee3e28e66da9,2020-07-29,390000.0
lrm_auctions:subastas_2020_53:eea18eee3ecdee3e28e66da9,2020-08-26,110000.0
lrm_auctions:subastas_2020_53:eea18eee3ecdee3e28e66da9,2020-09-24,185000.0
lrm_auctions:subastas_2020_53:eea18eee3ecdee3e28e66da9,2020-10-28,50000.0
lrm_auctions:subastas_2020_53:eea18eee3ecdee3e28e66da9,2020-11-25,80000.0
lrm_auctions:subastas_2020_54:57b628dd262c8254a68a400f,2020-01-29,10.0
lrm_auctions:subastas_2020_54:57b628dd262c8254a68a400f,2020-02-26,8.0
lrm_auctions:subastas_2020_54:57b628dd262c8254a68a400f,2020-03-25,7.0
lrm_auctions:subastas_2020_54:57b628dd262c8254a68a400f,2020-05-27,7.0
lrm_auctions:subastas_2020_54:57b628dd262c8254a68a400f,2020-06-24,12.0
lrm_auctions:subastas_2020_54:57b628dd262c8254a68a400f,2020-07-29,11.0
lrm_auctions:subastas_2020_54:57b628dd262c8254a68a400f,2020-08-26,6.0
lrm_auctions:subastas_2020_54:57b628dd262c8254a68a400f,2020-09-24,9.0
lrm_auctions:subastas_2020_54:57b628dd262c8254a68a400f,2020-10-28,6.0
lrm_auctions:subastas_2020_54:57b628dd262c8254a68a400f,2020-11-25,5.0
lrm_auctions:subastas_2020_55:0e6c1578bd5d6820b9d67c61,2020-01-29,4.0
lrm_auctions:subastas_2020_55:0e6c1578bd5d6820b9d67c61,2020-02-26,4.0
lrm_auctions:subastas_2020_55:0e6c1578bd5d6820b9d67c61,2020-03-25,2.0
lrm_auctions:subastas_2020_55:0e6c1578bd5d6820b9d67c61,2020-05-27,5.0
lrm_auctions:subastas_2020_55:0e6c1578bd5d6820b9d67c61,2020-06-24,1.0
lrm_auctions:subastas_2020_55:0e6c1578bd5d6820b9d67c61,2020-07-29,6.0
lrm_auctions:subastas_2020_55:0e6c1578bd5d6820b9d67c61,2020-08-26,2.0
lrm_auctions:subastas_2020_55:0e6c1578bd5d6820b9d67c61,2020-09-24,6.0
lrm_auctions:subastas_2020_55:0e6c1578bd5d6820b9d67c61,2020-10-28,3.0
lrm_auctions:subastas_2020_55:0e6c1578bd5d6820b9d67c61,2020-11-25,2.0
lrm_auctions:subastas_2020_56:492f3999a838cd04f14590a4,2020-01-29,5.527396449704142
lrm_auctions:subastas_2020_56:492f3999a838cd04f14590a4,2020-02-26,5.362014925373134
lrm_auctions:subastas_2020_56:492f3999a838cd04f14590a4,2020-03-25,4.8611956521739135
lrm_auctions:subastas_2020_56:492f3999a838cd04f14590a4,2020-05-27,2.9855555555555555
lrm_auctions:subastas_2020_56:492f3999a838cd04f14590a4,2020-06-24,2.957041420118343
lrm_auctions:subastas_2020_56:492f3999a838cd04f14590a4,2020-07-29,2.7725352112676056
lrm_auctions:subastas_2020_56:492f3999a838cd04f14590a4,2020-08-26,2.4171428571428573
lrm_auctions:subastas_2020_56:492f3999a838cd04f14590a4,2020-09-24,2.227777777777778
lrm_auctions:subastas_2020_56:492f3999a838cd04f14590a4,2020-10-28,2.2161538461538464
lrm_auctions:subastas_2020_56:492f3999a838cd04f14590a4,2020-11-25,2.1455555555555557
lrm_auctions:subastas_2020_57:0a1131f4a687bbd9d1b5e92b,2020-01-29,5.39
lrm_auctions:subastas_2020_57:0a1131f4a687bbd9d1b5e92b,2020-02-26,5.3
lrm_auctions:subastas_2020_57:0a1131f4a687bbd9d1b5e92b,2020-03-25,4.5
lrm_auctions:subastas_2020_57:0a1131f4a687bbd9d1b5e92b,2020-05-27,2.6
lrm_auctions:subastas_2020_57:0a1131f4a687bbd9d1b5e92b,2020-06-24,2.6
lrm_auctions:subastas_2020_57:0a1131f4a687bbd9d1b5e92b,2020-07-29,2.0
lrm_auctions:subastas_2020_57:0a1131f4a687bbd9d1b5e92b,2020-08-26,2.0
lrm_auctions:subastas_2020_57:0a1131f4a687bbd9d1b5e92b,2020-09-24,2.0
lrm_auctions:subastas_2020_57:0a1131f4a687bbd9d1b5e92b,2020-10-28,2.15
lrm_auctions:subastas_2020_57:0a1131f4a687bbd9d1b5e92b,2020-11-25,2.0
lrm_auctions:subastas_2020_58:d39b6838f8819b2de0ec3672,2020-01-29,5.7
lrm_auctions:subastas_2020_58:d39b6838f8819b2de0ec3672,2020-02-26,5.62
lrm_auctions:subastas_2020_58:d39b6838f8819b2de0ec3672,2020-03-25,5.25
lrm_auctions:subastas_2020_58:d39b6838f8819b2de0ec3672,2020-05-27,3.95
lrm_auctions:subastas_2020_58:d39b6838f8819b2de0ec3672,2020-06-24,3.5
lrm_auctions:subastas_2020_58:d39b6838f8819b2de0ec3672,2020-07-29,3.2
lrm_auctions:subastas_2020_58:d39b6838f8819b2de0ec3672,2020-08-26,2.6
lrm_auctions:subastas_2020_58:d39b6838f8819b2de0ec3672,2020-09-24,2.9
lrm_auctions:subastas_2020_58:d39b6838f8819b2de0ec3672,2020-10-28,2.39
lrm_auctions:subastas_2020_58:d39b6838f8819b2de0ec3672,2020-11-25,2.2
lrm_auctions:subastas_2020_59:9d92cdb1155eb126d248cd3d,2020-01-29,5.452903225806452
lrm_auctions:subastas_2020_59:9d92cdb1155eb126d248cd3d,2020-02-26,5.321428571428571
lrm_auctions:subastas_2020_59:9d92cdb1155eb126d248cd3d,2020-03-25,4.594736842105262
lrm_auctions:subastas_2020_59:9d92cdb1155eb126d248cd3d,2020-05-27,2.831578947368421
lrm_auctions:subastas_2020_59:9d92cdb1155eb126d248cd3d,2020-06-24,2.6
lrm_auctions:subastas_2020_59:9d92cdb1155eb126d248cd3d,2020-07-29,2.5487179487179485
lrm_auctions:subastas_2020_59:9d92cdb1155eb126d248cd3d,2020-08-26,2.2181818181818183
lrm_auctions:subastas_2020_59:9d92cdb1155eb126d248cd3d,2020-09-24,2.174594594594595
lrm_auctions:subastas_2020_59:9d92cdb1155eb126d248cd3d,2020-10-28,2.174
lrm_auctions:subastas_2020_59:9d92cdb1155eb126d248cd3d,2020-11-25,2.1125
lrm_auctions:subastas_2020_5:fc2d241f5907da61bc006a54,2020-01-29,2.0
lrm_auctions:subastas_2020_5:fc2d241f5907da61bc006a54,2020-02-26,1.0
lrm_auctions:subastas_2020_5:fc2d241f5907da61bc006a54,2020-05-27,3.0
lrm_auctions:subastas_2020_5:fc2d241f5907da61bc006a54,2020-07-29,2.0
lrm_auctions:subastas_2020_5:fc2d241f5907da61bc006a54,2020-08-26,1.0
lrm_auctions:subastas_2020_5:fc2d241f5907da61bc006a54,2020-10-28,2.0
lrm_auctions:subastas_2020_60:9e65b04aa01c99458d690df0,2020-01-29,5.39
lrm_auctions:subastas_2020_60:9e65b04aa01c99458d690df0,2020-02-26,5.3
lrm_auctions:subastas_2020_60:9e65b04aa01c99458d690df0,2020-03-25,4.5
lrm_auctions:subastas_2020_60:9e65b04aa01c99458d690df0,2020-05-27,2.6
lrm_auctions:subastas_2020_60:9e65b04aa01c99458d690df0,2020-06-24,2.6
lrm_auctions:subastas_2020_60:9e65b04aa01c99458d690df0,2020-07-29,2.0
lrm_auctions:subastas_2020_60:9e65b04aa01c99458d690df0,2020-08-26,2.0
lrm_auctions:subastas_2020_60:9e65b04aa01c99458d690df0,2020-09-24,2.0
lrm_auctions:subastas_2020_60:9e65b04aa01c99458d690df0,2020-10-28,2.15
lrm_auctions:subastas_2020_60:9e65b04aa01c99458d690df0,2020-11-25,2.0
lrm_auctions:subastas_2020_61:af2e7749cfc1023bb5b38c17,2020-01-29,5.5
lrm_auctions:subastas_2020_61:af2e7749cfc1023bb5b38c17,2020-02-26,5.35
lrm_auctions:subastas_2020_61:af2e7749cfc1023bb5b38c17,2020-03-25,4.6
lrm_auctions:subastas_2020_61:af2e7749cfc1023bb5b38c17,2020-05-27,3.2
lrm_auctions:subastas_2020_61:af2e7749cfc1023bb5b38c17,2020-06-24,2.6
lrm_auctions:subastas_2020_61:af2e7749cfc1023bb5b38c17,2020-07-29,2.6
lrm_auctions:subastas_2020_61:af2e7749cfc1023bb5b38c17,2020-08-26,2.24
lrm_auctions:subastas_2020_61:af2e7749cfc1023bb5b38c17,2020-09-24,2.21
lrm_auctions:subastas_2020_61:af2e7749cfc1023bb5b38c17,2020-10-28,2.19
lrm_auctions:subastas_2020_61:af2e7749cfc1023bb5b38c17,2020-11-25,2.15
lrm_auctions:subastas_2020_62:200bac5a5818f3c1c7f12051,2020-02-26,100000.0
lrm_auctions:subastas_2020_63:8d3ad5132b2716a5e9b7d842,2020-02-26,300000.0
lrm_auctions:subastas_2020_63:8d3ad5132b2716a5e9b7d842,2020-03-25,65000.0
lrm_auctions:subastas_2020_63:8d3ad5132b2716a5e9b7d842,2020-05-27,455000.0
lrm_auctions:subastas_2020_63:8d3ad5132b2716a5e9b7d842,2020-06-24,675000.0
lrm_auctions:subastas_2020_63:8d3ad5132b2716a5e9b7d842,2020-07-29,310000.0
lrm_auctions:subastas_2020_63:8d3ad5132b2716a5e9b7d842,2020-08-26,1100000.0
lrm_auctions:subastas_2020_63:8d3ad5132b2716a5e9b7d842,2020-10-28,1300000.0
lrm_auctions:subastas_2020_63:8d3ad5132b2716a5e9b7d842,2020-11-25,505000.0
lrm_auctions:subastas_2020_64:1796f78ac619b9822b3cdf63,2020-02-26,300000.0
lrm_auctions:subastas_2020_64:1796f78ac619b9822b3cdf63,2020-03-25,65000.0
lrm_auctions:subastas_2020_64:1796f78ac619b9822b3cdf63,2020-05-27,450000.0
lrm_auctions:subastas_2020_64:1796f78ac619b9822b3cdf63,2020-06-24,510000.0
lrm_auctions:subastas_2020_64:1796f78ac619b9822b3cdf63,2020-07-29,310000.0
lrm_auctions:subastas_2020_64:1796f78ac619b9822b3cdf63,2020-08-26,750000.0
lrm_auctions:subastas_2020_64:1796f78ac619b9822b3cdf63,2020-10-28,1200000.0
lrm_auctions:subastas_2020_64:1796f78ac619b9822b3cdf63,2020-11-25,305000.0
lrm_auctions:subastas_2020_65:e98508eba46c33c0a983ce8e,2020-02-26,3.0
lrm_auctions:subastas_2020_65:e98508eba46c33c0a983ce8e,2020-03-25,3.0
lrm_auctions:subastas_2020_65:e98508eba46c33c0a983ce8e,2020-05-27,5.0
lrm_auctions:subastas_2020_65:e98508eba46c33c0a983ce8e,2020-06-24,3.0
lrm_auctions:subastas_2020_65:e98508eba46c33c0a983ce8e,2020-07-29,3.0
lrm_auctions:subastas_2020_65:e98508eba46c33c0a983ce8e,2020-08-26,5.0
lrm_auctions:subastas_2020_65:e98508eba46c33c0a983ce8e,2020-10-28,4.0
lrm_auctions:subastas_2020_65:e98508eba46c33c0a983ce8e,2020-11-25,3.0
lrm_auctions:subastas_2020_66:50e8cd5d6a9164a387e71b58,2020-02-26,3.0
lrm_auctions:subastas_2020_66:50e8cd5d6a9164a387e71b58,2020-03-25,3.0
lrm_auctions:subastas_2020_66:50e8cd5d6a9164a387e71b58,2020-05-27,4.0
lrm_auctions:subastas_2020_66:50e8cd5d6a9164a387e71b58,2020-06-24,2.0
lrm_auctions:subastas_2020_66:50e8cd5d6a9164a387e71b58,2020-07-29,3.0
lrm_auctions:subastas_2020_66:50e8cd5d6a9164a387e71b58,2020-08-26,2.0
lrm_auctions:subastas_2020_66:50e8cd5d6a9164a387e71b58,2020-10-28,4.0
lrm_auctions:subastas_2020_66:50e8cd5d6a9164a387e71b58,2020-11-25,2.0
lrm_auctions:subastas_2020_67:956a873dc8d52b456ddad362,2020-02-26,3.997
lrm_auctions:subastas_2020_67:956a873dc8d52b456ddad362,2020-03-25,3.1807692307692306
lrm_auctions:subastas_2020_67:956a873dc8d52b456ddad362,2020-05-27,1.1681318681318682
lrm_auctions:subastas_2020_67:956a873dc8d52b456ddad362,2020-06-24,0.7333333333333333
lrm_auctions:subastas_2020_67:956a873dc8d52b456ddad362,2020-07-29,0.75
lrm_auctions:subastas_2020_67:956a873dc8d52b456ddad362,2020-08-26,0.7295454545454545
lrm_auctions:subastas_2020_67:956a873dc8d52b456ddad362,2020-10-28,0.6711538461538461
lrm_auctions:subastas_2020_67:956a873dc8d52b456ddad362,2020-11-25,0.719009900990099
lrm_auctions:subastas_2020_68:5b6eb8a66c58a781bc5e1741,2020-02-26,3.99
lrm_auctions:subastas_2020_68:5b6eb8a66c58a781bc5e1741,2020-03-25,3.1
lrm_auctions:subastas_2020_68:5b6eb8a66c58a781bc5e1741,2020-05-27,0.94
lrm_auctions:subastas_2020_68:5b6eb8a66c58a781bc5e1741,2020-06-24,0.7
lrm_auctions:subastas_2020_68:5b6eb8a66c58a781bc5e1741,2020-07-29,0.75
lrm_auctions:subastas_2020_68:5b6eb8a66c58a781bc5e1741,2020-08-26,0.7
lrm_auctions:subastas_2020_68:5b6eb8a66c58a781bc5e1741,2020-10-28,0.65
lrm_auctions:subastas_2020_68:5b6eb8a66c58a781bc5e1741,2020-11-25,0.62
lrm_auctions:subastas_2020_69:ee2c12a55786cf1f1c7f10ae,2020-02-26,4.0
lrm_auctions:subastas_2020_69:ee2c12a55786cf1f1c7f10ae,2020-03-25,3.25
lrm_auctions:subastas_2020_69:ee2c12a55786cf1f1c7f10ae,2020-05-27,3.0
lrm_auctions:subastas_2020_69:ee2c12a55786cf1f1c7f10ae,2020-06-24,0.9
lrm_auctions:subastas_2020_69:ee2c12a55786cf1f1c7f10ae,2020-07-29,0.75
lrm_auctions:subastas_2020_69:ee2c12a55786cf1f1c7f10ae,2020-08-26,0.8
lrm_auctions:subastas_2020_69:ee2c12a55786cf1f1c7f10ae,2020-10-28,0.7
lrm_auctions:subastas_2020_69:ee2c12a55786cf1f1c7f10ae,2020-11-25,0.75
lrm_auctions:subastas_2020_6:964a1e7acc58cf13bdd974d0,2020-01-29,3.8897222222222223
lrm_auctions:subastas_2020_6:964a1e7acc58cf13bdd974d0,2020-02-26,3.8516129032258064
lrm_auctions:subastas_2020_6:964a1e7acc58cf13bdd974d0,2020-05-27,0.8212765957446808
lrm_auctions:subastas_2020_6:964a1e7acc58cf13bdd974d0,2020-07-29,0.55
lrm_auctions:subastas_2020_6:964a1e7acc58cf13bdd974d0,2020-08-26,0.55
lrm_auctions:subastas_2020_6:964a1e7acc58cf13bdd974d0,2020-10-28,0.55
lrm_auctions:subastas_2020_70:42e314b83bffe86da857c019,2020-02-26,3.997
lrm_auctions:subastas_2020_70:42e314b83bffe86da857c019,2020-03-25,3.1807692307692306
lrm_auctions:subastas_2020_70:42e314b83bffe86da857c019,2020-05-27,1.1477777777777778
lrm_auctions:subastas_2020_70:42e314b83bffe86da857c019,2020-06-24,0.7019607843137254
lrm_auctions:subastas_2020_70:42e314b83bffe86da857c019,2020-07-29,0.75
lrm_auctions:subastas_2020_70:42e314b83bffe86da857c019,2020-08-26,0.7133333333333334
lrm_auctions:subastas_2020_70:42e314b83bffe86da857c019,2020-10-28,0.66875
lrm_auctions:subastas_2020_70:42e314b83bffe86da857c019,2020-11-25,0.698688524590164
lrm_auctions:subastas_2020_71:820ff1f83b051209517929a0,2020-02-26,3.99
lrm_auctions:subastas_2020_71:820ff1f83b051209517929a0,2020-03-25,3.1
lrm_auctions:subastas_2020_71:820ff1f83b051209517929a0,2020-05-27,0.94
lrm_auctions:subastas_2020_71:820ff1f83b051209517929a0,2020-06-24,0.7
lrm_auctions:subastas_2020_71:820ff1f83b051209517929a0,2020-07-29,0.75
lrm_auctions:subastas_2020_71:820ff1f83b051209517929a0,2020-08-26,0.7
lrm_auctions:subastas_2020_71:820ff1f83b051209517929a0,2020-10-28,0.65
lrm_auctions:subastas_2020_71:820ff1f83b051209517929a0,2020-11-25,0.62
lrm_auctions:subastas_2020_72:0598755dd2a01a35e335ef4f,2020-02-26,4.0
lrm_auctions:subastas_2020_72:0598755dd2a01a35e335ef4f,2020-03-25,3.25
lrm_auctions:subastas_2020_72:0598755dd2a01a35e335ef4f,2020-05-27,1.24
lrm_auctions:subastas_2020_72:0598755dd2a01a35e335ef4f,2020-06-24,0.8
lrm_auctions:subastas_2020_72:0598755dd2a01a35e335ef4f,2020-07-29,0.75
lrm_auctions:subastas_2020_72:0598755dd2a01a35e335ef4f,2020-08-26,0.72
lrm_auctions:subastas_2020_72:0598755dd2a01a35e335ef4f,2020-10-28,0.7
lrm_auctions:subastas_2020_72:0598755dd2a01a35e335ef4f,2020-11-25,0.7
lrm_auctions:subastas_2020_73:640b4b056ff21faadf718dca,2020-02-26,80000.0
lrm_auctions:subastas_2020_73:640b4b056ff21faadf718dca,2020-03-25,15000.0
lrm_auctions:subastas_2020_73:640b4b056ff21faadf718dca,2020-05-27,250000.0
lrm_auctions:subastas_2020_73:640b4b056ff21faadf718dca,2020-07-29,300000.0
lrm_auctions:subastas_2020_73:640b4b056ff21faadf718dca,2020-08-26,220000.0
lrm_auctions:subastas_2020_73:640b4b056ff21faadf718dca,2020-09-24,195000.0
lrm_auctions:subastas_2020_73:640b4b056ff21faadf718dca,2020-10-28,200000.0
lrm_auctions:subastas_2020_73:640b4b056ff21faadf718dca,2020-11-25,500000.0
lrm_auctions:subastas_2020_74:eadb3b0d05243d2c6900fcbc,2020-02-26,3.0
lrm_auctions:subastas_2020_74:eadb3b0d05243d2c6900fcbc,2020-03-25,2.0
lrm_auctions:subastas_2020_74:eadb3b0d05243d2c6900fcbc,2020-05-27,5.0
lrm_auctions:subastas_2020_74:eadb3b0d05243d2c6900fcbc,2020-07-29,1.0
lrm_auctions:subastas_2020_74:eadb3b0d05243d2c6900fcbc,2020-08-26,1.0
lrm_auctions:subastas_2020_74:eadb3b0d05243d2c6900fcbc,2020-09-24,4.0
lrm_auctions:subastas_2020_74:eadb3b0d05243d2c6900fcbc,2020-10-28,2.0
lrm_auctions:subastas_2020_74:eadb3b0d05243d2c6900fcbc,2020-11-25,1.0
lrm_auctions:subastas_2020_75:cc6093da5c5584f1d7a6a7e9,2020-02-26,4.1875
lrm_auctions:subastas_2020_75:cc6093da5c5584f1d7a6a7e9,2020-03-25,3.2666666666666666
lrm_auctions:subastas_2020_75:cc6093da5c5584f1d7a6a7e9,2020-05-27,1.1664
lrm_auctions:subastas_2020_75:cc6093da5c5584f1d7a6a7e9,2020-07-29,0.75
lrm_auctions:subastas_2020_75:cc6093da5c5584f1d7a6a7e9,2020-08-26,0.75
lrm_auctions:subastas_2020_75:cc6093da5c5584f1d7a6a7e9,2020-09-24,0.6143589743589744
lrm_auctions:subastas_2020_75:cc6093da5c5584f1d7a6a7e9,2020-10-28,0.715
lrm_auctions:subastas_2020_75:cc6093da5c5584f1d7a6a7e9,2020-11-25,0.7
lrm_auctions:subastas_2020_76:bf87f06f467e10f55b30080e,2020-02-26,4.15
lrm_auctions:subastas_2020_76:bf87f06f467e10f55b30080e,2020-03-25,3.2
lrm_auctions:subastas_2020_76:bf87f06f467e10f55b30080e,2020-05-27,1.04
lrm_auctions:subastas_2020_76:bf87f06f467e10f55b30080e,2020-07-29,0.75
lrm_auctions:subastas_2020_76:bf87f06f467e10f55b30080e,2020-08-26,0.75
lrm_auctions:subastas_2020_76:bf87f06f467e10f55b30080e,2020-09-24,0.6
lrm_auctions:subastas_2020_76:bf87f06f467e10f55b30080e,2020-10-28,0.71
lrm_auctions:subastas_2020_76:bf87f06f467e10f55b30080e,2020-11-25,0.7
lrm_auctions:subastas_2020_77:17425580ef717811a7ed1c29,2020-02-26,4.2
lrm_auctions:subastas_2020_77:17425580ef717811a7ed1c29,2020-03-25,3.4
lrm_auctions:subastas_2020_77:17425580ef717811a7ed1c29,2020-05-27,1.3
lrm_auctions:subastas_2020_77:17425580ef717811a7ed1c29,2020-07-29,0.75
lrm_auctions:subastas_2020_77:17425580ef717811a7ed1c29,2020-08-26,0.75
lrm_auctions:subastas_2020_77:17425580ef717811a7ed1c29,2020-09-24,0.74
lrm_auctions:subastas_2020_77:17425580ef717811a7ed1c29,2020-10-28,0.72
lrm_auctions:subastas_2020_77:17425580ef717811a7ed1c29,2020-11-25,0.7
lrm_auctions:subastas_2020_78:fc22729f3313615a9203476a,2020-04-23,730000.0
lrm_auctions:subastas_2020_78:fc22729f3313615a9203476a,2020-06-24,105000.0
lrm_auctions:subastas_2020_78:fc22729f3313615a9203476a,2020-09-24,90000.0
lrm_auctions:subastas_2020_79:5aec5344e114c688c24f3cfd,2020-04-23,300000.0
lrm_auctions:subastas_2020_79:5aec5344e114c688c24f3cfd,2020-06-24,50000.0
lrm_auctions:subastas_2020_79:5aec5344e114c688c24f3cfd,2020-09-24,90000.0
lrm_auctions:subastas_2020_7:a2c726f33786f143af341123,2020-01-29,3.88
lrm_auctions:subastas_2020_7:a2c726f33786f143af341123,2020-02-26,3.85
lrm_auctions:subastas_2020_7:a2c726f33786f143af341123,2020-05-27,0.8
lrm_auctions:subastas_2020_7:a2c726f33786f143af341123,2020-07-29,0.55
lrm_auctions:subastas_2020_7:a2c726f33786f143af341123,2020-08-26,0.55
lrm_auctions:subastas_2020_7:a2c726f33786f143af341123,2020-10-28,0.55
lrm_auctions:subastas_2020_80:fa2f58987deec1386218e267,2020-04-23,7.0
lrm_auctions:subastas_2020_80:fa2f58987deec1386218e267,2020-06-24,3.0
lrm_auctions:subastas_2020_80:fa2f58987deec1386218e267,2020-09-24,2.0
lrm_auctions:subastas_2020_81:d45f7c455271a36d9f87aa52,2020-04-23,1.0
lrm_auctions:subastas_2020_81:d45f7c455271a36d9f87aa52,2020-06-24,1.0
lrm_auctions:subastas_2020_81:d45f7c455271a36d9f87aa52,2020-09-24,2.0
lrm_auctions:subastas_2020_82:b09aacb562341369ce00cbcb,2020-04-23,1.13013698630137
lrm_auctions:subastas_2020_82:b09aacb562341369ce00cbcb,2020-06-24,0.680952380952381
lrm_auctions:subastas_2020_82:b09aacb562341369ce00cbcb,2020-09-24,0.5277777777777778
lrm_auctions:subastas_2020_83:5dac7e8944fc9c4ab5605db6,2020-04-23,1.0
lrm_auctions:subastas_2020_83:5dac7e8944fc9c4ab5605db6,2020-06-24,0.6
lrm_auctions:subastas_2020_83:5dac7e8944fc9c4ab5605db6,2020-09-24,0.5
lrm_auctions:subastas_2020_84:7f8c29f6df4d56cb04fd1f67,2020-04-23,2.3
lrm_auctions:subastas_2020_84:7f8c29f6df4d56cb04fd1f67,2020-06-24,0.8
lrm_auctions:subastas_2020_84:7f8c29f6df4d56cb04fd1f67,2020-09-24,0.55
lrm_auctions:subastas_2020_85:cf0cd36a472795f63988f1ad,2020-04-23,1.0
lrm_auctions:subastas_2020_85:cf0cd36a472795f63988f1ad,2020-06-24,0.6
lrm_auctions:subastas_2020_85:cf0cd36a472795f63988f1ad,2020-09-24,0.5277777777777778
lrm_auctions:subastas_2020_86:8593b0fd7a59100882b72087,2020-04-23,1.0
lrm_auctions:subastas_2020_86:8593b0fd7a59100882b72087,2020-06-24,0.6
lrm_auctions:subastas_2020_86:8593b0fd7a59100882b72087,2020-09-24,0.5
lrm_auctions:subastas_2020_87:db4d04bed7c47f4e72fbf182,2020-04-23,1.0
lrm_auctions:subastas_2020_87:db4d04bed7c47f4e72fbf182,2020-06-24,0.6
lrm_auctions:subastas_2020_87:db4d04bed7c47f4e72fbf182,2020-09-24,0.55
lrm_auctions:subastas_2020_88:d4cc1cdb36214c28468b77c6,2020-04-23,350000.0
lrm_auctions:subastas_2020_88:d4cc1cdb36214c28468b77c6,2020-05-27,675000.0
lrm_auctions:subastas_2020_88:d4cc1cdb36214c28468b77c6,2020-06-24,630000.0
lrm_auctions:subastas_2020_88:d4cc1cdb36214c28468b77c6,2020-08-26,600000.0
lrm_auctions:subastas_2020_88:d4cc1cdb36214c28468b77c6,2020-09-24,250000.0
lrm_auctions:subastas_2020_88:d4cc1cdb36214c28468b77c6,2020-11-25,100000.0
lrm_auctions:subastas_2020_89:513730b0cd1cc3e0f815fbea,2020-04-23,100000.0
lrm_auctions:subastas_2020_89:513730b0cd1cc3e0f815fbea,2020-05-27,670000.0
lrm_auctions:subastas_2020_89:513730b0cd1cc3e0f815fbea,2020-06-24,575000.0
lrm_auctions:subastas_2020_89:513730b0cd1cc3e0f815fbea,2020-08-26,600000.0
lrm_auctions:subastas_2020_89:513730b0cd1cc3e0f815fbea,2020-09-24,250000.0
lrm_auctions:subastas_2020_89:513730b0cd1cc3e0f815fbea,2020-11-25,100000.0
lrm_auctions:subastas_2020_8:ad7a529327e2031b99ba55c6,2020-01-29,3.95
lrm_auctions:subastas_2020_8:ad7a529327e2031b99ba55c6,2020-02-26,3.9
lrm_auctions:subastas_2020_8:ad7a529327e2031b99ba55c6,2020-05-27,0.9
lrm_auctions:subastas_2020_8:ad7a529327e2031b99ba55c6,2020-07-29,0.55
lrm_auctions:subastas_2020_8:ad7a529327e2031b99ba55c6,2020-08-26,0.55
lrm_auctions:subastas_2020_8:ad7a529327e2031b99ba55c6,2020-10-28,0.55
lrm_auctions:subastas_2020_90:6b5c01714ee506155b1fe3f6,2020-04-23,6.0
lrm_auctions:subastas_2020_90:6b5c01714ee506155b1fe3f6,2020-05-27,5.0
lrm_auctions:subastas_2020_90:6b5c01714ee506155b1fe3f6,2020-06-24,4.0
lrm_auctions:subastas_2020_90:6b5c01714ee506155b1fe3f6,2020-08-26,2.0
lrm_auctions:subastas_2020_90:6b5c01714ee506155b1fe3f6,2020-09-24,2.0
lrm_auctions:subastas_2020_90:6b5c01714ee506155b1fe3f6,2020-11-25,1.0
lrm_auctions:subastas_2020_91:e2be2668c3575b2f20f6c41b,2020-04-23,1.0
lrm_auctions:subastas_2020_91:e2be2668c3575b2f20f6c41b,2020-05-27,4.0
lrm_auctions:subastas_2020_91:e2be2668c3575b2f20f6c41b,2020-06-24,2.0
lrm_auctions:subastas_2020_91:e2be2668c3575b2f20f6c41b,2020-08-26,2.0
lrm_auctions:subastas_2020_91:e2be2668c3575b2f20f6c41b,2020-09-24,2.0
lrm_auctions:subastas_2020_91:e2be2668c3575b2f20f6c41b,2020-11-25,1.0
lrm_auctions:subastas_2020_92:4c6ee82fab987afd287f64c7,2020-04-23,1.2714285714285714
lrm_auctions:subastas_2020_92:4c6ee82fab987afd287f64c7,2020-05-27,0.9607407407407408
lrm_auctions:subastas_2020_92:4c6ee82fab987afd287f64c7,2020-06-24,0.6071428571428571
lrm_auctions:subastas_2020_92:4c6ee82fab987afd287f64c7,2020-08-26,0.67
lrm_auctions:subastas_2020_92:4c6ee82fab987afd287f64c7,2020-09-24,0.62
lrm_auctions:subastas_2020_92:4c6ee82fab987afd287f64c7,2020-11-25,0.6
lrm_auctions:subastas_2020_93:a521249d959ea7180d2956bb,2020-04-23,1.1
lrm_auctions:subastas_2020_93:a521249d959ea7180d2956bb,2020-05-27,0.89
lrm_auctions:subastas_2020_93:a521249d959ea7180d2956bb,2020-06-24,0.55
lrm_auctions:subastas_2020_93:a521249d959ea7180d2956bb,2020-08-26,0.67
lrm_auctions:subastas_2020_93:a521249d959ea7180d2956bb,2020-09-24,0.6
lrm_auctions:subastas_2020_93:a521249d959ea7180d2956bb,2020-11-25,0.6
lrm_auctions:subastas_2020_94:bf720db09a600af58693674d,2020-04-23,2.35
lrm_auctions:subastas_2020_94:bf720db09a600af58693674d,2020-05-27,2.5
lrm_auctions:subastas_2020_94:bf720db09a600af58693674d,2020-06-24,1.5
lrm_auctions:subastas_2020_94:bf720db09a600af58693674d,2020-08-26,0.67
lrm_auctions:subastas_2020_94:bf720db09a600af58693674d,2020-09-24,0.65
lrm_auctions:subastas_2020_94:bf720db09a600af58693674d,2020-11-25,0.6
lrm_auctions:subastas_2020_95:d1f66421ecf147c9c96cee79,2020-04-23,1.1
lrm_auctions:subastas_2020_95:d1f66421ecf147c9c96cee79,2020-05-27,0.9492537313432836
lrm_auctions:subastas_2020_95:d1f66421ecf147c9c96cee79,2020-06-24,0.5826086956521739
lrm_auctions:subastas_2020_95:d1f66421ecf147c9c96cee79,2020-08-26,0.67
lrm_auctions:subastas_2020_95:d1f66421ecf147c9c96cee79,2020-09-24,0.62
lrm_auctions:subastas_2020_95:d1f66421ecf147c9c96cee79,2020-11-25,0.6
lrm_auctions:subastas_2020_96:07e39dcdda634d9a1a4e52ad,2020-04-23,1.1
lrm_auctions:subastas_2020_96:07e39dcdda634d9a1a4e52ad,2020-05-27,0.89
lrm_auctions:subastas_2020_96:07e39dcdda634d9a1a4e52ad,2020-06-24,0.55
lrm_auctions:subastas_2020_96:07e39dcdda634d9a1a4e52ad,2020-08-26,0.67
lrm_auctions:subastas_2020_96:07e39dcdda634d9a1a4e52ad,2020-09-24,0.6
lrm_auctions:subastas_2020_96:07e39dcdda634d9a1a4e52ad,2020-11-25,0.6
lrm_auctions:subastas_2020_97:8d17a06b79a2cc8390174bbf,2020-04-23,1.1
lrm_auctions:subastas_2020_97:8d17a06b79a2cc8390174bbf,2020-05-27,1.09
lrm_auctions:subastas_2020_97:8d17a06b79a2cc8390174bbf,2020-06-24,0.7
lrm_auctions:subastas_2020_97:8d17a06b79a2cc8390174bbf,2020-08-26,0.67
lrm_auctions:subastas_2020_97:8d17a06b79a2cc8390174bbf,2020-09-24,0.65
lrm_auctions:subastas_2020_97:8d17a06b79a2cc8390174bbf,2020-11-25,0.6
lrm_auctions:subastas_2020_98:54cb2a43f0f907b65c5e292d,2020-04-23,160000.0
lrm_auctions:subastas_2020_98:54cb2a43f0f907b65c5e292d,2020-12-16,1080000.0
lrm_auctions:subastas_2020_99:8fe9354e9dbffc6520ff92ae,2020-04-23,100000.0
lrm_auctions:subastas_2020_99:8fe9354e9dbffc6520ff92ae,2020-12-16,980000.0
lrm_auctions:subastas_2020_9:908f8f022440bbfbdb65bb24,2020-01-29,3.88
lrm_auctions:subastas_2020_9:908f8f022440bbfbdb65bb24,2020-02-26,3.85
lrm_auctions:subastas_2020_9:908f8f022440bbfbdb65bb24,2020-05-27,0.8212765957446808
lrm_auctions:subastas_2020_9:908f8f022440bbfbdb65bb24,2020-07-29,0.55
lrm_auctions:subastas_2020_9:908f8f022440bbfbdb65bb24,2020-08-26,0.55
lrm_auctions:subastas_2020_9:908f8f022440bbfbdb65bb24,2020-10-28,0.55
lrm_auctions:subastas_2021:3048cae5f3c9742d612cf8b0,2021-01-27,0.0
lrm_auctions:subastas_2021:3048cae5f3c9742d612cf8b0,2021-02-24,0.0
lrm_auctions:subastas_2021:3048cae5f3c9742d612cf8b0,2021-04-28,0.0
lrm_auctions:subastas_2021_10:45819eab5b1964d17abc4b91,2021-01-27,0.52
lrm_auctions:subastas_2021_10:45819eab5b1964d17abc4b91,2021-02-24,0.52
lrm_auctions:subastas_2021_10:45819eab5b1964d17abc4b91,2021-04-28,0.54
lrm_auctions:subastas_2021_10:45819eab5b1964d17abc4b91,2021-05-26,0.53
lrm_auctions:subastas_2021_10:45819eab5b1964d17abc4b91,2021-07-28,0.53
lrm_auctions:subastas_2021_10:45819eab5b1964d17abc4b91,2021-08-25,0.78
lrm_auctions:subastas_2021_10:45819eab5b1964d17abc4b91,2021-10-27,2.62
lrm_auctions:subastas_2021_10:45819eab5b1964d17abc4b91,2021-11-24,3.9
lrm_auctions:subastas_2021_11:dc674067b244570b92972daa,2021-01-27,0.52
lrm_auctions:subastas_2021_11:dc674067b244570b92972daa,2021-02-24,0.55
lrm_auctions:subastas_2021_11:dc674067b244570b92972daa,2021-04-28,0.54
lrm_auctions:subastas_2021_11:dc674067b244570b92972daa,2021-05-26,0.54
lrm_auctions:subastas_2021_11:dc674067b244570b92972daa,2021-07-28,0.54
lrm_auctions:subastas_2021_11:dc674067b244570b92972daa,2021-08-25,0.9
lrm_auctions:subastas_2021_11:dc674067b244570b92972daa,2021-10-27,3.0
lrm_auctions:subastas_2021_11:dc674067b244570b92972daa,2021-11-24,4.3
lrm_auctions:subastas_2021_12:9a2827311a9e9d33ba6ff349,2021-01-27,0.0
lrm_auctions:subastas_2021_12:9a2827311a9e9d33ba6ff349,2021-04-28,0.0
lrm_auctions:subastas_2021_13:5beeccad37c0b7f1f2692791,2021-01-27,119000.0
lrm_auctions:subastas_2021_13:5beeccad37c0b7f1f2692791,2021-04-28,210000.0
lrm_auctions:subastas_2021_13:5beeccad37c0b7f1f2692791,2021-07-28,300000.0
lrm_auctions:subastas_2021_13:5beeccad37c0b7f1f2692791,2021-10-27,225000.0
lrm_auctions:subastas_2021_14:efcf4db332ddff7ea118d64c,2021-01-27,114000.0
lrm_auctions:subastas_2021_14:efcf4db332ddff7ea118d64c,2021-04-28,200000.0
lrm_auctions:subastas_2021_14:efcf4db332ddff7ea118d64c,2021-07-28,300000.0
lrm_auctions:subastas_2021_14:efcf4db332ddff7ea118d64c,2021-10-27,225000.0
lrm_auctions:subastas_2021_15:bc3c70bc79470454e1623143,2021-01-27,3.0
lrm_auctions:subastas_2021_15:bc3c70bc79470454e1623143,2021-04-28,2.0
lrm_auctions:subastas_2021_15:bc3c70bc79470454e1623143,2021-07-28,1.0
lrm_auctions:subastas_2021_15:bc3c70bc79470454e1623143,2021-10-27,3.0
lrm_auctions:subastas_2021_16:9b641e907ff47dfb7bd2d959,2021-01-27,2.0
lrm_auctions:subastas_2021_16:9b641e907ff47dfb7bd2d959,2021-04-28,1.0
lrm_auctions:subastas_2021_16:9b641e907ff47dfb7bd2d959,2021-07-28,1.0
lrm_auctions:subastas_2021_16:9b641e907ff47dfb7bd2d959,2021-10-27,3.0
lrm_auctions:subastas_2021_17:522a9ff86f0c5f3925788c15,2021-01-27,0.5712605042016806
lrm_auctions:subastas_2021_17:522a9ff86f0c5f3925788c15,2021-04-28,0.5833333333333333
lrm_auctions:subastas_2021_17:522a9ff86f0c5f3925788c15,2021-07-28,0.57
lrm_auctions:subastas_2021_17:522a9ff86f0c5f3925788c15,2021-10-27,3.5166666666666666
lrm_auctions:subastas_2021_18:f835a7565286472f6064b1eb,2021-01-27,0.55
lrm_auctions:subastas_2021_18:f835a7565286472f6064b1eb,2021-04-28,0.57
lrm_auctions:subastas_2021_18:f835a7565286472f6064b1eb,2021-07-28,0.57
lrm_auctions:subastas_2021_18:f835a7565286472f6064b1eb,2021-10-27,3.25
lrm_auctions:subastas_2021_19:1569b092994575e4f365fd80,2021-01-27,1.0
lrm_auctions:subastas_2021_19:1569b092994575e4f365fd80,2021-04-28,0.85
lrm_auctions:subastas_2021_19:1569b092994575e4f365fd80,2021-07-28,0.57
lrm_auctions:subastas_2021_19:1569b092994575e4f365fd80,2021-10-27,3.75
lrm_auctions:subastas_2021_20:eea99792d3080cc491e41e61,2021-01-27,0.5524561403508773
lrm_auctions:subastas_2021_20:eea99792d3080cc491e41e61,2021-04-28,0.57
lrm_auctions:subastas_2021_20:eea99792d3080cc491e41e61,2021-07-28,0.57
lrm_auctions:subastas_2021_20:eea99792d3080cc491e41e61,2021-10-27,3.5166666666666666
lrm_auctions:subastas_2021_21:ce4ce2fcd94fb6a8be5ccb97,2021-01-27,0.55
lrm_auctions:subastas_2021_21:ce4ce2fcd94fb6a8be5ccb97,2021-04-28,0.57
lrm_auctions:subastas_2021_21:ce4ce2fcd94fb6a8be5ccb97,2021-07-28,0.57
lrm_auctions:subastas_2021_21:ce4ce2fcd94fb6a8be5ccb97,2021-10-27,3.25
lrm_auctions:subastas_2021_22:66705411d4f15df9e2d9209b,2021-01-27,0.57
lrm_auctions:subastas_2021_22:66705411d4f15df9e2d9209b,2021-04-28,0.57
lrm_auctions:subastas_2021_22:66705411d4f15df9e2d9209b,2021-07-28,0.57
lrm_auctions:subastas_2021_22:66705411d4f15df9e2d9209b,2021-10-27,3.75
lrm_auctions:subastas_2021_23:200bac5a5818f3c1c7f12051,2021-01-27,0.0
lrm_auctions:subastas_2021_23:200bac5a5818f3c1c7f12051,2021-02-24,0.0
lrm_auctions:subastas_2021_23:200bac5a5818f3c1c7f12051,2021-04-28,0.0
lrm_auctions:subastas_2021_24:8d3ad5132b2716a5e9b7d842,2021-01-27,1371000.0
lrm_auctions:subastas_2021_24:8d3ad5132b2716a5e9b7d842,2021-02-24,155000.0
lrm_auctions:subastas_2021_24:8d3ad5132b2716a5e9b7d842,2021-03-24,2460000.0
lrm_auctions:subastas_2021_24:8d3ad5132b2716a5e9b7d842,2021-04-28,655000.0
lrm_auctions:subastas_2021_24:8d3ad5132b2716a5e9b7d842,2021-05-26,321000.0
lrm_auctions:subastas_2021_24:8d3ad5132b2716a5e9b7d842,2021-06-23,164000.0
lrm_auctions:subastas_2021_24:8d3ad5132b2716a5e9b7d842,2021-07-28,386000.0
lrm_auctions:subastas_2021_24:8d3ad5132b2716a5e9b7d842,2021-08-25,101000.0
lrm_auctions:subastas_2021_24:8d3ad5132b2716a5e9b7d842,2021-09-22,70000.0
lrm_auctions:subastas_2021_24:8d3ad5132b2716a5e9b7d842,2021-10-27,50000.0
lrm_auctions:subastas_2021_24:8d3ad5132b2716a5e9b7d842,2021-11-24,5000.0
lrm_auctions:subastas_2021_24:8d3ad5132b2716a5e9b7d842,2021-12-22,380000.0
lrm_auctions:subastas_2021_25:1796f78ac619b9822b3cdf63,2021-01-27,1366000.0
lrm_auctions:subastas_2021_25:1796f78ac619b9822b3cdf63,2021-02-24,105000.0
lrm_auctions:subastas_2021_25:1796f78ac619b9822b3cdf63,2021-03-24,1500000.0
lrm_auctions:subastas_2021_25:1796f78ac619b9822b3cdf63,2021-04-28,655000.0
lrm_auctions:subastas_2021_25:1796f78ac619b9822b3cdf63,2021-05-26,321000.0
lrm_auctions:subastas_2021_25:1796f78ac619b9822b3cdf63,2021-06-23,164000.0
lrm_auctions:subastas_2021_25:1796f78ac619b9822b3cdf63,2021-07-28,366000.0
lrm_auctions:subastas_2021_25:1796f78ac619b9822b3cdf63,2021-08-25,96000.0
lrm_auctions:subastas_2021_25:1796f78ac619b9822b3cdf63,2021-09-22,70000.0
lrm_auctions:subastas_2021_25:1796f78ac619b9822b3cdf63,2021-10-27,50000.0
lrm_auctions:subastas_2021_25:1796f78ac619b9822b3cdf63,2021-11-24,5000.0
lrm_auctions:subastas_2021_25:1796f78ac619b9822b3cdf63,2021-12-22,380000.0
lrm_auctions:subastas_2021_26:e98508eba46c33c0a983ce8e,2021-01-27,6.0
lrm_auctions:subastas_2021_26:e98508eba46c33c0a983ce8e,2021-02-24,3.0
lrm_auctions:subastas_2021_26:e98508eba46c33c0a983ce8e,2021-03-24,5.0
lrm_auctions:subastas_2021_26:e98508eba46c33c0a983ce8e,2021-04-28,3.0
lrm_auctions:subastas_2021_26:e98508eba46c33c0a983ce8e,2021-05-26,5.0
lrm_auctions:subastas_2021_26:e98508eba46c33c0a983ce8e,2021-06-23,3.0
lrm_auctions:subastas_2021_26:e98508eba46c33c0a983ce8e,2021-07-28,6.0
lrm_auctions:subastas_2021_26:e98508eba46c33c0a983ce8e,2021-08-25,6.0
lrm_auctions:subastas_2021_26:e98508eba46c33c0a983ce8e,2021-09-22,3.0
lrm_auctions:subastas_2021_26:e98508eba46c33c0a983ce8e,2021-10-27,1.0
lrm_auctions:subastas_2021_26:e98508eba46c33c0a983ce8e,2021-11-24,1.0
lrm_auctions:subastas_2021_26:e98508eba46c33c0a983ce8e,2021-12-22,3.0
lrm_auctions:subastas_2021_27:50e8cd5d6a9164a387e71b58,2021-01-27,5.0
lrm_auctions:subastas_2021_27:50e8cd5d6a9164a387e71b58,2021-02-24,2.0
lrm_auctions:subastas_2021_27:50e8cd5d6a9164a387e71b58,2021-03-24,4.0
lrm_auctions:subastas_2021_27:50e8cd5d6a9164a387e71b58,2021-04-28,3.0
lrm_auctions:subastas_2021_27:50e8cd5d6a9164a387e71b58,2021-05-26,5.0
lrm_auctions:subastas_2021_27:50e8cd5d6a9164a387e71b58,2021-06-23,3.0
lrm_auctions:subastas_2021_27:50e8cd5d6a9164a387e71b58,2021-07-28,4.0
lrm_auctions:subastas_2021_27:50e8cd5d6a9164a387e71b58,2021-08-25,5.0
lrm_auctions:subastas_2021_27:50e8cd5d6a9164a387e71b58,2021-09-22,3.0
lrm_auctions:subastas_2021_27:50e8cd5d6a9164a387e71b58,2021-10-27,1.0
lrm_auctions:subastas_2021_27:50e8cd5d6a9164a387e71b58,2021-11-24,1.0
lrm_auctions:subastas_2021_27:50e8cd5d6a9164a387e71b58,2021-12-22,3.0
lrm_auctions:subastas_2021_28:956a873dc8d52b456ddad362,2021-01-27,0.6845003646973012
lrm_auctions:subastas_2021_28:956a873dc8d52b456ddad362,2021-02-24,0.7806451612903226
lrm_auctions:subastas_2021_28:956a873dc8d52b456ddad362,2021-03-24,0.6984756097560976
lrm_auctions:subastas_2021_28:956a873dc8d52b456ddad362,2021-04-28,0.7
lrm_auctions:subastas_2021_28:956a873dc8d52b456ddad362,2021-05-26,0.6868535825545171
lrm_auctions:subastas_2021_28:956a873dc8d52b456ddad362,2021-06-23,0.6810975609756098
lrm_auctions:subastas_2021_28:956a873dc8d52b456ddad362,2021-07-28,0.694818652849741
lrm_auctions:subastas_2021_28:956a873dc8d52b456ddad362,2021-08-25,0.926930693069307
lrm_auctions:subastas_2021_28:956a873dc8d52b456ddad362,2021-09-22,1.4928571428571429
lrm_auctions:subastas_2021_28:956a873dc8d52b456ddad362,2021-10-27,4.05
lrm_auctions:subastas_2021_28:956a873dc8d52b456ddad362,2021-11-24,5.3
lrm_auctions:subastas_2021_28:956a873dc8d52b456ddad362,2021-12-22,5.34078947368421
lrm_auctions:subastas_2021_29:5b6eb8a66c58a781bc5e1741,2021-01-27,0.6
lrm_auctions:subastas_2021_29:5b6eb8a66c58a781bc5e1741,2021-02-24,0.7
lrm_auctions:subastas_2021_29:5b6eb8a66c58a781bc5e1741,2021-03-24,0.69
lrm_auctions:subastas_2021_29:5b6eb8a66c58a781bc5e1741,2021-04-28,0.7
lrm_auctions:subastas_2021_29:5b6eb8a66c58a781bc5e1741,2021-05-26,0.68
lrm_auctions:subastas_2021_29:5b6eb8a66c58a781bc5e1741,2021-06-23,0.68
lrm_auctions:subastas_2021_29:5b6eb8a66c58a781bc5e1741,2021-07-28,0.68
lrm_auctions:subastas_2021_29:5b6eb8a66c58a781bc5e1741,2021-08-25,0.9
lrm_auctions:subastas_2021_29:5b6eb8a66c58a781bc5e1741,2021-09-22,1.44
lrm_auctions:subastas_2021_29:5b6eb8a66c58a781bc5e1741,2021-10-27,4.05
lrm_auctions:subastas_2021_29:5b6eb8a66c58a781bc5e1741,2021-11-24,5.3
lrm_auctions:subastas_2021_29:5b6eb8a66c58a781bc5e1741,2021-12-22,5.25
lrm_auctions:subastas_2021_2:9247b31e01d1e0ac55a0c613,2021-01-27,205000.0
lrm_auctions:subastas_2021_2:9247b31e01d1e0ac55a0c613,2021-02-24,830000.0
lrm_auctions:subastas_2021_2:9247b31e01d1e0ac55a0c613,2021-04-28,1300000.0
lrm_auctions:subastas_2021_2:9247b31e01d1e0ac55a0c613,2021-05-26,207000.0
lrm_auctions:subastas_2021_2:9247b31e01d1e0ac55a0c613,2021-07-28,749000.0
lrm_auctions:subastas_2021_2:9247b31e01d1e0ac55a0c613,2021-08-25,1710000.0
lrm_auctions:subastas_2021_2:9247b31e01d1e0ac55a0c613,2021-10-27,1760000.0
lrm_auctions:subastas_2021_2:9247b31e01d1e0ac55a0c613,2021-11-24,2745000.0
lrm_auctions:subastas_2021_30:ee2c12a55786cf1f1c7f10ae,2021-01-27,1.25
lrm_auctions:subastas_2021_30:ee2c12a55786cf1f1c7f10ae,2021-02-24,0.95
lrm_auctions:subastas_2021_30:ee2c12a55786cf1f1c7f10ae,2021-03-24,0.95
lrm_auctions:subastas_2021_30:ee2c12a55786cf1f1c7f10ae,2021-04-28,0.7
lrm_auctions:subastas_2021_30:ee2c12a55786cf1f1c7f10ae,2021-05-26,0.7
lrm_auctions:subastas_2021_30:ee2c12a55786cf1f1c7f10ae,2021-06-23,0.7
lrm_auctions:subastas_2021_30:ee2c12a55786cf1f1c7f10ae,2021-07-28,0.85
lrm_auctions:subastas_2021_30:ee2c12a55786cf1f1c7f10ae,2021-08-25,1.05
lrm_auctions:subastas_2021_30:ee2c12a55786cf1f1c7f10ae,2021-09-22,1.65
lrm_auctions:subastas_2021_30:ee2c12a55786cf1f1c7f10ae,2021-10-27,4.05
lrm_auctions:subastas_2021_30:ee2c12a55786cf1f1c7f10ae,2021-11-24,5.3
lrm_auctions:subastas_2021_30:ee2c12a55786cf1f1c7f10ae,2021-12-22,5.7
lrm_auctions:subastas_2021_31:42e314b83bffe86da857c019,2021-01-27,0.6824304538799414
lrm_auctions:subastas_2021_31:42e314b83bffe86da857c019,2021-02-24,0.7
lrm_auctions:subastas_2021_31:42e314b83bffe86da857c019,2021-03-24,0.6966666666666667
lrm_auctions:subastas_2021_31:42e314b83bffe86da857c019,2021-04-28,0.7
lrm_auctions:subastas_2021_31:42e314b83bffe86da857c019,2021-05-26,0.6868535825545171
lrm_auctions:subastas_2021_31:42e314b83bffe86da857c019,2021-06-23,0.6810975609756098
lrm_auctions:subastas_2021_31:42e314b83bffe86da857c019,2021-07-28,0.6877049180327869
lrm_auctions:subastas_2021_31:42e314b83bffe86da857c019,2021-08-25,0.9205208333333333
lrm_auctions:subastas_2021_31:42e314b83bffe86da857c019,2021-09-22,1.4928571428571429
lrm_auctions:subastas_2021_31:42e314b83bffe86da857c019,2021-10-27,4.05
lrm_auctions:subastas_2021_31:42e314b83bffe86da857c019,2021-11-24,5.3
lrm_auctions:subastas_2021_31:42e314b83bffe86da857c019,2021-12-22,5.34078947368421
lrm_auctions:subastas_2021_32:820ff1f83b051209517929a0,2021-01-27,0.6
lrm_auctions:subastas_2021_32:820ff1f83b051209517929a0,2021-02-24,0.7
lrm_auctions:subastas_2021_32:820ff1f83b051209517929a0,2021-03-24,0.69
lrm_auctions:subastas_2021_32:820ff1f83b051209517929a0,2021-04-28,0.7
lrm_auctions:subastas_2021_32:820ff1f83b051209517929a0,2021-05-26,0.68
lrm_auctions:subastas_2021_32:820ff1f83b051209517929a0,2021-06-23,0.68
lrm_auctions:subastas_2021_32:820ff1f83b051209517929a0,2021-07-28,0.68
lrm_auctions:subastas_2021_32:820ff1f83b051209517929a0,2021-08-25,0.9
lrm_auctions:subastas_2021_32:820ff1f83b051209517929a0,2021-09-22,1.44
lrm_auctions:subastas_2021_32:820ff1f83b051209517929a0,2021-10-27,4.05
lrm_auctions:subastas_2021_32:820ff1f83b051209517929a0,2021-11-24,5.3
lrm_auctions:subastas_2021_32:820ff1f83b051209517929a0,2021-12-22,5.25
lrm_auctions:subastas_2021_33:0598755dd2a01a35e335ef4f,2021-01-27,0.7
lrm_auctions:subastas_2021_33:0598755dd2a01a35e335ef4f,2021-02-24,0.7
lrm_auctions:subastas_2021_33:0598755dd2a01a35e335ef4f,2021-03-24,0.7
lrm_auctions:subastas_2021_33:0598755dd2a01a35e335ef4f,2021-04-28,0.7
lrm_auctions:subastas_2021_33:0598755dd2a01a35e335ef4f,2021-05-26,0.7
lrm_auctions:subastas_2021_33:0598755dd2a01a35e335ef4f,2021-06-23,0.7
lrm_auctions:subastas_2021_33:0598755dd2a01a35e335ef4f,2021-07-28,0.7
lrm_auctions:subastas_2021_33:0598755dd2a01a35e335ef4f,2021-08-25,0.95
lrm_auctions:subastas_2021_33:0598755dd2a01a35e335ef4f,2021-09-22,1.65
lrm_auctions:subastas_2021_33:0598755dd2a01a35e335ef4f,2021-10-27,4.05
lrm_auctions:subastas_2021_33:0598755dd2a01a35e335ef4f,2021-11-24,5.3
lrm_auctions:subastas_2021_33:0598755dd2a01a35e335ef4f,2021-12-22,5.7
lrm_auctions:subastas_2021_34:e44c1e3c52f41f63ed5605bd,2021-01-27,0.0
lrm_auctions:subastas_2021_34:e44c1e3c52f41f63ed5605bd,2021-02-24,0.0
lrm_auctions:subastas_2021_34:e44c1e3c52f41f63ed5605bd,2021-04-28,0.0
lrm_auctions:subastas_2021_35:aaf6eb65b92a1b566a413296,2021-01-27,995000.0
lrm_auctions:subastas_2021_35:aaf6eb65b92a1b566a413296,2021-02-24,750000.0
lrm_auctions:subastas_2021_35:aaf6eb65b92a1b566a413296,2021-03-24,150000.0
lrm_auctions:subastas_2021_35:aaf6eb65b92a1b566a413296,2021-04-28,1310000.0
lrm_auctions:subastas_2021_35:aaf6eb65b92a1b566a413296,2021-05-26,960000.0
lrm_auctions:subastas_2021_35:aaf6eb65b92a1b566a413296,2021-06-23,900000.0
lrm_auctions:subastas_2021_35:aaf6eb65b92a1b566a413296,2021-07-28,250000.0
lrm_auctions:subastas_2021_35:aaf6eb65b92a1b566a413296,2021-08-25,500000.0
lrm_auctions:subastas_2021_35:aaf6eb65b92a1b566a413296,2021-09-22,450000.0
lrm_auctions:subastas_2021_35:aaf6eb65b92a1b566a413296,2021-10-27,50000.0
lrm_auctions:subastas_2021_35:aaf6eb65b92a1b566a413296,2021-12-22,580000.0
lrm_auctions:subastas_2021_36:640b4b056ff21faadf718dca,2021-01-27,740000.0
lrm_auctions:subastas_2021_36:640b4b056ff21faadf718dca,2021-02-24,700000.0
lrm_auctions:subastas_2021_36:640b4b056ff21faadf718dca,2021-03-24,150000.0
lrm_auctions:subastas_2021_36:640b4b056ff21faadf718dca,2021-04-28,900000.0
lrm_auctions:subastas_2021_36:640b4b056ff21faadf718dca,2021-05-26,960000.0
lrm_auctions:subastas_2021_36:640b4b056ff21faadf718dca,2021-06-23,900000.0
lrm_auctions:subastas_2021_36:640b4b056ff21faadf718dca,2021-07-28,250000.0
lrm_auctions:subastas_2021_36:640b4b056ff21faadf718dca,2021-08-25,495000.0
lrm_auctions:subastas_2021_36:640b4b056ff21faadf718dca,2021-09-22,450000.0
lrm_auctions:subastas_2021_36:640b4b056ff21faadf718dca,2021-10-27,50000.0
lrm_auctions:subastas_2021_36:640b4b056ff21faadf718dca,2021-12-22,380000.0
lrm_auctions:subastas_2021_37:0bee62c66184fd637967f5a2,2021-01-27,5.0
lrm_auctions:subastas_2021_37:0bee62c66184fd637967f5a2,2021-02-24,4.0
lrm_auctions:subastas_2021_37:0bee62c66184fd637967f5a2,2021-03-24,1.0
lrm_auctions:subastas_2021_37:0bee62c66184fd637967f5a2,2021-04-28,5.0
lrm_auctions:subastas_2021_37:0bee62c66184fd637967f5a2,2021-05-26,4.0
lrm_auctions:subastas_2021_37:0bee62c66184fd637967f5a2,2021-06-23,4.0
lrm_auctions:subastas_2021_37:0bee62c66184fd637967f5a2,2021-07-28,2.0
lrm_auctions:subastas_2021_37:0bee62c66184fd637967f5a2,2021-08-25,5.0
lrm_auctions:subastas_2021_37:0bee62c66184fd637967f5a2,2021-09-22,2.0
lrm_auctions:subastas_2021_37:0bee62c66184fd637967f5a2,2021-10-27,1.0
lrm_auctions:subastas_2021_37:0bee62c66184fd637967f5a2,2021-12-22,6.0
lrm_auctions:subastas_2021_38:eadb3b0d05243d2c6900fcbc,2021-01-27,3.0
lrm_auctions:subastas_2021_38:eadb3b0d05243d2c6900fcbc,2021-02-24,3.0
lrm_auctions:subastas_2021_38:eadb3b0d05243d2c6900fcbc,2021-03-24,1.0
lrm_auctions:subastas_2021_38:eadb3b0d05243d2c6900fcbc,2021-04-28,5.0
lrm_auctions:subastas_2021_38:eadb3b0d05243d2c6900fcbc,2021-05-26,4.0
lrm_auctions:subastas_2021_38:eadb3b0d05243d2c6900fcbc,2021-06-23,4.0
lrm_auctions:subastas_2021_38:eadb3b0d05243d2c6900fcbc,2021-07-28,2.0
lrm_auctions:subastas_2021_38:eadb3b0d05243d2c6900fcbc,2021-08-25,4.0
lrm_auctions:subastas_2021_38:eadb3b0d05243d2c6900fcbc,2021-09-22,2.0
lrm_auctions:subastas_2021_38:eadb3b0d05243d2c6900fcbc,2021-10-27,1.0
lrm_auctions:subastas_2021_38:eadb3b0d05243d2c6900fcbc,2021-12-22,5.0
lrm_auctions:subastas_2021_39:5d71f900d8bbc611ba4983ea,2021-01-27,0.7814070351758794
lrm_auctions:subastas_2021_39:5d71f900d8bbc611ba4983ea,2021-02-24,0.7853333333333333
lrm_auctions:subastas_2021_39:5d71f900d8bbc611ba4983ea,2021-03-24,0.75
lrm_auctions:subastas_2021_39:5d71f900d8bbc611ba4983ea,2021-04-28,0.7423664122137404
lrm_auctions:subastas_2021_39:5d71f900d8bbc611ba4983ea,2021-05-26,0.7310416666666667
lrm_auctions:subastas_2021_39:5d71f900d8bbc611ba4983ea,2021-06-23,0.7394444444444445
lrm_auctions:subastas_2021_39:5d71f900d8bbc611ba4983ea,2021-07-28,0.732
lrm_auctions:subastas_2021_39:5d71f900d8bbc611ba4983ea,2021-08-25,0.9918
lrm_auctions:subastas_2021_39:5d71f900d8bbc611ba4983ea,2021-09-22,1.5877777777777777
lrm_auctions:subastas_2021_39:5d71f900d8bbc611ba4983ea,2021-10-27,4.85
lrm_auctions:subastas_2021_39:5d71f900d8bbc611ba4983ea,2021-12-22,6.636206896551724
lrm_auctions:subastas_2021_3:224b5017a255c316d44d073e,2021-01-27,200000.0
lrm_auctions:subastas_2021_3:224b5017a255c316d44d073e,2021-02-24,830000.0
lrm_auctions:subastas_2021_3:224b5017a255c316d44d073e,2021-04-28,1000000.0
lrm_auctions:subastas_2021_3:224b5017a255c316d44d073e,2021-05-26,207000.0
lrm_auctions:subastas_2021_3:224b5017a255c316d44d073e,2021-07-28,749000.0
lrm_auctions:subastas_2021_3:224b5017a255c316d44d073e,2021-08-25,1710000.0
lrm_auctions:subastas_2021_3:224b5017a255c316d44d073e,2021-10-27,1760000.0
lrm_auctions:subastas_2021_3:224b5017a255c316d44d073e,2021-11-24,2745000.0
lrm_auctions:subastas_2021_40:88e9ff84b8c642a4a38c010b,2021-01-27,0.72
lrm_auctions:subastas_2021_40:88e9ff84b8c642a4a38c010b,2021-02-24,0.73
lrm_auctions:subastas_2021_40:88e9ff84b8c642a4a38c010b,2021-03-24,0.75
lrm_auctions:subastas_2021_40:88e9ff84b8c642a4a38c010b,2021-04-28,0.7
lrm_auctions:subastas_2021_40:88e9ff84b8c642a4a38c010b,2021-05-26,0.68
lrm_auctions:subastas_2021_40:88e9ff84b8c642a4a38c010b,2021-06-23,0.73
lrm_auctions:subastas_2021_40:88e9ff84b8c642a4a38c010b,2021-07-28,0.72
lrm_auctions:subastas_2021_40:88e9ff84b8c642a4a38c010b,2021-08-25,0.99
lrm_auctions:subastas_2021_40:88e9ff84b8c642a4a38c010b,2021-09-22,1.49
lrm_auctions:subastas_2021_40:88e9ff84b8c642a4a38c010b,2021-10-27,4.85
lrm_auctions:subastas_2021_40:88e9ff84b8c642a4a38c010b,2021-12-22,5.35
lrm_auctions:subastas_2021_41:09849ee67600e0d554d7ce86,2021-01-27,2.0
lrm_auctions:subastas_2021_41:09849ee67600e0d554d7ce86,2021-02-24,1.5
lrm_auctions:subastas_2021_41:09849ee67600e0d554d7ce86,2021-03-24,0.75
lrm_auctions:subastas_2021_41:09849ee67600e0d554d7ce86,2021-04-28,0.75
lrm_auctions:subastas_2021_41:09849ee67600e0d554d7ce86,2021-05-26,0.75
lrm_auctions:subastas_2021_41:09849ee67600e0d554d7ce86,2021-06-23,0.75
lrm_auctions:subastas_2021_41:09849ee67600e0d554d7ce86,2021-07-28,0.74
lrm_auctions:subastas_2021_41:09849ee67600e0d554d7ce86,2021-08-25,1.09
lrm_auctions:subastas_2021_41:09849ee67600e0d554d7ce86,2021-09-22,1.6
lrm_auctions:subastas_2021_41:09849ee67600e0d554d7ce86,2021-10-27,4.85
lrm_auctions:subastas_2021_41:09849ee67600e0d554d7ce86,2021-12-22,7.25
lrm_auctions:subastas_2021_42:cc6093da5c5584f1d7a6a7e9,2021-01-27,0.7297297297297297
lrm_auctions:subastas_2021_42:cc6093da5c5584f1d7a6a7e9,2021-02-24,0.7342857142857143
lrm_auctions:subastas_2021_42:cc6093da5c5584f1d7a6a7e9,2021-03-24,0.75
lrm_auctions:subastas_2021_42:cc6093da5c5584f1d7a6a7e9,2021-04-28,0.7388888888888889
lrm_auctions:subastas_2021_42:cc6093da5c5584f1d7a6a7e9,2021-05-26,0.7310416666666667
lrm_auctions:subastas_2021_42:cc6093da5c5584f1d7a6a7e9,2021-06-23,0.7394444444444445
lrm_auctions:subastas_2021_42:cc6093da5c5584f1d7a6a7e9,2021-07-28,0.732
lrm_auctions:subastas_2021_42:cc6093da5c5584f1d7a6a7e9,2021-08-25,0.9908080808080808
lrm_auctions:subastas_2021_42:cc6093da5c5584f1d7a6a7e9,2021-09-22,1.5877777777777777
lrm_auctions:subastas_2021_42:cc6093da5c5584f1d7a6a7e9,2021-10-27,4.85
lrm_auctions:subastas_2021_42:cc6093da5c5584f1d7a6a7e9,2021-12-22,6.313157894736842
lrm_auctions:subastas_2021_43:bf87f06f467e10f55b30080e,2021-01-27,0.72
lrm_auctions:subastas_2021_43:bf87f06f467e10f55b30080e,2021-02-24,0.73
lrm_auctions:subastas_2021_43:bf87f06f467e10f55b30080e,2021-03-24,0.75
lrm_auctions:subastas_2021_43:bf87f06f467e10f55b30080e,2021-04-28,0.7
lrm_auctions:subastas_2021_43:bf87f06f467e10f55b30080e,2021-05-26,0.68
lrm_auctions:subastas_2021_43:bf87f06f467e10f55b30080e,2021-06-23,0.73
lrm_auctions:subastas_2021_43:bf87f06f467e10f55b30080e,2021-07-28,0.72
lrm_auctions:subastas_2021_43:bf87f06f467e10f55b30080e,2021-08-25,0.99
lrm_auctions:subastas_2021_43:bf87f06f467e10f55b30080e,2021-09-22,1.49
lrm_auctions:subastas_2021_43:bf87f06f467e10f55b30080e,2021-10-27,4.85
lrm_auctions:subastas_2021_43:bf87f06f467e10f55b30080e,2021-12-22,5.35
lrm_auctions:subastas_2021_44:17425580ef717811a7ed1c29,2021-01-27,0.75
lrm_auctions:subastas_2021_44:17425580ef717811a7ed1c29,2021-02-24,0.75
lrm_auctions:subastas_2021_44:17425580ef717811a7ed1c29,2021-03-24,0.75
lrm_auctions:subastas_2021_44:17425580ef717811a7ed1c29,2021-04-28,0.75
lrm_auctions:subastas_2021_44:17425580ef717811a7ed1c29,2021-05-26,0.75
lrm_auctions:subastas_2021_44:17425580ef717811a7ed1c29,2021-06-23,0.75
lrm_auctions:subastas_2021_44:17425580ef717811a7ed1c29,2021-07-28,0.74
lrm_auctions:subastas_2021_44:17425580ef717811a7ed1c29,2021-08-25,1.0
lrm_auctions:subastas_2021_44:17425580ef717811a7ed1c29,2021-09-22,1.6
lrm_auctions:subastas_2021_44:17425580ef717811a7ed1c29,2021-10-27,4.85
lrm_auctions:subastas_2021_44:17425580ef717811a7ed1c29,2021-12-22,6.75
lrm_auctions:subastas_2021_45:3c684c164201d9a3f39a6fc8,2021-01-27,0.0
lrm_auctions:subastas_2021_45:3c684c164201d9a3f39a6fc8,2021-02-24,0.0
lrm_auctions:subastas_2021_45:3c684c164201d9a3f39a6fc8,2021-04-28,0.0
lrm_auctions:subastas_2021_46:58d25f2d4b7cc400aeb30c64,2021-01-27,410000.0
lrm_auctions:subastas_2021_46:58d25f2d4b7cc400aeb30c64,2021-02-24,265000.0
lrm_auctions:subastas_2021_46:58d25f2d4b7cc400aeb30c64,2021-03-24,150000.0
lrm_auctions:subastas_2021_46:58d25f2d4b7cc400aeb30c64,2021-04-28,200000.0
lrm_auctions:subastas_2021_46:58d25f2d4b7cc400aeb30c64,2021-05-26,515000.0
lrm_auctions:subastas_2021_46:58d25f2d4b7cc400aeb30c64,2021-06-23,250000.0
lrm_auctions:subastas_2021_46:58d25f2d4b7cc400aeb30c64,2021-07-28,325000.0
lrm_auctions:subastas_2021_46:58d25f2d4b7cc400aeb30c64,2021-08-25,65000.0
lrm_auctions:subastas_2021_46:58d25f2d4b7cc400aeb30c64,2021-10-27,10000.0
lrm_auctions:subastas_2021_46:58d25f2d4b7cc400aeb30c64,2021-11-24,70000.0
lrm_auctions:subastas_2021_46:58d25f2d4b7cc400aeb30c64,2021-12-22,350000.0
lrm_auctions:subastas_2021_47:bb79738bc541d407c321f056,2021-01-27,355000.0
lrm_auctions:subastas_2021_47:bb79738bc541d407c321f056,2021-02-24,215000.0
lrm_auctions:subastas_2021_47:bb79738bc541d407c321f056,2021-03-24,100000.0
lrm_auctions:subastas_2021_47:bb79738bc541d407c321f056,2021-04-28,80000.0
lrm_auctions:subastas_2021_47:bb79738bc541d407c321f056,2021-05-26,495000.0
lrm_auctions:subastas_2021_47:bb79738bc541d407c321f056,2021-06-23,250000.0
lrm_auctions:subastas_2021_47:bb79738bc541d407c321f056,2021-07-28,325000.0
lrm_auctions:subastas_2021_47:bb79738bc541d407c321f056,2021-08-25,60000.0
lrm_auctions:subastas_2021_47:bb79738bc541d407c321f056,2021-10-27,10000.0
lrm_auctions:subastas_2021_47:bb79738bc541d407c321f056,2021-11-24,70000.0
lrm_auctions:subastas_2021_47:bb79738bc541d407c321f056,2021-12-22,345000.0
lrm_auctions:subastas_2021_48:86cf914be106c1ef4c652627,2021-01-27,6.0
lrm_auctions:subastas_2021_48:86cf914be106c1ef4c652627,2021-02-24,5.0
lrm_auctions:subastas_2021_48:86cf914be106c1ef4c652627,2021-03-24,4.0
lrm_auctions:subastas_2021_48:86cf914be106c1ef4c652627,2021-04-28,6.0
lrm_auctions:subastas_2021_48:86cf914be106c1ef4c652627,2021-05-26,6.0
lrm_auctions:subastas_2021_48:86cf914be106c1ef4c652627,2021-06-23,3.0
lrm_auctions:subastas_2021_48:86cf914be106c1ef4c652627,2021-07-28,4.0
lrm_auctions:subastas_2021_48:86cf914be106c1ef4c652627,2021-08-25,3.0
lrm_auctions:subastas_2021_48:86cf914be106c1ef4c652627,2021-10-27,1.0
lrm_auctions:subastas_2021_48:86cf914be106c1ef4c652627,2021-11-24,3.0
lrm_auctions:subastas_2021_48:86cf914be106c1ef4c652627,2021-12-22,7.0
lrm_auctions:subastas_2021_49:66ee0fb711ef0cdccd87f353,2021-01-27,4.0
lrm_auctions:subastas_2021_49:66ee0fb711ef0cdccd87f353,2021-02-24,3.0
lrm_auctions:subastas_2021_49:66ee0fb711ef0cdccd87f353,2021-03-24,3.0
lrm_auctions:subastas_2021_49:66ee0fb711ef0cdccd87f353,2021-04-28,3.0
lrm_auctions:subastas_2021_49:66ee0fb711ef0cdccd87f353,2021-05-26,5.0
lrm_auctions:subastas_2021_49:66ee0fb711ef0cdccd87f353,2021-06-23,3.0
lrm_auctions:subastas_2021_49:66ee0fb711ef0cdccd87f353,2021-07-28,4.0
lrm_auctions:subastas_2021_49:66ee0fb711ef0cdccd87f353,2021-08-25,2.0
lrm_auctions:subastas_2021_49:66ee0fb711ef0cdccd87f353,2021-10-27,1.0
lrm_auctions:subastas_2021_49:66ee0fb711ef0cdccd87f353,2021-11-24,3.0
lrm_auctions:subastas_2021_49:66ee0fb711ef0cdccd87f353,2021-12-22,6.0
lrm_auctions:subastas_2021_4:010d5d8f25a1089f65a054b4,2021-01-27,2.0
lrm_auctions:subastas_2021_4:010d5d8f25a1089f65a054b4,2021-02-24,3.0
lrm_auctions:subastas_2021_4:010d5d8f25a1089f65a054b4,2021-04-28,3.0
lrm_auctions:subastas_2021_4:010d5d8f25a1089f65a054b4,2021-05-26,3.0
lrm_auctions:subastas_2021_4:010d5d8f25a1089f65a054b4,2021-07-28,2.0
lrm_auctions:subastas_2021_4:010d5d8f25a1089f65a054b4,2021-08-25,7.0
lrm_auctions:subastas_2021_4:010d5d8f25a1089f65a054b4,2021-10-27,9.0
lrm_auctions:subastas_2021_4:010d5d8f25a1089f65a054b4,2021-11-24,12.0
lrm_auctions:subastas_2021_50:b4b5e2722f88ce742b672651,2021-01-27,1.4353658536585365
lrm_auctions:subastas_2021_50:b4b5e2722f88ce742b672651,2021-02-24,1.4016981132075472
lrm_auctions:subastas_2021_50:b4b5e2722f88ce742b672651,2021-03-24,1.4
lrm_auctions:subastas_2021_50:b4b5e2722f88ce742b672651,2021-04-28,1.33875
lrm_auctions:subastas_2021_50:b4b5e2722f88ce742b672651,2021-05-26,1.2792233009708738
lrm_auctions:subastas_2021_50:b4b5e2722f88ce742b672651,2021-06-23,1.299
lrm_auctions:subastas_2021_50:b4b5e2722f88ce742b672651,2021-07-28,1.325076923076923
lrm_auctions:subastas_2021_50:b4b5e2722f88ce742b672651,2021-08-25,1.616923076923077
lrm_auctions:subastas_2021_50:b4b5e2722f88ce742b672651,2021-10-27,5.75
lrm_auctions:subastas_2021_50:b4b5e2722f88ce742b672651,2021-11-24,5.857142857142857
lrm_auctions:subastas_2021_50:b4b5e2722f88ce742b672651,2021-12-22,6.78
lrm_auctions:subastas_2021_51:5b52d906236d2d89df7e4f26,2021-01-27,1.2
lrm_auctions:subastas_2021_51:5b52d906236d2d89df7e4f26,2021-02-24,1.27
lrm_auctions:subastas_2021_51:5b52d906236d2d89df7e4f26,2021-03-24,1.35
lrm_auctions:subastas_2021_51:5b52d906236d2d89df7e4f26,2021-04-28,1.25
lrm_auctions:subastas_2021_51:5b52d906236d2d89df7e4f26,2021-05-26,1.24
lrm_auctions:subastas_2021_51:5b52d906236d2d89df7e4f26,2021-06-23,1.29
lrm_auctions:subastas_2021_51:5b52d906236d2d89df7e4f26,2021-07-28,1.3
lrm_auctions:subastas_2021_51:5b52d906236d2d89df7e4f26,2021-08-25,1.6
lrm_auctions:subastas_2021_51:5b52d906236d2d89df7e4f26,2021-10-27,5.75
lrm_auctions:subastas_2021_51:5b52d906236d2d89df7e4f26,2021-11-24,5.75
lrm_auctions:subastas_2021_51:5b52d906236d2d89df7e4f26,2021-12-22,6.2
lrm_auctions:subastas_2021_52:b2c88d501014eb0123d6c0ed,2021-01-27,3.0
lrm_auctions:subastas_2021_52:b2c88d501014eb0123d6c0ed,2021-02-24,2.0
lrm_auctions:subastas_2021_52:b2c88d501014eb0123d6c0ed,2021-03-24,1.5
lrm_auctions:subastas_2021_52:b2c88d501014eb0123d6c0ed,2021-04-28,2.0
lrm_auctions:subastas_2021_52:b2c88d501014eb0123d6c0ed,2021-05-26,1.4
lrm_auctions:subastas_2021_52:b2c88d501014eb0123d6c0ed,2021-06-23,1.3
lrm_auctions:subastas_2021_52:b2c88d501014eb0123d6c0ed,2021-07-28,1.39
lrm_auctions:subastas_2021_52:b2c88d501014eb0123d6c0ed,2021-08-25,1.74
lrm_auctions:subastas_2021_52:b2c88d501014eb0123d6c0ed,2021-10-27,5.75
lrm_auctions:subastas_2021_52:b2c88d501014eb0123d6c0ed,2021-11-24,6.25
lrm_auctions:subastas_2021_52:b2c88d501014eb0123d6c0ed,2021-12-22,7.1
lrm_auctions:subastas_2021_53:e182cba0234af1e753eb02fd,2021-01-27,1.3338028169014085
lrm_auctions:subastas_2021_53:e182cba0234af1e753eb02fd,2021-02-24,1.3346511627906976
lrm_auctions:subastas_2021_53:e182cba0234af1e753eb02fd,2021-03-24,1.35
lrm_auctions:subastas_2021_53:e182cba0234af1e753eb02fd,2021-04-28,1.28125
lrm_auctions:subastas_2021_53:e182cba0234af1e753eb02fd,2021-05-26,1.2773737373737373
lrm_auctions:subastas_2021_53:e182cba0234af1e753eb02fd,2021-06-23,1.299
lrm_auctions:subastas_2021_53:e182cba0234af1e753eb02fd,2021-07-28,1.325076923076923
lrm_auctions:subastas_2021_53:e182cba0234af1e753eb02fd,2021-08-25,1.6066666666666667
lrm_auctions:subastas_2021_53:e182cba0234af1e753eb02fd,2021-10-27,5.75
lrm_auctions:subastas_2021_53:e182cba0234af1e753eb02fd,2021-11-24,5.857142857142857
lrm_auctions:subastas_2021_53:e182cba0234af1e753eb02fd,2021-12-22,6.77536231884058
lrm_auctions:subastas_2021_54:57e63b12970a0708ed266b9b,2021-01-27,1.2
lrm_auctions:subastas_2021_54:57e63b12970a0708ed266b9b,2021-02-24,1.27
lrm_auctions:subastas_2021_54:57e63b12970a0708ed266b9b,2021-03-24,1.35
lrm_auctions:subastas_2021_54:57e63b12970a0708ed266b9b,2021-04-28,1.25
lrm_auctions:subastas_2021_54:57e63b12970a0708ed266b9b,2021-05-26,1.24
lrm_auctions:subastas_2021_54:57e63b12970a0708ed266b9b,2021-06-23,1.29
lrm_auctions:subastas_2021_54:57e63b12970a0708ed266b9b,2021-07-28,1.3
lrm_auctions:subastas_2021_54:57e63b12970a0708ed266b9b,2021-08-25,1.6
lrm_auctions:subastas_2021_54:57e63b12970a0708ed266b9b,2021-10-27,5.75
lrm_auctions:subastas_2021_54:57e63b12970a0708ed266b9b,2021-11-24,5.75
lrm_auctions:subastas_2021_54:57e63b12970a0708ed266b9b,2021-12-22,6.2
lrm_auctions:subastas_2021_55:9762b95e07549b447d3c4e96,2021-01-27,1.35
lrm_auctions:subastas_2021_55:9762b95e07549b447d3c4e96,2021-02-24,1.35
lrm_auctions:subastas_2021_55:9762b95e07549b447d3c4e96,2021-03-24,1.35
lrm_auctions:subastas_2021_55:9762b95e07549b447d3c4e96,2021-04-28,1.3
lrm_auctions:subastas_2021_55:9762b95e07549b447d3c4e96,2021-05-26,1.3
lrm_auctions:subastas_2021_55:9762b95e07549b447d3c4e96,2021-06-23,1.3
lrm_auctions:subastas_2021_55:9762b95e07549b447d3c4e96,2021-07-28,1.39
lrm_auctions:subastas_2021_55:9762b95e07549b447d3c4e96,2021-08-25,1.64
lrm_auctions:subastas_2021_55:9762b95e07549b447d3c4e96,2021-10-27,5.75
lrm_auctions:subastas_2021_55:9762b95e07549b447d3c4e96,2021-11-24,6.25
lrm_auctions:subastas_2021_55:9762b95e07549b447d3c4e96,2021-12-22,7.0
lrm_auctions:subastas_2021_56:4bf6da531b85de74e05a06a8,2021-01-27,0.0
lrm_auctions:subastas_2021_56:4bf6da531b85de74e05a06a8,2021-02-24,0.0
lrm_auctions:subastas_2021_56:4bf6da531b85de74e05a06a8,2021-04-28,0.0
lrm_auctions:subastas_2021_57:ee0d4c3a94f7908ff04d5f39,2021-01-27,315000.0
lrm_auctions:subastas_2021_57:ee0d4c3a94f7908ff04d5f39,2021-02-24,200000.0
lrm_auctions:subastas_2021_57:ee0d4c3a94f7908ff04d5f39,2021-04-28,255000.0
lrm_auctions:subastas_2021_57:ee0d4c3a94f7908ff04d5f39,2021-05-26,830000.0
lrm_auctions:subastas_2021_57:ee0d4c3a94f7908ff04d5f39,2021-06-23,435000.0
lrm_auctions:subastas_2021_57:ee0d4c3a94f7908ff04d5f39,2021-07-28,125000.0
lrm_auctions:subastas_2021_57:ee0d4c3a94f7908ff04d5f39,2021-08-25,15000.0
lrm_auctions:subastas_2021_57:ee0d4c3a94f7908ff04d5f39,2021-10-27,10000.0
lrm_auctions:subastas_2021_57:ee0d4c3a94f7908ff04d5f39,2021-11-24,120000.0
lrm_auctions:subastas_2021_58:eea18eee3ecdee3e28e66da9,2021-01-27,210000.0
lrm_auctions:subastas_2021_58:eea18eee3ecdee3e28e66da9,2021-02-24,145000.0
lrm_auctions:subastas_2021_58:eea18eee3ecdee3e28e66da9,2021-04-28,100000.0
lrm_auctions:subastas_2021_58:eea18eee3ecdee3e28e66da9,2021-05-26,440000.0
lrm_auctions:subastas_2021_58:eea18eee3ecdee3e28e66da9,2021-06-23,435000.0
lrm_auctions:subastas_2021_58:eea18eee3ecdee3e28e66da9,2021-07-28,125000.0
lrm_auctions:subastas_2021_58:eea18eee3ecdee3e28e66da9,2021-08-25,10000.0
lrm_auctions:subastas_2021_58:eea18eee3ecdee3e28e66da9,2021-10-27,10000.0
lrm_auctions:subastas_2021_58:eea18eee3ecdee3e28e66da9,2021-11-24,110000.0
lrm_auctions:subastas_2021_59:57b628dd262c8254a68a400f,2021-01-27,8.0
lrm_auctions:subastas_2021_59:57b628dd262c8254a68a400f,2021-02-24,6.0
lrm_auctions:subastas_2021_59:57b628dd262c8254a68a400f,2021-04-28,4.0
lrm_auctions:subastas_2021_59:57b628dd262c8254a68a400f,2021-05-26,5.0
lrm_auctions:subastas_2021_59:57b628dd262c8254a68a400f,2021-06-23,4.0
lrm_auctions:subastas_2021_59:57b628dd262c8254a68a400f,2021-07-28,3.0
lrm_auctions:subastas_2021_59:57b628dd262c8254a68a400f,2021-08-25,2.0
lrm_auctions:subastas_2021_59:57b628dd262c8254a68a400f,2021-10-27,1.0
lrm_auctions:subastas_2021_59:57b628dd262c8254a68a400f,2021-11-24,4.0
lrm_auctions:subastas_2021_5:fc2d241f5907da61bc006a54,2021-01-27,1.0
lrm_auctions:subastas_2021_5:fc2d241f5907da61bc006a54,2021-02-24,3.0
lrm_auctions:subastas_2021_5:fc2d241f5907da61bc006a54,2021-04-28,3.0
lrm_auctions:subastas_2021_5:fc2d241f5907da61bc006a54,2021-05-26,3.0
lrm_auctions:subastas_2021_5:fc2d241f5907da61bc006a54,2021-07-28,2.0
lrm_auctions:subastas_2021_5:fc2d241f5907da61bc006a54,2021-08-25,7.0
lrm_auctions:subastas_2021_5:fc2d241f5907da61bc006a54,2021-10-27,9.0
lrm_auctions:subastas_2021_5:fc2d241f5907da61bc006a54,2021-11-24,12.0
lrm_auctions:subastas_2021_60:0e6c1578bd5d6820b9d67c61,2021-01-27,4.0
lrm_auctions:subastas_2021_60:0e6c1578bd5d6820b9d67c61,2021-02-24,3.0
lrm_auctions:subastas_2021_60:0e6c1578bd5d6820b9d67c61,2021-04-28,1.0
lrm_auctions:subastas_2021_60:0e6c1578bd5d6820b9d67c61,2021-05-26,2.0
lrm_auctions:subastas_2021_60:0e6c1578bd5d6820b9d67c61,2021-06-23,4.0
lrm_auctions:subastas_2021_60:0e6c1578bd5d6820b9d67c61,2021-07-28,3.0
lrm_auctions:subastas_2021_60:0e6c1578bd5d6820b9d67c61,2021-08-25,1.0
lrm_auctions:subastas_2021_60:0e6c1578bd5d6820b9d67c61,2021-10-27,1.0
lrm_auctions:subastas_2021_60:0e6c1578bd5d6820b9d67c61,2021-11-24,3.0
lrm_auctions:subastas_2021_61:492f3999a838cd04f14590a4,2021-01-27,2.1144444444444446
lrm_auctions:subastas_2021_61:492f3999a838cd04f14590a4,2021-02-24,2.09375
lrm_auctions:subastas_2021_61:492f3999a838cd04f14590a4,2021-04-28,1.9294117647058824
lrm_auctions:subastas_2021_61:492f3999a838cd04f14590a4,2021-05-26,1.8073493975903614
lrm_auctions:subastas_2021_61:492f3999a838cd04f14590a4,2021-06-23,1.8126436781609196
lrm_auctions:subastas_2021_61:492f3999a838cd04f14590a4,2021-07-28,1.9092
lrm_auctions:subastas_2021_61:492f3999a838cd04f14590a4,2021-08-25,2.223333333333333
lrm_auctions:subastas_2021_61:492f3999a838cd04f14590a4,2021-10-27,6.5
lrm_auctions:subastas_2021_61:492f3999a838cd04f14590a4,2021-11-24,6.791666666666667
lrm_auctions:subastas_2021_62:0a1131f4a687bbd9d1b5e92b,2021-01-27,1.94
lrm_auctions:subastas_2021_62:0a1131f4a687bbd9d1b5e92b,2021-02-24,1.95
lrm_auctions:subastas_2021_62:0a1131f4a687bbd9d1b5e92b,2021-04-28,1.84
lrm_auctions:subastas_2021_62:0a1131f4a687bbd9d1b5e92b,2021-05-26,1.73
lrm_auctions:subastas_2021_62:0a1131f4a687bbd9d1b5e92b,2021-06-23,1.75
lrm_auctions:subastas_2021_62:0a1131f4a687bbd9d1b5e92b,2021-07-28,1.84
lrm_auctions:subastas_2021_62:0a1131f4a687bbd9d1b5e92b,2021-08-25,2.19
lrm_auctions:subastas_2021_62:0a1131f4a687bbd9d1b5e92b,2021-10-27,6.5
lrm_auctions:subastas_2021_62:0a1131f4a687bbd9d1b5e92b,2021-11-24,6.5
lrm_auctions:subastas_2021_63:d39b6838f8819b2de0ec3672,2021-01-27,3.25
lrm_auctions:subastas_2021_63:d39b6838f8819b2de0ec3672,2021-02-24,2.6
lrm_auctions:subastas_2021_63:d39b6838f8819b2de0ec3672,2021-04-28,2.0
lrm_auctions:subastas_2021_63:d39b6838f8819b2de0ec3672,2021-05-26,1.9
lrm_auctions:subastas_2021_63:d39b6838f8819b2de0ec3672,2021-06-23,1.84
lrm_auctions:subastas_2021_63:d39b6838f8819b2de0ec3672,2021-07-28,1.94
lrm_auctions:subastas_2021_63:d39b6838f8819b2de0ec3672,2021-08-25,2.29
lrm_auctions:subastas_2021_63:d39b6838f8819b2de0ec3672,2021-10-27,6.5
lrm_auctions:subastas_2021_63:d39b6838f8819b2de0ec3672,2021-11-24,7.25
lrm_auctions:subastas_2021_64:9d92cdb1155eb126d248cd3d,2021-01-27,1.9861904761904763
lrm_auctions:subastas_2021_64:9d92cdb1155eb126d248cd3d,2021-02-24,2.0017241379310344
lrm_auctions:subastas_2021_64:9d92cdb1155eb126d248cd3d,2021-04-28,1.84
lrm_auctions:subastas_2021_64:9d92cdb1155eb126d248cd3d,2021-05-26,1.7777272727272728
lrm_auctions:subastas_2021_64:9d92cdb1155eb126d248cd3d,2021-06-23,1.8126436781609196
lrm_auctions:subastas_2021_64:9d92cdb1155eb126d248cd3d,2021-07-28,1.9092
lrm_auctions:subastas_2021_64:9d92cdb1155eb126d248cd3d,2021-08-25,2.19
lrm_auctions:subastas_2021_64:9d92cdb1155eb126d248cd3d,2021-10-27,6.5
lrm_auctions:subastas_2021_64:9d92cdb1155eb126d248cd3d,2021-11-24,6.75
lrm_auctions:subastas_2021_65:9e65b04aa01c99458d690df0,2021-01-27,1.94
lrm_auctions:subastas_2021_65:9e65b04aa01c99458d690df0,2021-02-24,1.95
lrm_auctions:subastas_2021_65:9e65b04aa01c99458d690df0,2021-04-28,1.84
lrm_auctions:subastas_2021_65:9e65b04aa01c99458d690df0,2021-05-26,1.73
lrm_auctions:subastas_2021_65:9e65b04aa01c99458d690df0,2021-06-23,1.75
lrm_auctions:subastas_2021_65:9e65b04aa01c99458d690df0,2021-07-28,1.84
lrm_auctions:subastas_2021_65:9e65b04aa01c99458d690df0,2021-08-25,2.19
lrm_auctions:subastas_2021_65:9e65b04aa01c99458d690df0,2021-10-27,6.5
lrm_auctions:subastas_2021_65:9e65b04aa01c99458d690df0,2021-11-24,6.5
lrm_auctions:subastas_2021_66:af2e7749cfc1023bb5b38c17,2021-01-27,2.01
lrm_auctions:subastas_2021_66:af2e7749cfc1023bb5b38c17,2021-02-24,2.01
lrm_auctions:subastas_2021_66:af2e7749cfc1023bb5b38c17,2021-04-28,1.84
lrm_auctions:subastas_2021_66:af2e7749cfc1023bb5b38c17,2021-05-26,1.8
lrm_auctions:subastas_2021_66:af2e7749cfc1023bb5b38c17,2021-06-23,1.84
lrm_auctions:subastas_2021_66:af2e7749cfc1023bb5b38c17,2021-07-28,1.94
lrm_auctions:subastas_2021_66:af2e7749cfc1023bb5b38c17,2021-08-25,2.19
lrm_auctions:subastas_2021_66:af2e7749cfc1023bb5b38c17,2021-10-27,6.5
lrm_auctions:subastas_2021_66:af2e7749cfc1023bb5b38c17,2021-11-24,7.0
lrm_auctions:subastas_2021_67:9ff1f873cad70f007841d6fb,2021-02-24,0.0
lrm_auctions:subastas_2021_68:d4cc1cdb36214c28468b77c6,2021-02-24,320000.0
lrm_auctions:subastas_2021_68:d4cc1cdb36214c28468b77c6,2021-03-24,260000.0
lrm_auctions:subastas_2021_68:d4cc1cdb36214c28468b77c6,2021-05-26,200000.0
lrm_auctions:subastas_2021_68:d4cc1cdb36214c28468b77c6,2021-08-25,510000.0
lrm_auctions:subastas_2021_68:d4cc1cdb36214c28468b77c6,2021-09-22,565000.0
lrm_auctions:subastas_2021_68:d4cc1cdb36214c28468b77c6,2021-11-24,100000.0
lrm_auctions:subastas_2021_68:d4cc1cdb36214c28468b77c6,2021-12-22,130000.0
lrm_auctions:subastas_2021_69:513730b0cd1cc3e0f815fbea,2021-02-24,220000.0
lrm_auctions:subastas_2021_69:513730b0cd1cc3e0f815fbea,2021-03-24,260000.0
lrm_auctions:subastas_2021_69:513730b0cd1cc3e0f815fbea,2021-05-26,200000.0
lrm_auctions:subastas_2021_69:513730b0cd1cc3e0f815fbea,2021-08-25,510000.0
lrm_auctions:subastas_2021_69:513730b0cd1cc3e0f815fbea,2021-09-22,565000.0
lrm_auctions:subastas_2021_69:513730b0cd1cc3e0f815fbea,2021-11-24,100000.0
lrm_auctions:subastas_2021_69:513730b0cd1cc3e0f815fbea,2021-12-22,130000.0
lrm_auctions:subastas_2021_6:964a1e7acc58cf13bdd974d0,2021-01-27,0.525609756097561
lrm_auctions:subastas_2021_6:964a1e7acc58cf13bdd974d0,2021-02-24,0.5228915662650603
lrm_auctions:subastas_2021_6:964a1e7acc58cf13bdd974d0,2021-04-28,0.54
lrm_auctions:subastas_2021_6:964a1e7acc58cf13bdd974d0,2021-05-26,0.5351690821256039
lrm_auctions:subastas_2021_6:964a1e7acc58cf13bdd974d0,2021-07-28,0.5393324432576769
lrm_auctions:subastas_2021_6:964a1e7acc58cf13bdd974d0,2021-08-25,0.7946783625730994
lrm_auctions:subastas_2021_6:964a1e7acc58cf13bdd974d0,2021-10-27,2.7901136363636363
lrm_auctions:subastas_2021_6:964a1e7acc58cf13bdd974d0,2021-11-24,3.987431693989071
lrm_auctions:subastas_2021_70:6b5c01714ee506155b1fe3f6,2021-02-24,3.0
lrm_auctions:subastas_2021_70:6b5c01714ee506155b1fe3f6,2021-03-24,2.0
lrm_auctions:subastas_2021_70:6b5c01714ee506155b1fe3f6,2021-05-26,2.0
lrm_auctions:subastas_2021_70:6b5c01714ee506155b1fe3f6,2021-08-25,3.0
lrm_auctions:subastas_2021_70:6b5c01714ee506155b1fe3f6,2021-09-22,6.0
lrm_auctions:subastas_2021_70:6b5c01714ee506155b1fe3f6,2021-11-24,1.0
lrm_auctions:subastas_2021_70:6b5c01714ee506155b1fe3f6,2021-12-22,2.0
lrm_auctions:subastas_2021_71:e2be2668c3575b2f20f6c41b,2021-02-24,2.0
lrm_auctions:subastas_2021_71:e2be2668c3575b2f20f6c41b,2021-03-24,2.0
lrm_auctions:subastas_2021_71:e2be2668c3575b2f20f6c41b,2021-05-26,2.0
lrm_auctions:subastas_2021_71:e2be2668c3575b2f20f6c41b,2021-08-25,3.0
lrm_auctions:subastas_2021_71:e2be2668c3575b2f20f6c41b,2021-09-22,6.0
lrm_auctions:subastas_2021_71:e2be2668c3575b2f20f6c41b,2021-11-24,1.0
lrm_auctions:subastas_2021_71:e2be2668c3575b2f20f6c41b,2021-12-22,2.0
lrm_auctions:subastas_2021_72:4c6ee82fab987afd287f64c7,2021-02-24,0.591875
lrm_auctions:subastas_2021_72:4c6ee82fab987afd287f64c7,2021-03-24,0.5699999999999998
lrm_auctions:subastas_2021_72:4c6ee82fab987afd287f64c7,2021-05-26,0.565
lrm_auctions:subastas_2021_72:4c6ee82fab987afd287f64c7,2021-08-25,0.9288235294117647
lrm_auctions:subastas_2021_72:4c6ee82fab987afd287f64c7,2021-09-22,1.6079646017699114
lrm_auctions:subastas_2021_72:4c6ee82fab987afd287f64c7,2021-11-24,5.1
lrm_auctions:subastas_2021_72:4c6ee82fab987afd287f64c7,2021-12-22,5.219230769230769
lrm_auctions:subastas_2021_73:a521249d959ea7180d2956bb,2021-02-24,0.57
lrm_auctions:subastas_2021_73:a521249d959ea7180d2956bb,2021-03-24,0.57
lrm_auctions:subastas_2021_73:a521249d959ea7180d2956bb,2021-05-26,0.56
lrm_auctions:subastas_2021_73:a521249d959ea7180d2956bb,2021-08-25,0.82
lrm_auctions:subastas_2021_73:a521249d959ea7180d2956bb,2021-09-22,1.4
lrm_auctions:subastas_2021_73:a521249d959ea7180d2956bb,2021-11-24,5.1
lrm_auctions:subastas_2021_73:a521249d959ea7180d2956bb,2021-12-22,5.15
lrm_auctions:subastas_2021_74:bf720db09a600af58693674d,2021-02-24,0.64
lrm_auctions:subastas_2021_74:bf720db09a600af58693674d,2021-03-24,0.57
lrm_auctions:subastas_2021_74:bf720db09a600af58693674d,2021-05-26,0.57
lrm_auctions:subastas_2021_74:bf720db09a600af58693674d,2021-08-25,0.93
lrm_auctions:subastas_2021_74:bf720db09a600af58693674d,2021-09-22,1.7
lrm_auctions:subastas_2021_74:bf720db09a600af58693674d,2021-11-24,5.1
lrm_auctions:subastas_2021_74:bf720db09a600af58693674d,2021-12-22,6.05
lrm_auctions:subastas_2021_75:d1f66421ecf147c9c96cee79,2021-02-24,0.57
lrm_auctions:subastas_2021_75:d1f66421ecf147c9c96cee79,2021-03-24,0.5699999999999998
lrm_auctions:subastas_2021_75:d1f66421ecf147c9c96cee79,2021-05-26,0.565
lrm_auctions:subastas_2021_75:d1f66421ecf147c9c96cee79,2021-08-25,0.9288235294117647
lrm_auctions:subastas_2021_75:d1f66421ecf147c9c96cee79,2021-09-22,1.6079646017699114
lrm_auctions:subastas_2021_75:d1f66421ecf147c9c96cee79,2021-11-24,5.1
lrm_auctions:subastas_2021_75:d1f66421ecf147c9c96cee79,2021-12-22,5.219230769230769
lrm_auctions:subastas_2021_76:07e39dcdda634d9a1a4e52ad,2021-02-24,0.57
lrm_auctions:subastas_2021_76:07e39dcdda634d9a1a4e52ad,2021-03-24,0.57
lrm_auctions:subastas_2021_76:07e39dcdda634d9a1a4e52ad,2021-05-26,0.56
lrm_auctions:subastas_2021_76:07e39dcdda634d9a1a4e52ad,2021-08-25,0.82
lrm_auctions:subastas_2021_76:07e39dcdda634d9a1a4e52ad,2021-09-22,1.4
lrm_auctions:subastas_2021_76:07e39dcdda634d9a1a4e52ad,2021-11-24,5.1
lrm_auctions:subastas_2021_76:07e39dcdda634d9a1a4e52ad,2021-12-22,5.15
lrm_auctions:subastas_2021_77:8d17a06b79a2cc8390174bbf,2021-02-24,0.57
lrm_auctions:subastas_2021_77:8d17a06b79a2cc8390174bbf,2021-03-24,0.57
lrm_auctions:subastas_2021_77:8d17a06b79a2cc8390174bbf,2021-05-26,0.57
lrm_auctions:subastas_2021_77:8d17a06b79a2cc8390174bbf,2021-08-25,0.93
lrm_auctions:subastas_2021_77:8d17a06b79a2cc8390174bbf,2021-09-22,1.7
lrm_auctions:subastas_2021_77:8d17a06b79a2cc8390174bbf,2021-11-24,5.1
lrm_auctions:subastas_2021_77:8d17a06b79a2cc8390174bbf,2021-12-22,6.05
lrm_auctions:subastas_2021_78:fc22729f3313615a9203476a,2021-03-24,1000000.0
lrm_auctions:subastas_2021_78:fc22729f3313615a9203476a,2021-09-22,1490000.0
lrm_auctions:subastas_2021_78:fc22729f3313615a9203476a,2021-12-22,455000.0
lrm_auctions:subastas_2021_79:5aec5344e114c688c24f3cfd,2021-03-24,650000.0
lrm_auctions:subastas_2021_79:5aec5344e114c688c24f3cfd,2021-09-22,1490000.0
lrm_auctions:subastas_2021_79:5aec5344e114c688c24f3cfd,2021-12-22,455000.0
lrm_auctions:subastas_2021_7:a2c726f33786f143af341123,2021-01-27,0.52
lrm_auctions:subastas_2021_7:a2c726f33786f143af341123,2021-02-24,0.52
lrm_auctions:subastas_2021_7:a2c726f33786f143af341123,2021-04-28,0.54
lrm_auctions:subastas_2021_7:a2c726f33786f143af341123,2021-05-26,0.53
lrm_auctions:subastas_2021_7:a2c726f33786f143af341123,2021-07-28,0.53
lrm_auctions:subastas_2021_7:a2c726f33786f143af341123,2021-08-25,0.78
lrm_auctions:subastas_2021_7:a2c726f33786f143af341123,2021-10-27,2.62
lrm_auctions:subastas_2021_7:a2c726f33786f143af341123,2021-11-24,3.9
lrm_auctions:subastas_2021_80:fa2f58987deec1386218e267,2021-03-24,1.0
lrm_auctions:subastas_2021_80:fa2f58987deec1386218e267,2021-09-22,6.0
lrm_auctions:subastas_2021_80:fa2f58987deec1386218e267,2021-12-22,3.0
lrm_auctions:subastas_2021_81:d45f7c455271a36d9f87aa52,2021-03-24,1.0
lrm_auctions:subastas_2021_81:d45f7c455271a36d9f87aa52,2021-09-22,6.0
lrm_auctions:subastas_2021_81:d45f7c455271a36d9f87aa52,2021-12-22,3.0
lrm_auctions:subastas_2021_82:b09aacb562341369ce00cbcb,2021-03-24,0.54
lrm_auctions:subastas_2021_82:b09aacb562341369ce00cbcb,2021-09-22,1.3724832214765101
lrm_auctions:subastas_2021_82:b09aacb562341369ce00cbcb,2021-12-22,5.043956043956044
lrm_auctions:subastas_2021_83:5dac7e8944fc9c4ab5605db6,2021-03-24,0.54
lrm_auctions:subastas_2021_83:5dac7e8944fc9c4ab5605db6,2021-09-22,1.3
lrm_auctions:subastas_2021_83:5dac7e8944fc9c4ab5605db6,2021-12-22,5.0
lrm_auctions:subastas_2021_84:7f8c29f6df4d56cb04fd1f67,2021-03-24,0.54
lrm_auctions:subastas_2021_84:7f8c29f6df4d56cb04fd1f67,2021-09-22,1.42
lrm_auctions:subastas_2021_84:7f8c29f6df4d56cb04fd1f67,2021-12-22,5.4
lrm_auctions:subastas_2021_85:cf0cd36a472795f63988f1ad,2021-03-24,0.54
lrm_auctions:subastas_2021_85:cf0cd36a472795f63988f1ad,2021-09-22,1.3724832214765101
lrm_auctions:subastas_2021_85:cf0cd36a472795f63988f1ad,2021-12-22,5.043956043956044
lrm_auctions:subastas_2021_86:8593b0fd7a59100882b72087,2021-03-24,0.54
lrm_auctions:subastas_2021_86:8593b0fd7a59100882b72087,2021-09-22,1.3
lrm_auctions:subastas_2021_86:8593b0fd7a59100882b72087,2021-12-22,5.0
lrm_auctions:subastas_2021_87:db4d04bed7c47f4e72fbf182,2021-03-24,0.54
lrm_auctions:subastas_2021_87:db4d04bed7c47f4e72fbf182,2021-09-22,1.42
lrm_auctions:subastas_2021_87:db4d04bed7c47f4e72fbf182,2021-12-22,5.4
lrm_auctions:subastas_2021_88:702b30d234583a528a8b322e,2021-03-24,75000.0
lrm_auctions:subastas_2021_88:702b30d234583a528a8b322e,2021-12-22,865000.0
lrm_auctions:subastas_2021_89:cc75095a6da3152284529e7d,2021-03-24,2.0
lrm_auctions:subastas_2021_89:cc75095a6da3152284529e7d,2021-12-22,10.0
lrm_auctions:subastas_2021_8:ad7a529327e2031b99ba55c6,2021-01-27,0.75
lrm_auctions:subastas_2021_8:ad7a529327e2031b99ba55c6,2021-02-24,0.55
lrm_auctions:subastas_2021_8:ad7a529327e2031b99ba55c6,2021-04-28,0.54
lrm_auctions:subastas_2021_8:ad7a529327e2031b99ba55c6,2021-05-26,0.54
lrm_auctions:subastas_2021_8:ad7a529327e2031b99ba55c6,2021-07-28,0.54
lrm_auctions:subastas_2021_8:ad7a529327e2031b99ba55c6,2021-08-25,0.9
lrm_auctions:subastas_2021_8:ad7a529327e2031b99ba55c6,2021-10-27,3.0
lrm_auctions:subastas_2021_8:ad7a529327e2031b99ba55c6,2021-11-24,4.3
lrm_auctions:subastas_2021_90:2e5b9d3c20eb99013f97a873,2021-03-24,2.183333333333333
lrm_auctions:subastas_2021_90:2e5b9d3c20eb99013f97a873,2021-12-22,7.5884393063583815
lrm_auctions:subastas_2021_91:7c22f0dab2c1ad133ca5ff18,2021-03-24,2.05
lrm_auctions:subastas_2021_91:7c22f0dab2c1ad133ca5ff18,2021-12-22,6.85
lrm_auctions:subastas_2021_92:bd44e49ef0de63f7ce67ae25,2021-03-24,2.25
lrm_auctions:subastas_2021_92:bd44e49ef0de63f7ce67ae25,2021-12-22,8.15
lrm_auctions:subastas_2021_93:453e8f11c1454c72a3453daf,2021-12-22,555000.0
lrm_auctions:subastas_2021_94:3d2f0a4dc05234c9fbfc5246,2021-12-22,7.0
lrm_auctions:subastas_2021_95:43f0ddf9ef671fde4eba31bc,2021-12-22,7.357207207207207
lrm_auctions:subastas_2021_96:8739aec9d9e7afaa55117a42,2021-12-22,6.85
lrm_auctions:subastas_2021_97:a630b9e0899d1a4f4ae30133,2021-12-22,7.5
lrm_auctions:subastas_2021_9:908f8f022440bbfbdb65bb24,2021-01-27,0.52
lrm_auctions:subastas_2021_9:908f8f022440bbfbdb65bb24,2021-02-24,0.5228915662650603
lrm_auctions:subastas_2021_9:908f8f022440bbfbdb65bb24,2021-04-28,0.54
lrm_auctions:subastas_2021_9:908f8f022440bbfbdb65bb24,2021-05-26,0.5351690821256039
lrm_auctions:subastas_2021_9:908f8f022440bbfbdb65bb24,2021-07-28,0.5393324432576769
lrm_auctions:subastas_2021_9:908f8f022440bbfbdb65bb24,2021-08-25,0.7946783625730994
lrm_auctions:subastas_2021_9:908f8f022440bbfbdb65bb24,2021-10-27,2.7901136363636363
lrm_auctions:subastas_2021_9:908f8f022440bbfbdb65bb24,2021-11-24,3.987431693989071
lrm_auctions:subastas_2022:3048cae5f3c9742d612cf8b0,2022-01-26,0.0
lrm_auctions:subastas_2022:3048cae5f3c9742d612cf8b0,2022-02-23,0.0
lrm_auctions:subastas_2022:3048cae5f3c9742d612cf8b0,2022-04-27,0.0
lrm_auctions:subastas_2022:3048cae5f3c9742d612cf8b0,2022-05-25,0.0
lrm_auctions:subastas_2022:3048cae5f3c9742d612cf8b0,2022-07-27,0.0
lrm_auctions:subastas_2022_100:34317e3b600a5d9c905e4e0e,2022-03-23,0.0
lrm_auctions:subastas_2022_100:34317e3b600a5d9c905e4e0e,2022-06-22,0.0
lrm_auctions:subastas_2022_101:687359eed35381f1ea3c2a2a,2022-03-23,190000.0
lrm_auctions:subastas_2022_101:687359eed35381f1ea3c2a2a,2022-06-22,252050.0
lrm_auctions:subastas_2022_102:b59a75cade1246e5b1118b9f,2022-03-23,180000.0
lrm_auctions:subastas_2022_102:b59a75cade1246e5b1118b9f,2022-06-22,177050.0
lrm_auctions:subastas_2022_103:05896d317a407e07dc81011c,2022-03-23,7.0
lrm_auctions:subastas_2022_103:05896d317a407e07dc81011c,2022-06-22,8.0
lrm_auctions:subastas_2022_104:3beba1f89bfdcb5880472808,2022-03-23,6.0
lrm_auctions:subastas_2022_104:3beba1f89bfdcb5880472808,2022-06-22,4.0
lrm_auctions:subastas_2022_105:a059479a36d254e1702b3aeb,2022-03-23,8.08421052631579
lrm_auctions:subastas_2022_105:a059479a36d254e1702b3aeb,2022-06-22,9.469609204522913
lrm_auctions:subastas_2022_106:33b667ad83372670b5d5baf4,2022-03-23,7.95
lrm_auctions:subastas_2022_106:33b667ad83372670b5d5baf4,2022-06-22,9.4
lrm_auctions:subastas_2022_107:dd8accda8d966d3bc6079655,2022-03-23,8.7
lrm_auctions:subastas_2022_107:dd8accda8d966d3bc6079655,2022-06-22,9.6
lrm_auctions:subastas_2022_108:e2abf549bed7799cb5501ff8,2022-03-23,8.05
lrm_auctions:subastas_2022_108:e2abf549bed7799cb5501ff8,2022-06-22,9.435837334086417
lrm_auctions:subastas_2022_109:25ca3955f4c9d3729645be8d,2022-03-23,7.95
lrm_auctions:subastas_2022_109:25ca3955f4c9d3729645be8d,2022-06-22,9.4
lrm_auctions:subastas_2022_10:45819eab5b1964d17abc4b91,2022-01-26,5.4
lrm_auctions:subastas_2022_10:45819eab5b1964d17abc4b91,2022-02-23,5.85
lrm_auctions:subastas_2022_10:45819eab5b1964d17abc4b91,2022-04-27,7.05
lrm_auctions:subastas_2022_10:45819eab5b1964d17abc4b91,2022-05-25,7.5
lrm_auctions:subastas_2022_10:45819eab5b1964d17abc4b91,2022-07-27,7.8
lrm_auctions:subastas_2022_10:45819eab5b1964d17abc4b91,2022-09-28,8.4
lrm_auctions:subastas_2022_10:45819eab5b1964d17abc4b91,2022-10-26,8.5
lrm_auctions:subastas_2022_10:45819eab5b1964d17abc4b91,2022-11-23,8.6
lrm_auctions:subastas_2022_110:2b75e274d60a7b8741d68e0a,2022-03-23,8.35
lrm_auctions:subastas_2022_110:2b75e274d60a7b8741d68e0a,2022-06-22,9.5
lrm_auctions:subastas_2022_111:e168ba907d86d66135609ffe,2022-06-22,0.0
lrm_auctions:subastas_2022_112:54cb2a43f0f907b65c5e292d,2022-06-22,90100.0
lrm_auctions:subastas_2022_112:54cb2a43f0f907b65c5e292d,2022-12-21,270000.0
lrm_auctions:subastas_2022_113:8fe9354e9dbffc6520ff92ae,2022-06-22,90100.0
lrm_auctions:subastas_2022_113:8fe9354e9dbffc6520ff92ae,2022-12-21,230000.0
lrm_auctions:subastas_2022_114:e7e1b8fd87c1e28ed0126cc1,2022-06-22,4.0
lrm_auctions:subastas_2022_114:e7e1b8fd87c1e28ed0126cc1,2022-12-21,3.0
lrm_auctions:subastas_2022_115:35cf952804fc72c665c0475a,2022-06-22,4.0
lrm_auctions:subastas_2022_115:35cf952804fc72c665c0475a,2022-12-21,2.0
lrm_auctions:subastas_2022_116:47c7d14958d44202f576a601,2022-06-22,8.476248612652608
lrm_auctions:subastas_2022_116:47c7d14958d44202f576a601,2022-12-21,8.71574074074074
lrm_auctions:subastas_2022_117:a4d118f1fd0175e34946721c,2022-06-22,8.35
lrm_auctions:subastas_2022_117:a4d118f1fd0175e34946721c,2022-12-21,8.7
lrm_auctions:subastas_2022_118:d848ec47042f58bad3407aff,2022-06-22,8.6
lrm_auctions:subastas_2022_118:d848ec47042f58bad3407aff,2022-12-21,8.8
lrm_auctions:subastas_2022_119:66b9d20c01e888f251b5cee9,2022-06-22,8.476248612652608
lrm_auctions:subastas_2022_119:66b9d20c01e888f251b5cee9,2022-12-21,8.701086956521738
lrm_auctions:subastas_2022_11:dc674067b244570b92972daa,2022-01-26,5.77
lrm_auctions:subastas_2022_11:dc674067b244570b92972daa,2022-02-23,6.02
lrm_auctions:subastas_2022_11:dc674067b244570b92972daa,2022-04-27,7.15
lrm_auctions:subastas_2022_11:dc674067b244570b92972daa,2022-05-25,7.5
lrm_auctions:subastas_2022_11:dc674067b244570b92972daa,2022-07-27,8.1
lrm_auctions:subastas_2022_11:dc674067b244570b92972daa,2022-09-28,8.7
lrm_auctions:subastas_2022_11:dc674067b244570b92972daa,2022-10-26,8.7
lrm_auctions:subastas_2022_11:dc674067b244570b92972daa,2022-11-23,8.6
lrm_auctions:subastas_2022_120:4b551f3170b65c380c5f7c82,2022-06-22,8.35
lrm_auctions:subastas_2022_120:4b551f3170b65c380c5f7c82,2022-12-21,8.7
lrm_auctions:subastas_2022_121:a36159cea0b1ae1305daa5f3,2022-06-22,8.6
lrm_auctions:subastas_2022_121:a36159cea0b1ae1305daa5f3,2022-12-21,8.75
lrm_auctions:subastas_2022_122:0a28c3937bc09f0bec5946e1,2022-09-28,65000.0
lrm_auctions:subastas_2022_123:5c24be4b1e09198088c00157,2022-09-28,60000.0
lrm_auctions:subastas_2022_124:41c725b3261fd9cfea43fa23,2022-09-28,4.0
lrm_auctions:subastas_2022_125:f8b7c7c8ee2c88c066f2815c,2022-09-28,3.0
lrm_auctions:subastas_2022_126:7203bf3c80fb87c48fdf000a,2022-09-28,9.590769230769231
lrm_auctions:subastas_2022_127:4f1bec8a17e46dbb05715a57,2022-09-28,9.5
lrm_auctions:subastas_2022_128:85e917227ee5ad6a32b5a894,2022-09-28,9.85
lrm_auctions:subastas_2022_129:2f985e7df702347e82618ef9,2022-09-28,9.569166666666666
lrm_auctions:subastas_2022_12:9a2827311a9e9d33ba6ff349,2022-01-26,0.0
lrm_auctions:subastas_2022_12:9a2827311a9e9d33ba6ff349,2022-04-27,0.0
lrm_auctions:subastas_2022_130:3d609ddf16602571e6fb9854,2022-09-28,9.5
lrm_auctions:subastas_2022_131:12c7f1cb30e71df411315ee9,2022-09-28,9.67
lrm_auctions:subastas_2022_132:702b30d234583a528a8b322e,2022-11-23,680000.0
lrm_auctions:subastas_2022_132:702b30d234583a528a8b322e,2022-12-21,1340000.0
lrm_auctions:subastas_2022_133:453e8f11c1454c72a3453daf,2022-11-23,660000.0
lrm_auctions:subastas_2022_133:453e8f11c1454c72a3453daf,2022-12-21,1000000.0
lrm_auctions:subastas_2022_134:cc75095a6da3152284529e7d,2022-11-23,5.0
lrm_auctions:subastas_2022_134:cc75095a6da3152284529e7d,2022-12-21,11.0
lrm_auctions:subastas_2022_135:3d2f0a4dc05234c9fbfc5246,2022-11-23,4.0
lrm_auctions:subastas_2022_135:3d2f0a4dc05234c9fbfc5246,2022-12-21,10.0
lrm_auctions:subastas_2022_136:2e5b9d3c20eb99013f97a873,2022-11-23,9.822426470588235
lrm_auctions:subastas_2022_136:2e5b9d3c20eb99013f97a873,2022-12-21,9.768022388059702
lrm_auctions:subastas_2022_137:7c22f0dab2c1ad133ca5ff18,2022-11-23,9.75
lrm_auctions:subastas_2022_137:7c22f0dab2c1ad133ca5ff18,2022-12-21,9.4
lrm_auctions:subastas_2022_138:bd44e49ef0de63f7ce67ae25,2022-11-23,9.95
lrm_auctions:subastas_2022_138:bd44e49ef0de63f7ce67ae25,2022-12-21,9.87
lrm_auctions:subastas_2022_139:43f0ddf9ef671fde4eba31bc,2022-11-23,9.818560606060606
lrm_auctions:subastas_2022_139:43f0ddf9ef671fde4eba31bc,2022-12-21,9.73975
lrm_auctions:subastas_2022_13:5beeccad37c0b7f1f2692791,2022-01-26,1350000.0
lrm_auctions:subastas_2022_13:5beeccad37c0b7f1f2692791,2022-04-27,425000.0
lrm_auctions:subastas_2022_13:5beeccad37c0b7f1f2692791,2022-09-28,5000.0
lrm_auctions:subastas_2022_13:5beeccad37c0b7f1f2692791,2022-10-26,15000.0
lrm_auctions:subastas_2022_140:8739aec9d9e7afaa55117a42,2022-11-23,9.75
lrm_auctions:subastas_2022_140:8739aec9d9e7afaa55117a42,2022-12-21,9.4
lrm_auctions:subastas_2022_141:a630b9e0899d1a4f4ae30133,2022-11-23,9.9
lrm_auctions:subastas_2022_141:a630b9e0899d1a4f4ae30133,2022-12-21,9.85
lrm_auctions:subastas_2022_14:efcf4db332ddff7ea118d64c,2022-01-26,1350000.0
lrm_auctions:subastas_2022_14:efcf4db332ddff7ea118d64c,2022-04-27,425000.0
lrm_auctions:subastas_2022_14:efcf4db332ddff7ea118d64c,2022-09-28,5000.0
lrm_auctions:subastas_2022_14:efcf4db332ddff7ea118d64c,2022-10-26,10000.0
lrm_auctions:subastas_2022_15:bc3c70bc79470454e1623143,2022-01-26,7.0
lrm_auctions:subastas_2022_15:bc3c70bc79470454e1623143,2022-04-27,7.0
lrm_auctions:subastas_2022_15:bc3c70bc79470454e1623143,2022-09-28,1.0
lrm_auctions:subastas_2022_15:bc3c70bc79470454e1623143,2022-10-26,2.0
lrm_auctions:subastas_2022_16:9b641e907ff47dfb7bd2d959,2022-01-26,7.0
lrm_auctions:subastas_2022_16:9b641e907ff47dfb7bd2d959,2022-04-27,7.0
lrm_auctions:subastas_2022_16:9b641e907ff47dfb7bd2d959,2022-09-28,1.0
lrm_auctions:subastas_2022_16:9b641e907ff47dfb7bd2d959,2022-10-26,1.0
lrm_auctions:subastas_2022_17:522a9ff86f0c5f3925788c15,2022-01-26,6.284407407407407
lrm_auctions:subastas_2022_17:522a9ff86f0c5f3925788c15,2022-04-27,7.382941176470588
lrm_auctions:subastas_2022_17:522a9ff86f0c5f3925788c15,2022-09-28,8.65
lrm_auctions:subastas_2022_17:522a9ff86f0c5f3925788c15,2022-10-26,8.85
lrm_auctions:subastas_2022_18:f835a7565286472f6064b1eb,2022-01-26,5.95
lrm_auctions:subastas_2022_18:f835a7565286472f6064b1eb,2022-04-27,7.25
lrm_auctions:subastas_2022_18:f835a7565286472f6064b1eb,2022-09-28,8.65
lrm_auctions:subastas_2022_18:f835a7565286472f6064b1eb,2022-10-26,8.8
lrm_auctions:subastas_2022_19:1569b092994575e4f365fd80,2022-01-26,6.42
lrm_auctions:subastas_2022_19:1569b092994575e4f365fd80,2022-04-27,7.65
lrm_auctions:subastas_2022_19:1569b092994575e4f365fd80,2022-09-28,8.65
lrm_auctions:subastas_2022_19:1569b092994575e4f365fd80,2022-10-26,8.95
lrm_auctions:subastas_2022_20:eea99792d3080cc491e41e61,2022-01-26,6.284407407407407
lrm_auctions:subastas_2022_20:eea99792d3080cc491e41e61,2022-04-27,7.382941176470588
lrm_auctions:subastas_2022_20:eea99792d3080cc491e41e61,2022-09-28,8.65
lrm_auctions:subastas_2022_20:eea99792d3080cc491e41e61,2022-10-26,8.8
lrm_auctions:subastas_2022_21:ce4ce2fcd94fb6a8be5ccb97,2022-01-26,5.95
lrm_auctions:subastas_2022_21:ce4ce2fcd94fb6a8be5ccb97,2022-04-27,7.25
lrm_auctions:subastas_2022_21:ce4ce2fcd94fb6a8be5ccb97,2022-09-28,8.65
lrm_auctions:subastas_2022_21:ce4ce2fcd94fb6a8be5ccb97,2022-10-26,8.8
lrm_auctions:subastas_2022_22:66705411d4f15df9e2d9209b,2022-01-26,6.42
lrm_auctions:subastas_2022_22:66705411d4f15df9e2d9209b,2022-04-27,7.65
lrm_auctions:subastas_2022_22:66705411d4f15df9e2d9209b,2022-09-28,8.65
lrm_auctions:subastas_2022_22:66705411d4f15df9e2d9209b,2022-10-26,8.8
lrm_auctions:subastas_2022_23:200bac5a5818f3c1c7f12051,2022-01-26,0.0
lrm_auctions:subastas_2022_23:200bac5a5818f3c1c7f12051,2022-02-23,0.0
lrm_auctions:subastas_2022_23:200bac5a5818f3c1c7f12051,2022-03-23,0.0
lrm_auctions:subastas_2022_23:200bac5a5818f3c1c7f12051,2022-04-27,0.0
lrm_auctions:subastas_2022_23:200bac5a5818f3c1c7f12051,2022-05-25,0.0
lrm_auctions:subastas_2022_23:200bac5a5818f3c1c7f12051,2022-07-27,0.0
lrm_auctions:subastas_2022_24:8d3ad5132b2716a5e9b7d842,2022-01-26,660000.0
lrm_auctions:subastas_2022_24:8d3ad5132b2716a5e9b7d842,2022-02-23,200000.0
lrm_auctions:subastas_2022_24:8d3ad5132b2716a5e9b7d842,2022-03-23,40000.0
lrm_auctions:subastas_2022_24:8d3ad5132b2716a5e9b7d842,2022-04-27,10000.0
lrm_auctions:subastas_2022_24:8d3ad5132b2716a5e9b7d842,2022-05-25,180000.0
lrm_auctions:subastas_2022_24:8d3ad5132b2716a5e9b7d842,2022-07-27,181000.0
lrm_auctions:subastas_2022_24:8d3ad5132b2716a5e9b7d842,2022-08-24,223000.0
lrm_auctions:subastas_2022_24:8d3ad5132b2716a5e9b7d842,2022-10-26,5000.0
lrm_auctions:subastas_2022_24:8d3ad5132b2716a5e9b7d842,2022-11-23,110000.0
lrm_auctions:subastas_2022_25:1796f78ac619b9822b3cdf63,2022-01-26,660000.0
lrm_auctions:subastas_2022_25:1796f78ac619b9822b3cdf63,2022-02-23,200000.0
lrm_auctions:subastas_2022_25:1796f78ac619b9822b3cdf63,2022-03-23,35000.0
lrm_auctions:subastas_2022_25:1796f78ac619b9822b3cdf63,2022-04-27,10000.0
lrm_auctions:subastas_2022_25:1796f78ac619b9822b3cdf63,2022-05-25,10000.0
lrm_auctions:subastas_2022_25:1796f78ac619b9822b3cdf63,2022-07-27,141000.0
lrm_auctions:subastas_2022_25:1796f78ac619b9822b3cdf63,2022-08-24,145000.0
lrm_auctions:subastas_2022_25:1796f78ac619b9822b3cdf63,2022-10-26,5000.0
lrm_auctions:subastas_2022_25:1796f78ac619b9822b3cdf63,2022-11-23,110000.0
lrm_auctions:subastas_2022_26:e98508eba46c33c0a983ce8e,2022-01-26,8.0
lrm_auctions:subastas_2022_26:e98508eba46c33c0a983ce8e,2022-02-23,1.0
lrm_auctions:subastas_2022_26:e98508eba46c33c0a983ce8e,2022-03-23,6.0
lrm_auctions:subastas_2022_26:e98508eba46c33c0a983ce8e,2022-04-27,2.0
lrm_auctions:subastas_2022_26:e98508eba46c33c0a983ce8e,2022-05-25,3.0
lrm_auctions:subastas_2022_26:e98508eba46c33c0a983ce8e,2022-07-27,4.0
lrm_auctions:subastas_2022_26:e98508eba46c33c0a983ce8e,2022-08-24,5.0
lrm_auctions:subastas_2022_26:e98508eba46c33c0a983ce8e,2022-10-26,1.0
lrm_auctions:subastas_2022_26:e98508eba46c33c0a983ce8e,2022-11-23,3.0
lrm_auctions:subastas_2022_27:50e8cd5d6a9164a387e71b58,2022-01-26,8.0
lrm_auctions:subastas_2022_27:50e8cd5d6a9164a387e71b58,2022-02-23,1.0
lrm_auctions:subastas_2022_27:50e8cd5d6a9164a387e71b58,2022-03-23,5.0
lrm_auctions:subastas_2022_27:50e8cd5d6a9164a387e71b58,2022-04-27,2.0
lrm_auctions:subastas_2022_27:50e8cd5d6a9164a387e71b58,2022-05-25,1.0
lrm_auctions:subastas_2022_27:50e8cd5d6a9164a387e71b58,2022-07-27,3.0
lrm_auctions:subastas_2022_27:50e8cd5d6a9164a387e71b58,2022-08-24,4.0
lrm_auctions:subastas_2022_27:50e8cd5d6a9164a387e71b58,2022-10-26,1.0
lrm_auctions:subastas_2022_27:50e8cd5d6a9164a387e71b58,2022-11-23,3.0
lrm_auctions:subastas_2022_28:956a873dc8d52b456ddad362,2022-01-26,5.9340909090909095
lrm_auctions:subastas_2022_28:956a873dc8d52b456ddad362,2022-02-23,6.7
lrm_auctions:subastas_2022_28:956a873dc8d52b456ddad362,2022-03-23,7.1375
lrm_auctions:subastas_2022_28:956a873dc8d52b456ddad362,2022-04-27,7.35
lrm_auctions:subastas_2022_28:956a873dc8d52b456ddad362,2022-05-25,8.405555555555555
lrm_auctions:subastas_2022_28:956a873dc8d52b456ddad362,2022-07-27,8.678729281767955
lrm_auctions:subastas_2022_28:956a873dc8d52b456ddad362,2022-08-24,8.927578475336324
lrm_auctions:subastas_2022_28:956a873dc8d52b456ddad362,2022-10-26,9.0
lrm_auctions:subastas_2022_28:956a873dc8d52b456ddad362,2022-11-23,8.709090909090907
lrm_auctions:subastas_2022_29:5b6eb8a66c58a781bc5e1741,2022-01-26,5.7
lrm_auctions:subastas_2022_29:5b6eb8a66c58a781bc5e1741,2022-02-23,6.7
lrm_auctions:subastas_2022_29:5b6eb8a66c58a781bc5e1741,2022-03-23,7.0
lrm_auctions:subastas_2022_29:5b6eb8a66c58a781bc5e1741,2022-04-27,6.8
lrm_auctions:subastas_2022_29:5b6eb8a66c58a781bc5e1741,2022-05-25,8.25
lrm_auctions:subastas_2022_29:5b6eb8a66c58a781bc5e1741,2022-07-27,8.4
lrm_auctions:subastas_2022_29:5b6eb8a66c58a781bc5e1741,2022-08-24,8.85
lrm_auctions:subastas_2022_29:5b6eb8a66c58a781bc5e1741,2022-10-26,9.0
lrm_auctions:subastas_2022_29:5b6eb8a66c58a781bc5e1741,2022-11-23,8.7
lrm_auctions:subastas_2022_2:9247b31e01d1e0ac55a0c613,2022-01-26,1160000.0
lrm_auctions:subastas_2022_2:9247b31e01d1e0ac55a0c613,2022-02-23,50000.0
lrm_auctions:subastas_2022_2:9247b31e01d1e0ac55a0c613,2022-04-27,85000.0
lrm_auctions:subastas_2022_2:9247b31e01d1e0ac55a0c613,2022-05-25,410000.0
lrm_auctions:subastas_2022_2:9247b31e01d1e0ac55a0c613,2022-07-27,302500.0
lrm_auctions:subastas_2022_2:9247b31e01d1e0ac55a0c613,2022-09-28,430000.0
lrm_auctions:subastas_2022_2:9247b31e01d1e0ac55a0c613,2022-10-26,420000.0
lrm_auctions:subastas_2022_2:9247b31e01d1e0ac55a0c613,2022-11-23,5000.0
lrm_auctions:subastas_2022_30:ee2c12a55786cf1f1c7f10ae,2022-01-26,6.45
lrm_auctions:subastas_2022_30:ee2c12a55786cf1f1c7f10ae,2022-02-23,6.7
lrm_auctions:subastas_2022_30:ee2c12a55786cf1f1c7f10ae,2022-03-23,7.35
lrm_auctions:subastas_2022_30:ee2c12a55786cf1f1c7f10ae,2022-04-27,7.9
lrm_auctions:subastas_2022_30:ee2c12a55786cf1f1c7f10ae,2022-05-25,8.9
lrm_auctions:subastas_2022_30:ee2c12a55786cf1f1c7f10ae,2022-07-27,8.9
lrm_auctions:subastas_2022_30:ee2c12a55786cf1f1c7f10ae,2022-08-24,9.1
lrm_auctions:subastas_2022_30:ee2c12a55786cf1f1c7f10ae,2022-10-26,9.0
lrm_auctions:subastas_2022_30:ee2c12a55786cf1f1c7f10ae,2022-11-23,8.8
lrm_auctions:subastas_2022_31:42e314b83bffe86da857c019,2022-01-26,5.9340909090909095
lrm_auctions:subastas_2022_31:42e314b83bffe86da857c019,2022-02-23,6.7
lrm_auctions:subastas_2022_31:42e314b83bffe86da857c019,2022-03-23,7.107142857142857
lrm_auctions:subastas_2022_31:42e314b83bffe86da857c019,2022-04-27,7.35
lrm_auctions:subastas_2022_31:42e314b83bffe86da857c019,2022-05-25,8.25
lrm_auctions:subastas_2022_31:42e314b83bffe86da857c019,2022-07-27,8.61595744680851
lrm_auctions:subastas_2022_31:42e314b83bffe86da857c019,2022-08-24,8.910344827586206
lrm_auctions:subastas_2022_31:42e314b83bffe86da857c019,2022-10-26,9.0
lrm_auctions:subastas_2022_31:42e314b83bffe86da857c019,2022-11-23,8.709090909090907
lrm_auctions:subastas_2022_32:820ff1f83b051209517929a0,2022-01-26,5.7
lrm_auctions:subastas_2022_32:820ff1f83b051209517929a0,2022-02-23,6.7
lrm_auctions:subastas_2022_32:820ff1f83b051209517929a0,2022-03-23,7.0
lrm_auctions:subastas_2022_32:820ff1f83b051209517929a0,2022-04-27,6.8
lrm_auctions:subastas_2022_32:820ff1f83b051209517929a0,2022-05-25,8.25
lrm_auctions:subastas_2022_32:820ff1f83b051209517929a0,2022-07-27,8.4
lrm_auctions:subastas_2022_32:820ff1f83b051209517929a0,2022-08-24,8.85
lrm_auctions:subastas_2022_32:820ff1f83b051209517929a0,2022-10-26,9.0
lrm_auctions:subastas_2022_32:820ff1f83b051209517929a0,2022-11-23,8.7
lrm_auctions:subastas_2022_33:0598755dd2a01a35e335ef4f,2022-01-26,6.45
lrm_auctions:subastas_2022_33:0598755dd2a01a35e335ef4f,2022-02-23,6.7
lrm_auctions:subastas_2022_33:0598755dd2a01a35e335ef4f,2022-03-23,7.2
lrm_auctions:subastas_2022_33:0598755dd2a01a35e335ef4f,2022-04-27,7.9
lrm_auctions:subastas_2022_33:0598755dd2a01a35e335ef4f,2022-05-25,8.25
lrm_auctions:subastas_2022_33:0598755dd2a01a35e335ef4f,2022-07-27,8.85
lrm_auctions:subastas_2022_33:0598755dd2a01a35e335ef4f,2022-08-24,8.95
lrm_auctions:subastas_2022_33:0598755dd2a01a35e335ef4f,2022-10-26,9.0
lrm_auctions:subastas_2022_33:0598755dd2a01a35e335ef4f,2022-11-23,8.8
lrm_auctions:subastas_2022_34:e44c1e3c52f41f63ed5605bd,2022-01-26,0.0
lrm_auctions:subastas_2022_34:e44c1e3c52f41f63ed5605bd,2022-02-23,0.0
lrm_auctions:subastas_2022_34:e44c1e3c52f41f63ed5605bd,2022-04-27,0.0
lrm_auctions:subastas_2022_34:e44c1e3c52f41f63ed5605bd,2022-05-25,0.0
lrm_auctions:subastas_2022_34:e44c1e3c52f41f63ed5605bd,2022-06-22,0.0
lrm_auctions:subastas_2022_34:e44c1e3c52f41f63ed5605bd,2022-07-27,0.0
lrm_auctions:subastas_2022_35:aaf6eb65b92a1b566a413296,2022-01-26,510000.0
lrm_auctions:subastas_2022_35:aaf6eb65b92a1b566a413296,2022-02-23,330000.0
lrm_auctions:subastas_2022_35:aaf6eb65b92a1b566a413296,2022-04-27,182000.0
lrm_auctions:subastas_2022_35:aaf6eb65b92a1b566a413296,2022-05-25,118500.0
lrm_auctions:subastas_2022_35:aaf6eb65b92a1b566a413296,2022-06-22,110330.0
lrm_auctions:subastas_2022_35:aaf6eb65b92a1b566a413296,2022-07-27,185000.0
lrm_auctions:subastas_2022_35:aaf6eb65b92a1b566a413296,2022-08-24,87000.0
lrm_auctions:subastas_2022_35:aaf6eb65b92a1b566a413296,2022-09-28,6000.0
lrm_auctions:subastas_2022_35:aaf6eb65b92a1b566a413296,2022-10-26,10000.0
lrm_auctions:subastas_2022_35:aaf6eb65b92a1b566a413296,2022-11-23,5000.0
lrm_auctions:subastas_2022_36:640b4b056ff21faadf718dca,2022-01-26,510000.0
lrm_auctions:subastas_2022_36:640b4b056ff21faadf718dca,2022-02-23,330000.0
lrm_auctions:subastas_2022_36:640b4b056ff21faadf718dca,2022-04-27,177000.0
lrm_auctions:subastas_2022_36:640b4b056ff21faadf718dca,2022-05-25,13500.0
lrm_auctions:subastas_2022_36:640b4b056ff21faadf718dca,2022-06-22,105330.0
lrm_auctions:subastas_2022_36:640b4b056ff21faadf718dca,2022-07-27,155000.0
lrm_auctions:subastas_2022_36:640b4b056ff21faadf718dca,2022-08-24,82000.0
lrm_auctions:subastas_2022_36:640b4b056ff21faadf718dca,2022-09-28,6000.0
lrm_auctions:subastas_2022_36:640b4b056ff21faadf718dca,2022-10-26,10000.0
lrm_auctions:subastas_2022_36:640b4b056ff21faadf718dca,2022-11-23,5000.0
lrm_auctions:subastas_2022_37:0bee62c66184fd637967f5a2,2022-01-26,8.0
lrm_auctions:subastas_2022_37:0bee62c66184fd637967f5a2,2022-02-23,2.0
lrm_auctions:subastas_2022_37:0bee62c66184fd637967f5a2,2022-04-27,5.0
lrm_auctions:subastas_2022_37:0bee62c66184fd637967f5a2,2022-05-25,2.0
lrm_auctions:subastas_2022_37:0bee62c66184fd637967f5a2,2022-06-22,4.0
lrm_auctions:subastas_2022_37:0bee62c66184fd637967f5a2,2022-07-27,6.0
lrm_auctions:subastas_2022_37:0bee62c66184fd637967f5a2,2022-08-24,3.0
lrm_auctions:subastas_2022_37:0bee62c66184fd637967f5a2,2022-09-28,1.0
lrm_auctions:subastas_2022_37:0bee62c66184fd637967f5a2,2022-10-26,1.0
lrm_auctions:subastas_2022_37:0bee62c66184fd637967f5a2,2022-11-23,1.0
lrm_auctions:subastas_2022_38:eadb3b0d05243d2c6900fcbc,2022-01-26,8.0
lrm_auctions:subastas_2022_38:eadb3b0d05243d2c6900fcbc,2022-02-23,2.0
lrm_auctions:subastas_2022_38:eadb3b0d05243d2c6900fcbc,2022-04-27,4.0
lrm_auctions:subastas_2022_38:eadb3b0d05243d2c6900fcbc,2022-05-25,1.0
lrm_auctions:subastas_2022_38:eadb3b0d05243d2c6900fcbc,2022-06-22,3.0
lrm_auctions:subastas_2022_38:eadb3b0d05243d2c6900fcbc,2022-07-27,5.0
lrm_auctions:subastas_2022_38:eadb3b0d05243d2c6900fcbc,2022-08-24,2.0
lrm_auctions:subastas_2022_38:eadb3b0d05243d2c6900fcbc,2022-09-28,1.0
lrm_auctions:subastas_2022_38:eadb3b0d05243d2c6900fcbc,2022-10-26,1.0
lrm_auctions:subastas_2022_38:eadb3b0d05243d2c6900fcbc,2022-11-23,1.0
lrm_auctions:subastas_2022_39:5d71f900d8bbc611ba4983ea,2022-01-26,6.762156862745098
lrm_auctions:subastas_2022_39:5d71f900d8bbc611ba4983ea,2022-02-23,7.036363636363636
lrm_auctions:subastas_2022_39:5d71f900d8bbc611ba4983ea,2022-04-27,8.179285714285715
lrm_auctions:subastas_2022_39:5d71f900d8bbc611ba4983ea,2022-05-25,8.679746835443037
lrm_auctions:subastas_2022_39:5d71f900d8bbc611ba4983ea,2022-06-22,8.881872564125805
lrm_auctions:subastas_2022_39:5d71f900d8bbc611ba4983ea,2022-07-27,9.05972972972973
lrm_auctions:subastas_2022_39:5d71f900d8bbc611ba4983ea,2022-08-24,9.144252873563218
lrm_auctions:subastas_2022_39:5d71f900d8bbc611ba4983ea,2022-09-28,9.1
lrm_auctions:subastas_2022_39:5d71f900d8bbc611ba4983ea,2022-10-26,9.1
lrm_auctions:subastas_2022_39:5d71f900d8bbc611ba4983ea,2022-11-23,8.85
lrm_auctions:subastas_2022_3:224b5017a255c316d44d073e,2022-01-26,1160000.0
lrm_auctions:subastas_2022_3:224b5017a255c316d44d073e,2022-02-23,50000.0
lrm_auctions:subastas_2022_3:224b5017a255c316d44d073e,2022-04-27,85000.0
lrm_auctions:subastas_2022_3:224b5017a255c316d44d073e,2022-05-25,400000.0
lrm_auctions:subastas_2022_3:224b5017a255c316d44d073e,2022-07-27,302500.0
lrm_auctions:subastas_2022_3:224b5017a255c316d44d073e,2022-09-28,425000.0
lrm_auctions:subastas_2022_3:224b5017a255c316d44d073e,2022-10-26,380000.0
lrm_auctions:subastas_2022_3:224b5017a255c316d44d073e,2022-11-23,5000.0
lrm_auctions:subastas_2022_40:88e9ff84b8c642a4a38c010b,2022-01-26,6.65
lrm_auctions:subastas_2022_40:88e9ff84b8c642a4a38c010b,2022-02-23,7.0
lrm_auctions:subastas_2022_40:88e9ff84b8c642a4a38c010b,2022-04-27,8.14
lrm_auctions:subastas_2022_40:88e9ff84b8c642a4a38c010b,2022-05-25,8.6
lrm_auctions:subastas_2022_40:88e9ff84b8c642a4a38c010b,2022-06-22,8.85
lrm_auctions:subastas_2022_40:88e9ff84b8c642a4a38c010b,2022-07-27,9.0
lrm_auctions:subastas_2022_40:88e9ff84b8c642a4a38c010b,2022-08-24,9.1
lrm_auctions:subastas_2022_40:88e9ff84b8c642a4a38c010b,2022-09-28,9.1
lrm_auctions:subastas_2022_40:88e9ff84b8c642a4a38c010b,2022-10-26,9.1
lrm_auctions:subastas_2022_40:88e9ff84b8c642a4a38c010b,2022-11-23,8.85
lrm_auctions:subastas_2022_41:09849ee67600e0d554d7ce86,2022-01-26,7.12
lrm_auctions:subastas_2022_41:09849ee67600e0d554d7ce86,2022-02-23,7.4
lrm_auctions:subastas_2022_41:09849ee67600e0d554d7ce86,2022-04-27,8.43
lrm_auctions:subastas_2022_41:09849ee67600e0d554d7ce86,2022-05-25,8.69
lrm_auctions:subastas_2022_41:09849ee67600e0d554d7ce86,2022-06-22,9.0
lrm_auctions:subastas_2022_41:09849ee67600e0d554d7ce86,2022-07-27,9.15
lrm_auctions:subastas_2022_41:09849ee67600e0d554d7ce86,2022-08-24,9.35
lrm_auctions:subastas_2022_41:09849ee67600e0d554d7ce86,2022-09-28,9.1
lrm_auctions:subastas_2022_41:09849ee67600e0d554d7ce86,2022-10-26,9.1
lrm_auctions:subastas_2022_41:09849ee67600e0d554d7ce86,2022-11-23,8.85
lrm_auctions:subastas_2022_42:cc6093da5c5584f1d7a6a7e9,2022-01-26,6.762156862745098
lrm_auctions:subastas_2022_42:cc6093da5c5584f1d7a6a7e9,2022-02-23,7.036363636363636
lrm_auctions:subastas_2022_42:cc6093da5c5584f1d7a6a7e9,2022-04-27,8.172203389830509
lrm_auctions:subastas_2022_42:cc6093da5c5584f1d7a6a7e9,2022-05-25,8.6
lrm_auctions:subastas_2022_42:cc6093da5c5584f1d7a6a7e9,2022-06-22,8.876265071679484
lrm_auctions:subastas_2022_42:cc6093da5c5584f1d7a6a7e9,2022-07-27,9.04225806451613
lrm_auctions:subastas_2022_42:cc6093da5c5584f1d7a6a7e9,2022-08-24,9.13170731707317
lrm_auctions:subastas_2022_42:cc6093da5c5584f1d7a6a7e9,2022-09-28,9.1
lrm_auctions:subastas_2022_42:cc6093da5c5584f1d7a6a7e9,2022-10-26,9.1
lrm_auctions:subastas_2022_42:cc6093da5c5584f1d7a6a7e9,2022-11-23,8.85
lrm_auctions:subastas_2022_43:bf87f06f467e10f55b30080e,2022-01-26,6.65
lrm_auctions:subastas_2022_43:bf87f06f467e10f55b30080e,2022-02-23,7.0
lrm_auctions:subastas_2022_43:bf87f06f467e10f55b30080e,2022-04-27,8.14
lrm_auctions:subastas_2022_43:bf87f06f467e10f55b30080e,2022-05-25,8.6
lrm_auctions:subastas_2022_43:bf87f06f467e10f55b30080e,2022-06-22,8.85
lrm_auctions:subastas_2022_43:bf87f06f467e10f55b30080e,2022-07-27,9.0
lrm_auctions:subastas_2022_43:bf87f06f467e10f55b30080e,2022-08-24,9.1
lrm_auctions:subastas_2022_43:bf87f06f467e10f55b30080e,2022-09-28,9.1
lrm_auctions:subastas_2022_43:bf87f06f467e10f55b30080e,2022-10-26,9.1
lrm_auctions:subastas_2022_43:bf87f06f467e10f55b30080e,2022-11-23,8.85
lrm_auctions:subastas_2022_44:17425580ef717811a7ed1c29,2022-01-26,7.12
lrm_auctions:subastas_2022_44:17425580ef717811a7ed1c29,2022-02-23,7.4
lrm_auctions:subastas_2022_44:17425580ef717811a7ed1c29,2022-04-27,8.3
lrm_auctions:subastas_2022_44:17425580ef717811a7ed1c29,2022-05-25,8.6
lrm_auctions:subastas_2022_44:17425580ef717811a7ed1c29,2022-06-22,8.9
lrm_auctions:subastas_2022_44:17425580ef717811a7ed1c29,2022-07-27,9.1
lrm_auctions:subastas_2022_44:17425580ef717811a7ed1c29,2022-08-24,9.15
lrm_auctions:subastas_2022_44:17425580ef717811a7ed1c29,2022-09-28,9.1
lrm_auctions:subastas_2022_44:17425580ef717811a7ed1c29,2022-10-26,9.1
lrm_auctions:subastas_2022_44:17425580ef717811a7ed1c29,2022-11-23,8.85
lrm_auctions:subastas_2022_45:3c684c164201d9a3f39a6fc8,2022-01-26,0.0
lrm_auctions:subastas_2022_45:3c684c164201d9a3f39a6fc8,2022-02-23,0.0
lrm_auctions:subastas_2022_45:3c684c164201d9a3f39a6fc8,2022-04-27,0.0
lrm_auctions:subastas_2022_45:3c684c164201d9a3f39a6fc8,2022-05-25,0.0
lrm_auctions:subastas_2022_45:3c684c164201d9a3f39a6fc8,2022-07-27,0.0
lrm_auctions:subastas_2022_46:58d25f2d4b7cc400aeb30c64,2022-01-26,505000.0
lrm_auctions:subastas_2022_46:58d25f2d4b7cc400aeb30c64,2022-02-23,205000.0
lrm_auctions:subastas_2022_46:58d25f2d4b7cc400aeb30c64,2022-04-27,83000.0
lrm_auctions:subastas_2022_46:58d25f2d4b7cc400aeb30c64,2022-05-25,66250.0
lrm_auctions:subastas_2022_46:58d25f2d4b7cc400aeb30c64,2022-07-27,225000.0
lrm_auctions:subastas_2022_46:58d25f2d4b7cc400aeb30c64,2022-08-24,320000.0
lrm_auctions:subastas_2022_46:58d25f2d4b7cc400aeb30c64,2022-10-26,40000.0
lrm_auctions:subastas_2022_46:58d25f2d4b7cc400aeb30c64,2022-11-23,60000.0
lrm_auctions:subastas_2022_46:58d25f2d4b7cc400aeb30c64,2022-12-21,385000.0
lrm_auctions:subastas_2022_47:bb79738bc541d407c321f056,2022-01-26,505000.0
lrm_auctions:subastas_2022_47:bb79738bc541d407c321f056,2022-02-23,205000.0
lrm_auctions:subastas_2022_47:bb79738bc541d407c321f056,2022-04-27,78000.0
lrm_auctions:subastas_2022_47:bb79738bc541d407c321f056,2022-05-25,66250.0
lrm_auctions:subastas_2022_47:bb79738bc541d407c321f056,2022-07-27,200000.0
lrm_auctions:subastas_2022_47:bb79738bc541d407c321f056,2022-08-24,255000.0
lrm_auctions:subastas_2022_47:bb79738bc541d407c321f056,2022-10-26,35000.0
lrm_auctions:subastas_2022_47:bb79738bc541d407c321f056,2022-11-23,50000.0
lrm_auctions:subastas_2022_47:bb79738bc541d407c321f056,2022-12-21,380000.0
lrm_auctions:subastas_2022_48:86cf914be106c1ef4c652627,2022-01-26,10.0
lrm_auctions:subastas_2022_48:86cf914be106c1ef4c652627,2022-02-23,7.0
lrm_auctions:subastas_2022_48:86cf914be106c1ef4c652627,2022-04-27,4.0
lrm_auctions:subastas_2022_48:86cf914be106c1ef4c652627,2022-05-25,2.0
lrm_auctions:subastas_2022_48:86cf914be106c1ef4c652627,2022-07-27,6.0
lrm_auctions:subastas_2022_48:86cf914be106c1ef4c652627,2022-08-24,7.0
lrm_auctions:subastas_2022_48:86cf914be106c1ef4c652627,2022-10-26,5.0
lrm_auctions:subastas_2022_48:86cf914be106c1ef4c652627,2022-11-23,3.0
lrm_auctions:subastas_2022_48:86cf914be106c1ef4c652627,2022-12-21,6.0
lrm_auctions:subastas_2022_49:66ee0fb711ef0cdccd87f353,2022-01-26,10.0
lrm_auctions:subastas_2022_49:66ee0fb711ef0cdccd87f353,2022-02-23,7.0
lrm_auctions:subastas_2022_49:66ee0fb711ef0cdccd87f353,2022-04-27,3.0
lrm_auctions:subastas_2022_49:66ee0fb711ef0cdccd87f353,2022-05-25,2.0
lrm_auctions:subastas_2022_49:66ee0fb711ef0cdccd87f353,2022-07-27,4.0
lrm_auctions:subastas_2022_49:66ee0fb711ef0cdccd87f353,2022-08-24,2.0
lrm_auctions:subastas_2022_49:66ee0fb711ef0cdccd87f353,2022-10-26,4.0
lrm_auctions:subastas_2022_49:66ee0fb711ef0cdccd87f353,2022-11-23,1.0
lrm_auctions:subastas_2022_49:66ee0fb711ef0cdccd87f353,2022-12-21,5.0
lrm_auctions:subastas_2022_4:010d5d8f25a1089f65a054b4,2022-01-26,7.0
lrm_auctions:subastas_2022_4:010d5d8f25a1089f65a054b4,2022-02-23,3.0
lrm_auctions:subastas_2022_4:010d5d8f25a1089f65a054b4,2022-04-27,5.0
lrm_auctions:subastas_2022_4:010d5d8f25a1089f65a054b4,2022-05-25,3.0
lrm_auctions:subastas_2022_4:010d5d8f25a1089f65a054b4,2022-07-27,6.0
lrm_auctions:subastas_2022_4:010d5d8f25a1089f65a054b4,2022-09-28,5.0
lrm_auctions:subastas_2022_4:010d5d8f25a1089f65a054b4,2022-10-26,7.0
lrm_auctions:subastas_2022_4:010d5d8f25a1089f65a054b4,2022-11-23,1.0
lrm_auctions:subastas_2022_50:b4b5e2722f88ce742b672651,2022-01-26,7.054950495049505
lrm_auctions:subastas_2022_50:b4b5e2722f88ce742b672651,2022-02-23,7.664634146341464
lrm_auctions:subastas_2022_50:b4b5e2722f88ce742b672651,2022-04-27,8.758072289156626
lrm_auctions:subastas_2022_50:b4b5e2722f88ce742b672651,2022-05-25,9.183207547169811
lrm_auctions:subastas_2022_50:b4b5e2722f88ce742b672651,2022-07-27,9.554444444444444
lrm_auctions:subastas_2022_50:b4b5e2722f88ce742b672651,2022-08-24,9.58328125
lrm_auctions:subastas_2022_50:b4b5e2722f88ce742b672651,2022-10-26,9.64375
lrm_auctions:subastas_2022_50:b4b5e2722f88ce742b672651,2022-11-23,9.429166666666667
lrm_auctions:subastas_2022_50:b4b5e2722f88ce742b672651,2022-12-21,9.344805194805195
lrm_auctions:subastas_2022_51:5b52d906236d2d89df7e4f26,2022-01-26,6.9
lrm_auctions:subastas_2022_51:5b52d906236d2d89df7e4f26,2022-02-23,7.49
lrm_auctions:subastas_2022_51:5b52d906236d2d89df7e4f26,2022-04-27,8.6
lrm_auctions:subastas_2022_51:5b52d906236d2d89df7e4f26,2022-05-25,9.15
lrm_auctions:subastas_2022_51:5b52d906236d2d89df7e4f26,2022-07-27,9.5
lrm_auctions:subastas_2022_51:5b52d906236d2d89df7e4f26,2022-08-24,9.5
lrm_auctions:subastas_2022_51:5b52d906236d2d89df7e4f26,2022-10-26,9.6
lrm_auctions:subastas_2022_51:5b52d906236d2d89df7e4f26,2022-11-23,9.4
lrm_auctions:subastas_2022_51:5b52d906236d2d89df7e4f26,2022-12-21,9.2
lrm_auctions:subastas_2022_52:b2c88d501014eb0123d6c0ed,2022-01-26,7.5
lrm_auctions:subastas_2022_52:b2c88d501014eb0123d6c0ed,2022-02-23,7.85
lrm_auctions:subastas_2022_52:b2c88d501014eb0123d6c0ed,2022-04-27,8.95
lrm_auctions:subastas_2022_52:b2c88d501014eb0123d6c0ed,2022-05-25,9.19
lrm_auctions:subastas_2022_52:b2c88d501014eb0123d6c0ed,2022-07-27,9.75
lrm_auctions:subastas_2022_52:b2c88d501014eb0123d6c0ed,2022-08-24,9.88
lrm_auctions:subastas_2022_52:b2c88d501014eb0123d6c0ed,2022-10-26,9.7
lrm_auctions:subastas_2022_52:b2c88d501014eb0123d6c0ed,2022-11-23,9.65
lrm_auctions:subastas_2022_52:b2c88d501014eb0123d6c0ed,2022-12-21,9.5
lrm_auctions:subastas_2022_53:e182cba0234af1e753eb02fd,2022-01-26,7.054950495049505
lrm_auctions:subastas_2022_53:e182cba0234af1e753eb02fd,2022-02-23,7.664634146341464
lrm_auctions:subastas_2022_53:e182cba0234af1e753eb02fd,2022-04-27,8.74576923076923
lrm_auctions:subastas_2022_53:e182cba0234af1e753eb02fd,2022-05-25,9.183207547169811
lrm_auctions:subastas_2022_53:e182cba0234af1e753eb02fd,2022-07-27,9.53
lrm_auctions:subastas_2022_53:e182cba0234af1e753eb02fd,2022-08-24,9.52156862745098
lrm_auctions:subastas_2022_53:e182cba0234af1e753eb02fd,2022-10-26,9.635714285714286
lrm_auctions:subastas_2022_53:e182cba0234af1e753eb02fd,2022-11-23,9.4
lrm_auctions:subastas_2022_53:e182cba0234af1e753eb02fd,2022-12-21,9.342763157894737
lrm_auctions:subastas_2022_54:57e63b12970a0708ed266b9b,2022-01-26,6.9
lrm_auctions:subastas_2022_54:57e63b12970a0708ed266b9b,2022-02-23,7.49
lrm_auctions:subastas_2022_54:57e63b12970a0708ed266b9b,2022-04-27,8.6
lrm_auctions:subastas_2022_54:57e63b12970a0708ed266b9b,2022-05-25,9.15
lrm_auctions:subastas_2022_54:57e63b12970a0708ed266b9b,2022-07-27,9.5
lrm_auctions:subastas_2022_54:57e63b12970a0708ed266b9b,2022-08-24,9.5
lrm_auctions:subastas_2022_54:57e63b12970a0708ed266b9b,2022-10-26,9.6
lrm_auctions:subastas_2022_54:57e63b12970a0708ed266b9b,2022-11-23,9.4
lrm_auctions:subastas_2022_54:57e63b12970a0708ed266b9b,2022-12-21,9.2
lrm_auctions:subastas_2022_55:9762b95e07549b447d3c4e96,2022-01-26,7.5
lrm_auctions:subastas_2022_55:9762b95e07549b447d3c4e96,2022-02-23,7.85
lrm_auctions:subastas_2022_55:9762b95e07549b447d3c4e96,2022-04-27,8.85
lrm_auctions:subastas_2022_55:9762b95e07549b447d3c4e96,2022-05-25,9.19
lrm_auctions:subastas_2022_55:9762b95e07549b447d3c4e96,2022-07-27,9.6
lrm_auctions:subastas_2022_55:9762b95e07549b447d3c4e96,2022-08-24,9.6
lrm_auctions:subastas_2022_55:9762b95e07549b447d3c4e96,2022-10-26,9.67
lrm_auctions:subastas_2022_55:9762b95e07549b447d3c4e96,2022-11-23,9.4
lrm_auctions:subastas_2022_55:9762b95e07549b447d3c4e96,2022-12-21,9.4
lrm_auctions:subastas_2022_56:4bf6da531b85de74e05a06a8,2022-01-26,0.0
lrm_auctions:subastas_2022_56:4bf6da531b85de74e05a06a8,2022-02-23,0.0
lrm_auctions:subastas_2022_56:4bf6da531b85de74e05a06a8,2022-03-23,0.0
lrm_auctions:subastas_2022_56:4bf6da531b85de74e05a06a8,2022-04-27,0.0
lrm_auctions:subastas_2022_56:4bf6da531b85de74e05a06a8,2022-05-25,0.0
lrm_auctions:subastas_2022_56:4bf6da531b85de74e05a06a8,2022-06-22,0.0
lrm_auctions:subastas_2022_56:4bf6da531b85de74e05a06a8,2022-07-27,0.0
lrm_auctions:subastas_2022_57:ee0d4c3a94f7908ff04d5f39,2022-01-26,2456500.0
lrm_auctions:subastas_2022_57:ee0d4c3a94f7908ff04d5f39,2022-02-23,1065000.0
lrm_auctions:subastas_2022_57:ee0d4c3a94f7908ff04d5f39,2022-03-23,597000.0
lrm_auctions:subastas_2022_57:ee0d4c3a94f7908ff04d5f39,2022-04-27,457000.0
lrm_auctions:subastas_2022_57:ee0d4c3a94f7908ff04d5f39,2022-05-25,378250.0
lrm_auctions:subastas_2022_57:ee0d4c3a94f7908ff04d5f39,2022-06-22,850130.0
lrm_auctions:subastas_2022_57:ee0d4c3a94f7908ff04d5f39,2022-07-27,1163000.0
lrm_auctions:subastas_2022_57:ee0d4c3a94f7908ff04d5f39,2022-08-24,883250.0
lrm_auctions:subastas_2022_57:ee0d4c3a94f7908ff04d5f39,2022-09-28,688000.0
lrm_auctions:subastas_2022_57:ee0d4c3a94f7908ff04d5f39,2022-10-26,764500.0
lrm_auctions:subastas_2022_58:eea18eee3ecdee3e28e66da9,2022-01-26,2456500.0
lrm_auctions:subastas_2022_58:eea18eee3ecdee3e28e66da9,2022-02-23,1065000.0
lrm_auctions:subastas_2022_58:eea18eee3ecdee3e28e66da9,2022-03-23,487000.0
lrm_auctions:subastas_2022_58:eea18eee3ecdee3e28e66da9,2022-04-27,452000.0
lrm_auctions:subastas_2022_58:eea18eee3ecdee3e28e66da9,2022-05-25,285750.0
lrm_auctions:subastas_2022_58:eea18eee3ecdee3e28e66da9,2022-06-22,675130.0
lrm_auctions:subastas_2022_58:eea18eee3ecdee3e28e66da9,2022-07-27,833000.0
lrm_auctions:subastas_2022_58:eea18eee3ecdee3e28e66da9,2022-08-24,713250.0
lrm_auctions:subastas_2022_58:eea18eee3ecdee3e28e66da9,2022-09-28,673000.0
lrm_auctions:subastas_2022_58:eea18eee3ecdee3e28e66da9,2022-10-26,759500.0
lrm_auctions:subastas_2022_59:57b628dd262c8254a68a400f,2022-01-26,20.0
lrm_auctions:subastas_2022_59:57b628dd262c8254a68a400f,2022-02-23,18.0
lrm_auctions:subastas_2022_59:57b628dd262c8254a68a400f,2022-03-23,13.0
lrm_auctions:subastas_2022_59:57b628dd262c8254a68a400f,2022-04-27,13.0
lrm_auctions:subastas_2022_59:57b628dd262c8254a68a400f,2022-05-25,9.0
lrm_auctions:subastas_2022_59:57b628dd262c8254a68a400f,2022-06-22,17.0
lrm_auctions:subastas_2022_59:57b628dd262c8254a68a400f,2022-07-27,15.0
lrm_auctions:subastas_2022_59:57b628dd262c8254a68a400f,2022-08-24,15.0
lrm_auctions:subastas_2022_59:57b628dd262c8254a68a400f,2022-09-28,14.0
lrm_auctions:subastas_2022_59:57b628dd262c8254a68a400f,2022-10-26,12.0
lrm_auctions:subastas_2022_5:fc2d241f5907da61bc006a54,2022-01-26,7.0
lrm_auctions:subastas_2022_5:fc2d241f5907da61bc006a54,2022-02-23,3.0
lrm_auctions:subastas_2022_5:fc2d241f5907da61bc006a54,2022-04-27,5.0
lrm_auctions:subastas_2022_5:fc2d241f5907da61bc006a54,2022-05-25,1.0
lrm_auctions:subastas_2022_5:fc2d241f5907da61bc006a54,2022-07-27,6.0
lrm_auctions:subastas_2022_5:fc2d241f5907da61bc006a54,2022-09-28,4.0
lrm_auctions:subastas_2022_5:fc2d241f5907da61bc006a54,2022-10-26,3.0
lrm_auctions:subastas_2022_5:fc2d241f5907da61bc006a54,2022-11-23,1.0
lrm_auctions:subastas_2022_60:0e6c1578bd5d6820b9d67c61,2022-01-26,20.0
lrm_auctions:subastas_2022_60:0e6c1578bd5d6820b9d67c61,2022-02-23,18.0
lrm_auctions:subastas_2022_60:0e6c1578bd5d6820b9d67c61,2022-03-23,11.0
lrm_auctions:subastas_2022_60:0e6c1578bd5d6820b9d67c61,2022-04-27,12.0
lrm_auctions:subastas_2022_60:0e6c1578bd5d6820b9d67c61,2022-05-25,4.0
lrm_auctions:subastas_2022_60:0e6c1578bd5d6820b9d67c61,2022-06-22,10.0
lrm_auctions:subastas_2022_60:0e6c1578bd5d6820b9d67c61,2022-07-27,10.0
lrm_auctions:subastas_2022_60:0e6c1578bd5d6820b9d67c61,2022-08-24,10.0
lrm_auctions:subastas_2022_60:0e6c1578bd5d6820b9d67c61,2022-09-28,12.0
lrm_auctions:subastas_2022_60:0e6c1578bd5d6820b9d67c61,2022-10-26,11.0
lrm_auctions:subastas_2022_61:492f3999a838cd04f14590a4,2022-01-26,7.520516995725626
lrm_auctions:subastas_2022_61:492f3999a838cd04f14590a4,2022-02-23,8.134178403755868
lrm_auctions:subastas_2022_61:492f3999a838cd04f14590a4,2022-03-23,8.661641541038525
lrm_auctions:subastas_2022_61:492f3999a838cd04f14590a4,2022-04-27,9.14312910284464
lrm_auctions:subastas_2022_61:492f3999a838cd04f14590a4,2022-05-25,9.725763384005287
lrm_auctions:subastas_2022_61:492f3999a838cd04f14590a4,2022-06-22,9.881222871796078
lrm_auctions:subastas_2022_61:492f3999a838cd04f14590a4,2022-07-27,9.899054170249356
lrm_auctions:subastas_2022_61:492f3999a838cd04f14590a4,2022-08-24,9.862921030285875
lrm_auctions:subastas_2022_61:492f3999a838cd04f14590a4,2022-09-28,9.858502906976744
lrm_auctions:subastas_2022_61:492f3999a838cd04f14590a4,2022-10-26,9.790745585349901
lrm_auctions:subastas_2022_62:0a1131f4a687bbd9d1b5e92b,2022-01-26,7.0
lrm_auctions:subastas_2022_62:0a1131f4a687bbd9d1b5e92b,2022-02-23,7.75
lrm_auctions:subastas_2022_62:0a1131f4a687bbd9d1b5e92b,2022-03-23,8.4
lrm_auctions:subastas_2022_62:0a1131f4a687bbd9d1b5e92b,2022-04-27,9.0
lrm_auctions:subastas_2022_62:0a1131f4a687bbd9d1b5e92b,2022-05-25,9.5
lrm_auctions:subastas_2022_62:0a1131f4a687bbd9d1b5e92b,2022-06-22,9.75
lrm_auctions:subastas_2022_62:0a1131f4a687bbd9d1b5e92b,2022-07-27,9.65
lrm_auctions:subastas_2022_62:0a1131f4a687bbd9d1b5e92b,2022-08-24,9.7
lrm_auctions:subastas_2022_62:0a1131f4a687bbd9d1b5e92b,2022-09-28,9.7
lrm_auctions:subastas_2022_62:0a1131f4a687bbd9d1b5e92b,2022-10-26,9.6
lrm_auctions:subastas_2022_63:d39b6838f8819b2de0ec3672,2022-01-26,8.0
lrm_auctions:subastas_2022_63:d39b6838f8819b2de0ec3672,2022-02-23,8.4
lrm_auctions:subastas_2022_63:d39b6838f8819b2de0ec3672,2022-03-23,9.5
lrm_auctions:subastas_2022_63:d39b6838f8819b2de0ec3672,2022-04-27,9.6
lrm_auctions:subastas_2022_63:d39b6838f8819b2de0ec3672,2022-05-25,10.0
lrm_auctions:subastas_2022_63:d39b6838f8819b2de0ec3672,2022-06-22,10.15
lrm_auctions:subastas_2022_63:d39b6838f8819b2de0ec3672,2022-07-27,10.2
lrm_auctions:subastas_2022_63:d39b6838f8819b2de0ec3672,2022-08-24,10.17
lrm_auctions:subastas_2022_63:d39b6838f8819b2de0ec3672,2022-09-28,10.2
lrm_auctions:subastas_2022_63:d39b6838f8819b2de0ec3672,2022-10-26,9.98
lrm_auctions:subastas_2022_64:9d92cdb1155eb126d248cd3d,2022-01-26,7.520516995725626
lrm_auctions:subastas_2022_64:9d92cdb1155eb126d248cd3d,2022-02-23,8.134178403755868
lrm_auctions:subastas_2022_64:9d92cdb1155eb126d248cd3d,2022-03-23,8.480492813141684
lrm_auctions:subastas_2022_64:9d92cdb1155eb126d248cd3d,2022-04-27,9.138075221238939
lrm_auctions:subastas_2022_64:9d92cdb1155eb126d248cd3d,2022-05-25,9.657987751531058
lrm_auctions:subastas_2022_64:9d92cdb1155eb126d248cd3d,2022-06-22,9.84221409210078
lrm_auctions:subastas_2022_64:9d92cdb1155eb126d248cd3d,2022-07-27,9.85546218487395
lrm_auctions:subastas_2022_64:9d92cdb1155eb126d248cd3d,2022-08-24,9.833613739922889
lrm_auctions:subastas_2022_64:9d92cdb1155eb126d248cd3d,2022-09-28,9.853120356612184
lrm_auctions:subastas_2022_64:9d92cdb1155eb126d248cd3d,2022-10-26,9.789499670836076
lrm_auctions:subastas_2022_65:9e65b04aa01c99458d690df0,2022-01-26,7.0
lrm_auctions:subastas_2022_65:9e65b04aa01c99458d690df0,2022-02-23,7.75
lrm_auctions:subastas_2022_65:9e65b04aa01c99458d690df0,2022-03-23,8.4
lrm_auctions:subastas_2022_65:9e65b04aa01c99458d690df0,2022-04-27,9.0
lrm_auctions:subastas_2022_65:9e65b04aa01c99458d690df0,2022-05-25,9.5
lrm_auctions:subastas_2022_65:9e65b04aa01c99458d690df0,2022-06-22,9.75
lrm_auctions:subastas_2022_65:9e65b04aa01c99458d690df0,2022-07-27,9.65
lrm_auctions:subastas_2022_65:9e65b04aa01c99458d690df0,2022-08-24,9.7
lrm_auctions:subastas_2022_65:9e65b04aa01c99458d690df0,2022-09-28,9.7
lrm_auctions:subastas_2022_65:9e65b04aa01c99458d690df0,2022-10-26,9.6
lrm_auctions:subastas_2022_66:af2e7749cfc1023bb5b38c17,2022-01-26,8.0
lrm_auctions:subastas_2022_66:af2e7749cfc1023bb5b38c17,2022-02-23,8.4
lrm_auctions:subastas_2022_66:af2e7749cfc1023bb5b38c17,2022-03-23,9.0
lrm_auctions:subastas_2022_66:af2e7749cfc1023bb5b38c17,2022-04-27,9.5
lrm_auctions:subastas_2022_66:af2e7749cfc1023bb5b38c17,2022-05-25,9.79
lrm_auctions:subastas_2022_66:af2e7749cfc1023bb5b38c17,2022-06-22,9.95
lrm_auctions:subastas_2022_66:af2e7749cfc1023bb5b38c17,2022-07-27,9.97
lrm_auctions:subastas_2022_66:af2e7749cfc1023bb5b38c17,2022-08-24,9.95
lrm_auctions:subastas_2022_66:af2e7749cfc1023bb5b38c17,2022-09-28,9.98
lrm_auctions:subastas_2022_66:af2e7749cfc1023bb5b38c17,2022-10-26,9.95
lrm_auctions:subastas_2022_67:9ff1f873cad70f007841d6fb,2022-02-23,0.0
lrm_auctions:subastas_2022_67:9ff1f873cad70f007841d6fb,2022-03-23,0.0
lrm_auctions:subastas_2022_67:9ff1f873cad70f007841d6fb,2022-05-25,0.0
lrm_auctions:subastas_2022_67:9ff1f873cad70f007841d6fb,2022-06-22,0.0
lrm_auctions:subastas_2022_67:9ff1f873cad70f007841d6fb,2022-07-27,0.0
lrm_auctions:subastas_2022_68:d4cc1cdb36214c28468b77c6,2022-02-23,40000.0
lrm_auctions:subastas_2022_68:d4cc1cdb36214c28468b77c6,2022-03-23,565000.0
lrm_auctions:subastas_2022_68:d4cc1cdb36214c28468b77c6,2022-05-25,865000.0
lrm_auctions:subastas_2022_68:d4cc1cdb36214c28468b77c6,2022-06-22,735000.0
lrm_auctions:subastas_2022_68:d4cc1cdb36214c28468b77c6,2022-07-27,922000.0
lrm_auctions:subastas_2022_68:d4cc1cdb36214c28468b77c6,2022-08-24,15000.0
lrm_auctions:subastas_2022_68:d4cc1cdb36214c28468b77c6,2022-11-23,5000.0
lrm_auctions:subastas_2022_68:d4cc1cdb36214c28468b77c6,2022-12-21,45000.0
lrm_auctions:subastas_2022_69:513730b0cd1cc3e0f815fbea,2022-02-23,40000.0
lrm_auctions:subastas_2022_69:513730b0cd1cc3e0f815fbea,2022-03-23,565000.0
lrm_auctions:subastas_2022_69:513730b0cd1cc3e0f815fbea,2022-05-25,710000.0
lrm_auctions:subastas_2022_69:513730b0cd1cc3e0f815fbea,2022-06-22,240000.0
lrm_auctions:subastas_2022_69:513730b0cd1cc3e0f815fbea,2022-07-27,735000.0
lrm_auctions:subastas_2022_69:513730b0cd1cc3e0f815fbea,2022-08-24,15000.0
lrm_auctions:subastas_2022_69:513730b0cd1cc3e0f815fbea,2022-11-23,5000.0
lrm_auctions:subastas_2022_69:513730b0cd1cc3e0f815fbea,2022-12-21,40000.0
lrm_auctions:subastas_2022_6:964a1e7acc58cf13bdd974d0,2022-01-26,5.584008620689655
lrm_auctions:subastas_2022_6:964a1e7acc58cf13bdd974d0,2022-02-23,5.967
lrm_auctions:subastas_2022_6:964a1e7acc58cf13bdd974d0,2022-04-27,7.092352941176471
lrm_auctions:subastas_2022_6:964a1e7acc58cf13bdd974d0,2022-05-25,7.506829268292683
lrm_auctions:subastas_2022_6:964a1e7acc58cf13bdd974d0,2022-07-27,7.9561983471074385
lrm_auctions:subastas_2022_6:964a1e7acc58cf13bdd974d0,2022-09-28,8.56046511627907
lrm_auctions:subastas_2022_6:964a1e7acc58cf13bdd974d0,2022-10-26,8.525833333333333
lrm_auctions:subastas_2022_6:964a1e7acc58cf13bdd974d0,2022-11-23,8.6
lrm_auctions:subastas_2022_70:6b5c01714ee506155b1fe3f6,2022-02-23,3.0
lrm_auctions:subastas_2022_70:6b5c01714ee506155b1fe3f6,2022-03-23,4.0
lrm_auctions:subastas_2022_70:6b5c01714ee506155b1fe3f6,2022-05-25,8.0
lrm_auctions:subastas_2022_70:6b5c01714ee506155b1fe3f6,2022-06-22,8.0
lrm_auctions:subastas_2022_70:6b5c01714ee506155b1fe3f6,2022-07-27,7.0
lrm_auctions:subastas_2022_70:6b5c01714ee506155b1fe3f6,2022-08-24,2.0
lrm_auctions:subastas_2022_70:6b5c01714ee506155b1fe3f6,2022-11-23,1.0
lrm_auctions:subastas_2022_70:6b5c01714ee506155b1fe3f6,2022-12-21,3.0
lrm_auctions:subastas_2022_71:e2be2668c3575b2f20f6c41b,2022-02-23,3.0
lrm_auctions:subastas_2022_71:e2be2668c3575b2f20f6c41b,2022-03-23,4.0
lrm_auctions:subastas_2022_71:e2be2668c3575b2f20f6c41b,2022-05-25,3.0
lrm_auctions:subastas_2022_71:e2be2668c3575b2f20f6c41b,2022-06-22,3.0
lrm_auctions:subastas_2022_71:e2be2668c3575b2f20f6c41b,2022-07-27,6.0
lrm_auctions:subastas_2022_71:e2be2668c3575b2f20f6c41b,2022-08-24,2.0
lrm_auctions:subastas_2022_71:e2be2668c3575b2f20f6c41b,2022-11-23,1.0
lrm_auctions:subastas_2022_71:e2be2668c3575b2f20f6c41b,2022-12-21,2.0
lrm_auctions:subastas_2022_72:4c6ee82fab987afd287f64c7,2022-02-23,6.45625
lrm_auctions:subastas_2022_72:4c6ee82fab987afd287f64c7,2022-03-23,7.07787610619469
lrm_auctions:subastas_2022_72:4c6ee82fab987afd287f64c7,2022-05-25,8.029768786127168
lrm_auctions:subastas_2022_72:4c6ee82fab987afd287f64c7,2022-06-22,8.245578231292518
lrm_auctions:subastas_2022_72:4c6ee82fab987afd287f64c7,2022-07-27,8.249837310195227
lrm_auctions:subastas_2022_72:4c6ee82fab987afd287f64c7,2022-08-24,8.383333333333333
lrm_auctions:subastas_2022_72:4c6ee82fab987afd287f64c7,2022-11-23,8.7
lrm_auctions:subastas_2022_72:4c6ee82fab987afd287f64c7,2022-12-21,8.68
lrm_auctions:subastas_2022_73:a521249d959ea7180d2956bb,2022-02-23,6.4
lrm_auctions:subastas_2022_73:a521249d959ea7180d2956bb,2022-03-23,6.85
lrm_auctions:subastas_2022_73:a521249d959ea7180d2956bb,2022-05-25,8.0
lrm_auctions:subastas_2022_73:a521249d959ea7180d2956bb,2022-06-22,8.0
lrm_auctions:subastas_2022_73:a521249d959ea7180d2956bb,2022-07-27,8.2
lrm_auctions:subastas_2022_73:a521249d959ea7180d2956bb,2022-08-24,8.3
lrm_auctions:subastas_2022_73:a521249d959ea7180d2956bb,2022-11-23,8.7
lrm_auctions:subastas_2022_73:a521249d959ea7180d2956bb,2022-12-21,8.6
lrm_auctions:subastas_2022_74:bf720db09a600af58693674d,2022-02-23,6.65
lrm_auctions:subastas_2022_74:bf720db09a600af58693674d,2022-03-23,7.15
lrm_auctions:subastas_2022_74:bf720db09a600af58693674d,2022-05-25,8.4
lrm_auctions:subastas_2022_74:bf720db09a600af58693674d,2022-06-22,8.5
lrm_auctions:subastas_2022_74:bf720db09a600af58693674d,2022-07-27,8.5
lrm_auctions:subastas_2022_74:bf720db09a600af58693674d,2022-08-24,8.55
lrm_auctions:subastas_2022_74:bf720db09a600af58693674d,2022-11-23,8.7
lrm_auctions:subastas_2022_74:bf720db09a600af58693674d,2022-12-21,8.72
lrm_auctions:subastas_2022_75:d1f66421ecf147c9c96cee79,2022-02-23,6.45625
lrm_auctions:subastas_2022_75:d1f66421ecf147c9c96cee79,2022-03-23,7.07787610619469
lrm_auctions:subastas_2022_75:d1f66421ecf147c9c96cee79,2022-05-25,8.0
lrm_auctions:subastas_2022_75:d1f66421ecf147c9c96cee79,2022-06-22,8.033333333333333
lrm_auctions:subastas_2022_75:d1f66421ecf147c9c96cee79,2022-07-27,8.22891156462585
lrm_auctions:subastas_2022_75:d1f66421ecf147c9c96cee79,2022-08-24,8.383333333333333
lrm_auctions:subastas_2022_75:d1f66421ecf147c9c96cee79,2022-11-23,8.7
lrm_auctions:subastas_2022_75:d1f66421ecf147c9c96cee79,2022-12-21,8.675
lrm_auctions:subastas_2022_76:07e39dcdda634d9a1a4e52ad,2022-02-23,6.4
lrm_auctions:subastas_2022_76:07e39dcdda634d9a1a4e52ad,2022-03-23,6.85
lrm_auctions:subastas_2022_76:07e39dcdda634d9a1a4e52ad,2022-05-25,8.0
lrm_auctions:subastas_2022_76:07e39dcdda634d9a1a4e52ad,2022-06-22,8.0
lrm_auctions:subastas_2022_76:07e39dcdda634d9a1a4e52ad,2022-07-27,8.2
lrm_auctions:subastas_2022_76:07e39dcdda634d9a1a4e52ad,2022-08-24,8.3
lrm_auctions:subastas_2022_76:07e39dcdda634d9a1a4e52ad,2022-11-23,8.7
lrm_auctions:subastas_2022_76:07e39dcdda634d9a1a4e52ad,2022-12-21,8.6
lrm_auctions:subastas_2022_77:8d17a06b79a2cc8390174bbf,2022-02-23,6.65
lrm_auctions:subastas_2022_77:8d17a06b79a2cc8390174bbf,2022-03-23,7.15
lrm_auctions:subastas_2022_77:8d17a06b79a2cc8390174bbf,2022-05-25,8.0
lrm_auctions:subastas_2022_77:8d17a06b79a2cc8390174bbf,2022-06-22,8.2
lrm_auctions:subastas_2022_77:8d17a06b79a2cc8390174bbf,2022-07-27,8.3
lrm_auctions:subastas_2022_77:8d17a06b79a2cc8390174bbf,2022-08-24,8.55
lrm_auctions:subastas_2022_77:8d17a06b79a2cc8390174bbf,2022-11-23,8.7
lrm_auctions:subastas_2022_77:8d17a06b79a2cc8390174bbf,2022-12-21,8.7
lrm_auctions:subastas_2022_78:6291f22e12272550ddb19294,2022-03-23,0.0
lrm_auctions:subastas_2022_78:6291f22e12272550ddb19294,2022-06-22,0.0
lrm_auctions:subastas_2022_79:fc22729f3313615a9203476a,2022-03-23,650000.0
lrm_auctions:subastas_2022_79:fc22729f3313615a9203476a,2022-06-22,190000.0
lrm_auctions:subastas_2022_79:fc22729f3313615a9203476a,2022-08-24,220000.0
lrm_auctions:subastas_2022_79:fc22729f3313615a9203476a,2022-12-21,120000.0
lrm_auctions:subastas_2022_7:a2c726f33786f143af341123,2022-01-26,5.4
lrm_auctions:subastas_2022_7:a2c726f33786f143af341123,2022-02-23,5.85
lrm_auctions:subastas_2022_7:a2c726f33786f143af341123,2022-04-27,7.05
lrm_auctions:subastas_2022_7:a2c726f33786f143af341123,2022-05-25,7.5
lrm_auctions:subastas_2022_7:a2c726f33786f143af341123,2022-07-27,7.8
lrm_auctions:subastas_2022_7:a2c726f33786f143af341123,2022-09-28,8.4
lrm_auctions:subastas_2022_7:a2c726f33786f143af341123,2022-10-26,8.5
lrm_auctions:subastas_2022_7:a2c726f33786f143af341123,2022-11-23,8.6
lrm_auctions:subastas_2022_80:5aec5344e114c688c24f3cfd,2022-03-23,650000.0
lrm_auctions:subastas_2022_80:5aec5344e114c688c24f3cfd,2022-06-22,190000.0
lrm_auctions:subastas_2022_80:5aec5344e114c688c24f3cfd,2022-08-24,220000.0
lrm_auctions:subastas_2022_80:5aec5344e114c688c24f3cfd,2022-12-21,115000.0
lrm_auctions:subastas_2022_81:fa2f58987deec1386218e267,2022-03-23,3.0
lrm_auctions:subastas_2022_81:fa2f58987deec1386218e267,2022-06-22,3.0
lrm_auctions:subastas_2022_81:fa2f58987deec1386218e267,2022-08-24,7.0
lrm_auctions:subastas_2022_81:fa2f58987deec1386218e267,2022-12-21,4.0
lrm_auctions:subastas_2022_82:d45f7c455271a36d9f87aa52,2022-03-23,3.0
lrm_auctions:subastas_2022_82:d45f7c455271a36d9f87aa52,2022-06-22,3.0
lrm_auctions:subastas_2022_82:d45f7c455271a36d9f87aa52,2022-08-24,7.0
lrm_auctions:subastas_2022_82:d45f7c455271a36d9f87aa52,2022-12-21,3.0
lrm_auctions:subastas_2022_83:b09aacb562341369ce00cbcb,2022-03-23,6.59
lrm_auctions:subastas_2022_83:b09aacb562341369ce00cbcb,2022-06-22,7.531578947368421
lrm_auctions:subastas_2022_83:b09aacb562341369ce00cbcb,2022-08-24,8.161818181818182
lrm_auctions:subastas_2022_83:b09aacb562341369ce00cbcb,2022-12-21,8.511666666666667
lrm_auctions:subastas_2022_84:5dac7e8944fc9c4ab5605db6,2022-03-23,6.35
lrm_auctions:subastas_2022_84:5dac7e8944fc9c4ab5605db6,2022-06-22,7.5
lrm_auctions:subastas_2022_84:5dac7e8944fc9c4ab5605db6,2022-08-24,8.1
lrm_auctions:subastas_2022_84:5dac7e8944fc9c4ab5605db6,2022-12-21,8.4
lrm_auctions:subastas_2022_85:7f8c29f6df4d56cb04fd1f67,2022-03-23,6.65
lrm_auctions:subastas_2022_85:7f8c29f6df4d56cb04fd1f67,2022-06-22,7.8
lrm_auctions:subastas_2022_85:7f8c29f6df4d56cb04fd1f67,2022-08-24,8.4
lrm_auctions:subastas_2022_85:7f8c29f6df4d56cb04fd1f67,2022-12-21,8.68
lrm_auctions:subastas_2022_86:cf0cd36a472795f63988f1ad,2022-03-23,6.59
lrm_auctions:subastas_2022_86:cf0cd36a472795f63988f1ad,2022-06-22,7.531578947368421
lrm_auctions:subastas_2022_86:cf0cd36a472795f63988f1ad,2022-08-24,8.161818181818182
lrm_auctions:subastas_2022_86:cf0cd36a472795f63988f1ad,2022-12-21,8.504347826086956
lrm_auctions:subastas_2022_87:8593b0fd7a59100882b72087,2022-03-23,6.35
lrm_auctions:subastas_2022_87:8593b0fd7a59100882b72087,2022-06-22,7.5
lrm_auctions:subastas_2022_87:8593b0fd7a59100882b72087,2022-08-24,8.1
lrm_auctions:subastas_2022_87:8593b0fd7a59100882b72087,2022-12-21,8.4
lrm_auctions:subastas_2022_88:db4d04bed7c47f4e72fbf182,2022-03-23,6.65
lrm_auctions:subastas_2022_88:db4d04bed7c47f4e72fbf182,2022-06-22,7.8
lrm_auctions:subastas_2022_88:db4d04bed7c47f4e72fbf182,2022-08-24,8.4
lrm_auctions:subastas_2022_88:db4d04bed7c47f4e72fbf182,2022-12-21,8.6
lrm_auctions:subastas_2022_89:8d1c4336c45453c11a855e39,2022-03-23,0.0
lrm_auctions:subastas_2022_8:ad7a529327e2031b99ba55c6,2022-01-26,5.77
lrm_auctions:subastas_2022_8:ad7a529327e2031b99ba55c6,2022-02-23,6.02
lrm_auctions:subastas_2022_8:ad7a529327e2031b99ba55c6,2022-04-27,7.15
lrm_auctions:subastas_2022_8:ad7a529327e2031b99ba55c6,2022-05-25,7.96
lrm_auctions:subastas_2022_8:ad7a529327e2031b99ba55c6,2022-07-27,8.1
lrm_auctions:subastas_2022_8:ad7a529327e2031b99ba55c6,2022-09-28,8.75
lrm_auctions:subastas_2022_8:ad7a529327e2031b99ba55c6,2022-10-26,8.85
lrm_auctions:subastas_2022_8:ad7a529327e2031b99ba55c6,2022-11-23,8.6
lrm_auctions:subastas_2022_90:7fb56ae347f47e4a1fee8f0b,2022-03-23,140000.0
lrm_auctions:subastas_2022_90:7fb56ae347f47e4a1fee8f0b,2022-12-21,169000.0
lrm_auctions:subastas_2022_91:f5a2d962b61a4d15667d7501,2022-03-23,110000.0
lrm_auctions:subastas_2022_91:f5a2d962b61a4d15667d7501,2022-12-21,164000.0
lrm_auctions:subastas_2022_92:5ef665bf2bf1161dbef3b01d,2022-03-23,4.0
lrm_auctions:subastas_2022_92:5ef665bf2bf1161dbef3b01d,2022-12-21,2.0
lrm_auctions:subastas_2022_93:51a87a18fc0fea8d47dbfae5,2022-03-23,2.0
lrm_auctions:subastas_2022_93:51a87a18fc0fea8d47dbfae5,2022-12-21,1.0
lrm_auctions:subastas_2022_94:2e71d36d6f0175432b85781a,2022-03-23,8.005357142857143
lrm_auctions:subastas_2022_94:2e71d36d6f0175432b85781a,2022-12-21,8.790295857988164
lrm_auctions:subastas_2022_95:4e5fa0b8f6756d7795ea8262,2022-03-23,7.75
lrm_auctions:subastas_2022_95:4e5fa0b8f6756d7795ea8262,2022-12-21,8.79
lrm_auctions:subastas_2022_96:3010f225e79dc375b07739ad,2022-03-23,8.85
lrm_auctions:subastas_2022_96:3010f225e79dc375b07739ad,2022-12-21,8.8
lrm_auctions:subastas_2022_97:e9ac6513d95136eebafc6c51,2022-03-23,7.797727272727273
lrm_auctions:subastas_2022_97:e9ac6513d95136eebafc6c51,2022-12-21,8.79
lrm_auctions:subastas_2022_98:e20621bef08ca53683d8c2dd,2022-03-23,7.75
lrm_auctions:subastas_2022_98:e20621bef08ca53683d8c2dd,2022-12-21,8.79
lrm_auctions:subastas_2022_99:4f4919f4d731f9907d4bdd22,2022-03-23,7.8
lrm_auctions:subastas_2022_99:4f4919f4d731f9907d4bdd22,2022-12-21,8.79
lrm_auctions:subastas_2022_9:908f8f022440bbfbdb65bb24,2022-01-26,5.584008620689655
lrm_auctions:subastas_2022_9:908f8f022440bbfbdb65bb24,2022-02-23,5.967
lrm_auctions:subastas_2022_9:908f8f022440bbfbdb65bb24,2022-04-27,7.092352941176471
lrm_auctions:subastas_2022_9:908f8f022440bbfbdb65bb24,2022-05-25,7.5
lrm_auctions:subastas_2022_9:908f8f022440bbfbdb65bb24,2022-07-27,7.9561983471074385
lrm_auctions:subastas_2022_9:908f8f022440bbfbdb65bb24,2022-09-28,8.558235294117647
lrm_auctions:subastas_2022_9:908f8f022440bbfbdb65bb24,2022-10-26,8.50263157894737
lrm_auctions:subastas_2022_9:908f8f022440bbfbdb65bb24,2022-11-23,8.6
lrm_auctions:subastas_2023:3048cae5f3c9742d612cf8b0,2023-01-25,0.0
lrm_auctions:subastas_2023_100:4e50d3c7509afefce25c8ca7,2023-03-29,8.7
lrm_auctions:subastas_2023_100:4e50d3c7509afefce25c8ca7,2023-06-28,8.59
lrm_auctions:subastas_2023_101:06aa2766f4661a251128d357,2023-03-29,8.7
lrm_auctions:subastas_2023_101:06aa2766f4661a251128d357,2023-06-28,8.59
lrm_auctions:subastas_2023_102:687359eed35381f1ea3c2a2a,2023-05-24,210000.0
lrm_auctions:subastas_2023_102:687359eed35381f1ea3c2a2a,2023-08-24,735000.0
lrm_auctions:subastas_2023_102:687359eed35381f1ea3c2a2a,2023-09-21,346600.0
lrm_auctions:subastas_2023_102:687359eed35381f1ea3c2a2a,2023-11-23,280000.0
lrm_auctions:subastas_2023_102:687359eed35381f1ea3c2a2a,2023-12-21,80000.0
lrm_auctions:subastas_2023_103:b59a75cade1246e5b1118b9f,2023-05-24,25000.0
lrm_auctions:subastas_2023_103:b59a75cade1246e5b1118b9f,2023-08-24,685000.0
lrm_auctions:subastas_2023_103:b59a75cade1246e5b1118b9f,2023-09-21,346600.0
lrm_auctions:subastas_2023_103:b59a75cade1246e5b1118b9f,2023-11-23,100000.0
lrm_auctions:subastas_2023_103:b59a75cade1246e5b1118b9f,2023-12-21,10000.0
lrm_auctions:subastas_2023_104:05896d317a407e07dc81011c,2023-05-24,8.0
lrm_auctions:subastas_2023_104:05896d317a407e07dc81011c,2023-08-24,7.0
lrm_auctions:subastas_2023_104:05896d317a407e07dc81011c,2023-09-21,7.0
lrm_auctions:subastas_2023_104:05896d317a407e07dc81011c,2023-11-23,7.0
lrm_auctions:subastas_2023_104:05896d317a407e07dc81011c,2023-12-21,4.0
lrm_auctions:subastas_2023_105:3beba1f89bfdcb5880472808,2023-05-24,2.0
lrm_auctions:subastas_2023_105:3beba1f89bfdcb5880472808,2023-08-24,4.0
lrm_auctions:subastas_2023_105:3beba1f89bfdcb5880472808,2023-09-21,7.0
lrm_auctions:subastas_2023_105:3beba1f89bfdcb5880472808,2023-11-23,4.0
lrm_auctions:subastas_2023_105:3beba1f89bfdcb5880472808,2023-12-21,1.0
lrm_auctions:subastas_2023_106:a059479a36d254e1702b3aeb,2023-05-24,8.755714285714285
lrm_auctions:subastas_2023_106:a059479a36d254e1702b3aeb,2023-08-24,8.040816326530612
lrm_auctions:subastas_2023_106:a059479a36d254e1702b3aeb,2023-09-21,7.804904789382573
lrm_auctions:subastas_2023_106:a059479a36d254e1702b3aeb,2023-11-23,7.036607142857143
lrm_auctions:subastas_2023_106:a059479a36d254e1702b3aeb,2023-12-21,6.7875
lrm_auctions:subastas_2023_107:33b667ad83372670b5d5baf4,2023-05-24,8.69
lrm_auctions:subastas_2023_107:33b667ad83372670b5d5baf4,2023-08-24,8.0
lrm_auctions:subastas_2023_107:33b667ad83372670b5d5baf4,2023-09-21,7.75
lrm_auctions:subastas_2023_107:33b667ad83372670b5d5baf4,2023-11-23,7.0
lrm_auctions:subastas_2023_107:33b667ad83372670b5d5baf4,2023-12-21,6.7
lrm_auctions:subastas_2023_108:dd8accda8d966d3bc6079655,2023-05-24,9.0
lrm_auctions:subastas_2023_108:dd8accda8d966d3bc6079655,2023-08-24,8.4
lrm_auctions:subastas_2023_108:dd8accda8d966d3bc6079655,2023-09-21,7.85
lrm_auctions:subastas_2023_108:dd8accda8d966d3bc6079655,2023-11-23,7.35
lrm_auctions:subastas_2023_108:dd8accda8d966d3bc6079655,2023-12-21,6.9
lrm_auctions:subastas_2023_109:e2abf549bed7799cb5501ff8,2023-05-24,8.694
lrm_auctions:subastas_2023_109:e2abf549bed7799cb5501ff8,2023-08-24,8.022992700729928
lrm_auctions:subastas_2023_109:e2abf549bed7799cb5501ff8,2023-09-21,7.804904789382573
lrm_auctions:subastas_2023_109:e2abf549bed7799cb5501ff8,2023-11-23,7.0
lrm_auctions:subastas_2023_109:e2abf549bed7799cb5501ff8,2023-12-21,6.7
lrm_auctions:subastas_2023_10:45819eab5b1964d17abc4b91,2023-01-25,8.5
lrm_auctions:subastas_2023_10:45819eab5b1964d17abc4b91,2023-03-29,8.4
lrm_auctions:subastas_2023_10:45819eab5b1964d17abc4b91,2023-04-26,8.35
lrm_auctions:subastas_2023_10:45819eab5b1964d17abc4b91,2023-06-28,8.5
lrm_auctions:subastas_2023_10:45819eab5b1964d17abc4b91,2023-07-26,8.47
lrm_auctions:subastas_2023_10:45819eab5b1964d17abc4b91,2023-08-24,8.0
lrm_auctions:subastas_2023_10:45819eab5b1964d17abc4b91,2023-10-25,7.5
lrm_auctions:subastas_2023_10:45819eab5b1964d17abc4b91,2023-11-23,7.05
lrm_auctions:subastas_2023_110:25ca3955f4c9d3729645be8d,2023-05-24,8.69
lrm_auctions:subastas_2023_110:25ca3955f4c9d3729645be8d,2023-08-24,8.0
lrm_auctions:subastas_2023_110:25ca3955f4c9d3729645be8d,2023-09-21,7.75
lrm_auctions:subastas_2023_110:25ca3955f4c9d3729645be8d,2023-11-23,7.0
lrm_auctions:subastas_2023_110:25ca3955f4c9d3729645be8d,2023-12-21,6.7
lrm_auctions:subastas_2023_111:2b75e274d60a7b8741d68e0a,2023-05-24,8.7
lrm_auctions:subastas_2023_111:2b75e274d60a7b8741d68e0a,2023-08-24,8.09
lrm_auctions:subastas_2023_111:2b75e274d60a7b8741d68e0a,2023-09-21,7.85
lrm_auctions:subastas_2023_111:2b75e274d60a7b8741d68e0a,2023-11-23,7.0
lrm_auctions:subastas_2023_111:2b75e274d60a7b8741d68e0a,2023-12-21,6.7
lrm_auctions:subastas_2023_112:efcf4db332ddff7ea118d64c,2023-06-28,5000.0
lrm_auctions:subastas_2023_112:efcf4db332ddff7ea118d64c,2023-07-26,45000.0
lrm_auctions:subastas_2023_112:efcf4db332ddff7ea118d64c,2023-10-25,30000.0
lrm_auctions:subastas_2023_113:9b641e907ff47dfb7bd2d959,2023-06-28,2.0
lrm_auctions:subastas_2023_113:9b641e907ff47dfb7bd2d959,2023-07-26,3.0
lrm_auctions:subastas_2023_113:9b641e907ff47dfb7bd2d959,2023-10-25,1.0
lrm_auctions:subastas_2023_114:eea99792d3080cc491e41e61,2023-06-28,8.53
lrm_auctions:subastas_2023_114:eea99792d3080cc491e41e61,2023-07-26,8.486666666666666
lrm_auctions:subastas_2023_114:eea99792d3080cc491e41e61,2023-10-25,7.74
lrm_auctions:subastas_2023_115:ce4ce2fcd94fb6a8be5ccb97,2023-06-28,8.53
lrm_auctions:subastas_2023_115:ce4ce2fcd94fb6a8be5ccb97,2023-07-26,8.48
lrm_auctions:subastas_2023_115:ce4ce2fcd94fb6a8be5ccb97,2023-10-25,7.74
lrm_auctions:subastas_2023_116:66705411d4f15df9e2d9209b,2023-06-28,8.53
lrm_auctions:subastas_2023_116:66705411d4f15df9e2d9209b,2023-07-26,8.5
lrm_auctions:subastas_2023_116:66705411d4f15df9e2d9209b,2023-10-25,7.74
lrm_auctions:subastas_2023_117:5909046bd0120979e666c505,2023-06-28,15000.0
lrm_auctions:subastas_2023_118:67656b9c639e06f0a28f57b6,2023-06-28,5000.0
lrm_auctions:subastas_2023_119:0dea703a198af145df8a65bc,2023-06-28,2.0
lrm_auctions:subastas_2023_11:dc674067b244570b92972daa,2023-01-25,8.6
lrm_auctions:subastas_2023_11:dc674067b244570b92972daa,2023-03-29,8.5
lrm_auctions:subastas_2023_11:dc674067b244570b92972daa,2023-04-26,8.49
lrm_auctions:subastas_2023_11:dc674067b244570b92972daa,2023-06-28,8.5
lrm_auctions:subastas_2023_11:dc674067b244570b92972daa,2023-07-26,8.5
lrm_auctions:subastas_2023_11:dc674067b244570b92972daa,2023-08-24,8.1
lrm_auctions:subastas_2023_11:dc674067b244570b92972daa,2023-10-25,7.55
lrm_auctions:subastas_2023_11:dc674067b244570b92972daa,2023-11-23,7.05
lrm_auctions:subastas_2023_120:2551ad7f544c70bcbdfdf1dd,2023-06-28,2.0
lrm_auctions:subastas_2023_121:5bffc9cd5a0ae7e3ec159630,2023-06-28,8.58
lrm_auctions:subastas_2023_122:b190ac3edc1c362b8f602c4f,2023-06-28,8.58
lrm_auctions:subastas_2023_123:a2c2406d329a66ba2494f648,2023-06-28,8.58
lrm_auctions:subastas_2023_124:69ce62994afcb8aca66ee625,2023-06-28,8.58
lrm_auctions:subastas_2023_125:a9eb5f20381e9fd66207e793,2023-06-28,8.58
lrm_auctions:subastas_2023_126:f6f9b367a29c1d0467dd79fa,2023-06-28,8.58
lrm_auctions:subastas_2023_127:7fb56ae347f47e4a1fee8f0b,2023-09-21,80000.0
lrm_auctions:subastas_2023_127:7fb56ae347f47e4a1fee8f0b,2023-11-23,50000.0
lrm_auctions:subastas_2023_128:f5a2d962b61a4d15667d7501,2023-09-21,80000.0
lrm_auctions:subastas_2023_128:f5a2d962b61a4d15667d7501,2023-11-23,20000.0
lrm_auctions:subastas_2023_129:5ef665bf2bf1161dbef3b01d,2023-09-21,3.0
lrm_auctions:subastas_2023_129:5ef665bf2bf1161dbef3b01d,2023-11-23,5.0
lrm_auctions:subastas_2023_12:9ff1f873cad70f007841d6fb,2023-01-25,0.0
lrm_auctions:subastas_2023_130:51a87a18fc0fea8d47dbfae5,2023-09-21,3.0
lrm_auctions:subastas_2023_130:51a87a18fc0fea8d47dbfae5,2023-11-23,1.0
lrm_auctions:subastas_2023_131:2e71d36d6f0175432b85781a,2023-09-21,7.83125
lrm_auctions:subastas_2023_131:2e71d36d6f0175432b85781a,2023-11-23,7.37
lrm_auctions:subastas_2023_132:4e5fa0b8f6756d7795ea8262,2023-09-21,7.8
lrm_auctions:subastas_2023_132:4e5fa0b8f6756d7795ea8262,2023-11-23,7.15
lrm_auctions:subastas_2023_133:3010f225e79dc375b07739ad,2023-09-21,7.84
lrm_auctions:subastas_2023_133:3010f225e79dc375b07739ad,2023-11-23,7.6
lrm_auctions:subastas_2023_134:e9ac6513d95136eebafc6c51,2023-09-21,7.83125
lrm_auctions:subastas_2023_134:e9ac6513d95136eebafc6c51,2023-11-23,7.15
lrm_auctions:subastas_2023_135:e20621bef08ca53683d8c2dd,2023-09-21,7.8
lrm_auctions:subastas_2023_135:e20621bef08ca53683d8c2dd,2023-11-23,7.15
lrm_auctions:subastas_2023_136:4f4919f4d731f9907d4bdd22,2023-09-21,7.84
lrm_auctions:subastas_2023_136:4f4919f4d731f9907d4bdd22,2023-11-23,7.15
lrm_auctions:subastas_2023_137:54cb2a43f0f907b65c5e292d,2023-12-21,130000.0
lrm_auctions:subastas_2023_138:8fe9354e9dbffc6520ff92ae,2023-12-21,130000.0
lrm_auctions:subastas_2023_139:e7e1b8fd87c1e28ed0126cc1,2023-12-21,2.0
lrm_auctions:subastas_2023_13:d4cc1cdb36214c28468b77c6,2023-01-25,40000.0
lrm_auctions:subastas_2023_13:d4cc1cdb36214c28468b77c6,2023-02-23,55000.0
lrm_auctions:subastas_2023_13:d4cc1cdb36214c28468b77c6,2023-04-26,5000.0
lrm_auctions:subastas_2023_13:d4cc1cdb36214c28468b77c6,2023-05-24,10000.0
lrm_auctions:subastas_2023_13:d4cc1cdb36214c28468b77c6,2023-08-24,10000.0
lrm_auctions:subastas_2023_13:d4cc1cdb36214c28468b77c6,2023-09-21,190000.0
lrm_auctions:subastas_2023_13:d4cc1cdb36214c28468b77c6,2023-11-23,5000.0
lrm_auctions:subastas_2023_13:d4cc1cdb36214c28468b77c6,2023-12-21,10000.0
lrm_auctions:subastas_2023_140:35cf952804fc72c665c0475a,2023-12-21,2.0
lrm_auctions:subastas_2023_141:47c7d14958d44202f576a601,2023-12-21,6.523076923076923
lrm_auctions:subastas_2023_142:a4d118f1fd0175e34946721c,2023-12-21,6.5
lrm_auctions:subastas_2023_143:d848ec47042f58bad3407aff,2023-12-21,6.6
lrm_auctions:subastas_2023_144:66b9d20c01e888f251b5cee9,2023-12-21,6.523076923076923
lrm_auctions:subastas_2023_145:4b551f3170b65c380c5f7c82,2023-12-21,6.5
lrm_auctions:subastas_2023_146:a36159cea0b1ae1305daa5f3,2023-12-21,6.6
lrm_auctions:subastas_2023_14:513730b0cd1cc3e0f815fbea,2023-01-25,10000.0
lrm_auctions:subastas_2023_14:513730b0cd1cc3e0f815fbea,2023-02-23,50000.0
lrm_auctions:subastas_2023_14:513730b0cd1cc3e0f815fbea,2023-04-26,5000.0
lrm_auctions:subastas_2023_14:513730b0cd1cc3e0f815fbea,2023-05-24,10000.0
lrm_auctions:subastas_2023_14:513730b0cd1cc3e0f815fbea,2023-08-24,5000.0
lrm_auctions:subastas_2023_14:513730b0cd1cc3e0f815fbea,2023-09-21,185000.0
lrm_auctions:subastas_2023_14:513730b0cd1cc3e0f815fbea,2023-12-21,5000.0
lrm_auctions:subastas_2023_15:6b5c01714ee506155b1fe3f6,2023-01-25,3.0
lrm_auctions:subastas_2023_15:6b5c01714ee506155b1fe3f6,2023-02-23,2.0
lrm_auctions:subastas_2023_15:6b5c01714ee506155b1fe3f6,2023-04-26,1.0
lrm_auctions:subastas_2023_15:6b5c01714ee506155b1fe3f6,2023-05-24,2.0
lrm_auctions:subastas_2023_15:6b5c01714ee506155b1fe3f6,2023-08-24,2.0
lrm_auctions:subastas_2023_15:6b5c01714ee506155b1fe3f6,2023-09-21,4.0
lrm_auctions:subastas_2023_15:6b5c01714ee506155b1fe3f6,2023-11-23,1.0
lrm_auctions:subastas_2023_15:6b5c01714ee506155b1fe3f6,2023-12-21,2.0
lrm_auctions:subastas_2023_16:e2be2668c3575b2f20f6c41b,2023-01-25,2.0
lrm_auctions:subastas_2023_16:e2be2668c3575b2f20f6c41b,2023-02-23,1.0
lrm_auctions:subastas_2023_16:e2be2668c3575b2f20f6c41b,2023-04-26,1.0
lrm_auctions:subastas_2023_16:e2be2668c3575b2f20f6c41b,2023-05-24,2.0
lrm_auctions:subastas_2023_16:e2be2668c3575b2f20f6c41b,2023-08-24,1.0
lrm_auctions:subastas_2023_16:e2be2668c3575b2f20f6c41b,2023-09-21,3.0
lrm_auctions:subastas_2023_16:e2be2668c3575b2f20f6c41b,2023-12-21,1.0
lrm_auctions:subastas_2023_17:4c6ee82fab987afd287f64c7,2023-01-25,8.7375
lrm_auctions:subastas_2023_17:4c6ee82fab987afd287f64c7,2023-02-23,8.558181818181819
lrm_auctions:subastas_2023_17:4c6ee82fab987afd287f64c7,2023-04-26,8.55
lrm_auctions:subastas_2023_17:4c6ee82fab987afd287f64c7,2023-05-24,8.54
lrm_auctions:subastas_2023_17:4c6ee82fab987afd287f64c7,2023-08-24,8.175
lrm_auctions:subastas_2023_17:4c6ee82fab987afd287f64c7,2023-09-21,7.764473684210526
lrm_auctions:subastas_2023_17:4c6ee82fab987afd287f64c7,2023-11-23,7.75
lrm_auctions:subastas_2023_17:4c6ee82fab987afd287f64c7,2023-12-21,6.775
lrm_auctions:subastas_2023_18:a521249d959ea7180d2956bb,2023-01-25,8.55
lrm_auctions:subastas_2023_18:a521249d959ea7180d2956bb,2023-02-23,8.55
lrm_auctions:subastas_2023_18:a521249d959ea7180d2956bb,2023-04-26,8.55
lrm_auctions:subastas_2023_18:a521249d959ea7180d2956bb,2023-05-24,8.54
lrm_auctions:subastas_2023_18:a521249d959ea7180d2956bb,2023-08-24,8.05
lrm_auctions:subastas_2023_18:a521249d959ea7180d2956bb,2023-09-21,7.75
lrm_auctions:subastas_2023_18:a521249d959ea7180d2956bb,2023-11-23,7.75
lrm_auctions:subastas_2023_18:a521249d959ea7180d2956bb,2023-12-21,6.55
lrm_auctions:subastas_2023_19:bf720db09a600af58693674d,2023-01-25,8.8
lrm_auctions:subastas_2023_19:bf720db09a600af58693674d,2023-02-23,8.64
lrm_auctions:subastas_2023_19:bf720db09a600af58693674d,2023-04-26,8.55
lrm_auctions:subastas_2023_19:bf720db09a600af58693674d,2023-05-24,8.54
lrm_auctions:subastas_2023_19:bf720db09a600af58693674d,2023-08-24,8.3
lrm_auctions:subastas_2023_19:bf720db09a600af58693674d,2023-09-21,8.0
lrm_auctions:subastas_2023_19:bf720db09a600af58693674d,2023-11-23,7.75
lrm_auctions:subastas_2023_19:bf720db09a600af58693674d,2023-12-21,7.0
lrm_auctions:subastas_2023_20:d1f66421ecf147c9c96cee79,2023-01-25,8.55
lrm_auctions:subastas_2023_20:d1f66421ecf147c9c96cee79,2023-02-23,8.55
lrm_auctions:subastas_2023_20:d1f66421ecf147c9c96cee79,2023-04-26,8.55
lrm_auctions:subastas_2023_20:d1f66421ecf147c9c96cee79,2023-05-24,8.54
lrm_auctions:subastas_2023_20:d1f66421ecf147c9c96cee79,2023-08-24,8.05
lrm_auctions:subastas_2023_20:d1f66421ecf147c9c96cee79,2023-09-21,7.758108108108108
lrm_auctions:subastas_2023_20:d1f66421ecf147c9c96cee79,2023-12-21,6.55
lrm_auctions:subastas_2023_21:07e39dcdda634d9a1a4e52ad,2023-01-25,8.55
lrm_auctions:subastas_2023_21:07e39dcdda634d9a1a4e52ad,2023-02-23,8.55
lrm_auctions:subastas_2023_21:07e39dcdda634d9a1a4e52ad,2023-04-26,8.55
lrm_auctions:subastas_2023_21:07e39dcdda634d9a1a4e52ad,2023-05-24,8.54
lrm_auctions:subastas_2023_21:07e39dcdda634d9a1a4e52ad,2023-08-24,8.05
lrm_auctions:subastas_2023_21:07e39dcdda634d9a1a4e52ad,2023-09-21,7.75
lrm_auctions:subastas_2023_21:07e39dcdda634d9a1a4e52ad,2023-12-21,6.55
lrm_auctions:subastas_2023_22:8d17a06b79a2cc8390174bbf,2023-01-25,8.55
lrm_auctions:subastas_2023_22:8d17a06b79a2cc8390174bbf,2023-02-23,8.55
lrm_auctions:subastas_2023_22:8d17a06b79a2cc8390174bbf,2023-04-26,8.55
lrm_auctions:subastas_2023_22:8d17a06b79a2cc8390174bbf,2023-05-24,8.54
lrm_auctions:subastas_2023_22:8d17a06b79a2cc8390174bbf,2023-08-24,8.05
lrm_auctions:subastas_2023_22:8d17a06b79a2cc8390174bbf,2023-09-21,7.8
lrm_auctions:subastas_2023_22:8d17a06b79a2cc8390174bbf,2023-12-21,6.55
lrm_auctions:subastas_2023_23:200bac5a5818f3c1c7f12051,2023-01-25,0.0
lrm_auctions:subastas_2023_24:8d3ad5132b2716a5e9b7d842,2023-01-25,185000.0
lrm_auctions:subastas_2023_24:8d3ad5132b2716a5e9b7d842,2023-02-23,160000.0
lrm_auctions:subastas_2023_24:8d3ad5132b2716a5e9b7d842,2023-03-29,10000.0
lrm_auctions:subastas_2023_24:8d3ad5132b2716a5e9b7d842,2023-04-26,15000.0
lrm_auctions:subastas_2023_24:8d3ad5132b2716a5e9b7d842,2023-05-24,23000.0
lrm_auctions:subastas_2023_24:8d3ad5132b2716a5e9b7d842,2023-07-26,160000.0
lrm_auctions:subastas_2023_24:8d3ad5132b2716a5e9b7d842,2023-08-24,10000.0
lrm_auctions:subastas_2023_24:8d3ad5132b2716a5e9b7d842,2023-09-21,35000.0
lrm_auctions:subastas_2023_24:8d3ad5132b2716a5e9b7d842,2023-10-25,140000.0
lrm_auctions:subastas_2023_24:8d3ad5132b2716a5e9b7d842,2023-11-23,134000.0
lrm_auctions:subastas_2023_25:1796f78ac619b9822b3cdf63,2023-01-25,160000.0
lrm_auctions:subastas_2023_25:1796f78ac619b9822b3cdf63,2023-02-23,100000.0
lrm_auctions:subastas_2023_25:1796f78ac619b9822b3cdf63,2023-03-29,10000.0
lrm_auctions:subastas_2023_25:1796f78ac619b9822b3cdf63,2023-04-26,5000.0
lrm_auctions:subastas_2023_25:1796f78ac619b9822b3cdf63,2023-05-24,23000.0
lrm_auctions:subastas_2023_25:1796f78ac619b9822b3cdf63,2023-07-26,160000.0
lrm_auctions:subastas_2023_25:1796f78ac619b9822b3cdf63,2023-08-24,10000.0
lrm_auctions:subastas_2023_25:1796f78ac619b9822b3cdf63,2023-09-21,30000.0
lrm_auctions:subastas_2023_25:1796f78ac619b9822b3cdf63,2023-10-25,140000.0
lrm_auctions:subastas_2023_26:e98508eba46c33c0a983ce8e,2023-01-25,4.0
lrm_auctions:subastas_2023_26:e98508eba46c33c0a983ce8e,2023-02-23,4.0
lrm_auctions:subastas_2023_26:e98508eba46c33c0a983ce8e,2023-03-29,1.0
lrm_auctions:subastas_2023_26:e98508eba46c33c0a983ce8e,2023-04-26,2.0
lrm_auctions:subastas_2023_26:e98508eba46c33c0a983ce8e,2023-05-24,3.0
lrm_auctions:subastas_2023_26:e98508eba46c33c0a983ce8e,2023-07-26,2.0
lrm_auctions:subastas_2023_26:e98508eba46c33c0a983ce8e,2023-08-24,1.0
lrm_auctions:subastas_2023_26:e98508eba46c33c0a983ce8e,2023-09-21,2.0
lrm_auctions:subastas_2023_26:e98508eba46c33c0a983ce8e,2023-10-25,4.0
lrm_auctions:subastas_2023_26:e98508eba46c33c0a983ce8e,2023-11-23,1.0
lrm_auctions:subastas_2023_27:50e8cd5d6a9164a387e71b58,2023-01-25,3.0
lrm_auctions:subastas_2023_27:50e8cd5d6a9164a387e71b58,2023-02-23,3.0
lrm_auctions:subastas_2023_27:50e8cd5d6a9164a387e71b58,2023-03-29,1.0
lrm_auctions:subastas_2023_27:50e8cd5d6a9164a387e71b58,2023-04-26,2.0
lrm_auctions:subastas_2023_27:50e8cd5d6a9164a387e71b58,2023-05-24,3.0
lrm_auctions:subastas_2023_27:50e8cd5d6a9164a387e71b58,2023-07-26,2.0
lrm_auctions:subastas_2023_27:50e8cd5d6a9164a387e71b58,2023-08-24,1.0
lrm_auctions:subastas_2023_27:50e8cd5d6a9164a387e71b58,2023-09-21,1.0
lrm_auctions:subastas_2023_27:50e8cd5d6a9164a387e71b58,2023-10-25,4.0
lrm_auctions:subastas_2023_28:956a873dc8d52b456ddad362,2023-01-25,8.606756756756758
lrm_auctions:subastas_2023_28:956a873dc8d52b456ddad362,2023-02-23,8.5925
lrm_auctions:subastas_2023_28:956a873dc8d52b456ddad362,2023-03-29,8.6
lrm_auctions:subastas_2023_28:956a873dc8d52b456ddad362,2023-04-26,8.6
lrm_auctions:subastas_2023_28:956a873dc8d52b456ddad362,2023-05-24,8.574347826086957
lrm_auctions:subastas_2023_28:956a873dc8d52b456ddad362,2023-07-26,8.521875
lrm_auctions:subastas_2023_28:956a873dc8d52b456ddad362,2023-08-24,8.08
lrm_auctions:subastas_2023_28:956a873dc8d52b456ddad362,2023-09-21,7.86
lrm_auctions:subastas_2023_28:956a873dc8d52b456ddad362,2023-10-25,7.555714285714286
lrm_auctions:subastas_2023_28:956a873dc8d52b456ddad362,2023-11-23,7.4
lrm_auctions:subastas_2023_29:5b6eb8a66c58a781bc5e1741,2023-01-25,8.6
lrm_auctions:subastas_2023_29:5b6eb8a66c58a781bc5e1741,2023-02-23,8.57
lrm_auctions:subastas_2023_29:5b6eb8a66c58a781bc5e1741,2023-03-29,8.6
lrm_auctions:subastas_2023_29:5b6eb8a66c58a781bc5e1741,2023-04-26,8.6
lrm_auctions:subastas_2023_29:5b6eb8a66c58a781bc5e1741,2023-05-24,8.55
lrm_auctions:subastas_2023_29:5b6eb8a66c58a781bc5e1741,2023-07-26,8.52
lrm_auctions:subastas_2023_29:5b6eb8a66c58a781bc5e1741,2023-08-24,8.08
lrm_auctions:subastas_2023_29:5b6eb8a66c58a781bc5e1741,2023-09-21,7.82
lrm_auctions:subastas_2023_29:5b6eb8a66c58a781bc5e1741,2023-10-25,7.5
lrm_auctions:subastas_2023_29:5b6eb8a66c58a781bc5e1741,2023-11-23,7.4
lrm_auctions:subastas_2023_2:9247b31e01d1e0ac55a0c613,2023-01-25,160000.0
lrm_auctions:subastas_2023_2:9247b31e01d1e0ac55a0c613,2023-03-29,95000.0
lrm_auctions:subastas_2023_2:9247b31e01d1e0ac55a0c613,2023-04-26,165000.0
lrm_auctions:subastas_2023_2:9247b31e01d1e0ac55a0c613,2023-06-28,55000.0
lrm_auctions:subastas_2023_2:9247b31e01d1e0ac55a0c613,2023-07-26,15000.0
lrm_auctions:subastas_2023_2:9247b31e01d1e0ac55a0c613,2023-08-24,110000.0
lrm_auctions:subastas_2023_2:9247b31e01d1e0ac55a0c613,2023-10-25,400000.0
lrm_auctions:subastas_2023_2:9247b31e01d1e0ac55a0c613,2023-11-23,155000.0
lrm_auctions:subastas_2023_30:ee2c12a55786cf1f1c7f10ae,2023-01-25,8.65
lrm_auctions:subastas_2023_30:ee2c12a55786cf1f1c7f10ae,2023-02-23,8.66
lrm_auctions:subastas_2023_30:ee2c12a55786cf1f1c7f10ae,2023-03-29,8.6
lrm_auctions:subastas_2023_30:ee2c12a55786cf1f1c7f10ae,2023-04-26,8.6
lrm_auctions:subastas_2023_30:ee2c12a55786cf1f1c7f10ae,2023-05-24,8.59
lrm_auctions:subastas_2023_30:ee2c12a55786cf1f1c7f10ae,2023-07-26,8.55
lrm_auctions:subastas_2023_30:ee2c12a55786cf1f1c7f10ae,2023-08-24,8.08
lrm_auctions:subastas_2023_30:ee2c12a55786cf1f1c7f10ae,2023-09-21,8.1
lrm_auctions:subastas_2023_30:ee2c12a55786cf1f1c7f10ae,2023-10-25,7.76
lrm_auctions:subastas_2023_30:ee2c12a55786cf1f1c7f10ae,2023-11-23,7.4
lrm_auctions:subastas_2023_31:42e314b83bffe86da857c019,2023-01-25,8.6
lrm_auctions:subastas_2023_31:42e314b83bffe86da857c019,2023-02-23,8.585
lrm_auctions:subastas_2023_31:42e314b83bffe86da857c019,2023-03-29,8.6
lrm_auctions:subastas_2023_31:42e314b83bffe86da857c019,2023-04-26,8.6
lrm_auctions:subastas_2023_31:42e314b83bffe86da857c019,2023-05-24,8.574347826086957
lrm_auctions:subastas_2023_31:42e314b83bffe86da857c019,2023-07-26,8.521875
lrm_auctions:subastas_2023_31:42e314b83bffe86da857c019,2023-08-24,8.08
lrm_auctions:subastas_2023_31:42e314b83bffe86da857c019,2023-09-21,7.82
lrm_auctions:subastas_2023_31:42e314b83bffe86da857c019,2023-10-25,7.555714285714286
lrm_auctions:subastas_2023_32:820ff1f83b051209517929a0,2023-01-25,8.6
lrm_auctions:subastas_2023_32:820ff1f83b051209517929a0,2023-02-23,8.57
lrm_auctions:subastas_2023_32:820ff1f83b051209517929a0,2023-03-29,8.6
lrm_auctions:subastas_2023_32:820ff1f83b051209517929a0,2023-04-26,8.6
lrm_auctions:subastas_2023_32:820ff1f83b051209517929a0,2023-05-24,8.55
lrm_auctions:subastas_2023_32:820ff1f83b051209517929a0,2023-07-26,8.52
lrm_auctions:subastas_2023_32:820ff1f83b051209517929a0,2023-08-24,8.08
lrm_auctions:subastas_2023_32:820ff1f83b051209517929a0,2023-09-21,7.82
lrm_auctions:subastas_2023_32:820ff1f83b051209517929a0,2023-10-25,7.5
lrm_auctions:subastas_2023_33:0598755dd2a01a35e335ef4f,2023-01-25,8.6
lrm_auctions:subastas_2023_33:0598755dd2a01a35e335ef4f,2023-02-23,8.6
lrm_auctions:subastas_2023_33:0598755dd2a01a35e335ef4f,2023-03-29,8.6
lrm_auctions:subastas_2023_33:0598755dd2a01a35e335ef4f,2023-04-26,8.6
lrm_auctions:subastas_2023_33:0598755dd2a01a35e335ef4f,2023-05-24,8.59
lrm_auctions:subastas_2023_33:0598755dd2a01a35e335ef4f,2023-07-26,8.55
lrm_auctions:subastas_2023_33:0598755dd2a01a35e335ef4f,2023-08-24,8.08
lrm_auctions:subastas_2023_33:0598755dd2a01a35e335ef4f,2023-09-21,7.82
lrm_auctions:subastas_2023_33:0598755dd2a01a35e335ef4f,2023-10-25,7.76
lrm_auctions:subastas_2023_34:e44c1e3c52f41f63ed5605bd,2023-01-25,0.0
lrm_auctions:subastas_2023_35:aaf6eb65b92a1b566a413296,2023-01-25,105000.0
lrm_auctions:subastas_2023_35:aaf6eb65b92a1b566a413296,2023-02-23,5000.0
lrm_auctions:subastas_2023_35:aaf6eb65b92a1b566a413296,2023-04-26,20000.0
lrm_auctions:subastas_2023_35:aaf6eb65b92a1b566a413296,2023-05-24,50000.0
lrm_auctions:subastas_2023_35:aaf6eb65b92a1b566a413296,2023-07-26,257000.0
lrm_auctions:subastas_2023_35:aaf6eb65b92a1b566a413296,2023-08-24,182000.0
lrm_auctions:subastas_2023_35:aaf6eb65b92a1b566a413296,2023-10-25,170000.0
lrm_auctions:subastas_2023_36:640b4b056ff21faadf718dca,2023-01-25,105000.0
lrm_auctions:subastas_2023_36:640b4b056ff21faadf718dca,2023-02-23,5000.0
lrm_auctions:subastas_2023_36:640b4b056ff21faadf718dca,2023-04-26,20000.0
lrm_auctions:subastas_2023_36:640b4b056ff21faadf718dca,2023-05-24,50000.0
lrm_auctions:subastas_2023_36:640b4b056ff21faadf718dca,2023-07-26,257000.0
lrm_auctions:subastas_2023_36:640b4b056ff21faadf718dca,2023-08-24,182000.0
lrm_auctions:subastas_2023_36:640b4b056ff21faadf718dca,2023-10-25,170000.0
lrm_auctions:subastas_2023_37:0bee62c66184fd637967f5a2,2023-01-25,2.0
lrm_auctions:subastas_2023_37:0bee62c66184fd637967f5a2,2023-02-23,1.0
lrm_auctions:subastas_2023_37:0bee62c66184fd637967f5a2,2023-04-26,1.0
lrm_auctions:subastas_2023_37:0bee62c66184fd637967f5a2,2023-05-24,2.0
lrm_auctions:subastas_2023_37:0bee62c66184fd637967f5a2,2023-07-26,3.0
lrm_auctions:subastas_2023_37:0bee62c66184fd637967f5a2,2023-08-24,3.0
lrm_auctions:subastas_2023_37:0bee62c66184fd637967f5a2,2023-10-25,3.0
lrm_auctions:subastas_2023_38:eadb3b0d05243d2c6900fcbc,2023-01-25,2.0
lrm_auctions:subastas_2023_38:eadb3b0d05243d2c6900fcbc,2023-02-23,1.0
lrm_auctions:subastas_2023_38:eadb3b0d05243d2c6900fcbc,2023-04-26,1.0
lrm_auctions:subastas_2023_38:eadb3b0d05243d2c6900fcbc,2023-05-24,2.0
lrm_auctions:subastas_2023_38:eadb3b0d05243d2c6900fcbc,2023-07-26,3.0
lrm_auctions:subastas_2023_38:eadb3b0d05243d2c6900fcbc,2023-08-24,3.0
lrm_auctions:subastas_2023_38:eadb3b0d05243d2c6900fcbc,2023-10-25,3.0
lrm_auctions:subastas_2023_39:5d71f900d8bbc611ba4983ea,2023-01-25,8.65
lrm_auctions:subastas_2023_39:5d71f900d8bbc611ba4983ea,2023-02-23,8.7
lrm_auctions:subastas_2023_39:5d71f900d8bbc611ba4983ea,2023-04-26,8.7
lrm_auctions:subastas_2023_39:5d71f900d8bbc611ba4983ea,2023-05-24,8.65
lrm_auctions:subastas_2023_39:5d71f900d8bbc611ba4983ea,2023-07-26,8.523735408560311
lrm_auctions:subastas_2023_39:5d71f900d8bbc611ba4983ea,2023-08-24,8.091758241758242
lrm_auctions:subastas_2023_39:5d71f900d8bbc611ba4983ea,2023-10-25,7.576470588235294
lrm_auctions:subastas_2023_3:224b5017a255c316d44d073e,2023-01-25,125000.0
lrm_auctions:subastas_2023_3:224b5017a255c316d44d073e,2023-03-29,95000.0
lrm_auctions:subastas_2023_3:224b5017a255c316d44d073e,2023-04-26,165000.0
lrm_auctions:subastas_2023_3:224b5017a255c316d44d073e,2023-06-28,5000.0
lrm_auctions:subastas_2023_3:224b5017a255c316d44d073e,2023-07-26,15000.0
lrm_auctions:subastas_2023_3:224b5017a255c316d44d073e,2023-08-24,110000.0
lrm_auctions:subastas_2023_3:224b5017a255c316d44d073e,2023-10-25,315000.0
lrm_auctions:subastas_2023_3:224b5017a255c316d44d073e,2023-11-23,50000.0
lrm_auctions:subastas_2023_40:88e9ff84b8c642a4a38c010b,2023-01-25,8.65
lrm_auctions:subastas_2023_40:88e9ff84b8c642a4a38c010b,2023-02-23,8.7
lrm_auctions:subastas_2023_40:88e9ff84b8c642a4a38c010b,2023-04-26,8.7
lrm_auctions:subastas_2023_40:88e9ff84b8c642a4a38c010b,2023-05-24,8.65
lrm_auctions:subastas_2023_40:88e9ff84b8c642a4a38c010b,2023-07-26,8.52
lrm_auctions:subastas_2023_40:88e9ff84b8c642a4a38c010b,2023-08-24,8.09
lrm_auctions:subastas_2023_40:88e9ff84b8c642a4a38c010b,2023-10-25,7.55
lrm_auctions:subastas_2023_41:09849ee67600e0d554d7ce86,2023-01-25,8.65
lrm_auctions:subastas_2023_41:09849ee67600e0d554d7ce86,2023-02-23,8.7
lrm_auctions:subastas_2023_41:09849ee67600e0d554d7ce86,2023-04-26,8.7
lrm_auctions:subastas_2023_41:09849ee67600e0d554d7ce86,2023-05-24,8.65
lrm_auctions:subastas_2023_41:09849ee67600e0d554d7ce86,2023-07-26,8.56
lrm_auctions:subastas_2023_41:09849ee67600e0d554d7ce86,2023-08-24,8.1
lrm_auctions:subastas_2023_41:09849ee67600e0d554d7ce86,2023-10-25,7.65
lrm_auctions:subastas_2023_42:cc6093da5c5584f1d7a6a7e9,2023-01-25,8.65
lrm_auctions:subastas_2023_42:cc6093da5c5584f1d7a6a7e9,2023-02-23,8.7
lrm_auctions:subastas_2023_42:cc6093da5c5584f1d7a6a7e9,2023-04-26,8.7
lrm_auctions:subastas_2023_42:cc6093da5c5584f1d7a6a7e9,2023-05-24,8.65
lrm_auctions:subastas_2023_42:cc6093da5c5584f1d7a6a7e9,2023-07-26,8.523735408560311
lrm_auctions:subastas_2023_42:cc6093da5c5584f1d7a6a7e9,2023-08-24,8.091758241758242
lrm_auctions:subastas_2023_42:cc6093da5c5584f1d7a6a7e9,2023-10-25,7.576470588235294
lrm_auctions:subastas_2023_43:bf87f06f467e10f55b30080e,2023-01-25,8.65
lrm_auctions:subastas_2023_43:bf87f06f467e10f55b30080e,2023-02-23,8.7
lrm_auctions:subastas_2023_43:bf87f06f467e10f55b30080e,2023-04-26,8.7
lrm_auctions:subastas_2023_43:bf87f06f467e10f55b30080e,2023-05-24,8.65
lrm_auctions:subastas_2023_43:bf87f06f467e10f55b30080e,2023-07-26,8.52
lrm_auctions:subastas_2023_43:bf87f06f467e10f55b30080e,2023-08-24,8.09
lrm_auctions:subastas_2023_43:bf87f06f467e10f55b30080e,2023-10-25,7.55
lrm_auctions:subastas_2023_44:17425580ef717811a7ed1c29,2023-01-25,8.65
lrm_auctions:subastas_2023_44:17425580ef717811a7ed1c29,2023-02-23,8.7
lrm_auctions:subastas_2023_44:17425580ef717811a7ed1c29,2023-04-26,8.7
lrm_auctions:subastas_2023_44:17425580ef717811a7ed1c29,2023-05-24,8.65
lrm_auctions:subastas_2023_44:17425580ef717811a7ed1c29,2023-07-26,8.56
lrm_auctions:subastas_2023_44:17425580ef717811a7ed1c29,2023-08-24,8.1
lrm_auctions:subastas_2023_44:17425580ef717811a7ed1c29,2023-10-25,7.65
lrm_auctions:subastas_2023_45:3c684c164201d9a3f39a6fc8,2023-01-25,0.0
lrm_auctions:subastas_2023_46:58d25f2d4b7cc400aeb30c64,2023-01-25,400000.0
lrm_auctions:subastas_2023_46:58d25f2d4b7cc400aeb30c64,2023-02-23,210000.0
lrm_auctions:subastas_2023_46:58d25f2d4b7cc400aeb30c64,2023-03-29,201820.0
lrm_auctions:subastas_2023_46:58d25f2d4b7cc400aeb30c64,2023-04-26,480000.0
lrm_auctions:subastas_2023_46:58d25f2d4b7cc400aeb30c64,2023-06-28,380000.0
lrm_auctions:subastas_2023_46:58d25f2d4b7cc400aeb30c64,2023-07-26,436000.0
lrm_auctions:subastas_2023_46:58d25f2d4b7cc400aeb30c64,2023-10-25,697500.0
lrm_auctions:subastas_2023_47:bb79738bc541d407c321f056,2023-01-25,400000.0
lrm_auctions:subastas_2023_47:bb79738bc541d407c321f056,2023-02-23,200000.0
lrm_auctions:subastas_2023_47:bb79738bc541d407c321f056,2023-03-29,50000.0
lrm_auctions:subastas_2023_47:bb79738bc541d407c321f056,2023-04-26,30000.0
lrm_auctions:subastas_2023_47:bb79738bc541d407c321f056,2023-06-28,100000.0
lrm_auctions:subastas_2023_47:bb79738bc541d407c321f056,2023-07-26,426000.0
lrm_auctions:subastas_2023_47:bb79738bc541d407c321f056,2023-10-25,652500.0
lrm_auctions:subastas_2023_48:86cf914be106c1ef4c652627,2023-01-25,7.0
lrm_auctions:subastas_2023_48:86cf914be106c1ef4c652627,2023-02-23,4.0
lrm_auctions:subastas_2023_48:86cf914be106c1ef4c652627,2023-03-29,4.0
lrm_auctions:subastas_2023_48:86cf914be106c1ef4c652627,2023-04-26,6.0
lrm_auctions:subastas_2023_48:86cf914be106c1ef4c652627,2023-06-28,4.0
lrm_auctions:subastas_2023_48:86cf914be106c1ef4c652627,2023-07-26,8.0
lrm_auctions:subastas_2023_48:86cf914be106c1ef4c652627,2023-10-25,10.0
lrm_auctions:subastas_2023_49:66ee0fb711ef0cdccd87f353,2023-01-25,7.0
lrm_auctions:subastas_2023_49:66ee0fb711ef0cdccd87f353,2023-02-23,3.0
lrm_auctions:subastas_2023_49:66ee0fb711ef0cdccd87f353,2023-03-29,2.0
lrm_auctions:subastas_2023_49:66ee0fb711ef0cdccd87f353,2023-04-26,1.0
lrm_auctions:subastas_2023_49:66ee0fb711ef0cdccd87f353,2023-06-28,1.0
lrm_auctions:subastas_2023_49:66ee0fb711ef0cdccd87f353,2023-07-26,6.0
lrm_auctions:subastas_2023_49:66ee0fb711ef0cdccd87f353,2023-10-25,8.0
lrm_auctions:subastas_2023_4:010d5d8f25a1089f65a054b4,2023-01-25,8.0
lrm_auctions:subastas_2023_4:010d5d8f25a1089f65a054b4,2023-03-29,5.0
lrm_auctions:subastas_2023_4:010d5d8f25a1089f65a054b4,2023-04-26,5.0
lrm_auctions:subastas_2023_4:010d5d8f25a1089f65a054b4,2023-06-28,2.0
lrm_auctions:subastas_2023_4:010d5d8f25a1089f65a054b4,2023-07-26,2.0
lrm_auctions:subastas_2023_4:010d5d8f25a1089f65a054b4,2023-08-24,3.0
lrm_auctions:subastas_2023_4:010d5d8f25a1089f65a054b4,2023-10-25,4.0
lrm_auctions:subastas_2023_4:010d5d8f25a1089f65a054b4,2023-11-23,3.0
lrm_auctions:subastas_2023_50:b4b5e2722f88ce742b672651,2023-01-25,9.29375
lrm_auctions:subastas_2023_50:b4b5e2722f88ce742b672651,2023-02-23,9.358095238095238
lrm_auctions:subastas_2023_50:b4b5e2722f88ce742b672651,2023-03-29,9.256104449509463
lrm_auctions:subastas_2023_50:b4b5e2722f88ce742b672651,2023-04-26,9.006458333333333
lrm_auctions:subastas_2023_50:b4b5e2722f88ce742b672651,2023-06-28,8.630263157894737
lrm_auctions:subastas_2023_50:b4b5e2722f88ce742b672651,2023-07-26,8.550894495412843
lrm_auctions:subastas_2023_50:b4b5e2722f88ce742b672651,2023-10-25,7.585448028673835
lrm_auctions:subastas_2023_51:5b52d906236d2d89df7e4f26,2023-01-25,9.2
lrm_auctions:subastas_2023_51:5b52d906236d2d89df7e4f26,2023-02-23,9.35
lrm_auctions:subastas_2023_51:5b52d906236d2d89df7e4f26,2023-03-29,9.25
lrm_auctions:subastas_2023_51:5b52d906236d2d89df7e4f26,2023-04-26,8.89
lrm_auctions:subastas_2023_51:5b52d906236d2d89df7e4f26,2023-06-28,8.61
lrm_auctions:subastas_2023_51:5b52d906236d2d89df7e4f26,2023-07-26,8.54
lrm_auctions:subastas_2023_51:5b52d906236d2d89df7e4f26,2023-10-25,7.49
lrm_auctions:subastas_2023_52:b2c88d501014eb0123d6c0ed,2023-01-25,9.38
lrm_auctions:subastas_2023_52:b2c88d501014eb0123d6c0ed,2023-02-23,9.4
lrm_auctions:subastas_2023_52:b2c88d501014eb0123d6c0ed,2023-03-29,9.36
lrm_auctions:subastas_2023_52:b2c88d501014eb0123d6c0ed,2023-04-26,9.1
lrm_auctions:subastas_2023_52:b2c88d501014eb0123d6c0ed,2023-06-28,8.69
lrm_auctions:subastas_2023_52:b2c88d501014eb0123d6c0ed,2023-07-26,8.61
lrm_auctions:subastas_2023_52:b2c88d501014eb0123d6c0ed,2023-10-25,7.7
lrm_auctions:subastas_2023_53:e182cba0234af1e753eb02fd,2023-01-25,9.29375
lrm_auctions:subastas_2023_53:e182cba0234af1e753eb02fd,2023-02-23,9.356
lrm_auctions:subastas_2023_53:e182cba0234af1e753eb02fd,2023-03-29,9.25
lrm_auctions:subastas_2023_53:e182cba0234af1e753eb02fd,2023-04-26,8.89
lrm_auctions:subastas_2023_53:e182cba0234af1e753eb02fd,2023-06-28,8.61
lrm_auctions:subastas_2023_53:e182cba0234af1e753eb02fd,2023-07-26,8.549741784037558
lrm_auctions:subastas_2023_53:e182cba0234af1e753eb02fd,2023-10-25,7.577547892720307
lrm_auctions:subastas_2023_54:57e63b12970a0708ed266b9b,2023-01-25,9.2
lrm_auctions:subastas_2023_54:57e63b12970a0708ed266b9b,2023-02-23,9.35
lrm_auctions:subastas_2023_54:57e63b12970a0708ed266b9b,2023-03-29,9.25
lrm_auctions:subastas_2023_54:57e63b12970a0708ed266b9b,2023-04-26,8.89
lrm_auctions:subastas_2023_54:57e63b12970a0708ed266b9b,2023-06-28,8.61
lrm_auctions:subastas_2023_54:57e63b12970a0708ed266b9b,2023-07-26,8.54
lrm_auctions:subastas_2023_54:57e63b12970a0708ed266b9b,2023-10-25,7.49
lrm_auctions:subastas_2023_55:9762b95e07549b447d3c4e96,2023-01-25,9.38
lrm_auctions:subastas_2023_55:9762b95e07549b447d3c4e96,2023-02-23,9.38
lrm_auctions:subastas_2023_55:9762b95e07549b447d3c4e96,2023-03-29,9.25
lrm_auctions:subastas_2023_55:9762b95e07549b447d3c4e96,2023-04-26,8.89
lrm_auctions:subastas_2023_55:9762b95e07549b447d3c4e96,2023-06-28,8.61
lrm_auctions:subastas_2023_55:9762b95e07549b447d3c4e96,2023-07-26,8.58
lrm_auctions:subastas_2023_55:9762b95e07549b447d3c4e96,2023-10-25,7.6
lrm_auctions:subastas_2023_56:4bf6da531b85de74e05a06a8,2023-01-25,0.0
lrm_auctions:subastas_2023_57:ee0d4c3a94f7908ff04d5f39,2023-01-25,1611000.0
lrm_auctions:subastas_2023_57:ee0d4c3a94f7908ff04d5f39,2023-03-29,1036820.0
lrm_auctions:subastas_2023_57:ee0d4c3a94f7908ff04d5f39,2023-04-26,670000.0
lrm_auctions:subastas_2023_57:ee0d4c3a94f7908ff04d5f39,2023-06-28,791000.0
lrm_auctions:subastas_2023_57:ee0d4c3a94f7908ff04d5f39,2023-10-25,795000.0
lrm_auctions:subastas_2023_58:eea18eee3ecdee3e28e66da9,2023-01-25,1236000.0
lrm_auctions:subastas_2023_58:eea18eee3ecdee3e28e66da9,2023-03-29,165000.0
lrm_auctions:subastas_2023_58:eea18eee3ecdee3e28e66da9,2023-04-26,210000.0
lrm_auctions:subastas_2023_58:eea18eee3ecdee3e28e66da9,2023-06-28,531000.0
lrm_auctions:subastas_2023_58:eea18eee3ecdee3e28e66da9,2023-10-25,245000.0
lrm_auctions:subastas_2023_59:57b628dd262c8254a68a400f,2023-01-25,14.0
lrm_auctions:subastas_2023_59:57b628dd262c8254a68a400f,2023-03-29,14.0
lrm_auctions:subastas_2023_59:57b628dd262c8254a68a400f,2023-04-26,8.0
lrm_auctions:subastas_2023_59:57b628dd262c8254a68a400f,2023-06-28,15.0
lrm_auctions:subastas_2023_59:57b628dd262c8254a68a400f,2023-10-25,10.0
lrm_auctions:subastas_2023_5:fc2d241f5907da61bc006a54,2023-01-25,6.0
lrm_auctions:subastas_2023_5:fc2d241f5907da61bc006a54,2023-03-29,5.0
lrm_auctions:subastas_2023_5:fc2d241f5907da61bc006a54,2023-04-26,5.0
lrm_auctions:subastas_2023_5:fc2d241f5907da61bc006a54,2023-06-28,2.0
lrm_auctions:subastas_2023_5:fc2d241f5907da61bc006a54,2023-07-26,2.0
lrm_auctions:subastas_2023_5:fc2d241f5907da61bc006a54,2023-08-24,3.0
lrm_auctions:subastas_2023_5:fc2d241f5907da61bc006a54,2023-10-25,2.0
lrm_auctions:subastas_2023_5:fc2d241f5907da61bc006a54,2023-11-23,2.0
lrm_auctions:subastas_2023_60:0e6c1578bd5d6820b9d67c61,2023-01-25,10.0
lrm_auctions:subastas_2023_60:0e6c1578bd5d6820b9d67c61,2023-03-29,3.0
lrm_auctions:subastas_2023_60:0e6c1578bd5d6820b9d67c61,2023-04-26,3.0
lrm_auctions:subastas_2023_60:0e6c1578bd5d6820b9d67c61,2023-06-28,11.0
lrm_auctions:subastas_2023_60:0e6c1578bd5d6820b9d67c61,2023-10-25,4.0
lrm_auctions:subastas_2023_61:492f3999a838cd04f14590a4,2023-01-25,9.600310366232154
lrm_auctions:subastas_2023_61:492f3999a838cd04f14590a4,2023-03-29,9.10858876179086
lrm_auctions:subastas_2023_61:492f3999a838cd04f14590a4,2023-04-26,8.893283582089552
lrm_auctions:subastas_2023_61:492f3999a838cd04f14590a4,2023-06-28,8.619519595448798
lrm_auctions:subastas_2023_61:492f3999a838cd04f14590a4,2023-10-25,7.372578616352201
lrm_auctions:subastas_2023_62:0a1131f4a687bbd9d1b5e92b,2023-01-25,9.3
lrm_auctions:subastas_2023_62:0a1131f4a687bbd9d1b5e92b,2023-03-29,8.99
lrm_auctions:subastas_2023_62:0a1131f4a687bbd9d1b5e92b,2023-04-26,8.85
lrm_auctions:subastas_2023_62:0a1131f4a687bbd9d1b5e92b,2023-06-28,8.54
lrm_auctions:subastas_2023_62:0a1131f4a687bbd9d1b5e92b,2023-10-25,7.19
lrm_auctions:subastas_2023_63:d39b6838f8819b2de0ec3672,2023-01-25,9.82
lrm_auctions:subastas_2023_63:d39b6838f8819b2de0ec3672,2023-03-29,9.4
lrm_auctions:subastas_2023_63:d39b6838f8819b2de0ec3672,2023-04-26,9.1
lrm_auctions:subastas_2023_63:d39b6838f8819b2de0ec3672,2023-06-28,8.75
lrm_auctions:subastas_2023_63:d39b6838f8819b2de0ec3672,2023-10-25,7.65
lrm_auctions:subastas_2023_64:9d92cdb1155eb126d248cd3d,2023-01-25,9.55752427184466
lrm_auctions:subastas_2023_64:9d92cdb1155eb126d248cd3d,2023-03-29,8.993030303030302
lrm_auctions:subastas_2023_64:9d92cdb1155eb126d248cd3d,2023-04-26,8.862380952380953
lrm_auctions:subastas_2023_64:9d92cdb1155eb126d248cd3d,2023-06-28,8.567401129943503
lrm_auctions:subastas_2023_64:9d92cdb1155eb126d248cd3d,2023-10-25,7.237551020408163
lrm_auctions:subastas_2023_65:9e65b04aa01c99458d690df0,2023-01-25,9.3
lrm_auctions:subastas_2023_65:9e65b04aa01c99458d690df0,2023-03-29,8.99
lrm_auctions:subastas_2023_65:9e65b04aa01c99458d690df0,2023-04-26,8.85
lrm_auctions:subastas_2023_65:9e65b04aa01c99458d690df0,2023-06-28,8.54
lrm_auctions:subastas_2023_65:9e65b04aa01c99458d690df0,2023-10-25,7.19
lrm_auctions:subastas_2023_66:af2e7749cfc1023bb5b38c17,2023-01-25,9.6
lrm_auctions:subastas_2023_66:af2e7749cfc1023bb5b38c17,2023-03-29,9.0
lrm_auctions:subastas_2023_66:af2e7749cfc1023bb5b38c17,2023-04-26,8.89
lrm_auctions:subastas_2023_66:af2e7749cfc1023bb5b38c17,2023-06-28,8.65
lrm_auctions:subastas_2023_66:af2e7749cfc1023bb5b38c17,2023-10-25,7.36
lrm_auctions:subastas_2023_67:fc22729f3313615a9203476a,2023-02-23,25000.0
lrm_auctions:subastas_2023_67:fc22729f3313615a9203476a,2023-05-24,15000.0
lrm_auctions:subastas_2023_67:fc22729f3313615a9203476a,2023-09-21,200000.0
lrm_auctions:subastas_2023_67:fc22729f3313615a9203476a,2023-12-21,10000.0
lrm_auctions:subastas_2023_68:5aec5344e114c688c24f3cfd,2023-02-23,20000.0
lrm_auctions:subastas_2023_68:5aec5344e114c688c24f3cfd,2023-05-24,15000.0
lrm_auctions:subastas_2023_68:5aec5344e114c688c24f3cfd,2023-09-21,200000.0
lrm_auctions:subastas_2023_68:5aec5344e114c688c24f3cfd,2023-12-21,5000.0
lrm_auctions:subastas_2023_69:fa2f58987deec1386218e267,2023-02-23,3.0
lrm_auctions:subastas_2023_69:fa2f58987deec1386218e267,2023-05-24,2.0
lrm_auctions:subastas_2023_69:fa2f58987deec1386218e267,2023-09-21,3.0
lrm_auctions:subastas_2023_69:fa2f58987deec1386218e267,2023-12-21,2.0
lrm_auctions:subastas_2023_6:964a1e7acc58cf13bdd974d0,2023-01-25,8.55875
lrm_auctions:subastas_2023_6:964a1e7acc58cf13bdd974d0,2023-03-29,8.48
lrm_auctions:subastas_2023_6:964a1e7acc58cf13bdd974d0,2023-04-26,8.417272727272728
lrm_auctions:subastas_2023_6:964a1e7acc58cf13bdd974d0,2023-06-28,8.5
lrm_auctions:subastas_2023_6:964a1e7acc58cf13bdd974d0,2023-07-26,8.48
lrm_auctions:subastas_2023_6:964a1e7acc58cf13bdd974d0,2023-08-24,8.095454545454546
lrm_auctions:subastas_2023_6:964a1e7acc58cf13bdd974d0,2023-10-25,7.58125
lrm_auctions:subastas_2023_6:964a1e7acc58cf13bdd974d0,2023-11-23,7.066129032258065
lrm_auctions:subastas_2023_70:d45f7c455271a36d9f87aa52,2023-02-23,2.0
lrm_auctions:subastas_2023_70:d45f7c455271a36d9f87aa52,2023-05-24,2.0
lrm_auctions:subastas_2023_70:d45f7c455271a36d9f87aa52,2023-09-21,3.0
lrm_auctions:subastas_2023_70:d45f7c455271a36d9f87aa52,2023-12-21,1.0
lrm_auctions:subastas_2023_71:b09aacb562341369ce00cbcb,2023-02-23,8.52
lrm_auctions:subastas_2023_71:b09aacb562341369ce00cbcb,2023-05-24,8.486666666666666
lrm_auctions:subastas_2023_71:b09aacb562341369ce00cbcb,2023-09-21,7.76775
lrm_auctions:subastas_2023_71:b09aacb562341369ce00cbcb,2023-12-21,6.725
lrm_auctions:subastas_2023_72:5dac7e8944fc9c4ab5605db6,2023-02-23,8.5
lrm_auctions:subastas_2023_72:5dac7e8944fc9c4ab5605db6,2023-05-24,8.48
lrm_auctions:subastas_2023_72:5dac7e8944fc9c4ab5605db6,2023-09-21,7.75
lrm_auctions:subastas_2023_72:5dac7e8944fc9c4ab5605db6,2023-12-21,6.5
lrm_auctions:subastas_2023_73:7f8c29f6df4d56cb04fd1f67,2023-02-23,8.6
lrm_auctions:subastas_2023_73:7f8c29f6df4d56cb04fd1f67,2023-05-24,8.5
lrm_auctions:subastas_2023_73:7f8c29f6df4d56cb04fd1f67,2023-09-21,7.9
lrm_auctions:subastas_2023_73:7f8c29f6df4d56cb04fd1f67,2023-12-21,6.95
lrm_auctions:subastas_2023_74:cf0cd36a472795f63988f1ad,2023-02-23,8.5
lrm_auctions:subastas_2023_74:cf0cd36a472795f63988f1ad,2023-05-24,8.486666666666666
lrm_auctions:subastas_2023_74:cf0cd36a472795f63988f1ad,2023-09-21,7.76775
lrm_auctions:subastas_2023_74:cf0cd36a472795f63988f1ad,2023-12-21,6.5
lrm_auctions:subastas_2023_75:8593b0fd7a59100882b72087,2023-02-23,8.5
lrm_auctions:subastas_2023_75:8593b0fd7a59100882b72087,2023-05-24,8.48
lrm_auctions:subastas_2023_75:8593b0fd7a59100882b72087,2023-09-21,7.75
lrm_auctions:subastas_2023_75:8593b0fd7a59100882b72087,2023-12-21,6.5
lrm_auctions:subastas_2023_76:db4d04bed7c47f4e72fbf182,2023-02-23,8.5
lrm_auctions:subastas_2023_76:db4d04bed7c47f4e72fbf182,2023-05-24,8.5
lrm_auctions:subastas_2023_76:db4d04bed7c47f4e72fbf182,2023-09-21,7.9
lrm_auctions:subastas_2023_76:db4d04bed7c47f4e72fbf182,2023-12-21,6.5
lrm_auctions:subastas_2023_77:702b30d234583a528a8b322e,2023-02-23,907600.0
lrm_auctions:subastas_2023_77:702b30d234583a528a8b322e,2023-05-24,545700.0
lrm_auctions:subastas_2023_77:702b30d234583a528a8b322e,2023-07-26,1500000.0
lrm_auctions:subastas_2023_77:702b30d234583a528a8b322e,2023-08-24,2240200.0
lrm_auctions:subastas_2023_77:702b30d234583a528a8b322e,2023-09-21,1513500.0
lrm_auctions:subastas_2023_77:702b30d234583a528a8b322e,2023-11-23,325000.0
lrm_auctions:subastas_2023_77:702b30d234583a528a8b322e,2023-12-21,50000.0
lrm_auctions:subastas_2023_78:453e8f11c1454c72a3453daf,2023-02-23,248000.0
lrm_auctions:subastas_2023_78:453e8f11c1454c72a3453daf,2023-05-24,140700.0
lrm_auctions:subastas_2023_78:453e8f11c1454c72a3453daf,2023-07-26,900000.0
lrm_auctions:subastas_2023_78:453e8f11c1454c72a3453daf,2023-08-24,500000.0
lrm_auctions:subastas_2023_78:453e8f11c1454c72a3453daf,2023-09-21,500000.0
lrm_auctions:subastas_2023_78:453e8f11c1454c72a3453daf,2023-11-23,240000.0
lrm_auctions:subastas_2023_78:453e8f11c1454c72a3453daf,2023-12-21,10000.0
lrm_auctions:subastas_2023_79:cc75095a6da3152284529e7d,2023-02-23,17.0
lrm_auctions:subastas_2023_79:cc75095a6da3152284529e7d,2023-05-24,10.0
lrm_auctions:subastas_2023_79:cc75095a6da3152284529e7d,2023-07-26,15.0
lrm_auctions:subastas_2023_79:cc75095a6da3152284529e7d,2023-08-24,14.0
lrm_auctions:subastas_2023_79:cc75095a6da3152284529e7d,2023-09-21,14.0
lrm_auctions:subastas_2023_79:cc75095a6da3152284529e7d,2023-11-23,5.0
lrm_auctions:subastas_2023_79:cc75095a6da3152284529e7d,2023-12-21,2.0
lrm_auctions:subastas_2023_7:a2c726f33786f143af341123,2023-01-25,8.5
lrm_auctions:subastas_2023_7:a2c726f33786f143af341123,2023-03-29,8.4
lrm_auctions:subastas_2023_7:a2c726f33786f143af341123,2023-04-26,8.35
lrm_auctions:subastas_2023_7:a2c726f33786f143af341123,2023-06-28,8.5
lrm_auctions:subastas_2023_7:a2c726f33786f143af341123,2023-07-26,8.47
lrm_auctions:subastas_2023_7:a2c726f33786f143af341123,2023-08-24,8.0
lrm_auctions:subastas_2023_7:a2c726f33786f143af341123,2023-10-25,7.5
lrm_auctions:subastas_2023_7:a2c726f33786f143af341123,2023-11-23,7.05
lrm_auctions:subastas_2023_80:3d2f0a4dc05234c9fbfc5246,2023-02-23,7.0
lrm_auctions:subastas_2023_80:3d2f0a4dc05234c9fbfc5246,2023-05-24,4.0
lrm_auctions:subastas_2023_80:3d2f0a4dc05234c9fbfc5246,2023-07-26,14.0
lrm_auctions:subastas_2023_80:3d2f0a4dc05234c9fbfc5246,2023-08-24,4.0
lrm_auctions:subastas_2023_80:3d2f0a4dc05234c9fbfc5246,2023-09-21,4.0
lrm_auctions:subastas_2023_80:3d2f0a4dc05234c9fbfc5246,2023-11-23,2.0
lrm_auctions:subastas_2023_80:3d2f0a4dc05234c9fbfc5246,2023-12-21,1.0
lrm_auctions:subastas_2023_81:2e5b9d3c20eb99013f97a873,2023-02-23,9.489466725429704
lrm_auctions:subastas_2023_81:2e5b9d3c20eb99013f97a873,2023-05-24,8.751022539857065
lrm_auctions:subastas_2023_81:2e5b9d3c20eb99013f97a873,2023-07-26,8.585766666666666
lrm_auctions:subastas_2023_81:2e5b9d3c20eb99013f97a873,2023-08-24,8.052227479689314
lrm_auctions:subastas_2023_81:2e5b9d3c20eb99013f97a873,2023-09-21,7.568235877106045
lrm_auctions:subastas_2023_81:2e5b9d3c20eb99013f97a873,2023-11-23,6.708923076923077
lrm_auctions:subastas_2023_81:2e5b9d3c20eb99013f97a873,2023-12-21,6.86
lrm_auctions:subastas_2023_82:7c22f0dab2c1ad133ca5ff18,2023-02-23,9.3
lrm_auctions:subastas_2023_82:7c22f0dab2c1ad133ca5ff18,2023-05-24,8.69
lrm_auctions:subastas_2023_82:7c22f0dab2c1ad133ca5ff18,2023-07-26,8.43
lrm_auctions:subastas_2023_82:7c22f0dab2c1ad133ca5ff18,2023-08-24,7.98
lrm_auctions:subastas_2023_82:7c22f0dab2c1ad133ca5ff18,2023-09-21,7.48
lrm_auctions:subastas_2023_82:7c22f0dab2c1ad133ca5ff18,2023-11-23,6.57
lrm_auctions:subastas_2023_82:7c22f0dab2c1ad133ca5ff18,2023-12-21,6.7
lrm_auctions:subastas_2023_83:bd44e49ef0de63f7ce67ae25,2023-02-23,9.9
lrm_auctions:subastas_2023_83:bd44e49ef0de63f7ce67ae25,2023-05-24,9.05
lrm_auctions:subastas_2023_83:bd44e49ef0de63f7ce67ae25,2023-07-26,8.75
lrm_auctions:subastas_2023_83:bd44e49ef0de63f7ce67ae25,2023-08-24,8.45
lrm_auctions:subastas_2023_83:bd44e49ef0de63f7ce67ae25,2023-09-21,8.0
lrm_auctions:subastas_2023_83:bd44e49ef0de63f7ce67ae25,2023-11-23,7.0
lrm_auctions:subastas_2023_83:bd44e49ef0de63f7ce67ae25,2023-12-21,6.9
lrm_auctions:subastas_2023_84:43f0ddf9ef671fde4eba31bc,2023-02-23,9.366532258064517
lrm_auctions:subastas_2023_84:43f0ddf9ef671fde4eba31bc,2023-05-24,8.699950248756219
lrm_auctions:subastas_2023_84:43f0ddf9ef671fde4eba31bc,2023-07-26,8.520722222222222
lrm_auctions:subastas_2023_84:43f0ddf9ef671fde4eba31bc,2023-08-24,7.988
lrm_auctions:subastas_2023_84:43f0ddf9ef671fde4eba31bc,2023-09-21,7.4865
lrm_auctions:subastas_2023_84:43f0ddf9ef671fde4eba31bc,2023-11-23,6.608333333333333
lrm_auctions:subastas_2023_84:43f0ddf9ef671fde4eba31bc,2023-12-21,6.7
lrm_auctions:subastas_2023_85:8739aec9d9e7afaa55117a42,2023-02-23,9.3
lrm_auctions:subastas_2023_85:8739aec9d9e7afaa55117a42,2023-05-24,8.69
lrm_auctions:subastas_2023_85:8739aec9d9e7afaa55117a42,2023-07-26,8.43
lrm_auctions:subastas_2023_85:8739aec9d9e7afaa55117a42,2023-08-24,7.98
lrm_auctions:subastas_2023_85:8739aec9d9e7afaa55117a42,2023-09-21,7.48
lrm_auctions:subastas_2023_85:8739aec9d9e7afaa55117a42,2023-11-23,6.57
lrm_auctions:subastas_2023_85:8739aec9d9e7afaa55117a42,2023-12-21,6.7
lrm_auctions:subastas_2023_86:a630b9e0899d1a4f4ae30133,2023-02-23,9.4
lrm_auctions:subastas_2023_86:a630b9e0899d1a4f4ae30133,2023-05-24,8.73
lrm_auctions:subastas_2023_86:a630b9e0899d1a4f4ae30133,2023-07-26,8.65
lrm_auctions:subastas_2023_86:a630b9e0899d1a4f4ae30133,2023-08-24,8.0
lrm_auctions:subastas_2023_86:a630b9e0899d1a4f4ae30133,2023-09-21,7.49
lrm_auctions:subastas_2023_86:a630b9e0899d1a4f4ae30133,2023-11-23,6.8
lrm_auctions:subastas_2023_86:a630b9e0899d1a4f4ae30133,2023-12-21,6.7
lrm_auctions:subastas_2023_87:5beeccad37c0b7f1f2692791,2023-03-29,5000.0
lrm_auctions:subastas_2023_87:5beeccad37c0b7f1f2692791,2023-06-28,65000.0
lrm_auctions:subastas_2023_87:5beeccad37c0b7f1f2692791,2023-07-26,45000.0
lrm_auctions:subastas_2023_87:5beeccad37c0b7f1f2692791,2023-10-25,35000.0
lrm_auctions:subastas_2023_88:bc3c70bc79470454e1623143,2023-03-29,1.0
lrm_auctions:subastas_2023_88:bc3c70bc79470454e1623143,2023-06-28,3.0
lrm_auctions:subastas_2023_88:bc3c70bc79470454e1623143,2023-07-26,3.0
lrm_auctions:subastas_2023_88:bc3c70bc79470454e1623143,2023-10-25,2.0
lrm_auctions:subastas_2023_89:522a9ff86f0c5f3925788c15,2023-03-29,8.7
lrm_auctions:subastas_2023_89:522a9ff86f0c5f3925788c15,2023-06-28,8.532307692307691
lrm_auctions:subastas_2023_89:522a9ff86f0c5f3925788c15,2023-07-26,8.486666666666666
lrm_auctions:subastas_2023_89:522a9ff86f0c5f3925788c15,2023-10-25,7.791428571428572
lrm_auctions:subastas_2023_8:ad7a529327e2031b99ba55c6,2023-01-25,8.7
lrm_auctions:subastas_2023_8:ad7a529327e2031b99ba55c6,2023-03-29,8.5
lrm_auctions:subastas_2023_8:ad7a529327e2031b99ba55c6,2023-04-26,8.49
lrm_auctions:subastas_2023_8:ad7a529327e2031b99ba55c6,2023-06-28,8.5
lrm_auctions:subastas_2023_8:ad7a529327e2031b99ba55c6,2023-07-26,8.5
lrm_auctions:subastas_2023_8:ad7a529327e2031b99ba55c6,2023-08-24,8.1
lrm_auctions:subastas_2023_8:ad7a529327e2031b99ba55c6,2023-10-25,7.75
lrm_auctions:subastas_2023_8:ad7a529327e2031b99ba55c6,2023-11-23,7.55
lrm_auctions:subastas_2023_90:f835a7565286472f6064b1eb,2023-03-29,8.7
lrm_auctions:subastas_2023_90:f835a7565286472f6064b1eb,2023-06-28,8.53
lrm_auctions:subastas_2023_90:f835a7565286472f6064b1eb,2023-07-26,8.48
lrm_auctions:subastas_2023_90:f835a7565286472f6064b1eb,2023-10-25,7.74
lrm_auctions:subastas_2023_91:1569b092994575e4f365fd80,2023-03-29,8.7
lrm_auctions:subastas_2023_91:1569b092994575e4f365fd80,2023-06-28,8.56
lrm_auctions:subastas_2023_91:1569b092994575e4f365fd80,2023-07-26,8.5
lrm_auctions:subastas_2023_91:1569b092994575e4f365fd80,2023-10-25,8.1
lrm_auctions:subastas_2023_92:ba0e5e4ea7797961da0bab3a,2023-03-29,65000.0
lrm_auctions:subastas_2023_92:ba0e5e4ea7797961da0bab3a,2023-06-28,250000.0
lrm_auctions:subastas_2023_93:65213aa83c8499c40bc2b56e,2023-03-29,30000.0
lrm_auctions:subastas_2023_93:65213aa83c8499c40bc2b56e,2023-06-28,50000.0
lrm_auctions:subastas_2023_94:efaa226f0cecde0232b30e05,2023-03-29,1.0
lrm_auctions:subastas_2023_94:efaa226f0cecde0232b30e05,2023-06-28,3.0
lrm_auctions:subastas_2023_95:34d2fe3147603f22d9ff7631,2023-03-29,1.0
lrm_auctions:subastas_2023_95:34d2fe3147603f22d9ff7631,2023-06-28,1.0
lrm_auctions:subastas_2023_96:1940848ee6823ef5f51ec0b4,2023-03-29,8.7
lrm_auctions:subastas_2023_96:1940848ee6823ef5f51ec0b4,2023-06-28,8.6016
lrm_auctions:subastas_2023_97:c030286ed3355783c0673c7d,2023-03-29,8.7
lrm_auctions:subastas_2023_97:c030286ed3355783c0673c7d,2023-06-28,8.59
lrm_auctions:subastas_2023_98:83d89ad17d3ceb4c42d40761,2023-03-29,8.7
lrm_auctions:subastas_2023_98:83d89ad17d3ceb4c42d40761,2023-06-28,8.65
lrm_auctions:subastas_2023_99:c58ba791d81e59b0b4a797b4,2023-03-29,8.7
lrm_auctions:subastas_2023_99:c58ba791d81e59b0b4a797b4,2023-06-28,8.59
lrm_auctions:subastas_2023_9:908f8f022440bbfbdb65bb24,2023-01-25,8.5224
lrm_auctions:subastas_2023_9:908f8f022440bbfbdb65bb24,2023-03-29,8.48
lrm_auctions:subastas_2023_9:908f8f022440bbfbdb65bb24,2023-04-26,8.417272727272728
lrm_auctions:subastas_2023_9:908f8f022440bbfbdb65bb24,2023-06-28,8.5
lrm_auctions:subastas_2023_9:908f8f022440bbfbdb65bb24,2023-07-26,8.48
lrm_auctions:subastas_2023_9:908f8f022440bbfbdb65bb24,2023-08-24,8.095454545454546
lrm_auctions:subastas_2023_9:908f8f022440bbfbdb65bb24,2023-10-25,7.538095238095238
lrm_auctions:subastas_2023_9:908f8f022440bbfbdb65bb24,2023-11-23,7.05
lrm_auctions:subastas_2024:3048cae5f3c9742d612cf8b0,2024-01-25,0.0
lrm_auctions:subastas_2024:3048cae5f3c9742d612cf8b0,2024-05-30,0.0
lrm_auctions:subastas_2024:3048cae5f3c9742d612cf8b0,2024-06-27,0.0
lrm_auctions:subastas_2024:3048cae5f3c9742d612cf8b0,2024-08-29,0.0
lrm_auctions:subastas_2024:3048cae5f3c9742d612cf8b0,2024-09-26,0.0
lrm_auctions:subastas_2024:3048cae5f3c9742d612cf8b0,2024-11-28,0.0
lrm_auctions:subastas_2024_100:19aa0c2824e33beffefd746e,2024-02-22,0.0
lrm_auctions:subastas_2024_100:19aa0c2824e33beffefd746e,2024-04-25,0.0
lrm_auctions:subastas_2024_100:19aa0c2824e33beffefd746e,2024-07-25,0.0
lrm_auctions:subastas_2024_101:702b30d234583a528a8b322e,2024-02-22,635000.0
lrm_auctions:subastas_2024_101:702b30d234583a528a8b322e,2024-04-25,300000.0
lrm_auctions:subastas_2024_101:702b30d234583a528a8b322e,2024-07-25,309600.0
lrm_auctions:subastas_2024_102:453e8f11c1454c72a3453daf,2024-02-22,315000.0
lrm_auctions:subastas_2024_102:453e8f11c1454c72a3453daf,2024-04-25,100000.0
lrm_auctions:subastas_2024_102:453e8f11c1454c72a3453daf,2024-07-25,184600.0
lrm_auctions:subastas_2024_103:cc75095a6da3152284529e7d,2024-02-22,11.0
lrm_auctions:subastas_2024_103:cc75095a6da3152284529e7d,2024-04-25,6.0
lrm_auctions:subastas_2024_103:cc75095a6da3152284529e7d,2024-07-25,11.0
lrm_auctions:subastas_2024_104:3d2f0a4dc05234c9fbfc5246,2024-02-22,9.0
lrm_auctions:subastas_2024_104:3d2f0a4dc05234c9fbfc5246,2024-04-25,5.0
lrm_auctions:subastas_2024_104:3d2f0a4dc05234c9fbfc5246,2024-07-25,4.0
lrm_auctions:subastas_2024_105:2e5b9d3c20eb99013f97a873,2024-02-22,6.396771653543307
lrm_auctions:subastas_2024_105:2e5b9d3c20eb99013f97a873,2024-04-25,6.483333333333333
lrm_auctions:subastas_2024_105:2e5b9d3c20eb99013f97a873,2024-07-25,6.608204134366925
lrm_auctions:subastas_2024_106:7c22f0dab2c1ad133ca5ff18,2024-02-22,6.05
lrm_auctions:subastas_2024_106:7c22f0dab2c1ad133ca5ff18,2024-04-25,5.95
lrm_auctions:subastas_2024_106:7c22f0dab2c1ad133ca5ff18,2024-07-25,6.45
lrm_auctions:subastas_2024_107:bd44e49ef0de63f7ce67ae25,2024-02-22,6.7
lrm_auctions:subastas_2024_107:bd44e49ef0de63f7ce67ae25,2024-04-25,6.7
lrm_auctions:subastas_2024_107:bd44e49ef0de63f7ce67ae25,2024-07-25,6.85
lrm_auctions:subastas_2024_108:43f0ddf9ef671fde4eba31bc,2024-02-22,6.114126984126984
lrm_auctions:subastas_2024_108:43f0ddf9ef671fde4eba31bc,2024-04-25,6.05
lrm_auctions:subastas_2024_108:43f0ddf9ef671fde4eba31bc,2024-07-25,6.543878656554713
lrm_auctions:subastas_2024_109:8739aec9d9e7afaa55117a42,2024-02-22,6.05
lrm_auctions:subastas_2024_109:8739aec9d9e7afaa55117a42,2024-04-25,5.95
lrm_auctions:subastas_2024_109:8739aec9d9e7afaa55117a42,2024-07-25,6.45
lrm_auctions:subastas_2024_10:45819eab5b1964d17abc4b91,2024-01-25,6.25
lrm_auctions:subastas_2024_10:45819eab5b1964d17abc4b91,2024-05-30,5.75
lrm_auctions:subastas_2024_10:45819eab5b1964d17abc4b91,2024-08-29,5.9
lrm_auctions:subastas_2024_10:45819eab5b1964d17abc4b91,2024-09-26,5.9
lrm_auctions:subastas_2024_10:45819eab5b1964d17abc4b91,2024-11-28,5.8
lrm_auctions:subastas_2024_110:a630b9e0899d1a4f4ae30133,2024-02-22,6.2
lrm_auctions:subastas_2024_110:a630b9e0899d1a4f4ae30133,2024-04-25,6.2
lrm_auctions:subastas_2024_110:a630b9e0899d1a4f4ae30133,2024-07-25,6.6
lrm_auctions:subastas_2024_111:8a8f39c64d9552658b473dc3,2024-03-27,0.0
lrm_auctions:subastas_2024_112:ec4619c2676f318010409077,2024-03-27,167320.0
lrm_auctions:subastas_2024_113:3d6b54d18e2c428a01ee2635,2024-03-27,167320.0
lrm_auctions:subastas_2024_114:73c11e41b9225164fcc393ed,2024-03-27,4.0
lrm_auctions:subastas_2024_115:fa644206f2978e7479e6d7be,2024-03-27,4.0
lrm_auctions:subastas_2024_116:409e06f0ae06de8556b019c9,2024-03-27,5.752988285919197
lrm_auctions:subastas_2024_117:a65c9f4ad122f4d3701a65b8,2024-03-27,5.75
lrm_auctions:subastas_2024_118:1915d82afdfe7d1aaa49f83c,2024-03-27,5.8
lrm_auctions:subastas_2024_119:8a35353083e3e4d7ff2173b9,2024-03-27,5.752988285919197
lrm_auctions:subastas_2024_11:dc674067b244570b92972daa,2024-01-25,6.25
lrm_auctions:subastas_2024_11:dc674067b244570b92972daa,2024-05-30,5.9
lrm_auctions:subastas_2024_11:dc674067b244570b92972daa,2024-08-29,5.95
lrm_auctions:subastas_2024_11:dc674067b244570b92972daa,2024-09-26,5.9
lrm_auctions:subastas_2024_11:dc674067b244570b92972daa,2024-11-28,5.8
lrm_auctions:subastas_2024_120:91e1d3736b1b953aeffd46c6,2024-03-27,5.75
lrm_auctions:subastas_2024_121:1b2bb2c7e3f9352528d3d9f6,2024-03-27,5.8
lrm_auctions:subastas_2024_122:3cff7767f55ddfabf6c608c7,2024-03-27,0.0
lrm_auctions:subastas_2024_123:0259d67bfa854611884d129b,2024-03-27,135000.0
lrm_auctions:subastas_2024_124:1c4b705b18c5e2e2b29a5aee,2024-03-27,135000.0
lrm_auctions:subastas_2024_125:21a42d4df32b48dcc2d17036,2024-03-27,4.0
lrm_auctions:subastas_2024_126:e43403c5ea6fcc8829ce7439,2024-03-27,4.0
lrm_auctions:subastas_2024_127:cbf8b63f2a6119cfea7b1bc7,2024-03-27,5.754444444444444
lrm_auctions:subastas_2024_128:035530d663468cf326c314af,2024-03-27,5.75
lrm_auctions:subastas_2024_129:67df4015d9a8a09223d55aa2,2024-03-27,5.81
lrm_auctions:subastas_2024_12:9ff1f873cad70f007841d6fb,2024-01-25,0.0
lrm_auctions:subastas_2024_12:9ff1f873cad70f007841d6fb,2024-02-22,0.0
lrm_auctions:subastas_2024_12:9ff1f873cad70f007841d6fb,2024-04-25,0.0
lrm_auctions:subastas_2024_12:9ff1f873cad70f007841d6fb,2024-06-27,0.0
lrm_auctions:subastas_2024_12:9ff1f873cad70f007841d6fb,2024-07-25,0.0
lrm_auctions:subastas_2024_12:9ff1f873cad70f007841d6fb,2024-09-26,0.0
lrm_auctions:subastas_2024_12:9ff1f873cad70f007841d6fb,2024-10-24,0.0
lrm_auctions:subastas_2024_12:9ff1f873cad70f007841d6fb,2024-11-28,0.0
lrm_auctions:subastas_2024_12:9ff1f873cad70f007841d6fb,2024-12-26,0.0
lrm_auctions:subastas_2024_130:be3c78b1a2302907d3533305,2024-03-27,5.754444444444444
lrm_auctions:subastas_2024_131:375976e1b1fc4b7326588e8b,2024-03-27,5.75
lrm_auctions:subastas_2024_132:b3b98e38a78dd8a5bba77ad8,2024-03-27,5.81
lrm_auctions:subastas_2024_133:7940710e641c577dd0f0dbe5,2024-03-27,0.0
lrm_auctions:subastas_2024_134:f84d260b91e61df02c00c931,2024-03-27,165000.0
lrm_auctions:subastas_2024_135:e7cac500ab321baaab6640c2,2024-03-27,165000.0
lrm_auctions:subastas_2024_136:4991455a40476c10414aa12f,2024-03-27,3.0
lrm_auctions:subastas_2024_137:23b26bc180d43f7d656e1bfb,2024-03-27,3.0
lrm_auctions:subastas_2024_138:b68c74fe66add5851a93736a,2024-03-27,5.786363636363636
lrm_auctions:subastas_2024_139:6096a06e3bcc39cee6836992,2024-03-27,5.78
lrm_auctions:subastas_2024_13:d4cc1cdb36214c28468b77c6,2024-01-25,175000.0
lrm_auctions:subastas_2024_13:d4cc1cdb36214c28468b77c6,2024-02-22,35000.0
lrm_auctions:subastas_2024_13:d4cc1cdb36214c28468b77c6,2024-04-25,30000.0
lrm_auctions:subastas_2024_13:d4cc1cdb36214c28468b77c6,2024-06-27,105000.0
lrm_auctions:subastas_2024_13:d4cc1cdb36214c28468b77c6,2024-07-25,80000.0
lrm_auctions:subastas_2024_13:d4cc1cdb36214c28468b77c6,2024-09-26,160000.0
lrm_auctions:subastas_2024_13:d4cc1cdb36214c28468b77c6,2024-10-24,178280.0
lrm_auctions:subastas_2024_13:d4cc1cdb36214c28468b77c6,2024-12-26,125000.0
lrm_auctions:subastas_2024_140:31134e0fac967a395efc6c35,2024-03-27,5.85
lrm_auctions:subastas_2024_141:bdaf4b683bdd1b729f18a6c0,2024-03-27,5.786363636363636
lrm_auctions:subastas_2024_142:82405bd97c8c061860f67e15,2024-03-27,5.78
lrm_auctions:subastas_2024_143:97b415d80d7c8e86a2282c26,2024-03-27,5.85
lrm_auctions:subastas_2024_144:1768948821c500fb1ea94445,2024-03-27,0.0
lrm_auctions:subastas_2024_145:b0fa38ea352a09d1246fe3f7,2024-03-27,170000.0
lrm_auctions:subastas_2024_146:3602406e90c0ca2c4302e958,2024-03-27,170000.0
lrm_auctions:subastas_2024_147:854c78fecf7deb047a7c5800,2024-03-27,3.0
lrm_auctions:subastas_2024_148:dc3e976122a8c61bdd57c2aa,2024-03-27,3.0
lrm_auctions:subastas_2024_149:c6d9c320de0faeda67fe31c0,2024-03-27,5.828235294117647
lrm_auctions:subastas_2024_14:513730b0cd1cc3e0f815fbea,2024-01-25,175000.0
lrm_auctions:subastas_2024_14:513730b0cd1cc3e0f815fbea,2024-02-22,35000.0
lrm_auctions:subastas_2024_14:513730b0cd1cc3e0f815fbea,2024-04-25,25000.0
lrm_auctions:subastas_2024_14:513730b0cd1cc3e0f815fbea,2024-06-27,100000.0
lrm_auctions:subastas_2024_14:513730b0cd1cc3e0f815fbea,2024-07-25,75000.0
lrm_auctions:subastas_2024_14:513730b0cd1cc3e0f815fbea,2024-09-26,160000.0
lrm_auctions:subastas_2024_14:513730b0cd1cc3e0f815fbea,2024-10-24,10000.0
lrm_auctions:subastas_2024_14:513730b0cd1cc3e0f815fbea,2024-11-28,0.0
lrm_auctions:subastas_2024_14:513730b0cd1cc3e0f815fbea,2024-12-26,75000.0
lrm_auctions:subastas_2024_150:540c066703a832388bc57b07,2024-03-27,5.79
lrm_auctions:subastas_2024_151:11e44d7af22139352fe30db5,2024-03-27,5.9
lrm_auctions:subastas_2024_152:63273efeb0d1f08f9f4e4018,2024-03-27,5.828235294117647
lrm_auctions:subastas_2024_153:99848dff9bfec57184c81f23,2024-03-27,5.79
lrm_auctions:subastas_2024_154:b5c0b397b0984d791d3182ea,2024-03-27,5.9
lrm_auctions:subastas_2024_155:7047db311f089225042815fe,2024-03-27,0.0
lrm_auctions:subastas_2024_156:d0485662accd4c78ab4c48c3,2024-03-27,432000.0
lrm_auctions:subastas_2024_157:8134303ab3150843d314ed79,2024-03-27,182000.0
lrm_auctions:subastas_2024_158:f2d8233572d9a948043341a4,2024-03-27,7.0
lrm_auctions:subastas_2024_159:8ee4abb67214ff5b5781076c,2024-03-27,5.0
lrm_auctions:subastas_2024_15:6b5c01714ee506155b1fe3f6,2024-01-25,3.0
lrm_auctions:subastas_2024_15:6b5c01714ee506155b1fe3f6,2024-02-22,2.0
lrm_auctions:subastas_2024_15:6b5c01714ee506155b1fe3f6,2024-04-25,2.0
lrm_auctions:subastas_2024_15:6b5c01714ee506155b1fe3f6,2024-06-27,2.0
lrm_auctions:subastas_2024_15:6b5c01714ee506155b1fe3f6,2024-07-25,2.0
lrm_auctions:subastas_2024_15:6b5c01714ee506155b1fe3f6,2024-09-26,4.0
lrm_auctions:subastas_2024_15:6b5c01714ee506155b1fe3f6,2024-10-24,1.0
lrm_auctions:subastas_2024_15:6b5c01714ee506155b1fe3f6,2024-12-26,2.0
lrm_auctions:subastas_2024_160:58e408c70f43dc62b845dbd9,2024-03-27,6.11550925925926
lrm_auctions:subastas_2024_161:d0579b9b2f71005bd610ee92,2024-03-27,5.85
lrm_auctions:subastas_2024_162:9365ac123f90b9280ecc7156,2024-03-27,6.3
lrm_auctions:subastas_2024_163:30486d527ecfdb72c91dbfc5,2024-03-27,5.88956043956044
lrm_auctions:subastas_2024_164:490b0f69e043cbc4b80175eb,2024-03-27,5.85
lrm_auctions:subastas_2024_165:31000e9886aaa8c5743d4f8a,2024-03-27,5.95
lrm_auctions:subastas_2024_166:f0dfb48657eec74e8dfe796e,2024-03-27,0.0
lrm_auctions:subastas_2024_167:24a434b9cb70d940318f23c1,2024-03-27,932000.0
lrm_auctions:subastas_2024_168:19a451a6fdd7e0b2c370e7cc,2024-03-27,332000.0
lrm_auctions:subastas_2024_169:4ca1902006b300387379c50b,2024-03-27,9.0
lrm_auctions:subastas_2024_16:e2be2668c3575b2f20f6c41b,2024-01-25,3.0
lrm_auctions:subastas_2024_16:e2be2668c3575b2f20f6c41b,2024-02-22,2.0
lrm_auctions:subastas_2024_16:e2be2668c3575b2f20f6c41b,2024-04-25,1.0
lrm_auctions:subastas_2024_16:e2be2668c3575b2f20f6c41b,2024-06-27,1.0
lrm_auctions:subastas_2024_16:e2be2668c3575b2f20f6c41b,2024-07-25,1.0
lrm_auctions:subastas_2024_16:e2be2668c3575b2f20f6c41b,2024-09-26,4.0
lrm_auctions:subastas_2024_16:e2be2668c3575b2f20f6c41b,2024-10-24,1.0
lrm_auctions:subastas_2024_16:e2be2668c3575b2f20f6c41b,2024-11-28,0.0
lrm_auctions:subastas_2024_16:e2be2668c3575b2f20f6c41b,2024-12-26,1.0
lrm_auctions:subastas_2024_170:dbe27a13443517b1baff2e5b,2024-03-27,7.0
lrm_auctions:subastas_2024_171:5ab8176d79fd9ec05f5deaee,2024-03-27,6.253648068669528
lrm_auctions:subastas_2024_172:5048fda518ba937de21c79c8,2024-03-27,5.75
lrm_auctions:subastas_2024_173:02547c191c1ce65581926313,2024-03-27,6.5
lrm_auctions:subastas_2024_174:6fbf3df487f2d49a8c9c0fba,2024-03-27,5.928915662650603
lrm_auctions:subastas_2024_175:48b0cac811efbdb926cafac0,2024-03-27,5.75
lrm_auctions:subastas_2024_176:e971f7b83f20bf8643edd867,2024-03-27,6.0
lrm_auctions:subastas_2024_177:3c684c164201d9a3f39a6fc8,2024-04-25,0.0
lrm_auctions:subastas_2024_177:3c684c164201d9a3f39a6fc8,2024-05-30,0.0
lrm_auctions:subastas_2024_177:3c684c164201d9a3f39a6fc8,2024-06-27,0.0
lrm_auctions:subastas_2024_177:3c684c164201d9a3f39a6fc8,2024-07-25,0.0
lrm_auctions:subastas_2024_177:3c684c164201d9a3f39a6fc8,2024-08-29,0.0
lrm_auctions:subastas_2024_177:3c684c164201d9a3f39a6fc8,2024-09-26,0.0
lrm_auctions:subastas_2024_177:3c684c164201d9a3f39a6fc8,2024-11-28,0.0
lrm_auctions:subastas_2024_177:3c684c164201d9a3f39a6fc8,2024-12-26,0.0
lrm_auctions:subastas_2024_178:58d25f2d4b7cc400aeb30c64,2024-04-25,420000.0
lrm_auctions:subastas_2024_178:58d25f2d4b7cc400aeb30c64,2024-05-30,240000.0
lrm_auctions:subastas_2024_178:58d25f2d4b7cc400aeb30c64,2024-06-27,340000.0
lrm_auctions:subastas_2024_178:58d25f2d4b7cc400aeb30c64,2024-07-25,210000.0
lrm_auctions:subastas_2024_178:58d25f2d4b7cc400aeb30c64,2024-08-29,198000.0
lrm_auctions:subastas_2024_178:58d25f2d4b7cc400aeb30c64,2024-09-26,75000.0
lrm_auctions:subastas_2024_178:58d25f2d4b7cc400aeb30c64,2024-11-28,20000.0
lrm_auctions:subastas_2024_178:58d25f2d4b7cc400aeb30c64,2024-12-26,30000.0
lrm_auctions:subastas_2024_179:bb79738bc541d407c321f056,2024-04-25,170000.0
lrm_auctions:subastas_2024_179:bb79738bc541d407c321f056,2024-05-30,140000.0
lrm_auctions:subastas_2024_179:bb79738bc541d407c321f056,2024-06-27,225000.0
lrm_auctions:subastas_2024_179:bb79738bc541d407c321f056,2024-07-25,200000.0
lrm_auctions:subastas_2024_179:bb79738bc541d407c321f056,2024-08-29,118000.0
lrm_auctions:subastas_2024_179:bb79738bc541d407c321f056,2024-09-26,75000.0
lrm_auctions:subastas_2024_179:bb79738bc541d407c321f056,2024-11-28,20000.0
lrm_auctions:subastas_2024_179:bb79738bc541d407c321f056,2024-12-26,0.0
lrm_auctions:subastas_2024_17:4c6ee82fab987afd287f64c7,2024-01-25,6.256
lrm_auctions:subastas_2024_17:4c6ee82fab987afd287f64c7,2024-02-22,6.085714285714285
lrm_auctions:subastas_2024_17:4c6ee82fab987afd287f64c7,2024-04-25,5.9
lrm_auctions:subastas_2024_17:4c6ee82fab987afd287f64c7,2024-06-27,5.916666666666667
lrm_auctions:subastas_2024_17:4c6ee82fab987afd287f64c7,2024-07-25,6.02125
lrm_auctions:subastas_2024_17:4c6ee82fab987afd287f64c7,2024-09-26,5.96875
lrm_auctions:subastas_2024_17:4c6ee82fab987afd287f64c7,2024-10-24,5.95
lrm_auctions:subastas_2024_17:4c6ee82fab987afd287f64c7,2024-11-28,0.0
lrm_auctions:subastas_2024_17:4c6ee82fab987afd287f64c7,2024-12-26,6.24
lrm_auctions:subastas_2024_180:86cf914be106c1ef4c652627,2024-04-25,7.0
lrm_auctions:subastas_2024_180:86cf914be106c1ef4c652627,2024-05-30,6.0
lrm_auctions:subastas_2024_180:86cf914be106c1ef4c652627,2024-06-27,4.0
lrm_auctions:subastas_2024_180:86cf914be106c1ef4c652627,2024-07-25,6.0
lrm_auctions:subastas_2024_180:86cf914be106c1ef4c652627,2024-08-29,4.0
lrm_auctions:subastas_2024_180:86cf914be106c1ef4c652627,2024-09-26,4.0
lrm_auctions:subastas_2024_180:86cf914be106c1ef4c652627,2024-11-28,1.0
lrm_auctions:subastas_2024_180:86cf914be106c1ef4c652627,2024-12-26,1.0
lrm_auctions:subastas_2024_181:66ee0fb711ef0cdccd87f353,2024-04-25,5.0
lrm_auctions:subastas_2024_181:66ee0fb711ef0cdccd87f353,2024-05-30,4.0
lrm_auctions:subastas_2024_181:66ee0fb711ef0cdccd87f353,2024-06-27,1.0
lrm_auctions:subastas_2024_181:66ee0fb711ef0cdccd87f353,2024-07-25,5.0
lrm_auctions:subastas_2024_181:66ee0fb711ef0cdccd87f353,2024-08-29,2.0
lrm_auctions:subastas_2024_181:66ee0fb711ef0cdccd87f353,2024-09-26,4.0
lrm_auctions:subastas_2024_181:66ee0fb711ef0cdccd87f353,2024-11-28,1.0
lrm_auctions:subastas_2024_181:66ee0fb711ef0cdccd87f353,2024-12-26,0.0
lrm_auctions:subastas_2024_182:b4b5e2722f88ce742b672651,2024-04-25,6.343333333333334
lrm_auctions:subastas_2024_182:b4b5e2722f88ce742b672651,2024-05-30,6.3620833333333335
lrm_auctions:subastas_2024_182:b4b5e2722f88ce742b672651,2024-06-27,6.481617647058823
lrm_auctions:subastas_2024_182:b4b5e2722f88ce742b672651,2024-07-25,6.525
lrm_auctions:subastas_2024_182:b4b5e2722f88ce742b672651,2024-08-29,6.568030303030303
lrm_auctions:subastas_2024_182:b4b5e2722f88ce742b672651,2024-09-26,6.443333333333333
lrm_auctions:subastas_2024_182:b4b5e2722f88ce742b672651,2024-11-28,6.59
lrm_auctions:subastas_2024_182:b4b5e2722f88ce742b672651,2024-12-26,7.25
lrm_auctions:subastas_2024_183:5b52d906236d2d89df7e4f26,2024-04-25,5.8
lrm_auctions:subastas_2024_183:5b52d906236d2d89df7e4f26,2024-05-30,6.14
lrm_auctions:subastas_2024_183:5b52d906236d2d89df7e4f26,2024-06-27,6.45
lrm_auctions:subastas_2024_183:5b52d906236d2d89df7e4f26,2024-07-25,6.45
lrm_auctions:subastas_2024_183:5b52d906236d2d89df7e4f26,2024-08-29,6.49
lrm_auctions:subastas_2024_183:5b52d906236d2d89df7e4f26,2024-09-26,6.3
lrm_auctions:subastas_2024_183:5b52d906236d2d89df7e4f26,2024-11-28,6.59
lrm_auctions:subastas_2024_183:5b52d906236d2d89df7e4f26,2024-12-26,7.25
lrm_auctions:subastas_2024_184:b2c88d501014eb0123d6c0ed,2024-04-25,6.7
lrm_auctions:subastas_2024_184:b2c88d501014eb0123d6c0ed,2024-05-30,6.5
lrm_auctions:subastas_2024_184:b2c88d501014eb0123d6c0ed,2024-06-27,6.6
lrm_auctions:subastas_2024_184:b2c88d501014eb0123d6c0ed,2024-07-25,6.6
lrm_auctions:subastas_2024_184:b2c88d501014eb0123d6c0ed,2024-08-29,6.75
lrm_auctions:subastas_2024_184:b2c88d501014eb0123d6c0ed,2024-09-26,6.55
lrm_auctions:subastas_2024_184:b2c88d501014eb0123d6c0ed,2024-11-28,6.59
lrm_auctions:subastas_2024_184:b2c88d501014eb0123d6c0ed,2024-12-26,7.25
lrm_auctions:subastas_2024_185:e182cba0234af1e753eb02fd,2024-04-25,5.951176470588235
lrm_auctions:subastas_2024_185:e182cba0234af1e753eb02fd,2024-05-30,6.281428571428571
lrm_auctions:subastas_2024_185:e182cba0234af1e753eb02fd,2024-06-27,6.45
lrm_auctions:subastas_2024_185:e182cba0234af1e753eb02fd,2024-07-25,6.52125
lrm_auctions:subastas_2024_185:e182cba0234af1e753eb02fd,2024-08-29,6.495508474576271
lrm_auctions:subastas_2024_185:e182cba0234af1e753eb02fd,2024-09-26,6.443333333333333
lrm_auctions:subastas_2024_185:e182cba0234af1e753eb02fd,2024-11-28,6.59
lrm_auctions:subastas_2024_185:e182cba0234af1e753eb02fd,2024-12-26,0.0
lrm_auctions:subastas_2024_186:57e63b12970a0708ed266b9b,2024-04-25,5.8
lrm_auctions:subastas_2024_186:57e63b12970a0708ed266b9b,2024-05-30,6.14
lrm_auctions:subastas_2024_186:57e63b12970a0708ed266b9b,2024-06-27,6.45
lrm_auctions:subastas_2024_186:57e63b12970a0708ed266b9b,2024-07-25,6.45
lrm_auctions:subastas_2024_186:57e63b12970a0708ed266b9b,2024-08-29,6.49
lrm_auctions:subastas_2024_186:57e63b12970a0708ed266b9b,2024-09-26,6.3
lrm_auctions:subastas_2024_186:57e63b12970a0708ed266b9b,2024-11-28,6.59
lrm_auctions:subastas_2024_186:57e63b12970a0708ed266b9b,2024-12-26,0.0
lrm_auctions:subastas_2024_187:9762b95e07549b447d3c4e96,2024-04-25,6.07
lrm_auctions:subastas_2024_187:9762b95e07549b447d3c4e96,2024-05-30,6.35
lrm_auctions:subastas_2024_187:9762b95e07549b447d3c4e96,2024-06-27,6.45
lrm_auctions:subastas_2024_187:9762b95e07549b447d3c4e96,2024-07-25,6.55
lrm_auctions:subastas_2024_187:9762b95e07549b447d3c4e96,2024-08-29,6.5
lrm_auctions:subastas_2024_187:9762b95e07549b447d3c4e96,2024-09-26,6.55
lrm_auctions:subastas_2024_187:9762b95e07549b447d3c4e96,2024-11-28,6.59
lrm_auctions:subastas_2024_187:9762b95e07549b447d3c4e96,2024-12-26,0.0
lrm_auctions:subastas_2024_188:9a2827311a9e9d33ba6ff349,2024-05-30,0.0
lrm_auctions:subastas_2024_188:9a2827311a9e9d33ba6ff349,2024-08-29,0.0
lrm_auctions:subastas_2024_189:5beeccad37c0b7f1f2692791,2024-05-30,92200.0
lrm_auctions:subastas_2024_189:5beeccad37c0b7f1f2692791,2024-08-29,50000.0
lrm_auctions:subastas_2024_18:a521249d959ea7180d2956bb,2024-01-25,6.25
lrm_auctions:subastas_2024_18:a521249d959ea7180d2956bb,2024-02-22,6.05
lrm_auctions:subastas_2024_18:a521249d959ea7180d2956bb,2024-04-25,5.84
lrm_auctions:subastas_2024_18:a521249d959ea7180d2956bb,2024-06-27,5.9
lrm_auctions:subastas_2024_18:a521249d959ea7180d2956bb,2024-07-25,6.0
lrm_auctions:subastas_2024_18:a521249d959ea7180d2956bb,2024-09-26,5.95
lrm_auctions:subastas_2024_18:a521249d959ea7180d2956bb,2024-10-24,5.95
lrm_auctions:subastas_2024_18:a521249d959ea7180d2956bb,2024-11-28,0.0
lrm_auctions:subastas_2024_18:a521249d959ea7180d2956bb,2024-12-26,5.9
lrm_auctions:subastas_2024_190:efcf4db332ddff7ea118d64c,2024-05-30,87200.0
lrm_auctions:subastas_2024_190:efcf4db332ddff7ea118d64c,2024-08-29,50000.0
lrm_auctions:subastas_2024_191:bc3c70bc79470454e1623143,2024-05-30,3.0
lrm_auctions:subastas_2024_191:bc3c70bc79470454e1623143,2024-08-29,1.0
lrm_auctions:subastas_2024_192:9b641e907ff47dfb7bd2d959,2024-05-30,2.0
lrm_auctions:subastas_2024_192:9b641e907ff47dfb7bd2d959,2024-08-29,1.0
lrm_auctions:subastas_2024_193:522a9ff86f0c5f3925788c15,2024-05-30,5.81646420824295
lrm_auctions:subastas_2024_193:522a9ff86f0c5f3925788c15,2024-08-29,6.0
lrm_auctions:subastas_2024_194:f835a7565286472f6064b1eb,2024-05-30,5.74
lrm_auctions:subastas_2024_194:f835a7565286472f6064b1eb,2024-08-29,6.0
lrm_auctions:subastas_2024_195:1569b092994575e4f365fd80,2024-05-30,6.1
lrm_auctions:subastas_2024_195:1569b092994575e4f365fd80,2024-08-29,6.0
lrm_auctions:subastas_2024_196:eea99792d3080cc491e41e61,2024-05-30,5.8002064220183485
lrm_auctions:subastas_2024_196:eea99792d3080cc491e41e61,2024-08-29,6.0
lrm_auctions:subastas_2024_197:ce4ce2fcd94fb6a8be5ccb97,2024-05-30,5.74
lrm_auctions:subastas_2024_197:ce4ce2fcd94fb6a8be5ccb97,2024-08-29,6.0
lrm_auctions:subastas_2024_198:66705411d4f15df9e2d9209b,2024-05-30,5.95
lrm_auctions:subastas_2024_198:66705411d4f15df9e2d9209b,2024-08-29,6.0
lrm_auctions:subastas_2024_19:bf720db09a600af58693674d,2024-01-25,6.3
lrm_auctions:subastas_2024_19:bf720db09a600af58693674d,2024-02-22,6.1
lrm_auctions:subastas_2024_19:bf720db09a600af58693674d,2024-04-25,6.2
lrm_auctions:subastas_2024_19:bf720db09a600af58693674d,2024-06-27,6.25
lrm_auctions:subastas_2024_19:bf720db09a600af58693674d,2024-07-25,6.34
lrm_auctions:subastas_2024_19:bf720db09a600af58693674d,2024-09-26,6.0
lrm_auctions:subastas_2024_19:bf720db09a600af58693674d,2024-10-24,5.95
lrm_auctions:subastas_2024_19:bf720db09a600af58693674d,2024-11-28,0.0
lrm_auctions:subastas_2024_19:bf720db09a600af58693674d,2024-12-26,6.75
lrm_auctions:subastas_2024_20:d1f66421ecf147c9c96cee79,2024-01-25,6.256
lrm_auctions:subastas_2024_20:d1f66421ecf147c9c96cee79,2024-02-22,6.085714285714285
lrm_auctions:subastas_2024_20:d1f66421ecf147c9c96cee79,2024-04-25,5.84
lrm_auctions:subastas_2024_20:d1f66421ecf147c9c96cee79,2024-06-27,5.9
lrm_auctions:subastas_2024_20:d1f66421ecf147c9c96cee79,2024-07-25,6.0
lrm_auctions:subastas_2024_20:d1f66421ecf147c9c96cee79,2024-09-26,5.96875
lrm_auctions:subastas_2024_20:d1f66421ecf147c9c96cee79,2024-10-24,5.95
lrm_auctions:subastas_2024_20:d1f66421ecf147c9c96cee79,2024-11-28,0.0
lrm_auctions:subastas_2024_20:d1f66421ecf147c9c96cee79,2024-12-26,5.9
lrm_auctions:subastas_2024_21:07e39dcdda634d9a1a4e52ad,2024-01-25,6.25
lrm_auctions:subastas_2024_21:07e39dcdda634d9a1a4e52ad,2024-02-22,6.05
lrm_auctions:subastas_2024_21:07e39dcdda634d9a1a4e52ad,2024-04-25,5.84
lrm_auctions:subastas_2024_21:07e39dcdda634d9a1a4e52ad,2024-06-27,5.9
lrm_auctions:subastas_2024_21:07e39dcdda634d9a1a4e52ad,2024-07-25,6.0
lrm_auctions:subastas_2024_21:07e39dcdda634d9a1a4e52ad,2024-09-26,5.95
lrm_auctions:subastas_2024_21:07e39dcdda634d9a1a4e52ad,2024-10-24,5.95
lrm_auctions:subastas_2024_21:07e39dcdda634d9a1a4e52ad,2024-11-28,0.0
lrm_auctions:subastas_2024_21:07e39dcdda634d9a1a4e52ad,2024-12-26,5.9
lrm_auctions:subastas_2024_22:8d17a06b79a2cc8390174bbf,2024-01-25,6.3
lrm_auctions:subastas_2024_22:8d17a06b79a2cc8390174bbf,2024-02-22,6.1
lrm_auctions:subastas_2024_22:8d17a06b79a2cc8390174bbf,2024-04-25,5.84
lrm_auctions:subastas_2024_22:8d17a06b79a2cc8390174bbf,2024-06-27,5.9
lrm_auctions:subastas_2024_22:8d17a06b79a2cc8390174bbf,2024-07-25,6.0
lrm_auctions:subastas_2024_22:8d17a06b79a2cc8390174bbf,2024-09-26,6.0
lrm_auctions:subastas_2024_22:8d17a06b79a2cc8390174bbf,2024-10-24,5.95
lrm_auctions:subastas_2024_22:8d17a06b79a2cc8390174bbf,2024-11-28,0.0
lrm_auctions:subastas_2024_22:8d17a06b79a2cc8390174bbf,2024-12-26,5.9
lrm_auctions:subastas_2024_23:200bac5a5818f3c1c7f12051,2024-01-25,0.0
lrm_auctions:subastas_2024_23:200bac5a5818f3c1c7f12051,2024-04-25,0.0
lrm_auctions:subastas_2024_23:200bac5a5818f3c1c7f12051,2024-05-30,0.0
lrm_auctions:subastas_2024_23:200bac5a5818f3c1c7f12051,2024-06-27,0.0
lrm_auctions:subastas_2024_23:200bac5a5818f3c1c7f12051,2024-07-25,0.0
lrm_auctions:subastas_2024_23:200bac5a5818f3c1c7f12051,2024-08-29,0.0
lrm_auctions:subastas_2024_23:200bac5a5818f3c1c7f12051,2024-09-26,0.0
lrm_auctions:subastas_2024_23:200bac5a5818f3c1c7f12051,2024-11-28,0.0
lrm_auctions:subastas_2024_23:200bac5a5818f3c1c7f12051,2024-12-26,0.0
lrm_auctions:subastas_2024_24:8d3ad5132b2716a5e9b7d842,2024-01-25,300000.0
lrm_auctions:subastas_2024_24:8d3ad5132b2716a5e9b7d842,2024-04-25,146000.0
lrm_auctions:subastas_2024_24:8d3ad5132b2716a5e9b7d842,2024-05-30,49850.0
lrm_auctions:subastas_2024_24:8d3ad5132b2716a5e9b7d842,2024-06-27,65000.0
lrm_auctions:subastas_2024_24:8d3ad5132b2716a5e9b7d842,2024-07-25,76000.0
lrm_auctions:subastas_2024_24:8d3ad5132b2716a5e9b7d842,2024-08-29,120000.0
lrm_auctions:subastas_2024_24:8d3ad5132b2716a5e9b7d842,2024-09-26,274000.0
lrm_auctions:subastas_2024_24:8d3ad5132b2716a5e9b7d842,2024-11-28,20000.0
lrm_auctions:subastas_2024_24:8d3ad5132b2716a5e9b7d842,2024-12-26,125000.0
lrm_auctions:subastas_2024_25:1796f78ac619b9822b3cdf63,2024-01-25,300000.0
lrm_auctions:subastas_2024_25:1796f78ac619b9822b3cdf63,2024-04-25,136000.0
lrm_auctions:subastas_2024_25:1796f78ac619b9822b3cdf63,2024-05-30,44850.0
lrm_auctions:subastas_2024_25:1796f78ac619b9822b3cdf63,2024-06-27,10000.0
lrm_auctions:subastas_2024_25:1796f78ac619b9822b3cdf63,2024-07-25,16000.0
lrm_auctions:subastas_2024_25:1796f78ac619b9822b3cdf63,2024-08-29,60000.0
lrm_auctions:subastas_2024_25:1796f78ac619b9822b3cdf63,2024-09-26,100010.0
lrm_auctions:subastas_2024_25:1796f78ac619b9822b3cdf63,2024-11-28,10000.0
lrm_auctions:subastas_2024_25:1796f78ac619b9822b3cdf63,2024-12-26,75000.0
lrm_auctions:subastas_2024_26:e98508eba46c33c0a983ce8e,2024-01-25,5.0
lrm_auctions:subastas_2024_26:e98508eba46c33c0a983ce8e,2024-04-25,5.0
lrm_auctions:subastas_2024_26:e98508eba46c33c0a983ce8e,2024-05-30,3.0
lrm_auctions:subastas_2024_26:e98508eba46c33c0a983ce8e,2024-06-27,3.0
lrm_auctions:subastas_2024_26:e98508eba46c33c0a983ce8e,2024-07-25,3.0
lrm_auctions:subastas_2024_26:e98508eba46c33c0a983ce8e,2024-08-29,3.0
lrm_auctions:subastas_2024_26:e98508eba46c33c0a983ce8e,2024-09-26,4.0
lrm_auctions:subastas_2024_26:e98508eba46c33c0a983ce8e,2024-11-28,2.0
lrm_auctions:subastas_2024_26:e98508eba46c33c0a983ce8e,2024-12-26,2.0
lrm_auctions:subastas_2024_27:50e8cd5d6a9164a387e71b58,2024-01-25,5.0
lrm_auctions:subastas_2024_27:50e8cd5d6a9164a387e71b58,2024-04-25,3.0
lrm_auctions:subastas_2024_27:50e8cd5d6a9164a387e71b58,2024-05-30,2.0
lrm_auctions:subastas_2024_27:50e8cd5d6a9164a387e71b58,2024-06-27,1.0
lrm_auctions:subastas_2024_27:50e8cd5d6a9164a387e71b58,2024-07-25,1.0
lrm_auctions:subastas_2024_27:50e8cd5d6a9164a387e71b58,2024-08-29,2.0
lrm_auctions:subastas_2024_27:50e8cd5d6a9164a387e71b58,2024-09-26,4.0
lrm_auctions:subastas_2024_27:50e8cd5d6a9164a387e71b58,2024-11-28,1.0
lrm_auctions:subastas_2024_27:50e8cd5d6a9164a387e71b58,2024-12-26,1.0
lrm_auctions:subastas_2024_28:956a873dc8d52b456ddad362,2024-01-25,6.296666666666667
lrm_auctions:subastas_2024_28:956a873dc8d52b456ddad362,2024-04-25,5.819931506849315
lrm_auctions:subastas_2024_28:956a873dc8d52b456ddad362,2024-05-30,5.854162487462387
lrm_auctions:subastas_2024_28:956a873dc8d52b456ddad362,2024-06-27,6.126923076923077
lrm_auctions:subastas_2024_28:956a873dc8d52b456ddad362,2024-07-25,6.234210526315789
lrm_auctions:subastas_2024_28:956a873dc8d52b456ddad362,2024-08-29,6.125
lrm_auctions:subastas_2024_28:956a873dc8d52b456ddad362,2024-09-26,6.05
lrm_auctions:subastas_2024_28:956a873dc8d52b456ddad362,2024-11-28,6.25
lrm_auctions:subastas_2024_28:956a873dc8d52b456ddad362,2024-12-26,6.4
lrm_auctions:subastas_2024_29:5b6eb8a66c58a781bc5e1741,2024-01-25,6.29
lrm_auctions:subastas_2024_29:5b6eb8a66c58a781bc5e1741,2024-04-25,5.77
lrm_auctions:subastas_2024_29:5b6eb8a66c58a781bc5e1741,2024-05-30,5.8
lrm_auctions:subastas_2024_29:5b6eb8a66c58a781bc5e1741,2024-06-27,6.05
lrm_auctions:subastas_2024_29:5b6eb8a66c58a781bc5e1741,2024-07-25,6.1
lrm_auctions:subastas_2024_29:5b6eb8a66c58a781bc5e1741,2024-08-29,6.1
lrm_auctions:subastas_2024_29:5b6eb8a66c58a781bc5e1741,2024-09-26,6.05
lrm_auctions:subastas_2024_29:5b6eb8a66c58a781bc5e1741,2024-11-28,6.0
lrm_auctions:subastas_2024_29:5b6eb8a66c58a781bc5e1741,2024-12-26,6.0
lrm_auctions:subastas_2024_2:9247b31e01d1e0ac55a0c613,2024-01-25,175000.0
lrm_auctions:subastas_2024_2:9247b31e01d1e0ac55a0c613,2024-05-30,65000.0
lrm_auctions:subastas_2024_2:9247b31e01d1e0ac55a0c613,2024-06-27,5000.0
lrm_auctions:subastas_2024_2:9247b31e01d1e0ac55a0c613,2024-08-29,195680.0
lrm_auctions:subastas_2024_2:9247b31e01d1e0ac55a0c613,2024-09-26,271580.0
lrm_auctions:subastas_2024_2:9247b31e01d1e0ac55a0c613,2024-11-28,470000.0
lrm_auctions:subastas_2024_30:ee2c12a55786cf1f1c7f10ae,2024-01-25,6.34
lrm_auctions:subastas_2024_30:ee2c12a55786cf1f1c7f10ae,2024-04-25,6.2
lrm_auctions:subastas_2024_30:ee2c12a55786cf1f1c7f10ae,2024-05-30,6.2
lrm_auctions:subastas_2024_30:ee2c12a55786cf1f1c7f10ae,2024-06-27,6.25
lrm_auctions:subastas_2024_30:ee2c12a55786cf1f1c7f10ae,2024-07-25,6.37
lrm_auctions:subastas_2024_30:ee2c12a55786cf1f1c7f10ae,2024-08-29,6.15
lrm_auctions:subastas_2024_30:ee2c12a55786cf1f1c7f10ae,2024-09-26,6.05
lrm_auctions:subastas_2024_30:ee2c12a55786cf1f1c7f10ae,2024-11-28,6.5
lrm_auctions:subastas_2024_30:ee2c12a55786cf1f1c7f10ae,2024-12-26,7.0
lrm_auctions:subastas_2024_31:42e314b83bffe86da857c019,2024-01-25,6.296666666666667
lrm_auctions:subastas_2024_31:42e314b83bffe86da857c019,2024-04-25,5.801176470588235
lrm_auctions:subastas_2024_31:42e314b83bffe86da857c019,2024-05-30,5.815607580824972
lrm_auctions:subastas_2024_31:42e314b83bffe86da857c019,2024-06-27,6.05
lrm_auctions:subastas_2024_31:42e314b83bffe86da857c019,2024-07-25,6.1
lrm_auctions:subastas_2024_31:42e314b83bffe86da857c019,2024-08-29,6.1
lrm_auctions:subastas_2024_31:42e314b83bffe86da857c019,2024-09-26,6.05
lrm_auctions:subastas_2024_31:42e314b83bffe86da857c019,2024-11-28,6.0
lrm_auctions:subastas_2024_31:42e314b83bffe86da857c019,2024-12-26,6.0
lrm_auctions:subastas_2024_32:820ff1f83b051209517929a0,2024-01-25,6.29
lrm_auctions:subastas_2024_32:820ff1f83b051209517929a0,2024-04-25,5.77
lrm_auctions:subastas_2024_32:820ff1f83b051209517929a0,2024-05-30,5.8
lrm_auctions:subastas_2024_32:820ff1f83b051209517929a0,2024-06-27,6.05
lrm_auctions:subastas_2024_32:820ff1f83b051209517929a0,2024-07-25,6.1
lrm_auctions:subastas_2024_32:820ff1f83b051209517929a0,2024-08-29,6.1
lrm_auctions:subastas_2024_32:820ff1f83b051209517929a0,2024-09-26,6.05
lrm_auctions:subastas_2024_32:820ff1f83b051209517929a0,2024-11-28,6.0
lrm_auctions:subastas_2024_32:820ff1f83b051209517929a0,2024-12-26,6.0
lrm_auctions:subastas_2024_33:0598755dd2a01a35e335ef4f,2024-01-25,6.34
lrm_auctions:subastas_2024_33:0598755dd2a01a35e335ef4f,2024-04-25,5.9
lrm_auctions:subastas_2024_33:0598755dd2a01a35e335ef4f,2024-05-30,5.9
lrm_auctions:subastas_2024_33:0598755dd2a01a35e335ef4f,2024-06-27,6.05
lrm_auctions:subastas_2024_33:0598755dd2a01a35e335ef4f,2024-07-25,6.1
lrm_auctions:subastas_2024_33:0598755dd2a01a35e335ef4f,2024-08-29,6.1
lrm_auctions:subastas_2024_33:0598755dd2a01a35e335ef4f,2024-09-26,6.05
lrm_auctions:subastas_2024_33:0598755dd2a01a35e335ef4f,2024-11-28,6.0
lrm_auctions:subastas_2024_33:0598755dd2a01a35e335ef4f,2024-12-26,6.0
lrm_auctions:subastas_2024_34:e44c1e3c52f41f63ed5605bd,2024-01-25,0.0
lrm_auctions:subastas_2024_34:e44c1e3c52f41f63ed5605bd,2024-04-25,0.0
lrm_auctions:subastas_2024_34:e44c1e3c52f41f63ed5605bd,2024-05-30,0.0
lrm_auctions:subastas_2024_34:e44c1e3c52f41f63ed5605bd,2024-06-27,0.0
lrm_auctions:subastas_2024_34:e44c1e3c52f41f63ed5605bd,2024-08-29,0.0
lrm_auctions:subastas_2024_34:e44c1e3c52f41f63ed5605bd,2024-09-26,0.0
lrm_auctions:subastas_2024_34:e44c1e3c52f41f63ed5605bd,2024-10-24,0.0
lrm_auctions:subastas_2024_34:e44c1e3c52f41f63ed5605bd,2024-11-28,0.0
lrm_auctions:subastas_2024_34:e44c1e3c52f41f63ed5605bd,2024-12-26,0.0
lrm_auctions:subastas_2024_35:aaf6eb65b92a1b566a413296,2024-01-25,175000.0
lrm_auctions:subastas_2024_35:aaf6eb65b92a1b566a413296,2024-04-25,155000.0
lrm_auctions:subastas_2024_35:aaf6eb65b92a1b566a413296,2024-05-30,55000.0
lrm_auctions:subastas_2024_35:aaf6eb65b92a1b566a413296,2024-06-27,55000.0
lrm_auctions:subastas_2024_35:aaf6eb65b92a1b566a413296,2024-08-29,68000.0
lrm_auctions:subastas_2024_35:aaf6eb65b92a1b566a413296,2024-09-26,20000.0
lrm_auctions:subastas_2024_35:aaf6eb65b92a1b566a413296,2024-10-24,0.0
lrm_auctions:subastas_2024_35:aaf6eb65b92a1b566a413296,2024-12-26,30000.0
lrm_auctions:subastas_2024_36:640b4b056ff21faadf718dca,2024-01-25,175000.0
lrm_auctions:subastas_2024_36:640b4b056ff21faadf718dca,2024-04-25,120000.0
lrm_auctions:subastas_2024_36:640b4b056ff21faadf718dca,2024-05-30,50000.0
lrm_auctions:subastas_2024_36:640b4b056ff21faadf718dca,2024-06-27,55000.0
lrm_auctions:subastas_2024_36:640b4b056ff21faadf718dca,2024-08-29,68000.0
lrm_auctions:subastas_2024_36:640b4b056ff21faadf718dca,2024-09-26,20000.0
lrm_auctions:subastas_2024_36:640b4b056ff21faadf718dca,2024-10-24,0.0
lrm_auctions:subastas_2024_36:640b4b056ff21faadf718dca,2024-11-28,0.0
lrm_auctions:subastas_2024_36:640b4b056ff21faadf718dca,2024-12-26,0.0
lrm_auctions:subastas_2024_37:0bee62c66184fd637967f5a2,2024-01-25,3.0
lrm_auctions:subastas_2024_37:0bee62c66184fd637967f5a2,2024-04-25,6.0
lrm_auctions:subastas_2024_37:0bee62c66184fd637967f5a2,2024-05-30,2.0
lrm_auctions:subastas_2024_37:0bee62c66184fd637967f5a2,2024-06-27,1.0
lrm_auctions:subastas_2024_37:0bee62c66184fd637967f5a2,2024-08-29,2.0
lrm_auctions:subastas_2024_37:0bee62c66184fd637967f5a2,2024-09-26,1.0
lrm_auctions:subastas_2024_37:0bee62c66184fd637967f5a2,2024-10-24,0.0
lrm_auctions:subastas_2024_37:0bee62c66184fd637967f5a2,2024-12-26,1.0
lrm_auctions:subastas_2024_38:eadb3b0d05243d2c6900fcbc,2024-01-25,3.0
lrm_auctions:subastas_2024_38:eadb3b0d05243d2c6900fcbc,2024-04-25,4.0
lrm_auctions:subastas_2024_38:eadb3b0d05243d2c6900fcbc,2024-05-30,1.0
lrm_auctions:subastas_2024_38:eadb3b0d05243d2c6900fcbc,2024-06-27,1.0
lrm_auctions:subastas_2024_38:eadb3b0d05243d2c6900fcbc,2024-08-29,2.0
lrm_auctions:subastas_2024_38:eadb3b0d05243d2c6900fcbc,2024-09-26,1.0
lrm_auctions:subastas_2024_38:eadb3b0d05243d2c6900fcbc,2024-10-24,0.0
lrm_auctions:subastas_2024_38:eadb3b0d05243d2c6900fcbc,2024-11-28,0.0
lrm_auctions:subastas_2024_38:eadb3b0d05243d2c6900fcbc,2024-12-26,0.0
lrm_auctions:subastas_2024_39:5d71f900d8bbc611ba4983ea,2024-01-25,6.355714285714286
lrm_auctions:subastas_2024_39:5d71f900d8bbc611ba4983ea,2024-04-25,5.96
lrm_auctions:subastas_2024_39:5d71f900d8bbc611ba4983ea,2024-05-30,6.207272727272727
lrm_auctions:subastas_2024_39:5d71f900d8bbc611ba4983ea,2024-06-27,6.3
lrm_auctions:subastas_2024_39:5d71f900d8bbc611ba4983ea,2024-08-29,6.328235294117647
lrm_auctions:subastas_2024_39:5d71f900d8bbc611ba4983ea,2024-09-26,6.45
lrm_auctions:subastas_2024_39:5d71f900d8bbc611ba4983ea,2024-10-24,0.0
lrm_auctions:subastas_2024_39:5d71f900d8bbc611ba4983ea,2024-11-28,0.0
lrm_auctions:subastas_2024_39:5d71f900d8bbc611ba4983ea,2024-12-26,7.15
lrm_auctions:subastas_2024_3:224b5017a255c316d44d073e,2024-01-25,155000.0
lrm_auctions:subastas_2024_3:224b5017a255c316d44d073e,2024-05-30,60000.0
lrm_auctions:subastas_2024_3:224b5017a255c316d44d073e,2024-08-29,195680.0
lrm_auctions:subastas_2024_3:224b5017a255c316d44d073e,2024-09-26,100000.0
lrm_auctions:subastas_2024_3:224b5017a255c316d44d073e,2024-11-28,100000.0
lrm_auctions:subastas_2024_40:88e9ff84b8c642a4a38c010b,2024-01-25,6.35
lrm_auctions:subastas_2024_40:88e9ff84b8c642a4a38c010b,2024-04-25,5.85
lrm_auctions:subastas_2024_40:88e9ff84b8c642a4a38c010b,2024-05-30,6.2
lrm_auctions:subastas_2024_40:88e9ff84b8c642a4a38c010b,2024-06-27,6.3
lrm_auctions:subastas_2024_40:88e9ff84b8c642a4a38c010b,2024-08-29,6.3
lrm_auctions:subastas_2024_40:88e9ff84b8c642a4a38c010b,2024-09-26,6.45
lrm_auctions:subastas_2024_40:88e9ff84b8c642a4a38c010b,2024-10-24,0.0
lrm_auctions:subastas_2024_40:88e9ff84b8c642a4a38c010b,2024-11-28,0.0
lrm_auctions:subastas_2024_40:88e9ff84b8c642a4a38c010b,2024-12-26,7.15
lrm_auctions:subastas_2024_41:09849ee67600e0d554d7ce86,2024-01-25,6.39
lrm_auctions:subastas_2024_41:09849ee67600e0d554d7ce86,2024-04-25,6.3
lrm_auctions:subastas_2024_41:09849ee67600e0d554d7ce86,2024-05-30,6.28
lrm_auctions:subastas_2024_41:09849ee67600e0d554d7ce86,2024-06-27,6.3
lrm_auctions:subastas_2024_41:09849ee67600e0d554d7ce86,2024-08-29,6.42
lrm_auctions:subastas_2024_41:09849ee67600e0d554d7ce86,2024-09-26,6.45
lrm_auctions:subastas_2024_41:09849ee67600e0d554d7ce86,2024-10-24,0.0
lrm_auctions:subastas_2024_41:09849ee67600e0d554d7ce86,2024-11-28,0.0
lrm_auctions:subastas_2024_41:09849ee67600e0d554d7ce86,2024-12-26,7.15
lrm_auctions:subastas_2024_42:cc6093da5c5584f1d7a6a7e9,2024-01-25,6.355714285714286
lrm_auctions:subastas_2024_42:cc6093da5c5584f1d7a6a7e9,2024-04-25,5.898333333333333
lrm_auctions:subastas_2024_42:cc6093da5c5584f1d7a6a7e9,2024-05-30,6.2
lrm_auctions:subastas_2024_42:cc6093da5c5584f1d7a6a7e9,2024-06-27,6.3
lrm_auctions:subastas_2024_42:cc6093da5c5584f1d7a6a7e9,2024-08-29,6.328235294117647
lrm_auctions:subastas_2024_42:cc6093da5c5584f1d7a6a7e9,2024-09-26,6.45
lrm_auctions:subastas_2024_42:cc6093da5c5584f1d7a6a7e9,2024-10-24,0.0
lrm_auctions:subastas_2024_42:cc6093da5c5584f1d7a6a7e9,2024-11-28,0.0
lrm_auctions:subastas_2024_42:cc6093da5c5584f1d7a6a7e9,2024-12-26,0.0
lrm_auctions:subastas_2024_43:bf87f06f467e10f55b30080e,2024-01-25,6.35
lrm_auctions:subastas_2024_43:bf87f06f467e10f55b30080e,2024-04-25,5.85
lrm_auctions:subastas_2024_43:bf87f06f467e10f55b30080e,2024-05-30,6.2
lrm_auctions:subastas_2024_43:bf87f06f467e10f55b30080e,2024-06-27,6.3
lrm_auctions:subastas_2024_43:bf87f06f467e10f55b30080e,2024-08-29,6.3
lrm_auctions:subastas_2024_43:bf87f06f467e10f55b30080e,2024-09-26,6.45
lrm_auctions:subastas_2024_43:bf87f06f467e10f55b30080e,2024-10-24,0.0
lrm_auctions:subastas_2024_43:bf87f06f467e10f55b30080e,2024-11-28,0.0
lrm_auctions:subastas_2024_43:bf87f06f467e10f55b30080e,2024-12-26,0.0
lrm_auctions:subastas_2024_44:17425580ef717811a7ed1c29,2024-01-25,6.39
lrm_auctions:subastas_2024_44:17425580ef717811a7ed1c29,2024-04-25,5.98
lrm_auctions:subastas_2024_44:17425580ef717811a7ed1c29,2024-05-30,6.2
lrm_auctions:subastas_2024_44:17425580ef717811a7ed1c29,2024-06-27,6.3
lrm_auctions:subastas_2024_44:17425580ef717811a7ed1c29,2024-08-29,6.42
lrm_auctions:subastas_2024_44:17425580ef717811a7ed1c29,2024-09-26,6.45
lrm_auctions:subastas_2024_44:17425580ef717811a7ed1c29,2024-10-24,0.0
lrm_auctions:subastas_2024_44:17425580ef717811a7ed1c29,2024-11-28,0.0
lrm_auctions:subastas_2024_44:17425580ef717811a7ed1c29,2024-12-26,0.0
lrm_auctions:subastas_2024_45:34317e3b600a5d9c905e4e0e,2024-01-25,0.0
lrm_auctions:subastas_2024_45:34317e3b600a5d9c905e4e0e,2024-02-22,0.0
lrm_auctions:subastas_2024_45:34317e3b600a5d9c905e4e0e,2024-10-24,0.0
lrm_auctions:subastas_2024_46:687359eed35381f1ea3c2a2a,2024-01-25,815000.0
lrm_auctions:subastas_2024_46:687359eed35381f1ea3c2a2a,2024-02-22,700000.0
lrm_auctions:subastas_2024_46:687359eed35381f1ea3c2a2a,2024-10-24,25000.0
lrm_auctions:subastas_2024_47:b59a75cade1246e5b1118b9f,2024-01-25,815000.0
lrm_auctions:subastas_2024_47:b59a75cade1246e5b1118b9f,2024-02-22,665000.0
lrm_auctions:subastas_2024_47:b59a75cade1246e5b1118b9f,2024-10-24,25000.0
lrm_auctions:subastas_2024_48:05896d317a407e07dc81011c,2024-01-25,7.0
lrm_auctions:subastas_2024_48:05896d317a407e07dc81011c,2024-02-22,13.0
lrm_auctions:subastas_2024_48:05896d317a407e07dc81011c,2024-10-24,3.0
lrm_auctions:subastas_2024_49:3beba1f89bfdcb5880472808,2024-01-25,7.0
lrm_auctions:subastas_2024_49:3beba1f89bfdcb5880472808,2024-02-22,11.0
lrm_auctions:subastas_2024_49:3beba1f89bfdcb5880472808,2024-10-24,3.0
lrm_auctions:subastas_2024_4:010d5d8f25a1089f65a054b4,2024-01-25,3.0
lrm_auctions:subastas_2024_4:010d5d8f25a1089f65a054b4,2024-05-30,3.0
lrm_auctions:subastas_2024_4:010d5d8f25a1089f65a054b4,2024-06-27,1.0
lrm_auctions:subastas_2024_4:010d5d8f25a1089f65a054b4,2024-08-29,2.0
lrm_auctions:subastas_2024_4:010d5d8f25a1089f65a054b4,2024-09-26,3.0
lrm_auctions:subastas_2024_4:010d5d8f25a1089f65a054b4,2024-11-28,2.0
lrm_auctions:subastas_2024_50:a059479a36d254e1702b3aeb,2024-01-25,6.375153374233129
lrm_auctions:subastas_2024_50:a059479a36d254e1702b3aeb,2024-02-22,6.136142857142858
lrm_auctions:subastas_2024_50:a059479a36d254e1702b3aeb,2024-10-24,6.516
lrm_auctions:subastas_2024_51:33b667ad83372670b5d5baf4,2024-01-25,6.25
lrm_auctions:subastas_2024_51:33b667ad83372670b5d5baf4,2024-02-22,6.05
lrm_auctions:subastas_2024_51:33b667ad83372670b5d5baf4,2024-10-24,6.4
lrm_auctions:subastas_2024_52:dd8accda8d966d3bc6079655,2024-01-25,6.4
lrm_auctions:subastas_2024_52:dd8accda8d966d3bc6079655,2024-02-22,6.4
lrm_auctions:subastas_2024_52:dd8accda8d966d3bc6079655,2024-10-24,6.59
lrm_auctions:subastas_2024_53:e2abf549bed7799cb5501ff8,2024-01-25,6.375153374233129
lrm_auctions:subastas_2024_53:e2abf549bed7799cb5501ff8,2024-02-22,6.126766917293233
lrm_auctions:subastas_2024_53:e2abf549bed7799cb5501ff8,2024-10-24,6.516
lrm_auctions:subastas_2024_54:25ca3955f4c9d3729645be8d,2024-01-25,6.25
lrm_auctions:subastas_2024_54:25ca3955f4c9d3729645be8d,2024-02-22,6.05
lrm_auctions:subastas_2024_54:25ca3955f4c9d3729645be8d,2024-10-24,6.4
lrm_auctions:subastas_2024_55:2b75e274d60a7b8741d68e0a,2024-01-25,6.4
lrm_auctions:subastas_2024_55:2b75e274d60a7b8741d68e0a,2024-02-22,6.2
lrm_auctions:subastas_2024_55:2b75e274d60a7b8741d68e0a,2024-10-24,6.59
lrm_auctions:subastas_2024_56:4bf6da531b85de74e05a06a8,2024-01-25,0.0
lrm_auctions:subastas_2024_56:4bf6da531b85de74e05a06a8,2024-05-30,0.0
lrm_auctions:subastas_2024_56:4bf6da531b85de74e05a06a8,2024-06-27,0.0
lrm_auctions:subastas_2024_56:4bf6da531b85de74e05a06a8,2024-08-29,0.0
lrm_auctions:subastas_2024_56:4bf6da531b85de74e05a06a8,2024-09-26,0.0
lrm_auctions:subastas_2024_56:4bf6da531b85de74e05a06a8,2024-10-24,0.0
lrm_auctions:subastas_2024_56:4bf6da531b85de74e05a06a8,2024-11-28,0.0
lrm_auctions:subastas_2024_56:4bf6da531b85de74e05a06a8,2024-12-26,0.0
lrm_auctions:subastas_2024_57:ee0d4c3a94f7908ff04d5f39,2024-01-25,675000.0
lrm_auctions:subastas_2024_57:ee0d4c3a94f7908ff04d5f39,2024-05-30,545000.0
lrm_auctions:subastas_2024_57:ee0d4c3a94f7908ff04d5f39,2024-06-27,335000.0
lrm_auctions:subastas_2024_57:ee0d4c3a94f7908ff04d5f39,2024-08-29,231000.0
lrm_auctions:subastas_2024_57:ee0d4c3a94f7908ff04d5f39,2024-09-26,195000.0
lrm_auctions:subastas_2024_57:ee0d4c3a94f7908ff04d5f39,2024-10-24,130000.0
lrm_auctions:subastas_2024_57:ee0d4c3a94f7908ff04d5f39,2024-11-28,50000.0
lrm_auctions:subastas_2024_57:ee0d4c3a94f7908ff04d5f39,2024-12-26,75000.0
lrm_auctions:subastas_2024_58:eea18eee3ecdee3e28e66da9,2024-01-25,580000.0
lrm_auctions:subastas_2024_58:eea18eee3ecdee3e28e66da9,2024-05-30,265000.0
lrm_auctions:subastas_2024_58:eea18eee3ecdee3e28e66da9,2024-06-27,190000.0
lrm_auctions:subastas_2024_58:eea18eee3ecdee3e28e66da9,2024-08-29,161000.0
lrm_auctions:subastas_2024_58:eea18eee3ecdee3e28e66da9,2024-09-26,170000.0
lrm_auctions:subastas_2024_58:eea18eee3ecdee3e28e66da9,2024-10-24,105000.0
lrm_auctions:subastas_2024_58:eea18eee3ecdee3e28e66da9,2024-11-28,50000.0
lrm_auctions:subastas_2024_58:eea18eee3ecdee3e28e66da9,2024-12-26,0.0
lrm_auctions:subastas_2024_59:57b628dd262c8254a68a400f,2024-01-25,7.0
lrm_auctions:subastas_2024_59:57b628dd262c8254a68a400f,2024-05-30,6.0
lrm_auctions:subastas_2024_59:57b628dd262c8254a68a400f,2024-06-27,8.0
lrm_auctions:subastas_2024_59:57b628dd262c8254a68a400f,2024-08-29,8.0
lrm_auctions:subastas_2024_59:57b628dd262c8254a68a400f,2024-09-26,5.0
lrm_auctions:subastas_2024_59:57b628dd262c8254a68a400f,2024-10-24,5.0
lrm_auctions:subastas_2024_59:57b628dd262c8254a68a400f,2024-11-28,2.0
lrm_auctions:subastas_2024_59:57b628dd262c8254a68a400f,2024-12-26,4.0
lrm_auctions:subastas_2024_5:fc2d241f5907da61bc006a54,2024-01-25,2.0
lrm_auctions:subastas_2024_5:fc2d241f5907da61bc006a54,2024-05-30,2.0
lrm_auctions:subastas_2024_5:fc2d241f5907da61bc006a54,2024-08-29,2.0
lrm_auctions:subastas_2024_5:fc2d241f5907da61bc006a54,2024-09-26,2.0
lrm_auctions:subastas_2024_5:fc2d241f5907da61bc006a54,2024-11-28,1.0
lrm_auctions:subastas_2024_60:0e6c1578bd5d6820b9d67c61,2024-01-25,5.0
lrm_auctions:subastas_2024_60:0e6c1578bd5d6820b9d67c61,2024-05-30,2.0
lrm_auctions:subastas_2024_60:0e6c1578bd5d6820b9d67c61,2024-06-27,2.0
lrm_auctions:subastas_2024_60:0e6c1578bd5d6820b9d67c61,2024-08-29,5.0
lrm_auctions:subastas_2024_60:0e6c1578bd5d6820b9d67c61,2024-09-26,4.0
lrm_auctions:subastas_2024_60:0e6c1578bd5d6820b9d67c61,2024-10-24,4.0
lrm_auctions:subastas_2024_60:0e6c1578bd5d6820b9d67c61,2024-11-28,2.0
lrm_auctions:subastas_2024_60:0e6c1578bd5d6820b9d67c61,2024-12-26,0.0
lrm_auctions:subastas_2024_61:492f3999a838cd04f14590a4,2024-01-25,6.393925925925926
lrm_auctions:subastas_2024_61:492f3999a838cd04f14590a4,2024-05-30,6.550091743119266
lrm_auctions:subastas_2024_61:492f3999a838cd04f14590a4,2024-06-27,6.598805970149254
lrm_auctions:subastas_2024_61:492f3999a838cd04f14590a4,2024-08-29,6.622294372294372
lrm_auctions:subastas_2024_61:492f3999a838cd04f14590a4,2024-09-26,6.5543589743589745
lrm_auctions:subastas_2024_61:492f3999a838cd04f14590a4,2024-10-24,6.758076923076923
lrm_auctions:subastas_2024_61:492f3999a838cd04f14590a4,2024-11-28,6.62
lrm_auctions:subastas_2024_61:492f3999a838cd04f14590a4,2024-12-26,7.205333333333333
lrm_auctions:subastas_2024_62:0a1131f4a687bbd9d1b5e92b,2024-01-25,6.25
lrm_auctions:subastas_2024_62:0a1131f4a687bbd9d1b5e92b,2024-05-30,6.3
lrm_auctions:subastas_2024_62:0a1131f4a687bbd9d1b5e92b,2024-06-27,6.54
lrm_auctions:subastas_2024_62:0a1131f4a687bbd9d1b5e92b,2024-08-29,6.55
lrm_auctions:subastas_2024_62:0a1131f4a687bbd9d1b5e92b,2024-09-26,6.5
lrm_auctions:subastas_2024_62:0a1131f4a687bbd9d1b5e92b,2024-10-24,6.6
lrm_auctions:subastas_2024_62:0a1131f4a687bbd9d1b5e92b,2024-11-28,6.6
lrm_auctions:subastas_2024_62:0a1131f4a687bbd9d1b5e92b,2024-12-26,6.98
lrm_auctions:subastas_2024_63:d39b6838f8819b2de0ec3672,2024-01-25,6.6
lrm_auctions:subastas_2024_63:d39b6838f8819b2de0ec3672,2024-05-30,6.75
lrm_auctions:subastas_2024_63:d39b6838f8819b2de0ec3672,2024-06-27,6.75
lrm_auctions:subastas_2024_63:d39b6838f8819b2de0ec3672,2024-08-29,6.7
lrm_auctions:subastas_2024_63:d39b6838f8819b2de0ec3672,2024-09-26,6.65
lrm_auctions:subastas_2024_63:d39b6838f8819b2de0ec3672,2024-10-24,7.35
lrm_auctions:subastas_2024_63:d39b6838f8819b2de0ec3672,2024-11-28,6.65
lrm_auctions:subastas_2024_63:d39b6838f8819b2de0ec3672,2024-12-26,7.4
lrm_auctions:subastas_2024_64:9d92cdb1155eb126d248cd3d,2024-01-25,6.360603448275862
lrm_auctions:subastas_2024_64:9d92cdb1155eb126d248cd3d,2024-05-30,6.39622641509434
lrm_auctions:subastas_2024_64:9d92cdb1155eb126d248cd3d,2024-06-27,6.54921052631579
lrm_auctions:subastas_2024_64:9d92cdb1155eb126d248cd3d,2024-08-29,6.588509316770186
lrm_auctions:subastas_2024_64:9d92cdb1155eb126d248cd3d,2024-09-26,6.540294117647059
lrm_auctions:subastas_2024_64:9d92cdb1155eb126d248cd3d,2024-10-24,6.617142857142857
lrm_auctions:subastas_2024_64:9d92cdb1155eb126d248cd3d,2024-11-28,6.62
lrm_auctions:subastas_2024_64:9d92cdb1155eb126d248cd3d,2024-12-26,0.0
lrm_auctions:subastas_2024_65:9e65b04aa01c99458d690df0,2024-01-25,6.25
lrm_auctions:subastas_2024_65:9e65b04aa01c99458d690df0,2024-05-30,6.3
lrm_auctions:subastas_2024_65:9e65b04aa01c99458d690df0,2024-06-27,6.54
lrm_auctions:subastas_2024_65:9e65b04aa01c99458d690df0,2024-08-29,6.55
lrm_auctions:subastas_2024_65:9e65b04aa01c99458d690df0,2024-09-26,6.5
lrm_auctions:subastas_2024_65:9e65b04aa01c99458d690df0,2024-10-24,6.6
lrm_auctions:subastas_2024_65:9e65b04aa01c99458d690df0,2024-11-28,6.6
lrm_auctions:subastas_2024_65:9e65b04aa01c99458d690df0,2024-12-26,0.0
lrm_auctions:subastas_2024_66:af2e7749cfc1023bb5b38c17,2024-01-25,6.37
lrm_auctions:subastas_2024_66:af2e7749cfc1023bb5b38c17,2024-05-30,6.4
lrm_auctions:subastas_2024_66:af2e7749cfc1023bb5b38c17,2024-06-27,6.55
lrm_auctions:subastas_2024_66:af2e7749cfc1023bb5b38c17,2024-08-29,6.6
lrm_auctions:subastas_2024_66:af2e7749cfc1023bb5b38c17,2024-09-26,6.6
lrm_auctions:subastas_2024_66:af2e7749cfc1023bb5b38c17,2024-10-24,6.69
lrm_auctions:subastas_2024_66:af2e7749cfc1023bb5b38c17,2024-11-28,6.65
lrm_auctions:subastas_2024_66:af2e7749cfc1023bb5b38c17,2024-12-26,0.0
lrm_auctions:subastas_2024_67:6291f22e12272550ddb19294,2024-02-22,0.0
lrm_auctions:subastas_2024_67:6291f22e12272550ddb19294,2024-04-25,0.0
lrm_auctions:subastas_2024_67:6291f22e12272550ddb19294,2024-07-25,0.0
lrm_auctions:subastas_2024_67:6291f22e12272550ddb19294,2024-10-24,0.0
lrm_auctions:subastas_2024_67:6291f22e12272550ddb19294,2024-12-26,0.0
lrm_auctions:subastas_2024_68:fc22729f3313615a9203476a,2024-02-22,220000.0
lrm_auctions:subastas_2024_68:fc22729f3313615a9203476a,2024-04-25,200000.0
lrm_auctions:subastas_2024_68:fc22729f3313615a9203476a,2024-07-25,20000.0
lrm_auctions:subastas_2024_68:fc22729f3313615a9203476a,2024-10-24,335000.0
lrm_auctions:subastas_2024_68:fc22729f3313615a9203476a,2024-12-26,175000.0
lrm_auctions:subastas_2024_69:5aec5344e114c688c24f3cfd,2024-02-22,210000.0
lrm_auctions:subastas_2024_69:5aec5344e114c688c24f3cfd,2024-04-25,195000.0
lrm_auctions:subastas_2024_69:5aec5344e114c688c24f3cfd,2024-07-25,15000.0
lrm_auctions:subastas_2024_69:5aec5344e114c688c24f3cfd,2024-10-24,125000.0
lrm_auctions:subastas_2024_69:5aec5344e114c688c24f3cfd,2024-12-26,125000.0
lrm_auctions:subastas_2024_6:964a1e7acc58cf13bdd974d0,2024-01-25,6.261428571428572
lrm_auctions:subastas_2024_6:964a1e7acc58cf13bdd974d0,2024-05-30,5.888461538461539
lrm_auctions:subastas_2024_6:964a1e7acc58cf13bdd974d0,2024-06-27,6.25
lrm_auctions:subastas_2024_6:964a1e7acc58cf13bdd974d0,2024-08-29,5.912775960752248
lrm_auctions:subastas_2024_6:964a1e7acc58cf13bdd974d0,2024-09-26,5.93313940643641
lrm_auctions:subastas_2024_6:964a1e7acc58cf13bdd974d0,2024-11-28,5.829787234042553
lrm_auctions:subastas_2024_70:fa2f58987deec1386218e267,2024-02-22,3.0
lrm_auctions:subastas_2024_70:fa2f58987deec1386218e267,2024-04-25,3.0
lrm_auctions:subastas_2024_70:fa2f58987deec1386218e267,2024-07-25,2.0
lrm_auctions:subastas_2024_70:fa2f58987deec1386218e267,2024-10-24,3.0
lrm_auctions:subastas_2024_70:fa2f58987deec1386218e267,2024-12-26,3.0
lrm_auctions:subastas_2024_71:d45f7c455271a36d9f87aa52,2024-02-22,2.0
lrm_auctions:subastas_2024_71:d45f7c455271a36d9f87aa52,2024-04-25,2.0
lrm_auctions:subastas_2024_71:d45f7c455271a36d9f87aa52,2024-07-25,1.0
lrm_auctions:subastas_2024_71:d45f7c455271a36d9f87aa52,2024-10-24,2.0
lrm_auctions:subastas_2024_71:d45f7c455271a36d9f87aa52,2024-12-26,2.0
lrm_auctions:subastas_2024_72:b09aacb562341369ce00cbcb,2024-02-22,6.025227272727273
lrm_auctions:subastas_2024_72:b09aacb562341369ce00cbcb,2024-04-25,5.76925
lrm_auctions:subastas_2024_72:b09aacb562341369ce00cbcb,2024-07-25,6.0375
lrm_auctions:subastas_2024_72:b09aacb562341369ce00cbcb,2024-10-24,5.891791044776119
lrm_auctions:subastas_2024_72:b09aacb562341369ce00cbcb,2024-12-26,6.0
lrm_auctions:subastas_2024_73:5dac7e8944fc9c4ab5605db6,2024-02-22,5.98
lrm_auctions:subastas_2024_73:5dac7e8944fc9c4ab5605db6,2024-04-25,5.75
lrm_auctions:subastas_2024_73:5dac7e8944fc9c4ab5605db6,2024-07-25,5.95
lrm_auctions:subastas_2024_73:5dac7e8944fc9c4ab5605db6,2024-10-24,5.85
lrm_auctions:subastas_2024_73:5dac7e8944fc9c4ab5605db6,2024-12-26,5.8
lrm_auctions:subastas_2024_74:7f8c29f6df4d56cb04fd1f67,2024-02-22,6.8
lrm_auctions:subastas_2024_74:7f8c29f6df4d56cb04fd1f67,2024-04-25,6.2
lrm_auctions:subastas_2024_74:7f8c29f6df4d56cb04fd1f67,2024-07-25,6.3
lrm_auctions:subastas_2024_74:7f8c29f6df4d56cb04fd1f67,2024-10-24,5.95
lrm_auctions:subastas_2024_74:7f8c29f6df4d56cb04fd1f67,2024-12-26,6.5
lrm_auctions:subastas_2024_75:cf0cd36a472795f63988f1ad,2024-02-22,5.988333333333333
lrm_auctions:subastas_2024_75:cf0cd36a472795f63988f1ad,2024-04-25,5.7582051282051285
lrm_auctions:subastas_2024_75:cf0cd36a472795f63988f1ad,2024-07-25,5.95
lrm_auctions:subastas_2024_75:cf0cd36a472795f63988f1ad,2024-10-24,5.854
lrm_auctions:subastas_2024_75:cf0cd36a472795f63988f1ad,2024-12-26,5.8
lrm_auctions:subastas_2024_76:8593b0fd7a59100882b72087,2024-02-22,5.98
lrm_auctions:subastas_2024_76:8593b0fd7a59100882b72087,2024-04-25,5.75
lrm_auctions:subastas_2024_76:8593b0fd7a59100882b72087,2024-07-25,5.95
lrm_auctions:subastas_2024_76:8593b0fd7a59100882b72087,2024-10-24,5.85
lrm_auctions:subastas_2024_76:8593b0fd7a59100882b72087,2024-12-26,5.8
lrm_auctions:subastas_2024_77:db4d04bed7c47f4e72fbf182,2024-02-22,6.05
lrm_auctions:subastas_2024_77:db4d04bed7c47f4e72fbf182,2024-04-25,5.83
lrm_auctions:subastas_2024_77:db4d04bed7c47f4e72fbf182,2024-07-25,5.95
lrm_auctions:subastas_2024_77:db4d04bed7c47f4e72fbf182,2024-10-24,5.9
lrm_auctions:subastas_2024_77:db4d04bed7c47f4e72fbf182,2024-12-26,5.8
lrm_auctions:subastas_2024_78:e168ba907d86d66135609ffe,2024-02-22,0.0
lrm_auctions:subastas_2024_78:e168ba907d86d66135609ffe,2024-10-24,0.0
lrm_auctions:subastas_2024_79:54cb2a43f0f907b65c5e292d,2024-02-22,170000.0
lrm_auctions:subastas_2024_79:54cb2a43f0f907b65c5e292d,2024-10-24,11000.0
lrm_auctions:subastas_2024_7:a2c726f33786f143af341123,2024-01-25,6.25
lrm_auctions:subastas_2024_7:a2c726f33786f143af341123,2024-05-30,5.75
lrm_auctions:subastas_2024_7:a2c726f33786f143af341123,2024-06-27,6.25
lrm_auctions:subastas_2024_7:a2c726f33786f143af341123,2024-08-29,5.9
lrm_auctions:subastas_2024_7:a2c726f33786f143af341123,2024-09-26,5.9
lrm_auctions:subastas_2024_7:a2c726f33786f143af341123,2024-11-28,5.8
lrm_auctions:subastas_2024_80:8fe9354e9dbffc6520ff92ae,2024-02-22,170000.0
lrm_auctions:subastas_2024_80:8fe9354e9dbffc6520ff92ae,2024-10-24,11000.0
lrm_auctions:subastas_2024_81:e7e1b8fd87c1e28ed0126cc1,2024-02-22,3.0
lrm_auctions:subastas_2024_81:e7e1b8fd87c1e28ed0126cc1,2024-10-24,1.0
lrm_auctions:subastas_2024_82:35cf952804fc72c665c0475a,2024-02-22,3.0
lrm_auctions:subastas_2024_82:35cf952804fc72c665c0475a,2024-10-24,1.0
lrm_auctions:subastas_2024_83:47c7d14958d44202f576a601,2024-02-22,6.095
lrm_auctions:subastas_2024_83:47c7d14958d44202f576a601,2024-10-24,6.0
lrm_auctions:subastas_2024_84:a4d118f1fd0175e34946721c,2024-02-22,6.05
lrm_auctions:subastas_2024_84:a4d118f1fd0175e34946721c,2024-10-24,6.0
lrm_auctions:subastas_2024_85:d848ec47042f58bad3407aff,2024-02-22,6.15
lrm_auctions:subastas_2024_85:d848ec47042f58bad3407aff,2024-10-24,6.0
lrm_auctions:subastas_2024_86:66b9d20c01e888f251b5cee9,2024-02-22,6.095
lrm_auctions:subastas_2024_86:66b9d20c01e888f251b5cee9,2024-10-24,6.0
lrm_auctions:subastas_2024_87:4b551f3170b65c380c5f7c82,2024-02-22,6.05
lrm_auctions:subastas_2024_87:4b551f3170b65c380c5f7c82,2024-10-24,6.0
lrm_auctions:subastas_2024_88:a36159cea0b1ae1305daa5f3,2024-02-22,6.15
lrm_auctions:subastas_2024_88:a36159cea0b1ae1305daa5f3,2024-10-24,6.0
lrm_auctions:subastas_2024_89:8d1c4336c45453c11a855e39,2024-02-22,0.0
lrm_auctions:subastas_2024_89:8d1c4336c45453c11a855e39,2024-07-25,0.0
lrm_auctions:subastas_2024_8:ad7a529327e2031b99ba55c6,2024-01-25,6.35
lrm_auctions:subastas_2024_8:ad7a529327e2031b99ba55c6,2024-05-30,6.05
lrm_auctions:subastas_2024_8:ad7a529327e2031b99ba55c6,2024-06-27,6.25
lrm_auctions:subastas_2024_8:ad7a529327e2031b99ba55c6,2024-08-29,5.95
lrm_auctions:subastas_2024_8:ad7a529327e2031b99ba55c6,2024-09-26,5.99
lrm_auctions:subastas_2024_8:ad7a529327e2031b99ba55c6,2024-11-28,5.85
lrm_auctions:subastas_2024_90:7fb56ae347f47e4a1fee8f0b,2024-02-22,230000.0
lrm_auctions:subastas_2024_90:7fb56ae347f47e4a1fee8f0b,2024-07-25,30000.0
lrm_auctions:subastas_2024_91:f5a2d962b61a4d15667d7501,2024-02-22,225000.0
lrm_auctions:subastas_2024_91:f5a2d962b61a4d15667d7501,2024-07-25,30000.0
lrm_auctions:subastas_2024_92:5ef665bf2bf1161dbef3b01d,2024-02-22,4.0
lrm_auctions:subastas_2024_92:5ef665bf2bf1161dbef3b01d,2024-07-25,2.0
lrm_auctions:subastas_2024_93:51a87a18fc0fea8d47dbfae5,2024-02-22,3.0
lrm_auctions:subastas_2024_93:51a87a18fc0fea8d47dbfae5,2024-07-25,2.0
lrm_auctions:subastas_2024_94:2e71d36d6f0175432b85781a,2024-02-22,6.097608695652174
lrm_auctions:subastas_2024_94:2e71d36d6f0175432b85781a,2024-07-25,6.366666666666666
lrm_auctions:subastas_2024_95:4e5fa0b8f6756d7795ea8262,2024-02-22,6.09
lrm_auctions:subastas_2024_95:4e5fa0b8f6756d7795ea8262,2024-07-25,6.35
lrm_auctions:subastas_2024_96:3010f225e79dc375b07739ad,2024-02-22,6.3
lrm_auctions:subastas_2024_96:3010f225e79dc375b07739ad,2024-07-25,6.4
lrm_auctions:subastas_2024_97:e9ac6513d95136eebafc6c51,2024-02-22,6.093111111111111
lrm_auctions:subastas_2024_97:e9ac6513d95136eebafc6c51,2024-07-25,6.366666666666666
lrm_auctions:subastas_2024_98:e20621bef08ca53683d8c2dd,2024-02-22,6.09
lrm_auctions:subastas_2024_98:e20621bef08ca53683d8c2dd,2024-07-25,6.35
lrm_auctions:subastas_2024_99:4f4919f4d731f9907d4bdd22,2024-02-22,6.1
lrm_auctions:subastas_2024_99:4f4919f4d731f9907d4bdd22,2024-07-25,6.4
lrm_auctions:subastas_2024_9:908f8f022440bbfbdb65bb24,2024-01-25,6.25
lrm_auctions:subastas_2024_9:908f8f022440bbfbdb65bb24,2024-05-30,5.875
lrm_auctions:subastas_2024_9:908f8f022440bbfbdb65bb24,2024-08-29,5.912775960752248
lrm_auctions:subastas_2024_9:908f8f022440bbfbdb65bb24,2024-09-26,5.9
lrm_auctions:subastas_2024_9:908f8f022440bbfbdb65bb24,2024-11-28,5.8
lrm_auctions:subastas_2025:3048cae5f3c9742d612cf8b0,2025-01-30,0.0
lrm_auctions:subastas_2025:3048cae5f3c9742d612cf8b0,2025-02-27,0.0
lrm_auctions:subastas_2025:3048cae5f3c9742d612cf8b0,2025-03-27,0.0
lrm_auctions:subastas_2025:3048cae5f3c9742d612cf8b0,2025-05-29,0.0
lrm_auctions:subastas_2025:3048cae5f3c9742d612cf8b0,2025-06-26,0.0
lrm_auctions:subastas_2025:3048cae5f3c9742d612cf8b0,2025-08-28,0.0
lrm_auctions:subastas_2025:3048cae5f3c9742d612cf8b0,2025-10-30,0.0
lrm_auctions:subastas_2025:3048cae5f3c9742d612cf8b0,2025-11-27,0.0
lrm_auctions:subastas_2025_100:6291f22e12272550ddb19294,2025-04-24,0.0
lrm_auctions:subastas_2025_100:6291f22e12272550ddb19294,2025-07-24,0.0
lrm_auctions:subastas_2025_100:6291f22e12272550ddb19294,2025-09-25,0.0
lrm_auctions:subastas_2025_101:fc22729f3313615a9203476a,2025-04-24,165000.0
lrm_auctions:subastas_2025_101:fc22729f3313615a9203476a,2025-07-24,710000.0
lrm_auctions:subastas_2025_101:fc22729f3313615a9203476a,2025-09-25,355000.0
lrm_auctions:subastas_2025_102:5aec5344e114c688c24f3cfd,2025-04-24,165000.0
lrm_auctions:subastas_2025_102:5aec5344e114c688c24f3cfd,2025-07-24,100000.0
lrm_auctions:subastas_2025_102:5aec5344e114c688c24f3cfd,2025-09-25,350000.0
lrm_auctions:subastas_2025_103:fa2f58987deec1386218e267,2025-04-24,3.0
lrm_auctions:subastas_2025_103:fa2f58987deec1386218e267,2025-07-24,8.0
lrm_auctions:subastas_2025_103:fa2f58987deec1386218e267,2025-09-25,3.0
lrm_auctions:subastas_2025_104:d45f7c455271a36d9f87aa52,2025-04-24,3.0
lrm_auctions:subastas_2025_104:d45f7c455271a36d9f87aa52,2025-07-24,1.0
lrm_auctions:subastas_2025_104:d45f7c455271a36d9f87aa52,2025-09-25,2.0
lrm_auctions:subastas_2025_105:b09aacb562341369ce00cbcb,2025-04-24,6.181818181818182
lrm_auctions:subastas_2025_105:b09aacb562341369ce00cbcb,2025-07-24,6.738732394366197
lrm_auctions:subastas_2025_105:b09aacb562341369ce00cbcb,2025-09-25,6.309859154929577
lrm_auctions:subastas_2025_106:5dac7e8944fc9c4ab5605db6,2025-04-24,6.0
lrm_auctions:subastas_2025_106:5dac7e8944fc9c4ab5605db6,2025-07-24,6.3
lrm_auctions:subastas_2025_106:5dac7e8944fc9c4ab5605db6,2025-09-25,6.3
lrm_auctions:subastas_2025_107:7f8c29f6df4d56cb04fd1f67,2025-04-24,6.5
lrm_auctions:subastas_2025_107:7f8c29f6df4d56cb04fd1f67,2025-07-24,7.25
lrm_auctions:subastas_2025_107:7f8c29f6df4d56cb04fd1f67,2025-09-25,7.0
lrm_auctions:subastas_2025_108:cf0cd36a472795f63988f1ad,2025-04-24,6.181818181818182
lrm_auctions:subastas_2025_108:cf0cd36a472795f63988f1ad,2025-07-24,6.3
lrm_auctions:subastas_2025_108:cf0cd36a472795f63988f1ad,2025-09-25,6.3
lrm_auctions:subastas_2025_109:8593b0fd7a59100882b72087,2025-04-24,6.0
lrm_auctions:subastas_2025_109:8593b0fd7a59100882b72087,2025-07-24,6.3
lrm_auctions:subastas_2025_109:8593b0fd7a59100882b72087,2025-09-25,6.3
lrm_auctions:subastas_2025_10:45819eab5b1964d17abc4b91,2025-01-30,5.89
lrm_auctions:subastas_2025_10:45819eab5b1964d17abc4b91,2025-02-27,5.8
lrm_auctions:subastas_2025_10:45819eab5b1964d17abc4b91,2025-03-27,5.75
lrm_auctions:subastas_2025_10:45819eab5b1964d17abc4b91,2025-05-29,6.25
lrm_auctions:subastas_2025_10:45819eab5b1964d17abc4b91,2025-06-26,6.4
lrm_auctions:subastas_2025_10:45819eab5b1964d17abc4b91,2025-08-28,6.0
lrm_auctions:subastas_2025_10:45819eab5b1964d17abc4b91,2025-10-30,6.29
lrm_auctions:subastas_2025_10:45819eab5b1964d17abc4b91,2025-11-27,6.0
lrm_auctions:subastas_2025_110:db4d04bed7c47f4e72fbf182,2025-04-24,6.5
lrm_auctions:subastas_2025_110:db4d04bed7c47f4e72fbf182,2025-07-24,6.3
lrm_auctions:subastas_2025_110:db4d04bed7c47f4e72fbf182,2025-09-25,6.3
lrm_auctions:subastas_2025_111:8d1c4336c45453c11a855e39,2025-04-24,0.0
lrm_auctions:subastas_2025_111:8d1c4336c45453c11a855e39,2025-07-24,0.0
lrm_auctions:subastas_2025_112:7fb56ae347f47e4a1fee8f0b,2025-04-24,10000.0
lrm_auctions:subastas_2025_112:7fb56ae347f47e4a1fee8f0b,2025-07-24,115000.0
lrm_auctions:subastas_2025_113:5ef665bf2bf1161dbef3b01d,2025-04-24,2.0
lrm_auctions:subastas_2025_113:5ef665bf2bf1161dbef3b01d,2025-07-24,3.0
lrm_auctions:subastas_2025_114:2e71d36d6f0175432b85781a,2025-04-24,7.25
lrm_auctions:subastas_2025_114:2e71d36d6f0175432b85781a,2025-07-24,6.968260869565217
lrm_auctions:subastas_2025_115:4e5fa0b8f6756d7795ea8262,2025-04-24,7.25
lrm_auctions:subastas_2025_115:4e5fa0b8f6756d7795ea8262,2025-07-24,6.75
lrm_auctions:subastas_2025_116:3010f225e79dc375b07739ad,2025-04-24,7.25
lrm_auctions:subastas_2025_116:3010f225e79dc375b07739ad,2025-07-24,9.25
lrm_auctions:subastas_2025_117:19aa0c2824e33beffefd746e,2025-04-24,0.0
lrm_auctions:subastas_2025_117:19aa0c2824e33beffefd746e,2025-07-24,0.0
lrm_auctions:subastas_2025_118:702b30d234583a528a8b322e,2025-04-24,50000.0
lrm_auctions:subastas_2025_118:702b30d234583a528a8b322e,2025-07-24,203000.0
lrm_auctions:subastas_2025_119:453e8f11c1454c72a3453daf,2025-04-24,40000.0
lrm_auctions:subastas_2025_11:dc674067b244570b92972daa,2025-01-30,5.89
lrm_auctions:subastas_2025_11:dc674067b244570b92972daa,2025-02-27,5.85
lrm_auctions:subastas_2025_11:dc674067b244570b92972daa,2025-03-27,6.25
lrm_auctions:subastas_2025_11:dc674067b244570b92972daa,2025-05-29,6.5
lrm_auctions:subastas_2025_11:dc674067b244570b92972daa,2025-06-26,6.4
lrm_auctions:subastas_2025_11:dc674067b244570b92972daa,2025-08-28,6.3
lrm_auctions:subastas_2025_11:dc674067b244570b92972daa,2025-10-30,6.3
lrm_auctions:subastas_2025_11:dc674067b244570b92972daa,2025-11-27,6.3
lrm_auctions:subastas_2025_120:cc75095a6da3152284529e7d,2025-04-24,3.0
lrm_auctions:subastas_2025_120:cc75095a6da3152284529e7d,2025-07-24,3.0
lrm_auctions:subastas_2025_121:3d2f0a4dc05234c9fbfc5246,2025-04-24,1.0
lrm_auctions:subastas_2025_122:2e5b9d3c20eb99013f97a873,2025-04-24,6.96
lrm_auctions:subastas_2025_122:2e5b9d3c20eb99013f97a873,2025-07-24,7.788620689655173
lrm_auctions:subastas_2025_123:7c22f0dab2c1ad133ca5ff18,2025-04-24,6.8
lrm_auctions:subastas_2025_123:7c22f0dab2c1ad133ca5ff18,2025-07-24,7.23
lrm_auctions:subastas_2025_124:bd44e49ef0de63f7ce67ae25,2025-04-24,7.7
lrm_auctions:subastas_2025_124:bd44e49ef0de63f7ce67ae25,2025-07-24,9.0
lrm_auctions:subastas_2025_125:43f0ddf9ef671fde4eba31bc,2025-04-24,6.8
lrm_auctions:subastas_2025_126:8739aec9d9e7afaa55117a42,2025-04-24,6.8
lrm_auctions:subastas_2025_127:a630b9e0899d1a4f4ae30133,2025-04-24,6.8
lrm_auctions:subastas_2025_128:d6a3b4263f06756ca1ad7748,2025-06-26,0.0
lrm_auctions:subastas_2025_128:d6a3b4263f06756ca1ad7748,2025-09-25,0.0
lrm_auctions:subastas_2025_129:ed9ca91a3d7ba8e8681a6f6e,2025-06-26,10000.0
lrm_auctions:subastas_2025_129:ed9ca91a3d7ba8e8681a6f6e,2025-09-25,65000.0
lrm_auctions:subastas_2025_12:9a2827311a9e9d33ba6ff349,2025-01-30,0.0
lrm_auctions:subastas_2025_12:9a2827311a9e9d33ba6ff349,2025-02-27,0.0
lrm_auctions:subastas_2025_12:9a2827311a9e9d33ba6ff349,2025-05-29,0.0
lrm_auctions:subastas_2025_12:9a2827311a9e9d33ba6ff349,2025-10-30,0.0
lrm_auctions:subastas_2025_130:4d5f811ab4aa385e48ee7a01,2025-06-26,2.0
lrm_auctions:subastas_2025_130:4d5f811ab4aa385e48ee7a01,2025-09-25,6.0
lrm_auctions:subastas_2025_131:e7e522b7deea56c6656c13ae,2025-06-26,9.23
lrm_auctions:subastas_2025_131:e7e522b7deea56c6656c13ae,2025-09-25,7.527692307692308
lrm_auctions:subastas_2025_132:aacb59b10e5db7b6821626a9,2025-06-26,8.71
lrm_auctions:subastas_2025_132:aacb59b10e5db7b6821626a9,2025-09-25,6.9
lrm_auctions:subastas_2025_133:22ffb62ee58d8242cb91a72e,2025-06-26,9.75
lrm_auctions:subastas_2025_133:22ffb62ee58d8242cb91a72e,2025-09-25,9.75
lrm_auctions:subastas_2025_134:e168ba907d86d66135609ffe,2025-07-24,0.0
lrm_auctions:subastas_2025_135:54cb2a43f0f907b65c5e292d,2025-07-24,443000.0
lrm_auctions:subastas_2025_136:8fe9354e9dbffc6520ff92ae,2025-07-24,150000.0
lrm_auctions:subastas_2025_137:e7e1b8fd87c1e28ed0126cc1,2025-07-24,6.0
lrm_auctions:subastas_2025_138:35cf952804fc72c665c0475a,2025-07-24,1.0
lrm_auctions:subastas_2025_139:47c7d14958d44202f576a601,2025-07-24,6.659706546275395
lrm_auctions:subastas_2025_13:5beeccad37c0b7f1f2692791,2025-01-30,180000.0
lrm_auctions:subastas_2025_13:5beeccad37c0b7f1f2692791,2025-02-27,213000.0
lrm_auctions:subastas_2025_13:5beeccad37c0b7f1f2692791,2025-05-29,300000.0
lrm_auctions:subastas_2025_13:5beeccad37c0b7f1f2692791,2025-10-30,710000.0
lrm_auctions:subastas_2025_140:a4d118f1fd0175e34946721c,2025-07-24,6.5
lrm_auctions:subastas_2025_141:d848ec47042f58bad3407aff,2025-07-24,9.0
lrm_auctions:subastas_2025_142:66b9d20c01e888f251b5cee9,2025-07-24,6.5
lrm_auctions:subastas_2025_143:4b551f3170b65c380c5f7c82,2025-07-24,6.5
lrm_auctions:subastas_2025_144:a36159cea0b1ae1305daa5f3,2025-07-24,6.5
lrm_auctions:subastas_2025_145:f5a2d962b61a4d15667d7501,2025-07-24,50000.0
lrm_auctions:subastas_2025_146:51a87a18fc0fea8d47dbfae5,2025-07-24,1.0
lrm_auctions:subastas_2025_147:e9ac6513d95136eebafc6c51,2025-07-24,6.75
lrm_auctions:subastas_2025_148:e20621bef08ca53683d8c2dd,2025-07-24,6.75
lrm_auctions:subastas_2025_149:4f4919f4d731f9907d4bdd22,2025-07-24,6.75
lrm_auctions:subastas_2025_14:efcf4db332ddff7ea118d64c,2025-01-30,100000.0
lrm_auctions:subastas_2025_14:efcf4db332ddff7ea118d64c,2025-02-27,158000.0
lrm_auctions:subastas_2025_14:efcf4db332ddff7ea118d64c,2025-05-29,150000.0
lrm_auctions:subastas_2025_14:efcf4db332ddff7ea118d64c,2025-10-30,610000.0
lrm_auctions:subastas_2025_150:34317e3b600a5d9c905e4e0e,2025-07-24,0.0
lrm_auctions:subastas_2025_151:687359eed35381f1ea3c2a2a,2025-07-24,169000.0
lrm_auctions:subastas_2025_152:b59a75cade1246e5b1118b9f,2025-07-24,70000.0
lrm_auctions:subastas_2025_153:05896d317a407e07dc81011c,2025-07-24,4.0
lrm_auctions:subastas_2025_154:3beba1f89bfdcb5880472808,2025-07-24,1.0
lrm_auctions:subastas_2025_155:a059479a36d254e1702b3aeb,2025-07-24,7.303491124260355
lrm_auctions:subastas_2025_156:33b667ad83372670b5d5baf4,2025-07-24,6.91
lrm_auctions:subastas_2025_157:dd8accda8d966d3bc6079655,2025-07-24,9.0
lrm_auctions:subastas_2025_158:e2abf549bed7799cb5501ff8,2025-07-24,6.91
lrm_auctions:subastas_2025_159:25ca3955f4c9d3729645be8d,2025-07-24,6.91
lrm_auctions:subastas_2025_15:bc3c70bc79470454e1623143,2025-01-30,3.0
lrm_auctions:subastas_2025_15:bc3c70bc79470454e1623143,2025-02-27,4.0
lrm_auctions:subastas_2025_15:bc3c70bc79470454e1623143,2025-05-29,3.0
lrm_auctions:subastas_2025_15:bc3c70bc79470454e1623143,2025-10-30,5.0
lrm_auctions:subastas_2025_160:2b75e274d60a7b8741d68e0a,2025-07-24,6.91
lrm_auctions:subastas_2025_161:9cc07c1dd879cce756f8b610,2025-09-25,40000.0
lrm_auctions:subastas_2025_162:1559234e4c66fd12ba37a626,2025-09-25,1.0
lrm_auctions:subastas_2025_163:edd7dfd43eda04fe04c1ddee,2025-09-25,6.9
lrm_auctions:subastas_2025_164:058b30ebf5589e4e65021935,2025-09-25,6.9
lrm_auctions:subastas_2025_165:194292a454dfe7cb144cf513,2025-09-25,6.9
lrm_auctions:subastas_2025_166:bc461947baaa8197da452a39,2025-12-23,0.0
lrm_auctions:subastas_2025_167:766d1ff49b45a63d11aae7a0,2025-12-23,1133000.0
lrm_auctions:subastas_2025_168:e243c2a7ef7e9cd079777402,2025-12-23,1013000.0
lrm_auctions:subastas_2025_169:177eac96e4ea0818c418901a,2025-12-23,5.0
lrm_auctions:subastas_2025_16:9b641e907ff47dfb7bd2d959,2025-01-30,1.0
lrm_auctions:subastas_2025_16:9b641e907ff47dfb7bd2d959,2025-02-27,2.0
lrm_auctions:subastas_2025_16:9b641e907ff47dfb7bd2d959,2025-05-29,1.0
lrm_auctions:subastas_2025_16:9b641e907ff47dfb7bd2d959,2025-10-30,4.0
lrm_auctions:subastas_2025_170:4d7f79c6b4137359e82d7bc8,2025-12-23,3.0
lrm_auctions:subastas_2025_171:c4e424d2b5f15a046076b021,2025-12-23,6.313857016769638
lrm_auctions:subastas_2025_172:95c86ccccf5e5cea14c5e1fb,2025-12-23,6.1
lrm_auctions:subastas_2025_173:14138c10e9fbb81c37d68ae7,2025-12-23,7.5
lrm_auctions:subastas_2025_174:fc2eb25a10ca1e19dba3a280,2025-12-23,6.2227048371174725
lrm_auctions:subastas_2025_175:45ea5292f2e4a3ce21e3feec,2025-12-23,6.1
lrm_auctions:subastas_2025_176:3e4788d938955f62694edb52,2025-12-23,6.3
lrm_auctions:subastas_2025_177:3cff7767f55ddfabf6c608c7,2025-12-23,0.0
lrm_auctions:subastas_2025_178:0259d67bfa854611884d129b,2025-12-23,200000.0
lrm_auctions:subastas_2025_179:1c4b705b18c5e2e2b29a5aee,2025-12-23,100000.0
lrm_auctions:subastas_2025_17:522a9ff86f0c5f3925788c15,2025-01-30,6.2027777777777775
lrm_auctions:subastas_2025_17:522a9ff86f0c5f3925788c15,2025-02-27,6.052816901408451
lrm_auctions:subastas_2025_17:522a9ff86f0c5f3925788c15,2025-05-29,6.85
lrm_auctions:subastas_2025_17:522a9ff86f0c5f3925788c15,2025-10-30,6.543098591549295
lrm_auctions:subastas_2025_180:21a42d4df32b48dcc2d17036,2025-12-23,3.0
lrm_auctions:subastas_2025_181:e43403c5ea6fcc8829ce7439,2025-12-23,2.0
lrm_auctions:subastas_2025_182:cbf8b63f2a6119cfea7b1bc7,2025-12-23,6.825
lrm_auctions:subastas_2025_183:035530d663468cf326c314af,2025-12-23,6.4
lrm_auctions:subastas_2025_184:67df4015d9a8a09223d55aa2,2025-12-23,7.25
lrm_auctions:subastas_2025_185:be3c78b1a2302907d3533305,2025-12-23,6.4
lrm_auctions:subastas_2025_186:375976e1b1fc4b7326588e8b,2025-12-23,6.4
lrm_auctions:subastas_2025_187:b3b98e38a78dd8a5bba77ad8,2025-12-23,6.4
lrm_auctions:subastas_2025_188:7940710e641c577dd0f0dbe5,2025-12-23,0.0
lrm_auctions:subastas_2025_189:f84d260b91e61df02c00c931,2025-12-23,265000.0
lrm_auctions:subastas_2025_18:f835a7565286472f6064b1eb,2025-01-30,5.99
lrm_auctions:subastas_2025_18:f835a7565286472f6064b1eb,2025-02-27,5.8
lrm_auctions:subastas_2025_18:f835a7565286472f6064b1eb,2025-05-29,6.5
lrm_auctions:subastas_2025_18:f835a7565286472f6064b1eb,2025-10-30,6.38
lrm_auctions:subastas_2025_190:e7cac500ab321baaab6640c2,2025-12-23,260000.0
lrm_auctions:subastas_2025_191:4991455a40476c10414aa12f,2025-12-23,5.0
lrm_auctions:subastas_2025_192:23b26bc180d43f7d656e1bfb,2025-12-23,4.0
lrm_auctions:subastas_2025_193:b68c74fe66add5851a93736a,2025-12-23,6.452830188679245
lrm_auctions:subastas_2025_194:6096a06e3bcc39cee6836992,2025-12-23,6.3
lrm_auctions:subastas_2025_195:31134e0fac967a395efc6c35,2025-12-23,8.0
lrm_auctions:subastas_2025_196:bdaf4b683bdd1b729f18a6c0,2025-12-23,6.423076923076923
lrm_auctions:subastas_2025_197:82405bd97c8c061860f67e15,2025-12-23,6.3
lrm_auctions:subastas_2025_198:97b415d80d7c8e86a2282c26,2025-12-23,6.5
lrm_auctions:subastas_2025_199:1768948821c500fb1ea94445,2025-12-23,0.0
lrm_auctions:subastas_2025_19:1569b092994575e4f365fd80,2025-01-30,6.75
lrm_auctions:subastas_2025_19:1569b092994575e4f365fd80,2025-02-27,6.99
lrm_auctions:subastas_2025_19:1569b092994575e4f365fd80,2025-05-29,7.25
lrm_auctions:subastas_2025_19:1569b092994575e4f365fd80,2025-10-30,7.5
lrm_auctions:subastas_2025_200:b0fa38ea352a09d1246fe3f7,2025-12-23,220000.0
lrm_auctions:subastas_2025_201:3602406e90c0ca2c4302e958,2025-12-23,165000.0
lrm_auctions:subastas_2025_202:854c78fecf7deb047a7c5800,2025-12-23,5.0
lrm_auctions:subastas_2025_203:dc3e976122a8c61bdd57c2aa,2025-12-23,3.0
lrm_auctions:subastas_2025_204:c6d9c320de0faeda67fe31c0,2025-12-23,7.031363636363636
lrm_auctions:subastas_2025_205:540c066703a832388bc57b07,2025-12-23,6.5
lrm_auctions:subastas_2025_206:11e44d7af22139352fe30db5,2025-12-23,8.35
lrm_auctions:subastas_2025_207:63273efeb0d1f08f9f4e4018,2025-12-23,6.594848484848485
lrm_auctions:subastas_2025_208:99848dff9bfec57184c81f23,2025-12-23,6.5
lrm_auctions:subastas_2025_209:b5c0b397b0984d791d3182ea,2025-12-23,6.75
lrm_auctions:subastas_2025_20:eea99792d3080cc491e41e61,2025-01-30,5.99
lrm_auctions:subastas_2025_20:eea99792d3080cc491e41e61,2025-02-27,5.80253164556962
lrm_auctions:subastas_2025_20:eea99792d3080cc491e41e61,2025-05-29,6.5
lrm_auctions:subastas_2025_20:eea99792d3080cc491e41e61,2025-10-30,6.386229508196721
lrm_auctions:subastas_2025_210:bbb4368030231a71066b657b,2025-12-23,0.0
lrm_auctions:subastas_2025_211:2444d583673130334a038eaf,2025-12-23,110000.0
lrm_auctions:subastas_2025_212:4e1e157a7d6dd0b75086bd1e,2025-12-23,55000.0
lrm_auctions:subastas_2025_213:d8367a7c9a0e308c64f103b9,2025-12-23,4.0
lrm_auctions:subastas_2025_214:47e0783b1bf8db0d2c8e80e0,2025-12-23,2.0
lrm_auctions:subastas_2025_215:4d41acefde28209a7717d08f,2025-12-23,7.641363636363637
lrm_auctions:subastas_2025_216:8e95a25a72b302727882d4c0,2025-12-23,6.82
lrm_auctions:subastas_2025_217:92eee06692ea827d9ed906de,2025-12-23,8.45
lrm_auctions:subastas_2025_218:d3ba8fdbc6e8eeb37e654ec3,2025-12-23,6.878181818181818
lrm_auctions:subastas_2025_219:b7d060e09d895034fa65b634,2025-12-23,6.82
lrm_auctions:subastas_2025_21:ce4ce2fcd94fb6a8be5ccb97,2025-01-30,5.99
lrm_auctions:subastas_2025_21:ce4ce2fcd94fb6a8be5ccb97,2025-02-27,5.8
lrm_auctions:subastas_2025_21:ce4ce2fcd94fb6a8be5ccb97,2025-05-29,6.5
lrm_auctions:subastas_2025_21:ce4ce2fcd94fb6a8be5ccb97,2025-10-30,6.38
lrm_auctions:subastas_2025_220:b3677c62e9bd4dcdaf29902c,2025-12-23,6.9
lrm_auctions:subastas_2025_221:f0dfb48657eec74e8dfe796e,2025-12-23,0.0
lrm_auctions:subastas_2025_222:24a434b9cb70d940318f23c1,2025-12-23,300000.0
lrm_auctions:subastas_2025_223:19a451a6fdd7e0b2c370e7cc,2025-12-23,50000.0
lrm_auctions:subastas_2025_224:4ca1902006b300387379c50b,2025-12-23,3.0
lrm_auctions:subastas_2025_225:dbe27a13443517b1baff2e5b,2025-12-23,1.0
lrm_auctions:subastas_2025_226:5ab8176d79fd9ec05f5deaee,2025-12-23,8.225
lrm_auctions:subastas_2025_227:5048fda518ba937de21c79c8,2025-12-23,6.9
lrm_auctions:subastas_2025_228:02547c191c1ce65581926313,2025-12-23,8.5
lrm_auctions:subastas_2025_229:6fbf3df487f2d49a8c9c0fba,2025-12-23,6.9
lrm_auctions:subastas_2025_22:66705411d4f15df9e2d9209b,2025-01-30,5.99
lrm_auctions:subastas_2025_22:66705411d4f15df9e2d9209b,2025-02-27,5.85
lrm_auctions:subastas_2025_22:66705411d4f15df9e2d9209b,2025-05-29,6.5
lrm_auctions:subastas_2025_22:66705411d4f15df9e2d9209b,2025-10-30,6.4
lrm_auctions:subastas_2025_230:48b0cac811efbdb926cafac0,2025-12-23,6.9
lrm_auctions:subastas_2025_231:e971f7b83f20bf8643edd867,2025-12-23,6.9
lrm_auctions:subastas_2025_23:857b1e4879ee7d121e324c09,2025-01-30,0.0
lrm_auctions:subastas_2025_24:5909046bd0120979e666c505,2025-01-30,438000.0
lrm_auctions:subastas_2025_25:67656b9c639e06f0a28f57b6,2025-01-30,245000.0
lrm_auctions:subastas_2025_26:0dea703a198af145df8a65bc,2025-01-30,8.0
lrm_auctions:subastas_2025_27:2551ad7f544c70bcbdfdf1dd,2025-01-30,3.0
lrm_auctions:subastas_2025_28:5bffc9cd5a0ae7e3ec159630,2025-01-30,6.090296803652968
lrm_auctions:subastas_2025_29:b190ac3edc1c362b8f602c4f,2025-01-30,5.9
lrm_auctions:subastas_2025_2:9247b31e01d1e0ac55a0c613,2025-01-30,205000.0
lrm_auctions:subastas_2025_2:9247b31e01d1e0ac55a0c613,2025-02-27,245000.0
lrm_auctions:subastas_2025_2:9247b31e01d1e0ac55a0c613,2025-03-27,365000.0
lrm_auctions:subastas_2025_2:9247b31e01d1e0ac55a0c613,2025-05-29,313000.0
lrm_auctions:subastas_2025_2:9247b31e01d1e0ac55a0c613,2025-06-26,370000.0
lrm_auctions:subastas_2025_2:9247b31e01d1e0ac55a0c613,2025-08-28,570000.0
lrm_auctions:subastas_2025_2:9247b31e01d1e0ac55a0c613,2025-10-30,1050000.0
lrm_auctions:subastas_2025_2:9247b31e01d1e0ac55a0c613,2025-11-27,795000.0
lrm_auctions:subastas_2025_30:a2c2406d329a66ba2494f648,2025-01-30,7.0
lrm_auctions:subastas_2025_31:69ce62994afcb8aca66ee625,2025-01-30,5.930612244897959
lrm_auctions:subastas_2025_32:a9eb5f20381e9fd66207e793,2025-01-30,5.9
lrm_auctions:subastas_2025_33:f6f9b367a29c1d0467dd79fa,2025-01-30,6.0
lrm_auctions:subastas_2025_34:96c0322bc00495cfd12314e0,2025-01-30,0.0
lrm_auctions:subastas_2025_34:96c0322bc00495cfd12314e0,2025-10-30,0.0
lrm_auctions:subastas_2025_35:ba0e5e4ea7797961da0bab3a,2025-01-30,430000.0
lrm_auctions:subastas_2025_35:ba0e5e4ea7797961da0bab3a,2025-10-30,10000.0
lrm_auctions:subastas_2025_36:65213aa83c8499c40bc2b56e,2025-01-30,390000.0
lrm_auctions:subastas_2025_37:efaa226f0cecde0232b30e05,2025-01-30,5.0
lrm_auctions:subastas_2025_37:efaa226f0cecde0232b30e05,2025-10-30,2.0
lrm_auctions:subastas_2025_38:34d2fe3147603f22d9ff7631,2025-01-30,3.0
lrm_auctions:subastas_2025_39:1940848ee6823ef5f51ec0b4,2025-01-30,6.374418604651162
lrm_auctions:subastas_2025_39:1940848ee6823ef5f51ec0b4,2025-10-30,8.625
lrm_auctions:subastas_2025_3:224b5017a255c316d44d073e,2025-01-30,100000.0
lrm_auctions:subastas_2025_3:224b5017a255c316d44d073e,2025-02-27,160000.0
lrm_auctions:subastas_2025_3:224b5017a255c316d44d073e,2025-03-27,365000.0
lrm_auctions:subastas_2025_3:224b5017a255c316d44d073e,2025-05-29,163000.0
lrm_auctions:subastas_2025_3:224b5017a255c316d44d073e,2025-06-26,170000.0
lrm_auctions:subastas_2025_3:224b5017a255c316d44d073e,2025-08-28,565000.0
lrm_auctions:subastas_2025_3:224b5017a255c316d44d073e,2025-10-30,850000.0
lrm_auctions:subastas_2025_3:224b5017a255c316d44d073e,2025-11-27,695000.0
lrm_auctions:subastas_2025_40:c030286ed3355783c0673c7d,2025-01-30,6.06
lrm_auctions:subastas_2025_40:c030286ed3355783c0673c7d,2025-10-30,8.0
lrm_auctions:subastas_2025_41:83d89ad17d3ceb4c42d40761,2025-01-30,7.15
lrm_auctions:subastas_2025_41:83d89ad17d3ceb4c42d40761,2025-10-30,9.25
lrm_auctions:subastas_2025_42:c58ba791d81e59b0b4a797b4,2025-01-30,6.311538461538461
lrm_auctions:subastas_2025_43:4e50d3c7509afefce25c8ca7,2025-01-30,6.06
lrm_auctions:subastas_2025_44:06aa2766f4661a251128d357,2025-01-30,6.4
lrm_auctions:subastas_2025_45:3c684c164201d9a3f39a6fc8,2025-01-30,0.0
lrm_auctions:subastas_2025_45:3c684c164201d9a3f39a6fc8,2025-02-27,0.0
lrm_auctions:subastas_2025_45:3c684c164201d9a3f39a6fc8,2025-03-27,0.0
lrm_auctions:subastas_2025_45:3c684c164201d9a3f39a6fc8,2025-04-24,0.0
lrm_auctions:subastas_2025_45:3c684c164201d9a3f39a6fc8,2025-05-29,0.0
lrm_auctions:subastas_2025_45:3c684c164201d9a3f39a6fc8,2025-06-26,0.0
lrm_auctions:subastas_2025_45:3c684c164201d9a3f39a6fc8,2025-08-28,0.0
lrm_auctions:subastas_2025_45:3c684c164201d9a3f39a6fc8,2025-09-25,0.0
lrm_auctions:subastas_2025_45:3c684c164201d9a3f39a6fc8,2025-10-30,0.0
lrm_auctions:subastas_2025_45:3c684c164201d9a3f39a6fc8,2025-11-27,0.0
lrm_auctions:subastas_2025_46:58d25f2d4b7cc400aeb30c64,2025-01-30,390000.0
lrm_auctions:subastas_2025_46:58d25f2d4b7cc400aeb30c64,2025-02-27,205000.0
lrm_auctions:subastas_2025_46:58d25f2d4b7cc400aeb30c64,2025-03-27,385000.0
lrm_auctions:subastas_2025_46:58d25f2d4b7cc400aeb30c64,2025-04-24,225000.0
lrm_auctions:subastas_2025_46:58d25f2d4b7cc400aeb30c64,2025-05-29,25000.0
lrm_auctions:subastas_2025_46:58d25f2d4b7cc400aeb30c64,2025-06-26,5000.0
lrm_auctions:subastas_2025_46:58d25f2d4b7cc400aeb30c64,2025-08-28,30000.0
lrm_auctions:subastas_2025_46:58d25f2d4b7cc400aeb30c64,2025-09-25,45000.0
lrm_auctions:subastas_2025_46:58d25f2d4b7cc400aeb30c64,2025-10-30,20000.0
lrm_auctions:subastas_2025_46:58d25f2d4b7cc400aeb30c64,2025-11-27,35000.0
lrm_auctions:subastas_2025_47:bb79738bc541d407c321f056,2025-01-30,310000.0
lrm_auctions:subastas_2025_47:bb79738bc541d407c321f056,2025-02-27,150000.0
lrm_auctions:subastas_2025_47:bb79738bc541d407c321f056,2025-03-27,285000.0
lrm_auctions:subastas_2025_47:bb79738bc541d407c321f056,2025-04-24,220000.0
lrm_auctions:subastas_2025_47:bb79738bc541d407c321f056,2025-05-29,15000.0
lrm_auctions:subastas_2025_47:bb79738bc541d407c321f056,2025-08-28,20000.0
lrm_auctions:subastas_2025_47:bb79738bc541d407c321f056,2025-09-25,25000.0
lrm_auctions:subastas_2025_47:bb79738bc541d407c321f056,2025-10-30,5000.0
lrm_auctions:subastas_2025_48:86cf914be106c1ef4c652627,2025-01-30,7.0
lrm_auctions:subastas_2025_48:86cf914be106c1ef4c652627,2025-02-27,7.0
lrm_auctions:subastas_2025_48:86cf914be106c1ef4c652627,2025-03-27,5.0
lrm_auctions:subastas_2025_48:86cf914be106c1ef4c652627,2025-04-24,4.0
lrm_auctions:subastas_2025_48:86cf914be106c1ef4c652627,2025-05-29,3.0
lrm_auctions:subastas_2025_48:86cf914be106c1ef4c652627,2025-06-26,1.0
lrm_auctions:subastas_2025_48:86cf914be106c1ef4c652627,2025-08-28,4.0
lrm_auctions:subastas_2025_48:86cf914be106c1ef4c652627,2025-09-25,6.0
lrm_auctions:subastas_2025_48:86cf914be106c1ef4c652627,2025-10-30,4.0
lrm_auctions:subastas_2025_48:86cf914be106c1ef4c652627,2025-11-27,4.0
lrm_auctions:subastas_2025_49:66ee0fb711ef0cdccd87f353,2025-01-30,5.0
lrm_auctions:subastas_2025_49:66ee0fb711ef0cdccd87f353,2025-02-27,3.0
lrm_auctions:subastas_2025_49:66ee0fb711ef0cdccd87f353,2025-03-27,3.0
lrm_auctions:subastas_2025_49:66ee0fb711ef0cdccd87f353,2025-04-24,3.0
lrm_auctions:subastas_2025_49:66ee0fb711ef0cdccd87f353,2025-05-29,1.0
lrm_auctions:subastas_2025_49:66ee0fb711ef0cdccd87f353,2025-08-28,2.0
lrm_auctions:subastas_2025_49:66ee0fb711ef0cdccd87f353,2025-09-25,2.0
lrm_auctions:subastas_2025_49:66ee0fb711ef0cdccd87f353,2025-10-30,1.0
lrm_auctions:subastas_2025_4:010d5d8f25a1089f65a054b4,2025-01-30,5.0
lrm_auctions:subastas_2025_4:010d5d8f25a1089f65a054b4,2025-02-27,4.0
lrm_auctions:subastas_2025_4:010d5d8f25a1089f65a054b4,2025-03-27,3.0
lrm_auctions:subastas_2025_4:010d5d8f25a1089f65a054b4,2025-05-29,5.0
lrm_auctions:subastas_2025_4:010d5d8f25a1089f65a054b4,2025-06-26,3.0
lrm_auctions:subastas_2025_4:010d5d8f25a1089f65a054b4,2025-08-28,5.0
lrm_auctions:subastas_2025_4:010d5d8f25a1089f65a054b4,2025-10-30,4.0
lrm_auctions:subastas_2025_4:010d5d8f25a1089f65a054b4,2025-11-27,5.0
lrm_auctions:subastas_2025_50:b4b5e2722f88ce742b672651,2025-01-30,6.573333333333333
lrm_auctions:subastas_2025_50:b4b5e2722f88ce742b672651,2025-02-27,6.579268292682927
lrm_auctions:subastas_2025_50:b4b5e2722f88ce742b672651,2025-03-27,6.503246753246753
lrm_auctions:subastas_2025_50:b4b5e2722f88ce742b672651,2025-04-24,6.564444444444445
lrm_auctions:subastas_2025_50:b4b5e2722f88ce742b672651,2025-05-29,7.164
lrm_auctions:subastas_2025_50:b4b5e2722f88ce742b672651,2025-06-26,9.5
lrm_auctions:subastas_2025_50:b4b5e2722f88ce742b672651,2025-08-28,7.47
lrm_auctions:subastas_2025_50:b4b5e2722f88ce742b672651,2025-09-25,7.59
lrm_auctions:subastas_2025_50:b4b5e2722f88ce742b672651,2025-10-30,8.1725
lrm_auctions:subastas_2025_50:b4b5e2722f88ce742b672651,2025-11-27,7.307142857142857
lrm_auctions:subastas_2025_51:5b52d906236d2d89df7e4f26,2025-01-30,6.39
lrm_auctions:subastas_2025_51:5b52d906236d2d89df7e4f26,2025-02-27,6.39
lrm_auctions:subastas_2025_51:5b52d906236d2d89df7e4f26,2025-03-27,6.1
lrm_auctions:subastas_2025_51:5b52d906236d2d89df7e4f26,2025-04-24,6.5
lrm_auctions:subastas_2025_51:5b52d906236d2d89df7e4f26,2025-05-29,6.94
lrm_auctions:subastas_2025_51:5b52d906236d2d89df7e4f26,2025-06-26,9.5
lrm_auctions:subastas_2025_51:5b52d906236d2d89df7e4f26,2025-08-28,6.64
lrm_auctions:subastas_2025_51:5b52d906236d2d89df7e4f26,2025-09-25,6.85
lrm_auctions:subastas_2025_51:5b52d906236d2d89df7e4f26,2025-10-30,6.89
lrm_auctions:subastas_2025_51:5b52d906236d2d89df7e4f26,2025-11-27,6.9
lrm_auctions:subastas_2025_52:b2c88d501014eb0123d6c0ed,2025-01-30,7.25
lrm_auctions:subastas_2025_52:b2c88d501014eb0123d6c0ed,2025-02-27,7.5
lrm_auctions:subastas_2025_52:b2c88d501014eb0123d6c0ed,2025-03-27,7.5
lrm_auctions:subastas_2025_52:b2c88d501014eb0123d6c0ed,2025-04-24,7.5
lrm_auctions:subastas_2025_52:b2c88d501014eb0123d6c0ed,2025-05-29,7.75
lrm_auctions:subastas_2025_52:b2c88d501014eb0123d6c0ed,2025-06-26,9.5
lrm_auctions:subastas_2025_52:b2c88d501014eb0123d6c0ed,2025-08-28,9.5
lrm_auctions:subastas_2025_52:b2c88d501014eb0123d6c0ed,2025-09-25,9.5
lrm_auctions:subastas_2025_52:b2c88d501014eb0123d6c0ed,2025-10-30,9.3
lrm_auctions:subastas_2025_52:b2c88d501014eb0123d6c0ed,2025-11-27,8.45
lrm_auctions:subastas_2025_53:e182cba0234af1e753eb02fd,2025-01-30,6.398709677419355
lrm_auctions:subastas_2025_53:e182cba0234af1e753eb02fd,2025-02-27,6.392
lrm_auctions:subastas_2025_53:e182cba0234af1e753eb02fd,2025-03-27,6.197368421052632
lrm_auctions:subastas_2025_53:e182cba0234af1e753eb02fd,2025-04-24,6.543181818181818
lrm_auctions:subastas_2025_53:e182cba0234af1e753eb02fd,2025-05-29,6.94
lrm_auctions:subastas_2025_53:e182cba0234af1e753eb02fd,2025-08-28,6.705
lrm_auctions:subastas_2025_53:e182cba0234af1e753eb02fd,2025-09-25,6.89
lrm_auctions:subastas_2025_53:e182cba0234af1e753eb02fd,2025-10-30,6.89
lrm_auctions:subastas_2025_54:57e63b12970a0708ed266b9b,2025-01-30,6.39
lrm_auctions:subastas_2025_54:57e63b12970a0708ed266b9b,2025-02-27,6.39
lrm_auctions:subastas_2025_54:57e63b12970a0708ed266b9b,2025-03-27,6.1
lrm_auctions:subastas_2025_54:57e63b12970a0708ed266b9b,2025-04-24,6.5
lrm_auctions:subastas_2025_54:57e63b12970a0708ed266b9b,2025-05-29,6.94
lrm_auctions:subastas_2025_54:57e63b12970a0708ed266b9b,2025-08-28,6.64
lrm_auctions:subastas_2025_54:57e63b12970a0708ed266b9b,2025-09-25,6.85
lrm_auctions:subastas_2025_54:57e63b12970a0708ed266b9b,2025-10-30,6.89
lrm_auctions:subastas_2025_55:9762b95e07549b447d3c4e96,2025-01-30,6.5
lrm_auctions:subastas_2025_55:9762b95e07549b447d3c4e96,2025-02-27,6.4
lrm_auctions:subastas_2025_55:9762b95e07549b447d3c4e96,2025-03-27,7.0
lrm_auctions:subastas_2025_55:9762b95e07549b447d3c4e96,2025-04-24,7.0
lrm_auctions:subastas_2025_55:9762b95e07549b447d3c4e96,2025-05-29,6.94
lrm_auctions:subastas_2025_55:9762b95e07549b447d3c4e96,2025-08-28,6.9
lrm_auctions:subastas_2025_55:9762b95e07549b447d3c4e96,2025-09-25,6.9
lrm_auctions:subastas_2025_55:9762b95e07549b447d3c4e96,2025-10-30,6.89
lrm_auctions:subastas_2025_56:4bf6da531b85de74e05a06a8,2025-01-30,0.0
lrm_auctions:subastas_2025_56:4bf6da531b85de74e05a06a8,2025-02-27,0.0
lrm_auctions:subastas_2025_56:4bf6da531b85de74e05a06a8,2025-03-27,0.0
lrm_auctions:subastas_2025_56:4bf6da531b85de74e05a06a8,2025-05-29,0.0
lrm_auctions:subastas_2025_56:4bf6da531b85de74e05a06a8,2025-08-28,0.0
lrm_auctions:subastas_2025_56:4bf6da531b85de74e05a06a8,2025-10-30,0.0
lrm_auctions:subastas_2025_56:4bf6da531b85de74e05a06a8,2025-11-27,0.0
lrm_auctions:subastas_2025_57:ee0d4c3a94f7908ff04d5f39,2025-01-30,480000.0
lrm_auctions:subastas_2025_57:ee0d4c3a94f7908ff04d5f39,2025-02-27,285000.0
lrm_auctions:subastas_2025_57:ee0d4c3a94f7908ff04d5f39,2025-03-27,255000.0
lrm_auctions:subastas_2025_57:ee0d4c3a94f7908ff04d5f39,2025-05-29,25000.0
lrm_auctions:subastas_2025_57:ee0d4c3a94f7908ff04d5f39,2025-08-28,30000.0
lrm_auctions:subastas_2025_57:ee0d4c3a94f7908ff04d5f39,2025-10-30,40000.0
lrm_auctions:subastas_2025_57:ee0d4c3a94f7908ff04d5f39,2025-11-27,215000.0
lrm_auctions:subastas_2025_58:eea18eee3ecdee3e28e66da9,2025-01-30,360000.0
lrm_auctions:subastas_2025_58:eea18eee3ecdee3e28e66da9,2025-02-27,250000.0
lrm_auctions:subastas_2025_58:eea18eee3ecdee3e28e66da9,2025-03-27,155000.0
lrm_auctions:subastas_2025_58:eea18eee3ecdee3e28e66da9,2025-08-28,20000.0
lrm_auctions:subastas_2025_58:eea18eee3ecdee3e28e66da9,2025-10-30,20000.0
lrm_auctions:subastas_2025_59:57b628dd262c8254a68a400f,2025-01-30,11.0
lrm_auctions:subastas_2025_59:57b628dd262c8254a68a400f,2025-02-27,8.0
lrm_auctions:subastas_2025_59:57b628dd262c8254a68a400f,2025-03-27,5.0
lrm_auctions:subastas_2025_59:57b628dd262c8254a68a400f,2025-05-29,4.0
lrm_auctions:subastas_2025_59:57b628dd262c8254a68a400f,2025-08-28,3.0
lrm_auctions:subastas_2025_59:57b628dd262c8254a68a400f,2025-10-30,5.0
lrm_auctions:subastas_2025_59:57b628dd262c8254a68a400f,2025-11-27,4.0
lrm_auctions:subastas_2025_5:fc2d241f5907da61bc006a54,2025-01-30,1.0
lrm_auctions:subastas_2025_5:fc2d241f5907da61bc006a54,2025-02-27,2.0
lrm_auctions:subastas_2025_5:fc2d241f5907da61bc006a54,2025-03-27,3.0
lrm_auctions:subastas_2025_5:fc2d241f5907da61bc006a54,2025-05-29,3.0
lrm_auctions:subastas_2025_5:fc2d241f5907da61bc006a54,2025-06-26,2.0
lrm_auctions:subastas_2025_5:fc2d241f5907da61bc006a54,2025-08-28,4.0
lrm_auctions:subastas_2025_5:fc2d241f5907da61bc006a54,2025-10-30,3.0
lrm_auctions:subastas_2025_5:fc2d241f5907da61bc006a54,2025-11-27,4.0
lrm_auctions:subastas_2025_60:0e6c1578bd5d6820b9d67c61,2025-01-30,5.0
lrm_auctions:subastas_2025_60:0e6c1578bd5d6820b9d67c61,2025-02-27,6.0
lrm_auctions:subastas_2025_60:0e6c1578bd5d6820b9d67c61,2025-03-27,3.0
lrm_auctions:subastas_2025_60:0e6c1578bd5d6820b9d67c61,2025-08-28,1.0
lrm_auctions:subastas_2025_60:0e6c1578bd5d6820b9d67c61,2025-10-30,1.0
lrm_auctions:subastas_2025_61:492f3999a838cd04f14590a4,2025-01-30,6.66625
lrm_auctions:subastas_2025_61:492f3999a838cd04f14590a4,2025-02-27,6.606491228070175
lrm_auctions:subastas_2025_61:492f3999a838cd04f14590a4,2025-03-27,6.930392156862745
lrm_auctions:subastas_2025_61:492f3999a838cd04f14590a4,2025-05-29,7.558
lrm_auctions:subastas_2025_61:492f3999a838cd04f14590a4,2025-08-28,7.665
lrm_auctions:subastas_2025_61:492f3999a838cd04f14590a4,2025-10-30,7.66125
lrm_auctions:subastas_2025_61:492f3999a838cd04f14590a4,2025-11-27,8.444186046511629
lrm_auctions:subastas_2025_62:0a1131f4a687bbd9d1b5e92b,2025-01-30,6.3
lrm_auctions:subastas_2025_62:0a1131f4a687bbd9d1b5e92b,2025-02-27,6.25
lrm_auctions:subastas_2025_62:0a1131f4a687bbd9d1b5e92b,2025-03-27,6.39
lrm_auctions:subastas_2025_62:0a1131f4a687bbd9d1b5e92b,2025-05-29,7.39
lrm_auctions:subastas_2025_62:0a1131f4a687bbd9d1b5e92b,2025-08-28,6.81
lrm_auctions:subastas_2025_62:0a1131f4a687bbd9d1b5e92b,2025-10-30,6.86
lrm_auctions:subastas_2025_62:0a1131f4a687bbd9d1b5e92b,2025-11-27,6.9
lrm_auctions:subastas_2025_63:d39b6838f8819b2de0ec3672,2025-01-30,7.5
lrm_auctions:subastas_2025_63:d39b6838f8819b2de0ec3672,2025-02-27,7.7
lrm_auctions:subastas_2025_63:d39b6838f8819b2de0ec3672,2025-03-27,7.7
lrm_auctions:subastas_2025_63:d39b6838f8819b2de0ec3672,2025-05-29,7.9
lrm_auctions:subastas_2025_63:d39b6838f8819b2de0ec3672,2025-08-28,9.75
lrm_auctions:subastas_2025_63:d39b6838f8819b2de0ec3672,2025-10-30,9.3
lrm_auctions:subastas_2025_63:d39b6838f8819b2de0ec3672,2025-11-27,9.0
lrm_auctions:subastas_2025_64:9d92cdb1155eb126d248cd3d,2025-01-30,6.471666666666667
lrm_auctions:subastas_2025_64:9d92cdb1155eb126d248cd3d,2025-02-27,6.4744
lrm_auctions:subastas_2025_64:9d92cdb1155eb126d248cd3d,2025-03-27,6.498387096774193
lrm_auctions:subastas_2025_64:9d92cdb1155eb126d248cd3d,2025-08-28,6.81
lrm_auctions:subastas_2025_64:9d92cdb1155eb126d248cd3d,2025-10-30,6.86
lrm_auctions:subastas_2025_65:9e65b04aa01c99458d690df0,2025-01-30,6.3
lrm_auctions:subastas_2025_65:9e65b04aa01c99458d690df0,2025-02-27,6.25
lrm_auctions:subastas_2025_65:9e65b04aa01c99458d690df0,2025-03-27,6.39
lrm_auctions:subastas_2025_65:9e65b04aa01c99458d690df0,2025-08-28,6.81
lrm_auctions:subastas_2025_65:9e65b04aa01c99458d690df0,2025-10-30,6.86
lrm_auctions:subastas_2025_66:af2e7749cfc1023bb5b38c17,2025-01-30,6.55
lrm_auctions:subastas_2025_66:af2e7749cfc1023bb5b38c17,2025-02-27,6.55
lrm_auctions:subastas_2025_66:af2e7749cfc1023bb5b38c17,2025-03-27,6.6
lrm_auctions:subastas_2025_66:af2e7749cfc1023bb5b38c17,2025-08-28,6.81
lrm_auctions:subastas_2025_66:af2e7749cfc1023bb5b38c17,2025-10-30,6.86
lrm_auctions:subastas_2025_67:200bac5a5818f3c1c7f12051,2025-02-27,0.0
lrm_auctions:subastas_2025_67:200bac5a5818f3c1c7f12051,2025-03-27,0.0
lrm_auctions:subastas_2025_67:200bac5a5818f3c1c7f12051,2025-04-24,0.0
lrm_auctions:subastas_2025_67:200bac5a5818f3c1c7f12051,2025-05-29,0.0
lrm_auctions:subastas_2025_67:200bac5a5818f3c1c7f12051,2025-06-26,0.0
lrm_auctions:subastas_2025_67:200bac5a5818f3c1c7f12051,2025-08-28,0.0
lrm_auctions:subastas_2025_67:200bac5a5818f3c1c7f12051,2025-09-25,0.0
lrm_auctions:subastas_2025_67:200bac5a5818f3c1c7f12051,2025-10-30,0.0
lrm_auctions:subastas_2025_67:200bac5a5818f3c1c7f12051,2025-11-27,0.0
lrm_auctions:subastas_2025_68:8d3ad5132b2716a5e9b7d842,2025-02-27,330000.0
lrm_auctions:subastas_2025_68:8d3ad5132b2716a5e9b7d842,2025-03-27,550000.0
lrm_auctions:subastas_2025_68:8d3ad5132b2716a5e9b7d842,2025-04-24,43000.0
lrm_auctions:subastas_2025_68:8d3ad5132b2716a5e9b7d842,2025-05-29,15000.0
lrm_auctions:subastas_2025_68:8d3ad5132b2716a5e9b7d842,2025-06-26,197000.0
lrm_auctions:subastas_2025_68:8d3ad5132b2716a5e9b7d842,2025-08-28,210000.0
lrm_auctions:subastas_2025_68:8d3ad5132b2716a5e9b7d842,2025-09-25,68000.0
lrm_auctions:subastas_2025_68:8d3ad5132b2716a5e9b7d842,2025-10-30,70000.0
lrm_auctions:subastas_2025_68:8d3ad5132b2716a5e9b7d842,2025-11-27,300000.0
lrm_auctions:subastas_2025_69:1796f78ac619b9822b3cdf63,2025-02-27,275000.0
lrm_auctions:subastas_2025_69:1796f78ac619b9822b3cdf63,2025-03-27,450000.0
lrm_auctions:subastas_2025_69:1796f78ac619b9822b3cdf63,2025-04-24,38000.0
lrm_auctions:subastas_2025_69:1796f78ac619b9822b3cdf63,2025-05-29,10000.0
lrm_auctions:subastas_2025_69:1796f78ac619b9822b3cdf63,2025-06-26,92000.0
lrm_auctions:subastas_2025_69:1796f78ac619b9822b3cdf63,2025-08-28,205000.0
lrm_auctions:subastas_2025_69:1796f78ac619b9822b3cdf63,2025-09-25,58000.0
lrm_auctions:subastas_2025_69:1796f78ac619b9822b3cdf63,2025-10-30,65000.0
lrm_auctions:subastas_2025_69:1796f78ac619b9822b3cdf63,2025-11-27,295000.0
lrm_auctions:subastas_2025_6:964a1e7acc58cf13bdd974d0,2025-01-30,6.059756097560975
lrm_auctions:subastas_2025_6:964a1e7acc58cf13bdd974d0,2025-02-27,5.991020408163266
lrm_auctions:subastas_2025_6:964a1e7acc58cf13bdd974d0,2025-03-27,5.897945205479452
lrm_auctions:subastas_2025_6:964a1e7acc58cf13bdd974d0,2025-05-29,6.5599041533546325
lrm_auctions:subastas_2025_6:964a1e7acc58cf13bdd974d0,2025-06-26,7.264864864864865
lrm_auctions:subastas_2025_6:964a1e7acc58cf13bdd974d0,2025-08-28,6.1991228070175435
lrm_auctions:subastas_2025_6:964a1e7acc58cf13bdd974d0,2025-10-30,6.429047619047619
lrm_auctions:subastas_2025_6:964a1e7acc58cf13bdd974d0,2025-11-27,6.293710691823899
lrm_auctions:subastas_2025_70:e98508eba46c33c0a983ce8e,2025-02-27,6.0
lrm_auctions:subastas_2025_70:e98508eba46c33c0a983ce8e,2025-03-27,4.0
lrm_auctions:subastas_2025_70:e98508eba46c33c0a983ce8e,2025-04-24,3.0
lrm_auctions:subastas_2025_70:e98508eba46c33c0a983ce8e,2025-05-29,2.0
lrm_auctions:subastas_2025_70:e98508eba46c33c0a983ce8e,2025-06-26,4.0
lrm_auctions:subastas_2025_70:e98508eba46c33c0a983ce8e,2025-08-28,3.0
lrm_auctions:subastas_2025_70:e98508eba46c33c0a983ce8e,2025-09-25,4.0
lrm_auctions:subastas_2025_70:e98508eba46c33c0a983ce8e,2025-10-30,4.0
lrm_auctions:subastas_2025_70:e98508eba46c33c0a983ce8e,2025-11-27,5.0
lrm_auctions:subastas_2025_71:50e8cd5d6a9164a387e71b58,2025-02-27,4.0
lrm_auctions:subastas_2025_71:50e8cd5d6a9164a387e71b58,2025-03-27,3.0
lrm_auctions:subastas_2025_71:50e8cd5d6a9164a387e71b58,2025-04-24,2.0
lrm_auctions:subastas_2025_71:50e8cd5d6a9164a387e71b58,2025-05-29,1.0
lrm_auctions:subastas_2025_71:50e8cd5d6a9164a387e71b58,2025-06-26,2.0
lrm_auctions:subastas_2025_71:50e8cd5d6a9164a387e71b58,2025-08-28,2.0
lrm_auctions:subastas_2025_71:50e8cd5d6a9164a387e71b58,2025-09-25,2.0
lrm_auctions:subastas_2025_71:50e8cd5d6a9164a387e71b58,2025-10-30,3.0
lrm_auctions:subastas_2025_71:50e8cd5d6a9164a387e71b58,2025-11-27,4.0
lrm_auctions:subastas_2025_72:956a873dc8d52b456ddad362,2025-02-27,6.052878787878788
lrm_auctions:subastas_2025_72:956a873dc8d52b456ddad362,2025-03-27,6.170909090909091
lrm_auctions:subastas_2025_72:956a873dc8d52b456ddad362,2025-04-24,6.383720930232558
lrm_auctions:subastas_2025_72:956a873dc8d52b456ddad362,2025-05-29,6.933333333333334
lrm_auctions:subastas_2025_72:956a873dc8d52b456ddad362,2025-06-26,6.791878172588833
lrm_auctions:subastas_2025_72:956a873dc8d52b456ddad362,2025-08-28,6.266666666666667
lrm_auctions:subastas_2025_72:956a873dc8d52b456ddad362,2025-09-25,6.823529411764706
lrm_auctions:subastas_2025_72:956a873dc8d52b456ddad362,2025-10-30,6.571428571428571
lrm_auctions:subastas_2025_72:956a873dc8d52b456ddad362,2025-11-27,6.325
lrm_auctions:subastas_2025_73:5b6eb8a66c58a781bc5e1741,2025-02-27,5.84
lrm_auctions:subastas_2025_73:5b6eb8a66c58a781bc5e1741,2025-03-27,5.81
lrm_auctions:subastas_2025_73:5b6eb8a66c58a781bc5e1741,2025-04-24,6.25
lrm_auctions:subastas_2025_73:5b6eb8a66c58a781bc5e1741,2025-05-29,6.65
lrm_auctions:subastas_2025_73:5b6eb8a66c58a781bc5e1741,2025-06-26,6.55
lrm_auctions:subastas_2025_73:5b6eb8a66c58a781bc5e1741,2025-08-28,6.2
lrm_auctions:subastas_2025_73:5b6eb8a66c58a781bc5e1741,2025-09-25,6.5
lrm_auctions:subastas_2025_73:5b6eb8a66c58a781bc5e1741,2025-10-30,6.25
lrm_auctions:subastas_2025_73:5b6eb8a66c58a781bc5e1741,2025-11-27,6.2
lrm_auctions:subastas_2025_74:ee2c12a55786cf1f1c7f10ae,2025-02-27,7.0
lrm_auctions:subastas_2025_74:ee2c12a55786cf1f1c7f10ae,2025-03-27,7.0
lrm_auctions:subastas_2025_74:ee2c12a55786cf1f1c7f10ae,2025-04-24,7.0
lrm_auctions:subastas_2025_74:ee2c12a55786cf1f1c7f10ae,2025-05-29,7.5
lrm_auctions:subastas_2025_74:ee2c12a55786cf1f1c7f10ae,2025-06-26,9.0
lrm_auctions:subastas_2025_74:ee2c12a55786cf1f1c7f10ae,2025-08-28,9.0
lrm_auctions:subastas_2025_74:ee2c12a55786cf1f1c7f10ae,2025-09-25,9.0
lrm_auctions:subastas_2025_74:ee2c12a55786cf1f1c7f10ae,2025-10-30,8.0
lrm_auctions:subastas_2025_74:ee2c12a55786cf1f1c7f10ae,2025-11-27,8.0
lrm_auctions:subastas_2025_75:42e314b83bffe86da857c019,2025-02-27,5.863636363636363
lrm_auctions:subastas_2025_75:42e314b83bffe86da857c019,2025-03-27,5.986666666666666
lrm_auctions:subastas_2025_75:42e314b83bffe86da857c019,2025-04-24,6.302631578947368
lrm_auctions:subastas_2025_75:42e314b83bffe86da857c019,2025-05-29,6.65
lrm_auctions:subastas_2025_75:42e314b83bffe86da857c019,2025-06-26,6.554347826086956
lrm_auctions:subastas_2025_75:42e314b83bffe86da857c019,2025-08-28,6.2
lrm_auctions:subastas_2025_75:42e314b83bffe86da857c019,2025-09-25,6.5
lrm_auctions:subastas_2025_75:42e314b83bffe86da857c019,2025-10-30,6.461538461538462
lrm_auctions:subastas_2025_75:42e314b83bffe86da857c019,2025-11-27,6.296610169491525
lrm_auctions:subastas_2025_76:820ff1f83b051209517929a0,2025-02-27,5.84
lrm_auctions:subastas_2025_76:820ff1f83b051209517929a0,2025-03-27,5.81
lrm_auctions:subastas_2025_76:820ff1f83b051209517929a0,2025-04-24,6.25
lrm_auctions:subastas_2025_76:820ff1f83b051209517929a0,2025-05-29,6.65
lrm_auctions:subastas_2025_76:820ff1f83b051209517929a0,2025-06-26,6.55
lrm_auctions:subastas_2025_76:820ff1f83b051209517929a0,2025-08-28,6.2
lrm_auctions:subastas_2025_76:820ff1f83b051209517929a0,2025-09-25,6.5
lrm_auctions:subastas_2025_76:820ff1f83b051209517929a0,2025-10-30,6.25
lrm_auctions:subastas_2025_76:820ff1f83b051209517929a0,2025-11-27,6.2
lrm_auctions:subastas_2025_77:0598755dd2a01a35e335ef4f,2025-02-27,5.9
lrm_auctions:subastas_2025_77:0598755dd2a01a35e335ef4f,2025-03-27,6.25
lrm_auctions:subastas_2025_77:0598755dd2a01a35e335ef4f,2025-04-24,6.5
lrm_auctions:subastas_2025_77:0598755dd2a01a35e335ef4f,2025-05-29,6.65
lrm_auctions:subastas_2025_77:0598755dd2a01a35e335ef4f,2025-06-26,6.6
lrm_auctions:subastas_2025_77:0598755dd2a01a35e335ef4f,2025-08-28,6.2
lrm_auctions:subastas_2025_77:0598755dd2a01a35e335ef4f,2025-09-25,6.5
lrm_auctions:subastas_2025_77:0598755dd2a01a35e335ef4f,2025-10-30,6.5
lrm_auctions:subastas_2025_77:0598755dd2a01a35e335ef4f,2025-11-27,6.5
lrm_auctions:subastas_2025_78:e44c1e3c52f41f63ed5605bd,2025-02-27,0.0
lrm_auctions:subastas_2025_78:e44c1e3c52f41f63ed5605bd,2025-03-27,0.0
lrm_auctions:subastas_2025_78:e44c1e3c52f41f63ed5605bd,2025-05-29,0.0
lrm_auctions:subastas_2025_78:e44c1e3c52f41f63ed5605bd,2025-06-26,0.0
lrm_auctions:subastas_2025_78:e44c1e3c52f41f63ed5605bd,2025-08-28,0.0
lrm_auctions:subastas_2025_78:e44c1e3c52f41f63ed5605bd,2025-09-25,0.0
lrm_auctions:subastas_2025_78:e44c1e3c52f41f63ed5605bd,2025-11-27,0.0
lrm_auctions:subastas_2025_79:aaf6eb65b92a1b566a413296,2025-02-27,210000.0
lrm_auctions:subastas_2025_79:aaf6eb65b92a1b566a413296,2025-03-27,230000.0
lrm_auctions:subastas_2025_79:aaf6eb65b92a1b566a413296,2025-05-29,55000.0
lrm_auctions:subastas_2025_79:aaf6eb65b92a1b566a413296,2025-06-26,5000.0
lrm_auctions:subastas_2025_79:aaf6eb65b92a1b566a413296,2025-08-28,110000.0
lrm_auctions:subastas_2025_79:aaf6eb65b92a1b566a413296,2025-09-25,10000.0
lrm_auctions:subastas_2025_79:aaf6eb65b92a1b566a413296,2025-11-27,130000.0
lrm_auctions:subastas_2025_7:a2c726f33786f143af341123,2025-01-30,5.89
lrm_auctions:subastas_2025_7:a2c726f33786f143af341123,2025-02-27,5.8
lrm_auctions:subastas_2025_7:a2c726f33786f143af341123,2025-03-27,5.75
lrm_auctions:subastas_2025_7:a2c726f33786f143af341123,2025-05-29,6.25
lrm_auctions:subastas_2025_7:a2c726f33786f143af341123,2025-06-26,6.4
lrm_auctions:subastas_2025_7:a2c726f33786f143af341123,2025-08-28,6.0
lrm_auctions:subastas_2025_7:a2c726f33786f143af341123,2025-10-30,6.29
lrm_auctions:subastas_2025_7:a2c726f33786f143af341123,2025-11-27,6.0
lrm_auctions:subastas_2025_80:640b4b056ff21faadf718dca,2025-02-27,180000.0
lrm_auctions:subastas_2025_80:640b4b056ff21faadf718dca,2025-03-27,180000.0
lrm_auctions:subastas_2025_80:640b4b056ff21faadf718dca,2025-05-29,50000.0
lrm_auctions:subastas_2025_80:640b4b056ff21faadf718dca,2025-08-28,100000.0
lrm_auctions:subastas_2025_80:640b4b056ff21faadf718dca,2025-11-27,120000.0
lrm_auctions:subastas_2025_81:0bee62c66184fd637967f5a2,2025-02-27,5.0
lrm_auctions:subastas_2025_81:0bee62c66184fd637967f5a2,2025-03-27,4.0
lrm_auctions:subastas_2025_81:0bee62c66184fd637967f5a2,2025-05-29,2.0
lrm_auctions:subastas_2025_81:0bee62c66184fd637967f5a2,2025-06-26,1.0
lrm_auctions:subastas_2025_81:0bee62c66184fd637967f5a2,2025-08-28,3.0
lrm_auctions:subastas_2025_81:0bee62c66184fd637967f5a2,2025-09-25,2.0
lrm_auctions:subastas_2025_81:0bee62c66184fd637967f5a2,2025-11-27,4.0
lrm_auctions:subastas_2025_82:eadb3b0d05243d2c6900fcbc,2025-02-27,4.0
lrm_auctions:subastas_2025_82:eadb3b0d05243d2c6900fcbc,2025-03-27,3.0
lrm_auctions:subastas_2025_82:eadb3b0d05243d2c6900fcbc,2025-05-29,1.0
lrm_auctions:subastas_2025_82:eadb3b0d05243d2c6900fcbc,2025-08-28,1.0
lrm_auctions:subastas_2025_82:eadb3b0d05243d2c6900fcbc,2025-11-27,2.0
lrm_auctions:subastas_2025_83:5d71f900d8bbc611ba4983ea,2025-02-27,6.3933333333333335
lrm_auctions:subastas_2025_83:5d71f900d8bbc611ba4983ea,2025-03-27,6.332391304347826
lrm_auctions:subastas_2025_83:5d71f900d8bbc611ba4983ea,2025-05-29,6.831818181818182
lrm_auctions:subastas_2025_83:5d71f900d8bbc611ba4983ea,2025-06-26,9.25
lrm_auctions:subastas_2025_83:5d71f900d8bbc611ba4983ea,2025-08-28,6.911363636363636
lrm_auctions:subastas_2025_83:5d71f900d8bbc611ba4983ea,2025-09-25,9.125
lrm_auctions:subastas_2025_83:5d71f900d8bbc611ba4983ea,2025-11-27,6.661538461538462
lrm_auctions:subastas_2025_84:88e9ff84b8c642a4a38c010b,2025-02-27,6.04
lrm_auctions:subastas_2025_84:88e9ff84b8c642a4a38c010b,2025-03-27,6.03
lrm_auctions:subastas_2025_84:88e9ff84b8c642a4a38c010b,2025-05-29,6.75
lrm_auctions:subastas_2025_84:88e9ff84b8c642a4a38c010b,2025-06-26,9.25
lrm_auctions:subastas_2025_84:88e9ff84b8c642a4a38c010b,2025-08-28,6.75
lrm_auctions:subastas_2025_84:88e9ff84b8c642a4a38c010b,2025-09-25,9.0
lrm_auctions:subastas_2025_84:88e9ff84b8c642a4a38c010b,2025-11-27,6.5
lrm_auctions:subastas_2025_85:09849ee67600e0d554d7ce86,2025-02-27,7.25
lrm_auctions:subastas_2025_85:09849ee67600e0d554d7ce86,2025-03-27,7.25
lrm_auctions:subastas_2025_85:09849ee67600e0d554d7ce86,2025-05-29,7.65
lrm_auctions:subastas_2025_85:09849ee67600e0d554d7ce86,2025-06-26,9.25
lrm_auctions:subastas_2025_85:09849ee67600e0d554d7ce86,2025-08-28,9.25
lrm_auctions:subastas_2025_85:09849ee67600e0d554d7ce86,2025-09-25,9.25
lrm_auctions:subastas_2025_85:09849ee67600e0d554d7ce86,2025-11-27,8.25
lrm_auctions:subastas_2025_86:cc6093da5c5584f1d7a6a7e9,2025-02-27,6.250555555555556
lrm_auctions:subastas_2025_86:cc6093da5c5584f1d7a6a7e9,2025-03-27,6.0775
lrm_auctions:subastas_2025_86:cc6093da5c5584f1d7a6a7e9,2025-05-29,6.75
lrm_auctions:subastas_2025_86:cc6093da5c5584f1d7a6a7e9,2025-08-28,6.75
lrm_auctions:subastas_2025_86:cc6093da5c5584f1d7a6a7e9,2025-11-27,6.541666666666667
lrm_auctions:subastas_2025_87:bf87f06f467e10f55b30080e,2025-02-27,6.04
lrm_auctions:subastas_2025_87:bf87f06f467e10f55b30080e,2025-03-27,6.03
lrm_auctions:subastas_2025_87:bf87f06f467e10f55b30080e,2025-05-29,6.75
lrm_auctions:subastas_2025_87:bf87f06f467e10f55b30080e,2025-08-28,6.75
lrm_auctions:subastas_2025_87:bf87f06f467e10f55b30080e,2025-11-27,6.5
lrm_auctions:subastas_2025_88:17425580ef717811a7ed1c29,2025-02-27,6.39
lrm_auctions:subastas_2025_88:17425580ef717811a7ed1c29,2025-03-27,6.39
lrm_auctions:subastas_2025_88:17425580ef717811a7ed1c29,2025-05-29,6.75
lrm_auctions:subastas_2025_88:17425580ef717811a7ed1c29,2025-08-28,6.75
lrm_auctions:subastas_2025_88:17425580ef717811a7ed1c29,2025-11-27,6.75
lrm_auctions:subastas_2025_89:9ff1f873cad70f007841d6fb,2025-03-27,0.0
lrm_auctions:subastas_2025_89:9ff1f873cad70f007841d6fb,2025-04-24,0.0
lrm_auctions:subastas_2025_89:9ff1f873cad70f007841d6fb,2025-06-26,0.0
lrm_auctions:subastas_2025_89:9ff1f873cad70f007841d6fb,2025-07-24,0.0
lrm_auctions:subastas_2025_89:9ff1f873cad70f007841d6fb,2025-08-28,0.0
lrm_auctions:subastas_2025_89:9ff1f873cad70f007841d6fb,2025-09-25,0.0
lrm_auctions:subastas_2025_89:9ff1f873cad70f007841d6fb,2025-11-27,0.0
lrm_auctions:subastas_2025_8:ad7a529327e2031b99ba55c6,2025-01-30,6.5
lrm_auctions:subastas_2025_8:ad7a529327e2031b99ba55c6,2025-02-27,6.5
lrm_auctions:subastas_2025_8:ad7a529327e2031b99ba55c6,2025-03-27,6.25
lrm_auctions:subastas_2025_8:ad7a529327e2031b99ba55c6,2025-05-29,7.0
lrm_auctions:subastas_2025_8:ad7a529327e2031b99ba55c6,2025-06-26,8.0
lrm_auctions:subastas_2025_8:ad7a529327e2031b99ba55c6,2025-08-28,7.0
lrm_auctions:subastas_2025_8:ad7a529327e2031b99ba55c6,2025-10-30,7.0
lrm_auctions:subastas_2025_8:ad7a529327e2031b99ba55c6,2025-11-27,7.0
lrm_auctions:subastas_2025_90:d4cc1cdb36214c28468b77c6,2025-03-27,200000.0
lrm_auctions:subastas_2025_90:d4cc1cdb36214c28468b77c6,2025-04-24,195000.0
lrm_auctions:subastas_2025_90:d4cc1cdb36214c28468b77c6,2025-06-26,350000.0
lrm_auctions:subastas_2025_90:d4cc1cdb36214c28468b77c6,2025-07-24,440000.0
lrm_auctions:subastas_2025_90:d4cc1cdb36214c28468b77c6,2025-08-28,530000.0
lrm_auctions:subastas_2025_90:d4cc1cdb36214c28468b77c6,2025-09-25,21000.0
lrm_auctions:subastas_2025_90:d4cc1cdb36214c28468b77c6,2025-11-27,400000.0
lrm_auctions:subastas_2025_91:513730b0cd1cc3e0f815fbea,2025-03-27,200000.0
lrm_auctions:subastas_2025_91:513730b0cd1cc3e0f815fbea,2025-04-24,195000.0
lrm_auctions:subastas_2025_91:513730b0cd1cc3e0f815fbea,2025-06-26,150000.0
lrm_auctions:subastas_2025_91:513730b0cd1cc3e0f815fbea,2025-07-24,100000.0
lrm_auctions:subastas_2025_91:513730b0cd1cc3e0f815fbea,2025-08-28,525000.0
lrm_auctions:subastas_2025_91:513730b0cd1cc3e0f815fbea,2025-09-25,11000.0
lrm_auctions:subastas_2025_91:513730b0cd1cc3e0f815fbea,2025-11-27,300000.0
lrm_auctions:subastas_2025_92:6b5c01714ee506155b1fe3f6,2025-03-27,2.0
lrm_auctions:subastas_2025_92:6b5c01714ee506155b1fe3f6,2025-04-24,4.0
lrm_auctions:subastas_2025_92:6b5c01714ee506155b1fe3f6,2025-06-26,2.0
lrm_auctions:subastas_2025_92:6b5c01714ee506155b1fe3f6,2025-07-24,6.0
lrm_auctions:subastas_2025_92:6b5c01714ee506155b1fe3f6,2025-08-28,6.0
lrm_auctions:subastas_2025_92:6b5c01714ee506155b1fe3f6,2025-09-25,4.0
lrm_auctions:subastas_2025_92:6b5c01714ee506155b1fe3f6,2025-11-27,3.0
lrm_auctions:subastas_2025_93:e2be2668c3575b2f20f6c41b,2025-03-27,2.0
lrm_auctions:subastas_2025_93:e2be2668c3575b2f20f6c41b,2025-04-24,4.0
lrm_auctions:subastas_2025_93:e2be2668c3575b2f20f6c41b,2025-06-26,1.0
lrm_auctions:subastas_2025_93:e2be2668c3575b2f20f6c41b,2025-07-24,1.0
lrm_auctions:subastas_2025_93:e2be2668c3575b2f20f6c41b,2025-08-28,5.0
lrm_auctions:subastas_2025_93:e2be2668c3575b2f20f6c41b,2025-09-25,2.0
lrm_auctions:subastas_2025_93:e2be2668c3575b2f20f6c41b,2025-11-27,2.0
lrm_auctions:subastas_2025_94:4c6ee82fab987afd287f64c7,2025-03-27,6.145
lrm_auctions:subastas_2025_94:4c6ee82fab987afd287f64c7,2025-04-24,6.391025641025641
lrm_auctions:subastas_2025_94:4c6ee82fab987afd287f64c7,2025-06-26,7.642857142857143
lrm_auctions:subastas_2025_94:4c6ee82fab987afd287f64c7,2025-07-24,6.79375
lrm_auctions:subastas_2025_94:4c6ee82fab987afd287f64c7,2025-08-28,6.293867924528302
lrm_auctions:subastas_2025_94:4c6ee82fab987afd287f64c7,2025-09-25,7.066666666666666
lrm_auctions:subastas_2025_94:4c6ee82fab987afd287f64c7,2025-11-27,6.4625
lrm_auctions:subastas_2025_95:a521249d959ea7180d2956bb,2025-03-27,5.79
lrm_auctions:subastas_2025_95:a521249d959ea7180d2956bb,2025-04-24,6.15
lrm_auctions:subastas_2025_95:a521249d959ea7180d2956bb,2025-06-26,6.5
lrm_auctions:subastas_2025_95:a521249d959ea7180d2956bb,2025-07-24,6.4
lrm_auctions:subastas_2025_95:a521249d959ea7180d2956bb,2025-08-28,6.1
lrm_auctions:subastas_2025_95:a521249d959ea7180d2956bb,2025-09-25,6.4
lrm_auctions:subastas_2025_95:a521249d959ea7180d2956bb,2025-11-27,6.1
lrm_auctions:subastas_2025_96:bf720db09a600af58693674d,2025-03-27,6.5
lrm_auctions:subastas_2025_96:bf720db09a600af58693674d,2025-04-24,6.75
lrm_auctions:subastas_2025_96:bf720db09a600af58693674d,2025-06-26,8.5
lrm_auctions:subastas_2025_96:bf720db09a600af58693674d,2025-07-24,7.5
lrm_auctions:subastas_2025_96:bf720db09a600af58693674d,2025-08-28,7.25
lrm_auctions:subastas_2025_96:bf720db09a600af58693674d,2025-09-25,8.35
lrm_auctions:subastas_2025_96:bf720db09a600af58693674d,2025-11-27,7.25
lrm_auctions:subastas_2025_97:d1f66421ecf147c9c96cee79,2025-03-27,6.145
lrm_auctions:subastas_2025_97:d1f66421ecf147c9c96cee79,2025-04-24,6.391025641025641
lrm_auctions:subastas_2025_97:d1f66421ecf147c9c96cee79,2025-06-26,6.5
lrm_auctions:subastas_2025_97:d1f66421ecf147c9c96cee79,2025-07-24,6.4
lrm_auctions:subastas_2025_97:d1f66421ecf147c9c96cee79,2025-08-28,6.284761904761905
lrm_auctions:subastas_2025_97:d1f66421ecf147c9c96cee79,2025-09-25,6.4
lrm_auctions:subastas_2025_97:d1f66421ecf147c9c96cee79,2025-11-27,6.2
lrm_auctions:subastas_2025_98:07e39dcdda634d9a1a4e52ad,2025-03-27,5.79
lrm_auctions:subastas_2025_98:07e39dcdda634d9a1a4e52ad,2025-04-24,6.15
lrm_auctions:subastas_2025_98:07e39dcdda634d9a1a4e52ad,2025-06-26,6.5
lrm_auctions:subastas_2025_98:07e39dcdda634d9a1a4e52ad,2025-07-24,6.4
lrm_auctions:subastas_2025_98:07e39dcdda634d9a1a4e52ad,2025-08-28,6.1
lrm_auctions:subastas_2025_98:07e39dcdda634d9a1a4e52ad,2025-09-25,6.4
lrm_auctions:subastas_2025_98:07e39dcdda634d9a1a4e52ad,2025-11-27,6.1
lrm_auctions:subastas_2025_99:8d17a06b79a2cc8390174bbf,2025-03-27,6.5
lrm_auctions:subastas_2025_99:8d17a06b79a2cc8390174bbf,2025-04-24,6.75
lrm_auctions:subastas_2025_99:8d17a06b79a2cc8390174bbf,2025-06-26,6.5
lrm_auctions:subastas_2025_99:8d17a06b79a2cc8390174bbf,2025-07-24,6.4
lrm_auctions:subastas_2025_99:8d17a06b79a2cc8390174bbf,2025-08-28,6.4
lrm_auctions:subastas_2025_99:8d17a06b79a2cc8390174bbf,2025-09-25,6.4
lrm_auctions:subastas_2025_99:8d17a06b79a2cc8390174bbf,2025-11-27,6.4
lrm_auctions:subastas_2025_9:908f8f022440bbfbdb65bb24,2025-01-30,5.89
lrm_auctions:subastas_2025_9:908f8f022440bbfbdb65bb24,2025-02-27,5.834375
lrm_auctions:subastas_2025_9:908f8f022440bbfbdb65bb24,2025-03-27,5.897945205479452
lrm_auctions:subastas_2025_9:908f8f022440bbfbdb65bb24,2025-05-29,6.269938650306749
lrm_auctions:subastas_2025_9:908f8f022440bbfbdb65bb24,2025-06-26,6.4
lrm_auctions:subastas_2025_9:908f8f022440bbfbdb65bb24,2025-08-28,6.192035398230089
lrm_auctions:subastas_2025_9:908f8f022440bbfbdb65bb24,2025-10-30,6.294705882352941
lrm_auctions:subastas_2025_9:908f8f022440bbfbdb65bb24,2025-11-27,6.192086330935251
lrm_auctions:subastas_2026:3048cae5f3c9742d612cf8b0,2026-01-29,0.0
lrm_auctions:subastas_2026:3048cae5f3c9742d612cf8b0,2026-02-26,0.0
lrm_auctions:subastas_2026:3048cae5f3c9742d612cf8b0,2026-03-26,0.0
lrm_auctions:subastas_2026:3048cae5f3c9742d612cf8b0,2026-05-28,0.0
lrm_auctions:subastas_2026:3048cae5f3c9742d612cf8b0,2026-07-30,0.0
lrm_auctions:subastas_2026_100:6291f22e12272550ddb19294,2026-04-23,0.0
lrm_auctions:subastas_2026_100:6291f22e12272550ddb19294,2026-06-25,0.0
lrm_auctions:subastas_2026_101:fc22729f3313615a9203476a,2026-04-23,370000.0
lrm_auctions:subastas_2026_101:fc22729f3313615a9203476a,2026-06-25,1315000.0
lrm_auctions:subastas_2026_102:5aec5344e114c688c24f3cfd,2026-04-23,360000.0
lrm_auctions:subastas_2026_102:5aec5344e114c688c24f3cfd,2026-06-25,1315000.0
lrm_auctions:subastas_2026_103:fa2f58987deec1386218e267,2026-04-23,6.0
lrm_auctions:subastas_2026_103:fa2f58987deec1386218e267,2026-06-25,6.0
lrm_auctions:subastas_2026_104:d45f7c455271a36d9f87aa52,2026-04-23,5.0
lrm_auctions:subastas_2026_104:d45f7c455271a36d9f87aa52,2026-06-25,6.0
lrm_auctions:subastas_2026_105:b09aacb562341369ce00cbcb,2026-04-23,5.772972972972973
lrm_auctions:subastas_2026_105:b09aacb562341369ce00cbcb,2026-06-25,5.660836501901141
lrm_auctions:subastas_2026_106:5dac7e8944fc9c4ab5605db6,2026-04-23,5.74
lrm_auctions:subastas_2026_106:5dac7e8944fc9c4ab5605db6,2026-06-25,5.5
lrm_auctions:subastas_2026_107:7f8c29f6df4d56cb04fd1f67,2026-04-23,6.2
lrm_auctions:subastas_2026_107:7f8c29f6df4d56cb04fd1f67,2026-06-25,5.8
lrm_auctions:subastas_2026_108:cf0cd36a472795f63988f1ad,2026-04-23,5.761111111111111
lrm_auctions:subastas_2026_108:cf0cd36a472795f63988f1ad,2026-06-25,5.660836501901141
lrm_auctions:subastas_2026_109:8593b0fd7a59100882b72087,2026-04-23,5.74
lrm_auctions:subastas_2026_109:8593b0fd7a59100882b72087,2026-06-25,5.5
lrm_auctions:subastas_2026_10:45819eab5b1964d17abc4b91,2026-01-29,6.04
lrm_auctions:subastas_2026_10:45819eab5b1964d17abc4b91,2026-02-26,5.8
lrm_auctions:subastas_2026_10:45819eab5b1964d17abc4b91,2026-03-26,5.6
lrm_auctions:subastas_2026_10:45819eab5b1964d17abc4b91,2026-05-28,5.69
lrm_auctions:subastas_2026_10:45819eab5b1964d17abc4b91,2026-07-30,5.75
lrm_auctions:subastas_2026_110:db4d04bed7c47f4e72fbf182,2026-04-23,5.8
lrm_auctions:subastas_2026_110:db4d04bed7c47f4e72fbf182,2026-06-25,5.8
lrm_auctions:subastas_2026_111:e168ba907d86d66135609ffe,2026-04-23,0.0
lrm_auctions:subastas_2026_112:54cb2a43f0f907b65c5e292d,2026-04-23,20000.0
lrm_auctions:subastas_2026_113:8fe9354e9dbffc6520ff92ae,2026-04-23,20000.0
lrm_auctions:subastas_2026_114:e7e1b8fd87c1e28ed0126cc1,2026-04-23,2.0
lrm_auctions:subastas_2026_115:35cf952804fc72c665c0475a,2026-04-23,2.0
lrm_auctions:subastas_2026_116:47c7d14958d44202f576a601,2026-04-23,6.0
lrm_auctions:subastas_2026_117:a4d118f1fd0175e34946721c,2026-04-23,6.0
lrm_auctions:subastas_2026_118:d848ec47042f58bad3407aff,2026-04-23,6.0
lrm_auctions:subastas_2026_119:66b9d20c01e888f251b5cee9,2026-04-23,6.0
lrm_auctions:subastas_2026_11:dc674067b244570b92972daa,2026-01-29,6.05
lrm_auctions:subastas_2026_11:dc674067b244570b92972daa,2026-02-26,5.8
lrm_auctions:subastas_2026_11:dc674067b244570b92972daa,2026-03-26,5.8
lrm_auctions:subastas_2026_11:dc674067b244570b92972daa,2026-05-28,5.8
lrm_auctions:subastas_2026_11:dc674067b244570b92972daa,2026-07-30,5.8
lrm_auctions:subastas_2026_120:4b551f3170b65c380c5f7c82,2026-04-23,6.0
lrm_auctions:subastas_2026_121:a36159cea0b1ae1305daa5f3,2026-04-23,6.0
lrm_auctions:subastas_2026_122:8d1c4336c45453c11a855e39,2026-04-23,0.0
lrm_auctions:subastas_2026_123:7fb56ae347f47e4a1fee8f0b,2026-04-23,120000.0
lrm_auctions:subastas_2026_124:f5a2d962b61a4d15667d7501,2026-04-23,120000.0
lrm_auctions:subastas_2026_125:5ef665bf2bf1161dbef3b01d,2026-04-23,2.0
lrm_auctions:subastas_2026_126:51a87a18fc0fea8d47dbfae5,2026-04-23,2.0
lrm_auctions:subastas_2026_127:2e71d36d6f0175432b85781a,2026-04-23,6.091666666666667
lrm_auctions:subastas_2026_128:4e5fa0b8f6756d7795ea8262,2026-04-23,6.05
lrm_auctions:subastas_2026_129:3010f225e79dc375b07739ad,2026-04-23,6.1
lrm_auctions:subastas_2026_12:9a2827311a9e9d33ba6ff349,2026-01-29,0.0
lrm_auctions:subastas_2026_12:9a2827311a9e9d33ba6ff349,2026-02-26,0.0
lrm_auctions:subastas_2026_12:9a2827311a9e9d33ba6ff349,2026-07-30,0.0
lrm_auctions:subastas_2026_130:e9ac6513d95136eebafc6c51,2026-04-23,6.091666666666667
lrm_auctions:subastas_2026_131:e20621bef08ca53683d8c2dd,2026-04-23,6.05
lrm_auctions:subastas_2026_132:4f4919f4d731f9907d4bdd22,2026-04-23,6.1
lrm_auctions:subastas_2026_133:34317e3b600a5d9c905e4e0e,2026-04-23,0.0
lrm_auctions:subastas_2026_134:687359eed35381f1ea3c2a2a,2026-04-23,220000.0
lrm_auctions:subastas_2026_135:b59a75cade1246e5b1118b9f,2026-04-23,210000.0
lrm_auctions:subastas_2026_136:05896d317a407e07dc81011c,2026-04-23,4.0
lrm_auctions:subastas_2026_137:3beba1f89bfdcb5880472808,2026-04-23,3.0
lrm_auctions:subastas_2026_138:a059479a36d254e1702b3aeb,2026-04-23,6.370909090909091
lrm_auctions:subastas_2026_139:33b667ad83372670b5d5baf4,2026-04-23,6.3
lrm_auctions:subastas_2026_13:5beeccad37c0b7f1f2692791,2026-01-29,680000.0
lrm_auctions:subastas_2026_13:5beeccad37c0b7f1f2692791,2026-02-26,1200000.0
lrm_auctions:subastas_2026_13:5beeccad37c0b7f1f2692791,2026-07-30,682000.0
lrm_auctions:subastas_2026_140:dd8accda8d966d3bc6079655,2026-04-23,6.51
lrm_auctions:subastas_2026_141:e2abf549bed7799cb5501ff8,2026-04-23,6.364285714285714
lrm_auctions:subastas_2026_142:25ca3955f4c9d3729645be8d,2026-04-23,6.3
lrm_auctions:subastas_2026_143:2b75e274d60a7b8741d68e0a,2026-04-23,6.4
lrm_auctions:subastas_2026_144:19aa0c2824e33beffefd746e,2026-04-23,0.0
lrm_auctions:subastas_2026_145:702b30d234583a528a8b322e,2026-04-23,50000.0
lrm_auctions:subastas_2026_146:453e8f11c1454c72a3453daf,2026-04-23,40000.0
lrm_auctions:subastas_2026_147:cc75095a6da3152284529e7d,2026-04-23,2.0
lrm_auctions:subastas_2026_148:3d2f0a4dc05234c9fbfc5246,2026-04-23,1.0
lrm_auctions:subastas_2026_149:2e5b9d3c20eb99013f97a873,2026-04-23,6.472
lrm_auctions:subastas_2026_14:efcf4db332ddff7ea118d64c,2026-01-29,530000.0
lrm_auctions:subastas_2026_14:efcf4db332ddff7ea118d64c,2026-02-26,900000.0
lrm_auctions:subastas_2026_14:efcf4db332ddff7ea118d64c,2026-07-30,662000.0
lrm_auctions:subastas_2026_150:7c22f0dab2c1ad133ca5ff18,2026-04-23,6.45
lrm_auctions:subastas_2026_151:bd44e49ef0de63f7ce67ae25,2026-04-23,6.56
lrm_auctions:subastas_2026_152:43f0ddf9ef671fde4eba31bc,2026-04-23,6.45
lrm_auctions:subastas_2026_153:8739aec9d9e7afaa55117a42,2026-04-23,6.45
lrm_auctions:subastas_2026_154:a630b9e0899d1a4f4ae30133,2026-04-23,6.45
lrm_auctions:subastas_2026_155:96c0322bc00495cfd12314e0,2026-06-25,0.0
lrm_auctions:subastas_2026_156:ba0e5e4ea7797961da0bab3a,2026-06-25,50000.0
lrm_auctions:subastas_2026_157:65213aa83c8499c40bc2b56e,2026-06-25,50000.0
lrm_auctions:subastas_2026_158:efaa226f0cecde0232b30e05,2026-06-25,1.0
lrm_auctions:subastas_2026_159:34d2fe3147603f22d9ff7631,2026-06-25,1.0
lrm_auctions:subastas_2026_15:bc3c70bc79470454e1623143,2026-01-29,3.0
lrm_auctions:subastas_2026_15:bc3c70bc79470454e1623143,2026-02-26,6.0
lrm_auctions:subastas_2026_15:bc3c70bc79470454e1623143,2026-07-30,3.0
lrm_auctions:subastas_2026_160:1940848ee6823ef5f51ec0b4,2026-06-25,6.1
lrm_auctions:subastas_2026_161:c030286ed3355783c0673c7d,2026-06-25,6.1
lrm_auctions:subastas_2026_162:83d89ad17d3ceb4c42d40761,2026-06-25,6.1
lrm_auctions:subastas_2026_163:c58ba791d81e59b0b4a797b4,2026-06-25,6.1
lrm_auctions:subastas_2026_164:4e50d3c7509afefce25c8ca7,2026-06-25,6.1
lrm_auctions:subastas_2026_165:06aa2766f4661a251128d357,2026-06-25,6.1
lrm_auctions:subastas_2026_16:9b641e907ff47dfb7bd2d959,2026-01-29,2.0
lrm_auctions:subastas_2026_16:9b641e907ff47dfb7bd2d959,2026-02-26,5.0
lrm_auctions:subastas_2026_16:9b641e907ff47dfb7bd2d959,2026-07-30,2.0
lrm_auctions:subastas_2026_17:522a9ff86f0c5f3925788c15,2026-01-29,6.180441176470588
lrm_auctions:subastas_2026_17:522a9ff86f0c5f3925788c15,2026-02-26,5.934583333333333
lrm_auctions:subastas_2026_17:522a9ff86f0c5f3925788c15,2026-07-30,5.795601173020528
lrm_auctions:subastas_2026_18:f835a7565286472f6064b1eb,2026-01-29,6.09
lrm_auctions:subastas_2026_18:f835a7565286472f6064b1eb,2026-02-26,5.78
lrm_auctions:subastas_2026_18:f835a7565286472f6064b1eb,2026-07-30,5.79
lrm_auctions:subastas_2026_19:1569b092994575e4f365fd80,2026-01-29,6.5
lrm_auctions:subastas_2026_19:1569b092994575e4f365fd80,2026-02-26,6.25
lrm_auctions:subastas_2026_19:1569b092994575e4f365fd80,2026-07-30,5.95
lrm_auctions:subastas_2026_20:eea99792d3080cc491e41e61,2026-01-29,6.09
lrm_auctions:subastas_2026_20:eea99792d3080cc491e41e61,2026-02-26,5.829444444444444
lrm_auctions:subastas_2026_20:eea99792d3080cc491e41e61,2026-07-30,5.790936555891238
lrm_auctions:subastas_2026_21:ce4ce2fcd94fb6a8be5ccb97,2026-01-29,6.09
lrm_auctions:subastas_2026_21:ce4ce2fcd94fb6a8be5ccb97,2026-02-26,5.78
lrm_auctions:subastas_2026_21:ce4ce2fcd94fb6a8be5ccb97,2026-07-30,5.79
lrm_auctions:subastas_2026_22:66705411d4f15df9e2d9209b,2026-01-29,6.09
lrm_auctions:subastas_2026_22:66705411d4f15df9e2d9209b,2026-02-26,5.9
lrm_auctions:subastas_2026_22:66705411d4f15df9e2d9209b,2026-07-30,5.8
lrm_auctions:subastas_2026_23:857b1e4879ee7d121e324c09,2026-01-29,0.0
lrm_auctions:subastas_2026_24:5909046bd0120979e666c505,2026-01-29,260000.0
lrm_auctions:subastas_2026_25:67656b9c639e06f0a28f57b6,2026-01-29,160000.0
lrm_auctions:subastas_2026_26:0dea703a198af145df8a65bc,2026-01-29,5.0
lrm_auctions:subastas_2026_27:2551ad7f544c70bcbdfdf1dd,2026-01-29,4.0
lrm_auctions:subastas_2026_28:5bffc9cd5a0ae7e3ec159630,2026-01-29,6.390384615384615
lrm_auctions:subastas_2026_29:b190ac3edc1c362b8f602c4f,2026-01-29,6.15
lrm_auctions:subastas_2026_2:9247b31e01d1e0ac55a0c613,2026-01-29,1095000.0
lrm_auctions:subastas_2026_2:9247b31e01d1e0ac55a0c613,2026-02-26,750000.0
lrm_auctions:subastas_2026_2:9247b31e01d1e0ac55a0c613,2026-03-26,1425000.0
lrm_auctions:subastas_2026_2:9247b31e01d1e0ac55a0c613,2026-05-28,1186000.0
lrm_auctions:subastas_2026_2:9247b31e01d1e0ac55a0c613,2026-07-30,968000.0
lrm_auctions:subastas_2026_30:a2c2406d329a66ba2494f648,2026-01-29,6.75
lrm_auctions:subastas_2026_31:69ce62994afcb8aca66ee625,2026-01-29,6.165625
lrm_auctions:subastas_2026_32:a9eb5f20381e9fd66207e793,2026-01-29,6.15
lrm_auctions:subastas_2026_33:f6f9b367a29c1d0467dd79fa,2026-01-29,6.2
lrm_auctions:subastas_2026_34:e44c1e3c52f41f63ed5605bd,2026-01-29,0.0
lrm_auctions:subastas_2026_34:e44c1e3c52f41f63ed5605bd,2026-02-26,0.0
lrm_auctions:subastas_2026_34:e44c1e3c52f41f63ed5605bd,2026-03-26,0.0
lrm_auctions:subastas_2026_34:e44c1e3c52f41f63ed5605bd,2026-05-28,0.0
lrm_auctions:subastas_2026_34:e44c1e3c52f41f63ed5605bd,2026-07-30,0.0
lrm_auctions:subastas_2026_35:aaf6eb65b92a1b566a413296,2026-01-29,155000.0
lrm_auctions:subastas_2026_35:aaf6eb65b92a1b566a413296,2026-02-26,130000.0
lrm_auctions:subastas_2026_35:aaf6eb65b92a1b566a413296,2026-03-26,155000.0
lrm_auctions:subastas_2026_35:aaf6eb65b92a1b566a413296,2026-05-28,155000.0
lrm_auctions:subastas_2026_35:aaf6eb65b92a1b566a413296,2026-07-30,30000.0
lrm_auctions:subastas_2026_36:640b4b056ff21faadf718dca,2026-01-29,150000.0
lrm_auctions:subastas_2026_36:640b4b056ff21faadf718dca,2026-02-26,110000.0
lrm_auctions:subastas_2026_36:640b4b056ff21faadf718dca,2026-03-26,150000.0
lrm_auctions:subastas_2026_36:640b4b056ff21faadf718dca,2026-05-28,155000.0
lrm_auctions:subastas_2026_36:640b4b056ff21faadf718dca,2026-07-30,30000.0
lrm_auctions:subastas_2026_37:0bee62c66184fd637967f5a2,2026-01-29,3.0
lrm_auctions:subastas_2026_37:0bee62c66184fd637967f5a2,2026-02-26,3.0
lrm_auctions:subastas_2026_37:0bee62c66184fd637967f5a2,2026-03-26,4.0
lrm_auctions:subastas_2026_37:0bee62c66184fd637967f5a2,2026-05-28,2.0
lrm_auctions:subastas_2026_37:0bee62c66184fd637967f5a2,2026-07-30,1.0
lrm_auctions:subastas_2026_38:eadb3b0d05243d2c6900fcbc,2026-01-29,2.0
lrm_auctions:subastas_2026_38:eadb3b0d05243d2c6900fcbc,2026-02-26,2.0
lrm_auctions:subastas_2026_38:eadb3b0d05243d2c6900fcbc,2026-03-26,3.0
lrm_auctions:subastas_2026_38:eadb3b0d05243d2c6900fcbc,2026-05-28,2.0
lrm_auctions:subastas_2026_38:eadb3b0d05243d2c6900fcbc,2026-07-30,1.0
lrm_auctions:subastas_2026_39:5d71f900d8bbc611ba4983ea,2026-01-29,6.387096774193548
lrm_auctions:subastas_2026_39:5d71f900d8bbc611ba4983ea,2026-02-26,6.4
lrm_auctions:subastas_2026_39:5d71f900d8bbc611ba4983ea,2026-03-26,6.088709677419355
lrm_auctions:subastas_2026_39:5d71f900d8bbc611ba4983ea,2026-05-28,6.1
lrm_auctions:subastas_2026_39:5d71f900d8bbc611ba4983ea,2026-07-30,6.1
lrm_auctions:subastas_2026_3:224b5017a255c316d44d073e,2026-01-29,795000.0
lrm_auctions:subastas_2026_3:224b5017a255c316d44d073e,2026-02-26,450000.0
lrm_auctions:subastas_2026_3:224b5017a255c316d44d073e,2026-03-26,1425000.0
lrm_auctions:subastas_2026_3:224b5017a255c316d44d073e,2026-05-28,1186000.0
lrm_auctions:subastas_2026_3:224b5017a255c316d44d073e,2026-07-30,943000.0
lrm_auctions:subastas_2026_40:88e9ff84b8c642a4a38c010b,2026-01-29,6.25
lrm_auctions:subastas_2026_40:88e9ff84b8c642a4a38c010b,2026-02-26,6.2
lrm_auctions:subastas_2026_40:88e9ff84b8c642a4a38c010b,2026-03-26,6.0
lrm_auctions:subastas_2026_40:88e9ff84b8c642a4a38c010b,2026-05-28,6.1
lrm_auctions:subastas_2026_40:88e9ff84b8c642a4a38c010b,2026-07-30,6.1
lrm_auctions:subastas_2026_41:09849ee67600e0d554d7ce86,2026-01-29,8.0
lrm_auctions:subastas_2026_41:09849ee67600e0d554d7ce86,2026-02-26,7.5
lrm_auctions:subastas_2026_41:09849ee67600e0d554d7ce86,2026-03-26,7.75
lrm_auctions:subastas_2026_41:09849ee67600e0d554d7ce86,2026-05-28,6.1
lrm_auctions:subastas_2026_41:09849ee67600e0d554d7ce86,2026-07-30,6.1
lrm_auctions:subastas_2026_42:cc6093da5c5584f1d7a6a7e9,2026-01-29,6.333333333333333
lrm_auctions:subastas_2026_42:cc6093da5c5584f1d7a6a7e9,2026-02-26,6.2
lrm_auctions:subastas_2026_42:cc6093da5c5584f1d7a6a7e9,2026-03-26,6.033333333333333
lrm_auctions:subastas_2026_42:cc6093da5c5584f1d7a6a7e9,2026-05-28,6.1
lrm_auctions:subastas_2026_42:cc6093da5c5584f1d7a6a7e9,2026-07-30,6.1
lrm_auctions:subastas_2026_43:bf87f06f467e10f55b30080e,2026-01-29,6.25
lrm_auctions:subastas_2026_43:bf87f06f467e10f55b30080e,2026-02-26,6.2
lrm_auctions:subastas_2026_43:bf87f06f467e10f55b30080e,2026-03-26,6.0
lrm_auctions:subastas_2026_43:bf87f06f467e10f55b30080e,2026-05-28,6.1
lrm_auctions:subastas_2026_43:bf87f06f467e10f55b30080e,2026-07-30,6.1
lrm_auctions:subastas_2026_44:17425580ef717811a7ed1c29,2026-01-29,6.5
lrm_auctions:subastas_2026_44:17425580ef717811a7ed1c29,2026-02-26,6.2
lrm_auctions:subastas_2026_44:17425580ef717811a7ed1c29,2026-03-26,6.1
lrm_auctions:subastas_2026_44:17425580ef717811a7ed1c29,2026-05-28,6.1
lrm_auctions:subastas_2026_44:17425580ef717811a7ed1c29,2026-07-30,6.1
lrm_auctions:subastas_2026_45:3c684c164201d9a3f39a6fc8,2026-01-29,0.0
lrm_auctions:subastas_2026_45:3c684c164201d9a3f39a6fc8,2026-02-26,0.0
lrm_auctions:subastas_2026_45:3c684c164201d9a3f39a6fc8,2026-05-28,0.0
lrm_auctions:subastas_2026_45:3c684c164201d9a3f39a6fc8,2026-06-25,0.0
lrm_auctions:subastas_2026_45:3c684c164201d9a3f39a6fc8,2026-07-30,0.0
lrm_auctions:subastas_2026_46:58d25f2d4b7cc400aeb30c64,2026-01-29,80000.0
lrm_auctions:subastas_2026_46:58d25f2d4b7cc400aeb30c64,2026-02-26,230000.0
lrm_auctions:subastas_2026_46:58d25f2d4b7cc400aeb30c64,2026-05-28,55000.0
lrm_auctions:subastas_2026_46:58d25f2d4b7cc400aeb30c64,2026-06-25,50000.0
lrm_auctions:subastas_2026_47:bb79738bc541d407c321f056,2026-01-29,75000.0
lrm_auctions:subastas_2026_47:bb79738bc541d407c321f056,2026-02-26,210000.0
lrm_auctions:subastas_2026_47:bb79738bc541d407c321f056,2026-05-28,55000.0
lrm_auctions:subastas_2026_47:bb79738bc541d407c321f056,2026-06-25,50000.0
lrm_auctions:subastas_2026_48:86cf914be106c1ef4c652627,2026-01-29,6.0
lrm_auctions:subastas_2026_48:86cf914be106c1ef4c652627,2026-02-26,6.0
lrm_auctions:subastas_2026_48:86cf914be106c1ef4c652627,2026-05-28,2.0
lrm_auctions:subastas_2026_48:86cf914be106c1ef4c652627,2026-06-25,1.0
lrm_auctions:subastas_2026_49:66ee0fb711ef0cdccd87f353,2026-01-29,5.0
lrm_auctions:subastas_2026_49:66ee0fb711ef0cdccd87f353,2026-02-26,5.0
lrm_auctions:subastas_2026_49:66ee0fb711ef0cdccd87f353,2026-05-28,2.0
lrm_auctions:subastas_2026_49:66ee0fb711ef0cdccd87f353,2026-06-25,1.0
lrm_auctions:subastas_2026_4:010d5d8f25a1089f65a054b4,2026-01-29,3.0
lrm_auctions:subastas_2026_4:010d5d8f25a1089f65a054b4,2026-02-26,3.0
lrm_auctions:subastas_2026_4:010d5d8f25a1089f65a054b4,2026-03-26,5.0
lrm_auctions:subastas_2026_4:010d5d8f25a1089f65a054b4,2026-05-28,7.0
lrm_auctions:subastas_2026_4:010d5d8f25a1089f65a054b4,2026-07-30,6.0
lrm_auctions:subastas_2026_50:b4b5e2722f88ce742b672651,2026-01-29,6.81375
lrm_auctions:subastas_2026_50:b4b5e2722f88ce742b672651,2026-02-26,6.445652173913044
lrm_auctions:subastas_2026_50:b4b5e2722f88ce742b672651,2026-05-28,6.3945454545454545
lrm_auctions:subastas_2026_50:b4b5e2722f88ce742b672651,2026-06-25,6.4
lrm_auctions:subastas_2026_51:5b52d906236d2d89df7e4f26,2026-01-29,6.65
lrm_auctions:subastas_2026_51:5b52d906236d2d89df7e4f26,2026-02-26,6.2
lrm_auctions:subastas_2026_51:5b52d906236d2d89df7e4f26,2026-05-28,6.38
lrm_auctions:subastas_2026_51:5b52d906236d2d89df7e4f26,2026-06-25,6.4
lrm_auctions:subastas_2026_52:b2c88d501014eb0123d6c0ed,2026-01-29,8.25
lrm_auctions:subastas_2026_52:b2c88d501014eb0123d6c0ed,2026-02-26,8.0
lrm_auctions:subastas_2026_52:b2c88d501014eb0123d6c0ed,2026-05-28,6.4
lrm_auctions:subastas_2026_52:b2c88d501014eb0123d6c0ed,2026-06-25,6.4
lrm_auctions:subastas_2026_53:e182cba0234af1e753eb02fd,2026-01-29,6.718
lrm_auctions:subastas_2026_53:e182cba0234af1e753eb02fd,2026-02-26,6.2976190476190474
lrm_auctions:subastas_2026_53:e182cba0234af1e753eb02fd,2026-05-28,6.3945454545454545
lrm_auctions:subastas_2026_53:e182cba0234af1e753eb02fd,2026-06-25,6.4
lrm_auctions:subastas_2026_54:57e63b12970a0708ed266b9b,2026-01-29,6.65
lrm_auctions:subastas_2026_54:57e63b12970a0708ed266b9b,2026-02-26,6.2
lrm_auctions:subastas_2026_54:57e63b12970a0708ed266b9b,2026-05-28,6.38
lrm_auctions:subastas_2026_54:57e63b12970a0708ed266b9b,2026-06-25,6.4
lrm_auctions:subastas_2026_55:9762b95e07549b447d3c4e96,2026-01-29,6.75
lrm_auctions:subastas_2026_55:9762b95e07549b447d3c4e96,2026-02-26,6.49
lrm_auctions:subastas_2026_55:9762b95e07549b447d3c4e96,2026-05-28,6.4
lrm_auctions:subastas_2026_55:9762b95e07549b447d3c4e96,2026-06-25,6.4
lrm_auctions:subastas_2026_56:4bf6da531b85de74e05a06a8,2026-01-29,0.0
lrm_auctions:subastas_2026_56:4bf6da531b85de74e05a06a8,2026-02-26,0.0
lrm_auctions:subastas_2026_56:4bf6da531b85de74e05a06a8,2026-03-26,0.0
lrm_auctions:subastas_2026_56:4bf6da531b85de74e05a06a8,2026-05-28,0.0
lrm_auctions:subastas_2026_56:4bf6da531b85de74e05a06a8,2026-06-25,0.0
lrm_auctions:subastas_2026_56:4bf6da531b85de74e05a06a8,2026-07-30,0.0
lrm_auctions:subastas_2026_57:ee0d4c3a94f7908ff04d5f39,2026-01-29,140000.0
lrm_auctions:subastas_2026_57:ee0d4c3a94f7908ff04d5f39,2026-02-26,255000.0
lrm_auctions:subastas_2026_57:ee0d4c3a94f7908ff04d5f39,2026-03-26,40000.0
lrm_auctions:subastas_2026_57:ee0d4c3a94f7908ff04d5f39,2026-05-28,45000.0
lrm_auctions:subastas_2026_57:ee0d4c3a94f7908ff04d5f39,2026-06-25,15000.0
lrm_auctions:subastas_2026_57:ee0d4c3a94f7908ff04d5f39,2026-07-30,100000.0
lrm_auctions:subastas_2026_58:eea18eee3ecdee3e28e66da9,2026-01-29,110000.0
lrm_auctions:subastas_2026_58:eea18eee3ecdee3e28e66da9,2026-02-26,235000.0
lrm_auctions:subastas_2026_58:eea18eee3ecdee3e28e66da9,2026-03-26,20000.0
lrm_auctions:subastas_2026_58:eea18eee3ecdee3e28e66da9,2026-05-28,45000.0
lrm_auctions:subastas_2026_58:eea18eee3ecdee3e28e66da9,2026-06-25,15000.0
lrm_auctions:subastas_2026_58:eea18eee3ecdee3e28e66da9,2026-07-30,100000.0
lrm_auctions:subastas_2026_59:57b628dd262c8254a68a400f,2026-01-29,7.0
lrm_auctions:subastas_2026_59:57b628dd262c8254a68a400f,2026-02-26,7.0
lrm_auctions:subastas_2026_59:57b628dd262c8254a68a400f,2026-03-26,3.0
lrm_auctions:subastas_2026_59:57b628dd262c8254a68a400f,2026-05-28,2.0
lrm_auctions:subastas_2026_59:57b628dd262c8254a68a400f,2026-06-25,1.0
lrm_auctions:subastas_2026_59:57b628dd262c8254a68a400f,2026-07-30,1.0
lrm_auctions:subastas_2026_5:fc2d241f5907da61bc006a54,2026-01-29,2.0
lrm_auctions:subastas_2026_5:fc2d241f5907da61bc006a54,2026-02-26,2.0
lrm_auctions:subastas_2026_5:fc2d241f5907da61bc006a54,2026-03-26,5.0
lrm_auctions:subastas_2026_5:fc2d241f5907da61bc006a54,2026-05-28,7.0
lrm_auctions:subastas_2026_5:fc2d241f5907da61bc006a54,2026-07-30,4.0
lrm_auctions:subastas_2026_60:0e6c1578bd5d6820b9d67c61,2026-01-29,4.0
lrm_auctions:subastas_2026_60:0e6c1578bd5d6820b9d67c61,2026-02-26,6.0
lrm_auctions:subastas_2026_60:0e6c1578bd5d6820b9d67c61,2026-03-26,1.0
lrm_auctions:subastas_2026_60:0e6c1578bd5d6820b9d67c61,2026-05-28,2.0
lrm_auctions:subastas_2026_60:0e6c1578bd5d6820b9d67c61,2026-06-25,1.0
lrm_auctions:subastas_2026_60:0e6c1578bd5d6820b9d67c61,2026-07-30,1.0
lrm_auctions:subastas_2026_61:492f3999a838cd04f14590a4,2026-01-29,6.972142857142857
lrm_auctions:subastas_2026_61:492f3999a838cd04f14590a4,2026-02-26,6.479411764705882
lrm_auctions:subastas_2026_61:492f3999a838cd04f14590a4,2026-03-26,6.71625
lrm_auctions:subastas_2026_61:492f3999a838cd04f14590a4,2026-05-28,6.41
lrm_auctions:subastas_2026_61:492f3999a838cd04f14590a4,2026-06-25,6.56
lrm_auctions:subastas_2026_61:492f3999a838cd04f14590a4,2026-07-30,6.5
lrm_auctions:subastas_2026_62:0a1131f4a687bbd9d1b5e92b,2026-01-29,6.5
lrm_auctions:subastas_2026_62:0a1131f4a687bbd9d1b5e92b,2026-02-26,6.2
lrm_auctions:subastas_2026_62:0a1131f4a687bbd9d1b5e92b,2026-03-26,6.45
lrm_auctions:subastas_2026_62:0a1131f4a687bbd9d1b5e92b,2026-05-28,6.4
lrm_auctions:subastas_2026_62:0a1131f4a687bbd9d1b5e92b,2026-06-25,6.56
lrm_auctions:subastas_2026_62:0a1131f4a687bbd9d1b5e92b,2026-07-30,6.5
lrm_auctions:subastas_2026_63:d39b6838f8819b2de0ec3672,2026-01-29,8.5
lrm_auctions:subastas_2026_63:d39b6838f8819b2de0ec3672,2026-02-26,8.0
lrm_auctions:subastas_2026_63:d39b6838f8819b2de0ec3672,2026-03-26,8.25
lrm_auctions:subastas_2026_63:d39b6838f8819b2de0ec3672,2026-05-28,6.43
lrm_auctions:subastas_2026_63:d39b6838f8819b2de0ec3672,2026-06-25,6.56
lrm_auctions:subastas_2026_63:d39b6838f8819b2de0ec3672,2026-07-30,6.5
lrm_auctions:subastas_2026_64:9d92cdb1155eb126d248cd3d,2026-01-29,6.725454545454546
lrm_auctions:subastas_2026_64:9d92cdb1155eb126d248cd3d,2026-02-26,6.35
lrm_auctions:subastas_2026_64:9d92cdb1155eb126d248cd3d,2026-03-26,6.45
lrm_auctions:subastas_2026_64:9d92cdb1155eb126d248cd3d,2026-05-28,6.41
lrm_auctions:subastas_2026_64:9d92cdb1155eb126d248cd3d,2026-06-25,6.56
lrm_auctions:subastas_2026_64:9d92cdb1155eb126d248cd3d,2026-07-30,6.5
lrm_auctions:subastas_2026_65:9e65b04aa01c99458d690df0,2026-01-29,6.5
lrm_auctions:subastas_2026_65:9e65b04aa01c99458d690df0,2026-02-26,6.2
lrm_auctions:subastas_2026_65:9e65b04aa01c99458d690df0,2026-03-26,6.45
lrm_auctions:subastas_2026_65:9e65b04aa01c99458d690df0,2026-05-28,6.4
lrm_auctions:subastas_2026_65:9e65b04aa01c99458d690df0,2026-06-25,6.56
lrm_auctions:subastas_2026_65:9e65b04aa01c99458d690df0,2026-07-30,6.5
lrm_auctions:subastas_2026_66:af2e7749cfc1023bb5b38c17,2026-01-29,6.75
lrm_auctions:subastas_2026_66:af2e7749cfc1023bb5b38c17,2026-02-26,6.51
lrm_auctions:subastas_2026_66:af2e7749cfc1023bb5b38c17,2026-03-26,6.45
lrm_auctions:subastas_2026_66:af2e7749cfc1023bb5b38c17,2026-05-28,6.43
lrm_auctions:subastas_2026_66:af2e7749cfc1023bb5b38c17,2026-06-25,6.56
lrm_auctions:subastas_2026_66:af2e7749cfc1023bb5b38c17,2026-07-30,6.5
lrm_auctions:subastas_2026_67:200bac5a5818f3c1c7f12051,2026-02-26,0.0
lrm_auctions:subastas_2026_67:200bac5a5818f3c1c7f12051,2026-03-26,0.0
lrm_auctions:subastas_2026_67:200bac5a5818f3c1c7f12051,2026-05-28,0.0
lrm_auctions:subastas_2026_67:200bac5a5818f3c1c7f12051,2026-06-25,0.0
lrm_auctions:subastas_2026_67:200bac5a5818f3c1c7f12051,2026-07-30,0.0
lrm_auctions:subastas_2026_68:8d3ad5132b2716a5e9b7d842,2026-02-26,740000.0
lrm_auctions:subastas_2026_68:8d3ad5132b2716a5e9b7d842,2026-03-26,345000.0
lrm_auctions:subastas_2026_68:8d3ad5132b2716a5e9b7d842,2026-05-28,435000.0
lrm_auctions:subastas_2026_68:8d3ad5132b2716a5e9b7d842,2026-06-25,170000.0
lrm_auctions:subastas_2026_68:8d3ad5132b2716a5e9b7d842,2026-07-30,825000.0
lrm_auctions:subastas_2026_69:1796f78ac619b9822b3cdf63,2026-02-26,640000.0
lrm_auctions:subastas_2026_69:1796f78ac619b9822b3cdf63,2026-03-26,340000.0
lrm_auctions:subastas_2026_69:1796f78ac619b9822b3cdf63,2026-05-28,435000.0
lrm_auctions:subastas_2026_69:1796f78ac619b9822b3cdf63,2026-06-25,170000.0
lrm_auctions:subastas_2026_69:1796f78ac619b9822b3cdf63,2026-07-30,825000.0
lrm_auctions:subastas_2026_6:964a1e7acc58cf13bdd974d0,2026-01-29,6.100913242009132
lrm_auctions:subastas_2026_6:964a1e7acc58cf13bdd974d0,2026-02-26,5.88
lrm_auctions:subastas_2026_6:964a1e7acc58cf13bdd974d0,2026-03-26,5.707017543859649
lrm_auctions:subastas_2026_6:964a1e7acc58cf13bdd974d0,2026-05-28,5.732883642495784
lrm_auctions:subastas_2026_6:964a1e7acc58cf13bdd974d0,2026-07-30,5.757902892561983
lrm_auctions:subastas_2026_70:e98508eba46c33c0a983ce8e,2026-02-26,6.0
lrm_auctions:subastas_2026_70:e98508eba46c33c0a983ce8e,2026-03-26,6.0
lrm_auctions:subastas_2026_70:e98508eba46c33c0a983ce8e,2026-05-28,5.0
lrm_auctions:subastas_2026_70:e98508eba46c33c0a983ce8e,2026-06-25,4.0
lrm_auctions:subastas_2026_70:e98508eba46c33c0a983ce8e,2026-07-30,4.0
lrm_auctions:subastas_2026_71:50e8cd5d6a9164a387e71b58,2026-02-26,5.0
lrm_auctions:subastas_2026_71:50e8cd5d6a9164a387e71b58,2026-03-26,5.0
lrm_auctions:subastas_2026_71:50e8cd5d6a9164a387e71b58,2026-05-28,5.0
lrm_auctions:subastas_2026_71:50e8cd5d6a9164a387e71b58,2026-06-25,4.0
lrm_auctions:subastas_2026_71:50e8cd5d6a9164a387e71b58,2026-07-30,4.0
lrm_auctions:subastas_2026_72:956a873dc8d52b456ddad362,2026-02-26,5.958108108108108
lrm_auctions:subastas_2026_72:956a873dc8d52b456ddad362,2026-03-26,5.821014492753624
lrm_auctions:subastas_2026_72:956a873dc8d52b456ddad362,2026-05-28,5.9655172413793105
lrm_auctions:subastas_2026_72:956a873dc8d52b456ddad362,2026-06-25,5.905882352941177
lrm_auctions:subastas_2026_72:956a873dc8d52b456ddad362,2026-07-30,5.952121212121212
lrm_auctions:subastas_2026_73:5b6eb8a66c58a781bc5e1741,2026-02-26,5.84
lrm_auctions:subastas_2026_73:5b6eb8a66c58a781bc5e1741,2026-03-26,5.78
lrm_auctions:subastas_2026_73:5b6eb8a66c58a781bc5e1741,2026-05-28,5.95
lrm_auctions:subastas_2026_73:5b6eb8a66c58a781bc5e1741,2026-06-25,5.84
lrm_auctions:subastas_2026_73:5b6eb8a66c58a781bc5e1741,2026-07-30,5.95
lrm_auctions:subastas_2026_74:ee2c12a55786cf1f1c7f10ae,2026-02-26,6.5
lrm_auctions:subastas_2026_74:ee2c12a55786cf1f1c7f10ae,2026-03-26,7.25
lrm_auctions:subastas_2026_74:ee2c12a55786cf1f1c7f10ae,2026-05-28,6.0
lrm_auctions:subastas_2026_74:ee2c12a55786cf1f1c7f10ae,2026-06-25,6.0
lrm_auctions:subastas_2026_74:ee2c12a55786cf1f1c7f10ae,2026-07-30,6.0
lrm_auctions:subastas_2026_75:42e314b83bffe86da857c019,2026-02-26,5.8734375
lrm_auctions:subastas_2026_75:42e314b83bffe86da857c019,2026-03-26,5.8
lrm_auctions:subastas_2026_75:42e314b83bffe86da857c019,2026-05-28,5.9655172413793105
lrm_auctions:subastas_2026_75:42e314b83bffe86da857c019,2026-06-25,5.905882352941177
lrm_auctions:subastas_2026_75:42e314b83bffe86da857c019,2026-07-30,5.952121212121212
lrm_auctions:subastas_2026_76:820ff1f83b051209517929a0,2026-02-26,5.84
lrm_auctions:subastas_2026_76:820ff1f83b051209517929a0,2026-03-26,5.78
lrm_auctions:subastas_2026_76:820ff1f83b051209517929a0,2026-05-28,5.95
lrm_auctions:subastas_2026_76:820ff1f83b051209517929a0,2026-06-25,5.84
lrm_auctions:subastas_2026_76:820ff1f83b051209517929a0,2026-07-30,5.95
lrm_auctions:subastas_2026_77:0598755dd2a01a35e335ef4f,2026-02-26,6.0
lrm_auctions:subastas_2026_77:0598755dd2a01a35e335ef4f,2026-03-26,6.0
lrm_auctions:subastas_2026_77:0598755dd2a01a35e335ef4f,2026-05-28,6.0
lrm_auctions:subastas_2026_77:0598755dd2a01a35e335ef4f,2026-06-25,6.0
lrm_auctions:subastas_2026_77:0598755dd2a01a35e335ef4f,2026-07-30,6.0
lrm_auctions:subastas_2026_78:9ff1f873cad70f007841d6fb,2026-03-26,0.0
lrm_auctions:subastas_2026_78:9ff1f873cad70f007841d6fb,2026-04-23,0.0
lrm_auctions:subastas_2026_78:9ff1f873cad70f007841d6fb,2026-05-28,0.0
lrm_auctions:subastas_2026_78:9ff1f873cad70f007841d6fb,2026-06-25,0.0
lrm_auctions:subastas_2026_79:d4cc1cdb36214c28468b77c6,2026-03-26,911070.0
lrm_auctions:subastas_2026_79:d4cc1cdb36214c28468b77c6,2026-04-23,215000.0
lrm_auctions:subastas_2026_79:d4cc1cdb36214c28468b77c6,2026-05-28,500000.0
lrm_auctions:subastas_2026_79:d4cc1cdb36214c28468b77c6,2026-06-25,360000.0
lrm_auctions:subastas_2026_7:a2c726f33786f143af341123,2026-01-29,6.04
lrm_auctions:subastas_2026_7:a2c726f33786f143af341123,2026-02-26,5.8
lrm_auctions:subastas_2026_7:a2c726f33786f143af341123,2026-03-26,5.6
lrm_auctions:subastas_2026_7:a2c726f33786f143af341123,2026-05-28,5.69
lrm_auctions:subastas_2026_7:a2c726f33786f143af341123,2026-07-30,5.75
lrm_auctions:subastas_2026_80:513730b0cd1cc3e0f815fbea,2026-03-26,711070.0
lrm_auctions:subastas_2026_80:513730b0cd1cc3e0f815fbea,2026-04-23,210000.0
lrm_auctions:subastas_2026_80:513730b0cd1cc3e0f815fbea,2026-05-28,500000.0
lrm_auctions:subastas_2026_80:513730b0cd1cc3e0f815fbea,2026-06-25,360000.0
lrm_auctions:subastas_2026_81:6b5c01714ee506155b1fe3f6,2026-03-26,5.0
lrm_auctions:subastas_2026_81:6b5c01714ee506155b1fe3f6,2026-04-23,3.0
lrm_auctions:subastas_2026_81:6b5c01714ee506155b1fe3f6,2026-05-28,4.0
lrm_auctions:subastas_2026_81:6b5c01714ee506155b1fe3f6,2026-06-25,2.0
lrm_auctions:subastas_2026_82:e2be2668c3575b2f20f6c41b,2026-03-26,4.0
lrm_auctions:subastas_2026_82:e2be2668c3575b2f20f6c41b,2026-04-23,2.0
lrm_auctions:subastas_2026_82:e2be2668c3575b2f20f6c41b,2026-05-28,4.0
lrm_auctions:subastas_2026_82:e2be2668c3575b2f20f6c41b,2026-06-25,2.0
lrm_auctions:subastas_2026_83:4c6ee82fab987afd287f64c7,2026-03-26,5.845550835830397
lrm_auctions:subastas_2026_83:4c6ee82fab987afd287f64c7,2026-04-23,5.809302325581395
lrm_auctions:subastas_2026_83:4c6ee82fab987afd287f64c7,2026-05-28,5.788
lrm_auctions:subastas_2026_83:4c6ee82fab987afd287f64c7,2026-06-25,5.783333333333333
lrm_auctions:subastas_2026_84:a521249d959ea7180d2956bb,2026-03-26,5.8
lrm_auctions:subastas_2026_84:a521249d959ea7180d2956bb,2026-04-23,5.8
lrm_auctions:subastas_2026_84:a521249d959ea7180d2956bb,2026-05-28,5.78
lrm_auctions:subastas_2026_84:a521249d959ea7180d2956bb,2026-06-25,5.78
lrm_auctions:subastas_2026_85:bf720db09a600af58693674d,2026-03-26,6.0
lrm_auctions:subastas_2026_85:bf720db09a600af58693674d,2026-04-23,6.2
lrm_auctions:subastas_2026_85:bf720db09a600af58693674d,2026-05-28,5.8
lrm_auctions:subastas_2026_85:bf720db09a600af58693674d,2026-06-25,5.8
lrm_auctions:subastas_2026_86:d1f66421ecf147c9c96cee79,2026-03-26,5.802109496955293
lrm_auctions:subastas_2026_86:d1f66421ecf147c9c96cee79,2026-04-23,5.8
lrm_auctions:subastas_2026_86:d1f66421ecf147c9c96cee79,2026-05-28,5.788
lrm_auctions:subastas_2026_86:d1f66421ecf147c9c96cee79,2026-06-25,5.783333333333333
lrm_auctions:subastas_2026_87:07e39dcdda634d9a1a4e52ad,2026-03-26,5.8
lrm_auctions:subastas_2026_87:07e39dcdda634d9a1a4e52ad,2026-04-23,5.8
lrm_auctions:subastas_2026_87:07e39dcdda634d9a1a4e52ad,2026-05-28,5.78
lrm_auctions:subastas_2026_87:07e39dcdda634d9a1a4e52ad,2026-06-25,5.78
lrm_auctions:subastas_2026_88:8d17a06b79a2cc8390174bbf,2026-03-26,5.85
lrm_auctions:subastas_2026_88:8d17a06b79a2cc8390174bbf,2026-04-23,5.8
lrm_auctions:subastas_2026_88:8d17a06b79a2cc8390174bbf,2026-05-28,5.8
lrm_auctions:subastas_2026_88:8d17a06b79a2cc8390174bbf,2026-06-25,5.8
lrm_auctions:subastas_2026_89:e0c52753cb9e1e0c336ce78f,2026-03-26,0.0
lrm_auctions:subastas_2026_8:ad7a529327e2031b99ba55c6,2026-01-29,6.25
lrm_auctions:subastas_2026_8:ad7a529327e2031b99ba55c6,2026-02-26,6.0
lrm_auctions:subastas_2026_8:ad7a529327e2031b99ba55c6,2026-03-26,5.8
lrm_auctions:subastas_2026_8:ad7a529327e2031b99ba55c6,2026-05-28,5.8
lrm_auctions:subastas_2026_8:ad7a529327e2031b99ba55c6,2026-07-30,6.0
lrm_auctions:subastas_2026_90:0a28c3937bc09f0bec5946e1,2026-03-26,55000.0
lrm_auctions:subastas_2026_91:5c24be4b1e09198088c00157,2026-03-26,50000.0
lrm_auctions:subastas_2026_92:41c725b3261fd9cfea43fa23,2026-03-26,3.0
lrm_auctions:subastas_2026_93:f8b7c7c8ee2c88c066f2815c,2026-03-26,2.0
lrm_auctions:subastas_2026_94:7203bf3c80fb87c48fdf000a,2026-03-26,6.509090909090909
lrm_auctions:subastas_2026_95:4f1bec8a17e46dbb05715a57,2026-03-26,6.3
lrm_auctions:subastas_2026_96:85e917227ee5ad6a32b5a894,2026-03-26,8.0
lrm_auctions:subastas_2026_97:2f985e7df702347e82618ef9,2026-03-26,6.36
lrm_auctions:subastas_2026_98:3d609ddf16602571e6fb9854,2026-03-26,6.3
lrm_auctions:subastas_2026_99:12c7f1cb30e71df411315ee9,2026-03-26,6.4
lrm_auctions:subastas_2026_9:908f8f022440bbfbdb65bb24,2026-01-29,6.044654088050314
lrm_auctions:subastas_2026_9:908f8f022440bbfbdb65bb24,2026-02-26,5.8
lrm_auctions:subastas_2026_9:908f8f022440bbfbdb65bb24,2026-03-26,5.707017543859649
lrm_auctions:subastas_2026_9:908f8f022440bbfbdb65bb24,2026-05-28,5.732883642495784
lrm_auctions:subastas_2026_9:908f8f022440bbfbdb65bb24,2026-07-30,5.753605514316012
