observation_signature,observations,group_size,constant_population,series_id,source_id,original_source_label,full_series_path,frequency,unit_code,first_period,last_period,diagnostic_disposition
e6bb3b7a2307a4f0b68d5ec37a8e3590,17,916,TRUE,insurance_annex:x1_10:3cec42cb9126484bbc9ac6f7,insurance_annex,Gastos de liquidación de siniestros — Gastos de Liquidación de Siniestros - Sección Salud o Enfermedad,Gastos de liquidación de siniestros — Gastos de liquidación de siniestros — Gastos de Liquidación de Siniestros - Sección Salud o Enfermedad,annual,PYG,2009-01-01T00:00:00Z,2025-12-31T00:00:00Z,review_indicator_only
e6bb3b7a2307a4f0b68d5ec37a8e3590,17,916,TRUE,insurance_annex:x1_10:6db6a86ad5aadba679c8e1fd,insurance_annex,Gastos de liquidación de siniestros — Gastos de Liquidación de Siniestros - Sección Defunción o Sepelio,Gastos de liquidación de siniestros — Gastos de liquidación de siniestros — Gastos de Liquidación de Siniestros - Sección Defunción o Sepelio,annual,PYG,2009-01-01T00:00:00Z,2025-12-31T00:00:00Z,review_indicator_only
e6bb3b7a2307a4f0b68d5ec37a8e3590,17,916,TRUE,insurance_annex:x1_10:7c332adc54466e72fa23c2ed,insurance_annex,Gastos de liquidación de siniestros — Gastos de Liquidación de Siniestros - Sección Desgravamen Hipotecario Corto Plazo,Gastos de liquidación de siniestros — Gastos de liquidación de siniestros — Gastos de Liquidación de Siniestros - Sección Desgravamen Hipotecario Corto Plazo,annual,PYG,2009-01-01T00:00:00Z,2025-12-31T00:00:00Z,review_indicator_only
e6bb3b7a2307a4f0b68d5ec37a8e3590,17,916,TRUE,insurance_annex:x1_10:8c4988f6cdd9c349c90c7456,insurance_annex,Gastos de liquidación de siniestros — Gastos de Liquidación de Siniestros - Sección Desgravamen Hipotecario Largo Plazo,Gastos de liquidación de siniestros — Gastos de liquidación de siniestros — Gastos de Liquidación de Siniestros - Sección Desgravamen Hipotecario Largo Plazo,annual,PYG,2009-01-01T00:00:00Z,2025-12-31T00:00:00Z,review_indicator_only
e6bb3b7a2307a4f0b68d5ec37a8e3590,17,916,TRUE,insurance_annex:x1_10:b53879909757326747686a07,insurance_annex,Gastos de liquidación de siniestros — Gastos de Liquidación de Siniestros - Sección Seguros Colectivos Largo Plazo,Gastos de liquidación de siniestros — Gastos de liquidación de siniestros — Gastos de Liquidación de Siniestros - Sección Seguros Colectivos Largo Plazo,annual,PYG,2009-01-01T00:00:00Z,2025-12-31T00:00:00Z,review_indicator_only
e6bb3b7a2307a4f0b68d5ec37a8e3590,17,916,TRUE,insurance_annex:x1_10:c599befa94dbfc4d713fe7b1,insurance_annex,Gastos de liquidación de siniestros — Gastos de Liquidación de Siniestros - Sección Pensiones Voluntarias,Gastos de liquidación de siniestros — Gastos de liquidación de siniestros — Gastos de Liquidación de Siniestros - Sección Pensiones Voluntarias,annual,PYG,2009-01-01T00:00:00Z,2025-12-31T00:00:00Z,review_indicator_only
e6bb3b7a2307a4f0b68d5ec37a8e3590,17,916,TRUE,insurance_annex:x1_11:0136d921163803c727fbe53d,insurance_annex,Total Participación Recupero reaseguros cedidos local — Caución,Total Participación Recupero reaseguros cedidos local — Total Participación Recupero reaseguros cedidos local — Caución,annual,PYG,2009-01-01T00:00:00Z,2025-12-31T00:00:00Z,review_indicator_only
e6bb3b7a2307a4f0b68d5ec37a8e3590,17,916,TRUE,insurance_annex:x1_11:05df49fdce56763231e606a1,insurance_annex,Participación Recupero reaseguros cedidos local - No Proporcional — Riesgos Técnicos,Participación Recupero reaseguros cedidos local - No Proporcional — Participación Recupero reaseguros cedidos local - No Proporcional — Riesgos Técnicos,annual,PYG,2009-01-01T00:00:00Z,2025-12-31T00:00:00Z,review_indicator_only
e6bb3b7a2307a4f0b68d5ec37a8e3590,17,916,TRUE,insurance_annex:x1_11:067b6b2f3edcf29e79a9c97b,insurance_annex,Participación Recupero reaseguros cedidos local - Proporcional — Transporte,Participación Recupero reaseguros cedidos local - Proporcional — Participación Recupero reaseguros cedidos local - Proporcional — Transporte,annual,PYG,2009-01-01T00:00:00Z,2025-12-31T00:00:00Z,review_indicator_only
e6bb3b7a2307a4f0b68d5ec37a8e3590,17,916,TRUE,insurance_annex:x1_11:097bb58f0d0bb54b43e72e48,insurance_annex,Participación Recupero reaseguros cedidos local - No Proporcional — Accidentes a Pasajeros,Participación Recupero reaseguros cedidos local - No Proporcional — Participación Recupero reaseguros cedidos local - No Proporcional — Accidentes a Pasajeros,annual,PYG,2009-01-01T00:00:00Z,2025-12-31T00:00:00Z,review_indicator_only
e6bb3b7a2307a4f0b68d5ec37a8e3590,17,916,TRUE,insurance_annex:x1_11:0c4243443a9104db90fc7b51,insurance_annex,Total Participación Recupero reaseguros cedidos local — Participación de Siniestros Recuperados Sección Salud o Enfermedad,Total Participación Recupero reaseguros cedidos local — Total Participación Recupero reaseguros cedidos local — Participación de Siniestros Recuperados Sección Salud o Enfermedad,annual,PYG,2009-01-01T00:00:00Z,2025-12-31T00:00:00Z,review_indicator_only
e6bb3b7a2307a4f0b68d5ec37a8e3590,17,916,TRUE,insurance_annex:x1_11:14bd07bd66cbcab06b0a83cb,insurance_annex,Participación Recupero reaseguros cedidos local - No Proporcional — Riesgos Varios,Participación Recupero reaseguros cedidos local - No Proporcional — Participación Recupero reaseguros cedidos local - No Proporcional — Riesgos Varios,annual,PYG,2009-01-01T00:00:00Z,2025-12-31T00:00:00Z,review_indicator_only
e6bb3b7a2307a4f0b68d5ec37a8e3590,17,916,TRUE,insurance_annex:x1_11:1f957574fdf6f5b89cfe6ee9,insurance_annex,Participación Recupero reaseguros cedidos local - Proporcional — Riesgos Varios,Participación Recupero reaseguros cedidos local - Proporcional — Participación Recupero reaseguros cedidos local - Proporcional — Riesgos Varios,annual,PYG,2009-01-01T00:00:00Z,2025-12-31T00:00:00Z,review_indicator_only
e6bb3b7a2307a4f0b68d5ec37a8e3590,17,916,TRUE,insurance_annex:x1_11:29d9d306e38d60d79c6e8bff,insurance_annex,Participación Recupero reaseguros cedidos local - Proporcional — Robo y Asalto,Participación Recupero reaseguros cedidos local - Proporcional — Participación Recupero reaseguros cedidos local - Proporcional — Robo y Asalto,annual,PYG,2009-01-01T00:00:00Z,2025-12-31T00:00:00Z,review_indicator_only
e6bb3b7a2307a4f0b68d5ec37a8e3590,17,916,TRUE,insurance_annex:x1_11:2bb425c5adbbfa5aa964438c,insurance_annex,Participación Recupero reaseguros cedidos local - Proporcional — Accidentes a Pasajeros,Participación Recupero reaseguros cedidos local - Proporcional — Participación Recupero reaseguros cedidos local - Proporcional — Accidentes a Pasajeros,annual,PYG,2009-01-01T00:00:00Z,2025-12-31T00:00:00Z,review_indicator_only
e6bb3b7a2307a4f0b68d5ec37a8e3590,17,916,TRUE,insurance_annex:x1_11:357941569028edd7b8343cba,insurance_annex,Total Participación Recupero reaseguros cedidos local — Participación de Siniestros Recuperados Sección Vida Individual Largo Plazo,Total Participación Recupero reaseguros cedidos local — Total Participación Recupero reaseguros cedidos local — Participación de Siniestros Recuperados Sección Vida Individual Largo Plazo,annual,PYG,2009-01-01T00:00:00Z,2025-12-31T00:00:00Z,review_indicator_only
e6bb3b7a2307a4f0b68d5ec37a8e3590,17,916,TRUE,insurance_annex:x1_11:35b75d150c8f6c1f9a3a766c,insurance_annex,Participación Recupero reaseguros cedidos local - No Proporcional — Total Vida Corto Plazo,Participación Recupero reaseguros cedidos local - No Proporcional — Participación Recupero reaseguros cedidos local - No Proporcional — Total Vida Corto Plazo,annual,PYG,2009-01-01T00:00:00Z,2025-12-31T00:00:00Z,review_indicator_only
e6bb3b7a2307a4f0b68d5ec37a8e3590,17,916,TRUE,insurance_annex:x1_11:3785f1c6e0ab18d6c0bb3b9b,insurance_annex,Participación Recupero reaseguros cedidos local - Proporcional — Participación de Siniestros Recuperados Sección Vida Individual Largo Plazo,Participación Recupero reaseguros cedidos local - Proporcional — Participación Recupero reaseguros cedidos local - Proporcional — Participación de Siniestros Recuperados Sección Vida Individual Largo Plazo,annual,PYG,2009-01-01T00:00:00Z,2025-12-31T00:00:00Z,review_indicator_only
e6bb3b7a2307a4f0b68d5ec37a8e3590,17,916,TRUE,insurance_annex:x1_11:3829abcab5168efaaa2af9c3,insurance_annex,Participación Recupero reaseguros cedidos local - Proporcional — Total Vida Largo Plazo,Participación Recupero reaseguros cedidos local - Proporcional — Participación Recupero reaseguros cedidos local - Proporcional — Total Vida Largo Plazo,annual,PYG,2009-01-01T00:00:00Z,2025-12-31T00:00:00Z,review_indicator_only
e6bb3b7a2307a4f0b68d5ec37a8e3590,17,916,TRUE,insurance_annex:x1_11:39ec73b48d4627cb1b154feb,insurance_annex,Total Participación Recupero reaseguros cedidos local — Aeronavegación,Total Participación Recupero reaseguros cedidos local — Total Participación Recupero reaseguros cedidos local — Aeronavegación,annual,PYG,2009-01-01T00:00:00Z,2025-12-31T00:00:00Z,review_indicator_only
e6bb3b7a2307a4f0b68d5ec37a8e3590,17,916,TRUE,insurance_annex:x1_11:3b1d5a55db013cd2fe96fa3e,insurance_annex,Total Participación Recupero reaseguros cedidos local — Accidentes Personales,Total Participación Recupero reaseguros cedidos local — Total Participación Recupero reaseguros cedidos local — Accidentes Personales,annual,PYG,2009-01-01T00:00:00Z,2025-12-31T00:00:00Z,review_indicator_only
e6bb3b7a2307a4f0b68d5ec37a8e3590,17,916,TRUE,insurance_annex:x1_11:3c689d6fa94aad9cd951bec0,insurance_annex,Participación Recupero reaseguros cedidos local - No Proporcional — Transporte,Participación Recupero reaseguros cedidos local - No Proporcional — Participación Recupero reaseguros cedidos local - No Proporcional — Transporte,annual,PYG,2009-01-01T00:00:00Z,2025-12-31T00:00:00Z,review_indicator_only
e6bb3b7a2307a4f0b68d5ec37a8e3590,17,916,TRUE,insurance_annex:x1_11:3ef371af42c74e3dec6b9eec,insurance_annex,Participación Recupero reaseguros cedidos local - No Proporcional — Aeronavegación,Participación Recupero reaseguros cedidos local - No Proporcional — Participación Recupero reaseguros cedidos local - No Proporcional — Aeronavegación,annual,PYG,2009-01-01T00:00:00Z,2025-12-31T00:00:00Z,review_indicator_only
e6bb3b7a2307a4f0b68d5ec37a8e3590,17,916,TRUE,insurance_annex:x1_11:46b72f160547bc3662990d4a,insurance_annex,Participación Recupero reaseguros cedidos local - No Proporcional — Participación de Siniestros Recuperados Sección Desgravamen Hipotecario Corto Plazo,Participación Recupero reaseguros cedidos local - No Proporcional — Participación Recupero reaseguros cedidos local - No Proporcional — Participación de Siniestros Recuperados Sección Desgravamen Hipotecario Corto Plazo,annual,PYG,2009-01-01T00:00:00Z,2025-12-31T00:00:00Z,review_indicator_only
e6bb3b7a2307a4f0b68d5ec37a8e3590,17,916,TRUE,insurance_annex:x1_11:4a95283d3dc957339ad1af4a,insurance_annex,Participación Recupero reaseguros cedidos local - No Proporcional — Participación de Siniestros Recuperados Sección Salud o Enfermedad,Participación Recupero reaseguros cedidos local - No Proporcional — Participación Recupero reaseguros cedidos local - No Proporcional — Participación de Siniestros Recuperados Sección Salud o Enfermedad,annual,PYG,2009-01-01T00:00:00Z,2025-12-31T00:00:00Z,review_indicator_only
e6bb3b7a2307a4f0b68d5ec37a8e3590,17,916,TRUE,insurance_annex:x1_11:4e84d855e666c46282600c96,insurance_annex,Total Participación Recupero reaseguros cedidos local — Riesgos Técnicos,Total Participación Recupero reaseguros cedidos local — Total Participación Recupero reaseguros cedidos local — Riesgos Técnicos,annual,PYG,2009-01-01T00:00:00Z,2025-12-31T00:00:00Z,review_indicator_only
e6bb3b7a2307a4f0b68d5ec37a8e3590,17,916,TRUE,insurance_annex:x1_11:52c574d3f7ce26a80a7c479c,insurance_annex,"Total Participación Recupero reaseguros cedidos local — Cristales, Vidrios y Espejos","Total Participación Recupero reaseguros cedidos local — Total Participación Recupero reaseguros cedidos local — Cristales, Vidrios y Espejos",annual,PYG,2009-01-01T00:00:00Z,2025-12-31T00:00:00Z,review_indicator_only
e6bb3b7a2307a4f0b68d5ec37a8e3590,17,916,TRUE,insurance_annex:x1_11:5430986f2308fc811ac2b1b9,insurance_annex,"Participación Recupero reaseguros cedidos local - No Proporcional — Cristales, Vidrios y Espejos","Participación Recupero reaseguros cedidos local - No Proporcional — Participación Recupero reaseguros cedidos local - No Proporcional — Cristales, Vidrios y Espejos",annual,PYG,2009-01-01T00:00:00Z,2025-12-31T00:00:00Z,review_indicator_only
e6bb3b7a2307a4f0b68d5ec37a8e3590,17,916,TRUE,insurance_annex:x1_11:544ff54b9c4a3a4c5409c8ef,insurance_annex,Total Participación Recupero reaseguros cedidos local — Participación de Siniestros Recuperados Sección Desgravamen Hipotecario Corto Plazo,Total Participación Recupero reaseguros cedidos local — Total Participación Recupero reaseguros cedidos local — Participación de Siniestros Recuperados Sección Desgravamen Hipotecario Corto Plazo,annual,PYG,2009-01-01T00:00:00Z,2025-12-31T00:00:00Z,review_indicator_only
e6bb3b7a2307a4f0b68d5ec37a8e3590,17,916,TRUE,insurance_annex:x1_11:5acce7af9d84a5a64bc74dc0,insurance_annex,Participación Recupero reaseguros cedidos local - Proporcional — Participación de Siniestros Recuperados Sección Defunción o Sepelio,Participación Recupero reaseguros cedidos local - Proporcional — Participación Recupero reaseguros cedidos local - Proporcional — Participación de Siniestros Recuperados Sección Defunción o Sepelio,annual,PYG,2009-01-01T00:00:00Z,2025-12-31T00:00:00Z,review_indicator_only
e6bb3b7a2307a4f0b68d5ec37a8e3590,17,916,TRUE,insurance_annex:x1_11:5e753cae8d354eca66c2c629,insurance_annex,Total Participación Recupero reaseguros cedidos local — Responsabilidad Civil,Total Participación Recupero reaseguros cedidos local — Total Participación Recupero reaseguros cedidos local — Responsabilidad Civil,annual,PYG,2009-01-01T00:00:00Z,2025-12-31T00:00:00Z,review_indicator_only
e6bb3b7a2307a4f0b68d5ec37a8e3590,17,916,TRUE,insurance_annex:x1_11:607b2967d963c74df9f6e56f,insurance_annex,Total Participación Recupero reaseguros cedidos local — Total Vida Largo Plazo,Total Participación Recupero reaseguros cedidos local — Total Participación Recupero reaseguros cedidos local — Total Vida Largo Plazo,annual,PYG,2009-01-01T00:00:00Z,2025-12-31T00:00:00Z,review_indicator_only
e6bb3b7a2307a4f0b68d5ec37a8e3590,17,916,TRUE,insurance_annex:x1_11:61a424aeef9cee7f3491ee63,insurance_annex,Total Participación Recupero reaseguros cedidos local — Automóviles,Total Participación Recupero reaseguros cedidos local — Total Participación Recupero reaseguros cedidos local — Automóviles,annual,PYG,2009-01-01T00:00:00Z,2025-12-31T00:00:00Z,review_indicator_only
e6bb3b7a2307a4f0b68d5ec37a8e3590,17,916,TRUE,insurance_annex:x1_11:693ff2cfe8b89aee9d92e581,insurance_annex,Participación Recupero reaseguros cedidos local - No Proporcional — Participación de Siniestros Recuperados Sección Seguros Colectivos Corto Plazo,Participación Recupero reaseguros cedidos local - No Proporcional — Participación Recupero reaseguros cedidos local - No Proporcional — Participación de Siniestros Recuperados Sección Seguros Colectivos Corto Plazo,annual,PYG,2009-01-01T00:00:00Z,2025-12-31T00:00:00Z,review_indicator_only
e6bb3b7a2307a4f0b68d5ec37a8e3590,17,916,TRUE,insurance_annex:x1_11:6a76c60a0432349756166a21,insurance_annex,Total Participación Recupero reaseguros cedidos local — Riesgos Varios,Total Participación Recupero reaseguros cedidos local — Total Participación Recupero reaseguros cedidos local — Riesgos Varios,annual,PYG,2009-01-01T00:00:00Z,2025-12-31T00:00:00Z,review_indicator_only
e6bb3b7a2307a4f0b68d5ec37a8e3590,17,916,TRUE,insurance_annex:x1_11:6b75734b0e8b8ff928814ece,insurance_annex,Total Participación Recupero reaseguros cedidos local — Participación de Siniestros Recuperados Sección Seguros Colectivos Largo Plazo,Total Participación Recupero reaseguros cedidos local — Total Participación Recupero reaseguros cedidos local — Participación de Siniestros Recuperados Sección Seguros Colectivos Largo Plazo,annual,PYG,2009-01-01T00:00:00Z,2025-12-31T00:00:00Z,review_indicator_only
e6bb3b7a2307a4f0b68d5ec37a8e3590,17,916,TRUE,insurance_annex:x1_11:6d53e0da7ed66fa835039046,insurance_annex,Participación Recupero reaseguros cedidos local - Proporcional — Riesgos Técnicos,Participación Recupero reaseguros cedidos local - Proporcional — Participación Recupero reaseguros cedidos local - Proporcional — Riesgos Técnicos,annual,PYG,2009-01-01T00:00:00Z,2025-12-31T00:00:00Z,review_indicator_only
e6bb3b7a2307a4f0b68d5ec37a8e3590,17,916,TRUE,insurance_annex:x1_11:7c765026c7df3216479960bd,insurance_annex,Participación Recupero reaseguros cedidos local - No Proporcional — Agropecuario,Participación Recupero reaseguros cedidos local - No Proporcional — Participación Recupero reaseguros cedidos local - No Proporcional — Agropecuario,annual,PYG,2009-01-01T00:00:00Z,2025-12-31T00:00:00Z,review_indicator_only
e6bb3b7a2307a4f0b68d5ec37a8e3590,17,916,TRUE,insurance_annex:x1_11:800a15e55574a169440c56b8,insurance_annex,Total Participación Recupero reaseguros cedidos local — Total Vida Corto Plazo,Total Participación Recupero reaseguros cedidos local — Total Participación Recupero reaseguros cedidos local — Total Vida Corto Plazo,annual,PYG,2009-01-01T00:00:00Z,2025-12-31T00:00:00Z,review_indicator_only
e6bb3b7a2307a4f0b68d5ec37a8e3590,17,916,TRUE,insurance_annex:x1_11:81096145f166ed06bb69933d,insurance_annex,Participación Recupero reaseguros cedidos local - Proporcional — Responsabilidad Civil,Participación Recupero reaseguros cedidos local - Proporcional — Participación Recupero reaseguros cedidos local - Proporcional — Responsabilidad Civil,annual,PYG,2009-01-01T00:00:00Z,2025-12-31T00:00:00Z,review_indicator_only
e6bb3b7a2307a4f0b68d5ec37a8e3590,17,916,TRUE,insurance_annex:x1_11:8259366ddb0b457500a811e5,insurance_annex,Participación Recupero reaseguros cedidos local - Proporcional — Total Vida Corto Plazo,Participación Recupero reaseguros cedidos local - Proporcional — Participación Recupero reaseguros cedidos local - Proporcional — Total Vida Corto Plazo,annual,PYG,2009-01-01T00:00:00Z,2025-12-31T00:00:00Z,review_indicator_only
e6bb3b7a2307a4f0b68d5ec37a8e3590,17,916,TRUE,insurance_annex:x1_11:838cae541457cdc9849f8064,insurance_annex,Participación Recupero reaseguros cedidos local - No Proporcional — Participación de Siniestros Recuperados Sección Defunción o Sepelio,Participación Recupero reaseguros cedidos local - No Proporcional — Participación Recupero reaseguros cedidos local - No Proporcional — Participación de Siniestros Recuperados Sección Defunción o Sepelio,annual,PYG,2009-01-01T00:00:00Z,2025-12-31T00:00:00Z,review_indicator_only
e6bb3b7a2307a4f0b68d5ec37a8e3590,17,916,TRUE,insurance_annex:x1_11:839d6babd76acac245594fca,insurance_annex,Total Participación Recupero reaseguros cedidos local — Transporte,Total Participación Recupero reaseguros cedidos local — Total Participación Recupero reaseguros cedidos local — Transporte,annual,PYG,2009-01-01T00:00:00Z,2025-12-31T00:00:00Z,review_indicator_only
e6bb3b7a2307a4f0b68d5ec37a8e3590,17,916,TRUE,insurance_annex:x1_11:83cc5dc151fdd8488e9e5195,insurance_annex,Participación Recupero reaseguros cedidos local - No Proporcional — Participación de Siniestros Recuperados Sección Vida Individual Corto Plazo,Participación Recupero reaseguros cedidos local - No Proporcional — Participación Recupero reaseguros cedidos local - No Proporcional — Participación de Siniestros Recuperados Sección Vida Individual Corto Plazo,annual,PYG,2009-01-01T00:00:00Z,2025-12-31T00:00:00Z,review_indicator_only
e6bb3b7a2307a4f0b68d5ec37a8e3590,17,916,TRUE,insurance_annex:x1_11:854fb708c443c393a7958408,insurance_annex,Participación Recupero reaseguros cedidos local - No Proporcional — Participación de Siniestros Recuperados Sección Seguros Colectivos Largo Plazo,Participación Recupero reaseguros cedidos local - No Proporcional — Participación Recupero reaseguros cedidos local - No Proporcional — Participación de Siniestros Recuperados Sección Seguros Colectivos Largo Plazo,annual,PYG,2009-01-01T00:00:00Z,2025-12-31T00:00:00Z,review_indicator_only
e6bb3b7a2307a4f0b68d5ec37a8e3590,17,916,TRUE,insurance_annex:x1_11:89b68f06c982127a01806ab5,insurance_annex,Participación Recupero reaseguros cedidos local - No Proporcional — Automóviles,Participación Recupero reaseguros cedidos local - No Proporcional — Participación Recupero reaseguros cedidos local - No Proporcional — Automóviles,annual,PYG,2009-01-01T00:00:00Z,2025-12-31T00:00:00Z,review_indicator_only
e6bb3b7a2307a4f0b68d5ec37a8e3590,17,916,TRUE,insurance_annex:x1_11:89c7e9e2568693e41484bc97,insurance_annex,Participación Recupero reaseguros cedidos local - Proporcional — Participación de Siniestros Recuperados Sección Salud o Enfermedad,Participación Recupero reaseguros cedidos local - Proporcional — Participación Recupero reaseguros cedidos local - Proporcional — Participación de Siniestros Recuperados Sección Salud o Enfermedad,annual,PYG,2009-01-01T00:00:00Z,2025-12-31T00:00:00Z,review_indicator_only
e6bb3b7a2307a4f0b68d5ec37a8e3590,17,916,TRUE,insurance_annex:x1_11:8a7310efb9ca227043e5a426,insurance_annex,Total Participación Recupero reaseguros cedidos local — Accidentes a Pasajeros,Total Participación Recupero reaseguros cedidos local — Total Participación Recupero reaseguros cedidos local — Accidentes a Pasajeros,annual,PYG,2009-01-01T00:00:00Z,2025-12-31T00:00:00Z,review_indicator_only
e6bb3b7a2307a4f0b68d5ec37a8e3590,17,916,TRUE,insurance_annex:x1_11:8f797a14eccb7ac603b8e145,insurance_annex,"Participación Recupero reaseguros cedidos local - Proporcional — Cristales, Vidrios y Espejos","Participación Recupero reaseguros cedidos local - Proporcional — Participación Recupero reaseguros cedidos local - Proporcional — Cristales, Vidrios y Espejos",annual,PYG,2009-01-01T00:00:00Z,2025-12-31T00:00:00Z,review_indicator_only
e6bb3b7a2307a4f0b68d5ec37a8e3590,17,916,TRUE,insurance_annex:x1_11:947cb8c9809ec830d37c91ed,insurance_annex,Total Participación Recupero reaseguros cedidos local — Participación de Siniestros Recuperados Sección Seguros Colectivos Corto Plazo,Total Participación Recupero reaseguros cedidos local — Total Participación Recupero reaseguros cedidos local — Participación de Siniestros Recuperados Sección Seguros Colectivos Corto Plazo,annual,PYG,2009-01-01T00:00:00Z,2025-12-31T00:00:00Z,review_indicator_only
e6bb3b7a2307a4f0b68d5ec37a8e3590,17,916,TRUE,insurance_annex:x1_11:9779262f99237ad2ddf9ddf1,insurance_annex,Participación Recupero reaseguros cedidos local - Proporcional — Caución,Participación Recupero reaseguros cedidos local - Proporcional — Participación Recupero reaseguros cedidos local - Proporcional — Caución,annual,PYG,2009-01-01T00:00:00Z,2025-12-31T00:00:00Z,review_indicator_only
e6bb3b7a2307a4f0b68d5ec37a8e3590,17,916,TRUE,insurance_annex:x1_11:99f8036dead997325128a0a7,insurance_annex,Total Participación Recupero reaseguros cedidos local — Agropecuario,Total Participación Recupero reaseguros cedidos local — Total Participación Recupero reaseguros cedidos local — Agropecuario,annual,PYG,2009-01-01T00:00:00Z,2025-12-31T00:00:00Z,review_indicator_only
e6bb3b7a2307a4f0b68d5ec37a8e3590,17,916,TRUE,insurance_annex:x1_11:9bca4116e4da410da99cab16,insurance_annex,Participación Recupero reaseguros cedidos local - Proporcional — Participación de Siniestros Recuperados Sección Desgravamen Hipotecario Largo Plazo,Participación Recupero reaseguros cedidos local - Proporcional — Participación Recupero reaseguros cedidos local - Proporcional — Participación de Siniestros Recuperados Sección Desgravamen Hipotecario Largo Plazo,annual,PYG,2009-01-01T00:00:00Z,2025-12-31T00:00:00Z,review_indicator_only
e6bb3b7a2307a4f0b68d5ec37a8e3590,17,916,TRUE,insurance_annex:x1_11:9de80343a1d227c831c3afdf,insurance_annex,Participación Recupero reaseguros cedidos local - Proporcional — Accidentes Personales,Participación Recupero reaseguros cedidos local - Proporcional — Participación Recupero reaseguros cedidos local - Proporcional — Accidentes Personales,annual,PYG,2009-01-01T00:00:00Z,2025-12-31T00:00:00Z,review_indicator_only
e6bb3b7a2307a4f0b68d5ec37a8e3590,17,916,TRUE,insurance_annex:x1_11:9e379f7e81713daf0ed7e777,insurance_annex,Participación Recupero reaseguros cedidos local - No Proporcional — Participación de Siniestros Recuperados Sección Vida Individual Largo Plazo,Participación Recupero reaseguros cedidos local - No Proporcional — Participación Recupero reaseguros cedidos local - No Proporcional — Participación de Siniestros Recuperados Sección Vida Individual Largo Plazo,annual,PYG,2009-01-01T00:00:00Z,2025-12-31T00:00:00Z,review_indicator_only
e6bb3b7a2307a4f0b68d5ec37a8e3590,17,916,TRUE,insurance_annex:x1_11:9f28f2ce0a9c5970da9d5c0e,insurance_annex,Participación Recupero reaseguros cedidos local - Proporcional — Participación de Siniestros Recuperados Sección Seguros Colectivos Corto Plazo,Participación Recupero reaseguros cedidos local - Proporcional — Participación Recupero reaseguros cedidos local - Proporcional — Participación de Siniestros Recuperados Sección Seguros Colectivos Corto Plazo,annual,PYG,2009-01-01T00:00:00Z,2025-12-31T00:00:00Z,review_indicator_only
e6bb3b7a2307a4f0b68d5ec37a8e3590,17,916,TRUE,insurance_annex:x1_11:ae4d7c0409c39cae6d161a68,insurance_annex,Participación Recupero reaseguros cedidos local - No Proporcional — Participación de Siniestros Recuperados Sección Desgravamen Hipotecario Largo Plazo,Participación Recupero reaseguros cedidos local - No Proporcional — Participación Recupero reaseguros cedidos local - No Proporcional — Participación de Siniestros Recuperados Sección Desgravamen Hipotecario Largo Plazo,annual,PYG,2009-01-01T00:00:00Z,2025-12-31T00:00:00Z,review_indicator_only
e6bb3b7a2307a4f0b68d5ec37a8e3590,17,916,TRUE,insurance_annex:x1_11:b1194d800252c1c02a6dcf2f,insurance_annex,Total Participación Recupero reaseguros cedidos local — Participación de Siniestros Recuperados Sección Pensiones Voluntarias,Total Participación Recupero reaseguros cedidos local — Total Participación Recupero reaseguros cedidos local — Participación de Siniestros Recuperados Sección Pensiones Voluntarias,annual,PYG,2009-01-01T00:00:00Z,2025-12-31T00:00:00Z,review_indicator_only
e6bb3b7a2307a4f0b68d5ec37a8e3590,17,916,TRUE,insurance_annex:x1_11:b2a028b5795a10e22511dd65,insurance_annex,Participación Recupero reaseguros cedidos local - Proporcional — Participación de Siniestros Recuperados Sección Desgravamen Hipotecario Corto Plazo,Participación Recupero reaseguros cedidos local - Proporcional — Participación Recupero reaseguros cedidos local - Proporcional — Participación de Siniestros Recuperados Sección Desgravamen Hipotecario Corto Plazo,annual,PYG,2009-01-01T00:00:00Z,2025-12-31T00:00:00Z,review_indicator_only
e6bb3b7a2307a4f0b68d5ec37a8e3590,17,916,TRUE,insurance_annex:x1_11:b9a0002f0e81378f4cc6f6da,insurance_annex,Participación Recupero reaseguros cedidos local - No Proporcional — Total Vida Largo Plazo,Participación Recupero reaseguros cedidos local - No Proporcional — Participación Recupero reaseguros cedidos local - No Proporcional — Total Vida Largo Plazo,annual,PYG,2009-01-01T00:00:00Z,2025-12-31T00:00:00Z,review_indicator_only
e6bb3b7a2307a4f0b68d5ec37a8e3590,17,916,TRUE,insurance_annex:x1_11:ba7c89e159546cf0f616dce0,insurance_annex,Participación Recupero reaseguros cedidos local - No Proporcional — Caución,Participación Recupero reaseguros cedidos local - No Proporcional — Participación Recupero reaseguros cedidos local - No Proporcional — Caución,annual,PYG,2009-01-01T00:00:00Z,2025-12-31T00:00:00Z,review_indicator_only
e6bb3b7a2307a4f0b68d5ec37a8e3590,17,916,TRUE,insurance_annex:x1_11:bc07c444c7ef7e7f84e82c4f,insurance_annex,Participación Recupero reaseguros cedidos local - Proporcional — Agropecuario,Participación Recupero reaseguros cedidos local - Proporcional — Participación Recupero reaseguros cedidos local - Proporcional — Agropecuario,annual,PYG,2009-01-01T00:00:00Z,2025-12-31T00:00:00Z,review_indicator_only
e6bb3b7a2307a4f0b68d5ec37a8e3590,17,916,TRUE,insurance_annex:x1_11:c0947e9a1f187de598134e7a,insurance_annex,Total Participación Recupero reaseguros cedidos local — Participación de Siniestros Recuperados Sección Desgravamen Hipotecario Largo Plazo,Total Participación Recupero reaseguros cedidos local — Total Participación Recupero reaseguros cedidos local — Participación de Siniestros Recuperados Sección Desgravamen Hipotecario Largo Plazo,annual,PYG,2009-01-01T00:00:00Z,2025-12-31T00:00:00Z,review_indicator_only
e6bb3b7a2307a4f0b68d5ec37a8e3590,17,916,TRUE,insurance_annex:x1_11:c2bf6c53f609d24b81102ba8,insurance_annex,Participación Recupero reaseguros cedidos local - Proporcional — Participación de Siniestros Recuperados Sección Vida Individual Corto Plazo,Participación Recupero reaseguros cedidos local - Proporcional — Participación Recupero reaseguros cedidos local - Proporcional — Participación de Siniestros Recuperados Sección Vida Individual Corto Plazo,annual,PYG,2009-01-01T00:00:00Z,2025-12-31T00:00:00Z,review_indicator_only
e6bb3b7a2307a4f0b68d5ec37a8e3590,17,916,TRUE,insurance_annex:x1_11:c5003bb910aab4b933114306,insurance_annex,Total Participación Recupero reaseguros cedidos local — Participación de Siniestros Recuperados Sección Vida Individual Corto Plazo,Total Participación Recupero reaseguros cedidos local — Total Participación Recupero reaseguros cedidos local — Participación de Siniestros Recuperados Sección Vida Individual Corto Plazo,annual,PYG,2009-01-01T00:00:00Z,2025-12-31T00:00:00Z,review_indicator_only
e6bb3b7a2307a4f0b68d5ec37a8e3590,17,916,TRUE,insurance_annex:x1_11:c5f13627b6710b912084e206,insurance_annex,Participación Recupero reaseguros cedidos local - No Proporcional — Responsabilidad Civil,Participación Recupero reaseguros cedidos local - No Proporcional — Participación Recupero reaseguros cedidos local - No Proporcional — Responsabilidad Civil,annual,PYG,2009-01-01T00:00:00Z,2025-12-31T00:00:00Z,review_indicator_only
e6bb3b7a2307a4f0b68d5ec37a8e3590,17,916,TRUE,insurance_annex:x1_11:d4c2cf55dd874abb1546ae4c,insurance_annex,Participación Recupero reaseguros cedidos local - No Proporcional — Robo y Asalto,Participación Recupero reaseguros cedidos local - No Proporcional — Participación Recupero reaseguros cedidos local - No Proporcional — Robo y Asalto,annual,PYG,2009-01-01T00:00:00Z,2025-12-31T00:00:00Z,review_indicator_only
e6bb3b7a2307a4f0b68d5ec37a8e3590,17,916,TRUE,insurance_annex:x1_11:d8099730967023b880e28ad0,insurance_annex,Participación Recupero reaseguros cedidos local - Proporcional — Participación de Siniestros Recuperados Sección Pensiones Voluntarias,Participación Recupero reaseguros cedidos local - Proporcional — Participación Recupero reaseguros cedidos local - Proporcional — Participación de Siniestros Recuperados Sección Pensiones Voluntarias,annual,PYG,2009-01-01T00:00:00Z,2025-12-31T00:00:00Z,review_indicator_only
e6bb3b7a2307a4f0b68d5ec37a8e3590,17,916,TRUE,insurance_annex:x1_11:d933dce5ae353ca947f76c49,insurance_annex,Participación Recupero reaseguros cedidos local - Proporcional — Automóviles,Participación Recupero reaseguros cedidos local - Proporcional — Participación Recupero reaseguros cedidos local - Proporcional — Automóviles,annual,PYG,2009-01-01T00:00:00Z,2025-12-31T00:00:00Z,review_indicator_only
e6bb3b7a2307a4f0b68d5ec37a8e3590,17,916,TRUE,insurance_annex:x1_11:da37d20affcaffacc9ca94bc,insurance_annex,Total Participación Recupero reaseguros cedidos local — Robo y Asalto,Total Participación Recupero reaseguros cedidos local — Total Participación Recupero reaseguros cedidos local — Robo y Asalto,annual,PYG,2009-01-01T00:00:00Z,2025-12-31T00:00:00Z,review_indicator_only
e6bb3b7a2307a4f0b68d5ec37a8e3590,17,916,TRUE,insurance_annex:x1_11:dd25f0f1d85dbcc54041801b,insurance_annex,Participación Recupero reaseguros cedidos local - Proporcional — Participación de Siniestros Recuperados Sección Seguros Colectivos Largo Plazo,Participación Recupero reaseguros cedidos local - Proporcional — Participación Recupero reaseguros cedidos local - Proporcional — Participación de Siniestros Recuperados Sección Seguros Colectivos Largo Plazo,annual,PYG,2009-01-01T00:00:00Z,2025-12-31T00:00:00Z,review_indicator_only
e6bb3b7a2307a4f0b68d5ec37a8e3590,17,916,TRUE,insurance_annex:x1_11:dd79ea9b9a44cebfa3e65aca,insurance_annex,Participación Recupero reaseguros cedidos local - No Proporcional — Accidentes Personales,Participación Recupero reaseguros cedidos local - No Proporcional — Participación Recupero reaseguros cedidos local - No Proporcional — Accidentes Personales,annual,PYG,2009-01-01T00:00:00Z,2025-12-31T00:00:00Z,review_indicator_only
e6bb3b7a2307a4f0b68d5ec37a8e3590,17,916,TRUE,insurance_annex:x1_11:ee6e58d1b0531a82d45967ce,insurance_annex,Participación Recupero reaseguros cedidos local - Proporcional — Aeronavegación,Participación Recupero reaseguros cedidos local - Proporcional — Participación Recupero reaseguros cedidos local - Proporcional — Aeronavegación,annual,PYG,2009-01-01T00:00:00Z,2025-12-31T00:00:00Z,review_indicator_only
e6bb3b7a2307a4f0b68d5ec37a8e3590,17,916,TRUE,insurance_annex:x1_11:f19a86e5b111f03c27bd6813,insurance_annex,Participación Recupero reaseguros cedidos local - No Proporcional — Participación de Siniestros Recuperados Sección Pensiones Voluntarias,Participación Recupero reaseguros cedidos local - No Proporcional — Participación Recupero reaseguros cedidos local - No Proporcional — Participación de Siniestros Recuperados Sección Pensiones Voluntarias,annual,PYG,2009-01-01T00:00:00Z,2025-12-31T00:00:00Z,review_indicator_only
e6bb3b7a2307a4f0b68d5ec37a8e3590,17,916,TRUE,insurance_annex:x1_11:f9c6558382043f24ca6dc054,insurance_annex,Total Participación Recupero reaseguros cedidos local — Participación de Siniestros Recuperados Sección Defunción o Sepelio,Total Participación Recupero reaseguros cedidos local — Total Participación Recupero reaseguros cedidos local — Participación de Siniestros Recuperados Sección Defunción o Sepelio,annual,PYG,2009-01-01T00:00:00Z,2025-12-31T00:00:00Z,review_indicator_only
e6bb3b7a2307a4f0b68d5ec37a8e3590,17,916,TRUE,insurance_annex:x1_12:00165b37996b1d50364296ec,insurance_annex,Participación Recupero reaseguros cedidos exterior - No Proporcional — Participación de Siniestros Recuperados Sección Desgravamen Hipotecario Largo Plazo,Participación Recupero reaseguros cedidos exterior - No Proporcional — Participación Recupero reaseguros cedidos exterior - No Proporcional — Participación de Siniestros Recuperados Sección Desgravamen Hipotecario Largo Plazo,annual,PYG,2009-01-01T00:00:00Z,2025-12-31T00:00:00Z,review_indicator_only
e6bb3b7a2307a4f0b68d5ec37a8e3590,17,916,TRUE,insurance_annex:x1_12:05578f7cddba83d64b719d7e,insurance_annex,Participación Recupero reaseguros cedidos exterior - Proporcional — Participación de Siniestros Recuperados Sección Seguros Colectivos Largo Plazo,Participación Recupero reaseguros cedidos exterior - Proporcional — Participación Recupero reaseguros cedidos exterior - Proporcional — Participación de Siniestros Recuperados Sección Seguros Colectivos Largo Plazo,annual,PYG,2009-01-01T00:00:00Z,2025-12-31T00:00:00Z,review_indicator_only
e6bb3b7a2307a4f0b68d5ec37a8e3590,17,916,TRUE,insurance_annex:x1_12:060d8318df0029f7d1de59fa,insurance_annex,Total Participación Recupero reaseguros cedidos exterior — Participación de Siniestros Recuperados Sección Desgravamen Hipotecario Largo Plazo,Total Participación Recupero reaseguros cedidos exterior — Total Participación Recupero reaseguros cedidos exterior — Participación de Siniestros Recuperados Sección Desgravamen Hipotecario Largo Plazo,annual,PYG,2009-01-01T00:00:00Z,2025-12-31T00:00:00Z,review_indicator_only
e6bb3b7a2307a4f0b68d5ec37a8e3590,17,916,TRUE,insurance_annex:x1_12:11523bb123a660090fa4b598,insurance_annex,Total Participación Recupero reaseguros cedidos exterior — Participación de Siniestros Recuperados Sección Defunción o Sepelio,Total Participación Recupero reaseguros cedidos exterior — Total Participación Recupero reaseguros cedidos exterior — Participación de Siniestros Recuperados Sección Defunción o Sepelio,annual,PYG,2009-01-01T00:00:00Z,2025-12-31T00:00:00Z,review_indicator_only
e6bb3b7a2307a4f0b68d5ec37a8e3590,17,916,TRUE,insurance_annex:x1_12:1c9fe5ebe831eb0fb76ed9a2,insurance_annex,Participación Recupero reaseguros cedidos exterior - No Proporcional — Participación de Siniestros Recuperados Sección Vida Individual Corto Plazo,Participación Recupero reaseguros cedidos exterior - No Proporcional — Participación Recupero reaseguros cedidos exterior - No Proporcional — Participación de Siniestros Recuperados Sección Vida Individual Corto Plazo,annual,PYG,2009-01-01T00:00:00Z,2025-12-31T00:00:00Z,review_indicator_only
e6bb3b7a2307a4f0b68d5ec37a8e3590,17,916,TRUE,insurance_annex:x1_12:1d536abe455cdbdb6a845f58,insurance_annex,Participación Recupero reaseguros cedidos exterior - No Proporcional — Total Vida Corto Plazo,Participación Recupero reaseguros cedidos exterior - No Proporcional — Participación Recupero reaseguros cedidos exterior - No Proporcional — Total Vida Corto Plazo,annual,PYG,2009-01-01T00:00:00Z,2025-12-31T00:00:00Z,review_indicator_only
e6bb3b7a2307a4f0b68d5ec37a8e3590,17,916,TRUE,insurance_annex:x1_12:26ba82e2d1f9925e388f7e57,insurance_annex,Total Participación Recupero reaseguros cedidos exterior — Participación de Siniestros Recuperados Sección Pensiones Voluntarias,Total Participación Recupero reaseguros cedidos exterior — Total Participación Recupero reaseguros cedidos exterior — Participación de Siniestros Recuperados Sección Pensiones Voluntarias,annual,PYG,2009-01-01T00:00:00Z,2025-12-31T00:00:00Z,review_indicator_only
e6bb3b7a2307a4f0b68d5ec37a8e3590,17,916,TRUE,insurance_annex:x1_12:2891434204e5d7eae4c472b6,insurance_annex,Participación Recupero reaseguros cedidos exterior - Proporcional — Participación de Siniestros Recuperados Sección Desgravamen Hipotecario Largo Plazo,Participación Recupero reaseguros cedidos exterior - Proporcional — Participación Recupero reaseguros cedidos exterior - Proporcional — Participación de Siniestros Recuperados Sección Desgravamen Hipotecario Largo Plazo,annual,PYG,2009-01-01T00:00:00Z,2025-12-31T00:00:00Z,review_indicator_only
e6bb3b7a2307a4f0b68d5ec37a8e3590,17,916,TRUE,insurance_annex:x1_12:2f3ed7b8cbbd93d9f1d5ab90,insurance_annex,Participación Recupero reaseguros cedidos exterior - Proporcional — Participación de Siniestros Recuperados Sección Defunción o Sepelio,Participación Recupero reaseguros cedidos exterior - Proporcional — Participación Recupero reaseguros cedidos exterior - Proporcional — Participación de Siniestros Recuperados Sección Defunción o Sepelio,annual,PYG,2009-01-01T00:00:00Z,2025-12-31T00:00:00Z,review_indicator_only
e6bb3b7a2307a4f0b68d5ec37a8e3590,17,916,TRUE,insurance_annex:x1_12:2fdf0bdd33895d8b7bdb33a0,insurance_annex,Participación Recupero reaseguros cedidos exterior - No Proporcional — Accidentes a Pasajeros,Participación Recupero reaseguros cedidos exterior - No Proporcional — Participación Recupero reaseguros cedidos exterior - No Proporcional — Accidentes a Pasajeros,annual,PYG,2009-01-01T00:00:00Z,2025-12-31T00:00:00Z,review_indicator_only
e6bb3b7a2307a4f0b68d5ec37a8e3590,17,916,TRUE,insurance_annex:x1_12:40357839551d1502f04454bd,insurance_annex,Participación Recupero reaseguros cedidos exterior - No Proporcional — Participación de Siniestros Recuperados Sección Seguros Colectivos Largo Plazo,Participación Recupero reaseguros cedidos exterior - No Proporcional — Participación Recupero reaseguros cedidos exterior - No Proporcional — Participación de Siniestros Recuperados Sección Seguros Colectivos Largo Plazo,annual,PYG,2009-01-01T00:00:00Z,2025-12-31T00:00:00Z,review_indicator_only
e6bb3b7a2307a4f0b68d5ec37a8e3590,17,916,TRUE,insurance_annex:x1_12:4a9a40144bd488c07b327e7f,insurance_annex,Participación Recupero reaseguros cedidos exterior - No Proporcional — Participación de Siniestros Recuperados Sección Desgravamen Hipotecario Corto Plazo,Participación Recupero reaseguros cedidos exterior - No Proporcional — Participación Recupero reaseguros cedidos exterior - No Proporcional — Participación de Siniestros Recuperados Sección Desgravamen Hipotecario Corto Plazo,annual,PYG,2009-01-01T00:00:00Z,2025-12-31T00:00:00Z,review_indicator_only
e6bb3b7a2307a4f0b68d5ec37a8e3590,17,916,TRUE,insurance_annex:x1_12:4f8c6206a4b999f494b1caa1,insurance_annex,Participación Recupero reaseguros cedidos exterior - Proporcional — Accidentes a Pasajeros,Participación Recupero reaseguros cedidos exterior - Proporcional — Participación Recupero reaseguros cedidos exterior - Proporcional — Accidentes a Pasajeros,annual,PYG,2009-01-01T00:00:00Z,2025-12-31T00:00:00Z,review_indicator_only
e6bb3b7a2307a4f0b68d5ec37a8e3590,17,916,TRUE,insurance_annex:x1_12:507926cdbec296af035c4eb2,insurance_annex,Total Participación Recupero reaseguros cedidos exterior — Participación de Siniestros Recuperados Sección Desgravamen Hipotecario Corto Plazo,Total Participación Recupero reaseguros cedidos exterior — Total Participación Recupero reaseguros cedidos exterior — Participación de Siniestros Recuperados Sección Desgravamen Hipotecario Corto Plazo,annual,PYG,2009-01-01T00:00:00Z,2025-12-31T00:00:00Z,review_indicator_only
e6bb3b7a2307a4f0b68d5ec37a8e3590,17,916,TRUE,insurance_annex:x1_12:598c41d2e0f836e6974f503a,insurance_annex,Participación Recupero reaseguros cedidos exterior - No Proporcional — Riesgos Varios,Participación Recupero reaseguros cedidos exterior - No Proporcional — Participación Recupero reaseguros cedidos exterior - No Proporcional — Riesgos Varios,annual,PYG,2009-01-01T00:00:00Z,2025-12-31T00:00:00Z,review_indicator_only
e6bb3b7a2307a4f0b68d5ec37a8e3590,17,916,TRUE,insurance_annex:x1_12:5e181a5a7b6f5787bd27604b,insurance_annex,Participación Recupero reaseguros cedidos exterior - No Proporcional — Accidentes Personales,Participación Recupero reaseguros cedidos exterior - No Proporcional — Participación Recupero reaseguros cedidos exterior - No Proporcional — Accidentes Personales,annual,PYG,2009-01-01T00:00:00Z,2025-12-31T00:00:00Z,review_indicator_only
e6bb3b7a2307a4f0b68d5ec37a8e3590,17,916,TRUE,insurance_annex:x1_12:6cfc5ccd761687ed69b48f10,insurance_annex,Participación Recupero reaseguros cedidos exterior - No Proporcional — Participación de Siniestros Recuperados Sección Seguros Colectivos Corto Plazo,Participación Recupero reaseguros cedidos exterior - No Proporcional — Participación Recupero reaseguros cedidos exterior - No Proporcional — Participación de Siniestros Recuperados Sección Seguros Colectivos Corto Plazo,annual,PYG,2009-01-01T00:00:00Z,2025-12-31T00:00:00Z,review_indicator_only
e6bb3b7a2307a4f0b68d5ec37a8e3590,17,916,TRUE,insurance_annex:x1_12:79416ffcc088b5660cbeaca6,insurance_annex,Participación Recupero reaseguros cedidos exterior - No Proporcional — Total Vida Largo Plazo,Participación Recupero reaseguros cedidos exterior - No Proporcional — Participación Recupero reaseguros cedidos exterior - No Proporcional — Total Vida Largo Plazo,annual,PYG,2009-01-01T00:00:00Z,2025-12-31T00:00:00Z,review_indicator_only
e6bb3b7a2307a4f0b68d5ec37a8e3590,17,916,TRUE,insurance_annex:x1_12:7c4cc4a718a1ddb064351f58,insurance_annex,Participación Recupero reaseguros cedidos exterior - No Proporcional — Riesgos Técnicos,Participación Recupero reaseguros cedidos exterior - No Proporcional — Participación Recupero reaseguros cedidos exterior - No Proporcional — Riesgos Técnicos,annual,PYG,2009-01-01T00:00:00Z,2025-12-31T00:00:00Z,review_indicator_only
e6bb3b7a2307a4f0b68d5ec37a8e3590,17,916,TRUE,insurance_annex:x1_12:863c5cb5c60f421cbe1bb660,insurance_annex,Total Participación Recupero reaseguros cedidos exterior — Participación de Siniestros Recuperados Sección Salud o Enfermedad,Total Participación Recupero reaseguros cedidos exterior — Total Participación Recupero reaseguros cedidos exterior — Participación de Siniestros Recuperados Sección Salud o Enfermedad,annual,PYG,2009-01-01T00:00:00Z,2025-12-31T00:00:00Z,review_indicator_only
e6bb3b7a2307a4f0b68d5ec37a8e3590,17,916,TRUE,insurance_annex:x1_12:8af1d22a409ebf5f6ecac2bb,insurance_annex,Participación Recupero reaseguros cedidos exterior - No Proporcional — Agropecuario,Participación Recupero reaseguros cedidos exterior - No Proporcional — Participación Recupero reaseguros cedidos exterior - No Proporcional — Agropecuario,annual,PYG,2009-01-01T00:00:00Z,2025-12-31T00:00:00Z,review_indicator_only
e6bb3b7a2307a4f0b68d5ec37a8e3590,17,916,TRUE,insurance_annex:x1_12:962794c23261986612f97d48,insurance_annex,Participación Recupero reaseguros cedidos exterior - Proporcional — Agropecuario,Participación Recupero reaseguros cedidos exterior - Proporcional — Participación Recupero reaseguros cedidos exterior - Proporcional — Agropecuario,annual,PYG,2009-01-01T00:00:00Z,2025-12-31T00:00:00Z,review_indicator_only
e6bb3b7a2307a4f0b68d5ec37a8e3590,17,916,TRUE,insurance_annex:x1_12:a6e6df91af5ed04387645b56,insurance_annex,Participación Recupero reaseguros cedidos exterior - No Proporcional — Transporte,Participación Recupero reaseguros cedidos exterior - No Proporcional — Participación Recupero reaseguros cedidos exterior - No Proporcional — Transporte,annual,PYG,2009-01-01T00:00:00Z,2025-12-31T00:00:00Z,review_indicator_only
e6bb3b7a2307a4f0b68d5ec37a8e3590,17,916,TRUE,insurance_annex:x1_12:a917b459789fd841699371e1,insurance_annex,Total Participación Recupero reaseguros cedidos exterior — Agropecuario,Total Participación Recupero reaseguros cedidos exterior — Total Participación Recupero reaseguros cedidos exterior — Agropecuario,annual,PYG,2009-01-01T00:00:00Z,2025-12-31T00:00:00Z,review_indicator_only
e6bb3b7a2307a4f0b68d5ec37a8e3590,17,916,TRUE,insurance_annex:x1_12:ab8a40d4e3853f56e6bb398b,insurance_annex,Participación Recupero reaseguros cedidos exterior - Proporcional — Participación de Siniestros Recuperados Sección Pensiones Voluntarias,Participación Recupero reaseguros cedidos exterior - Proporcional — Participación Recupero reaseguros cedidos exterior - Proporcional — Participación de Siniestros Recuperados Sección Pensiones Voluntarias,annual,PYG,2009-01-01T00:00:00Z,2025-12-31T00:00:00Z,review_indicator_only
e6bb3b7a2307a4f0b68d5ec37a8e3590,17,916,TRUE,insurance_annex:x1_12:ac0743f512f62d6f095d9449,insurance_annex,Participación Recupero reaseguros cedidos exterior - Proporcional — Participación de Siniestros Recuperados Sección Salud o Enfermedad,Participación Recupero reaseguros cedidos exterior - Proporcional — Participación Recupero reaseguros cedidos exterior - Proporcional — Participación de Siniestros Recuperados Sección Salud o Enfermedad,annual,PYG,2009-01-01T00:00:00Z,2025-12-31T00:00:00Z,review_indicator_only
e6bb3b7a2307a4f0b68d5ec37a8e3590,17,916,TRUE,insurance_annex:x1_12:ae416489fbebf4c3f804ac0e,insurance_annex,Participación Recupero reaseguros cedidos exterior - No Proporcional — Participación de Siniestros Recuperados Sección Salud o Enfermedad,Participación Recupero reaseguros cedidos exterior - No Proporcional — Participación Recupero reaseguros cedidos exterior - No Proporcional — Participación de Siniestros Recuperados Sección Salud o Enfermedad,annual,PYG,2009-01-01T00:00:00Z,2025-12-31T00:00:00Z,review_indicator_only
e6bb3b7a2307a4f0b68d5ec37a8e3590,17,916,TRUE,insurance_annex:x1_12:bbdd6440ad90f399db08811c,insurance_annex,Participación Recupero reaseguros cedidos exterior - No Proporcional — Responsabilidad Civil,Participación Recupero reaseguros cedidos exterior - No Proporcional — Participación Recupero reaseguros cedidos exterior - No Proporcional — Responsabilidad Civil,annual,PYG,2009-01-01T00:00:00Z,2025-12-31T00:00:00Z,review_indicator_only
e6bb3b7a2307a4f0b68d5ec37a8e3590,17,916,TRUE,insurance_annex:x1_12:bc3b1cb06955cf7aba6f2c04,insurance_annex,Participación Recupero reaseguros cedidos exterior - No Proporcional — Participación de Siniestros Recuperados Sección Defunción o Sepelio,Participación Recupero reaseguros cedidos exterior - No Proporcional — Participación Recupero reaseguros cedidos exterior - No Proporcional — Participación de Siniestros Recuperados Sección Defunción o Sepelio,annual,PYG,2009-01-01T00:00:00Z,2025-12-31T00:00:00Z,review_indicator_only
e6bb3b7a2307a4f0b68d5ec37a8e3590,17,916,TRUE,insurance_annex:x1_12:bf059961e9dda7947fd39505,insurance_annex,Participación Recupero reaseguros cedidos exterior - Proporcional — Total Vida Largo Plazo,Participación Recupero reaseguros cedidos exterior - Proporcional — Participación Recupero reaseguros cedidos exterior - Proporcional — Total Vida Largo Plazo,annual,PYG,2009-01-01T00:00:00Z,2025-12-31T00:00:00Z,review_indicator_only
e6bb3b7a2307a4f0b68d5ec37a8e3590,17,916,TRUE,insurance_annex:x1_12:c3b0a5ec8198e792c8c01db2,insurance_annex,Total Participación Recupero reaseguros cedidos exterior — Accidentes a Pasajeros,Total Participación Recupero reaseguros cedidos exterior — Total Participación Recupero reaseguros cedidos exterior — Accidentes a Pasajeros,annual,PYG,2009-01-01T00:00:00Z,2025-12-31T00:00:00Z,review_indicator_only
e6bb3b7a2307a4f0b68d5ec37a8e3590,17,916,TRUE,insurance_annex:x1_12:d50e431eff9223c756336059,insurance_annex,Total Participación Recupero reaseguros cedidos exterior — Participación de Siniestros Recuperados Sección Seguros Colectivos Largo Plazo,Total Participación Recupero reaseguros cedidos exterior — Total Participación Recupero reaseguros cedidos exterior — Participación de Siniestros Recuperados Sección Seguros Colectivos Largo Plazo,annual,PYG,2009-01-01T00:00:00Z,2025-12-31T00:00:00Z,review_indicator_only
e6bb3b7a2307a4f0b68d5ec37a8e3590,17,916,TRUE,insurance_annex:x1_12:e3d9baa0f498b82f4ae5da38,insurance_annex,"Participación Recupero reaseguros cedidos exterior - No Proporcional — Cristales, Vidrios y Espejos","Participación Recupero reaseguros cedidos exterior - No Proporcional — Participación Recupero reaseguros cedidos exterior - No Proporcional — Cristales, Vidrios y Espejos",annual,PYG,2009-01-01T00:00:00Z,2025-12-31T00:00:00Z,review_indicator_only
e6bb3b7a2307a4f0b68d5ec37a8e3590,17,916,TRUE,insurance_annex:x1_12:e42f3b275cb9e4bd87f48305,insurance_annex,Total Participación Recupero reaseguros cedidos exterior — Participación de Siniestros Recuperados Sección Vida Individual Largo Plazo,Total Participación Recupero reaseguros cedidos exterior — Total Participación Recupero reaseguros cedidos exterior — Participación de Siniestros Recuperados Sección Vida Individual Largo Plazo,annual,PYG,2009-01-01T00:00:00Z,2025-12-31T00:00:00Z,review_indicator_only
e6bb3b7a2307a4f0b68d5ec37a8e3590,17,916,TRUE,insurance_annex:x1_12:ef8378cea421d5b8c7b94386,insurance_annex,Total Participación Recupero reaseguros cedidos exterior — Total Vida Largo Plazo,Total Participación Recupero reaseguros cedidos exterior — Total Participación Recupero reaseguros cedidos exterior — Total Vida Largo Plazo,annual,PYG,2009-01-01T00:00:00Z,2025-12-31T00:00:00Z,review_indicator_only
e6bb3b7a2307a4f0b68d5ec37a8e3590,17,916,TRUE,insurance_annex:x1_12:f6469d1fec51bd152a67aad8,insurance_annex,Participación Recupero reaseguros cedidos exterior - Proporcional — Participación de Siniestros Recuperados Sección Vida Individual Largo Plazo,Participación Recupero reaseguros cedidos exterior - Proporcional — Participación Recupero reaseguros cedidos exterior - Proporcional — Participación de Siniestros Recuperados Sección Vida Individual Largo Plazo,annual,PYG,2009-01-01T00:00:00Z,2025-12-31T00:00:00Z,review_indicator_only
e6bb3b7a2307a4f0b68d5ec37a8e3590,17,916,TRUE,insurance_annex:x1_12:f99808e52a4daae193bde8f5,insurance_annex,Participación Recupero reaseguros cedidos exterior - No Proporcional — Participación de Siniestros Recuperados Sección Vida Individual Largo Plazo,Participación Recupero reaseguros cedidos exterior - No Proporcional — Participación Recupero reaseguros cedidos exterior - No Proporcional — Participación de Siniestros Recuperados Sección Vida Individual Largo Plazo,annual,PYG,2009-01-01T00:00:00Z,2025-12-31T00:00:00Z,review_indicator_only
e6bb3b7a2307a4f0b68d5ec37a8e3590,17,916,TRUE,insurance_annex:x1_12:f9d2687eaa34a97b85326a6b,insurance_annex,Participación Recupero reaseguros cedidos exterior - No Proporcional — Participación de Siniestros Recuperados Sección Pensiones Voluntarias,Participación Recupero reaseguros cedidos exterior - No Proporcional — Participación Recupero reaseguros cedidos exterior - No Proporcional — Participación de Siniestros Recuperados Sección Pensiones Voluntarias,annual,PYG,2009-01-01T00:00:00Z,2025-12-31T00:00:00Z,review_indicator_only
e6bb3b7a2307a4f0b68d5ec37a8e3590,17,916,TRUE,insurance_annex:x1_12:fd3f026d613cec391ed4c66b,insurance_annex,Participación Recupero reaseguros cedidos exterior - Proporcional — Participación de Siniestros Recuperados Sección Desgravamen Hipotecario Corto Plazo,Participación Recupero reaseguros cedidos exterior - Proporcional — Participación Recupero reaseguros cedidos exterior - Proporcional — Participación de Siniestros Recuperados Sección Desgravamen Hipotecario Corto Plazo,annual,PYG,2009-01-01T00:00:00Z,2025-12-31T00:00:00Z,review_indicator_only
e6bb3b7a2307a4f0b68d5ec37a8e3590,17,916,TRUE,insurance_annex:x1_13:087ff213bfc5a39e2f0cdb83,insurance_annex,Total Siniestros Reaseguros Aceptados Local (Guaraníes) — Siniestros Reaseguros Aceptados Sección Pensiones Voluntarias,Total Siniestros Reaseguros Aceptados Local (Guaraníes) — Total Siniestros Reaseguros Aceptados Local (Guaraníes) — Siniestros Reaseguros Aceptados Sección Pensiones Voluntarias,annual,PYG,2009-01-01T00:00:00Z,2025-12-31T00:00:00Z,review_indicator_only
e6bb3b7a2307a4f0b68d5ec37a8e3590,17,916,TRUE,insurance_annex:x1_13:0c6f1cec66474e5d6997dfeb,insurance_annex,Total Siniestros Reaseguros Aceptados Local (Guaraníes) — Siniestros Reaseguros Aceptados Sección Vida Individual Largo Plazo,Total Siniestros Reaseguros Aceptados Local (Guaraníes) — Total Siniestros Reaseguros Aceptados Local (Guaraníes) — Siniestros Reaseguros Aceptados Sección Vida Individual Largo Plazo,annual,PYG,2009-01-01T00:00:00Z,2025-12-31T00:00:00Z,review_indicator_only
e6bb3b7a2307a4f0b68d5ec37a8e3590,17,916,TRUE,insurance_annex:x1_13:16767a679f1650dc2199bf66,insurance_annex,Siniestros Reaseguros Aceptados Local (contratos no proporcionales) (Guaraníes) — Agropecuario,Siniestros Reaseguros Aceptados Local (contratos no proporcionales) (Guaraníes) — Siniestros Reaseguros Aceptados Local (contratos no proporcionales) (Guaraníes) — Agropecuario,annual,PYG,2009-01-01T00:00:00Z,2025-12-31T00:00:00Z,review_indicator_only
e6bb3b7a2307a4f0b68d5ec37a8e3590,17,916,TRUE,insurance_annex:x1_13:173251db51e827c417ee2cf1,insurance_annex,Siniestros Reaseguros Aceptados Local (contratos no proporcionales) (Guaraníes) — Siniestros Reaseguros Aceptados Sección Desgravamen Hipotecario Corto Plazo,Siniestros Reaseguros Aceptados Local (contratos no proporcionales) (Guaraníes) — Siniestros Reaseguros Aceptados Local (contratos no proporcionales) (Guaraníes) — Siniestros Reaseguros Aceptados Sección Desgravamen Hipotecario Corto Plazo,annual,PYG,2009-01-01T00:00:00Z,2025-12-31T00:00:00Z,review_indicator_only
e6bb3b7a2307a4f0b68d5ec37a8e3590,17,916,TRUE,insurance_annex:x1_13:2c95c73adfae212de6df18c4,insurance_annex,Siniestros Reaseguros Aceptados Local (contratos proporcionales) (Guaraníes) — Total Vida Largo Plazo,Siniestros Reaseguros Aceptados Local (contratos proporcionales) (Guaraníes) — Siniestros Reaseguros Aceptados Local (contratos proporcionales) (Guaraníes) — Total Vida Largo Plazo,annual,PYG,2009-01-01T00:00:00Z,2025-12-31T00:00:00Z,review_indicator_only
e6bb3b7a2307a4f0b68d5ec37a8e3590,17,916,TRUE,insurance_annex:x1_13:34d4be3a3bc3043b8f57f106,insurance_annex,Total Siniestros Reaseguros Aceptados Local (Guaraníes) — Siniestros Reaseguros Aceptados Sección Seguros Colectivos Largo Plazo,Total Siniestros Reaseguros Aceptados Local (Guaraníes) — Total Siniestros Reaseguros Aceptados Local (Guaraníes) — Siniestros Reaseguros Aceptados Sección Seguros Colectivos Largo Plazo,annual,PYG,2009-01-01T00:00:00Z,2025-12-31T00:00:00Z,review_indicator_only
e6bb3b7a2307a4f0b68d5ec37a8e3590,17,916,TRUE,insurance_annex:x1_13:3d8292d7200b789a6e5565fb,insurance_annex,Total Siniestros Reaseguros Aceptados Local (Guaraníes) — Siniestros Reaseguros Aceptados Sección Desgravamen Hipotecario Corto Plazo,Total Siniestros Reaseguros Aceptados Local (Guaraníes) — Total Siniestros Reaseguros Aceptados Local (Guaraníes) — Siniestros Reaseguros Aceptados Sección Desgravamen Hipotecario Corto Plazo,annual,PYG,2009-01-01T00:00:00Z,2025-12-31T00:00:00Z,review_indicator_only
e6bb3b7a2307a4f0b68d5ec37a8e3590,17,916,TRUE,insurance_annex:x1_13:44879ed439b5cef3806d0429,insurance_annex,Total Siniestros Reaseguros Aceptados Local (Guaraníes) — Agropecuario,Total Siniestros Reaseguros Aceptados Local (Guaraníes) — Total Siniestros Reaseguros Aceptados Local (Guaraníes) — Agropecuario,annual,PYG,2009-01-01T00:00:00Z,2025-12-31T00:00:00Z,review_indicator_only
e6bb3b7a2307a4f0b68d5ec37a8e3590,17,916,TRUE,insurance_annex:x1_13:47566438cbc8cb502f22ef6f,insurance_annex,Siniestros Reaseguros Aceptados Local (contratos no proporcionales) (Guaraníes) — Total Vida Largo Plazo,Siniestros Reaseguros Aceptados Local (contratos no proporcionales) (Guaraníes) — Siniestros Reaseguros Aceptados Local (contratos no proporcionales) (Guaraníes) — Total Vida Largo Plazo,annual,PYG,2009-01-01T00:00:00Z,2025-12-31T00:00:00Z,review_indicator_only
e6bb3b7a2307a4f0b68d5ec37a8e3590,17,916,TRUE,insurance_annex:x1_13:4ac1d7f954fbfff9cf67632e,insurance_annex,Siniestros Reaseguros Aceptados Local (contratos no proporcionales) (Guaraníes) — Siniestros Reaseguros Aceptados Sección Desgravamen Hipotecario Largo Plazo,Siniestros Reaseguros Aceptados Local (contratos no proporcionales) (Guaraníes) — Siniestros Reaseguros Aceptados Local (contratos no proporcionales) (Guaraníes) — Siniestros Reaseguros Aceptados Sección Desgravamen Hipotecario Largo Plazo,annual,PYG,2009-01-01T00:00:00Z,2025-12-31T00:00:00Z,review_indicator_only
e6bb3b7a2307a4f0b68d5ec37a8e3590,17,916,TRUE,insurance_annex:x1_13:526a71ee3e9287c41fd973d1,insurance_annex,Siniestros Reaseguros Aceptados Local (contratos proporcionales) (Guaraníes) — Siniestros Reaseguros Aceptados Sección Seguros Colectivos Largo Plazo,Siniestros Reaseguros Aceptados Local (contratos proporcionales) (Guaraníes) — Siniestros Reaseguros Aceptados Local (contratos proporcionales) (Guaraníes) — Siniestros Reaseguros Aceptados Sección Seguros Colectivos Largo Plazo,annual,PYG,2009-01-01T00:00:00Z,2025-12-31T00:00:00Z,review_indicator_only
e6bb3b7a2307a4f0b68d5ec37a8e3590,17,916,TRUE,insurance_annex:x1_13:56494bb94e515c90a715c816,insurance_annex,Siniestros Reaseguros Aceptados Local (contratos no proporcionales) (Guaraníes) — Siniestros Reaseguros Aceptados Sección Defunción o Sepelio,Siniestros Reaseguros Aceptados Local (contratos no proporcionales) (Guaraníes) — Siniestros Reaseguros Aceptados Local (contratos no proporcionales) (Guaraníes) — Siniestros Reaseguros Aceptados Sección Defunción o Sepelio,annual,PYG,2009-01-01T00:00:00Z,2025-12-31T00:00:00Z,review_indicator_only
e6bb3b7a2307a4f0b68d5ec37a8e3590,17,916,TRUE,insurance_annex:x1_13:63d114dc0c6d028fd6a1f9d0,insurance_annex,Siniestros Reaseguros Aceptados Local (contratos no proporcionales) (Guaraníes) — Siniestros Reaseguros Aceptados Sección Vida Individual Corto Plazo,Siniestros Reaseguros Aceptados Local (contratos no proporcionales) (Guaraníes) — Siniestros Reaseguros Aceptados Local (contratos no proporcionales) (Guaraníes) — Siniestros Reaseguros Aceptados Sección Vida Individual Corto Plazo,annual,PYG,2009-01-01T00:00:00Z,2025-12-31T00:00:00Z,review_indicator_only
e6bb3b7a2307a4f0b68d5ec37a8e3590,17,916,TRUE,insurance_annex:x1_13:653008a53eb18189e42014d8,insurance_annex,Siniestros Reaseguros Aceptados Local (contratos proporcionales) (Guaraníes) — Siniestros Reaseguros Aceptados Sección Defunción o Sepelio,Siniestros Reaseguros Aceptados Local (contratos proporcionales) (Guaraníes) — Siniestros Reaseguros Aceptados Local (contratos proporcionales) (Guaraníes) — Siniestros Reaseguros Aceptados Sección Defunción o Sepelio,annual,PYG,2009-01-01T00:00:00Z,2025-12-31T00:00:00Z,review_indicator_only
e6bb3b7a2307a4f0b68d5ec37a8e3590,17,916,TRUE,insurance_annex:x1_13:75bf680539451b10f6e85ea8,insurance_annex,Siniestros Reaseguros Aceptados Local (contratos proporcionales) (Guaraníes) — Siniestros Reaseguros Aceptados Sección Salud o Enfermedad,Siniestros Reaseguros Aceptados Local (contratos proporcionales) (Guaraníes) — Siniestros Reaseguros Aceptados Local (contratos proporcionales) (Guaraníes) — Siniestros Reaseguros Aceptados Sección Salud o Enfermedad,annual,PYG,2009-01-01T00:00:00Z,2025-12-31T00:00:00Z,review_indicator_only
e6bb3b7a2307a4f0b68d5ec37a8e3590,17,916,TRUE,insurance_annex:x1_13:809c1fe460e107c16a8b7f1a,insurance_annex,Total Siniestros Reaseguros Aceptados Local (Guaraníes) — Accidentes a Pasajeros,Total Siniestros Reaseguros Aceptados Local (Guaraníes) — Total Siniestros Reaseguros Aceptados Local (Guaraníes) — Accidentes a Pasajeros,annual,PYG,2009-01-01T00:00:00Z,2025-12-31T00:00:00Z,review_indicator_only
e6bb3b7a2307a4f0b68d5ec37a8e3590,17,916,TRUE,insurance_annex:x1_13:8e5699412743020b9b1bc993,insurance_annex,Total Siniestros Reaseguros Aceptados Local (Guaraníes) — Siniestros Reaseguros Aceptados Sección Desgravamen Hipotecario Largo Plazo,Total Siniestros Reaseguros Aceptados Local (Guaraníes) — Total Siniestros Reaseguros Aceptados Local (Guaraníes) — Siniestros Reaseguros Aceptados Sección Desgravamen Hipotecario Largo Plazo,annual,PYG,2009-01-01T00:00:00Z,2025-12-31T00:00:00Z,review_indicator_only
e6bb3b7a2307a4f0b68d5ec37a8e3590,17,916,TRUE,insurance_annex:x1_13:8f5ba7b4b54093c4ac0e5f55,insurance_annex,Siniestros Reaseguros Aceptados Local (contratos no proporcionales) (Guaraníes) — Siniestros Reaseguros Aceptados Sección Salud o Enfermedad,Siniestros Reaseguros Aceptados Local (contratos no proporcionales) (Guaraníes) — Siniestros Reaseguros Aceptados Local (contratos no proporcionales) (Guaraníes) — Siniestros Reaseguros Aceptados Sección Salud o Enfermedad,annual,PYG,2009-01-01T00:00:00Z,2025-12-31T00:00:00Z,review_indicator_only
e6bb3b7a2307a4f0b68d5ec37a8e3590,17,916,TRUE,insurance_annex:x1_13:94382c17e4c3e37285249a54,insurance_annex,Siniestros Reaseguros Aceptados Local (contratos proporcionales) (Guaraníes) — Accidentes a Pasajeros,Siniestros Reaseguros Aceptados Local (contratos proporcionales) (Guaraníes) — Siniestros Reaseguros Aceptados Local (contratos proporcionales) (Guaraníes) — Accidentes a Pasajeros,annual,PYG,2009-01-01T00:00:00Z,2025-12-31T00:00:00Z,review_indicator_only
e6bb3b7a2307a4f0b68d5ec37a8e3590,17,916,TRUE,insurance_annex:x1_13:95f2e76b974ed8eb43803b92,insurance_annex,Total Siniestros Reaseguros Aceptados Local (Guaraníes) — Siniestros Reaseguros Aceptados Sección Defunción o Sepelio,Total Siniestros Reaseguros Aceptados Local (Guaraníes) — Total Siniestros Reaseguros Aceptados Local (Guaraníes) — Siniestros Reaseguros Aceptados Sección Defunción o Sepelio,annual,PYG,2009-01-01T00:00:00Z,2025-12-31T00:00:00Z,review_indicator_only
e6bb3b7a2307a4f0b68d5ec37a8e3590,17,916,TRUE,insurance_annex:x1_13:9a07a50ccf38bbabf56567f5,insurance_annex,Total Siniestros Reaseguros Aceptados Local (Guaraníes) — Siniestros Reaseguros Aceptados Sección Salud o Enfermedad,Total Siniestros Reaseguros Aceptados Local (Guaraníes) — Total Siniestros Reaseguros Aceptados Local (Guaraníes) — Siniestros Reaseguros Aceptados Sección Salud o Enfermedad,annual,PYG,2009-01-01T00:00:00Z,2025-12-31T00:00:00Z,review_indicator_only
e6bb3b7a2307a4f0b68d5ec37a8e3590,17,916,TRUE,insurance_annex:x1_13:9afd4a78668662bd38e5c22a,insurance_annex,Siniestros Reaseguros Aceptados Local (contratos proporcionales) (Guaraníes) — Participación de Siniestros Recuperados Sección Pensiones Voluntaria,Siniestros Reaseguros Aceptados Local (contratos proporcionales) (Guaraníes) — Siniestros Reaseguros Aceptados Local (contratos proporcionales) (Guaraníes) — Participación de Siniestros Recuperados Sección Pensiones Voluntaria,annual,PYG,2009-01-01T00:00:00Z,2025-12-31T00:00:00Z,review_indicator_only
e6bb3b7a2307a4f0b68d5ec37a8e3590,17,916,TRUE,insurance_annex:x1_13:b21889bfd3081b57ab552719,insurance_annex,Siniestros Reaseguros Aceptados Local (contratos proporcionales) (Guaraníes) — Siniestros Reaseguros Aceptados Sección Desgravamen Hipotecario LP,Siniestros Reaseguros Aceptados Local (contratos proporcionales) (Guaraníes) — Siniestros Reaseguros Aceptados Local (contratos proporcionales) (Guaraníes) — Siniestros Reaseguros Aceptados Sección Desgravamen Hipotecario LP,annual,PYG,2009-01-01T00:00:00Z,2025-12-31T00:00:00Z,review_indicator_only
e6bb3b7a2307a4f0b68d5ec37a8e3590,17,916,TRUE,insurance_annex:x1_13:b3949a84af94c7f0b4b8ec0e,insurance_annex,Siniestros Reaseguros Aceptados Local (contratos proporcionales) (Guaraníes) — Siniestros Reaseguros Aceptados Sección Vida Individual Largo Plazo,Siniestros Reaseguros Aceptados Local (contratos proporcionales) (Guaraníes) — Siniestros Reaseguros Aceptados Local (contratos proporcionales) (Guaraníes) — Siniestros Reaseguros Aceptados Sección Vida Individual Largo Plazo,annual,PYG,2009-01-01T00:00:00Z,2025-12-31T00:00:00Z,review_indicator_only
e6bb3b7a2307a4f0b68d5ec37a8e3590,17,916,TRUE,insurance_annex:x1_13:b96eed7e3f7e06911fce8508,insurance_annex,Total Siniestros Reaseguros Aceptados Local (Guaraníes) — Total Vida Largo Plazo,Total Siniestros Reaseguros Aceptados Local (Guaraníes) — Total Siniestros Reaseguros Aceptados Local (Guaraníes) — Total Vida Largo Plazo,annual,PYG,2009-01-01T00:00:00Z,2025-12-31T00:00:00Z,review_indicator_only
e6bb3b7a2307a4f0b68d5ec37a8e3590,17,916,TRUE,insurance_annex:x1_13:bfe4e326412a409795a51c2e,insurance_annex,Siniestros Reaseguros Aceptados Local (contratos no proporcionales) (Guaraníes) — Siniestros Reaseguros Aceptados Sección Pensiones Voluntarias,Siniestros Reaseguros Aceptados Local (contratos no proporcionales) (Guaraníes) — Siniestros Reaseguros Aceptados Local (contratos no proporcionales) (Guaraníes) — Siniestros Reaseguros Aceptados Sección Pensiones Voluntarias,annual,PYG,2009-01-01T00:00:00Z,2025-12-31T00:00:00Z,review_indicator_only
e6bb3b7a2307a4f0b68d5ec37a8e3590,17,916,TRUE,insurance_annex:x1_13:c6bace3cdf1861ed926feb74,insurance_annex,Siniestros Reaseguros Aceptados Local (contratos no proporcionales) (Guaraníes) — Accidentes a Pasajeros,Siniestros Reaseguros Aceptados Local (contratos no proporcionales) (Guaraníes) — Siniestros Reaseguros Aceptados Local (contratos no proporcionales) (Guaraníes) — Accidentes a Pasajeros,annual,PYG,2009-01-01T00:00:00Z,2025-12-31T00:00:00Z,review_indicator_only
e6bb3b7a2307a4f0b68d5ec37a8e3590,17,916,TRUE,insurance_annex:x1_13:cd56662cb3c8b5c4d7533489,insurance_annex,Siniestros Reaseguros Aceptados Local (contratos no proporcionales) (Guaraníes) — Siniestros Reaseguros Aceptados Sección Vida Individual Largo Plazo,Siniestros Reaseguros Aceptados Local (contratos no proporcionales) (Guaraníes) — Siniestros Reaseguros Aceptados Local (contratos no proporcionales) (Guaraníes) — Siniestros Reaseguros Aceptados Sección Vida Individual Largo Plazo,annual,PYG,2009-01-01T00:00:00Z,2025-12-31T00:00:00Z,review_indicator_only
e6bb3b7a2307a4f0b68d5ec37a8e3590,17,916,TRUE,insurance_annex:x1_13:e495eea51f9668fda7216d1e,insurance_annex,Siniestros Reaseguros Aceptados Local (contratos proporcionales) (Guaraníes) — Siniestros Reaseguros Aceptados Sección Desgravamen Hipotecario Corto Plazo,Siniestros Reaseguros Aceptados Local (contratos proporcionales) (Guaraníes) — Siniestros Reaseguros Aceptados Local (contratos proporcionales) (Guaraníes) — Siniestros Reaseguros Aceptados Sección Desgravamen Hipotecario Corto Plazo,annual,PYG,2009-01-01T00:00:00Z,2025-12-31T00:00:00Z,review_indicator_only
e6bb3b7a2307a4f0b68d5ec37a8e3590,17,916,TRUE,insurance_annex:x1_13:fbed10202d35cdad55899d36,insurance_annex,Siniestros Reaseguros Aceptados Local (contratos proporcionales) (Guaraníes) — Agropecuario,Siniestros Reaseguros Aceptados Local (contratos proporcionales) (Guaraníes) — Siniestros Reaseguros Aceptados Local (contratos proporcionales) (Guaraníes) — Agropecuario,annual,PYG,2009-01-01T00:00:00Z,2025-12-31T00:00:00Z,review_indicator_only
e6bb3b7a2307a4f0b68d5ec37a8e3590,17,916,TRUE,insurance_annex:x1_13:fcfc9b095c13a6f416015bd7,insurance_annex,Siniestros Reaseguros Aceptados Local (contratos no proporcionales) (Guaraníes) — Siniestros Reaseguros Aceptados Sección Seguros Colectivos Largo Plazo,Siniestros Reaseguros Aceptados Local (contratos no proporcionales) (Guaraníes) — Siniestros Reaseguros Aceptados Local (contratos no proporcionales) (Guaraníes) — Siniestros Reaseguros Aceptados Sección Seguros Colectivos Largo Plazo,annual,PYG,2009-01-01T00:00:00Z,2025-12-31T00:00:00Z,review_indicator_only
e6bb3b7a2307a4f0b68d5ec37a8e3590,17,916,TRUE,insurance_annex:x1_14:00ea01ddbd92aed2b9389bba,insurance_annex,Siniestros Reaseguros Aceptados exterior (contratos proporcionales) (Guaraníes) — Accidentes Personales,Siniestros Reaseguros Aceptados exterior (contratos proporcionales) (Guaraníes) — Siniestros Reaseguros Aceptados exterior (contratos proporcionales) (Guaraníes) — Accidentes Personales,annual,PYG,2009-01-01T00:00:00Z,2025-12-31T00:00:00Z,review_indicator_only
e6bb3b7a2307a4f0b68d5ec37a8e3590,17,916,TRUE,insurance_annex:x1_14:01c9ff508a5ded56e1f9669d,insurance_annex,Siniestros Reaseguros Aceptados exterior (contratos no proporcionales) — Siniestros Reaseguros Aceptados Sección Seguros Colectivos Largo Plazo,Siniestros Reaseguros Aceptados exterior (contratos no proporcionales) — Siniestros Reaseguros Aceptados exterior (contratos no proporcionales) — Siniestros Reaseguros Aceptados Sección Seguros Colectivos Largo Plazo,annual,PYG,2009-01-01T00:00:00Z,2025-12-31T00:00:00Z,review_indicator_only
e6bb3b7a2307a4f0b68d5ec37a8e3590,17,916,TRUE,insurance_annex:x1_14:089fcfa39bd23051dc1b40c1,insurance_annex,Total Siniestros Reaseguros Aceptados exterior — Transporte,Total Siniestros Reaseguros Aceptados exterior — Total Siniestros Reaseguros Aceptados exterior — Transporte,annual,PYG,2009-01-01T00:00:00Z,2025-12-31T00:00:00Z,review_indicator_only
e6bb3b7a2307a4f0b68d5ec37a8e3590,17,916,TRUE,insurance_annex:x1_14:0aac215f9c2e4d25ad458a95,insurance_annex,Total Siniestros Reaseguros Aceptados exterior — Robo y Asalto,Total Siniestros Reaseguros Aceptados exterior — Total Siniestros Reaseguros Aceptados exterior — Robo y Asalto,annual,PYG,2009-01-01T00:00:00Z,2025-12-31T00:00:00Z,review_indicator_only
e6bb3b7a2307a4f0b68d5ec37a8e3590,17,916,TRUE,insurance_annex:x1_14:0ba136f69dc13c502d533211,insurance_annex,Siniestros Reaseguros Aceptados exterior (contratos no proporcionales) — Agropecuario,Siniestros Reaseguros Aceptados exterior (contratos no proporcionales) — Siniestros Reaseguros Aceptados exterior (contratos no proporcionales) — Agropecuario,annual,PYG,2009-01-01T00:00:00Z,2025-12-31T00:00:00Z,review_indicator_only
e6bb3b7a2307a4f0b68d5ec37a8e3590,17,916,TRUE,insurance_annex:x1_14:10161f6cdba7167137465fc7,insurance_annex,Siniestros Reaseguros Aceptados exterior (contratos proporcionales) (Guaraníes) — Responsabilidad Civil,Siniestros Reaseguros Aceptados exterior (contratos proporcionales) (Guaraníes) — Siniestros Reaseguros Aceptados exterior (contratos proporcionales) (Guaraníes) — Responsabilidad Civil,annual,PYG,2009-01-01T00:00:00Z,2025-12-31T00:00:00Z,review_indicator_only
e6bb3b7a2307a4f0b68d5ec37a8e3590,17,916,TRUE,insurance_annex:x1_14:16f682f5b9db5016f944ab50,insurance_annex,Siniestros Reaseguros Aceptados exterior (contratos proporcionales) (Guaraníes) — Siniestros Reaseguros Aceptados Sección Desgravamen Hipotecario Corto Plazo,Siniestros Reaseguros Aceptados exterior (contratos proporcionales) (Guaraníes) — Siniestros Reaseguros Aceptados exterior (contratos proporcionales) (Guaraníes) — Siniestros Reaseguros Aceptados Sección Desgravamen Hipotecario Corto Plazo,annual,PYG,2009-01-01T00:00:00Z,2025-12-31T00:00:00Z,review_indicator_only
e6bb3b7a2307a4f0b68d5ec37a8e3590,17,916,TRUE,insurance_annex:x1_14:18e01e0f5f9872bd68fa5c96,insurance_annex,Total Siniestros Reaseguros Aceptados exterior — Siniestros Reaseguros Aceptados Sección Vida Individual Largo Plazo,Total Siniestros Reaseguros Aceptados exterior — Total Siniestros Reaseguros Aceptados exterior — Siniestros Reaseguros Aceptados Sección Vida Individual Largo Plazo,annual,PYG,2009-01-01T00:00:00Z,2025-12-31T00:00:00Z,review_indicator_only
e6bb3b7a2307a4f0b68d5ec37a8e3590,17,916,TRUE,insurance_annex:x1_14:1e359896a9b2c05a8b4b1dae,insurance_annex,Siniestros Reaseguros Aceptados exterior (contratos proporcionales) (Guaraníes) — Siniestros Reaseguros Aceptados Sección Vida Individual Corto Plazo,Siniestros Reaseguros Aceptados exterior (contratos proporcionales) (Guaraníes) — Siniestros Reaseguros Aceptados exterior (contratos proporcionales) (Guaraníes) — Siniestros Reaseguros Aceptados Sección Vida Individual Corto Plazo,annual,PYG,2009-01-01T00:00:00Z,2025-12-31T00:00:00Z,review_indicator_only
e6bb3b7a2307a4f0b68d5ec37a8e3590,17,916,TRUE,insurance_annex:x1_14:236238b7edbf45e6ea0bcb16,insurance_annex,Siniestros Reaseguros Aceptados exterior (contratos no proporcionales) — Siniestros Reaseguros Aceptados Sección Vida Individual Corto Plazo,Siniestros Reaseguros Aceptados exterior (contratos no proporcionales) — Siniestros Reaseguros Aceptados exterior (contratos no proporcionales) — Siniestros Reaseguros Aceptados Sección Vida Individual Corto Plazo,annual,PYG,2009-01-01T00:00:00Z,2025-12-31T00:00:00Z,review_indicator_only
e6bb3b7a2307a4f0b68d5ec37a8e3590,17,916,TRUE,insurance_annex:x1_14:243bfb9a736b730f20b051ee,insurance_annex,Total Siniestros Reaseguros Aceptados exterior — Riesgos Técnicos,Total Siniestros Reaseguros Aceptados exterior — Total Siniestros Reaseguros Aceptados exterior — Riesgos Técnicos,annual,PYG,2009-01-01T00:00:00Z,2025-12-31T00:00:00Z,review_indicator_only
e6bb3b7a2307a4f0b68d5ec37a8e3590,17,916,TRUE,insurance_annex:x1_14:27cf4bf16c4fece0dda405f6,insurance_annex,Total Siniestros Reaseguros Aceptados exterior — Accidentes a Pasajeros,Total Siniestros Reaseguros Aceptados exterior — Total Siniestros Reaseguros Aceptados exterior — Accidentes a Pasajeros,annual,PYG,2009-01-01T00:00:00Z,2025-12-31T00:00:00Z,review_indicator_only
e6bb3b7a2307a4f0b68d5ec37a8e3590,17,916,TRUE,insurance_annex:x1_14:2b0f22147369186d2e8cec09,insurance_annex,Total Siniestros Reaseguros Aceptados exterior — Siniestros Reaseguros Aceptados Sección Seguros Colectivos Corto Plazo,Total Siniestros Reaseguros Aceptados exterior — Total Siniestros Reaseguros Aceptados exterior — Siniestros Reaseguros Aceptados Sección Seguros Colectivos Corto Plazo,annual,PYG,2009-01-01T00:00:00Z,2025-12-31T00:00:00Z,review_indicator_only
e6bb3b7a2307a4f0b68d5ec37a8e3590,17,916,TRUE,insurance_annex:x1_14:33df589ad57310f89435a759,insurance_annex,Siniestros Reaseguros Aceptados exterior (contratos no proporcionales) — Accidentes a Pasajeros,Siniestros Reaseguros Aceptados exterior (contratos no proporcionales) — Siniestros Reaseguros Aceptados exterior (contratos no proporcionales) — Accidentes a Pasajeros,annual,PYG,2009-01-01T00:00:00Z,2025-12-31T00:00:00Z,review_indicator_only
e6bb3b7a2307a4f0b68d5ec37a8e3590,17,916,TRUE,insurance_annex:x1_14:36126bfddf3745d33815cdd0,insurance_annex,Siniestros Reaseguros Aceptados exterior (contratos no proporcionales) — Siniestros Reaseguros Aceptados Sección Desgravamen Hipotecario Corto Plazo,Siniestros Reaseguros Aceptados exterior (contratos no proporcionales) — Siniestros Reaseguros Aceptados exterior (contratos no proporcionales) — Siniestros Reaseguros Aceptados Sección Desgravamen Hipotecario Corto Plazo,annual,PYG,2009-01-01T00:00:00Z,2025-12-31T00:00:00Z,review_indicator_only
e6bb3b7a2307a4f0b68d5ec37a8e3590,17,916,TRUE,insurance_annex:x1_14:3c4d63dfd393830bdcf6a60f,insurance_annex,Siniestros Reaseguros Aceptados exterior (contratos proporcionales) (Guaraníes) — Accidentes a Pasajeros,Siniestros Reaseguros Aceptados exterior (contratos proporcionales) (Guaraníes) — Siniestros Reaseguros Aceptados exterior (contratos proporcionales) (Guaraníes) — Accidentes a Pasajeros,annual,PYG,2009-01-01T00:00:00Z,2025-12-31T00:00:00Z,review_indicator_only
e6bb3b7a2307a4f0b68d5ec37a8e3590,17,916,TRUE,insurance_annex:x1_14:3fc7c666c2e3dd160303ca9f,insurance_annex,Siniestros Reaseguros Aceptados exterior (contratos proporcionales) (Guaraníes) — Caución,Siniestros Reaseguros Aceptados exterior (contratos proporcionales) (Guaraníes) — Siniestros Reaseguros Aceptados exterior (contratos proporcionales) (Guaraníes) — Caución,annual,PYG,2009-01-01T00:00:00Z,2025-12-31T00:00:00Z,review_indicator_only
e6bb3b7a2307a4f0b68d5ec37a8e3590,17,916,TRUE,insurance_annex:x1_14:3fda820007719657340a3a58,insurance_annex,Siniestros Reaseguros Aceptados exterior (contratos proporcionales) (Guaraníes) — Transporte,Siniestros Reaseguros Aceptados exterior (contratos proporcionales) (Guaraníes) — Siniestros Reaseguros Aceptados exterior (contratos proporcionales) (Guaraníes) — Transporte,annual,PYG,2009-01-01T00:00:00Z,2025-12-31T00:00:00Z,review_indicator_only
e6bb3b7a2307a4f0b68d5ec37a8e3590,17,916,TRUE,insurance_annex:x1_14:40d09b6a432335fa6ba94a48,insurance_annex,Total Siniestros Reaseguros Aceptados exterior — Total Vida Corto Plazo,Total Siniestros Reaseguros Aceptados exterior — Total Siniestros Reaseguros Aceptados exterior — Total Vida Corto Plazo,annual,PYG,2009-01-01T00:00:00Z,2025-12-31T00:00:00Z,review_indicator_only
e6bb3b7a2307a4f0b68d5ec37a8e3590,17,916,TRUE,insurance_annex:x1_14:43ad8e8f0b996a4901238d31,insurance_annex,Siniestros Reaseguros Aceptados exterior (contratos proporcionales) (Guaraníes) — Siniestros Reaseguros Aceptados Sección Pensiones Voluntarias,Siniestros Reaseguros Aceptados exterior (contratos proporcionales) (Guaraníes) — Siniestros Reaseguros Aceptados exterior (contratos proporcionales) (Guaraníes) — Siniestros Reaseguros Aceptados Sección Pensiones Voluntarias,annual,PYG,2009-01-01T00:00:00Z,2025-12-31T00:00:00Z,review_indicator_only
e6bb3b7a2307a4f0b68d5ec37a8e3590,17,916,TRUE,insurance_annex:x1_14:4c6bd6ad6c778187598aa920,insurance_annex,Total Siniestros Reaseguros Aceptados exterior — Riesgos Varios,Total Siniestros Reaseguros Aceptados exterior — Total Siniestros Reaseguros Aceptados exterior — Riesgos Varios,annual,PYG,2009-01-01T00:00:00Z,2025-12-31T00:00:00Z,review_indicator_only
e6bb3b7a2307a4f0b68d5ec37a8e3590,17,916,TRUE,insurance_annex:x1_14:4db48ade6dfe8bcbfe8502e4,insurance_annex,Siniestros Reaseguros Aceptados exterior (contratos no proporcionales) — Riesgos Varios,Siniestros Reaseguros Aceptados exterior (contratos no proporcionales) — Siniestros Reaseguros Aceptados exterior (contratos no proporcionales) — Riesgos Varios,annual,PYG,2009-01-01T00:00:00Z,2025-12-31T00:00:00Z,review_indicator_only
e6bb3b7a2307a4f0b68d5ec37a8e3590,17,916,TRUE,insurance_annex:x1_14:567b9d57e2ec8f19e394224c,insurance_annex,Siniestros Reaseguros Aceptados exterior (contratos proporcionales) (Guaraníes) — Siniestros Reaseguros Aceptados Sección Vida Individual Largo Plazo,Siniestros Reaseguros Aceptados exterior (contratos proporcionales) (Guaraníes) — Siniestros Reaseguros Aceptados exterior (contratos proporcionales) (Guaraníes) — Siniestros Reaseguros Aceptados Sección Vida Individual Largo Plazo,annual,PYG,2009-01-01T00:00:00Z,2025-12-31T00:00:00Z,review_indicator_only
e6bb3b7a2307a4f0b68d5ec37a8e3590,17,916,TRUE,insurance_annex:x1_14:5a42ab3893cf93e36e1687b2,insurance_annex,Siniestros Reaseguros Aceptados exterior (contratos proporcionales) (Guaraníes) — Total Vida Largo Plazo,Siniestros Reaseguros Aceptados exterior (contratos proporcionales) (Guaraníes) — Siniestros Reaseguros Aceptados exterior (contratos proporcionales) (Guaraníes) — Total Vida Largo Plazo,annual,PYG,2009-01-01T00:00:00Z,2025-12-31T00:00:00Z,review_indicator_only
e6bb3b7a2307a4f0b68d5ec37a8e3590,17,916,TRUE,insurance_annex:x1_14:5af9e6a681989615efae8d39,insurance_annex,Total Siniestros Reaseguros Aceptados exterior — Siniestros Reaseguros Aceptados Sección Seguros Colectivos Largo Plazo,Total Siniestros Reaseguros Aceptados exterior — Total Siniestros Reaseguros Aceptados exterior — Siniestros Reaseguros Aceptados Sección Seguros Colectivos Largo Plazo,annual,PYG,2009-01-01T00:00:00Z,2025-12-31T00:00:00Z,review_indicator_only
e6bb3b7a2307a4f0b68d5ec37a8e3590,17,916,TRUE,insurance_annex:x1_14:6092dfc40890b276af75d672,insurance_annex,Total Siniestros Reaseguros Aceptados exterior — Total Vida Largo Plazo,Total Siniestros Reaseguros Aceptados exterior — Total Siniestros Reaseguros Aceptados exterior — Total Vida Largo Plazo,annual,PYG,2009-01-01T00:00:00Z,2025-12-31T00:00:00Z,review_indicator_only
e6bb3b7a2307a4f0b68d5ec37a8e3590,17,916,TRUE,insurance_annex:x1_14:63db20926d25520ffe10c562,insurance_annex,Siniestros Reaseguros Aceptados exterior (contratos proporcionales) (Guaraníes) — Robo y Asalto,Siniestros Reaseguros Aceptados exterior (contratos proporcionales) (Guaraníes) — Siniestros Reaseguros Aceptados exterior (contratos proporcionales) (Guaraníes) — Robo y Asalto,annual,PYG,2009-01-01T00:00:00Z,2025-12-31T00:00:00Z,review_indicator_only
e6bb3b7a2307a4f0b68d5ec37a8e3590,17,916,TRUE,insurance_annex:x1_14:6aec63e4c237191a29c58d2b,insurance_annex,Siniestros Reaseguros Aceptados exterior (contratos proporcionales) (Guaraníes) — Agropecuario,Siniestros Reaseguros Aceptados exterior (contratos proporcionales) (Guaraníes) — Siniestros Reaseguros Aceptados exterior (contratos proporcionales) (Guaraníes) — Agropecuario,annual,PYG,2009-01-01T00:00:00Z,2025-12-31T00:00:00Z,review_indicator_only
e6bb3b7a2307a4f0b68d5ec37a8e3590,17,916,TRUE,insurance_annex:x1_14:75fdcda74e1bbcd4f90e4b66,insurance_annex,Siniestros Reaseguros Aceptados exterior (contratos no proporcionales) — Riesgos Técnicos,Siniestros Reaseguros Aceptados exterior (contratos no proporcionales) — Siniestros Reaseguros Aceptados exterior (contratos no proporcionales) — Riesgos Técnicos,annual,PYG,2009-01-01T00:00:00Z,2025-12-31T00:00:00Z,review_indicator_only
e6bb3b7a2307a4f0b68d5ec37a8e3590,17,916,TRUE,insurance_annex:x1_14:796aa5067d8c9afeb12bdb82,insurance_annex,"Siniestros Reaseguros Aceptados exterior (contratos proporcionales) (Guaraníes) — Cristales, Vidrios y Espejos","Siniestros Reaseguros Aceptados exterior (contratos proporcionales) (Guaraníes) — Siniestros Reaseguros Aceptados exterior (contratos proporcionales) (Guaraníes) — Cristales, Vidrios y Espejos",annual,PYG,2009-01-01T00:00:00Z,2025-12-31T00:00:00Z,review_indicator_only
e6bb3b7a2307a4f0b68d5ec37a8e3590,17,916,TRUE,insurance_annex:x1_14:7a5424df8d4b11d36c33e561,insurance_annex,Siniestros Reaseguros Aceptados exterior (contratos no proporcionales) — Aeronavegación,Siniestros Reaseguros Aceptados exterior (contratos no proporcionales) — Siniestros Reaseguros Aceptados exterior (contratos no proporcionales) — Aeronavegación,annual,PYG,2009-01-01T00:00:00Z,2025-12-31T00:00:00Z,review_indicator_only
e6bb3b7a2307a4f0b68d5ec37a8e3590,17,916,TRUE,insurance_annex:x1_14:7b260142bd848c426b2f8aff,insurance_annex,Siniestros Reaseguros Aceptados exterior (contratos proporcionales) (Guaraníes) — Riesgos Técnicos,Siniestros Reaseguros Aceptados exterior (contratos proporcionales) (Guaraníes) — Siniestros Reaseguros Aceptados exterior (contratos proporcionales) (Guaraníes) — Riesgos Técnicos,annual,PYG,2009-01-01T00:00:00Z,2025-12-31T00:00:00Z,review_indicator_only
e6bb3b7a2307a4f0b68d5ec37a8e3590,17,916,TRUE,insurance_annex:x1_14:7edb1191b5335be63a2d0aba,insurance_annex,Siniestros Reaseguros Aceptados exterior (contratos proporcionales) (Guaraníes) — Siniestros Reaseguros Aceptados Sección Defunción o Sepelio,Siniestros Reaseguros Aceptados exterior (contratos proporcionales) (Guaraníes) — Siniestros Reaseguros Aceptados exterior (contratos proporcionales) (Guaraníes) — Siniestros Reaseguros Aceptados Sección Defunción o Sepelio,annual,PYG,2009-01-01T00:00:00Z,2025-12-31T00:00:00Z,review_indicator_only
e6bb3b7a2307a4f0b68d5ec37a8e3590,17,916,TRUE,insurance_annex:x1_14:8258891b35340efc55401bb2,insurance_annex,Siniestros Reaseguros Aceptados exterior (contratos no proporcionales) — Accidentes Personales,Siniestros Reaseguros Aceptados exterior (contratos no proporcionales) — Siniestros Reaseguros Aceptados exterior (contratos no proporcionales) — Accidentes Personales,annual,PYG,2009-01-01T00:00:00Z,2025-12-31T00:00:00Z,review_indicator_only
e6bb3b7a2307a4f0b68d5ec37a8e3590,17,916,TRUE,insurance_annex:x1_14:838a28776291b84afb89cd94,insurance_annex,Total Siniestros Reaseguros Aceptados exterior — Siniestros Reaseguros Aceptados Sección Defunción o Sepelio,Total Siniestros Reaseguros Aceptados exterior — Total Siniestros Reaseguros Aceptados exterior — Siniestros Reaseguros Aceptados Sección Defunción o Sepelio,annual,PYG,2009-01-01T00:00:00Z,2025-12-31T00:00:00Z,review_indicator_only
e6bb3b7a2307a4f0b68d5ec37a8e3590,17,916,TRUE,insurance_annex:x1_14:8430618f70dfc3f39966fd10,insurance_annex,Siniestros Reaseguros Aceptados exterior (contratos proporcionales) (Guaraníes) — Total Vida Corto Plazo,Siniestros Reaseguros Aceptados exterior (contratos proporcionales) (Guaraníes) — Siniestros Reaseguros Aceptados exterior (contratos proporcionales) (Guaraníes) — Total Vida Corto Plazo,annual,PYG,2009-01-01T00:00:00Z,2025-12-31T00:00:00Z,review_indicator_only
e6bb3b7a2307a4f0b68d5ec37a8e3590,17,916,TRUE,insurance_annex:x1_14:89247ad910e1aa50bdef1f98,insurance_annex,Total Siniestros Reaseguros Aceptados exterior — Siniestros Reaseguros Aceptados Sección Pensiones Voluntarias,Total Siniestros Reaseguros Aceptados exterior — Total Siniestros Reaseguros Aceptados exterior — Siniestros Reaseguros Aceptados Sección Pensiones Voluntarias,annual,PYG,2009-01-01T00:00:00Z,2025-12-31T00:00:00Z,review_indicator_only
e6bb3b7a2307a4f0b68d5ec37a8e3590,17,916,TRUE,insurance_annex:x1_14:8a8b5f061f7b54e2d68b1e4b,insurance_annex,Siniestros Reaseguros Aceptados exterior (contratos no proporcionales) — Siniestros Reaseguros Aceptados Sección Desgravamen Hipotecario Largo Plazo,Siniestros Reaseguros Aceptados exterior (contratos no proporcionales) — Siniestros Reaseguros Aceptados exterior (contratos no proporcionales) — Siniestros Reaseguros Aceptados Sección Desgravamen Hipotecario Largo Plazo,annual,PYG,2009-01-01T00:00:00Z,2025-12-31T00:00:00Z,review_indicator_only
e6bb3b7a2307a4f0b68d5ec37a8e3590,17,916,TRUE,insurance_annex:x1_14:94a009f947d9dfdee10b0344,insurance_annex,Siniestros Reaseguros Aceptados exterior (contratos proporcionales) (Guaraníes) — Aeronavegación,Siniestros Reaseguros Aceptados exterior (contratos proporcionales) (Guaraníes) — Siniestros Reaseguros Aceptados exterior (contratos proporcionales) (Guaraníes) — Aeronavegación,annual,PYG,2009-01-01T00:00:00Z,2025-12-31T00:00:00Z,review_indicator_only
e6bb3b7a2307a4f0b68d5ec37a8e3590,17,916,TRUE,insurance_annex:x1_14:9d6f2ffc1aea83bafa3081db,insurance_annex,Total Siniestros Reaseguros Aceptados exterior — Siniestros Reaseguros Aceptados Sección Vida Individual Corto Plazo,Total Siniestros Reaseguros Aceptados exterior — Total Siniestros Reaseguros Aceptados exterior — Siniestros Reaseguros Aceptados Sección Vida Individual Corto Plazo,annual,PYG,2009-01-01T00:00:00Z,2025-12-31T00:00:00Z,review_indicator_only
e6bb3b7a2307a4f0b68d5ec37a8e3590,17,916,TRUE,insurance_annex:x1_14:9f31ceebadf3fe73e3099e69,insurance_annex,Siniestros Reaseguros Aceptados exterior (contratos proporcionales) (Guaraníes) — Riesgos Varios,Siniestros Reaseguros Aceptados exterior (contratos proporcionales) (Guaraníes) — Siniestros Reaseguros Aceptados exterior (contratos proporcionales) (Guaraníes) — Riesgos Varios,annual,PYG,2009-01-01T00:00:00Z,2025-12-31T00:00:00Z,review_indicator_only
e6bb3b7a2307a4f0b68d5ec37a8e3590,17,916,TRUE,insurance_annex:x1_14:9f8ec7173a2c3e7fdd9bacdf,insurance_annex,"Total Siniestros Reaseguros Aceptados exterior — Cristales, Vidrios y Espejos","Total Siniestros Reaseguros Aceptados exterior — Total Siniestros Reaseguros Aceptados exterior — Cristales, Vidrios y Espejos",annual,PYG,2009-01-01T00:00:00Z,2025-12-31T00:00:00Z,review_indicator_only
e6bb3b7a2307a4f0b68d5ec37a8e3590,17,916,TRUE,insurance_annex:x1_14:a29252191add0ba19eca7f36,insurance_annex,Siniestros Reaseguros Aceptados exterior (contratos no proporcionales) — Siniestros Reaseguros Aceptados Sección Seguros Colectivos Corto Plazo,Siniestros Reaseguros Aceptados exterior (contratos no proporcionales) — Siniestros Reaseguros Aceptados exterior (contratos no proporcionales) — Siniestros Reaseguros Aceptados Sección Seguros Colectivos Corto Plazo,annual,PYG,2009-01-01T00:00:00Z,2025-12-31T00:00:00Z,review_indicator_only
e6bb3b7a2307a4f0b68d5ec37a8e3590,17,916,TRUE,insurance_annex:x1_14:b6b76876305da1299d977701,insurance_annex,Total Siniestros Reaseguros Aceptados exterior — Aeronavegación,Total Siniestros Reaseguros Aceptados exterior — Total Siniestros Reaseguros Aceptados exterior — Aeronavegación,annual,PYG,2009-01-01T00:00:00Z,2025-12-31T00:00:00Z,review_indicator_only
e6bb3b7a2307a4f0b68d5ec37a8e3590,17,916,TRUE,insurance_annex:x1_14:bb8ee079af20dcc38bfbe287,insurance_annex,Total Siniestros Reaseguros Aceptados exterior — Responsabilidad Civil,Total Siniestros Reaseguros Aceptados exterior — Total Siniestros Reaseguros Aceptados exterior — Responsabilidad Civil,annual,PYG,2009-01-01T00:00:00Z,2025-12-31T00:00:00Z,review_indicator_only
e6bb3b7a2307a4f0b68d5ec37a8e3590,17,916,TRUE,insurance_annex:x1_14:bdfd1c9cd769714ee4207c66,insurance_annex,Total Siniestros Reaseguros Aceptados exterior — Accidentes Personales,Total Siniestros Reaseguros Aceptados exterior — Total Siniestros Reaseguros Aceptados exterior — Accidentes Personales,annual,PYG,2009-01-01T00:00:00Z,2025-12-31T00:00:00Z,review_indicator_only
e6bb3b7a2307a4f0b68d5ec37a8e3590,17,916,TRUE,insurance_annex:x1_14:c0014e6de2d02028e92f6b8d,insurance_annex,Siniestros Reaseguros Aceptados exterior (contratos no proporcionales) — Responsabilidad Civil,Siniestros Reaseguros Aceptados exterior (contratos no proporcionales) — Siniestros Reaseguros Aceptados exterior (contratos no proporcionales) — Responsabilidad Civil,annual,PYG,2009-01-01T00:00:00Z,2025-12-31T00:00:00Z,review_indicator_only
e6bb3b7a2307a4f0b68d5ec37a8e3590,17,916,TRUE,insurance_annex:x1_14:c3e2c3490d1dd948759313a1,insurance_annex,Siniestros Reaseguros Aceptados exterior (contratos proporcionales) (Guaraníes) — Siniestros Reaseguros Aceptados Sección Seguros Colectivos Corto Plazo,Siniestros Reaseguros Aceptados exterior (contratos proporcionales) (Guaraníes) — Siniestros Reaseguros Aceptados exterior (contratos proporcionales) (Guaraníes) — Siniestros Reaseguros Aceptados Sección Seguros Colectivos Corto Plazo,annual,PYG,2009-01-01T00:00:00Z,2025-12-31T00:00:00Z,review_indicator_only
e6bb3b7a2307a4f0b68d5ec37a8e3590,17,916,TRUE,insurance_annex:x1_14:c442594f252d5db8c3e9b4b9,insurance_annex,Siniestros Reaseguros Aceptados exterior (contratos no proporcionales) — Total Vida Corto Plazo,Siniestros Reaseguros Aceptados exterior (contratos no proporcionales) — Siniestros Reaseguros Aceptados exterior (contratos no proporcionales) — Total Vida Corto Plazo,annual,PYG,2009-01-01T00:00:00Z,2025-12-31T00:00:00Z,review_indicator_only
e6bb3b7a2307a4f0b68d5ec37a8e3590,17,916,TRUE,insurance_annex:x1_14:c6dfc120107160276442f6ab,insurance_annex,Siniestros Reaseguros Aceptados exterior (contratos no proporcionales) — Siniestros Reaseguros Aceptados Sección Vida Individual Largo Plazo,Siniestros Reaseguros Aceptados exterior (contratos no proporcionales) — Siniestros Reaseguros Aceptados exterior (contratos no proporcionales) — Siniestros Reaseguros Aceptados Sección Vida Individual Largo Plazo,annual,PYG,2009-01-01T00:00:00Z,2025-12-31T00:00:00Z,review_indicator_only
e6bb3b7a2307a4f0b68d5ec37a8e3590,17,916,TRUE,insurance_annex:x1_14:caff822d8c3e9be12438be24,insurance_annex,Siniestros Reaseguros Aceptados exterior (contratos proporcionales) (Guaraníes) — Siniestros Reaseguros Aceptados Sección Salud o Enfermedad,Siniestros Reaseguros Aceptados exterior (contratos proporcionales) (Guaraníes) — Siniestros Reaseguros Aceptados exterior (contratos proporcionales) (Guaraníes) — Siniestros Reaseguros Aceptados Sección Salud o Enfermedad,annual,PYG,2009-01-01T00:00:00Z,2025-12-31T00:00:00Z,review_indicator_only
e6bb3b7a2307a4f0b68d5ec37a8e3590,17,916,TRUE,insurance_annex:x1_14:cc8437343e85bdc30cb76486,insurance_annex,Total Siniestros Reaseguros Aceptados exterior — Agropecuario,Total Siniestros Reaseguros Aceptados exterior — Total Siniestros Reaseguros Aceptados exterior — Agropecuario,annual,PYG,2009-01-01T00:00:00Z,2025-12-31T00:00:00Z,review_indicator_only
e6bb3b7a2307a4f0b68d5ec37a8e3590,17,916,TRUE,insurance_annex:x1_14:cfa340eb656a3ad92a080f1a,insurance_annex,Siniestros Reaseguros Aceptados exterior (contratos no proporcionales) — Siniestros Reaseguros Aceptados Sección Pensiones Voluntarias,Siniestros Reaseguros Aceptados exterior (contratos no proporcionales) — Siniestros Reaseguros Aceptados exterior (contratos no proporcionales) — Siniestros Reaseguros Aceptados Sección Pensiones Voluntarias,annual,PYG,2009-01-01T00:00:00Z,2025-12-31T00:00:00Z,review_indicator_only
e6bb3b7a2307a4f0b68d5ec37a8e3590,17,916,TRUE,insurance_annex:x1_14:d36ecc40e597efcd39f5fda1,insurance_annex,Siniestros Reaseguros Aceptados exterior (contratos no proporcionales) — Robo y Asalto,Siniestros Reaseguros Aceptados exterior (contratos no proporcionales) — Siniestros Reaseguros Aceptados exterior (contratos no proporcionales) — Robo y Asalto,annual,PYG,2009-01-01T00:00:00Z,2025-12-31T00:00:00Z,review_indicator_only
e6bb3b7a2307a4f0b68d5ec37a8e3590,17,916,TRUE,insurance_annex:x1_14:d4dde8c5a5676930cea8e7fb,insurance_annex,Total Siniestros Reaseguros Aceptados exterior — Siniestros Reaseguros Aceptados Sección Desgravamen Hipotecario Largo Plazo,Total Siniestros Reaseguros Aceptados exterior — Total Siniestros Reaseguros Aceptados exterior — Siniestros Reaseguros Aceptados Sección Desgravamen Hipotecario Largo Plazo,annual,PYG,2009-01-01T00:00:00Z,2025-12-31T00:00:00Z,review_indicator_only
e6bb3b7a2307a4f0b68d5ec37a8e3590,17,916,TRUE,insurance_annex:x1_14:d5c1d7668eeadeeac44b4969,insurance_annex,Siniestros Reaseguros Aceptados exterior (contratos proporcionales) (Guaraníes) — Siniestros Reaseguros Aceptados Sección Desgravamen Hipotecario Largo Plazo,Siniestros Reaseguros Aceptados exterior (contratos proporcionales) (Guaraníes) — Siniestros Reaseguros Aceptados exterior (contratos proporcionales) (Guaraníes) — Siniestros Reaseguros Aceptados Sección Desgravamen Hipotecario Largo Plazo,annual,PYG,2009-01-01T00:00:00Z,2025-12-31T00:00:00Z,review_indicator_only
e6bb3b7a2307a4f0b68d5ec37a8e3590,17,916,TRUE,insurance_annex:x1_14:db04835ff8223ef6f0cd2df9,insurance_annex,Siniestros Reaseguros Aceptados exterior (contratos proporcionales) (Guaraníes) — Siniestros Reaseguros Aceptados Sección Seguros Colectivos Largo Plazo,Siniestros Reaseguros Aceptados exterior (contratos proporcionales) (Guaraníes) — Siniestros Reaseguros Aceptados exterior (contratos proporcionales) (Guaraníes) — Siniestros Reaseguros Aceptados Sección Seguros Colectivos Largo Plazo,annual,PYG,2009-01-01T00:00:00Z,2025-12-31T00:00:00Z,review_indicator_only
e6bb3b7a2307a4f0b68d5ec37a8e3590,17,916,TRUE,insurance_annex:x1_14:e2472efa78e4bb565a342bb2,insurance_annex,Siniestros Reaseguros Aceptados exterior (contratos no proporcionales) — Siniestros Reaseguros Aceptados Sección Salud o Enfermedad,Siniestros Reaseguros Aceptados exterior (contratos no proporcionales) — Siniestros Reaseguros Aceptados exterior (contratos no proporcionales) — Siniestros Reaseguros Aceptados Sección Salud o Enfermedad,annual,PYG,2009-01-01T00:00:00Z,2025-12-31T00:00:00Z,review_indicator_only
e6bb3b7a2307a4f0b68d5ec37a8e3590,17,916,TRUE,insurance_annex:x1_14:e284b4648090d56f1a6b23c6,insurance_annex,Total Siniestros Reaseguros Aceptados exterior — Siniestros Reaseguros Aceptados Sección Salud o Enfermedad,Total Siniestros Reaseguros Aceptados exterior — Total Siniestros Reaseguros Aceptados exterior — Siniestros Reaseguros Aceptados Sección Salud o Enfermedad,annual,PYG,2009-01-01T00:00:00Z,2025-12-31T00:00:00Z,review_indicator_only
e6bb3b7a2307a4f0b68d5ec37a8e3590,17,916,TRUE,insurance_annex:x1_14:e6d3503007c92d384eb89765,insurance_annex,Siniestros Reaseguros Aceptados exterior (contratos no proporcionales) — Transporte,Siniestros Reaseguros Aceptados exterior (contratos no proporcionales) — Siniestros Reaseguros Aceptados exterior (contratos no proporcionales) — Transporte,annual,PYG,2009-01-01T00:00:00Z,2025-12-31T00:00:00Z,review_indicator_only
e6bb3b7a2307a4f0b68d5ec37a8e3590,17,916,TRUE,insurance_annex:x1_14:ee33a786463d4ab5f580d0d8,insurance_annex,Siniestros Reaseguros Aceptados exterior (contratos no proporcionales) — Siniestros Reaseguros Aceptados Sección Defunción o Sepelio,Siniestros Reaseguros Aceptados exterior (contratos no proporcionales) — Siniestros Reaseguros Aceptados exterior (contratos no proporcionales) — Siniestros Reaseguros Aceptados Sección Defunción o Sepelio,annual,PYG,2009-01-01T00:00:00Z,2025-12-31T00:00:00Z,review_indicator_only
e6bb3b7a2307a4f0b68d5ec37a8e3590,17,916,TRUE,insurance_annex:x1_14:ef11921d0ff6628ce8b467e2,insurance_annex,"Siniestros Reaseguros Aceptados exterior (contratos no proporcionales) — Cristales, Vidrios y Espejos","Siniestros Reaseguros Aceptados exterior (contratos no proporcionales) — Siniestros Reaseguros Aceptados exterior (contratos no proporcionales) — Cristales, Vidrios y Espejos",annual,PYG,2009-01-01T00:00:00Z,2025-12-31T00:00:00Z,review_indicator_only
e6bb3b7a2307a4f0b68d5ec37a8e3590,17,916,TRUE,insurance_annex:x1_14:efc1e8ca3c0a6b357e936224,insurance_annex,Siniestros Reaseguros Aceptados exterior (contratos no proporcionales) — Incendio,Siniestros Reaseguros Aceptados exterior (contratos no proporcionales) — Siniestros Reaseguros Aceptados exterior (contratos no proporcionales) — Incendio,annual,PYG,2009-01-01T00:00:00Z,2025-12-31T00:00:00Z,review_indicator_only
e6bb3b7a2307a4f0b68d5ec37a8e3590,17,916,TRUE,insurance_annex:x1_14:f9832fcd5c329dd5fe2ff4a7,insurance_annex,Siniestros Reaseguros Aceptados exterior (contratos no proporcionales) — Total Vida Largo Plazo,Siniestros Reaseguros Aceptados exterior (contratos no proporcionales) — Siniestros Reaseguros Aceptados exterior (contratos no proporcionales) — Total Vida Largo Plazo,annual,PYG,2009-01-01T00:00:00Z,2025-12-31T00:00:00Z,review_indicator_only
e6bb3b7a2307a4f0b68d5ec37a8e3590,17,916,TRUE,insurance_annex:x1_14:ff434e28ccc43059971fb604,insurance_annex,Total Siniestros Reaseguros Aceptados exterior — Siniestros Reaseguros Aceptados Sección Desgravamen Hipotecario Corto Plazo,Total Siniestros Reaseguros Aceptados exterior — Total Siniestros Reaseguros Aceptados exterior — Siniestros Reaseguros Aceptados Sección Desgravamen Hipotecario Corto Plazo,annual,PYG,2009-01-01T00:00:00Z,2025-12-31T00:00:00Z,review_indicator_only
e6bb3b7a2307a4f0b68d5ec37a8e3590,17,916,TRUE,insurance_annex:x1_15:9bc0d0440f72e0c1041589f8,insurance_annex,Constitución de Provisiones Técnicas de Siniestros (Guaraníes) — Total Vida largo plazo,Constitución de Provisiones Técnicas de Siniestros (Guaraníes) — Constitución de Provisiones Técnicas de Siniestros (Guaraníes) — Total Vida largo plazo,annual,PYG,2009-01-01T00:00:00Z,2025-12-31T00:00:00Z,review_indicator_only
e6bb3b7a2307a4f0b68d5ec37a8e3590,17,916,TRUE,insurance_annex:x1_16:5efaca58323e00778e036ff4,insurance_annex,Recupero de Siniestros Directos (Guaraníes) — Vida,Recupero de Siniestros Directos (Guaraníes) — Recupero de Siniestros Directos (Guaraníes) — Vida,annual,PYG,2009-01-01T00:00:00Z,2025-12-31T00:00:00Z,review_indicator_only
e6bb3b7a2307a4f0b68d5ec37a8e3590,17,916,TRUE,insurance_annex:x1_16:613a1b37b1e0544cc6253ec4,insurance_annex,Recupero de Siniestros Directos (Guaraníes) — Total Vida Largo Plazo,Recupero de Siniestros Directos (Guaraníes) — Recupero de Siniestros Directos (Guaraníes) — Total Vida Largo Plazo,annual,PYG,2009-01-01T00:00:00Z,2025-12-31T00:00:00Z,review_indicator_only
e6bb3b7a2307a4f0b68d5ec37a8e3590,17,916,TRUE,insurance_annex:x1_16:7dfabac1eaafedaa1b0feb7a,insurance_annex,Recupero de Siniestros Directos (Guaraníes) — Total Vida Corto Plazo,Recupero de Siniestros Directos (Guaraníes) — Recupero de Siniestros Directos (Guaraníes) — Total Vida Corto Plazo,annual,PYG,2009-01-01T00:00:00Z,2025-12-31T00:00:00Z,review_indicator_only
e6bb3b7a2307a4f0b68d5ec37a8e3590,17,916,TRUE,insurance_annex:x1_17:011d4e0d5b5a794a1491c763,insurance_annex,Siniestros Recuperados Reaseguros cedidos (contratos no proporcionales) (Guaraníes) - Local — Accidentes a Pasajeros,Siniestros Recuperados Reaseguros cedidos (contratos no proporcionales) (Guaraníes) - Local — Siniestros Recuperados Reaseguros cedidos (contratos no proporcionales) (Guaraníes) - Local — Accidentes a Pasajeros,annual,PYG,2009-01-01T00:00:00Z,2025-12-31T00:00:00Z,review_indicator_only
e6bb3b7a2307a4f0b68d5ec37a8e3590,17,916,TRUE,insurance_annex:x1_17:163c62e592fc1d070e4d79d7,insurance_annex,Total Siniestros recuperados Reaseguros cedidos Local (Guaraníes) — Recupero de Siniestros Reaseguros Cedidos Sección Defunción o Sepelio,Total Siniestros recuperados Reaseguros cedidos Local (Guaraníes) — Total Siniestros recuperados Reaseguros cedidos Local (Guaraníes) — Recupero de Siniestros Reaseguros Cedidos Sección Defunción o Sepelio,annual,PYG,2009-01-01T00:00:00Z,2025-12-31T00:00:00Z,review_indicator_only
e6bb3b7a2307a4f0b68d5ec37a8e3590,17,916,TRUE,insurance_annex:x1_17:1fac176b9267adde3eec8b7e,insurance_annex,Siniestros Recuperados Reaseguros cedidos (contratos no proporcionales) (Guaraníes) - Local — Recupero de Siniestros Reaseguros Cedidos Sección Desgravamen Hipotecario Largo Plazo,Siniestros Recuperados Reaseguros cedidos (contratos no proporcionales) (Guaraníes) - Local — Siniestros Recuperados Reaseguros cedidos (contratos no proporcionales) (Guaraníes) - Local — Recupero de Siniestros Reaseguros Cedidos Sección Desgravamen Hipotecario Largo Plazo,annual,PYG,2009-01-01T00:00:00Z,2025-12-31T00:00:00Z,review_indicator_only
e6bb3b7a2307a4f0b68d5ec37a8e3590,17,916,TRUE,insurance_annex:x1_17:233fe7911b1eb80d2640db48,insurance_annex,Total Siniestros recuperados Reaseguros cedidos Local (Guaraníes) — Accidentes a Pasajeros,Total Siniestros recuperados Reaseguros cedidos Local (Guaraníes) — Total Siniestros recuperados Reaseguros cedidos Local (Guaraníes) — Accidentes a Pasajeros,annual,PYG,2009-01-01T00:00:00Z,2025-12-31T00:00:00Z,review_indicator_only
e6bb3b7a2307a4f0b68d5ec37a8e3590,17,916,TRUE,insurance_annex:x1_17:28e863c68506d5a1c60e606b,insurance_annex,Total Siniestros recuperados Reaseguros cedidos Local (Guaraníes) — Recupero de Siniestros Reaseguros Cedidos Sección Vida Individual Largo Plazo,Total Siniestros recuperados Reaseguros cedidos Local (Guaraníes) — Total Siniestros recuperados Reaseguros cedidos Local (Guaraníes) — Recupero de Siniestros Reaseguros Cedidos Sección Vida Individual Largo Plazo,annual,PYG,2009-01-01T00:00:00Z,2025-12-31T00:00:00Z,review_indicator_only
e6bb3b7a2307a4f0b68d5ec37a8e3590,17,916,TRUE,insurance_annex:x1_17:2a2b3c81b309cdde7661a806,insurance_annex,Total Siniestros recuperados Reaseguros cedidos Local (Guaraníes) — Agropecuario,Total Siniestros recuperados Reaseguros cedidos Local (Guaraníes) — Total Siniestros recuperados Reaseguros cedidos Local (Guaraníes) — Agropecuario,annual,PYG,2009-01-01T00:00:00Z,2025-12-31T00:00:00Z,review_indicator_only
e6bb3b7a2307a4f0b68d5ec37a8e3590,17,916,TRUE,insurance_annex:x1_17:2a9c6258e7c34f9bb6266527,insurance_annex,Siniestros Recuperados Reaseguros cedidos (contratos proporcionales) (Guaraníes) - Local — Recupero de Siniestros Reaseguros Cedidos Sección Vida Individual Largo Plazo,Siniestros Recuperados Reaseguros cedidos (contratos proporcionales) (Guaraníes) - Local — Siniestros Recuperados Reaseguros cedidos (contratos proporcionales) (Guaraníes) - Local — Recupero de Siniestros Reaseguros Cedidos Sección Vida Individual Largo Plazo,annual,PYG,2009-01-01T00:00:00Z,2025-12-31T00:00:00Z,review_indicator_only
e6bb3b7a2307a4f0b68d5ec37a8e3590,17,916,TRUE,insurance_annex:x1_17:46ca2f7915162f965436d679,insurance_annex,Total Siniestros recuperados Reaseguros cedidos Local (Guaraníes) — Recupero de Siniestros Reaseguros Cedidos Sección Pensiones Voluntarias,Total Siniestros recuperados Reaseguros cedidos Local (Guaraníes) — Total Siniestros recuperados Reaseguros cedidos Local (Guaraníes) — Recupero de Siniestros Reaseguros Cedidos Sección Pensiones Voluntarias,annual,PYG,2009-01-01T00:00:00Z,2025-12-31T00:00:00Z,review_indicator_only
e6bb3b7a2307a4f0b68d5ec37a8e3590,17,916,TRUE,insurance_annex:x1_17:4ee3cab42a5cc8b62edbd402,insurance_annex,Siniestros Recuperados Reaseguros cedidos (contratos no proporcionales) (Guaraníes) - Local — Accidentes Personales,Siniestros Recuperados Reaseguros cedidos (contratos no proporcionales) (Guaraníes) - Local — Siniestros Recuperados Reaseguros cedidos (contratos no proporcionales) (Guaraníes) - Local — Accidentes Personales,annual,PYG,2009-01-01T00:00:00Z,2025-12-31T00:00:00Z,review_indicator_only
e6bb3b7a2307a4f0b68d5ec37a8e3590,17,916,TRUE,insurance_annex:x1_17:6d28c7d7a89df749b8b3747e,insurance_annex,Siniestros Recuperados Reaseguros cedidos (contratos no proporcionales) (Guaraníes) - Local — Agropecuario,Siniestros Recuperados Reaseguros cedidos (contratos no proporcionales) (Guaraníes) - Local — Siniestros Recuperados Reaseguros cedidos (contratos no proporcionales) (Guaraníes) - Local — Agropecuario,annual,PYG,2009-01-01T00:00:00Z,2025-12-31T00:00:00Z,review_indicator_only
e6bb3b7a2307a4f0b68d5ec37a8e3590,17,916,TRUE,insurance_annex:x1_17:81bce5ed65ae7a11852cf264,insurance_annex,Siniestros Recuperados Reaseguros cedidos (contratos no proporcionales) (Guaraníes) - Local — Recupero de Siniestros Reaseguros Cedidos Sección Pensiones Voluntarias,Siniestros Recuperados Reaseguros cedidos (contratos no proporcionales) (Guaraníes) - Local — Siniestros Recuperados Reaseguros cedidos (contratos no proporcionales) (Guaraníes) - Local — Recupero de Siniestros Reaseguros Cedidos Sección Pensiones Voluntarias,annual,PYG,2009-01-01T00:00:00Z,2025-12-31T00:00:00Z,review_indicator_only
e6bb3b7a2307a4f0b68d5ec37a8e3590,17,916,TRUE,insurance_annex:x1_17:86d5d16d5e928c9a9f41d667,insurance_annex,Siniestros Recuperados Reaseguros cedidos (contratos no proporcionales) (Guaraníes) - Local — Recupero de Siniestros Reaseguros Cedidos Sección Vida Individual Corto Plazo,Siniestros Recuperados Reaseguros cedidos (contratos no proporcionales) (Guaraníes) - Local — Siniestros Recuperados Reaseguros cedidos (contratos no proporcionales) (Guaraníes) - Local — Recupero de Siniestros Reaseguros Cedidos Sección Vida Individual Corto Plazo,annual,PYG,2009-01-01T00:00:00Z,2025-12-31T00:00:00Z,review_indicator_only
e6bb3b7a2307a4f0b68d5ec37a8e3590,17,916,TRUE,insurance_annex:x1_17:88f8f22c2b8238ffd9b2a918,insurance_annex,Total Siniestros recuperados Reaseguros cedidos Local (Guaraníes) — Recupero de Siniestros Reaseguros Cedidos Sección Salud o Enfermedad,Total Siniestros recuperados Reaseguros cedidos Local (Guaraníes) — Total Siniestros recuperados Reaseguros cedidos Local (Guaraníes) — Recupero de Siniestros Reaseguros Cedidos Sección Salud o Enfermedad,annual,PYG,2009-01-01T00:00:00Z,2025-12-31T00:00:00Z,review_indicator_only
e6bb3b7a2307a4f0b68d5ec37a8e3590,17,916,TRUE,insurance_annex:x1_17:8e911b6921edf2839fc81a74,insurance_annex,Siniestros Recuperados Reaseguros cedidos (contratos proporcionales) (Guaraníes) - Local — Recupero de Siniestros Reaseguros Cedidos Sección Desgravamen Hipotecario Largo Plazo,Siniestros Recuperados Reaseguros cedidos (contratos proporcionales) (Guaraníes) - Local — Siniestros Recuperados Reaseguros cedidos (contratos proporcionales) (Guaraníes) - Local — Recupero de Siniestros Reaseguros Cedidos Sección Desgravamen Hipotecario Largo Plazo,annual,PYG,2009-01-01T00:00:00Z,2025-12-31T00:00:00Z,review_indicator_only
e6bb3b7a2307a4f0b68d5ec37a8e3590,17,916,TRUE,insurance_annex:x1_17:91e1527fc4a4a4adba3a3406,insurance_annex,Siniestros Recuperados Reaseguros cedidos (contratos no proporcionales) (Guaraníes) - Local — Recupero de Siniestros Reaseguros Cedidos Sección Salud o Enfermedad,Siniestros Recuperados Reaseguros cedidos (contratos no proporcionales) (Guaraníes) - Local — Siniestros Recuperados Reaseguros cedidos (contratos no proporcionales) (Guaraníes) - Local — Recupero de Siniestros Reaseguros Cedidos Sección Salud o Enfermedad,annual,PYG,2009-01-01T00:00:00Z,2025-12-31T00:00:00Z,review_indicator_only
e6bb3b7a2307a4f0b68d5ec37a8e3590,17,916,TRUE,insurance_annex:x1_17:94ffafc69bc2029502fa349a,insurance_annex,Siniestros Recuperados Reaseguros cedidos (contratos proporcionales) (Guaraníes) - Local — Recupero de Siniestros Reaseguros Cedidos Sección Salud o Enfermedad,Siniestros Recuperados Reaseguros cedidos (contratos proporcionales) (Guaraníes) - Local — Siniestros Recuperados Reaseguros cedidos (contratos proporcionales) (Guaraníes) - Local — Recupero de Siniestros Reaseguros Cedidos Sección Salud o Enfermedad,annual,PYG,2009-01-01T00:00:00Z,2025-12-31T00:00:00Z,review_indicator_only
e6bb3b7a2307a4f0b68d5ec37a8e3590,17,916,TRUE,insurance_annex:x1_17:9e6cc263beb35137e6457d00,insurance_annex,Siniestros Recuperados Reaseguros cedidos (contratos no proporcionales) (Guaraníes) - Local — Riesgos Técnicos,Siniestros Recuperados Reaseguros cedidos (contratos no proporcionales) (Guaraníes) - Local — Siniestros Recuperados Reaseguros cedidos (contratos no proporcionales) (Guaraníes) - Local — Riesgos Técnicos,annual,PYG,2009-01-01T00:00:00Z,2025-12-31T00:00:00Z,review_indicator_only
e6bb3b7a2307a4f0b68d5ec37a8e3590,17,916,TRUE,insurance_annex:x1_17:b023ca7d30dc623bb243a269,insurance_annex,Siniestros Recuperados Reaseguros cedidos (contratos proporcionales) (Guaraníes) - Local — Recupero de Siniestros Reaseguros Cedidos Sección Defunción o Sepelio,Siniestros Recuperados Reaseguros cedidos (contratos proporcionales) (Guaraníes) - Local — Siniestros Recuperados Reaseguros cedidos (contratos proporcionales) (Guaraníes) - Local — Recupero de Siniestros Reaseguros Cedidos Sección Defunción o Sepelio,annual,PYG,2009-01-01T00:00:00Z,2025-12-31T00:00:00Z,review_indicator_only
e6bb3b7a2307a4f0b68d5ec37a8e3590,17,916,TRUE,insurance_annex:x1_17:b03cc557df5d2c5f51d80275,insurance_annex,Siniestros Recuperados Reaseguros cedidos (contratos no proporcionales) (Guaraníes) - Local — Recupero de Siniestros Reaseguros Cedidos Sección Vida Individual Largo Plazo,Siniestros Recuperados Reaseguros cedidos (contratos no proporcionales) (Guaraníes) - Local — Siniestros Recuperados Reaseguros cedidos (contratos no proporcionales) (Guaraníes) - Local — Recupero de Siniestros Reaseguros Cedidos Sección Vida Individual Largo Plazo,annual,PYG,2009-01-01T00:00:00Z,2025-12-31T00:00:00Z,review_indicator_only
e6bb3b7a2307a4f0b68d5ec37a8e3590,17,916,TRUE,insurance_annex:x1_17:d351cef9e6e33d229e6e398d,insurance_annex,Siniestros Recuperados Reaseguros cedidos (contratos proporcionales) (Guaraníes) - Local — Agropecuario,Siniestros Recuperados Reaseguros cedidos (contratos proporcionales) (Guaraníes) - Local — Siniestros Recuperados Reaseguros cedidos (contratos proporcionales) (Guaraníes) - Local — Agropecuario,annual,PYG,2009-01-01T00:00:00Z,2025-12-31T00:00:00Z,review_indicator_only
e6bb3b7a2307a4f0b68d5ec37a8e3590,17,916,TRUE,insurance_annex:x1_17:d66ea9890c580e71f1ba3da1,insurance_annex,Siniestros Recuperados Reaseguros cedidos (contratos no proporcionales) (Guaraníes) - Local — Recupero de Siniestros Reaseguros Cedidos Sección Desgravamen Hipotecario Corto Plazo,Siniestros Recuperados Reaseguros cedidos (contratos no proporcionales) (Guaraníes) - Local — Siniestros Recuperados Reaseguros cedidos (contratos no proporcionales) (Guaraníes) - Local — Recupero de Siniestros Reaseguros Cedidos Sección Desgravamen Hipotecario Corto Plazo,annual,PYG,2009-01-01T00:00:00Z,2025-12-31T00:00:00Z,review_indicator_only
e6bb3b7a2307a4f0b68d5ec37a8e3590,17,916,TRUE,insurance_annex:x1_17:dd0cfc216c0bedfc51c1bd73,insurance_annex,"Siniestros Recuperados Reaseguros cedidos (contratos no proporcionales) (Guaraníes) - Local — Cristales, Vidrios y Espejos","Siniestros Recuperados Reaseguros cedidos (contratos no proporcionales) (Guaraníes) - Local — Siniestros Recuperados Reaseguros cedidos (contratos no proporcionales) (Guaraníes) - Local — Cristales, Vidrios y Espejos",annual,PYG,2009-01-01T00:00:00Z,2025-12-31T00:00:00Z,review_indicator_only
e6bb3b7a2307a4f0b68d5ec37a8e3590,17,916,TRUE,insurance_annex:x1_17:e761e5107e2629e843cf600f,insurance_annex,Siniestros Recuperados Reaseguros cedidos (contratos no proporcionales) (Guaraníes) - Local — Responsabilidad Civil,Siniestros Recuperados Reaseguros cedidos (contratos no proporcionales) (Guaraníes) - Local — Siniestros Recuperados Reaseguros cedidos (contratos no proporcionales) (Guaraníes) - Local — Responsabilidad Civil,annual,PYG,2009-01-01T00:00:00Z,2025-12-31T00:00:00Z,review_indicator_only
e6bb3b7a2307a4f0b68d5ec37a8e3590,17,916,TRUE,insurance_annex:x1_17:eead3236053323c0ea802056,insurance_annex,Siniestros Recuperados Reaseguros cedidos (contratos no proporcionales) (Guaraníes) - Local — Recupero de Siniestros Reaseguros Cedidos Sección Defunción o Sepelio,Siniestros Recuperados Reaseguros cedidos (contratos no proporcionales) (Guaraníes) - Local — Siniestros Recuperados Reaseguros cedidos (contratos no proporcionales) (Guaraníes) - Local — Recupero de Siniestros Reaseguros Cedidos Sección Defunción o Sepelio,annual,PYG,2009-01-01T00:00:00Z,2025-12-31T00:00:00Z,review_indicator_only
e6bb3b7a2307a4f0b68d5ec37a8e3590,17,916,TRUE,insurance_annex:x1_17:eebb9a06ed0d7e38b67ad9d1,insurance_annex,Siniestros Recuperados Reaseguros cedidos (contratos proporcionales) (Guaraníes) - Local — Recupero de Siniestros Reaseguros Cedidos Sección Pensiones Voluntarias,Siniestros Recuperados Reaseguros cedidos (contratos proporcionales) (Guaraníes) - Local — Siniestros Recuperados Reaseguros cedidos (contratos proporcionales) (Guaraníes) - Local — Recupero de Siniestros Reaseguros Cedidos Sección Pensiones Voluntarias,annual,PYG,2009-01-01T00:00:00Z,2025-12-31T00:00:00Z,review_indicator_only
e6bb3b7a2307a4f0b68d5ec37a8e3590,17,916,TRUE,insurance_annex:x1_17:f22d0597c3c82de5bfee4553,insurance_annex,Total Siniestros recuperados Reaseguros cedidos Local (Guaraníes) — Recupero de Siniestros Reaseguros Cedidos Sección Desgravamen Hipotecario Largo Plazo,Total Siniestros recuperados Reaseguros cedidos Local (Guaraníes) — Total Siniestros recuperados Reaseguros cedidos Local (Guaraníes) — Recupero de Siniestros Reaseguros Cedidos Sección Desgravamen Hipotecario Largo Plazo,annual,PYG,2009-01-01T00:00:00Z,2025-12-31T00:00:00Z,review_indicator_only
e6bb3b7a2307a4f0b68d5ec37a8e3590,17,916,TRUE,insurance_annex:x1_17:f42b2356d4e46af8a13e56bc,insurance_annex,Siniestros Recuperados Reaseguros cedidos (contratos proporcionales) (Guaraníes) - Local — Accidentes a Pasajeros,Siniestros Recuperados Reaseguros cedidos (contratos proporcionales) (Guaraníes) - Local — Siniestros Recuperados Reaseguros cedidos (contratos proporcionales) (Guaraníes) - Local — Accidentes a Pasajeros,annual,PYG,2009-01-01T00:00:00Z,2025-12-31T00:00:00Z,review_indicator_only
e6bb3b7a2307a4f0b68d5ec37a8e3590,17,916,TRUE,insurance_annex:x1_18:09f7ecf2cf15905e805f4d58,insurance_annex,Siniestros Recuperados Reaseguros cedidos exterior (contratos no proporcionales) (Guaraníes) — Recupero de Siniestros Reaseguros Cedidos Sección Pensiones Voluntarias,Siniestros Recuperados Reaseguros cedidos exterior (contratos no proporcionales) (Guaraníes) — Siniestros Recuperados Reaseguros cedidos exterior (contratos no proporcionales) (Guaraníes) — Recupero de Siniestros Reaseguros Cedidos Sección Pensiones Voluntarias,annual,PYG,2009-01-01T00:00:00Z,2025-12-31T00:00:00Z,review_indicator_only
e6bb3b7a2307a4f0b68d5ec37a8e3590,17,916,TRUE,insurance_annex:x1_18:1908bafa0b41db1235ca7829,insurance_annex,Siniestros Recuperados Reaseguros cedidos exterior (contratos no proporcionales) (Guaraníes) — Accidentes a Pasajeros,Siniestros Recuperados Reaseguros cedidos exterior (contratos no proporcionales) (Guaraníes) — Siniestros Recuperados Reaseguros cedidos exterior (contratos no proporcionales) (Guaraníes) — Accidentes a Pasajeros,annual,PYG,2009-01-01T00:00:00Z,2025-12-31T00:00:00Z,review_indicator_only
e6bb3b7a2307a4f0b68d5ec37a8e3590,17,916,TRUE,insurance_annex:x1_18:1a5cd2405ddb736d48c0ed2a,insurance_annex,Siniestros Recuperados Reaseguros cedidos exterior (contratos proporcionales) (Guaraníes) — Recupero de Siniestros Reaseguros Cedidos Sección Pensiones Voluntarias,Siniestros Recuperados Reaseguros cedidos exterior (contratos proporcionales) (Guaraníes) — Siniestros Recuperados Reaseguros cedidos exterior (contratos proporcionales) (Guaraníes) — Recupero de Siniestros Reaseguros Cedidos Sección Pensiones Voluntarias,annual,PYG,2009-01-01T00:00:00Z,2025-12-31T00:00:00Z,review_indicator_only
e6bb3b7a2307a4f0b68d5ec37a8e3590,17,916,TRUE,insurance_annex:x1_18:41de27f32e3f3facc941d820,insurance_annex,Siniestros Recuperados Reaseguros cedidos exterior (contratos proporcionales) (Guaraníes) — Recupero de Siniestros Reaseguros Cedidos Sección Defunción o Sepelio,Siniestros Recuperados Reaseguros cedidos exterior (contratos proporcionales) (Guaraníes) — Siniestros Recuperados Reaseguros cedidos exterior (contratos proporcionales) (Guaraníes) — Recupero de Siniestros Reaseguros Cedidos Sección Defunción o Sepelio,annual,PYG,2009-01-01T00:00:00Z,2025-12-31T00:00:00Z,review_indicator_only
e6bb3b7a2307a4f0b68d5ec37a8e3590,17,916,TRUE,insurance_annex:x1_18:4927a435cc4c4075c413348c,insurance_annex,Siniestros Recuperados Reaseguros cedidos exterior (contratos no proporcionales) (Guaraníes) — Recupero de Siniestros Reaseguros Cedidos Sección Desgravamen Hipotecario Corto Plazo,Siniestros Recuperados Reaseguros cedidos exterior (contratos no proporcionales) (Guaraníes) — Siniestros Recuperados Reaseguros cedidos exterior (contratos no proporcionales) (Guaraníes) — Recupero de Siniestros Reaseguros Cedidos Sección Desgravamen Hipotecario Corto Plazo,annual,PYG,2009-01-01T00:00:00Z,2025-12-31T00:00:00Z,review_indicator_only
e6bb3b7a2307a4f0b68d5ec37a8e3590,17,916,TRUE,insurance_annex:x1_18:5d6b066353c3566a239d7572,insurance_annex,Siniestros Recuperados Reaseguros cedidos exterior (contratos no proporcionales) (Guaraníes) — Recupero de Siniestros Reaseguros Cedidos Sección Desgravamen Hipotecario Largo Plazo,Siniestros Recuperados Reaseguros cedidos exterior (contratos no proporcionales) (Guaraníes) — Siniestros Recuperados Reaseguros cedidos exterior (contratos no proporcionales) (Guaraníes) — Recupero de Siniestros Reaseguros Cedidos Sección Desgravamen Hipotecario Largo Plazo,annual,PYG,2009-01-01T00:00:00Z,2025-12-31T00:00:00Z,review_indicator_only
e6bb3b7a2307a4f0b68d5ec37a8e3590,17,916,TRUE,insurance_annex:x1_18:7c14339a79c64a77923c0167,insurance_annex,Siniestros Recuperados Reaseguros cedidos exterior (contratos no proporcionales) (Guaraníes) — Recupero de Siniestros Reaseguros Cedidos Sección Salud o Enfermedad,Siniestros Recuperados Reaseguros cedidos exterior (contratos no proporcionales) (Guaraníes) — Siniestros Recuperados Reaseguros cedidos exterior (contratos no proporcionales) (Guaraníes) — Recupero de Siniestros Reaseguros Cedidos Sección Salud o Enfermedad,annual,PYG,2009-01-01T00:00:00Z,2025-12-31T00:00:00Z,review_indicator_only
e6bb3b7a2307a4f0b68d5ec37a8e3590,17,916,TRUE,insurance_annex:x1_18:7e23e30c07d4737a401766e0,insurance_annex,Total Siniestros recuperados Reaseguros cedidos exterior (Guaraníes) — Recupero de Siniestros Reaseguros Cedidos Sección Pensiones Voluntarias,Total Siniestros recuperados Reaseguros cedidos exterior (Guaraníes) — Total Siniestros recuperados Reaseguros cedidos exterior (Guaraníes) — Recupero de Siniestros Reaseguros Cedidos Sección Pensiones Voluntarias,annual,PYG,2009-01-01T00:00:00Z,2025-12-31T00:00:00Z,review_indicator_only
e6bb3b7a2307a4f0b68d5ec37a8e3590,17,916,TRUE,insurance_annex:x1_19:0609f3b4a0e928d0ad7e4c3c,insurance_annex,Participación Recupero Reaseguros Aceptados - Proporcionales (Guaraníes) - Local — Accidentes a Pasajeros,Participación Recupero Reaseguros Aceptados - Proporcionales (Guaraníes) - Local — Participación Recupero Reaseguros Aceptados - Proporcionales (Guaraníes) - Local — Accidentes a Pasajeros,annual,PYG,2009-01-01T00:00:00Z,2025-12-31T00:00:00Z,review_indicator_only
e6bb3b7a2307a4f0b68d5ec37a8e3590,17,916,TRUE,insurance_annex:x1_19:0690cf4e68bc7968209021ab,insurance_annex,Participación recupero reaseguros aceptados (contratos no proporcionales) (Guaraníes) - Local — Incendio,Participación recupero reaseguros aceptados (contratos no proporcionales) (Guaraníes) - Local — Participación recupero reaseguros aceptados (contratos no proporcionales) (Guaraníes) - Local — Incendio,annual,PYG,2009-01-01T00:00:00Z,2025-12-31T00:00:00Z,review_indicator_only
e6bb3b7a2307a4f0b68d5ec37a8e3590,17,916,TRUE,insurance_annex:x1_19:0d3017964b1bb914df2074e2,insurance_annex,Total Participación Recupero reaseguros aceptados - Local (Guaraníes) — Total Vida Largo Plazo,Total Participación Recupero reaseguros aceptados - Local (Guaraníes) — Total Participación Recupero reaseguros aceptados - Local (Guaraníes) — Total Vida Largo Plazo,annual,PYG,2009-01-01T00:00:00Z,2025-12-31T00:00:00Z,review_indicator_only
e6bb3b7a2307a4f0b68d5ec37a8e3590,17,916,TRUE,insurance_annex:x1_19:0dbbb8c5fae89d892e07d229,insurance_annex,Participación Recupero Reaseguros Aceptados - Proporcionales (Guaraníes) - Local — Participación de Siniestros Recuperados Sección Pensiones Voluntarias,Participación Recupero Reaseguros Aceptados - Proporcionales (Guaraníes) - Local — Participación Recupero Reaseguros Aceptados - Proporcionales (Guaraníes) - Local — Participación de Siniestros Recuperados Sección Pensiones Voluntarias,annual,PYG,2009-01-01T00:00:00Z,2025-12-31T00:00:00Z,review_indicator_only
e6bb3b7a2307a4f0b68d5ec37a8e3590,17,916,TRUE,insurance_annex:x1_19:12eabac2b29cf014682c422e,insurance_annex,Participación recupero reaseguros aceptados (contratos no proporcionales) (Guaraníes) - Local — Accidentes a Pasajeros,Participación recupero reaseguros aceptados (contratos no proporcionales) (Guaraníes) - Local — Participación recupero reaseguros aceptados (contratos no proporcionales) (Guaraníes) - Local — Accidentes a Pasajeros,annual,PYG,2009-01-01T00:00:00Z,2025-12-31T00:00:00Z,review_indicator_only
e6bb3b7a2307a4f0b68d5ec37a8e3590,17,916,TRUE,insurance_annex:x1_19:13c33f64921c7279e095721d,insurance_annex,Participación Recupero Reaseguros Aceptados - Proporcionales (Guaraníes) - Local — Agropecuario,Participación Recupero Reaseguros Aceptados - Proporcionales (Guaraníes) - Local — Participación Recupero Reaseguros Aceptados - Proporcionales (Guaraníes) - Local — Agropecuario,annual,PYG,2009-01-01T00:00:00Z,2025-12-31T00:00:00Z,review_indicator_only
e6bb3b7a2307a4f0b68d5ec37a8e3590,17,916,TRUE,insurance_annex:x1_19:1645c4ba146669fa5fa395d4,insurance_annex,Participación recupero reaseguros aceptados (contratos no proporcionales) (Guaraníes) - Local — Riesgos Varios,Participación recupero reaseguros aceptados (contratos no proporcionales) (Guaraníes) - Local — Participación recupero reaseguros aceptados (contratos no proporcionales) (Guaraníes) - Local — Riesgos Varios,annual,PYG,2009-01-01T00:00:00Z,2025-12-31T00:00:00Z,review_indicator_only
e6bb3b7a2307a4f0b68d5ec37a8e3590,17,916,TRUE,insurance_annex:x1_19:16ba65b973bdccabbd631125,insurance_annex,Participación Recupero Reaseguros Aceptados - Proporcionales (Guaraníes) - Local — Total Vida Largo Plazo,Participación Recupero Reaseguros Aceptados - Proporcionales (Guaraníes) - Local — Participación Recupero Reaseguros Aceptados - Proporcionales (Guaraníes) - Local — Total Vida Largo Plazo,annual,PYG,2009-01-01T00:00:00Z,2025-12-31T00:00:00Z,review_indicator_only
e6bb3b7a2307a4f0b68d5ec37a8e3590,17,916,TRUE,insurance_annex:x1_19:178667e9f0968cee4136d27a,insurance_annex,Participación recupero reaseguros aceptados (contratos no proporcionales) (Guaraníes) - Local — Robo y Asalto,Participación recupero reaseguros aceptados (contratos no proporcionales) (Guaraníes) - Local — Participación recupero reaseguros aceptados (contratos no proporcionales) (Guaraníes) - Local — Robo y Asalto,annual,PYG,2009-01-01T00:00:00Z,2025-12-31T00:00:00Z,review_indicator_only
e6bb3b7a2307a4f0b68d5ec37a8e3590,17,916,TRUE,insurance_annex:x1_19:1c5a99dd91c6c27f4a333315,insurance_annex,Participación recupero reaseguros aceptados (contratos no proporcionales) (Guaraníes) - Local — Accidentes Personales,Participación recupero reaseguros aceptados (contratos no proporcionales) (Guaraníes) - Local — Participación recupero reaseguros aceptados (contratos no proporcionales) (Guaraníes) - Local — Accidentes Personales,annual,PYG,2009-01-01T00:00:00Z,2025-12-31T00:00:00Z,review_indicator_only
e6bb3b7a2307a4f0b68d5ec37a8e3590,17,916,TRUE,insurance_annex:x1_19:1d1a9d14d117774956c31b09,insurance_annex,Participación recupero reaseguros aceptados (contratos no proporcionales) (Guaraníes) - Local — Participación de Siniestros Recuperados Sección Seguros Colectivos Largo Plazo,Participación recupero reaseguros aceptados (contratos no proporcionales) (Guaraníes) - Local — Participación recupero reaseguros aceptados (contratos no proporcionales) (Guaraníes) - Local — Participación de Siniestros Recuperados Sección Seguros Colectivos Largo Plazo,annual,PYG,2009-01-01T00:00:00Z,2025-12-31T00:00:00Z,review_indicator_only
e6bb3b7a2307a4f0b68d5ec37a8e3590,17,916,TRUE,insurance_annex:x1_19:1f0a5eb9945f4c694b2591e8,insurance_annex,Participación recupero reaseguros aceptados (contratos no proporcionales) (Guaraníes) - Local — Total Vida Largo Plazo,Participación recupero reaseguros aceptados (contratos no proporcionales) (Guaraníes) - Local — Participación recupero reaseguros aceptados (contratos no proporcionales) (Guaraníes) - Local — Total Vida Largo Plazo,annual,PYG,2009-01-01T00:00:00Z,2025-12-31T00:00:00Z,review_indicator_only
e6bb3b7a2307a4f0b68d5ec37a8e3590,17,916,TRUE,insurance_annex:x1_19:1fb3bd6a1fcb0c3a6bd00b0d,insurance_annex,Total Participación Recupero reaseguros aceptados - Local (Guaraníes) — Accidentes a Pasajeros,Total Participación Recupero reaseguros aceptados - Local (Guaraníes) — Total Participación Recupero reaseguros aceptados - Local (Guaraníes) — Accidentes a Pasajeros,annual,PYG,2009-01-01T00:00:00Z,2025-12-31T00:00:00Z,review_indicator_only
e6bb3b7a2307a4f0b68d5ec37a8e3590,17,916,TRUE,insurance_annex:x1_19:220763dcdac00dd06505fb18,insurance_annex,Participación recupero reaseguros aceptados (contratos no proporcionales) (Guaraníes) - Local — Agropecuario,Participación recupero reaseguros aceptados (contratos no proporcionales) (Guaraníes) - Local — Participación recupero reaseguros aceptados (contratos no proporcionales) (Guaraníes) - Local — Agropecuario,annual,PYG,2009-01-01T00:00:00Z,2025-12-31T00:00:00Z,review_indicator_only
e6bb3b7a2307a4f0b68d5ec37a8e3590,17,916,TRUE,insurance_annex:x1_19:23905e455d9ef8194b324692,insurance_annex,Participación Recupero Reaseguros Aceptados - Proporcionales (Guaraníes) - Local — Aeronavegación,Participación Recupero Reaseguros Aceptados - Proporcionales (Guaraníes) - Local — Participación Recupero Reaseguros Aceptados - Proporcionales (Guaraníes) - Local — Aeronavegación,annual,PYG,2009-01-01T00:00:00Z,2025-12-31T00:00:00Z,review_indicator_only
e6bb3b7a2307a4f0b68d5ec37a8e3590,17,916,TRUE,insurance_annex:x1_19:24a9ef904694f6b116a4c013,insurance_annex,Participación recupero reaseguros aceptados (contratos no proporcionales) (Guaraníes) - Local — Riesgos Técnicos,Participación recupero reaseguros aceptados (contratos no proporcionales) (Guaraníes) - Local — Participación recupero reaseguros aceptados (contratos no proporcionales) (Guaraníes) - Local — Riesgos Técnicos,annual,PYG,2009-01-01T00:00:00Z,2025-12-31T00:00:00Z,review_indicator_only
e6bb3b7a2307a4f0b68d5ec37a8e3590,17,916,TRUE,insurance_annex:x1_19:25992bf95872f86bd981a723,insurance_annex,Participación Recupero Reaseguros Aceptados - Proporcionales (Guaraníes) - Local — Robo y Asalto,Participación Recupero Reaseguros Aceptados - Proporcionales (Guaraníes) - Local — Participación Recupero Reaseguros Aceptados - Proporcionales (Guaraníes) - Local — Robo y Asalto,annual,PYG,2009-01-01T00:00:00Z,2025-12-31T00:00:00Z,review_indicator_only
e6bb3b7a2307a4f0b68d5ec37a8e3590,17,916,TRUE,insurance_annex:x1_19:2999bd11001f05bc364f87b7,insurance_annex,Participación recupero reaseguros aceptados (contratos no proporcionales) (Guaraníes) - Local — Participación de Siniestros Recuperados Sección Desgravamen Hipotecario Largo Plazo,Participación recupero reaseguros aceptados (contratos no proporcionales) (Guaraníes) - Local — Participación recupero reaseguros aceptados (contratos no proporcionales) (Guaraníes) - Local — Participación de Siniestros Recuperados Sección Desgravamen Hipotecario Largo Plazo,annual,PYG,2009-01-01T00:00:00Z,2025-12-31T00:00:00Z,review_indicator_only
e6bb3b7a2307a4f0b68d5ec37a8e3590,17,916,TRUE,insurance_annex:x1_19:307377a0fbd30b69c60c46a7,insurance_annex,Total Participación Recupero reaseguros aceptados - Local (Guaraníes) — Riesgos Varios,Total Participación Recupero reaseguros aceptados - Local (Guaraníes) — Total Participación Recupero reaseguros aceptados - Local (Guaraníes) — Riesgos Varios,annual,PYG,2009-01-01T00:00:00Z,2025-12-31T00:00:00Z,review_indicator_only
e6bb3b7a2307a4f0b68d5ec37a8e3590,17,916,TRUE,insurance_annex:x1_19:3a72bcfff4589542bce7245e,insurance_annex,Participación recupero reaseguros aceptados (contratos no proporcionales) (Guaraníes) - Local — Caución,Participación recupero reaseguros aceptados (contratos no proporcionales) (Guaraníes) - Local — Participación recupero reaseguros aceptados (contratos no proporcionales) (Guaraníes) - Local — Caución,annual,PYG,2009-01-01T00:00:00Z,2025-12-31T00:00:00Z,review_indicator_only
e6bb3b7a2307a4f0b68d5ec37a8e3590,17,916,TRUE,insurance_annex:x1_19:4941d23eccb74fb19cb92ecd,insurance_annex,Participación Recupero Reaseguros Aceptados - Proporcionales (Guaraníes) - Local — Participación de Siniestros Recuperados Sección Seguros Colectivos Largo Plazo,Participación Recupero Reaseguros Aceptados - Proporcionales (Guaraníes) - Local — Participación Recupero Reaseguros Aceptados - Proporcionales (Guaraníes) - Local — Participación de Siniestros Recuperados Sección Seguros Colectivos Largo Plazo,annual,PYG,2009-01-01T00:00:00Z,2025-12-31T00:00:00Z,review_indicator_only
e6bb3b7a2307a4f0b68d5ec37a8e3590,17,916,TRUE,insurance_annex:x1_19:54ce12bd33e077b10686e49f,insurance_annex,Participación Recupero Reaseguros Aceptados - Proporcionales (Guaraníes) - Local — Participación de Siniestros Recuperados Sección Seguros Colectivos Corto Plazo,Participación Recupero Reaseguros Aceptados - Proporcionales (Guaraníes) - Local — Participación Recupero Reaseguros Aceptados - Proporcionales (Guaraníes) - Local — Participación de Siniestros Recuperados Sección Seguros Colectivos Corto Plazo,annual,PYG,2009-01-01T00:00:00Z,2025-12-31T00:00:00Z,review_indicator_only
e6bb3b7a2307a4f0b68d5ec37a8e3590,17,916,TRUE,insurance_annex:x1_19:574658f67202b5e6352ec88a,insurance_annex,Participación Recupero Reaseguros Aceptados - Proporcionales (Guaraníes) - Local — Caución,Participación Recupero Reaseguros Aceptados - Proporcionales (Guaraníes) - Local — Participación Recupero Reaseguros Aceptados - Proporcionales (Guaraníes) - Local — Caución,annual,PYG,2009-01-01T00:00:00Z,2025-12-31T00:00:00Z,review_indicator_only
e6bb3b7a2307a4f0b68d5ec37a8e3590,17,916,TRUE,insurance_annex:x1_19:59feb5614b8cfcca38f60a86,insurance_annex,Participación Recupero Reaseguros Aceptados - Proporcionales (Guaraníes) - Local — Accidentes Personales,Participación Recupero Reaseguros Aceptados - Proporcionales (Guaraníes) - Local — Participación Recupero Reaseguros Aceptados - Proporcionales (Guaraníes) - Local — Accidentes Personales,annual,PYG,2009-01-01T00:00:00Z,2025-12-31T00:00:00Z,review_indicator_only
e6bb3b7a2307a4f0b68d5ec37a8e3590,17,916,TRUE,insurance_annex:x1_19:5ed4f6887d29c0e876b4d9e4,insurance_annex,Total Participación Recupero reaseguros aceptados - Local (Guaraníes) — Participación de Siniestros Recuperados Sección Vida Individual Corto Plazo,Total Participación Recupero reaseguros aceptados - Local (Guaraníes) — Total Participación Recupero reaseguros aceptados - Local (Guaraníes) — Participación de Siniestros Recuperados Sección Vida Individual Corto Plazo,annual,PYG,2009-01-01T00:00:00Z,2025-12-31T00:00:00Z,review_indicator_only
e6bb3b7a2307a4f0b68d5ec37a8e3590,17,916,TRUE,insurance_annex:x1_19:6b38c9776cd5d5989a9e92b1,insurance_annex,Total Participación Recupero reaseguros aceptados - Local (Guaraníes) — Participación de Siniestros Recuperados Sección Seguros Colectivos Largo Plazo,Total Participación Recupero reaseguros aceptados - Local (Guaraníes) — Total Participación Recupero reaseguros aceptados - Local (Guaraníes) — Participación de Siniestros Recuperados Sección Seguros Colectivos Largo Plazo,annual,PYG,2009-01-01T00:00:00Z,2025-12-31T00:00:00Z,review_indicator_only
e6bb3b7a2307a4f0b68d5ec37a8e3590,17,916,TRUE,insurance_annex:x1_19:6bc818f6403820a253a9a2d8,insurance_annex,Participación Recupero Reaseguros Aceptados - Proporcionales (Guaraníes) - Local — Riesgos Técnicos,Participación Recupero Reaseguros Aceptados - Proporcionales (Guaraníes) - Local — Participación Recupero Reaseguros Aceptados - Proporcionales (Guaraníes) - Local — Riesgos Técnicos,annual,PYG,2009-01-01T00:00:00Z,2025-12-31T00:00:00Z,review_indicator_only
e6bb3b7a2307a4f0b68d5ec37a8e3590,17,916,TRUE,insurance_annex:x1_19:716fc03f880ca0451270ed61,insurance_annex,Participación recupero reaseguros aceptados (contratos no proporcionales) (Guaraníes) - Local — Participación de Siniestros Recuperados Sección Desgravamen Hipotecario Corto Plazo,Participación recupero reaseguros aceptados (contratos no proporcionales) (Guaraníes) - Local — Participación recupero reaseguros aceptados (contratos no proporcionales) (Guaraníes) - Local — Participación de Siniestros Recuperados Sección Desgravamen Hipotecario Corto Plazo,annual,PYG,2009-01-01T00:00:00Z,2025-12-31T00:00:00Z,review_indicator_only
e6bb3b7a2307a4f0b68d5ec37a8e3590,17,916,TRUE,insurance_annex:x1_19:7cbbb769ac86ad94d3c3de11,insurance_annex,Participación Recupero Reaseguros Aceptados - Proporcionales (Guaraníes) - Local — Participación de Siniestros Recuperados Sección Desgravamen Hipotecario Largo Plazo,Participación Recupero Reaseguros Aceptados - Proporcionales (Guaraníes) - Local — Participación Recupero Reaseguros Aceptados - Proporcionales (Guaraníes) - Local — Participación de Siniestros Recuperados Sección Desgravamen Hipotecario Largo Plazo,annual,PYG,2009-01-01T00:00:00Z,2025-12-31T00:00:00Z,review_indicator_only
e6bb3b7a2307a4f0b68d5ec37a8e3590,17,916,TRUE,insurance_annex:x1_19:80857d51f9c02aecdc49a786,insurance_annex,Participación recupero reaseguros aceptados (contratos no proporcionales) (Guaraníes) - Local — Participación de Siniestros Recuperados Sección Pensiones Voluntarias,Participación recupero reaseguros aceptados (contratos no proporcionales) (Guaraníes) - Local — Participación recupero reaseguros aceptados (contratos no proporcionales) (Guaraníes) - Local — Participación de Siniestros Recuperados Sección Pensiones Voluntarias,annual,PYG,2009-01-01T00:00:00Z,2025-12-31T00:00:00Z,review_indicator_only
e6bb3b7a2307a4f0b68d5ec37a8e3590,17,916,TRUE,insurance_annex:x1_19:889ec1274871068a2d813f03,insurance_annex,Participación recupero reaseguros aceptados (contratos no proporcionales) (Guaraníes) - Local — Transporte,Participación recupero reaseguros aceptados (contratos no proporcionales) (Guaraníes) - Local — Participación recupero reaseguros aceptados (contratos no proporcionales) (Guaraníes) - Local — Transporte,annual,PYG,2009-01-01T00:00:00Z,2025-12-31T00:00:00Z,review_indicator_only
e6bb3b7a2307a4f0b68d5ec37a8e3590,17,916,TRUE,insurance_annex:x1_19:8bf43b4af16be345256eb34f,insurance_annex,Total Participación Recupero reaseguros aceptados - Local (Guaraníes) — Participación de Siniestros Recuperados Sección Vida Individual Largo Plazo,Total Participación Recupero reaseguros aceptados - Local (Guaraníes) — Total Participación Recupero reaseguros aceptados - Local (Guaraníes) — Participación de Siniestros Recuperados Sección Vida Individual Largo Plazo,annual,PYG,2009-01-01T00:00:00Z,2025-12-31T00:00:00Z,review_indicator_only
e6bb3b7a2307a4f0b68d5ec37a8e3590,17,916,TRUE,insurance_annex:x1_19:93684be3716056af7f721bb2,insurance_annex,Participación recupero reaseguros aceptados (contratos no proporcionales) (Guaraníes) - Local — Participación de Siniestros Recuperados Sección Salud o Enfermedad,Participación recupero reaseguros aceptados (contratos no proporcionales) (Guaraníes) - Local — Participación recupero reaseguros aceptados (contratos no proporcionales) (Guaraníes) - Local — Participación de Siniestros Recuperados Sección Salud o Enfermedad,annual,PYG,2009-01-01T00:00:00Z,2025-12-31T00:00:00Z,review_indicator_only
e6bb3b7a2307a4f0b68d5ec37a8e3590,17,916,TRUE,insurance_annex:x1_19:9c4a9238e0362f172532f7f4,insurance_annex,Participación recupero reaseguros aceptados (contratos no proporcionales) (Guaraníes) - Local — Automóviles,Participación recupero reaseguros aceptados (contratos no proporcionales) (Guaraníes) - Local — Participación recupero reaseguros aceptados (contratos no proporcionales) (Guaraníes) - Local — Automóviles,annual,PYG,2009-01-01T00:00:00Z,2025-12-31T00:00:00Z,review_indicator_only
e6bb3b7a2307a4f0b68d5ec37a8e3590,17,916,TRUE,insurance_annex:x1_19:9ce42280d65a3112a0e56975,insurance_annex,Total Participación Recupero reaseguros aceptados - Local (Guaraníes) — Accidentes Personales,Total Participación Recupero reaseguros aceptados - Local (Guaraníes) — Total Participación Recupero reaseguros aceptados - Local (Guaraníes) — Accidentes Personales,annual,PYG,2009-01-01T00:00:00Z,2025-12-31T00:00:00Z,review_indicator_only
e6bb3b7a2307a4f0b68d5ec37a8e3590,17,916,TRUE,insurance_annex:x1_19:a1d5037b0fe958dca638f672,insurance_annex,Participación Recupero Reaseguros Aceptados - Proporcionales (Guaraníes) - Local — Responsabilidad Civil,Participación Recupero Reaseguros Aceptados - Proporcionales (Guaraníes) - Local — Participación Recupero Reaseguros Aceptados - Proporcionales (Guaraníes) - Local — Responsabilidad Civil,annual,PYG,2009-01-01T00:00:00Z,2025-12-31T00:00:00Z,review_indicator_only
e6bb3b7a2307a4f0b68d5ec37a8e3590,17,916,TRUE,insurance_annex:x1_19:a67afb1b5052a0f03ff733e9,insurance_annex,Total Participación Recupero reaseguros aceptados - Local (Guaraníes) — Responsabilidad Civil,Total Participación Recupero reaseguros aceptados - Local (Guaraníes) — Total Participación Recupero reaseguros aceptados - Local (Guaraníes) — Responsabilidad Civil,annual,PYG,2009-01-01T00:00:00Z,2025-12-31T00:00:00Z,review_indicator_only
e6bb3b7a2307a4f0b68d5ec37a8e3590,17,916,TRUE,insurance_annex:x1_19:a7970808e84281032ead6c2d,insurance_annex,Total Participación Recupero reaseguros aceptados - Local (Guaraníes) — Participación de Siniestros Recuperados Sección Pensiones Voluntarias,Total Participación Recupero reaseguros aceptados - Local (Guaraníes) — Total Participación Recupero reaseguros aceptados - Local (Guaraníes) — Participación de Siniestros Recuperados Sección Pensiones Voluntarias,annual,PYG,2009-01-01T00:00:00Z,2025-12-31T00:00:00Z,review_indicator_only
e6bb3b7a2307a4f0b68d5ec37a8e3590,17,916,TRUE,insurance_annex:x1_19:a912a4f8feb14ac964cbcaf3,insurance_annex,"Total Participación Recupero reaseguros aceptados - Local (Guaraníes) — Cristales, Vidrios y Espejos","Total Participación Recupero reaseguros aceptados - Local (Guaraníes) — Total Participación Recupero reaseguros aceptados - Local (Guaraníes) — Cristales, Vidrios y Espejos",annual,PYG,2009-01-01T00:00:00Z,2025-12-31T00:00:00Z,review_indicator_only
e6bb3b7a2307a4f0b68d5ec37a8e3590,17,916,TRUE,insurance_annex:x1_19:ac451c31fbe93a6f2345d437,insurance_annex,Total Participación Recupero reaseguros aceptados - Local (Guaraníes) — Participación de Siniestros Recuperados Sección Salud o Enfermedad,Total Participación Recupero reaseguros aceptados - Local (Guaraníes) — Total Participación Recupero reaseguros aceptados - Local (Guaraníes) — Participación de Siniestros Recuperados Sección Salud o Enfermedad,annual,PYG,2009-01-01T00:00:00Z,2025-12-31T00:00:00Z,review_indicator_only
e6bb3b7a2307a4f0b68d5ec37a8e3590,17,916,TRUE,insurance_annex:x1_19:b10870463d6e2132945abaf4,insurance_annex,Participación Recupero Reaseguros Aceptados - Proporcionales (Guaraníes) - Local — Participación de Siniestros Recuperados Sección Salud o Enfermedad,Participación Recupero Reaseguros Aceptados - Proporcionales (Guaraníes) - Local — Participación Recupero Reaseguros Aceptados - Proporcionales (Guaraníes) - Local — Participación de Siniestros Recuperados Sección Salud o Enfermedad,annual,PYG,2009-01-01T00:00:00Z,2025-12-31T00:00:00Z,review_indicator_only
e6bb3b7a2307a4f0b68d5ec37a8e3590,17,916,TRUE,insurance_annex:x1_19:b3208008a9bd8931f409e4d2,insurance_annex,Participación recupero reaseguros aceptados (contratos no proporcionales) (Guaraníes) - Local — Participación de Siniestros Recuperados Sección Vida Individual Largo Plazo,Participación recupero reaseguros aceptados (contratos no proporcionales) (Guaraníes) - Local — Participación recupero reaseguros aceptados (contratos no proporcionales) (Guaraníes) - Local — Participación de Siniestros Recuperados Sección Vida Individual Largo Plazo,annual,PYG,2009-01-01T00:00:00Z,2025-12-31T00:00:00Z,review_indicator_only
e6bb3b7a2307a4f0b68d5ec37a8e3590,17,916,TRUE,insurance_annex:x1_19:bb557138d2eb8a49532f8f67,insurance_annex,Participación recupero reaseguros aceptados (contratos no proporcionales) (Guaraníes) - Local — Participación de Siniestros Recuperados Sección Vida Individual Corto Plazo,Participación recupero reaseguros aceptados (contratos no proporcionales) (Guaraníes) - Local — Participación recupero reaseguros aceptados (contratos no proporcionales) (Guaraníes) - Local — Participación de Siniestros Recuperados Sección Vida Individual Corto Plazo,annual,PYG,2009-01-01T00:00:00Z,2025-12-31T00:00:00Z,review_indicator_only
e6bb3b7a2307a4f0b68d5ec37a8e3590,17,916,TRUE,insurance_annex:x1_19:be47d5c55b2fe349315397c8,insurance_annex,Total Participación Recupero reaseguros aceptados - Local (Guaraníes) — Robo y Asalto,Total Participación Recupero reaseguros aceptados - Local (Guaraníes) — Total Participación Recupero reaseguros aceptados - Local (Guaraníes) — Robo y Asalto,annual,PYG,2009-01-01T00:00:00Z,2025-12-31T00:00:00Z,review_indicator_only
e6bb3b7a2307a4f0b68d5ec37a8e3590,17,916,TRUE,insurance_annex:x1_19:c131bcd234b321ffdabc6b0c,insurance_annex,Total Participación Recupero reaseguros aceptados - Local (Guaraníes) — Agropecuario,Total Participación Recupero reaseguros aceptados - Local (Guaraníes) — Total Participación Recupero reaseguros aceptados - Local (Guaraníes) — Agropecuario,annual,PYG,2009-01-01T00:00:00Z,2025-12-31T00:00:00Z,review_indicator_only
e6bb3b7a2307a4f0b68d5ec37a8e3590,17,916,TRUE,insurance_annex:x1_19:c591e2a82ba762a3bc4e25bf,insurance_annex,Participación Recupero Reaseguros Aceptados - Proporcionales (Guaraníes) - Local — Participación de Siniestros Recuperados Sección Vida Individual Corto Plazo,Participación Recupero Reaseguros Aceptados - Proporcionales (Guaraníes) - Local — Participación Recupero Reaseguros Aceptados - Proporcionales (Guaraníes) - Local — Participación de Siniestros Recuperados Sección Vida Individual Corto Plazo,annual,PYG,2009-01-01T00:00:00Z,2025-12-31T00:00:00Z,review_indicator_only
e6bb3b7a2307a4f0b68d5ec37a8e3590,17,916,TRUE,insurance_annex:x1_19:c96639af54f8ba7591af655b,insurance_annex,Total Participación Recupero reaseguros aceptados - Local (Guaraníes) — Caución,Total Participación Recupero reaseguros aceptados - Local (Guaraníes) — Total Participación Recupero reaseguros aceptados - Local (Guaraníes) — Caución,annual,PYG,2009-01-01T00:00:00Z,2025-12-31T00:00:00Z,review_indicator_only
e6bb3b7a2307a4f0b68d5ec37a8e3590,17,916,TRUE,insurance_annex:x1_19:cc244085b31c32511390b687,insurance_annex,Participación Recupero Reaseguros Aceptados - Proporcionales (Guaraníes) - Local — Participación de Siniestros Recuperados Sección Vida Individual Largo Plazo,Participación Recupero Reaseguros Aceptados - Proporcionales (Guaraníes) - Local — Participación Recupero Reaseguros Aceptados - Proporcionales (Guaraníes) - Local — Participación de Siniestros Recuperados Sección Vida Individual Largo Plazo,annual,PYG,2009-01-01T00:00:00Z,2025-12-31T00:00:00Z,review_indicator_only
e6bb3b7a2307a4f0b68d5ec37a8e3590,17,916,TRUE,insurance_annex:x1_19:ce18e31b6872efa88ab60d57,insurance_annex,Participación Recupero Reaseguros Aceptados - Proporcionales (Guaraníes) - Local — Riesgos Varios,Participación Recupero Reaseguros Aceptados - Proporcionales (Guaraníes) - Local — Participación Recupero Reaseguros Aceptados - Proporcionales (Guaraníes) - Local — Riesgos Varios,annual,PYG,2009-01-01T00:00:00Z,2025-12-31T00:00:00Z,review_indicator_only
e6bb3b7a2307a4f0b68d5ec37a8e3590,17,916,TRUE,insurance_annex:x1_19:d15f17b737c25f35e3182c4d,insurance_annex,Total Participación Recupero reaseguros aceptados - Local (Guaraníes) — Riesgos Técnicos,Total Participación Recupero reaseguros aceptados - Local (Guaraníes) — Total Participación Recupero reaseguros aceptados - Local (Guaraníes) — Riesgos Técnicos,annual,PYG,2009-01-01T00:00:00Z,2025-12-31T00:00:00Z,review_indicator_only
e6bb3b7a2307a4f0b68d5ec37a8e3590,17,916,TRUE,insurance_annex:x1_19:d66153204d1bf498f22b09e9,insurance_annex,Total Participación Recupero reaseguros aceptados - Local (Guaraníes) — Participación de Siniestros Recuperados Sección Defunción o Sepelio,Total Participación Recupero reaseguros aceptados - Local (Guaraníes) — Total Participación Recupero reaseguros aceptados - Local (Guaraníes) — Participación de Siniestros Recuperados Sección Defunción o Sepelio,annual,PYG,2009-01-01T00:00:00Z,2025-12-31T00:00:00Z,review_indicator_only
e6bb3b7a2307a4f0b68d5ec37a8e3590,17,916,TRUE,insurance_annex:x1_19:dfadb934016cece79977dbd5,insurance_annex,"Participación recupero reaseguros aceptados (contratos no proporcionales) (Guaraníes) - Local — Cristales, Vidrios y Espejos","Participación recupero reaseguros aceptados (contratos no proporcionales) (Guaraníes) - Local — Participación recupero reaseguros aceptados (contratos no proporcionales) (Guaraníes) - Local — Cristales, Vidrios y Espejos",annual,PYG,2009-01-01T00:00:00Z,2025-12-31T00:00:00Z,review_indicator_only
e6bb3b7a2307a4f0b68d5ec37a8e3590,17,916,TRUE,insurance_annex:x1_19:dfe7afe89858caa8d6bccfd3,insurance_annex,Participación Recupero Reaseguros Aceptados - Proporcionales (Guaraníes) - Local — Participación de Siniestros Recuperados Sección Defunción o Sepelio,Participación Recupero Reaseguros Aceptados - Proporcionales (Guaraníes) - Local — Participación Recupero Reaseguros Aceptados - Proporcionales (Guaraníes) - Local — Participación de Siniestros Recuperados Sección Defunción o Sepelio,annual,PYG,2009-01-01T00:00:00Z,2025-12-31T00:00:00Z,review_indicator_only
e6bb3b7a2307a4f0b68d5ec37a8e3590,17,916,TRUE,insurance_annex:x1_19:e41e8b6dd9ed148f2316069e,insurance_annex,Participación Recupero Reaseguros Aceptados - Proporcionales (Guaraníes) - Local — Total Vida Corto Plazo,Participación Recupero Reaseguros Aceptados - Proporcionales (Guaraníes) - Local — Participación Recupero Reaseguros Aceptados - Proporcionales (Guaraníes) - Local — Total Vida Corto Plazo,annual,PYG,2009-01-01T00:00:00Z,2025-12-31T00:00:00Z,review_indicator_only
e6bb3b7a2307a4f0b68d5ec37a8e3590,17,916,TRUE,insurance_annex:x1_19:e9c375b0b6a3b3ffc8aa5215,insurance_annex,Total Participación Recupero reaseguros aceptados - Local (Guaraníes) — Participación de Siniestros Recuperados Sección Desgravamen Hipotecario Corto Plazo,Total Participación Recupero reaseguros aceptados - Local (Guaraníes) — Total Participación Recupero reaseguros aceptados - Local (Guaraníes) — Participación de Siniestros Recuperados Sección Desgravamen Hipotecario Corto Plazo,annual,PYG,2009-01-01T00:00:00Z,2025-12-31T00:00:00Z,review_indicator_only
e6bb3b7a2307a4f0b68d5ec37a8e3590,17,916,TRUE,insurance_annex:x1_19:ec60b6e76b434a4a0ac14a14,insurance_annex,"Participación Recupero Reaseguros Aceptados - Proporcionales (Guaraníes) - Local — Cristales, Vidrios y Espejos","Participación Recupero Reaseguros Aceptados - Proporcionales (Guaraníes) - Local — Participación Recupero Reaseguros Aceptados - Proporcionales (Guaraníes) - Local — Cristales, Vidrios y Espejos",annual,PYG,2009-01-01T00:00:00Z,2025-12-31T00:00:00Z,review_indicator_only
e6bb3b7a2307a4f0b68d5ec37a8e3590,17,916,TRUE,insurance_annex:x1_19:edb7a7ed82f8dffa8e8b4929,insurance_annex,Total Participación Recupero reaseguros aceptados - Local (Guaraníes) — Participación de Siniestros Recuperados Sección Desgravamen Hipotecario Largo Plazo,Total Participación Recupero reaseguros aceptados - Local (Guaraníes) — Total Participación Recupero reaseguros aceptados - Local (Guaraníes) — Participación de Siniestros Recuperados Sección Desgravamen Hipotecario Largo Plazo,annual,PYG,2009-01-01T00:00:00Z,2025-12-31T00:00:00Z,review_indicator_only
e6bb3b7a2307a4f0b68d5ec37a8e3590,17,916,TRUE,insurance_annex:x1_19:f322f579b7dabd38fb6a799f,insurance_annex,Participación recupero reaseguros aceptados (contratos no proporcionales) (Guaraníes) - Local — Participación de Siniestros Recuperados Sección Defunción o Sepelio,Participación recupero reaseguros aceptados (contratos no proporcionales) (Guaraníes) - Local — Participación recupero reaseguros aceptados (contratos no proporcionales) (Guaraníes) - Local — Participación de Siniestros Recuperados Sección Defunción o Sepelio,annual,PYG,2009-01-01T00:00:00Z,2025-12-31T00:00:00Z,review_indicator_only
e6bb3b7a2307a4f0b68d5ec37a8e3590,17,916,TRUE,insurance_annex:x1_19:fb44c81005c96f3f50912b46,insurance_annex,Participación recupero reaseguros aceptados (contratos no proporcionales) (Guaraníes) - Local — Responsabilidad Civil,Participación recupero reaseguros aceptados (contratos no proporcionales) (Guaraníes) - Local — Participación recupero reaseguros aceptados (contratos no proporcionales) (Guaraníes) - Local — Responsabilidad Civil,annual,PYG,2009-01-01T00:00:00Z,2025-12-31T00:00:00Z,review_indicator_only
e6bb3b7a2307a4f0b68d5ec37a8e3590,17,916,TRUE,insurance_annex:x1_19:fc177bf58fb55c6154db7410,insurance_annex,Participación Recupero Reaseguros Aceptados - Proporcionales (Guaraníes) - Local — Participación de Siniestros Recuperados Sección Desgravamen Hipotecario Corto Plazo,Participación Recupero Reaseguros Aceptados - Proporcionales (Guaraníes) - Local — Participación Recupero Reaseguros Aceptados - Proporcionales (Guaraníes) - Local — Participación de Siniestros Recuperados Sección Desgravamen Hipotecario Corto Plazo,annual,PYG,2009-01-01T00:00:00Z,2025-12-31T00:00:00Z,review_indicator_only
e6bb3b7a2307a4f0b68d5ec37a8e3590,17,916,TRUE,insurance_annex:x1_1:9cdfd5880ef90f2d730a0515,insurance_annex,Primas Directas (Guaraníes) — Primas Sección Pensiones Voluntarias,Primas Directas (Guaraníes) — Primas Directas (Guaraníes) — Primas Sección Pensiones Voluntarias,annual,PYG,2009-01-01T00:00:00Z,2025-12-31T00:00:00Z,review_indicator_only
e6bb3b7a2307a4f0b68d5ec37a8e3590,17,916,TRUE,insurance_annex:x1_1:abcce27b51685a5815658e08,insurance_annex,Primas Directas (Guaraníes) — Primas Sección Defunción o Sepelio,Primas Directas (Guaraníes) — Primas Directas (Guaraníes) — Primas Sección Defunción o Sepelio,annual,PYG,2009-01-01T00:00:00Z,2025-12-31T00:00:00Z,review_indicator_only
e6bb3b7a2307a4f0b68d5ec37a8e3590,17,916,TRUE,insurance_annex:x1_1:b1a21dfb2b052d3a0413d9c5,insurance_annex,Primas Directas (Guaraníes) — Renov. Vida Largo Plazo,Primas Directas (Guaraníes) — Primas Directas (Guaraníes) — Renov. Vida Largo Plazo,annual,PYG,2009-01-01T00:00:00Z,2025-12-31T00:00:00Z,review_indicator_only
e6bb3b7a2307a4f0b68d5ec37a8e3590,17,916,TRUE,insurance_annex:x1_20:00459882972ce098664aaf61,insurance_annex,Total Participación recuperos reaseguros aceptados exterior — Accidentes a Pasajeros,Total Participación recuperos reaseguros aceptados exterior — Total Participación recuperos reaseguros aceptados exterior — Accidentes a Pasajeros,annual,PYG,2009-01-01T00:00:00Z,2025-12-31T00:00:00Z,review_indicator_only
e6bb3b7a2307a4f0b68d5ec37a8e3590,17,916,TRUE,insurance_annex:x1_20:06c08a286301db9f6d6bcb3c,insurance_annex,Participación recupero reaseguros aceptados (contratos no proporcionales) (Guaraníes) - exterior — Agropecuario,Participación recupero reaseguros aceptados (contratos no proporcionales) (Guaraníes) - exterior — Participación recupero reaseguros aceptados (contratos no proporcionales) (Guaraníes) - exterior — Agropecuario,annual,PYG,2009-01-01T00:00:00Z,2025-12-31T00:00:00Z,review_indicator_only
e6bb3b7a2307a4f0b68d5ec37a8e3590,17,916,TRUE,insurance_annex:x1_20:0852550f5174f8ff61f79f45,insurance_annex,Total Participación recuperos reaseguros aceptados exterior — Participación de Siniestros Recuperados Sección Vida Individual Corto Plazo,Total Participación recuperos reaseguros aceptados exterior — Total Participación recuperos reaseguros aceptados exterior — Participación de Siniestros Recuperados Sección Vida Individual Corto Plazo,annual,PYG,2009-01-01T00:00:00Z,2025-12-31T00:00:00Z,review_indicator_only
e6bb3b7a2307a4f0b68d5ec37a8e3590,17,916,TRUE,insurance_annex:x1_20:0b7b84a68cea2b13df716ecd,insurance_annex,Participación recupero reaseguros aceptados (contratos no proporcionales) (Guaraníes) - exterior — Participación de Siniestros Recuperados Sección Vida Individual Corto Plazo,Participación recupero reaseguros aceptados (contratos no proporcionales) (Guaraníes) - exterior — Participación recupero reaseguros aceptados (contratos no proporcionales) (Guaraníes) - exterior — Participación de Siniestros Recuperados Sección Vida Individual Corto Plazo,annual,PYG,2009-01-01T00:00:00Z,2025-12-31T00:00:00Z,review_indicator_only
e6bb3b7a2307a4f0b68d5ec37a8e3590,17,916,TRUE,insurance_annex:x1_20:0b91eeb71ba6160f98e99226,insurance_annex,Participación recupero reaseguros aceptados (contratos no proporcionales) (Guaraníes) - exterior — Participación de Siniestros Recuperados Sección Salud o Enfermedad,Participación recupero reaseguros aceptados (contratos no proporcionales) (Guaraníes) - exterior — Participación recupero reaseguros aceptados (contratos no proporcionales) (Guaraníes) - exterior — Participación de Siniestros Recuperados Sección Salud o Enfermedad,annual,PYG,2009-01-01T00:00:00Z,2025-12-31T00:00:00Z,review_indicator_only
e6bb3b7a2307a4f0b68d5ec37a8e3590,17,916,TRUE,insurance_annex:x1_20:0db240f05ba4413bc144b8b5,insurance_annex,"Total Participación recuperos reaseguros aceptados exterior — Cristales, Vidrios y Espejos","Total Participación recuperos reaseguros aceptados exterior — Total Participación recuperos reaseguros aceptados exterior — Cristales, Vidrios y Espejos",annual,PYG,2009-01-01T00:00:00Z,2025-12-31T00:00:00Z,review_indicator_only
e6bb3b7a2307a4f0b68d5ec37a8e3590,17,916,TRUE,insurance_annex:x1_20:143cf7a788605454782f696f,insurance_annex,Total Participación recuperos reaseguros aceptados exterior — Responsabilidad Civil,Total Participación recuperos reaseguros aceptados exterior — Total Participación recuperos reaseguros aceptados exterior — Responsabilidad Civil,annual,PYG,2009-01-01T00:00:00Z,2025-12-31T00:00:00Z,review_indicator_only
e6bb3b7a2307a4f0b68d5ec37a8e3590,17,916,TRUE,insurance_annex:x1_20:14b4dfcb669f2ef7aed05a83,insurance_annex,Participación Recupero Reaseguros Aceptados - Proporcionales (Guaraníes) - Exterior — Participación de Siniestros Recuperados Sección Vida Individual Corto Plazo,Participación Recupero Reaseguros Aceptados - Proporcionales (Guaraníes) - Exterior — Participación Recupero Reaseguros Aceptados - Proporcionales (Guaraníes) - Exterior — Participación de Siniestros Recuperados Sección Vida Individual Corto Plazo,annual,PYG,2009-01-01T00:00:00Z,2025-12-31T00:00:00Z,review_indicator_only
e6bb3b7a2307a4f0b68d5ec37a8e3590,17,916,TRUE,insurance_annex:x1_20:16b84548d9b5c71daba2e2aa,insurance_annex,"Participación Recupero Reaseguros Aceptados - Proporcionales (Guaraníes) - Exterior — Cristales, Vidrios y Espejos","Participación Recupero Reaseguros Aceptados - Proporcionales (Guaraníes) - Exterior — Participación Recupero Reaseguros Aceptados - Proporcionales (Guaraníes) - Exterior — Cristales, Vidrios y Espejos",annual,PYG,2009-01-01T00:00:00Z,2025-12-31T00:00:00Z,review_indicator_only
e6bb3b7a2307a4f0b68d5ec37a8e3590,17,916,TRUE,insurance_annex:x1_20:1f23ac2b4400a25be05b566d,insurance_annex,Total Participación recuperos reaseguros aceptados exterior — Incendio,Total Participación recuperos reaseguros aceptados exterior — Total Participación recuperos reaseguros aceptados exterior — Incendio,annual,PYG,2009-01-01T00:00:00Z,2025-12-31T00:00:00Z,review_indicator_only
e6bb3b7a2307a4f0b68d5ec37a8e3590,17,916,TRUE,insurance_annex:x1_20:22a056c955e134cacd8fde3a,insurance_annex,Participación recupero reaseguros aceptados (contratos no proporcionales) (Guaraníes) - exterior — Accidentes Personales,Participación recupero reaseguros aceptados (contratos no proporcionales) (Guaraníes) - exterior — Participación recupero reaseguros aceptados (contratos no proporcionales) (Guaraníes) - exterior — Accidentes Personales,annual,PYG,2009-01-01T00:00:00Z,2025-12-31T00:00:00Z,review_indicator_only
e6bb3b7a2307a4f0b68d5ec37a8e3590,17,916,TRUE,insurance_annex:x1_20:2493589d76672661ba229bfb,insurance_annex,Participación Recupero Reaseguros Aceptados - Proporcionales (Guaraníes) - Exterior — Agropecuario,Participación Recupero Reaseguros Aceptados - Proporcionales (Guaraníes) - Exterior — Participación Recupero Reaseguros Aceptados - Proporcionales (Guaraníes) - Exterior — Agropecuario,annual,PYG,2009-01-01T00:00:00Z,2025-12-31T00:00:00Z,review_indicator_only
e6bb3b7a2307a4f0b68d5ec37a8e3590,17,916,TRUE,insurance_annex:x1_20:2779e8fc4692a5c97e28db22,insurance_annex,Total Participación recuperos reaseguros aceptados exterior — Participación de Siniestros Recuperados Sección Salud o Enfermedad,Total Participación recuperos reaseguros aceptados exterior — Total Participación recuperos reaseguros aceptados exterior — Participación de Siniestros Recuperados Sección Salud o Enfermedad,annual,PYG,2009-01-01T00:00:00Z,2025-12-31T00:00:00Z,review_indicator_only
e6bb3b7a2307a4f0b68d5ec37a8e3590,17,916,TRUE,insurance_annex:x1_20:35362b0cab4902e39577d2b2,insurance_annex,Participación Recupero Reaseguros Aceptados - Proporcionales (Guaraníes) - Exterior — Participación de Siniestros Recuperados Sección Salud o Enfermedad,Participación Recupero Reaseguros Aceptados - Proporcionales (Guaraníes) - Exterior — Participación Recupero Reaseguros Aceptados - Proporcionales (Guaraníes) - Exterior — Participación de Siniestros Recuperados Sección Salud o Enfermedad,annual,PYG,2009-01-01T00:00:00Z,2025-12-31T00:00:00Z,review_indicator_only
e6bb3b7a2307a4f0b68d5ec37a8e3590,17,916,TRUE,insurance_annex:x1_20:401815f0c7ea01686f3d9e73,insurance_annex,Total Participación recuperos reaseguros aceptados exterior — Caución,Total Participación recuperos reaseguros aceptados exterior — Total Participación recuperos reaseguros aceptados exterior — Caución,annual,PYG,2009-01-01T00:00:00Z,2025-12-31T00:00:00Z,review_indicator_only
e6bb3b7a2307a4f0b68d5ec37a8e3590,17,916,TRUE,insurance_annex:x1_20:4188066f2e8c6ddb0c2a72a0,insurance_annex,Participación Recupero Reaseguros Aceptados - Proporcionales (Guaraníes) - Exterior — Incendio,Participación Recupero Reaseguros Aceptados - Proporcionales (Guaraníes) - Exterior — Participación Recupero Reaseguros Aceptados - Proporcionales (Guaraníes) - Exterior — Incendio,annual,PYG,2009-01-01T00:00:00Z,2025-12-31T00:00:00Z,review_indicator_only
e6bb3b7a2307a4f0b68d5ec37a8e3590,17,916,TRUE,insurance_annex:x1_20:4345d554643fd50be0318705,insurance_annex,"Participación recupero reaseguros aceptados (contratos no proporcionales) (Guaraníes) - exterior — Cristales, Vidrios y Espejos","Participación recupero reaseguros aceptados (contratos no proporcionales) (Guaraníes) - exterior — Participación recupero reaseguros aceptados (contratos no proporcionales) (Guaraníes) - exterior — Cristales, Vidrios y Espejos",annual,PYG,2009-01-01T00:00:00Z,2025-12-31T00:00:00Z,review_indicator_only
e6bb3b7a2307a4f0b68d5ec37a8e3590,17,916,TRUE,insurance_annex:x1_20:4397186adec099b914048ecb,insurance_annex,Participación recupero reaseguros aceptados (contratos no proporcionales) (Guaraníes) - exterior — Aeronavegación,Participación recupero reaseguros aceptados (contratos no proporcionales) (Guaraníes) - exterior — Participación recupero reaseguros aceptados (contratos no proporcionales) (Guaraníes) - exterior — Aeronavegación,annual,PYG,2009-01-01T00:00:00Z,2025-12-31T00:00:00Z,review_indicator_only
e6bb3b7a2307a4f0b68d5ec37a8e3590,17,916,TRUE,insurance_annex:x1_20:4408479ed72f0ab7cc008baf,insurance_annex,Participación recupero reaseguros aceptados (contratos no proporcionales) (Guaraníes) - exterior — Accidentes a Pasajeros,Participación recupero reaseguros aceptados (contratos no proporcionales) (Guaraníes) - exterior — Participación recupero reaseguros aceptados (contratos no proporcionales) (Guaraníes) - exterior — Accidentes a Pasajeros,annual,PYG,2009-01-01T00:00:00Z,2025-12-31T00:00:00Z,review_indicator_only
e6bb3b7a2307a4f0b68d5ec37a8e3590,17,916,TRUE,insurance_annex:x1_20:47e7aa4ff52398192af2a2e6,insurance_annex,Participación Recupero Reaseguros Aceptados - Proporcionales (Guaraníes) - Exterior — Caución,Participación Recupero Reaseguros Aceptados - Proporcionales (Guaraníes) - Exterior — Participación Recupero Reaseguros Aceptados - Proporcionales (Guaraníes) - Exterior — Caución,annual,PYG,2009-01-01T00:00:00Z,2025-12-31T00:00:00Z,review_indicator_only
e6bb3b7a2307a4f0b68d5ec37a8e3590,17,916,TRUE,insurance_annex:x1_20:4d007e7c51b3f03325c30801,insurance_annex,Participación Recupero Reaseguros Aceptados - Proporcionales (Guaraníes) - Exterior — Participación de Siniestros Recuperados Sección Desgravamen Hipotecario Largo Plazo,Participación Recupero Reaseguros Aceptados - Proporcionales (Guaraníes) - Exterior — Participación Recupero Reaseguros Aceptados - Proporcionales (Guaraníes) - Exterior — Participación de Siniestros Recuperados Sección Desgravamen Hipotecario Largo Plazo,annual,PYG,2009-01-01T00:00:00Z,2025-12-31T00:00:00Z,review_indicator_only
e6bb3b7a2307a4f0b68d5ec37a8e3590,17,916,TRUE,insurance_annex:x1_20:504c6451095b3698d6152390,insurance_annex,Participación recupero reaseguros aceptados (contratos no proporcionales) (Guaraníes) - exterior — Robo y Asalto,Participación recupero reaseguros aceptados (contratos no proporcionales) (Guaraníes) - exterior — Participación recupero reaseguros aceptados (contratos no proporcionales) (Guaraníes) - exterior — Robo y Asalto,annual,PYG,2009-01-01T00:00:00Z,2025-12-31T00:00:00Z,review_indicator_only
e6bb3b7a2307a4f0b68d5ec37a8e3590,17,916,TRUE,insurance_annex:x1_20:508f954678e83e91f01dbc5d,insurance_annex,Total Participación recuperos reaseguros aceptados exterior — Participación de Siniestros Recuperados Sección Desgravamen Hipotecario Largo Plazo,Total Participación recuperos reaseguros aceptados exterior — Total Participación recuperos reaseguros aceptados exterior — Participación de Siniestros Recuperados Sección Desgravamen Hipotecario Largo Plazo,annual,PYG,2009-01-01T00:00:00Z,2025-12-31T00:00:00Z,review_indicator_only
e6bb3b7a2307a4f0b68d5ec37a8e3590,17,916,TRUE,insurance_annex:x1_20:50d7ea5196aba6e49d9abbdc,insurance_annex,Participación recupero reaseguros aceptados (contratos no proporcionales) (Guaraníes) - exterior — Participación de Siniestros Recuperados Sección Desgravamen Hipotecario Corto Plazo,Participación recupero reaseguros aceptados (contratos no proporcionales) (Guaraníes) - exterior — Participación recupero reaseguros aceptados (contratos no proporcionales) (Guaraníes) - exterior — Participación de Siniestros Recuperados Sección Desgravamen Hipotecario Corto Plazo,annual,PYG,2009-01-01T00:00:00Z,2025-12-31T00:00:00Z,review_indicator_only
e6bb3b7a2307a4f0b68d5ec37a8e3590,17,916,TRUE,insurance_annex:x1_20:5168473a0e101a670193411b,insurance_annex,Participación Recupero Reaseguros Aceptados - Proporcionales (Guaraníes) - Exterior — Transporte,Participación Recupero Reaseguros Aceptados - Proporcionales (Guaraníes) - Exterior — Participación Recupero Reaseguros Aceptados - Proporcionales (Guaraníes) - Exterior — Transporte,annual,PYG,2009-01-01T00:00:00Z,2025-12-31T00:00:00Z,review_indicator_only
e6bb3b7a2307a4f0b68d5ec37a8e3590,17,916,TRUE,insurance_annex:x1_20:5cbd60f365f14d14950e79df,insurance_annex,Participación Recupero Reaseguros Aceptados - Proporcionales (Guaraníes) - Exterior — Riesgos Varios,Participación Recupero Reaseguros Aceptados - Proporcionales (Guaraníes) - Exterior — Participación Recupero Reaseguros Aceptados - Proporcionales (Guaraníes) - Exterior — Riesgos Varios,annual,PYG,2009-01-01T00:00:00Z,2025-12-31T00:00:00Z,review_indicator_only
e6bb3b7a2307a4f0b68d5ec37a8e3590,17,916,TRUE,insurance_annex:x1_20:61e13ed56ea97556c015c4ed,insurance_annex,Participación Recupero Reaseguros Aceptados - Proporcionales (Guaraníes) - Exterior — Riesgos Técnicos,Participación Recupero Reaseguros Aceptados - Proporcionales (Guaraníes) - Exterior — Participación Recupero Reaseguros Aceptados - Proporcionales (Guaraníes) - Exterior — Riesgos Técnicos,annual,PYG,2009-01-01T00:00:00Z,2025-12-31T00:00:00Z,review_indicator_only
e6bb3b7a2307a4f0b68d5ec37a8e3590,17,916,TRUE,insurance_annex:x1_20:667b6dc25e679a1392dacaf9,insurance_annex,Participación recupero reaseguros aceptados (contratos no proporcionales) (Guaraníes) - exterior — Total Vida Corto Plazo,Participación recupero reaseguros aceptados (contratos no proporcionales) (Guaraníes) - exterior — Participación recupero reaseguros aceptados (contratos no proporcionales) (Guaraníes) - exterior — Total Vida Corto Plazo,annual,PYG,2009-01-01T00:00:00Z,2025-12-31T00:00:00Z,review_indicator_only
e6bb3b7a2307a4f0b68d5ec37a8e3590,17,916,TRUE,insurance_annex:x1_20:68670b35a7c1f3ede517aac5,insurance_annex,Participación Recupero Reaseguros Aceptados - Proporcionales (Guaraníes) - Exterior — Accidentes Personales,Participación Recupero Reaseguros Aceptados - Proporcionales (Guaraníes) - Exterior — Participación Recupero Reaseguros Aceptados - Proporcionales (Guaraníes) - Exterior — Accidentes Personales,annual,PYG,2009-01-01T00:00:00Z,2025-12-31T00:00:00Z,review_indicator_only
e6bb3b7a2307a4f0b68d5ec37a8e3590,17,916,TRUE,insurance_annex:x1_20:6cb915252cc3984b264852c2,insurance_annex,Participación Recupero Reaseguros Aceptados - Proporcionales (Guaraníes) - Exterior — Aeronavegación,Participación Recupero Reaseguros Aceptados - Proporcionales (Guaraníes) - Exterior — Participación Recupero Reaseguros Aceptados - Proporcionales (Guaraníes) - Exterior — Aeronavegación,annual,PYG,2009-01-01T00:00:00Z,2025-12-31T00:00:00Z,review_indicator_only
e6bb3b7a2307a4f0b68d5ec37a8e3590,17,916,TRUE,insurance_annex:x1_20:6d6cbc26b27b6c4e7e105575,insurance_annex,Participación Recupero Reaseguros Aceptados - Proporcionales (Guaraníes) - Exterior — Participación de Siniestros Recuperados Sección Vida Individual Largo Plazo,Participación Recupero Reaseguros Aceptados - Proporcionales (Guaraníes) - Exterior — Participación Recupero Reaseguros Aceptados - Proporcionales (Guaraníes) - Exterior — Participación de Siniestros Recuperados Sección Vida Individual Largo Plazo,annual,PYG,2009-01-01T00:00:00Z,2025-12-31T00:00:00Z,review_indicator_only
e6bb3b7a2307a4f0b68d5ec37a8e3590,17,916,TRUE,insurance_annex:x1_20:6e01ca963ccaf930c0589783,insurance_annex,Total Participación recuperos reaseguros aceptados exterior — Riesgos Técnicos,Total Participación recuperos reaseguros aceptados exterior — Total Participación recuperos reaseguros aceptados exterior — Riesgos Técnicos,annual,PYG,2009-01-01T00:00:00Z,2025-12-31T00:00:00Z,review_indicator_only
e6bb3b7a2307a4f0b68d5ec37a8e3590,17,916,TRUE,insurance_annex:x1_20:6e2803f33398055a06bf1e03,insurance_annex,Total Participación recuperos reaseguros aceptados exterior — Accidentes Personales,Total Participación recuperos reaseguros aceptados exterior — Total Participación recuperos reaseguros aceptados exterior — Accidentes Personales,annual,PYG,2009-01-01T00:00:00Z,2025-12-31T00:00:00Z,review_indicator_only
e6bb3b7a2307a4f0b68d5ec37a8e3590,17,916,TRUE,insurance_annex:x1_20:7327c4e89855cc6cd9551707,insurance_annex,Participación Recupero Reaseguros Aceptados - Proporcionales (Guaraníes) - Exterior — Robo y Asalto,Participación Recupero Reaseguros Aceptados - Proporcionales (Guaraníes) - Exterior — Participación Recupero Reaseguros Aceptados - Proporcionales (Guaraníes) - Exterior — Robo y Asalto,annual,PYG,2009-01-01T00:00:00Z,2025-12-31T00:00:00Z,review_indicator_only
e6bb3b7a2307a4f0b68d5ec37a8e3590,17,916,TRUE,insurance_annex:x1_20:766ae3f5f19ee3ddc74ede8a,insurance_annex,Total Participación recuperos reaseguros aceptados exterior — Automóviles,Total Participación recuperos reaseguros aceptados exterior — Total Participación recuperos reaseguros aceptados exterior — Automóviles,annual,PYG,2009-01-01T00:00:00Z,2025-12-31T00:00:00Z,review_indicator_only
e6bb3b7a2307a4f0b68d5ec37a8e3590,17,916,TRUE,insurance_annex:x1_20:77dd905816b893d6e91ae8f1,insurance_annex,Participación Recupero Reaseguros Aceptados - Proporcionales (Guaraníes) - Exterior — Participación de Siniestros Recuperados Sección Defunción o Sepelio,Participación Recupero Reaseguros Aceptados - Proporcionales (Guaraníes) - Exterior — Participación Recupero Reaseguros Aceptados - Proporcionales (Guaraníes) - Exterior — Participación de Siniestros Recuperados Sección Defunción o Sepelio,annual,PYG,2009-01-01T00:00:00Z,2025-12-31T00:00:00Z,review_indicator_only
e6bb3b7a2307a4f0b68d5ec37a8e3590,17,916,TRUE,insurance_annex:x1_20:7843b299d13b62b2a3af2bd8,insurance_annex,Participación recupero reaseguros aceptados (contratos no proporcionales) (Guaraníes) - exterior — Participación de Siniestros Recuperados Sección Desgravamen Hipotecario Largo Plazo,Participación recupero reaseguros aceptados (contratos no proporcionales) (Guaraníes) - exterior — Participación recupero reaseguros aceptados (contratos no proporcionales) (Guaraníes) - exterior — Participación de Siniestros Recuperados Sección Desgravamen Hipotecario Largo Plazo,annual,PYG,2009-01-01T00:00:00Z,2025-12-31T00:00:00Z,review_indicator_only
e6bb3b7a2307a4f0b68d5ec37a8e3590,17,916,TRUE,insurance_annex:x1_20:7cc3a9cb9f4e5161e9f15cd3,insurance_annex,Participación Recupero Reaseguros Aceptados - Proporcionales (Guaraníes) - Exterior — Participación de Siniestros Recuperados Sección Pensiones Voluntarias,Participación Recupero Reaseguros Aceptados - Proporcionales (Guaraníes) - Exterior — Participación Recupero Reaseguros Aceptados - Proporcionales (Guaraníes) - Exterior — Participación de Siniestros Recuperados Sección Pensiones Voluntarias,annual,PYG,2009-01-01T00:00:00Z,2025-12-31T00:00:00Z,review_indicator_only
e6bb3b7a2307a4f0b68d5ec37a8e3590,17,916,TRUE,insurance_annex:x1_20:99a56f6fa858da96daf3805d,insurance_annex,Participación Recupero Reaseguros Aceptados - Proporcionales (Guaraníes) - Exterior — Accidentes a Pasajeros,Participación Recupero Reaseguros Aceptados - Proporcionales (Guaraníes) - Exterior — Participación Recupero Reaseguros Aceptados - Proporcionales (Guaraníes) - Exterior — Accidentes a Pasajeros,annual,PYG,2009-01-01T00:00:00Z,2025-12-31T00:00:00Z,review_indicator_only
e6bb3b7a2307a4f0b68d5ec37a8e3590,17,916,TRUE,insurance_annex:x1_20:9bb537551ee6518a1ba387b8,insurance_annex,Participación Recupero Reaseguros Aceptados - Proporcionales (Guaraníes) - Exterior — Participación de Siniestros Recuperados Sección Desgravamen Hipotecario Corto Plazo,Participación Recupero Reaseguros Aceptados - Proporcionales (Guaraníes) - Exterior — Participación Recupero Reaseguros Aceptados - Proporcionales (Guaraníes) - Exterior — Participación de Siniestros Recuperados Sección Desgravamen Hipotecario Corto Plazo,annual,PYG,2009-01-01T00:00:00Z,2025-12-31T00:00:00Z,review_indicator_only
e6bb3b7a2307a4f0b68d5ec37a8e3590,17,916,TRUE,insurance_annex:x1_20:9f5ef2595026e328928d5a2a,insurance_annex,Participación Recupero Reaseguros Aceptados - Proporcionales (Guaraníes) - Exterior — Total Rama Patrimonial,Participación Recupero Reaseguros Aceptados - Proporcionales (Guaraníes) - Exterior — Participación Recupero Reaseguros Aceptados - Proporcionales (Guaraníes) - Exterior — Total Rama Patrimonial,annual,PYG,2009-01-01T00:00:00Z,2025-12-31T00:00:00Z,review_indicator_only
e6bb3b7a2307a4f0b68d5ec37a8e3590,17,916,TRUE,insurance_annex:x1_20:a27cb0225b225ec7d84bb5e1,insurance_annex,Participación recupero reaseguros aceptados (contratos no proporcionales) (Guaraníes) - exterior — Riesgos Técnicos,Participación recupero reaseguros aceptados (contratos no proporcionales) (Guaraníes) - exterior — Participación recupero reaseguros aceptados (contratos no proporcionales) (Guaraníes) - exterior — Riesgos Técnicos,annual,PYG,2009-01-01T00:00:00Z,2025-12-31T00:00:00Z,review_indicator_only
e6bb3b7a2307a4f0b68d5ec37a8e3590,17,916,TRUE,insurance_annex:x1_20:a33ff6bccccb3e21d121c891,insurance_annex,Total Participación recuperos reaseguros aceptados exterior — Total Vida Largo Plazo,Total Participación recuperos reaseguros aceptados exterior — Total Participación recuperos reaseguros aceptados exterior — Total Vida Largo Plazo,annual,PYG,2009-01-01T00:00:00Z,2025-12-31T00:00:00Z,review_indicator_only
e6bb3b7a2307a4f0b68d5ec37a8e3590,17,916,TRUE,insurance_annex:x1_20:a8aeb21d82ec9a0ce8247d3c,insurance_annex,Participación recupero reaseguros aceptados (contratos no proporcionales) (Guaraníes) - exterior — Automóviles,Participación recupero reaseguros aceptados (contratos no proporcionales) (Guaraníes) - exterior — Participación recupero reaseguros aceptados (contratos no proporcionales) (Guaraníes) - exterior — Automóviles,annual,PYG,2009-01-01T00:00:00Z,2025-12-31T00:00:00Z,review_indicator_only
e6bb3b7a2307a4f0b68d5ec37a8e3590,17,916,TRUE,insurance_annex:x1_20:aa5998992b6c0193bb2c18a2,insurance_annex,Participación recupero reaseguros aceptados (contratos no proporcionales) (Guaraníes) - exterior — Participación de Siniestros Recuperados Sección Seguros Colectivos Corto Plazo,Participación recupero reaseguros aceptados (contratos no proporcionales) (Guaraníes) - exterior — Participación recupero reaseguros aceptados (contratos no proporcionales) (Guaraníes) - exterior — Participación de Siniestros Recuperados Sección Seguros Colectivos Corto Plazo,annual,PYG,2009-01-01T00:00:00Z,2025-12-31T00:00:00Z,review_indicator_only
e6bb3b7a2307a4f0b68d5ec37a8e3590,17,916,TRUE,insurance_annex:x1_20:aaae9af5c3ac1b608a2eb68f,insurance_annex,Participación recupero reaseguros aceptados (contratos no proporcionales) (Guaraníes) - exterior — Caución,Participación recupero reaseguros aceptados (contratos no proporcionales) (Guaraníes) - exterior — Participación recupero reaseguros aceptados (contratos no proporcionales) (Guaraníes) - exterior — Caución,annual,PYG,2009-01-01T00:00:00Z,2025-12-31T00:00:00Z,review_indicator_only
e6bb3b7a2307a4f0b68d5ec37a8e3590,17,916,TRUE,insurance_annex:x1_20:b02068f00756c44cbe639890,insurance_annex,Participación recupero reaseguros aceptados (contratos no proporcionales) (Guaraníes) - exterior — Responsabilidad Civil,Participación recupero reaseguros aceptados (contratos no proporcionales) (Guaraníes) - exterior — Participación recupero reaseguros aceptados (contratos no proporcionales) (Guaraníes) - exterior — Responsabilidad Civil,annual,PYG,2009-01-01T00:00:00Z,2025-12-31T00:00:00Z,review_indicator_only
e6bb3b7a2307a4f0b68d5ec37a8e3590,17,916,TRUE,insurance_annex:x1_20:b0243a02053654812561891d,insurance_annex,Participación recupero reaseguros aceptados (contratos no proporcionales) (Guaraníes) - exterior — Participación de Siniestros Recuperados Sección Pensiones Voluntarias,Participación recupero reaseguros aceptados (contratos no proporcionales) (Guaraníes) - exterior — Participación recupero reaseguros aceptados (contratos no proporcionales) (Guaraníes) - exterior — Participación de Siniestros Recuperados Sección Pensiones Voluntarias,annual,PYG,2009-01-01T00:00:00Z,2025-12-31T00:00:00Z,review_indicator_only
e6bb3b7a2307a4f0b68d5ec37a8e3590,17,916,TRUE,insurance_annex:x1_20:b047be683f047b52531338f0,insurance_annex,Participación recupero reaseguros aceptados (contratos no proporcionales) (Guaraníes) - exterior — Participación de Siniestros Recuperados Sección Vida Individual Largo Plazo,Participación recupero reaseguros aceptados (contratos no proporcionales) (Guaraníes) - exterior — Participación recupero reaseguros aceptados (contratos no proporcionales) (Guaraníes) - exterior — Participación de Siniestros Recuperados Sección Vida Individual Largo Plazo,annual,PYG,2009-01-01T00:00:00Z,2025-12-31T00:00:00Z,review_indicator_only
e6bb3b7a2307a4f0b68d5ec37a8e3590,17,916,TRUE,insurance_annex:x1_20:b8ceac635d8d88494550f971,insurance_annex,Total Participación recuperos reaseguros aceptados exterior — Participación de Siniestros Recuperados Sección Vida Individual Largo Plazo,Total Participación recuperos reaseguros aceptados exterior — Total Participación recuperos reaseguros aceptados exterior — Participación de Siniestros Recuperados Sección Vida Individual Largo Plazo,annual,PYG,2009-01-01T00:00:00Z,2025-12-31T00:00:00Z,review_indicator_only
e6bb3b7a2307a4f0b68d5ec37a8e3590,17,916,TRUE,insurance_annex:x1_20:bd5ee43c0caeaea14d775e60,insurance_annex,Participación recupero reaseguros aceptados (contratos no proporcionales) (Guaraníes) - exterior — Transporte,Participación recupero reaseguros aceptados (contratos no proporcionales) (Guaraníes) - exterior — Participación recupero reaseguros aceptados (contratos no proporcionales) (Guaraníes) - exterior — Transporte,annual,PYG,2009-01-01T00:00:00Z,2025-12-31T00:00:00Z,review_indicator_only
e6bb3b7a2307a4f0b68d5ec37a8e3590,17,916,TRUE,insurance_annex:x1_20:bfd86c40c45a5e08029fd6a9,insurance_annex,Total Participación recuperos reaseguros aceptados exterior — Participación de Siniestros Recuperados Sección Seguros Colectivos Largo Plazo,Total Participación recuperos reaseguros aceptados exterior — Total Participación recuperos reaseguros aceptados exterior — Participación de Siniestros Recuperados Sección Seguros Colectivos Largo Plazo,annual,PYG,2009-01-01T00:00:00Z,2025-12-31T00:00:00Z,review_indicator_only
e6bb3b7a2307a4f0b68d5ec37a8e3590,17,916,TRUE,insurance_annex:x1_20:c011997606b6ee9a568bd892,insurance_annex,Participación Recupero Reaseguros Aceptados - Proporcionales (Guaraníes) - Exterior — Total Vida Largo Plazo,Participación Recupero Reaseguros Aceptados - Proporcionales (Guaraníes) - Exterior — Participación Recupero Reaseguros Aceptados - Proporcionales (Guaraníes) - Exterior — Total Vida Largo Plazo,annual,PYG,2009-01-01T00:00:00Z,2025-12-31T00:00:00Z,review_indicator_only
e6bb3b7a2307a4f0b68d5ec37a8e3590,17,916,TRUE,insurance_annex:x1_20:c470d33d0767538540ed380b,insurance_annex,Total Participación recuperos reaseguros aceptados exterior — Aeronavegación,Total Participación recuperos reaseguros aceptados exterior — Total Participación recuperos reaseguros aceptados exterior — Aeronavegación,annual,PYG,2009-01-01T00:00:00Z,2025-12-31T00:00:00Z,review_indicator_only
e6bb3b7a2307a4f0b68d5ec37a8e3590,17,916,TRUE,insurance_annex:x1_20:c5039e357750ba1865507f4d,insurance_annex,Participación recupero reaseguros aceptados (contratos no proporcionales) (Guaraníes) - exterior — Incendio,Participación recupero reaseguros aceptados (contratos no proporcionales) (Guaraníes) - exterior — Participación recupero reaseguros aceptados (contratos no proporcionales) (Guaraníes) - exterior — Incendio,annual,PYG,2009-01-01T00:00:00Z,2025-12-31T00:00:00Z,review_indicator_only
e6bb3b7a2307a4f0b68d5ec37a8e3590,17,916,TRUE,insurance_annex:x1_20:c7fd94fd3cac5902a0bdfceb,insurance_annex,Total Participación recuperos reaseguros aceptados exterior — Agropecuario,Total Participación recuperos reaseguros aceptados exterior — Total Participación recuperos reaseguros aceptados exterior — Agropecuario,annual,PYG,2009-01-01T00:00:00Z,2025-12-31T00:00:00Z,review_indicator_only
e6bb3b7a2307a4f0b68d5ec37a8e3590,17,916,TRUE,insurance_annex:x1_20:c9fc95bca9ac84418fffe44c,insurance_annex,Participación recupero reaseguros aceptados (contratos no proporcionales) (Guaraníes) - exterior — Participación de Siniestros Recuperados Sección Defunción o Sepelio,Participación recupero reaseguros aceptados (contratos no proporcionales) (Guaraníes) - exterior — Participación recupero reaseguros aceptados (contratos no proporcionales) (Guaraníes) - exterior — Participación de Siniestros Recuperados Sección Defunción o Sepelio,annual,PYG,2009-01-01T00:00:00Z,2025-12-31T00:00:00Z,review_indicator_only
e6bb3b7a2307a4f0b68d5ec37a8e3590,17,916,TRUE,insurance_annex:x1_20:ca28461c4d006b5ef8181d77,insurance_annex,Total Participación recuperos reaseguros aceptados exterior — Robo y Asalto,Total Participación recuperos reaseguros aceptados exterior — Total Participación recuperos reaseguros aceptados exterior — Robo y Asalto,annual,PYG,2009-01-01T00:00:00Z,2025-12-31T00:00:00Z,review_indicator_only
e6bb3b7a2307a4f0b68d5ec37a8e3590,17,916,TRUE,insurance_annex:x1_20:cd6b974e9d02eb609fb01e08,insurance_annex,Participación Recupero Reaseguros Aceptados - Proporcionales (Guaraníes) - Exterior — Responsabilidad Civil,Participación Recupero Reaseguros Aceptados - Proporcionales (Guaraníes) - Exterior — Participación Recupero Reaseguros Aceptados - Proporcionales (Guaraníes) - Exterior — Responsabilidad Civil,annual,PYG,2009-01-01T00:00:00Z,2025-12-31T00:00:00Z,review_indicator_only
e6bb3b7a2307a4f0b68d5ec37a8e3590,17,916,TRUE,insurance_annex:x1_20:cdc7fba91cb893f6f6ef0b79,insurance_annex,Total Participación recuperos reaseguros aceptados exterior — Participación de Siniestros Recuperados Sección Desgravamen Hipotecario Corto Plazo,Total Participación recuperos reaseguros aceptados exterior — Total Participación recuperos reaseguros aceptados exterior — Participación de Siniestros Recuperados Sección Desgravamen Hipotecario Corto Plazo,annual,PYG,2009-01-01T00:00:00Z,2025-12-31T00:00:00Z,review_indicator_only
e6bb3b7a2307a4f0b68d5ec37a8e3590,17,916,TRUE,insurance_annex:x1_20:ce9963f8fa9d8f38eb63b1a0,insurance_annex,Participación recupero reaseguros aceptados (contratos no proporcionales) (Guaraníes) - exterior — Total Vida Largo Plazo,Participación recupero reaseguros aceptados (contratos no proporcionales) (Guaraníes) - exterior — Participación recupero reaseguros aceptados (contratos no proporcionales) (Guaraníes) - exterior — Total Vida Largo Plazo,annual,PYG,2009-01-01T00:00:00Z,2025-12-31T00:00:00Z,review_indicator_only
e6bb3b7a2307a4f0b68d5ec37a8e3590,17,916,TRUE,insurance_annex:x1_20:dc552428b7b28260f53d4bb6,insurance_annex,Participación recupero reaseguros aceptados (contratos no proporcionales) (Guaraníes) - exterior — Participación de Siniestros Recuperados Sección Seguros Colectivos Largo Plazo,Participación recupero reaseguros aceptados (contratos no proporcionales) (Guaraníes) - exterior — Participación recupero reaseguros aceptados (contratos no proporcionales) (Guaraníes) - exterior — Participación de Siniestros Recuperados Sección Seguros Colectivos Largo Plazo,annual,PYG,2009-01-01T00:00:00Z,2025-12-31T00:00:00Z,review_indicator_only
e6bb3b7a2307a4f0b68d5ec37a8e3590,17,916,TRUE,insurance_annex:x1_20:de544b45ca2e2662c8234e6e,insurance_annex,Total Participación recuperos reaseguros aceptados exterior — Participación de Siniestros Recuperados Sección Defunción o Sepelio,Total Participación recuperos reaseguros aceptados exterior — Total Participación recuperos reaseguros aceptados exterior — Participación de Siniestros Recuperados Sección Defunción o Sepelio,annual,PYG,2009-01-01T00:00:00Z,2025-12-31T00:00:00Z,review_indicator_only
e6bb3b7a2307a4f0b68d5ec37a8e3590,17,916,TRUE,insurance_annex:x1_20:e0f1e46e2d8736da57d3224b,insurance_annex,Participación Recupero Reaseguros Aceptados - Proporcionales (Guaraníes) - Exterior — Automóviles,Participación Recupero Reaseguros Aceptados - Proporcionales (Guaraníes) - Exterior — Participación Recupero Reaseguros Aceptados - Proporcionales (Guaraníes) - Exterior — Automóviles,annual,PYG,2009-01-01T00:00:00Z,2025-12-31T00:00:00Z,review_indicator_only
e6bb3b7a2307a4f0b68d5ec37a8e3590,17,916,TRUE,insurance_annex:x1_20:eb073d3e328c2d8ebeb79b67,insurance_annex,Participación Recupero Reaseguros Aceptados - Proporcionales (Guaraníes) - Exterior — Participación de Siniestros Recuperados Sección Seguros Colectivos Largo Plazo,Participación Recupero Reaseguros Aceptados - Proporcionales (Guaraníes) - Exterior — Participación Recupero Reaseguros Aceptados - Proporcionales (Guaraníes) - Exterior — Participación de Siniestros Recuperados Sección Seguros Colectivos Largo Plazo,annual,PYG,2009-01-01T00:00:00Z,2025-12-31T00:00:00Z,review_indicator_only
e6bb3b7a2307a4f0b68d5ec37a8e3590,17,916,TRUE,insurance_annex:x1_20:f1f61a4ad6b65bbb191ae64a,insurance_annex,Total Participación recuperos reaseguros aceptados exterior — Transporte,Total Participación recuperos reaseguros aceptados exterior — Total Participación recuperos reaseguros aceptados exterior — Transporte,annual,PYG,2009-01-01T00:00:00Z,2025-12-31T00:00:00Z,review_indicator_only
e6bb3b7a2307a4f0b68d5ec37a8e3590,17,916,TRUE,insurance_annex:x1_20:fdeea7bc52807c43b7412279,insurance_annex,Total Participación recuperos reaseguros aceptados exterior — Participación de Siniestros Recuperados Sección Pensiones Voluntarias,Total Participación recuperos reaseguros aceptados exterior — Total Participación recuperos reaseguros aceptados exterior — Participación de Siniestros Recuperados Sección Pensiones Voluntarias,annual,PYG,2009-01-01T00:00:00Z,2025-12-31T00:00:00Z,review_indicator_only
e6bb3b7a2307a4f0b68d5ec37a8e3590,17,916,TRUE,insurance_annex:x1_21:47cf5a9ca862ef293a77c43f,insurance_annex,Desafectación de Provisiones Técnicas de Siniestros (Guaraníes) — Total Vida largo plazo,Desafectación de Provisiones Técnicas de Siniestros (Guaraníes) — Desafectación de Provisiones Técnicas de Siniestros (Guaraníes) — Total Vida largo plazo,annual,PYG,2009-01-01T00:00:00Z,2025-12-31T00:00:00Z,review_indicator_only
e6bb3b7a2307a4f0b68d5ec37a8e3590,17,916,TRUE,insurance_annex:x1_22:51351b53f0c041c55bd31553,insurance_annex,Reintegro Comisiones sobre primas (Guaraníes) — Reintegro de Comisiones s/Primas Defunción o Sepelio,Reintegro Comisiones sobre primas (Guaraníes) — Reintegro Comisiones sobre primas (Guaraníes) — Reintegro de Comisiones s/Primas Defunción o Sepelio,annual,PYG,2009-01-01T00:00:00Z,2025-12-31T00:00:00Z,review_indicator_only
e6bb3b7a2307a4f0b68d5ec37a8e3590,17,916,TRUE,insurance_annex:x1_22:5157be5f77b907c5436d9322,insurance_annex,Reintegro Comisiones sobre primas (Guaraníes) — Total Vida Largo Plazo,Reintegro Comisiones sobre primas (Guaraníes) — Reintegro Comisiones sobre primas (Guaraníes) — Total Vida Largo Plazo,annual,PYG,2009-01-01T00:00:00Z,2025-12-31T00:00:00Z,review_indicator_only
e6bb3b7a2307a4f0b68d5ec37a8e3590,17,916,TRUE,insurance_annex:x1_22:856703e2196ad9aa58d2d1f9,insurance_annex,Reintegro Gastos de Revisión y examen de asegurabilidad (Guaraníes) — Asegurabilidad Sección Defunción o Sepelio,Reintegro Gastos de Revisión y examen de asegurabilidad (Guaraníes) — Reintegro Gastos de Revisión y examen de asegurabilidad (Guaraníes) — Asegurabilidad Sección Defunción o Sepelio,annual,PYG,2009-01-01T00:00:00Z,2025-12-31T00:00:00Z,review_indicator_only
e6bb3b7a2307a4f0b68d5ec37a8e3590,17,916,TRUE,insurance_annex:x1_22:89c7d16d9e140547a61335a9,insurance_annex,Reintegro Gastos de Revisión y examen de asegurabilidad (Guaraníes) — Asegurabilidad Sección Desgravamen Hipotecario Largo Plazo,Reintegro Gastos de Revisión y examen de asegurabilidad (Guaraníes) — Reintegro Gastos de Revisión y examen de asegurabilidad (Guaraníes) — Asegurabilidad Sección Desgravamen Hipotecario Largo Plazo,annual,PYG,2009-01-01T00:00:00Z,2025-12-31T00:00:00Z,review_indicator_only
e6bb3b7a2307a4f0b68d5ec37a8e3590,17,916,TRUE,insurance_annex:x1_22:9d6c4e75573e2ae01c69ad48,insurance_annex,Reintegro Gastos de Revisión y examen de asegurabilidad (Guaraníes) — Asegurabilidad Sección Pensiones Voluntarias,Reintegro Gastos de Revisión y examen de asegurabilidad (Guaraníes) — Reintegro Gastos de Revisión y examen de asegurabilidad (Guaraníes) — Asegurabilidad Sección Pensiones Voluntarias,annual,PYG,2009-01-01T00:00:00Z,2025-12-31T00:00:00Z,review_indicator_only
e6bb3b7a2307a4f0b68d5ec37a8e3590,17,916,TRUE,insurance_annex:x1_22:b9c78348411e190c7b7ccb2a,insurance_annex,Reintegro Gastos de Revisión y examen de asegurabilidad (Guaraníes) — Asegurabilidad Sección Desgravamen Hipotecario Corto Plazo,Reintegro Gastos de Revisión y examen de asegurabilidad (Guaraníes) — Reintegro Gastos de Revisión y examen de asegurabilidad (Guaraníes) — Asegurabilidad Sección Desgravamen Hipotecario Corto Plazo,annual,PYG,2009-01-01T00:00:00Z,2025-12-31T00:00:00Z,review_indicator_only
e6bb3b7a2307a4f0b68d5ec37a8e3590,17,916,TRUE,insurance_annex:x1_22:c47b0b724b27a9235d0b7444,insurance_annex,Intereses por Financiamiento de Primas (Guaraníes) — Intereses p/Financiamiento de Primas Defunción o Sepelio,Intereses por Financiamiento de Primas (Guaraníes) — Intereses por Financiamiento de Primas (Guaraníes) — Intereses p/Financiamiento de Primas Defunción o Sepelio,annual,PYG,2009-01-01T00:00:00Z,2025-12-31T00:00:00Z,review_indicator_only
e6bb3b7a2307a4f0b68d5ec37a8e3590,17,916,TRUE,insurance_annex:x1_22:cfea64dc77a2197203815274,insurance_annex,Reintegro Gastos de Revisión y examen de asegurabilidad (Guaraníes) — Asegurabilidad Sección Vida Individual Largo Plazo,Reintegro Gastos de Revisión y examen de asegurabilidad (Guaraníes) — Reintegro Gastos de Revisión y examen de asegurabilidad (Guaraníes) — Asegurabilidad Sección Vida Individual Largo Plazo,annual,PYG,2009-01-01T00:00:00Z,2025-12-31T00:00:00Z,review_indicator_only
e6bb3b7a2307a4f0b68d5ec37a8e3590,17,916,TRUE,insurance_annex:x1_23:058abba9f7ed29a343fe4203,insurance_annex,Participación utilidades reaseguros cedidos - contratos no proporcionales (Guaraníes) — Part. de Utilidad Reaseguros Cedidos Sección Seguros Colectivos Largo Plazo,Participación utilidades reaseguros cedidos - contratos no proporcionales (Guaraníes) — Participación utilidades reaseguros cedidos - contratos no proporcionales (Guaraníes) — Part. de Utilidad Reaseguros Cedidos Sección Seguros Colectivos Largo Plazo,annual,PYG,2009-01-01T00:00:00Z,2025-12-31T00:00:00Z,review_indicator_only
e6bb3b7a2307a4f0b68d5ec37a8e3590,17,916,TRUE,insurance_annex:x1_23:083ac8ae536c9bdb285db453,insurance_annex,"Participación utilidades reaseguros cedidos - contratos no proporcionales (Guaraníes) — Cristales, Vidrios y Espejos","Participación utilidades reaseguros cedidos - contratos no proporcionales (Guaraníes) — Participación utilidades reaseguros cedidos - contratos no proporcionales (Guaraníes) — Cristales, Vidrios y Espejos",annual,PYG,2009-01-01T00:00:00Z,2025-12-31T00:00:00Z,review_indicator_only
e6bb3b7a2307a4f0b68d5ec37a8e3590,17,916,TRUE,insurance_annex:x1_23:12cf5237ab482c862995e60f,insurance_annex,Participación utilidades reaseguros cedidos - contratos no proporcionales (Guaraníes) — Total Rama Patrimonial,Participación utilidades reaseguros cedidos - contratos no proporcionales (Guaraníes) — Participación utilidades reaseguros cedidos - contratos no proporcionales (Guaraníes) — Total Rama Patrimonial,annual,PYG,2009-01-01T00:00:00Z,2025-12-31T00:00:00Z,review_indicator_only
e6bb3b7a2307a4f0b68d5ec37a8e3590,17,916,TRUE,insurance_annex:x1_23:12d6f64c301d6366ca2f5116,insurance_annex,Participación utilidades reaseguros cedidos - contratos no proporcionales (Guaraníes) — Part. de Utilidad Reaseguros Cedidos Sección Seguros Colectivos Corto Plazo,Participación utilidades reaseguros cedidos - contratos no proporcionales (Guaraníes) — Participación utilidades reaseguros cedidos - contratos no proporcionales (Guaraníes) — Part. de Utilidad Reaseguros Cedidos Sección Seguros Colectivos Corto Plazo,annual,PYG,2009-01-01T00:00:00Z,2025-12-31T00:00:00Z,review_indicator_only
e6bb3b7a2307a4f0b68d5ec37a8e3590,17,916,TRUE,insurance_annex:x1_23:1e0725cabae1d35da1548b56,insurance_annex,Participación utilidades reaseguros cedidos - contratos no proporcionales (Guaraníes) — Transporte,Participación utilidades reaseguros cedidos - contratos no proporcionales (Guaraníes) — Participación utilidades reaseguros cedidos - contratos no proporcionales (Guaraníes) — Transporte,annual,PYG,2009-01-01T00:00:00Z,2025-12-31T00:00:00Z,review_indicator_only
e6bb3b7a2307a4f0b68d5ec37a8e3590,17,916,TRUE,insurance_annex:x1_23:1fef01075b0c8d118d22fd4b,insurance_annex,Participación utilidades reaseguros cedidos - contratos no proporcionales (Guaraníes) — Agropecuario,Participación utilidades reaseguros cedidos - contratos no proporcionales (Guaraníes) — Participación utilidades reaseguros cedidos - contratos no proporcionales (Guaraníes) — Agropecuario,annual,PYG,2009-01-01T00:00:00Z,2025-12-31T00:00:00Z,review_indicator_only
e6bb3b7a2307a4f0b68d5ec37a8e3590,17,916,TRUE,insurance_annex:x1_23:20a9e29e0de43c2c02f3624d,insurance_annex,Total otros ingresos reaseguros cedidos - local (Guaraníes) — Accidentes a Pasajeros,Total otros ingresos reaseguros cedidos - local (Guaraníes) — Total otros ingresos reaseguros cedidos - local (Guaraníes) — Accidentes a Pasajeros,annual,PYG,2009-01-01T00:00:00Z,2025-12-31T00:00:00Z,review_indicator_only
e6bb3b7a2307a4f0b68d5ec37a8e3590,17,916,TRUE,insurance_annex:x1_23:23d0e80ca2bbc116dfc2ce59,insurance_annex,Participación utilidades reaseguros cedidos - contratos no proporcionales (Guaraníes) — Riesgos Técnicos,Participación utilidades reaseguros cedidos - contratos no proporcionales (Guaraníes) — Participación utilidades reaseguros cedidos - contratos no proporcionales (Guaraníes) — Riesgos Técnicos,annual,PYG,2009-01-01T00:00:00Z,2025-12-31T00:00:00Z,review_indicator_only
e6bb3b7a2307a4f0b68d5ec37a8e3590,17,916,TRUE,insurance_annex:x1_23:241f134caa765e6dce37a600,insurance_annex,Participación utilidades reaseguros cedidos - contratos proporcionales (Guaraníes) — Accidentes a Pasajeros,Participación utilidades reaseguros cedidos - contratos proporcionales (Guaraníes) — Participación utilidades reaseguros cedidos - contratos proporcionales (Guaraníes) — Accidentes a Pasajeros,annual,PYG,2009-01-01T00:00:00Z,2025-12-31T00:00:00Z,review_indicator_only
e6bb3b7a2307a4f0b68d5ec37a8e3590,17,916,TRUE,insurance_annex:x1_23:2b51c31c2c9f7c86b25c8f52,insurance_annex,Participación utilidades reaseguros cedidos - contratos no proporcionales (Guaraníes) — Total Participación Reaeguros cedidos - contratos no proporcionales,Participación utilidades reaseguros cedidos - contratos no proporcionales (Guaraníes) — Participación utilidades reaseguros cedidos - contratos no proporcionales (Guaraníes) — Total Participación Reaeguros cedidos - contratos no proporcionales,annual,PYG,2009-01-01T00:00:00Z,2025-12-31T00:00:00Z,review_indicator_only
e6bb3b7a2307a4f0b68d5ec37a8e3590,17,916,TRUE,insurance_annex:x1_23:2e4abb7e8cf4de65044670f9,insurance_annex,Participación utilidades reaseguros cedidos - contratos proporcionales (Guaraníes) — Automóviles,Participación utilidades reaseguros cedidos - contratos proporcionales (Guaraníes) — Participación utilidades reaseguros cedidos - contratos proporcionales (Guaraníes) — Automóviles,annual,PYG,2009-01-01T00:00:00Z,2025-12-31T00:00:00Z,review_indicator_only
e6bb3b7a2307a4f0b68d5ec37a8e3590,17,916,TRUE,insurance_annex:x1_23:2f83a003dae34164ba25dc21,insurance_annex,Participación utilidades reaseguros cedidos - contratos proporcionales (Guaraníes) — Part. de Utilidad Reaseguros Cedidos Sección Seguros Colectivos Largo Plazo,Participación utilidades reaseguros cedidos - contratos proporcionales (Guaraníes) — Participación utilidades reaseguros cedidos - contratos proporcionales (Guaraníes) — Part. de Utilidad Reaseguros Cedidos Sección Seguros Colectivos Largo Plazo,annual,PYG,2009-01-01T00:00:00Z,2025-12-31T00:00:00Z,review_indicator_only
e6bb3b7a2307a4f0b68d5ec37a8e3590,17,916,TRUE,insurance_annex:x1_23:3d968ead3cb60c9db5bc481a,insurance_annex,Participación utilidades reaseguros cedidos - contratos no proporcionales (Guaraníes) — Part. de Utilidad Reaseguros Cedidos Sección Desgravamen Hipotecario Corto Plazo,Participación utilidades reaseguros cedidos - contratos no proporcionales (Guaraníes) — Participación utilidades reaseguros cedidos - contratos no proporcionales (Guaraníes) — Part. de Utilidad Reaseguros Cedidos Sección Desgravamen Hipotecario Corto Plazo,annual,PYG,2009-01-01T00:00:00Z,2025-12-31T00:00:00Z,review_indicator_only
e6bb3b7a2307a4f0b68d5ec37a8e3590,17,916,TRUE,insurance_annex:x1_23:41be896b48a7f77d4e173bd8,insurance_annex,Participación utilidades reaseguros cedidos - contratos no proporcionales (Guaraníes) — Riesgos Varios,Participación utilidades reaseguros cedidos - contratos no proporcionales (Guaraníes) — Participación utilidades reaseguros cedidos - contratos no proporcionales (Guaraníes) — Riesgos Varios,annual,PYG,2009-01-01T00:00:00Z,2025-12-31T00:00:00Z,review_indicator_only
e6bb3b7a2307a4f0b68d5ec37a8e3590,17,916,TRUE,insurance_annex:x1_23:47ca7bcc21fcda312fdd6c8d,insurance_annex,Participación utilidades reaseguros cedidos - contratos no proporcionales (Guaraníes) — Part. de Utilidad Reaseguros Cedidos Sección Defunción o Sepelio,Participación utilidades reaseguros cedidos - contratos no proporcionales (Guaraníes) — Participación utilidades reaseguros cedidos - contratos no proporcionales (Guaraníes) — Part. de Utilidad Reaseguros Cedidos Sección Defunción o Sepelio,annual,PYG,2009-01-01T00:00:00Z,2025-12-31T00:00:00Z,review_indicator_only
e6bb3b7a2307a4f0b68d5ec37a8e3590,17,916,TRUE,insurance_annex:x1_23:50437cab41c32c070c0f0107,insurance_annex,Comisión reaseguros cedidos - contratos proporcionales (Guaraníes) — Comisión s/Primas Cedidas Reaseguros Sección Seguros Colectivos Largo Plazo,Comisión reaseguros cedidos - contratos proporcionales (Guaraníes) — Comisión reaseguros cedidos - contratos proporcionales (Guaraníes) — Comisión s/Primas Cedidas Reaseguros Sección Seguros Colectivos Largo Plazo,annual,PYG,2009-01-01T00:00:00Z,2025-12-31T00:00:00Z,review_indicator_only
e6bb3b7a2307a4f0b68d5ec37a8e3590,17,916,TRUE,insurance_annex:x1_23:51dc3eae57ed42f3f38ab028,insurance_annex,Comisión reaseguros cedidos - contratos proporcionales (Guaraníes) — Comisión s/Primas Cedidas Reaseguros Sección Desgravamen Hipotecario Corto Plazo,Comisión reaseguros cedidos - contratos proporcionales (Guaraníes) — Comisión reaseguros cedidos - contratos proporcionales (Guaraníes) — Comisión s/Primas Cedidas Reaseguros Sección Desgravamen Hipotecario Corto Plazo,annual,PYG,2009-01-01T00:00:00Z,2025-12-31T00:00:00Z,review_indicator_only
e6bb3b7a2307a4f0b68d5ec37a8e3590,17,916,TRUE,insurance_annex:x1_23:52c1e4576cca63a08b5c2b3a,insurance_annex,Participación utilidades reaseguros cedidos - contratos no proporcionales (Guaraníes) — Caución,Participación utilidades reaseguros cedidos - contratos no proporcionales (Guaraníes) — Participación utilidades reaseguros cedidos - contratos no proporcionales (Guaraníes) — Caución,annual,PYG,2009-01-01T00:00:00Z,2025-12-31T00:00:00Z,review_indicator_only
e6bb3b7a2307a4f0b68d5ec37a8e3590,17,916,TRUE,insurance_annex:x1_23:53195b8b2226110d33f630fd,insurance_annex,Comisión reaseguros cedidos - contratos proporcionales (Guaraníes) — Comisión s/Primas Cedidas Reaseguros Sección Salud o Enfermedad,Comisión reaseguros cedidos - contratos proporcionales (Guaraníes) — Comisión reaseguros cedidos - contratos proporcionales (Guaraníes) — Comisión s/Primas Cedidas Reaseguros Sección Salud o Enfermedad,annual,PYG,2009-01-01T00:00:00Z,2025-12-31T00:00:00Z,review_indicator_only
e6bb3b7a2307a4f0b68d5ec37a8e3590,17,916,TRUE,insurance_annex:x1_23:70cf96959028968dd522fae4,insurance_annex,Participación utilidades reaseguros cedidos - contratos proporcionales (Guaraníes) — Part. de Utilidad Reaseguros Cedidos Sección Desgravamen Hipotecario Corto Plazo,Participación utilidades reaseguros cedidos - contratos proporcionales (Guaraníes) — Participación utilidades reaseguros cedidos - contratos proporcionales (Guaraníes) — Part. de Utilidad Reaseguros Cedidos Sección Desgravamen Hipotecario Corto Plazo,annual,PYG,2009-01-01T00:00:00Z,2025-12-31T00:00:00Z,review_indicator_only
e6bb3b7a2307a4f0b68d5ec37a8e3590,17,916,TRUE,insurance_annex:x1_23:70f6e2b04b06b700a1c34cc7,insurance_annex,Participación utilidades reaseguros cedidos - contratos no proporcionales (Guaraníes) — Part. de Utilidad Reaseguros Cedidos Sección Pensiones Voluntarias,Participación utilidades reaseguros cedidos - contratos no proporcionales (Guaraníes) — Participación utilidades reaseguros cedidos - contratos no proporcionales (Guaraníes) — Part. de Utilidad Reaseguros Cedidos Sección Pensiones Voluntarias,annual,PYG,2009-01-01T00:00:00Z,2025-12-31T00:00:00Z,review_indicator_only
e6bb3b7a2307a4f0b68d5ec37a8e3590,17,916,TRUE,insurance_annex:x1_23:796b559562440ef5a34044f5,insurance_annex,Participación utilidades reaseguros cedidos - contratos proporcionales (Guaraníes) — Part. de Utilidad Reaseguros Cedidos Sección Salud o Enfermedad,Participación utilidades reaseguros cedidos - contratos proporcionales (Guaraníes) — Participación utilidades reaseguros cedidos - contratos proporcionales (Guaraníes) — Part. de Utilidad Reaseguros Cedidos Sección Salud o Enfermedad,annual,PYG,2009-01-01T00:00:00Z,2025-12-31T00:00:00Z,review_indicator_only
e6bb3b7a2307a4f0b68d5ec37a8e3590,17,916,TRUE,insurance_annex:x1_23:82180256dc6787d15d45503e,insurance_annex,Comisión reaseguros cedidos - contratos proporcionales (Guaraníes) — Total Vida Largo Plazo,Comisión reaseguros cedidos - contratos proporcionales (Guaraníes) — Comisión reaseguros cedidos - contratos proporcionales (Guaraníes) — Total Vida Largo Plazo,annual,PYG,2009-01-01T00:00:00Z,2025-12-31T00:00:00Z,review_indicator_only
e6bb3b7a2307a4f0b68d5ec37a8e3590,17,916,TRUE,insurance_annex:x1_23:898ff4b37fa5219a7b6bb193,insurance_annex,Total otros ingresos reaseguros cedidos - local (Guaraníes) — Total Vida Largo Plazo,Total otros ingresos reaseguros cedidos - local (Guaraníes) — Total otros ingresos reaseguros cedidos - local (Guaraníes) — Total Vida Largo Plazo,annual,PYG,2009-01-01T00:00:00Z,2025-12-31T00:00:00Z,review_indicator_only
e6bb3b7a2307a4f0b68d5ec37a8e3590,17,916,TRUE,insurance_annex:x1_23:8a0c16389a2ff2d323a5976f,insurance_annex,Comisión reaseguros cedidos - contratos proporcionales (Guaraníes) — Accidentes a Pasajeros,Comisión reaseguros cedidos - contratos proporcionales (Guaraníes) — Comisión reaseguros cedidos - contratos proporcionales (Guaraníes) — Accidentes a Pasajeros,annual,PYG,2009-01-01T00:00:00Z,2025-12-31T00:00:00Z,review_indicator_only
e6bb3b7a2307a4f0b68d5ec37a8e3590,17,916,TRUE,insurance_annex:x1_23:8ce58e4a6b06b34c3e36de68,insurance_annex,Participación utilidades reaseguros cedidos - contratos no proporcionales (Guaraníes) — Part. de Utilidad Reaseguros Cedidos Sección Vida Individual Largo Plazo,Participación utilidades reaseguros cedidos - contratos no proporcionales (Guaraníes) — Participación utilidades reaseguros cedidos - contratos no proporcionales (Guaraníes) — Part. de Utilidad Reaseguros Cedidos Sección Vida Individual Largo Plazo,annual,PYG,2009-01-01T00:00:00Z,2025-12-31T00:00:00Z,review_indicator_only
e6bb3b7a2307a4f0b68d5ec37a8e3590,17,916,TRUE,insurance_annex:x1_23:8d6761aa3400490916b1b3ed,insurance_annex,Participación utilidades reaseguros cedidos - contratos no proporcionales (Guaraníes) — Part. de Utilidad Reaseguros Cedidos Sección Salud o Enfermedad,Participación utilidades reaseguros cedidos - contratos no proporcionales (Guaraníes) — Participación utilidades reaseguros cedidos - contratos no proporcionales (Guaraníes) — Part. de Utilidad Reaseguros Cedidos Sección Salud o Enfermedad,annual,PYG,2009-01-01T00:00:00Z,2025-12-31T00:00:00Z,review_indicator_only
e6bb3b7a2307a4f0b68d5ec37a8e3590,17,916,TRUE,insurance_annex:x1_23:92b64d0f7f8e47cd71966934,insurance_annex,Participación utilidades reaseguros cedidos - contratos no proporcionales (Guaraníes) — Part. de Utilidad Reaseguros Cedidos Sección Vida Individual Corto Plazo,Participación utilidades reaseguros cedidos - contratos no proporcionales (Guaraníes) — Participación utilidades reaseguros cedidos - contratos no proporcionales (Guaraníes) — Part. de Utilidad Reaseguros Cedidos Sección Vida Individual Corto Plazo,annual,PYG,2009-01-01T00:00:00Z,2025-12-31T00:00:00Z,review_indicator_only
e6bb3b7a2307a4f0b68d5ec37a8e3590,17,916,TRUE,insurance_annex:x1_23:994c6312ccba661504da49ca,insurance_annex,Participación utilidades reaseguros cedidos - contratos no proporcionales (Guaraníes) — Part. de Utilidad Reaseguros Cedidos Sección Desgravamen Hipotecario Largo Plazo,Participación utilidades reaseguros cedidos - contratos no proporcionales (Guaraníes) — Participación utilidades reaseguros cedidos - contratos no proporcionales (Guaraníes) — Part. de Utilidad Reaseguros Cedidos Sección Desgravamen Hipotecario Largo Plazo,annual,PYG,2009-01-01T00:00:00Z,2025-12-31T00:00:00Z,review_indicator_only
e6bb3b7a2307a4f0b68d5ec37a8e3590,17,916,TRUE,insurance_annex:x1_23:9ae030ce26932e4c4120c2e9,insurance_annex,Participación utilidades reaseguros cedidos - contratos no proporcionales (Guaraníes) — Accidentes Personales,Participación utilidades reaseguros cedidos - contratos no proporcionales (Guaraníes) — Participación utilidades reaseguros cedidos - contratos no proporcionales (Guaraníes) — Accidentes Personales,annual,PYG,2009-01-01T00:00:00Z,2025-12-31T00:00:00Z,review_indicator_only
e6bb3b7a2307a4f0b68d5ec37a8e3590,17,916,TRUE,insurance_annex:x1_23:a6b0d2eb534beb1e12333e66,insurance_annex,Participación utilidades reaseguros cedidos - contratos no proporcionales (Guaraníes) — Robo y Asalto,Participación utilidades reaseguros cedidos - contratos no proporcionales (Guaraníes) — Participación utilidades reaseguros cedidos - contratos no proporcionales (Guaraníes) — Robo y Asalto,annual,PYG,2009-01-01T00:00:00Z,2025-12-31T00:00:00Z,review_indicator_only
e6bb3b7a2307a4f0b68d5ec37a8e3590,17,916,TRUE,insurance_annex:x1_23:adae1516b0af7f29cfd21916,insurance_annex,Participación utilidades reaseguros cedidos - contratos no proporcionales (Guaraníes) — Accidentes a Pasajeros,Participación utilidades reaseguros cedidos - contratos no proporcionales (Guaraníes) — Participación utilidades reaseguros cedidos - contratos no proporcionales (Guaraníes) — Accidentes a Pasajeros,annual,PYG,2009-01-01T00:00:00Z,2025-12-31T00:00:00Z,review_indicator_only
e6bb3b7a2307a4f0b68d5ec37a8e3590,17,916,TRUE,insurance_annex:x1_23:b422e99225b7faf1412c6f55,insurance_annex,Participación utilidades reaseguros cedidos - contratos proporcionales (Guaraníes) — Part. de Utilidad Reaseguros Cedidos Sección Vida Individual Corto Plazo,Participación utilidades reaseguros cedidos - contratos proporcionales (Guaraníes) — Participación utilidades reaseguros cedidos - contratos proporcionales (Guaraníes) — Part. de Utilidad Reaseguros Cedidos Sección Vida Individual Corto Plazo,annual,PYG,2009-01-01T00:00:00Z,2025-12-31T00:00:00Z,review_indicator_only
e6bb3b7a2307a4f0b68d5ec37a8e3590,17,916,TRUE,insurance_annex:x1_23:bb201fc5d559505300dadc52,insurance_annex,Comisión reaseguros cedidos - contratos proporcionales (Guaraníes) — Comisión s/Primas Cedidas Reaseguros Sección Vida Individual Largo Plazo,Comisión reaseguros cedidos - contratos proporcionales (Guaraníes) — Comisión reaseguros cedidos - contratos proporcionales (Guaraníes) — Comisión s/Primas Cedidas Reaseguros Sección Vida Individual Largo Plazo,annual,PYG,2009-01-01T00:00:00Z,2025-12-31T00:00:00Z,review_indicator_only
e6bb3b7a2307a4f0b68d5ec37a8e3590,17,916,TRUE,insurance_annex:x1_23:be36a54faf81d688f1e544bc,insurance_annex,Comisión reaseguros cedidos - contratos proporcionales (Guaraníes) — Comisión s/Primas Cedidas Reaseguros Sección Desgravamen Hipotecario Largo Plazo,Comisión reaseguros cedidos - contratos proporcionales (Guaraníes) — Comisión reaseguros cedidos - contratos proporcionales (Guaraníes) — Comisión s/Primas Cedidas Reaseguros Sección Desgravamen Hipotecario Largo Plazo,annual,PYG,2009-01-01T00:00:00Z,2025-12-31T00:00:00Z,review_indicator_only
e6bb3b7a2307a4f0b68d5ec37a8e3590,17,916,TRUE,insurance_annex:x1_23:bfc2a8fe560d52194e3e94c5,insurance_annex,Participación utilidades reaseguros cedidos - contratos proporcionales (Guaraníes) — Part. de Utilidad Reaseguros Cedidos Sección Defunción o Sepelio,Participación utilidades reaseguros cedidos - contratos proporcionales (Guaraníes) — Participación utilidades reaseguros cedidos - contratos proporcionales (Guaraníes) — Part. de Utilidad Reaseguros Cedidos Sección Defunción o Sepelio,annual,PYG,2009-01-01T00:00:00Z,2025-12-31T00:00:00Z,review_indicator_only
e6bb3b7a2307a4f0b68d5ec37a8e3590,17,916,TRUE,insurance_annex:x1_23:c29445b8bd70d46ab8cbe721,insurance_annex,Participación utilidades reaseguros cedidos - contratos proporcionales (Guaraníes) — Part. de Utilidad Reaseguros Cedidos Sección Desgravamen Hipotecario Largo Plazo,Participación utilidades reaseguros cedidos - contratos proporcionales (Guaraníes) — Participación utilidades reaseguros cedidos - contratos proporcionales (Guaraníes) — Part. de Utilidad Reaseguros Cedidos Sección Desgravamen Hipotecario Largo Plazo,annual,PYG,2009-01-01T00:00:00Z,2025-12-31T00:00:00Z,review_indicator_only
e6bb3b7a2307a4f0b68d5ec37a8e3590,17,916,TRUE,insurance_annex:x1_23:c2e22867e3065ae57350c04d,insurance_annex,Participación utilidades reaseguros cedidos - contratos proporcionales (Guaraníes) — Part. de Utilidad Reaseguros Cedidos Sección Vida Individual Largo Plazo,Participación utilidades reaseguros cedidos - contratos proporcionales (Guaraníes) — Participación utilidades reaseguros cedidos - contratos proporcionales (Guaraníes) — Part. de Utilidad Reaseguros Cedidos Sección Vida Individual Largo Plazo,annual,PYG,2009-01-01T00:00:00Z,2025-12-31T00:00:00Z,review_indicator_only
e6bb3b7a2307a4f0b68d5ec37a8e3590,17,916,TRUE,insurance_annex:x1_23:ca488575b05cdc5be2732552,insurance_annex,Participación utilidades reaseguros cedidos - contratos no proporcionales (Guaraníes) — Incendio,Participación utilidades reaseguros cedidos - contratos no proporcionales (Guaraníes) — Participación utilidades reaseguros cedidos - contratos no proporcionales (Guaraníes) — Incendio,annual,PYG,2009-01-01T00:00:00Z,2025-12-31T00:00:00Z,review_indicator_only
e6bb3b7a2307a4f0b68d5ec37a8e3590,17,916,TRUE,insurance_annex:x1_23:cb8e2de064592f0c05d60e2e,insurance_annex,Participación utilidades reaseguros cedidos - contratos no proporcionales (Guaraníes) — Aeronavegación,Participación utilidades reaseguros cedidos - contratos no proporcionales (Guaraníes) — Participación utilidades reaseguros cedidos - contratos no proporcionales (Guaraníes) — Aeronavegación,annual,PYG,2009-01-01T00:00:00Z,2025-12-31T00:00:00Z,review_indicator_only
e6bb3b7a2307a4f0b68d5ec37a8e3590,17,916,TRUE,insurance_annex:x1_23:d16c71e56abe7995b1b96c53,insurance_annex,Comisión reaseguros cedidos - contratos proporcionales (Guaraníes) — Agropecuario,Comisión reaseguros cedidos - contratos proporcionales (Guaraníes) — Comisión reaseguros cedidos - contratos proporcionales (Guaraníes) — Agropecuario,annual,PYG,2009-01-01T00:00:00Z,2025-12-31T00:00:00Z,review_indicator_only
e6bb3b7a2307a4f0b68d5ec37a8e3590,17,916,TRUE,insurance_annex:x1_23:d606cba6f756cf046758da21,insurance_annex,Comisión reaseguros cedidos - contratos proporcionales (Guaraníes) — Comisión s/Primas Cedidas Reaseguros Sección Vida Individual Corto Plazo,Comisión reaseguros cedidos - contratos proporcionales (Guaraníes) — Comisión reaseguros cedidos - contratos proporcionales (Guaraníes) — Comisión s/Primas Cedidas Reaseguros Sección Vida Individual Corto Plazo,annual,PYG,2009-01-01T00:00:00Z,2025-12-31T00:00:00Z,review_indicator_only
e6bb3b7a2307a4f0b68d5ec37a8e3590,17,916,TRUE,insurance_annex:x1_23:dca78aae2db374ce98ac81a5,insurance_annex,Comisión reaseguros cedidos - contratos proporcionales (Guaraníes) — Comisión s/Primas Cedidas Reaseguros Sección Pensiones Voluntarias,Comisión reaseguros cedidos - contratos proporcionales (Guaraníes) — Comisión reaseguros cedidos - contratos proporcionales (Guaraníes) — Comisión s/Primas Cedidas Reaseguros Sección Pensiones Voluntarias,annual,PYG,2009-01-01T00:00:00Z,2025-12-31T00:00:00Z,review_indicator_only
e6bb3b7a2307a4f0b68d5ec37a8e3590,17,916,TRUE,insurance_annex:x1_23:e4814c5176d9c2aaab6c020e,insurance_annex,Participación utilidades reaseguros cedidos - contratos no proporcionales (Guaraníes) — Responsabilidad Civil,Participación utilidades reaseguros cedidos - contratos no proporcionales (Guaraníes) — Participación utilidades reaseguros cedidos - contratos no proporcionales (Guaraníes) — Responsabilidad Civil,annual,PYG,2009-01-01T00:00:00Z,2025-12-31T00:00:00Z,review_indicator_only
e6bb3b7a2307a4f0b68d5ec37a8e3590,17,916,TRUE,insurance_annex:x1_23:e62467ec5d2ab5b22916e85e,insurance_annex,Comisión reaseguros cedidos - contratos proporcionales (Guaraníes) — Comisión s/Primas Cedidas Reaseguros Sección Defunción o Sepelio,Comisión reaseguros cedidos - contratos proporcionales (Guaraníes) — Comisión reaseguros cedidos - contratos proporcionales (Guaraníes) — Comisión s/Primas Cedidas Reaseguros Sección Defunción o Sepelio,annual,PYG,2009-01-01T00:00:00Z,2025-12-31T00:00:00Z,review_indicator_only
e6bb3b7a2307a4f0b68d5ec37a8e3590,17,916,TRUE,insurance_annex:x1_23:e8a3e739e52630d176ebd3f5,insurance_annex,Participación utilidades reaseguros cedidos - contratos no proporcionales (Guaraníes) — Total Vida Largo Plazo,Participación utilidades reaseguros cedidos - contratos no proporcionales (Guaraníes) — Participación utilidades reaseguros cedidos - contratos no proporcionales (Guaraníes) — Total Vida Largo Plazo,annual,PYG,2009-01-01T00:00:00Z,2025-12-31T00:00:00Z,review_indicator_only
e6bb3b7a2307a4f0b68d5ec37a8e3590,17,916,TRUE,insurance_annex:x1_23:e8e5d498f739eda4906d3036,insurance_annex,Participación utilidades reaseguros cedidos - contratos proporcionales (Guaraníes) — Part. de Utilidad Reaseguros Cedidos Sección Pensiones Voluntarias,Participación utilidades reaseguros cedidos - contratos proporcionales (Guaraníes) — Participación utilidades reaseguros cedidos - contratos proporcionales (Guaraníes) — Part. de Utilidad Reaseguros Cedidos Sección Pensiones Voluntarias,annual,PYG,2009-01-01T00:00:00Z,2025-12-31T00:00:00Z,review_indicator_only
e6bb3b7a2307a4f0b68d5ec37a8e3590,17,916,TRUE,insurance_annex:x1_23:e931f8a32bca648ed05cf1a7,insurance_annex,Participación utilidades reaseguros cedidos - contratos no proporcionales (Guaraníes) — Automóviles,Participación utilidades reaseguros cedidos - contratos no proporcionales (Guaraníes) — Participación utilidades reaseguros cedidos - contratos no proporcionales (Guaraníes) — Automóviles,annual,PYG,2009-01-01T00:00:00Z,2025-12-31T00:00:00Z,review_indicator_only
e6bb3b7a2307a4f0b68d5ec37a8e3590,17,916,TRUE,insurance_annex:x1_23:f65022a6049f2179b44f19e0,insurance_annex,Participación utilidades reaseguros cedidos - contratos proporcionales (Guaraníes) — Total Vida Largo Plazo,Participación utilidades reaseguros cedidos - contratos proporcionales (Guaraníes) — Participación utilidades reaseguros cedidos - contratos proporcionales (Guaraníes) — Total Vida Largo Plazo,annual,PYG,2009-01-01T00:00:00Z,2025-12-31T00:00:00Z,review_indicator_only
e6bb3b7a2307a4f0b68d5ec37a8e3590,17,916,TRUE,insurance_annex:x1_23:fb5904808624e36f5444d268,insurance_annex,Participación utilidades reaseguros cedidos - contratos no proporcionales (Guaraníes) — Total Vida Corto Plazo,Participación utilidades reaseguros cedidos - contratos no proporcionales (Guaraníes) — Participación utilidades reaseguros cedidos - contratos no proporcionales (Guaraníes) — Total Vida Corto Plazo,annual,PYG,2009-01-01T00:00:00Z,2025-12-31T00:00:00Z,review_indicator_only
e6bb3b7a2307a4f0b68d5ec37a8e3590,17,916,TRUE,insurance_annex:x1_24:04b09c83578c2ebeb2b77d77,insurance_annex,Comisión reaseguros cedidos - contratos proporcionales (Guaraníes) - exterior — Comisión s/Primas Cedidas Reaseguros Sección Pensiones Voluntarias,Comisión reaseguros cedidos - contratos proporcionales (Guaraníes) - exterior — Comisión reaseguros cedidos - contratos proporcionales (Guaraníes) - exterior — Comisión s/Primas Cedidas Reaseguros Sección Pensiones Voluntarias,annual,PYG,2009-01-01T00:00:00Z,2025-12-31T00:00:00Z,review_indicator_only
e6bb3b7a2307a4f0b68d5ec37a8e3590,17,916,TRUE,insurance_annex:x1_24:1d00ab101c9bf3fcd6d6014c,insurance_annex,Participación utilidades reaseguros cedidos - contratos no proporcionales (Guaraníes) - exterior — Part. de Utilidad Reaseguros Cedidos Sección Pensiones Voluntarias,Participación utilidades reaseguros cedidos - contratos no proporcionales (Guaraníes) - exterior — Participación utilidades reaseguros cedidos - contratos no proporcionales (Guaraníes) - exterior — Part. de Utilidad Reaseguros Cedidos Sección Pensiones Voluntarias,annual,PYG,2009-01-01T00:00:00Z,2025-12-31T00:00:00Z,review_indicator_only
e6bb3b7a2307a4f0b68d5ec37a8e3590,17,916,TRUE,insurance_annex:x1_24:2b8ff8536b8a9b841914d722,insurance_annex,Participación utilidades reaseguros cedidos - contratos proporcionales (Guaraníes) - exterior — Part. de Utilidad Reaseguros Cedidos Sección Pensiones Voluntarias,Participación utilidades reaseguros cedidos - contratos proporcionales (Guaraníes) - exterior — Participación utilidades reaseguros cedidos - contratos proporcionales (Guaraníes) - exterior — Part. de Utilidad Reaseguros Cedidos Sección Pensiones Voluntarias,annual,PYG,2009-01-01T00:00:00Z,2025-12-31T00:00:00Z,review_indicator_only
e6bb3b7a2307a4f0b68d5ec37a8e3590,17,916,TRUE,insurance_annex:x1_24:370fa37650d49aa2a8d0b133,insurance_annex,Participación utilidades reaseguros cedidos - contratos no proporcionales (Guaraníes) - exterior — Part. de Utilidad Reaseguros Cedidos Sección Desgravamen Hipotecario Largo Plazo,Participación utilidades reaseguros cedidos - contratos no proporcionales (Guaraníes) - exterior — Participación utilidades reaseguros cedidos - contratos no proporcionales (Guaraníes) - exterior — Part. de Utilidad Reaseguros Cedidos Sección Desgravamen Hipotecario Largo Plazo,annual,PYG,2009-01-01T00:00:00Z,2025-12-31T00:00:00Z,review_indicator_only
e6bb3b7a2307a4f0b68d5ec37a8e3590,17,916,TRUE,insurance_annex:x1_24:3fec9fa64157b7d4df10d93b,insurance_annex,Participación utilidades reaseguros cedidos - contratos no proporcionales (Guaraníes) - exterior — Part. de Utilidad Reaseguros Cedidos Sección Desgravamen Hipotecario Corto Plazo,Participación utilidades reaseguros cedidos - contratos no proporcionales (Guaraníes) - exterior — Participación utilidades reaseguros cedidos - contratos no proporcionales (Guaraníes) - exterior — Part. de Utilidad Reaseguros Cedidos Sección Desgravamen Hipotecario Corto Plazo,annual,PYG,2009-01-01T00:00:00Z,2025-12-31T00:00:00Z,review_indicator_only
e6bb3b7a2307a4f0b68d5ec37a8e3590,17,916,TRUE,insurance_annex:x1_24:4d75ebb3cda2e5dda0c88e0d,insurance_annex,Participación utilidades reaseguros cedidos - contratos no proporcionales (Guaraníes) - exterior — Part. de Utilidad Reaseguros Cedidos Sección Defunción o Sepelio,Participación utilidades reaseguros cedidos - contratos no proporcionales (Guaraníes) - exterior — Participación utilidades reaseguros cedidos - contratos no proporcionales (Guaraníes) - exterior — Part. de Utilidad Reaseguros Cedidos Sección Defunción o Sepelio,annual,PYG,2009-01-01T00:00:00Z,2025-12-31T00:00:00Z,review_indicator_only
e6bb3b7a2307a4f0b68d5ec37a8e3590,17,916,TRUE,insurance_annex:x1_24:50f635b0b6f615167d50c8fd,insurance_annex,Comisión reaseguros cedidos - contratos proporcionales (Guaraníes) - exterior — Comisión s/Primas Cedidas Reaseguros Sección Defunción o Sepelio,Comisión reaseguros cedidos - contratos proporcionales (Guaraníes) - exterior — Comisión reaseguros cedidos - contratos proporcionales (Guaraníes) - exterior — Comisión s/Primas Cedidas Reaseguros Sección Defunción o Sepelio,annual,PYG,2009-01-01T00:00:00Z,2025-12-31T00:00:00Z,review_indicator_only
e6bb3b7a2307a4f0b68d5ec37a8e3590,17,916,TRUE,insurance_annex:x1_24:519abc8ac0b831b400157e5b,insurance_annex,Participación utilidades reaseguros cedidos - contratos proporcionales (Guaraníes) - exterior — Part. de Utilidad Reaseguros Cedidos Sección Defunción o Sepelio,Participación utilidades reaseguros cedidos - contratos proporcionales (Guaraníes) - exterior — Participación utilidades reaseguros cedidos - contratos proporcionales (Guaraníes) - exterior — Part. de Utilidad Reaseguros Cedidos Sección Defunción o Sepelio,annual,PYG,2009-01-01T00:00:00Z,2025-12-31T00:00:00Z,review_indicator_only
e6bb3b7a2307a4f0b68d5ec37a8e3590,17,916,TRUE,insurance_annex:x1_24:5f9c32c424414806f0e039cb,insurance_annex,Participación utilidades reaseguros cedidos - contratos no proporcionales (Guaraníes) - exterior — Part. de Utilidad Reaseguros Cedidos Sección Vida Individual Largo Plazo,Participación utilidades reaseguros cedidos - contratos no proporcionales (Guaraníes) - exterior — Participación utilidades reaseguros cedidos - contratos no proporcionales (Guaraníes) - exterior — Part. de Utilidad Reaseguros Cedidos Sección Vida Individual Largo Plazo,annual,PYG,2009-01-01T00:00:00Z,2025-12-31T00:00:00Z,review_indicator_only
e6bb3b7a2307a4f0b68d5ec37a8e3590,17,916,TRUE,insurance_annex:x1_24:6766eba03f41252cafa78701,insurance_annex,Participación utilidades reaseguros cedidos - contratos proporcionales (Guaraníes) - exterior — Part. de Utilidad Reaseguros Cedidos Sección Salud o Enfermedad,Participación utilidades reaseguros cedidos - contratos proporcionales (Guaraníes) - exterior — Participación utilidades reaseguros cedidos - contratos proporcionales (Guaraníes) - exterior — Part. de Utilidad Reaseguros Cedidos Sección Salud o Enfermedad,annual,PYG,2009-01-01T00:00:00Z,2025-12-31T00:00:00Z,review_indicator_only
e6bb3b7a2307a4f0b68d5ec37a8e3590,17,916,TRUE,insurance_annex:x1_24:dc5391267c05de7e19267ea6,insurance_annex,Participación utilidades reaseguros cedidos - contratos no proporcionales (Guaraníes) - exterior — Part. de Utilidad Reaseguros Cedidos Sección Salud o Enfermedad,Participación utilidades reaseguros cedidos - contratos no proporcionales (Guaraníes) - exterior — Participación utilidades reaseguros cedidos - contratos no proporcionales (Guaraníes) - exterior — Part. de Utilidad Reaseguros Cedidos Sección Salud o Enfermedad,annual,PYG,2009-01-01T00:00:00Z,2025-12-31T00:00:00Z,review_indicator_only
e6bb3b7a2307a4f0b68d5ec37a8e3590,17,916,TRUE,insurance_annex:x1_25:059748bb75de5f0858230789,insurance_annex,Intereses sobre reservas matematicas cedidas - contratos proporcionales (Guaraníes) — Accidentes Personales,Intereses sobre reservas matematicas cedidas - contratos proporcionales (Guaraníes) — Intereses sobre reservas matematicas cedidas - contratos proporcionales (Guaraníes) — Accidentes Personales,annual,PYG,2009-01-01T00:00:00Z,2025-12-31T00:00:00Z,review_indicator_only
e6bb3b7a2307a4f0b68d5ec37a8e3590,17,916,TRUE,insurance_annex:x1_25:1074b9dfbdacb712e6c85898,insurance_annex,Total otros ingresos reaseguros aceptados - local — Intereses s/Reservas Retenidas Sección Vida Individual Corto Plazo,Total otros ingresos reaseguros aceptados - local — Total otros ingresos reaseguros aceptados - local — Intereses s/Reservas Retenidas Sección Vida Individual Corto Plazo,annual,PYG,2009-01-01T00:00:00Z,2025-12-31T00:00:00Z,review_indicator_only
e6bb3b7a2307a4f0b68d5ec37a8e3590,17,916,TRUE,insurance_annex:x1_25:1cbdae3764bb10ef539e1efd,insurance_annex,Intereses sobre reservas retenidas - contratos proporcionales (Guaraníes) — Transporte,Intereses sobre reservas retenidas - contratos proporcionales (Guaraníes) — Intereses sobre reservas retenidas - contratos proporcionales (Guaraníes) — Transporte,annual,PYG,2009-01-01T00:00:00Z,2025-12-31T00:00:00Z,review_indicator_only
e6bb3b7a2307a4f0b68d5ec37a8e3590,17,916,TRUE,insurance_annex:x1_25:1d231e7f22141144e280a1fe,insurance_annex,Intereses sobre reservas matematicas cedidas - contratos proporcionales (Guaraníes) — Aeronavegación,Intereses sobre reservas matematicas cedidas - contratos proporcionales (Guaraníes) — Intereses sobre reservas matematicas cedidas - contratos proporcionales (Guaraníes) — Aeronavegación,annual,PYG,2009-01-01T00:00:00Z,2025-12-31T00:00:00Z,review_indicator_only
e6bb3b7a2307a4f0b68d5ec37a8e3590,17,916,TRUE,insurance_annex:x1_25:1f569d891068c9c27e331aa8,insurance_annex,Intereses sobre reservas retenidas - contratos proporcionales (Guaraníes) — Riesgos Varios,Intereses sobre reservas retenidas - contratos proporcionales (Guaraníes) — Intereses sobre reservas retenidas - contratos proporcionales (Guaraníes) — Riesgos Varios,annual,PYG,2009-01-01T00:00:00Z,2025-12-31T00:00:00Z,review_indicator_only
e6bb3b7a2307a4f0b68d5ec37a8e3590,17,916,TRUE,insurance_annex:x1_25:21490c46c6e17af360f4e7db,insurance_annex,"Intereses sobre reservas matematicas cedidas - contratos proporcionales (Guaraníes) — Cristales, Vidrios y Espejos","Intereses sobre reservas matematicas cedidas - contratos proporcionales (Guaraníes) — Intereses sobre reservas matematicas cedidas - contratos proporcionales (Guaraníes) — Cristales, Vidrios y Espejos",annual,PYG,2009-01-01T00:00:00Z,2025-12-31T00:00:00Z,review_indicator_only
e6bb3b7a2307a4f0b68d5ec37a8e3590,17,916,TRUE,insurance_annex:x1_25:25364c8ef9f5d16d409e01ce,insurance_annex,Intereses sobre reservas retenidas - contratos proporcionales (Guaraníes) — Responsabilidad Civil,Intereses sobre reservas retenidas - contratos proporcionales (Guaraníes) — Intereses sobre reservas retenidas - contratos proporcionales (Guaraníes) — Responsabilidad Civil,annual,PYG,2009-01-01T00:00:00Z,2025-12-31T00:00:00Z,review_indicator_only
e6bb3b7a2307a4f0b68d5ec37a8e3590,17,916,TRUE,insurance_annex:x1_25:30f82e69b03328bac992a7b2,insurance_annex,Intereses sobre reservas retenidas - contratos proporcionales (Guaraníes) — Intereses s/Reservas Retenidas Sección Pensiones Voluntarias,Intereses sobre reservas retenidas - contratos proporcionales (Guaraníes) — Intereses sobre reservas retenidas - contratos proporcionales (Guaraníes) — Intereses s/Reservas Retenidas Sección Pensiones Voluntarias,annual,PYG,2009-01-01T00:00:00Z,2025-12-31T00:00:00Z,review_indicator_only
e6bb3b7a2307a4f0b68d5ec37a8e3590,17,916,TRUE,insurance_annex:x1_25:32d818e5721b79679546e88b,insurance_annex,Total otros ingresos reaseguros aceptados - local — Total Vida Corto Plazo,Total otros ingresos reaseguros aceptados - local — Total otros ingresos reaseguros aceptados - local — Total Vida Corto Plazo,annual,PYG,2009-01-01T00:00:00Z,2025-12-31T00:00:00Z,review_indicator_only
e6bb3b7a2307a4f0b68d5ec37a8e3590,17,916,TRUE,insurance_annex:x1_25:351d65c07c4fcd783776fcfb,insurance_annex,Intereses sobre reservas matematicas cedidas - contratos proporcionales (Guaraníes) — Intereses s/Reservas Retenidas Sección Seguros Colectivos Largo Plazo,Intereses sobre reservas matematicas cedidas - contratos proporcionales (Guaraníes) — Intereses sobre reservas matematicas cedidas - contratos proporcionales (Guaraníes) — Intereses s/Reservas Retenidas Sección Seguros Colectivos Largo Plazo,annual,PYG,2009-01-01T00:00:00Z,2025-12-31T00:00:00Z,review_indicator_only
e6bb3b7a2307a4f0b68d5ec37a8e3590,17,916,TRUE,insurance_annex:x1_25:38c0aafcfa2d6f06e9c35b0c,insurance_annex,Intereses sobre reservas matematicas cedidas - contratos proporcionales (Guaraníes) — Intereses s/Reservas Retenidas Sección Salud o Enfermedad,Intereses sobre reservas matematicas cedidas - contratos proporcionales (Guaraníes) — Intereses sobre reservas matematicas cedidas - contratos proporcionales (Guaraníes) — Intereses s/Reservas Retenidas Sección Salud o Enfermedad,annual,PYG,2009-01-01T00:00:00Z,2025-12-31T00:00:00Z,review_indicator_only
e6bb3b7a2307a4f0b68d5ec37a8e3590,17,916,TRUE,insurance_annex:x1_25:3d85e1c4775b915126ac4f34,insurance_annex,Intereses sobre reservas matematicas cedidas - contratos proporcionales (Guaraníes) — Automóviles,Intereses sobre reservas matematicas cedidas - contratos proporcionales (Guaraníes) — Intereses sobre reservas matematicas cedidas - contratos proporcionales (Guaraníes) — Automóviles,annual,PYG,2009-01-01T00:00:00Z,2025-12-31T00:00:00Z,review_indicator_only
e6bb3b7a2307a4f0b68d5ec37a8e3590,17,916,TRUE,insurance_annex:x1_25:3f3bc226feb2cfe7b96f899c,insurance_annex,Total otros ingresos reaseguros aceptados - local — Accidentes a Pasajeros,Total otros ingresos reaseguros aceptados - local — Total otros ingresos reaseguros aceptados - local — Accidentes a Pasajeros,annual,PYG,2009-01-01T00:00:00Z,2025-12-31T00:00:00Z,review_indicator_only
e6bb3b7a2307a4f0b68d5ec37a8e3590,17,916,TRUE,insurance_annex:x1_25:4072cb8c333e12d1166e6b5a,insurance_annex,"Intereses sobre reservas retenidas - contratos proporcionales (Guaraníes) — Cristales, Vidrios y Espejos","Intereses sobre reservas retenidas - contratos proporcionales (Guaraníes) — Intereses sobre reservas retenidas - contratos proporcionales (Guaraníes) — Cristales, Vidrios y Espejos",annual,PYG,2009-01-01T00:00:00Z,2025-12-31T00:00:00Z,review_indicator_only
e6bb3b7a2307a4f0b68d5ec37a8e3590,17,916,TRUE,insurance_annex:x1_25:4233b39b3c465487b61944a9,insurance_annex,Total otros ingresos reaseguros aceptados - local — Automóviles,Total otros ingresos reaseguros aceptados - local — Total otros ingresos reaseguros aceptados - local — Automóviles,annual,PYG,2009-01-01T00:00:00Z,2025-12-31T00:00:00Z,review_indicator_only
e6bb3b7a2307a4f0b68d5ec37a8e3590,17,916,TRUE,insurance_annex:x1_25:4368a1da97c6ff991b37b41d,insurance_annex,Total otros ingresos reaseguros aceptados - local — Riesgos Técnicos,Total otros ingresos reaseguros aceptados - local — Total otros ingresos reaseguros aceptados - local — Riesgos Técnicos,annual,PYG,2009-01-01T00:00:00Z,2025-12-31T00:00:00Z,review_indicator_only
e6bb3b7a2307a4f0b68d5ec37a8e3590,17,916,TRUE,insurance_annex:x1_25:472a93e4bdb438ddb3e65d0d,insurance_annex,Intereses sobre reservas retenidas - contratos proporcionales (Guaraníes) — Intereses s/Reservas Retenidas Sección Defunción o Sepelio,Intereses sobre reservas retenidas - contratos proporcionales (Guaraníes) — Intereses sobre reservas retenidas - contratos proporcionales (Guaraníes) — Intereses s/Reservas Retenidas Sección Defunción o Sepelio,annual,PYG,2009-01-01T00:00:00Z,2025-12-31T00:00:00Z,review_indicator_only
e6bb3b7a2307a4f0b68d5ec37a8e3590,17,916,TRUE,insurance_annex:x1_25:4949b46bfcb7dd541652f293,insurance_annex,Intereses sobre reservas retenidas - contratos proporcionales (Guaraníes) — Automóviles,Intereses sobre reservas retenidas - contratos proporcionales (Guaraníes) — Intereses sobre reservas retenidas - contratos proporcionales (Guaraníes) — Automóviles,annual,PYG,2009-01-01T00:00:00Z,2025-12-31T00:00:00Z,review_indicator_only
e6bb3b7a2307a4f0b68d5ec37a8e3590,17,916,TRUE,insurance_annex:x1_25:4954c1ecc61d913b11b1f838,insurance_annex,Intereses sobre reservas retenidas - contratos proporcionales (Guaraníes) — Intereses s/Reservas Retenidas Sección Salud o Enfermedad,Intereses sobre reservas retenidas - contratos proporcionales (Guaraníes) — Intereses sobre reservas retenidas - contratos proporcionales (Guaraníes) — Intereses s/Reservas Retenidas Sección Salud o Enfermedad,annual,PYG,2009-01-01T00:00:00Z,2025-12-31T00:00:00Z,review_indicator_only
e6bb3b7a2307a4f0b68d5ec37a8e3590,17,916,TRUE,insurance_annex:x1_25:4999d2166a4aedc8c5c9e67f,insurance_annex,Intereses sobre reservas matematicas cedidas - contratos proporcionales (Guaraníes) — Intereses s/Reservas Retenidas Sección Vida Individual Corto Plazo,Intereses sobre reservas matematicas cedidas - contratos proporcionales (Guaraníes) — Intereses sobre reservas matematicas cedidas - contratos proporcionales (Guaraníes) — Intereses s/Reservas Retenidas Sección Vida Individual Corto Plazo,annual,PYG,2009-01-01T00:00:00Z,2025-12-31T00:00:00Z,review_indicator_only
e6bb3b7a2307a4f0b68d5ec37a8e3590,17,916,TRUE,insurance_annex:x1_25:4dd9bf9d6e13a7a147623df3,insurance_annex,Intereses sobre reservas matematicas cedidas - contratos proporcionales (Guaraníes) — Intereses s/Reservas Retenidas Sección Defunción o Sepelio,Intereses sobre reservas matematicas cedidas - contratos proporcionales (Guaraníes) — Intereses sobre reservas matematicas cedidas - contratos proporcionales (Guaraníes) — Intereses s/Reservas Retenidas Sección Defunción o Sepelio,annual,PYG,2009-01-01T00:00:00Z,2025-12-31T00:00:00Z,review_indicator_only
e6bb3b7a2307a4f0b68d5ec37a8e3590,17,916,TRUE,insurance_annex:x1_25:4fcc3ed969e5a3da4aa70d6b,insurance_annex,Total otros ingresos reaseguros aceptados - local — Intereses s/Reservas Retenidas Sección Seguros Colectivos Corto Plazo,Total otros ingresos reaseguros aceptados - local — Total otros ingresos reaseguros aceptados - local — Intereses s/Reservas Retenidas Sección Seguros Colectivos Corto Plazo,annual,PYG,2009-01-01T00:00:00Z,2025-12-31T00:00:00Z,review_indicator_only
e6bb3b7a2307a4f0b68d5ec37a8e3590,17,916,TRUE,insurance_annex:x1_25:51896f00cf5f0f4e3fd809ad,insurance_annex,Intereses sobre reservas retenidas - contratos proporcionales (Guaraníes) — Aeronavegación,Intereses sobre reservas retenidas - contratos proporcionales (Guaraníes) — Intereses sobre reservas retenidas - contratos proporcionales (Guaraníes) — Aeronavegación,annual,PYG,2009-01-01T00:00:00Z,2025-12-31T00:00:00Z,review_indicator_only
e6bb3b7a2307a4f0b68d5ec37a8e3590,17,916,TRUE,insurance_annex:x1_25:51fd3204653785b8fded7725,insurance_annex,Total otros ingresos reaseguros aceptados - local — Riesgos Varios,Total otros ingresos reaseguros aceptados - local — Total otros ingresos reaseguros aceptados - local — Riesgos Varios,annual,PYG,2009-01-01T00:00:00Z,2025-12-31T00:00:00Z,review_indicator_only
e6bb3b7a2307a4f0b68d5ec37a8e3590,17,916,TRUE,insurance_annex:x1_25:5a4f7654b6e5b864dc8c82fd,insurance_annex,Total otros ingresos reaseguros aceptados - local — Agropecuario,Total otros ingresos reaseguros aceptados - local — Total otros ingresos reaseguros aceptados - local — Agropecuario,annual,PYG,2009-01-01T00:00:00Z,2025-12-31T00:00:00Z,review_indicator_only
e6bb3b7a2307a4f0b68d5ec37a8e3590,17,916,TRUE,insurance_annex:x1_25:67b338619c21b4dd2032bd83,insurance_annex,Intereses sobre reservas matematicas cedidas - contratos proporcionales (Guaraníes) — Robo y Asalto,Intereses sobre reservas matematicas cedidas - contratos proporcionales (Guaraníes) — Intereses sobre reservas matematicas cedidas - contratos proporcionales (Guaraníes) — Robo y Asalto,annual,PYG,2009-01-01T00:00:00Z,2025-12-31T00:00:00Z,review_indicator_only
e6bb3b7a2307a4f0b68d5ec37a8e3590,17,916,TRUE,insurance_annex:x1_25:6bb15c3f0e33c46a358b8ee9,insurance_annex,Intereses sobre reservas matematicas cedidas - contratos proporcionales (Guaraníes) — Intereses s/Reservas Retenidas Sección Desgravamen Hipotecario Corto Plazo,Intereses sobre reservas matematicas cedidas - contratos proporcionales (Guaraníes) — Intereses sobre reservas matematicas cedidas - contratos proporcionales (Guaraníes) — Intereses s/Reservas Retenidas Sección Desgravamen Hipotecario Corto Plazo,annual,PYG,2009-01-01T00:00:00Z,2025-12-31T00:00:00Z,review_indicator_only
e6bb3b7a2307a4f0b68d5ec37a8e3590,17,916,TRUE,insurance_annex:x1_25:6d9931b1befbaa5e5e9120a6,insurance_annex,Intereses sobre reservas matematicas cedidas - contratos proporcionales (Guaraníes) — Intereses s/Reservas Retenidas Sección Vida Individual Largo Plazo,Intereses sobre reservas matematicas cedidas - contratos proporcionales (Guaraníes) — Intereses sobre reservas matematicas cedidas - contratos proporcionales (Guaraníes) — Intereses s/Reservas Retenidas Sección Vida Individual Largo Plazo,annual,PYG,2009-01-01T00:00:00Z,2025-12-31T00:00:00Z,review_indicator_only
e6bb3b7a2307a4f0b68d5ec37a8e3590,17,916,TRUE,insurance_annex:x1_25:74ba05e98fe6bdb44849e9d5,insurance_annex,Intereses sobre reservas retenidas - contratos proporcionales (Guaraníes) — Agropecuario,Intereses sobre reservas retenidas - contratos proporcionales (Guaraníes) — Intereses sobre reservas retenidas - contratos proporcionales (Guaraníes) — Agropecuario,annual,PYG,2009-01-01T00:00:00Z,2025-12-31T00:00:00Z,review_indicator_only
e6bb3b7a2307a4f0b68d5ec37a8e3590,17,916,TRUE,insurance_annex:x1_25:7d94bffeb7cd446a5fa09602,insurance_annex,Intereses sobre reservas matematicas cedidas - contratos proporcionales (Guaraníes) — Responsabilidad Civil,Intereses sobre reservas matematicas cedidas - contratos proporcionales (Guaraníes) — Intereses sobre reservas matematicas cedidas - contratos proporcionales (Guaraníes) — Responsabilidad Civil,annual,PYG,2009-01-01T00:00:00Z,2025-12-31T00:00:00Z,review_indicator_only
e6bb3b7a2307a4f0b68d5ec37a8e3590,17,916,TRUE,insurance_annex:x1_25:7f112f2152808675bdfe996a,insurance_annex,Total otros ingresos reaseguros aceptados - local — Intereses s/Reservas Retenidas Sección Defunción o Sepelio,Total otros ingresos reaseguros aceptados - local — Total otros ingresos reaseguros aceptados - local — Intereses s/Reservas Retenidas Sección Defunción o Sepelio,annual,PYG,2009-01-01T00:00:00Z,2025-12-31T00:00:00Z,review_indicator_only
e6bb3b7a2307a4f0b68d5ec37a8e3590,17,916,TRUE,insurance_annex:x1_25:82f25b1c807cdaac75390cb8,insurance_annex,Intereses sobre reservas matematicas cedidas - contratos proporcionales (Guaraníes) — Total Vida Corto Plazo,Intereses sobre reservas matematicas cedidas - contratos proporcionales (Guaraníes) — Intereses sobre reservas matematicas cedidas - contratos proporcionales (Guaraníes) — Total Vida Corto Plazo,annual,PYG,2009-01-01T00:00:00Z,2025-12-31T00:00:00Z,review_indicator_only
e6bb3b7a2307a4f0b68d5ec37a8e3590,17,916,TRUE,insurance_annex:x1_25:83fa3f6ffea5b274f1a307a2,insurance_annex,Intereses sobre reservas matematicas cedidas - contratos proporcionales (Guaraníes) — Total intereses sobre reservas retenidas,Intereses sobre reservas matematicas cedidas - contratos proporcionales (Guaraníes) — Intereses sobre reservas matematicas cedidas - contratos proporcionales (Guaraníes) — Total intereses sobre reservas retenidas,annual,PYG,2009-01-01T00:00:00Z,2025-12-31T00:00:00Z,review_indicator_only
e6bb3b7a2307a4f0b68d5ec37a8e3590,17,916,TRUE,insurance_annex:x1_25:848ef88c8e7737b5600748a0,insurance_annex,Total otros ingresos reaseguros aceptados - local — Accidentes Personales,Total otros ingresos reaseguros aceptados - local — Total otros ingresos reaseguros aceptados - local — Accidentes Personales,annual,PYG,2009-01-01T00:00:00Z,2025-12-31T00:00:00Z,review_indicator_only
e6bb3b7a2307a4f0b68d5ec37a8e3590,17,916,TRUE,insurance_annex:x1_25:85312ec8b1213bcf355d74fa,insurance_annex,Total otros ingresos reaseguros aceptados - local — Aeronavegación,Total otros ingresos reaseguros aceptados - local — Total otros ingresos reaseguros aceptados - local — Aeronavegación,annual,PYG,2009-01-01T00:00:00Z,2025-12-31T00:00:00Z,review_indicator_only
e6bb3b7a2307a4f0b68d5ec37a8e3590,17,916,TRUE,insurance_annex:x1_25:8537e520c7270819302be910,insurance_annex,Intereses sobre reservas matematicas cedidas - contratos proporcionales (Guaraníes) — Total Rama Patrimonial,Intereses sobre reservas matematicas cedidas - contratos proporcionales (Guaraníes) — Intereses sobre reservas matematicas cedidas - contratos proporcionales (Guaraníes) — Total Rama Patrimonial,annual,PYG,2009-01-01T00:00:00Z,2025-12-31T00:00:00Z,review_indicator_only
e6bb3b7a2307a4f0b68d5ec37a8e3590,17,916,TRUE,insurance_annex:x1_25:866850d6832b40d9e0f649ca,insurance_annex,Intereses sobre reservas retenidas - contratos proporcionales (Guaraníes) — Intereses s/Reservas Retenidas Sección Desgravamen Hipotecario Corto Plazo,Intereses sobre reservas retenidas - contratos proporcionales (Guaraníes) — Intereses sobre reservas retenidas - contratos proporcionales (Guaraníes) — Intereses s/Reservas Retenidas Sección Desgravamen Hipotecario Corto Plazo,annual,PYG,2009-01-01T00:00:00Z,2025-12-31T00:00:00Z,review_indicator_only
e6bb3b7a2307a4f0b68d5ec37a8e3590,17,916,TRUE,insurance_annex:x1_25:8a7a6cde5984bdc96607868d,insurance_annex,Intereses sobre reservas retenidas - contratos proporcionales (Guaraníes) — Intereses s/Reservas Retenidas Sección Seguros Colectivos Largo Plazo,Intereses sobre reservas retenidas - contratos proporcionales (Guaraníes) — Intereses sobre reservas retenidas - contratos proporcionales (Guaraníes) — Intereses s/Reservas Retenidas Sección Seguros Colectivos Largo Plazo,annual,PYG,2009-01-01T00:00:00Z,2025-12-31T00:00:00Z,review_indicator_only
e6bb3b7a2307a4f0b68d5ec37a8e3590,17,916,TRUE,insurance_annex:x1_25:8cfebba31a4d92203a201976,insurance_annex,Total otros ingresos reaseguros aceptados - local — Robo y Asalto,Total otros ingresos reaseguros aceptados - local — Total otros ingresos reaseguros aceptados - local — Robo y Asalto,annual,PYG,2009-01-01T00:00:00Z,2025-12-31T00:00:00Z,review_indicator_only
e6bb3b7a2307a4f0b68d5ec37a8e3590,17,916,TRUE,insurance_annex:x1_25:8e0a6d30711e6ff823cb9242,insurance_annex,Total otros ingresos reaseguros aceptados - local — Intereses s/Reservas Retenidas Sección Vida Individual Largo Plazo,Total otros ingresos reaseguros aceptados - local — Total otros ingresos reaseguros aceptados - local — Intereses s/Reservas Retenidas Sección Vida Individual Largo Plazo,annual,PYG,2009-01-01T00:00:00Z,2025-12-31T00:00:00Z,review_indicator_only
e6bb3b7a2307a4f0b68d5ec37a8e3590,17,916,TRUE,insurance_annex:x1_25:92c49fcd057c5d1933bf51d9,insurance_annex,Intereses sobre reservas retenidas - contratos proporcionales (Guaraníes) — Riesgos Técnicos,Intereses sobre reservas retenidas - contratos proporcionales (Guaraníes) — Intereses sobre reservas retenidas - contratos proporcionales (Guaraníes) — Riesgos Técnicos,annual,PYG,2009-01-01T00:00:00Z,2025-12-31T00:00:00Z,review_indicator_only
e6bb3b7a2307a4f0b68d5ec37a8e3590,17,916,TRUE,insurance_annex:x1_25:96200c704efdd17a9ed08ba0,insurance_annex,Intereses sobre reservas matematicas cedidas - contratos proporcionales (Guaraníes) — Incendio,Intereses sobre reservas matematicas cedidas - contratos proporcionales (Guaraníes) — Intereses sobre reservas matematicas cedidas - contratos proporcionales (Guaraníes) — Incendio,annual,PYG,2009-01-01T00:00:00Z,2025-12-31T00:00:00Z,review_indicator_only
e6bb3b7a2307a4f0b68d5ec37a8e3590,17,916,TRUE,insurance_annex:x1_25:9b26011934cdc822f2b60a1c,insurance_annex,Intereses sobre reservas matematicas cedidas - contratos proporcionales (Guaraníes) — Accidentes a Pasajeros,Intereses sobre reservas matematicas cedidas - contratos proporcionales (Guaraníes) — Intereses sobre reservas matematicas cedidas - contratos proporcionales (Guaraníes) — Accidentes a Pasajeros,annual,PYG,2009-01-01T00:00:00Z,2025-12-31T00:00:00Z,review_indicator_only
e6bb3b7a2307a4f0b68d5ec37a8e3590,17,916,TRUE,insurance_annex:x1_25:9ca533560d47721a222fb90d,insurance_annex,Intereses sobre reservas matematicas cedidas - contratos proporcionales (Guaraníes) — Riesgos Técnicos,Intereses sobre reservas matematicas cedidas - contratos proporcionales (Guaraníes) — Intereses sobre reservas matematicas cedidas - contratos proporcionales (Guaraníes) — Riesgos Técnicos,annual,PYG,2009-01-01T00:00:00Z,2025-12-31T00:00:00Z,review_indicator_only
e6bb3b7a2307a4f0b68d5ec37a8e3590,17,916,TRUE,insurance_annex:x1_25:9d2c032206f76ee01371aeee,insurance_annex,Total otros ingresos reaseguros aceptados - local — Intereses s/Reservas Retenidas Sección Desgravamen Hipotecario Largo Plazo,Total otros ingresos reaseguros aceptados - local — Total otros ingresos reaseguros aceptados - local — Intereses s/Reservas Retenidas Sección Desgravamen Hipotecario Largo Plazo,annual,PYG,2009-01-01T00:00:00Z,2025-12-31T00:00:00Z,review_indicator_only
e6bb3b7a2307a4f0b68d5ec37a8e3590,17,916,TRUE,insurance_annex:x1_25:9ee3fb50bdaec9380172b782,insurance_annex,Total otros ingresos reaseguros aceptados - local — Intereses s/Reservas Retenidas Sección Salud o Enfermedad,Total otros ingresos reaseguros aceptados - local — Total otros ingresos reaseguros aceptados - local — Intereses s/Reservas Retenidas Sección Salud o Enfermedad,annual,PYG,2009-01-01T00:00:00Z,2025-12-31T00:00:00Z,review_indicator_only
e6bb3b7a2307a4f0b68d5ec37a8e3590,17,916,TRUE,insurance_annex:x1_25:9f2014ef748f9b5de56b887e,insurance_annex,Intereses sobre reservas matematicas cedidas - contratos proporcionales (Guaraníes) — Transporte,Intereses sobre reservas matematicas cedidas - contratos proporcionales (Guaraníes) — Intereses sobre reservas matematicas cedidas - contratos proporcionales (Guaraníes) — Transporte,annual,PYG,2009-01-01T00:00:00Z,2025-12-31T00:00:00Z,review_indicator_only
e6bb3b7a2307a4f0b68d5ec37a8e3590,17,916,TRUE,insurance_annex:x1_25:a8ba90816142a49d7ea32610,insurance_annex,Intereses sobre reservas retenidas - contratos proporcionales (Guaraníes) — Intereses s/Reservas Retenidas Sección Vida Individual Corto Plazo,Intereses sobre reservas retenidas - contratos proporcionales (Guaraníes) — Intereses sobre reservas retenidas - contratos proporcionales (Guaraníes) — Intereses s/Reservas Retenidas Sección Vida Individual Corto Plazo,annual,PYG,2009-01-01T00:00:00Z,2025-12-31T00:00:00Z,review_indicator_only
e6bb3b7a2307a4f0b68d5ec37a8e3590,17,916,TRUE,insurance_annex:x1_25:a9f4a2079c30c5cbbe1950a5,insurance_annex,Total otros ingresos reaseguros aceptados - local — Transporte,Total otros ingresos reaseguros aceptados - local — Total otros ingresos reaseguros aceptados - local — Transporte,annual,PYG,2009-01-01T00:00:00Z,2025-12-31T00:00:00Z,review_indicator_only
e6bb3b7a2307a4f0b68d5ec37a8e3590,17,916,TRUE,insurance_annex:x1_25:ac5508c5c1a5f7b3bfa363a5,insurance_annex,Intereses sobre reservas matematicas cedidas - contratos proporcionales (Guaraníes) — Intereses s/Reservas Retenidas Sección Pensiones Voluntarias,Intereses sobre reservas matematicas cedidas - contratos proporcionales (Guaraníes) — Intereses sobre reservas matematicas cedidas - contratos proporcionales (Guaraníes) — Intereses s/Reservas Retenidas Sección Pensiones Voluntarias,annual,PYG,2009-01-01T00:00:00Z,2025-12-31T00:00:00Z,review_indicator_only
e6bb3b7a2307a4f0b68d5ec37a8e3590,17,916,TRUE,insurance_annex:x1_25:acb0542265046b99fb0d8d20,insurance_annex,Total otros ingresos reaseguros aceptados - local — Intereses s/Reservas Retenidas Sección Seguros Colectivos Largo Plazo,Total otros ingresos reaseguros aceptados - local — Total otros ingresos reaseguros aceptados - local — Intereses s/Reservas Retenidas Sección Seguros Colectivos Largo Plazo,annual,PYG,2009-01-01T00:00:00Z,2025-12-31T00:00:00Z,review_indicator_only
e6bb3b7a2307a4f0b68d5ec37a8e3590,17,916,TRUE,insurance_annex:x1_25:b11d31b9acc264b696fb752f,insurance_annex,Intereses sobre reservas retenidas - contratos proporcionales (Guaraníes) — Intereses s/Reservas Retenidas Sección Desgravamen Hipotecario Largo Plazo,Intereses sobre reservas retenidas - contratos proporcionales (Guaraníes) — Intereses sobre reservas retenidas - contratos proporcionales (Guaraníes) — Intereses s/Reservas Retenidas Sección Desgravamen Hipotecario Largo Plazo,annual,PYG,2009-01-01T00:00:00Z,2025-12-31T00:00:00Z,review_indicator_only
e6bb3b7a2307a4f0b68d5ec37a8e3590,17,916,TRUE,insurance_annex:x1_25:b4ec7903cb3166d42efda08a,insurance_annex,Total otros ingresos reaseguros aceptados - local — Total Vida Largo Plazo,Total otros ingresos reaseguros aceptados - local — Total otros ingresos reaseguros aceptados - local — Total Vida Largo Plazo,annual,PYG,2009-01-01T00:00:00Z,2025-12-31T00:00:00Z,review_indicator_only
e6bb3b7a2307a4f0b68d5ec37a8e3590,17,916,TRUE,insurance_annex:x1_25:b6cc9a20d02daa9bf51fac0a,insurance_annex,Intereses sobre reservas retenidas - contratos proporcionales (Guaraníes) — Total Vida Corto Plazo,Intereses sobre reservas retenidas - contratos proporcionales (Guaraníes) — Intereses sobre reservas retenidas - contratos proporcionales (Guaraníes) — Total Vida Corto Plazo,annual,PYG,2009-01-01T00:00:00Z,2025-12-31T00:00:00Z,review_indicator_only
e6bb3b7a2307a4f0b68d5ec37a8e3590,17,916,TRUE,insurance_annex:x1_25:b7ef6a77e68a66c23b2f3e39,insurance_annex,Intereses sobre reservas retenidas - contratos proporcionales (Guaraníes) — Total Vida Largo Plazo,Intereses sobre reservas retenidas - contratos proporcionales (Guaraníes) — Intereses sobre reservas retenidas - contratos proporcionales (Guaraníes) — Total Vida Largo Plazo,annual,PYG,2009-01-01T00:00:00Z,2025-12-31T00:00:00Z,review_indicator_only
e6bb3b7a2307a4f0b68d5ec37a8e3590,17,916,TRUE,insurance_annex:x1_25:b86a0b73bcdc2b8f7ff7cecd,insurance_annex,Intereses sobre reservas retenidas - contratos proporcionales (Guaraníes) — Accidentes Personales,Intereses sobre reservas retenidas - contratos proporcionales (Guaraníes) — Intereses sobre reservas retenidas - contratos proporcionales (Guaraníes) — Accidentes Personales,annual,PYG,2009-01-01T00:00:00Z,2025-12-31T00:00:00Z,review_indicator_only
e6bb3b7a2307a4f0b68d5ec37a8e3590,17,916,TRUE,insurance_annex:x1_25:c1e9807fe0aa3661da001252,insurance_annex,Intereses sobre reservas retenidas - contratos proporcionales (Guaraníes) — Intereses s/Reservas Retenidas Sección Vida Individual Largo Plazo,Intereses sobre reservas retenidas - contratos proporcionales (Guaraníes) — Intereses sobre reservas retenidas - contratos proporcionales (Guaraníes) — Intereses s/Reservas Retenidas Sección Vida Individual Largo Plazo,annual,PYG,2009-01-01T00:00:00Z,2025-12-31T00:00:00Z,review_indicator_only
e6bb3b7a2307a4f0b68d5ec37a8e3590,17,916,TRUE,insurance_annex:x1_25:c383e144ab9a23df811005e4,insurance_annex,"Total otros ingresos reaseguros aceptados - local — Cristales, Vidrios y Espejos","Total otros ingresos reaseguros aceptados - local — Total otros ingresos reaseguros aceptados - local — Cristales, Vidrios y Espejos",annual,PYG,2009-01-01T00:00:00Z,2025-12-31T00:00:00Z,review_indicator_only
e6bb3b7a2307a4f0b68d5ec37a8e3590,17,916,TRUE,insurance_annex:x1_25:cc8f1c47e4bcc37b78c2a228,insurance_annex,Intereses sobre reservas matematicas cedidas - contratos proporcionales (Guaraníes) — Intereses s/Reservas Retenidas Sección Desgravamen Hipotecario Largo Plazo,Intereses sobre reservas matematicas cedidas - contratos proporcionales (Guaraníes) — Intereses sobre reservas matematicas cedidas - contratos proporcionales (Guaraníes) — Intereses s/Reservas Retenidas Sección Desgravamen Hipotecario Largo Plazo,annual,PYG,2009-01-01T00:00:00Z,2025-12-31T00:00:00Z,review_indicator_only
e6bb3b7a2307a4f0b68d5ec37a8e3590,17,916,TRUE,insurance_annex:x1_25:ccfa204a2404689d0296b492,insurance_annex,Intereses sobre reservas retenidas - contratos proporcionales (Guaraníes) — Accidentes a Pasajeros,Intereses sobre reservas retenidas - contratos proporcionales (Guaraníes) — Intereses sobre reservas retenidas - contratos proporcionales (Guaraníes) — Accidentes a Pasajeros,annual,PYG,2009-01-01T00:00:00Z,2025-12-31T00:00:00Z,review_indicator_only
e6bb3b7a2307a4f0b68d5ec37a8e3590,17,916,TRUE,insurance_annex:x1_25:cd178a51a089b381c6f69844,insurance_annex,Intereses sobre reservas matematicas cedidas - contratos proporcionales (Guaraníes) — Total Vida Largo Plazo,Intereses sobre reservas matematicas cedidas - contratos proporcionales (Guaraníes) — Intereses sobre reservas matematicas cedidas - contratos proporcionales (Guaraníes) — Total Vida Largo Plazo,annual,PYG,2009-01-01T00:00:00Z,2025-12-31T00:00:00Z,review_indicator_only
e6bb3b7a2307a4f0b68d5ec37a8e3590,17,916,TRUE,insurance_annex:x1_25:cf1fd071ca8942a88e07cf93,insurance_annex,Intereses sobre reservas matematicas cedidas - contratos proporcionales (Guaraníes) — Caución,Intereses sobre reservas matematicas cedidas - contratos proporcionales (Guaraníes) — Intereses sobre reservas matematicas cedidas - contratos proporcionales (Guaraníes) — Caución,annual,PYG,2009-01-01T00:00:00Z,2025-12-31T00:00:00Z,review_indicator_only
e6bb3b7a2307a4f0b68d5ec37a8e3590,17,916,TRUE,insurance_annex:x1_25:ddc9cb013c7fd9df0cbfe519,insurance_annex,Intereses sobre reservas matematicas cedidas - contratos proporcionales (Guaraníes) — Agropecuario,Intereses sobre reservas matematicas cedidas - contratos proporcionales (Guaraníes) — Intereses sobre reservas matematicas cedidas - contratos proporcionales (Guaraníes) — Agropecuario,annual,PYG,2009-01-01T00:00:00Z,2025-12-31T00:00:00Z,review_indicator_only
e6bb3b7a2307a4f0b68d5ec37a8e3590,17,916,TRUE,insurance_annex:x1_25:de7d7479127ef741623e11a9,insurance_annex,Total otros ingresos reaseguros aceptados - local — Responsabilidad Civil,Total otros ingresos reaseguros aceptados - local — Total otros ingresos reaseguros aceptados - local — Responsabilidad Civil,annual,PYG,2009-01-01T00:00:00Z,2025-12-31T00:00:00Z,review_indicator_only
e6bb3b7a2307a4f0b68d5ec37a8e3590,17,916,TRUE,insurance_annex:x1_25:e4a5a7f9254f7fb1bef15d9b,insurance_annex,Intereses sobre reservas retenidas - contratos proporcionales (Guaraníes) — Robo y Asalto,Intereses sobre reservas retenidas - contratos proporcionales (Guaraníes) — Intereses sobre reservas retenidas - contratos proporcionales (Guaraníes) — Robo y Asalto,annual,PYG,2009-01-01T00:00:00Z,2025-12-31T00:00:00Z,review_indicator_only
e6bb3b7a2307a4f0b68d5ec37a8e3590,17,916,TRUE,insurance_annex:x1_25:e6809677089fddd30ea9803a,insurance_annex,Intereses sobre reservas matematicas cedidas - contratos proporcionales (Guaraníes) — Intereses s/Reservas Retenidas Sección Seguros Colectivos Corto Plazo,Intereses sobre reservas matematicas cedidas - contratos proporcionales (Guaraníes) — Intereses sobre reservas matematicas cedidas - contratos proporcionales (Guaraníes) — Intereses s/Reservas Retenidas Sección Seguros Colectivos Corto Plazo,annual,PYG,2009-01-01T00:00:00Z,2025-12-31T00:00:00Z,review_indicator_only
e6bb3b7a2307a4f0b68d5ec37a8e3590,17,916,TRUE,insurance_annex:x1_25:ef93540dd23107e7ed88b14d,insurance_annex,Intereses sobre reservas retenidas - contratos proporcionales (Guaraníes) — Intereses s/Reservas Retenidas Sección Seguros Colectivos Corto Plazo,Intereses sobre reservas retenidas - contratos proporcionales (Guaraníes) — Intereses sobre reservas retenidas - contratos proporcionales (Guaraníes) — Intereses s/Reservas Retenidas Sección Seguros Colectivos Corto Plazo,annual,PYG,2009-01-01T00:00:00Z,2025-12-31T00:00:00Z,review_indicator_only
e6bb3b7a2307a4f0b68d5ec37a8e3590,17,916,TRUE,insurance_annex:x1_25:f3ad7e307230c04fcef0e451,insurance_annex,Intereses sobre reservas matematicas cedidas - contratos proporcionales (Guaraníes) — Riesgos Varios,Intereses sobre reservas matematicas cedidas - contratos proporcionales (Guaraníes) — Intereses sobre reservas matematicas cedidas - contratos proporcionales (Guaraníes) — Riesgos Varios,annual,PYG,2009-01-01T00:00:00Z,2025-12-31T00:00:00Z,review_indicator_only
e6bb3b7a2307a4f0b68d5ec37a8e3590,17,916,TRUE,insurance_annex:x1_25:f832ab17b95a2cce7dbbb90e,insurance_annex,Total otros ingresos reaseguros aceptados - local — Intereses s/Reservas Retenidas Sección Pensiones Voluntarias,Total otros ingresos reaseguros aceptados - local — Total otros ingresos reaseguros aceptados - local — Intereses s/Reservas Retenidas Sección Pensiones Voluntarias,annual,PYG,2009-01-01T00:00:00Z,2025-12-31T00:00:00Z,review_indicator_only
e6bb3b7a2307a4f0b68d5ec37a8e3590,17,916,TRUE,insurance_annex:x1_25:fae67e95630072bd9eab2002,insurance_annex,Total otros ingresos reaseguros aceptados - local — Intereses s/Reservas Retenidas Sección Desgravamen Hipotecario Corto Plazo,Total otros ingresos reaseguros aceptados - local — Total otros ingresos reaseguros aceptados - local — Intereses s/Reservas Retenidas Sección Desgravamen Hipotecario Corto Plazo,annual,PYG,2009-01-01T00:00:00Z,2025-12-31T00:00:00Z,review_indicator_only
e6bb3b7a2307a4f0b68d5ec37a8e3590,17,916,TRUE,insurance_annex:x1_26:059748bb75de5f0858230789,insurance_annex,Intereses sobre reservas matematicas cedidas - contratos proporcionales (Guaraníes) — Accidentes Personales,Intereses sobre reservas matematicas cedidas - contratos proporcionales (Guaraníes) — Intereses sobre reservas matematicas cedidas - contratos proporcionales (Guaraníes) — Accidentes Personales,annual,PYG,2009-01-01T00:00:00Z,2025-12-31T00:00:00Z,review_indicator_only
e6bb3b7a2307a4f0b68d5ec37a8e3590,17,916,TRUE,insurance_annex:x1_26:08547a8fd609ee2e002748d3,insurance_annex,Total otros ingresos reaseguros aceptados - exterior (Guaraníes) — Intereses s/Reservas Retenidas Sección Desgravamen Hipotecario Largo Plazo,Total otros ingresos reaseguros aceptados - exterior (Guaraníes) — Total otros ingresos reaseguros aceptados - exterior (Guaraníes) — Intereses s/Reservas Retenidas Sección Desgravamen Hipotecario Largo Plazo,annual,PYG,2009-01-01T00:00:00Z,2025-12-31T00:00:00Z,review_indicator_only
e6bb3b7a2307a4f0b68d5ec37a8e3590,17,916,TRUE,insurance_annex:x1_26:0b6b042c133833306bf2c906,insurance_annex,Total otros ingresos reaseguros aceptados - exterior (Guaraníes) — Agropecuario,Total otros ingresos reaseguros aceptados - exterior (Guaraníes) — Total otros ingresos reaseguros aceptados - exterior (Guaraníes) — Agropecuario,annual,PYG,2009-01-01T00:00:00Z,2025-12-31T00:00:00Z,review_indicator_only
e6bb3b7a2307a4f0b68d5ec37a8e3590,17,916,TRUE,insurance_annex:x1_26:0cfd65f03128f9c4fff47e71,insurance_annex,Intereses sobre reserva retenidas - contratos proporcionales (Guaraníes) - Exterior — Incendio,Intereses sobre reserva retenidas - contratos proporcionales (Guaraníes) - Exterior — Intereses sobre reserva retenidas - contratos proporcionales (Guaraníes) - Exterior — Incendio,annual,PYG,2009-01-01T00:00:00Z,2025-12-31T00:00:00Z,review_indicator_only
e6bb3b7a2307a4f0b68d5ec37a8e3590,17,916,TRUE,insurance_annex:x1_26:0fd0e0d8d36195b4dbad567d,insurance_annex,Total otros ingresos reaseguros aceptados - exterior (Guaraníes) — Total Rama Patrimonial,Total otros ingresos reaseguros aceptados - exterior (Guaraníes) — Total otros ingresos reaseguros aceptados - exterior (Guaraníes) — Total Rama Patrimonial,annual,PYG,2009-01-01T00:00:00Z,2025-12-31T00:00:00Z,review_indicator_only
e6bb3b7a2307a4f0b68d5ec37a8e3590,17,916,TRUE,insurance_annex:x1_26:108e998f6f75f8a217ba6c98,insurance_annex,Intereses sobre reserva retenidas - contratos proporcionales (Guaraníes) — Intereses s/Reservas Retenidas Sección Defunción o Sepelio,Intereses sobre reserva retenidas - contratos proporcionales (Guaraníes) — Intereses sobre reserva retenidas - contratos proporcionales (Guaraníes) — Intereses s/Reservas Retenidas Sección Defunción o Sepelio,annual,PYG,2009-01-01T00:00:00Z,2025-12-31T00:00:00Z,review_indicator_only
e6bb3b7a2307a4f0b68d5ec37a8e3590,17,916,TRUE,insurance_annex:x1_26:1285e3edd923e233aebb7659,insurance_annex,Total otros ingresos reaseguros aceptados - exterior (Guaraníes) — Intereses s/Reservas Retenidas Sección Seguros Colectivos Corto Plazo,Total otros ingresos reaseguros aceptados - exterior (Guaraníes) — Total otros ingresos reaseguros aceptados - exterior (Guaraníes) — Intereses s/Reservas Retenidas Sección Seguros Colectivos Corto Plazo,annual,PYG,2009-01-01T00:00:00Z,2025-12-31T00:00:00Z,review_indicator_only
e6bb3b7a2307a4f0b68d5ec37a8e3590,17,916,TRUE,insurance_annex:x1_26:1428b175858892d9f338ff2b,insurance_annex,Intereses sobre reserva retenidas - contratos proporcionales (Guaraníes) - Exterior — Transporte,Intereses sobre reserva retenidas - contratos proporcionales (Guaraníes) - Exterior — Intereses sobre reserva retenidas - contratos proporcionales (Guaraníes) - Exterior — Transporte,annual,PYG,2009-01-01T00:00:00Z,2025-12-31T00:00:00Z,review_indicator_only
e6bb3b7a2307a4f0b68d5ec37a8e3590,17,916,TRUE,insurance_annex:x1_26:1bc02253786532b55f17e4b3,insurance_annex,Intereses sobre reserva retenidas - contratos proporcionales (Guaraníes) — Intereses s/Reservas Retenidas Sección Desgravamen Hipotecario Corto Plazo,Intereses sobre reserva retenidas - contratos proporcionales (Guaraníes) — Intereses sobre reserva retenidas - contratos proporcionales (Guaraníes) — Intereses s/Reservas Retenidas Sección Desgravamen Hipotecario Corto Plazo,annual,PYG,2009-01-01T00:00:00Z,2025-12-31T00:00:00Z,review_indicator_only
e6bb3b7a2307a4f0b68d5ec37a8e3590,17,916,TRUE,insurance_annex:x1_26:1d231e7f22141144e280a1fe,insurance_annex,Intereses sobre reservas matematicas cedidas - contratos proporcionales (Guaraníes) — Aeronavegación,Intereses sobre reservas matematicas cedidas - contratos proporcionales (Guaraníes) — Intereses sobre reservas matematicas cedidas - contratos proporcionales (Guaraníes) — Aeronavegación,annual,PYG,2009-01-01T00:00:00Z,2025-12-31T00:00:00Z,review_indicator_only
e6bb3b7a2307a4f0b68d5ec37a8e3590,17,916,TRUE,insurance_annex:x1_26:21490c46c6e17af360f4e7db,insurance_annex,"Intereses sobre reservas matematicas cedidas - contratos proporcionales (Guaraníes) — Cristales, Vidrios y Espejos","Intereses sobre reservas matematicas cedidas - contratos proporcionales (Guaraníes) — Intereses sobre reservas matematicas cedidas - contratos proporcionales (Guaraníes) — Cristales, Vidrios y Espejos",annual,PYG,2009-01-01T00:00:00Z,2025-12-31T00:00:00Z,review_indicator_only
e6bb3b7a2307a4f0b68d5ec37a8e3590,17,916,TRUE,insurance_annex:x1_26:228ca2366310d01de4a34214,insurance_annex,Total otros ingresos reaseguros aceptados - exterior (Guaraníes) — Aeronavegación,Total otros ingresos reaseguros aceptados - exterior (Guaraníes) — Total otros ingresos reaseguros aceptados - exterior (Guaraníes) — Aeronavegación,annual,PYG,2009-01-01T00:00:00Z,2025-12-31T00:00:00Z,review_indicator_only
e6bb3b7a2307a4f0b68d5ec37a8e3590,17,916,TRUE,insurance_annex:x1_26:325d547cb06493e9a02d4b4e,insurance_annex,Total otros ingresos reaseguros aceptados - exterior (Guaraníes) — Riesgos Técnicos,Total otros ingresos reaseguros aceptados - exterior (Guaraníes) — Total otros ingresos reaseguros aceptados - exterior (Guaraníes) — Riesgos Técnicos,annual,PYG,2009-01-01T00:00:00Z,2025-12-31T00:00:00Z,review_indicator_only
e6bb3b7a2307a4f0b68d5ec37a8e3590,17,916,TRUE,insurance_annex:x1_26:336463226b27b40511c781ff,insurance_annex,Total otros ingresos reaseguros aceptados - exterior (Guaraníes) — Total Vida Corto Plazo,Total otros ingresos reaseguros aceptados - exterior (Guaraníes) — Total otros ingresos reaseguros aceptados - exterior (Guaraníes) — Total Vida Corto Plazo,annual,PYG,2009-01-01T00:00:00Z,2025-12-31T00:00:00Z,review_indicator_only
e6bb3b7a2307a4f0b68d5ec37a8e3590,17,916,TRUE,insurance_annex:x1_26:351d65c07c4fcd783776fcfb,insurance_annex,Intereses sobre reservas matematicas cedidas - contratos proporcionales (Guaraníes) — Intereses s/Reservas Retenidas Sección Seguros Colectivos Largo Plazo,Intereses sobre reservas matematicas cedidas - contratos proporcionales (Guaraníes) — Intereses sobre reservas matematicas cedidas - contratos proporcionales (Guaraníes) — Intereses s/Reservas Retenidas Sección Seguros Colectivos Largo Plazo,annual,PYG,2009-01-01T00:00:00Z,2025-12-31T00:00:00Z,review_indicator_only
e6bb3b7a2307a4f0b68d5ec37a8e3590,17,916,TRUE,insurance_annex:x1_26:38bed7d1eb5480b96aa05a4c,insurance_annex,Intereses sobre reserva retenidas - contratos proporcionales (Guaraníes) - Exterior — Robo y Asalto,Intereses sobre reserva retenidas - contratos proporcionales (Guaraníes) - Exterior — Intereses sobre reserva retenidas - contratos proporcionales (Guaraníes) - Exterior — Robo y Asalto,annual,PYG,2009-01-01T00:00:00Z,2025-12-31T00:00:00Z,review_indicator_only
e6bb3b7a2307a4f0b68d5ec37a8e3590,17,916,TRUE,insurance_annex:x1_26:38c0aafcfa2d6f06e9c35b0c,insurance_annex,Intereses sobre reservas matematicas cedidas - contratos proporcionales (Guaraníes) — Intereses s/Reservas Retenidas Sección Salud o Enfermedad,Intereses sobre reservas matematicas cedidas - contratos proporcionales (Guaraníes) — Intereses sobre reservas matematicas cedidas - contratos proporcionales (Guaraníes) — Intereses s/Reservas Retenidas Sección Salud o Enfermedad,annual,PYG,2009-01-01T00:00:00Z,2025-12-31T00:00:00Z,review_indicator_only
e6bb3b7a2307a4f0b68d5ec37a8e3590,17,916,TRUE,insurance_annex:x1_26:3af309bb978c23d60c1465cd,insurance_annex,Intereses sobre reserva retenidas - contratos proporcionales (Guaraníes) — Intereses s/Reservas Retenidas Sección Pensiones Voluntarias,Intereses sobre reserva retenidas - contratos proporcionales (Guaraníes) — Intereses sobre reserva retenidas - contratos proporcionales (Guaraníes) — Intereses s/Reservas Retenidas Sección Pensiones Voluntarias,annual,PYG,2009-01-01T00:00:00Z,2025-12-31T00:00:00Z,review_indicator_only
e6bb3b7a2307a4f0b68d5ec37a8e3590,17,916,TRUE,insurance_annex:x1_26:3bf430185c933d4b8013b24d,insurance_annex,Intereses sobre reserva retenidas - contratos proporcionales (Guaraníes) — Total intereses sobre reservas retenidas,Intereses sobre reserva retenidas - contratos proporcionales (Guaraníes) — Intereses sobre reserva retenidas - contratos proporcionales (Guaraníes) — Total intereses sobre reservas retenidas,annual,PYG,2009-01-01T00:00:00Z,2025-12-31T00:00:00Z,review_indicator_only
e6bb3b7a2307a4f0b68d5ec37a8e3590,17,916,TRUE,insurance_annex:x1_26:3d85e1c4775b915126ac4f34,insurance_annex,Intereses sobre reservas matematicas cedidas - contratos proporcionales (Guaraníes) — Automóviles,Intereses sobre reservas matematicas cedidas - contratos proporcionales (Guaraníes) — Intereses sobre reservas matematicas cedidas - contratos proporcionales (Guaraníes) — Automóviles,annual,PYG,2009-01-01T00:00:00Z,2025-12-31T00:00:00Z,review_indicator_only
e6bb3b7a2307a4f0b68d5ec37a8e3590,17,916,TRUE,insurance_annex:x1_26:3f436b11f2c8ef78e9884a16,insurance_annex,Intereses sobre reserva retenidas - contratos proporcionales (Guaraníes) — Total Vida Largo Plazo,Intereses sobre reserva retenidas - contratos proporcionales (Guaraníes) — Intereses sobre reserva retenidas - contratos proporcionales (Guaraníes) — Total Vida Largo Plazo,annual,PYG,2009-01-01T00:00:00Z,2025-12-31T00:00:00Z,review_indicator_only
e6bb3b7a2307a4f0b68d5ec37a8e3590,17,916,TRUE,insurance_annex:x1_26:41bfaef12ecb58330a1e0b75,insurance_annex,Total otros ingresos reaseguros aceptados - exterior (Guaraníes) — Total intereses sobre reservas retenidas,Total otros ingresos reaseguros aceptados - exterior (Guaraníes) — Total otros ingresos reaseguros aceptados - exterior (Guaraníes) — Total intereses sobre reservas retenidas,annual,PYG,2009-01-01T00:00:00Z,2025-12-31T00:00:00Z,review_indicator_only
e6bb3b7a2307a4f0b68d5ec37a8e3590,17,916,TRUE,insurance_annex:x1_26:46c2cc7e91b5db0e8d0ab089,insurance_annex,Intereses sobre reserva retenidas - contratos proporcionales (Guaraníes) - Exterior — Responsabilidad Civil,Intereses sobre reserva retenidas - contratos proporcionales (Guaraníes) - Exterior — Intereses sobre reserva retenidas - contratos proporcionales (Guaraníes) - Exterior — Responsabilidad Civil,annual,PYG,2009-01-01T00:00:00Z,2025-12-31T00:00:00Z,review_indicator_only
e6bb3b7a2307a4f0b68d5ec37a8e3590,17,916,TRUE,insurance_annex:x1_26:4999d2166a4aedc8c5c9e67f,insurance_annex,Intereses sobre reservas matematicas cedidas - contratos proporcionales (Guaraníes) — Intereses s/Reservas Retenidas Sección Vida Individual Corto Plazo,Intereses sobre reservas matematicas cedidas - contratos proporcionales (Guaraníes) — Intereses sobre reservas matematicas cedidas - contratos proporcionales (Guaraníes) — Intereses s/Reservas Retenidas Sección Vida Individual Corto Plazo,annual,PYG,2009-01-01T00:00:00Z,2025-12-31T00:00:00Z,review_indicator_only
e6bb3b7a2307a4f0b68d5ec37a8e3590,17,916,TRUE,insurance_annex:x1_26:4be66465fc9a87ef0709576d,insurance_annex,Total otros ingresos reaseguros aceptados - exterior (Guaraníes) — Responsabilidad Civil,Total otros ingresos reaseguros aceptados - exterior (Guaraníes) — Total otros ingresos reaseguros aceptados - exterior (Guaraníes) — Responsabilidad Civil,annual,PYG,2009-01-01T00:00:00Z,2025-12-31T00:00:00Z,review_indicator_only
e6bb3b7a2307a4f0b68d5ec37a8e3590,17,916,TRUE,insurance_annex:x1_26:4dd9bf9d6e13a7a147623df3,insurance_annex,Intereses sobre reservas matematicas cedidas - contratos proporcionales (Guaraníes) — Intereses s/Reservas Retenidas Sección Defunción o Sepelio,Intereses sobre reservas matematicas cedidas - contratos proporcionales (Guaraníes) — Intereses sobre reservas matematicas cedidas - contratos proporcionales (Guaraníes) — Intereses s/Reservas Retenidas Sección Defunción o Sepelio,annual,PYG,2009-01-01T00:00:00Z,2025-12-31T00:00:00Z,review_indicator_only
e6bb3b7a2307a4f0b68d5ec37a8e3590,17,916,TRUE,insurance_annex:x1_26:53215fd5fda4446dc50dfe6f,insurance_annex,Intereses sobre reserva retenidas - contratos proporcionales (Guaraníes) — Intereses s/Reservas Retenidas Sección Salud o Enfermedad,Intereses sobre reserva retenidas - contratos proporcionales (Guaraníes) — Intereses sobre reserva retenidas - contratos proporcionales (Guaraníes) — Intereses s/Reservas Retenidas Sección Salud o Enfermedad,annual,PYG,2009-01-01T00:00:00Z,2025-12-31T00:00:00Z,review_indicator_only
e6bb3b7a2307a4f0b68d5ec37a8e3590,17,916,TRUE,insurance_annex:x1_26:5889fef565d1ccbe0d8fed05,insurance_annex,Total otros ingresos reaseguros aceptados - exterior (Guaraníes) — Intereses s/Reservas Retenidas Sección Defunción o Sepelio,Total otros ingresos reaseguros aceptados - exterior (Guaraníes) — Total otros ingresos reaseguros aceptados - exterior (Guaraníes) — Intereses s/Reservas Retenidas Sección Defunción o Sepelio,annual,PYG,2009-01-01T00:00:00Z,2025-12-31T00:00:00Z,review_indicator_only
e6bb3b7a2307a4f0b68d5ec37a8e3590,17,916,TRUE,insurance_annex:x1_26:5a8371013ae98eff95567a9a,insurance_annex,"Total otros ingresos reaseguros aceptados - exterior (Guaraníes) — Cristales, Vidrios y Espejos","Total otros ingresos reaseguros aceptados - exterior (Guaraníes) — Total otros ingresos reaseguros aceptados - exterior (Guaraníes) — Cristales, Vidrios y Espejos",annual,PYG,2009-01-01T00:00:00Z,2025-12-31T00:00:00Z,review_indicator_only
e6bb3b7a2307a4f0b68d5ec37a8e3590,17,916,TRUE,insurance_annex:x1_26:5ca66bce6a0db31d07282118,insurance_annex,Intereses sobre reserva retenidas - contratos proporcionales (Guaraníes) - Exterior — Agropecuario,Intereses sobre reserva retenidas - contratos proporcionales (Guaraníes) - Exterior — Intereses sobre reserva retenidas - contratos proporcionales (Guaraníes) - Exterior — Agropecuario,annual,PYG,2009-01-01T00:00:00Z,2025-12-31T00:00:00Z,review_indicator_only
e6bb3b7a2307a4f0b68d5ec37a8e3590,17,916,TRUE,insurance_annex:x1_26:643fe33ec9f4c8b88bad0931,insurance_annex,Intereses sobre reserva retenidas - contratos proporcionales (Guaraníes) — Total Vida Corto Plazo,Intereses sobre reserva retenidas - contratos proporcionales (Guaraníes) — Intereses sobre reserva retenidas - contratos proporcionales (Guaraníes) — Total Vida Corto Plazo,annual,PYG,2009-01-01T00:00:00Z,2025-12-31T00:00:00Z,review_indicator_only
e6bb3b7a2307a4f0b68d5ec37a8e3590,17,916,TRUE,insurance_annex:x1_26:67b338619c21b4dd2032bd83,insurance_annex,Intereses sobre reservas matematicas cedidas - contratos proporcionales (Guaraníes) — Robo y Asalto,Intereses sobre reservas matematicas cedidas - contratos proporcionales (Guaraníes) — Intereses sobre reservas matematicas cedidas - contratos proporcionales (Guaraníes) — Robo y Asalto,annual,PYG,2009-01-01T00:00:00Z,2025-12-31T00:00:00Z,review_indicator_only
e6bb3b7a2307a4f0b68d5ec37a8e3590,17,916,TRUE,insurance_annex:x1_26:6a90d8c682779cb37a70d362,insurance_annex,Total otros ingresos reaseguros aceptados - exterior (Guaraníes) — Accidentes Personales,Total otros ingresos reaseguros aceptados - exterior (Guaraníes) — Total otros ingresos reaseguros aceptados - exterior (Guaraníes) — Accidentes Personales,annual,PYG,2009-01-01T00:00:00Z,2025-12-31T00:00:00Z,review_indicator_only
e6bb3b7a2307a4f0b68d5ec37a8e3590,17,916,TRUE,insurance_annex:x1_26:6b274f2b88aa06f05f759773,insurance_annex,Intereses sobre reserva retenidas - contratos proporcionales (Guaraníes) — Intereses s/Reservas Retenidas Sección Seguros Colectivos Corto Plazo,Intereses sobre reserva retenidas - contratos proporcionales (Guaraníes) — Intereses sobre reserva retenidas - contratos proporcionales (Guaraníes) — Intereses s/Reservas Retenidas Sección Seguros Colectivos Corto Plazo,annual,PYG,2009-01-01T00:00:00Z,2025-12-31T00:00:00Z,review_indicator_only
e6bb3b7a2307a4f0b68d5ec37a8e3590,17,916,TRUE,insurance_annex:x1_26:6bb15c3f0e33c46a358b8ee9,insurance_annex,Intereses sobre reservas matematicas cedidas - contratos proporcionales (Guaraníes) — Intereses s/Reservas Retenidas Sección Desgravamen Hipotecario Corto Plazo,Intereses sobre reservas matematicas cedidas - contratos proporcionales (Guaraníes) — Intereses sobre reservas matematicas cedidas - contratos proporcionales (Guaraníes) — Intereses s/Reservas Retenidas Sección Desgravamen Hipotecario Corto Plazo,annual,PYG,2009-01-01T00:00:00Z,2025-12-31T00:00:00Z,review_indicator_only
e6bb3b7a2307a4f0b68d5ec37a8e3590,17,916,TRUE,insurance_annex:x1_26:6d9931b1befbaa5e5e9120a6,insurance_annex,Intereses sobre reservas matematicas cedidas - contratos proporcionales (Guaraníes) — Intereses s/Reservas Retenidas Sección Vida Individual Largo Plazo,Intereses sobre reservas matematicas cedidas - contratos proporcionales (Guaraníes) — Intereses sobre reservas matematicas cedidas - contratos proporcionales (Guaraníes) — Intereses s/Reservas Retenidas Sección Vida Individual Largo Plazo,annual,PYG,2009-01-01T00:00:00Z,2025-12-31T00:00:00Z,review_indicator_only
e6bb3b7a2307a4f0b68d5ec37a8e3590,17,916,TRUE,insurance_annex:x1_26:7023245062e51a62e74acf28,insurance_annex,Total otros ingresos reaseguros aceptados - exterior (Guaraníes) — Intereses s/Reservas Retenidas Sección Vida Individual Corto Plazo,Total otros ingresos reaseguros aceptados - exterior (Guaraníes) — Total otros ingresos reaseguros aceptados - exterior (Guaraníes) — Intereses s/Reservas Retenidas Sección Vida Individual Corto Plazo,annual,PYG,2009-01-01T00:00:00Z,2025-12-31T00:00:00Z,review_indicator_only
e6bb3b7a2307a4f0b68d5ec37a8e3590,17,916,TRUE,insurance_annex:x1_26:71c19b833a6722a3fabdcb02,insurance_annex,Total otros ingresos reaseguros aceptados - exterior (Guaraníes) — Riesgos Varios,Total otros ingresos reaseguros aceptados - exterior (Guaraníes) — Total otros ingresos reaseguros aceptados - exterior (Guaraníes) — Riesgos Varios,annual,PYG,2009-01-01T00:00:00Z,2025-12-31T00:00:00Z,review_indicator_only
e6bb3b7a2307a4f0b68d5ec37a8e3590,17,916,TRUE,insurance_annex:x1_26:75844bbdbf2913f2e85c8571,insurance_annex,Total otros ingresos reaseguros aceptados - exterior (Guaraníes) — Incendio,Total otros ingresos reaseguros aceptados - exterior (Guaraníes) — Total otros ingresos reaseguros aceptados - exterior (Guaraníes) — Incendio,annual,PYG,2009-01-01T00:00:00Z,2025-12-31T00:00:00Z,review_indicator_only
e6bb3b7a2307a4f0b68d5ec37a8e3590,17,916,TRUE,insurance_annex:x1_26:7c67233dff5f15158dbfe153,insurance_annex,Total otros ingresos reaseguros aceptados - exterior (Guaraníes) — Automóviles,Total otros ingresos reaseguros aceptados - exterior (Guaraníes) — Total otros ingresos reaseguros aceptados - exterior (Guaraníes) — Automóviles,annual,PYG,2009-01-01T00:00:00Z,2025-12-31T00:00:00Z,review_indicator_only
e6bb3b7a2307a4f0b68d5ec37a8e3590,17,916,TRUE,insurance_annex:x1_26:7d94bffeb7cd446a5fa09602,insurance_annex,Intereses sobre reservas matematicas cedidas - contratos proporcionales (Guaraníes) — Responsabilidad Civil,Intereses sobre reservas matematicas cedidas - contratos proporcionales (Guaraníes) — Intereses sobre reservas matematicas cedidas - contratos proporcionales (Guaraníes) — Responsabilidad Civil,annual,PYG,2009-01-01T00:00:00Z,2025-12-31T00:00:00Z,review_indicator_only
e6bb3b7a2307a4f0b68d5ec37a8e3590,17,916,TRUE,insurance_annex:x1_26:82f25b1c807cdaac75390cb8,insurance_annex,Intereses sobre reservas matematicas cedidas - contratos proporcionales (Guaraníes) — Total Vida Corto Plazo,Intereses sobre reservas matematicas cedidas - contratos proporcionales (Guaraníes) — Intereses sobre reservas matematicas cedidas - contratos proporcionales (Guaraníes) — Total Vida Corto Plazo,annual,PYG,2009-01-01T00:00:00Z,2025-12-31T00:00:00Z,review_indicator_only
e6bb3b7a2307a4f0b68d5ec37a8e3590,17,916,TRUE,insurance_annex:x1_26:83fa3f6ffea5b274f1a307a2,insurance_annex,Intereses sobre reservas matematicas cedidas - contratos proporcionales (Guaraníes) — Total intereses sobre reservas retenidas,Intereses sobre reservas matematicas cedidas - contratos proporcionales (Guaraníes) — Intereses sobre reservas matematicas cedidas - contratos proporcionales (Guaraníes) — Total intereses sobre reservas retenidas,annual,PYG,2009-01-01T00:00:00Z,2025-12-31T00:00:00Z,review_indicator_only
e6bb3b7a2307a4f0b68d5ec37a8e3590,17,916,TRUE,insurance_annex:x1_26:849787ba228615ecebd343fc,insurance_annex,Intereses sobre reserva retenidas - contratos proporcionales (Guaraníes) - Exterior — Accidentes Personales,Intereses sobre reserva retenidas - contratos proporcionales (Guaraníes) - Exterior — Intereses sobre reserva retenidas - contratos proporcionales (Guaraníes) - Exterior — Accidentes Personales,annual,PYG,2009-01-01T00:00:00Z,2025-12-31T00:00:00Z,review_indicator_only
e6bb3b7a2307a4f0b68d5ec37a8e3590,17,916,TRUE,insurance_annex:x1_26:8537e520c7270819302be910,insurance_annex,Intereses sobre reservas matematicas cedidas - contratos proporcionales (Guaraníes) — Total Rama Patrimonial,Intereses sobre reservas matematicas cedidas - contratos proporcionales (Guaraníes) — Intereses sobre reservas matematicas cedidas - contratos proporcionales (Guaraníes) — Total Rama Patrimonial,annual,PYG,2009-01-01T00:00:00Z,2025-12-31T00:00:00Z,review_indicator_only
e6bb3b7a2307a4f0b68d5ec37a8e3590,17,916,TRUE,insurance_annex:x1_26:856fb50a363d4edc298946cb,insurance_annex,Total otros ingresos reaseguros aceptados - exterior (Guaraníes) — Intereses s/Reservas Retenidas Sección Vida Individual Largo Plazo,Total otros ingresos reaseguros aceptados - exterior (Guaraníes) — Total otros ingresos reaseguros aceptados - exterior (Guaraníes) — Intereses s/Reservas Retenidas Sección Vida Individual Largo Plazo,annual,PYG,2009-01-01T00:00:00Z,2025-12-31T00:00:00Z,review_indicator_only
e6bb3b7a2307a4f0b68d5ec37a8e3590,17,916,TRUE,insurance_annex:x1_26:8fc149d0f506eb31d3babaf4,insurance_annex,Total otros ingresos reaseguros aceptados - exterior (Guaraníes) — Intereses s/Reservas Retenidas Sección Seguros Colectivos Largo Plazo,Total otros ingresos reaseguros aceptados - exterior (Guaraníes) — Total otros ingresos reaseguros aceptados - exterior (Guaraníes) — Intereses s/Reservas Retenidas Sección Seguros Colectivos Largo Plazo,annual,PYG,2009-01-01T00:00:00Z,2025-12-31T00:00:00Z,review_indicator_only
e6bb3b7a2307a4f0b68d5ec37a8e3590,17,916,TRUE,insurance_annex:x1_26:96200c704efdd17a9ed08ba0,insurance_annex,Intereses sobre reservas matematicas cedidas - contratos proporcionales (Guaraníes) — Incendio,Intereses sobre reservas matematicas cedidas - contratos proporcionales (Guaraníes) — Intereses sobre reservas matematicas cedidas - contratos proporcionales (Guaraníes) — Incendio,annual,PYG,2009-01-01T00:00:00Z,2025-12-31T00:00:00Z,review_indicator_only
e6bb3b7a2307a4f0b68d5ec37a8e3590,17,916,TRUE,insurance_annex:x1_26:98f8c55fd19551e24e2ae95f,insurance_annex,Total otros ingresos reaseguros aceptados - exterior (Guaraníes) — Total Vida Largo Plazo,Total otros ingresos reaseguros aceptados - exterior (Guaraníes) — Total otros ingresos reaseguros aceptados - exterior (Guaraníes) — Total Vida Largo Plazo,annual,PYG,2009-01-01T00:00:00Z,2025-12-31T00:00:00Z,review_indicator_only
e6bb3b7a2307a4f0b68d5ec37a8e3590,17,916,TRUE,insurance_annex:x1_26:9b26011934cdc822f2b60a1c,insurance_annex,Intereses sobre reservas matematicas cedidas - contratos proporcionales (Guaraníes) — Accidentes a Pasajeros,Intereses sobre reservas matematicas cedidas - contratos proporcionales (Guaraníes) — Intereses sobre reservas matematicas cedidas - contratos proporcionales (Guaraníes) — Accidentes a Pasajeros,annual,PYG,2009-01-01T00:00:00Z,2025-12-31T00:00:00Z,review_indicator_only
e6bb3b7a2307a4f0b68d5ec37a8e3590,17,916,TRUE,insurance_annex:x1_26:9ca533560d47721a222fb90d,insurance_annex,Intereses sobre reservas matematicas cedidas - contratos proporcionales (Guaraníes) — Riesgos Técnicos,Intereses sobre reservas matematicas cedidas - contratos proporcionales (Guaraníes) — Intereses sobre reservas matematicas cedidas - contratos proporcionales (Guaraníes) — Riesgos Técnicos,annual,PYG,2009-01-01T00:00:00Z,2025-12-31T00:00:00Z,review_indicator_only
e6bb3b7a2307a4f0b68d5ec37a8e3590,17,916,TRUE,insurance_annex:x1_26:9d13f8081574bacec7340695,insurance_annex,Intereses sobre reserva retenidas - contratos proporcionales (Guaraníes) - Exterior — Riesgos Varios,Intereses sobre reserva retenidas - contratos proporcionales (Guaraníes) - Exterior — Intereses sobre reserva retenidas - contratos proporcionales (Guaraníes) - Exterior — Riesgos Varios,annual,PYG,2009-01-01T00:00:00Z,2025-12-31T00:00:00Z,review_indicator_only
e6bb3b7a2307a4f0b68d5ec37a8e3590,17,916,TRUE,insurance_annex:x1_26:9f2014ef748f9b5de56b887e,insurance_annex,Intereses sobre reservas matematicas cedidas - contratos proporcionales (Guaraníes) — Transporte,Intereses sobre reservas matematicas cedidas - contratos proporcionales (Guaraníes) — Intereses sobre reservas matematicas cedidas - contratos proporcionales (Guaraníes) — Transporte,annual,PYG,2009-01-01T00:00:00Z,2025-12-31T00:00:00Z,review_indicator_only
e6bb3b7a2307a4f0b68d5ec37a8e3590,17,916,TRUE,insurance_annex:x1_26:ac5508c5c1a5f7b3bfa363a5,insurance_annex,Intereses sobre reservas matematicas cedidas - contratos proporcionales (Guaraníes) — Intereses s/Reservas Retenidas Sección Pensiones Voluntarias,Intereses sobre reservas matematicas cedidas - contratos proporcionales (Guaraníes) — Intereses sobre reservas matematicas cedidas - contratos proporcionales (Guaraníes) — Intereses s/Reservas Retenidas Sección Pensiones Voluntarias,annual,PYG,2009-01-01T00:00:00Z,2025-12-31T00:00:00Z,review_indicator_only
e6bb3b7a2307a4f0b68d5ec37a8e3590,17,916,TRUE,insurance_annex:x1_26:b3cd69a725a4a76ce2736957,insurance_annex,Total otros ingresos reaseguros aceptados - exterior (Guaraníes) — Transporte,Total otros ingresos reaseguros aceptados - exterior (Guaraníes) — Total otros ingresos reaseguros aceptados - exterior (Guaraníes) — Transporte,annual,PYG,2009-01-01T00:00:00Z,2025-12-31T00:00:00Z,review_indicator_only
e6bb3b7a2307a4f0b68d5ec37a8e3590,17,916,TRUE,insurance_annex:x1_26:b824643c651707b09750013c,insurance_annex,Intereses sobre reserva retenidas - contratos proporcionales (Guaraníes) — Intereses s/Reservas Retenidas Sección Vida Individual Corto Plazo,Intereses sobre reserva retenidas - contratos proporcionales (Guaraníes) — Intereses sobre reserva retenidas - contratos proporcionales (Guaraníes) — Intereses s/Reservas Retenidas Sección Vida Individual Corto Plazo,annual,PYG,2009-01-01T00:00:00Z,2025-12-31T00:00:00Z,review_indicator_only
e6bb3b7a2307a4f0b68d5ec37a8e3590,17,916,TRUE,insurance_annex:x1_26:b976147bfd6fcf7763024013,insurance_annex,Total otros ingresos reaseguros aceptados - exterior (Guaraníes) — Intereses s/Reservas Retenidas Sección Pensiones Voluntarias,Total otros ingresos reaseguros aceptados - exterior (Guaraníes) — Total otros ingresos reaseguros aceptados - exterior (Guaraníes) — Intereses s/Reservas Retenidas Sección Pensiones Voluntarias,annual,PYG,2009-01-01T00:00:00Z,2025-12-31T00:00:00Z,review_indicator_only
e6bb3b7a2307a4f0b68d5ec37a8e3590,17,916,TRUE,insurance_annex:x1_26:bcb7736e9e569684a574db76,insurance_annex,Total otros ingresos reaseguros aceptados - exterior (Guaraníes) — Robo y Asalto,Total otros ingresos reaseguros aceptados - exterior (Guaraníes) — Total otros ingresos reaseguros aceptados - exterior (Guaraníes) — Robo y Asalto,annual,PYG,2009-01-01T00:00:00Z,2025-12-31T00:00:00Z,review_indicator_only
e6bb3b7a2307a4f0b68d5ec37a8e3590,17,916,TRUE,insurance_annex:x1_26:be98a5db7cb8596b9ba5a9c6,insurance_annex,"Intereses sobre reserva retenidas - contratos proporcionales (Guaraníes) - Exterior — Cristales, Vidrios y Espejos","Intereses sobre reserva retenidas - contratos proporcionales (Guaraníes) - Exterior — Intereses sobre reserva retenidas - contratos proporcionales (Guaraníes) - Exterior — Cristales, Vidrios y Espejos",annual,PYG,2009-01-01T00:00:00Z,2025-12-31T00:00:00Z,review_indicator_only
e6bb3b7a2307a4f0b68d5ec37a8e3590,17,916,TRUE,insurance_annex:x1_26:c1cb6d8904f7ed1fbab73b5a,insurance_annex,Total otros ingresos reaseguros aceptados - exterior (Guaraníes) — Intereses s/Reservas Retenidas Sección Salud o Enfermedad,Total otros ingresos reaseguros aceptados - exterior (Guaraníes) — Total otros ingresos reaseguros aceptados - exterior (Guaraníes) — Intereses s/Reservas Retenidas Sección Salud o Enfermedad,annual,PYG,2009-01-01T00:00:00Z,2025-12-31T00:00:00Z,review_indicator_only
e6bb3b7a2307a4f0b68d5ec37a8e3590,17,916,TRUE,insurance_annex:x1_26:c3f4e86d03176e3ccf9adcd9,insurance_annex,Intereses sobre reserva retenidas - contratos proporcionales (Guaraníes) — Intereses s/Reservas Retenidas Sección Desgravamen Hipotecario Largo Plazo,Intereses sobre reserva retenidas - contratos proporcionales (Guaraníes) — Intereses sobre reserva retenidas - contratos proporcionales (Guaraníes) — Intereses s/Reservas Retenidas Sección Desgravamen Hipotecario Largo Plazo,annual,PYG,2009-01-01T00:00:00Z,2025-12-31T00:00:00Z,review_indicator_only
e6bb3b7a2307a4f0b68d5ec37a8e3590,17,916,TRUE,insurance_annex:x1_26:c7e914eaa6f69ca44187bea9,insurance_annex,Total otros ingresos reaseguros aceptados - exterior (Guaraníes) — Intereses s/Reservas Retenidas Sección Desgravamen Hipotecario Corto Plazo,Total otros ingresos reaseguros aceptados - exterior (Guaraníes) — Total otros ingresos reaseguros aceptados - exterior (Guaraníes) — Intereses s/Reservas Retenidas Sección Desgravamen Hipotecario Corto Plazo,annual,PYG,2009-01-01T00:00:00Z,2025-12-31T00:00:00Z,review_indicator_only
e6bb3b7a2307a4f0b68d5ec37a8e3590,17,916,TRUE,insurance_annex:x1_26:c814de18ff849f67f142f52e,insurance_annex,Intereses sobre reserva retenidas - contratos proporcionales (Guaraníes) — Intereses s/Reservas Retenidas Sección Vida Individual Largo Plazo,Intereses sobre reserva retenidas - contratos proporcionales (Guaraníes) — Intereses sobre reserva retenidas - contratos proporcionales (Guaraníes) — Intereses s/Reservas Retenidas Sección Vida Individual Largo Plazo,annual,PYG,2009-01-01T00:00:00Z,2025-12-31T00:00:00Z,review_indicator_only
e6bb3b7a2307a4f0b68d5ec37a8e3590,17,916,TRUE,insurance_annex:x1_26:cc8f1c47e4bcc37b78c2a228,insurance_annex,Intereses sobre reservas matematicas cedidas - contratos proporcionales (Guaraníes) — Intereses s/Reservas Retenidas Sección Desgravamen Hipotecario Largo Plazo,Intereses sobre reservas matematicas cedidas - contratos proporcionales (Guaraníes) — Intereses sobre reservas matematicas cedidas - contratos proporcionales (Guaraníes) — Intereses s/Reservas Retenidas Sección Desgravamen Hipotecario Largo Plazo,annual,PYG,2009-01-01T00:00:00Z,2025-12-31T00:00:00Z,review_indicator_only
e6bb3b7a2307a4f0b68d5ec37a8e3590,17,916,TRUE,insurance_annex:x1_26:cd178a51a089b381c6f69844,insurance_annex,Intereses sobre reservas matematicas cedidas - contratos proporcionales (Guaraníes) — Total Vida Largo Plazo,Intereses sobre reservas matematicas cedidas - contratos proporcionales (Guaraníes) — Intereses sobre reservas matematicas cedidas - contratos proporcionales (Guaraníes) — Total Vida Largo Plazo,annual,PYG,2009-01-01T00:00:00Z,2025-12-31T00:00:00Z,review_indicator_only
e6bb3b7a2307a4f0b68d5ec37a8e3590,17,916,TRUE,insurance_annex:x1_26:cf1fd071ca8942a88e07cf93,insurance_annex,Intereses sobre reservas matematicas cedidas - contratos proporcionales (Guaraníes) — Caución,Intereses sobre reservas matematicas cedidas - contratos proporcionales (Guaraníes) — Intereses sobre reservas matematicas cedidas - contratos proporcionales (Guaraníes) — Caución,annual,PYG,2009-01-01T00:00:00Z,2025-12-31T00:00:00Z,review_indicator_only
e6bb3b7a2307a4f0b68d5ec37a8e3590,17,916,TRUE,insurance_annex:x1_26:d59969d44b6fd4c5bebbb7ef,insurance_annex,Intereses sobre reserva retenidas - contratos proporcionales (Guaraníes) - Exterior — Automóviles,Intereses sobre reserva retenidas - contratos proporcionales (Guaraníes) - Exterior — Intereses sobre reserva retenidas - contratos proporcionales (Guaraníes) - Exterior — Automóviles,annual,PYG,2009-01-01T00:00:00Z,2025-12-31T00:00:00Z,review_indicator_only
e6bb3b7a2307a4f0b68d5ec37a8e3590,17,916,TRUE,insurance_annex:x1_26:d600d8959c0a4a4b4772e460,insurance_annex,Intereses sobre reserva retenidas - contratos proporcionales (Guaraníes) — Intereses s/Reservas Retenidas Sección Seguros Colectivos Largo Plazo,Intereses sobre reserva retenidas - contratos proporcionales (Guaraníes) — Intereses sobre reserva retenidas - contratos proporcionales (Guaraníes) — Intereses s/Reservas Retenidas Sección Seguros Colectivos Largo Plazo,annual,PYG,2009-01-01T00:00:00Z,2025-12-31T00:00:00Z,review_indicator_only
e6bb3b7a2307a4f0b68d5ec37a8e3590,17,916,TRUE,insurance_annex:x1_26:d72da961d3ad2d24e66443ef,insurance_annex,Total otros ingresos reaseguros aceptados - exterior (Guaraníes) — Accidentes a Pasajeros,Total otros ingresos reaseguros aceptados - exterior (Guaraníes) — Total otros ingresos reaseguros aceptados - exterior (Guaraníes) — Accidentes a Pasajeros,annual,PYG,2009-01-01T00:00:00Z,2025-12-31T00:00:00Z,review_indicator_only
e6bb3b7a2307a4f0b68d5ec37a8e3590,17,916,TRUE,insurance_annex:x1_26:ddc9cb013c7fd9df0cbfe519,insurance_annex,Intereses sobre reservas matematicas cedidas - contratos proporcionales (Guaraníes) — Agropecuario,Intereses sobre reservas matematicas cedidas - contratos proporcionales (Guaraníes) — Intereses sobre reservas matematicas cedidas - contratos proporcionales (Guaraníes) — Agropecuario,annual,PYG,2009-01-01T00:00:00Z,2025-12-31T00:00:00Z,review_indicator_only
e6bb3b7a2307a4f0b68d5ec37a8e3590,17,916,TRUE,insurance_annex:x1_26:e221c175010087b2aab1b737,insurance_annex,Intereses sobre reserva retenidas - contratos proporcionales (Guaraníes) — Total Rama Patrimonial,Intereses sobre reserva retenidas - contratos proporcionales (Guaraníes) — Intereses sobre reserva retenidas - contratos proporcionales (Guaraníes) — Total Rama Patrimonial,annual,PYG,2009-01-01T00:00:00Z,2025-12-31T00:00:00Z,review_indicator_only
e6bb3b7a2307a4f0b68d5ec37a8e3590,17,916,TRUE,insurance_annex:x1_26:e41fc901132e5589ba99448d,insurance_annex,Intereses sobre reserva retenidas - contratos proporcionales (Guaraníes) — Caución,Intereses sobre reserva retenidas - contratos proporcionales (Guaraníes) — Intereses sobre reserva retenidas - contratos proporcionales (Guaraníes) — Caución,annual,PYG,2009-01-01T00:00:00Z,2025-12-31T00:00:00Z,review_indicator_only
e6bb3b7a2307a4f0b68d5ec37a8e3590,17,916,TRUE,insurance_annex:x1_26:e6809677089fddd30ea9803a,insurance_annex,Intereses sobre reservas matematicas cedidas - contratos proporcionales (Guaraníes) — Intereses s/Reservas Retenidas Sección Seguros Colectivos Corto Plazo,Intereses sobre reservas matematicas cedidas - contratos proporcionales (Guaraníes) — Intereses sobre reservas matematicas cedidas - contratos proporcionales (Guaraníes) — Intereses s/Reservas Retenidas Sección Seguros Colectivos Corto Plazo,annual,PYG,2009-01-01T00:00:00Z,2025-12-31T00:00:00Z,review_indicator_only
e6bb3b7a2307a4f0b68d5ec37a8e3590,17,916,TRUE,insurance_annex:x1_26:e90441669bd977b15305ae43,insurance_annex,Total otros ingresos reaseguros aceptados - exterior (Guaraníes) — Caución,Total otros ingresos reaseguros aceptados - exterior (Guaraníes) — Total otros ingresos reaseguros aceptados - exterior (Guaraníes) — Caución,annual,PYG,2009-01-01T00:00:00Z,2025-12-31T00:00:00Z,review_indicator_only
e6bb3b7a2307a4f0b68d5ec37a8e3590,17,916,TRUE,insurance_annex:x1_26:efcbea42f31fb7a5c86573b2,insurance_annex,Intereses sobre reserva retenidas - contratos proporcionales (Guaraníes) - Exterior — Riesgos Técnicos,Intereses sobre reserva retenidas - contratos proporcionales (Guaraníes) - Exterior — Intereses sobre reserva retenidas - contratos proporcionales (Guaraníes) - Exterior — Riesgos Técnicos,annual,PYG,2009-01-01T00:00:00Z,2025-12-31T00:00:00Z,review_indicator_only
e6bb3b7a2307a4f0b68d5ec37a8e3590,17,916,TRUE,insurance_annex:x1_26:f3ad7e307230c04fcef0e451,insurance_annex,Intereses sobre reservas matematicas cedidas - contratos proporcionales (Guaraníes) — Riesgos Varios,Intereses sobre reservas matematicas cedidas - contratos proporcionales (Guaraníes) — Intereses sobre reservas matematicas cedidas - contratos proporcionales (Guaraníes) — Riesgos Varios,annual,PYG,2009-01-01T00:00:00Z,2025-12-31T00:00:00Z,review_indicator_only
e6bb3b7a2307a4f0b68d5ec37a8e3590,17,916,TRUE,insurance_annex:x1_26:f5da1462ffde048195dbf3a0,insurance_annex,Intereses sobre reserva retenidas - contratos proporcionales (Guaraníes) - Exterior — Accidentes a Pasajeros,Intereses sobre reserva retenidas - contratos proporcionales (Guaraníes) - Exterior — Intereses sobre reserva retenidas - contratos proporcionales (Guaraníes) - Exterior — Accidentes a Pasajeros,annual,PYG,2009-01-01T00:00:00Z,2025-12-31T00:00:00Z,review_indicator_only
e6bb3b7a2307a4f0b68d5ec37a8e3590,17,916,TRUE,insurance_annex:x1_26:ffa322e45ff3862fe4e551df,insurance_annex,Intereses sobre reserva retenidas - contratos proporcionales (Guaraníes) - Exterior — Aeronavegación,Intereses sobre reserva retenidas - contratos proporcionales (Guaraníes) - Exterior — Intereses sobre reserva retenidas - contratos proporcionales (Guaraníes) - Exterior — Aeronavegación,annual,PYG,2009-01-01T00:00:00Z,2025-12-31T00:00:00Z,review_indicator_only
e6bb3b7a2307a4f0b68d5ec37a8e3590,17,916,TRUE,insurance_annex:x1_28:2fbfa7b3bdf2906a6ecbd960,insurance_annex,Fomento de Producción (Guaraníes) — Fomento de la Producción Sección Pensiones Voluntarias,Fomento de Producción (Guaraníes) — Fomento de Producción (Guaraníes) — Fomento de la Producción Sección Pensiones Voluntarias,annual,PYG,2009-01-01T00:00:00Z,2025-12-31T00:00:00Z,review_indicator_only
e6bb3b7a2307a4f0b68d5ec37a8e3590,17,916,TRUE,insurance_annex:x1_28:4b2cea73f38333399960db3c,insurance_annex,Comisión de seguros directos (Guaraníes) — Comisiones Sección Defunción o Sepelio,Comisión de seguros directos (Guaraníes) — Comisión de seguros directos (Guaraníes) — Comisiones Sección Defunción o Sepelio,annual,PYG,2009-01-01T00:00:00Z,2025-12-31T00:00:00Z,review_indicator_only
e6bb3b7a2307a4f0b68d5ec37a8e3590,17,916,TRUE,insurance_annex:x1_28:5d5944879367f8a8723a6a2c,insurance_annex,Revisión examen de asegurabilidad (Guaraníes) — Asegurabilidad Sección Defunción o Sepelio,Revisión examen de asegurabilidad (Guaraníes) — Revisión examen de asegurabilidad (Guaraníes) — Asegurabilidad Sección Defunción o Sepelio,annual,PYG,2009-01-01T00:00:00Z,2025-12-31T00:00:00Z,review_indicator_only
e6bb3b7a2307a4f0b68d5ec37a8e3590,17,916,TRUE,insurance_annex:x1_28:8053fe71b5c5e6afc1aa6e56,insurance_annex,Comisión de seguros directos (Guaraníes) — Comisiones Sección Pensiones Voluntarias,Comisión de seguros directos (Guaraníes) — Comisión de seguros directos (Guaraníes) — Comisiones Sección Pensiones Voluntarias,annual,PYG,2009-01-01T00:00:00Z,2025-12-31T00:00:00Z,review_indicator_only
e6bb3b7a2307a4f0b68d5ec37a8e3590,17,916,TRUE,insurance_annex:x1_29:010d58661957c6bb0e31a404,insurance_annex,Total Gastos Reaseguros Cedidos - local — Total Gastos de Cesión Reaseguros Sección Vida Individual Largo Plazo,Total Gastos Reaseguros Cedidos - local — Total Gastos Reaseguros Cedidos - local — Total Gastos de Cesión Reaseguros Sección Vida Individual Largo Plazo,annual,PYG,2009-01-01T00:00:00Z,2025-12-31T00:00:00Z,review_indicator_only
e6bb3b7a2307a4f0b68d5ec37a8e3590,17,916,TRUE,insurance_annex:x1_29:088bfcb708ca77ec2b1b9ef2,insurance_annex,Gastos de cesión reaseguros cedidos - contratos no proporcionales — Gastos de Cesión Reaseguros Sección Pensiones Voluntarias,Gastos de cesión reaseguros cedidos - contratos no proporcionales — Gastos de cesión reaseguros cedidos - contratos no proporcionales — Gastos de Cesión Reaseguros Sección Pensiones Voluntarias,annual,PYG,2009-01-01T00:00:00Z,2025-12-31T00:00:00Z,review_indicator_only
e6bb3b7a2307a4f0b68d5ec37a8e3590,17,916,TRUE,insurance_annex:x1_29:113932898b8f5d112aa749c6,insurance_annex,Total Gastos Reaseguros Cedidos - local — Total Gastos de Cesión Reaseguros Sección Pensiones Voluntarias,Total Gastos Reaseguros Cedidos - local — Total Gastos Reaseguros Cedidos - local — Total Gastos de Cesión Reaseguros Sección Pensiones Voluntarias,annual,PYG,2009-01-01T00:00:00Z,2025-12-31T00:00:00Z,review_indicator_only
e6bb3b7a2307a4f0b68d5ec37a8e3590,17,916,TRUE,insurance_annex:x1_29:1730dc02dca7866fc924a09e,insurance_annex,Intereses sobre reservas retenidas - contratos proporcionales (Local) — Intereses s/Reservas Retenidas Sección Defunción o Sepelio,Intereses sobre reservas retenidas - contratos proporcionales (Local) — Intereses sobre reservas retenidas - contratos proporcionales (Local) — Intereses s/Reservas Retenidas Sección Defunción o Sepelio,annual,PYG,2009-01-01T00:00:00Z,2025-12-31T00:00:00Z,review_indicator_only
e6bb3b7a2307a4f0b68d5ec37a8e3590,17,916,TRUE,insurance_annex:x1_29:1bdf37f8edb48804714ccff3,insurance_annex,Intereses sobre reservas retenidas - contratos proporcionales (Local) — Accidentes Personales,Intereses sobre reservas retenidas - contratos proporcionales (Local) — Intereses sobre reservas retenidas - contratos proporcionales (Local) — Accidentes Personales,annual,PYG,2009-01-01T00:00:00Z,2025-12-31T00:00:00Z,review_indicator_only
e6bb3b7a2307a4f0b68d5ec37a8e3590,17,916,TRUE,insurance_annex:x1_29:2339f6aa917d291cf2b7887f,insurance_annex,Total Gastos Reaseguros Cedidos - local — Total Gastos de Cesión Reaseguros Sección Desgravamen Hipotecario Cort,Total Gastos Reaseguros Cedidos - local — Total Gastos Reaseguros Cedidos - local — Total Gastos de Cesión Reaseguros Sección Desgravamen Hipotecario Cort,annual,PYG,2009-01-01T00:00:00Z,2025-12-31T00:00:00Z,review_indicator_only
e6bb3b7a2307a4f0b68d5ec37a8e3590,17,916,TRUE,insurance_annex:x1_29:25a4640ce32dc6ef94c7023d,insurance_annex,Intereses sobre reservas retenidas - contratos proporcionales (Local) — Intereses s/Reservas Retenidas Sección Vida Individual Largo Plazo,Intereses sobre reservas retenidas - contratos proporcionales (Local) — Intereses sobre reservas retenidas - contratos proporcionales (Local) — Intereses s/Reservas Retenidas Sección Vida Individual Largo Plazo,annual,PYG,2009-01-01T00:00:00Z,2025-12-31T00:00:00Z,review_indicator_only
e6bb3b7a2307a4f0b68d5ec37a8e3590,17,916,TRUE,insurance_annex:x1_29:313429e2b78433a8f7ace1d4,insurance_annex,Intereses sobre reservas retenidas - contratos proporcionales (Local) — Aeronavegación,Intereses sobre reservas retenidas - contratos proporcionales (Local) — Intereses sobre reservas retenidas - contratos proporcionales (Local) — Aeronavegación,annual,PYG,2009-01-01T00:00:00Z,2025-12-31T00:00:00Z,review_indicator_only
e6bb3b7a2307a4f0b68d5ec37a8e3590,17,916,TRUE,insurance_annex:x1_29:31b03c2b7e77e65f434d5aac,insurance_annex,Gastos de cesión reaseguros cedidos - contratos no proporcionales (Local) — Gastos de Cesión Reaseguros Sección Vida Individual Largo Plazo,Gastos de cesión reaseguros cedidos - contratos no proporcionales (Local) — Gastos de cesión reaseguros cedidos - contratos no proporcionales (Local) — Gastos de Cesión Reaseguros Sección Vida Individual Largo Plazo,annual,PYG,2009-01-01T00:00:00Z,2025-12-31T00:00:00Z,review_indicator_only
e6bb3b7a2307a4f0b68d5ec37a8e3590,17,916,TRUE,insurance_annex:x1_29:360e2ffa286946e00360c7d7,insurance_annex,Intereses sobre reservas retenidas - contratos proporcionales (Local) — Intereses s/Reservas Retenidas Sección Vida Individual Corto Plazo,Intereses sobre reservas retenidas - contratos proporcionales (Local) — Intereses sobre reservas retenidas - contratos proporcionales (Local) — Intereses s/Reservas Retenidas Sección Vida Individual Corto Plazo,annual,PYG,2009-01-01T00:00:00Z,2025-12-31T00:00:00Z,review_indicator_only
e6bb3b7a2307a4f0b68d5ec37a8e3590,17,916,TRUE,insurance_annex:x1_29:3af294f09d9d2cb67982deb9,insurance_annex,Intereses sobre reservas retenidas - contratos proporcionales (Local) — Intereses s/Reservas Retenidas Sección Salud o Enfermedad,Intereses sobre reservas retenidas - contratos proporcionales (Local) — Intereses sobre reservas retenidas - contratos proporcionales (Local) — Intereses s/Reservas Retenidas Sección Salud o Enfermedad,annual,PYG,2009-01-01T00:00:00Z,2025-12-31T00:00:00Z,review_indicator_only
e6bb3b7a2307a4f0b68d5ec37a8e3590,17,916,TRUE,insurance_annex:x1_29:4019576a8f72d2966851a434,insurance_annex,Intereses sobre reservas retenidas - contratos proporcionales (Local) — Caución,Intereses sobre reservas retenidas - contratos proporcionales (Local) — Intereses sobre reservas retenidas - contratos proporcionales (Local) — Caución,annual,PYG,2009-01-01T00:00:00Z,2025-12-31T00:00:00Z,review_indicator_only
e6bb3b7a2307a4f0b68d5ec37a8e3590,17,916,TRUE,insurance_annex:x1_29:41e0287911b4492be2b3db94,insurance_annex,Intereses sobre reservas retenidas - contratos proporcionales (Local) — Intereses s/Reservas Retenidas Sección Desgravamen Hipotecario Largo Plazo,Intereses sobre reservas retenidas - contratos proporcionales (Local) — Intereses sobre reservas retenidas - contratos proporcionales (Local) — Intereses s/Reservas Retenidas Sección Desgravamen Hipotecario Largo Plazo,annual,PYG,2009-01-01T00:00:00Z,2025-12-31T00:00:00Z,review_indicator_only
e6bb3b7a2307a4f0b68d5ec37a8e3590,17,916,TRUE,insurance_annex:x1_29:6910ce641695276d1ce7e9a7,insurance_annex,Gastos de cesión reaseguros cedidos - contratos no proporcionales — Gastos de Cesión Reaseguros Sección Salud o Enfermedad,Gastos de cesión reaseguros cedidos - contratos no proporcionales — Gastos de cesión reaseguros cedidos - contratos no proporcionales — Gastos de Cesión Reaseguros Sección Salud o Enfermedad,annual,PYG,2009-01-01T00:00:00Z,2025-12-31T00:00:00Z,review_indicator_only
e6bb3b7a2307a4f0b68d5ec37a8e3590,17,916,TRUE,insurance_annex:x1_29:6f0a28ca053e601f7b67bbb1,insurance_annex,Intereses sobre reservas retenidas - contratos proporcionales (Local) — Agropecuario,Intereses sobre reservas retenidas - contratos proporcionales (Local) — Intereses sobre reservas retenidas - contratos proporcionales (Local) — Agropecuario,annual,PYG,2009-01-01T00:00:00Z,2025-12-31T00:00:00Z,review_indicator_only
e6bb3b7a2307a4f0b68d5ec37a8e3590,17,916,TRUE,insurance_annex:x1_29:6f1cd0a85056c80a15ce3161,insurance_annex,Gastos de cesión reaseguros cedidos - contratos no proporcionales (Local) — Gastos de Cesión Reaseguros Sección Desgravamen Hipotecario Corto Plazo,Gastos de cesión reaseguros cedidos - contratos no proporcionales (Local) — Gastos de cesión reaseguros cedidos - contratos no proporcionales (Local) — Gastos de Cesión Reaseguros Sección Desgravamen Hipotecario Corto Plazo,annual,PYG,2009-01-01T00:00:00Z,2025-12-31T00:00:00Z,review_indicator_only
e6bb3b7a2307a4f0b68d5ec37a8e3590,17,916,TRUE,insurance_annex:x1_29:719817a9ddba5bddb137b4db,insurance_annex,Intereses sobre reservas retenidas - contratos proporcionales (Local) — Accidentes a Pasajeros,Intereses sobre reservas retenidas - contratos proporcionales (Local) — Intereses sobre reservas retenidas - contratos proporcionales (Local) — Accidentes a Pasajeros,annual,PYG,2009-01-01T00:00:00Z,2025-12-31T00:00:00Z,review_indicator_only
e6bb3b7a2307a4f0b68d5ec37a8e3590,17,916,TRUE,insurance_annex:x1_29:7463d2452860a60c53a652af,insurance_annex,Total Gastos Reaseguros Cedidos - local — Total Gastos de Cesión Reaseguros Sección Salud o Enfermedad,Total Gastos Reaseguros Cedidos - local — Total Gastos Reaseguros Cedidos - local — Total Gastos de Cesión Reaseguros Sección Salud o Enfermedad,annual,PYG,2009-01-01T00:00:00Z,2025-12-31T00:00:00Z,review_indicator_only
e6bb3b7a2307a4f0b68d5ec37a8e3590,17,916,TRUE,insurance_annex:x1_29:759e7e976c89c97c84b9e3ac,insurance_annex,Gastos de cesión reaseguros cedidos - contratos no proporcionales (Local) — Agropecuario,Gastos de cesión reaseguros cedidos - contratos no proporcionales (Local) — Gastos de cesión reaseguros cedidos - contratos no proporcionales (Local) — Agropecuario,annual,PYG,2009-01-01T00:00:00Z,2025-12-31T00:00:00Z,review_indicator_only
e6bb3b7a2307a4f0b68d5ec37a8e3590,17,916,TRUE,insurance_annex:x1_29:8154c22ba561f4623ad46852,insurance_annex,Intereses sobre reservas retenidas - contratos proporcionales (Local) — Riesgos Técnicos,Intereses sobre reservas retenidas - contratos proporcionales (Local) — Intereses sobre reservas retenidas - contratos proporcionales (Local) — Riesgos Técnicos,annual,PYG,2009-01-01T00:00:00Z,2025-12-31T00:00:00Z,review_indicator_only
e6bb3b7a2307a4f0b68d5ec37a8e3590,17,916,TRUE,insurance_annex:x1_29:877e4733b0c113ad9dfa8f1a,insurance_annex,Intereses sobre reservas retenidas - contratos proporcionales (Local) — Intereses s/Reservas Retenidas Sección Seguros Colectivos Corto Plazo,Intereses sobre reservas retenidas - contratos proporcionales (Local) — Intereses sobre reservas retenidas - contratos proporcionales (Local) — Intereses s/Reservas Retenidas Sección Seguros Colectivos Corto Plazo,annual,PYG,2009-01-01T00:00:00Z,2025-12-31T00:00:00Z,review_indicator_only
e6bb3b7a2307a4f0b68d5ec37a8e3590,17,916,TRUE,insurance_annex:x1_29:89b3bd7e8c0cac748227becb,insurance_annex,Intereses sobre reservas retenidas - contratos proporcionales (Local) — Intereses s/Reservas Retenidas Sección Seguros Colectivos Largo Plazo,Intereses sobre reservas retenidas - contratos proporcionales (Local) — Intereses sobre reservas retenidas - contratos proporcionales (Local) — Intereses s/Reservas Retenidas Sección Seguros Colectivos Largo Plazo,annual,PYG,2009-01-01T00:00:00Z,2025-12-31T00:00:00Z,review_indicator_only
e6bb3b7a2307a4f0b68d5ec37a8e3590,17,916,TRUE,insurance_annex:x1_29:9d43e8a9ae02ef2ff2f42563,insurance_annex,Intereses sobre reservas retenidas - contratos proporcionales (Local) — Total Vida Corto Plazo,Intereses sobre reservas retenidas - contratos proporcionales (Local) — Intereses sobre reservas retenidas - contratos proporcionales (Local) — Total Vida Corto Plazo,annual,PYG,2009-01-01T00:00:00Z,2025-12-31T00:00:00Z,review_indicator_only
e6bb3b7a2307a4f0b68d5ec37a8e3590,17,916,TRUE,insurance_annex:x1_29:ac3f9744a2eb3634fbf6f8bf,insurance_annex,Total Gastos Reaseguros Cedidos - local — Total Gastos de Cesión Reaseguros Sección Desgravamen Hipotecario Larg,Total Gastos Reaseguros Cedidos - local — Total Gastos Reaseguros Cedidos - local — Total Gastos de Cesión Reaseguros Sección Desgravamen Hipotecario Larg,annual,PYG,2009-01-01T00:00:00Z,2025-12-31T00:00:00Z,review_indicator_only
e6bb3b7a2307a4f0b68d5ec37a8e3590,17,916,TRUE,insurance_annex:x1_29:b0b1e7d0cd527eb1606a8a9c,insurance_annex,Gastos de cesión reaseguros cedidos - contratos no proporcionales — Gastos de Cesión Reaseguros Sección Desgravamen Hipotecario Largo Plazo,Gastos de cesión reaseguros cedidos - contratos no proporcionales — Gastos de cesión reaseguros cedidos - contratos no proporcionales — Gastos de Cesión Reaseguros Sección Desgravamen Hipotecario Largo Plazo,annual,PYG,2009-01-01T00:00:00Z,2025-12-31T00:00:00Z,review_indicator_only
e6bb3b7a2307a4f0b68d5ec37a8e3590,17,916,TRUE,insurance_annex:x1_29:bea20b23075879ac1e639301,insurance_annex,Intereses sobre reservas retenidas - contratos proporcionales (Local) — Total Vida Largo Plazo,Intereses sobre reservas retenidas - contratos proporcionales (Local) — Intereses sobre reservas retenidas - contratos proporcionales (Local) — Total Vida Largo Plazo,annual,PYG,2009-01-01T00:00:00Z,2025-12-31T00:00:00Z,review_indicator_only
e6bb3b7a2307a4f0b68d5ec37a8e3590,17,916,TRUE,insurance_annex:x1_29:c11b6e8b5f984ca95e1ffcb7,insurance_annex,Intereses sobre reservas retenidas - contratos proporcionales (Local) — Transporte,Intereses sobre reservas retenidas - contratos proporcionales (Local) — Intereses sobre reservas retenidas - contratos proporcionales (Local) — Transporte,annual,PYG,2009-01-01T00:00:00Z,2025-12-31T00:00:00Z,review_indicator_only
e6bb3b7a2307a4f0b68d5ec37a8e3590,17,916,TRUE,insurance_annex:x1_29:cb0f6b6a814bb5b82570e90c,insurance_annex,Intereses sobre reservas retenidas - contratos proporcionales (Local) — Responsabilidad Civil,Intereses sobre reservas retenidas - contratos proporcionales (Local) — Intereses sobre reservas retenidas - contratos proporcionales (Local) — Responsabilidad Civil,annual,PYG,2009-01-01T00:00:00Z,2025-12-31T00:00:00Z,review_indicator_only
e6bb3b7a2307a4f0b68d5ec37a8e3590,17,916,TRUE,insurance_annex:x1_29:d2494aa3db1563adf74ee77e,insurance_annex,"Intereses sobre reservas retenidas - contratos proporcionales (Local) — Cristales, Vidrios y Espejos","Intereses sobre reservas retenidas - contratos proporcionales (Local) — Intereses sobre reservas retenidas - contratos proporcionales (Local) — Cristales, Vidrios y Espejos",annual,PYG,2009-01-01T00:00:00Z,2025-12-31T00:00:00Z,review_indicator_only
e6bb3b7a2307a4f0b68d5ec37a8e3590,17,916,TRUE,insurance_annex:x1_29:de5b6bdda7016d00fc283610,insurance_annex,Intereses sobre reservas retenidas - contratos proporcionales (Local) — Intereses s/Reservas Retenidas Sección Desgravamen Hipotecario Corto Plazo,Intereses sobre reservas retenidas - contratos proporcionales (Local) — Intereses sobre reservas retenidas - contratos proporcionales (Local) — Intereses s/Reservas Retenidas Sección Desgravamen Hipotecario Corto Plazo,annual,PYG,2009-01-01T00:00:00Z,2025-12-31T00:00:00Z,review_indicator_only
e6bb3b7a2307a4f0b68d5ec37a8e3590,17,916,TRUE,insurance_annex:x1_29:e6c98fd06e2df22ce970a3c6,insurance_annex,Intereses sobre reservas retenidas - contratos proporcionales (Local) — Intereses s/Reservas Retenidas Sección Pensiones Voluntarias,Intereses sobre reservas retenidas - contratos proporcionales (Local) — Intereses sobre reservas retenidas - contratos proporcionales (Local) — Intereses s/Reservas Retenidas Sección Pensiones Voluntarias,annual,PYG,2009-01-01T00:00:00Z,2025-12-31T00:00:00Z,review_indicator_only
e6bb3b7a2307a4f0b68d5ec37a8e3590,17,916,TRUE,insurance_annex:x1_29:f0bf7777f0c99f23e933e046,insurance_annex,Total Gastos Reaseguros Cedidos - local — Total Gastos de Cesión Reaseguros Sección Defunción o Sepelio,Total Gastos Reaseguros Cedidos - local — Total Gastos Reaseguros Cedidos - local — Total Gastos de Cesión Reaseguros Sección Defunción o Sepelio,annual,PYG,2009-01-01T00:00:00Z,2025-12-31T00:00:00Z,review_indicator_only
e6bb3b7a2307a4f0b68d5ec37a8e3590,17,916,TRUE,insurance_annex:x1_29:f906f48a51c131d3ec8700cd,insurance_annex,Gastos de cesión reaseguros cedidos - contratos no proporcionales — Gastos de Cesión Reaseguros Sección Defunción o Sepelio,Gastos de cesión reaseguros cedidos - contratos no proporcionales — Gastos de cesión reaseguros cedidos - contratos no proporcionales — Gastos de Cesión Reaseguros Sección Defunción o Sepelio,annual,PYG,2009-01-01T00:00:00Z,2025-12-31T00:00:00Z,review_indicator_only
e6bb3b7a2307a4f0b68d5ec37a8e3590,17,916,TRUE,insurance_annex:x1_29:fdb186158eee45afc802f896,insurance_annex,Total Gastos Reaseguros Cedidos - local — Agropecuario,Total Gastos Reaseguros Cedidos - local — Total Gastos Reaseguros Cedidos - local — Agropecuario,annual,PYG,2009-01-01T00:00:00Z,2025-12-31T00:00:00Z,review_indicator_only
e6bb3b7a2307a4f0b68d5ec37a8e3590,17,916,TRUE,insurance_annex:x1_2:008b3db68d13230ec80330ca,insurance_annex,Primas Reaseguros Aceptados (Local) Contratos no Proporcionales (Guaraníes) — Agropecuario,Primas Reaseguros Aceptados (Local) Contratos no Proporcionales (Guaraníes) — Primas Reaseguros Aceptados (Local) Contratos no Proporcionales (Guaraníes) — Agropecuario,annual,PYG,2009-01-01T00:00:00Z,2025-12-31T00:00:00Z,review_indicator_only
e6bb3b7a2307a4f0b68d5ec37a8e3590,17,916,TRUE,insurance_annex:x1_2:051d40325e3d9f2701be8411,insurance_annex,Total Primas Reaseguros Aceptados (Local) (Guaraníes) — Agropecuario,Total Primas Reaseguros Aceptados (Local) (Guaraníes) — Total Primas Reaseguros Aceptados (Local) (Guaraníes) — Agropecuario,annual,PYG,2009-01-01T00:00:00Z,2025-12-31T00:00:00Z,review_indicator_only
e6bb3b7a2307a4f0b68d5ec37a8e3590,17,916,TRUE,insurance_annex:x1_2:267e997d01c19f7aa62ff7d0,insurance_annex,Primas Reaseguros Aceptados (Local) Contratos no Proporcionales (Guaraníes) — Accidentes a Pasajeros,Primas Reaseguros Aceptados (Local) Contratos no Proporcionales (Guaraníes) — Primas Reaseguros Aceptados (Local) Contratos no Proporcionales (Guaraníes) — Accidentes a Pasajeros,annual,PYG,2009-01-01T00:00:00Z,2025-12-31T00:00:00Z,review_indicator_only
e6bb3b7a2307a4f0b68d5ec37a8e3590,17,916,TRUE,insurance_annex:x1_2:4b04c273716e7c6837566df5,insurance_annex,Primas Reaseguros Aceptados (Local) Contratos Proporcionales (Guaraníes) — Primas Sección Salud o Enfermedad,Primas Reaseguros Aceptados (Local) Contratos Proporcionales (Guaraníes) — Primas Reaseguros Aceptados (Local) Contratos Proporcionales (Guaraníes) — Primas Sección Salud o Enfermedad,annual,PYG,2009-01-01T00:00:00Z,2025-12-31T00:00:00Z,review_indicator_only
e6bb3b7a2307a4f0b68d5ec37a8e3590,17,916,TRUE,insurance_annex:x1_2:510060e43f367f409e4a7afd,insurance_annex,Total Primas Reaseguros Aceptados (Local) (Guaraníes) — Primas Sección Desgravamen Hipotecario Corto Plazo,Total Primas Reaseguros Aceptados (Local) (Guaraníes) — Total Primas Reaseguros Aceptados (Local) (Guaraníes) — Primas Sección Desgravamen Hipotecario Corto Plazo,annual,PYG,2009-01-01T00:00:00Z,2025-12-31T00:00:00Z,review_indicator_only
e6bb3b7a2307a4f0b68d5ec37a8e3590,17,916,TRUE,insurance_annex:x1_2:596726cda7a5fc835df5d1a0,insurance_annex,Total Primas Reaseguros Aceptados (Local) (Guaraníes) — Primas Sección Defunción o Sepelio,Total Primas Reaseguros Aceptados (Local) (Guaraníes) — Total Primas Reaseguros Aceptados (Local) (Guaraníes) — Primas Sección Defunción o Sepelio,annual,PYG,2009-01-01T00:00:00Z,2025-12-31T00:00:00Z,review_indicator_only
e6bb3b7a2307a4f0b68d5ec37a8e3590,17,916,TRUE,insurance_annex:x1_2:6137e5e1fc09d60562aff78a,insurance_annex,Primas Reaseguros Aceptados (Local) Contratos no Proporcionales (Guaraníes) — Primas Sección Desgravamen Hipotecario Corto Plazo,Primas Reaseguros Aceptados (Local) Contratos no Proporcionales (Guaraníes) — Primas Reaseguros Aceptados (Local) Contratos no Proporcionales (Guaraníes) — Primas Sección Desgravamen Hipotecario Corto Plazo,annual,PYG,2009-01-01T00:00:00Z,2025-12-31T00:00:00Z,review_indicator_only
e6bb3b7a2307a4f0b68d5ec37a8e3590,17,916,TRUE,insurance_annex:x1_2:64cafd61ab4a2bc601ec41eb,insurance_annex,Primas Reaseguros Aceptados (Local) Contratos Proporcionales (Guaraníes) — Agropecuario,Primas Reaseguros Aceptados (Local) Contratos Proporcionales (Guaraníes) — Primas Reaseguros Aceptados (Local) Contratos Proporcionales (Guaraníes) — Agropecuario,annual,PYG,2009-01-01T00:00:00Z,2025-12-31T00:00:00Z,review_indicator_only
e6bb3b7a2307a4f0b68d5ec37a8e3590,17,916,TRUE,insurance_annex:x1_2:73b8e23babe6c2c5ac88b28b,insurance_annex,Primas Reaseguros Aceptados (Local) Contratos Proporcionales (Guaraníes) — Total Vida Largo Plazo,Primas Reaseguros Aceptados (Local) Contratos Proporcionales (Guaraníes) — Primas Reaseguros Aceptados (Local) Contratos Proporcionales (Guaraníes) — Total Vida Largo Plazo,annual,PYG,2009-01-01T00:00:00Z,2025-12-31T00:00:00Z,review_indicator_only
e6bb3b7a2307a4f0b68d5ec37a8e3590,17,916,TRUE,insurance_annex:x1_2:830640b94ca986311d350560,insurance_annex,Primas Reaseguros Aceptados (Local) Contratos Proporcionales (Guaraníes) — Primas Sección Seguros Colectivos Largo Plazo,Primas Reaseguros Aceptados (Local) Contratos Proporcionales (Guaraníes) — Primas Reaseguros Aceptados (Local) Contratos Proporcionales (Guaraníes) — Primas Sección Seguros Colectivos Largo Plazo,annual,PYG,2009-01-01T00:00:00Z,2025-12-31T00:00:00Z,review_indicator_only
e6bb3b7a2307a4f0b68d5ec37a8e3590,17,916,TRUE,insurance_annex:x1_2:873358562688f94cd7c19ef8,insurance_annex,Total Primas Reaseguros Aceptados (Local) (Guaraníes) — Primas Sección Desgravamen Hipotecario Largo Plazo,Total Primas Reaseguros Aceptados (Local) (Guaraníes) — Total Primas Reaseguros Aceptados (Local) (Guaraníes) — Primas Sección Desgravamen Hipotecario Largo Plazo,annual,PYG,2009-01-01T00:00:00Z,2025-12-31T00:00:00Z,review_indicator_only
e6bb3b7a2307a4f0b68d5ec37a8e3590,17,916,TRUE,insurance_annex:x1_2:9038b92c258045fa957ac742,insurance_annex,Primas Reaseguros Aceptados (Local) Contratos no Proporcionales (Guaraníes) — Primas Sección Salud o Enfermedad,Primas Reaseguros Aceptados (Local) Contratos no Proporcionales (Guaraníes) — Primas Reaseguros Aceptados (Local) Contratos no Proporcionales (Guaraníes) — Primas Sección Salud o Enfermedad,annual,PYG,2009-01-01T00:00:00Z,2025-12-31T00:00:00Z,review_indicator_only
e6bb3b7a2307a4f0b68d5ec37a8e3590,17,916,TRUE,insurance_annex:x1_2:91b1885df9ccdf5f03c9c9f9,insurance_annex,Total Primas Reaseguros Aceptados (Local) (Guaraníes) — Primas Sección Vida Individual Largo Plazo,Total Primas Reaseguros Aceptados (Local) (Guaraníes) — Total Primas Reaseguros Aceptados (Local) (Guaraníes) — Primas Sección Vida Individual Largo Plazo,annual,PYG,2009-01-01T00:00:00Z,2025-12-31T00:00:00Z,review_indicator_only
e6bb3b7a2307a4f0b68d5ec37a8e3590,17,916,TRUE,insurance_annex:x1_2:99beb2d4f8c0728f68fe1664,insurance_annex,Primas Reaseguros Aceptados (Local) Contratos Proporcionales (Guaraníes) — Primas Sección Vida Individual Largo Plazo,Primas Reaseguros Aceptados (Local) Contratos Proporcionales (Guaraníes) — Primas Reaseguros Aceptados (Local) Contratos Proporcionales (Guaraníes) — Primas Sección Vida Individual Largo Plazo,annual,PYG,2009-01-01T00:00:00Z,2025-12-31T00:00:00Z,review_indicator_only
e6bb3b7a2307a4f0b68d5ec37a8e3590,17,916,TRUE,insurance_annex:x1_2:9dcd68f6d3e4ec892178deaf,insurance_annex,Primas Reaseguros Aceptados (Local) Contratos Proporcionales (Guaraníes) — Primas Sección Defunción o Sepelio,Primas Reaseguros Aceptados (Local) Contratos Proporcionales (Guaraníes) — Primas Reaseguros Aceptados (Local) Contratos Proporcionales (Guaraníes) — Primas Sección Defunción o Sepelio,annual,PYG,2009-01-01T00:00:00Z,2025-12-31T00:00:00Z,review_indicator_only
e6bb3b7a2307a4f0b68d5ec37a8e3590,17,916,TRUE,insurance_annex:x1_2:a00052aff3ea34cae412fc63,insurance_annex,Primas Reaseguros Aceptados (Local) Contratos Proporcionales (Guaraníes) — Primas Sección Desgravamen Hipotecario Corto Plazo,Primas Reaseguros Aceptados (Local) Contratos Proporcionales (Guaraníes) — Primas Reaseguros Aceptados (Local) Contratos Proporcionales (Guaraníes) — Primas Sección Desgravamen Hipotecario Corto Plazo,annual,PYG,2009-01-01T00:00:00Z,2025-12-31T00:00:00Z,review_indicator_only
e6bb3b7a2307a4f0b68d5ec37a8e3590,17,916,TRUE,insurance_annex:x1_2:a5f7a3caeccdd394d180dfc9,insurance_annex,Primas Reaseguros Aceptados (Local) Contratos Proporcionales (Guaraníes) — Primas Sección Desgravamen Hipotecario Largo Plazo,Primas Reaseguros Aceptados (Local) Contratos Proporcionales (Guaraníes) — Primas Reaseguros Aceptados (Local) Contratos Proporcionales (Guaraníes) — Primas Sección Desgravamen Hipotecario Largo Plazo,annual,PYG,2009-01-01T00:00:00Z,2025-12-31T00:00:00Z,review_indicator_only
e6bb3b7a2307a4f0b68d5ec37a8e3590,17,916,TRUE,insurance_annex:x1_2:c2a4a464b8abeb81ed05e964,insurance_annex,Primas Reaseguros Aceptados (Local) Contratos Proporcionales (Guaraníes) — Primas Sección Pensiones Voluntarias,Primas Reaseguros Aceptados (Local) Contratos Proporcionales (Guaraníes) — Primas Reaseguros Aceptados (Local) Contratos Proporcionales (Guaraníes) — Primas Sección Pensiones Voluntarias,annual,PYG,2009-01-01T00:00:00Z,2025-12-31T00:00:00Z,review_indicator_only
e6bb3b7a2307a4f0b68d5ec37a8e3590,17,916,TRUE,insurance_annex:x1_2:d2429738765f73acc61ab784,insurance_annex,Primas Reaseguros Aceptados (Local) Contratos no Proporcionales (Guaraníes) — Primas Sección Pensiones Voluntarias,Primas Reaseguros Aceptados (Local) Contratos no Proporcionales (Guaraníes) — Primas Reaseguros Aceptados (Local) Contratos no Proporcionales (Guaraníes) — Primas Sección Pensiones Voluntarias,annual,PYG,2009-01-01T00:00:00Z,2025-12-31T00:00:00Z,review_indicator_only
e6bb3b7a2307a4f0b68d5ec37a8e3590,17,916,TRUE,insurance_annex:x1_2:e2624ae0b31311619c628459,insurance_annex,Primas Reaseguros Aceptados (Local) Contratos no Proporcionales (Guaraníes) — Primas Sección Desgravamen Hipotecario Largo Plazo,Primas Reaseguros Aceptados (Local) Contratos no Proporcionales (Guaraníes) — Primas Reaseguros Aceptados (Local) Contratos no Proporcionales (Guaraníes) — Primas Sección Desgravamen Hipotecario Largo Plazo,annual,PYG,2009-01-01T00:00:00Z,2025-12-31T00:00:00Z,review_indicator_only
e6bb3b7a2307a4f0b68d5ec37a8e3590,17,916,TRUE,insurance_annex:x1_2:e30e90a11e84a36471fd9601,insurance_annex,Primas Reaseguros Aceptados (Local) Contratos no Proporcionales (Guaraníes) — Primas Sección Defunción o Sepelio,Primas Reaseguros Aceptados (Local) Contratos no Proporcionales (Guaraníes) — Primas Reaseguros Aceptados (Local) Contratos no Proporcionales (Guaraníes) — Primas Sección Defunción o Sepelio,annual,PYG,2009-01-01T00:00:00Z,2025-12-31T00:00:00Z,review_indicator_only
e6bb3b7a2307a4f0b68d5ec37a8e3590,17,916,TRUE,insurance_annex:x1_2:e31c898f071bdc3a5b7171fc,insurance_annex,Total Primas Reaseguros Aceptados (Local) (Guaraníes) — Primas Sección Salud o Enfermedad,Total Primas Reaseguros Aceptados (Local) (Guaraníes) — Total Primas Reaseguros Aceptados (Local) (Guaraníes) — Primas Sección Salud o Enfermedad,annual,PYG,2009-01-01T00:00:00Z,2025-12-31T00:00:00Z,review_indicator_only
e6bb3b7a2307a4f0b68d5ec37a8e3590,17,916,TRUE,insurance_annex:x1_2:f29d7dab964aee0c57fda64f,insurance_annex,Primas Reaseguros Aceptados (Local) Contratos no Proporcionales (Guaraníes) — Primas Sección Vida Individual Corto Plazo,Primas Reaseguros Aceptados (Local) Contratos no Proporcionales (Guaraníes) — Primas Reaseguros Aceptados (Local) Contratos no Proporcionales (Guaraníes) — Primas Sección Vida Individual Corto Plazo,annual,PYG,2009-01-01T00:00:00Z,2025-12-31T00:00:00Z,review_indicator_only
e6bb3b7a2307a4f0b68d5ec37a8e3590,17,916,TRUE,insurance_annex:x1_2:f3b4cf72a0f6129f3a5a8ce8,insurance_annex,Total Primas Reaseguros Aceptados (Local) (Guaraníes) — Primas Sección Pensiones Voluntarias,Total Primas Reaseguros Aceptados (Local) (Guaraníes) — Total Primas Reaseguros Aceptados (Local) (Guaraníes) — Primas Sección Pensiones Voluntarias,annual,PYG,2009-01-01T00:00:00Z,2025-12-31T00:00:00Z,review_indicator_only
e6bb3b7a2307a4f0b68d5ec37a8e3590,17,916,TRUE,insurance_annex:x1_2:f4df746c406758040f33d292,insurance_annex,Primas Reaseguros Aceptados (Local) Contratos no Proporcionales (Guaraníes) — Primas Sección Vida Individual Largo Plazo,Primas Reaseguros Aceptados (Local) Contratos no Proporcionales (Guaraníes) — Primas Reaseguros Aceptados (Local) Contratos no Proporcionales (Guaraníes) — Primas Sección Vida Individual Largo Plazo,annual,PYG,2009-01-01T00:00:00Z,2025-12-31T00:00:00Z,review_indicator_only
e6bb3b7a2307a4f0b68d5ec37a8e3590,17,916,TRUE,insurance_annex:x1_30:30f82e69b03328bac992a7b2,insurance_annex,Intereses sobre reservas retenidas - contratos proporcionales (Guaraníes) — Intereses s/Reservas Retenidas Sección Pensiones Voluntarias,Intereses sobre reservas retenidas - contratos proporcionales (Guaraníes) — Intereses sobre reservas retenidas - contratos proporcionales (Guaraníes) — Intereses s/Reservas Retenidas Sección Pensiones Voluntarias,annual,PYG,2009-01-01T00:00:00Z,2025-12-31T00:00:00Z,review_indicator_only
e6bb3b7a2307a4f0b68d5ec37a8e3590,17,916,TRUE,insurance_annex:x1_30:472a93e4bdb438ddb3e65d0d,insurance_annex,Intereses sobre reservas retenidas - contratos proporcionales (Guaraníes) — Intereses s/Reservas Retenidas Sección Defunción o Sepelio,Intereses sobre reservas retenidas - contratos proporcionales (Guaraníes) — Intereses sobre reservas retenidas - contratos proporcionales (Guaraníes) — Intereses s/Reservas Retenidas Sección Defunción o Sepelio,annual,PYG,2009-01-01T00:00:00Z,2025-12-31T00:00:00Z,review_indicator_only
e6bb3b7a2307a4f0b68d5ec37a8e3590,17,916,TRUE,insurance_annex:x1_30:4949b46bfcb7dd541652f293,insurance_annex,Intereses sobre reservas retenidas - contratos proporcionales (Guaraníes) — Automóviles,Intereses sobre reservas retenidas - contratos proporcionales (Guaraníes) — Intereses sobre reservas retenidas - contratos proporcionales (Guaraníes) — Automóviles,annual,PYG,2009-01-01T00:00:00Z,2025-12-31T00:00:00Z,review_indicator_only
e6bb3b7a2307a4f0b68d5ec37a8e3590,17,916,TRUE,insurance_annex:x1_30:4954c1ecc61d913b11b1f838,insurance_annex,Intereses sobre reservas retenidas - contratos proporcionales (Guaraníes) — Intereses s/Reservas Retenidas Sección Salud o Enfermedad,Intereses sobre reservas retenidas - contratos proporcionales (Guaraníes) — Intereses sobre reservas retenidas - contratos proporcionales (Guaraníes) — Intereses s/Reservas Retenidas Sección Salud o Enfermedad,annual,PYG,2009-01-01T00:00:00Z,2025-12-31T00:00:00Z,review_indicator_only
e6bb3b7a2307a4f0b68d5ec37a8e3590,17,916,TRUE,insurance_annex:x1_30:74ba05e98fe6bdb44849e9d5,insurance_annex,Intereses sobre reservas retenidas - contratos proporcionales (Guaraníes) — Agropecuario,Intereses sobre reservas retenidas - contratos proporcionales (Guaraníes) — Intereses sobre reservas retenidas - contratos proporcionales (Guaraníes) — Agropecuario,annual,PYG,2009-01-01T00:00:00Z,2025-12-31T00:00:00Z,review_indicator_only
e6bb3b7a2307a4f0b68d5ec37a8e3590,17,916,TRUE,insurance_annex:x1_30:866850d6832b40d9e0f649ca,insurance_annex,Intereses sobre reservas retenidas - contratos proporcionales (Guaraníes) — Intereses s/Reservas Retenidas Sección Desgravamen Hipotecario Corto Plazo,Intereses sobre reservas retenidas - contratos proporcionales (Guaraníes) — Intereses sobre reservas retenidas - contratos proporcionales (Guaraníes) — Intereses s/Reservas Retenidas Sección Desgravamen Hipotecario Corto Plazo,annual,PYG,2009-01-01T00:00:00Z,2025-12-31T00:00:00Z,review_indicator_only
e6bb3b7a2307a4f0b68d5ec37a8e3590,17,916,TRUE,insurance_annex:x1_30:891b37d4dcb9ce31f480ef0b,insurance_annex,Total Gastos Reaseguros Cedidos - exterior (Guaraníes) — Total Gastos de Cesión Reaseguros Sección Pensiones Voluntarias,Total Gastos Reaseguros Cedidos - exterior (Guaraníes) — Total Gastos Reaseguros Cedidos - exterior (Guaraníes) — Total Gastos de Cesión Reaseguros Sección Pensiones Voluntarias,annual,PYG,2009-01-01T00:00:00Z,2025-12-31T00:00:00Z,review_indicator_only
e6bb3b7a2307a4f0b68d5ec37a8e3590,17,916,TRUE,insurance_annex:x1_30:8a7a6cde5984bdc96607868d,insurance_annex,Intereses sobre reservas retenidas - contratos proporcionales (Guaraníes) — Intereses s/Reservas Retenidas Sección Seguros Colectivos Largo Plazo,Intereses sobre reservas retenidas - contratos proporcionales (Guaraníes) — Intereses sobre reservas retenidas - contratos proporcionales (Guaraníes) — Intereses s/Reservas Retenidas Sección Seguros Colectivos Largo Plazo,annual,PYG,2009-01-01T00:00:00Z,2025-12-31T00:00:00Z,review_indicator_only
e6bb3b7a2307a4f0b68d5ec37a8e3590,17,916,TRUE,insurance_annex:x1_30:90b68e423ae006df85f424b7,insurance_annex,Gastos de cesión reaseguros cedidos - contratos no proporcionales (Guaraníes) — Gastos de Cesión Reaseguros Sección Seguros Colectivos Largo Plazo,Gastos de cesión reaseguros cedidos - contratos no proporcionales (Guaraníes) — Gastos de cesión reaseguros cedidos - contratos no proporcionales (Guaraníes) — Gastos de Cesión Reaseguros Sección Seguros Colectivos Largo Plazo,annual,PYG,2009-01-01T00:00:00Z,2025-12-31T00:00:00Z,review_indicator_only
e6bb3b7a2307a4f0b68d5ec37a8e3590,17,916,TRUE,insurance_annex:x1_30:98848528fb78da7e5df15f90,insurance_annex,Total Gastos Reaseguros Cedidos - exterior (Guaraníes) — Total Gastos de Cesión Reaseguros Sección Seguros Colectivos Largo Pla,Total Gastos Reaseguros Cedidos - exterior (Guaraníes) — Total Gastos Reaseguros Cedidos - exterior (Guaraníes) — Total Gastos de Cesión Reaseguros Sección Seguros Colectivos Largo Pla,annual,PYG,2009-01-01T00:00:00Z,2025-12-31T00:00:00Z,review_indicator_only
e6bb3b7a2307a4f0b68d5ec37a8e3590,17,916,TRUE,insurance_annex:x1_30:a8ba90816142a49d7ea32610,insurance_annex,Intereses sobre reservas retenidas - contratos proporcionales (Guaraníes) — Intereses s/Reservas Retenidas Sección Vida Individual Corto Plazo,Intereses sobre reservas retenidas - contratos proporcionales (Guaraníes) — Intereses sobre reservas retenidas - contratos proporcionales (Guaraníes) — Intereses s/Reservas Retenidas Sección Vida Individual Corto Plazo,annual,PYG,2009-01-01T00:00:00Z,2025-12-31T00:00:00Z,review_indicator_only
e6bb3b7a2307a4f0b68d5ec37a8e3590,17,916,TRUE,insurance_annex:x1_30:b11d31b9acc264b696fb752f,insurance_annex,Intereses sobre reservas retenidas - contratos proporcionales (Guaraníes) — Intereses s/Reservas Retenidas Sección Desgravamen Hipotecario Largo Plazo,Intereses sobre reservas retenidas - contratos proporcionales (Guaraníes) — Intereses sobre reservas retenidas - contratos proporcionales (Guaraníes) — Intereses s/Reservas Retenidas Sección Desgravamen Hipotecario Largo Plazo,annual,PYG,2009-01-01T00:00:00Z,2025-12-31T00:00:00Z,review_indicator_only
e6bb3b7a2307a4f0b68d5ec37a8e3590,17,916,TRUE,insurance_annex:x1_30:b7ef6a77e68a66c23b2f3e39,insurance_annex,Intereses sobre reservas retenidas - contratos proporcionales (Guaraníes) — Total Vida Largo Plazo,Intereses sobre reservas retenidas - contratos proporcionales (Guaraníes) — Intereses sobre reservas retenidas - contratos proporcionales (Guaraníes) — Total Vida Largo Plazo,annual,PYG,2009-01-01T00:00:00Z,2025-12-31T00:00:00Z,review_indicator_only
e6bb3b7a2307a4f0b68d5ec37a8e3590,17,916,TRUE,insurance_annex:x1_30:c1e9807fe0aa3661da001252,insurance_annex,Intereses sobre reservas retenidas - contratos proporcionales (Guaraníes) — Intereses s/Reservas Retenidas Sección Vida Individual Largo Plazo,Intereses sobre reservas retenidas - contratos proporcionales (Guaraníes) — Intereses sobre reservas retenidas - contratos proporcionales (Guaraníes) — Intereses s/Reservas Retenidas Sección Vida Individual Largo Plazo,annual,PYG,2009-01-01T00:00:00Z,2025-12-31T00:00:00Z,review_indicator_only
e6bb3b7a2307a4f0b68d5ec37a8e3590,17,916,TRUE,insurance_annex:x1_30:ccfa204a2404689d0296b492,insurance_annex,Intereses sobre reservas retenidas - contratos proporcionales (Guaraníes) — Accidentes a Pasajeros,Intereses sobre reservas retenidas - contratos proporcionales (Guaraníes) — Intereses sobre reservas retenidas - contratos proporcionales (Guaraníes) — Accidentes a Pasajeros,annual,PYG,2009-01-01T00:00:00Z,2025-12-31T00:00:00Z,review_indicator_only
e6bb3b7a2307a4f0b68d5ec37a8e3590,17,916,TRUE,insurance_annex:x1_30:ce75aba319f3599291de20d3,insurance_annex,Gastos de cesión reaseguros cedidos - contratos no proporcionales (Guaraníes) — Gastos de Cesión Reaseguros Sección Pensiones Voluntarias,Gastos de cesión reaseguros cedidos - contratos no proporcionales (Guaraníes) — Gastos de cesión reaseguros cedidos - contratos no proporcionales (Guaraníes) — Gastos de Cesión Reaseguros Sección Pensiones Voluntarias,annual,PYG,2009-01-01T00:00:00Z,2025-12-31T00:00:00Z,review_indicator_only
e6bb3b7a2307a4f0b68d5ec37a8e3590,17,916,TRUE,insurance_annex:x1_31:0654bf9a2f9fd1387447ecec,insurance_annex,Participación utilidades reaseguros aceptados - contratos proporcionales (Guaraníes) — Automóviles,Participación utilidades reaseguros aceptados - contratos proporcionales (Guaraníes) — Participación utilidades reaseguros aceptados - contratos proporcionales (Guaraníes) — Automóviles,annual,PYG,2009-01-01T00:00:00Z,2025-12-31T00:00:00Z,review_indicator_only
e6bb3b7a2307a4f0b68d5ec37a8e3590,17,916,TRUE,insurance_annex:x1_31:0f439815863a124493776ec9,insurance_annex,Comisión reaseguros aceptados - contratos proporcionales (Guaraníes) — Comisión s/Primas Aceptadas Reaseguros Sección Vida Individual Corto Plazo,Comisión reaseguros aceptados - contratos proporcionales (Guaraníes) — Comisión reaseguros aceptados - contratos proporcionales (Guaraníes) — Comisión s/Primas Aceptadas Reaseguros Sección Vida Individual Corto Plazo,annual,PYG,2009-01-01T00:00:00Z,2025-12-31T00:00:00Z,review_indicator_only
e6bb3b7a2307a4f0b68d5ec37a8e3590,17,916,TRUE,insurance_annex:x1_31:100b72fc5e651a03e6547b7e,insurance_annex,Participación utilidades reaseguros aceptados - contratos no proporcionales (Guaraníes) — Automóviles,Participación utilidades reaseguros aceptados - contratos no proporcionales (Guaraníes) — Participación utilidades reaseguros aceptados - contratos no proporcionales (Guaraníes) — Automóviles,annual,PYG,2009-01-01T00:00:00Z,2025-12-31T00:00:00Z,review_indicator_only
e6bb3b7a2307a4f0b68d5ec37a8e3590,17,916,TRUE,insurance_annex:x1_31:11a09fa4f329914c3d219e4d,insurance_annex,Participación utilidades reaseguros aceptados - contratos no proporcionales (Guaraníes) — Part. de Utilidades Reaseguros Aceptados Sección Vida Individual Corto Plazo,Participación utilidades reaseguros aceptados - contratos no proporcionales (Guaraníes) — Participación utilidades reaseguros aceptados - contratos no proporcionales (Guaraníes) — Part. de Utilidades Reaseguros Aceptados Sección Vida Individual Corto Plazo,annual,PYG,2009-01-01T00:00:00Z,2025-12-31T00:00:00Z,review_indicator_only
e6bb3b7a2307a4f0b68d5ec37a8e3590,17,916,TRUE,insurance_annex:x1_31:1a189de26eeba1312df07eaf,insurance_annex,Participación utilidades reaseguros aceptados - contratos proporcionales (Guaraníes) — Accidentes a Pasajeros,Participación utilidades reaseguros aceptados - contratos proporcionales (Guaraníes) — Participación utilidades reaseguros aceptados - contratos proporcionales (Guaraníes) — Accidentes a Pasajeros,annual,PYG,2009-01-01T00:00:00Z,2025-12-31T00:00:00Z,review_indicator_only
e6bb3b7a2307a4f0b68d5ec37a8e3590,17,916,TRUE,insurance_annex:x1_31:1d60e7dd5c18f9e8da232151,insurance_annex,Participación utilidades reaseguros aceptados - contratos proporcionales (Guaraníes) — Part. de Utilidades Reaseguros Aceptados Sección Seguros Colectivos Corto Plazo,Participación utilidades reaseguros aceptados - contratos proporcionales (Guaraníes) — Participación utilidades reaseguros aceptados - contratos proporcionales (Guaraníes) — Part. de Utilidades Reaseguros Aceptados Sección Seguros Colectivos Corto Plazo,annual,PYG,2009-01-01T00:00:00Z,2025-12-31T00:00:00Z,review_indicator_only
e6bb3b7a2307a4f0b68d5ec37a8e3590,17,916,TRUE,insurance_annex:x1_31:1e89fb11a238b5631944645d,insurance_annex,Participación utilidades reaseguros aceptados - contratos proporcionales (Guaraníes) — Part. de Utilidades Reaseguros Aceptados Sección Vida Individual Corto Plazo,Participación utilidades reaseguros aceptados - contratos proporcionales (Guaraníes) — Participación utilidades reaseguros aceptados - contratos proporcionales (Guaraníes) — Part. de Utilidades Reaseguros Aceptados Sección Vida Individual Corto Plazo,annual,PYG,2009-01-01T00:00:00Z,2025-12-31T00:00:00Z,review_indicator_only
e6bb3b7a2307a4f0b68d5ec37a8e3590,17,916,TRUE,insurance_annex:x1_31:279251cde4e4b9ca367b9338,insurance_annex,Comisión reaseguros aceptados - contratos proporcionales (Guaraníes) — Comisión s/Primas Aceptadas Reaseguros Sección Vida Individual Largo Plazo,Comisión reaseguros aceptados - contratos proporcionales (Guaraníes) — Comisión reaseguros aceptados - contratos proporcionales (Guaraníes) — Comisión s/Primas Aceptadas Reaseguros Sección Vida Individual Largo Plazo,annual,PYG,2009-01-01T00:00:00Z,2025-12-31T00:00:00Z,review_indicator_only
e6bb3b7a2307a4f0b68d5ec37a8e3590,17,916,TRUE,insurance_annex:x1_31:2a5c1c889877a1c521c75b08,insurance_annex,Total Gastos Reaseguros Aceptados - Local (Guaraníes) — Accidentes a Pasajeros,Total Gastos Reaseguros Aceptados - Local (Guaraníes) — Total Gastos Reaseguros Aceptados - Local (Guaraníes) — Accidentes a Pasajeros,annual,PYG,2009-01-01T00:00:00Z,2025-12-31T00:00:00Z,review_indicator_only
e6bb3b7a2307a4f0b68d5ec37a8e3590,17,916,TRUE,insurance_annex:x1_31:32c2c9834e869000a8bac8c4,insurance_annex,Comisión reaseguros aceptados - contratos proporcionales (Guaraníes) — Accidentes a Pasajeros,Comisión reaseguros aceptados - contratos proporcionales (Guaraníes) — Comisión reaseguros aceptados - contratos proporcionales (Guaraníes) — Accidentes a Pasajeros,annual,PYG,2009-01-01T00:00:00Z,2025-12-31T00:00:00Z,review_indicator_only
e6bb3b7a2307a4f0b68d5ec37a8e3590,17,916,TRUE,insurance_annex:x1_31:38c3f2b36391e1bb275a775a,insurance_annex,Participación utilidades reaseguros aceptados - contratos no proporcionales (Guaraníes) — Agropecuario,Participación utilidades reaseguros aceptados - contratos no proporcionales (Guaraníes) — Participación utilidades reaseguros aceptados - contratos no proporcionales (Guaraníes) — Agropecuario,annual,PYG,2009-01-01T00:00:00Z,2025-12-31T00:00:00Z,review_indicator_only
e6bb3b7a2307a4f0b68d5ec37a8e3590,17,916,TRUE,insurance_annex:x1_31:3ca75d38a0f8556070569381,insurance_annex,Participación utilidades reaseguros aceptados - contratos proporcionales (Guaraníes) — Total Vida Largo Plazo,Participación utilidades reaseguros aceptados - contratos proporcionales (Guaraníes) — Participación utilidades reaseguros aceptados - contratos proporcionales (Guaraníes) — Total Vida Largo Plazo,annual,PYG,2009-01-01T00:00:00Z,2025-12-31T00:00:00Z,review_indicator_only
e6bb3b7a2307a4f0b68d5ec37a8e3590,17,916,TRUE,insurance_annex:x1_31:3cd9e47e59d950b74c8bdd92,insurance_annex,Participación utilidades reaseguros aceptados - contratos no proporcionales (Guaraníes) — Accidentes a Pasajeros,Participación utilidades reaseguros aceptados - contratos no proporcionales (Guaraníes) — Participación utilidades reaseguros aceptados - contratos no proporcionales (Guaraníes) — Accidentes a Pasajeros,annual,PYG,2009-01-01T00:00:00Z,2025-12-31T00:00:00Z,review_indicator_only
e6bb3b7a2307a4f0b68d5ec37a8e3590,17,916,TRUE,insurance_annex:x1_31:4a7d460526ec284f7cd59f08,insurance_annex,Total Gastos Reaseguros Aceptados - Local (Guaraníes) — Total Gastos Reaseguros Aceptados Sección Vida Individual - Largo Plazo,Total Gastos Reaseguros Aceptados - Local (Guaraníes) — Total Gastos Reaseguros Aceptados - Local (Guaraníes) — Total Gastos Reaseguros Aceptados Sección Vida Individual - Largo Plazo,annual,PYG,2009-01-01T00:00:00Z,2025-12-31T00:00:00Z,review_indicator_only
e6bb3b7a2307a4f0b68d5ec37a8e3590,17,916,TRUE,insurance_annex:x1_31:4a9289838bd3520a3d6ed4d1,insurance_annex,Total Gastos Reaseguros Aceptados - Local (Guaraníes) — Total Gastos Reaseguros Aceptados Sección Seguros Colectivos - Largo Plazo,Total Gastos Reaseguros Aceptados - Local (Guaraníes) — Total Gastos Reaseguros Aceptados - Local (Guaraníes) — Total Gastos Reaseguros Aceptados Sección Seguros Colectivos - Largo Plazo,annual,PYG,2009-01-01T00:00:00Z,2025-12-31T00:00:00Z,review_indicator_only
e6bb3b7a2307a4f0b68d5ec37a8e3590,17,916,TRUE,insurance_annex:x1_31:4be4ade41f83efe85ff7e75c,insurance_annex,Participación utilidades reaseguros aceptados - contratos no proporcionales (Guaraníes) — Part. de Utilidades Reaseguros Aceptados Sección Desgravamen Hipotecario Largo Plazo,Participación utilidades reaseguros aceptados - contratos no proporcionales (Guaraníes) — Participación utilidades reaseguros aceptados - contratos no proporcionales (Guaraníes) — Part. de Utilidades Reaseguros Aceptados Sección Desgravamen Hipotecario Largo Plazo,annual,PYG,2009-01-01T00:00:00Z,2025-12-31T00:00:00Z,review_indicator_only
e6bb3b7a2307a4f0b68d5ec37a8e3590,17,916,TRUE,insurance_annex:x1_31:594c1c0169603a669b09a72f,insurance_annex,Participación utilidades reaseguros aceptados - contratos proporcionales (Guaraníes) — Agropecuario,Participación utilidades reaseguros aceptados - contratos proporcionales (Guaraníes) — Participación utilidades reaseguros aceptados - contratos proporcionales (Guaraníes) — Agropecuario,annual,PYG,2009-01-01T00:00:00Z,2025-12-31T00:00:00Z,review_indicator_only
e6bb3b7a2307a4f0b68d5ec37a8e3590,17,916,TRUE,insurance_annex:x1_31:59de1a8b60f9af6ba0e46697,insurance_annex,Comisión reaseguros aceptados - contratos proporcionales (Guaraníes) — Riesgos Técnicos,Comisión reaseguros aceptados - contratos proporcionales (Guaraníes) — Comisión reaseguros aceptados - contratos proporcionales (Guaraníes) — Riesgos Técnicos,annual,PYG,2009-01-01T00:00:00Z,2025-12-31T00:00:00Z,review_indicator_only
e6bb3b7a2307a4f0b68d5ec37a8e3590,17,916,TRUE,insurance_annex:x1_31:5c0b71e04e02da2defd3f402,insurance_annex,Participación utilidades reaseguros aceptados - contratos no proporcionales (Guaraníes) — Part. de Utilidades Reaseguros Aceptados Sección Seguros Colectivos Largo Plazo,Participación utilidades reaseguros aceptados - contratos no proporcionales (Guaraníes) — Participación utilidades reaseguros aceptados - contratos no proporcionales (Guaraníes) — Part. de Utilidades Reaseguros Aceptados Sección Seguros Colectivos Largo Plazo,annual,PYG,2009-01-01T00:00:00Z,2025-12-31T00:00:00Z,review_indicator_only
e6bb3b7a2307a4f0b68d5ec37a8e3590,17,916,TRUE,insurance_annex:x1_31:5cd026614648c0f55d1cdcae,insurance_annex,Comisión reaseguros aceptados - contratos proporcionales (Guaraníes) — Comisión s/Primas Aceptadas Reaseguros Sección Salud o Enfermedad,Comisión reaseguros aceptados - contratos proporcionales (Guaraníes) — Comisión reaseguros aceptados - contratos proporcionales (Guaraníes) — Comisión s/Primas Aceptadas Reaseguros Sección Salud o Enfermedad,annual,PYG,2009-01-01T00:00:00Z,2025-12-31T00:00:00Z,review_indicator_only
e6bb3b7a2307a4f0b68d5ec37a8e3590,17,916,TRUE,insurance_annex:x1_31:60e3d6033f6ad83f17039fd7,insurance_annex,Participación utilidades reaseguros aceptados - contratos no proporcionales (Guaraníes) — Part. de Utilidades Reaseguros Aceptados Sección Salud o Enfermedad,Participación utilidades reaseguros aceptados - contratos no proporcionales (Guaraníes) — Participación utilidades reaseguros aceptados - contratos no proporcionales (Guaraníes) — Part. de Utilidades Reaseguros Aceptados Sección Salud o Enfermedad,annual,PYG,2009-01-01T00:00:00Z,2025-12-31T00:00:00Z,review_indicator_only
e6bb3b7a2307a4f0b68d5ec37a8e3590,17,916,TRUE,insurance_annex:x1_31:62bbc24e6a81af2a62540502,insurance_annex,Participación utilidades reaseguros aceptados - contratos no proporcionales (Guaraníes) — Incendio,Participación utilidades reaseguros aceptados - contratos no proporcionales (Guaraníes) — Participación utilidades reaseguros aceptados - contratos no proporcionales (Guaraníes) — Incendio,annual,PYG,2009-01-01T00:00:00Z,2025-12-31T00:00:00Z,review_indicator_only
e6bb3b7a2307a4f0b68d5ec37a8e3590,17,916,TRUE,insurance_annex:x1_31:6712ce1cef8dc4d51a02fa51,insurance_annex,Comisión reaseguros aceptados - contratos proporcionales (Guaraníes) — Total Vida Largo Plazo,Comisión reaseguros aceptados - contratos proporcionales (Guaraníes) — Comisión reaseguros aceptados - contratos proporcionales (Guaraníes) — Total Vida Largo Plazo,annual,PYG,2009-01-01T00:00:00Z,2025-12-31T00:00:00Z,review_indicator_only
e6bb3b7a2307a4f0b68d5ec37a8e3590,17,916,TRUE,insurance_annex:x1_31:734ff037641b73a10541df30,insurance_annex,Comisión reaseguros aceptados - contratos proporcionales (Guaraníes) — Automóviles,Comisión reaseguros aceptados - contratos proporcionales (Guaraníes) — Comisión reaseguros aceptados - contratos proporcionales (Guaraníes) — Automóviles,annual,PYG,2009-01-01T00:00:00Z,2025-12-31T00:00:00Z,review_indicator_only
e6bb3b7a2307a4f0b68d5ec37a8e3590,17,916,TRUE,insurance_annex:x1_31:74b7d51133c0bcdfa7b1efd5,insurance_annex,Participación utilidades reaseguros aceptados - contratos no proporcionales (Guaraníes) — Transporte,Participación utilidades reaseguros aceptados - contratos no proporcionales (Guaraníes) — Participación utilidades reaseguros aceptados - contratos no proporcionales (Guaraníes) — Transporte,annual,PYG,2009-01-01T00:00:00Z,2025-12-31T00:00:00Z,review_indicator_only
e6bb3b7a2307a4f0b68d5ec37a8e3590,17,916,TRUE,insurance_annex:x1_31:76c001d82e1636821b752679,insurance_annex,Participación utilidades reaseguros aceptados - contratos proporcionales (Guaraníes) — Part. de Utilidades Reaseguros Aceptados Sección Defunción o Sepelio,Participación utilidades reaseguros aceptados - contratos proporcionales (Guaraníes) — Participación utilidades reaseguros aceptados - contratos proporcionales (Guaraníes) — Part. de Utilidades Reaseguros Aceptados Sección Defunción o Sepelio,annual,PYG,2009-01-01T00:00:00Z,2025-12-31T00:00:00Z,review_indicator_only
e6bb3b7a2307a4f0b68d5ec37a8e3590,17,916,TRUE,insurance_annex:x1_31:7882a02f42ea37d5e59db9a5,insurance_annex,"Participación utilidades reaseguros aceptados - contratos no proporcionales (Guaraníes) — Cristales, Vidrios y Espejos","Participación utilidades reaseguros aceptados - contratos no proporcionales (Guaraníes) — Participación utilidades reaseguros aceptados - contratos no proporcionales (Guaraníes) — Cristales, Vidrios y Espejos",annual,PYG,2009-01-01T00:00:00Z,2025-12-31T00:00:00Z,review_indicator_only
e6bb3b7a2307a4f0b68d5ec37a8e3590,17,916,TRUE,insurance_annex:x1_31:7c076e4fd13bcf8ca8a4badc,insurance_annex,Participación utilidades reaseguros aceptados - contratos no proporcionales (Guaraníes) — Total participación utilidades reaseguros aceptados - contratos no proporcionales,Participación utilidades reaseguros aceptados - contratos no proporcionales (Guaraníes) — Participación utilidades reaseguros aceptados - contratos no proporcionales (Guaraníes) — Total participación utilidades reaseguros aceptados - contratos no proporcionales,annual,PYG,2009-01-01T00:00:00Z,2025-12-31T00:00:00Z,review_indicator_only
e6bb3b7a2307a4f0b68d5ec37a8e3590,17,916,TRUE,insurance_annex:x1_31:7eb33a45bdd8ba775f15e010,insurance_annex,Total Gastos Reaseguros Aceptados - Local (Guaraníes) — Agropecuario,Total Gastos Reaseguros Aceptados - Local (Guaraníes) — Total Gastos Reaseguros Aceptados - Local (Guaraníes) — Agropecuario,annual,PYG,2009-01-01T00:00:00Z,2025-12-31T00:00:00Z,review_indicator_only
e6bb3b7a2307a4f0b68d5ec37a8e3590,17,916,TRUE,insurance_annex:x1_31:80088334a7971269fa905e36,insurance_annex,Participación utilidades reaseguros aceptados - contratos proporcionales (Guaraníes) — Part. de Utilidades Reaseguros Aceptados Sección Vida Individual Largo Plazo,Participación utilidades reaseguros aceptados - contratos proporcionales (Guaraníes) — Participación utilidades reaseguros aceptados - contratos proporcionales (Guaraníes) — Part. de Utilidades Reaseguros Aceptados Sección Vida Individual Largo Plazo,annual,PYG,2009-01-01T00:00:00Z,2025-12-31T00:00:00Z,review_indicator_only
e6bb3b7a2307a4f0b68d5ec37a8e3590,17,916,TRUE,insurance_annex:x1_31:8123c517991781b5be9d2c30,insurance_annex,Total Gastos Reaseguros Aceptados - Local (Guaraníes) — Total Vida Largo Plazo,Total Gastos Reaseguros Aceptados - Local (Guaraníes) — Total Gastos Reaseguros Aceptados - Local (Guaraníes) — Total Vida Largo Plazo,annual,PYG,2009-01-01T00:00:00Z,2025-12-31T00:00:00Z,review_indicator_only
e6bb3b7a2307a4f0b68d5ec37a8e3590,17,916,TRUE,insurance_annex:x1_31:8148e7ecfd70039cd320f9fd,insurance_annex,Participación utilidades reaseguros aceptados - contratos no proporcionales (Guaraníes) — Part. de Utilidades Reaseguros Aceptados Sección Defunción o Sepelio,Participación utilidades reaseguros aceptados - contratos no proporcionales (Guaraníes) — Participación utilidades reaseguros aceptados - contratos no proporcionales (Guaraníes) — Part. de Utilidades Reaseguros Aceptados Sección Defunción o Sepelio,annual,PYG,2009-01-01T00:00:00Z,2025-12-31T00:00:00Z,review_indicator_only
e6bb3b7a2307a4f0b68d5ec37a8e3590,17,916,TRUE,insurance_annex:x1_31:82019d10d654b8d2c9ed98fe,insurance_annex,Participación utilidades reaseguros aceptados - contratos proporcionales (Guaraníes) — Part. de Utilidades Reaseguros Aceptados Sección Pensiones Voluntarias,Participación utilidades reaseguros aceptados - contratos proporcionales (Guaraníes) — Participación utilidades reaseguros aceptados - contratos proporcionales (Guaraníes) — Part. de Utilidades Reaseguros Aceptados Sección Pensiones Voluntarias,annual,PYG,2009-01-01T00:00:00Z,2025-12-31T00:00:00Z,review_indicator_only
e6bb3b7a2307a4f0b68d5ec37a8e3590,17,916,TRUE,insurance_annex:x1_31:86857ffd396874be342aa4d0,insurance_annex,Participación utilidades reaseguros aceptados - contratos no proporcionales (Guaraníes) — Part. de Utilidades Reaseguros Aceptados Sección Vida Individual Largo Plazo,Participación utilidades reaseguros aceptados - contratos no proporcionales (Guaraníes) — Participación utilidades reaseguros aceptados - contratos no proporcionales (Guaraníes) — Part. de Utilidades Reaseguros Aceptados Sección Vida Individual Largo Plazo,annual,PYG,2009-01-01T00:00:00Z,2025-12-31T00:00:00Z,review_indicator_only
e6bb3b7a2307a4f0b68d5ec37a8e3590,17,916,TRUE,insurance_annex:x1_31:8af9b6c3691760984dc91b21,insurance_annex,Total Gastos Reaseguros Aceptados - Local (Guaraníes) — Toal Gastos Reaseguros Aceptados Sección Salud o Enfermedaad,Total Gastos Reaseguros Aceptados - Local (Guaraníes) — Total Gastos Reaseguros Aceptados - Local (Guaraníes) — Toal Gastos Reaseguros Aceptados Sección Salud o Enfermedaad,annual,PYG,2009-01-01T00:00:00Z,2025-12-31T00:00:00Z,review_indicator_only
e6bb3b7a2307a4f0b68d5ec37a8e3590,17,916,TRUE,insurance_annex:x1_31:8db560293ac199e91563d575,insurance_annex,Comisión reaseguros aceptados - contratos proporcionales (Guaraníes) — Comisión s/Primas Aceptadas Reaseguros Sección Desgravamen Hipotecario Corto Plazo,Comisión reaseguros aceptados - contratos proporcionales (Guaraníes) — Comisión reaseguros aceptados - contratos proporcionales (Guaraníes) — Comisión s/Primas Aceptadas Reaseguros Sección Desgravamen Hipotecario Corto Plazo,annual,PYG,2009-01-01T00:00:00Z,2025-12-31T00:00:00Z,review_indicator_only
e6bb3b7a2307a4f0b68d5ec37a8e3590,17,916,TRUE,insurance_annex:x1_31:8f65a2c2c25a41347074c611,insurance_annex,Participación utilidades reaseguros aceptados - contratos proporcionales (Guaraníes) — Total Vida Corto Plazo,Participación utilidades reaseguros aceptados - contratos proporcionales (Guaraníes) — Participación utilidades reaseguros aceptados - contratos proporcionales (Guaraníes) — Total Vida Corto Plazo,annual,PYG,2009-01-01T00:00:00Z,2025-12-31T00:00:00Z,review_indicator_only
e6bb3b7a2307a4f0b68d5ec37a8e3590,17,916,TRUE,insurance_annex:x1_31:941bd22d705153305dd776e1,insurance_annex,Participación utilidades reaseguros aceptados - contratos no proporcionales (Guaraníes) — Accidentes Personales,Participación utilidades reaseguros aceptados - contratos no proporcionales (Guaraníes) — Participación utilidades reaseguros aceptados - contratos no proporcionales (Guaraníes) — Accidentes Personales,annual,PYG,2009-01-01T00:00:00Z,2025-12-31T00:00:00Z,review_indicator_only
e6bb3b7a2307a4f0b68d5ec37a8e3590,17,916,TRUE,insurance_annex:x1_31:992b4563d9f96d974528a1d2,insurance_annex,Total Gastos Reaseguros Aceptados - Local (Guaraníes) — Total Gastos Reaseguros Aceptados Sección Desgravamen Hipotecario - corto plazo - CP,Total Gastos Reaseguros Aceptados - Local (Guaraníes) — Total Gastos Reaseguros Aceptados - Local (Guaraníes) — Total Gastos Reaseguros Aceptados Sección Desgravamen Hipotecario - corto plazo - CP,annual,PYG,2009-01-01T00:00:00Z,2025-12-31T00:00:00Z,review_indicator_only
e6bb3b7a2307a4f0b68d5ec37a8e3590,17,916,TRUE,insurance_annex:x1_31:9aad9d69d74299ed89475982,insurance_annex,Comisión reaseguros aceptados - contratos proporcionales (Guaraníes) — Incendio,Comisión reaseguros aceptados - contratos proporcionales (Guaraníes) — Comisión reaseguros aceptados - contratos proporcionales (Guaraníes) — Incendio,annual,PYG,2009-01-01T00:00:00Z,2025-12-31T00:00:00Z,review_indicator_only
e6bb3b7a2307a4f0b68d5ec37a8e3590,17,916,TRUE,insurance_annex:x1_31:9af829570d40f5c77d978043,insurance_annex,Total Gastos Reaseguros Aceptados - Local (Guaraníes) — Automóviles,Total Gastos Reaseguros Aceptados - Local (Guaraníes) — Total Gastos Reaseguros Aceptados - Local (Guaraníes) — Automóviles,annual,PYG,2009-01-01T00:00:00Z,2025-12-31T00:00:00Z,review_indicator_only
e6bb3b7a2307a4f0b68d5ec37a8e3590,17,916,TRUE,insurance_annex:x1_31:a163b09839744620649afb03,insurance_annex,Participación utilidades reaseguros aceptados - contratos no proporcionales (Guaraníes) — Part. de Utilidades Reaseguros Aceptados Sección Pensiones Voluntarias,Participación utilidades reaseguros aceptados - contratos no proporcionales (Guaraníes) — Participación utilidades reaseguros aceptados - contratos no proporcionales (Guaraníes) — Part. de Utilidades Reaseguros Aceptados Sección Pensiones Voluntarias,annual,PYG,2009-01-01T00:00:00Z,2025-12-31T00:00:00Z,review_indicator_only
e6bb3b7a2307a4f0b68d5ec37a8e3590,17,916,TRUE,insurance_annex:x1_31:a47a92b7fb422f6b4fcd8d93,insurance_annex,Participación utilidades reaseguros aceptados - contratos no proporcionales (Guaraníes) — Total Rama Patrimonial,Participación utilidades reaseguros aceptados - contratos no proporcionales (Guaraníes) — Participación utilidades reaseguros aceptados - contratos no proporcionales (Guaraníes) — Total Rama Patrimonial,annual,PYG,2009-01-01T00:00:00Z,2025-12-31T00:00:00Z,review_indicator_only
e6bb3b7a2307a4f0b68d5ec37a8e3590,17,916,TRUE,insurance_annex:x1_31:a59657e1d2234d7320913dc3,insurance_annex,Total Gastos Reaseguros Aceptados - Local (Guaraníes) — Total Gastos Reaseguros Aceptados Sección Pensiones Voluntarias - Largo Plazo,Total Gastos Reaseguros Aceptados - Local (Guaraníes) — Total Gastos Reaseguros Aceptados - Local (Guaraníes) — Total Gastos Reaseguros Aceptados Sección Pensiones Voluntarias - Largo Plazo,annual,PYG,2009-01-01T00:00:00Z,2025-12-31T00:00:00Z,review_indicator_only
e6bb3b7a2307a4f0b68d5ec37a8e3590,17,916,TRUE,insurance_annex:x1_31:a703b89defa66dc61474b2d5,insurance_annex,Participación utilidades reaseguros aceptados - contratos no proporcionales (Guaraníes) — Part. de Utilidades Reaseguros Aceptados Sección Seguros Colectivos Corto Plazo,Participación utilidades reaseguros aceptados - contratos no proporcionales (Guaraníes) — Participación utilidades reaseguros aceptados - contratos no proporcionales (Guaraníes) — Part. de Utilidades Reaseguros Aceptados Sección Seguros Colectivos Corto Plazo,annual,PYG,2009-01-01T00:00:00Z,2025-12-31T00:00:00Z,review_indicator_only
e6bb3b7a2307a4f0b68d5ec37a8e3590,17,916,TRUE,insurance_annex:x1_31:a7f2b3c369414d85961a1cf2,insurance_annex,Participación utilidades reaseguros aceptados - contratos no proporcionales (Guaraníes) — Robo y Asalto,Participación utilidades reaseguros aceptados - contratos no proporcionales (Guaraníes) — Participación utilidades reaseguros aceptados - contratos no proporcionales (Guaraníes) — Robo y Asalto,annual,PYG,2009-01-01T00:00:00Z,2025-12-31T00:00:00Z,review_indicator_only
e6bb3b7a2307a4f0b68d5ec37a8e3590,17,916,TRUE,insurance_annex:x1_31:acdf4a1c51a01596f85f754a,insurance_annex,Comisión reaseguros aceptados - contratos proporcionales (Guaraníes) — Agropecuario,Comisión reaseguros aceptados - contratos proporcionales (Guaraníes) — Comisión reaseguros aceptados - contratos proporcionales (Guaraníes) — Agropecuario,annual,PYG,2009-01-01T00:00:00Z,2025-12-31T00:00:00Z,review_indicator_only
e6bb3b7a2307a4f0b68d5ec37a8e3590,17,916,TRUE,insurance_annex:x1_31:ad43754b408701454e8db95d,insurance_annex,Total Gastos Reaseguros Aceptados - Local (Guaraníes) — Total Gastos Reaseguros Aceptados Sección Desgravamen Hipotecario - Largo Plazo,Total Gastos Reaseguros Aceptados - Local (Guaraníes) — Total Gastos Reaseguros Aceptados - Local (Guaraníes) — Total Gastos Reaseguros Aceptados Sección Desgravamen Hipotecario - Largo Plazo,annual,PYG,2009-01-01T00:00:00Z,2025-12-31T00:00:00Z,review_indicator_only
e6bb3b7a2307a4f0b68d5ec37a8e3590,17,916,TRUE,insurance_annex:x1_31:b65cb9519b7105ceb1a827a7,insurance_annex,Participación utilidades reaseguros aceptados - contratos proporcionales (Guaraníes) — Part. de Utilidades Reaseguros Aceptados Sección Salud o Enfermedad,Participación utilidades reaseguros aceptados - contratos proporcionales (Guaraníes) — Participación utilidades reaseguros aceptados - contratos proporcionales (Guaraníes) — Part. de Utilidades Reaseguros Aceptados Sección Salud o Enfermedad,annual,PYG,2009-01-01T00:00:00Z,2025-12-31T00:00:00Z,review_indicator_only
e6bb3b7a2307a4f0b68d5ec37a8e3590,17,916,TRUE,insurance_annex:x1_31:bb0f1ff502a5e4790fc04baa,insurance_annex,Comisión reaseguros aceptados - contratos proporcionales (Guaraníes) — Robo y Asalto,Comisión reaseguros aceptados - contratos proporcionales (Guaraníes) — Comisión reaseguros aceptados - contratos proporcionales (Guaraníes) — Robo y Asalto,annual,PYG,2009-01-01T00:00:00Z,2025-12-31T00:00:00Z,review_indicator_only
e6bb3b7a2307a4f0b68d5ec37a8e3590,17,916,TRUE,insurance_annex:x1_31:bbf0226948b5d0ccd0a5afe5,insurance_annex,Participación utilidades reaseguros aceptados - contratos no proporcionales (Guaraníes) — Riesgos Técnicos,Participación utilidades reaseguros aceptados - contratos no proporcionales (Guaraníes) — Participación utilidades reaseguros aceptados - contratos no proporcionales (Guaraníes) — Riesgos Técnicos,annual,PYG,2009-01-01T00:00:00Z,2025-12-31T00:00:00Z,review_indicator_only
e6bb3b7a2307a4f0b68d5ec37a8e3590,17,916,TRUE,insurance_annex:x1_31:be0edc302e668ca76a379219,insurance_annex,Participación utilidades reaseguros aceptados - contratos no proporcionales (Guaraníes) — Caución,Participación utilidades reaseguros aceptados - contratos no proporcionales (Guaraníes) — Participación utilidades reaseguros aceptados - contratos no proporcionales (Guaraníes) — Caución,annual,PYG,2009-01-01T00:00:00Z,2025-12-31T00:00:00Z,review_indicator_only
e6bb3b7a2307a4f0b68d5ec37a8e3590,17,916,TRUE,insurance_annex:x1_31:bea86f30b5c474c9241c6a7e,insurance_annex,Participación utilidades reaseguros aceptados - contratos no proporcionales (Guaraníes) — Aeronavegación,Participación utilidades reaseguros aceptados - contratos no proporcionales (Guaraníes) — Participación utilidades reaseguros aceptados - contratos no proporcionales (Guaraníes) — Aeronavegación,annual,PYG,2009-01-01T00:00:00Z,2025-12-31T00:00:00Z,review_indicator_only
e6bb3b7a2307a4f0b68d5ec37a8e3590,17,916,TRUE,insurance_annex:x1_31:bf3a7ec8f6b690f5e69c1a00,insurance_annex,Participación utilidades reaseguros aceptados - contratos no proporcionales (Guaraníes) — Total Vida Largo Plazo,Participación utilidades reaseguros aceptados - contratos no proporcionales (Guaraníes) — Participación utilidades reaseguros aceptados - contratos no proporcionales (Guaraníes) — Total Vida Largo Plazo,annual,PYG,2009-01-01T00:00:00Z,2025-12-31T00:00:00Z,review_indicator_only
e6bb3b7a2307a4f0b68d5ec37a8e3590,17,916,TRUE,insurance_annex:x1_31:c0b5ac67c29d6e2621ad4b86,insurance_annex,Participación utilidades reaseguros aceptados - contratos proporcionales (Guaraníes) — Part. de Utilidades Reaseguros Aceptados Sección Desgravamen Hipotecario Largo Plazo,Participación utilidades reaseguros aceptados - contratos proporcionales (Guaraníes) — Participación utilidades reaseguros aceptados - contratos proporcionales (Guaraníes) — Part. de Utilidades Reaseguros Aceptados Sección Desgravamen Hipotecario Largo Plazo,annual,PYG,2009-01-01T00:00:00Z,2025-12-31T00:00:00Z,review_indicator_only
e6bb3b7a2307a4f0b68d5ec37a8e3590,17,916,TRUE,insurance_annex:x1_31:c1496d79fbe6658e25bf030a,insurance_annex,Comisión reaseguros aceptados - contratos proporcionales (Guaraníes) — Aeronavegación,Comisión reaseguros aceptados - contratos proporcionales (Guaraníes) — Comisión reaseguros aceptados - contratos proporcionales (Guaraníes) — Aeronavegación,annual,PYG,2009-01-01T00:00:00Z,2025-12-31T00:00:00Z,review_indicator_only
e6bb3b7a2307a4f0b68d5ec37a8e3590,17,916,TRUE,insurance_annex:x1_31:cb175dd2787c1563a48e9144,insurance_annex,Comisión reaseguros aceptados - contratos proporcionales (Guaraníes) — Comisión s/Primas Aceptadas Reaseguros Sección Desgravamen Hipotecario Largo Plazo,Comisión reaseguros aceptados - contratos proporcionales (Guaraníes) — Comisión reaseguros aceptados - contratos proporcionales (Guaraníes) — Comisión s/Primas Aceptadas Reaseguros Sección Desgravamen Hipotecario Largo Plazo,annual,PYG,2009-01-01T00:00:00Z,2025-12-31T00:00:00Z,review_indicator_only
e6bb3b7a2307a4f0b68d5ec37a8e3590,17,916,TRUE,insurance_annex:x1_31:cb481db20abbb837a136605c,insurance_annex,Participación utilidades reaseguros aceptados - contratos no proporcionales (Guaraníes) — Responsabilidad Civil,Participación utilidades reaseguros aceptados - contratos no proporcionales (Guaraníes) — Participación utilidades reaseguros aceptados - contratos no proporcionales (Guaraníes) — Responsabilidad Civil,annual,PYG,2009-01-01T00:00:00Z,2025-12-31T00:00:00Z,review_indicator_only
e6bb3b7a2307a4f0b68d5ec37a8e3590,17,916,TRUE,insurance_annex:x1_31:cd4f81f69cf410e5a6fb4920,insurance_annex,Total Gastos Reaseguros Aceptados - Local (Guaraníes) — Total Gastos Reaseguros Aceptados Sección Defunción o Sepelio,Total Gastos Reaseguros Aceptados - Local (Guaraníes) — Total Gastos Reaseguros Aceptados - Local (Guaraníes) — Total Gastos Reaseguros Aceptados Sección Defunción o Sepelio,annual,PYG,2009-01-01T00:00:00Z,2025-12-31T00:00:00Z,review_indicator_only
e6bb3b7a2307a4f0b68d5ec37a8e3590,17,916,TRUE,insurance_annex:x1_31:d150444d180fc30c3a2e4802,insurance_annex,Total Gastos Reaseguros Aceptados - Local (Guaraníes) — Total Gastos Reaseguros Aceptados Sección Vida Individual - CP,Total Gastos Reaseguros Aceptados - Local (Guaraníes) — Total Gastos Reaseguros Aceptados - Local (Guaraníes) — Total Gastos Reaseguros Aceptados Sección Vida Individual - CP,annual,PYG,2009-01-01T00:00:00Z,2025-12-31T00:00:00Z,review_indicator_only
e6bb3b7a2307a4f0b68d5ec37a8e3590,17,916,TRUE,insurance_annex:x1_31:d6509e68f3ecbe2f496bdd32,insurance_annex,Participación utilidades reaseguros aceptados - contratos proporcionales (Guaraníes) — Part. de Utilidades Reaseguros Aceptados Sección Desgravamen Hipotecario Corto Plazo,Participación utilidades reaseguros aceptados - contratos proporcionales (Guaraníes) — Participación utilidades reaseguros aceptados - contratos proporcionales (Guaraníes) — Part. de Utilidades Reaseguros Aceptados Sección Desgravamen Hipotecario Corto Plazo,annual,PYG,2009-01-01T00:00:00Z,2025-12-31T00:00:00Z,review_indicator_only
e6bb3b7a2307a4f0b68d5ec37a8e3590,17,916,TRUE,insurance_annex:x1_31:dc1ba80e97f9edb8116d6d8f,insurance_annex,Comisión reaseguros aceptados - contratos proporcionales (Guaraníes) — Comisión s/Primas Aceptadas Reaseguros Sección Defunción o Sepelio,Comisión reaseguros aceptados - contratos proporcionales (Guaraníes) — Comisión reaseguros aceptados - contratos proporcionales (Guaraníes) — Comisión s/Primas Aceptadas Reaseguros Sección Defunción o Sepelio,annual,PYG,2009-01-01T00:00:00Z,2025-12-31T00:00:00Z,review_indicator_only
e6bb3b7a2307a4f0b68d5ec37a8e3590,17,916,TRUE,insurance_annex:x1_31:dde8bb9272cf5e1440df820e,insurance_annex,Participación utilidades reaseguros aceptados - contratos no proporcionales (Guaraníes) — Part. de Utilidades Reaseguros Aceptados Sección Desgravamen Hipotecario Corto Plazo,Participación utilidades reaseguros aceptados - contratos no proporcionales (Guaraníes) — Participación utilidades reaseguros aceptados - contratos no proporcionales (Guaraníes) — Part. de Utilidades Reaseguros Aceptados Sección Desgravamen Hipotecario Corto Plazo,annual,PYG,2009-01-01T00:00:00Z,2025-12-31T00:00:00Z,review_indicator_only
e6bb3b7a2307a4f0b68d5ec37a8e3590,17,916,TRUE,insurance_annex:x1_31:ea2c80968bf1e1798aa1f91f,insurance_annex,Comisión reaseguros aceptados - contratos proporcionales (Guaraníes) — Comisión s/Primas Aceptadas Reaseguros Sección Pensiones Voluntarias,Comisión reaseguros aceptados - contratos proporcionales (Guaraníes) — Comisión reaseguros aceptados - contratos proporcionales (Guaraníes) — Comisión s/Primas Aceptadas Reaseguros Sección Pensiones Voluntarias,annual,PYG,2009-01-01T00:00:00Z,2025-12-31T00:00:00Z,review_indicator_only
e6bb3b7a2307a4f0b68d5ec37a8e3590,17,916,TRUE,insurance_annex:x1_31:ecd9c25f576bb78392c31413,insurance_annex,Comisión reaseguros aceptados - contratos proporcionales (Guaraníes) — Responsabilidad Civil,Comisión reaseguros aceptados - contratos proporcionales (Guaraníes) — Comisión reaseguros aceptados - contratos proporcionales (Guaraníes) — Responsabilidad Civil,annual,PYG,2009-01-01T00:00:00Z,2025-12-31T00:00:00Z,review_indicator_only
e6bb3b7a2307a4f0b68d5ec37a8e3590,17,916,TRUE,insurance_annex:x1_31:ee6bcd54c129cc6c1f11a0f5,insurance_annex,"Comisión reaseguros aceptados - contratos proporcionales (Guaraníes) — Cristales, Vidrios y Espejos","Comisión reaseguros aceptados - contratos proporcionales (Guaraníes) — Comisión reaseguros aceptados - contratos proporcionales (Guaraníes) — Cristales, Vidrios y Espejos",annual,PYG,2009-01-01T00:00:00Z,2025-12-31T00:00:00Z,review_indicator_only
e6bb3b7a2307a4f0b68d5ec37a8e3590,17,916,TRUE,insurance_annex:x1_31:effe78b645078c855b3a6b6a,insurance_annex,Participación utilidades reaseguros aceptados - contratos no proporcionales (Guaraníes) — Riesgos Varios,Participación utilidades reaseguros aceptados - contratos no proporcionales (Guaraníes) — Participación utilidades reaseguros aceptados - contratos no proporcionales (Guaraníes) — Riesgos Varios,annual,PYG,2009-01-01T00:00:00Z,2025-12-31T00:00:00Z,review_indicator_only
e6bb3b7a2307a4f0b68d5ec37a8e3590,17,916,TRUE,insurance_annex:x1_31:f04bfa32912d5a2021d13690,insurance_annex,Participación utilidades reaseguros aceptados - contratos no proporcionales (Guaraníes) — Total Vida Corto Plazo,Participación utilidades reaseguros aceptados - contratos no proporcionales (Guaraníes) — Participación utilidades reaseguros aceptados - contratos no proporcionales (Guaraníes) — Total Vida Corto Plazo,annual,PYG,2009-01-01T00:00:00Z,2025-12-31T00:00:00Z,review_indicator_only
e6bb3b7a2307a4f0b68d5ec37a8e3590,17,916,TRUE,insurance_annex:x1_31:f4d68649a2c4be9024465644,insurance_annex,Participación utilidades reaseguros aceptados - contratos proporcionales (Guaraníes) — Part. de Utilidades Reaseguros Aceptados Sección Seguros Colectivos Largo Plazo,Participación utilidades reaseguros aceptados - contratos proporcionales (Guaraníes) — Participación utilidades reaseguros aceptados - contratos proporcionales (Guaraníes) — Part. de Utilidades Reaseguros Aceptados Sección Seguros Colectivos Largo Plazo,annual,PYG,2009-01-01T00:00:00Z,2025-12-31T00:00:00Z,review_indicator_only
e6bb3b7a2307a4f0b68d5ec37a8e3590,17,916,TRUE,insurance_annex:x1_31:fda115998afdf44c3a1b969f,insurance_annex,Comisión reaseguros aceptados - contratos proporcionales (Guaraníes) — Comisión s/Primas Aceptadas Reaseguros Sección Seguros Colectivos Largo Plazo,Comisión reaseguros aceptados - contratos proporcionales (Guaraníes) — Comisión reaseguros aceptados - contratos proporcionales (Guaraníes) — Comisión s/Primas Aceptadas Reaseguros Sección Seguros Colectivos Largo Plazo,annual,PYG,2009-01-01T00:00:00Z,2025-12-31T00:00:00Z,review_indicator_only
e6bb3b7a2307a4f0b68d5ec37a8e3590,17,916,TRUE,insurance_annex:x1_32:0409a194c4f38bc174602ed7,insurance_annex,Comisiones reaseguros aceptados - exterior (Guaraníes) — Responsabilidad Civil,Comisiones reaseguros aceptados - exterior (Guaraníes) — Comisiones reaseguros aceptados - exterior (Guaraníes) — Responsabilidad Civil,annual,PYG,2009-01-01T00:00:00Z,2025-12-31T00:00:00Z,review_indicator_only
e6bb3b7a2307a4f0b68d5ec37a8e3590,17,916,TRUE,insurance_annex:x1_32:04ee291d3ccfd5dae0737965,insurance_annex,Total Gastos Reaseguros Aceptados - Exterior (Guaraníes) — Total Vida Largo Plazo,Total Gastos Reaseguros Aceptados - Exterior (Guaraníes) — Total Gastos Reaseguros Aceptados - Exterior (Guaraníes) — Total Vida Largo Plazo,annual,PYG,2009-01-01T00:00:00Z,2025-12-31T00:00:00Z,review_indicator_only
e6bb3b7a2307a4f0b68d5ec37a8e3590,17,916,TRUE,insurance_annex:x1_32:100b72fc5e651a03e6547b7e,insurance_annex,Participación utilidades reaseguros aceptados - contratos no proporcionales (Guaraníes) — Automóviles,Participación utilidades reaseguros aceptados - contratos no proporcionales (Guaraníes) — Participación utilidades reaseguros aceptados - contratos no proporcionales (Guaraníes) — Automóviles,annual,PYG,2009-01-01T00:00:00Z,2025-12-31T00:00:00Z,review_indicator_only
e6bb3b7a2307a4f0b68d5ec37a8e3590,17,916,TRUE,insurance_annex:x1_32:11a09fa4f329914c3d219e4d,insurance_annex,Participación utilidades reaseguros aceptados - contratos no proporcionales (Guaraníes) — Part. de Utilidades Reaseguros Aceptados Sección Vida Individual Corto Plazo,Participación utilidades reaseguros aceptados - contratos no proporcionales (Guaraníes) — Participación utilidades reaseguros aceptados - contratos no proporcionales (Guaraníes) — Part. de Utilidades Reaseguros Aceptados Sección Vida Individual Corto Plazo,annual,PYG,2009-01-01T00:00:00Z,2025-12-31T00:00:00Z,review_indicator_only
e6bb3b7a2307a4f0b68d5ec37a8e3590,17,916,TRUE,insurance_annex:x1_32:18eb613857b6dbec09ede9a4,insurance_annex,Comisiones reaseguros aceptados - exterior (Guaraníes) — Comisión s/Primas Aceptadas Reaseguros Sección Salud o Enfermedad,Comisiones reaseguros aceptados - exterior (Guaraníes) — Comisiones reaseguros aceptados - exterior (Guaraníes) — Comisión s/Primas Aceptadas Reaseguros Sección Salud o Enfermedad,annual,PYG,2009-01-01T00:00:00Z,2025-12-31T00:00:00Z,review_indicator_only
e6bb3b7a2307a4f0b68d5ec37a8e3590,17,916,TRUE,insurance_annex:x1_32:1a189de26eeba1312df07eaf,insurance_annex,Participación utilidades reaseguros aceptados - contratos proporcionales (Guaraníes) — Accidentes a Pasajeros,Participación utilidades reaseguros aceptados - contratos proporcionales (Guaraníes) — Participación utilidades reaseguros aceptados - contratos proporcionales (Guaraníes) — Accidentes a Pasajeros,annual,PYG,2009-01-01T00:00:00Z,2025-12-31T00:00:00Z,review_indicator_only
e6bb3b7a2307a4f0b68d5ec37a8e3590,17,916,TRUE,insurance_annex:x1_32:1af4638d3682e357f1206808,insurance_annex,Total Gastos Reaseguros Aceptados - Exterior (Guaraníes) — Agropecuario,Total Gastos Reaseguros Aceptados - Exterior (Guaraníes) — Total Gastos Reaseguros Aceptados - Exterior (Guaraníes) — Agropecuario,annual,PYG,2009-01-01T00:00:00Z,2025-12-31T00:00:00Z,review_indicator_only
e6bb3b7a2307a4f0b68d5ec37a8e3590,17,916,TRUE,insurance_annex:x1_32:1e89fb11a238b5631944645d,insurance_annex,Participación utilidades reaseguros aceptados - contratos proporcionales (Guaraníes) — Part. de Utilidades Reaseguros Aceptados Sección Vida Individual Corto Plazo,Participación utilidades reaseguros aceptados - contratos proporcionales (Guaraníes) — Participación utilidades reaseguros aceptados - contratos proporcionales (Guaraníes) — Part. de Utilidades Reaseguros Aceptados Sección Vida Individual Corto Plazo,annual,PYG,2009-01-01T00:00:00Z,2025-12-31T00:00:00Z,review_indicator_only
e6bb3b7a2307a4f0b68d5ec37a8e3590,17,916,TRUE,insurance_annex:x1_32:252fee9b5248e26d2f7c11eb,insurance_annex,Comisiones reaseguros aceptados - exterior (Guaraníes) — Comisión s/Primas Aceptadas Reaseguros Sección Vida Individual Corto Plazo,Comisiones reaseguros aceptados - exterior (Guaraníes) — Comisiones reaseguros aceptados - exterior (Guaraníes) — Comisión s/Primas Aceptadas Reaseguros Sección Vida Individual Corto Plazo,annual,PYG,2009-01-01T00:00:00Z,2025-12-31T00:00:00Z,review_indicator_only
e6bb3b7a2307a4f0b68d5ec37a8e3590,17,916,TRUE,insurance_annex:x1_32:2d93206eda47d319bbd3ec62,insurance_annex,Comisiones reaseguros aceptados - exterior (Guaraníes) — Accidentes a Pasajeros,Comisiones reaseguros aceptados - exterior (Guaraníes) — Comisiones reaseguros aceptados - exterior (Guaraníes) — Accidentes a Pasajeros,annual,PYG,2009-01-01T00:00:00Z,2025-12-31T00:00:00Z,review_indicator_only
e6bb3b7a2307a4f0b68d5ec37a8e3590,17,916,TRUE,insurance_annex:x1_32:2e5cd69e38eee88162134f8e,insurance_annex,Comisiones reaseguros aceptados - exterior (Guaraníes) — Comisión s/Primas Aceptadas Reaseguros Sección Desgravamen Hipotecario Corto Plazo,Comisiones reaseguros aceptados - exterior (Guaraníes) — Comisiones reaseguros aceptados - exterior (Guaraníes) — Comisión s/Primas Aceptadas Reaseguros Sección Desgravamen Hipotecario Corto Plazo,annual,PYG,2009-01-01T00:00:00Z,2025-12-31T00:00:00Z,review_indicator_only
e6bb3b7a2307a4f0b68d5ec37a8e3590,17,916,TRUE,insurance_annex:x1_32:314359fdee0358c2887a266f,insurance_annex,Total Gastos Reaseguros Aceptados - Exterior (Guaraníes) — Accidentes a Pasajeros,Total Gastos Reaseguros Aceptados - Exterior (Guaraníes) — Total Gastos Reaseguros Aceptados - Exterior (Guaraníes) — Accidentes a Pasajeros,annual,PYG,2009-01-01T00:00:00Z,2025-12-31T00:00:00Z,review_indicator_only
e6bb3b7a2307a4f0b68d5ec37a8e3590,17,916,TRUE,insurance_annex:x1_32:38c3f2b36391e1bb275a775a,insurance_annex,Participación utilidades reaseguros aceptados - contratos no proporcionales (Guaraníes) — Agropecuario,Participación utilidades reaseguros aceptados - contratos no proporcionales (Guaraníes) — Participación utilidades reaseguros aceptados - contratos no proporcionales (Guaraníes) — Agropecuario,annual,PYG,2009-01-01T00:00:00Z,2025-12-31T00:00:00Z,review_indicator_only
e6bb3b7a2307a4f0b68d5ec37a8e3590,17,916,TRUE,insurance_annex:x1_32:3ca75d38a0f8556070569381,insurance_annex,Participación utilidades reaseguros aceptados - contratos proporcionales (Guaraníes) — Total Vida Largo Plazo,Participación utilidades reaseguros aceptados - contratos proporcionales (Guaraníes) — Participación utilidades reaseguros aceptados - contratos proporcionales (Guaraníes) — Total Vida Largo Plazo,annual,PYG,2009-01-01T00:00:00Z,2025-12-31T00:00:00Z,review_indicator_only
e6bb3b7a2307a4f0b68d5ec37a8e3590,17,916,TRUE,insurance_annex:x1_32:3cd9e47e59d950b74c8bdd92,insurance_annex,Participación utilidades reaseguros aceptados - contratos no proporcionales (Guaraníes) — Accidentes a Pasajeros,Participación utilidades reaseguros aceptados - contratos no proporcionales (Guaraníes) — Participación utilidades reaseguros aceptados - contratos no proporcionales (Guaraníes) — Accidentes a Pasajeros,annual,PYG,2009-01-01T00:00:00Z,2025-12-31T00:00:00Z,review_indicator_only
e6bb3b7a2307a4f0b68d5ec37a8e3590,17,916,TRUE,insurance_annex:x1_32:4baa87cd15e14926f8b82867,insurance_annex,Comisiones reaseguros aceptados - exterior (Guaraníes) — Comisión s/Primas Aceptadas Reaseguros Sección Pensiones Voluntarias,Comisiones reaseguros aceptados - exterior (Guaraníes) — Comisiones reaseguros aceptados - exterior (Guaraníes) — Comisión s/Primas Aceptadas Reaseguros Sección Pensiones Voluntarias,annual,PYG,2009-01-01T00:00:00Z,2025-12-31T00:00:00Z,review_indicator_only
e6bb3b7a2307a4f0b68d5ec37a8e3590,17,916,TRUE,insurance_annex:x1_32:4be4ade41f83efe85ff7e75c,insurance_annex,Participación utilidades reaseguros aceptados - contratos no proporcionales (Guaraníes) — Part. de Utilidades Reaseguros Aceptados Sección Desgravamen Hipotecario Largo Plazo,Participación utilidades reaseguros aceptados - contratos no proporcionales (Guaraníes) — Participación utilidades reaseguros aceptados - contratos no proporcionales (Guaraníes) — Part. de Utilidades Reaseguros Aceptados Sección Desgravamen Hipotecario Largo Plazo,annual,PYG,2009-01-01T00:00:00Z,2025-12-31T00:00:00Z,review_indicator_only
e6bb3b7a2307a4f0b68d5ec37a8e3590,17,916,TRUE,insurance_annex:x1_32:594c1c0169603a669b09a72f,insurance_annex,Participación utilidades reaseguros aceptados - contratos proporcionales (Guaraníes) — Agropecuario,Participación utilidades reaseguros aceptados - contratos proporcionales (Guaraníes) — Participación utilidades reaseguros aceptados - contratos proporcionales (Guaraníes) — Agropecuario,annual,PYG,2009-01-01T00:00:00Z,2025-12-31T00:00:00Z,review_indicator_only
e6bb3b7a2307a4f0b68d5ec37a8e3590,17,916,TRUE,insurance_annex:x1_32:59e1b4a83274a82adc5f6acd,insurance_annex,Comisiones reaseguros aceptados - exterior (Guaraníes) — Transporte,Comisiones reaseguros aceptados - exterior (Guaraníes) — Comisiones reaseguros aceptados - exterior (Guaraníes) — Transporte,annual,PYG,2009-01-01T00:00:00Z,2025-12-31T00:00:00Z,review_indicator_only
e6bb3b7a2307a4f0b68d5ec37a8e3590,17,916,TRUE,insurance_annex:x1_32:5c0b71e04e02da2defd3f402,insurance_annex,Participación utilidades reaseguros aceptados - contratos no proporcionales (Guaraníes) — Part. de Utilidades Reaseguros Aceptados Sección Seguros Colectivos Largo Plazo,Participación utilidades reaseguros aceptados - contratos no proporcionales (Guaraníes) — Participación utilidades reaseguros aceptados - contratos no proporcionales (Guaraníes) — Part. de Utilidades Reaseguros Aceptados Sección Seguros Colectivos Largo Plazo,annual,PYG,2009-01-01T00:00:00Z,2025-12-31T00:00:00Z,review_indicator_only
e6bb3b7a2307a4f0b68d5ec37a8e3590,17,916,TRUE,insurance_annex:x1_32:5ec0d6e3493504f227ed15ff,insurance_annex,Total Gastos Reaseguros Aceptados - Exterior (Guaraníes) — Total Gastos Reaseguros Aceptados Sección Vida Individual,Total Gastos Reaseguros Aceptados - Exterior (Guaraníes) — Total Gastos Reaseguros Aceptados - Exterior (Guaraníes) — Total Gastos Reaseguros Aceptados Sección Vida Individual,annual,PYG,2009-01-01T00:00:00Z,2025-12-31T00:00:00Z,review_indicator_only
e6bb3b7a2307a4f0b68d5ec37a8e3590,17,916,TRUE,insurance_annex:x1_32:5fc786045e2fa5dd638ebacb,insurance_annex,"Comisiones reaseguros aceptados - exterior (Guaraníes) — Cristales, Vidrios y Espejos","Comisiones reaseguros aceptados - exterior (Guaraníes) — Comisiones reaseguros aceptados - exterior (Guaraníes) — Cristales, Vidrios y Espejos",annual,PYG,2009-01-01T00:00:00Z,2025-12-31T00:00:00Z,review_indicator_only
e6bb3b7a2307a4f0b68d5ec37a8e3590,17,916,TRUE,insurance_annex:x1_32:60e3d6033f6ad83f17039fd7,insurance_annex,Participación utilidades reaseguros aceptados - contratos no proporcionales (Guaraníes) — Part. de Utilidades Reaseguros Aceptados Sección Salud o Enfermedad,Participación utilidades reaseguros aceptados - contratos no proporcionales (Guaraníes) — Participación utilidades reaseguros aceptados - contratos no proporcionales (Guaraníes) — Part. de Utilidades Reaseguros Aceptados Sección Salud o Enfermedad,annual,PYG,2009-01-01T00:00:00Z,2025-12-31T00:00:00Z,review_indicator_only
e6bb3b7a2307a4f0b68d5ec37a8e3590,17,916,TRUE,insurance_annex:x1_32:61e2bf2ca84f0e95e012b3fa,insurance_annex,Comisiones reaseguros aceptados - exterior (Guaraníes) — Comisión s/Primas Aceptadas Reaseguros Sección Vida Individual Largo Plazo,Comisiones reaseguros aceptados - exterior (Guaraníes) — Comisiones reaseguros aceptados - exterior (Guaraníes) — Comisión s/Primas Aceptadas Reaseguros Sección Vida Individual Largo Plazo,annual,PYG,2009-01-01T00:00:00Z,2025-12-31T00:00:00Z,review_indicator_only
e6bb3b7a2307a4f0b68d5ec37a8e3590,17,916,TRUE,insurance_annex:x1_32:6259829c8055808bde3d6d1d,insurance_annex,Comisiones reaseguros aceptados - exterior (Guaraníes) — Comisión s/Primas Aceptadas Reaseguros Sección Seguros Colectivos Largo Plazo,Comisiones reaseguros aceptados - exterior (Guaraníes) — Comisiones reaseguros aceptados - exterior (Guaraníes) — Comisión s/Primas Aceptadas Reaseguros Sección Seguros Colectivos Largo Plazo,annual,PYG,2009-01-01T00:00:00Z,2025-12-31T00:00:00Z,review_indicator_only
e6bb3b7a2307a4f0b68d5ec37a8e3590,17,916,TRUE,insurance_annex:x1_32:634a70a3fba2a20f04523e93,insurance_annex,Total Gastos Reaseguros Aceptados - Exterior (Guaraníes) — Total Gastos Reaseguros Aceptados Sección Salud o Enferme,Total Gastos Reaseguros Aceptados - Exterior (Guaraníes) — Total Gastos Reaseguros Aceptados - Exterior (Guaraníes) — Total Gastos Reaseguros Aceptados Sección Salud o Enferme,annual,PYG,2009-01-01T00:00:00Z,2025-12-31T00:00:00Z,review_indicator_only
e6bb3b7a2307a4f0b68d5ec37a8e3590,17,916,TRUE,insurance_annex:x1_32:63b628c1b5da01cdb5915467,insurance_annex,Total Gastos Reaseguros Aceptados - Exterior (Guaraníes) — Total Gastos Reaseguros Aceptados Sección Defunción o Sep,Total Gastos Reaseguros Aceptados - Exterior (Guaraníes) — Total Gastos Reaseguros Aceptados - Exterior (Guaraníes) — Total Gastos Reaseguros Aceptados Sección Defunción o Sep,annual,PYG,2009-01-01T00:00:00Z,2025-12-31T00:00:00Z,review_indicator_only
e6bb3b7a2307a4f0b68d5ec37a8e3590,17,916,TRUE,insurance_annex:x1_32:714a875acd38e547df563787,insurance_annex,Comisiones reaseguros aceptados - exterior (Guaraníes) — Total Vida Corto Plazo,Comisiones reaseguros aceptados - exterior (Guaraníes) — Comisiones reaseguros aceptados - exterior (Guaraníes) — Total Vida Corto Plazo,annual,PYG,2009-01-01T00:00:00Z,2025-12-31T00:00:00Z,review_indicator_only
e6bb3b7a2307a4f0b68d5ec37a8e3590,17,916,TRUE,insurance_annex:x1_32:76c001d82e1636821b752679,insurance_annex,Participación utilidades reaseguros aceptados - contratos proporcionales (Guaraníes) — Part. de Utilidades Reaseguros Aceptados Sección Defunción o Sepelio,Participación utilidades reaseguros aceptados - contratos proporcionales (Guaraníes) — Participación utilidades reaseguros aceptados - contratos proporcionales (Guaraníes) — Part. de Utilidades Reaseguros Aceptados Sección Defunción o Sepelio,annual,PYG,2009-01-01T00:00:00Z,2025-12-31T00:00:00Z,review_indicator_only
e6bb3b7a2307a4f0b68d5ec37a8e3590,17,916,TRUE,insurance_annex:x1_32:7882a02f42ea37d5e59db9a5,insurance_annex,"Participación utilidades reaseguros aceptados - contratos no proporcionales (Guaraníes) — Cristales, Vidrios y Espejos","Participación utilidades reaseguros aceptados - contratos no proporcionales (Guaraníes) — Participación utilidades reaseguros aceptados - contratos no proporcionales (Guaraníes) — Cristales, Vidrios y Espejos",annual,PYG,2009-01-01T00:00:00Z,2025-12-31T00:00:00Z,review_indicator_only
e6bb3b7a2307a4f0b68d5ec37a8e3590,17,916,TRUE,insurance_annex:x1_32:80088334a7971269fa905e36,insurance_annex,Participación utilidades reaseguros aceptados - contratos proporcionales (Guaraníes) — Part. de Utilidades Reaseguros Aceptados Sección Vida Individual Largo Plazo,Participación utilidades reaseguros aceptados - contratos proporcionales (Guaraníes) — Participación utilidades reaseguros aceptados - contratos proporcionales (Guaraníes) — Part. de Utilidades Reaseguros Aceptados Sección Vida Individual Largo Plazo,annual,PYG,2009-01-01T00:00:00Z,2025-12-31T00:00:00Z,review_indicator_only
e6bb3b7a2307a4f0b68d5ec37a8e3590,17,916,TRUE,insurance_annex:x1_32:8148e7ecfd70039cd320f9fd,insurance_annex,Participación utilidades reaseguros aceptados - contratos no proporcionales (Guaraníes) — Part. de Utilidades Reaseguros Aceptados Sección Defunción o Sepelio,Participación utilidades reaseguros aceptados - contratos no proporcionales (Guaraníes) — Participación utilidades reaseguros aceptados - contratos no proporcionales (Guaraníes) — Part. de Utilidades Reaseguros Aceptados Sección Defunción o Sepelio,annual,PYG,2009-01-01T00:00:00Z,2025-12-31T00:00:00Z,review_indicator_only
e6bb3b7a2307a4f0b68d5ec37a8e3590,17,916,TRUE,insurance_annex:x1_32:82019d10d654b8d2c9ed98fe,insurance_annex,Participación utilidades reaseguros aceptados - contratos proporcionales (Guaraníes) — Part. de Utilidades Reaseguros Aceptados Sección Pensiones Voluntarias,Participación utilidades reaseguros aceptados - contratos proporcionales (Guaraníes) — Participación utilidades reaseguros aceptados - contratos proporcionales (Guaraníes) — Part. de Utilidades Reaseguros Aceptados Sección Pensiones Voluntarias,annual,PYG,2009-01-01T00:00:00Z,2025-12-31T00:00:00Z,review_indicator_only
e6bb3b7a2307a4f0b68d5ec37a8e3590,17,916,TRUE,insurance_annex:x1_32:86857ffd396874be342aa4d0,insurance_annex,Participación utilidades reaseguros aceptados - contratos no proporcionales (Guaraníes) — Part. de Utilidades Reaseguros Aceptados Sección Vida Individual Largo Plazo,Participación utilidades reaseguros aceptados - contratos no proporcionales (Guaraníes) — Participación utilidades reaseguros aceptados - contratos no proporcionales (Guaraníes) — Part. de Utilidades Reaseguros Aceptados Sección Vida Individual Largo Plazo,annual,PYG,2009-01-01T00:00:00Z,2025-12-31T00:00:00Z,review_indicator_only
e6bb3b7a2307a4f0b68d5ec37a8e3590,17,916,TRUE,insurance_annex:x1_32:8a154cc3ee621fc48db55949,insurance_annex,Comisiones reaseguros aceptados - exterior (Guaraníes) — Riesgos Varios,Comisiones reaseguros aceptados - exterior (Guaraníes) — Comisiones reaseguros aceptados - exterior (Guaraníes) — Riesgos Varios,annual,PYG,2009-01-01T00:00:00Z,2025-12-31T00:00:00Z,review_indicator_only
e6bb3b7a2307a4f0b68d5ec37a8e3590,17,916,TRUE,insurance_annex:x1_32:916e9bc700c775dd8487a8f9,insurance_annex,Comisiones reaseguros aceptados - exterior (Guaraníes) — Robo y Asalto,Comisiones reaseguros aceptados - exterior (Guaraníes) — Comisiones reaseguros aceptados - exterior (Guaraníes) — Robo y Asalto,annual,PYG,2009-01-01T00:00:00Z,2025-12-31T00:00:00Z,review_indicator_only
e6bb3b7a2307a4f0b68d5ec37a8e3590,17,916,TRUE,insurance_annex:x1_32:941bd22d705153305dd776e1,insurance_annex,Participación utilidades reaseguros aceptados - contratos no proporcionales (Guaraníes) — Accidentes Personales,Participación utilidades reaseguros aceptados - contratos no proporcionales (Guaraníes) — Participación utilidades reaseguros aceptados - contratos no proporcionales (Guaraníes) — Accidentes Personales,annual,PYG,2009-01-01T00:00:00Z,2025-12-31T00:00:00Z,review_indicator_only
e6bb3b7a2307a4f0b68d5ec37a8e3590,17,916,TRUE,insurance_annex:x1_32:9a15363b74b275150657034d,insurance_annex,Total Gastos Reaseguros Aceptados - Exterior (Guaraníes) — Total Gastos Reaseguros Aceptados Sección Seguros Colecti,Total Gastos Reaseguros Aceptados - Exterior (Guaraníes) — Total Gastos Reaseguros Aceptados - Exterior (Guaraníes) — Total Gastos Reaseguros Aceptados Sección Seguros Colecti,annual,PYG,2009-01-01T00:00:00Z,2025-12-31T00:00:00Z,review_indicator_only
e6bb3b7a2307a4f0b68d5ec37a8e3590,17,916,TRUE,insurance_annex:x1_32:9ba8c6aba23199ee9ce044cc,insurance_annex,Total Gastos Reaseguros Aceptados - Exterior (Guaraníes) — Total Gastos Reaseguros Aceptados Sección Vida Individual,Total Gastos Reaseguros Aceptados - Exterior (Guaraníes) — Total Gastos Reaseguros Aceptados - Exterior (Guaraníes) — Total Gastos Reaseguros Aceptados Sección Vida Individual,annual,PYG,2009-01-01T00:00:00Z,2025-12-31T00:00:00Z,review_indicator_only
e6bb3b7a2307a4f0b68d5ec37a8e3590,17,916,TRUE,insurance_annex:x1_32:9d4a47e517aae255b31f095e,insurance_annex,Comisiones reaseguros aceptados - exterior (Guaraníes) — Comisión s/Primas Aceptadas Reaseguros Sección Desgravamen Hipotecario Largo Plazo,Comisiones reaseguros aceptados - exterior (Guaraníes) — Comisiones reaseguros aceptados - exterior (Guaraníes) — Comisión s/Primas Aceptadas Reaseguros Sección Desgravamen Hipotecario Largo Plazo,annual,PYG,2009-01-01T00:00:00Z,2025-12-31T00:00:00Z,review_indicator_only
e6bb3b7a2307a4f0b68d5ec37a8e3590,17,916,TRUE,insurance_annex:x1_32:9ef634ec5209ef9509a917ad,insurance_annex,Participación utilidades reaseguros aceptados - contratos proporcionales (Guaraníes) — Aeronavegación,Participación utilidades reaseguros aceptados - contratos proporcionales (Guaraníes) — Participación utilidades reaseguros aceptados - contratos proporcionales (Guaraníes) — Aeronavegación,annual,PYG,2009-01-01T00:00:00Z,2025-12-31T00:00:00Z,review_indicator_only
e6bb3b7a2307a4f0b68d5ec37a8e3590,17,916,TRUE,insurance_annex:x1_32:a0db8c57582457d1c982d284,insurance_annex,Total Gastos Reaseguros Aceptados - Exterior (Guaraníes) — Total Gastos Reaseguros Aceptados Sección Desgravamen Hip,Total Gastos Reaseguros Aceptados - Exterior (Guaraníes) — Total Gastos Reaseguros Aceptados - Exterior (Guaraníes) — Total Gastos Reaseguros Aceptados Sección Desgravamen Hip,annual,PYG,2009-01-01T00:00:00Z,2025-12-31T00:00:00Z,review_indicator_only
e6bb3b7a2307a4f0b68d5ec37a8e3590,17,916,TRUE,insurance_annex:x1_32:a163b09839744620649afb03,insurance_annex,Participación utilidades reaseguros aceptados - contratos no proporcionales (Guaraníes) — Part. de Utilidades Reaseguros Aceptados Sección Pensiones Voluntarias,Participación utilidades reaseguros aceptados - contratos no proporcionales (Guaraníes) — Participación utilidades reaseguros aceptados - contratos no proporcionales (Guaraníes) — Part. de Utilidades Reaseguros Aceptados Sección Pensiones Voluntarias,annual,PYG,2009-01-01T00:00:00Z,2025-12-31T00:00:00Z,review_indicator_only
e6bb3b7a2307a4f0b68d5ec37a8e3590,17,916,TRUE,insurance_annex:x1_32:a7f2b3c369414d85961a1cf2,insurance_annex,Participación utilidades reaseguros aceptados - contratos no proporcionales (Guaraníes) — Robo y Asalto,Participación utilidades reaseguros aceptados - contratos no proporcionales (Guaraníes) — Participación utilidades reaseguros aceptados - contratos no proporcionales (Guaraníes) — Robo y Asalto,annual,PYG,2009-01-01T00:00:00Z,2025-12-31T00:00:00Z,review_indicator_only
e6bb3b7a2307a4f0b68d5ec37a8e3590,17,916,TRUE,insurance_annex:x1_32:acefeab9c70d882b81d409b7,insurance_annex,Comisiones reaseguros aceptados - exterior (Guaraníes) — Automóviles,Comisiones reaseguros aceptados - exterior (Guaraníes) — Comisiones reaseguros aceptados - exterior (Guaraníes) — Automóviles,annual,PYG,2009-01-01T00:00:00Z,2025-12-31T00:00:00Z,review_indicator_only
e6bb3b7a2307a4f0b68d5ec37a8e3590,17,916,TRUE,insurance_annex:x1_32:adce9a91966d2f2855841284,insurance_annex,Comisiones reaseguros aceptados - exterior (Guaraníes) — Total Vida Largo Plazo,Comisiones reaseguros aceptados - exterior (Guaraníes) — Comisiones reaseguros aceptados - exterior (Guaraníes) — Total Vida Largo Plazo,annual,PYG,2009-01-01T00:00:00Z,2025-12-31T00:00:00Z,review_indicator_only
e6bb3b7a2307a4f0b68d5ec37a8e3590,17,916,TRUE,insurance_annex:x1_32:ae7e749ec33c959d42e5ab44,insurance_annex,Total Gastos Reaseguros Aceptados - Exterior (Guaraníes) — Total Gastos Reaseguros Aceptados Sección Desgravamen Hipotecario,Total Gastos Reaseguros Aceptados - Exterior (Guaraníes) — Total Gastos Reaseguros Aceptados - Exterior (Guaraníes) — Total Gastos Reaseguros Aceptados Sección Desgravamen Hipotecario,annual,PYG,2009-01-01T00:00:00Z,2025-12-31T00:00:00Z,review_indicator_only
e6bb3b7a2307a4f0b68d5ec37a8e3590,17,916,TRUE,insurance_annex:x1_32:b59ea4ebc456c0da9818e34c,insurance_annex,Comisiones reaseguros aceptados - exterior (Guaraníes) — Incendio,Comisiones reaseguros aceptados - exterior (Guaraníes) — Comisiones reaseguros aceptados - exterior (Guaraníes) — Incendio,annual,PYG,2009-01-01T00:00:00Z,2025-12-31T00:00:00Z,review_indicator_only
e6bb3b7a2307a4f0b68d5ec37a8e3590,17,916,TRUE,insurance_annex:x1_32:b65cb9519b7105ceb1a827a7,insurance_annex,Participación utilidades reaseguros aceptados - contratos proporcionales (Guaraníes) — Part. de Utilidades Reaseguros Aceptados Sección Salud o Enfermedad,Participación utilidades reaseguros aceptados - contratos proporcionales (Guaraníes) — Participación utilidades reaseguros aceptados - contratos proporcionales (Guaraníes) — Part. de Utilidades Reaseguros Aceptados Sección Salud o Enfermedad,annual,PYG,2009-01-01T00:00:00Z,2025-12-31T00:00:00Z,review_indicator_only
e6bb3b7a2307a4f0b68d5ec37a8e3590,17,916,TRUE,insurance_annex:x1_32:be0edc302e668ca76a379219,insurance_annex,Participación utilidades reaseguros aceptados - contratos no proporcionales (Guaraníes) — Caución,Participación utilidades reaseguros aceptados - contratos no proporcionales (Guaraníes) — Participación utilidades reaseguros aceptados - contratos no proporcionales (Guaraníes) — Caución,annual,PYG,2009-01-01T00:00:00Z,2025-12-31T00:00:00Z,review_indicator_only
e6bb3b7a2307a4f0b68d5ec37a8e3590,17,916,TRUE,insurance_annex:x1_32:bea86f30b5c474c9241c6a7e,insurance_annex,Participación utilidades reaseguros aceptados - contratos no proporcionales (Guaraníes) — Aeronavegación,Participación utilidades reaseguros aceptados - contratos no proporcionales (Guaraníes) — Participación utilidades reaseguros aceptados - contratos no proporcionales (Guaraníes) — Aeronavegación,annual,PYG,2009-01-01T00:00:00Z,2025-12-31T00:00:00Z,review_indicator_only
e6bb3b7a2307a4f0b68d5ec37a8e3590,17,916,TRUE,insurance_annex:x1_32:bf3a7ec8f6b690f5e69c1a00,insurance_annex,Participación utilidades reaseguros aceptados - contratos no proporcionales (Guaraníes) — Total Vida Largo Plazo,Participación utilidades reaseguros aceptados - contratos no proporcionales (Guaraníes) — Participación utilidades reaseguros aceptados - contratos no proporcionales (Guaraníes) — Total Vida Largo Plazo,annual,PYG,2009-01-01T00:00:00Z,2025-12-31T00:00:00Z,review_indicator_only
e6bb3b7a2307a4f0b68d5ec37a8e3590,17,916,TRUE,insurance_annex:x1_32:c0b5ac67c29d6e2621ad4b86,insurance_annex,Participación utilidades reaseguros aceptados - contratos proporcionales (Guaraníes) — Part. de Utilidades Reaseguros Aceptados Sección Desgravamen Hipotecario Largo Plazo,Participación utilidades reaseguros aceptados - contratos proporcionales (Guaraníes) — Participación utilidades reaseguros aceptados - contratos proporcionales (Guaraníes) — Part. de Utilidades Reaseguros Aceptados Sección Desgravamen Hipotecario Largo Plazo,annual,PYG,2009-01-01T00:00:00Z,2025-12-31T00:00:00Z,review_indicator_only
e6bb3b7a2307a4f0b68d5ec37a8e3590,17,916,TRUE,insurance_annex:x1_32:c3be46fc383fd7d0f49a4807,insurance_annex,Comisiones reaseguros aceptados - exterior (Guaraníes) — Riesgos Técnicos,Comisiones reaseguros aceptados - exterior (Guaraníes) — Comisiones reaseguros aceptados - exterior (Guaraníes) — Riesgos Técnicos,annual,PYG,2009-01-01T00:00:00Z,2025-12-31T00:00:00Z,review_indicator_only
e6bb3b7a2307a4f0b68d5ec37a8e3590,17,916,TRUE,insurance_annex:x1_32:c624f48ea9dc477335097022,insurance_annex,Comisiones reaseguros aceptados - exterior (Guaraníes) — Aeronavegación,Comisiones reaseguros aceptados - exterior (Guaraníes) — Comisiones reaseguros aceptados - exterior (Guaraníes) — Aeronavegación,annual,PYG,2009-01-01T00:00:00Z,2025-12-31T00:00:00Z,review_indicator_only
e6bb3b7a2307a4f0b68d5ec37a8e3590,17,916,TRUE,insurance_annex:x1_32:cb481db20abbb837a136605c,insurance_annex,Participación utilidades reaseguros aceptados - contratos no proporcionales (Guaraníes) — Responsabilidad Civil,Participación utilidades reaseguros aceptados - contratos no proporcionales (Guaraníes) — Participación utilidades reaseguros aceptados - contratos no proporcionales (Guaraníes) — Responsabilidad Civil,annual,PYG,2009-01-01T00:00:00Z,2025-12-31T00:00:00Z,review_indicator_only
e6bb3b7a2307a4f0b68d5ec37a8e3590,17,916,TRUE,insurance_annex:x1_32:cf1f675fdbdd601405b46c89,insurance_annex,Total Gastos Reaseguros Aceptados - Exterior (Guaraníes) — Total Gastos Reaseguros Aceptados Sección Pensiones Volun,Total Gastos Reaseguros Aceptados - Exterior (Guaraníes) — Total Gastos Reaseguros Aceptados - Exterior (Guaraníes) — Total Gastos Reaseguros Aceptados Sección Pensiones Volun,annual,PYG,2009-01-01T00:00:00Z,2025-12-31T00:00:00Z,review_indicator_only
e6bb3b7a2307a4f0b68d5ec37a8e3590,17,916,TRUE,insurance_annex:x1_32:d6509e68f3ecbe2f496bdd32,insurance_annex,Participación utilidades reaseguros aceptados - contratos proporcionales (Guaraníes) — Part. de Utilidades Reaseguros Aceptados Sección Desgravamen Hipotecario Corto Plazo,Participación utilidades reaseguros aceptados - contratos proporcionales (Guaraníes) — Participación utilidades reaseguros aceptados - contratos proporcionales (Guaraníes) — Part. de Utilidades Reaseguros Aceptados Sección Desgravamen Hipotecario Corto Plazo,annual,PYG,2009-01-01T00:00:00Z,2025-12-31T00:00:00Z,review_indicator_only
e6bb3b7a2307a4f0b68d5ec37a8e3590,17,916,TRUE,insurance_annex:x1_32:d8a0034ced3b47c378552efa,insurance_annex,Total Gastos Reaseguros Aceptados - Exterior (Guaraníes) — Aeronavegación,Total Gastos Reaseguros Aceptados - Exterior (Guaraníes) — Total Gastos Reaseguros Aceptados - Exterior (Guaraníes) — Aeronavegación,annual,PYG,2009-01-01T00:00:00Z,2025-12-31T00:00:00Z,review_indicator_only
e6bb3b7a2307a4f0b68d5ec37a8e3590,17,916,TRUE,insurance_annex:x1_32:dde8bb9272cf5e1440df820e,insurance_annex,Participación utilidades reaseguros aceptados - contratos no proporcionales (Guaraníes) — Part. de Utilidades Reaseguros Aceptados Sección Desgravamen Hipotecario Corto Plazo,Participación utilidades reaseguros aceptados - contratos no proporcionales (Guaraníes) — Participación utilidades reaseguros aceptados - contratos no proporcionales (Guaraníes) — Part. de Utilidades Reaseguros Aceptados Sección Desgravamen Hipotecario Corto Plazo,annual,PYG,2009-01-01T00:00:00Z,2025-12-31T00:00:00Z,review_indicator_only
e6bb3b7a2307a4f0b68d5ec37a8e3590,17,916,TRUE,insurance_annex:x1_32:e9cc71fe68e19476227702c1,insurance_annex,Comisiones reaseguros aceptados - exterior (Guaraníes) — Accidentes Personales,Comisiones reaseguros aceptados - exterior (Guaraníes) — Comisiones reaseguros aceptados - exterior (Guaraníes) — Accidentes Personales,annual,PYG,2009-01-01T00:00:00Z,2025-12-31T00:00:00Z,review_indicator_only
e6bb3b7a2307a4f0b68d5ec37a8e3590,17,916,TRUE,insurance_annex:x1_32:ec76407fa14b261f13340b96,insurance_annex,Comisiones reaseguros aceptados - exterior (Guaraníes) — Agropecuario,Comisiones reaseguros aceptados - exterior (Guaraníes) — Comisiones reaseguros aceptados - exterior (Guaraníes) — Agropecuario,annual,PYG,2009-01-01T00:00:00Z,2025-12-31T00:00:00Z,review_indicator_only
e6bb3b7a2307a4f0b68d5ec37a8e3590,17,916,TRUE,insurance_annex:x1_32:ec96eed42b0f713bf7ebdfac,insurance_annex,Comisiones reaseguros aceptados - exterior (Guaraníes) — Comisión s/Primas Aceptadas Reaseguros Sección Seguros Colectivos Corto Plazo,Comisiones reaseguros aceptados - exterior (Guaraníes) — Comisiones reaseguros aceptados - exterior (Guaraníes) — Comisión s/Primas Aceptadas Reaseguros Sección Seguros Colectivos Corto Plazo,annual,PYG,2009-01-01T00:00:00Z,2025-12-31T00:00:00Z,review_indicator_only
e6bb3b7a2307a4f0b68d5ec37a8e3590,17,916,TRUE,insurance_annex:x1_32:f4d68649a2c4be9024465644,insurance_annex,Participación utilidades reaseguros aceptados - contratos proporcionales (Guaraníes) — Part. de Utilidades Reaseguros Aceptados Sección Seguros Colectivos Largo Plazo,Participación utilidades reaseguros aceptados - contratos proporcionales (Guaraníes) — Participación utilidades reaseguros aceptados - contratos proporcionales (Guaraníes) — Part. de Utilidades Reaseguros Aceptados Sección Seguros Colectivos Largo Plazo,annual,PYG,2009-01-01T00:00:00Z,2025-12-31T00:00:00Z,review_indicator_only
e6bb3b7a2307a4f0b68d5ec37a8e3590,17,916,TRUE,insurance_annex:x1_32:fd9d31b25c15ac1cab231641,insurance_annex,Comisiones reaseguros aceptados - exterior (Guaraníes) — Comisión s/Primas Aceptadas Reaseguros Sección Defunción o Sepelio,Comisiones reaseguros aceptados - exterior (Guaraníes) — Comisiones reaseguros aceptados - exterior (Guaraníes) — Comisión s/Primas Aceptadas Reaseguros Sección Defunción o Sepelio,annual,PYG,2009-01-01T00:00:00Z,2025-12-31T00:00:00Z,review_indicator_only
e6bb3b7a2307a4f0b68d5ec37a8e3590,17,916,TRUE,insurance_annex:x1_38:6873fcc21b65c0f96846f634,insurance_annex,Perdidas Extraordinarias — Intangibles,Perdidas Extraordinarias — Perdidas Extraordinarias — Intangibles,annual,PYG,2009-01-01T00:00:00Z,2025-12-31T00:00:00Z,review_indicator_only
e6bb3b7a2307a4f0b68d5ec37a8e3590,17,916,TRUE,insurance_annex:x1_3:05446b85c99994e84607a961,insurance_annex,Primas Reaseguros Aceptados (Exterior) Contratos no Proporcionales (Guaraníes) — Robo y Asalto,Primas Reaseguros Aceptados (Exterior) Contratos no Proporcionales (Guaraníes) — Primas Reaseguros Aceptados (Exterior) Contratos no Proporcionales (Guaraníes) — Robo y Asalto,annual,PYG,2009-01-01T00:00:00Z,2025-12-31T00:00:00Z,review_indicator_only
e6bb3b7a2307a4f0b68d5ec37a8e3590,17,916,TRUE,insurance_annex:x1_3:080098c48c32a1d9e653bf7f,insurance_annex,Primas Reaseguros Aceptados (Exterior) Contratos no Proporcionales (Guaraníes) — Incendio,Primas Reaseguros Aceptados (Exterior) Contratos no Proporcionales (Guaraníes) — Primas Reaseguros Aceptados (Exterior) Contratos no Proporcionales (Guaraníes) — Incendio,annual,PYG,2009-01-01T00:00:00Z,2025-12-31T00:00:00Z,review_indicator_only
e6bb3b7a2307a4f0b68d5ec37a8e3590,17,916,TRUE,insurance_annex:x1_3:15402e5eaeebf80a53629ecb,insurance_annex,Primas Reaseguros Aceptados (Exterior) Contratos Proporcionales (Guaraníes) — Responsabilidad Civil,Primas Reaseguros Aceptados (Exterior) Contratos Proporcionales (Guaraníes) — Primas Reaseguros Aceptados (Exterior) Contratos Proporcionales (Guaraníes) — Responsabilidad Civil,annual,PYG,2009-01-01T00:00:00Z,2025-12-31T00:00:00Z,review_indicator_only
e6bb3b7a2307a4f0b68d5ec37a8e3590,17,916,TRUE,insurance_annex:x1_3:18627579ec07d06d926822d6,insurance_annex,Primas Reaseguros Aceptados (Exterior) Contratos no Proporcionales (Guaraníes) — Riesgos Técnicos,Primas Reaseguros Aceptados (Exterior) Contratos no Proporcionales (Guaraníes) — Primas Reaseguros Aceptados (Exterior) Contratos no Proporcionales (Guaraníes) — Riesgos Técnicos,annual,PYG,2009-01-01T00:00:00Z,2025-12-31T00:00:00Z,review_indicator_only
e6bb3b7a2307a4f0b68d5ec37a8e3590,17,916,TRUE,insurance_annex:x1_3:1a4ea1a1dc0eb41870399f3c,insurance_annex,Primas Reaseguros Aceptados (Exterior) Contratos no Proporcionales (Guaraníes) — Primas Sección Vida Individual Largo Plazo,Primas Reaseguros Aceptados (Exterior) Contratos no Proporcionales (Guaraníes) — Primas Reaseguros Aceptados (Exterior) Contratos no Proporcionales (Guaraníes) — Primas Sección Vida Individual Largo Plazo,annual,PYG,2009-01-01T00:00:00Z,2025-12-31T00:00:00Z,review_indicator_only
e6bb3b7a2307a4f0b68d5ec37a8e3590,17,916,TRUE,insurance_annex:x1_3:1abe6c0ac6eb5d11f656777c,insurance_annex,Primas Reaseguros Aceptados (Exterior) Contratos Proporcionales (Guaraníes) — Primas Sección Desgravamen Hipotecario Largo Plazo,Primas Reaseguros Aceptados (Exterior) Contratos Proporcionales (Guaraníes) — Primas Reaseguros Aceptados (Exterior) Contratos Proporcionales (Guaraníes) — Primas Sección Desgravamen Hipotecario Largo Plazo,annual,PYG,2009-01-01T00:00:00Z,2025-12-31T00:00:00Z,review_indicator_only
e6bb3b7a2307a4f0b68d5ec37a8e3590,17,916,TRUE,insurance_annex:x1_3:1b78a2a808b7c43f7e77e615,insurance_annex,"Primas Reaseguros Aceptados (Exterior) Contratos Proporcionales (Guaraníes) — Cristales, Vidrios y Espejos","Primas Reaseguros Aceptados (Exterior) Contratos Proporcionales (Guaraníes) — Primas Reaseguros Aceptados (Exterior) Contratos Proporcionales (Guaraníes) — Cristales, Vidrios y Espejos",annual,PYG,2009-01-01T00:00:00Z,2025-12-31T00:00:00Z,review_indicator_only
e6bb3b7a2307a4f0b68d5ec37a8e3590,17,916,TRUE,insurance_annex:x1_3:29258b3f91eb82010daee467,insurance_annex,Total Primas Reaseguros Aceptados (Exterior) (Guaraníes) — Primas Sección Defunción o Sepelio,Total Primas Reaseguros Aceptados (Exterior) (Guaraníes) — Total Primas Reaseguros Aceptados (Exterior) (Guaraníes) — Primas Sección Defunción o Sepelio,annual,PYG,2009-01-01T00:00:00Z,2025-12-31T00:00:00Z,review_indicator_only
e6bb3b7a2307a4f0b68d5ec37a8e3590,17,916,TRUE,insurance_annex:x1_3:3174403f681b6542c76e52a1,insurance_annex,Total Primas Reaseguros Aceptados (Exterior) (Guaraníes) — Primas Sección Seguros Colectivos Largo Plazo,Total Primas Reaseguros Aceptados (Exterior) (Guaraníes) — Total Primas Reaseguros Aceptados (Exterior) (Guaraníes) — Primas Sección Seguros Colectivos Largo Plazo,annual,PYG,2009-01-01T00:00:00Z,2025-12-31T00:00:00Z,review_indicator_only
e6bb3b7a2307a4f0b68d5ec37a8e3590,17,916,TRUE,insurance_annex:x1_3:38ab86a28ab6bae4c2271ad3,insurance_annex,Primas Reaseguros Aceptados (Exterior) Contratos Proporcionales (Guaraníes) — Primas Sección Desgravamen Hipotecario Corto Plazo,Primas Reaseguros Aceptados (Exterior) Contratos Proporcionales (Guaraníes) — Primas Reaseguros Aceptados (Exterior) Contratos Proporcionales (Guaraníes) — Primas Sección Desgravamen Hipotecario Corto Plazo,annual,PYG,2009-01-01T00:00:00Z,2025-12-31T00:00:00Z,review_indicator_only
e6bb3b7a2307a4f0b68d5ec37a8e3590,17,916,TRUE,insurance_annex:x1_3:3b5e8d43130be0775931cc56,insurance_annex,Total Primas Reaseguros Aceptados (Exterior) (Guaraníes) — Primas Sección Desgravamen Hipotecario Largo Plazo,Total Primas Reaseguros Aceptados (Exterior) (Guaraníes) — Total Primas Reaseguros Aceptados (Exterior) (Guaraníes) — Primas Sección Desgravamen Hipotecario Largo Plazo,annual,PYG,2009-01-01T00:00:00Z,2025-12-31T00:00:00Z,review_indicator_only
e6bb3b7a2307a4f0b68d5ec37a8e3590,17,916,TRUE,insurance_annex:x1_3:3ccf088d8f9e2f9e178df8db,insurance_annex,Total Primas Reaseguros Aceptados (Exterior) (Guaraníes) — Primas Sección Pensiones Voluntarias,Total Primas Reaseguros Aceptados (Exterior) (Guaraníes) — Total Primas Reaseguros Aceptados (Exterior) (Guaraníes) — Primas Sección Pensiones Voluntarias,annual,PYG,2009-01-01T00:00:00Z,2025-12-31T00:00:00Z,review_indicator_only
e6bb3b7a2307a4f0b68d5ec37a8e3590,17,916,TRUE,insurance_annex:x1_3:465b8bf681861857bdf0f100,insurance_annex,Total Primas Reaseguros Aceptados (Exterior) (Guaraníes) — Caución,Total Primas Reaseguros Aceptados (Exterior) (Guaraníes) — Total Primas Reaseguros Aceptados (Exterior) (Guaraníes) — Caución,annual,PYG,2009-01-01T00:00:00Z,2025-12-31T00:00:00Z,review_indicator_only
e6bb3b7a2307a4f0b68d5ec37a8e3590,17,916,TRUE,insurance_annex:x1_3:468df185e37e201ca923e86a,insurance_annex,Primas Reaseguros Aceptados (Exterior) Contratos Proporcionales (Guaraníes) — Riesgos Técnicos,Primas Reaseguros Aceptados (Exterior) Contratos Proporcionales (Guaraníes) — Primas Reaseguros Aceptados (Exterior) Contratos Proporcionales (Guaraníes) — Riesgos Técnicos,annual,PYG,2009-01-01T00:00:00Z,2025-12-31T00:00:00Z,review_indicator_only
e6bb3b7a2307a4f0b68d5ec37a8e3590,17,916,TRUE,insurance_annex:x1_3:476d8a61a2aeec97a4cb5f29,insurance_annex,Primas Reaseguros Aceptados (Exterior) Contratos Proporcionales (Guaraníes) — Primas Sección Defunción o Sepelio,Primas Reaseguros Aceptados (Exterior) Contratos Proporcionales (Guaraníes) — Primas Reaseguros Aceptados (Exterior) Contratos Proporcionales (Guaraníes) — Primas Sección Defunción o Sepelio,annual,PYG,2009-01-01T00:00:00Z,2025-12-31T00:00:00Z,review_indicator_only
e6bb3b7a2307a4f0b68d5ec37a8e3590,17,916,TRUE,insurance_annex:x1_3:479fdfc4598bf4a1316308cd,insurance_annex,Primas Reaseguros Aceptados (Exterior) Contratos Proporcionales (Guaraníes) — Automóviles,Primas Reaseguros Aceptados (Exterior) Contratos Proporcionales (Guaraníes) — Primas Reaseguros Aceptados (Exterior) Contratos Proporcionales (Guaraníes) — Automóviles,annual,PYG,2009-01-01T00:00:00Z,2025-12-31T00:00:00Z,review_indicator_only
e6bb3b7a2307a4f0b68d5ec37a8e3590,17,916,TRUE,insurance_annex:x1_3:49e09c4497ed6533f091db43,insurance_annex,Primas Reaseguros Aceptados (Exterior) Contratos Proporcionales (Guaraníes) — Accidentes a Pasajeros,Primas Reaseguros Aceptados (Exterior) Contratos Proporcionales (Guaraníes) — Primas Reaseguros Aceptados (Exterior) Contratos Proporcionales (Guaraníes) — Accidentes a Pasajeros,annual,PYG,2009-01-01T00:00:00Z,2025-12-31T00:00:00Z,review_indicator_only
e6bb3b7a2307a4f0b68d5ec37a8e3590,17,916,TRUE,insurance_annex:x1_3:4acedd5a5c1997efa2e715d7,insurance_annex,Primas Reaseguros Aceptados (Exterior) Contratos no Proporcionales (Guaraníes) — Primas Sección Seguros Colectivos Corto Plazo,Primas Reaseguros Aceptados (Exterior) Contratos no Proporcionales (Guaraníes) — Primas Reaseguros Aceptados (Exterior) Contratos no Proporcionales (Guaraníes) — Primas Sección Seguros Colectivos Corto Plazo,annual,PYG,2009-01-01T00:00:00Z,2025-12-31T00:00:00Z,review_indicator_only
e6bb3b7a2307a4f0b68d5ec37a8e3590,17,916,TRUE,insurance_annex:x1_3:50419cab9a22ff2048f9fc00,insurance_annex,Primas Reaseguros Aceptados (Exterior) Contratos Proporcionales (Guaraníes) — Agropecuario,Primas Reaseguros Aceptados (Exterior) Contratos Proporcionales (Guaraníes) — Primas Reaseguros Aceptados (Exterior) Contratos Proporcionales (Guaraníes) — Agropecuario,annual,PYG,2009-01-01T00:00:00Z,2025-12-31T00:00:00Z,review_indicator_only
e6bb3b7a2307a4f0b68d5ec37a8e3590,17,916,TRUE,insurance_annex:x1_3:5399f0cb0521ff865ac955af,insurance_annex,Total Primas Reaseguros Aceptados (Exterior) (Guaraníes) — Transporte,Total Primas Reaseguros Aceptados (Exterior) (Guaraníes) — Total Primas Reaseguros Aceptados (Exterior) (Guaraníes) — Transporte,annual,PYG,2009-01-01T00:00:00Z,2025-12-31T00:00:00Z,review_indicator_only
e6bb3b7a2307a4f0b68d5ec37a8e3590,17,916,TRUE,insurance_annex:x1_3:57e1e2f53f45eab56743e495,insurance_annex,Total Primas Reaseguros Aceptados (Exterior) (Guaraníes) — Riesgos Técnicos,Total Primas Reaseguros Aceptados (Exterior) (Guaraníes) — Total Primas Reaseguros Aceptados (Exterior) (Guaraníes) — Riesgos Técnicos,annual,PYG,2009-01-01T00:00:00Z,2025-12-31T00:00:00Z,review_indicator_only
e6bb3b7a2307a4f0b68d5ec37a8e3590,17,916,TRUE,insurance_annex:x1_3:598ee728a397f9a459698eee,insurance_annex,Total Primas Reaseguros Aceptados (Exterior) (Guaraníes) — Primas Sección Salud o Enfermedad,Total Primas Reaseguros Aceptados (Exterior) (Guaraníes) — Total Primas Reaseguros Aceptados (Exterior) (Guaraníes) — Primas Sección Salud o Enfermedad,annual,PYG,2009-01-01T00:00:00Z,2025-12-31T00:00:00Z,review_indicator_only
e6bb3b7a2307a4f0b68d5ec37a8e3590,17,916,TRUE,insurance_annex:x1_3:5e1240b8a7941ebfc8e7394f,insurance_annex,Primas Reaseguros Aceptados (Exterior) Contratos Proporcionales (Guaraníes) — Primas Sección Salud o Enfermedad,Primas Reaseguros Aceptados (Exterior) Contratos Proporcionales (Guaraníes) — Primas Reaseguros Aceptados (Exterior) Contratos Proporcionales (Guaraníes) — Primas Sección Salud o Enfermedad,annual,PYG,2009-01-01T00:00:00Z,2025-12-31T00:00:00Z,review_indicator_only
e6bb3b7a2307a4f0b68d5ec37a8e3590,17,916,TRUE,insurance_annex:x1_3:5e1c99ad320b7abd02f466ec,insurance_annex,Primas Reaseguros Aceptados (Exterior) Contratos no Proporcionales (Guaraníes) — Primas Sección Pensiones Voluntarias,Primas Reaseguros Aceptados (Exterior) Contratos no Proporcionales (Guaraníes) — Primas Reaseguros Aceptados (Exterior) Contratos no Proporcionales (Guaraníes) — Primas Sección Pensiones Voluntarias,annual,PYG,2009-01-01T00:00:00Z,2025-12-31T00:00:00Z,review_indicator_only
e6bb3b7a2307a4f0b68d5ec37a8e3590,17,916,TRUE,insurance_annex:x1_3:60c00b989904448e6ce3395f,insurance_annex,Total Primas Reaseguros Aceptados (Exterior) (Guaraníes) — Primas Sección Desgravamen Hipotecario Corto Plazo,Total Primas Reaseguros Aceptados (Exterior) (Guaraníes) — Total Primas Reaseguros Aceptados (Exterior) (Guaraníes) — Primas Sección Desgravamen Hipotecario Corto Plazo,annual,PYG,2009-01-01T00:00:00Z,2025-12-31T00:00:00Z,review_indicator_only
e6bb3b7a2307a4f0b68d5ec37a8e3590,17,916,TRUE,insurance_annex:x1_3:6117ef955d22575f5d5e431d,insurance_annex,Primas Reaseguros Aceptados (Exterior) Contratos no Proporcionales (Guaraníes) — Primas Sección Defunción o Sepelio,Primas Reaseguros Aceptados (Exterior) Contratos no Proporcionales (Guaraníes) — Primas Reaseguros Aceptados (Exterior) Contratos no Proporcionales (Guaraníes) — Primas Sección Defunción o Sepelio,annual,PYG,2009-01-01T00:00:00Z,2025-12-31T00:00:00Z,review_indicator_only
e6bb3b7a2307a4f0b68d5ec37a8e3590,17,916,TRUE,insurance_annex:x1_3:612890ab725543f80bb01fb4,insurance_annex,Total Primas Reaseguros Aceptados (Exterior) (Guaraníes) — Automóviles,Total Primas Reaseguros Aceptados (Exterior) (Guaraníes) — Total Primas Reaseguros Aceptados (Exterior) (Guaraníes) — Automóviles,annual,PYG,2009-01-01T00:00:00Z,2025-12-31T00:00:00Z,review_indicator_only
e6bb3b7a2307a4f0b68d5ec37a8e3590,17,916,TRUE,insurance_annex:x1_3:663e47741ca9fda7819b226d,insurance_annex,Primas Reaseguros Aceptados (Exterior) Contratos no Proporcionales (Guaraníes) — Automóviles,Primas Reaseguros Aceptados (Exterior) Contratos no Proporcionales (Guaraníes) — Primas Reaseguros Aceptados (Exterior) Contratos no Proporcionales (Guaraníes) — Automóviles,annual,PYG,2009-01-01T00:00:00Z,2025-12-31T00:00:00Z,review_indicator_only
e6bb3b7a2307a4f0b68d5ec37a8e3590,17,916,TRUE,insurance_annex:x1_3:67f01ed8b5ccb5f6e27d54a1,insurance_annex,Total Primas Reaseguros Aceptados (Exterior) (Guaraníes) — Primas Sección Vida Individual Corto Plazo,Total Primas Reaseguros Aceptados (Exterior) (Guaraníes) — Total Primas Reaseguros Aceptados (Exterior) (Guaraníes) — Primas Sección Vida Individual Corto Plazo,annual,PYG,2009-01-01T00:00:00Z,2025-12-31T00:00:00Z,review_indicator_only
e6bb3b7a2307a4f0b68d5ec37a8e3590,17,916,TRUE,insurance_annex:x1_3:6b1c5379a9799dac70d6be62,insurance_annex,Primas Reaseguros Aceptados (Exterior) Contratos no Proporcionales (Guaraníes) — Primas Sección Salud o Enfermedad,Primas Reaseguros Aceptados (Exterior) Contratos no Proporcionales (Guaraníes) — Primas Reaseguros Aceptados (Exterior) Contratos no Proporcionales (Guaraníes) — Primas Sección Salud o Enfermedad,annual,PYG,2009-01-01T00:00:00Z,2025-12-31T00:00:00Z,review_indicator_only
e6bb3b7a2307a4f0b68d5ec37a8e3590,17,916,TRUE,insurance_annex:x1_3:6f09bbde4f9a6e60a974ae19,insurance_annex,Primas Reaseguros Aceptados (Exterior) Contratos no Proporcionales (Guaraníes) — Total Vida Largo Plazo,Primas Reaseguros Aceptados (Exterior) Contratos no Proporcionales (Guaraníes) — Primas Reaseguros Aceptados (Exterior) Contratos no Proporcionales (Guaraníes) — Total Vida Largo Plazo,annual,PYG,2009-01-01T00:00:00Z,2025-12-31T00:00:00Z,review_indicator_only
e6bb3b7a2307a4f0b68d5ec37a8e3590,17,916,TRUE,insurance_annex:x1_3:753b6f6c7d46d69b269ba5ea,insurance_annex,Total Primas Reaseguros Aceptados (Exterior) (Guaraníes) — Total Vida Largo Plazo,Total Primas Reaseguros Aceptados (Exterior) (Guaraníes) — Total Primas Reaseguros Aceptados (Exterior) (Guaraníes) — Total Vida Largo Plazo,annual,PYG,2009-01-01T00:00:00Z,2025-12-31T00:00:00Z,review_indicator_only
e6bb3b7a2307a4f0b68d5ec37a8e3590,17,916,TRUE,insurance_annex:x1_3:7668a187fdae336db6f8c883,insurance_annex,Primas Reaseguros Aceptados (Exterior) Contratos Proporcionales (Guaraníes) — Total Vida Corto Plazo,Primas Reaseguros Aceptados (Exterior) Contratos Proporcionales (Guaraníes) — Primas Reaseguros Aceptados (Exterior) Contratos Proporcionales (Guaraníes) — Total Vida Corto Plazo,annual,PYG,2009-01-01T00:00:00Z,2025-12-31T00:00:00Z,review_indicator_only
e6bb3b7a2307a4f0b68d5ec37a8e3590,17,916,TRUE,insurance_annex:x1_3:795ad51382aeeaedbdbe1db3,insurance_annex,Primas Reaseguros Aceptados (Exterior) Contratos Proporcionales (Guaraníes) — Caución,Primas Reaseguros Aceptados (Exterior) Contratos Proporcionales (Guaraníes) — Primas Reaseguros Aceptados (Exterior) Contratos Proporcionales (Guaraníes) — Caución,annual,PYG,2009-01-01T00:00:00Z,2025-12-31T00:00:00Z,review_indicator_only
e6bb3b7a2307a4f0b68d5ec37a8e3590,17,916,TRUE,insurance_annex:x1_3:7e03b95ab52e2d4fc6b919f7,insurance_annex,Primas Reaseguros Aceptados (Exterior) Contratos no Proporcionales (Guaraníes) — Primas Sección Vida Individual Corto Plazo,Primas Reaseguros Aceptados (Exterior) Contratos no Proporcionales (Guaraníes) — Primas Reaseguros Aceptados (Exterior) Contratos no Proporcionales (Guaraníes) — Primas Sección Vida Individual Corto Plazo,annual,PYG,2009-01-01T00:00:00Z,2025-12-31T00:00:00Z,review_indicator_only
e6bb3b7a2307a4f0b68d5ec37a8e3590,17,916,TRUE,insurance_annex:x1_3:853aaae8c959f64740d25cb9,insurance_annex,Primas Reaseguros Aceptados (Exterior) Contratos Proporcionales (Guaraníes) — Primas Sección Seguros Colectivos Corto Plazo,Primas Reaseguros Aceptados (Exterior) Contratos Proporcionales (Guaraníes) — Primas Reaseguros Aceptados (Exterior) Contratos Proporcionales (Guaraníes) — Primas Sección Seguros Colectivos Corto Plazo,annual,PYG,2009-01-01T00:00:00Z,2025-12-31T00:00:00Z,review_indicator_only
e6bb3b7a2307a4f0b68d5ec37a8e3590,17,916,TRUE,insurance_annex:x1_3:9307eff88186cbe5880c5b44,insurance_annex,Primas Reaseguros Aceptados (Exterior) Contratos no Proporcionales (Guaraníes) — Accidentes a Pasajeros,Primas Reaseguros Aceptados (Exterior) Contratos no Proporcionales (Guaraníes) — Primas Reaseguros Aceptados (Exterior) Contratos no Proporcionales (Guaraníes) — Accidentes a Pasajeros,annual,PYG,2009-01-01T00:00:00Z,2025-12-31T00:00:00Z,review_indicator_only
e6bb3b7a2307a4f0b68d5ec37a8e3590,17,916,TRUE,insurance_annex:x1_3:9db830888dbe2e7c58e20eb5,insurance_annex,Primas Reaseguros Aceptados (Exterior) Contratos Proporcionales (Guaraníes) — Primas Sección Vida Individual Largo Plazo,Primas Reaseguros Aceptados (Exterior) Contratos Proporcionales (Guaraníes) — Primas Reaseguros Aceptados (Exterior) Contratos Proporcionales (Guaraníes) — Primas Sección Vida Individual Largo Plazo,annual,PYG,2009-01-01T00:00:00Z,2025-12-31T00:00:00Z,review_indicator_only
e6bb3b7a2307a4f0b68d5ec37a8e3590,17,916,TRUE,insurance_annex:x1_3:a0f20289f2629fde31420b2d,insurance_annex,Primas Reaseguros Aceptados (Exterior) Contratos no Proporcionales (Guaraníes) — Aeronavegación,Primas Reaseguros Aceptados (Exterior) Contratos no Proporcionales (Guaraníes) — Primas Reaseguros Aceptados (Exterior) Contratos no Proporcionales (Guaraníes) — Aeronavegación,annual,PYG,2009-01-01T00:00:00Z,2025-12-31T00:00:00Z,review_indicator_only
e6bb3b7a2307a4f0b68d5ec37a8e3590,17,916,TRUE,insurance_annex:x1_3:a6a60668e1f9364cfa3eb0fe,insurance_annex,Total Primas Reaseguros Aceptados (Exterior) (Guaraníes) — Primas Sección Seguros Colectivos Corto Plazo,Total Primas Reaseguros Aceptados (Exterior) (Guaraníes) — Total Primas Reaseguros Aceptados (Exterior) (Guaraníes) — Primas Sección Seguros Colectivos Corto Plazo,annual,PYG,2009-01-01T00:00:00Z,2025-12-31T00:00:00Z,review_indicator_only
e6bb3b7a2307a4f0b68d5ec37a8e3590,17,916,TRUE,insurance_annex:x1_3:a9085b6dd783331f2b8807dd,insurance_annex,Total Primas Reaseguros Aceptados (Exterior) (Guaraníes) — Total Rama Vida,Total Primas Reaseguros Aceptados (Exterior) (Guaraníes) — Total Primas Reaseguros Aceptados (Exterior) (Guaraníes) — Total Rama Vida,annual,PYG,2009-01-01T00:00:00Z,2025-12-31T00:00:00Z,review_indicator_only
e6bb3b7a2307a4f0b68d5ec37a8e3590,17,916,TRUE,insurance_annex:x1_3:b0769a5c8f1ccc9fa461aab8,insurance_annex,"Primas Reaseguros Aceptados (Exterior) Contratos no Proporcionales (Guaraníes) — Cristales, Vidrios y Espejos","Primas Reaseguros Aceptados (Exterior) Contratos no Proporcionales (Guaraníes) — Primas Reaseguros Aceptados (Exterior) Contratos no Proporcionales (Guaraníes) — Cristales, Vidrios y Espejos",annual,PYG,2009-01-01T00:00:00Z,2025-12-31T00:00:00Z,review_indicator_only
e6bb3b7a2307a4f0b68d5ec37a8e3590,17,916,TRUE,insurance_annex:x1_3:b4fc14645d3d9872980e21b4,insurance_annex,Primas Reaseguros Aceptados (Exterior) Contratos no Proporcionales (Guaraníes) — Transporte,Primas Reaseguros Aceptados (Exterior) Contratos no Proporcionales (Guaraníes) — Primas Reaseguros Aceptados (Exterior) Contratos no Proporcionales (Guaraníes) — Transporte,annual,PYG,2009-01-01T00:00:00Z,2025-12-31T00:00:00Z,review_indicator_only
e6bb3b7a2307a4f0b68d5ec37a8e3590,17,916,TRUE,insurance_annex:x1_3:b51252e11d256368343d81ae,insurance_annex,Total Primas Reaseguros Aceptados (Exterior) (Guaraníes) — Incendio,Total Primas Reaseguros Aceptados (Exterior) (Guaraníes) — Total Primas Reaseguros Aceptados (Exterior) (Guaraníes) — Incendio,annual,PYG,2009-01-01T00:00:00Z,2025-12-31T00:00:00Z,review_indicator_only
e6bb3b7a2307a4f0b68d5ec37a8e3590,17,916,TRUE,insurance_annex:x1_3:b845e013b89944535875981d,insurance_annex,"Total Primas Reaseguros Aceptados (Exterior) (Guaraníes) — Cristales, Vidrios y Espejos","Total Primas Reaseguros Aceptados (Exterior) (Guaraníes) — Total Primas Reaseguros Aceptados (Exterior) (Guaraníes) — Cristales, Vidrios y Espejos",annual,PYG,2009-01-01T00:00:00Z,2025-12-31T00:00:00Z,review_indicator_only
e6bb3b7a2307a4f0b68d5ec37a8e3590,17,916,TRUE,insurance_annex:x1_3:b972a12000cb04c4194c877d,insurance_annex,Primas Reaseguros Aceptados (Exterior) Contratos Proporcionales (Guaraníes) — Riesgos Varios,Primas Reaseguros Aceptados (Exterior) Contratos Proporcionales (Guaraníes) — Primas Reaseguros Aceptados (Exterior) Contratos Proporcionales (Guaraníes) — Riesgos Varios,annual,PYG,2009-01-01T00:00:00Z,2025-12-31T00:00:00Z,review_indicator_only
e6bb3b7a2307a4f0b68d5ec37a8e3590,17,916,TRUE,insurance_annex:x1_3:ba19f0844fe907ec1e073c41,insurance_annex,Total Primas Reaseguros Aceptados (Exterior) (Guaraníes) — Total Vida Corto Plazo,Total Primas Reaseguros Aceptados (Exterior) (Guaraníes) — Total Primas Reaseguros Aceptados (Exterior) (Guaraníes) — Total Vida Corto Plazo,annual,PYG,2009-01-01T00:00:00Z,2025-12-31T00:00:00Z,review_indicator_only
e6bb3b7a2307a4f0b68d5ec37a8e3590,17,916,TRUE,insurance_annex:x1_3:ba4052bc214a6ba0b88bbbf8,insurance_annex,Primas Reaseguros Aceptados (Exterior) Contratos Proporcionales (Guaraníes) — Accidentes Personales,Primas Reaseguros Aceptados (Exterior) Contratos Proporcionales (Guaraníes) — Primas Reaseguros Aceptados (Exterior) Contratos Proporcionales (Guaraníes) — Accidentes Personales,annual,PYG,2009-01-01T00:00:00Z,2025-12-31T00:00:00Z,review_indicator_only
e6bb3b7a2307a4f0b68d5ec37a8e3590,17,916,TRUE,insurance_annex:x1_3:bb2372de5fa06094e87728b9,insurance_annex,Primas Reaseguros Aceptados (Exterior) Contratos Proporcionales (Guaraníes) — Primas Sección Seguros Colectivos Largo Plazo,Primas Reaseguros Aceptados (Exterior) Contratos Proporcionales (Guaraníes) — Primas Reaseguros Aceptados (Exterior) Contratos Proporcionales (Guaraníes) — Primas Sección Seguros Colectivos Largo Plazo,annual,PYG,2009-01-01T00:00:00Z,2025-12-31T00:00:00Z,review_indicator_only
e6bb3b7a2307a4f0b68d5ec37a8e3590,17,916,TRUE,insurance_annex:x1_3:bba6fecb1ad28154f07f0d33,insurance_annex,Primas Reaseguros Aceptados (Exterior) Contratos Proporcionales (Guaraníes) — Primas Sección Pensiones Voluntarias,Primas Reaseguros Aceptados (Exterior) Contratos Proporcionales (Guaraníes) — Primas Reaseguros Aceptados (Exterior) Contratos Proporcionales (Guaraníes) — Primas Sección Pensiones Voluntarias,annual,PYG,2009-01-01T00:00:00Z,2025-12-31T00:00:00Z,review_indicator_only
e6bb3b7a2307a4f0b68d5ec37a8e3590,17,916,TRUE,insurance_annex:x1_3:bc253f0320d58a431b9750ab,insurance_annex,Primas Reaseguros Aceptados (Exterior) Contratos no Proporcionales (Guaraníes) — Primas Sección Seguros Colectivos Largo Plazo,Primas Reaseguros Aceptados (Exterior) Contratos no Proporcionales (Guaraníes) — Primas Reaseguros Aceptados (Exterior) Contratos no Proporcionales (Guaraníes) — Primas Sección Seguros Colectivos Largo Plazo,annual,PYG,2009-01-01T00:00:00Z,2025-12-31T00:00:00Z,review_indicator_only
e6bb3b7a2307a4f0b68d5ec37a8e3590,17,916,TRUE,insurance_annex:x1_3:c2d19db64e423eb3becd1471,insurance_annex,Primas Reaseguros Aceptados (Exterior) Contratos no Proporcionales (Guaraníes) — Agropecuario,Primas Reaseguros Aceptados (Exterior) Contratos no Proporcionales (Guaraníes) — Primas Reaseguros Aceptados (Exterior) Contratos no Proporcionales (Guaraníes) — Agropecuario,annual,PYG,2009-01-01T00:00:00Z,2025-12-31T00:00:00Z,review_indicator_only
e6bb3b7a2307a4f0b68d5ec37a8e3590,17,916,TRUE,insurance_annex:x1_3:c5b8073ba01e4de864a34ad0,insurance_annex,Primas Reaseguros Aceptados (Exterior) Contratos no Proporcionales (Guaraníes) — Accidentes Personales,Primas Reaseguros Aceptados (Exterior) Contratos no Proporcionales (Guaraníes) — Primas Reaseguros Aceptados (Exterior) Contratos no Proporcionales (Guaraníes) — Accidentes Personales,annual,PYG,2009-01-01T00:00:00Z,2025-12-31T00:00:00Z,review_indicator_only
e6bb3b7a2307a4f0b68d5ec37a8e3590,17,916,TRUE,insurance_annex:x1_3:ca8d3bedb23b7faa37caa473,insurance_annex,Primas Reaseguros Aceptados (Exterior) Contratos no Proporcionales (Guaraníes) — Total Rama Vida,Primas Reaseguros Aceptados (Exterior) Contratos no Proporcionales (Guaraníes) — Primas Reaseguros Aceptados (Exterior) Contratos no Proporcionales (Guaraníes) — Total Rama Vida,annual,PYG,2009-01-01T00:00:00Z,2025-12-31T00:00:00Z,review_indicator_only
e6bb3b7a2307a4f0b68d5ec37a8e3590,17,916,TRUE,insurance_annex:x1_3:d0fc6f046605b45c6fc8ce3e,insurance_annex,Primas Reaseguros Aceptados (Exterior) Contratos Proporcionales (Guaraníes) — Primas Sección Vida Individual Corto Plazo,Primas Reaseguros Aceptados (Exterior) Contratos Proporcionales (Guaraníes) — Primas Reaseguros Aceptados (Exterior) Contratos Proporcionales (Guaraníes) — Primas Sección Vida Individual Corto Plazo,annual,PYG,2009-01-01T00:00:00Z,2025-12-31T00:00:00Z,review_indicator_only
e6bb3b7a2307a4f0b68d5ec37a8e3590,17,916,TRUE,insurance_annex:x1_3:d3bc3e467804b5a38d6e4a8f,insurance_annex,Total Primas Reaseguros Aceptados (Exterior) (Guaraníes) — Accidentes a Pasajeros,Total Primas Reaseguros Aceptados (Exterior) (Guaraníes) — Total Primas Reaseguros Aceptados (Exterior) (Guaraníes) — Accidentes a Pasajeros,annual,PYG,2009-01-01T00:00:00Z,2025-12-31T00:00:00Z,review_indicator_only
e6bb3b7a2307a4f0b68d5ec37a8e3590,17,916,TRUE,insurance_annex:x1_3:d4aae334ab1248738a5a78be,insurance_annex,Total Primas Reaseguros Aceptados (Exterior) (Guaraníes) — Primas Sección Vida Individual Largo Plazo,Total Primas Reaseguros Aceptados (Exterior) (Guaraníes) — Total Primas Reaseguros Aceptados (Exterior) (Guaraníes) — Primas Sección Vida Individual Largo Plazo,annual,PYG,2009-01-01T00:00:00Z,2025-12-31T00:00:00Z,review_indicator_only
e6bb3b7a2307a4f0b68d5ec37a8e3590,17,916,TRUE,insurance_annex:x1_3:d5506ededf3ccac17b2b5884,insurance_annex,Primas Reaseguros Aceptados (Exterior) Contratos Proporcionales (Guaraníes) — Transporte,Primas Reaseguros Aceptados (Exterior) Contratos Proporcionales (Guaraníes) — Primas Reaseguros Aceptados (Exterior) Contratos Proporcionales (Guaraníes) — Transporte,annual,PYG,2009-01-01T00:00:00Z,2025-12-31T00:00:00Z,review_indicator_only
e6bb3b7a2307a4f0b68d5ec37a8e3590,17,916,TRUE,insurance_annex:x1_3:db6c0a615145a68fbcc555ce,insurance_annex,Total Primas Reaseguros Aceptados (Exterior) (Guaraníes) — Robo y Asalto,Total Primas Reaseguros Aceptados (Exterior) (Guaraníes) — Total Primas Reaseguros Aceptados (Exterior) (Guaraníes) — Robo y Asalto,annual,PYG,2009-01-01T00:00:00Z,2025-12-31T00:00:00Z,review_indicator_only
e6bb3b7a2307a4f0b68d5ec37a8e3590,17,916,TRUE,insurance_annex:x1_3:e05f36ab5655a844bce607bc,insurance_annex,Primas Reaseguros Aceptados (Exterior) Contratos Proporcionales (Guaraníes) — Incendio,Primas Reaseguros Aceptados (Exterior) Contratos Proporcionales (Guaraníes) — Primas Reaseguros Aceptados (Exterior) Contratos Proporcionales (Guaraníes) — Incendio,annual,PYG,2009-01-01T00:00:00Z,2025-12-31T00:00:00Z,review_indicator_only
e6bb3b7a2307a4f0b68d5ec37a8e3590,17,916,TRUE,insurance_annex:x1_3:e09331c0f1fb370204a7185f,insurance_annex,Primas Reaseguros Aceptados (Exterior) Contratos no Proporcionales (Guaraníes) — Riesgos Varios,Primas Reaseguros Aceptados (Exterior) Contratos no Proporcionales (Guaraníes) — Primas Reaseguros Aceptados (Exterior) Contratos no Proporcionales (Guaraníes) — Riesgos Varios,annual,PYG,2009-01-01T00:00:00Z,2025-12-31T00:00:00Z,review_indicator_only
e6bb3b7a2307a4f0b68d5ec37a8e3590,17,916,TRUE,insurance_annex:x1_3:e23a645317681976764bceb9,insurance_annex,Primas Reaseguros Aceptados (Exterior) Contratos no Proporcionales (Guaraníes) — Primas Sección Desgravamen Hipotecario Corto Plazo,Primas Reaseguros Aceptados (Exterior) Contratos no Proporcionales (Guaraníes) — Primas Reaseguros Aceptados (Exterior) Contratos no Proporcionales (Guaraníes) — Primas Sección Desgravamen Hipotecario Corto Plazo,annual,PYG,2009-01-01T00:00:00Z,2025-12-31T00:00:00Z,review_indicator_only
e6bb3b7a2307a4f0b68d5ec37a8e3590,17,916,TRUE,insurance_annex:x1_3:e502605c335c5139e1a14ad4,insurance_annex,Primas Reaseguros Aceptados (Exterior) Contratos no Proporcionales (Guaraníes) — Caución,Primas Reaseguros Aceptados (Exterior) Contratos no Proporcionales (Guaraníes) — Primas Reaseguros Aceptados (Exterior) Contratos no Proporcionales (Guaraníes) — Caución,annual,PYG,2009-01-01T00:00:00Z,2025-12-31T00:00:00Z,review_indicator_only
e6bb3b7a2307a4f0b68d5ec37a8e3590,17,916,TRUE,insurance_annex:x1_3:e6121438a1366c0b902e6efe,insurance_annex,Primas Reaseguros Aceptados (Exterior) Contratos Proporcionales (Guaraníes) — Robo y Asalto,Primas Reaseguros Aceptados (Exterior) Contratos Proporcionales (Guaraníes) — Primas Reaseguros Aceptados (Exterior) Contratos Proporcionales (Guaraníes) — Robo y Asalto,annual,PYG,2009-01-01T00:00:00Z,2025-12-31T00:00:00Z,review_indicator_only
e6bb3b7a2307a4f0b68d5ec37a8e3590,17,916,TRUE,insurance_annex:x1_3:e7e4ab27f982ba3e6c4f42ed,insurance_annex,Primas Reaseguros Aceptados (Exterior) Contratos Proporcionales (Guaraníes) — Total Rama Vida,Primas Reaseguros Aceptados (Exterior) Contratos Proporcionales (Guaraníes) — Primas Reaseguros Aceptados (Exterior) Contratos Proporcionales (Guaraníes) — Total Rama Vida,annual,PYG,2009-01-01T00:00:00Z,2025-12-31T00:00:00Z,review_indicator_only
e6bb3b7a2307a4f0b68d5ec37a8e3590,17,916,TRUE,insurance_annex:x1_3:e847ad99f8bce0137017c5ad,insurance_annex,Total Primas Reaseguros Aceptados (Exterior) (Guaraníes) — Riesgos Varios,Total Primas Reaseguros Aceptados (Exterior) (Guaraníes) — Total Primas Reaseguros Aceptados (Exterior) (Guaraníes) — Riesgos Varios,annual,PYG,2009-01-01T00:00:00Z,2025-12-31T00:00:00Z,review_indicator_only
e6bb3b7a2307a4f0b68d5ec37a8e3590,17,916,TRUE,insurance_annex:x1_3:eddb83c8fb1168af5edd6109,insurance_annex,Primas Reaseguros Aceptados (Exterior) Contratos no Proporcionales (Guaraníes) — Primas Sección Desgravamen Hipotecario Largo Plazo,Primas Reaseguros Aceptados (Exterior) Contratos no Proporcionales (Guaraníes) — Primas Reaseguros Aceptados (Exterior) Contratos no Proporcionales (Guaraníes) — Primas Sección Desgravamen Hipotecario Largo Plazo,annual,PYG,2009-01-01T00:00:00Z,2025-12-31T00:00:00Z,review_indicator_only
e6bb3b7a2307a4f0b68d5ec37a8e3590,17,916,TRUE,insurance_annex:x1_3:ef76db85835dc3340fbd1320,insurance_annex,Total Primas Reaseguros Aceptados (Exterior) (Guaraníes) — Accidentes Personales,Total Primas Reaseguros Aceptados (Exterior) (Guaraníes) — Total Primas Reaseguros Aceptados (Exterior) (Guaraníes) — Accidentes Personales,annual,PYG,2009-01-01T00:00:00Z,2025-12-31T00:00:00Z,review_indicator_only
e6bb3b7a2307a4f0b68d5ec37a8e3590,17,916,TRUE,insurance_annex:x1_3:f0e4646095ccf31e32404c87,insurance_annex,Primas Reaseguros Aceptados (Exterior) Contratos Proporcionales (Guaraníes) — Total Vida Largo Plazo,Primas Reaseguros Aceptados (Exterior) Contratos Proporcionales (Guaraníes) — Primas Reaseguros Aceptados (Exterior) Contratos Proporcionales (Guaraníes) — Total Vida Largo Plazo,annual,PYG,2009-01-01T00:00:00Z,2025-12-31T00:00:00Z,review_indicator_only
e6bb3b7a2307a4f0b68d5ec37a8e3590,17,916,TRUE,insurance_annex:x1_3:f3f3dde91fe9e96ee022e58e,insurance_annex,Primas Reaseguros Aceptados (Exterior) Contratos no Proporcionales (Guaraníes) — Total Vida Corto Plazo,Primas Reaseguros Aceptados (Exterior) Contratos no Proporcionales (Guaraníes) — Primas Reaseguros Aceptados (Exterior) Contratos no Proporcionales (Guaraníes) — Total Vida Corto Plazo,annual,PYG,2009-01-01T00:00:00Z,2025-12-31T00:00:00Z,review_indicator_only
e6bb3b7a2307a4f0b68d5ec37a8e3590,17,916,TRUE,insurance_annex:x1_3:f5a92a5644a0c2b617d0fb52,insurance_annex,Total Primas Reaseguros Aceptados (Exterior) (Guaraníes) — Agropecuario,Total Primas Reaseguros Aceptados (Exterior) (Guaraníes) — Total Primas Reaseguros Aceptados (Exterior) (Guaraníes) — Agropecuario,annual,PYG,2009-01-01T00:00:00Z,2025-12-31T00:00:00Z,review_indicator_only
e6bb3b7a2307a4f0b68d5ec37a8e3590,17,916,TRUE,insurance_annex:x1_4:6c1084080a04a85892caca84,insurance_annex,Desafectación de Provisiones Técnicas de Seguros (Guaraníes) — Accidentes a Pasajeros,Desafectación de Provisiones Técnicas de Seguros (Guaraníes) — Desafectación de Provisiones Técnicas de Seguros (Guaraníes) — Accidentes a Pasajeros,annual,PYG,2009-01-01T00:00:00Z,2025-12-31T00:00:00Z,review_indicator_only
e6bb3b7a2307a4f0b68d5ec37a8e3590,17,916,TRUE,insurance_annex:x1_4:971f90b785e9e133add7e3b8,insurance_annex,Desafectación de Provisiones Técnicas de Seguros (Guaraníes) — Ajustes de Fondos de Acumulación,Desafectación de Provisiones Técnicas de Seguros (Guaraníes) — Desafectación de Provisiones Técnicas de Seguros (Guaraníes) — Ajustes de Fondos de Acumulación,annual,PYG,2009-01-01T00:00:00Z,2025-12-31T00:00:00Z,review_indicator_only
e6bb3b7a2307a4f0b68d5ec37a8e3590,17,916,TRUE,insurance_annex:x1_4:b70b0f8614aa637d19b8cb44,insurance_annex,Desafectación de Provisiones Técnicas de Seguros (Guaraníes) — Aeronavegación,Desafectación de Provisiones Técnicas de Seguros (Guaraníes) — Desafectación de Provisiones Técnicas de Seguros (Guaraníes) — Aeronavegación,annual,PYG,2009-01-01T00:00:00Z,2025-12-31T00:00:00Z,review_indicator_only
e6bb3b7a2307a4f0b68d5ec37a8e3590,17,916,TRUE,insurance_annex:x1_5:2cb1236552e948aa465926d3,insurance_annex,Primas Reaseguros Cedidos (Local) Contratos Proporcionales — Primas Sección Desgravamen Hipotecario Corto Plazo,Primas Reaseguros Cedidos (Local) Contratos Proporcionales — Primas Reaseguros Cedidos (Local) Contratos Proporcionales — Primas Sección Desgravamen Hipotecario Corto Plazo,annual,PYG,2009-01-01T00:00:00Z,2025-12-31T00:00:00Z,review_indicator_only
e6bb3b7a2307a4f0b68d5ec37a8e3590,17,916,TRUE,insurance_annex:x1_5:527a9584583ee02e83ce872f,insurance_annex,Primas Reaseguros Cedidos (Local) Contratos Proporcionales — Primas Sección Seguros Colectivos Largo Plazo,Primas Reaseguros Cedidos (Local) Contratos Proporcionales — Primas Reaseguros Cedidos (Local) Contratos Proporcionales — Primas Sección Seguros Colectivos Largo Plazo,annual,PYG,2009-01-01T00:00:00Z,2025-12-31T00:00:00Z,review_indicator_only
e6bb3b7a2307a4f0b68d5ec37a8e3590,17,916,TRUE,insurance_annex:x1_5:73caa8e340cc6e962a85a2ca,insurance_annex,Primas Reaseguros Cedidos (Local) Contratos Proporcionales — Primas Sección Defunción o Sepelio,Primas Reaseguros Cedidos (Local) Contratos Proporcionales — Primas Reaseguros Cedidos (Local) Contratos Proporcionales — Primas Sección Defunción o Sepelio,annual,PYG,2009-01-01T00:00:00Z,2025-12-31T00:00:00Z,review_indicator_only
e6bb3b7a2307a4f0b68d5ec37a8e3590,17,916,TRUE,insurance_annex:x1_5:cbc32a918f41adf959c5c200,insurance_annex,Primas Reaseguros Cedidos (Local) Contratos Proporcionales — Agropecuario,Primas Reaseguros Cedidos (Local) Contratos Proporcionales — Primas Reaseguros Cedidos (Local) Contratos Proporcionales — Agropecuario,annual,PYG,2009-01-01T00:00:00Z,2025-12-31T00:00:00Z,review_indicator_only
e6bb3b7a2307a4f0b68d5ec37a8e3590,17,916,TRUE,insurance_annex:x1_5:d3d444214babeb485b6fe7e4,insurance_annex,Primas Reaseguros Cedidos (Local) Contratos Proporcionales — Primas Sección Desgravamen Hipotecario Largo Plazo,Primas Reaseguros Cedidos (Local) Contratos Proporcionales — Primas Reaseguros Cedidos (Local) Contratos Proporcionales — Primas Sección Desgravamen Hipotecario Largo Plazo,annual,PYG,2009-01-01T00:00:00Z,2025-12-31T00:00:00Z,review_indicator_only
e6bb3b7a2307a4f0b68d5ec37a8e3590,17,916,TRUE,insurance_annex:x1_5:f01282f78e1b28bf92e63dfd,insurance_annex,Primas Reaseguros Cedidos (Local) Contratos Proporcionales — Primas Sección Pensiones Voluntarias,Primas Reaseguros Cedidos (Local) Contratos Proporcionales — Primas Reaseguros Cedidos (Local) Contratos Proporcionales — Primas Sección Pensiones Voluntarias,annual,PYG,2009-01-01T00:00:00Z,2025-12-31T00:00:00Z,review_indicator_only
e6bb3b7a2307a4f0b68d5ec37a8e3590,17,916,TRUE,insurance_annex:x1_5:f0e9ac25f5835743feda963e,insurance_annex,Primas Reaseguros Cedidos (Local) Contratos Proporcionales — Primas Sección Salud o Enfermedad,Primas Reaseguros Cedidos (Local) Contratos Proporcionales — Primas Reaseguros Cedidos (Local) Contratos Proporcionales — Primas Sección Salud o Enfermedad,annual,PYG,2009-01-01T00:00:00Z,2025-12-31T00:00:00Z,review_indicator_only
e6bb3b7a2307a4f0b68d5ec37a8e3590,17,916,TRUE,insurance_annex:x1_6:723e1617591063cf150307b9,insurance_annex,Primas Reaseguros Cedidos (Exterior) Contratos Proporcionales — Primas Sección Pensiones Voluntarias,Primas Reaseguros Cedidos (Exterior) Contratos Proporcionales — Primas Reaseguros Cedidos (Exterior) Contratos Proporcionales — Primas Sección Pensiones Voluntarias,annual,PYG,2009-01-01T00:00:00Z,2025-12-31T00:00:00Z,review_indicator_only
e6bb3b7a2307a4f0b68d5ec37a8e3590,17,916,TRUE,insurance_annex:x1_6:b9bd9a26753ff8b0b51b28c4,insurance_annex,Primas Reaseguros Cedidos (Exterior) Contratos Proporcionales — Primas Sección Defunción o Sepelio,Primas Reaseguros Cedidos (Exterior) Contratos Proporcionales — Primas Reaseguros Cedidos (Exterior) Contratos Proporcionales — Primas Sección Defunción o Sepelio,annual,PYG,2009-01-01T00:00:00Z,2025-12-31T00:00:00Z,review_indicator_only
e6bb3b7a2307a4f0b68d5ec37a8e3590,17,916,TRUE,insurance_annex:x1_7:2430c8d5c616c9ccf8cda971,insurance_annex,Constitución de Provisiones Técnicas de Seguros — Aeronavegación,Constitución de Provisiones Técnicas de Seguros — Constitución de Provisiones Técnicas de Seguros — Aeronavegación,annual,PYG,2009-01-01T00:00:00Z,2025-12-31T00:00:00Z,review_indicator_only
e6bb3b7a2307a4f0b68d5ec37a8e3590,17,916,TRUE,insurance_annex:x1_7:2d0caa5034b393af3f12fb69,insurance_annex,Constitución de Provisiones Técnicas de Seguros — Accidentes a Pasajeros,Constitución de Provisiones Técnicas de Seguros — Constitución de Provisiones Técnicas de Seguros — Accidentes a Pasajeros,annual,PYG,2009-01-01T00:00:00Z,2025-12-31T00:00:00Z,review_indicator_only
e6bb3b7a2307a4f0b68d5ec37a8e3590,17,916,TRUE,insurance_annex:x1_7:3ff0838c11a30ef8092c2b52,insurance_annex,Constitución de Provisiones Técnicas de Seguros — Ajustes de Fondos de Acumulación,Constitución de Provisiones Técnicas de Seguros — Constitución de Provisiones Técnicas de Seguros — Ajustes de Fondos de Acumulación,annual,PYG,2009-01-01T00:00:00Z,2025-12-31T00:00:00Z,review_indicator_only
e6bb3b7a2307a4f0b68d5ec37a8e3590,17,916,TRUE,insurance_annex:x1_8:42e02ec51f2d62cf3e551eb1,insurance_annex,Siniestros Seguros Directos — Total Vida Largo Plazo,Siniestros Seguros Directos — Siniestros Seguros Directos — Total Vida Largo Plazo,annual,PYG,2009-01-01T00:00:00Z,2025-12-31T00:00:00Z,review_indicator_only
e6bb3b7a2307a4f0b68d5ec37a8e3590,17,916,TRUE,insurance_annex:x1_9:1076233f174a0e09edb9a920,insurance_annex,Prestaciones e Indemnizaciones Seguros de Vida — Accidentes Personales,Prestaciones e Indemnizaciones Seguros de Vida — Prestaciones e Indemnizaciones Seguros de Vida — Accidentes Personales,annual,PYG,2009-01-01T00:00:00Z,2025-12-31T00:00:00Z,review_indicator_only
e6bb3b7a2307a4f0b68d5ec37a8e3590,17,916,TRUE,insurance_annex:x1_9:2df63660fe1e660683cdcf73,insurance_annex,Prestaciones e Indemnizaciones Seguros de Vida — Caución,Prestaciones e Indemnizaciones Seguros de Vida — Prestaciones e Indemnizaciones Seguros de Vida — Caución,annual,PYG,2009-01-01T00:00:00Z,2025-12-31T00:00:00Z,review_indicator_only
e6bb3b7a2307a4f0b68d5ec37a8e3590,17,916,TRUE,insurance_annex:x1_9:58f671a2061b0b14169b0e98,insurance_annex,Prestaciones e Indemnizaciones Seguros de Vida — Total Rama patrimonial,Prestaciones e Indemnizaciones Seguros de Vida — Prestaciones e Indemnizaciones Seguros de Vida — Total Rama patrimonial,annual,PYG,2009-01-01T00:00:00Z,2025-12-31T00:00:00Z,review_indicator_only
e6bb3b7a2307a4f0b68d5ec37a8e3590,17,916,TRUE,insurance_annex:x1_9:5f4c2e4f8c31f62afddcbecb,insurance_annex,Prestaciones e Indemnizaciones Seguros de Vida — Automóviles,Prestaciones e Indemnizaciones Seguros de Vida — Prestaciones e Indemnizaciones Seguros de Vida — Automóviles,annual,PYG,2009-01-01T00:00:00Z,2025-12-31T00:00:00Z,review_indicator_only
e6bb3b7a2307a4f0b68d5ec37a8e3590,17,916,TRUE,insurance_annex:x1_9:61d2562471715a824bc14a1d,insurance_annex,Prestaciones e Indemnizaciones Seguros de Vida — Responsabilidad Civil,Prestaciones e Indemnizaciones Seguros de Vida — Prestaciones e Indemnizaciones Seguros de Vida — Responsabilidad Civil,annual,PYG,2009-01-01T00:00:00Z,2025-12-31T00:00:00Z,review_indicator_only
e6bb3b7a2307a4f0b68d5ec37a8e3590,17,916,TRUE,insurance_annex:x1_9:678bcb99dd25e7fc4b7e509f,insurance_annex,Prestaciones e Indemnizaciones Seguros de Vida — Riesgos Varios,Prestaciones e Indemnizaciones Seguros de Vida — Prestaciones e Indemnizaciones Seguros de Vida — Riesgos Varios,annual,PYG,2009-01-01T00:00:00Z,2025-12-31T00:00:00Z,review_indicator_only
e6bb3b7a2307a4f0b68d5ec37a8e3590,17,916,TRUE,insurance_annex:x1_9:6e66fc5b851857bd80435f86,insurance_annex,Prestaciones e Indemnizaciones Seguros de Vida — Indemnizaciones seguros de vida incapacidad,Prestaciones e Indemnizaciones Seguros de Vida — Prestaciones e Indemnizaciones Seguros de Vida — Indemnizaciones seguros de vida incapacidad,annual,PYG,2009-01-01T00:00:00Z,2025-12-31T00:00:00Z,review_indicator_only
e6bb3b7a2307a4f0b68d5ec37a8e3590,17,916,TRUE,insurance_annex:x1_9:7378e85ce4063862e3bdb431,insurance_annex,Prestaciones e Indemnizaciones Seguros de Vida — Incendio,Prestaciones e Indemnizaciones Seguros de Vida — Prestaciones e Indemnizaciones Seguros de Vida — Incendio,annual,PYG,2009-01-01T00:00:00Z,2025-12-31T00:00:00Z,review_indicator_only
e6bb3b7a2307a4f0b68d5ec37a8e3590,17,916,TRUE,insurance_annex:x1_9:7ff3952f20c395ee3284c78b,insurance_annex,Prestaciones e Indemnizaciones Seguros de Vida — Transporte,Prestaciones e Indemnizaciones Seguros de Vida — Prestaciones e Indemnizaciones Seguros de Vida — Transporte,annual,PYG,2009-01-01T00:00:00Z,2025-12-31T00:00:00Z,review_indicator_only
e6bb3b7a2307a4f0b68d5ec37a8e3590,17,916,TRUE,insurance_annex:x1_9:8950722d7b2aa69c8ecbe8dd,insurance_annex,Prestaciones e Indemnizaciones Seguros de Vida — Rentas Vitalicias,Prestaciones e Indemnizaciones Seguros de Vida — Prestaciones e Indemnizaciones Seguros de Vida — Rentas Vitalicias,annual,PYG,2009-01-01T00:00:00Z,2025-12-31T00:00:00Z,review_indicator_only
e6bb3b7a2307a4f0b68d5ec37a8e3590,17,916,TRUE,insurance_annex:x1_9:978a5042b1fad37007a96c87,insurance_annex,Prestaciones e Indemnizaciones Seguros de Vida — Aeronavegación,Prestaciones e Indemnizaciones Seguros de Vida — Prestaciones e Indemnizaciones Seguros de Vida — Aeronavegación,annual,PYG,2009-01-01T00:00:00Z,2025-12-31T00:00:00Z,review_indicator_only
e6bb3b7a2307a4f0b68d5ec37a8e3590,17,916,TRUE,insurance_annex:x1_9:b1a79e505055bc9ecda31bf7,insurance_annex,Prestaciones e Indemnizaciones Seguros de Vida — Robo y Asalto,Prestaciones e Indemnizaciones Seguros de Vida — Prestaciones e Indemnizaciones Seguros de Vida — Robo y Asalto,annual,PYG,2009-01-01T00:00:00Z,2025-12-31T00:00:00Z,review_indicator_only
e6bb3b7a2307a4f0b68d5ec37a8e3590,17,916,TRUE,insurance_annex:x1_9:b4d167d057c9a94dd831dad5,insurance_annex,"Prestaciones e Indemnizaciones Seguros de Vida — Cristales, Vidrios y Espejos","Prestaciones e Indemnizaciones Seguros de Vida — Prestaciones e Indemnizaciones Seguros de Vida — Cristales, Vidrios y Espejos",annual,PYG,2009-01-01T00:00:00Z,2025-12-31T00:00:00Z,review_indicator_only
e6bb3b7a2307a4f0b68d5ec37a8e3590,17,916,TRUE,insurance_annex:x1_9:b4da69ad285688f661d8f2f3,insurance_annex,Prestaciones e Indemnizaciones Seguros de Vida — Agropecuario,Prestaciones e Indemnizaciones Seguros de Vida — Prestaciones e Indemnizaciones Seguros de Vida — Agropecuario,annual,PYG,2009-01-01T00:00:00Z,2025-12-31T00:00:00Z,review_indicator_only
e6bb3b7a2307a4f0b68d5ec37a8e3590,17,916,TRUE,insurance_annex:x1_9:c1f6d663a369b57c03ebe495,insurance_annex,Prestaciones e Indemnizaciones Seguros de Vida — Total Vida Corto Plazo,Prestaciones e Indemnizaciones Seguros de Vida — Prestaciones e Indemnizaciones Seguros de Vida — Total Vida Corto Plazo,annual,PYG,2009-01-01T00:00:00Z,2025-12-31T00:00:00Z,review_indicator_only
e6bb3b7a2307a4f0b68d5ec37a8e3590,17,916,TRUE,insurance_annex:x1_9:ee8bcd028111879e990e2f72,insurance_annex,Prestaciones e Indemnizaciones Seguros de Vida — Riesgos Técnicos,Prestaciones e Indemnizaciones Seguros de Vida — Prestaciones e Indemnizaciones Seguros de Vida — Riesgos Técnicos,annual,PYG,2009-01-01T00:00:00Z,2025-12-31T00:00:00Z,review_indicator_only
e6bb3b7a2307a4f0b68d5ec37a8e3590,17,916,TRUE,insurance_annex:x1_9:ef23e8cd36bd3c371dc11fa6,insurance_annex,Prestaciones e Indemnizaciones Seguros de Vida — Accidentes a Pasajeros,Prestaciones e Indemnizaciones Seguros de Vida — Prestaciones e Indemnizaciones Seguros de Vida — Accidentes a Pasajeros,annual,PYG,2009-01-01T00:00:00Z,2025-12-31T00:00:00Z,review_indicator_only
2e451fad6595f956b8f8376c53fbe207,11,102,TRUE,exchange_houses:x1_eeff:003ccfff91d5ccd5c9ce7bd0,exchange_houses,2. Pasivo — 2.1 Vista — Yrendague,2. Pasivo — 2.1 Vista — Yrendague,annual,PYG,2016-01-01T00:00:00Z,2026-12-31T00:00:00Z,review_indicator_only
2e451fad6595f956b8f8376c53fbe207,11,102,TRUE,exchange_houses:x1_eeff:00cf84153eb4fce07023fb92,exchange_houses,2. Pasivo — 2.1 Vista — Global,2. Pasivo — 2.1 Vista — Global,annual,PYG,2016-01-01T00:00:00Z,2026-12-31T00:00:00Z,review_indicator_only
2e451fad6595f956b8f8376c53fbe207,11,102,TRUE,exchange_houses:x1_eeff:02565429ee035af251bd0a95,exchange_houses,3. Patrimonio Neto — 3.3 Resultado Acumulado — Mercosur,3. Patrimonio Neto — 3.3 Resultado Acumulado — Mercosur,annual,PYG,2016-01-01T00:00:00Z,2026-12-31T00:00:00Z,review_indicator_only
2e451fad6595f956b8f8376c53fbe207,11,102,TRUE,exchange_houses:x1_eeff:0338a67436cb5372cc2f5b06,exchange_houses,2. Pasivo — 2.3 Otros Giros y Transferencias — Mercosur,2. Pasivo — 2.3 Otros Giros y Transferencias — Mercosur,annual,PYG,2016-01-01T00:00:00Z,2026-12-31T00:00:00Z,review_indicator_only
2e451fad6595f956b8f8376c53fbe207,11,102,TRUE,exchange_houses:x1_eeff:0744a2c6a76c403774949cbd,exchange_houses,1. Activo — 1.2 Gestión de Cobro — Mas,1. Activo — 1.2 Gestión de Cobro — Mas,annual,PYG,2016-01-01T00:00:00Z,2026-12-31T00:00:00Z,review_indicator_only
2e451fad6595f956b8f8376c53fbe207,11,102,TRUE,exchange_houses:x1_eeff:076ac3eb12a51f13f06019db,exchange_houses,1. Activo — 1.3 Previsiones — Valor,1. Activo — 1.3 Previsiones — Valor,annual,PYG,2016-01-01T00:00:00Z,2026-12-31T00:00:00Z,review_indicator_only
2e451fad6595f956b8f8376c53fbe207,11,102,TRUE,exchange_houses:x1_eeff:08b79cd891435e0af0cb3b1e,exchange_houses,1. Activo — 1.3 Previsiones — Fenix,1. Activo — 1.3 Previsiones — Fenix,annual,PYG,2016-01-01T00:00:00Z,2026-12-31T00:00:00Z,review_indicator_only
2e451fad6595f956b8f8376c53fbe207,11,102,TRUE,exchange_houses:x1_eeff:0f5b5b5ed91ccda99aa59475,exchange_houses,1. Activo — 1.3 Previsiones — Safira,1. Activo — 1.3 Previsiones — Safira,annual,PYG,2016-01-01T00:00:00Z,2026-12-31T00:00:00Z,review_indicator_only
2e451fad6595f956b8f8376c53fbe207,11,102,TRUE,exchange_houses:x1_eeff:10921f59bbfac3e0d6a0c642,exchange_houses,1. Activo — 1.2 Gestión de Cobro — M&D,1. Activo — 1.2 Gestión de Cobro — M&D,annual,PYG,2016-01-01T00:00:00Z,2026-12-31T00:00:00Z,review_indicator_only
2e451fad6595f956b8f8376c53fbe207,11,102,TRUE,exchange_houses:x1_eeff:1486ecdf0ef95ad3782087e7,exchange_houses,2. Pasivo — 2.1 Vista — Valor,2. Pasivo — 2.1 Vista — Valor,annual,PYG,2016-01-01T00:00:00Z,2026-12-31T00:00:00Z,review_indicator_only
2e451fad6595f956b8f8376c53fbe207,11,102,TRUE,exchange_houses:x1_eeff:1aed07772044b927e23d5fed,exchange_houses,2. Pasivo — 2.3 Otros Giros y Transferencias — Global,2. Pasivo — 2.3 Otros Giros y Transferencias — Global,annual,PYG,2016-01-01T00:00:00Z,2026-12-31T00:00:00Z,review_indicator_only
2e451fad6595f956b8f8376c53fbe207,11,102,TRUE,exchange_houses:x1_eeff:1b0a8ff0d63240d53a8a40e9,exchange_houses,2. Pasivo — 2.1 Vista — Triple C,2. Pasivo — 2.1 Vista — Triple C,annual,PYG,2016-01-01T00:00:00Z,2026-12-31T00:00:00Z,review_indicator_only
2e451fad6595f956b8f8376c53fbe207,11,102,TRUE,exchange_houses:x1_eeff:1c5d9edc3b550ccec719d1fd,exchange_houses,3. Patrimonio Neto — 3.3 Resultado Acumulado — Prime,3. Patrimonio Neto — 3.3 Resultado Acumulado — Prime,annual,PYG,2016-01-01T00:00:00Z,2026-12-31T00:00:00Z,review_indicator_only
2e451fad6595f956b8f8376c53fbe207,11,102,TRUE,exchange_houses:x1_eeff:1f8860f0d6e74b765bdb4951,exchange_houses,1. Activo — 1.2 Gestión de Cobro — Oriente,1. Activo — 1.2 Gestión de Cobro — Oriente,annual,PYG,2016-01-01T00:00:00Z,2026-12-31T00:00:00Z,review_indicator_only
2e451fad6595f956b8f8376c53fbe207,11,102,TRUE,exchange_houses:x1_eeff:20d4d5752b4b7d6014b42dcb,exchange_houses,1. Activo — 1.2 Gestión de Cobro — Global,1. Activo — 1.2 Gestión de Cobro — Global,annual,PYG,2016-01-01T00:00:00Z,2026-12-31T00:00:00Z,review_indicator_only
2e451fad6595f956b8f8376c53fbe207,11,102,TRUE,exchange_houses:x1_eeff:21bb32ddda289a900d2832cb,exchange_houses,2. Pasivo — 2.3 Otros Giros y Transferencias — Fortuna,2. Pasivo — 2.3 Otros Giros y Transferencias — Fortuna,annual,PYG,2016-01-01T00:00:00Z,2026-12-31T00:00:00Z,review_indicator_only
2e451fad6595f956b8f8376c53fbe207,11,102,TRUE,exchange_houses:x1_eeff:26da4cd21ba7dc6b93b824b1,exchange_houses,1. Activo — 1.2 Gestión de Cobro — Unique,1. Activo — 1.2 Gestión de Cobro — Unique,annual,PYG,2016-01-01T00:00:00Z,2026-12-31T00:00:00Z,review_indicator_only
2e451fad6595f956b8f8376c53fbe207,11,102,TRUE,exchange_houses:x1_eeff:2a867c57cba80c9f58ca26a5,exchange_houses,1. Activo — 1.3 Previsiones — Ita,1. Activo — 1.3 Previsiones — Ita,annual,PYG,2016-01-01T00:00:00Z,2026-12-31T00:00:00Z,review_indicator_only
2e451fad6595f956b8f8376c53fbe207,11,102,TRUE,exchange_houses:x1_eeff:2d9703ad22e76192926f16fa,exchange_houses,1. Activo — 1.2 Gestión de Cobro — Triple C,1. Activo — 1.2 Gestión de Cobro — Triple C,annual,PYG,2016-01-01T00:00:00Z,2026-12-31T00:00:00Z,review_indicator_only
2e451fad6595f956b8f8376c53fbe207,11,102,TRUE,exchange_houses:x1_eeff:2ee9bad0a34bf8569130536d,exchange_houses,1. Activo — 1.2 Gestión de Cobro — La moneda,1. Activo — 1.2 Gestión de Cobro — La moneda,annual,PYG,2016-01-01T00:00:00Z,2026-12-31T00:00:00Z,review_indicator_only
2e451fad6595f956b8f8376c53fbe207,11,102,TRUE,exchange_houses:x1_eeff:2f7810d263222639e22ad55e,exchange_houses,2. Pasivo — 2.3 Otros Giros y Transferencias — Fenix,2. Pasivo — 2.3 Otros Giros y Transferencias — Fenix,annual,PYG,2016-01-01T00:00:00Z,2026-12-31T00:00:00Z,review_indicator_only
2e451fad6595f956b8f8376c53fbe207,11,102,TRUE,exchange_houses:x1_eeff:31a2a86b6f785f72e981b072,exchange_houses,3. Patrimonio Neto — 3.3 Resultado Acumulado — Jasy,3. Patrimonio Neto — 3.3 Resultado Acumulado — Jasy,annual,PYG,2016-01-01T00:00:00Z,2026-12-31T00:00:00Z,review_indicator_only
2e451fad6595f956b8f8376c53fbe207,11,102,TRUE,exchange_houses:x1_eeff:3211783d3481ee6b7f131139,exchange_houses,1. Activo — 1.3 Previsiones — Oriente,1. Activo — 1.3 Previsiones — Oriente,annual,PYG,2016-01-01T00:00:00Z,2026-12-31T00:00:00Z,review_indicator_only
2e451fad6595f956b8f8376c53fbe207,11,102,TRUE,exchange_houses:x1_eeff:371fd37593ca98d815b65a34,exchange_houses,2. Pasivo — 2.1 Vista — Prime,2. Pasivo — 2.1 Vista — Prime,annual,PYG,2016-01-01T00:00:00Z,2026-12-31T00:00:00Z,review_indicator_only
2e451fad6595f956b8f8376c53fbe207,11,102,TRUE,exchange_houses:x1_eeff:3d94d2b34a99fe52a13f9113,exchange_houses,1. Activo — 1.3 Previsiones — Fe,1. Activo — 1.3 Previsiones — Fe,annual,PYG,2016-01-01T00:00:00Z,2026-12-31T00:00:00Z,review_indicator_only
2e451fad6595f956b8f8376c53fbe207,11,102,TRUE,exchange_houses:x1_eeff:3f1523bd388924e23c8f11e6,exchange_houses,2. Pasivo — 2.3 Otros Giros y Transferencias — Santa Rita,2. Pasivo — 2.3 Otros Giros y Transferencias — Santa Rita,annual,PYG,2016-01-01T00:00:00Z,2026-12-31T00:00:00Z,review_indicator_only
2e451fad6595f956b8f8376c53fbe207,11,102,TRUE,exchange_houses:x1_eeff:45f6a10ef983464f85c3ddde,exchange_houses,3. Patrimonio Neto — 3.3 Resultado Acumulado — Norte,3. Patrimonio Neto — 3.3 Resultado Acumulado — Norte,annual,PYG,2016-01-01T00:00:00Z,2026-12-31T00:00:00Z,review_indicator_only
2e451fad6595f956b8f8376c53fbe207,11,102,TRUE,exchange_houses:x1_eeff:47241aae95960b6cad2df486,exchange_houses,3. Patrimonio Neto — 3.3 Resultado Acumulado — Bonanza,3. Patrimonio Neto — 3.3 Resultado Acumulado — Bonanza,annual,PYG,2016-01-01T00:00:00Z,2026-12-31T00:00:00Z,review_indicator_only
2e451fad6595f956b8f8376c53fbe207,11,102,TRUE,exchange_houses:x1_eeff:4852adbb1f2699a7e90d1273,exchange_houses,1. Activo — 1.3 Previsiones — Bonanza,1. Activo — 1.3 Previsiones — Bonanza,annual,PYG,2016-01-01T00:00:00Z,2026-12-31T00:00:00Z,review_indicator_only
2e451fad6595f956b8f8376c53fbe207,11,102,TRUE,exchange_houses:x1_eeff:49c4c1d01454534050598278,exchange_houses,2. Pasivo — 2.3 Otros Giros y Transferencias — Mas,2. Pasivo — 2.3 Otros Giros y Transferencias — Mas,annual,PYG,2016-01-01T00:00:00Z,2026-12-31T00:00:00Z,review_indicator_only
2e451fad6595f956b8f8376c53fbe207,11,102,TRUE,exchange_houses:x1_eeff:5703a34b7564e43863332d8b,exchange_houses,2. Pasivo — 2.3 Otros Giros y Transferencias — Uno,2. Pasivo — 2.3 Otros Giros y Transferencias — Uno,annual,PYG,2016-01-01T00:00:00Z,2026-12-31T00:00:00Z,review_indicator_only
2e451fad6595f956b8f8376c53fbe207,11,102,TRUE,exchange_houses:x1_eeff:5dc96c2257f5a6a5ce48e312,exchange_houses,3. Patrimonio Neto — 3.3 Resultado Acumulado — Ceteg,3. Patrimonio Neto — 3.3 Resultado Acumulado — Ceteg,annual,PYG,2016-01-01T00:00:00Z,2026-12-31T00:00:00Z,review_indicator_only
2e451fad6595f956b8f8376c53fbe207,11,102,TRUE,exchange_houses:x1_eeff:619427b094b53b84199557b0,exchange_houses,1. Activo — 1.2 Gestión de Cobro — Money,1. Activo — 1.2 Gestión de Cobro — Money,annual,PYG,2016-01-01T00:00:00Z,2026-12-31T00:00:00Z,review_indicator_only
2e451fad6595f956b8f8376c53fbe207,11,102,TRUE,exchange_houses:x1_eeff:621601eb84e95aa704fbb6eb,exchange_houses,3. Patrimonio Neto — 3.3 Resultado Acumulado — Valor,3. Patrimonio Neto — 3.3 Resultado Acumulado — Valor,annual,PYG,2016-01-01T00:00:00Z,2026-12-31T00:00:00Z,review_indicator_only
2e451fad6595f956b8f8376c53fbe207,11,102,TRUE,exchange_houses:x1_eeff:64c21f8f616b9d575efed8f1,exchange_houses,1. Activo — 1.7 Otros Activos — Ita,1. Activo — 1.7 Otros Activos — Ita,annual,PYG,2016-01-01T00:00:00Z,2026-12-31T00:00:00Z,review_indicator_only
2e451fad6595f956b8f8376c53fbe207,11,102,TRUE,exchange_houses:x1_eeff:660a893504017cbb1fe92ab9,exchange_houses,1. Activo — 1.3 Previsiones — Triple C,1. Activo — 1.3 Previsiones — Triple C,annual,PYG,2016-01-01T00:00:00Z,2026-12-31T00:00:00Z,review_indicator_only
2e451fad6595f956b8f8376c53fbe207,11,102,TRUE,exchange_houses:x1_eeff:6dc6cc976e460307982824f2,exchange_houses,2. Pasivo — 2.1 Vista — Safira,2. Pasivo — 2.1 Vista — Safira,annual,PYG,2016-01-01T00:00:00Z,2026-12-31T00:00:00Z,review_indicator_only
2e451fad6595f956b8f8376c53fbe207,11,102,TRUE,exchange_houses:x1_eeff:6f5d6345f4865c10a1305e3e,exchange_houses,1. Activo — 1.3 Previsiones — Mundial,1. Activo — 1.3 Previsiones — Mundial,annual,PYG,2016-01-01T00:00:00Z,2026-12-31T00:00:00Z,review_indicator_only
2e451fad6595f956b8f8376c53fbe207,11,102,TRUE,exchange_houses:x1_eeff:6fcd477368518aa06092d3db,exchange_houses,2. Pasivo — 2.1 Vista — Sudameric.,2. Pasivo — 2.1 Vista — Sudameric.,annual,PYG,2016-01-01T00:00:00Z,2026-12-31T00:00:00Z,review_indicator_only
2e451fad6595f956b8f8376c53fbe207,11,102,TRUE,exchange_houses:x1_eeff:705afbe7e1a1b24b32216dca,exchange_houses,1. Activo — 1.3 Previsiones — Fortuna,1. Activo — 1.3 Previsiones — Fortuna,annual,PYG,2016-01-01T00:00:00Z,2026-12-31T00:00:00Z,review_indicator_only
2e451fad6595f956b8f8376c53fbe207,11,102,TRUE,exchange_houses:x1_eeff:72795fc29b1e8ef3c48ec448,exchange_houses,1. Activo — 1.2 Gestión de Cobro — Valor,1. Activo — 1.2 Gestión de Cobro — Valor,annual,PYG,2016-01-01T00:00:00Z,2026-12-31T00:00:00Z,review_indicator_only
2e451fad6595f956b8f8376c53fbe207,11,102,TRUE,exchange_houses:x1_eeff:74bf3777f5bd2d27961a34de,exchange_houses,1. Activo — 1.3 Previsiones — La moneda,1. Activo — 1.3 Previsiones — La moneda,annual,PYG,2016-01-01T00:00:00Z,2026-12-31T00:00:00Z,review_indicator_only
2e451fad6595f956b8f8376c53fbe207,11,102,TRUE,exchange_houses:x1_eeff:777f4b7a77427e5ffd20915e,exchange_houses,1. Activo — 1.3 Previsiones — Global,1. Activo — 1.3 Previsiones — Global,annual,PYG,2016-01-01T00:00:00Z,2026-12-31T00:00:00Z,review_indicator_only
2e451fad6595f956b8f8376c53fbe207,11,102,TRUE,exchange_houses:x1_eeff:7be415b8d3077f0bbac0e945,exchange_houses,2. Pasivo — 2.1 Vista — Oriente,2. Pasivo — 2.1 Vista — Oriente,annual,PYG,2016-01-01T00:00:00Z,2026-12-31T00:00:00Z,review_indicator_only
2e451fad6595f956b8f8376c53fbe207,11,102,TRUE,exchange_houses:x1_eeff:7ea9361c2950b40598e0754a,exchange_houses,1. Activo — 1.3 Previsiones — Money,1. Activo — 1.3 Previsiones — Money,annual,PYG,2016-01-01T00:00:00Z,2026-12-31T00:00:00Z,review_indicator_only
2e451fad6595f956b8f8376c53fbe207,11,102,TRUE,exchange_houses:x1_eeff:7f341ef1cf2c68e0a6c2476e,exchange_houses,3. Patrimonio Neto — 3.3 Resultado Acumulado — Safira,3. Patrimonio Neto — 3.3 Resultado Acumulado — Safira,annual,PYG,2016-01-01T00:00:00Z,2026-12-31T00:00:00Z,review_indicator_only
2e451fad6595f956b8f8376c53fbe207,11,102,TRUE,exchange_houses:x1_eeff:81383165ff84165f0d5365ea,exchange_houses,2. Pasivo — 2.1 Vista — Unique,2. Pasivo — 2.1 Vista — Unique,annual,PYG,2016-01-01T00:00:00Z,2026-12-31T00:00:00Z,review_indicator_only
2e451fad6595f956b8f8376c53fbe207,11,102,TRUE,exchange_houses:x1_eeff:815c19cf4321ae885bc1464d,exchange_houses,1. Activo — 1.3 Previsiones — Uno,1. Activo — 1.3 Previsiones — Uno,annual,PYG,2016-01-01T00:00:00Z,2026-12-31T00:00:00Z,review_indicator_only
2e451fad6595f956b8f8376c53fbe207,11,102,TRUE,exchange_houses:x1_eeff:81ceec122dda043b07809176,exchange_houses,2. Pasivo — 2.1 Vista — Fortuna,2. Pasivo — 2.1 Vista — Fortuna,annual,PYG,2016-01-01T00:00:00Z,2026-12-31T00:00:00Z,review_indicator_only
2e451fad6595f956b8f8376c53fbe207,11,102,TRUE,exchange_houses:x1_eeff:832792e5c29f1b9dc8b41e58,exchange_houses,3. Patrimonio Neto — 3.3 Resultado Acumulado — Alberdi,3. Patrimonio Neto — 3.3 Resultado Acumulado — Alberdi,annual,PYG,2016-01-01T00:00:00Z,2026-12-31T00:00:00Z,review_indicator_only
2e451fad6595f956b8f8376c53fbe207,11,102,TRUE,exchange_houses:x1_eeff:87b7858eb4078259b3f40f9d,exchange_houses,2. Pasivo — 2.1 Vista — Ita,2. Pasivo — 2.1 Vista — Ita,annual,PYG,2016-01-01T00:00:00Z,2026-12-31T00:00:00Z,review_indicator_only
2e451fad6595f956b8f8376c53fbe207,11,102,TRUE,exchange_houses:x1_eeff:88806f687e9764f3e22e4d23,exchange_houses,2. Pasivo — 2.3 Otros Giros y Transferencias — Oriente,2. Pasivo — 2.3 Otros Giros y Transferencias — Oriente,annual,PYG,2016-01-01T00:00:00Z,2026-12-31T00:00:00Z,review_indicator_only
2e451fad6595f956b8f8376c53fbe207,11,102,TRUE,exchange_houses:x1_eeff:89a6b659d8f9a776d2d8e4c7,exchange_houses,1. Activo — 1.2 Gestión de Cobro — Fe,1. Activo — 1.2 Gestión de Cobro — Fe,annual,PYG,2016-01-01T00:00:00Z,2026-12-31T00:00:00Z,review_indicator_only
2e451fad6595f956b8f8376c53fbe207,11,102,TRUE,exchange_houses:x1_eeff:8ae94fe32f1d95c36cbea3b9,exchange_houses,2. Pasivo — 2.3 Otros Giros y Transferencias — Rio Parana,2. Pasivo — 2.3 Otros Giros y Transferencias — Rio Parana,annual,PYG,2016-01-01T00:00:00Z,2026-12-31T00:00:00Z,review_indicator_only
2e451fad6595f956b8f8376c53fbe207,11,102,TRUE,exchange_houses:x1_eeff:8baca323024f83a5e2b9f676,exchange_houses,2. Pasivo — 2.3 Otros Giros y Transferencias — Unique,2. Pasivo — 2.3 Otros Giros y Transferencias — Unique,annual,PYG,2016-01-01T00:00:00Z,2026-12-31T00:00:00Z,review_indicator_only
2e451fad6595f956b8f8376c53fbe207,11,102,TRUE,exchange_houses:x1_eeff:8d5de03d572d99cb715ec149,exchange_houses,1. Activo — 1.3 Previsiones — Ceteg,1. Activo — 1.3 Previsiones — Ceteg,annual,PYG,2016-01-01T00:00:00Z,2026-12-31T00:00:00Z,review_indicator_only
2e451fad6595f956b8f8376c53fbe207,11,102,TRUE,exchange_houses:x1_eeff:90b43e1919ad5b5e0dcf4384,exchange_houses,2. Pasivo — 2.1 Vista — Rio Parana,2. Pasivo — 2.1 Vista — Rio Parana,annual,PYG,2016-01-01T00:00:00Z,2026-12-31T00:00:00Z,review_indicator_only
2e451fad6595f956b8f8376c53fbe207,11,102,TRUE,exchange_houses:x1_eeff:91ef252e1edd303d590d10a9,exchange_houses,1. Activo — 1.3 Previsiones — Prime,1. Activo — 1.3 Previsiones — Prime,annual,PYG,2016-01-01T00:00:00Z,2026-12-31T00:00:00Z,review_indicator_only
2e451fad6595f956b8f8376c53fbe207,11,102,TRUE,exchange_houses:x1_eeff:934b3dace0e78afe6615fc7e,exchange_houses,2. Pasivo — 2.1 Vista — Mas,2. Pasivo — 2.1 Vista — Mas,annual,PYG,2016-01-01T00:00:00Z,2026-12-31T00:00:00Z,review_indicator_only
2e451fad6595f956b8f8376c53fbe207,11,102,TRUE,exchange_houses:x1_eeff:93647eb878b3ba8953978e74,exchange_houses,1. Activo — 1.7 Otros Activos — Fortuna,1. Activo — 1.7 Otros Activos — Fortuna,annual,PYG,2016-01-01T00:00:00Z,2026-12-31T00:00:00Z,review_indicator_only
2e451fad6595f956b8f8376c53fbe207,11,102,TRUE,exchange_houses:x1_eeff:9367c76e10b88ddcb1306f24,exchange_houses,2. Pasivo — 2.3 Otros Giros y Transferencias — Valor,2. Pasivo — 2.3 Otros Giros y Transferencias — Valor,annual,PYG,2016-01-01T00:00:00Z,2026-12-31T00:00:00Z,review_indicator_only
2e451fad6595f956b8f8376c53fbe207,11,102,TRUE,exchange_houses:x1_eeff:9394dd8830e5bdd151493787,exchange_houses,2. Pasivo — 2.1 Vista — M&D,2. Pasivo — 2.1 Vista — M&D,annual,PYG,2016-01-01T00:00:00Z,2026-12-31T00:00:00Z,review_indicator_only
2e451fad6595f956b8f8376c53fbe207,11,102,TRUE,exchange_houses:x1_eeff:97bf24d95b5485dee8e29bf5,exchange_houses,2. Pasivo — 2.1 Vista — Mercosur,2. Pasivo — 2.1 Vista — Mercosur,annual,PYG,2016-01-01T00:00:00Z,2026-12-31T00:00:00Z,review_indicator_only
2e451fad6595f956b8f8376c53fbe207,11,102,TRUE,exchange_houses:x1_eeff:9c75f1b3b16217da2c4fd12f,exchange_houses,1. Activo — 1.2 Gestión de Cobro — Jasy,1. Activo — 1.2 Gestión de Cobro — Jasy,annual,PYG,2016-01-01T00:00:00Z,2026-12-31T00:00:00Z,review_indicator_only
2e451fad6595f956b8f8376c53fbe207,11,102,TRUE,exchange_houses:x1_eeff:9ca9dab18aaf87d810853c02,exchange_houses,1. Activo — 1.7 Otros Activos — Rio Parana,1. Activo — 1.7 Otros Activos — Rio Parana,annual,PYG,2016-01-01T00:00:00Z,2026-12-31T00:00:00Z,review_indicator_only
2e451fad6595f956b8f8376c53fbe207,11,102,TRUE,exchange_houses:x1_eeff:9de851d73b373645f624c7ae,exchange_houses,2. Pasivo — 2.3 Otros Giros y Transferencias — Ceteg,2. Pasivo — 2.3 Otros Giros y Transferencias — Ceteg,annual,PYG,2016-01-01T00:00:00Z,2026-12-31T00:00:00Z,review_indicator_only
2e451fad6595f956b8f8376c53fbe207,11,102,TRUE,exchange_houses:x1_eeff:a011efc8421dab89e72b7791,exchange_houses,1. Activo — 1.2 Gestión de Cobro — Prime,1. Activo — 1.2 Gestión de Cobro — Prime,annual,PYG,2016-01-01T00:00:00Z,2026-12-31T00:00:00Z,review_indicator_only
2e451fad6595f956b8f8376c53fbe207,11,102,TRUE,exchange_houses:x1_eeff:a1d39a1b6c6ca9390b45c39f,exchange_houses,1. Activo — 1.3 Previsiones — Sudameric.,1. Activo — 1.3 Previsiones — Sudameric.,annual,PYG,2016-01-01T00:00:00Z,2026-12-31T00:00:00Z,review_indicator_only
2e451fad6595f956b8f8376c53fbe207,11,102,TRUE,exchange_houses:x1_eeff:a34bf912e5ce80d05a2de0e8,exchange_houses,1. Activo — 1.3 Previsiones — Mas,1. Activo — 1.3 Previsiones — Mas,annual,PYG,2016-01-01T00:00:00Z,2026-12-31T00:00:00Z,review_indicator_only
2e451fad6595f956b8f8376c53fbe207,11,102,TRUE,exchange_houses:x1_eeff:a38809e687f37d587688dcb4,exchange_houses,1. Activo — 1.2 Gestión de Cobro — Uno,1. Activo — 1.2 Gestión de Cobro — Uno,annual,PYG,2016-01-01T00:00:00Z,2026-12-31T00:00:00Z,review_indicator_only
2e451fad6595f956b8f8376c53fbe207,11,102,TRUE,exchange_houses:x1_eeff:a6a7af031be1316e270c705f,exchange_houses,3. Patrimonio Neto — 3.3 Resultado Acumulado — Santa Rita,3. Patrimonio Neto — 3.3 Resultado Acumulado — Santa Rita,annual,PYG,2016-01-01T00:00:00Z,2026-12-31T00:00:00Z,review_indicator_only
2e451fad6595f956b8f8376c53fbe207,11,102,TRUE,exchange_houses:x1_eeff:a84bdf711180c60d4bbb4890,exchange_houses,1. Activo — 1.3 Previsiones — Unique,1. Activo — 1.3 Previsiones — Unique,annual,PYG,2016-01-01T00:00:00Z,2026-12-31T00:00:00Z,review_indicator_only
2e451fad6595f956b8f8376c53fbe207,11,102,TRUE,exchange_houses:x1_eeff:ad96961ecdbb972d4a5ed080,exchange_houses,1. Activo — 1.2 Gestión de Cobro — Santa Rita,1. Activo — 1.2 Gestión de Cobro — Santa Rita,annual,PYG,2016-01-01T00:00:00Z,2026-12-31T00:00:00Z,review_indicator_only
2e451fad6595f956b8f8376c53fbe207,11,102,TRUE,exchange_houses:x1_eeff:aee15ff0e3d15fe1b2d0cd1c,exchange_houses,2. Pasivo — 2.1 Vista — Uno,2. Pasivo — 2.1 Vista — Uno,annual,PYG,2016-01-01T00:00:00Z,2026-12-31T00:00:00Z,review_indicator_only
2e451fad6595f956b8f8376c53fbe207,11,102,TRUE,exchange_houses:x1_eeff:af6267eca45daa1f0a4e9288,exchange_houses,1. Activo — 1.7 Otros Activos — Uno,1. Activo — 1.7 Otros Activos — Uno,annual,PYG,2016-01-01T00:00:00Z,2026-12-31T00:00:00Z,review_indicator_only
2e451fad6595f956b8f8376c53fbe207,11,102,TRUE,exchange_houses:x1_eeff:b55318bf75f32d159b2bd6ba,exchange_houses,2. Pasivo — 2.1 Vista — Fenix,2. Pasivo — 2.1 Vista — Fenix,annual,PYG,2016-01-01T00:00:00Z,2026-12-31T00:00:00Z,review_indicator_only
2e451fad6595f956b8f8376c53fbe207,11,102,TRUE,exchange_houses:x1_eeff:b9ac2a1876396d250ba077c4,exchange_houses,2. Pasivo — 2.1 Vista — Santa Rita,2. Pasivo — 2.1 Vista — Santa Rita,annual,PYG,2016-01-01T00:00:00Z,2026-12-31T00:00:00Z,review_indicator_only
2e451fad6595f956b8f8376c53fbe207,11,102,TRUE,exchange_houses:x1_eeff:bd9c271accb17699515d3797,exchange_houses,1. Activo — 1.2 Gestión de Cobro — Fortuna,1. Activo — 1.2 Gestión de Cobro — Fortuna,annual,PYG,2016-01-01T00:00:00Z,2026-12-31T00:00:00Z,review_indicator_only
2e451fad6595f956b8f8376c53fbe207,11,102,TRUE,exchange_houses:x1_eeff:c30651213e129999e39a1cec,exchange_houses,1. Activo — 1.3 Previsiones — Rio Parana,1. Activo — 1.3 Previsiones — Rio Parana,annual,PYG,2016-01-01T00:00:00Z,2026-12-31T00:00:00Z,review_indicator_only
2e451fad6595f956b8f8376c53fbe207,11,102,TRUE,exchange_houses:x1_eeff:c3b69cf92aa3cda4e0866176,exchange_houses,3. Patrimonio Neto — 3.3 Resultado Acumulado — Rio Parana,3. Patrimonio Neto — 3.3 Resultado Acumulado — Rio Parana,annual,PYG,2016-01-01T00:00:00Z,2026-12-31T00:00:00Z,review_indicator_only
2e451fad6595f956b8f8376c53fbe207,11,102,TRUE,exchange_houses:x1_eeff:c528708bd48f3a24c4446d56,exchange_houses,2. Pasivo — 2.1 Vista — Money,2. Pasivo — 2.1 Vista — Money,annual,PYG,2016-01-01T00:00:00Z,2026-12-31T00:00:00Z,review_indicator_only
2e451fad6595f956b8f8376c53fbe207,11,102,TRUE,exchange_houses:x1_eeff:c536a5caa3c960165a023006,exchange_houses,2. Pasivo — 2.3 Otros Giros y Transferencias — Sudameric.,2. Pasivo — 2.3 Otros Giros y Transferencias — Sudameric.,annual,PYG,2016-01-01T00:00:00Z,2026-12-31T00:00:00Z,review_indicator_only
2e451fad6595f956b8f8376c53fbe207,11,102,TRUE,exchange_houses:x1_eeff:cac4eb0ef81764a2c2fc6154,exchange_houses,1. Activo — 1.2 Gestión de Cobro — Sudameric.,1. Activo — 1.2 Gestión de Cobro — Sudameric.,annual,PYG,2016-01-01T00:00:00Z,2026-12-31T00:00:00Z,review_indicator_only
2e451fad6595f956b8f8376c53fbe207,11,102,TRUE,exchange_houses:x1_eeff:cb9ea840ec314133e562c82f,exchange_houses,1. Activo — 1.2 Gestión de Cobro — Fenix,1. Activo — 1.2 Gestión de Cobro — Fenix,annual,PYG,2016-01-01T00:00:00Z,2026-12-31T00:00:00Z,review_indicator_only
2e451fad6595f956b8f8376c53fbe207,11,102,TRUE,exchange_houses:x1_eeff:d244043e3bbaaa941774304d,exchange_houses,1. Activo — 1.2 Gestión de Cobro — Ita,1. Activo — 1.2 Gestión de Cobro — Ita,annual,PYG,2016-01-01T00:00:00Z,2026-12-31T00:00:00Z,review_indicator_only
2e451fad6595f956b8f8376c53fbe207,11,102,TRUE,exchange_houses:x1_eeff:db0567188e54e12991fd325f,exchange_houses,1. Activo — 1.3 Previsiones — M&D,1. Activo — 1.3 Previsiones — M&D,annual,PYG,2016-01-01T00:00:00Z,2026-12-31T00:00:00Z,review_indicator_only
2e451fad6595f956b8f8376c53fbe207,11,102,TRUE,exchange_houses:x1_eeff:db1c282f611cb8f83099fb24,exchange_houses,1. Activo — 1.3 Previsiones — Jasy,1. Activo — 1.3 Previsiones — Jasy,annual,PYG,2016-01-01T00:00:00Z,2026-12-31T00:00:00Z,review_indicator_only
2e451fad6595f956b8f8376c53fbe207,11,102,TRUE,exchange_houses:x1_eeff:dbfe4c040d3447d26f30ea04,exchange_houses,2. Pasivo — 2.1 Vista — Mundial,2. Pasivo — 2.1 Vista — Mundial,annual,PYG,2016-01-01T00:00:00Z,2026-12-31T00:00:00Z,review_indicator_only
2e451fad6595f956b8f8376c53fbe207,11,102,TRUE,exchange_houses:x1_eeff:e099b0fc5307a1f21c8aeae3,exchange_houses,2. Pasivo — 2.3 Otros Giros y Transferencias — Ita,2. Pasivo — 2.3 Otros Giros y Transferencias — Ita,annual,PYG,2016-01-01T00:00:00Z,2026-12-31T00:00:00Z,review_indicator_only
2e451fad6595f956b8f8376c53fbe207,11,102,TRUE,exchange_houses:x1_eeff:e6b9af38413d5b88619b032b,exchange_houses,3. Patrimonio Neto — 3.3 Resultado Acumulado — Maxicambios,3. Patrimonio Neto — 3.3 Resultado Acumulado — Maxicambios,annual,PYG,2016-01-01T00:00:00Z,2026-12-31T00:00:00Z,review_indicator_only
2e451fad6595f956b8f8376c53fbe207,11,102,TRUE,exchange_houses:x1_eeff:e82c0cdb4edcbedf498e566f,exchange_houses,2. Pasivo — 2.1 Vista — Norte,2. Pasivo — 2.1 Vista — Norte,annual,PYG,2016-01-01T00:00:00Z,2026-12-31T00:00:00Z,review_indicator_only
2e451fad6595f956b8f8376c53fbe207,11,102,TRUE,exchange_houses:x1_eeff:eb7ac5b013730f3f35ac961b,exchange_houses,2. Pasivo — 2.1 Vista — Ceteg,2. Pasivo — 2.1 Vista — Ceteg,annual,PYG,2016-01-01T00:00:00Z,2026-12-31T00:00:00Z,review_indicator_only
2e451fad6595f956b8f8376c53fbe207,11,102,TRUE,exchange_houses:x1_eeff:eda62cccf24a499b4ca36dc4,exchange_houses,1. Activo — 1.7 Otros Activos — Money,1. Activo — 1.7 Otros Activos — Money,annual,PYG,2016-01-01T00:00:00Z,2026-12-31T00:00:00Z,review_indicator_only
2e451fad6595f956b8f8376c53fbe207,11,102,TRUE,exchange_houses:x1_eeff:edb297fca0933808d535f4b5,exchange_houses,1. Activo — 1.3 Previsiones — Santa Rita,1. Activo — 1.3 Previsiones — Santa Rita,annual,PYG,2016-01-01T00:00:00Z,2026-12-31T00:00:00Z,review_indicator_only
2e451fad6595f956b8f8376c53fbe207,11,102,TRUE,exchange_houses:x1_eeff:ef4e4555aecabfa38d4cb1c7,exchange_houses,2. Pasivo — 2.1 Vista — Bonanza,2. Pasivo — 2.1 Vista — Bonanza,annual,PYG,2016-01-01T00:00:00Z,2026-12-31T00:00:00Z,review_indicator_only
2e451fad6595f956b8f8376c53fbe207,11,102,TRUE,exchange_houses:x1_eeff:f13b199e497c22c5be1f41a5,exchange_houses,2. Pasivo — 2.1 Vista — Jasy,2. Pasivo — 2.1 Vista — Jasy,annual,PYG,2016-01-01T00:00:00Z,2026-12-31T00:00:00Z,review_indicator_only
2e451fad6595f956b8f8376c53fbe207,11,102,TRUE,exchange_houses:x1_eeff:f26765ed154ac1a0479b6028,exchange_houses,2. Pasivo — 2.3 Otros Giros y Transferencias — Safira,2. Pasivo — 2.3 Otros Giros y Transferencias — Safira,annual,PYG,2016-01-01T00:00:00Z,2026-12-31T00:00:00Z,review_indicator_only
2e451fad6595f956b8f8376c53fbe207,11,102,TRUE,exchange_houses:x1_eeff:f442ac32b346ee5aba535280,exchange_houses,1. Activo — 1.2 Gestión de Cobro — Rio Parana,1. Activo — 1.2 Gestión de Cobro — Rio Parana,annual,PYG,2016-01-01T00:00:00Z,2026-12-31T00:00:00Z,review_indicator_only
2e451fad6595f956b8f8376c53fbe207,11,102,TRUE,exchange_houses:x1_eeff:f794c66482a347018cc716b4,exchange_houses,3. Patrimonio Neto — 3.3 Resultado Acumulado — Chaco,3. Patrimonio Neto — 3.3 Resultado Acumulado — Chaco,annual,PYG,2016-01-01T00:00:00Z,2026-12-31T00:00:00Z,review_indicator_only
2e451fad6595f956b8f8376c53fbe207,11,102,TRUE,exchange_houses:x1_eeff:f928c8fb5c8bc24881714d23,exchange_houses,1. Activo — 1.7 Otros Activos — Santa Rita,1. Activo — 1.7 Otros Activos — Santa Rita,annual,PYG,2016-01-01T00:00:00Z,2026-12-31T00:00:00Z,review_indicator_only
2e451fad6595f956b8f8376c53fbe207,11,102,TRUE,exchange_houses:x1_eeff:fd3c04288b8d7fde90f3411c,exchange_houses,1. Activo — 1.2 Gestión de Cobro — Safira,1. Activo — 1.2 Gestión de Cobro — Safira,annual,PYG,2016-01-01T00:00:00Z,2026-12-31T00:00:00Z,review_indicator_only
2e451fad6595f956b8f8376c53fbe207,11,102,TRUE,exchange_houses:x1_eeff:fe59b75c901684368bdd8cf3,exchange_houses,1. Activo — 1.2 Gestión de Cobro — Ceteg,1. Activo — 1.2 Gestión de Cobro — Ceteg,annual,PYG,2016-01-01T00:00:00Z,2026-12-31T00:00:00Z,review_indicator_only
063f3bc4a9744dd057163510a7fc2cef,247,43,TRUE,economic_annex:cuadro_52a:0b747f51fe8dd19ca35786cc,economic_annex,Trigo y sus derivados — Importacion bajo el Regimen de Turismo,Trigo y sus derivados — Trigo y sus derivados — Importacion bajo el Regimen de Turismo,monthly,USD,2006-01-01T00:00:00Z,2026-07-31T00:00:00Z,review_indicator_only
063f3bc4a9744dd057163510a7fc2cef,247,43,TRUE,economic_annex:cuadro_52a:0ea9d5f460dc6174f1345c04,economic_annex,Otros bienes intermedios (d) — Importacion bajo el Regimen de Turismo,Otros bienes intermedios (d) — Otros bienes intermedios (d) — Importacion bajo el Regimen de Turismo,monthly,USD,2006-01-01T00:00:00Z,2026-07-31T00:00:00Z,review_indicator_only
063f3bc4a9744dd057163510a7fc2cef,247,43,TRUE,economic_annex:cuadro_52a:2b6ba26b939e23c3451c8ba8,economic_annex,Nafta — Importacion bajo el Regimen de Turismo,Nafta — Nafta — Importacion bajo el Regimen de Turismo,monthly,USD,2006-01-01T00:00:00Z,2026-07-31T00:00:00Z,review_indicator_only
063f3bc4a9744dd057163510a7fc2cef,247,43,TRUE,economic_annex:cuadro_52a:3daf5cfb7806a0dfa3d8d1fc,economic_annex,"Ómnibus, camiones y camionetas — Importacion bajo el Regimen de Turismo","Ómnibus, camiones y camionetas — Ómnibus, camiones y camionetas — Importacion bajo el Regimen de Turismo",monthly,USD,2006-01-01T00:00:00Z,2026-07-31T00:00:00Z,review_indicator_only
063f3bc4a9744dd057163510a7fc2cef,247,43,TRUE,economic_annex:cuadro_52a:50924560fc22ca568dafb36a,economic_annex,Cementos — Importacion bajo el Regimen de Turismo,Cementos — Cementos — Importacion bajo el Regimen de Turismo,monthly,USD,2006-01-01T00:00:00Z,2026-07-31T00:00:00Z,review_indicator_only
063f3bc4a9744dd057163510a7fc2cef,247,43,TRUE,economic_annex:cuadro_52a:54f3fc901c617dc2f33a05d4,economic_annex,Cervezas — Importacion bajo el Regimen de Turismo,Cervezas — Cervezas — Importacion bajo el Regimen de Turismo,monthly,USD,2006-01-01T00:00:00Z,2026-07-31T00:00:00Z,review_indicator_only
063f3bc4a9744dd057163510a7fc2cef,247,43,TRUE,economic_annex:cuadro_52a:591c43bf0c4b0075687261d5,economic_annex,"Automóviles, Jeep y camionetas rurales — Importacion bajo el Regimen de Turismo","Automóviles, Jeep y camionetas rurales — Automóviles, Jeep y camionetas rurales — Importacion bajo el Regimen de Turismo",monthly,USD,2006-01-01T00:00:00Z,2026-07-31T00:00:00Z,review_indicator_only
063f3bc4a9744dd057163510a7fc2cef,247,43,TRUE,economic_annex:cuadro_52a:60a93e4508bdf684bb210ead,economic_annex,Artículos para construcciones sanitarias — Importacion bajo el Regimen de Turismo,Artículos para construcciones sanitarias — Artículos para construcciones sanitarias — Importacion bajo el Regimen de Turismo,monthly,USD,2006-01-01T00:00:00Z,2026-07-31T00:00:00Z,review_indicator_only
063f3bc4a9744dd057163510a7fc2cef,247,43,TRUE,economic_annex:cuadro_52a:62eb33b3a292436720566d57,economic_annex,Café — Importacion bajo el Regimen de Turismo,Café — Café — Importacion bajo el Regimen de Turismo,monthly,USD,2006-01-01T00:00:00Z,2026-07-31T00:00:00Z,review_indicator_only
063f3bc4a9744dd057163510a7fc2cef,247,43,TRUE,economic_annex:cuadro_52a:64c277b09321359da7c8ff6d,economic_annex,Legumbres y hortalizas — Importacion bajo el Regimen de Turismo,Legumbres y hortalizas — Legumbres y hortalizas — Importacion bajo el Regimen de Turismo,monthly,USD,2006-01-01T00:00:00Z,2026-07-31T00:00:00Z,review_indicator_only
063f3bc4a9744dd057163510a7fc2cef,247,43,TRUE,economic_annex:cuadro_52a:88567fad9e0818c7e0e03187,economic_annex,Cubiertas — Importacion bajo el Regimen de Turismo,Cubiertas — Cubiertas — Importacion bajo el Regimen de Turismo,monthly,USD,2006-01-01T00:00:00Z,2026-07-31T00:00:00Z,review_indicator_only
063f3bc4a9744dd057163510a7fc2cef,247,43,TRUE,economic_annex:cuadro_52a:89b13651bbe7a07139b06f40,economic_annex,Gases — Importacion bajo el Regimen de Turismo,Gases — Gases — Importacion bajo el Regimen de Turismo,monthly,USD,2006-01-01T00:00:00Z,2026-07-31T00:00:00Z,review_indicator_only
063f3bc4a9744dd057163510a7fc2cef,247,43,TRUE,economic_annex:cuadro_52a:92e080aa77cd7fb0c70a666a,economic_annex,Substancias químicas (c) — Importacion bajo el Regimen de Turismo,Substancias químicas (c) — Substancias químicas (c) — Importacion bajo el Regimen de Turismo,monthly,USD,2006-01-01T00:00:00Z,2026-07-31T00:00:00Z,review_indicator_only
063f3bc4a9744dd057163510a7fc2cef,247,43,TRUE,economic_annex:cuadro_52a:995957104eb842b19c3016d1,economic_annex,Sal — Importacion bajo el Regimen de Turismo,Sal — Sal — Importacion bajo el Regimen de Turismo,monthly,USD,2006-01-01T00:00:00Z,2026-07-31T00:00:00Z,review_indicator_only
063f3bc4a9744dd057163510a7fc2cef,247,43,TRUE,economic_annex:cuadro_52a:9cc5086a7c3067233dd20164,economic_annex,Asfalto — Importacion bajo el Regimen de Turismo,Asfalto — Asfalto — Importacion bajo el Regimen de Turismo,monthly,USD,2006-01-01T00:00:00Z,2026-07-31T00:00:00Z,review_indicator_only
063f3bc4a9744dd057163510a7fc2cef,247,43,TRUE,economic_annex:cuadro_52a:c485a96edf90a27613e75464,economic_annex,Combustibles y lubricantes — Importacion bajo el Regimen de Turismo,Combustibles y lubricantes — Combustibles y lubricantes — Importacion bajo el Regimen de Turismo,monthly,USD,2006-01-01T00:00:00Z,2026-07-31T00:00:00Z,review_indicator_only
063f3bc4a9744dd057163510a7fc2cef,247,43,TRUE,economic_annex:cuadro_52a:ccaea025de632de86da4d017,economic_annex,Productos lácteos — Importacion bajo el Regimen de Turismo,Productos lácteos — Productos lácteos — Importacion bajo el Regimen de Turismo,monthly,USD,2006-01-01T00:00:00Z,2026-07-31T00:00:00Z,review_indicator_only
063f3bc4a9744dd057163510a7fc2cef,247,43,TRUE,economic_annex:cuadro_52a:dd7947dc32deb401bd9310cb,economic_annex,Gas oíl — Importacion bajo el Regimen de Turismo,Gas oíl — Gas oíl — Importacion bajo el Regimen de Turismo,monthly,USD,2006-01-01T00:00:00Z,2026-07-31T00:00:00Z,review_indicator_only
063f3bc4a9744dd057163510a7fc2cef,247,43,TRUE,economic_annex:cuadro_52a:dffd35abc190216037eb976c,economic_annex,"Tractores, topadoras, niveladoras y perforadoras — Importacion bajo el Regimen de Turismo","Tractores, topadoras, niveladoras y perforadoras — Tractores, topadoras, niveladoras y perforadoras — Importacion bajo el Regimen de Turismo",monthly,USD,2006-01-01T00:00:00Z,2026-07-31T00:00:00Z,review_indicator_only
063f3bc4a9744dd057163510a7fc2cef,247,43,TRUE,economic_annex:cuadro_52a:f2540ea0557d4cb2f071758e,economic_annex,Fuel oíl — Importacion bajo el Regimen de Turismo,Fuel oíl — Fuel oíl — Importacion bajo el Regimen de Turismo,monthly,USD,2006-01-01T00:00:00Z,2026-07-31T00:00:00Z,review_indicator_only
063f3bc4a9744dd057163510a7fc2cef,247,43,TRUE,economic_annex:cuadro_52a:f9060edf1e2d0d6d57c2b229,economic_annex,"Otros combustibles, aceites y grasas — Importacion bajo el Regimen de Turismo","Otros combustibles, aceites y grasas — Otros combustibles, aceites y grasas — Importacion bajo el Regimen de Turismo",monthly,USD,2006-01-01T00:00:00Z,2026-07-31T00:00:00Z,review_indicator_only
063f3bc4a9744dd057163510a7fc2cef,247,43,TRUE,economic_annex:cuadro_52b:0b747f51fe8dd19ca35786cc,economic_annex,Trigo y sus derivados — Importacion bajo el Regimen de Turismo,Trigo y sus derivados — Trigo y sus derivados — Importacion bajo el Regimen de Turismo,monthly,TONNES,2006-01-01T00:00:00Z,2026-07-31T00:00:00Z,review_indicator_only
063f3bc4a9744dd057163510a7fc2cef,247,43,TRUE,economic_annex:cuadro_52b:0ea9d5f460dc6174f1345c04,economic_annex,Otros bienes intermedios (d) — Importacion bajo el Regimen de Turismo,Otros bienes intermedios (d) — Otros bienes intermedios (d) — Importacion bajo el Regimen de Turismo,monthly,TONNES,2006-01-01T00:00:00Z,2026-07-31T00:00:00Z,review_indicator_only
063f3bc4a9744dd057163510a7fc2cef,247,43,TRUE,economic_annex:cuadro_52b:2b6ba26b939e23c3451c8ba8,economic_annex,Nafta — Importacion bajo el Regimen de Turismo,Nafta — Nafta — Importacion bajo el Regimen de Turismo,monthly,TONNES,2006-01-01T00:00:00Z,2026-07-31T00:00:00Z,review_indicator_only
063f3bc4a9744dd057163510a7fc2cef,247,43,TRUE,economic_annex:cuadro_52b:3daf5cfb7806a0dfa3d8d1fc,economic_annex,"Ómnibus, camiones y camionetas — Importacion bajo el Regimen de Turismo","Ómnibus, camiones y camionetas — Ómnibus, camiones y camionetas — Importacion bajo el Regimen de Turismo",monthly,TONNES,2006-01-01T00:00:00Z,2026-07-31T00:00:00Z,review_indicator_only
063f3bc4a9744dd057163510a7fc2cef,247,43,TRUE,economic_annex:cuadro_52b:50924560fc22ca568dafb36a,economic_annex,Cementos — Importacion bajo el Regimen de Turismo,Cementos — Cementos — Importacion bajo el Regimen de Turismo,monthly,TONNES,2006-01-01T00:00:00Z,2026-07-31T00:00:00Z,review_indicator_only
063f3bc4a9744dd057163510a7fc2cef,247,43,TRUE,economic_annex:cuadro_52b:54f3fc901c617dc2f33a05d4,economic_annex,Cervezas — Importacion bajo el Regimen de Turismo,Cervezas — Cervezas — Importacion bajo el Regimen de Turismo,monthly,TONNES,2006-01-01T00:00:00Z,2026-07-31T00:00:00Z,review_indicator_only
063f3bc4a9744dd057163510a7fc2cef,247,43,TRUE,economic_annex:cuadro_52b:591c43bf0c4b0075687261d5,economic_annex,"Automóviles, Jeep y camionetas rurales — Importacion bajo el Regimen de Turismo","Automóviles, Jeep y camionetas rurales — Automóviles, Jeep y camionetas rurales — Importacion bajo el Regimen de Turismo",monthly,TONNES,2006-01-01T00:00:00Z,2026-07-31T00:00:00Z,review_indicator_only
063f3bc4a9744dd057163510a7fc2cef,247,43,TRUE,economic_annex:cuadro_52b:60a93e4508bdf684bb210ead,economic_annex,Artículos para construcciones sanitarias — Importacion bajo el Regimen de Turismo,Artículos para construcciones sanitarias — Artículos para construcciones sanitarias — Importacion bajo el Regimen de Turismo,monthly,TONNES,2006-01-01T00:00:00Z,2026-07-31T00:00:00Z,review_indicator_only
063f3bc4a9744dd057163510a7fc2cef,247,43,TRUE,economic_annex:cuadro_52b:62eb33b3a292436720566d57,economic_annex,Café — Importacion bajo el Regimen de Turismo,Café — Café — Importacion bajo el Regimen de Turismo,monthly,TONNES,2006-01-01T00:00:00Z,2026-07-31T00:00:00Z,review_indicator_only
063f3bc4a9744dd057163510a7fc2cef,247,43,TRUE,economic_annex:cuadro_52b:64c277b09321359da7c8ff6d,economic_annex,Legumbres y hortalizas — Importacion bajo el Regimen de Turismo,Legumbres y hortalizas — Legumbres y hortalizas — Importacion bajo el Regimen de Turismo,monthly,TONNES,2006-01-01T00:00:00Z,2026-07-31T00:00:00Z,review_indicator_only
063f3bc4a9744dd057163510a7fc2cef,247,43,TRUE,economic_annex:cuadro_52b:88567fad9e0818c7e0e03187,economic_annex,Cubiertas — Importacion bajo el Regimen de Turismo,Cubiertas — Cubiertas — Importacion bajo el Regimen de Turismo,monthly,TONNES,2006-01-01T00:00:00Z,2026-07-31T00:00:00Z,review_indicator_only
063f3bc4a9744dd057163510a7fc2cef,247,43,TRUE,economic_annex:cuadro_52b:89b13651bbe7a07139b06f40,economic_annex,Gases — Importacion bajo el Regimen de Turismo,Gases — Gases — Importacion bajo el Regimen de Turismo,monthly,TONNES,2006-01-01T00:00:00Z,2026-07-31T00:00:00Z,review_indicator_only
063f3bc4a9744dd057163510a7fc2cef,247,43,TRUE,economic_annex:cuadro_52b:8dff3c904d1da28e750166fb,economic_annex,Aparatos y maquinarias para la agricultura — Importacion bajo el Regimen de Turismo,Aparatos y maquinarias para la agricultura — Aparatos y maquinarias para la agricultura — Importacion bajo el Regimen de Turismo,monthly,TONNES,2006-01-01T00:00:00Z,2026-07-31T00:00:00Z,review_indicator_only
063f3bc4a9744dd057163510a7fc2cef,247,43,TRUE,economic_annex:cuadro_52b:92e080aa77cd7fb0c70a666a,economic_annex,Substancias químicas (c) — Importacion bajo el Regimen de Turismo,Substancias químicas (c) — Substancias químicas (c) — Importacion bajo el Regimen de Turismo,monthly,TONNES,2006-01-01T00:00:00Z,2026-07-31T00:00:00Z,review_indicator_only
063f3bc4a9744dd057163510a7fc2cef,247,43,TRUE,economic_annex:cuadro_52b:995957104eb842b19c3016d1,economic_annex,Sal — Importacion bajo el Regimen de Turismo,Sal — Sal — Importacion bajo el Regimen de Turismo,monthly,TONNES,2006-01-01T00:00:00Z,2026-07-31T00:00:00Z,review_indicator_only
063f3bc4a9744dd057163510a7fc2cef,247,43,TRUE,economic_annex:cuadro_52b:9cc5086a7c3067233dd20164,economic_annex,Asfalto — Importacion bajo el Regimen de Turismo,Asfalto — Asfalto — Importacion bajo el Regimen de Turismo,monthly,TONNES,2006-01-01T00:00:00Z,2026-07-31T00:00:00Z,review_indicator_only
063f3bc4a9744dd057163510a7fc2cef,247,43,TRUE,economic_annex:cuadro_52b:c485a96edf90a27613e75464,economic_annex,Combustibles y lubricantes — Importacion bajo el Regimen de Turismo,Combustibles y lubricantes — Combustibles y lubricantes — Importacion bajo el Regimen de Turismo,monthly,TONNES,2006-01-01T00:00:00Z,2026-07-31T00:00:00Z,review_indicator_only
063f3bc4a9744dd057163510a7fc2cef,247,43,TRUE,economic_annex:cuadro_52b:ccaea025de632de86da4d017,economic_annex,Productos lácteos — Importacion bajo el Regimen de Turismo,Productos lácteos — Productos lácteos — Importacion bajo el Regimen de Turismo,monthly,TONNES,2006-01-01T00:00:00Z,2026-07-31T00:00:00Z,review_indicator_only
063f3bc4a9744dd057163510a7fc2cef,247,43,TRUE,economic_annex:cuadro_52b:dd7947dc32deb401bd9310cb,economic_annex,Gas oíl — Importacion bajo el Regimen de Turismo,Gas oíl — Gas oíl — Importacion bajo el Regimen de Turismo,monthly,TONNES,2006-01-01T00:00:00Z,2026-07-31T00:00:00Z,review_indicator_only
063f3bc4a9744dd057163510a7fc2cef,247,43,TRUE,economic_annex:cuadro_52b:dffd35abc190216037eb976c,economic_annex,"Tractores, topadoras, niveladoras y perforadoras — Importacion bajo el Regimen de Turismo","Tractores, topadoras, niveladoras y perforadoras — Tractores, topadoras, niveladoras y perforadoras — Importacion bajo el Regimen de Turismo",monthly,TONNES,2006-01-01T00:00:00Z,2026-07-31T00:00:00Z,review_indicator_only
063f3bc4a9744dd057163510a7fc2cef,247,43,TRUE,economic_annex:cuadro_52b:f2540ea0557d4cb2f071758e,economic_annex,Fuel oíl — Importacion bajo el Regimen de Turismo,Fuel oíl — Fuel oíl — Importacion bajo el Regimen de Turismo,monthly,TONNES,2006-01-01T00:00:00Z,2026-07-31T00:00:00Z,review_indicator_only
063f3bc4a9744dd057163510a7fc2cef,247,43,TRUE,economic_annex:cuadro_52b:f9060edf1e2d0d6d57c2b229,economic_annex,"Otros combustibles, aceites y grasas — Importacion bajo el Regimen de Turismo","Otros combustibles, aceites y grasas — Otros combustibles, aceites y grasas — Importacion bajo el Regimen de Turismo",monthly,TONNES,2006-01-01T00:00:00Z,2026-07-31T00:00:00Z,review_indicator_only
27742a386a940bb15262586aea7a292f,73,39,TRUE,economic_annex:cuadro_37:714e9bc05c62d44775174ec3,economic_annex,3. — Derivados Financieros (Distintos de reservas) — Activos de Reserva,3. — Derivados Financieros (Distintos de reservas) — Activos de Reserva,quarterly,USD,2008-01-01T00:00:00Z,2026-03-31T00:00:00Z,review_indicator_only
27742a386a940bb15262586aea7a292f,73,39,TRUE,economic_annex:cuadro_38:011604ae64668ee89222398d,economic_annex,2. Exportaciones netas de bienes en compra-venta,2. Exportaciones netas de bienes en compra-venta,quarterly,USD,2008-01-01T00:00:00Z,2026-03-31T00:00:00Z,review_indicator_only
27742a386a940bb15262586aea7a292f,73,39,TRUE,economic_annex:cuadro_38:1447d28a17e0cfe7724703d0,economic_annex,1. Manufactura sobre insumos físicos pertenecientes a otros,1. Manufactura sobre insumos físicos pertenecientes a otros,quarterly,USD,2008-01-01T00:00:00Z,2026-03-31T00:00:00Z,review_indicator_only
27742a386a940bb15262586aea7a292f,73,39,TRUE,economic_annex:cuadro_38:25f00450b3e4498bb62f6696,economic_annex,8. Cargos por el uso de la propiedad intelectual,8. Cargos por el uso de la propiedad intelectual,quarterly,USD,2008-01-01T00:00:00Z,2026-03-31T00:00:00Z,review_indicator_only
27742a386a940bb15262586aea7a292f,73,39,TRUE,economic_annex:cuadro_38:27b2792386e37745db3280da,economic_annex,2.1 Inversión directa,2.1 Inversión directa,quarterly,USD,2008-01-01T00:00:00Z,2026-03-31T00:00:00Z,review_indicator_only
27742a386a940bb15262586aea7a292f,73,39,TRUE,economic_annex:cuadro_38:4626f044a535f4cec9c6736b,economic_annex,2.4 Activos de reserva,2.4 Activos de reserva,quarterly,USD,2008-01-01T00:00:00Z,2026-03-31T00:00:00Z,review_indicator_only
27742a386a940bb15262586aea7a292f,73,39,TRUE,economic_annex:cuadro_38:5c41b62b3a6071048a2b5ead,economic_annex,5. Servicios de construcción,5. Servicios de construcción,quarterly,USD,2008-01-01T00:00:00Z,2026-03-31T00:00:00Z,review_indicator_only
27742a386a940bb15262586aea7a292f,73,39,TRUE,economic_annex:cuadro_38:5cc7b918175002c1d8ee3fdb,economic_annex,1. Remuneración de empleados,1. Remuneración de empleados,quarterly,USD,2008-01-01T00:00:00Z,2026-03-31T00:00:00Z,review_indicator_only
27742a386a940bb15262586aea7a292f,73,39,TRUE,economic_annex:cuadro_38:746c359baf25ee0988d8d139,economic_annex,5. Servicios de construcción,5. Servicios de construcción,quarterly,USD,2008-01-01T00:00:00Z,2026-03-31T00:00:00Z,review_indicator_only
27742a386a940bb15262586aea7a292f,73,39,TRUE,economic_annex:cuadro_38:808f27c5c7244afbf2fb19d7,economic_annex,"11. Servicios personales, culturales y recreativos","11. Servicios personales, culturales y recreativos",quarterly,USD,2008-01-01T00:00:00Z,2026-03-31T00:00:00Z,review_indicator_only
27742a386a940bb15262586aea7a292f,73,39,TRUE,economic_annex:cuadro_38:82580462a41f97e15e19d9cf,economic_annex,1. Remuneración de empleados,1. Remuneración de empleados,quarterly,USD,2008-01-01T00:00:00Z,2026-03-31T00:00:00Z,review_indicator_only
27742a386a940bb15262586aea7a292f,73,39,TRUE,economic_annex:cuadro_38:df5569683a7f860d53d6846e,economic_annex,2. Oro no monetario,2. Oro no monetario,quarterly,USD,2008-01-01T00:00:00Z,2026-03-31T00:00:00Z,review_indicator_only
27742a386a940bb15262586aea7a292f,73,39,TRUE,economic_annex:cuadro_38:e0f7ba4cdb35bb08a25168e8,economic_annex,3. Otro ingreso primario,3. Otro ingreso primario,quarterly,USD,2008-01-01T00:00:00Z,2026-03-31T00:00:00Z,review_indicator_only
27742a386a940bb15262586aea7a292f,73,39,TRUE,economic_annex:cuadro_38:f517856541d77620905a182f,economic_annex,3. Otro ingreso primario,3. Otro ingreso primario,quarterly,USD,2008-01-01T00:00:00Z,2026-03-31T00:00:00Z,review_indicator_only
27742a386a940bb15262586aea7a292f,73,39,TRUE,economic_annex:cuadro_39:191b59f683d761a57d86bb9d,economic_annex,4.2.1 Otras participaciones de capital,4.2.1 Otras participaciones de capital,quarterly,USD,2008-01-01T00:00:00Z,2026-03-31T00:00:00Z,review_indicator_only
27742a386a940bb15262586aea7a292f,73,39,TRUE,economic_annex:cuadro_39:207cea16c2665e9515a5e69e,economic_annex,2.1 Activos,2.1 Activos,quarterly,USD,2008-01-01T00:00:00Z,2026-03-31T00:00:00Z,review_indicator_only
27742a386a940bb15262586aea7a292f,73,39,TRUE,economic_annex:cuadro_39:2db16a207a379c6ef98bf786,economic_annex,"4.2.4 Seguros, pensiones y mecanismos normalizados de garantía","4.2.4 Seguros, pensiones y mecanismos normalizados de garantía",quarterly,USD,2008-01-01T00:00:00Z,2026-03-31T00:00:00Z,review_indicator_only
27742a386a940bb15262586aea7a292f,73,39,TRUE,economic_annex:cuadro_39:333e25bea6f6f9c8799534d2,economic_annex,2.2 Pasivos,2.2 Pasivos,quarterly,USD,2008-01-01T00:00:00Z,2026-03-31T00:00:00Z,review_indicator_only
27742a386a940bb15262586aea7a292f,73,39,TRUE,economic_annex:cuadro_39:3d3a25b7573d196d1005edaa,economic_annex,2.1.1 Participaciones de capital distintas de reinversiones de capital,2.1.1 Participaciones de capital distintas de reinversiones de capital,quarterly,USD,2008-01-01T00:00:00Z,2026-03-31T00:00:00Z,review_indicator_only
27742a386a940bb15262586aea7a292f,73,39,TRUE,economic_annex:cuadro_39:6f571721e521a6655fd56ea3,economic_annex,"4.1.4 Seguros, pensiones y mecanismos normalizados de garantía","4.1.4 Seguros, pensiones y mecanismos normalizados de garantía",quarterly,USD,2008-01-01T00:00:00Z,2026-03-31T00:00:00Z,review_indicator_only
27742a386a940bb15262586aea7a292f,73,39,TRUE,economic_annex:cuadro_39:81bafb656d87d838913e91ca,economic_annex,4.1.1 Otras participaciones de capital,4.1.1 Otras participaciones de capital,quarterly,USD,2008-01-01T00:00:00Z,2026-03-31T00:00:00Z,review_indicator_only
27742a386a940bb15262586aea7a292f,73,39,TRUE,economic_annex:cuadro_39:905ab19235e42658d52423a9,economic_annex,3. Derivados financieros (distintos de reservas),3. Derivados financieros (distintos de reservas),quarterly,USD,2008-01-01T00:00:00Z,2026-03-31T00:00:00Z,review_indicator_only
27742a386a940bb15262586aea7a292f,73,39,TRUE,economic_annex:cuadro_39:d1800e1d5adb585e957323b3,economic_annex,1.1.2 Reinversión de utilidades,1.1.2 Reinversión de utilidades,quarterly,USD,2008-01-01T00:00:00Z,2026-03-31T00:00:00Z,review_indicator_only
27742a386a940bb15262586aea7a292f,73,39,TRUE,economic_annex:cuadro_40:259fc34e217a2a7d28113ccf,economic_annex,10. Cuenta de capital: débito,10. Cuenta de capital: débito,quarterly,USD,2008-01-01T00:00:00Z,2026-03-31T00:00:00Z,review_indicator_only
27742a386a940bb15262586aea7a292f,73,39,TRUE,economic_annex:cuadro_40:6e251226c27555b129125de3,economic_annex,15. Derivados financieros - activos,15. Derivados financieros - activos,quarterly,USD,2008-01-01T00:00:00Z,2026-03-31T00:00:00Z,review_indicator_only
27742a386a940bb15262586aea7a292f,73,39,TRUE,economic_annex:cuadro_40:abf9ae10aa4f912a77941c09,economic_annex,16. Derivados financieros - pasivos,16. Derivados financieros - pasivos,quarterly,USD,2008-01-01T00:00:00Z,2026-03-31T00:00:00Z,review_indicator_only
27742a386a940bb15262586aea7a292f,73,39,TRUE,economic_annex:cuadro_40:b4ec490f8dceae779af929ae,economic_annex,13.1 Participaciones de capital y participaciones en fondos de inversión,13.1 Participaciones de capital y participaciones en fondos de inversión,quarterly,USD,2008-01-01T00:00:00Z,2026-03-31T00:00:00Z,review_indicator_only
27742a386a940bb15262586aea7a292f,73,39,TRUE,economic_annex:cuadro_40:cfae196122f0e668853561d3,economic_annex,17.1 Banco Central,17.1 Banco Central,quarterly,USD,2008-01-01T00:00:00Z,2026-03-31T00:00:00Z,review_indicator_only
27742a386a940bb15262586aea7a292f,73,39,TRUE,economic_annex:cuadro_40:e614ff9a84df6aef48919cfb,economic_annex,21. Financiamiento excepcional,21. Financiamiento excepcional,quarterly,USD,2008-01-01T00:00:00Z,2026-03-31T00:00:00Z,review_indicator_only
27742a386a940bb15262586aea7a292f,73,39,TRUE,economic_annex:cuadro_40:ed07f2e3c9e4dbdc64e70dd4,economic_annex,20. Uso crédito del FMI y préstamos del FMI,20. Uso crédito del FMI y préstamos del FMI,quarterly,USD,2008-01-01T00:00:00Z,2026-03-31T00:00:00Z,review_indicator_only
27742a386a940bb15262586aea7a292f,73,39,TRUE,economic_annex:cuadro_41:191b59f683d761a57d86bb9d,economic_annex,4.2.1 Otras participaciones de capital,4.2.1 Otras participaciones de capital,quarterly,USD,2008-01-01T00:00:00Z,2026-03-31T00:00:00Z,review_indicator_only
27742a386a940bb15262586aea7a292f,73,39,TRUE,economic_annex:cuadro_41:2db16a207a379c6ef98bf786,economic_annex,"4.2.4 Seguros, pensiones y mecanismos normalizados de garantía","4.2.4 Seguros, pensiones y mecanismos normalizados de garantía",quarterly,USD,2008-01-01T00:00:00Z,2026-03-31T00:00:00Z,review_indicator_only
27742a386a940bb15262586aea7a292f,73,39,TRUE,economic_annex:cuadro_41:6e28298229337de2231ef292,economic_annex,5.6 Derivados financieros,5.6 Derivados financieros,quarterly,USD,2008-01-01T00:00:00Z,2026-03-31T00:00:00Z,review_indicator_only
27742a386a940bb15262586aea7a292f,73,39,TRUE,economic_annex:cuadro_41:6f571721e521a6655fd56ea3,economic_annex,"4.1.4 Seguros, pensiones y mecanismos normalizados de garantía","4.1.4 Seguros, pensiones y mecanismos normalizados de garantía",quarterly,USD,2008-01-01T00:00:00Z,2026-03-31T00:00:00Z,review_indicator_only
27742a386a940bb15262586aea7a292f,73,39,TRUE,economic_annex:cuadro_41:81bafb656d87d838913e91ca,economic_annex,4.1.1 Otras participaciones de capital,4.1.1 Otras participaciones de capital,quarterly,USD,2008-01-01T00:00:00Z,2026-03-31T00:00:00Z,review_indicator_only
27742a386a940bb15262586aea7a292f,73,39,TRUE,economic_annex:cuadro_41:905ab19235e42658d52423a9,economic_annex,3. Derivados financieros (distintos de reservas),3. Derivados financieros (distintos de reservas),quarterly,USD,2008-01-01T00:00:00Z,2026-03-31T00:00:00Z,review_indicator_only
27742a386a940bb15262586aea7a292f,73,39,TRUE,economic_annex:cuadro_41:aef61b9a944904b1e487b9dd,economic_annex,3. Derivados Financieros,3. Derivados Financieros,quarterly,USD,2008-01-01T00:00:00Z,2026-03-31T00:00:00Z,review_indicator_only
27742a386a940bb15262586aea7a292f,73,39,TRUE,economic_annex:cuadro_41:d0af8a0f1f653a4675df590f,economic_annex,1.1.2 Reinversión de utiliades,1.1.2 Reinversión de utiliades,quarterly,USD,2008-01-01T00:00:00Z,2026-03-31T00:00:00Z,review_indicator_only
27742a386a940bb15262586aea7a292f,73,39,TRUE,economic_annex:cuadro_41:dce1a9efb563d348a336c942,economic_annex,5.5 Títulos valores,5.5 Títulos valores,quarterly,USD,2008-01-01T00:00:00Z,2026-03-31T00:00:00Z,review_indicator_only
8dd487a6fcf69034aed83f8dbbc14188,18,39,TRUE,economic_annex:cuadro_38:134370d03de2e5788ed737fe,economic_annex,5. Servicios de construcción,5. Servicios de construcción,annual,USD,2008-01-01T00:00:00Z,2025-12-31T00:00:00Z,review_indicator_only
8dd487a6fcf69034aed83f8dbbc14188,18,39,TRUE,economic_annex:cuadro_38:2c9b3bab553b53599b513e5a,economic_annex,2. Oro no monetario,2. Oro no monetario,annual,USD,2008-01-01T00:00:00Z,2025-12-31T00:00:00Z,review_indicator_only
8dd487a6fcf69034aed83f8dbbc14188,18,39,TRUE,economic_annex:cuadro_38:3d463b7d0e6a21338a84ae15,economic_annex,1. Remuneración de empleados,1. Remuneración de empleados,annual,USD,2008-01-01T00:00:00Z,2025-12-31T00:00:00Z,review_indicator_only
8dd487a6fcf69034aed83f8dbbc14188,18,39,TRUE,economic_annex:cuadro_38:48c5710b58d28b622f26e772,economic_annex,2.1 Inversión directa,2.1 Inversión directa,annual,USD,2008-01-01T00:00:00Z,2025-12-31T00:00:00Z,review_indicator_only
8dd487a6fcf69034aed83f8dbbc14188,18,39,TRUE,economic_annex:cuadro_38:4e2a469fd1be856685cc3672,economic_annex,3. Otro ingreso primario,3. Otro ingreso primario,annual,USD,2008-01-01T00:00:00Z,2025-12-31T00:00:00Z,review_indicator_only
8dd487a6fcf69034aed83f8dbbc14188,18,39,TRUE,economic_annex:cuadro_38:4e96ae0ebb77d2364283cf33,economic_annex,1. Remuneración de empleados,1. Remuneración de empleados,annual,USD,2008-01-01T00:00:00Z,2025-12-31T00:00:00Z,review_indicator_only
8dd487a6fcf69034aed83f8dbbc14188,18,39,TRUE,economic_annex:cuadro_38:78a8a0847f8d92dad7725e10,economic_annex,3. Otro ingreso primario,3. Otro ingreso primario,annual,USD,2008-01-01T00:00:00Z,2025-12-31T00:00:00Z,review_indicator_only
8dd487a6fcf69034aed83f8dbbc14188,18,39,TRUE,economic_annex:cuadro_38:98c5b39debce24e654da2e79,economic_annex,2.4 Activos de reserva,2.4 Activos de reserva,annual,USD,2008-01-01T00:00:00Z,2025-12-31T00:00:00Z,review_indicator_only
8dd487a6fcf69034aed83f8dbbc14188,18,39,TRUE,economic_annex:cuadro_38:a7b9786ffa42d34479092ba6,economic_annex,5. Servicios de construcción,5. Servicios de construcción,annual,USD,2008-01-01T00:00:00Z,2025-12-31T00:00:00Z,review_indicator_only
8dd487a6fcf69034aed83f8dbbc14188,18,39,TRUE,economic_annex:cuadro_38:b36ddb427052a936d2a5a88e,economic_annex,1. Manufactura sobre insumos físicos pertenecientes a otros,1. Manufactura sobre insumos físicos pertenecientes a otros,annual,USD,2008-01-01T00:00:00Z,2025-12-31T00:00:00Z,review_indicator_only
8dd487a6fcf69034aed83f8dbbc14188,18,39,TRUE,economic_annex:cuadro_38:b9c54dc4786c422bb584687e,economic_annex,2. Exportaciones netas de bienes en compra-venta,2. Exportaciones netas de bienes en compra-venta,annual,USD,2008-01-01T00:00:00Z,2025-12-31T00:00:00Z,review_indicator_only
8dd487a6fcf69034aed83f8dbbc14188,18,39,TRUE,economic_annex:cuadro_38:e2f235a9e22b9093af5c8ffe,economic_annex,"11. Servicios personales, culturales y recreativos","11. Servicios personales, culturales y recreativos",annual,USD,2008-01-01T00:00:00Z,2025-12-31T00:00:00Z,review_indicator_only
8dd487a6fcf69034aed83f8dbbc14188,18,39,TRUE,economic_annex:cuadro_38:f763a6c7f8cd3ea196c0258d,economic_annex,8. Cargos por el uso de la propiedad intelectual,8. Cargos por el uso de la propiedad intelectual,annual,USD,2008-01-01T00:00:00Z,2025-12-31T00:00:00Z,review_indicator_only
8dd487a6fcf69034aed83f8dbbc14188,18,39,TRUE,economic_annex:cuadro_39:0c079268db9a24c9a12b76cf,economic_annex,4.2.1 Otras participaciones de capital,4.2.1 Otras participaciones de capital,annual,USD,2008-01-01T00:00:00Z,2025-12-31T00:00:00Z,review_indicator_only
8dd487a6fcf69034aed83f8dbbc14188,18,39,TRUE,economic_annex:cuadro_39:530eb2510ab40f1ebab9fe48,economic_annex,2.1 Activos,2.1 Activos,annual,USD,2008-01-01T00:00:00Z,2025-12-31T00:00:00Z,review_indicator_only
8dd487a6fcf69034aed83f8dbbc14188,18,39,TRUE,economic_annex:cuadro_39:5af0b9ee90cc83eadea364c9,economic_annex,"4.2.4 Seguros, pensiones y mecanismos normalizados de garantía","4.2.4 Seguros, pensiones y mecanismos normalizados de garantía",annual,USD,2008-01-01T00:00:00Z,2025-12-31T00:00:00Z,review_indicator_only
8dd487a6fcf69034aed83f8dbbc14188,18,39,TRUE,economic_annex:cuadro_39:5e1b588d3057777c92cd1432,economic_annex,3. Derivados financieros (distintos de reservas),3. Derivados financieros (distintos de reservas),annual,USD,2008-01-01T00:00:00Z,2025-12-31T00:00:00Z,review_indicator_only
8dd487a6fcf69034aed83f8dbbc14188,18,39,TRUE,economic_annex:cuadro_39:7c1128458638c3db85314ec2,economic_annex,4.1.1 Otras participaciones de capital,4.1.1 Otras participaciones de capital,annual,USD,2008-01-01T00:00:00Z,2025-12-31T00:00:00Z,review_indicator_only
8dd487a6fcf69034aed83f8dbbc14188,18,39,TRUE,economic_annex:cuadro_39:930a26bf6f7cd37a496120ea,economic_annex,1.1.2 Reinversión de utilidades,1.1.2 Reinversión de utilidades,annual,USD,2008-01-01T00:00:00Z,2025-12-31T00:00:00Z,review_indicator_only
8dd487a6fcf69034aed83f8dbbc14188,18,39,TRUE,economic_annex:cuadro_39:96ea47b0598e9ca3076f88db,economic_annex,2.1.1 Participaciones de capital distintas de reinversiones de capital,2.1.1 Participaciones de capital distintas de reinversiones de capital,annual,USD,2008-01-01T00:00:00Z,2025-12-31T00:00:00Z,review_indicator_only
8dd487a6fcf69034aed83f8dbbc14188,18,39,TRUE,economic_annex:cuadro_39:9764f901ed879e0b72eb5da8,economic_annex,"4.1.4 Seguros, pensiones y mecanismos normalizados de garantía","4.1.4 Seguros, pensiones y mecanismos normalizados de garantía",annual,USD,2008-01-01T00:00:00Z,2025-12-31T00:00:00Z,review_indicator_only
8dd487a6fcf69034aed83f8dbbc14188,18,39,TRUE,economic_annex:cuadro_39:cd5c893c339386ee4355515d,economic_annex,2.2 Pasivos,2.2 Pasivos,annual,USD,2008-01-01T00:00:00Z,2025-12-31T00:00:00Z,review_indicator_only
8dd487a6fcf69034aed83f8dbbc14188,18,39,TRUE,economic_annex:cuadro_40:2701e95dfec46a561b97f456,economic_annex,20. Uso crédito del FMI y préstamos del FMI,20. Uso crédito del FMI y préstamos del FMI,annual,USD,2008-01-01T00:00:00Z,2025-12-31T00:00:00Z,review_indicator_only
8dd487a6fcf69034aed83f8dbbc14188,18,39,TRUE,economic_annex:cuadro_40:63a6a1efd14d27dcabda0f1a,economic_annex,15. Derivados financieros - activos,15. Derivados financieros - activos,annual,USD,2008-01-01T00:00:00Z,2025-12-31T00:00:00Z,review_indicator_only
8dd487a6fcf69034aed83f8dbbc14188,18,39,TRUE,economic_annex:cuadro_40:730b192ed16863b60277c6e7,economic_annex,21. Financiamiento excepcional,21. Financiamiento excepcional,annual,USD,2008-01-01T00:00:00Z,2025-12-31T00:00:00Z,review_indicator_only
8dd487a6fcf69034aed83f8dbbc14188,18,39,TRUE,economic_annex:cuadro_40:89f4227f77e490386a9f59b3,economic_annex,16. Derivados financieros - pasivos,16. Derivados financieros - pasivos,annual,USD,2008-01-01T00:00:00Z,2025-12-31T00:00:00Z,review_indicator_only
8dd487a6fcf69034aed83f8dbbc14188,18,39,TRUE,economic_annex:cuadro_40:a997dd0a20ee2cbc730243e1,economic_annex,13.1 Participaciones de capital y participaciones en fondos de inversión,13.1 Participaciones de capital y participaciones en fondos de inversión,annual,USD,2008-01-01T00:00:00Z,2025-12-31T00:00:00Z,review_indicator_only
8dd487a6fcf69034aed83f8dbbc14188,18,39,TRUE,economic_annex:cuadro_40:b48bad93ef98fb266c837aa6,economic_annex,17.1 Banco Central,17.1 Banco Central,annual,USD,2008-01-01T00:00:00Z,2025-12-31T00:00:00Z,review_indicator_only
8dd487a6fcf69034aed83f8dbbc14188,18,39,TRUE,economic_annex:cuadro_40:d011850c4f8032dbd524639f,economic_annex,10. Cuenta de capital: débito,10. Cuenta de capital: débito,annual,USD,2008-01-01T00:00:00Z,2025-12-31T00:00:00Z,review_indicator_only
8dd487a6fcf69034aed83f8dbbc14188,18,39,TRUE,economic_annex:cuadro_40:f4254f0eadc05949cae848d2,economic_annex,17.3 Gobierno General,17.3 Gobierno General,annual,USD,2008-01-01T00:00:00Z,2025-12-31T00:00:00Z,review_indicator_only
8dd487a6fcf69034aed83f8dbbc14188,18,39,TRUE,economic_annex:cuadro_41:0c079268db9a24c9a12b76cf,economic_annex,4.2.1 Otras participaciones de capital,4.2.1 Otras participaciones de capital,annual,USD,2008-01-01T00:00:00Z,2025-12-31T00:00:00Z,review_indicator_only
8dd487a6fcf69034aed83f8dbbc14188,18,39,TRUE,economic_annex:cuadro_41:3eddc383c4d1f5d481ed43a3,economic_annex,5.5 Títulos valores,5.5 Títulos valores,annual,USD,2008-01-01T00:00:00Z,2025-12-31T00:00:00Z,review_indicator_only
8dd487a6fcf69034aed83f8dbbc14188,18,39,TRUE,economic_annex:cuadro_41:5af0b9ee90cc83eadea364c9,economic_annex,"4.2.4 Seguros, pensiones y mecanismos normalizados de garantía","4.2.4 Seguros, pensiones y mecanismos normalizados de garantía",annual,USD,2008-01-01T00:00:00Z,2025-12-31T00:00:00Z,review_indicator_only
8dd487a6fcf69034aed83f8dbbc14188,18,39,TRUE,economic_annex:cuadro_41:5e1b588d3057777c92cd1432,economic_annex,3. Derivados financieros (distintos de reservas),3. Derivados financieros (distintos de reservas),annual,USD,2008-01-01T00:00:00Z,2025-12-31T00:00:00Z,review_indicator_only
8dd487a6fcf69034aed83f8dbbc14188,18,39,TRUE,economic_annex:cuadro_41:79f0174cba43fa0ee447f7cf,economic_annex,1.1.2 Reinversión de utiliades,1.1.2 Reinversión de utiliades,annual,USD,2008-01-01T00:00:00Z,2025-12-31T00:00:00Z,review_indicator_only
8dd487a6fcf69034aed83f8dbbc14188,18,39,TRUE,economic_annex:cuadro_41:7c1128458638c3db85314ec2,economic_annex,4.1.1 Otras participaciones de capital,4.1.1 Otras participaciones de capital,annual,USD,2008-01-01T00:00:00Z,2025-12-31T00:00:00Z,review_indicator_only
8dd487a6fcf69034aed83f8dbbc14188,18,39,TRUE,economic_annex:cuadro_41:9764f901ed879e0b72eb5da8,economic_annex,"4.1.4 Seguros, pensiones y mecanismos normalizados de garantía","4.1.4 Seguros, pensiones y mecanismos normalizados de garantía",annual,USD,2008-01-01T00:00:00Z,2025-12-31T00:00:00Z,review_indicator_only
8dd487a6fcf69034aed83f8dbbc14188,18,39,TRUE,economic_annex:cuadro_41:aac10f4b8a1d01c5ceb1bee6,economic_annex,3. Derivados Financieros,3. Derivados Financieros,annual,USD,2008-01-01T00:00:00Z,2025-12-31T00:00:00Z,review_indicator_only
8dd487a6fcf69034aed83f8dbbc14188,18,39,TRUE,economic_annex:cuadro_41:d9131a83fc1d29cbdc2c7715,economic_annex,5.6 Derivados financieros,5.6 Derivados financieros,annual,USD,2008-01-01T00:00:00Z,2025-12-31T00:00:00Z,review_indicator_only
52f5ce51e4d91f5098fc7577802dea02,9,27,TRUE,exchange_houses:x1_eeff:032f5618c392505ad00622e9,exchange_houses,1. Activo — 1.4 Inversiones en valores — Mas,1. Activo — 1.4 Inversiones en valores — Mas,annual,PYG,2018-01-01T00:00:00Z,2026-12-31T00:00:00Z,review_indicator_only
52f5ce51e4d91f5098fc7577802dea02,9,27,TRUE,exchange_houses:x1_eeff:0adb209e143cd86fa702409c,exchange_houses,1. Activo — 1.4 Inversiones en valores — La moneda,1. Activo — 1.4 Inversiones en valores — La moneda,annual,PYG,2018-01-01T00:00:00Z,2026-12-31T00:00:00Z,review_indicator_only
52f5ce51e4d91f5098fc7577802dea02,9,27,TRUE,exchange_houses:x1_eeff:1e0668db52dd74b98d97c323,exchange_houses,1. Activo — 1.4 Inversiones en valores — Mercosur,1. Activo — 1.4 Inversiones en valores — Mercosur,annual,PYG,2018-01-01T00:00:00Z,2026-12-31T00:00:00Z,review_indicator_only
52f5ce51e4d91f5098fc7577802dea02,9,27,TRUE,exchange_houses:x1_eeff:20a081f989ff06bed8e62769,exchange_houses,1. Activo — 1.4 Inversiones en valores — Chaco,1. Activo — 1.4 Inversiones en valores — Chaco,annual,PYG,2018-01-01T00:00:00Z,2026-12-31T00:00:00Z,review_indicator_only
52f5ce51e4d91f5098fc7577802dea02,9,27,TRUE,exchange_houses:x1_eeff:2763bd53256af53d6f1e1dad,exchange_houses,1. Activo — 1.4 Inversiones en valores — Uno,1. Activo — 1.4 Inversiones en valores — Uno,annual,PYG,2018-01-01T00:00:00Z,2026-12-31T00:00:00Z,review_indicator_only
52f5ce51e4d91f5098fc7577802dea02,9,27,TRUE,exchange_houses:x1_eeff:2b1da84584c850ba64eb5b89,exchange_houses,1. Activo — 1.4 Inversiones en valores — Bonanza,1. Activo — 1.4 Inversiones en valores — Bonanza,annual,PYG,2018-01-01T00:00:00Z,2026-12-31T00:00:00Z,review_indicator_only
52f5ce51e4d91f5098fc7577802dea02,9,27,TRUE,exchange_houses:x1_eeff:4cc0747ebeb3d39b064b5616,exchange_houses,1. Activo — 1.4 Inversiones en valores — Fe,1. Activo — 1.4 Inversiones en valores — Fe,annual,PYG,2018-01-01T00:00:00Z,2026-12-31T00:00:00Z,review_indicator_only
52f5ce51e4d91f5098fc7577802dea02,9,27,TRUE,exchange_houses:x1_eeff:4eb66f3a70257c74a81c5570,exchange_houses,1. Activo — 1.4 Inversiones en valores — Jasy,1. Activo — 1.4 Inversiones en valores — Jasy,annual,PYG,2018-01-01T00:00:00Z,2026-12-31T00:00:00Z,review_indicator_only
52f5ce51e4d91f5098fc7577802dea02,9,27,TRUE,exchange_houses:x1_eeff:4f180ea0b677c8aa82ad1b00,exchange_houses,1. Activo — 1.4 Inversiones en valores — Ita,1. Activo — 1.4 Inversiones en valores — Ita,annual,PYG,2018-01-01T00:00:00Z,2026-12-31T00:00:00Z,review_indicator_only
52f5ce51e4d91f5098fc7577802dea02,9,27,TRUE,exchange_houses:x1_eeff:5a9a4a9900cdee95236cdca0,exchange_houses,1. Activo — 1.4 Inversiones en valores — Euro,1. Activo — 1.4 Inversiones en valores — Euro,annual,PYG,2018-01-01T00:00:00Z,2026-12-31T00:00:00Z,review_indicator_only
52f5ce51e4d91f5098fc7577802dea02,9,27,TRUE,exchange_houses:x1_eeff:5aaa5afaea65ef0e62936f42,exchange_houses,1. Activo — 1.4 Inversiones en valores — Norte,1. Activo — 1.4 Inversiones en valores — Norte,annual,PYG,2018-01-01T00:00:00Z,2026-12-31T00:00:00Z,review_indicator_only
52f5ce51e4d91f5098fc7577802dea02,9,27,TRUE,exchange_houses:x1_eeff:5d6e5c49001c0e8f0f6a854e,exchange_houses,1. Activo — 1.4 Inversiones en valores — Fortuna,1. Activo — 1.4 Inversiones en valores — Fortuna,annual,PYG,2018-01-01T00:00:00Z,2026-12-31T00:00:00Z,review_indicator_only
52f5ce51e4d91f5098fc7577802dea02,9,27,TRUE,exchange_houses:x1_eeff:5eb4326f8688d5a92e24d411,exchange_houses,1. Activo — 1.4 Inversiones en valores — Ceteg,1. Activo — 1.4 Inversiones en valores — Ceteg,annual,PYG,2018-01-01T00:00:00Z,2026-12-31T00:00:00Z,review_indicator_only
52f5ce51e4d91f5098fc7577802dea02,9,27,TRUE,exchange_houses:x1_eeff:715003131a5efe744987cc1d,exchange_houses,1. Activo — 1.4 Inversiones en valores — Prime,1. Activo — 1.4 Inversiones en valores — Prime,annual,PYG,2018-01-01T00:00:00Z,2026-12-31T00:00:00Z,review_indicator_only
52f5ce51e4d91f5098fc7577802dea02,9,27,TRUE,exchange_houses:x1_eeff:72ae3a70474cfd8bc62f83c2,exchange_houses,1. Activo — 1.4 Inversiones en valores — Money,1. Activo — 1.4 Inversiones en valores — Money,annual,PYG,2018-01-01T00:00:00Z,2026-12-31T00:00:00Z,review_indicator_only
52f5ce51e4d91f5098fc7577802dea02,9,27,TRUE,exchange_houses:x1_eeff:744949ae5eed31e88839da0d,exchange_houses,1. Activo — 1.4 Inversiones en valores — Valor,1. Activo — 1.4 Inversiones en valores — Valor,annual,PYG,2018-01-01T00:00:00Z,2026-12-31T00:00:00Z,review_indicator_only
52f5ce51e4d91f5098fc7577802dea02,9,27,TRUE,exchange_houses:x1_eeff:7776e4a1a15d183a27871ed3,exchange_houses,1. Activo — 1.4 Inversiones en valores — Rio Parana,1. Activo — 1.4 Inversiones en valores — Rio Parana,annual,PYG,2018-01-01T00:00:00Z,2026-12-31T00:00:00Z,review_indicator_only
52f5ce51e4d91f5098fc7577802dea02,9,27,TRUE,exchange_houses:x1_eeff:8746366b729d8cd4a44f1853,exchange_houses,1. Activo — 1.4 Inversiones en valores — Sudameric.,1. Activo — 1.4 Inversiones en valores — Sudameric.,annual,PYG,2018-01-01T00:00:00Z,2026-12-31T00:00:00Z,review_indicator_only
52f5ce51e4d91f5098fc7577802dea02,9,27,TRUE,exchange_houses:x1_eeff:8ec71fc422adba49d89c821b,exchange_houses,1. Activo — 1.4 Inversiones en valores — Yrendague,1. Activo — 1.4 Inversiones en valores — Yrendague,annual,PYG,2018-01-01T00:00:00Z,2026-12-31T00:00:00Z,review_indicator_only
52f5ce51e4d91f5098fc7577802dea02,9,27,TRUE,exchange_houses:x1_eeff:91e92378bd536e8018bc455f,exchange_houses,1. Activo — 1.4 Inversiones en valores — Santa Rita,1. Activo — 1.4 Inversiones en valores — Santa Rita,annual,PYG,2018-01-01T00:00:00Z,2026-12-31T00:00:00Z,review_indicator_only
52f5ce51e4d91f5098fc7577802dea02,9,27,TRUE,exchange_houses:x1_eeff:a97c44c7ecf98cacf7e7dc42,exchange_houses,1. Activo — 1.4 Inversiones en valores — Oriente,1. Activo — 1.4 Inversiones en valores — Oriente,annual,PYG,2018-01-01T00:00:00Z,2026-12-31T00:00:00Z,review_indicator_only
52f5ce51e4d91f5098fc7577802dea02,9,27,TRUE,exchange_houses:x1_eeff:adef27ba8b89928b1bc52896,exchange_houses,1. Activo — 1.4 Inversiones en valores — M&D,1. Activo — 1.4 Inversiones en valores — M&D,annual,PYG,2018-01-01T00:00:00Z,2026-12-31T00:00:00Z,review_indicator_only
52f5ce51e4d91f5098fc7577802dea02,9,27,TRUE,exchange_houses:x1_eeff:bea2d284c4d9853e78ae248e,exchange_houses,1. Activo — 1.4 Inversiones en valores — Triple C,1. Activo — 1.4 Inversiones en valores — Triple C,annual,PYG,2018-01-01T00:00:00Z,2026-12-31T00:00:00Z,review_indicator_only
52f5ce51e4d91f5098fc7577802dea02,9,27,TRUE,exchange_houses:x1_eeff:cb9d7e313d48451380c49f92,exchange_houses,1. Activo — 1.4 Inversiones en valores — Safira,1. Activo — 1.4 Inversiones en valores — Safira,annual,PYG,2018-01-01T00:00:00Z,2026-12-31T00:00:00Z,review_indicator_only
52f5ce51e4d91f5098fc7577802dea02,9,27,TRUE,exchange_houses:x1_eeff:d1ea5cedd94f27f71bf6c7d5,exchange_houses,1. Activo — 1.4 Inversiones en valores — Fenix,1. Activo — 1.4 Inversiones en valores — Fenix,annual,PYG,2018-01-01T00:00:00Z,2026-12-31T00:00:00Z,review_indicator_only
52f5ce51e4d91f5098fc7577802dea02,9,27,TRUE,exchange_houses:x1_eeff:eb8358e7053784aaed111e7d,exchange_houses,1. Activo — 1.4 Inversiones en valores — Alberdi,1. Activo — 1.4 Inversiones en valores — Alberdi,annual,PYG,2018-01-01T00:00:00Z,2026-12-31T00:00:00Z,review_indicator_only
52f5ce51e4d91f5098fc7577802dea02,9,27,TRUE,exchange_houses:x1_eeff:fad878082f735a3769234361,exchange_houses,1. Activo — 1.4 Inversiones en valores — Unique,1. Activo — 1.4 Inversiones en valores — Unique,annual,PYG,2018-01-01T00:00:00Z,2026-12-31T00:00:00Z,review_indicator_only
2fbce02999792cc66d3f275cd3586c6e,17,10,TRUE,direct_investment:cuadro_7:734cba6c29cbd44006d1f71e,direct_investment,33 SERVICIOS GUBERNAMENTALES — TERCIARIO,33 SERVICIOS GUBERNAMENTALES — TERCIARIO,annual,USD,2008-01-01T00:00:00Z,2024-12-31T00:00:00Z,review_indicator_only
2fbce02999792cc66d3f275cd3586c6e,17,10,TRUE,direct_investment:cuadro_7:ff03fc2bfae9cfcee7e19e73,direct_investment,04 PESCA — PRIMARIO,04 PESCA — PRIMARIO,annual,USD,2008-01-01T00:00:00Z,2024-12-31T00:00:00Z,review_indicator_only
2fbce02999792cc66d3f275cd3586c6e,17,10,TRUE,economic_annex:cuadro_42:0bee20750d6852f50ecd8ca5,economic_annex,Reinversión de utilidades (B),Reinversión de utilidades (B),annual,USD,2008-01-01T00:00:00Z,2024-12-31T00:00:00Z,review_indicator_only
2fbce02999792cc66d3f275cd3586c6e,17,10,TRUE,economic_annex:cuadro_42:0e1ff6b3554925cf6efdd35e,economic_annex,Entre Empresas Emparentadas (L),Entre Empresas Emparentadas (L),annual,USD,2008-01-01T00:00:00Z,2024-12-31T00:00:00Z,review_indicator_only
2fbce02999792cc66d3f275cd3586c6e,17,10,TRUE,economic_annex:cuadro_42:39c46e24f776a7df55055986,economic_annex,Entre Empresas Emparentadas (F),Entre Empresas Emparentadas (F),annual,USD,2008-01-01T00:00:00Z,2024-12-31T00:00:00Z,review_indicator_only
2fbce02999792cc66d3f275cd3586c6e,17,10,TRUE,economic_annex:cuadro_42:5712f1ced1b8cb3cc4869ce0,economic_annex,Empresa de Inversión en Inversionista Directo (K),Empresa de Inversión en Inversionista Directo (K),annual,USD,2008-01-01T00:00:00Z,2024-12-31T00:00:00Z,review_indicator_only
2fbce02999792cc66d3f275cd3586c6e,17,10,TRUE,economic_annex:cuadro_42:5a5e6e9f1bce4b7b6dd2bc98,economic_annex,Entre Empresas Emparentadas (L),Entre Empresas Emparentadas (L),annual,USD,2008-01-01T00:00:00Z,2024-12-31T00:00:00Z,review_indicator_only
2fbce02999792cc66d3f275cd3586c6e,17,10,TRUE,economic_annex:cuadro_42:797e06e0c5ad83a1fa0ea286,economic_annex,Pasivo Empresa de Inversión en Inversionista Directo (K),Pasivo Empresa de Inversión en Inversionista Directo (K),annual,USD,2008-01-01T00:00:00Z,2024-12-31T00:00:00Z,review_indicator_only
2fbce02999792cc66d3f275cd3586c6e,17,10,TRUE,economic_annex:cuadro_42:e76402d2da6ac1d96fc40a43,economic_annex,Entre Empresas Emparentadas (F),Entre Empresas Emparentadas (F),annual,USD,2008-01-01T00:00:00Z,2024-12-31T00:00:00Z,review_indicator_only
2fbce02999792cc66d3f275cd3586c6e,17,10,TRUE,economic_annex:cuadro_42:f094e3aafa72c0f36be03c3f,economic_annex,Reinversión de utilidades (B),Reinversión de utilidades (B),annual,USD,2008-01-01T00:00:00Z,2024-12-31T00:00:00Z,review_indicator_only
359fa6f8ca8723f23f8b081e3fe0f08b,186,10,TRUE,financial_indicators:x4:0726c33f83d260ab508c05ac,financial_indicators,ME — Tasa Pasiva — Títulos Valores — Títulos Valores Emitidos <=365 días,ME — Tasa Pasiva — Títulos Valores — Títulos Valores Emitidos <=365 días,monthly,UNRESOLVED_SOURCE_UNITS,2011-01-01T00:00:00Z,2026-06-30T00:00:00Z,review_indicator_only
359fa6f8ca8723f23f8b081e3fe0f08b,186,10,TRUE,financial_indicators:x4:0af0671a8bd0bdd6468bf550,financial_indicators,ME — Tasa Pasiva — Títulos Valores — Títulos Valores Emitidos <=90 días,ME — Tasa Pasiva — Títulos Valores — Títulos Valores Emitidos <=90 días,monthly,UNRESOLVED_SOURCE_UNITS,2011-01-01T00:00:00Z,2026-06-30T00:00:00Z,review_indicator_only
359fa6f8ca8723f23f8b081e3fe0f08b,186,10,TRUE,financial_indicators:x7:0726c33f83d260ab508c05ac,financial_indicators,ME — Tasa Pasiva — Títulos Valores — Títulos Valores Emitidos <=365 días,ME — Tasa Pasiva — Títulos Valores — Títulos Valores Emitidos <=365 días,monthly,UNRESOLVED_SOURCE_UNITS,2011-01-01T00:00:00Z,2026-06-30T00:00:00Z,review_indicator_only
359fa6f8ca8723f23f8b081e3fe0f08b,186,10,TRUE,financial_indicators:x7:0af0671a8bd0bdd6468bf550,financial_indicators,ME — Tasa Pasiva — Títulos Valores — Títulos Valores Emitidos <=90 días,ME — Tasa Pasiva — Títulos Valores — Títulos Valores Emitidos <=90 días,monthly,UNRESOLVED_SOURCE_UNITS,2011-01-01T00:00:00Z,2026-06-30T00:00:00Z,review_indicator_only
359fa6f8ca8723f23f8b081e3fe0f08b,186,10,TRUE,financial_indicators:x7:1ee38663d7af7e6a8124da9b,financial_indicators,ME — Tasa Activa — Desarrollo — Préstamo Personal - Otros Depósitos AFD <= 1 año,ME — Tasa Activa — Desarrollo — Préstamo Personal - Otros Depósitos AFD <= 1 año,monthly,UNRESOLVED_SOURCE_UNITS,2011-01-01T00:00:00Z,2026-06-30T00:00:00Z,review_indicator_only
359fa6f8ca8723f23f8b081e3fe0f08b,186,10,TRUE,financial_indicators:x7:2acf9be7f9751630148dbd0e,financial_indicators,ME — Tasa Activa — Tarjetas de Crédito — Total,ME — Tasa Activa — Tarjetas de Crédito — Total,monthly,UNRESOLVED_SOURCE_UNITS,2011-01-01T00:00:00Z,2026-06-30T00:00:00Z,review_indicator_only
359fa6f8ca8723f23f8b081e3fe0f08b,186,10,TRUE,financial_indicators:x7:444f7dffa8b300033a50b749,financial_indicators,MN — Tasa Pasiva — Títulos Valores — Títulos Valores Emitidos <=90 días,MN — Tasa Pasiva — Títulos Valores — Títulos Valores Emitidos <=90 días,monthly,PYG,2011-01-01T00:00:00Z,2026-06-30T00:00:00Z,review_indicator_only
359fa6f8ca8723f23f8b081e3fe0f08b,186,10,TRUE,financial_indicators:x7:a571b16dd08a8e6f3bcc7172,financial_indicators,ME — Tasa Activa — Tarjetas de Crédito,ME — Tasa Activa — Tarjetas de Crédito,monthly,UNRESOLVED_SOURCE_UNITS,2011-01-01T00:00:00Z,2026-06-30T00:00:00Z,review_indicator_only
359fa6f8ca8723f23f8b081e3fe0f08b,186,10,TRUE,financial_indicators:x7:ad63076634b9cf2685cf3966,financial_indicators,MN — Tasa Pasiva — Títulos Valores — Títulos Valores Emitidos <=365 días,MN — Tasa Pasiva — Títulos Valores — Títulos Valores Emitidos <=365 días,monthly,PYG,2011-01-01T00:00:00Z,2026-06-30T00:00:00Z,review_indicator_only
359fa6f8ca8723f23f8b081e3fe0f08b,186,10,TRUE,financial_indicators:x7:ecb754d4fd5f998afbad5f8b,financial_indicators,ME — Tasa Activa — Vivienda — Préstamo Personal - vivienda AFD <= 1 año,ME — Tasa Activa — Vivienda — Préstamo Personal - vivienda AFD <= 1 año,monthly,UNRESOLVED_SOURCE_UNITS,2011-01-01T00:00:00Z,2026-06-30T00:00:00Z,review_indicator_only
c3c1df57851f443af205c38a2abbc442,133,9,TRUE,economic_annex:cuadro_61:089c02128043ccc1974b3199,economic_annex,Compra — Financieras — Forward — No Residentes,Mercado cambiario local — Compra — Financieras — Forward — No Residentes,monthly,USD,2015-07-01T00:00:00Z,2026-07-31T00:00:00Z,review_indicator_only
c3c1df57851f443af205c38a2abbc442,133,9,TRUE,economic_annex:cuadro_61:1203a25348c388aba110cfc9,economic_annex,Compra — Casas de cambio — Forward — Residentes,Mercado cambiario local — Compra — Casas de cambio — Forward — Residentes,monthly,USD,2015-07-01T00:00:00Z,2026-07-31T00:00:00Z,review_indicator_only
c3c1df57851f443af205c38a2abbc442,133,9,TRUE,economic_annex:cuadro_61:4fe6fd8b355950d5c3ebf7b5,economic_annex,Venta — Casas de cambio — Forward — No Residentes,Mercado cambiario local — Venta — Casas de cambio — Forward — No Residentes,monthly,USD,2015-07-01T00:00:00Z,2026-07-31T00:00:00Z,review_indicator_only
c3c1df57851f443af205c38a2abbc442,133,9,TRUE,economic_annex:cuadro_61:63cc0d29e44f101a2cb78bdc,economic_annex,Venta — Financieras — Forward — No Residentes,Mercado cambiario local — Venta — Financieras — Forward — No Residentes,monthly,USD,2015-07-01T00:00:00Z,2026-07-31T00:00:00Z,review_indicator_only
c3c1df57851f443af205c38a2abbc442,133,9,TRUE,economic_annex:cuadro_61:bb1331a6897f8bd80fc9a29f,economic_annex,Venta — Casas de cambios y financieras — Forward — No Residentes,Mercado cambiario local — Venta — Casas de cambios y financieras — Forward — No Residentes,monthly,USD,2015-07-01T00:00:00Z,2026-07-31T00:00:00Z,review_indicator_only
c3c1df57851f443af205c38a2abbc442,133,9,TRUE,economic_annex:cuadro_61:c3610a1a3173c8897cab301b,economic_annex,Venta — Financieras — Arbitraje — Otras Monedas,Mercado cambiario local — Venta — Financieras — Arbitraje — Otras Monedas,monthly,USD,2015-07-01T00:00:00Z,2026-07-31T00:00:00Z,review_indicator_only
c3c1df57851f443af205c38a2abbc442,133,9,TRUE,economic_annex:cuadro_61:c48f73fc2494f3745756bbbc,economic_annex,Compra — Casas de cambios y financieras — Forward — No Residentes,Mercado cambiario local — Compra — Casas de cambios y financieras — Forward — No Residentes,monthly,USD,2015-07-01T00:00:00Z,2026-07-31T00:00:00Z,review_indicator_only
c3c1df57851f443af205c38a2abbc442,133,9,TRUE,economic_annex:cuadro_61:f54e304dbfd8afa69ae77ab0,economic_annex,Venta — Casas de cambio — Forward — Residentes,Mercado cambiario local — Venta — Casas de cambio — Forward — Residentes,monthly,USD,2015-07-01T00:00:00Z,2026-07-31T00:00:00Z,review_indicator_only
c3c1df57851f443af205c38a2abbc442,133,9,TRUE,economic_annex:cuadro_61:f5c7b0564ca81fb60b0e8dd4,economic_annex,Compra — Casas de cambio — Forward — No Residentes,Mercado cambiario local — Compra — Casas de cambio — Forward — No Residentes,monthly,USD,2015-07-01T00:00:00Z,2026-07-31T00:00:00Z,review_indicator_only
7c5e5094f0fe8735354aa3a9e2478ea2,116,6,TRUE,direct_investment:cuadro_1:90f4b41c1ceb9d0a02b5121e,direct_investment,BANCOS — PRESTAMOS DE IED,BANCOS — PRESTAMOS DE IED,quarterly,USD,1996-01-01T00:00:00Z,2024-12-31T00:00:00Z,review_indicator_only
7c5e5094f0fe8735354aa3a9e2478ea2,116,6,TRUE,direct_investment:cuadro_1:ce8c225da46c12e7da53e813,direct_investment,SEGUROS Y OTRAS ENTIDADES FINANCIERAS 1 — PRESTAMOS DE IED,SEGUROS Y OTRAS ENTIDADES FINANCIERAS 1 — PRESTAMOS DE IED,quarterly,USD,1996-01-01T00:00:00Z,2024-12-31T00:00:00Z,review_indicator_only
7c5e5094f0fe8735354aa3a9e2478ea2,116,6,TRUE,direct_investment:cuadro_2:90f4b41c1ceb9d0a02b5121e,direct_investment,BANCOS — PRESTAMOS DE IED,BANCOS — PRESTAMOS DE IED,quarterly,USD,1996-01-01T00:00:00Z,2024-12-31T00:00:00Z,review_indicator_only
7c5e5094f0fe8735354aa3a9e2478ea2,116,6,TRUE,direct_investment:cuadro_2:ce8c225da46c12e7da53e813,direct_investment,SEGUROS Y OTRAS ENTIDADES FINANCIERAS 1 — PRESTAMOS DE IED,SEGUROS Y OTRAS ENTIDADES FINANCIERAS 1 — PRESTAMOS DE IED,quarterly,USD,1996-01-01T00:00:00Z,2024-12-31T00:00:00Z,review_indicator_only
7c5e5094f0fe8735354aa3a9e2478ea2,116,6,TRUE,direct_investment:cuadro_6:b0856db5dc8c298a7a57ec53,direct_investment,33 SERVICIOS GUBERNAMENTALES — TERCIARIO,33 SERVICIOS GUBERNAMENTALES — TERCIARIO,quarterly,USD,1996-01-01T00:00:00Z,2024-12-31T00:00:00Z,review_indicator_only
7c5e5094f0fe8735354aa3a9e2478ea2,116,6,TRUE,direct_investment:cuadro_6:bb48787aea1594b2d26ad8d3,direct_investment,04 PESCA — PRIMARIO,04 PESCA — PRIMARIO,quarterly,USD,1996-01-01T00:00:00Z,2024-12-31T00:00:00Z,review_indicator_only
0c6dd923e6a9609014d313429328dbff,3,5,TRUE,lrm_auctions:subastas_2021:200bac5a5818f3c1c7f12051,lrm_auctions,Plazos Estandarizados: 91 — Plazos Residuales: 91 — Montos Anunciados,lrm_auction_tenor — Plazos Estandarizados: 91 — Plazos Residuales: 91 — Montos Anunciados,irregular_daily,UNRESOLVED_SOURCE_UNITS,2021-01-27T00:00:00Z,2021-04-28T00:00:00Z,review_indicator_only
0c6dd923e6a9609014d313429328dbff,3,5,TRUE,lrm_auctions:subastas_2021:3048cae5f3c9742d612cf8b0,lrm_auctions,Plazos Estandarizados: 35 — Plazos Residuales: 28 — Montos Anunciados,lrm_auction_tenor — Plazos Estandarizados: 35 — Plazos Residuales: 28 — Montos Anunciados,irregular_daily,UNRESOLVED_SOURCE_UNITS,2021-01-27T00:00:00Z,2021-04-28T00:00:00Z,review_indicator_only
0c6dd923e6a9609014d313429328dbff,3,5,TRUE,lrm_auctions:subastas_2021:3c684c164201d9a3f39a6fc8,lrm_auctions,Plazos Estandarizados: 365 — Plazos Residuales: 364 — Montos Anunciados,lrm_auction_tenor — Plazos Estandarizados: 365 — Plazos Residuales: 364 — Montos Anunciados,irregular_daily,UNRESOLVED_SOURCE_UNITS,2021-01-27T00:00:00Z,2021-04-28T00:00:00Z,review_indicator_only
0c6dd923e6a9609014d313429328dbff,3,5,TRUE,lrm_auctions:subastas_2021:4bf6da531b85de74e05a06a8,lrm_auctions,Plazos Estandarizados: 546 — Plazos Residuales: 546 — Montos Anunciados,lrm_auction_tenor — Plazos Estandarizados: 546 — Plazos Residuales: 546 — Montos Anunciados,irregular_daily,UNRESOLVED_SOURCE_UNITS,2021-01-27T00:00:00Z,2021-04-28T00:00:00Z,review_indicator_only
0c6dd923e6a9609014d313429328dbff,3,5,TRUE,lrm_auctions:subastas_2021:e44c1e3c52f41f63ed5605bd,lrm_auctions,Plazos Estandarizados: 182 — Plazos Residuales: 182 — Montos Anunciados,lrm_auction_tenor — Plazos Estandarizados: 182 — Plazos Residuales: 182 — Montos Anunciados,irregular_daily,UNRESOLVED_SOURCE_UNITS,2021-01-27T00:00:00Z,2021-04-28T00:00:00Z,review_indicator_only
32efa0d504853d326903875d29ee2151,17,5,FALSE,insurance_annex:x1_20:028cb8eedd5db8d42db7d3f8,insurance_annex,Participación Recupero Reaseguros Aceptados - Proporcionales (Guaraníes) - Exterior — Total participación recuperos reaseguros aceptados - proporcionales,Participación Recupero Reaseguros Aceptados - Proporcionales (Guaraníes) - Exterior — Participación Recupero Reaseguros Aceptados - Proporcionales (Guaraníes) - Exterior — Total participación recuperos reaseguros aceptados - proporcionales,annual,PYG,2009-01-01T00:00:00Z,2025-12-31T00:00:00Z,review_indicator_only
32efa0d504853d326903875d29ee2151,17,5,FALSE,insurance_annex:x1_20:39185fd5daad5da06e4a2b71,insurance_annex,Total Participación recuperos reaseguros aceptados exterior — Total Vida Corto Plazo,Total Participación recuperos reaseguros aceptados exterior — Total Participación recuperos reaseguros aceptados exterior — Total Vida Corto Plazo,annual,PYG,2009-01-01T00:00:00Z,2025-12-31T00:00:00Z,review_indicator_only
32efa0d504853d326903875d29ee2151,17,5,FALSE,insurance_annex:x1_20:7dcdfa9c4567b7d553b6da34,insurance_annex,Total Participación recuperos reaseguros aceptados exterior — Participación de Siniestros Recuperados Sección Seguros Colectivos Corto Plazo,Total Participación recuperos reaseguros aceptados exterior — Total Participación recuperos reaseguros aceptados exterior — Participación de Siniestros Recuperados Sección Seguros Colectivos Corto Plazo,annual,PYG,2009-01-01T00:00:00Z,2025-12-31T00:00:00Z,review_indicator_only
32efa0d504853d326903875d29ee2151,17,5,FALSE,insurance_annex:x1_20:b0a6631d6ca2563ba8e3a564,insurance_annex,Participación Recupero Reaseguros Aceptados - Proporcionales (Guaraníes) - Exterior — Total Vida Corto Plazo,Participación Recupero Reaseguros Aceptados - Proporcionales (Guaraníes) - Exterior — Participación Recupero Reaseguros Aceptados - Proporcionales (Guaraníes) - Exterior — Total Vida Corto Plazo,annual,PYG,2009-01-01T00:00:00Z,2025-12-31T00:00:00Z,review_indicator_only
32efa0d504853d326903875d29ee2151,17,5,FALSE,insurance_annex:x1_20:ba74b988d9045aa447209961,insurance_annex,Participación Recupero Reaseguros Aceptados - Proporcionales (Guaraníes) - Exterior — Participación de Siniestros Recuperados Sección Seguros Colectivos Corto Plazo,Participación Recupero Reaseguros Aceptados - Proporcionales (Guaraníes) - Exterior — Participación Recupero Reaseguros Aceptados - Proporcionales (Guaraníes) - Exterior — Participación de Siniestros Recuperados Sección Seguros Colectivos Corto Plazo,annual,PYG,2009-01-01T00:00:00Z,2025-12-31T00:00:00Z,review_indicator_only
39557caa75fd9bdf88284bb87372d473,18,5,FALSE,economic_annex:cuadro_37:dc040aeb38dba98fcc456140,economic_annex,II.- Cuenta de capital — Transferencias personales — Activos de Reserva,II.- Cuenta de capital — Transferencias personales — Activos de Reserva,annual,USD,2008-01-01T00:00:00Z,2025-12-31T00:00:00Z,review_indicator_only
39557caa75fd9bdf88284bb87372d473,18,5,FALSE,economic_annex:cuadro_37:dd3512e2faf7456f4cc1bb2b,economic_annex,1. — Transferencias de capital — Activos de Reserva,1. — Transferencias de capital — Activos de Reserva,annual,USD,2008-01-01T00:00:00Z,2025-12-31T00:00:00Z,review_indicator_only
39557caa75fd9bdf88284bb87372d473,18,5,FALSE,economic_annex:cuadro_38:9b07b2a48ae770a3664ec8e0,economic_annex,II. CUENTA DE CAPITAL,II. CUENTA DE CAPITAL,annual,USD,2008-01-01T00:00:00Z,2025-12-31T00:00:00Z,review_indicator_only
39557caa75fd9bdf88284bb87372d473,18,5,FALSE,economic_annex:cuadro_40:508b119f754da914273ddfc7,economic_annex,9. Cuenta de capital: crédito,9. Cuenta de capital: crédito,annual,USD,2008-01-01T00:00:00Z,2025-12-31T00:00:00Z,review_indicator_only
39557caa75fd9bdf88284bb87372d473,18,5,FALSE,economic_annex:cuadro_40:a83edd2b641468cbfe4e9d8c,economic_annex,B. Cuenta de capital,B. Cuenta de capital,annual,USD,2008-01-01T00:00:00Z,2025-12-31T00:00:00Z,review_indicator_only
7277bec2fdbd19971f743faa39a90438,17,5,FALSE,insurance_annex:x1_20:0c670836c825009e194fcb0a,insurance_annex,Total Participación recuperos reaseguros aceptados exterior — Riesgos Varios,Total Participación recuperos reaseguros aceptados exterior — Total Participación recuperos reaseguros aceptados exterior — Riesgos Varios,annual,PYG,2009-01-01T00:00:00Z,2025-12-31T00:00:00Z,review_indicator_only
7277bec2fdbd19971f743faa39a90438,17,5,FALSE,insurance_annex:x1_20:76add4d56872d5bce0a766e4,insurance_annex,Total Participación recuperos reaseguros aceptados exterior — Total Rama Patrimonial,Total Participación recuperos reaseguros aceptados exterior — Total Participación recuperos reaseguros aceptados exterior — Total Rama Patrimonial,annual,PYG,2009-01-01T00:00:00Z,2025-12-31T00:00:00Z,review_indicator_only
7277bec2fdbd19971f743faa39a90438,17,5,FALSE,insurance_annex:x1_20:a49791fae12f4b8d8feb2a99,insurance_annex,Participación recupero reaseguros aceptados (contratos no proporcionales) (Guaraníes) - exterior — Total Rama Patrimonial,Participación recupero reaseguros aceptados (contratos no proporcionales) (Guaraníes) - exterior — Participación recupero reaseguros aceptados (contratos no proporcionales) (Guaraníes) - exterior — Total Rama Patrimonial,annual,PYG,2009-01-01T00:00:00Z,2025-12-31T00:00:00Z,review_indicator_only
7277bec2fdbd19971f743faa39a90438,17,5,FALSE,insurance_annex:x1_20:aa0d84ccfa19c8a6c0caa224,insurance_annex,Participación recupero reaseguros aceptados (contratos no proporcionales) (Guaraníes) - exterior — Riesgos Varios,Participación recupero reaseguros aceptados (contratos no proporcionales) (Guaraníes) - exterior — Participación recupero reaseguros aceptados (contratos no proporcionales) (Guaraníes) - exterior — Riesgos Varios,annual,PYG,2009-01-01T00:00:00Z,2025-12-31T00:00:00Z,review_indicator_only
7277bec2fdbd19971f743faa39a90438,17,5,FALSE,insurance_annex:x1_20:d17b98306efb9f121654b316,insurance_annex,Participación recupero reaseguros aceptados (contratos no proporcionales) (Guaraníes) - exterior — Total participación recuperos reaseguros aceptados - no proporcionales,Participación recupero reaseguros aceptados (contratos no proporcionales) (Guaraníes) - exterior — Participación recupero reaseguros aceptados (contratos no proporcionales) (Guaraníes) - exterior — Total participación recuperos reaseguros aceptados - no proporcionales,annual,PYG,2009-01-01T00:00:00Z,2025-12-31T00:00:00Z,review_indicator_only
7d2bc60037a4420e95732452b4f450ab,73,5,FALSE,economic_annex:cuadro_37:1ba90fd29d6b0603baa5ef2a,economic_annex,1. — Transferencias de capital — Activos de Reserva,1. — Transferencias de capital — Activos de Reserva,quarterly,USD,2008-01-01T00:00:00Z,2026-03-31T00:00:00Z,review_indicator_only
7d2bc60037a4420e95732452b4f450ab,73,5,FALSE,economic_annex:cuadro_37:90cde96b5cca405294b49253,economic_annex,II.- Cuenta de capital — Transferencias personales — Activos de Reserva,II.- Cuenta de capital — Transferencias personales — Activos de Reserva,quarterly,USD,2008-01-01T00:00:00Z,2026-03-31T00:00:00Z,review_indicator_only
7d2bc60037a4420e95732452b4f450ab,73,5,FALSE,economic_annex:cuadro_38:114c508835ec2c2fc2b54cfe,economic_annex,II. CUENTA DE CAPITAL,II. CUENTA DE CAPITAL,quarterly,USD,2008-01-01T00:00:00Z,2026-03-31T00:00:00Z,review_indicator_only
7d2bc60037a4420e95732452b4f450ab,73,5,FALSE,economic_annex:cuadro_40:08598d67aae61bc5a61c2815,economic_annex,9. Cuenta de capital: crédito,9. Cuenta de capital: crédito,quarterly,USD,2008-01-01T00:00:00Z,2026-03-31T00:00:00Z,review_indicator_only
7d2bc60037a4420e95732452b4f450ab,73,5,FALSE,economic_annex:cuadro_40:d4a9542486acda767b73d5ef,economic_annex,B. Cuenta de capital,B. Cuenta de capital,quarterly,USD,2008-01-01T00:00:00Z,2026-03-31T00:00:00Z,review_indicator_only
03165de1971ba833cfa344001e62d41f,73,4,FALSE,economic_annex:cuadro_37:fc9d660625a74faf8095d002,economic_annex,2. — Importaciones F.O.B (Débito),2. — Importaciones F.O.B (Débito),quarterly,USD,2008-01-01T00:00:00Z,2026-03-31T00:00:00Z,review_indicator_only
03165de1971ba833cfa344001e62d41f,73,4,FALSE,economic_annex:cuadro_38:04af2dfca327326b96c1f136,economic_annex,A. Bienes,A. Bienes,quarterly,USD,2008-01-01T00:00:00Z,2026-03-31T00:00:00Z,review_indicator_only
03165de1971ba833cfa344001e62d41f,73,4,FALSE,economic_annex:cuadro_38:b567b594b09ebe7e34a72cb5,economic_annex,1. Mercancías generales,1. Mercancías generales,quarterly,USD,2008-01-01T00:00:00Z,2026-03-31T00:00:00Z,review_indicator_only
03165de1971ba833cfa344001e62d41f,73,4,FALSE,economic_annex:cuadro_40:599b4bcb70a629aa2ef004e7,economic_annex,2. Bienes f.o.b. : importaciones,2. Bienes f.o.b. : importaciones,quarterly,USD,2008-01-01T00:00:00Z,2026-03-31T00:00:00Z,review_indicator_only
0ee3e885983e079f3d38e0eff92f981d,18,4,FALSE,economic_annex:cuadro_37:7b9915593a3f3f7cb599ba30,economic_annex,V. Activos de reserva 2/ — 4.2.7 — Derechos especiales de giro (Deg´s),V. Activos de reserva 2/ — 4.2.7 — Derechos especiales de giro (Deg´s),annual,USD,2008-01-01T00:00:00Z,2025-12-31T00:00:00Z,review_indicator_only
0ee3e885983e079f3d38e0eff92f981d,18,4,FALSE,economic_annex:cuadro_39:6758e0134a190eff2c327182,economic_annex,5. Activos de reserva,5. Activos de reserva,annual,USD,2008-01-01T00:00:00Z,2025-12-31T00:00:00Z,review_indicator_only
0ee3e885983e079f3d38e0eff92f981d,18,4,FALSE,economic_annex:cuadro_40:402bf4686b8637dd74faedad,economic_annex,19. Activos de reserva,19. Activos de reserva,annual,USD,2008-01-01T00:00:00Z,2025-12-31T00:00:00Z,review_indicator_only
0ee3e885983e079f3d38e0eff92f981d,18,4,FALSE,economic_annex:cuadro_40:aa2679747c0af1216d9d5f98,economic_annex,E. Financiamiento,E. Financiamiento,annual,USD,2008-01-01T00:00:00Z,2025-12-31T00:00:00Z,review_indicator_only
131befa475b665a35ba78240010e1db6,18,4,FALSE,economic_annex:cuadro_39:51927b014370977a2ee24009,economic_annex,2.1.2 Intrumentos de deuda,2.1.2 Intrumentos de deuda,annual,USD,2008-01-01T00:00:00Z,2025-12-31T00:00:00Z,review_indicator_only
131befa475b665a35ba78240010e1db6,18,4,FALSE,economic_annex:cuadro_39:efd935cbfff69b5d0806004b,economic_annex,2.1 Activos,2.1 Activos,annual,USD,2008-01-01T00:00:00Z,2025-12-31T00:00:00Z,review_indicator_only
131befa475b665a35ba78240010e1db6,18,4,FALSE,economic_annex:cuadro_40:025ede1d8c01e175264e733a,economic_annex,13. Inversión de cartera - activos,13. Inversión de cartera - activos,annual,USD,2008-01-01T00:00:00Z,2025-12-31T00:00:00Z,review_indicator_only
131befa475b665a35ba78240010e1db6,18,4,FALSE,economic_annex:cuadro_40:e2f9d1a147a6feae54a6c671,economic_annex,13.2 Títulos de deuda,13.2 Títulos de deuda,annual,USD,2008-01-01T00:00:00Z,2025-12-31T00:00:00Z,review_indicator_only
218a9f8bc0fb6015d6276fe3422abf5e,17,4,FALSE,insurance_annex:x1_31:18d78f318a60bcc30f7ec4b9,insurance_annex,Total Gastos Reaseguros Aceptados - Local (Guaraníes) — Total Vida Corto Plazo,Total Gastos Reaseguros Aceptados - Local (Guaraníes) — Total Gastos Reaseguros Aceptados - Local (Guaraníes) — Total Vida Corto Plazo,annual,PYG,2009-01-01T00:00:00Z,2025-12-31T00:00:00Z,review_indicator_only
218a9f8bc0fb6015d6276fe3422abf5e,17,4,FALSE,insurance_annex:x1_31:253764d5e92330d66c7f5884,insurance_annex,Comisión reaseguros aceptados - contratos proporcionales (Guaraníes) — Total Vida Corto Plazo,Comisión reaseguros aceptados - contratos proporcionales (Guaraníes) — Comisión reaseguros aceptados - contratos proporcionales (Guaraníes) — Total Vida Corto Plazo,annual,PYG,2009-01-01T00:00:00Z,2025-12-31T00:00:00Z,review_indicator_only
218a9f8bc0fb6015d6276fe3422abf5e,17,4,FALSE,insurance_annex:x1_31:c212cb1c9046b984149bd4bd,insurance_annex,Total Gastos Reaseguros Aceptados - Local (Guaraníes) — Total Gastos Reaseguros Aceptados Sección Seguros Colectivos - CP,Total Gastos Reaseguros Aceptados - Local (Guaraníes) — Total Gastos Reaseguros Aceptados - Local (Guaraníes) — Total Gastos Reaseguros Aceptados Sección Seguros Colectivos - CP,annual,PYG,2009-01-01T00:00:00Z,2025-12-31T00:00:00Z,review_indicator_only
218a9f8bc0fb6015d6276fe3422abf5e,17,4,FALSE,insurance_annex:x1_31:e25021c3d20633e2241d1ecc,insurance_annex,Comisión reaseguros aceptados - contratos proporcionales (Guaraníes) — Comisión s/Primas Aceptadas Reaseguros Sección Seguros Colectivos Corto Plazo,Comisión reaseguros aceptados - contratos proporcionales (Guaraníes) — Comisión reaseguros aceptados - contratos proporcionales (Guaraníes) — Comisión s/Primas Aceptadas Reaseguros Sección Seguros Colectivos Corto Plazo,annual,PYG,2009-01-01T00:00:00Z,2025-12-31T00:00:00Z,review_indicator_only
2cbae7bc03cd23f02b703ea89a0e5a27,186,4,FALSE,financial_indicators:x3_1:2dbef0999b84f3fc6b9ede3f,financial_indicators,MN — Depósitos a la Vista — Min,MN — Depósitos a la Vista — Min,monthly,PERCENT,2011-01-01T00:00:00Z,2026-06-30T00:00:00Z,review_indicator_only
2cbae7bc03cd23f02b703ea89a0e5a27,186,4,FALSE,financial_indicators:x3_1:60e16173e0816ab08f86ca88,financial_indicators,ME — Depósitos a la Vista — Min,ME — Depósitos a la Vista — Min,monthly,PERCENT,2011-01-01T00:00:00Z,2026-06-30T00:00:00Z,review_indicator_only
2cbae7bc03cd23f02b703ea89a0e5a27,186,4,FALSE,financial_indicators:x3_2:2dbef0999b84f3fc6b9ede3f,financial_indicators,MN — Depósitos a la Vista — Min,MN — Depósitos a la Vista — Min,monthly,PERCENT,2011-01-01T00:00:00Z,2026-06-30T00:00:00Z,review_indicator_only
2cbae7bc03cd23f02b703ea89a0e5a27,186,4,FALSE,financial_indicators:x3_2:60e16173e0816ab08f86ca88,financial_indicators,ME — Depósitos a la Vista — Min,ME — Depósitos a la Vista — Min,monthly,PERCENT,2011-01-01T00:00:00Z,2026-06-30T00:00:00Z,review_indicator_only
354f132d6f0f9e776e4033289f1c39b9,18,4,FALSE,economic_annex:cuadro_37:667f59f9d43e9b3c0d3cc0a1,economic_annex,2. — Importaciones F.O.B (Débito),2. — Importaciones F.O.B (Débito),annual,USD,2008-01-01T00:00:00Z,2025-12-31T00:00:00Z,review_indicator_only
354f132d6f0f9e776e4033289f1c39b9,18,4,FALSE,economic_annex:cuadro_38:0586abb0e708c5cfbb0be209,economic_annex,1. Mercancías generales,1. Mercancías generales,annual,USD,2008-01-01T00:00:00Z,2025-12-31T00:00:00Z,review_indicator_only
354f132d6f0f9e776e4033289f1c39b9,18,4,FALSE,economic_annex:cuadro_38:93affd69d7a949cbc7f27e68,economic_annex,A. Bienes,A. Bienes,annual,USD,2008-01-01T00:00:00Z,2025-12-31T00:00:00Z,review_indicator_only
354f132d6f0f9e776e4033289f1c39b9,18,4,FALSE,economic_annex:cuadro_40:5c948da29d4f618d4daf3d02,economic_annex,2. Bienes f.o.b. : importaciones,2. Bienes f.o.b. : importaciones,annual,USD,2008-01-01T00:00:00Z,2025-12-31T00:00:00Z,review_indicator_only
37bb72da62e067799385118346f542ef,17,4,FALSE,insurance_annex:x1_29:44c1c665d57026e47e255a8c,insurance_annex,Total Gastos Reaseguros Cedidos - local — Total Vida Largo Plazo,Total Gastos Reaseguros Cedidos - local — Total Gastos Reaseguros Cedidos - local — Total Vida Largo Plazo,annual,PYG,2009-01-01T00:00:00Z,2025-12-31T00:00:00Z,review_indicator_only
37bb72da62e067799385118346f542ef,17,4,FALSE,insurance_annex:x1_29:7e3b46e8a3e2bc64bdd62d39,insurance_annex,Gastos de cesión reaseguros cedidos - contratos no proporcionales — Total Vida Largo Plazo,Gastos de cesión reaseguros cedidos - contratos no proporcionales — Gastos de cesión reaseguros cedidos - contratos no proporcionales — Total Vida Largo Plazo,annual,PYG,2009-01-01T00:00:00Z,2025-12-31T00:00:00Z,review_indicator_only
37bb72da62e067799385118346f542ef,17,4,FALSE,insurance_annex:x1_29:8c5578e05a6c6291fabb9c5a,insurance_annex,Total Gastos Reaseguros Cedidos - local — Total Gastos de Cesión Reaseguros Sección Seguros Colectivos Largo Pla,Total Gastos Reaseguros Cedidos - local — Total Gastos Reaseguros Cedidos - local — Total Gastos de Cesión Reaseguros Sección Seguros Colectivos Largo Pla,annual,PYG,2009-01-01T00:00:00Z,2025-12-31T00:00:00Z,review_indicator_only
37bb72da62e067799385118346f542ef,17,4,FALSE,insurance_annex:x1_29:9935b89248cc32440f41947c,insurance_annex,Gastos de cesión reaseguros cedidos - contratos no proporcionales (Local) — Gastos de Cesión Reaseguros Sección Seguros Colectivos Largo Plazo,Gastos de cesión reaseguros cedidos - contratos no proporcionales (Local) — Gastos de cesión reaseguros cedidos - contratos no proporcionales (Local) — Gastos de Cesión Reaseguros Sección Seguros Colectivos Largo Plazo,annual,PYG,2009-01-01T00:00:00Z,2025-12-31T00:00:00Z,review_indicator_only
437c9bc97adb0f475d091f1bbe846860,29,4,TRUE,direct_investment:cuadro_1:34f58c644322108005551487,direct_investment,BANCOS — PRESTAMOS DE IED,BANCOS — PRESTAMOS DE IED,annual,USD,1996-01-01T00:00:00Z,2024-12-31T00:00:00Z,review_indicator_only
437c9bc97adb0f475d091f1bbe846860,29,4,TRUE,direct_investment:cuadro_1:8b1ab3816bd0ed2ee3ddda2a,direct_investment,SEGUROS Y OTRAS ENTIDADES FINANCIERAS 1 — PRESTAMOS DE IED,SEGUROS Y OTRAS ENTIDADES FINANCIERAS 1 — PRESTAMOS DE IED,annual,USD,1996-01-01T00:00:00Z,2024-12-31T00:00:00Z,review_indicator_only
437c9bc97adb0f475d091f1bbe846860,29,4,TRUE,direct_investment:cuadro_6:734cba6c29cbd44006d1f71e,direct_investment,33 SERVICIOS GUBERNAMENTALES — TERCIARIO,33 SERVICIOS GUBERNAMENTALES — TERCIARIO,annual,USD,1996-01-01T00:00:00Z,2024-12-31T00:00:00Z,review_indicator_only
437c9bc97adb0f475d091f1bbe846860,29,4,TRUE,direct_investment:cuadro_6:ff03fc2bfae9cfcee7e19e73,direct_investment,04 PESCA — PRIMARIO,04 PESCA — PRIMARIO,annual,USD,1996-01-01T00:00:00Z,2024-12-31T00:00:00Z,review_indicator_only
67f5c3f6b1b053014471003139ef2207,73,4,FALSE,economic_annex:cuadro_37:234f00ad1b429012db7644cf,economic_annex,V. Activos de reserva 2/ — 4.2.7 — Derechos especiales de giro (Deg´s),V. Activos de reserva 2/ — 4.2.7 — Derechos especiales de giro (Deg´s),quarterly,USD,2008-01-01T00:00:00Z,2026-03-31T00:00:00Z,review_indicator_only
67f5c3f6b1b053014471003139ef2207,73,4,FALSE,economic_annex:cuadro_39:34e997fc3eb91f281444678e,economic_annex,5. Activos de reserva,5. Activos de reserva,quarterly,USD,2008-01-01T00:00:00Z,2026-03-31T00:00:00Z,review_indicator_only
67f5c3f6b1b053014471003139ef2207,73,4,FALSE,economic_annex:cuadro_40:03321953a6f38c398ec698d7,economic_annex,19. Activos de reserva,19. Activos de reserva,quarterly,USD,2008-01-01T00:00:00Z,2026-03-31T00:00:00Z,review_indicator_only
67f5c3f6b1b053014471003139ef2207,73,4,FALSE,economic_annex:cuadro_40:25048254eba0f9186c333e5c,economic_annex,E. Financiamiento,E. Financiamiento,quarterly,USD,2008-01-01T00:00:00Z,2026-03-31T00:00:00Z,review_indicator_only
90dcc2f0f4b8da77932b2e8586ff1df6,17,4,FALSE,insurance_annex:x1_3:69227417a898fca94c8b5094,insurance_annex,Primas Reaseguros Aceptados (Exterior) Contratos Proporcionales (Guaraníes) — Total Primas reaseguros aceptados - Contratos proporcionales,Primas Reaseguros Aceptados (Exterior) Contratos Proporcionales (Guaraníes) — Primas Reaseguros Aceptados (Exterior) Contratos Proporcionales (Guaraníes) — Total Primas reaseguros aceptados - Contratos proporcionales,annual,PYG,2009-01-01T00:00:00Z,2025-12-31T00:00:00Z,review_indicator_only
90dcc2f0f4b8da77932b2e8586ff1df6,17,4,FALSE,insurance_annex:x1_3:7f6e568b807b3f8c677ab2cf,insurance_annex,Primas Reaseguros Aceptados (Exterior) Contratos Proporcionales (Guaraníes) — Aeronavegación,Primas Reaseguros Aceptados (Exterior) Contratos Proporcionales (Guaraníes) — Primas Reaseguros Aceptados (Exterior) Contratos Proporcionales (Guaraníes) — Aeronavegación,annual,PYG,2009-01-01T00:00:00Z,2025-12-31T00:00:00Z,review_indicator_only
90dcc2f0f4b8da77932b2e8586ff1df6,17,4,FALSE,insurance_annex:x1_3:848654366f8309048088224f,insurance_annex,Primas Reaseguros Aceptados (Exterior) Contratos Proporcionales (Guaraníes) — Total Rama Patrimonial,Primas Reaseguros Aceptados (Exterior) Contratos Proporcionales (Guaraníes) — Primas Reaseguros Aceptados (Exterior) Contratos Proporcionales (Guaraníes) — Total Rama Patrimonial,annual,PYG,2009-01-01T00:00:00Z,2025-12-31T00:00:00Z,review_indicator_only
90dcc2f0f4b8da77932b2e8586ff1df6,17,4,FALSE,insurance_annex:x1_3:d583381f8c06af87600f49c9,insurance_annex,Total Primas Reaseguros Aceptados (Exterior) (Guaraníes) — Aeronavegación,Total Primas Reaseguros Aceptados (Exterior) (Guaraníes) — Total Primas Reaseguros Aceptados (Exterior) (Guaraníes) — Aeronavegación,annual,PYG,2009-01-01T00:00:00Z,2025-12-31T00:00:00Z,review_indicator_only
a8258feb550a792fdce505b6698611a7,73,4,FALSE,economic_annex:cuadro_39:8740ef8c07c72e212bace5ed,economic_annex,2.1 Activos,2.1 Activos,quarterly,USD,2008-01-01T00:00:00Z,2026-03-31T00:00:00Z,review_indicator_only
a8258feb550a792fdce505b6698611a7,73,4,FALSE,economic_annex:cuadro_39:a2a4c8a5bfdae12f39723155,economic_annex,2.1.2 Intrumentos de deuda,2.1.2 Intrumentos de deuda,quarterly,USD,2008-01-01T00:00:00Z,2026-03-31T00:00:00Z,review_indicator_only
a8258feb550a792fdce505b6698611a7,73,4,FALSE,economic_annex:cuadro_40:83fa8fc5ec51da95231e3293,economic_annex,13. Inversión de cartera - activos,13. Inversión de cartera - activos,quarterly,USD,2008-01-01T00:00:00Z,2026-03-31T00:00:00Z,review_indicator_only
a8258feb550a792fdce505b6698611a7,73,4,FALSE,economic_annex:cuadro_40:f587eedd3681eb110df2a476,economic_annex,13.2 Títulos de deuda,13.2 Títulos de deuda,quarterly,USD,2008-01-01T00:00:00Z,2026-03-31T00:00:00Z,review_indicator_only
c854e41718b17fbf69d9a2f7f4cce831,17,4,FALSE,insurance_annex:x1_2:90ac58f4379badb00bf76c82,insurance_annex,Primas Reaseguros Aceptados (Local) Contratos no Proporcionales (Guaraníes) — Primas Sección Seguros Colectivos Largo Plazo,Primas Reaseguros Aceptados (Local) Contratos no Proporcionales (Guaraníes) — Primas Reaseguros Aceptados (Local) Contratos no Proporcionales (Guaraníes) — Primas Sección Seguros Colectivos Largo Plazo,annual,PYG,2009-01-01T00:00:00Z,2025-12-31T00:00:00Z,review_indicator_only
c854e41718b17fbf69d9a2f7f4cce831,17,4,FALSE,insurance_annex:x1_2:d7900475866fe1804fc7ac6a,insurance_annex,Total Primas Reaseguros Aceptados (Local) (Guaraníes) — Primas Sección Seguros Colectivos Largo Plazo,Total Primas Reaseguros Aceptados (Local) (Guaraníes) — Total Primas Reaseguros Aceptados (Local) (Guaraníes) — Primas Sección Seguros Colectivos Largo Plazo,annual,PYG,2009-01-01T00:00:00Z,2025-12-31T00:00:00Z,review_indicator_only
c854e41718b17fbf69d9a2f7f4cce831,17,4,FALSE,insurance_annex:x1_2:dafab9f7ec00a939cf316e1e,insurance_annex,Total Primas Reaseguros Aceptados (Local) (Guaraníes) — Total Vida Largo Plazo,Total Primas Reaseguros Aceptados (Local) (Guaraníes) — Total Primas Reaseguros Aceptados (Local) (Guaraníes) — Total Vida Largo Plazo,annual,PYG,2009-01-01T00:00:00Z,2025-12-31T00:00:00Z,review_indicator_only
c854e41718b17fbf69d9a2f7f4cce831,17,4,FALSE,insurance_annex:x1_2:fa8ec8c94176867c7288c63f,insurance_annex,Primas Reaseguros Aceptados (Local) Contratos no Proporcionales (Guaraníes) — Total Vida Largo Plazo,Primas Reaseguros Aceptados (Local) Contratos no Proporcionales (Guaraníes) — Primas Reaseguros Aceptados (Local) Contratos no Proporcionales (Guaraníes) — Total Vida Largo Plazo,annual,PYG,2009-01-01T00:00:00Z,2025-12-31T00:00:00Z,review_indicator_only
cb58f8ef4e094b13d2e514bbdfd9ee00,17,4,FALSE,insurance_annex:x1_25:6aa624aa5a1bab7ff6592bf0,insurance_annex,Total otros ingresos reaseguros aceptados - local — Total Rama Patrimonial,Total otros ingresos reaseguros aceptados - local — Total otros ingresos reaseguros aceptados - local — Total Rama Patrimonial,annual,PYG,2009-01-01T00:00:00Z,2025-12-31T00:00:00Z,review_indicator_only
cb58f8ef4e094b13d2e514bbdfd9ee00,17,4,FALSE,insurance_annex:x1_25:792fcd29a91bc912e94ac800,insurance_annex,Intereses sobre reservas retenidas - contratos proporcionales (Guaraníes) — Total Rama Patrimonial,Intereses sobre reservas retenidas - contratos proporcionales (Guaraníes) — Intereses sobre reservas retenidas - contratos proporcionales (Guaraníes) — Total Rama Patrimonial,annual,PYG,2009-01-01T00:00:00Z,2025-12-31T00:00:00Z,review_indicator_only
cb58f8ef4e094b13d2e514bbdfd9ee00,17,4,FALSE,insurance_annex:x1_25:98119468a079ba0282607d46,insurance_annex,Intereses sobre reservas retenidas - contratos proporcionales (Guaraníes) — Total intereses sobre reservas retenidas,Intereses sobre reservas retenidas - contratos proporcionales (Guaraníes) — Intereses sobre reservas retenidas - contratos proporcionales (Guaraníes) — Total intereses sobre reservas retenidas,annual,PYG,2009-01-01T00:00:00Z,2025-12-31T00:00:00Z,review_indicator_only
cb58f8ef4e094b13d2e514bbdfd9ee00,17,4,FALSE,insurance_annex:x1_25:e51f264352d8d242a2018ffc,insurance_annex,Total otros ingresos reaseguros aceptados - local — Total intereses sobre reservas retenidas,Total otros ingresos reaseguros aceptados - local — Total otros ingresos reaseguros aceptados - local — Total intereses sobre reservas retenidas,annual,PYG,2009-01-01T00:00:00Z,2025-12-31T00:00:00Z,review_indicator_only
cce331daf7d73355b31448d0b1913a54,17,4,FALSE,insurance_annex:x1_19:a0f2fddb0751d7182098c5b5,insurance_annex,Total Participación Recupero reaseguros aceptados - Local (Guaraníes) — Total Vida Corto Plazo,Total Participación Recupero reaseguros aceptados - Local (Guaraníes) — Total Participación Recupero reaseguros aceptados - Local (Guaraníes) — Total Vida Corto Plazo,annual,PYG,2009-01-01T00:00:00Z,2025-12-31T00:00:00Z,review_indicator_only
cce331daf7d73355b31448d0b1913a54,17,4,FALSE,insurance_annex:x1_19:a67697c71c898aa482986a06,insurance_annex,Total Participación Recupero reaseguros aceptados - Local (Guaraníes) — Participación de Siniestros Recuperados Sección Seguros Colectivos Corto Plazo,Total Participación Recupero reaseguros aceptados - Local (Guaraníes) — Total Participación Recupero reaseguros aceptados - Local (Guaraníes) — Participación de Siniestros Recuperados Sección Seguros Colectivos Corto Plazo,annual,PYG,2009-01-01T00:00:00Z,2025-12-31T00:00:00Z,review_indicator_only
cce331daf7d73355b31448d0b1913a54,17,4,FALSE,insurance_annex:x1_19:aeb3ad7e945f1d4f98e34ac2,insurance_annex,Participación recupero reaseguros aceptados (contratos no proporcionales) (Guaraníes) - Local — Participación de Siniestros Recuperados Sección Seguros Colectivos Corto Plazo,Participación recupero reaseguros aceptados (contratos no proporcionales) (Guaraníes) - Local — Participación recupero reaseguros aceptados (contratos no proporcionales) (Guaraníes) - Local — Participación de Siniestros Recuperados Sección Seguros Colectivos Corto Plazo,annual,PYG,2009-01-01T00:00:00Z,2025-12-31T00:00:00Z,review_indicator_only
cce331daf7d73355b31448d0b1913a54,17,4,FALSE,insurance_annex:x1_19:f74cdb5695cc5145723484cd,insurance_annex,Participación recupero reaseguros aceptados (contratos no proporcionales) (Guaraníes) - Local — Total Vida Corto Plazo,Participación recupero reaseguros aceptados (contratos no proporcionales) (Guaraníes) - Local — Participación recupero reaseguros aceptados (contratos no proporcionales) (Guaraníes) - Local — Total Vida Corto Plazo,annual,PYG,2009-01-01T00:00:00Z,2025-12-31T00:00:00Z,review_indicator_only
d948a5698a8e38d47d4861bcb765637b,2,4,FALSE,lrm_auctions:subastas_2023:06aa2766f4661a251128d357,lrm_auctions,Plazos Estandarizados: 182 — Plazos Residuales: 175 — Máxima,lrm_auction_tenor — Plazos Estandarizados: 182 — Plazos Residuales: 175 — Máxima,irregular_daily,UNRESOLVED_SOURCE_UNITS,2023-03-29T00:00:00Z,2023-06-28T00:00:00Z,review_indicator_only
d948a5698a8e38d47d4861bcb765637b,2,4,FALSE,lrm_auctions:subastas_2023:4e50d3c7509afefce25c8ca7,lrm_auctions,Plazos Estandarizados: 182 — Plazos Residuales: 175 — Mínima,lrm_auction_tenor — Plazos Estandarizados: 182 — Plazos Residuales: 175 — Mínima,irregular_daily,UNRESOLVED_SOURCE_UNITS,2023-03-29T00:00:00Z,2023-06-28T00:00:00Z,review_indicator_only
d948a5698a8e38d47d4861bcb765637b,2,4,FALSE,lrm_auctions:subastas_2023:c030286ed3355783c0673c7d,lrm_auctions,Plazos Estandarizados: 182 — Plazos Residuales: 175 — Mínima,lrm_auction_tenor — Plazos Estandarizados: 182 — Plazos Residuales: 175 — Mínima,irregular_daily,UNRESOLVED_SOURCE_UNITS,2023-03-29T00:00:00Z,2023-06-28T00:00:00Z,review_indicator_only
d948a5698a8e38d47d4861bcb765637b,2,4,FALSE,lrm_auctions:subastas_2023:c58ba791d81e59b0b4a797b4,lrm_auctions,Plazos Estandarizados: 182 — Plazos Residuales: 175 — Promedio,lrm_auction_tenor — Plazos Estandarizados: 182 — Plazos Residuales: 175 — Promedio,irregular_daily,UNRESOLVED_SOURCE_UNITS,2023-03-29T00:00:00Z,2023-06-28T00:00:00Z,review_indicator_only
dfb3d6f83440b8bd494764abd942b0f1,17,4,FALSE,insurance_annex:x1_3:00bbe3ae2114221dc2cc2ebf,insurance_annex,Primas Reaseguros Aceptados (Exterior) Contratos no Proporcionales (Guaraníes) — Total Rama Patrimonial,Primas Reaseguros Aceptados (Exterior) Contratos no Proporcionales (Guaraníes) — Primas Reaseguros Aceptados (Exterior) Contratos no Proporcionales (Guaraníes) — Total Rama Patrimonial,annual,PYG,2009-01-01T00:00:00Z,2025-12-31T00:00:00Z,review_indicator_only
dfb3d6f83440b8bd494764abd942b0f1,17,4,FALSE,insurance_annex:x1_3:18fbd670145678b7d3c9703b,insurance_annex,Primas Reaseguros Aceptados (Exterior) Contratos no Proporcionales (Guaraníes) — Total Primas reaseguros aceptados (contratos no proporcionales),Primas Reaseguros Aceptados (Exterior) Contratos no Proporcionales (Guaraníes) — Primas Reaseguros Aceptados (Exterior) Contratos no Proporcionales (Guaraníes) — Total Primas reaseguros aceptados (contratos no proporcionales),annual,PYG,2009-01-01T00:00:00Z,2025-12-31T00:00:00Z,review_indicator_only
dfb3d6f83440b8bd494764abd942b0f1,17,4,FALSE,insurance_annex:x1_3:c05de1305beb1033615519a5,insurance_annex,Primas Reaseguros Aceptados (Exterior) Contratos no Proporcionales (Guaraníes) — Responsabilidad Civil,Primas Reaseguros Aceptados (Exterior) Contratos no Proporcionales (Guaraníes) — Primas Reaseguros Aceptados (Exterior) Contratos no Proporcionales (Guaraníes) — Responsabilidad Civil,annual,PYG,2009-01-01T00:00:00Z,2025-12-31T00:00:00Z,review_indicator_only
dfb3d6f83440b8bd494764abd942b0f1,17,4,FALSE,insurance_annex:x1_3:c9012771ba0b2be13fffc675,insurance_annex,Total Primas Reaseguros Aceptados (Exterior) (Guaraníes) — Responsabilidad Civil,Total Primas Reaseguros Aceptados (Exterior) (Guaraníes) — Total Primas Reaseguros Aceptados (Exterior) (Guaraníes) — Responsabilidad Civil,annual,PYG,2009-01-01T00:00:00Z,2025-12-31T00:00:00Z,review_indicator_only
e1d7479339c2dc5d79e67e79ff026e09,2,4,FALSE,lrm_auctions:subastas_2013:4b9e42bbeac12ef3f153cdc3,lrm_auctions,Plazos Estandarizados: 63 — Plazos Residuales: 49 — Promedio,lrm_auction_tenor — Plazos Estandarizados: 63 — Plazos Residuales: 49 — Promedio,irregular_daily,UNRESOLVED_SOURCE_UNITS,2013-09-26T00:00:00Z,2013-12-26T00:00:00Z,review_indicator_only
e1d7479339c2dc5d79e67e79ff026e09,2,4,FALSE,lrm_auctions:subastas_2013:5f2ab7ff92dcb6ebd2503643,lrm_auctions,Plazos Estandarizados: 63 — Plazos Residuales: 49 — Mínima,lrm_auction_tenor — Plazos Estandarizados: 63 — Plazos Residuales: 49 — Mínima,irregular_daily,UNRESOLVED_SOURCE_UNITS,2013-09-26T00:00:00Z,2013-12-26T00:00:00Z,review_indicator_only
e1d7479339c2dc5d79e67e79ff026e09,2,4,FALSE,lrm_auctions:subastas_2013:72d1e363dc6191ae1804c278,lrm_auctions,Plazos Estandarizados: 63 — Plazos Residuales: 49 — Mínima,lrm_auction_tenor — Plazos Estandarizados: 63 — Plazos Residuales: 49 — Mínima,irregular_daily,UNRESOLVED_SOURCE_UNITS,2013-09-26T00:00:00Z,2013-12-26T00:00:00Z,review_indicator_only
e1d7479339c2dc5d79e67e79ff026e09,2,4,FALSE,lrm_auctions:subastas_2013:fe13191ec2aa7b1b5a4e8d3c,lrm_auctions,Plazos Estandarizados: 63 — Plazos Residuales: 49 — Máxima,lrm_auction_tenor — Plazos Estandarizados: 63 — Plazos Residuales: 49 — Máxima,irregular_daily,UNRESOLVED_SOURCE_UNITS,2013-09-26T00:00:00Z,2013-12-26T00:00:00Z,review_indicator_only
230cb1fed342e36fcb4704b1c64fbeb7,17,3,FALSE,economic_annex:cuadro_42:1f1395abc1bf6f9d650e4eba,economic_annex,Inversionista Directo en Empresa de Inversión Directa (J),Inversionista Directo en Empresa de Inversión Directa (J),annual,USD,2008-01-01T00:00:00Z,2024-12-31T00:00:00Z,review_indicator_only
230cb1fed342e36fcb4704b1c64fbeb7,17,3,FALSE,economic_annex:cuadro_42:72f223581619aff5a88074df,economic_annex,Inversionista Directo en Empresa de Inversión Directa (J),Inversionista Directo en Empresa de Inversión Directa (J),annual,USD,2008-01-01T00:00:00Z,2024-12-31T00:00:00Z,review_indicator_only
230cb1fed342e36fcb4704b1c64fbeb7,17,3,FALSE,economic_annex:cuadro_42:c303147866b2aa51c2538f9d,economic_annex,Deuda (I= J+K+L),Deuda (I= J+K+L),annual,USD,2008-01-01T00:00:00Z,2024-12-31T00:00:00Z,review_indicator_only
29a31748af1eccc699d5460f871ec644,51,3,TRUE,payments:sipap_08:09396c8e8d3661bb3953bcdc,payments,PYG — ANAAPYPAXXXX,PYG — ANAAPYPAXXXX,monthly,PYG,2022-05-01T00:00:00Z,2026-07-31T00:00:00Z,review_indicator_only
29a31748af1eccc699d5460f871ec644,51,3,TRUE,payments:sipap_08:47f74f58f017dedcded0b3e4,payments,PYG — INFAPYPAXXXX,PYG — INFAPYPAXXXX,monthly,PYG,2022-05-01T00:00:00Z,2026-07-31T00:00:00Z,review_indicator_only
29a31748af1eccc699d5460f871ec644,51,3,TRUE,payments:sipap_08:d22a59350ddfc9374065c9b7,payments,PYG — ARAFPYPAXXXX,PYG — ARAFPYPAXXXX,monthly,PYG,2022-05-01T00:00:00Z,2026-07-31T00:00:00Z,review_indicator_only
33cd4038a585abc32de90a6c2154d785,18,3,FALSE,economic_annex:cuadro_38:99ebcaa42c13205dc5e62ed9,economic_annex,2. Renta de la inversión,2. Renta de la inversión,annual,USD,2008-01-01T00:00:00Z,2025-12-31T00:00:00Z,review_indicator_only
33cd4038a585abc32de90a6c2154d785,18,3,FALSE,economic_annex:cuadro_38:f9e9032f792d6892c3993ba4,economic_annex,C. Ingreso primario,C. Ingreso primario,annual,USD,2008-01-01T00:00:00Z,2025-12-31T00:00:00Z,review_indicator_only
33cd4038a585abc32de90a6c2154d785,18,3,FALSE,economic_annex:cuadro_40:8323c5cbd91d15c095b1e38c,economic_annex,5. Renta: crédito,5. Renta: crédito,annual,USD,2008-01-01T00:00:00Z,2025-12-31T00:00:00Z,review_indicator_only
5b2d768f6d4a8937074e1a3462da45f9,73,3,FALSE,economic_annex:cuadro_37:7fc5c4c994af49ceb374e6af,economic_annex,1. — Exportaciones F.O.B (Crédito),1. — Exportaciones F.O.B (Crédito),quarterly,USD,2008-01-01T00:00:00Z,2026-03-31T00:00:00Z,review_indicator_only
5b2d768f6d4a8937074e1a3462da45f9,73,3,FALSE,economic_annex:cuadro_38:8d90279bdb56f3ba0bf74dcf,economic_annex,A. Bienes,A. Bienes,quarterly,USD,2008-01-01T00:00:00Z,2026-03-31T00:00:00Z,review_indicator_only
5b2d768f6d4a8937074e1a3462da45f9,73,3,FALSE,economic_annex:cuadro_40:e12db5adbbc78b2fc8c13fd7,economic_annex,1. Bienes f.o.b. : exportaciones,1. Bienes f.o.b. : exportaciones,quarterly,USD,2008-01-01T00:00:00Z,2026-03-31T00:00:00Z,review_indicator_only
5f52e6c1ee91808c7a519a2fc46b38b0,73,3,FALSE,economic_annex:cuadro_38:96c1837051937c300ec079ee,economic_annex,2. Renta de la inversión,2. Renta de la inversión,quarterly,USD,2008-01-01T00:00:00Z,2026-03-31T00:00:00Z,review_indicator_only
5f52e6c1ee91808c7a519a2fc46b38b0,73,3,FALSE,economic_annex:cuadro_38:e970fcd3a71b4d5ba6ffca42,economic_annex,C. Ingreso primario,C. Ingreso primario,quarterly,USD,2008-01-01T00:00:00Z,2026-03-31T00:00:00Z,review_indicator_only
5f52e6c1ee91808c7a519a2fc46b38b0,73,3,FALSE,economic_annex:cuadro_40:97807fa6defe637ee116d75b,economic_annex,5. Renta: crédito,5. Renta: crédito,quarterly,USD,2008-01-01T00:00:00Z,2026-03-31T00:00:00Z,review_indicator_only
7f8577cd35b618cd55c79f9cdd89adfa,18,3,FALSE,economic_annex:cuadro_37:e3d92a7f09f53987bd93b277,economic_annex,IV. Errores y omisiones — 4.2.7 — Derechos especiales de giro (Deg´s),IV. Errores y omisiones — 4.2.7 — Derechos especiales de giro (Deg´s),annual,USD,2008-01-01T00:00:00Z,2025-12-31T00:00:00Z,review_indicator_only
7f8577cd35b618cd55c79f9cdd89adfa,18,3,FALSE,economic_annex:cuadro_39:507e6801518f817df4ca85c9,economic_annex,IV. ERRORES Y OMISIONES NETOS,IV. ERRORES Y OMISIONES NETOS,annual,USD,2008-01-01T00:00:00Z,2025-12-31T00:00:00Z,review_indicator_only
7f8577cd35b618cd55c79f9cdd89adfa,18,3,FALSE,economic_annex:cuadro_40:19866448a6bd9450d920bedb,economic_annex,D. Errores y omisiones netos,D. Errores y omisiones netos,annual,USD,2008-01-01T00:00:00Z,2025-12-31T00:00:00Z,review_indicator_only
7fb99a042365966a26b309533ae2df93,73,3,FALSE,economic_annex:cuadro_38:59274afb045058ebf1b4b937,economic_annex,C. Ingreso primario,C. Ingreso primario,quarterly,USD,2008-01-01T00:00:00Z,2026-03-31T00:00:00Z,review_indicator_only
7fb99a042365966a26b309533ae2df93,73,3,FALSE,economic_annex:cuadro_38:fe31c5482963c427c81a34b5,economic_annex,2. Renta de la inversión,2. Renta de la inversión,quarterly,USD,2008-01-01T00:00:00Z,2026-03-31T00:00:00Z,review_indicator_only
7fb99a042365966a26b309533ae2df93,73,3,FALSE,economic_annex:cuadro_40:8f181fa037f838c4a9791875,economic_annex,6. Renta: débito,6. Renta: débito,quarterly,USD,2008-01-01T00:00:00Z,2026-03-31T00:00:00Z,review_indicator_only
854f3344b8d13aeb2e282a2cb66cc420,18,3,FALSE,economic_annex:cuadro_38:23ff5a7332077528a5b3e4ae,economic_annex,C. Ingreso primario,C. Ingreso primario,annual,USD,2008-01-01T00:00:00Z,2025-12-31T00:00:00Z,review_indicator_only
854f3344b8d13aeb2e282a2cb66cc420,18,3,FALSE,economic_annex:cuadro_38:f8675f47d0b74d96a80d44a5,economic_annex,2. Renta de la inversión,2. Renta de la inversión,annual,USD,2008-01-01T00:00:00Z,2025-12-31T00:00:00Z,review_indicator_only
854f3344b8d13aeb2e282a2cb66cc420,18,3,FALSE,economic_annex:cuadro_40:2bd557e8d75eba6ccf387797,economic_annex,6. Renta: débito,6. Renta: débito,annual,USD,2008-01-01T00:00:00Z,2025-12-31T00:00:00Z,review_indicator_only
8e7d20ee8f642a2d677d3a1a4243fb99,17,3,FALSE,insurance_annex:x1_11:56f23deedd7006fda6bd7be2,insurance_annex,Total Participación Recupero reaseguros cedidos local — Incendio,Total Participación Recupero reaseguros cedidos local — Total Participación Recupero reaseguros cedidos local — Incendio,annual,PYG,2009-01-01T00:00:00Z,2025-12-31T00:00:00Z,review_indicator_only
8e7d20ee8f642a2d677d3a1a4243fb99,17,3,FALSE,insurance_annex:x1_11:96998b1145d266df0e3e044a,insurance_annex,Total Participación Recupero reaseguros cedidos local — Total Rama Patrimonial,Total Participación Recupero reaseguros cedidos local — Total Participación Recupero reaseguros cedidos local — Total Rama Patrimonial,annual,PYG,2009-01-01T00:00:00Z,2025-12-31T00:00:00Z,review_indicator_only
8e7d20ee8f642a2d677d3a1a4243fb99,17,3,FALSE,insurance_annex:x1_11:fc6e9b7040c79135c47a7f21,insurance_annex,Total Participación Recupero reaseguros cedidos local — Total participación de recupero reaseguros cedidos local,Total Participación Recupero reaseguros cedidos local — Total Participación Recupero reaseguros cedidos local — Total participación de recupero reaseguros cedidos local,annual,PYG,2009-01-01T00:00:00Z,2025-12-31T00:00:00Z,review_indicator_only
90700762afd530598194b022dd6ea9aa,17,3,FALSE,insurance_annex:x1_32:1398791c90126eb5ba77492a,insurance_annex,Comisiones reaseguros aceptados - exterior (Guaraníes) — Total comisiones reaseguros aceptados,Comisiones reaseguros aceptados - exterior (Guaraníes) — Comisiones reaseguros aceptados - exterior (Guaraníes) — Total comisiones reaseguros aceptados,annual,PYG,2009-01-01T00:00:00Z,2025-12-31T00:00:00Z,review_indicator_only
90700762afd530598194b022dd6ea9aa,17,3,FALSE,insurance_annex:x1_32:3f60981e877c283104710e8c,insurance_annex,Comisiones reaseguros aceptados - exterior (Guaraníes) — Total Rama Patrimonial,Comisiones reaseguros aceptados - exterior (Guaraníes) — Comisiones reaseguros aceptados - exterior (Guaraníes) — Total Rama Patrimonial,annual,PYG,2009-01-01T00:00:00Z,2025-12-31T00:00:00Z,review_indicator_only
90700762afd530598194b022dd6ea9aa,17,3,FALSE,insurance_annex:x1_32:9a2c800155a368de7153f8f7,insurance_annex,Comisiones reaseguros aceptados - exterior (Guaraníes) — Caución,Comisiones reaseguros aceptados - exterior (Guaraníes) — Comisiones reaseguros aceptados - exterior (Guaraníes) — Caución,annual,PYG,2009-01-01T00:00:00Z,2025-12-31T00:00:00Z,review_indicator_only
9121b82edd4426a3d311bc4909e283d3,2,3,FALSE,lrm_auctions:subastas_2013:56101e40b8c6dc567364b696,lrm_auctions,Plazos Estandarizados: 365 — Plazos Residuales: 378 — Mínima,lrm_auction_tenor — Plazos Estandarizados: 365 — Plazos Residuales: 378 — Mínima,irregular_daily,UNRESOLVED_SOURCE_UNITS,2013-09-12T00:00:00Z,2013-12-12T00:00:00Z,review_indicator_only
9121b82edd4426a3d311bc4909e283d3,2,3,FALSE,lrm_auctions:subastas_2013:5beae14ea8fe799e05e5bd5b,lrm_auctions,Plazos Estandarizados: 365 — Plazos Residuales: 378 — Promedio,lrm_auction_tenor — Plazos Estandarizados: 365 — Plazos Residuales: 378 — Promedio,irregular_daily,UNRESOLVED_SOURCE_UNITS,2013-09-12T00:00:00Z,2013-12-12T00:00:00Z,review_indicator_only
9121b82edd4426a3d311bc4909e283d3,2,3,FALSE,lrm_auctions:subastas_2013:6261b3b48c0c3f64b6264fc1,lrm_auctions,Plazos Estandarizados: 365 — Plazos Residuales: 378 — Máxima,lrm_auction_tenor — Plazos Estandarizados: 365 — Plazos Residuales: 378 — Máxima,irregular_daily,UNRESOLVED_SOURCE_UNITS,2013-09-12T00:00:00Z,2013-12-12T00:00:00Z,review_indicator_only
954e1942379a66d7105d3d4b70277bb5,73,3,FALSE,economic_annex:cuadro_37:3fe96f49e2d4a0c99c57d048,economic_annex,A. Bienes 1/,A. Bienes 1/,quarterly,USD,2008-01-01T00:00:00Z,2026-03-31T00:00:00Z,review_indicator_only
954e1942379a66d7105d3d4b70277bb5,73,3,FALSE,economic_annex:cuadro_38:8bbcdc3145c931ab0c795603,economic_annex,** Balance de bienes,** Balance de bienes,quarterly,USD,2008-01-01T00:00:00Z,2026-03-31T00:00:00Z,review_indicator_only
954e1942379a66d7105d3d4b70277bb5,73,3,FALSE,economic_annex:cuadro_40:28ffc2c68962cf575b09a0a3,economic_annex,Balanza de bienes,Balanza de bienes,quarterly,USD,2008-01-01T00:00:00Z,2026-03-31T00:00:00Z,review_indicator_only
9b42ae9a465400dedb4ba75adbabc95a,3,3,FALSE,liquidity_facility:adm_liq_deposito:5d10412b7c62155be78f4a2d,liquidity_facility,operation_type: deposito — Plazos (días): 4 — Tasa de interés promedio de Adjudicación (%),short_term_liquidity_auction — operation_type: deposito — Plazos (días): 4 — Tasa de interés promedio de Adjudicación (%),irregular_daily,PERCENT,2018-12-24T00:00:00Z,2021-02-22T00:00:00Z,review_indicator_only
9b42ae9a465400dedb4ba75adbabc95a,3,3,FALSE,liquidity_facility:adm_liq_deposito:9c12349da1517408ffb6eefd,liquidity_facility,operation_type: deposito — Plazos (días): 4 — Tasa de interés máxima adjudicada (%),short_term_liquidity_auction — operation_type: deposito — Plazos (días): 4 — Tasa de interés máxima adjudicada (%),irregular_daily,PERCENT,2018-12-24T00:00:00Z,2021-02-22T00:00:00Z,review_indicator_only
9b42ae9a465400dedb4ba75adbabc95a,3,3,FALSE,liquidity_facility:adm_liq_deposito:d569d7bd30896ceca1332ba6,liquidity_facility,operation_type: deposito — Plazos (días): 4 — Tasa de interés mínima asignada (%),short_term_liquidity_auction — operation_type: deposito — Plazos (días): 4 — Tasa de interés mínima asignada (%),irregular_daily,PERCENT,2018-12-24T00:00:00Z,2021-02-22T00:00:00Z,review_indicator_only
9c27761c604dcc4b441fe916575f4922,17,3,FALSE,economic_annex:cuadro_42:25d419c0e9dfe96d97bd1f9d,economic_annex,Inversionista Directo en Empresa de Inversión Directa (D),Inversionista Directo en Empresa de Inversión Directa (D),annual,USD,2008-01-01T00:00:00Z,2024-12-31T00:00:00Z,review_indicator_only
9c27761c604dcc4b441fe916575f4922,17,3,FALSE,economic_annex:cuadro_42:c2c2caafe4a749e39d299a88,economic_annex,Deuda (M= D-K),Deuda (M= D-K),annual,USD,2008-01-01T00:00:00Z,2024-12-31T00:00:00Z,review_indicator_only
9c27761c604dcc4b441fe916575f4922,17,3,FALSE,economic_annex:cuadro_42:c42bcecd481cd60bc75a62f5,economic_annex,Activo Inversionista Directo en Empresa de ID,Activo Inversionista Directo en Empresa de ID,annual,USD,2008-01-01T00:00:00Z,2024-12-31T00:00:00Z,review_indicator_only
a17164855cd24768b58bbf9ccd671852,17,3,FALSE,insurance_annex:x1_11:4ed500212e8522fc894790ff,insurance_annex,Participación Recupero reaseguros cedidos local - No Proporcional — Total Rama Patrimonial,Participación Recupero reaseguros cedidos local - No Proporcional — Participación Recupero reaseguros cedidos local - No Proporcional — Total Rama Patrimonial,annual,PYG,2009-01-01T00:00:00Z,2025-12-31T00:00:00Z,review_indicator_only
a17164855cd24768b58bbf9ccd671852,17,3,FALSE,insurance_annex:x1_11:d6ed4c51e9eda98215472a46,insurance_annex,Participación Recupero reaseguros cedidos local - No Proporcional — Total participación de recupero reaseguros cedidos local (no proporcionales),Participación Recupero reaseguros cedidos local - No Proporcional — Participación Recupero reaseguros cedidos local - No Proporcional — Total participación de recupero reaseguros cedidos local (no proporcionales),annual,PYG,2009-01-01T00:00:00Z,2025-12-31T00:00:00Z,review_indicator_only
a17164855cd24768b58bbf9ccd671852,17,3,FALSE,insurance_annex:x1_11:f4813c98a4de860734f5eec5,insurance_annex,Participación Recupero reaseguros cedidos local - No Proporcional — Incendio,Participación Recupero reaseguros cedidos local - No Proporcional — Participación Recupero reaseguros cedidos local - No Proporcional — Incendio,annual,PYG,2009-01-01T00:00:00Z,2025-12-31T00:00:00Z,review_indicator_only
b76f5ef84d31213d3bdc5b4d2a78f42e,17,3,FALSE,insurance_annex:x1_9:6a5edd2e4d7c57540a29dbb4,insurance_annex,Prestaciones e Indemnizaciones Seguros de Vida — Indemnizaciones seguros de vida muerte,Prestaciones e Indemnizaciones Seguros de Vida — Prestaciones e Indemnizaciones Seguros de Vida — Indemnizaciones seguros de vida muerte,annual,PYG,2009-01-01T00:00:00Z,2025-12-31T00:00:00Z,review_indicator_only
b76f5ef84d31213d3bdc5b4d2a78f42e,17,3,FALSE,insurance_annex:x1_9:700008665d575230d11e4c4c,insurance_annex,Prestaciones e Indemnizaciones Seguros de Vida — Total Prestaciones e Indemnizaciones,Prestaciones e Indemnizaciones Seguros de Vida — Prestaciones e Indemnizaciones Seguros de Vida — Total Prestaciones e Indemnizaciones,annual,PYG,2009-01-01T00:00:00Z,2025-12-31T00:00:00Z,review_indicator_only
b76f5ef84d31213d3bdc5b4d2a78f42e,17,3,FALSE,insurance_annex:x1_9:f372765fe969d115c31e36b4,insurance_annex,Prestaciones e Indemnizaciones Seguros de Vida — Total Vida Largo Plazo,Prestaciones e Indemnizaciones Seguros de Vida — Prestaciones e Indemnizaciones Seguros de Vida — Total Vida Largo Plazo,annual,PYG,2009-01-01T00:00:00Z,2025-12-31T00:00:00Z,review_indicator_only
bce1ead8f450fec1bb7d28682622b2fa,2,3,FALSE,lrm_auctions:subastas_2013:0a1131f4a687bbd9d1b5e92b,lrm_auctions,Plazos Estandarizados: 546 — Plazos Residuales: 546 — Mínima,lrm_auction_tenor — Plazos Estandarizados: 546 — Plazos Residuales: 546 — Mínima,irregular_daily,UNRESOLVED_SOURCE_UNITS,2013-06-27T00:00:00Z,2013-09-26T00:00:00Z,review_indicator_only
bce1ead8f450fec1bb7d28682622b2fa,2,3,FALSE,lrm_auctions:subastas_2013:492f3999a838cd04f14590a4,lrm_auctions,Plazos Estandarizados: 546 — Plazos Residuales: 546 — Promedio,lrm_auction_tenor — Plazos Estandarizados: 546 — Plazos Residuales: 546 — Promedio,irregular_daily,UNRESOLVED_SOURCE_UNITS,2013-06-27T00:00:00Z,2013-09-26T00:00:00Z,review_indicator_only
bce1ead8f450fec1bb7d28682622b2fa,2,3,FALSE,lrm_auctions:subastas_2013:d39b6838f8819b2de0ec3672,lrm_auctions,Plazos Estandarizados: 546 — Plazos Residuales: 546 — Máxima,lrm_auction_tenor — Plazos Estandarizados: 546 — Plazos Residuales: 546 — Máxima,irregular_daily,UNRESOLVED_SOURCE_UNITS,2013-06-27T00:00:00Z,2013-09-26T00:00:00Z,review_indicator_only
cf5ba41ca89fe528e6158f0172f410c1,17,3,FALSE,insurance_annex:x1_19:10a4fd68fe182a77a9fda89c,insurance_annex,Participación recupero reaseguros aceptados (contratos no proporcionales) (Guaraníes) - Local — Total Rama Patrimonial,Participación recupero reaseguros aceptados (contratos no proporcionales) (Guaraníes) - Local — Participación recupero reaseguros aceptados (contratos no proporcionales) (Guaraníes) - Local — Total Rama Patrimonial,annual,PYG,2009-01-01T00:00:00Z,2025-12-31T00:00:00Z,review_indicator_only
cf5ba41ca89fe528e6158f0172f410c1,17,3,FALSE,insurance_annex:x1_19:6502ac5d22ddd3bcd392e547,insurance_annex,Total Participación Recupero reaseguros aceptados - Local (Guaraníes) — Aeronavegación,Total Participación Recupero reaseguros aceptados - Local (Guaraníes) — Total Participación Recupero reaseguros aceptados - Local (Guaraníes) — Aeronavegación,annual,PYG,2009-01-01T00:00:00Z,2025-12-31T00:00:00Z,review_indicator_only
cf5ba41ca89fe528e6158f0172f410c1,17,3,FALSE,insurance_annex:x1_19:b9dbf39ccce88420f4c20cda,insurance_annex,Participación recupero reaseguros aceptados (contratos no proporcionales) (Guaraníes) - Local — Aeronavegación,Participación recupero reaseguros aceptados (contratos no proporcionales) (Guaraníes) - Local — Participación recupero reaseguros aceptados (contratos no proporcionales) (Guaraníes) - Local — Aeronavegación,annual,PYG,2009-01-01T00:00:00Z,2025-12-31T00:00:00Z,review_indicator_only
ee2f831173f6563fa751db4636774e93,12,3,FALSE,interbank_market:datos:b0706e99e240a05c779355c4,interbank_market,Call Money Market (PYG) — Tasa Promedio (%),Call Money Market (PYG) — Tasa Promedio (%),daily,PERCENT,2016-04-28T00:00:00Z,2026-01-26T00:00:00Z,review_indicator_only
ee2f831173f6563fa751db4636774e93,12,3,FALSE,interbank_market:datos:cea686114f2eeea14d0d6a26,interbank_market,Call Money Market (PYG) — Tasa Mínima,Call Money Market (PYG) — Tasa Mínima,daily,PYG,2016-04-28T00:00:00Z,2026-01-26T00:00:00Z,review_indicator_only
ee2f831173f6563fa751db4636774e93,12,3,FALSE,interbank_market:datos:f13b0132bcae105a127a016d,interbank_market,Call Money Market (PYG) — Tasa Máxima,Call Money Market (PYG) — Tasa Máxima,daily,PYG,2016-04-28T00:00:00Z,2026-01-26T00:00:00Z,review_indicator_only
fca83d1eeedb9fcac27742d60dcf2f20,73,3,FALSE,economic_annex:cuadro_37:093ce5753f664e523bea899a,economic_annex,IV. Errores y omisiones — 4.2.7 — Derechos especiales de giro (Deg´s),IV. Errores y omisiones — 4.2.7 — Derechos especiales de giro (Deg´s),quarterly,USD,2008-01-01T00:00:00Z,2026-03-31T00:00:00Z,review_indicator_only
fca83d1eeedb9fcac27742d60dcf2f20,73,3,FALSE,economic_annex:cuadro_39:630379d2fe528bc74aaf9807,economic_annex,IV. ERRORES Y OMISIONES NETOS,IV. ERRORES Y OMISIONES NETOS,quarterly,USD,2008-01-01T00:00:00Z,2026-03-31T00:00:00Z,review_indicator_only
fca83d1eeedb9fcac27742d60dcf2f20,73,3,FALSE,economic_annex:cuadro_40:4cf033f3d7131749b4be9994,economic_annex,D. Errores y omisiones netos,D. Errores y omisiones netos,quarterly,USD,2008-01-01T00:00:00Z,2026-03-31T00:00:00Z,review_indicator_only
fe3f7d3b8d028e2ecc72989126950c36,17,3,FALSE,insurance_annex:x1_11:11cb35ad1c6b54da32b3e265,insurance_annex,Participación Recupero reaseguros cedidos local - Proporcional — Incendio,Participación Recupero reaseguros cedidos local - Proporcional — Participación Recupero reaseguros cedidos local - Proporcional — Incendio,annual,PYG,2009-01-01T00:00:00Z,2025-12-31T00:00:00Z,review_indicator_only
fe3f7d3b8d028e2ecc72989126950c36,17,3,FALSE,insurance_annex:x1_11:95aee64850ee72e155ce5dde,insurance_annex,Participación Recupero reaseguros cedidos local - Proporcional — Total participación de recupero reaseguros cedidos local (proporcionales),Participación Recupero reaseguros cedidos local - Proporcional — Participación Recupero reaseguros cedidos local - Proporcional — Total participación de recupero reaseguros cedidos local (proporcionales),annual,PYG,2009-01-01T00:00:00Z,2025-12-31T00:00:00Z,review_indicator_only
fe3f7d3b8d028e2ecc72989126950c36,17,3,FALSE,insurance_annex:x1_11:d325959672b64823ab0ba2b2,insurance_annex,Participación Recupero reaseguros cedidos local - Proporcional — Total Rama Patrimonial,Participación Recupero reaseguros cedidos local - Proporcional — Participación Recupero reaseguros cedidos local - Proporcional — Total Rama Patrimonial,annual,PYG,2009-01-01T00:00:00Z,2025-12-31T00:00:00Z,review_indicator_only
0041f140949052bad609299563ed3557,2,2,FALSE,lrm_auctions:subastas_2013:63830898e6c2b0fd9796bafa,lrm_auctions,Plazos Estandarizados: 63 — Plazos Residuales: 49 — Montos Asignados,lrm_auction_tenor — Plazos Estandarizados: 63 — Plazos Residuales: 49 — Montos Asignados,irregular_daily,UNRESOLVED_SOURCE_UNITS,2013-09-26T00:00:00Z,2013-12-26T00:00:00Z,review_indicator_only
0041f140949052bad609299563ed3557,2,2,FALSE,lrm_auctions:subastas_2013:c34d01d6d2430bbb95eb11a1,lrm_auctions,Plazos Estandarizados: 63 — Plazos Residuales: 49 — Montos Anunciados,lrm_auction_tenor — Plazos Estandarizados: 63 — Plazos Residuales: 49 — Montos Anunciados,irregular_daily,UNRESOLVED_SOURCE_UNITS,2013-09-26T00:00:00Z,2013-12-26T00:00:00Z,review_indicator_only
01fb2754039c640a8ef23fed5b5b60fd,11,2,FALSE,lrm_auctions:subastas_2021:88e9ff84b8c642a4a38c010b,lrm_auctions,Plazos Estandarizados: 182 — Plazos Residuales: 182 — Mínima,lrm_auction_tenor — Plazos Estandarizados: 182 — Plazos Residuales: 182 — Mínima,irregular_daily,UNRESOLVED_SOURCE_UNITS,2021-01-27T00:00:00Z,2021-12-22T00:00:00Z,review_indicator_only
01fb2754039c640a8ef23fed5b5b60fd,11,2,FALSE,lrm_auctions:subastas_2021:bf87f06f467e10f55b30080e,lrm_auctions,Plazos Estandarizados: 182 — Plazos Residuales: 182 — Mínima,lrm_auction_tenor — Plazos Estandarizados: 182 — Plazos Residuales: 182 — Mínima,irregular_daily,UNRESOLVED_SOURCE_UNITS,2021-01-27T00:00:00Z,2021-12-22T00:00:00Z,review_indicator_only
02a57ba2c5d9d28aca07d423dd3dd6d7,17,2,FALSE,insurance_annex:x1_30:ca380ffb8cba48feb7e19ed0,insurance_annex,Total Gastos Reaseguros Cedidos - exterior (Guaraníes) — Total Gastos de Cesión Reaseguros Sección Desgravamen Hipotecario Larg,Total Gastos Reaseguros Cedidos - exterior (Guaraníes) — Total Gastos Reaseguros Cedidos - exterior (Guaraníes) — Total Gastos de Cesión Reaseguros Sección Desgravamen Hipotecario Larg,annual,PYG,2009-01-01T00:00:00Z,2025-12-31T00:00:00Z,review_indicator_only
02a57ba2c5d9d28aca07d423dd3dd6d7,17,2,FALSE,insurance_annex:x1_30:ede0289a62b49799a54caacf,insurance_annex,Gastos de cesión reaseguros cedidos - contratos no proporcionales (Guaraníes) — Gastos de Cesión Reaseguros Sección Desgravamen Hipotecario Largo Plazo,Gastos de cesión reaseguros cedidos - contratos no proporcionales (Guaraníes) — Gastos de cesión reaseguros cedidos - contratos no proporcionales (Guaraníes) — Gastos de Cesión Reaseguros Sección Desgravamen Hipotecario Largo Plazo,annual,PYG,2009-01-01T00:00:00Z,2025-12-31T00:00:00Z,review_indicator_only
02adf13071c6769713d7239b814b30b6,130,2,FALSE,economic_annex:cuadro_20:b7fdb4146b6975c77fb18643,economic_annex,Otras operaciones 1/ — Compra — 7,Otras operaciones 1/ — Compra — 7,quarterly,USD,1994-01-01T00:00:00Z,2026-06-30T00:00:00Z,supported_cross_source_overlap
02adf13071c6769713d7239b814b30b6,130,2,FALSE,fx_operations:other_operations:purchase:quarterly,fx_operations,other_operations — purchase — quarterly,,quarterly,USD,1994-01-01T00:00:00Z,2026-06-30T00:00:00Z,supported_cross_source_overlap
03ff89dba61e937a2c69e260c55459af,5,2,FALSE,lrm_auctions:subastas_2026:5b6eb8a66c58a781bc5e1741,lrm_auctions,Plazos Estandarizados: 91 — Plazos Residuales: 91 — Mínima,lrm_auction_tenor — Plazos Estandarizados: 91 — Plazos Residuales: 91 — Mínima,irregular_daily,UNRESOLVED_SOURCE_UNITS,2026-02-26T00:00:00Z,2026-07-30T00:00:00Z,review_indicator_only
03ff89dba61e937a2c69e260c55459af,5,2,FALSE,lrm_auctions:subastas_2026:820ff1f83b051209517929a0,lrm_auctions,Plazos Estandarizados: 91 — Plazos Residuales: 91 — Mínima,lrm_auction_tenor — Plazos Estandarizados: 91 — Plazos Residuales: 91 — Mínima,irregular_daily,UNRESOLVED_SOURCE_UNITS,2026-02-26T00:00:00Z,2026-07-30T00:00:00Z,review_indicator_only
0433983530dfdcad1871ce0e945ffca3,3,2,FALSE,lrm_auctions:subastas_2016:453e8f11c1454c72a3453daf,lrm_auctions,Plazos Estandarizados: 546 — Plazos Residuales: 553 — Montos Asignados,lrm_auction_tenor — Plazos Estandarizados: 546 — Plazos Residuales: 553 — Montos Asignados,irregular_daily,UNRESOLVED_SOURCE_UNITS,2016-03-16T00:00:00Z,2016-12-21T00:00:00Z,review_indicator_only
0433983530dfdcad1871ce0e945ffca3,3,2,FALSE,lrm_auctions:subastas_2016:702b30d234583a528a8b322e,lrm_auctions,Plazos Estandarizados: 546 — Plazos Residuales: 553 — Montos Ofertados,lrm_auction_tenor — Plazos Estandarizados: 546 — Plazos Residuales: 553 — Montos Ofertados,irregular_daily,UNRESOLVED_SOURCE_UNITS,2016-03-16T00:00:00Z,2016-12-21T00:00:00Z,review_indicator_only
04d2ffd3ac6357155b45ea1c3e419bb7,45,2,FALSE,financial_indicators:x3_1:530aedfca8f283e8e8709d30,financial_indicators,MN — Préstamos Varios > 1 año — Min,MN — Préstamos Varios > 1 año — Min,monthly,PERCENT,2011-01-01T00:00:00Z,2014-11-30T00:00:00Z,review_indicator_only
04d2ffd3ac6357155b45ea1c3e419bb7,45,2,FALSE,financial_indicators:x3_1:747a92ba2ddb4eea40a50f37,financial_indicators,MN — Préstamos Varios > 1 año — Prom Min,MN — Préstamos Varios > 1 año — Prom Min,monthly,PERCENT,2011-01-01T00:00:00Z,2014-11-30T00:00:00Z,review_indicator_only
056bb1439cd550ea73d706fcc61a7b99,11,2,FALSE,lrm_auctions:subastas_2021:57e63b12970a0708ed266b9b,lrm_auctions,Plazos Estandarizados: 365 — Plazos Residuales: 364 — Mínima,lrm_auction_tenor — Plazos Estandarizados: 365 — Plazos Residuales: 364 — Mínima,irregular_daily,UNRESOLVED_SOURCE_UNITS,2021-01-27T00:00:00Z,2021-12-22T00:00:00Z,review_indicator_only
056bb1439cd550ea73d706fcc61a7b99,11,2,FALSE,lrm_auctions:subastas_2021:5b52d906236d2d89df7e4f26,lrm_auctions,Plazos Estandarizados: 365 — Plazos Residuales: 364 — Mínima,lrm_auction_tenor — Plazos Estandarizados: 365 — Plazos Residuales: 364 — Mínima,irregular_daily,UNRESOLVED_SOURCE_UNITS,2021-01-27T00:00:00Z,2021-12-22T00:00:00Z,review_indicator_only
06e333972eda314f42b308ff5dbad945,17,2,FALSE,insurance_annex:x1_32:4d01635b4157fbaed21962d3,insurance_annex,Total Gastos Reaseguros Aceptados - Exterior (Guaraníes) — Total Vida Corto Plazo,Total Gastos Reaseguros Aceptados - Exterior (Guaraníes) — Total Gastos Reaseguros Aceptados - Exterior (Guaraníes) — Total Vida Corto Plazo,annual,PYG,2009-01-01T00:00:00Z,2025-12-31T00:00:00Z,review_indicator_only
06e333972eda314f42b308ff5dbad945,17,2,FALSE,insurance_annex:x1_32:8b7c708378643ddb12896e22,insurance_annex,Total Gastos Reaseguros Aceptados - Exterior (Guaraníes) — Total Gastos Reaseguros Aceptados Sección Seguros Colectivos,Total Gastos Reaseguros Aceptados - Exterior (Guaraníes) — Total Gastos Reaseguros Aceptados - Exterior (Guaraníes) — Total Gastos Reaseguros Aceptados Sección Seguros Colectivos,annual,PYG,2009-01-01T00:00:00Z,2025-12-31T00:00:00Z,review_indicator_only
07777bce1b85116bde6b859e0b97d76f,17,2,FALSE,insurance_annex:x1_19:38ca9e36bfcc00a6b08ddc85,insurance_annex,Participación Recupero Reaseguros Aceptados - Proporcionales (Guaraníes) - Local — Automóviles,Participación Recupero Reaseguros Aceptados - Proporcionales (Guaraníes) - Local — Participación Recupero Reaseguros Aceptados - Proporcionales (Guaraníes) - Local — Automóviles,annual,PYG,2009-01-01T00:00:00Z,2025-12-31T00:00:00Z,review_indicator_only
07777bce1b85116bde6b859e0b97d76f,17,2,FALSE,insurance_annex:x1_19:5a3243a87030717dbcc8ad46,insurance_annex,Total Participación Recupero reaseguros aceptados - Local (Guaraníes) — Automóviles,Total Participación Recupero reaseguros aceptados - Local (Guaraníes) — Total Participación Recupero reaseguros aceptados - Local (Guaraníes) — Automóviles,annual,PYG,2009-01-01T00:00:00Z,2025-12-31T00:00:00Z,review_indicator_only
0785830d487999eb48552d37195224e8,10,2,FALSE,lrm_auctions:subastas_2019:5b6eb8a66c58a781bc5e1741,lrm_auctions,Plazos Estandarizados: 91 — Plazos Residuales: 91 — Mínima,lrm_auction_tenor — Plazos Estandarizados: 91 — Plazos Residuales: 91 — Mínima,irregular_daily,UNRESOLVED_SOURCE_UNITS,2019-01-23T00:00:00Z,2019-12-26T00:00:00Z,review_indicator_only
0785830d487999eb48552d37195224e8,10,2,FALSE,lrm_auctions:subastas_2019:820ff1f83b051209517929a0,lrm_auctions,Plazos Estandarizados: 91 — Plazos Residuales: 91 — Mínima,lrm_auction_tenor — Plazos Estandarizados: 91 — Plazos Residuales: 91 — Mínima,irregular_daily,UNRESOLVED_SOURCE_UNITS,2019-01-23T00:00:00Z,2019-12-26T00:00:00Z,review_indicator_only
082d96255899b720c0a99115ebc7f1d2,6,2,FALSE,lrm_auctions:subastas_2019:0a1131f4a687bbd9d1b5e92b,lrm_auctions,Plazos Estandarizados: 546 — Plazos Residuales: 546 — Mínima,lrm_auction_tenor — Plazos Estandarizados: 546 — Plazos Residuales: 546 — Mínima,irregular_daily,UNRESOLVED_SOURCE_UNITS,2019-03-27T00:00:00Z,2019-12-26T00:00:00Z,review_indicator_only
082d96255899b720c0a99115ebc7f1d2,6,2,FALSE,lrm_auctions:subastas_2019:9e65b04aa01c99458d690df0,lrm_auctions,Plazos Estandarizados: 546 — Plazos Residuales: 546 — Mínima,lrm_auction_tenor — Plazos Estandarizados: 546 — Plazos Residuales: 546 — Mínima,irregular_daily,UNRESOLVED_SOURCE_UNITS,2019-03-27T00:00:00Z,2019-12-26T00:00:00Z,review_indicator_only
083622a0f2c755728861fc11db713732,17,2,FALSE,insurance_annex:x1_30:7c29808f536be591c5a5a686,insurance_annex,Gastos de cesión reaseguros cedidos - contratos no proporcionales (Guaraníes) — Total Vida Largo Plazo,Gastos de cesión reaseguros cedidos - contratos no proporcionales (Guaraníes) — Gastos de cesión reaseguros cedidos - contratos no proporcionales (Guaraníes) — Total Vida Largo Plazo,annual,PYG,2009-01-01T00:00:00Z,2025-12-31T00:00:00Z,review_indicator_only
083622a0f2c755728861fc11db713732,17,2,FALSE,insurance_annex:x1_30:b23c2fa7a0cb3f9d210b0019,insurance_annex,Total Gastos Reaseguros Cedidos - exterior (Guaraníes) — Total Vida Largo Plazo,Total Gastos Reaseguros Cedidos - exterior (Guaraníes) — Total Gastos Reaseguros Cedidos - exterior (Guaraníes) — Total Vida Largo Plazo,annual,PYG,2009-01-01T00:00:00Z,2025-12-31T00:00:00Z,review_indicator_only
089b8ea730eb80d0382776296cd68879,73,2,FALSE,economic_annex:cuadro_37:911f6583c1fa5dc878bc4144,economic_annex,2. — 2.4 — Activos de Reserva,2. — 2.4 — Activos de Reserva,quarterly,USD,2008-01-01T00:00:00Z,2026-03-31T00:00:00Z,review_indicator_only
089b8ea730eb80d0382776296cd68879,73,2,FALSE,economic_annex:cuadro_38:4174016bbdde8502f75a9771,economic_annex,2.4 Activos de reserva,2.4 Activos de reserva,quarterly,USD,2008-01-01T00:00:00Z,2026-03-31T00:00:00Z,review_indicator_only
08a4499bedfcc509afce241aa3a8b646,3,2,FALSE,lrm_auctions:subastas_2014:ce4ce2fcd94fb6a8be5ccb97,lrm_auctions,Plazos Estandarizados: 63 — Plazos Residuales: 56 — Mínima,lrm_auction_tenor — Plazos Estandarizados: 63 — Plazos Residuales: 56 — Mínima,irregular_daily,UNRESOLVED_SOURCE_UNITS,2014-02-13T00:00:00Z,2014-10-30T00:00:00Z,review_indicator_only
08a4499bedfcc509afce241aa3a8b646,3,2,FALSE,lrm_auctions:subastas_2014:f835a7565286472f6064b1eb,lrm_auctions,Plazos Estandarizados: 63 — Plazos Residuales: 56 — Mínima,lrm_auction_tenor — Plazos Estandarizados: 63 — Plazos Residuales: 56 — Mínima,irregular_daily,UNRESOLVED_SOURCE_UNITS,2014-02-13T00:00:00Z,2014-10-30T00:00:00Z,review_indicator_only
08dbfd9f583fdf06663b65c70a75f03b,9,2,FALSE,lrm_auctions:subastas_2017:88e9ff84b8c642a4a38c010b,lrm_auctions,Plazos Estandarizados: 182 — Plazos Residuales: 182 — Mínima,lrm_auction_tenor — Plazos Estandarizados: 182 — Plazos Residuales: 182 — Mínima,irregular_daily,UNRESOLVED_SOURCE_UNITS,2017-01-24T00:00:00Z,2017-11-23T00:00:00Z,review_indicator_only
08dbfd9f583fdf06663b65c70a75f03b,9,2,FALSE,lrm_auctions:subastas_2017:bf87f06f467e10f55b30080e,lrm_auctions,Plazos Estandarizados: 182 — Plazos Residuales: 182 — Mínima,lrm_auction_tenor — Plazos Estandarizados: 182 — Plazos Residuales: 182 — Mínima,irregular_daily,UNRESOLVED_SOURCE_UNITS,2017-01-24T00:00:00Z,2017-11-23T00:00:00Z,review_indicator_only
0a4012b3ad5c7ce2103fc2752d96c501,12,2,FALSE,financial_indicators:x3_2:42ebc5a2a001746bdbce6371,financial_indicators,ME — Prestamo Personal - Otros Depósitos AFD <= 1 año — Prom Max,ME — Prestamo Personal - Otros Depósitos AFD <= 1 año — Prom Max,monthly,PERCENT,2012-09-01T00:00:00Z,2023-04-30T00:00:00Z,review_indicator_only
0a4012b3ad5c7ce2103fc2752d96c501,12,2,FALSE,financial_indicators:x3_2:f042de1f0ecffb7e7c3e769e,financial_indicators,ME — Prestamo Personal - Otros Depósitos AFD <= 1 año — Max,ME — Prestamo Personal - Otros Depósitos AFD <= 1 año — Max,monthly,PERCENT,2012-09-01T00:00:00Z,2023-04-30T00:00:00Z,review_indicator_only
0b13944455e97e97bbce5827f8dd2a9e,247,2,FALSE,economic_annex:cuadro_52a:e51e391566e9d4a6e7cb4a53,economic_annex,Sal — Importacion para consumo interno,Sal — Sal — Importacion para consumo interno,monthly,USD,2006-01-01T00:00:00Z,2026-07-31T00:00:00Z,review_indicator_only
0b13944455e97e97bbce5827f8dd2a9e,247,2,FALSE,economic_annex:cuadro_52a:fb729333bc85b0fb40e28570,economic_annex,Sal — Importación Registrada,Sal — Sal — Importación Registrada,monthly,USD,2006-01-01T00:00:00Z,2026-07-31T00:00:00Z,review_indicator_only
0b1bc7c54772105300e43bb3c27329c0,186,2,FALSE,financial_indicators:x7:a42ddb2bb824a8cd6a55d50b,financial_indicators,MN — Tasa Activa — Tarjetas de Crédito,MN — Tasa Activa — Tarjetas de Crédito,monthly,PYG,2011-01-01T00:00:00Z,2026-06-30T00:00:00Z,review_indicator_only
0b1bc7c54772105300e43bb3c27329c0,186,2,FALSE,financial_indicators:x7:e709f9c18da1dfd817e63a5b,financial_indicators,MN — Tasa Activa — Tarjetas de Crédito — Total,MN — Tasa Activa — Tarjetas de Crédito — Total,monthly,PYG,2011-01-01T00:00:00Z,2026-06-30T00:00:00Z,review_indicator_only
0ba5ea23377c8bb38f0f3a390b7824fa,186,2,FALSE,financial_indicators:x7:0d076c0074c186e7bc1ba5c6,financial_indicators,ME — Tasa Pasiva — Otros Depósitos,ME — Tasa Pasiva — Otros Depósitos,monthly,UNRESOLVED_SOURCE_UNITS,2011-01-01T00:00:00Z,2026-06-30T00:00:00Z,review_indicator_only
0ba5ea23377c8bb38f0f3a390b7824fa,186,2,FALSE,financial_indicators:x7:d92552a84b240583cacd8c0d,financial_indicators,ME — Tasa Pasiva — Otros Depósitos — Total,ME — Tasa Pasiva — Otros Depósitos — Total,monthly,UNRESOLVED_SOURCE_UNITS,2011-01-01T00:00:00Z,2026-06-30T00:00:00Z,review_indicator_only
0bc56bab5f3cfe18dffea3361b7b4563,17,2,FALSE,insurance_annex:x1_31:f78171136efa40cdd3419180,insurance_annex,Participación utilidades reaseguros aceptados - contratos proporcionales (Guaraníes) — Total Rama Patrimonial,Participación utilidades reaseguros aceptados - contratos proporcionales (Guaraníes) — Participación utilidades reaseguros aceptados - contratos proporcionales (Guaraníes) — Total Rama Patrimonial,annual,PYG,2009-01-01T00:00:00Z,2025-12-31T00:00:00Z,review_indicator_only
0bc56bab5f3cfe18dffea3361b7b4563,17,2,FALSE,insurance_annex:x1_31:ff188126b6a53dbba3403b56,insurance_annex,Participación utilidades reaseguros aceptados - contratos proporcionales (Guaraníes) — Total participación utilidades reaseguros aceptados,Participación utilidades reaseguros aceptados - contratos proporcionales (Guaraníes) — Participación utilidades reaseguros aceptados - contratos proporcionales (Guaraníes) — Total participación utilidades reaseguros aceptados,annual,PYG,2009-01-01T00:00:00Z,2025-12-31T00:00:00Z,review_indicator_only
0be1224cc16f7b7efe99f962f4f6c5ab,18,2,FALSE,economic_annex:cuadro_37:44de3a29693f598b8de1a6bb,economic_annex,1. — Exportaciones F.O.B (Crédito),1. — Exportaciones F.O.B (Crédito),annual,USD,2008-01-01T00:00:00Z,2025-12-31T00:00:00Z,review_indicator_only
0be1224cc16f7b7efe99f962f4f6c5ab,18,2,FALSE,economic_annex:cuadro_40:e89fdcda6e3035c4b3608f79,economic_annex,1. Bienes f.o.b. : exportaciones,1. Bienes f.o.b. : exportaciones,annual,USD,2008-01-01T00:00:00Z,2025-12-31T00:00:00Z,review_indicator_only
0c6e4279708f9fbea1756e43271098ef,46,2,FALSE,financial_indicators:x3_2:7f2d3ce4c3ae8654f493e1f6,financial_indicators,ME — Préstamos Varios <= 1 año — Prom Max,ME — Préstamos Varios <= 1 año — Prom Max,monthly,PERCENT,2011-01-01T00:00:00Z,2014-10-31T00:00:00Z,review_indicator_only
0c6e4279708f9fbea1756e43271098ef,46,2,FALSE,financial_indicators:x3_2:ad04fcab61df1c12bf4118b9,financial_indicators,ME — Préstamos Varios <= 1 año — Max,ME — Préstamos Varios <= 1 año — Max,monthly,PERCENT,2011-01-01T00:00:00Z,2014-10-31T00:00:00Z,review_indicator_only
0c9f457d6ffa260f0119031b9ca816f7,186,2,FALSE,financial_indicators:x4:636e1fdabaf3deaf079087b0,financial_indicators,MN — Tasa Pasiva — Depósitos a la Vista,MN — Tasa Pasiva — Depósitos a la Vista,monthly,PYG,2011-01-01T00:00:00Z,2026-06-30T00:00:00Z,review_indicator_only
0c9f457d6ffa260f0119031b9ca816f7,186,2,FALSE,financial_indicators:x4:ff973bcf4478c76c6f135805,financial_indicators,MN — Tasa Pasiva — Depósitos a la Vista — Total,MN — Tasa Pasiva — Depósitos a la Vista — Total,monthly,PYG,2011-01-01T00:00:00Z,2026-06-30T00:00:00Z,review_indicator_only
0d9780d29b34872db75bc9b6b3782422,18,2,FALSE,economic_annex:cuadro_37:d36bda8c1d49f9d0da3626c7,economic_annex,4. — 4.2.2 — Moneda y depósitos,4. — 4.2.2 — Moneda y depósitos,annual,USD,2008-01-01T00:00:00Z,2025-12-31T00:00:00Z,review_indicator_only
0d9780d29b34872db75bc9b6b3782422,18,2,FALSE,economic_annex:cuadro_39:5df73dcf58f00dbf7974773b,economic_annex,4.2.2 Moneda y depósitos,4.2.2 Moneda y depósitos,annual,USD,2008-01-01T00:00:00Z,2025-12-31T00:00:00Z,review_indicator_only
0ddbf538a4c6fa6446a6b0ad04aab0f9,2,2,FALSE,lrm_auctions:subastas_2014:046206453118c174f1528413,lrm_auctions,Plazos Estandarizados: 546 — Plazos Residuales: 518 — Mínima,lrm_auction_tenor — Plazos Estandarizados: 546 — Plazos Residuales: 518 — Mínima,irregular_daily,UNRESOLVED_SOURCE_UNITS,2014-06-26T00:00:00Z,2014-09-25T00:00:00Z,review_indicator_only
0ddbf538a4c6fa6446a6b0ad04aab0f9,2,2,FALSE,lrm_auctions:subastas_2014:9792124dede5e145b4fd3108,lrm_auctions,Plazos Estandarizados: 546 — Plazos Residuales: 518 — Mínima,lrm_auction_tenor — Plazos Estandarizados: 546 — Plazos Residuales: 518 — Mínima,irregular_daily,UNRESOLVED_SOURCE_UNITS,2014-06-26T00:00:00Z,2014-09-25T00:00:00Z,review_indicator_only
0e0a1717bd6747892a7974e41fd1bb3a,29,2,FALSE,direct_investment:cuadro_1:4c2e1e321a708f667e2036ac,direct_investment,TOTAL DE INVERSION DIRECTA — PRESTAMOS DE IED,TOTAL DE INVERSION DIRECTA — PRESTAMOS DE IED,annual,USD,1996-01-01T00:00:00Z,2024-12-31T00:00:00Z,review_indicator_only
0e0a1717bd6747892a7974e41fd1bb3a,29,2,FALSE,direct_investment:cuadro_1:bf8229f892ba9142680fef07,direct_investment,EMPRESAS NO FINANCIERAS — PRESTAMOS DE IED,EMPRESAS NO FINANCIERAS — PRESTAMOS DE IED,annual,USD,1996-01-01T00:00:00Z,2024-12-31T00:00:00Z,review_indicator_only
0eacae380b6e2967090a2d1eea024b89,17,2,FALSE,insurance_annex:x1_28:8eb09d3ffa468aee91a481b0,insurance_annex,Revisión examen de asegurabilidad (Guaraníes) — Asegurabilidad Sección Pensiones Voluntarias,Revisión examen de asegurabilidad (Guaraníes) — Revisión examen de asegurabilidad (Guaraníes) — Asegurabilidad Sección Pensiones Voluntarias,annual,PYG,2009-01-01T00:00:00Z,2025-12-31T00:00:00Z,review_indicator_only
0eacae380b6e2967090a2d1eea024b89,17,2,FALSE,insurance_annex:x1_28:ae0ecf1f882dd38d27e8de01,insurance_annex,Total Gastos de Producción (Guaraníes) — Gastos de Producción Sección Pensiones Voluntarias,Total Gastos de Producción (Guaraníes) — Total Gastos de Producción (Guaraníes) — Gastos de Producción Sección Pensiones Voluntarias,annual,PYG,2009-01-01T00:00:00Z,2025-12-31T00:00:00Z,review_indicator_only
0f1e48dd4815ff4fba0e33af840d1a99,4,2,FALSE,lrm_auctions:subastas_2014:5dac7e8944fc9c4ab5605db6,lrm_auctions,Plazos Estandarizados: 35 — Plazos Residuales: 35 — Mínima,lrm_auction_tenor — Plazos Estandarizados: 35 — Plazos Residuales: 35 — Mínima,irregular_daily,UNRESOLVED_SOURCE_UNITS,2014-01-09T00:00:00Z,2014-12-23T00:00:00Z,review_indicator_only
0f1e48dd4815ff4fba0e33af840d1a99,4,2,FALSE,lrm_auctions:subastas_2014:8593b0fd7a59100882b72087,lrm_auctions,Plazos Estandarizados: 35 — Plazos Residuales: 35 — Mínima,lrm_auction_tenor — Plazos Estandarizados: 35 — Plazos Residuales: 35 — Mínima,irregular_daily,UNRESOLVED_SOURCE_UNITS,2014-01-09T00:00:00Z,2014-12-23T00:00:00Z,review_indicator_only
0f43daab453bce0cdf58689bbdf0832f,4,2,FALSE,lrm_auctions:subastas_2019:7f8c29f6df4d56cb04fd1f67,lrm_auctions,Plazos Estandarizados: 35 — Plazos Residuales: 35 — Máxima,lrm_auction_tenor — Plazos Estandarizados: 35 — Plazos Residuales: 35 — Máxima,irregular_daily,UNRESOLVED_SOURCE_UNITS,2019-02-20T00:00:00Z,2019-12-26T00:00:00Z,review_indicator_only
0f43daab453bce0cdf58689bbdf0832f,4,2,FALSE,lrm_auctions:subastas_2019:db4d04bed7c47f4e72fbf182,lrm_auctions,Plazos Estandarizados: 35 — Plazos Residuales: 35 — Máxima,lrm_auction_tenor — Plazos Estandarizados: 35 — Plazos Residuales: 35 — Máxima,irregular_daily,UNRESOLVED_SOURCE_UNITS,2019-02-20T00:00:00Z,2019-12-26T00:00:00Z,review_indicator_only
10017e29c15ee9c991fe252ce07e370b,2,2,FALSE,lrm_auctions:subastas_2015:05896d317a407e07dc81011c,lrm_auctions,Plazos Estandarizados: 365 — Plazos Residuales: 371 — Ofertado #,lrm_auction_tenor — Plazos Estandarizados: 365 — Plazos Residuales: 371 — Ofertado #,irregular_daily,UNRESOLVED_SOURCE_UNITS,2015-04-22T00:00:00Z,2015-12-16T00:00:00Z,review_indicator_only
10017e29c15ee9c991fe252ce07e370b,2,2,FALSE,lrm_auctions:subastas_2015:5ef665bf2bf1161dbef3b01d,lrm_auctions,Plazos Estandarizados: 182 — Plazos Residuales: 189 — Ofertado #,lrm_auction_tenor — Plazos Estandarizados: 182 — Plazos Residuales: 189 — Ofertado #,irregular_daily,UNRESOLVED_SOURCE_UNITS,2015-04-22T00:00:00Z,2015-12-16T00:00:00Z,review_indicator_only
10df5be119b352e001839588758759e5,17,2,FALSE,insurance_annex:x1_29:1426a837728cb4a9038413c6,insurance_annex,"Total Gastos Reaseguros Cedidos - local — Cristales, Vidrios y Espejos","Total Gastos Reaseguros Cedidos - local — Total Gastos Reaseguros Cedidos - local — Cristales, Vidrios y Espejos",annual,PYG,2009-01-01T00:00:00Z,2025-12-31T00:00:00Z,review_indicator_only
10df5be119b352e001839588758759e5,17,2,FALSE,insurance_annex:x1_29:fa7cc3afe6b7453942b44041,insurance_annex,"Gastos de cesión reaseguros cedidos - contratos no proporcionales (Local) — Cristales, Vidrios y Espejos","Gastos de cesión reaseguros cedidos - contratos no proporcionales (Local) — Gastos de cesión reaseguros cedidos - contratos no proporcionales (Local) — Cristales, Vidrios y Espejos",annual,PYG,2009-01-01T00:00:00Z,2025-12-31T00:00:00Z,review_indicator_only
1119161b2d0353b94a1aac4fdc072153,17,2,FALSE,insurance_annex:x1_2:00b80c1336ba44cb16b14eff,insurance_annex,Primas Reaseguros Aceptados (Local) Contratos no Proporcionales (Guaraníes) — Total Vida Corto Plazo,Primas Reaseguros Aceptados (Local) Contratos no Proporcionales (Guaraníes) — Primas Reaseguros Aceptados (Local) Contratos no Proporcionales (Guaraníes) — Total Vida Corto Plazo,annual,PYG,2009-01-01T00:00:00Z,2025-12-31T00:00:00Z,review_indicator_only
1119161b2d0353b94a1aac4fdc072153,17,2,FALSE,insurance_annex:x1_2:06f74f238f3a5faad20b7a47,insurance_annex,Primas Reaseguros Aceptados (Local) Contratos no Proporcionales (Guaraníes) — Primas Sección Seguros Colectivos Corto Plazo,Primas Reaseguros Aceptados (Local) Contratos no Proporcionales (Guaraníes) — Primas Reaseguros Aceptados (Local) Contratos no Proporcionales (Guaraníes) — Primas Sección Seguros Colectivos Corto Plazo,annual,PYG,2009-01-01T00:00:00Z,2025-12-31T00:00:00Z,review_indicator_only
127b63b3d283d0b82064b94b2ead2ffc,9,2,FALSE,lrm_auctions:subastas_2014:5b6eb8a66c58a781bc5e1741,lrm_auctions,Plazos Estandarizados: 91 — Plazos Residuales: 91 — Mínima,lrm_auction_tenor — Plazos Estandarizados: 91 — Plazos Residuales: 91 — Mínima,irregular_daily,UNRESOLVED_SOURCE_UNITS,2014-01-09T00:00:00Z,2014-12-23T00:00:00Z,review_indicator_only
127b63b3d283d0b82064b94b2ead2ffc,9,2,FALSE,lrm_auctions:subastas_2014:820ff1f83b051209517929a0,lrm_auctions,Plazos Estandarizados: 91 — Plazos Residuales: 91 — Mínima,lrm_auction_tenor — Plazos Estandarizados: 91 — Plazos Residuales: 91 — Mínima,irregular_daily,UNRESOLVED_SOURCE_UNITS,2014-01-09T00:00:00Z,2014-12-23T00:00:00Z,review_indicator_only
1280f314257c44d0493183c608cc625e,17,2,FALSE,insurance_annex:x1_29:0b832e321c5bbaa49c5d2b1d,insurance_annex,Gastos de cesión reaseguros cedidos - contratos no proporcionales (Local) — Caución,Gastos de cesión reaseguros cedidos - contratos no proporcionales (Local) — Gastos de cesión reaseguros cedidos - contratos no proporcionales (Local) — Caución,annual,PYG,2009-01-01T00:00:00Z,2025-12-31T00:00:00Z,review_indicator_only
1280f314257c44d0493183c608cc625e,17,2,FALSE,insurance_annex:x1_29:a09751c4c861ab4293314a5e,insurance_annex,Total Gastos Reaseguros Cedidos - local — Caución,Total Gastos Reaseguros Cedidos - local — Total Gastos Reaseguros Cedidos - local — Caución,annual,PYG,2009-01-01T00:00:00Z,2025-12-31T00:00:00Z,review_indicator_only
13202f29133350babca092208a516148,4,2,FALSE,lrm_auctions:subastas_2026:57e63b12970a0708ed266b9b,lrm_auctions,Plazos Estandarizados: 365 — Plazos Residuales: 364 — Mínima,lrm_auction_tenor — Plazos Estandarizados: 365 — Plazos Residuales: 364 — Mínima,irregular_daily,UNRESOLVED_SOURCE_UNITS,2026-01-29T00:00:00Z,2026-06-25T00:00:00Z,review_indicator_only
13202f29133350babca092208a516148,4,2,FALSE,lrm_auctions:subastas_2026:5b52d906236d2d89df7e4f26,lrm_auctions,Plazos Estandarizados: 365 — Plazos Residuales: 364 — Mínima,lrm_auction_tenor — Plazos Estandarizados: 365 — Plazos Residuales: 364 — Mínima,irregular_daily,UNRESOLVED_SOURCE_UNITS,2026-01-29T00:00:00Z,2026-06-25T00:00:00Z,review_indicator_only
13276821f610fd912553129fa448fc5c,2,2,FALSE,lrm_auctions:subastas_2018:34d2fe3147603f22d9ff7631,lrm_auctions,Plazos Estandarizados: 182 — Plazos Residuales: 175 — Asignado #,lrm_auction_tenor — Plazos Estandarizados: 182 — Plazos Residuales: 175 — Asignado #,irregular_daily,UNRESOLVED_SOURCE_UNITS,2018-06-27T00:00:00Z,2018-08-29T00:00:00Z,review_indicator_only
13276821f610fd912553129fa448fc5c,2,2,FALSE,lrm_auctions:subastas_2018:efaa226f0cecde0232b30e05,lrm_auctions,Plazos Estandarizados: 182 — Plazos Residuales: 175 — Ofertado #,lrm_auction_tenor — Plazos Estandarizados: 182 — Plazos Residuales: 175 — Ofertado #,irregular_daily,UNRESOLVED_SOURCE_UNITS,2018-06-27T00:00:00Z,2018-08-29T00:00:00Z,review_indicator_only
1331db065272117736425afba17e3fe4,3,2,FALSE,lrm_auctions:subastas_2013:66ee0fb711ef0cdccd87f353,lrm_auctions,Plazos Estandarizados: 365 — Plazos Residuales: 364 — Asignado #,lrm_auction_tenor — Plazos Estandarizados: 365 — Plazos Residuales: 364 — Asignado #,irregular_daily,UNRESOLVED_SOURCE_UNITS,2013-06-27T00:00:00Z,2013-12-26T00:00:00Z,review_indicator_only
1331db065272117736425afba17e3fe4,3,2,FALSE,lrm_auctions:subastas_2013:86cf914be106c1ef4c652627,lrm_auctions,Plazos Estandarizados: 365 — Plazos Residuales: 364 — Ofertado #,lrm_auction_tenor — Plazos Estandarizados: 365 — Plazos Residuales: 364 — Ofertado #,irregular_daily,UNRESOLVED_SOURCE_UNITS,2013-06-27T00:00:00Z,2013-12-26T00:00:00Z,review_indicator_only
1415e1a4e24d9b04aca2dc7c35c2b4fc,247,2,FALSE,economic_annex:cuadro_52b:5bc63f489d14285d06c97e9e,economic_annex,Aparatos y maquinarias para la agricultura — Importacion para consumo interno,Aparatos y maquinarias para la agricultura — Aparatos y maquinarias para la agricultura — Importacion para consumo interno,monthly,TONNES,2006-01-01T00:00:00Z,2026-07-31T00:00:00Z,review_indicator_only
1415e1a4e24d9b04aca2dc7c35c2b4fc,247,2,FALSE,economic_annex:cuadro_52b:d2e6d34fa338728835cf7403,economic_annex,Aparatos y maquinarias para la agricultura — Importación Registrada,Aparatos y maquinarias para la agricultura — Aparatos y maquinarias para la agricultura — Importación Registrada,monthly,TONNES,2006-01-01T00:00:00Z,2026-07-31T00:00:00Z,review_indicator_only
1464f63af1065b521aef5696339410c4,17,2,FALSE,insurance_annex:x1_31:625a82c09e2f0056089e39b7,insurance_annex,Participación utilidades reaseguros aceptados - contratos proporcionales (Guaraníes) — Incendio,Participación utilidades reaseguros aceptados - contratos proporcionales (Guaraníes) — Participación utilidades reaseguros aceptados - contratos proporcionales (Guaraníes) — Incendio,annual,PYG,2009-01-01T00:00:00Z,2025-12-31T00:00:00Z,review_indicator_only
1464f63af1065b521aef5696339410c4,17,2,FALSE,insurance_annex:x1_31:6a4bd8129453b371d4683765,insurance_annex,Total Gastos Reaseguros Aceptados - Local (Guaraníes) — Incendio,Total Gastos Reaseguros Aceptados - Local (Guaraníes) — Total Gastos Reaseguros Aceptados - Local (Guaraníes) — Incendio,annual,PYG,2009-01-01T00:00:00Z,2025-12-31T00:00:00Z,review_indicator_only
1533109ac2d93c64d2e20724a8214dd0,247,2,FALSE,economic_annex:cuadro_52a:1c6f869770db7001706ca80a,economic_annex,"Automóviles, Jeep y camionetas rurales — Importacion para consumo interno","Automóviles, Jeep y camionetas rurales — Automóviles, Jeep y camionetas rurales — Importacion para consumo interno",monthly,USD,2006-01-01T00:00:00Z,2026-07-31T00:00:00Z,review_indicator_only
1533109ac2d93c64d2e20724a8214dd0,247,2,FALSE,economic_annex:cuadro_52a:70b9fa87f60b7d3cf555a618,economic_annex,"Automóviles, Jeep y camionetas rurales — Importación Registrada","Automóviles, Jeep y camionetas rurales — Automóviles, Jeep y camionetas rurales — Importación Registrada",monthly,USD,2006-01-01T00:00:00Z,2026-07-31T00:00:00Z,review_indicator_only
16284986603dfe92babc83d6b13156c1,247,2,FALSE,economic_annex:cuadro_52a:1b6436f3a0875c716c1721a4,economic_annex,Substancias químicas (c) — Importación Registrada,Substancias químicas (c) — Substancias químicas (c) — Importación Registrada,monthly,USD,2006-01-01T00:00:00Z,2026-07-31T00:00:00Z,review_indicator_only
16284986603dfe92babc83d6b13156c1,247,2,FALSE,economic_annex:cuadro_52a:e2f7f288c831058522c57204,economic_annex,Substancias químicas (c) — Importacion para consumo interno,Substancias químicas (c) — Substancias químicas (c) — Importacion para consumo interno,monthly,USD,2006-01-01T00:00:00Z,2026-07-31T00:00:00Z,review_indicator_only
1665f8d2a0c8c1ac67240f16d63f987c,391,2,FALSE,economic_annex:cuadro_51a:8d80ec8d719d5aa9dfbdb97c,economic_annex,Gas oíl,Gas oíl,monthly,USD,1994-01-01T00:00:00Z,2026-07-31T00:00:00Z,review_indicator_only
1665f8d2a0c8c1ac67240f16d63f987c,391,2,FALSE,economic_annex:cuadro_53a:9985b7e493dc289d9c2fb062,economic_annex,Gas - oil,Gas - oil,monthly,USD,1994-01-01T00:00:00Z,2026-07-31T00:00:00Z,review_indicator_only
168c68be74fe29fee2aaea5c3af4679a,73,2,FALSE,economic_annex:cuadro_37:640f38456a5324c1e5f31fc1,economic_annex,1. — Inversión directa — Activos de Reserva,1. — Inversión directa — Activos de Reserva,quarterly,USD,2008-01-01T00:00:00Z,2026-03-31T00:00:00Z,review_indicator_only
168c68be74fe29fee2aaea5c3af4679a,73,2,FALSE,economic_annex:cuadro_39:da31c672681250740a45f5ba,economic_annex,1. Inversión directa,1. Inversión directa,quarterly,USD,2008-01-01T00:00:00Z,2026-03-31T00:00:00Z,review_indicator_only
176d0e437a75dff8c3e4ee16a2d5c89c,186,2,FALSE,financial_indicators:x4:052474040e9c690bd25be859,financial_indicators,ME — Tasa Pasiva — Depósitos a la Vista — Total,ME — Tasa Pasiva — Depósitos a la Vista — Total,monthly,UNRESOLVED_SOURCE_UNITS,2011-01-01T00:00:00Z,2026-06-30T00:00:00Z,review_indicator_only
176d0e437a75dff8c3e4ee16a2d5c89c,186,2,FALSE,financial_indicators:x4:45c279ba28fa07dcb3c1055d,financial_indicators,ME — Tasa Pasiva — Depósitos a la Vista,ME — Tasa Pasiva — Depósitos a la Vista,monthly,UNRESOLVED_SOURCE_UNITS,2011-01-01T00:00:00Z,2026-06-30T00:00:00Z,review_indicator_only
178478dabbdc7dcc7f60d6ec3ff470af,17,2,FALSE,insurance_annex:x1_30:5b2dbde52eb520b764d0398f,insurance_annex,Gastos de cesión reaseguros cedidos - contratos no proporcionales (Guaraníes) — Automóviles,Gastos de cesión reaseguros cedidos - contratos no proporcionales (Guaraníes) — Gastos de cesión reaseguros cedidos - contratos no proporcionales (Guaraníes) — Automóviles,annual,PYG,2009-01-01T00:00:00Z,2025-12-31T00:00:00Z,review_indicator_only
178478dabbdc7dcc7f60d6ec3ff470af,17,2,FALSE,insurance_annex:x1_30:9ec3751e30adc3ffb5b9a6d0,insurance_annex,Total Gastos Reaseguros Cedidos - exterior (Guaraníes) — Automóviles,Total Gastos Reaseguros Cedidos - exterior (Guaraníes) — Total Gastos Reaseguros Cedidos - exterior (Guaraníes) — Automóviles,annual,PYG,2009-01-01T00:00:00Z,2025-12-31T00:00:00Z,review_indicator_only
17f488657249d1618d4eb368d900a571,2,2,FALSE,lrm_auctions:subastas_2024:54cb2a43f0f907b65c5e292d,lrm_auctions,Plazos Estandarizados: 91 — Plazos Residuales: 98 — Montos Ofertados,lrm_auction_tenor — Plazos Estandarizados: 91 — Plazos Residuales: 98 — Montos Ofertados,irregular_daily,UNRESOLVED_SOURCE_UNITS,2024-02-22T00:00:00Z,2024-10-24T00:00:00Z,review_indicator_only
17f488657249d1618d4eb368d900a571,2,2,FALSE,lrm_auctions:subastas_2024:8fe9354e9dbffc6520ff92ae,lrm_auctions,Plazos Estandarizados: 91 — Plazos Residuales: 98 — Montos Asignados,lrm_auction_tenor — Plazos Estandarizados: 91 — Plazos Residuales: 98 — Montos Asignados,irregular_daily,UNRESOLVED_SOURCE_UNITS,2024-02-22T00:00:00Z,2024-10-24T00:00:00Z,review_indicator_only
18dd3b170549ac2e14b1aa9cba2c087f,2,2,FALSE,lrm_auctions:subastas_2022:25ca3955f4c9d3729645be8d,lrm_auctions,Plazos Estandarizados: 365 — Plazos Residuales: 371 — Mínima,lrm_auction_tenor — Plazos Estandarizados: 365 — Plazos Residuales: 371 — Mínima,irregular_daily,UNRESOLVED_SOURCE_UNITS,2022-03-23T00:00:00Z,2022-06-22T00:00:00Z,review_indicator_only
18dd3b170549ac2e14b1aa9cba2c087f,2,2,FALSE,lrm_auctions:subastas_2022:33b667ad83372670b5d5baf4,lrm_auctions,Plazos Estandarizados: 365 — Plazos Residuales: 371 — Mínima,lrm_auction_tenor — Plazos Estandarizados: 365 — Plazos Residuales: 371 — Mínima,irregular_daily,UNRESOLVED_SOURCE_UNITS,2022-03-23T00:00:00Z,2022-06-22T00:00:00Z,review_indicator_only
1aceec1d590e7d65cf0d652cc472abbb,2,2,FALSE,lrm_auctions:subastas_2013:bf2c1462897081933e6e852c,lrm_auctions,Plazos Estandarizados: 365 — Plazos Residuales: 350 — Mínima,lrm_auction_tenor — Plazos Estandarizados: 365 — Plazos Residuales: 350 — Mínima,irregular_daily,UNRESOLVED_SOURCE_UNITS,2013-07-11T00:00:00Z,2013-10-10T00:00:00Z,review_indicator_only
1aceec1d590e7d65cf0d652cc472abbb,2,2,FALSE,lrm_auctions:subastas_2013:c74b2786669fa9db5370340e,lrm_auctions,Plazos Estandarizados: 365 — Plazos Residuales: 350 — Mínima,lrm_auction_tenor — Plazos Estandarizados: 365 — Plazos Residuales: 350 — Mínima,irregular_daily,UNRESOLVED_SOURCE_UNITS,2013-07-11T00:00:00Z,2013-10-10T00:00:00Z,review_indicator_only
1b0c778b097a26b5eb0e7bda25bcebd1,17,2,FALSE,insurance_annex:x1_4:5a86bd92d5027b03c38b608d,insurance_annex,Desafectación de Provisiones Técnicas de Seguros (Guaraníes) — Total Ajuste de Reservas Matemáticas y Fondos de Acumulación,Desafectación de Provisiones Técnicas de Seguros (Guaraníes) — Desafectación de Provisiones Técnicas de Seguros (Guaraníes) — Total Ajuste de Reservas Matemáticas y Fondos de Acumulación,annual,PYG,2009-01-01T00:00:00Z,2025-12-31T00:00:00Z,review_indicator_only
1b0c778b097a26b5eb0e7bda25bcebd1,17,2,FALSE,insurance_annex:x1_4:bbb030d413f8a09b37aa5085,insurance_annex,Desafectación de Provisiones Técnicas de Seguros (Guaraníes) — Ajustes de Reservas Matematicas,Desafectación de Provisiones Técnicas de Seguros (Guaraníes) — Desafectación de Provisiones Técnicas de Seguros (Guaraníes) — Ajustes de Reservas Matematicas,annual,PYG,2009-01-01T00:00:00Z,2025-12-31T00:00:00Z,review_indicator_only
1b1d41fa2bb6799489860c3732beefbb,4,2,FALSE,lrm_auctions:subastas_2019:25ca3955f4c9d3729645be8d,lrm_auctions,Plazos Estandarizados: 365 — Plazos Residuales: 371 — Mínima,lrm_auction_tenor — Plazos Estandarizados: 365 — Plazos Residuales: 371 — Mínima,irregular_daily,UNRESOLVED_SOURCE_UNITS,2019-01-23T00:00:00Z,2019-10-23T00:00:00Z,review_indicator_only
1b1d41fa2bb6799489860c3732beefbb,4,2,FALSE,lrm_auctions:subastas_2019:33b667ad83372670b5d5baf4,lrm_auctions,Plazos Estandarizados: 365 — Plazos Residuales: 371 — Mínima,lrm_auction_tenor — Plazos Estandarizados: 365 — Plazos Residuales: 371 — Mínima,irregular_daily,UNRESOLVED_SOURCE_UNITS,2019-01-23T00:00:00Z,2019-10-23T00:00:00Z,review_indicator_only
1c2987a89c90dbae399fe2fd70c9c5c2,9,2,FALSE,lrm_auctions:subastas_2016:88e9ff84b8c642a4a38c010b,lrm_auctions,Plazos Estandarizados: 182 — Plazos Residuales: 182 — Mínima,lrm_auction_tenor — Plazos Estandarizados: 182 — Plazos Residuales: 182 — Mínima,irregular_daily,UNRESOLVED_SOURCE_UNITS,2016-01-27T00:00:00Z,2016-11-23T00:00:00Z,review_indicator_only
1c2987a89c90dbae399fe2fd70c9c5c2,9,2,FALSE,lrm_auctions:subastas_2016:bf87f06f467e10f55b30080e,lrm_auctions,Plazos Estandarizados: 182 — Plazos Residuales: 182 — Mínima,lrm_auction_tenor — Plazos Estandarizados: 182 — Plazos Residuales: 182 — Mínima,irregular_daily,UNRESOLVED_SOURCE_UNITS,2016-01-27T00:00:00Z,2016-11-23T00:00:00Z,review_indicator_only
1c8460d5bddc7b66298c1015553b8ae7,17,2,FALSE,insurance_annex:x1_7:60eb6fa5f7f5358fa74e558c,insurance_annex,Constitución de Provisiones Técnicas de Seguros — Ajuste riesgo en curso - vida,Constitución de Provisiones Técnicas de Seguros — Constitución de Provisiones Técnicas de Seguros — Ajuste riesgo en curso - vida,annual,PYG,2009-01-01T00:00:00Z,2025-12-31T00:00:00Z,review_indicator_only
1c8460d5bddc7b66298c1015553b8ae7,17,2,FALSE,insurance_annex:x1_7:9e8f06088369bf4510451d2d,insurance_annex,Constitución de Provisiones Técnicas de Seguros — Total Ajuste Riesgo en curso - Vida,Constitución de Provisiones Técnicas de Seguros — Constitución de Provisiones Técnicas de Seguros — Total Ajuste Riesgo en curso - Vida,annual,PYG,2009-01-01T00:00:00Z,2025-12-31T00:00:00Z,review_indicator_only
1deec3a0fef4f5ae5d2a3e50b169f00e,3,2,FALSE,lrm_auctions:subastas_2013:540c066703a832388bc57b07,lrm_auctions,Plazos Estandarizados: 182 — Plazos Residuales: 179 — Mínima,lrm_auction_tenor — Plazos Estandarizados: 182 — Plazos Residuales: 179 — Mínima,irregular_daily,UNRESOLVED_SOURCE_UNITS,2013-03-26T00:00:00Z,2013-08-16T00:00:00Z,review_indicator_only
1deec3a0fef4f5ae5d2a3e50b169f00e,3,2,FALSE,lrm_auctions:subastas_2013:99848dff9bfec57184c81f23,lrm_auctions,Plazos Estandarizados: 182 — Plazos Residuales: 179 — Mínima,lrm_auction_tenor — Plazos Estandarizados: 182 — Plazos Residuales: 179 — Mínima,irregular_daily,UNRESOLVED_SOURCE_UNITS,2013-03-26T00:00:00Z,2013-08-16T00:00:00Z,review_indicator_only
1e04e00b5bed2669d3dc6dd227fc456f,17,2,FALSE,insurance_annex:x1_17:7169c8e09552310c0aa88b22,insurance_annex,Total Siniestros recuperados Reaseguros cedidos Local (Guaraníes) — Total Vida Largo Plazo,Total Siniestros recuperados Reaseguros cedidos Local (Guaraníes) — Total Siniestros recuperados Reaseguros cedidos Local (Guaraníes) — Total Vida Largo Plazo,annual,PYG,2009-01-01T00:00:00Z,2025-12-31T00:00:00Z,review_indicator_only
1e04e00b5bed2669d3dc6dd227fc456f,17,2,FALSE,insurance_annex:x1_17:e8d2954bc67121dae963838a,insurance_annex,Total Siniestros recuperados Reaseguros cedidos Local (Guaraníes) — Recupero de Siniestros Reaseguros Cedidos Sección Seguros Colectivos Largo Plazo,Total Siniestros recuperados Reaseguros cedidos Local (Guaraníes) — Total Siniestros recuperados Reaseguros cedidos Local (Guaraníes) — Recupero de Siniestros Reaseguros Cedidos Sección Seguros Colectivos Largo Plazo,annual,PYG,2009-01-01T00:00:00Z,2025-12-31T00:00:00Z,review_indicator_only
1e6b3cca04e8db1d63d95b1904300c2f,17,2,FALSE,insurance_annex:x1_30:b6cc9a20d02daa9bf51fac0a,insurance_annex,Intereses sobre reservas retenidas - contratos proporcionales (Guaraníes) — Total Vida Corto Plazo,Intereses sobre reservas retenidas - contratos proporcionales (Guaraníes) — Intereses sobre reservas retenidas - contratos proporcionales (Guaraníes) — Total Vida Corto Plazo,annual,PYG,2009-01-01T00:00:00Z,2025-12-31T00:00:00Z,review_indicator_only
1e6b3cca04e8db1d63d95b1904300c2f,17,2,FALSE,insurance_annex:x1_30:ef93540dd23107e7ed88b14d,insurance_annex,Intereses sobre reservas retenidas - contratos proporcionales (Guaraníes) — Intereses s/Reservas Retenidas Sección Seguros Colectivos Corto Plazo,Intereses sobre reservas retenidas - contratos proporcionales (Guaraníes) — Intereses sobre reservas retenidas - contratos proporcionales (Guaraníes) — Intereses s/Reservas Retenidas Sección Seguros Colectivos Corto Plazo,annual,PYG,2009-01-01T00:00:00Z,2025-12-31T00:00:00Z,review_indicator_only
1e80c8eb38d5123352bd0316432354a7,17,2,FALSE,economic_annex:cuadro_42:3fbf69edf0365c28f4443445,economic_annex,Empresa de Inversión en Inversionista Directo (E),Empresa de Inversión en Inversionista Directo (E),annual,USD,2008-01-01T00:00:00Z,2024-12-31T00:00:00Z,review_indicator_only
1e80c8eb38d5123352bd0316432354a7,17,2,FALSE,economic_annex:cuadro_42:fb6da04eb765ae1a3be1f53f,economic_annex,Empresa de Inversión en Inversionista Directo (E),Empresa de Inversión en Inversionista Directo (E),annual,USD,2008-01-01T00:00:00Z,2024-12-31T00:00:00Z,review_indicator_only
1e9a80f8ede41673509ea68257425f5a,6,2,FALSE,lrm_auctions:subastas_2020:07e39dcdda634d9a1a4e52ad,lrm_auctions,Plazos Estandarizados: 63 — Plazos Residuales: 63 — Mínima,lrm_auction_tenor — Plazos Estandarizados: 63 — Plazos Residuales: 63 — Mínima,irregular_daily,UNRESOLVED_SOURCE_UNITS,2020-04-23T00:00:00Z,2020-11-25T00:00:00Z,review_indicator_only
1e9a80f8ede41673509ea68257425f5a,6,2,FALSE,lrm_auctions:subastas_2020:a521249d959ea7180d2956bb,lrm_auctions,Plazos Estandarizados: 63 — Plazos Residuales: 63 — Mínima,lrm_auction_tenor — Plazos Estandarizados: 63 — Plazos Residuales: 63 — Mínima,irregular_daily,UNRESOLVED_SOURCE_UNITS,2020-04-23T00:00:00Z,2020-11-25T00:00:00Z,review_indicator_only
1f78e0dbbb7e5fdc2d8e1f6df503dff0,247,2,FALSE,economic_annex:cuadro_52a:5cc254e3243f7bf7c3f2d68d,economic_annex,Cubiertas — Importación Registrada,Cubiertas — Cubiertas — Importación Registrada,monthly,USD,2006-01-01T00:00:00Z,2026-07-31T00:00:00Z,review_indicator_only
1f78e0dbbb7e5fdc2d8e1f6df503dff0,247,2,FALSE,economic_annex:cuadro_52a:baf39751def908b513eb1d22,economic_annex,Cubiertas — Importacion para consumo interno,Cubiertas — Cubiertas — Importacion para consumo interno,monthly,USD,2006-01-01T00:00:00Z,2026-07-31T00:00:00Z,review_indicator_only
20900fbbccac21984a0c7327f5aac2b9,6,2,FALSE,lrm_auctions:subastas_2013:07e39dcdda634d9a1a4e52ad,lrm_auctions,Plazos Estandarizados: 63 — Plazos Residuales: 63 — Mínima,lrm_auction_tenor — Plazos Estandarizados: 63 — Plazos Residuales: 63 — Mínima,irregular_daily,UNRESOLVED_SOURCE_UNITS,2013-04-25T00:00:00Z,2013-12-12T00:00:00Z,review_indicator_only
20900fbbccac21984a0c7327f5aac2b9,6,2,FALSE,lrm_auctions:subastas_2013:a521249d959ea7180d2956bb,lrm_auctions,Plazos Estandarizados: 63 — Plazos Residuales: 63 — Mínima,lrm_auction_tenor — Plazos Estandarizados: 63 — Plazos Residuales: 63 — Mínima,irregular_daily,UNRESOLVED_SOURCE_UNITS,2013-04-25T00:00:00Z,2013-12-12T00:00:00Z,review_indicator_only
213b33e9000f6de97115c4476cba4bf2,34,2,FALSE,financial_indicators:x2_1:3996d69a0f5184940bb8b723,financial_indicators,MN — Tasa Activa — Préstamo Personal - vivienda AFD <= 1 año,MN — Tasa Activa — Préstamo Personal - vivienda AFD <= 1 año,monthly,PERCENT,2012-10-01T00:00:00Z,2026-04-30T00:00:00Z,review_indicator_only
213b33e9000f6de97115c4476cba4bf2,34,2,FALSE,financial_indicators:x3_1:0ec1922ea4ac9247be25315d,financial_indicators,MN — Préstamo Personal - vivienda AFD <= 1 año — TPP,MN — Préstamo Personal - vivienda AFD <= 1 año — TPP,monthly,PERCENT,2012-10-01T00:00:00Z,2026-04-30T00:00:00Z,review_indicator_only
222c5a85fcff41de35b20c5f1cf01037,10,2,FALSE,lrm_auctions:subastas_2016:57e63b12970a0708ed266b9b,lrm_auctions,Plazos Estandarizados: 365 — Plazos Residuales: 364 — Mínima,lrm_auction_tenor — Plazos Estandarizados: 365 — Plazos Residuales: 364 — Mínima,irregular_daily,UNRESOLVED_SOURCE_UNITS,2016-01-27T00:00:00Z,2016-12-21T00:00:00Z,review_indicator_only
222c5a85fcff41de35b20c5f1cf01037,10,2,FALSE,lrm_auctions:subastas_2016:5b52d906236d2d89df7e4f26,lrm_auctions,Plazos Estandarizados: 365 — Plazos Residuales: 364 — Mínima,lrm_auction_tenor — Plazos Estandarizados: 365 — Plazos Residuales: 364 — Mínima,irregular_daily,UNRESOLVED_SOURCE_UNITS,2016-01-27T00:00:00Z,2016-12-21T00:00:00Z,review_indicator_only
2276045d4435b9a4bcd21f82c2a77773,17,2,FALSE,financial_indicators:x2_1:aebe10e1a8ee45fe5fab6286,financial_indicators,MN — Tasa Pasiva — Otros Depósitos,MN — Tasa Pasiva — Otros Depósitos,monthly,PERCENT,2011-01-01T00:00:00Z,2016-01-31T00:00:00Z,review_indicator_only
2276045d4435b9a4bcd21f82c2a77773,17,2,FALSE,financial_indicators:x3_1:f1ac3536dafa56aa9c2bd5e7,financial_indicators,MN — Otros Depósitos — TPP,MN — Otros Depósitos — TPP,monthly,PERCENT,2011-01-01T00:00:00Z,2016-01-31T00:00:00Z,review_indicator_only
22840494f07d3dc4f597f66f6f30567a,247,2,FALSE,economic_annex:cuadro_52a:d0e7e4b10918fc0927ccffb9,economic_annex,Cervezas — Importacion para consumo interno,Cervezas — Cervezas — Importacion para consumo interno,monthly,USD,2006-01-01T00:00:00Z,2026-07-31T00:00:00Z,review_indicator_only
22840494f07d3dc4f597f66f6f30567a,247,2,FALSE,economic_annex:cuadro_52a:f8c574d2f58225b6fb93a9c9,economic_annex,Cervezas — Importación Registrada,Cervezas — Cervezas — Importación Registrada,monthly,USD,2006-01-01T00:00:00Z,2026-07-31T00:00:00Z,review_indicator_only
2287ed1d1875f782c545544ac80eb377,7,2,FALSE,lrm_auctions:subastas_2018:07e39dcdda634d9a1a4e52ad,lrm_auctions,Plazos Estandarizados: 63 — Plazos Residuales: 63 — Mínima,lrm_auction_tenor — Plazos Estandarizados: 63 — Plazos Residuales: 63 — Mínima,irregular_daily,UNRESOLVED_SOURCE_UNITS,2018-02-22T00:00:00Z,2018-12-19T00:00:00Z,review_indicator_only
2287ed1d1875f782c545544ac80eb377,7,2,FALSE,lrm_auctions:subastas_2018:a521249d959ea7180d2956bb,lrm_auctions,Plazos Estandarizados: 63 — Plazos Residuales: 63 — Mínima,lrm_auction_tenor — Plazos Estandarizados: 63 — Plazos Residuales: 63 — Mínima,irregular_daily,UNRESOLVED_SOURCE_UNITS,2018-02-22T00:00:00Z,2018-12-19T00:00:00Z,review_indicator_only
237f809ed88596ba8165c3dd79dccd92,247,2,FALSE,economic_annex:cuadro_52a:5f88482ef98a83e6f03c15fd,economic_annex,Asfalto — Importacion para consumo interno,Asfalto — Asfalto — Importacion para consumo interno,monthly,USD,2006-01-01T00:00:00Z,2026-07-31T00:00:00Z,review_indicator_only
237f809ed88596ba8165c3dd79dccd92,247,2,FALSE,economic_annex:cuadro_52a:ba62be00e3b0bbf762bffef1,economic_annex,Asfalto — Importación Registrada,Asfalto — Asfalto — Importación Registrada,monthly,USD,2006-01-01T00:00:00Z,2026-07-31T00:00:00Z,review_indicator_only
241d0ccec4e9fffedfa60ddf21e8af9b,36,2,FALSE,economic_annex:cuadro_20:f189e8515314e510ca99ad89,economic_annex,Sector financiero — Compra — 1,Sector financiero — Compra — 1,annual,USD,1990-01-01T00:00:00Z,2025-12-31T00:00:00Z,supported_cross_source_overlap
241d0ccec4e9fffedfa60ddf21e8af9b,36,2,FALSE,fx_operations:financial_sector:purchase:annual,fx_operations,financial_sector — purchase — annual,,annual,USD,1990-01-01T00:00:00Z,2025-12-31T00:00:00Z,supported_cross_source_overlap
24562055cecd4a016723659416cd3049,37,2,FALSE,payments:sipap_11:3250f359a615e0f6a7d18dce,payments,Total — Importe Destino,Total — Importe Destino,monthly,UNRESOLVED_SOURCE_UNITS,2023-07-01T00:00:00Z,2026-07-31T00:00:00Z,review_indicator_only
24562055cecd4a016723659416cd3049,37,2,FALSE,payments:sipap_12:0df01d493b3c8efef2e80afb,payments,Subparticipantes (F) — Importe Destino,Subparticipantes (F) — Importe Destino,monthly,UNRESOLVED_SOURCE_UNITS,2023-07-01T00:00:00Z,2026-07-31T00:00:00Z,review_indicator_only
25be13739a4602133a1109d2012fea16,18,2,FALSE,economic_annex:cuadro_37:1f79928eadcc27f0815aab93,economic_annex,4. — 4.2.3 — Préstamos,4. — 4.2.3 — Préstamos,annual,USD,2008-01-01T00:00:00Z,2025-12-31T00:00:00Z,review_indicator_only
25be13739a4602133a1109d2012fea16,18,2,FALSE,economic_annex:cuadro_39:9d17d6aac92a4cf19c1f0f0b,economic_annex,4.2.3 Préstamos,4.2.3 Préstamos,annual,USD,2008-01-01T00:00:00Z,2025-12-31T00:00:00Z,review_indicator_only
26a26aa0c045e05c73952e6481d115f3,17,2,FALSE,insurance_annex:x1_17:24e51aed89acb2fdf21f1fb2,insurance_annex,Siniestros Recuperados Reaseguros cedidos (contratos proporcionales) (Guaraníes) - Local — Total Vida Largo Plazo,Siniestros Recuperados Reaseguros cedidos (contratos proporcionales) (Guaraníes) - Local — Siniestros Recuperados Reaseguros cedidos (contratos proporcionales) (Guaraníes) - Local — Total Vida Largo Plazo,annual,PYG,2009-01-01T00:00:00Z,2025-12-31T00:00:00Z,review_indicator_only
26a26aa0c045e05c73952e6481d115f3,17,2,FALSE,insurance_annex:x1_17:4412ac931d3a1420726eff04,insurance_annex,Siniestros Recuperados Reaseguros cedidos (contratos proporcionales) (Guaraníes) - Local — Recupero de Siniestros Reaseguros Cedidos Sección Seguros Colectivos Largo Plazo,Siniestros Recuperados Reaseguros cedidos (contratos proporcionales) (Guaraníes) - Local — Siniestros Recuperados Reaseguros cedidos (contratos proporcionales) (Guaraníes) - Local — Recupero de Siniestros Reaseguros Cedidos Sección Seguros Colectivos Largo Plazo,annual,PYG,2009-01-01T00:00:00Z,2025-12-31T00:00:00Z,review_indicator_only
26a6e08e774a713dedfedc026e0db567,17,2,FALSE,insurance_annex:x1_12:21d77064e9ec54528e1c1f57,insurance_annex,Total Participación Recupero reaseguros cedidos exterior — Riesgos Técnicos,Total Participación Recupero reaseguros cedidos exterior — Total Participación Recupero reaseguros cedidos exterior — Riesgos Técnicos,annual,PYG,2009-01-01T00:00:00Z,2025-12-31T00:00:00Z,review_indicator_only
26a6e08e774a713dedfedc026e0db567,17,2,FALSE,insurance_annex:x1_12:4dc7aaeea2f1e6724c4f91e7,insurance_annex,Participación Recupero reaseguros cedidos exterior - Proporcional — Riesgos Técnicos,Participación Recupero reaseguros cedidos exterior - Proporcional — Participación Recupero reaseguros cedidos exterior - Proporcional — Riesgos Técnicos,annual,PYG,2009-01-01T00:00:00Z,2025-12-31T00:00:00Z,review_indicator_only
26d438ff3c67445ecb67f69d879ebefc,2,2,FALSE,lrm_auctions:subastas_2013:175d697c7c5d23c9ba7c6fc7,lrm_auctions,Plazos Estandarizados: 365 — Plazos Residuales: 406 — Máxima,lrm_auction_tenor — Plazos Estandarizados: 365 — Plazos Residuales: 406 — Máxima,irregular_daily,UNRESOLVED_SOURCE_UNITS,2013-05-16T00:00:00Z,2013-11-14T00:00:00Z,review_indicator_only
26d438ff3c67445ecb67f69d879ebefc,2,2,FALSE,lrm_auctions:subastas_2013:d4eade0cd5534d50f10b7d25,lrm_auctions,Plazos Estandarizados: 365 — Plazos Residuales: 406 — Máxima,lrm_auction_tenor — Plazos Estandarizados: 365 — Plazos Residuales: 406 — Máxima,irregular_daily,UNRESOLVED_SOURCE_UNITS,2013-05-16T00:00:00Z,2013-11-14T00:00:00Z,review_indicator_only
26ee6754d9d1d55df77ca36b36392558,378,2,FALSE,economic_annex:cuadro_29:e3bb0bf377d93222be89f9a2,economic_annex,M2,M2,monthly,PYG,1995-01-01T00:00:00Z,2026-06-30T00:00:00Z,review_indicator_only
26ee6754d9d1d55df77ca36b36392558,378,2,FALSE,economic_annex:cuadro_29_cont:e3bb0bf377d93222be89f9a2,economic_annex,M2,M2,monthly,PYG,1995-01-01T00:00:00Z,2026-06-30T00:00:00Z,review_indicator_only
26f09fc85fb27ed881940d70e54eb2ab,34,2,FALSE,financial_indicators:x2_2:3996d69a0f5184940bb8b723,financial_indicators,MN — Tasa Activa — Préstamo Personal - vivienda AFD <= 1 año,MN — Tasa Activa — Préstamo Personal - vivienda AFD <= 1 año,monthly,PERCENT,2012-10-01T00:00:00Z,2026-04-30T00:00:00Z,review_indicator_only
26f09fc85fb27ed881940d70e54eb2ab,34,2,FALSE,financial_indicators:x3_2:0ec1922ea4ac9247be25315d,financial_indicators,MN — Préstamo Personal - vivienda AFD <= 1 año — TPP,MN — Préstamo Personal - vivienda AFD <= 1 año — TPP,monthly,PERCENT,2012-10-01T00:00:00Z,2026-04-30T00:00:00Z,review_indicator_only
26f62f9ee0d33195bd2251d981fee390,391,2,FALSE,economic_annex:cuadro_51b:17e7d25afbf23b1fc09adcde,economic_annex,Nafta,Nafta,monthly,TONNES,1994-01-01T00:00:00Z,2026-07-31T00:00:00Z,review_indicator_only
26f62f9ee0d33195bd2251d981fee390,391,2,FALSE,economic_annex:cuadro_53b:4bcf737dbf944684219545f7,economic_annex,Naftas,Naftas,monthly,TONNES,1994-01-01T00:00:00Z,2026-07-31T00:00:00Z,review_indicator_only
277ce6d8a4eb28f969a81778d1e683da,247,2,FALSE,economic_annex:cuadro_52a:54b9d4e912a1bed60a062e23,economic_annex,"Ómnibus, camiones y camionetas — Importación Registrada","Ómnibus, camiones y camionetas — Ómnibus, camiones y camionetas — Importación Registrada",monthly,USD,2006-01-01T00:00:00Z,2026-07-31T00:00:00Z,review_indicator_only
277ce6d8a4eb28f969a81778d1e683da,247,2,FALSE,economic_annex:cuadro_52a:787c821e82b0fa2ae076b25a,economic_annex,"Ómnibus, camiones y camionetas — Importacion para consumo interno","Ómnibus, camiones y camionetas — Ómnibus, camiones y camionetas — Importacion para consumo interno",monthly,USD,2006-01-01T00:00:00Z,2026-07-31T00:00:00Z,review_indicator_only
286526e6633cd37d0daa576fd73668ef,36,2,FALSE,economic_annex:cuadro_20:5d961d963bbd2258bc997119,economic_annex,Sector público — Venta — 5,Sector público — Venta — 5,annual,USD,1990-01-01T00:00:00Z,2025-12-31T00:00:00Z,supported_cross_source_overlap
286526e6633cd37d0daa576fd73668ef,36,2,FALSE,fx_operations:public_sector:sale:annual,fx_operations,public_sector — sale — annual,,annual,USD,1990-01-01T00:00:00Z,2025-12-31T00:00:00Z,supported_cross_source_overlap
2894c04149e4f013c4f4c48c48c41da4,2,2,FALSE,lrm_auctions:subastas_2013:4b7a4bf872ec5a5f0c388dd5,lrm_auctions,Plazos Estandarizados: 365 — Plazos Residuales: 406 — Ofertado #,lrm_auction_tenor — Plazos Estandarizados: 365 — Plazos Residuales: 406 — Ofertado #,irregular_daily,UNRESOLVED_SOURCE_UNITS,2013-05-16T00:00:00Z,2013-11-14T00:00:00Z,review_indicator_only
2894c04149e4f013c4f4c48c48c41da4,2,2,FALSE,lrm_auctions:subastas_2013:8656e41931eace1c5c48cfa8,lrm_auctions,Plazos Estandarizados: 365 — Plazos Residuales: 406 — Asignado #,lrm_auction_tenor — Plazos Estandarizados: 365 — Plazos Residuales: 406 — Asignado #,irregular_daily,UNRESOLVED_SOURCE_UNITS,2013-05-16T00:00:00Z,2013-11-14T00:00:00Z,review_indicator_only
293bd0ad1ea1827e0991bebab74aa58b,10,2,FALSE,lrm_auctions:subastas_2016:5b6eb8a66c58a781bc5e1741,lrm_auctions,Plazos Estandarizados: 91 — Plazos Residuales: 91 — Mínima,lrm_auction_tenor — Plazos Estandarizados: 91 — Plazos Residuales: 91 — Mínima,irregular_daily,UNRESOLVED_SOURCE_UNITS,2016-01-27T00:00:00Z,2016-11-23T00:00:00Z,review_indicator_only
293bd0ad1ea1827e0991bebab74aa58b,10,2,FALSE,lrm_auctions:subastas_2016:820ff1f83b051209517929a0,lrm_auctions,Plazos Estandarizados: 91 — Plazos Residuales: 91 — Mínima,lrm_auction_tenor — Plazos Estandarizados: 91 — Plazos Residuales: 91 — Mínima,irregular_daily,UNRESOLVED_SOURCE_UNITS,2016-01-27T00:00:00Z,2016-11-23T00:00:00Z,review_indicator_only
2bff4a2a2ad8d7bd14dfcfba4b5430db,12,2,FALSE,financial_indicators:x3_1:42ebc5a2a001746bdbce6371,financial_indicators,ME — Prestamo Personal - Otros Depósitos AFD <= 1 año — Prom Max,ME — Prestamo Personal - Otros Depósitos AFD <= 1 año — Prom Max,monthly,PERCENT,2012-09-01T00:00:00Z,2023-04-30T00:00:00Z,review_indicator_only
2bff4a2a2ad8d7bd14dfcfba4b5430db,12,2,FALSE,financial_indicators:x3_1:f042de1f0ecffb7e7c3e769e,financial_indicators,ME — Prestamo Personal - Otros Depósitos AFD <= 1 año — Max,ME — Prestamo Personal - Otros Depósitos AFD <= 1 año — Max,monthly,PERCENT,2012-09-01T00:00:00Z,2023-04-30T00:00:00Z,review_indicator_only
2cc6eef7975a3ac347c21ee89f6b0d55,73,2,FALSE,economic_annex:cuadro_39:1fddb65da158fe5173980168,economic_annex,2.2.1 Participaciones de capital distintas de reinversiones de capital,2.2.1 Participaciones de capital distintas de reinversiones de capital,quarterly,USD,2008-01-01T00:00:00Z,2026-03-31T00:00:00Z,review_indicator_only
2cc6eef7975a3ac347c21ee89f6b0d55,73,2,FALSE,economic_annex:cuadro_40:94af645e09342f981d64d2b8,economic_annex,14.1 Participaciones de capital y participaciones en fondos de inversión,14.1 Participaciones de capital y participaciones en fondos de inversión,quarterly,USD,2008-01-01T00:00:00Z,2026-03-31T00:00:00Z,review_indicator_only
2db4027bad575f5f67d258c1e43649f7,186,2,FALSE,financial_indicators:x2_1:7a32e3b3100d06ed821c2408,financial_indicators,MN — Tasa Pasiva — CDA hasta 180 días,MN — Tasa Pasiva — CDA hasta 180 días,monthly,PERCENT,2011-01-01T00:00:00Z,2026-06-30T00:00:00Z,review_indicator_only
2db4027bad575f5f67d258c1e43649f7,186,2,FALSE,financial_indicators:x3_1:96888090b34df11913d15f19,financial_indicators,MN — CDA hasta 180 días — TPP,MN — CDA hasta 180 días — TPP,monthly,PERCENT,2011-01-01T00:00:00Z,2026-06-30T00:00:00Z,review_indicator_only
2e6bd64c1f49f11eea354f348a1b8889,166,2,FALSE,financial_indicators:x2_1:a48ac90820ab7e7033d74258,financial_indicators,MN — Tasa Activa — Préstamo Personal - consumo <= 90 dias,MN — Tasa Activa — Préstamo Personal - consumo <= 90 dias,monthly,PERCENT,2012-09-01T00:00:00Z,2026-06-30T00:00:00Z,review_indicator_only
2e6bd64c1f49f11eea354f348a1b8889,166,2,FALSE,financial_indicators:x3_1:170b087e83b5b25886df9a71,financial_indicators,MN — Préstamo Personal - consumo <= 90 dias — TPP,MN — Préstamo Personal - consumo <= 90 dias — TPP,monthly,PERCENT,2012-09-01T00:00:00Z,2026-06-30T00:00:00Z,review_indicator_only
2f10fbb242010d3460e4b35863e9ba9e,10,2,FALSE,lrm_auctions:subastas_2019:88e9ff84b8c642a4a38c010b,lrm_auctions,Plazos Estandarizados: 182 — Plazos Residuales: 182 — Mínima,lrm_auction_tenor — Plazos Estandarizados: 182 — Plazos Residuales: 182 — Mínima,irregular_daily,UNRESOLVED_SOURCE_UNITS,2019-01-23T00:00:00Z,2019-12-26T00:00:00Z,review_indicator_only
2f10fbb242010d3460e4b35863e9ba9e,10,2,FALSE,lrm_auctions:subastas_2019:bf87f06f467e10f55b30080e,lrm_auctions,Plazos Estandarizados: 182 — Plazos Residuales: 182 — Mínima,lrm_auction_tenor — Plazos Estandarizados: 182 — Plazos Residuales: 182 — Mínima,irregular_daily,UNRESOLVED_SOURCE_UNITS,2019-01-23T00:00:00Z,2019-12-26T00:00:00Z,review_indicator_only
2f57c9fe086ccc315ce076b9f1e492cf,186,2,FALSE,financial_indicators:x2_1:0b260a79a1742543b94e4db8,financial_indicators,MN — Tasa Activa — Sobregiros,MN — Tasa Activa — Sobregiros,monthly,PERCENT,2011-01-01T00:00:00Z,2026-06-30T00:00:00Z,review_indicator_only
2f57c9fe086ccc315ce076b9f1e492cf,186,2,FALSE,financial_indicators:x3_1:fcc6294d3bfd19530d48bfc9,financial_indicators,MN — Sobregiros — TPP,MN — Sobregiros — TPP,monthly,PERCENT,2011-01-01T00:00:00Z,2026-06-30T00:00:00Z,review_indicator_only
2fc6cfdbda74d2ebc194cf09ff1f9ca2,17,2,FALSE,insurance_annex:x1_23:87e5bc905eb8fdab4b25b796,insurance_annex,Comisión reaseguros cedidos - contratos proporcionales (Guaraníes) — Total Vida Corto Plazo,Comisión reaseguros cedidos - contratos proporcionales (Guaraníes) — Comisión reaseguros cedidos - contratos proporcionales (Guaraníes) — Total Vida Corto Plazo,annual,PYG,2009-01-01T00:00:00Z,2025-12-31T00:00:00Z,review_indicator_only
2fc6cfdbda74d2ebc194cf09ff1f9ca2,17,2,FALSE,insurance_annex:x1_23:d30a4218a34f392a24774f16,insurance_annex,Comisión reaseguros cedidos - contratos proporcionales (Guaraníes) — Comisión s/Primas Cedidas Reaseguros Sección Seguros Colectivos Corto Plazo,Comisión reaseguros cedidos - contratos proporcionales (Guaraníes) — Comisión reaseguros cedidos - contratos proporcionales (Guaraníes) — Comisión s/Primas Cedidas Reaseguros Sección Seguros Colectivos Corto Plazo,annual,PYG,2009-01-01T00:00:00Z,2025-12-31T00:00:00Z,review_indicator_only
30935c65cd306a18b0e1b0853ef8a04c,2,2,FALSE,lrm_auctions:subastas_2024:4b551f3170b65c380c5f7c82,lrm_auctions,Plazos Estandarizados: 91 — Plazos Residuales: 98 — Mínima,lrm_auction_tenor — Plazos Estandarizados: 91 — Plazos Residuales: 98 — Mínima,irregular_daily,UNRESOLVED_SOURCE_UNITS,2024-02-22T00:00:00Z,2024-10-24T00:00:00Z,review_indicator_only
30935c65cd306a18b0e1b0853ef8a04c,2,2,FALSE,lrm_auctions:subastas_2024:a4d118f1fd0175e34946721c,lrm_auctions,Plazos Estandarizados: 91 — Plazos Residuales: 98 — Mínima,lrm_auction_tenor — Plazos Estandarizados: 91 — Plazos Residuales: 98 — Mínima,irregular_daily,UNRESOLVED_SOURCE_UNITS,2024-02-22T00:00:00Z,2024-10-24T00:00:00Z,review_indicator_only
3284bc22fdf6e422ffb1fab2addc76cb,247,2,FALSE,economic_annex:cuadro_52b:5cc254e3243f7bf7c3f2d68d,economic_annex,Cubiertas — Importación Registrada,Cubiertas — Cubiertas — Importación Registrada,monthly,TONNES,2006-01-01T00:00:00Z,2026-07-31T00:00:00Z,review_indicator_only
3284bc22fdf6e422ffb1fab2addc76cb,247,2,FALSE,economic_annex:cuadro_52b:baf39751def908b513eb1d22,economic_annex,Cubiertas — Importacion para consumo interno,Cubiertas — Cubiertas — Importacion para consumo interno,monthly,TONNES,2006-01-01T00:00:00Z,2026-07-31T00:00:00Z,review_indicator_only
328e636997a6a0fe75c3765f4b2d04eb,2,2,FALSE,interbank_market:mdo_secundario:1ca8945f174f5238a2a5d530,interbank_market,Tipo de Instrumento: LRM — Plazo residual (días): 121 — event_instance:2 — Tasa (%),secondary_market_operation — Tipo de Instrumento: LRM — Plazo residual (días): 121 — event_instance:2 — Tasa (%),irregular_daily,PERCENT,2016-06-29T00:00:00Z,2025-01-08T00:00:00Z,review_indicator_only
328e636997a6a0fe75c3765f4b2d04eb,2,2,FALSE,interbank_market:mdo_secundario:2a83ea03f55d428743ae8745,interbank_market,Tipo de Instrumento: LRM — Plazo residual (días): 121 — event_instance:1 — Tasa (%),secondary_market_operation — Tipo de Instrumento: LRM — Plazo residual (días): 121 — event_instance:1 — Tasa (%),irregular_daily,PERCENT,2016-06-29T00:00:00Z,2025-01-08T00:00:00Z,review_indicator_only
342325a7422b7560c058391dc3e081fd,17,2,FALSE,insurance_annex:x1_7:4df3c2ced9498721f845e1dd,insurance_annex,Constitución de Provisiones Técnicas de Seguros — Total Ajuste de Reservas Matemáticas y Fondos de Acumulación,Constitución de Provisiones Técnicas de Seguros — Constitución de Provisiones Técnicas de Seguros — Total Ajuste de Reservas Matemáticas y Fondos de Acumulación,annual,PYG,2009-01-01T00:00:00Z,2025-12-31T00:00:00Z,review_indicator_only
342325a7422b7560c058391dc3e081fd,17,2,FALSE,insurance_annex:x1_7:d4f4816d53abc113165e0042,insurance_annex,Constitución de Provisiones Técnicas de Seguros — Ajustes de Reservas Matematicas,Constitución de Provisiones Técnicas de Seguros — Constitución de Provisiones Técnicas de Seguros — Ajustes de Reservas Matematicas,annual,PYG,2009-01-01T00:00:00Z,2025-12-31T00:00:00Z,review_indicator_only
350905b58a32c8ca00467478814c390c,3,2,FALSE,lrm_auctions:subastas_2018:25ca3955f4c9d3729645be8d,lrm_auctions,Plazos Estandarizados: 365 — Plazos Residuales: 371 — Mínima,lrm_auction_tenor — Plazos Estandarizados: 365 — Plazos Residuales: 371 — Mínima,irregular_daily,UNRESOLVED_SOURCE_UNITS,2018-03-22T00:00:00Z,2018-12-19T00:00:00Z,review_indicator_only
350905b58a32c8ca00467478814c390c,3,2,FALSE,lrm_auctions:subastas_2018:33b667ad83372670b5d5baf4,lrm_auctions,Plazos Estandarizados: 365 — Plazos Residuales: 371 — Mínima,lrm_auction_tenor — Plazos Estandarizados: 365 — Plazos Residuales: 371 — Mínima,irregular_daily,UNRESOLVED_SOURCE_UNITS,2018-03-22T00:00:00Z,2018-12-19T00:00:00Z,review_indicator_only
35568efeaf9c12115fc8ec650e49f64b,379,2,FALSE,economic_annex:cuadro_20:7b59d8ba436a0b3c68fb07fd,economic_annex,Operaciones netas totales — Total neto — 10=3+6+9,Operaciones netas totales — Total neto — 10=3+6+9,monthly,USD,1995-01-01T00:00:00Z,2026-07-31T00:00:00Z,supported_cross_source_overlap
35568efeaf9c12115fc8ec650e49f64b,379,2,FALSE,fx_operations:total:net:monthly,fx_operations,total — net — monthly,,monthly,USD,1995-01-01T00:00:00Z,2026-07-31T00:00:00Z,supported_cross_source_overlap
3567b1ff34a8586d2ae58777a8e7fd47,7,2,FALSE,lrm_auctions:subastas_2015:0a1131f4a687bbd9d1b5e92b,lrm_auctions,Plazos Estandarizados: 546 — Plazos Residuales: 546 — Mínima,lrm_auction_tenor — Plazos Estandarizados: 546 — Plazos Residuales: 546 — Mínima,irregular_daily,UNRESOLVED_SOURCE_UNITS,2015-01-28T00:00:00Z,2015-08-26T00:00:00Z,review_indicator_only
3567b1ff34a8586d2ae58777a8e7fd47,7,2,FALSE,lrm_auctions:subastas_2015:9e65b04aa01c99458d690df0,lrm_auctions,Plazos Estandarizados: 546 — Plazos Residuales: 546 — Mínima,lrm_auction_tenor — Plazos Estandarizados: 546 — Plazos Residuales: 546 — Mínima,irregular_daily,UNRESOLVED_SOURCE_UNITS,2015-01-28T00:00:00Z,2015-08-26T00:00:00Z,review_indicator_only
364712b69138839a8ceae785a7df180b,17,2,FALSE,insurance_annex:x1_22:eaa1626db94b5aba522b030d,insurance_annex,Reintegro Gastos de Revisión y examen de asegurabilidad (Guaraníes) — Total Vida Largo Plazo,Reintegro Gastos de Revisión y examen de asegurabilidad (Guaraníes) — Reintegro Gastos de Revisión y examen de asegurabilidad (Guaraníes) — Total Vida Largo Plazo,annual,PYG,2009-01-01T00:00:00Z,2025-12-31T00:00:00Z,review_indicator_only
364712b69138839a8ceae785a7df180b,17,2,FALSE,insurance_annex:x1_22:fbeefe613a512ea9b3b1eff9,insurance_annex,Reintegro Gastos de Revisión y examen de asegurabilidad (Guaraníes) — Asegurabilidad Sección Seguros Colectivos Largo Plazo,Reintegro Gastos de Revisión y examen de asegurabilidad (Guaraníes) — Reintegro Gastos de Revisión y examen de asegurabilidad (Guaraníes) — Asegurabilidad Sección Seguros Colectivos Largo Plazo,annual,PYG,2009-01-01T00:00:00Z,2025-12-31T00:00:00Z,review_indicator_only
36b39d5a4a647cb66e75d21edb7f87cb,17,2,FALSE,insurance_annex:x1_17:3cd1b099ce964298567e1add,insurance_annex,Siniestros Recuperados Reaseguros cedidos (contratos no proporcionales) (Guaraníes) - Local — Total Vida Largo Plazo,Siniestros Recuperados Reaseguros cedidos (contratos no proporcionales) (Guaraníes) - Local — Siniestros Recuperados Reaseguros cedidos (contratos no proporcionales) (Guaraníes) - Local — Total Vida Largo Plazo,annual,PYG,2009-01-01T00:00:00Z,2025-12-31T00:00:00Z,review_indicator_only
36b39d5a4a647cb66e75d21edb7f87cb,17,2,FALSE,insurance_annex:x1_17:deef6dea05a4551e7287d67f,insurance_annex,Siniestros Recuperados Reaseguros cedidos (contratos no proporcionales) (Guaraníes) - Local — Recupero de Siniestros Reaseguros Cedidos Sección Seguros Colectivos Largo Plazo,Siniestros Recuperados Reaseguros cedidos (contratos no proporcionales) (Guaraníes) - Local — Siniestros Recuperados Reaseguros cedidos (contratos no proporcionales) (Guaraníes) - Local — Recupero de Siniestros Reaseguros Cedidos Sección Seguros Colectivos Largo Plazo,annual,PYG,2009-01-01T00:00:00Z,2025-12-31T00:00:00Z,review_indicator_only
373bf29abeaa464ae5d54887e129c88c,17,2,FALSE,insurance_annex:x1_17:be163f83e6f03308f5983eba,insurance_annex,"Siniestros Recuperados Reaseguros cedidos (contratos proporcionales) (Guaraníes) - Local — Cristales, Vidrios y Espejos","Siniestros Recuperados Reaseguros cedidos (contratos proporcionales) (Guaraníes) - Local — Siniestros Recuperados Reaseguros cedidos (contratos proporcionales) (Guaraníes) - Local — Cristales, Vidrios y Espejos",annual,PYG,2009-01-01T00:00:00Z,2025-12-31T00:00:00Z,review_indicator_only
373bf29abeaa464ae5d54887e129c88c,17,2,FALSE,insurance_annex:x1_17:e3f425c70b5b9696e3c7b9c8,insurance_annex,"Total Siniestros recuperados Reaseguros cedidos Local (Guaraníes) — Cristales, Vidrios y Espejos","Total Siniestros recuperados Reaseguros cedidos Local (Guaraníes) — Total Siniestros recuperados Reaseguros cedidos Local (Guaraníes) — Cristales, Vidrios y Espejos",annual,PYG,2009-01-01T00:00:00Z,2025-12-31T00:00:00Z,review_indicator_only
374f26dc610bd88f45d8de4c3fb1f2c8,17,2,FALSE,insurance_annex:x1_32:d14910372182c6c838cad1d7,insurance_annex,"Total Gastos Reaseguros Aceptados - Exterior (Guaraníes) — Cristales, Vidrios y Espejos","Total Gastos Reaseguros Aceptados - Exterior (Guaraníes) — Total Gastos Reaseguros Aceptados - Exterior (Guaraníes) — Cristales, Vidrios y Espejos",annual,PYG,2009-01-01T00:00:00Z,2025-12-31T00:00:00Z,review_indicator_only
374f26dc610bd88f45d8de4c3fb1f2c8,17,2,FALSE,insurance_annex:x1_32:e9ffefd26239298721919eb8,insurance_annex,"Participación utilidades reaseguros aceptados - contratos proporcionales (Guaraníes) — Cristales, Vidrios y Espejos","Participación utilidades reaseguros aceptados - contratos proporcionales (Guaraníes) — Participación utilidades reaseguros aceptados - contratos proporcionales (Guaraníes) — Cristales, Vidrios y Espejos",annual,PYG,2009-01-01T00:00:00Z,2025-12-31T00:00:00Z,review_indicator_only
375433956fa4e25c3054630106b6a931,247,2,FALSE,economic_annex:cuadro_52a:3cd417bb73a7fccfad688f08,economic_annex,"Otros combustibles, aceites y grasas — Importacion para consumo interno","Otros combustibles, aceites y grasas — Otros combustibles, aceites y grasas — Importacion para consumo interno",monthly,USD,2006-01-01T00:00:00Z,2026-07-31T00:00:00Z,review_indicator_only
375433956fa4e25c3054630106b6a931,247,2,FALSE,economic_annex:cuadro_52a:910607433aa8b668d5dbba80,economic_annex,"Otros combustibles, aceites y grasas — Importación Registrada","Otros combustibles, aceites y grasas — Otros combustibles, aceites y grasas — Importación Registrada",monthly,USD,2006-01-01T00:00:00Z,2026-07-31T00:00:00Z,review_indicator_only
3762a01d10a801551f56bd52c835ea5b,186,2,FALSE,financial_indicators:x2_1:a7e07ba069ea8f029dd2a973,financial_indicators,ME — Tasa Activa — Préstamo Personal - consumo <= 1 año,ME — Tasa Activa — Préstamo Personal - consumo <= 1 año,monthly,PERCENT,2011-01-01T00:00:00Z,2026-06-30T00:00:00Z,review_indicator_only
3762a01d10a801551f56bd52c835ea5b,186,2,FALSE,financial_indicators:x3_1:984671557a6d77999a07b35d,financial_indicators,ME — Préstamo Personal - consumo <= 1 año — TPP,ME — Préstamo Personal - consumo <= 1 año — TPP,monthly,PERCENT,2011-01-01T00:00:00Z,2026-06-30T00:00:00Z,review_indicator_only
386fdb08751362d744456e7f9a1a8c42,6,2,FALSE,lrm_auctions:subastas_2026:0a1131f4a687bbd9d1b5e92b,lrm_auctions,Plazos Estandarizados: 546 — Plazos Residuales: 546 — Mínima,lrm_auction_tenor — Plazos Estandarizados: 546 — Plazos Residuales: 546 — Mínima,irregular_daily,UNRESOLVED_SOURCE_UNITS,2026-01-29T00:00:00Z,2026-07-30T00:00:00Z,review_indicator_only
386fdb08751362d744456e7f9a1a8c42,6,2,FALSE,lrm_auctions:subastas_2026:9e65b04aa01c99458d690df0,lrm_auctions,Plazos Estandarizados: 546 — Plazos Residuales: 546 — Mínima,lrm_auction_tenor — Plazos Estandarizados: 546 — Plazos Residuales: 546 — Mínima,irregular_daily,UNRESOLVED_SOURCE_UNITS,2026-01-29T00:00:00Z,2026-07-30T00:00:00Z,review_indicator_only
38aced75fe1fbc790c50788531873c96,73,2,FALSE,economic_annex:cuadro_39:13c075e96a882a5cde322d3b,economic_annex,1.2 Pasivo,1.2 Pasivo,quarterly,USD,2008-01-01T00:00:00Z,2026-03-31T00:00:00Z,review_indicator_only
38aced75fe1fbc790c50788531873c96,73,2,FALSE,economic_annex:cuadro_40:279309b54c02ad4aadce96df,economic_annex,12. Inversión directa en economía declarante,12. Inversión directa en economía declarante,quarterly,USD,2008-01-01T00:00:00Z,2026-03-31T00:00:00Z,review_indicator_only
38c264f4851291d8377969e063d6065c,17,2,FALSE,insurance_annex:x1_12:0aa3f66ad0ce87032b20a210,insurance_annex,Total Participación Recupero reaseguros cedidos exterior — Riesgos Varios,Total Participación Recupero reaseguros cedidos exterior — Total Participación Recupero reaseguros cedidos exterior — Riesgos Varios,annual,PYG,2009-01-01T00:00:00Z,2025-12-31T00:00:00Z,review_indicator_only
38c264f4851291d8377969e063d6065c,17,2,FALSE,insurance_annex:x1_12:a1b2e9d8f9dc8efb461d550d,insurance_annex,Participación Recupero reaseguros cedidos exterior - Proporcional — Riesgos Varios,Participación Recupero reaseguros cedidos exterior - Proporcional — Participación Recupero reaseguros cedidos exterior - Proporcional — Riesgos Varios,annual,PYG,2009-01-01T00:00:00Z,2025-12-31T00:00:00Z,review_indicator_only
38df88b08731136420e9fc5ea1ba9652,17,2,FALSE,economic_annex:cuadro_42:72e13125a515f4cfb9483691,economic_annex,Capital (A),Capital (A),annual,USD,2008-01-01T00:00:00Z,2024-12-31T00:00:00Z,review_indicator_only
38df88b08731136420e9fc5ea1ba9652,17,2,FALSE,economic_annex:cuadro_42:f310f694dcc0538a0a1ffc4d,economic_annex,Capital (A),Capital (A),annual,USD,2008-01-01T00:00:00Z,2024-12-31T00:00:00Z,review_indicator_only
38e9861c714c771290f8c15f359be652,17,2,FALSE,insurance_annex:x1_28:bdc4fe0fe9e616014ad505b4,insurance_annex,Total Gastos de Producción (Guaraníes) — Gastos de produccción Sección Defunción o Sepelio,Total Gastos de Producción (Guaraníes) — Total Gastos de Producción (Guaraníes) — Gastos de produccción Sección Defunción o Sepelio,annual,PYG,2009-01-01T00:00:00Z,2025-12-31T00:00:00Z,review_indicator_only
38e9861c714c771290f8c15f359be652,17,2,FALSE,insurance_annex:x1_28:d8c8c7b6f80ba5712a6de10e,insurance_annex,Fomento de Producción (Guaraníes) — Fomento de la Producción Sección Defunción o Sepelio,Fomento de Producción (Guaraníes) — Fomento de Producción (Guaraníes) — Fomento de la Producción Sección Defunción o Sepelio,annual,PYG,2009-01-01T00:00:00Z,2025-12-31T00:00:00Z,review_indicator_only
3935051b43eb1d8100d7a68f52420264,17,2,FALSE,financial_indicators:x3_1:2907ff18cfb8a67805a2e181,financial_indicators,MN — Otros Depósitos — Prom Max,MN — Otros Depósitos — Prom Max,monthly,PERCENT,2011-01-01T00:00:00Z,2016-01-31T00:00:00Z,review_indicator_only
3935051b43eb1d8100d7a68f52420264,17,2,FALSE,financial_indicators:x3_1:ebece0781d3434743d74c033,financial_indicators,MN — Otros Depósitos — Prom Min,MN — Otros Depósitos — Prom Min,monthly,PERCENT,2011-01-01T00:00:00Z,2016-01-31T00:00:00Z,review_indicator_only
39d61cb120e3e90f0ac581ec565fa492,18,2,FALSE,economic_annex:cuadro_39:2b608e2df543f909e087008d,economic_annex,2.2.1 Participaciones de capital distintas de reinversiones de capital,2.2.1 Participaciones de capital distintas de reinversiones de capital,annual,USD,2008-01-01T00:00:00Z,2025-12-31T00:00:00Z,review_indicator_only
39d61cb120e3e90f0ac581ec565fa492,18,2,FALSE,economic_annex:cuadro_40:1f23f787a233e512f6c3f15c,economic_annex,14.1 Participaciones de capital y participaciones en fondos de inversión,14.1 Participaciones de capital y participaciones en fondos de inversión,annual,USD,2008-01-01T00:00:00Z,2025-12-31T00:00:00Z,review_indicator_only
3a4e13a0fd0c0fd2494724006e06b130,10,2,FALSE,lrm_auctions:subastas_2020:0a1131f4a687bbd9d1b5e92b,lrm_auctions,Plazos Estandarizados: 546 — Plazos Residuales: 546 — Mínima,lrm_auction_tenor — Plazos Estandarizados: 546 — Plazos Residuales: 546 — Mínima,irregular_daily,UNRESOLVED_SOURCE_UNITS,2020-01-29T00:00:00Z,2020-11-25T00:00:00Z,review_indicator_only
3a4e13a0fd0c0fd2494724006e06b130,10,2,FALSE,lrm_auctions:subastas_2020:9e65b04aa01c99458d690df0,lrm_auctions,Plazos Estandarizados: 546 — Plazos Residuales: 546 — Mínima,lrm_auction_tenor — Plazos Estandarizados: 546 — Plazos Residuales: 546 — Mínima,irregular_daily,UNRESOLVED_SOURCE_UNITS,2020-01-29T00:00:00Z,2020-11-25T00:00:00Z,review_indicator_only
3a5d52e6f2695785e8f74817881aa596,3,2,FALSE,lrm_auctions:subastas_2018:5dac7e8944fc9c4ab5605db6,lrm_auctions,Plazos Estandarizados: 35 — Plazos Residuales: 35 — Mínima,lrm_auction_tenor — Plazos Estandarizados: 35 — Plazos Residuales: 35 — Mínima,irregular_daily,UNRESOLVED_SOURCE_UNITS,2018-03-22T00:00:00Z,2018-12-19T00:00:00Z,review_indicator_only
3a5d52e6f2695785e8f74817881aa596,3,2,FALSE,lrm_auctions:subastas_2018:8593b0fd7a59100882b72087,lrm_auctions,Plazos Estandarizados: 35 — Plazos Residuales: 35 — Mínima,lrm_auction_tenor — Plazos Estandarizados: 35 — Plazos Residuales: 35 — Mínima,irregular_daily,UNRESOLVED_SOURCE_UNITS,2018-03-22T00:00:00Z,2018-12-19T00:00:00Z,review_indicator_only
3a5ef715c3c9b39b4494b05b79010b2d,7,2,FALSE,lrm_auctions:subastas_2023:640b4b056ff21faadf718dca,lrm_auctions,Plazos Estandarizados: 182 — Plazos Residuales: 182 — Montos Asignados,lrm_auction_tenor — Plazos Estandarizados: 182 — Plazos Residuales: 182 — Montos Asignados,irregular_daily,UNRESOLVED_SOURCE_UNITS,2023-01-25T00:00:00Z,2023-10-25T00:00:00Z,review_indicator_only
3a5ef715c3c9b39b4494b05b79010b2d,7,2,FALSE,lrm_auctions:subastas_2023:aaf6eb65b92a1b566a413296,lrm_auctions,Plazos Estandarizados: 182 — Plazos Residuales: 182 — Montos Ofertados,lrm_auction_tenor — Plazos Estandarizados: 182 — Plazos Residuales: 182 — Montos Ofertados,irregular_daily,UNRESOLVED_SOURCE_UNITS,2023-01-25T00:00:00Z,2023-10-25T00:00:00Z,review_indicator_only
3ba514f88aeecb851df9075373727e44,35,2,TRUE,economic_annex:cuadro_4a:0a012e9b809e605737c253e0,economic_annex,PIB a precios de comprador,PIB a precios de comprador,annual,PERCENT,1991-01-01T00:00:00Z,2025-12-31T00:00:00Z,review_indicator_only
3ba514f88aeecb851df9075373727e44,35,2,TRUE,economic_annex:cuadro_4b:0a012e9b809e605737c253e0,economic_annex,PIB a precios de comprador,PIB a precios de comprador,annual,PERCENT,1991-01-01T00:00:00Z,2025-12-31T00:00:00Z,review_indicator_only
3c0cca05323014cab2f540ae3ccfc025,32,2,FALSE,financial_indicators:x3_1:6c99d2490ba02bb9f7fcde5a,financial_indicators,ME — Otros Depósitos — Prom Max,ME — Otros Depósitos — Prom Max,monthly,PERCENT,2011-01-01T00:00:00Z,2020-09-30T00:00:00Z,review_indicator_only
3c0cca05323014cab2f540ae3ccfc025,32,2,FALSE,financial_indicators:x3_1:78bb7f7735839ef001b73f89,financial_indicators,ME — Otros Depósitos — Prom Min,ME — Otros Depósitos — Prom Min,monthly,PERCENT,2011-01-01T00:00:00Z,2020-09-30T00:00:00Z,review_indicator_only
3c857e1e331a96bb820c725efeebc752,32,2,FALSE,financial_indicators:x3_1:55a255fc99cc789044694ffb,financial_indicators,ME — Préstamos Varios > 1 año — Max,ME — Préstamos Varios > 1 año — Max,monthly,PERCENT,2011-02-01T00:00:00Z,2014-07-31T00:00:00Z,review_indicator_only
3c857e1e331a96bb820c725efeebc752,32,2,FALSE,financial_indicators:x3_1:88132a6ea975ce80a4fa97fe,financial_indicators,ME — Préstamos Varios > 1 año — Prom Max,ME — Préstamos Varios > 1 año — Prom Max,monthly,PERCENT,2011-02-01T00:00:00Z,2014-07-31T00:00:00Z,review_indicator_only
3d11f9173f343a6f2a25a136373f983a,17,2,FALSE,insurance_annex:x1_17:c290114492160cbbed837128,insurance_annex,Siniestros Recuperados Reaseguros cedidos (contratos proporcionales) (Guaraníes) - Local — Recupero de Siniestros Reaseguros Cedidos Sección Vida Individual Corto Plazo,Siniestros Recuperados Reaseguros cedidos (contratos proporcionales) (Guaraníes) - Local — Siniestros Recuperados Reaseguros cedidos (contratos proporcionales) (Guaraníes) - Local — Recupero de Siniestros Reaseguros Cedidos Sección Vida Individual Corto Plazo,annual,PYG,2009-01-01T00:00:00Z,2025-12-31T00:00:00Z,review_indicator_only
3d11f9173f343a6f2a25a136373f983a,17,2,FALSE,insurance_annex:x1_17:c4e2cc8038bdb808e8186503,insurance_annex,Total Siniestros recuperados Reaseguros cedidos Local (Guaraníes) — Recupero de Siniestros Reaseguros Cedidos Sección Vida Individual Corto Plazo,Total Siniestros recuperados Reaseguros cedidos Local (Guaraníes) — Total Siniestros recuperados Reaseguros cedidos Local (Guaraníes) — Recupero de Siniestros Reaseguros Cedidos Sección Vida Individual Corto Plazo,annual,PYG,2009-01-01T00:00:00Z,2025-12-31T00:00:00Z,review_indicator_only
3e3c72d7e1340ee20443f0b50d7cb272,73,2,FALSE,economic_annex:cuadro_37:1461489bf6b3367f8fcedf3a,economic_annex,4. — 4.1.3 — Préstamos,4. — 4.1.3 — Préstamos,quarterly,USD,2008-01-01T00:00:00Z,2026-03-31T00:00:00Z,review_indicator_only
3e3c72d7e1340ee20443f0b50d7cb272,73,2,FALSE,economic_annex:cuadro_39:638b028d16627d4d4b82aa19,economic_annex,4.1.3 Préstamos,4.1.3 Préstamos,quarterly,USD,2008-01-01T00:00:00Z,2026-03-31T00:00:00Z,review_indicator_only
3e5b48633a5ec228787c395964e2b4d0,17,2,FALSE,insurance_annex:x1_12:6b559873008b901cdd244a1e,insurance_annex,Total Participación Recupero reaseguros cedidos exterior — Participación de Siniestros Recuperados Sección Vida Individual Corto Plazo,Total Participación Recupero reaseguros cedidos exterior — Total Participación Recupero reaseguros cedidos exterior — Participación de Siniestros Recuperados Sección Vida Individual Corto Plazo,annual,PYG,2009-01-01T00:00:00Z,2025-12-31T00:00:00Z,review_indicator_only
3e5b48633a5ec228787c395964e2b4d0,17,2,FALSE,insurance_annex:x1_12:c12a7bb9a73d237381ca4413,insurance_annex,Participación Recupero reaseguros cedidos exterior - Proporcional — Participación de Siniestros Recuperados Sección Vida Individual Corto Plazo,Participación Recupero reaseguros cedidos exterior - Proporcional — Participación Recupero reaseguros cedidos exterior - Proporcional — Participación de Siniestros Recuperados Sección Vida Individual Corto Plazo,annual,PYG,2009-01-01T00:00:00Z,2025-12-31T00:00:00Z,review_indicator_only
3e68fead1b862a149dd7e8d4e0178bb3,2,2,FALSE,lrm_auctions:subastas_2019:4e5fa0b8f6756d7795ea8262,lrm_auctions,Plazos Estandarizados: 182 — Plazos Residuales: 189 — Mínima,lrm_auction_tenor — Plazos Estandarizados: 182 — Plazos Residuales: 189 — Mínima,irregular_daily,UNRESOLVED_SOURCE_UNITS,2019-02-20T00:00:00Z,2019-07-24T00:00:00Z,review_indicator_only
3e68fead1b862a149dd7e8d4e0178bb3,2,2,FALSE,lrm_auctions:subastas_2019:e20621bef08ca53683d8c2dd,lrm_auctions,Plazos Estandarizados: 182 — Plazos Residuales: 189 — Mínima,lrm_auction_tenor — Plazos Estandarizados: 182 — Plazos Residuales: 189 — Mínima,irregular_daily,UNRESOLVED_SOURCE_UNITS,2019-02-20T00:00:00Z,2019-07-24T00:00:00Z,review_indicator_only
3f9382f6a8bacf6f98fded6d6368afd6,5,2,FALSE,lrm_auctions:subastas_2017:7c22f0dab2c1ad133ca5ff18,lrm_auctions,Plazos Estandarizados: 546 — Plazos Residuales: 553 — Mínima,lrm_auction_tenor — Plazos Estandarizados: 546 — Plazos Residuales: 553 — Mínima,irregular_daily,UNRESOLVED_SOURCE_UNITS,2017-02-22T00:00:00Z,2017-12-20T00:00:00Z,review_indicator_only
3f9382f6a8bacf6f98fded6d6368afd6,5,2,FALSE,lrm_auctions:subastas_2017:8739aec9d9e7afaa55117a42,lrm_auctions,Plazos Estandarizados: 546 — Plazos Residuales: 553 — Mínima,lrm_auction_tenor — Plazos Estandarizados: 546 — Plazos Residuales: 553 — Mínima,irregular_daily,UNRESOLVED_SOURCE_UNITS,2017-02-22T00:00:00Z,2017-12-20T00:00:00Z,review_indicator_only
401db89d1be04d46e17d5f20fa50e9b6,4,2,FALSE,lrm_auctions:subastas_2015:ad7a529327e2031b99ba55c6,lrm_auctions,Plazos Estandarizados: 35 — Plazos Residuales: 28 — Máxima,lrm_auction_tenor — Plazos Estandarizados: 35 — Plazos Residuales: 28 — Máxima,irregular_daily,UNRESOLVED_SOURCE_UNITS,2015-01-28T00:00:00Z,2015-05-27T00:00:00Z,review_indicator_only
401db89d1be04d46e17d5f20fa50e9b6,4,2,FALSE,lrm_auctions:subastas_2015:dc674067b244570b92972daa,lrm_auctions,Plazos Estandarizados: 35 — Plazos Residuales: 28 — Máxima,lrm_auction_tenor — Plazos Estandarizados: 35 — Plazos Residuales: 28 — Máxima,irregular_daily,UNRESOLVED_SOURCE_UNITS,2015-01-28T00:00:00Z,2015-05-27T00:00:00Z,review_indicator_only
4076fff2aee0e12b39836b9fdc7f8a5d,37,2,FALSE,payments:sipap_11:899075b91de2a85c7ced0e18,payments,Total — Cantidad,Total — Cantidad,monthly,COUNT,2023-07-01T00:00:00Z,2026-07-31T00:00:00Z,review_indicator_only
4076fff2aee0e12b39836b9fdc7f8a5d,37,2,FALSE,payments:sipap_12:449e7bad1ce192945ebe27b1,payments,Subparticipantes (F) — Cantidad,Subparticipantes (F) — Cantidad,monthly,COUNT,2023-07-01T00:00:00Z,2026-07-31T00:00:00Z,review_indicator_only
40c0040397062938ed66e27b4b26b53a,30,2,FALSE,direct_investment:cuadro_2:4c2e1e321a708f667e2036ac,direct_investment,TOTAL DE INVERSION DIRECTA — PRESTAMOS DE IED,TOTAL DE INVERSION DIRECTA — PRESTAMOS DE IED,annual,USD,1995-01-01T00:00:00Z,2024-12-31T00:00:00Z,review_indicator_only
40c0040397062938ed66e27b4b26b53a,30,2,FALSE,direct_investment:cuadro_2:bf8229f892ba9142680fef07,direct_investment,EMPRESAS NO FINANCIERAS — PRESTAMOS DE IED,EMPRESAS NO FINANCIERAS — PRESTAMOS DE IED,annual,USD,1995-01-01T00:00:00Z,2024-12-31T00:00:00Z,review_indicator_only
41078bc657bc5cf418cb05d06c41aad4,2,2,FALSE,lrm_auctions:subastas_2013:6a82d59ba884d34b881de131,lrm_auctions,Plazos Estandarizados: 365 — Plazos Residuales: 350 — Montos Asignados,lrm_auction_tenor — Plazos Estandarizados: 365 — Plazos Residuales: 350 — Montos Asignados,irregular_daily,UNRESOLVED_SOURCE_UNITS,2013-07-11T00:00:00Z,2013-10-10T00:00:00Z,review_indicator_only
41078bc657bc5cf418cb05d06c41aad4,2,2,FALSE,lrm_auctions:subastas_2013:9af4c4a40b75b578e2853dc0,lrm_auctions,Plazos Estandarizados: 365 — Plazos Residuales: 350 — Montos Anunciados,lrm_auction_tenor — Plazos Estandarizados: 365 — Plazos Residuales: 350 — Montos Anunciados,irregular_daily,UNRESOLVED_SOURCE_UNITS,2013-07-11T00:00:00Z,2013-10-10T00:00:00Z,review_indicator_only
413078fedd4e207016461b91397267d8,247,2,FALSE,economic_annex:cuadro_52a:5dd392ef364eaf2a676fcca6,economic_annex,Gas oíl — Importación Registrada,Gas oíl — Gas oíl — Importación Registrada,monthly,USD,2006-01-01T00:00:00Z,2026-07-31T00:00:00Z,review_indicator_only
413078fedd4e207016461b91397267d8,247,2,FALSE,economic_annex:cuadro_52a:78b8544181ddd4a1d65e9cd6,economic_annex,Gas oíl — Importacion para consumo interno,Gas oíl — Gas oíl — Importacion para consumo interno,monthly,USD,2006-01-01T00:00:00Z,2026-07-31T00:00:00Z,review_indicator_only
41f029f8056e0f06038ce97b4413766b,73,2,FALSE,economic_annex:cuadro_37:1291a129f5bac40c1338aab3,economic_annex,4. — 4.1 Activos — Activos de Reserva,4. — 4.1 Activos — Activos de Reserva,quarterly,USD,2008-01-01T00:00:00Z,2026-03-31T00:00:00Z,review_indicator_only
41f029f8056e0f06038ce97b4413766b,73,2,FALSE,economic_annex:cuadro_39:bd2da518f6bbd5d11b453537,economic_annex,4.1 Activos,4.1 Activos,quarterly,USD,2008-01-01T00:00:00Z,2026-03-31T00:00:00Z,review_indicator_only
421f974a62048ec47585b91eb0cdeb93,3,2,FALSE,lrm_auctions:subastas_2017:25ca3955f4c9d3729645be8d,lrm_auctions,Plazos Estandarizados: 365 — Plazos Residuales: 371 — Mínima,lrm_auction_tenor — Plazos Estandarizados: 365 — Plazos Residuales: 371 — Mínima,irregular_daily,UNRESOLVED_SOURCE_UNITS,2017-08-23T00:00:00Z,2017-11-23T00:00:00Z,review_indicator_only
421f974a62048ec47585b91eb0cdeb93,3,2,FALSE,lrm_auctions:subastas_2017:33b667ad83372670b5d5baf4,lrm_auctions,Plazos Estandarizados: 365 — Plazos Residuales: 371 — Mínima,lrm_auction_tenor — Plazos Estandarizados: 365 — Plazos Residuales: 371 — Mínima,irregular_daily,UNRESOLVED_SOURCE_UNITS,2017-08-23T00:00:00Z,2017-11-23T00:00:00Z,review_indicator_only
42bac435f1c3b388d3232e950e4b7fdd,4,2,FALSE,lrm_auctions:subastas_2022:ce4ce2fcd94fb6a8be5ccb97,lrm_auctions,Plazos Estandarizados: 63 — Plazos Residuales: 56 — Mínima,lrm_auction_tenor — Plazos Estandarizados: 63 — Plazos Residuales: 56 — Mínima,irregular_daily,UNRESOLVED_SOURCE_UNITS,2022-01-26T00:00:00Z,2022-10-26T00:00:00Z,review_indicator_only
42bac435f1c3b388d3232e950e4b7fdd,4,2,FALSE,lrm_auctions:subastas_2022:f835a7565286472f6064b1eb,lrm_auctions,Plazos Estandarizados: 63 — Plazos Residuales: 56 — Mínima,lrm_auction_tenor — Plazos Estandarizados: 63 — Plazos Residuales: 56 — Mínima,irregular_daily,UNRESOLVED_SOURCE_UNITS,2022-01-26T00:00:00Z,2022-10-26T00:00:00Z,review_indicator_only
42d3df73c74eba5b0c58c2bbbc52c3bb,17,2,FALSE,insurance_annex:x1_29:1600464ba50c9e8eece2048b,insurance_annex,Total Gastos Reaseguros Cedidos - local — Aeronavegación,Total Gastos Reaseguros Cedidos - local — Total Gastos Reaseguros Cedidos - local — Aeronavegación,annual,PYG,2009-01-01T00:00:00Z,2025-12-31T00:00:00Z,review_indicator_only
42d3df73c74eba5b0c58c2bbbc52c3bb,17,2,FALSE,insurance_annex:x1_29:82d8ce6d887e59c04f179e07,insurance_annex,Gastos de cesión reaseguros cedidos - contratos no proporcionales (Local) — Aeronavegación,Gastos de cesión reaseguros cedidos - contratos no proporcionales (Local) — Gastos de cesión reaseguros cedidos - contratos no proporcionales (Local) — Aeronavegación,annual,PYG,2009-01-01T00:00:00Z,2025-12-31T00:00:00Z,review_indicator_only
432bea0c060cdbe3558f97fe2c7d45ca,9,2,FALSE,lrm_auctions:subastas_2022:5b6eb8a66c58a781bc5e1741,lrm_auctions,Plazos Estandarizados: 91 — Plazos Residuales: 91 — Mínima,lrm_auction_tenor — Plazos Estandarizados: 91 — Plazos Residuales: 91 — Mínima,irregular_daily,UNRESOLVED_SOURCE_UNITS,2022-01-26T00:00:00Z,2022-11-23T00:00:00Z,review_indicator_only
432bea0c060cdbe3558f97fe2c7d45ca,9,2,FALSE,lrm_auctions:subastas_2022:820ff1f83b051209517929a0,lrm_auctions,Plazos Estandarizados: 91 — Plazos Residuales: 91 — Mínima,lrm_auction_tenor — Plazos Estandarizados: 91 — Plazos Residuales: 91 — Mínima,irregular_daily,UNRESOLVED_SOURCE_UNITS,2022-01-26T00:00:00Z,2022-11-23T00:00:00Z,review_indicator_only
436b6df3d160c25b8aa85d07451b464e,130,2,FALSE,economic_annex:cuadro_20:080f5c0b14e542c981da3f13,economic_annex,Sector financiero — Venta — 2,Sector financiero — Venta — 2,quarterly,USD,1994-01-01T00:00:00Z,2026-06-30T00:00:00Z,supported_cross_source_overlap
436b6df3d160c25b8aa85d07451b464e,130,2,FALSE,fx_operations:financial_sector:sale:quarterly,fx_operations,financial_sector — sale — quarterly,,quarterly,USD,1994-01-01T00:00:00Z,2026-06-30T00:00:00Z,supported_cross_source_overlap
437f6ec67b47ebcfb5125df48a5b5d25,17,2,FALSE,insurance_annex:x1_25:0666d45a622d82541811545b,insurance_annex,Total otros ingresos reaseguros aceptados - local — Incendio,Total otros ingresos reaseguros aceptados - local — Total otros ingresos reaseguros aceptados - local — Incendio,annual,PYG,2009-01-01T00:00:00Z,2025-12-31T00:00:00Z,review_indicator_only
437f6ec67b47ebcfb5125df48a5b5d25,17,2,FALSE,insurance_annex:x1_25:95f8527a5b4987a0b4f97e40,insurance_annex,Intereses sobre reservas retenidas - contratos proporcionales (Guaraníes) — Incendio,Intereses sobre reservas retenidas - contratos proporcionales (Guaraníes) — Intereses sobre reservas retenidas - contratos proporcionales (Guaraníes) — Incendio,annual,PYG,2009-01-01T00:00:00Z,2025-12-31T00:00:00Z,review_indicator_only
43d537232805130a56c8fb4f5a420bda,186,2,FALSE,financial_indicators:x1_2:9da5b955d2bae42f8be4eea0,financial_indicators,MN — Tasa Pasiva (promedio ponderada) — Otros Depósitos,MN — Tasa Pasiva (promedio ponderada) — Otros Depósitos,monthly,PERCENT,2011-01-01T00:00:00Z,2026-06-30T00:00:00Z,review_indicator_only
43d537232805130a56c8fb4f5a420bda,186,2,FALSE,financial_indicators:x1_2:cfbe878db07834ac0eaff529,financial_indicators,MN — Tasa Pasiva — Total,MN — Tasa Pasiva — Total,monthly,PERCENT,2011-01-01T00:00:00Z,2026-06-30T00:00:00Z,review_indicator_only
44101016a23285bea2f490d4e8e1b3ff,18,2,FALSE,economic_annex:cuadro_37:3124210ef5d1df9d9482cae2,economic_annex,2. — 2.4 — Activos de Reserva,2. — 2.4 — Activos de Reserva,annual,USD,2008-01-01T00:00:00Z,2025-12-31T00:00:00Z,review_indicator_only
44101016a23285bea2f490d4e8e1b3ff,18,2,FALSE,economic_annex:cuadro_38:650254a850c26a96e0062a22,economic_annex,2.4 Activos de reserva,2.4 Activos de reserva,annual,USD,2008-01-01T00:00:00Z,2025-12-31T00:00:00Z,review_indicator_only
4426866bbc40b8aed60752a2d4e85618,122,2,FALSE,financial_indicators:x2_1:d4ce5f0fe1786ad6332bf957,financial_indicators,ME — Tasa Activa — Préstamo Personal - Otros Depósitos AFD > 1 año,ME — Tasa Activa — Préstamo Personal - Otros Depósitos AFD > 1 año,monthly,PERCENT,2012-08-01T00:00:00Z,2026-06-30T00:00:00Z,review_indicator_only
4426866bbc40b8aed60752a2d4e85618,122,2,FALSE,financial_indicators:x3_1:505e21036e0b74ea22e10619,financial_indicators,ME — Prestamo Personal - Otros Depósitos AFD > 1 año — TPP,ME — Prestamo Personal - Otros Depósitos AFD > 1 año — TPP,monthly,PERCENT,2012-08-01T00:00:00Z,2026-06-30T00:00:00Z,review_indicator_only
449c454437d8f552c302cb5b0bd23a02,2,2,FALSE,lrm_auctions:subastas_2026:5dac7e8944fc9c4ab5605db6,lrm_auctions,Plazos Estandarizados: 35 — Plazos Residuales: 35 — Mínima,lrm_auction_tenor — Plazos Estandarizados: 35 — Plazos Residuales: 35 — Mínima,irregular_daily,UNRESOLVED_SOURCE_UNITS,2026-04-23T00:00:00Z,2026-06-25T00:00:00Z,review_indicator_only
449c454437d8f552c302cb5b0bd23a02,2,2,FALSE,lrm_auctions:subastas_2026:8593b0fd7a59100882b72087,lrm_auctions,Plazos Estandarizados: 35 — Plazos Residuales: 35 — Mínima,lrm_auction_tenor — Plazos Estandarizados: 35 — Plazos Residuales: 35 — Mínima,irregular_daily,UNRESOLVED_SOURCE_UNITS,2026-04-23T00:00:00Z,2026-06-25T00:00:00Z,review_indicator_only
44e9ccee78b2723bfbc523e752009bc8,186,2,FALSE,financial_indicators:x1_1:9da5b955d2bae42f8be4eea0,financial_indicators,MN — Tasa Pasiva (promedio ponderada) — Otros Depósitos,MN — Tasa Pasiva (promedio ponderada) — Otros Depósitos,monthly,PERCENT,2011-01-01T00:00:00Z,2026-06-30T00:00:00Z,review_indicator_only
44e9ccee78b2723bfbc523e752009bc8,186,2,FALSE,financial_indicators:x1_1:cfbe878db07834ac0eaff529,financial_indicators,MN — Tasa Pasiva — Total,MN — Tasa Pasiva — Total,monthly,PERCENT,2011-01-01T00:00:00Z,2026-06-30T00:00:00Z,review_indicator_only
454390438ca73a5af8d6966d92f27bc6,58,2,TRUE,payments:sipap_03:2772bbc821e8b7cc89080c63,payments,Sub participante a Sub participante — USD — Cantidad,Sub participante a Sub participante — USD — Cantidad,monthly,COUNT,2021-10-01T00:00:00Z,2026-07-31T00:00:00Z,review_indicator_only
454390438ca73a5af8d6966d92f27bc6,58,2,TRUE,payments:sipap_03:e011c4bebf296732ae4fece7,payments,Sub participante a Sub participante — USD — Importe Destino,Sub participante a Sub participante — USD — Importe Destino,monthly,USD,2021-10-01T00:00:00Z,2026-07-31T00:00:00Z,review_indicator_only
46111729c435c985ac58fa46da7b6c62,29,2,FALSE,financial_indicators:x5:e19dc4010c01e572851bf73a,financial_indicators,ME — Tasa Activa — Desarrollo,ME — Tasa Activa — Desarrollo,monthly,PERCENT,2011-01-01T00:00:00Z,2023-11-30T00:00:00Z,review_indicator_only
46111729c435c985ac58fa46da7b6c62,29,2,FALSE,financial_indicators:x6:d0a7c595a26c86eb9ffd77aa,financial_indicators,ME — Tasa Activa — Préstamos de Desarrollo > 1 año,ME — Tasa Activa — Préstamos de Desarrollo > 1 año,monthly,PERCENT,2011-01-01T00:00:00Z,2023-11-30T00:00:00Z,review_indicator_only
463981c2d0394b4fa7c31aa3de9c4d01,17,2,FALSE,insurance_annex:x1_12:139d631e4e6dcc594668d63a,insurance_annex,Participación Recupero reaseguros cedidos exterior - Proporcional — Accidentes Personales,Participación Recupero reaseguros cedidos exterior - Proporcional — Participación Recupero reaseguros cedidos exterior - Proporcional — Accidentes Personales,annual,PYG,2009-01-01T00:00:00Z,2025-12-31T00:00:00Z,review_indicator_only
463981c2d0394b4fa7c31aa3de9c4d01,17,2,FALSE,insurance_annex:x1_12:17a5216ca060dc43c3f67585,insurance_annex,Total Participación Recupero reaseguros cedidos exterior — Accidentes Personales,Total Participación Recupero reaseguros cedidos exterior — Total Participación Recupero reaseguros cedidos exterior — Accidentes Personales,annual,PYG,2009-01-01T00:00:00Z,2025-12-31T00:00:00Z,review_indicator_only
46d711b8b91eadfa3cae6866f7e628b2,73,2,FALSE,economic_annex:cuadro_37:faa475864e3b246761f49d31,economic_annex,4. — Otra inversión — Activos de Reserva,4. — Otra inversión — Activos de Reserva,quarterly,USD,2008-01-01T00:00:00Z,2026-03-31T00:00:00Z,review_indicator_only
46d711b8b91eadfa3cae6866f7e628b2,73,2,FALSE,economic_annex:cuadro_39:fc5751c534e5759b1ad5db21,economic_annex,4. Otra inversión,4. Otra inversión,quarterly,USD,2008-01-01T00:00:00Z,2026-03-31T00:00:00Z,review_indicator_only
46e935d38bfe3021ccf748f0dac81ac8,17,2,FALSE,insurance_annex:x1_32:0654bf9a2f9fd1387447ecec,insurance_annex,Participación utilidades reaseguros aceptados - contratos proporcionales (Guaraníes) — Automóviles,Participación utilidades reaseguros aceptados - contratos proporcionales (Guaraníes) — Participación utilidades reaseguros aceptados - contratos proporcionales (Guaraníes) — Automóviles,annual,PYG,2009-01-01T00:00:00Z,2025-12-31T00:00:00Z,review_indicator_only
46e935d38bfe3021ccf748f0dac81ac8,17,2,FALSE,insurance_annex:x1_32:2cd41547d9ff956a1aa86fff,insurance_annex,Total Gastos Reaseguros Aceptados - Exterior (Guaraníes) — Automóviles,Total Gastos Reaseguros Aceptados - Exterior (Guaraníes) — Total Gastos Reaseguros Aceptados - Exterior (Guaraníes) — Automóviles,annual,PYG,2009-01-01T00:00:00Z,2025-12-31T00:00:00Z,review_indicator_only
479ac82c6d0b0e06d0356fe8b82df941,247,2,FALSE,economic_annex:cuadro_52b:2b0a5db90602d17431c5fc25,economic_annex,Artefactos eléctricos — Importacion bajo el Regimen de Turismo,Artefactos eléctricos — Artefactos eléctricos — Importacion bajo el Regimen de Turismo,monthly,TONNES,2006-01-01T00:00:00Z,2026-07-31T00:00:00Z,review_indicator_only
479ac82c6d0b0e06d0356fe8b82df941,247,2,FALSE,economic_annex:cuadro_52b:8c45ecb0996b8c992471e21f,economic_annex,Duraderos — Importacion bajo el Regimen de Turismo,Duraderos — Duraderos — Importacion bajo el Regimen de Turismo,monthly,TONNES,2006-01-01T00:00:00Z,2026-07-31T00:00:00Z,review_indicator_only
4832c3cc0d8f80d267a82891b8fee970,130,2,FALSE,economic_annex:cuadro_20:54377d2685e753f1908fd583,economic_annex,Otras operaciones 1/ — Total neto — 9=7+8,Otras operaciones 1/ — Total neto — 9=7+8,quarterly,USD,1994-01-01T00:00:00Z,2026-06-30T00:00:00Z,supported_cross_source_overlap
4832c3cc0d8f80d267a82891b8fee970,130,2,FALSE,fx_operations:other_operations:net:quarterly,fx_operations,other_operations — net — quarterly,,quarterly,USD,1994-01-01T00:00:00Z,2026-06-30T00:00:00Z,supported_cross_source_overlap
48bee99f6429e4b9e804402e4f681b40,6,2,FALSE,lrm_auctions:subastas_2017:0a1131f4a687bbd9d1b5e92b,lrm_auctions,Plazos Estandarizados: 546 — Plazos Residuales: 546 — Mínima,lrm_auction_tenor — Plazos Estandarizados: 546 — Plazos Residuales: 546 — Mínima,irregular_daily,UNRESOLVED_SOURCE_UNITS,2017-01-24T00:00:00Z,2017-10-25T00:00:00Z,review_indicator_only
48bee99f6429e4b9e804402e4f681b40,6,2,FALSE,lrm_auctions:subastas_2017:9e65b04aa01c99458d690df0,lrm_auctions,Plazos Estandarizados: 546 — Plazos Residuales: 546 — Mínima,lrm_auction_tenor — Plazos Estandarizados: 546 — Plazos Residuales: 546 — Mínima,irregular_daily,UNRESOLVED_SOURCE_UNITS,2017-01-24T00:00:00Z,2017-10-25T00:00:00Z,review_indicator_only
48f457bc99232b956c6cc40b1433a609,12,2,FALSE,financial_indicators:x3_2:13c92cd516c3e7009ba94c0a,financial_indicators,ME — Prestamo Personal - Otros Depósitos AFD <= 1 año — Prom Min,ME — Prestamo Personal - Otros Depósitos AFD <= 1 año — Prom Min,monthly,PERCENT,2012-09-01T00:00:00Z,2023-04-30T00:00:00Z,review_indicator_only
48f457bc99232b956c6cc40b1433a609,12,2,FALSE,financial_indicators:x3_2:4430910506ef479bfe867165,financial_indicators,ME — Préstamo Personal - Otros Depósitos AFD <= 1 año — Min,ME — Préstamo Personal - Otros Depósitos AFD <= 1 año — Min,monthly,PERCENT,2012-09-01T00:00:00Z,2023-04-30T00:00:00Z,review_indicator_only
49b8b2f5356a91b56155daca9282e510,6,2,FALSE,lrm_auctions:subastas_2017:45819eab5b1964d17abc4b91,lrm_auctions,Plazos Estandarizados: 35 — Plazos Residuales: 28 — Mínima,lrm_auction_tenor — Plazos Estandarizados: 35 — Plazos Residuales: 28 — Mínima,irregular_daily,UNRESOLVED_SOURCE_UNITS,2017-01-24T00:00:00Z,2017-10-25T00:00:00Z,review_indicator_only
49b8b2f5356a91b56155daca9282e510,6,2,FALSE,lrm_auctions:subastas_2017:a2c726f33786f143af341123,lrm_auctions,Plazos Estandarizados: 35 — Plazos Residuales: 28 — Mínima,lrm_auction_tenor — Plazos Estandarizados: 35 — Plazos Residuales: 28 — Mínima,irregular_daily,UNRESOLVED_SOURCE_UNITS,2017-01-24T00:00:00Z,2017-10-25T00:00:00Z,review_indicator_only
4a3d76daea7f5bd3af806588e049030f,3,2,FALSE,lrm_auctions:subastas_2015:9b641e907ff47dfb7bd2d959,lrm_auctions,Plazos Estandarizados: 63 — Plazos Residuales: 56 — Asignado #,lrm_auction_tenor — Plazos Estandarizados: 63 — Plazos Residuales: 56 — Asignado #,irregular_daily,UNRESOLVED_SOURCE_UNITS,2015-01-28T00:00:00Z,2015-07-29T00:00:00Z,review_indicator_only
4a3d76daea7f5bd3af806588e049030f,3,2,FALSE,lrm_auctions:subastas_2015:bc3c70bc79470454e1623143,lrm_auctions,Plazos Estandarizados: 63 — Plazos Residuales: 56 — Ofertado #,lrm_auction_tenor — Plazos Estandarizados: 63 — Plazos Residuales: 56 — Ofertado #,irregular_daily,UNRESOLVED_SOURCE_UNITS,2015-01-28T00:00:00Z,2015-07-29T00:00:00Z,review_indicator_only
4a9959f452ab559c4c2acc2729de9e95,3,2,FALSE,lrm_auctions:subastas_2020:ce4ce2fcd94fb6a8be5ccb97,lrm_auctions,Plazos Estandarizados: 63 — Plazos Residuales: 56 — Mínima,lrm_auction_tenor — Plazos Estandarizados: 63 — Plazos Residuales: 56 — Mínima,irregular_daily,UNRESOLVED_SOURCE_UNITS,2020-01-29T00:00:00Z,2020-07-29T00:00:00Z,review_indicator_only
4a9959f452ab559c4c2acc2729de9e95,3,2,FALSE,lrm_auctions:subastas_2020:f835a7565286472f6064b1eb,lrm_auctions,Plazos Estandarizados: 63 — Plazos Residuales: 56 — Mínima,lrm_auction_tenor — Plazos Estandarizados: 63 — Plazos Residuales: 56 — Mínima,irregular_daily,UNRESOLVED_SOURCE_UNITS,2020-01-29T00:00:00Z,2020-07-29T00:00:00Z,review_indicator_only
4b5a50a18d7c078227a9e9977bebd792,126,2,FALSE,banking_indicators:x4:b7c61f0017b4715c0c5e76d1,banking_indicators,Cantidad de cuentas — Total,Cantidad de cuentas — Total,monthly,COUNT,2016-01-01T00:00:00Z,2026-06-30T00:00:00Z,review_indicator_only
4b5a50a18d7c078227a9e9977bebd792,126,2,FALSE,banking_indicators:x6:a500f8ea0f0d8b934a5a9cec,banking_indicators,Total (*),Total (*),monthly,UNRESOLVED_SOURCE_UNITS,2016-01-01T00:00:00Z,2026-06-30T00:00:00Z,review_indicator_only
4ba55f8e872ae490b2e892debd53bb58,17,2,FALSE,insurance_annex:x1_2:6093170fdef63a8dcc693aff,insurance_annex,Primas Reaseguros Aceptados (Local) Contratos Proporcionales (Guaraníes) — Total Vida Corto Plazo,Primas Reaseguros Aceptados (Local) Contratos Proporcionales (Guaraníes) — Primas Reaseguros Aceptados (Local) Contratos Proporcionales (Guaraníes) — Total Vida Corto Plazo,annual,PYG,2009-01-01T00:00:00Z,2025-12-31T00:00:00Z,review_indicator_only
4ba55f8e872ae490b2e892debd53bb58,17,2,FALSE,insurance_annex:x1_2:f5ab68bb4f1f823f2b3f0d36,insurance_annex,Primas Reaseguros Aceptados (Local) Contratos Proporcionales (Guaraníes) — Total Rama Vida,Primas Reaseguros Aceptados (Local) Contratos Proporcionales (Guaraníes) — Primas Reaseguros Aceptados (Local) Contratos Proporcionales (Guaraníes) — Total Rama Vida,annual,PYG,2009-01-01T00:00:00Z,2025-12-31T00:00:00Z,review_indicator_only
4bd75f8beefc2100b7cd95e1ad2a3852,175,2,TRUE,economic_annex:cuadro_61:82a64f4fc00b29e901e6ef21,economic_annex,Venta — Casas de cambio — Forward,Mercado cambiario local — Venta — Casas de cambio — Forward,monthly,USD,2012-01-01T00:00:00Z,2026-07-31T00:00:00Z,review_indicator_only
4bd75f8beefc2100b7cd95e1ad2a3852,175,2,TRUE,economic_annex:cuadro_61:82a7e1ec72f6e2442a4d5352,economic_annex,Compra — Casas de cambio — Forward,Mercado cambiario local — Compra — Casas de cambio — Forward,monthly,USD,2012-01-01T00:00:00Z,2026-07-31T00:00:00Z,review_indicator_only
4c89b754bb688a0445471cea5c78146f,17,2,FALSE,insurance_annex:x1_14:31b3d59940a1c7f43322985a,insurance_annex,Siniestros Reaseguros Aceptados exterior (contratos no proporcionales) — Caución,Siniestros Reaseguros Aceptados exterior (contratos no proporcionales) — Siniestros Reaseguros Aceptados exterior (contratos no proporcionales) — Caución,annual,PYG,2009-01-01T00:00:00Z,2025-12-31T00:00:00Z,review_indicator_only
4c89b754bb688a0445471cea5c78146f,17,2,FALSE,insurance_annex:x1_14:634eea2e8d98c490d8802286,insurance_annex,Total Siniestros Reaseguros Aceptados exterior — Caución,Total Siniestros Reaseguros Aceptados exterior — Total Siniestros Reaseguros Aceptados exterior — Caución,annual,PYG,2009-01-01T00:00:00Z,2025-12-31T00:00:00Z,review_indicator_only
4d7215682e52d39d3d6f5260d03cdb14,17,2,FALSE,insurance_annex:x1_32:5d52a184fe330d4528e27dd5,insurance_annex,Total Gastos Reaseguros Aceptados - Exterior (Guaraníes) — Robo y Asalto,Total Gastos Reaseguros Aceptados - Exterior (Guaraníes) — Total Gastos Reaseguros Aceptados - Exterior (Guaraníes) — Robo y Asalto,annual,PYG,2009-01-01T00:00:00Z,2025-12-31T00:00:00Z,review_indicator_only
4d7215682e52d39d3d6f5260d03cdb14,17,2,FALSE,insurance_annex:x1_32:6d7f16d0c5da585ab9919724,insurance_annex,Participación utilidades reaseguros aceptados - contratos proporcionales (Guaraníes) — Robo y Asalto,Participación utilidades reaseguros aceptados - contratos proporcionales (Guaraníes) — Participación utilidades reaseguros aceptados - contratos proporcionales (Guaraníes) — Robo y Asalto,annual,PYG,2009-01-01T00:00:00Z,2025-12-31T00:00:00Z,review_indicator_only
4dd64c7b49a146df3a385c2dc0700a4b,17,2,FALSE,insurance_annex:x1_12:0523cc64625cc4ac3243dc17,insurance_annex,Participación Recupero reaseguros cedidos exterior - Proporcional — Participación de Siniestros Recuperados Sección Seguros Colectivos Corto Plazo,Participación Recupero reaseguros cedidos exterior - Proporcional — Participación Recupero reaseguros cedidos exterior - Proporcional — Participación de Siniestros Recuperados Sección Seguros Colectivos Corto Plazo,annual,PYG,2009-01-01T00:00:00Z,2025-12-31T00:00:00Z,review_indicator_only
4dd64c7b49a146df3a385c2dc0700a4b,17,2,FALSE,insurance_annex:x1_12:ac0bda9b67e445a0201102ab,insurance_annex,Total Participación Recupero reaseguros cedidos exterior — Participación de Siniestros Recuperados Sección Seguros Colectivos Corto Plazo,Total Participación Recupero reaseguros cedidos exterior — Total Participación Recupero reaseguros cedidos exterior — Participación de Siniestros Recuperados Sección Seguros Colectivos Corto Plazo,annual,PYG,2009-01-01T00:00:00Z,2025-12-31T00:00:00Z,review_indicator_only
4df5b18f68546fd3ef2789161f590cc2,2,2,FALSE,lrm_auctions:subastas_2024:4e5fa0b8f6756d7795ea8262,lrm_auctions,Plazos Estandarizados: 182 — Plazos Residuales: 189 — Mínima,lrm_auction_tenor — Plazos Estandarizados: 182 — Plazos Residuales: 189 — Mínima,irregular_daily,UNRESOLVED_SOURCE_UNITS,2024-02-22T00:00:00Z,2024-07-25T00:00:00Z,review_indicator_only
4df5b18f68546fd3ef2789161f590cc2,2,2,FALSE,lrm_auctions:subastas_2024:e20621bef08ca53683d8c2dd,lrm_auctions,Plazos Estandarizados: 182 — Plazos Residuales: 189 — Mínima,lrm_auction_tenor — Plazos Estandarizados: 182 — Plazos Residuales: 189 — Mínima,irregular_daily,UNRESOLVED_SOURCE_UNITS,2024-02-22T00:00:00Z,2024-07-25T00:00:00Z,review_indicator_only
4e81526100e94b6dbbc968500074310f,5,2,FALSE,lrm_auctions:subastas_2023:25ca3955f4c9d3729645be8d,lrm_auctions,Plazos Estandarizados: 365 — Plazos Residuales: 371 — Mínima,lrm_auction_tenor — Plazos Estandarizados: 365 — Plazos Residuales: 371 — Mínima,irregular_daily,UNRESOLVED_SOURCE_UNITS,2023-05-24T00:00:00Z,2023-12-21T00:00:00Z,review_indicator_only
4e81526100e94b6dbbc968500074310f,5,2,FALSE,lrm_auctions:subastas_2023:33b667ad83372670b5d5baf4,lrm_auctions,Plazos Estandarizados: 365 — Plazos Residuales: 371 — Mínima,lrm_auction_tenor — Plazos Estandarizados: 365 — Plazos Residuales: 371 — Mínima,irregular_daily,UNRESOLVED_SOURCE_UNITS,2023-05-24T00:00:00Z,2023-12-21T00:00:00Z,review_indicator_only
4ed4e92c2454197574904b121a46d7d6,4,2,FALSE,lrm_auctions:subastas_2015:45819eab5b1964d17abc4b91,lrm_auctions,Plazos Estandarizados: 35 — Plazos Residuales: 28 — Mínima,lrm_auction_tenor — Plazos Estandarizados: 35 — Plazos Residuales: 28 — Mínima,irregular_daily,UNRESOLVED_SOURCE_UNITS,2015-01-28T00:00:00Z,2015-05-27T00:00:00Z,review_indicator_only
4ed4e92c2454197574904b121a46d7d6,4,2,FALSE,lrm_auctions:subastas_2015:a2c726f33786f143af341123,lrm_auctions,Plazos Estandarizados: 35 — Plazos Residuales: 28 — Mínima,lrm_auction_tenor — Plazos Estandarizados: 35 — Plazos Residuales: 28 — Mínima,irregular_daily,UNRESOLVED_SOURCE_UNITS,2015-01-28T00:00:00Z,2015-05-27T00:00:00Z,review_indicator_only
4edb312c38cc1a187d370efea0fb3dc3,2,2,FALSE,lrm_auctions:subastas_2016:ce4ce2fcd94fb6a8be5ccb97,lrm_auctions,Plazos Estandarizados: 63 — Plazos Residuales: 56 — Mínima,lrm_auction_tenor — Plazos Estandarizados: 63 — Plazos Residuales: 56 — Mínima,irregular_daily,UNRESOLVED_SOURCE_UNITS,2016-04-27T00:00:00Z,2016-07-27T00:00:00Z,review_indicator_only
4edb312c38cc1a187d370efea0fb3dc3,2,2,FALSE,lrm_auctions:subastas_2016:f835a7565286472f6064b1eb,lrm_auctions,Plazos Estandarizados: 63 — Plazos Residuales: 56 — Mínima,lrm_auction_tenor — Plazos Estandarizados: 63 — Plazos Residuales: 56 — Mínima,irregular_daily,UNRESOLVED_SOURCE_UNITS,2016-04-27T00:00:00Z,2016-07-27T00:00:00Z,review_indicator_only
4f21c1a0bc71ce79e5682abc29918248,2,2,FALSE,lrm_auctions:subastas_2024:47c7d14958d44202f576a601,lrm_auctions,Plazos Estandarizados: 91 — Plazos Residuales: 98 — Promedio,lrm_auction_tenor — Plazos Estandarizados: 91 — Plazos Residuales: 98 — Promedio,irregular_daily,UNRESOLVED_SOURCE_UNITS,2024-02-22T00:00:00Z,2024-10-24T00:00:00Z,review_indicator_only
4f21c1a0bc71ce79e5682abc29918248,2,2,FALSE,lrm_auctions:subastas_2024:66b9d20c01e888f251b5cee9,lrm_auctions,Plazos Estandarizados: 91 — Plazos Residuales: 98 — Promedio,lrm_auction_tenor — Plazos Estandarizados: 91 — Plazos Residuales: 98 — Promedio,irregular_daily,UNRESOLVED_SOURCE_UNITS,2024-02-22T00:00:00Z,2024-10-24T00:00:00Z,review_indicator_only
4f4a52a975a70b3bcf42a41ff8d35893,2,2,FALSE,lrm_auctions:subastas_2018:a9eb5f20381e9fd66207e793,lrm_auctions,Plazos Estandarizados: 91 — Plazos Residuales: 84 — Mínima,lrm_auction_tenor — Plazos Estandarizados: 91 — Plazos Residuales: 84 — Mínima,irregular_daily,UNRESOLVED_SOURCE_UNITS,2018-09-26T00:00:00Z,2018-11-28T00:00:00Z,review_indicator_only
4f4a52a975a70b3bcf42a41ff8d35893,2,2,FALSE,lrm_auctions:subastas_2018:b190ac3edc1c362b8f602c4f,lrm_auctions,Plazos Estandarizados: 91 — Plazos Residuales: 84 — Mínima,lrm_auction_tenor — Plazos Estandarizados: 91 — Plazos Residuales: 84 — Mínima,irregular_daily,UNRESOLVED_SOURCE_UNITS,2018-09-26T00:00:00Z,2018-11-28T00:00:00Z,review_indicator_only
4fa4c708f91fe0fe7ec1fe0d9c31fed2,8,2,FALSE,lrm_auctions:subastas_2020:5b6eb8a66c58a781bc5e1741,lrm_auctions,Plazos Estandarizados: 91 — Plazos Residuales: 91 — Mínima,lrm_auction_tenor — Plazos Estandarizados: 91 — Plazos Residuales: 91 — Mínima,irregular_daily,UNRESOLVED_SOURCE_UNITS,2020-02-26T00:00:00Z,2020-11-25T00:00:00Z,review_indicator_only
4fa4c708f91fe0fe7ec1fe0d9c31fed2,8,2,FALSE,lrm_auctions:subastas_2020:820ff1f83b051209517929a0,lrm_auctions,Plazos Estandarizados: 91 — Plazos Residuales: 91 — Mínima,lrm_auction_tenor — Plazos Estandarizados: 91 — Plazos Residuales: 91 — Mínima,irregular_daily,UNRESOLVED_SOURCE_UNITS,2020-02-26T00:00:00Z,2020-11-25T00:00:00Z,review_indicator_only
4fdcaf17ee95759f5b9eec0aabacd7d1,247,2,FALSE,economic_annex:cuadro_52a:935d8b6b5841f60813354f46,economic_annex,Trigo y sus derivados — Importación Registrada,Trigo y sus derivados — Trigo y sus derivados — Importación Registrada,monthly,USD,2006-01-01T00:00:00Z,2026-07-31T00:00:00Z,review_indicator_only
4fdcaf17ee95759f5b9eec0aabacd7d1,247,2,FALSE,economic_annex:cuadro_52a:cdfafc8dadb030d4c0855b98,economic_annex,Trigo y sus derivados — Importacion para consumo interno,Trigo y sus derivados — Trigo y sus derivados — Importacion para consumo interno,monthly,USD,2006-01-01T00:00:00Z,2026-07-31T00:00:00Z,review_indicator_only
4fe6be404e28ba7f4d796f7a9836ec89,8,2,FALSE,lrm_auctions:subastas_2022:07e39dcdda634d9a1a4e52ad,lrm_auctions,Plazos Estandarizados: 63 — Plazos Residuales: 63 — Mínima,lrm_auction_tenor — Plazos Estandarizados: 63 — Plazos Residuales: 63 — Mínima,irregular_daily,UNRESOLVED_SOURCE_UNITS,2022-02-23T00:00:00Z,2022-12-21T00:00:00Z,review_indicator_only
4fe6be404e28ba7f4d796f7a9836ec89,8,2,FALSE,lrm_auctions:subastas_2022:a521249d959ea7180d2956bb,lrm_auctions,Plazos Estandarizados: 63 — Plazos Residuales: 63 — Mínima,lrm_auction_tenor — Plazos Estandarizados: 63 — Plazos Residuales: 63 — Mínima,irregular_daily,UNRESOLVED_SOURCE_UNITS,2022-02-23T00:00:00Z,2022-12-21T00:00:00Z,review_indicator_only
503e9f5bb1f0f22b58ed2cc842bb9fc0,4,2,FALSE,lrm_auctions:subastas_2018:88e9ff84b8c642a4a38c010b,lrm_auctions,Plazos Estandarizados: 182 — Plazos Residuales: 182 — Mínima,lrm_auction_tenor — Plazos Estandarizados: 182 — Plazos Residuales: 182 — Mínima,irregular_daily,UNRESOLVED_SOURCE_UNITS,2018-01-24T00:00:00Z,2018-11-28T00:00:00Z,review_indicator_only
503e9f5bb1f0f22b58ed2cc842bb9fc0,4,2,FALSE,lrm_auctions:subastas_2018:bf87f06f467e10f55b30080e,lrm_auctions,Plazos Estandarizados: 182 — Plazos Residuales: 182 — Mínima,lrm_auction_tenor — Plazos Estandarizados: 182 — Plazos Residuales: 182 — Mínima,irregular_daily,UNRESOLVED_SOURCE_UNITS,2018-01-24T00:00:00Z,2018-11-28T00:00:00Z,review_indicator_only
50f9685793df55bd1dd4439c7f73a448,73,2,FALSE,economic_annex:cuadro_37:d0a91ab585d495994c5fc9ec,economic_annex,4. — 4.2.6 — Otras cuentas por pagar,4. — 4.2.6 — Otras cuentas por pagar,quarterly,USD,2008-01-01T00:00:00Z,2026-03-31T00:00:00Z,review_indicator_only
50f9685793df55bd1dd4439c7f73a448,73,2,FALSE,economic_annex:cuadro_39:eb3b37b24fca00edb0d4c495,economic_annex,4.2.6 Otras cuentas por pagar,4.2.6 Otras cuentas por pagar,quarterly,USD,2008-01-01T00:00:00Z,2026-03-31T00:00:00Z,review_indicator_only
51b474f556128c4877ed3942c6820dd4,186,2,FALSE,financial_indicators:x4:a42ddb2bb824a8cd6a55d50b,financial_indicators,MN — Tasa Activa — Tarjetas de Crédito,MN — Tasa Activa — Tarjetas de Crédito,monthly,PYG,2011-01-01T00:00:00Z,2026-06-30T00:00:00Z,review_indicator_only
51b474f556128c4877ed3942c6820dd4,186,2,FALSE,financial_indicators:x4:e709f9c18da1dfd817e63a5b,financial_indicators,MN — Tasa Activa — Tarjetas de Crédito — Total,MN — Tasa Activa — Tarjetas de Crédito — Total,monthly,PYG,2011-01-01T00:00:00Z,2026-06-30T00:00:00Z,review_indicator_only
52918d464cb15c7639c489dc862cd33c,17,2,FALSE,insurance_annex:x1_29:6a4e95bc842ce69f5de5c3c0,insurance_annex,Total Gastos Reaseguros Cedidos - local — Accidentes Personales,Total Gastos Reaseguros Cedidos - local — Total Gastos Reaseguros Cedidos - local — Accidentes Personales,annual,PYG,2009-01-01T00:00:00Z,2025-12-31T00:00:00Z,review_indicator_only
52918d464cb15c7639c489dc862cd33c,17,2,FALSE,insurance_annex:x1_29:b5e72a6184bc550a3c51dede,insurance_annex,Gastos de cesión reaseguros cedidos - contratos no proporcionales (Local) — Accidentes Personales,Gastos de cesión reaseguros cedidos - contratos no proporcionales (Local) — Gastos de cesión reaseguros cedidos - contratos no proporcionales (Local) — Accidentes Personales,annual,PYG,2009-01-01T00:00:00Z,2025-12-31T00:00:00Z,review_indicator_only
52bb1c3dded101671399f001d7473b74,247,2,FALSE,economic_annex:cuadro_52b:754aa9d49ac1ecd893f4c357,economic_annex,"Tractores, topadoras, niveladoras y perforadoras — Importacion para consumo interno","Tractores, topadoras, niveladoras y perforadoras — Tractores, topadoras, niveladoras y perforadoras — Importacion para consumo interno",monthly,TONNES,2006-01-01T00:00:00Z,2026-07-31T00:00:00Z,review_indicator_only
52bb1c3dded101671399f001d7473b74,247,2,FALSE,economic_annex:cuadro_52b:c1c450ada7609ae42b25168e,economic_annex,"Tractores, topadoras, niveladoras y perforadoras — Importación Registrada","Tractores, topadoras, niveladoras y perforadoras — Tractores, topadoras, niveladoras y perforadoras — Importación Registrada",monthly,TONNES,2006-01-01T00:00:00Z,2026-07-31T00:00:00Z,review_indicator_only
531b3f4a4c54f381a580227923590f4d,68,2,TRUE,direct_investment:cuadro_7:b0856db5dc8c298a7a57ec53,direct_investment,33 SERVICIOS GUBERNAMENTALES — TERCIARIO,33 SERVICIOS GUBERNAMENTALES — TERCIARIO,quarterly,USD,2008-01-01T00:00:00Z,2024-12-31T00:00:00Z,review_indicator_only
531b3f4a4c54f381a580227923590f4d,68,2,TRUE,direct_investment:cuadro_7:bb48787aea1594b2d26ad8d3,direct_investment,04 PESCA — PRIMARIO,04 PESCA — PRIMARIO,quarterly,USD,2008-01-01T00:00:00Z,2024-12-31T00:00:00Z,review_indicator_only
5399ec6aba77dfc465e24a7b9c903ed4,3,2,FALSE,lrm_auctions:subastas_2020:5beeccad37c0b7f1f2692791,lrm_auctions,Plazos Estandarizados: 63 — Plazos Residuales: 56 — Montos Ofertados,lrm_auction_tenor — Plazos Estandarizados: 63 — Plazos Residuales: 56 — Montos Ofertados,irregular_daily,UNRESOLVED_SOURCE_UNITS,2020-01-29T00:00:00Z,2020-07-29T00:00:00Z,review_indicator_only
5399ec6aba77dfc465e24a7b9c903ed4,3,2,FALSE,lrm_auctions:subastas_2020:efcf4db332ddff7ea118d64c,lrm_auctions,Plazos Estandarizados: 63 — Plazos Residuales: 56 — Montos Asignados,lrm_auction_tenor — Plazos Estandarizados: 63 — Plazos Residuales: 56 — Montos Asignados,irregular_daily,UNRESOLVED_SOURCE_UNITS,2020-01-29T00:00:00Z,2020-07-29T00:00:00Z,review_indicator_only
542baa9528c78379005e0b836c9e3398,32,2,FALSE,financial_indicators:x3_1:0d1541d57108c9878bad6226,financial_indicators,ME — Otros Depósitos — Min,ME — Otros Depósitos — Min,monthly,PERCENT,2011-01-01T00:00:00Z,2020-09-30T00:00:00Z,review_indicator_only
542baa9528c78379005e0b836c9e3398,32,2,FALSE,financial_indicators:x3_2:0d1541d57108c9878bad6226,financial_indicators,ME — Otros Depósitos — Min,ME — Otros Depósitos — Min,monthly,PERCENT,2011-01-01T00:00:00Z,2020-09-30T00:00:00Z,review_indicator_only
54adde8c99662f5c93cf5d3e86f5ff05,17,2,FALSE,insurance_annex:x1_5:40ec8a090b5449c2f05766fe,insurance_annex,Primas Reaseguros Cedidos (Local) Contratos Proporcionales — Total Vida Largo Plazo,Primas Reaseguros Cedidos (Local) Contratos Proporcionales — Primas Reaseguros Cedidos (Local) Contratos Proporcionales — Total Vida Largo Plazo,annual,PYG,2009-01-01T00:00:00Z,2025-12-31T00:00:00Z,review_indicator_only
54adde8c99662f5c93cf5d3e86f5ff05,17,2,FALSE,insurance_annex:x1_5:ddb713a3e7429cf17b26c4e4,insurance_annex,Primas Reaseguros Cedidos (Local) Contratos Proporcionales — Primas Sección Vida Individual Largo Plazo,Primas Reaseguros Cedidos (Local) Contratos Proporcionales — Primas Reaseguros Cedidos (Local) Contratos Proporcionales — Primas Sección Vida Individual Largo Plazo,annual,PYG,2009-01-01T00:00:00Z,2025-12-31T00:00:00Z,review_indicator_only
5518fde0c86dea1133d755ee8e69dcf8,18,2,FALSE,financial_indicators:x2_2:785335361d1dfdedff127ca4,financial_indicators,MN — Tasa Pasiva — Títulos Valores Emitidos > 365 días,MN — Tasa Pasiva — Títulos Valores Emitidos > 365 días,monthly,PERCENT,2013-01-01T00:00:00Z,2026-02-28T00:00:00Z,review_indicator_only
5518fde0c86dea1133d755ee8e69dcf8,18,2,FALSE,financial_indicators:x3_2:96699fb1db4a283bde3606ed,financial_indicators,MN — Titulos Valores Emitidos > 365 días — TPP,MN — Titulos Valores Emitidos > 365 días — TPP,monthly,PERCENT,2013-01-01T00:00:00Z,2026-02-28T00:00:00Z,review_indicator_only
55bffc2b1187b3277566cbeb91c6334a,17,2,FALSE,insurance_annex:x1_31:5b38bbf5af3e73f378c444e8,insurance_annex,"Total Gastos Reaseguros Aceptados - Local (Guaraníes) — Cristales, Vidrios y Espejos","Total Gastos Reaseguros Aceptados - Local (Guaraníes) — Total Gastos Reaseguros Aceptados - Local (Guaraníes) — Cristales, Vidrios y Espejos",annual,PYG,2009-01-01T00:00:00Z,2025-12-31T00:00:00Z,review_indicator_only
55bffc2b1187b3277566cbeb91c6334a,17,2,FALSE,insurance_annex:x1_31:e9ffefd26239298721919eb8,insurance_annex,"Participación utilidades reaseguros aceptados - contratos proporcionales (Guaraníes) — Cristales, Vidrios y Espejos","Participación utilidades reaseguros aceptados - contratos proporcionales (Guaraníes) — Participación utilidades reaseguros aceptados - contratos proporcionales (Guaraníes) — Cristales, Vidrios y Espejos",annual,PYG,2009-01-01T00:00:00Z,2025-12-31T00:00:00Z,review_indicator_only
55f8a2ebac46834ff5b5fdb1601968c4,96,2,FALSE,economic_annex:cuadro_23b:2ee1511551cb2a029f0fcbc8,economic_annex,Tipo de cambio — %,Tipo de cambio — %,monthly,PERCENT,2017-12-01T00:00:00Z,2025-11-30T00:00:00Z,review_indicator_only
55f8a2ebac46834ff5b5fdb1601968c4,96,2,FALSE,economic_annex:cuadro_24b:2ee1511551cb2a029f0fcbc8,economic_annex,Tipo de cambio — %,Tipo de cambio — %,monthly,PERCENT,2017-12-01T00:00:00Z,2025-11-30T00:00:00Z,review_indicator_only
5685824ad8a102e3127a1861747805e8,122,2,FALSE,financial_indicators:x2_2:d4ce5f0fe1786ad6332bf957,financial_indicators,ME — Tasa Activa — Préstamo Personal - Otros Depósitos AFD > 1 año,ME — Tasa Activa — Préstamo Personal - Otros Depósitos AFD > 1 año,monthly,PERCENT,2012-08-01T00:00:00Z,2026-06-30T00:00:00Z,review_indicator_only
5685824ad8a102e3127a1861747805e8,122,2,FALSE,financial_indicators:x3_2:505e21036e0b74ea22e10619,financial_indicators,ME — Prestamo Personal - Otros Depósitos AFD > 1 año — TPP,ME — Prestamo Personal - Otros Depósitos AFD > 1 año — TPP,monthly,PERCENT,2012-08-01T00:00:00Z,2026-06-30T00:00:00Z,review_indicator_only
56983bef685a6cc231e794d2585f0a38,17,2,FALSE,insurance_annex:x1_4:448ad663e50178535a338c23,insurance_annex,Desafectación de Provisiones Técnicas de Seguros (Guaraníes) — Total Ajuste Riesgo en curso - Vida,Desafectación de Provisiones Técnicas de Seguros (Guaraníes) — Desafectación de Provisiones Técnicas de Seguros (Guaraníes) — Total Ajuste Riesgo en curso - Vida,annual,PYG,2009-01-01T00:00:00Z,2025-12-31T00:00:00Z,review_indicator_only
56983bef685a6cc231e794d2585f0a38,17,2,FALSE,insurance_annex:x1_4:da82367e4d089263428d03be,insurance_annex,Desafectación de Provisiones Técnicas de Seguros (Guaraníes) — Ajuste riesgo en curso - vida,Desafectación de Provisiones Técnicas de Seguros (Guaraníes) — Desafectación de Provisiones Técnicas de Seguros (Guaraníes) — Ajuste riesgo en curso - vida,annual,PYG,2009-01-01T00:00:00Z,2025-12-31T00:00:00Z,review_indicator_only
56ca460f4210da4eac07bfd926d0a3e2,3,2,FALSE,lrm_auctions:subastas_2026:ce4ce2fcd94fb6a8be5ccb97,lrm_auctions,Plazos Estandarizados: 63 — Plazos Residuales: 56 — Mínima,lrm_auction_tenor — Plazos Estandarizados: 63 — Plazos Residuales: 56 — Mínima,irregular_daily,UNRESOLVED_SOURCE_UNITS,2026-01-29T00:00:00Z,2026-07-30T00:00:00Z,review_indicator_only
56ca460f4210da4eac07bfd926d0a3e2,3,2,FALSE,lrm_auctions:subastas_2026:f835a7565286472f6064b1eb,lrm_auctions,Plazos Estandarizados: 63 — Plazos Residuales: 56 — Mínima,lrm_auction_tenor — Plazos Estandarizados: 63 — Plazos Residuales: 56 — Mínima,irregular_daily,UNRESOLVED_SOURCE_UNITS,2026-01-29T00:00:00Z,2026-07-30T00:00:00Z,review_indicator_only
56d9e206d6a0c4b252e8f3e5c1ccc910,3,2,FALSE,lrm_auctions:subastas_2016:3d2f0a4dc05234c9fbfc5246,lrm_auctions,Plazos Estandarizados: 546 — Plazos Residuales: 553 — Asignado #,lrm_auction_tenor — Plazos Estandarizados: 546 — Plazos Residuales: 553 — Asignado #,irregular_daily,UNRESOLVED_SOURCE_UNITS,2016-03-16T00:00:00Z,2016-12-21T00:00:00Z,review_indicator_only
56d9e206d6a0c4b252e8f3e5c1ccc910,3,2,FALSE,lrm_auctions:subastas_2016:cc75095a6da3152284529e7d,lrm_auctions,Plazos Estandarizados: 546 — Plazos Residuales: 553 — Ofertado #,lrm_auction_tenor — Plazos Estandarizados: 546 — Plazos Residuales: 553 — Ofertado #,irregular_daily,UNRESOLVED_SOURCE_UNITS,2016-03-16T00:00:00Z,2016-12-21T00:00:00Z,review_indicator_only
56e45562d5c477d7cb9774ed76e651da,186,2,FALSE,financial_indicators:x2_1:2ca9a0e26fd04669f10bbe3a,financial_indicators,ME — Tasa Activa — Préstamo Comercial > 1 año,ME — Tasa Activa — Préstamo Comercial > 1 año,monthly,PERCENT,2011-01-01T00:00:00Z,2026-06-30T00:00:00Z,review_indicator_only
56e45562d5c477d7cb9774ed76e651da,186,2,FALSE,financial_indicators:x3_1:3692ceaa62235beb2dc9a07f,financial_indicators,ME — Préstamo Comercial > 1 año — TPP,ME — Préstamo Comercial > 1 año — TPP,monthly,PERCENT,2011-01-01T00:00:00Z,2026-06-30T00:00:00Z,review_indicator_only
56f33fa619fde15691555a3e151057e3,17,2,FALSE,insurance_annex:x1_30:1a16ccb73c51261a4a8aed30,insurance_annex,Total Gastos Reaseguros Cedidos - exterior (Guaraníes) — Total Gastos de Cesión Reaseguros Sección Salud o Enfermedad,Total Gastos Reaseguros Cedidos - exterior (Guaraníes) — Total Gastos Reaseguros Cedidos - exterior (Guaraníes) — Total Gastos de Cesión Reaseguros Sección Salud o Enfermedad,annual,PYG,2009-01-01T00:00:00Z,2025-12-31T00:00:00Z,review_indicator_only
56f33fa619fde15691555a3e151057e3,17,2,FALSE,insurance_annex:x1_30:ee784a20fc8be46e7f8e998d,insurance_annex,Gastos de cesión reaseguros cedidos - contratos no proporcionales (Guaraníes) — Gastos de Cesión Reaseguros Sección Salud o Enfermedad,Gastos de cesión reaseguros cedidos - contratos no proporcionales (Guaraníes) — Gastos de cesión reaseguros cedidos - contratos no proporcionales (Guaraníes) — Gastos de Cesión Reaseguros Sección Salud o Enfermedad,annual,PYG,2009-01-01T00:00:00Z,2025-12-31T00:00:00Z,review_indicator_only
5765e29f04da1e50be6b3fb932f435d9,17,2,FALSE,insurance_annex:x1_29:6b579dd178be8bbb989b3c9d,insurance_annex,Total Gastos Reaseguros Cedidos - local — Riesgos Técnicos,Total Gastos Reaseguros Cedidos - local — Total Gastos Reaseguros Cedidos - local — Riesgos Técnicos,annual,PYG,2009-01-01T00:00:00Z,2025-12-31T00:00:00Z,review_indicator_only
5765e29f04da1e50be6b3fb932f435d9,17,2,FALSE,insurance_annex:x1_29:f157d0800c710d6ac07370e7,insurance_annex,Gastos de cesión reaseguros cedidos - contratos no proporcionales (Local) — Riesgos Técnicos,Gastos de cesión reaseguros cedidos - contratos no proporcionales (Local) — Gastos de cesión reaseguros cedidos - contratos no proporcionales (Local) — Riesgos Técnicos,annual,PYG,2009-01-01T00:00:00Z,2025-12-31T00:00:00Z,review_indicator_only
5768060dc79e4bce2b180ca71545a8f5,9,2,FALSE,lrm_auctions:subastas_2024:5b6eb8a66c58a781bc5e1741,lrm_auctions,Plazos Estandarizados: 91 — Plazos Residuales: 91 — Mínima,lrm_auction_tenor — Plazos Estandarizados: 91 — Plazos Residuales: 91 — Mínima,irregular_daily,UNRESOLVED_SOURCE_UNITS,2024-01-25T00:00:00Z,2024-12-26T00:00:00Z,review_indicator_only
5768060dc79e4bce2b180ca71545a8f5,9,2,FALSE,lrm_auctions:subastas_2024:820ff1f83b051209517929a0,lrm_auctions,Plazos Estandarizados: 91 — Plazos Residuales: 91 — Mínima,lrm_auction_tenor — Plazos Estandarizados: 91 — Plazos Residuales: 91 — Mínima,irregular_daily,UNRESOLVED_SOURCE_UNITS,2024-01-25T00:00:00Z,2024-12-26T00:00:00Z,review_indicator_only
5782e516ca7cf7590906cd41b57b1fe1,6,2,FALSE,lrm_auctions:subastas_2016:45819eab5b1964d17abc4b91,lrm_auctions,Plazos Estandarizados: 35 — Plazos Residuales: 28 — Mínima,lrm_auction_tenor — Plazos Estandarizados: 35 — Plazos Residuales: 28 — Mínima,irregular_daily,UNRESOLVED_SOURCE_UNITS,2016-01-27T00:00:00Z,2016-10-26T00:00:00Z,review_indicator_only
5782e516ca7cf7590906cd41b57b1fe1,6,2,FALSE,lrm_auctions:subastas_2016:a2c726f33786f143af341123,lrm_auctions,Plazos Estandarizados: 35 — Plazos Residuales: 28 — Mínima,lrm_auction_tenor — Plazos Estandarizados: 35 — Plazos Residuales: 28 — Mínima,irregular_daily,UNRESOLVED_SOURCE_UNITS,2016-01-27T00:00:00Z,2016-10-26T00:00:00Z,review_indicator_only
57aa8a1351f9a0388c27354f01b2a60a,17,2,FALSE,insurance_annex:x1_12:bb8cbca439fb477315e3b4c1,insurance_annex,Participación Recupero reaseguros cedidos exterior - Proporcional — Responsabilidad Civil,Participación Recupero reaseguros cedidos exterior - Proporcional — Participación Recupero reaseguros cedidos exterior - Proporcional — Responsabilidad Civil,annual,PYG,2009-01-01T00:00:00Z,2025-12-31T00:00:00Z,review_indicator_only
57aa8a1351f9a0388c27354f01b2a60a,17,2,FALSE,insurance_annex:x1_12:e67c5ac5dd6e0246907296cd,insurance_annex,Total Participación Recupero reaseguros cedidos exterior — Responsabilidad Civil,Total Participación Recupero reaseguros cedidos exterior — Total Participación Recupero reaseguros cedidos exterior — Responsabilidad Civil,annual,PYG,2009-01-01T00:00:00Z,2025-12-31T00:00:00Z,review_indicator_only
58ff312a75496ed8de48f721b249afc1,36,2,FALSE,economic_annex:cuadro_20:337deebcdb4fd68181cc5b4b,economic_annex,Sector financiero — Total neto — 3=1+2,Sector financiero — Total neto — 3=1+2,annual,USD,1990-01-01T00:00:00Z,2025-12-31T00:00:00Z,supported_cross_source_overlap
58ff312a75496ed8de48f721b249afc1,36,2,FALSE,fx_operations:financial_sector:net:annual,fx_operations,financial_sector — net — annual,,annual,USD,1990-01-01T00:00:00Z,2025-12-31T00:00:00Z,supported_cross_source_overlap
591578223f09642e502c557a444918b6,186,2,FALSE,financial_indicators:x2_1:951a2078575f51a4d975a4f9,financial_indicators,MN — Tasa Pasiva — CDA > 365 días,MN — Tasa Pasiva — CDA > 365 días,monthly,PERCENT,2011-01-01T00:00:00Z,2026-06-30T00:00:00Z,review_indicator_only
591578223f09642e502c557a444918b6,186,2,FALSE,financial_indicators:x3_1:60eb8b0ba9b1075fa64e741c,financial_indicators,MN — CDA > 365 días — TPP,MN — CDA > 365 días — TPP,monthly,PERCENT,2011-01-01T00:00:00Z,2026-06-30T00:00:00Z,review_indicator_only
599491f0f84fe511727746e30b8dc9f3,247,2,FALSE,economic_annex:cuadro_52b:2842a5a24f760ee64b4a5e7e,economic_annex,Fuel oíl — Importación Registrada,Fuel oíl — Fuel oíl — Importación Registrada,monthly,TONNES,2006-01-01T00:00:00Z,2026-07-31T00:00:00Z,review_indicator_only
599491f0f84fe511727746e30b8dc9f3,247,2,FALSE,economic_annex:cuadro_52b:6ce1e59404103644d1af6310,economic_annex,Fuel oíl — Importacion para consumo interno,Fuel oíl — Fuel oíl — Importacion para consumo interno,monthly,TONNES,2006-01-01T00:00:00Z,2026-07-31T00:00:00Z,review_indicator_only
59f305c93e881f89b18dbb4837f9ca7b,247,2,FALSE,economic_annex:cuadro_52b:935d8b6b5841f60813354f46,economic_annex,Trigo y sus derivados — Importación Registrada,Trigo y sus derivados — Trigo y sus derivados — Importación Registrada,monthly,TONNES,2006-01-01T00:00:00Z,2026-07-31T00:00:00Z,review_indicator_only
59f305c93e881f89b18dbb4837f9ca7b,247,2,FALSE,economic_annex:cuadro_52b:cdfafc8dadb030d4c0855b98,economic_annex,Trigo y sus derivados — Importacion para consumo interno,Trigo y sus derivados — Trigo y sus derivados — Importacion para consumo interno,monthly,TONNES,2006-01-01T00:00:00Z,2026-07-31T00:00:00Z,review_indicator_only
5a368f2a81dbed18d082d098b7052df3,73,2,FALSE,economic_annex:cuadro_37:55182262f053aeb2d2ed49db,economic_annex,4. — 4.2.5 — Créditos y anticipos comerciales,4. — 4.2.5 — Créditos y anticipos comerciales,quarterly,USD,2008-01-01T00:00:00Z,2026-03-31T00:00:00Z,review_indicator_only
5a368f2a81dbed18d082d098b7052df3,73,2,FALSE,economic_annex:cuadro_39:b043bfa3b31dbf84b41ec3fe,economic_annex,4.2.5 Créditos y anticipos comerciales,4.2.5 Créditos y anticipos comerciales,quarterly,USD,2008-01-01T00:00:00Z,2026-03-31T00:00:00Z,review_indicator_only
5a3d1d882e6e2c04d85ef262fc6430c9,17,2,FALSE,insurance_annex:x1_32:c167209971c5ed3db25556e4,insurance_annex,Participación utilidades reaseguros aceptados - contratos proporcionales (Guaraníes) — Accidentes Personales,Participación utilidades reaseguros aceptados - contratos proporcionales (Guaraníes) — Participación utilidades reaseguros aceptados - contratos proporcionales (Guaraníes) — Accidentes Personales,annual,PYG,2009-01-01T00:00:00Z,2025-12-31T00:00:00Z,review_indicator_only
5a3d1d882e6e2c04d85ef262fc6430c9,17,2,FALSE,insurance_annex:x1_32:f46f9f8e5b96852e3a426ad2,insurance_annex,Total Gastos Reaseguros Aceptados - Exterior (Guaraníes) — Accidentes Personales,Total Gastos Reaseguros Aceptados - Exterior (Guaraníes) — Total Gastos Reaseguros Aceptados - Exterior (Guaraníes) — Accidentes Personales,annual,PYG,2009-01-01T00:00:00Z,2025-12-31T00:00:00Z,review_indicator_only
5a9fd58541e78f0625d40b8abf4b38fb,3,2,FALSE,lrm_auctions:subastas_2025:5dac7e8944fc9c4ab5605db6,lrm_auctions,Plazos Estandarizados: 35 — Plazos Residuales: 35 — Mínima,lrm_auction_tenor — Plazos Estandarizados: 35 — Plazos Residuales: 35 — Mínima,irregular_daily,UNRESOLVED_SOURCE_UNITS,2025-04-24T00:00:00Z,2025-09-25T00:00:00Z,review_indicator_only
5a9fd58541e78f0625d40b8abf4b38fb,3,2,FALSE,lrm_auctions:subastas_2025:8593b0fd7a59100882b72087,lrm_auctions,Plazos Estandarizados: 35 — Plazos Residuales: 35 — Mínima,lrm_auction_tenor — Plazos Estandarizados: 35 — Plazos Residuales: 35 — Mínima,irregular_daily,UNRESOLVED_SOURCE_UNITS,2025-04-24T00:00:00Z,2025-09-25T00:00:00Z,review_indicator_only
5b0dcf7c05553c312247f93cccb1f457,2,2,FALSE,lrm_auctions:subastas_2024:a36159cea0b1ae1305daa5f3,lrm_auctions,Plazos Estandarizados: 91 — Plazos Residuales: 98 — Máxima,lrm_auction_tenor — Plazos Estandarizados: 91 — Plazos Residuales: 98 — Máxima,irregular_daily,UNRESOLVED_SOURCE_UNITS,2024-02-22T00:00:00Z,2024-10-24T00:00:00Z,review_indicator_only
5b0dcf7c05553c312247f93cccb1f457,2,2,FALSE,lrm_auctions:subastas_2024:d848ec47042f58bad3407aff,lrm_auctions,Plazos Estandarizados: 91 — Plazos Residuales: 98 — Máxima,lrm_auction_tenor — Plazos Estandarizados: 91 — Plazos Residuales: 98 — Máxima,irregular_daily,UNRESOLVED_SOURCE_UNITS,2024-02-22T00:00:00Z,2024-10-24T00:00:00Z,review_indicator_only
5b3573fb0eca52cd9f124a4963513ec4,17,2,FALSE,insurance_annex:x1_30:34ea020798786916d747d7c1,insurance_annex,Total Gastos Reaseguros Cedidos - exterior (Guaraníes) — Total Gastos de Cesión Reaseguros Sección Vida Individual Largo Plazo,Total Gastos Reaseguros Cedidos - exterior (Guaraníes) — Total Gastos Reaseguros Cedidos - exterior (Guaraníes) — Total Gastos de Cesión Reaseguros Sección Vida Individual Largo Plazo,annual,PYG,2009-01-01T00:00:00Z,2025-12-31T00:00:00Z,review_indicator_only
5b3573fb0eca52cd9f124a4963513ec4,17,2,FALSE,insurance_annex:x1_30:f75b4a3a42e08ec812bdcc7c,insurance_annex,Gastos de cesión reaseguros cedidos - contratos no proporcionales (Guaraníes) — Gastos de Cesión Reaseguros Sección Vida Individual Largo Plazo,Gastos de cesión reaseguros cedidos - contratos no proporcionales (Guaraníes) — Gastos de cesión reaseguros cedidos - contratos no proporcionales (Guaraníes) — Gastos de Cesión Reaseguros Sección Vida Individual Largo Plazo,annual,PYG,2009-01-01T00:00:00Z,2025-12-31T00:00:00Z,review_indicator_only
5bce31e903196adfe567aa4da0687f5e,7,2,FALSE,lrm_auctions:subastas_2014:88e9ff84b8c642a4a38c010b,lrm_auctions,Plazos Estandarizados: 182 — Plazos Residuales: 182 — Mínima,lrm_auction_tenor — Plazos Estandarizados: 182 — Plazos Residuales: 182 — Mínima,irregular_daily,UNRESOLVED_SOURCE_UNITS,2014-03-27T00:00:00Z,2014-12-23T00:00:00Z,review_indicator_only
5bce31e903196adfe567aa4da0687f5e,7,2,FALSE,lrm_auctions:subastas_2014:bf87f06f467e10f55b30080e,lrm_auctions,Plazos Estandarizados: 182 — Plazos Residuales: 182 — Mínima,lrm_auction_tenor — Plazos Estandarizados: 182 — Plazos Residuales: 182 — Mínima,irregular_daily,UNRESOLVED_SOURCE_UNITS,2014-03-27T00:00:00Z,2014-12-23T00:00:00Z,review_indicator_only
5cb85a3e5a82c737c153879521dfc092,247,2,FALSE,economic_annex:cuadro_52a:539a6abdf4e1694643a26d36,economic_annex,Otros bienes intermedios (d) — Importacion para consumo interno,Otros bienes intermedios (d) — Otros bienes intermedios (d) — Importacion para consumo interno,monthly,USD,2006-01-01T00:00:00Z,2026-07-31T00:00:00Z,review_indicator_only
5cb85a3e5a82c737c153879521dfc092,247,2,FALSE,economic_annex:cuadro_52a:86655cf5c8476294ab7ad6fc,economic_annex,Otros bienes intermedios (d) — Importación Registrada,Otros bienes intermedios (d) — Otros bienes intermedios (d) — Importación Registrada,monthly,USD,2006-01-01T00:00:00Z,2026-07-31T00:00:00Z,review_indicator_only
5ceef5e284a784cebd21f24a7dac3e26,9,2,FALSE,lrm_auctions:subastas_2015:57e63b12970a0708ed266b9b,lrm_auctions,Plazos Estandarizados: 365 — Plazos Residuales: 364 — Mínima,lrm_auction_tenor — Plazos Estandarizados: 365 — Plazos Residuales: 364 — Mínima,irregular_daily,UNRESOLVED_SOURCE_UNITS,2015-01-28T00:00:00Z,2015-11-25T00:00:00Z,review_indicator_only
5ceef5e284a784cebd21f24a7dac3e26,9,2,FALSE,lrm_auctions:subastas_2015:5b52d906236d2d89df7e4f26,lrm_auctions,Plazos Estandarizados: 365 — Plazos Residuales: 364 — Mínima,lrm_auction_tenor — Plazos Estandarizados: 365 — Plazos Residuales: 364 — Mínima,irregular_daily,UNRESOLVED_SOURCE_UNITS,2015-01-28T00:00:00Z,2015-11-25T00:00:00Z,review_indicator_only
5cfa0002e810fc56baac7e2f7c8e15f6,130,2,FALSE,economic_annex:cuadro_20:4cd1f8462a7c2abba109721b,economic_annex,Sector financiero — Compra — 1,Sector financiero — Compra — 1,quarterly,USD,1994-01-01T00:00:00Z,2026-06-30T00:00:00Z,supported_cross_source_overlap
5cfa0002e810fc56baac7e2f7c8e15f6,130,2,FALSE,fx_operations:financial_sector:purchase:quarterly,fx_operations,financial_sector — purchase — quarterly,,quarterly,USD,1994-01-01T00:00:00Z,2026-06-30T00:00:00Z,supported_cross_source_overlap
5de9ccd2c621218b8480113afbd46cca,3,2,FALSE,lrm_auctions:subastas_2021:d45f7c455271a36d9f87aa52,lrm_auctions,Plazos Estandarizados: 35 — Plazos Residuales: 35 — Asignado #,lrm_auction_tenor — Plazos Estandarizados: 35 — Plazos Residuales: 35 — Asignado #,irregular_daily,UNRESOLVED_SOURCE_UNITS,2021-03-24T00:00:00Z,2021-12-22T00:00:00Z,review_indicator_only
5de9ccd2c621218b8480113afbd46cca,3,2,FALSE,lrm_auctions:subastas_2021:fa2f58987deec1386218e267,lrm_auctions,Plazos Estandarizados: 35 — Plazos Residuales: 35 — Ofertado #,lrm_auction_tenor — Plazos Estandarizados: 35 — Plazos Residuales: 35 — Ofertado #,irregular_daily,UNRESOLVED_SOURCE_UNITS,2021-03-24T00:00:00Z,2021-12-22T00:00:00Z,review_indicator_only
5e1ea516ab0f9678afc4137a786ead87,4,2,FALSE,lrm_auctions:subastas_2022:5dac7e8944fc9c4ab5605db6,lrm_auctions,Plazos Estandarizados: 35 — Plazos Residuales: 35 — Mínima,lrm_auction_tenor — Plazos Estandarizados: 35 — Plazos Residuales: 35 — Mínima,irregular_daily,UNRESOLVED_SOURCE_UNITS,2022-03-23T00:00:00Z,2022-12-21T00:00:00Z,review_indicator_only
5e1ea516ab0f9678afc4137a786ead87,4,2,FALSE,lrm_auctions:subastas_2022:8593b0fd7a59100882b72087,lrm_auctions,Plazos Estandarizados: 35 — Plazos Residuales: 35 — Mínima,lrm_auction_tenor — Plazos Estandarizados: 35 — Plazos Residuales: 35 — Mínima,irregular_daily,UNRESOLVED_SOURCE_UNITS,2022-03-23T00:00:00Z,2022-12-21T00:00:00Z,review_indicator_only
5e35aa13d0bd7dee3096ab84228ccd9b,186,2,FALSE,financial_indicators:x4:19a1d23e6fd4260b94907b0c,financial_indicators,ME — Tasa Activa — Sobregiros,ME — Tasa Activa — Sobregiros,monthly,UNRESOLVED_SOURCE_UNITS,2011-01-01T00:00:00Z,2026-06-30T00:00:00Z,review_indicator_only
5e35aa13d0bd7dee3096ab84228ccd9b,186,2,FALSE,financial_indicators:x4:882e15a2bc2292fac8129199,financial_indicators,ME — Tasa Activa — Sobregiros — Total,ME — Tasa Activa — Sobregiros — Total,monthly,UNRESOLVED_SOURCE_UNITS,2011-01-01T00:00:00Z,2026-06-30T00:00:00Z,review_indicator_only
5f086b7be9de077fb9c7caffa587870f,4,2,FALSE,lrm_auctions:subastas_2019:b09aacb562341369ce00cbcb,lrm_auctions,Plazos Estandarizados: 35 — Plazos Residuales: 35 — Promedio,lrm_auction_tenor — Plazos Estandarizados: 35 — Plazos Residuales: 35 — Promedio,irregular_daily,UNRESOLVED_SOURCE_UNITS,2019-02-20T00:00:00Z,2019-12-26T00:00:00Z,review_indicator_only
5f086b7be9de077fb9c7caffa587870f,4,2,FALSE,lrm_auctions:subastas_2019:cf0cd36a472795f63988f1ad,lrm_auctions,Plazos Estandarizados: 35 — Plazos Residuales: 35 — Promedio,lrm_auction_tenor — Plazos Estandarizados: 35 — Plazos Residuales: 35 — Promedio,irregular_daily,UNRESOLVED_SOURCE_UNITS,2019-02-20T00:00:00Z,2019-12-26T00:00:00Z,review_indicator_only
5f721753b811a8e15cf5944a194c6e79,4,2,FALSE,lrm_auctions:subastas_2021:ce4ce2fcd94fb6a8be5ccb97,lrm_auctions,Plazos Estandarizados: 63 — Plazos Residuales: 56 — Mínima,lrm_auction_tenor — Plazos Estandarizados: 63 — Plazos Residuales: 56 — Mínima,irregular_daily,UNRESOLVED_SOURCE_UNITS,2021-01-27T00:00:00Z,2021-10-27T00:00:00Z,review_indicator_only
5f721753b811a8e15cf5944a194c6e79,4,2,FALSE,lrm_auctions:subastas_2021:f835a7565286472f6064b1eb,lrm_auctions,Plazos Estandarizados: 63 — Plazos Residuales: 56 — Mínima,lrm_auction_tenor — Plazos Estandarizados: 63 — Plazos Residuales: 56 — Mínima,irregular_daily,UNRESOLVED_SOURCE_UNITS,2021-01-27T00:00:00Z,2021-10-27T00:00:00Z,review_indicator_only
63315bad5759e869d67cef29cad5b9bb,36,2,FALSE,economic_annex:cuadro_20:8a789b7447b2986f49a77f02,economic_annex,Otras operaciones 1/ — Venta — 8,Otras operaciones 1/ — Venta — 8,annual,USD,1990-01-01T00:00:00Z,2025-12-31T00:00:00Z,supported_cross_source_overlap
63315bad5759e869d67cef29cad5b9bb,36,2,FALSE,fx_operations:other_operations:sale:annual,fx_operations,other_operations — sale — annual,,annual,USD,1990-01-01T00:00:00Z,2025-12-31T00:00:00Z,supported_cross_source_overlap
6405a5c281f991ae40afc264f1e8451f,247,2,FALSE,economic_annex:cuadro_52b:5dd392ef364eaf2a676fcca6,economic_annex,Gas oíl — Importación Registrada,Gas oíl — Gas oíl — Importación Registrada,monthly,TONNES,2006-01-01T00:00:00Z,2026-07-31T00:00:00Z,review_indicator_only
6405a5c281f991ae40afc264f1e8451f,247,2,FALSE,economic_annex:cuadro_52b:78b8544181ddd4a1d65e9cd6,economic_annex,Gas oíl — Importacion para consumo interno,Gas oíl — Gas oíl — Importacion para consumo interno,monthly,TONNES,2006-01-01T00:00:00Z,2026-07-31T00:00:00Z,review_indicator_only
64f8da4f2375365e8d93d07e93ad983b,2,2,FALSE,lrm_auctions:subastas_2015:a9eb5f20381e9fd66207e793,lrm_auctions,Plazos Estandarizados: 91 — Plazos Residuales: 84 — Mínima,lrm_auction_tenor — Plazos Estandarizados: 91 — Plazos Residuales: 84 — Mínima,irregular_daily,UNRESOLVED_SOURCE_UNITS,2015-01-28T00:00:00Z,2015-09-23T00:00:00Z,review_indicator_only
64f8da4f2375365e8d93d07e93ad983b,2,2,FALSE,lrm_auctions:subastas_2015:b190ac3edc1c362b8f602c4f,lrm_auctions,Plazos Estandarizados: 91 — Plazos Residuales: 84 — Mínima,lrm_auction_tenor — Plazos Estandarizados: 91 — Plazos Residuales: 84 — Mínima,irregular_daily,UNRESOLVED_SOURCE_UNITS,2015-01-28T00:00:00Z,2015-09-23T00:00:00Z,review_indicator_only
654edd1d9a28055e40adab54d2feeea2,2,2,FALSE,lrm_auctions:subastas_2015:4e5fa0b8f6756d7795ea8262,lrm_auctions,Plazos Estandarizados: 182 — Plazos Residuales: 189 — Mínima,lrm_auction_tenor — Plazos Estandarizados: 182 — Plazos Residuales: 189 — Mínima,irregular_daily,UNRESOLVED_SOURCE_UNITS,2015-04-22T00:00:00Z,2015-12-16T00:00:00Z,review_indicator_only
654edd1d9a28055e40adab54d2feeea2,2,2,FALSE,lrm_auctions:subastas_2015:e20621bef08ca53683d8c2dd,lrm_auctions,Plazos Estandarizados: 182 — Plazos Residuales: 189 — Mínima,lrm_auction_tenor — Plazos Estandarizados: 182 — Plazos Residuales: 189 — Mínima,irregular_daily,UNRESOLVED_SOURCE_UNITS,2015-04-22T00:00:00Z,2015-12-16T00:00:00Z,review_indicator_only
65793959f4c8122bd5673fe844dda3bd,2,2,TRUE,lrm_auctions:subastas_2022:34317e3b600a5d9c905e4e0e,lrm_auctions,Plazos Estandarizados: 365 — Plazos Residuales: 371 — Montos Anunciados,lrm_auction_tenor — Plazos Estandarizados: 365 — Plazos Residuales: 371 — Montos Anunciados,irregular_daily,UNRESOLVED_SOURCE_UNITS,2022-03-23T00:00:00Z,2022-06-22T00:00:00Z,review_indicator_only
65793959f4c8122bd5673fe844dda3bd,2,2,TRUE,lrm_auctions:subastas_2022:6291f22e12272550ddb19294,lrm_auctions,Plazos Estandarizados: 35 — Plazos Residuales: 35 — Montos Anunciados,lrm_auction_tenor — Plazos Estandarizados: 35 — Plazos Residuales: 35 — Montos Anunciados,irregular_daily,UNRESOLVED_SOURCE_UNITS,2022-03-23T00:00:00Z,2022-06-22T00:00:00Z,review_indicator_only
65e5219c13869b1966633027ef001112,3,2,FALSE,lrm_auctions:subastas_2020:5dac7e8944fc9c4ab5605db6,lrm_auctions,Plazos Estandarizados: 35 — Plazos Residuales: 35 — Mínima,lrm_auction_tenor — Plazos Estandarizados: 35 — Plazos Residuales: 35 — Mínima,irregular_daily,UNRESOLVED_SOURCE_UNITS,2020-04-23T00:00:00Z,2020-09-24T00:00:00Z,review_indicator_only
65e5219c13869b1966633027ef001112,3,2,FALSE,lrm_auctions:subastas_2020:8593b0fd7a59100882b72087,lrm_auctions,Plazos Estandarizados: 35 — Plazos Residuales: 35 — Mínima,lrm_auction_tenor — Plazos Estandarizados: 35 — Plazos Residuales: 35 — Mínima,irregular_daily,UNRESOLVED_SOURCE_UNITS,2020-04-23T00:00:00Z,2020-09-24T00:00:00Z,review_indicator_only
67290a46c0a9a64d71017b77a1b9388e,23,2,FALSE,financial_indicators:x2_1:715ddde97c32d855d375fa9f,financial_indicators,MN — Tasa Activa — Préstamo Personal - Otros Depósitos AFD <= 1 año,MN — Tasa Activa — Préstamo Personal - Otros Depósitos AFD <= 1 año,monthly,PERCENT,2012-12-01T00:00:00Z,2026-05-31T00:00:00Z,review_indicator_only
67290a46c0a9a64d71017b77a1b9388e,23,2,FALSE,financial_indicators:x3_1:e88aa3dace2be52da1bb0669,financial_indicators,MN — Prestamo Personal - Otros Depósitos AFD <= 1 año — TPP,MN — Prestamo Personal - Otros Depósitos AFD <= 1 año — TPP,monthly,PERCENT,2012-12-01T00:00:00Z,2026-05-31T00:00:00Z,review_indicator_only
674f69bc0ccf88193a66db8d9e797575,10,2,FALSE,lrm_auctions:subastas_2022:88e9ff84b8c642a4a38c010b,lrm_auctions,Plazos Estandarizados: 182 — Plazos Residuales: 182 — Mínima,lrm_auction_tenor — Plazos Estandarizados: 182 — Plazos Residuales: 182 — Mínima,irregular_daily,UNRESOLVED_SOURCE_UNITS,2022-01-26T00:00:00Z,2022-11-23T00:00:00Z,review_indicator_only
674f69bc0ccf88193a66db8d9e797575,10,2,FALSE,lrm_auctions:subastas_2022:bf87f06f467e10f55b30080e,lrm_auctions,Plazos Estandarizados: 182 — Plazos Residuales: 182 — Mínima,lrm_auction_tenor — Plazos Estandarizados: 182 — Plazos Residuales: 182 — Mínima,irregular_daily,UNRESOLVED_SOURCE_UNITS,2022-01-26T00:00:00Z,2022-11-23T00:00:00Z,review_indicator_only
67a8941ec0419ea0d4cfd07e8467fd34,18,2,FALSE,economic_annex:cuadro_37:b2c8b12ee26b862d9e0a5807,economic_annex,1. — Manufactura sobre insumos físicos pertenecientes a otros,1. — Manufactura sobre insumos físicos pertenecientes a otros,annual,USD,2008-01-01T00:00:00Z,2025-12-31T00:00:00Z,review_indicator_only
67a8941ec0419ea0d4cfd07e8467fd34,18,2,FALSE,economic_annex:cuadro_38:e3d4ed578331694369d1051d,economic_annex,1. Manufactura sobre insumos físicos pertenecientes a otros,1. Manufactura sobre insumos físicos pertenecientes a otros,annual,USD,2008-01-01T00:00:00Z,2025-12-31T00:00:00Z,review_indicator_only
67ba93fa0615bfef99b9235a827945df,133,2,FALSE,economic_annex:cuadro_61:40dbe7def3ce28ee0ee9a9be,economic_annex,Venta — Casas de cambios y financieras — Forward — Residentes,Mercado cambiario local — Venta — Casas de cambios y financieras — Forward — Residentes,monthly,USD,2015-07-01T00:00:00Z,2026-07-31T00:00:00Z,review_indicator_only
67ba93fa0615bfef99b9235a827945df,133,2,FALSE,economic_annex:cuadro_61:7d43fed65434c1cd4df94bcc,economic_annex,Venta — Financieras — Forward — Residentes,Mercado cambiario local — Venta — Financieras — Forward — Residentes,monthly,USD,2015-07-01T00:00:00Z,2026-07-31T00:00:00Z,review_indicator_only
67f84ed3d2eff160050f68799d0c057a,17,2,FALSE,insurance_annex:x1_33:6c948790441e02c5c06bde56,insurance_annex,Gastos Técnicos de Explotación — Gastos Administrativos,Gastos Técnicos de Explotación — Gastos Técnicos de Explotación — Gastos Administrativos,annual,PYG,2009-01-01T00:00:00Z,2025-12-31T00:00:00Z,review_indicator_only
67f84ed3d2eff160050f68799d0c057a,17,2,FALSE,insurance_annex:x1_33:b55e59fe6db22e6a27f2a734,insurance_annex,Gastos Técnicos de Explotación — Total Gastos Técnicos de Explotación,Gastos Técnicos de Explotación — Gastos Técnicos de Explotación — Total Gastos Técnicos de Explotación,annual,PYG,2009-01-01T00:00:00Z,2025-12-31T00:00:00Z,review_indicator_only
6849c3c63d2e078dee478dd1b0bf4f90,17,2,FALSE,insurance_annex:x1_2:36022f0e6d78555816bd731b,insurance_annex,Total Primas Reaseguros Aceptados (Local) (Guaraníes) — Primas Sección Vida Individual Corto Plazo,Total Primas Reaseguros Aceptados (Local) (Guaraníes) — Total Primas Reaseguros Aceptados (Local) (Guaraníes) — Primas Sección Vida Individual Corto Plazo,annual,PYG,2009-01-01T00:00:00Z,2025-12-31T00:00:00Z,review_indicator_only
6849c3c63d2e078dee478dd1b0bf4f90,17,2,FALSE,insurance_annex:x1_2:929ae30022a1b49a050caad1,insurance_annex,Primas Reaseguros Aceptados (Local) Contratos Proporcionales (Guaraníes) — Primas Sección Vida Individual Corto Plazo,Primas Reaseguros Aceptados (Local) Contratos Proporcionales (Guaraníes) — Primas Reaseguros Aceptados (Local) Contratos Proporcionales (Guaraníes) — Primas Sección Vida Individual Corto Plazo,annual,PYG,2009-01-01T00:00:00Z,2025-12-31T00:00:00Z,review_indicator_only
6884bfed2c255bc5f4e43d0da040f213,3,2,FALSE,lrm_auctions:subastas_2016:b09aacb562341369ce00cbcb,lrm_auctions,Plazos Estandarizados: 35 — Plazos Residuales: 35 — Promedio,lrm_auction_tenor — Plazos Estandarizados: 35 — Plazos Residuales: 35 — Promedio,irregular_daily,UNRESOLVED_SOURCE_UNITS,2016-06-22T00:00:00Z,2016-12-21T00:00:00Z,review_indicator_only
6884bfed2c255bc5f4e43d0da040f213,3,2,FALSE,lrm_auctions:subastas_2016:cf0cd36a472795f63988f1ad,lrm_auctions,Plazos Estandarizados: 35 — Plazos Residuales: 35 — Promedio,lrm_auction_tenor — Plazos Estandarizados: 35 — Plazos Residuales: 35 — Promedio,irregular_daily,UNRESOLVED_SOURCE_UNITS,2016-06-22T00:00:00Z,2016-12-21T00:00:00Z,review_indicator_only
689333afb3ba1e4ef43493ed7b95911b,12,2,FALSE,lrm_auctions:subastas_2021:5b6eb8a66c58a781bc5e1741,lrm_auctions,Plazos Estandarizados: 91 — Plazos Residuales: 91 — Mínima,lrm_auction_tenor — Plazos Estandarizados: 91 — Plazos Residuales: 91 — Mínima,irregular_daily,UNRESOLVED_SOURCE_UNITS,2021-01-27T00:00:00Z,2021-12-22T00:00:00Z,review_indicator_only
689333afb3ba1e4ef43493ed7b95911b,12,2,FALSE,lrm_auctions:subastas_2021:820ff1f83b051209517929a0,lrm_auctions,Plazos Estandarizados: 91 — Plazos Residuales: 91 — Mínima,lrm_auction_tenor — Plazos Estandarizados: 91 — Plazos Residuales: 91 — Mínima,irregular_daily,UNRESOLVED_SOURCE_UNITS,2021-01-27T00:00:00Z,2021-12-22T00:00:00Z,review_indicator_only
689c699635d69f62b217df19ce685b0f,9,2,FALSE,lrm_auctions:subastas_2022:57e63b12970a0708ed266b9b,lrm_auctions,Plazos Estandarizados: 365 — Plazos Residuales: 364 — Mínima,lrm_auction_tenor — Plazos Estandarizados: 365 — Plazos Residuales: 364 — Mínima,irregular_daily,UNRESOLVED_SOURCE_UNITS,2022-01-26T00:00:00Z,2022-12-21T00:00:00Z,review_indicator_only
689c699635d69f62b217df19ce685b0f,9,2,FALSE,lrm_auctions:subastas_2022:5b52d906236d2d89df7e4f26,lrm_auctions,Plazos Estandarizados: 365 — Plazos Residuales: 364 — Mínima,lrm_auction_tenor — Plazos Estandarizados: 365 — Plazos Residuales: 364 — Mínima,irregular_daily,UNRESOLVED_SOURCE_UNITS,2022-01-26T00:00:00Z,2022-12-21T00:00:00Z,review_indicator_only
68d1376528ca2e06b6d74cd0fc1bf232,5,2,FALSE,lrm_auctions:subastas_2026:88e9ff84b8c642a4a38c010b,lrm_auctions,Plazos Estandarizados: 182 — Plazos Residuales: 182 — Mínima,lrm_auction_tenor — Plazos Estandarizados: 182 — Plazos Residuales: 182 — Mínima,irregular_daily,UNRESOLVED_SOURCE_UNITS,2026-01-29T00:00:00Z,2026-07-30T00:00:00Z,review_indicator_only
68d1376528ca2e06b6d74cd0fc1bf232,5,2,FALSE,lrm_auctions:subastas_2026:bf87f06f467e10f55b30080e,lrm_auctions,Plazos Estandarizados: 182 — Plazos Residuales: 182 — Mínima,lrm_auction_tenor — Plazos Estandarizados: 182 — Plazos Residuales: 182 — Mínima,irregular_daily,UNRESOLVED_SOURCE_UNITS,2026-01-29T00:00:00Z,2026-07-30T00:00:00Z,review_indicator_only
690d5bc716e0a38341cc1ad0919a8069,18,2,FALSE,economic_annex:cuadro_37:ec1a59ed244b560ee77ab9d1,economic_annex,4. — 4.2.5 — Créditos y anticipos comerciales,4. — 4.2.5 — Créditos y anticipos comerciales,annual,USD,2008-01-01T00:00:00Z,2025-12-31T00:00:00Z,review_indicator_only
690d5bc716e0a38341cc1ad0919a8069,18,2,FALSE,economic_annex:cuadro_39:3cfdfedd393a9ccd301d9867,economic_annex,4.2.5 Créditos y anticipos comerciales,4.2.5 Créditos y anticipos comerciales,annual,USD,2008-01-01T00:00:00Z,2025-12-31T00:00:00Z,review_indicator_only
69153b90efb6ad65caee4f087e2a5479,3,2,FALSE,lrm_auctions:subastas_2020:522a9ff86f0c5f3925788c15,lrm_auctions,Plazos Estandarizados: 63 — Plazos Residuales: 56 — Promedio,lrm_auction_tenor — Plazos Estandarizados: 63 — Plazos Residuales: 56 — Promedio,irregular_daily,UNRESOLVED_SOURCE_UNITS,2020-01-29T00:00:00Z,2020-07-29T00:00:00Z,review_indicator_only
69153b90efb6ad65caee4f087e2a5479,3,2,FALSE,lrm_auctions:subastas_2020:eea99792d3080cc491e41e61,lrm_auctions,Plazos Estandarizados: 63 — Plazos Residuales: 56 — Promedio,lrm_auction_tenor — Plazos Estandarizados: 63 — Plazos Residuales: 56 — Promedio,irregular_daily,UNRESOLVED_SOURCE_UNITS,2020-01-29T00:00:00Z,2020-07-29T00:00:00Z,review_indicator_only
6b5c8c334339367e32959bae22c4401a,2,2,FALSE,lrm_auctions:subastas_2020:a9eb5f20381e9fd66207e793,lrm_auctions,Plazos Estandarizados: 91 — Plazos Residuales: 84 — Mínima,lrm_auction_tenor — Plazos Estandarizados: 91 — Plazos Residuales: 84 — Mínima,irregular_daily,UNRESOLVED_SOURCE_UNITS,2020-01-29T00:00:00Z,2020-09-24T00:00:00Z,review_indicator_only
6b5c8c334339367e32959bae22c4401a,2,2,FALSE,lrm_auctions:subastas_2020:b190ac3edc1c362b8f602c4f,lrm_auctions,Plazos Estandarizados: 91 — Plazos Residuales: 84 — Mínima,lrm_auction_tenor — Plazos Estandarizados: 91 — Plazos Residuales: 84 — Mínima,irregular_daily,UNRESOLVED_SOURCE_UNITS,2020-01-29T00:00:00Z,2020-09-24T00:00:00Z,review_indicator_only
6b6972949eac3bdc6dd2273d83e7ea20,2,2,FALSE,lrm_auctions:subastas_2013:5dac7e8944fc9c4ab5605db6,lrm_auctions,Plazos Estandarizados: 35 — Plazos Residuales: 35 — Mínima,lrm_auction_tenor — Plazos Estandarizados: 35 — Plazos Residuales: 35 — Mínima,irregular_daily,UNRESOLVED_SOURCE_UNITS,2013-05-23T00:00:00Z,2013-10-10T00:00:00Z,review_indicator_only
6b6972949eac3bdc6dd2273d83e7ea20,2,2,FALSE,lrm_auctions:subastas_2013:8593b0fd7a59100882b72087,lrm_auctions,Plazos Estandarizados: 35 — Plazos Residuales: 35 — Mínima,lrm_auction_tenor — Plazos Estandarizados: 35 — Plazos Residuales: 35 — Mínima,irregular_daily,UNRESOLVED_SOURCE_UNITS,2013-05-23T00:00:00Z,2013-10-10T00:00:00Z,review_indicator_only
6b8dc32f4c3d3d8c93c8b079cd2ef6eb,17,2,FALSE,insurance_annex:x1_3:b1c61d7997b746bcb79ca8ec,insurance_annex,Total Primas Reaseguros Aceptados (Exterior) (Guaraníes) — Total Primas reaseguros aceptados - exterior,Total Primas Reaseguros Aceptados (Exterior) (Guaraníes) — Total Primas Reaseguros Aceptados (Exterior) (Guaraníes) — Total Primas reaseguros aceptados - exterior,annual,PYG,2009-01-01T00:00:00Z,2025-12-31T00:00:00Z,review_indicator_only
6b8dc32f4c3d3d8c93c8b079cd2ef6eb,17,2,FALSE,insurance_annex:x1_3:c18d7d332ddd8296b50e8433,insurance_annex,Total Primas Reaseguros Aceptados (Exterior) (Guaraníes) — Total Rama Patrimonial,Total Primas Reaseguros Aceptados (Exterior) (Guaraníes) — Total Primas Reaseguros Aceptados (Exterior) (Guaraníes) — Total Rama Patrimonial,annual,PYG,2009-01-01T00:00:00Z,2025-12-31T00:00:00Z,review_indicator_only
6bf3e82c7722c1ee0245fb5a5e080422,5,2,FALSE,lrm_auctions:subastas_2026:45819eab5b1964d17abc4b91,lrm_auctions,Plazos Estandarizados: 35 — Plazos Residuales: 28 — Mínima,lrm_auction_tenor — Plazos Estandarizados: 35 — Plazos Residuales: 28 — Mínima,irregular_daily,UNRESOLVED_SOURCE_UNITS,2026-01-29T00:00:00Z,2026-07-30T00:00:00Z,review_indicator_only
6bf3e82c7722c1ee0245fb5a5e080422,5,2,FALSE,lrm_auctions:subastas_2026:a2c726f33786f143af341123,lrm_auctions,Plazos Estandarizados: 35 — Plazos Residuales: 28 — Mínima,lrm_auction_tenor — Plazos Estandarizados: 35 — Plazos Residuales: 28 — Mínima,irregular_daily,UNRESOLVED_SOURCE_UNITS,2026-01-29T00:00:00Z,2026-07-30T00:00:00Z,review_indicator_only
6bfefae2d41708a121698e136f0d45aa,247,2,FALSE,economic_annex:cuadro_52a:2c286cafb4867f87190847df,economic_annex,Café — Importación Registrada,Café — Café — Importación Registrada,monthly,USD,2006-01-01T00:00:00Z,2026-07-31T00:00:00Z,review_indicator_only
6bfefae2d41708a121698e136f0d45aa,247,2,FALSE,economic_annex:cuadro_52a:df16409d85e8a9540da5bef8,economic_annex,Café — Importacion para consumo interno,Café — Café — Importacion para consumo interno,monthly,USD,2006-01-01T00:00:00Z,2026-07-31T00:00:00Z,review_indicator_only
6cdfbf29d56fa3f8612a9d7fa187cedc,17,2,FALSE,insurance_annex:x1_14:784be499b1b02919ef34f626,insurance_annex,Total Siniestros Reaseguros Aceptados exterior — Total Rama Patrimonial,Total Siniestros Reaseguros Aceptados exterior — Total Siniestros Reaseguros Aceptados exterior — Total Rama Patrimonial,annual,PYG,2009-01-01T00:00:00Z,2025-12-31T00:00:00Z,review_indicator_only
6cdfbf29d56fa3f8612a9d7fa187cedc,17,2,FALSE,insurance_annex:x1_14:e331c2f5c1f646781d85185c,insurance_annex,Total Siniestros Reaseguros Aceptados exterior,Total Siniestros Reaseguros Aceptados exterior,annual,PYG,2009-01-01T00:00:00Z,2025-12-31T00:00:00Z,review_indicator_only
6d199857e1b95ec9c15a4574708fe1d2,45,2,FALSE,financial_indicators:x2_2:3e5d7bb4e2556b5927bc9839,financial_indicators,MN — Tasa Activa — Préstamos Varios > 1 año,MN — Tasa Activa — Préstamos Varios > 1 año,monthly,PERCENT,2011-01-01T00:00:00Z,2014-11-30T00:00:00Z,review_indicator_only
6d199857e1b95ec9c15a4574708fe1d2,45,2,FALSE,financial_indicators:x3_2:01034811c6d4f34864843029,financial_indicators,MN — Préstamos Varios > 1 año — TPP,MN — Préstamos Varios > 1 año — TPP,monthly,PERCENT,2011-01-01T00:00:00Z,2014-11-30T00:00:00Z,review_indicator_only
6d9daff3f1106ed85c70cc080da9f0a9,17,2,FALSE,insurance_annex:x1_16:40b1682c03a8226d0a46e943,insurance_annex,Recupero de Siniestros Directos (Guaraníes) — Total Rama Patrimonial,Recupero de Siniestros Directos (Guaraníes) — Recupero de Siniestros Directos (Guaraníes) — Total Rama Patrimonial,annual,PYG,2009-01-01T00:00:00Z,2025-12-31T00:00:00Z,review_indicator_only
6d9daff3f1106ed85c70cc080da9f0a9,17,2,FALSE,insurance_annex:x1_16:df85e65c827bcae79b7b11e6,insurance_annex,Recupero de Siniestros Directos (Guaraníes) — Total Recupero de siniestros directos,Recupero de Siniestros Directos (Guaraníes) — Recupero de Siniestros Directos (Guaraníes) — Total Recupero de siniestros directos,annual,PYG,2009-01-01T00:00:00Z,2025-12-31T00:00:00Z,review_indicator_only
6e5e345aa73f2bf1e4ae8b2f1e39ecaf,17,2,FALSE,insurance_annex:x1_30:79ad3441b08e5c4b40bf50d3,insurance_annex,Gastos de cesión reaseguros cedidos - contratos no proporcionales (Guaraníes) — Agropecuario,Gastos de cesión reaseguros cedidos - contratos no proporcionales (Guaraníes) — Gastos de cesión reaseguros cedidos - contratos no proporcionales (Guaraníes) — Agropecuario,annual,PYG,2009-01-01T00:00:00Z,2025-12-31T00:00:00Z,review_indicator_only
6e5e345aa73f2bf1e4ae8b2f1e39ecaf,17,2,FALSE,insurance_annex:x1_30:dfe9488c8bc0cf684ec32a85,insurance_annex,Total Gastos Reaseguros Cedidos - exterior (Guaraníes) — Agropecuario,Total Gastos Reaseguros Cedidos - exterior (Guaraníes) — Total Gastos Reaseguros Cedidos - exterior (Guaraníes) — Agropecuario,annual,PYG,2009-01-01T00:00:00Z,2025-12-31T00:00:00Z,review_indicator_only
6e98dd4ce70016a0c9ad00107e67a7be,49,2,FALSE,financial_indicators:x3_1:0bb5fea312ed4b8b47270fa9,financial_indicators,MN — Préstamos Varios <= 1 año — Prom Min,MN — Préstamos Varios <= 1 año — Prom Min,monthly,PERCENT,2011-01-01T00:00:00Z,2020-11-30T00:00:00Z,review_indicator_only
6e98dd4ce70016a0c9ad00107e67a7be,49,2,FALSE,financial_indicators:x3_1:422ebf8a745f5455724f480c,financial_indicators,MN — Préstamos Varios <= 1 año — Min,MN — Préstamos Varios <= 1 año — Min,monthly,PERCENT,2011-01-01T00:00:00Z,2020-11-30T00:00:00Z,review_indicator_only
6eac73dee188f2d8e6ec07849f4fc25f,17,2,FALSE,insurance_annex:x1_30:7942e2f405261487fa770247,insurance_annex,Gastos de cesión reaseguros cedidos - contratos no proporcionales (Guaraníes) — Gastos de Cesión Reaseguros Sección Defunción o Sepelio,Gastos de cesión reaseguros cedidos - contratos no proporcionales (Guaraníes) — Gastos de cesión reaseguros cedidos - contratos no proporcionales (Guaraníes) — Gastos de Cesión Reaseguros Sección Defunción o Sepelio,annual,PYG,2009-01-01T00:00:00Z,2025-12-31T00:00:00Z,review_indicator_only
6eac73dee188f2d8e6ec07849f4fc25f,17,2,FALSE,insurance_annex:x1_30:ec9bde23231a31f79c91e0af,insurance_annex,Total Gastos Reaseguros Cedidos - exterior (Guaraníes) — Total Gastos de Cesión Reaseguros Sección Defunción o Sepelio,Total Gastos Reaseguros Cedidos - exterior (Guaraníes) — Total Gastos Reaseguros Cedidos - exterior (Guaraníes) — Total Gastos de Cesión Reaseguros Sección Defunción o Sepelio,annual,PYG,2009-01-01T00:00:00Z,2025-12-31T00:00:00Z,review_indicator_only
6f0418f55b079419e781a7b7014aa42b,186,2,FALSE,financial_indicators:x3_1:d23271278cdbde4b6edfc2cb,financial_indicators,ME — Depósitos a Plazo > 365 días — Min,ME — Depósitos a Plazo > 365 días — Min,monthly,PERCENT,2011-01-01T00:00:00Z,2026-06-30T00:00:00Z,review_indicator_only
6f0418f55b079419e781a7b7014aa42b,186,2,FALSE,financial_indicators:x3_2:d23271278cdbde4b6edfc2cb,financial_indicators,ME — Depósitos a Plazo > 365 días — Min,ME — Depósitos a Plazo > 365 días — Min,monthly,PERCENT,2011-01-01T00:00:00Z,2026-06-30T00:00:00Z,review_indicator_only
6fc3df0c96400a98f822204dbbfa56d2,186,2,FALSE,financial_indicators:x4:6dd96352f65d1d140923865b,financial_indicators,MN — Tasa Pasiva — Otros Depósitos — Total,MN — Tasa Pasiva — Otros Depósitos — Total,monthly,PYG,2011-01-01T00:00:00Z,2026-06-30T00:00:00Z,review_indicator_only
6fc3df0c96400a98f822204dbbfa56d2,186,2,FALSE,financial_indicators:x4:aebe10e1a8ee45fe5fab6286,financial_indicators,MN — Tasa Pasiva — Otros Depósitos,MN — Tasa Pasiva — Otros Depósitos,monthly,PYG,2011-01-01T00:00:00Z,2026-06-30T00:00:00Z,review_indicator_only
7087ff43709891db51346698cc8bae73,32,2,FALSE,financial_indicators:x3_2:55a255fc99cc789044694ffb,financial_indicators,ME — Préstamos Varios > 1 año — Max,ME — Préstamos Varios > 1 año — Max,monthly,PERCENT,2011-02-01T00:00:00Z,2014-07-31T00:00:00Z,review_indicator_only
7087ff43709891db51346698cc8bae73,32,2,FALSE,financial_indicators:x3_2:88132a6ea975ce80a4fa97fe,financial_indicators,ME — Préstamos Varios > 1 año — Prom Max,ME — Préstamos Varios > 1 año — Prom Max,monthly,PERCENT,2011-02-01T00:00:00Z,2014-07-31T00:00:00Z,review_indicator_only
71ac11e6a47559b433f5078843c4b3a9,2,2,FALSE,lrm_auctions:subastas_2013:6096a06e3bcc39cee6836992,lrm_auctions,Plazos Estandarizados: 91 — Plazos Residuales: 88 — Mínima,lrm_auction_tenor — Plazos Estandarizados: 91 — Plazos Residuales: 88 — Mínima,irregular_daily,UNRESOLVED_SOURCE_UNITS,2013-03-26T00:00:00Z,2013-08-16T00:00:00Z,review_indicator_only
71ac11e6a47559b433f5078843c4b3a9,2,2,FALSE,lrm_auctions:subastas_2013:82405bd97c8c061860f67e15,lrm_auctions,Plazos Estandarizados: 91 — Plazos Residuales: 88 — Mínima,lrm_auction_tenor — Plazos Estandarizados: 91 — Plazos Residuales: 88 — Mínima,irregular_daily,UNRESOLVED_SOURCE_UNITS,2013-03-26T00:00:00Z,2013-08-16T00:00:00Z,review_indicator_only
721f08dea733ed91ebe9d9ec44c656f4,17,2,FALSE,insurance_annex:x1_12:77d0adf61433de0f271d16ef,insurance_annex,Total Participación Recupero reaseguros cedidos exterior — Transporte,Total Participación Recupero reaseguros cedidos exterior — Total Participación Recupero reaseguros cedidos exterior — Transporte,annual,PYG,2009-01-01T00:00:00Z,2025-12-31T00:00:00Z,review_indicator_only
721f08dea733ed91ebe9d9ec44c656f4,17,2,FALSE,insurance_annex:x1_12:a2180662c6be178d3c1a5fb7,insurance_annex,Participación Recupero reaseguros cedidos exterior - Proporcional — Transporte,Participación Recupero reaseguros cedidos exterior - Proporcional — Participación Recupero reaseguros cedidos exterior - Proporcional — Transporte,annual,PYG,2009-01-01T00:00:00Z,2025-12-31T00:00:00Z,review_indicator_only
72355cd9eee4346f8a17ff60c9b7aa05,247,2,FALSE,economic_annex:cuadro_52b:ccb28d5b6814e38c53a3bae3,economic_annex,Legumbres y hortalizas — Importación Registrada,Legumbres y hortalizas — Legumbres y hortalizas — Importación Registrada,monthly,TONNES,2006-01-01T00:00:00Z,2026-07-31T00:00:00Z,review_indicator_only
72355cd9eee4346f8a17ff60c9b7aa05,247,2,FALSE,economic_annex:cuadro_52b:cd023c1c6056bab3ae348989,economic_annex,Legumbres y hortalizas — Importacion para consumo interno,Legumbres y hortalizas — Legumbres y hortalizas — Importacion para consumo interno,monthly,TONNES,2006-01-01T00:00:00Z,2026-07-31T00:00:00Z,review_indicator_only
733eb6723f6672e5a2396ddfbf8c9bbf,247,2,FALSE,economic_annex:cuadro_52a:2b0a5db90602d17431c5fc25,economic_annex,Artefactos eléctricos — Importacion bajo el Regimen de Turismo,Artefactos eléctricos — Artefactos eléctricos — Importacion bajo el Regimen de Turismo,monthly,USD,2006-01-01T00:00:00Z,2026-07-31T00:00:00Z,review_indicator_only
733eb6723f6672e5a2396ddfbf8c9bbf,247,2,FALSE,economic_annex:cuadro_52a:8c45ecb0996b8c992471e21f,economic_annex,Duraderos — Importacion bajo el Regimen de Turismo,Duraderos — Duraderos — Importacion bajo el Regimen de Turismo,monthly,USD,2006-01-01T00:00:00Z,2026-07-31T00:00:00Z,review_indicator_only
7395e423a5486461b74fa26984e6ac0b,17,2,FALSE,insurance_annex:x1_29:05f44c7df06702824980aeb5,insurance_annex,Gastos de cesión reaseguros cedidos - contratos no proporcionales (Local) — Transporte,Gastos de cesión reaseguros cedidos - contratos no proporcionales (Local) — Gastos de cesión reaseguros cedidos - contratos no proporcionales (Local) — Transporte,annual,PYG,2009-01-01T00:00:00Z,2025-12-31T00:00:00Z,review_indicator_only
7395e423a5486461b74fa26984e6ac0b,17,2,FALSE,insurance_annex:x1_29:0b4ddd33fdc316e559914927,insurance_annex,Total Gastos Reaseguros Cedidos - local — Transporte,Total Gastos Reaseguros Cedidos - local — Total Gastos Reaseguros Cedidos - local — Transporte,annual,PYG,2009-01-01T00:00:00Z,2025-12-31T00:00:00Z,review_indicator_only
74f5bb2ba9bda13ad495cea7f0de3454,73,2,FALSE,economic_annex:cuadro_39:e7fbc6206fd23a36a9a033c2,economic_annex,2.2 Pasivos,2.2 Pasivos,quarterly,USD,2008-01-01T00:00:00Z,2026-03-31T00:00:00Z,review_indicator_only
74f5bb2ba9bda13ad495cea7f0de3454,73,2,FALSE,economic_annex:cuadro_40:2ee16f5a22e6b073c76db28b,economic_annex,14. Inversión de cartera - pasivos,14. Inversión de cartera - pasivos,quarterly,USD,2008-01-01T00:00:00Z,2026-03-31T00:00:00Z,review_indicator_only
757a6f54ce713554d5c27a0c0df8237a,391,2,FALSE,economic_annex:cuadro_51a:e11e73c28e5a9949e2c2350f,economic_annex,Vidrios y sus manufacturas,Vidrios y sus manufacturas,monthly,USD,1994-01-01T00:00:00Z,2026-07-31T00:00:00Z,review_indicator_only
757a6f54ce713554d5c27a0c0df8237a,391,2,FALSE,economic_annex:cuadro_53a:4e57ae839759e3d418554e8d,economic_annex,Vidrio y sus manufacturas,Vidrio y sus manufacturas,monthly,USD,1994-01-01T00:00:00Z,2026-07-31T00:00:00Z,review_indicator_only
7618ab055e138892ed735e84c568bce8,2,2,FALSE,lrm_auctions:subastas_2022:7c22f0dab2c1ad133ca5ff18,lrm_auctions,Plazos Estandarizados: 546 — Plazos Residuales: 553 — Mínima,lrm_auction_tenor — Plazos Estandarizados: 546 — Plazos Residuales: 553 — Mínima,irregular_daily,UNRESOLVED_SOURCE_UNITS,2022-11-23T00:00:00Z,2022-12-21T00:00:00Z,review_indicator_only
7618ab055e138892ed735e84c568bce8,2,2,FALSE,lrm_auctions:subastas_2022:8739aec9d9e7afaa55117a42,lrm_auctions,Plazos Estandarizados: 546 — Plazos Residuales: 553 — Mínima,lrm_auction_tenor — Plazos Estandarizados: 546 — Plazos Residuales: 553 — Mínima,irregular_daily,UNRESOLVED_SOURCE_UNITS,2022-11-23T00:00:00Z,2022-12-21T00:00:00Z,review_indicator_only
773e7f96feda33517e3567ae3f96d325,17,2,FALSE,insurance_annex:x1_32:3a878311c4e819654fff80e8,insurance_annex,Total Gastos Reaseguros Aceptados - Exterior (Guaraníes) — Responsabilidad Civil,Total Gastos Reaseguros Aceptados - Exterior (Guaraníes) — Total Gastos Reaseguros Aceptados - Exterior (Guaraníes) — Responsabilidad Civil,annual,PYG,2009-01-01T00:00:00Z,2025-12-31T00:00:00Z,review_indicator_only
773e7f96feda33517e3567ae3f96d325,17,2,FALSE,insurance_annex:x1_32:ac64507d2e02a56954860c68,insurance_annex,Participación utilidades reaseguros aceptados - contratos proporcionales (Guaraníes) — Responsabilidad Civil,Participación utilidades reaseguros aceptados - contratos proporcionales (Guaraníes) — Participación utilidades reaseguros aceptados - contratos proporcionales (Guaraníes) — Responsabilidad Civil,annual,PYG,2009-01-01T00:00:00Z,2025-12-31T00:00:00Z,review_indicator_only
7796bd57da46b1f3b974941fbd3aff0a,127,2,FALSE,financial_indicators:x2_1:ad7cb5265b773b260166f7f9,financial_indicators,ME — Tasa Activa — Préstamo Personal - Microcréditos > 1 año,ME — Tasa Activa — Préstamo Personal - Microcréditos > 1 año,monthly,PERCENT,2014-09-01T00:00:00Z,2026-06-30T00:00:00Z,review_indicator_only
7796bd57da46b1f3b974941fbd3aff0a,127,2,FALSE,financial_indicators:x3_1:38cdd337e42cfda495e7bf36,financial_indicators,ME — Préstamo Personal - Microcréditos > 1 año — TPP,ME — Préstamo Personal - Microcréditos > 1 año — TPP,monthly,PERCENT,2014-09-01T00:00:00Z,2026-06-30T00:00:00Z,review_indicator_only
77c9e0e39a25e25df0a2d0e4166ff66f,17,2,FALSE,insurance_annex:x1_29:0c5964210016601b8e94b5c0,insurance_annex,Total Gastos Reaseguros Cedidos - local — Total Gastos de Cesión Reaseguros Sección Vida Individual Corto Plazo,Total Gastos Reaseguros Cedidos - local — Total Gastos Reaseguros Cedidos - local — Total Gastos de Cesión Reaseguros Sección Vida Individual Corto Plazo,annual,PYG,2009-01-01T00:00:00Z,2025-12-31T00:00:00Z,review_indicator_only
77c9e0e39a25e25df0a2d0e4166ff66f,17,2,FALSE,insurance_annex:x1_29:f7ff37c4a30e99ba4239b8a6,insurance_annex,Gastos de cesión reaseguros cedidos - contratos no proporcionales (Local) — Gastos de Cesión Reaseguros Sección Vida Individual Corto Plazo,Gastos de cesión reaseguros cedidos - contratos no proporcionales (Local) — Gastos de cesión reaseguros cedidos - contratos no proporcionales (Local) — Gastos de Cesión Reaseguros Sección Vida Individual Corto Plazo,annual,PYG,2009-01-01T00:00:00Z,2025-12-31T00:00:00Z,review_indicator_only
77e3ad96cd69cea796bffcef731e8d4b,5,2,FALSE,lrm_auctions:subastas_2019:7c22f0dab2c1ad133ca5ff18,lrm_auctions,Plazos Estandarizados: 546 — Plazos Residuales: 553 — Mínima,lrm_auction_tenor — Plazos Estandarizados: 546 — Plazos Residuales: 553 — Mínima,irregular_daily,UNRESOLVED_SOURCE_UNITS,2019-01-23T00:00:00Z,2019-10-23T00:00:00Z,review_indicator_only
77e3ad96cd69cea796bffcef731e8d4b,5,2,FALSE,lrm_auctions:subastas_2019:8739aec9d9e7afaa55117a42,lrm_auctions,Plazos Estandarizados: 546 — Plazos Residuales: 553 — Mínima,lrm_auction_tenor — Plazos Estandarizados: 546 — Plazos Residuales: 553 — Mínima,irregular_daily,UNRESOLVED_SOURCE_UNITS,2019-01-23T00:00:00Z,2019-10-23T00:00:00Z,review_indicator_only
789da87079e9c968a10eb343e1035299,54,2,TRUE,credit_survey:percent:7233412a3197468198647080,credit_survey,21 - En el proceso de negociación del crédito los clientes emiten comentarios que coinciden con las siguientes afirmaciones. — El tiempo disponible no es suficiente.,21 - En el proceso de negociación del crédito los clientes emiten comentarios que coinciden con las siguientes afirmaciones. — El tiempo disponible no es suficiente.,quarterly,PROPORTION,2013-01-01T00:00:00Z,2026-06-30T00:00:00Z,review_indicator_only
789da87079e9c968a10eb343e1035299,54,2,TRUE,credit_survey:percent:a7196c4e9a775093abcdd3e4,credit_survey,"20 - Cuando su entidad evalúa el riesgo para la concesión de nuevos créditos, ¿qué factores tiene en cuenta?. — Otros","20 - Cuando su entidad evalúa el riesgo para la concesión de nuevos créditos, ¿qué factores tiene en cuenta?. — Otros",quarterly,PROPORTION,2013-01-01T00:00:00Z,2026-06-30T00:00:00Z,review_indicator_only
78c148eac3ed1de3d4011171ec365cc3,3,2,FALSE,interbank_market:mdo_secundario:2e4b1117b0bdf0198c575695,interbank_market,Tipo de Instrumento: LRM — Plazo residual (días): 86 — event_instance:2 — Monto (Millones Gs),secondary_market_operation — Tipo de Instrumento: LRM — Plazo residual (días): 86 — event_instance:2 — Monto (Millones Gs),irregular_daily,UNRESOLVED_SOURCE_UNITS,2013-07-03T00:00:00Z,2025-01-08T00:00:00Z,review_indicator_only
78c148eac3ed1de3d4011171ec365cc3,3,2,FALSE,interbank_market:mdo_secundario:ac2a692415b8fe6bdeb608fc,interbank_market,Tipo de Instrumento: LRM — Plazo residual (días): 86 — event_instance:1 — Monto (Millones Gs),secondary_market_operation — Tipo de Instrumento: LRM — Plazo residual (días): 86 — event_instance:1 — Monto (Millones Gs),irregular_daily,UNRESOLVED_SOURCE_UNITS,2013-07-03T00:00:00Z,2025-01-08T00:00:00Z,review_indicator_only
78c2b0cbb64ce79a30fc2728866eea86,4,2,FALSE,lrm_auctions:subastas_2019:5aec5344e114c688c24f3cfd,lrm_auctions,Plazos Estandarizados: 35 — Plazos Residuales: 35 — Montos Asignados,lrm_auction_tenor — Plazos Estandarizados: 35 — Plazos Residuales: 35 — Montos Asignados,irregular_daily,UNRESOLVED_SOURCE_UNITS,2019-02-20T00:00:00Z,2019-12-26T00:00:00Z,review_indicator_only
78c2b0cbb64ce79a30fc2728866eea86,4,2,FALSE,lrm_auctions:subastas_2019:fc22729f3313615a9203476a,lrm_auctions,Plazos Estandarizados: 35 — Plazos Residuales: 35 — Montos Ofertados,lrm_auction_tenor — Plazos Estandarizados: 35 — Plazos Residuales: 35 — Montos Ofertados,irregular_daily,UNRESOLVED_SOURCE_UNITS,2019-02-20T00:00:00Z,2019-12-26T00:00:00Z,review_indicator_only
78c63126f253d447a57d560feae448bb,3,2,FALSE,lrm_auctions:subastas_2018:4b551f3170b65c380c5f7c82,lrm_auctions,Plazos Estandarizados: 91 — Plazos Residuales: 98 — Mínima,lrm_auction_tenor — Plazos Estandarizados: 91 — Plazos Residuales: 98 — Mínima,irregular_daily,UNRESOLVED_SOURCE_UNITS,2018-03-22T00:00:00Z,2018-12-19T00:00:00Z,review_indicator_only
78c63126f253d447a57d560feae448bb,3,2,FALSE,lrm_auctions:subastas_2018:a4d118f1fd0175e34946721c,lrm_auctions,Plazos Estandarizados: 91 — Plazos Residuales: 98 — Mínima,lrm_auction_tenor — Plazos Estandarizados: 91 — Plazos Residuales: 98 — Mínima,irregular_daily,UNRESOLVED_SOURCE_UNITS,2018-03-22T00:00:00Z,2018-12-19T00:00:00Z,review_indicator_only
78d4fc754913bec4707bff40789b05a1,186,2,FALSE,financial_indicators:x7:19a1d23e6fd4260b94907b0c,financial_indicators,ME — Tasa Activa — Sobregiros,ME — Tasa Activa — Sobregiros,monthly,UNRESOLVED_SOURCE_UNITS,2011-01-01T00:00:00Z,2026-06-30T00:00:00Z,review_indicator_only
78d4fc754913bec4707bff40789b05a1,186,2,FALSE,financial_indicators:x7:882e15a2bc2292fac8129199,financial_indicators,ME — Tasa Activa — Sobregiros — Total,ME — Tasa Activa — Sobregiros — Total,monthly,UNRESOLVED_SOURCE_UNITS,2011-01-01T00:00:00Z,2026-06-30T00:00:00Z,review_indicator_only
793dbf117d573457c569abf9046e99a1,247,2,FALSE,economic_annex:cuadro_52b:239a225baab60949386a7f94,economic_annex,Cementos — Importacion para consumo interno,Cementos — Cementos — Importacion para consumo interno,monthly,TONNES,2006-01-01T00:00:00Z,2026-07-31T00:00:00Z,review_indicator_only
793dbf117d573457c569abf9046e99a1,247,2,FALSE,economic_annex:cuadro_52b:6a77cd27d00a6242effbd0ea,economic_annex,Cementos — Importación Registrada,Cementos — Cementos — Importación Registrada,monthly,TONNES,2006-01-01T00:00:00Z,2026-07-31T00:00:00Z,review_indicator_only
7a66522367f176d4ce98ad4be1265666,247,2,FALSE,economic_annex:cuadro_52b:092100ea951c4d4cd4d6f320,economic_annex,Gases — Importacion para consumo interno,Gases — Gases — Importacion para consumo interno,monthly,TONNES,2006-01-01T00:00:00Z,2026-07-31T00:00:00Z,review_indicator_only
7a66522367f176d4ce98ad4be1265666,247,2,FALSE,economic_annex:cuadro_52b:b64a4b3e333957f5152ccf50,economic_annex,Gases — Importación Registrada,Gases — Gases — Importación Registrada,monthly,TONNES,2006-01-01T00:00:00Z,2026-07-31T00:00:00Z,review_indicator_only
7ac236c480e76dde3507cf6b80ee1aa2,126,2,FALSE,banking_indicators:x1:c3c4e81498a67d550ed6dda5,banking_indicators,Cantidad de líneas de sobregiros sin utilizar — Total,Cantidad de líneas de sobregiros sin utilizar — Total,monthly,COUNT,2016-01-01T00:00:00Z,2026-06-30T00:00:00Z,review_indicator_only
7ac236c480e76dde3507cf6b80ee1aa2,126,2,FALSE,banking_indicators:x3:84d88dc0ded7ef8ce2fa2b37,banking_indicators,Cantidad de líneas de sobregiros sin utilizar,Cantidad de líneas de sobregiros sin utilizar,monthly,COUNT,2016-01-01T00:00:00Z,2026-06-30T00:00:00Z,review_indicator_only
7b307ee0cf167b283b3f9ebe5afeac43,186,2,FALSE,financial_indicators:x2_1:0b0b899420343a491cdce99c,financial_indicators,MN — Tasa Activa — Préstamo Personal - vivienda > 1 año,MN — Tasa Activa — Préstamo Personal - vivienda > 1 año,monthly,PERCENT,2011-01-01T00:00:00Z,2026-06-30T00:00:00Z,review_indicator_only
7b307ee0cf167b283b3f9ebe5afeac43,186,2,FALSE,financial_indicators:x3_1:69f48d4a984ab96c88676230,financial_indicators,MN — Préstamo Personal - vivienda > 1 año — TPP,MN — Préstamo Personal - vivienda > 1 año — TPP,monthly,PERCENT,2011-01-01T00:00:00Z,2026-06-30T00:00:00Z,review_indicator_only
7bb4430461c34af4c7fb117ab86188e7,247,2,FALSE,economic_annex:cuadro_52b:539a6abdf4e1694643a26d36,economic_annex,Otros bienes intermedios (d) — Importacion para consumo interno,Otros bienes intermedios (d) — Otros bienes intermedios (d) — Importacion para consumo interno,monthly,TONNES,2006-01-01T00:00:00Z,2026-07-31T00:00:00Z,review_indicator_only
7bb4430461c34af4c7fb117ab86188e7,247,2,FALSE,economic_annex:cuadro_52b:86655cf5c8476294ab7ad6fc,economic_annex,Otros bienes intermedios (d) — Importación Registrada,Otros bienes intermedios (d) — Otros bienes intermedios (d) — Importación Registrada,monthly,TONNES,2006-01-01T00:00:00Z,2026-07-31T00:00:00Z,review_indicator_only
7bc468c2e11dce4054b072b56d5d1070,116,2,FALSE,direct_investment:cuadro_1:1665e3cd3ddf219561e5b1ed,direct_investment,TOTAL DE INVERSION DIRECTA — PRESTAMOS DE IED,TOTAL DE INVERSION DIRECTA — PRESTAMOS DE IED,quarterly,USD,1996-01-01T00:00:00Z,2024-12-31T00:00:00Z,review_indicator_only
7bc468c2e11dce4054b072b56d5d1070,116,2,FALSE,direct_investment:cuadro_1:71ac59e5f273bd46a851d856,direct_investment,EMPRESAS NO FINANCIERAS — PRESTAMOS DE IED,EMPRESAS NO FINANCIERAS — PRESTAMOS DE IED,quarterly,USD,1996-01-01T00:00:00Z,2024-12-31T00:00:00Z,review_indicator_only
7bd4c3df33647d81e5b2f2e3e0ab7d08,46,2,FALSE,financial_indicators:x2_2:6dfe4ab3c292e5f43b9dc5ec,financial_indicators,ME — Tasa Activa — Préstamos Varios <= 1 año,ME — Tasa Activa — Préstamos Varios <= 1 año,monthly,PERCENT,2011-01-01T00:00:00Z,2014-10-31T00:00:00Z,review_indicator_only
7bd4c3df33647d81e5b2f2e3e0ab7d08,46,2,FALSE,financial_indicators:x3_2:6af6f995a19adc09d5c0f752,financial_indicators,ME — Préstamos Varios <= 1 año — TPP,ME — Préstamos Varios <= 1 año — TPP,monthly,PERCENT,2011-01-01T00:00:00Z,2014-10-31T00:00:00Z,review_indicator_only
7c86f37258b1590dc96dba19807a40c9,379,2,FALSE,economic_annex:cuadro_20:b19650e61d3f12d0e70674cb,economic_annex,Sector público — Total neto — 6=4+5,Sector público — Total neto — 6=4+5,monthly,USD,1995-01-01T00:00:00Z,2026-07-31T00:00:00Z,supported_cross_source_overlap
7c86f37258b1590dc96dba19807a40c9,379,2,FALSE,fx_operations:public_sector:net:monthly,fx_operations,public_sector — net — monthly,,monthly,USD,1995-01-01T00:00:00Z,2026-07-31T00:00:00Z,supported_cross_source_overlap
7d4311931034628dbcb0c7baa7446410,73,2,FALSE,economic_annex:cuadro_37:284f96176785687ff3a4e657,economic_annex,4. — 4.2.3 — Préstamos,4. — 4.2.3 — Préstamos,quarterly,USD,2008-01-01T00:00:00Z,2026-03-31T00:00:00Z,review_indicator_only
7d4311931034628dbcb0c7baa7446410,73,2,FALSE,economic_annex:cuadro_39:b23e02e3dc349e35057f742e,economic_annex,4.2.3 Préstamos,4.2.3 Préstamos,quarterly,USD,2008-01-01T00:00:00Z,2026-03-31T00:00:00Z,review_indicator_only
7df3992604206421f1d862e49cb5369e,36,2,FALSE,economic_annex:cuadro_20:d18c3d86766136fb715a8a33,economic_annex,Sector financiero — Venta — 2,Sector financiero — Venta — 2,annual,USD,1990-01-01T00:00:00Z,2025-12-31T00:00:00Z,supported_cross_source_overlap
7df3992604206421f1d862e49cb5369e,36,2,FALSE,fx_operations:financial_sector:sale:annual,fx_operations,financial_sector — sale — annual,,annual,USD,1990-01-01T00:00:00Z,2025-12-31T00:00:00Z,supported_cross_source_overlap
7eaacf568ab20cfcbce7a528ea097bc9,2,2,FALSE,lrm_auctions:subastas_2023:4e5fa0b8f6756d7795ea8262,lrm_auctions,Plazos Estandarizados: 182 — Plazos Residuales: 189 — Mínima,lrm_auction_tenor — Plazos Estandarizados: 182 — Plazos Residuales: 189 — Mínima,irregular_daily,UNRESOLVED_SOURCE_UNITS,2023-09-21T00:00:00Z,2023-11-23T00:00:00Z,review_indicator_only
7eaacf568ab20cfcbce7a528ea097bc9,2,2,FALSE,lrm_auctions:subastas_2023:e20621bef08ca53683d8c2dd,lrm_auctions,Plazos Estandarizados: 182 — Plazos Residuales: 189 — Mínima,lrm_auction_tenor — Plazos Estandarizados: 182 — Plazos Residuales: 189 — Mínima,irregular_daily,UNRESOLVED_SOURCE_UNITS,2023-09-21T00:00:00Z,2023-11-23T00:00:00Z,review_indicator_only
7f6a65247ac6f0a335a05eb12321e5ad,17,2,FALSE,insurance_annex:x1_30:49cac0531d54eda889f01290,insurance_annex,Gastos de cesión reaseguros cedidos - contratos no proporcionales (Guaraníes) — Accidentes a Pasajeros,Gastos de cesión reaseguros cedidos - contratos no proporcionales (Guaraníes) — Gastos de cesión reaseguros cedidos - contratos no proporcionales (Guaraníes) — Accidentes a Pasajeros,annual,PYG,2009-01-01T00:00:00Z,2025-12-31T00:00:00Z,review_indicator_only
7f6a65247ac6f0a335a05eb12321e5ad,17,2,FALSE,insurance_annex:x1_30:fb17de73484286950d2f23f2,insurance_annex,Total Gastos Reaseguros Cedidos - exterior (Guaraníes) — Accidentes a Pasajeros,Total Gastos Reaseguros Cedidos - exterior (Guaraníes) — Total Gastos Reaseguros Cedidos - exterior (Guaraníes) — Accidentes a Pasajeros,annual,PYG,2009-01-01T00:00:00Z,2025-12-31T00:00:00Z,review_indicator_only
7f8164aa49bd70478f8195ba0c824606,17,2,FALSE,insurance_annex:x1_29:28261d407d5b17bd94cad99c,insurance_annex,Gastos de cesión reaseguros cedidos - contratos no proporcionales (Local) — Gastos de Cesión Reaseguros Sección Seguros Colectivos Corto Plazo,Gastos de cesión reaseguros cedidos - contratos no proporcionales (Local) — Gastos de cesión reaseguros cedidos - contratos no proporcionales (Local) — Gastos de Cesión Reaseguros Sección Seguros Colectivos Corto Plazo,annual,PYG,2009-01-01T00:00:00Z,2025-12-31T00:00:00Z,review_indicator_only
7f8164aa49bd70478f8195ba0c824606,17,2,FALSE,insurance_annex:x1_29:7660a171b9ffb4956e7f190d,insurance_annex,Total Gastos Reaseguros Cedidos - local — Total Gastos de Cesión Reaseguros Sección Seguros Colectivos Corto Pla,Total Gastos Reaseguros Cedidos - local — Total Gastos Reaseguros Cedidos - local — Total Gastos de Cesión Reaseguros Sección Seguros Colectivos Corto Pla,annual,PYG,2009-01-01T00:00:00Z,2025-12-31T00:00:00Z,review_indicator_only
7ff5b661aa44a92e2d8fc3116a5667e9,17,2,FALSE,insurance_annex:x1_31:9493a45b1ca590d507ccf421,insurance_annex,Total Gastos Reaseguros Aceptados - Local (Guaraníes) — Responsabilidad Civil,Total Gastos Reaseguros Aceptados - Local (Guaraníes) — Total Gastos Reaseguros Aceptados - Local (Guaraníes) — Responsabilidad Civil,annual,PYG,2009-01-01T00:00:00Z,2025-12-31T00:00:00Z,review_indicator_only
7ff5b661aa44a92e2d8fc3116a5667e9,17,2,FALSE,insurance_annex:x1_31:ac64507d2e02a56954860c68,insurance_annex,Participación utilidades reaseguros aceptados - contratos proporcionales (Guaraníes) — Responsabilidad Civil,Participación utilidades reaseguros aceptados - contratos proporcionales (Guaraníes) — Participación utilidades reaseguros aceptados - contratos proporcionales (Guaraníes) — Responsabilidad Civil,annual,PYG,2009-01-01T00:00:00Z,2025-12-31T00:00:00Z,review_indicator_only
80053a181c5686afdaf7678cf92fdb8f,49,2,FALSE,financial_indicators:x3_1:54c7d2f8db3bda6b9b0970ec,financial_indicators,MN — Préstamos Varios <= 1 año — Prom Max,MN — Préstamos Varios <= 1 año — Prom Max,monthly,PERCENT,2011-01-01T00:00:00Z,2020-11-30T00:00:00Z,review_indicator_only
80053a181c5686afdaf7678cf92fdb8f,49,2,FALSE,financial_indicators:x3_1:c5fabc388ed5ecff712db241,financial_indicators,MN — Préstamos Varios <= 1 año — Max,MN — Préstamos Varios <= 1 año — Max,monthly,PERCENT,2011-01-01T00:00:00Z,2020-11-30T00:00:00Z,review_indicator_only
8044bbf7c8b9c0c8047374c2a8724e3c,247,2,FALSE,economic_annex:cuadro_52b:e51e391566e9d4a6e7cb4a53,economic_annex,Sal — Importacion para consumo interno,Sal — Sal — Importacion para consumo interno,monthly,TONNES,2006-01-01T00:00:00Z,2026-07-31T00:00:00Z,review_indicator_only
8044bbf7c8b9c0c8047374c2a8724e3c,247,2,FALSE,economic_annex:cuadro_52b:fb729333bc85b0fb40e28570,economic_annex,Sal — Importación Registrada,Sal — Sal — Importación Registrada,monthly,TONNES,2006-01-01T00:00:00Z,2026-07-31T00:00:00Z,review_indicator_only
80b25fac5fddd41f31815606ec8fafa1,17,2,FALSE,insurance_annex:x1_2:0a4b0b67fe77558a6c16bc13,insurance_annex,Total Primas Reaseguros Aceptados (Local) (Guaraníes) — Accidentes a Pasajeros,Total Primas Reaseguros Aceptados (Local) (Guaraníes) — Total Primas Reaseguros Aceptados (Local) (Guaraníes) — Accidentes a Pasajeros,annual,PYG,2009-01-01T00:00:00Z,2025-12-31T00:00:00Z,review_indicator_only
80b25fac5fddd41f31815606ec8fafa1,17,2,FALSE,insurance_annex:x1_2:b38379d54ab9b4518d0a733d,insurance_annex,Primas Reaseguros Aceptados (Local) Contratos Proporcionales (Guaraníes) — Accidentes a Pasajeros,Primas Reaseguros Aceptados (Local) Contratos Proporcionales (Guaraníes) — Primas Reaseguros Aceptados (Local) Contratos Proporcionales (Guaraníes) — Accidentes a Pasajeros,annual,PYG,2009-01-01T00:00:00Z,2025-12-31T00:00:00Z,review_indicator_only
82583892551d98342e0ba85edae4311a,3,2,FALSE,lrm_auctions:subastas_2016:5aec5344e114c688c24f3cfd,lrm_auctions,Plazos Estandarizados: 35 — Plazos Residuales: 35 — Montos Asignados,lrm_auction_tenor — Plazos Estandarizados: 35 — Plazos Residuales: 35 — Montos Asignados,irregular_daily,UNRESOLVED_SOURCE_UNITS,2016-06-22T00:00:00Z,2016-12-21T00:00:00Z,review_indicator_only
82583892551d98342e0ba85edae4311a,3,2,FALSE,lrm_auctions:subastas_2016:fc22729f3313615a9203476a,lrm_auctions,Plazos Estandarizados: 35 — Plazos Residuales: 35 — Montos Ofertados,lrm_auction_tenor — Plazos Estandarizados: 35 — Plazos Residuales: 35 — Montos Ofertados,irregular_daily,UNRESOLVED_SOURCE_UNITS,2016-06-22T00:00:00Z,2016-12-21T00:00:00Z,review_indicator_only
825aa0c5c9a2d83b8c8046a7c95c9c43,36,2,FALSE,economic_annex:cuadro_20:d904311a83a5131d502bcd3a,economic_annex,Sector público — Compra — 4,Sector público — Compra — 4,annual,USD,1990-01-01T00:00:00Z,2025-12-31T00:00:00Z,supported_cross_source_overlap
825aa0c5c9a2d83b8c8046a7c95c9c43,36,2,FALSE,fx_operations:public_sector:purchase:annual,fx_operations,public_sector — purchase — annual,,annual,USD,1990-01-01T00:00:00Z,2025-12-31T00:00:00Z,supported_cross_source_overlap
82a671048e91fba31f8c183ef3aa5dd1,3,2,FALSE,lrm_auctions:subastas_2015:5beeccad37c0b7f1f2692791,lrm_auctions,Plazos Estandarizados: 63 — Plazos Residuales: 56 — Montos Ofertados,lrm_auction_tenor — Plazos Estandarizados: 63 — Plazos Residuales: 56 — Montos Ofertados,irregular_daily,UNRESOLVED_SOURCE_UNITS,2015-01-28T00:00:00Z,2015-07-29T00:00:00Z,review_indicator_only
82a671048e91fba31f8c183ef3aa5dd1,3,2,FALSE,lrm_auctions:subastas_2015:efcf4db332ddff7ea118d64c,lrm_auctions,Plazos Estandarizados: 63 — Plazos Residuales: 56 — Montos Asignados,lrm_auction_tenor — Plazos Estandarizados: 63 — Plazos Residuales: 56 — Montos Asignados,irregular_daily,UNRESOLVED_SOURCE_UNITS,2015-01-28T00:00:00Z,2015-07-29T00:00:00Z,review_indicator_only
842a887afb1b817686905fc537a0ce34,126,2,FALSE,banking_indicators:x4:24bf60cc5d60ba1e6a6b9188,banking_indicators,Personas — Fisicas,Personas — Fisicas,monthly,UNRESOLVED_SOURCE_UNITS,2016-01-01T00:00:00Z,2026-06-30T00:00:00Z,review_indicator_only
842a887afb1b817686905fc537a0ce34,126,2,FALSE,banking_indicators:x5:5c0fd56409e36091e1e72dcc,banking_indicators,Total — Masculino,Total — Masculino,monthly,UNRESOLVED_SOURCE_UNITS,2016-01-01T00:00:00Z,2026-06-30T00:00:00Z,review_indicator_only
84478eb4e03ef057ad62345fb20bb13f,247,2,FALSE,economic_annex:cuadro_52b:2c286cafb4867f87190847df,economic_annex,Café — Importación Registrada,Café — Café — Importación Registrada,monthly,TONNES,2006-01-01T00:00:00Z,2026-07-31T00:00:00Z,review_indicator_only
84478eb4e03ef057ad62345fb20bb13f,247,2,FALSE,economic_annex:cuadro_52b:df16409d85e8a9540da5bef8,economic_annex,Café — Importacion para consumo interno,Café — Café — Importacion para consumo interno,monthly,TONNES,2006-01-01T00:00:00Z,2026-07-31T00:00:00Z,review_indicator_only
84be55ff62973ef366938df404c20550,116,2,FALSE,direct_investment:cuadro_2:1665e3cd3ddf219561e5b1ed,direct_investment,TOTAL DE INVERSION DIRECTA — PRESTAMOS DE IED,TOTAL DE INVERSION DIRECTA — PRESTAMOS DE IED,quarterly,USD,1996-01-01T00:00:00Z,2024-12-31T00:00:00Z,review_indicator_only
84be55ff62973ef366938df404c20550,116,2,FALSE,direct_investment:cuadro_2:71ac59e5f273bd46a851d856,direct_investment,EMPRESAS NO FINANCIERAS — PRESTAMOS DE IED,EMPRESAS NO FINANCIERAS — PRESTAMOS DE IED,quarterly,USD,1996-01-01T00:00:00Z,2024-12-31T00:00:00Z,review_indicator_only
84c90b734ce7f05f498d4f71cd8bf705,3,2,FALSE,lrm_auctions:subastas_2020:9b641e907ff47dfb7bd2d959,lrm_auctions,Plazos Estandarizados: 63 — Plazos Residuales: 56 — Asignado #,lrm_auction_tenor — Plazos Estandarizados: 63 — Plazos Residuales: 56 — Asignado #,irregular_daily,UNRESOLVED_SOURCE_UNITS,2020-01-29T00:00:00Z,2020-07-29T00:00:00Z,review_indicator_only
84c90b734ce7f05f498d4f71cd8bf705,3,2,FALSE,lrm_auctions:subastas_2020:bc3c70bc79470454e1623143,lrm_auctions,Plazos Estandarizados: 63 — Plazos Residuales: 56 — Ofertado #,lrm_auction_tenor — Plazos Estandarizados: 63 — Plazos Residuales: 56 — Ofertado #,irregular_daily,UNRESOLVED_SOURCE_UNITS,2020-01-29T00:00:00Z,2020-07-29T00:00:00Z,review_indicator_only
84d39048ee58caa412d5a8d674c09d40,73,2,FALSE,economic_annex:cuadro_37:f3ad90b45f80498886536f7d,economic_annex,2. — Inversión de cartera — Activos de Reserva,2. — Inversión de cartera — Activos de Reserva,quarterly,USD,2008-01-01T00:00:00Z,2026-03-31T00:00:00Z,review_indicator_only
84d39048ee58caa412d5a8d674c09d40,73,2,FALSE,economic_annex:cuadro_39:284837295e7e79e96f228a7b,economic_annex,2. Inversión de cartera,2. Inversión de cartera,quarterly,USD,2008-01-01T00:00:00Z,2026-03-31T00:00:00Z,review_indicator_only
850ca85553c8497449cbadb22ed34bc3,17,2,FALSE,insurance_annex:x1_19:14abc88d5611ae3757325dab,insurance_annex,Participación Recupero Reaseguros Aceptados - Proporcionales (Guaraníes) - Local — Transporte,Participación Recupero Reaseguros Aceptados - Proporcionales (Guaraníes) - Local — Participación Recupero Reaseguros Aceptados - Proporcionales (Guaraníes) - Local — Transporte,annual,PYG,2009-01-01T00:00:00Z,2025-12-31T00:00:00Z,review_indicator_only
850ca85553c8497449cbadb22ed34bc3,17,2,FALSE,insurance_annex:x1_19:5ff6a0733c88051098d97a7c,insurance_annex,Total Participación Recupero reaseguros aceptados - Local (Guaraníes) — Transporte,Total Participación Recupero reaseguros aceptados - Local (Guaraníes) — Total Participación Recupero reaseguros aceptados - Local (Guaraníes) — Transporte,annual,PYG,2009-01-01T00:00:00Z,2025-12-31T00:00:00Z,review_indicator_only
853889963bfe0b1be6642d8ae1c239d5,17,2,FALSE,insurance_annex:x1_14:45c88af35530a23378ac7d11,insurance_annex,Siniestros Reaseguros Aceptados exterior (contratos proporcionales) (Guaraníes) — Total Siniestros Reaseguros Aceptados exterior Proporcionales,Siniestros Reaseguros Aceptados exterior (contratos proporcionales) (Guaraníes) — Siniestros Reaseguros Aceptados exterior (contratos proporcionales) (Guaraníes) — Total Siniestros Reaseguros Aceptados exterior Proporcionales,annual,PYG,2009-01-01T00:00:00Z,2025-12-31T00:00:00Z,review_indicator_only
853889963bfe0b1be6642d8ae1c239d5,17,2,FALSE,insurance_annex:x1_14:beb516e94f75c5b9bc7bf657,insurance_annex,Siniestros Reaseguros Aceptados exterior (contratos proporcionales) (Guaraníes) — Total Rama Patrimonial,Siniestros Reaseguros Aceptados exterior (contratos proporcionales) (Guaraníes) — Siniestros Reaseguros Aceptados exterior (contratos proporcionales) (Guaraníes) — Total Rama Patrimonial,annual,PYG,2009-01-01T00:00:00Z,2025-12-31T00:00:00Z,review_indicator_only
85abddf7640f37b6f7113b65dd86e8e7,3,2,FALSE,lrm_auctions:subastas_2016:2e5b9d3c20eb99013f97a873,lrm_auctions,Plazos Estandarizados: 546 — Plazos Residuales: 553 — Promedio,lrm_auction_tenor — Plazos Estandarizados: 546 — Plazos Residuales: 553 — Promedio,irregular_daily,UNRESOLVED_SOURCE_UNITS,2016-03-16T00:00:00Z,2016-12-21T00:00:00Z,review_indicator_only
85abddf7640f37b6f7113b65dd86e8e7,3,2,FALSE,lrm_auctions:subastas_2016:43f0ddf9ef671fde4eba31bc,lrm_auctions,Plazos Estandarizados: 546 — Plazos Residuales: 553 — Promedio,lrm_auction_tenor — Plazos Estandarizados: 546 — Plazos Residuales: 553 — Promedio,irregular_daily,UNRESOLVED_SOURCE_UNITS,2016-03-16T00:00:00Z,2016-12-21T00:00:00Z,review_indicator_only
8697e1d793f3c3f3ab01280a81a6c623,17,2,FALSE,insurance_annex:x1_10:2ffa3a1794c6a68a781a94da,insurance_annex,Gastos de liquidación de siniestros — Total Vida Largo Plazo,Gastos de liquidación de siniestros — Gastos de liquidación de siniestros — Total Vida Largo Plazo,annual,PYG,2009-01-01T00:00:00Z,2025-12-31T00:00:00Z,review_indicator_only
8697e1d793f3c3f3ab01280a81a6c623,17,2,FALSE,insurance_annex:x1_10:eebf98b85a966ad53a71972e,insurance_annex,Gastos de liquidación de siniestros — Gastos de Liquidación de Siniestros - Sección Vida Individual Largo Plazo,Gastos de liquidación de siniestros — Gastos de liquidación de siniestros — Gastos de Liquidación de Siniestros - Sección Vida Individual Largo Plazo,annual,PYG,2009-01-01T00:00:00Z,2025-12-31T00:00:00Z,review_indicator_only
8756e1d0a0fb5df7fe848fe56a6d44ad,5,2,FALSE,lrm_auctions:subastas_2024:5dac7e8944fc9c4ab5605db6,lrm_auctions,Plazos Estandarizados: 35 — Plazos Residuales: 35 — Mínima,lrm_auction_tenor — Plazos Estandarizados: 35 — Plazos Residuales: 35 — Mínima,irregular_daily,UNRESOLVED_SOURCE_UNITS,2024-02-22T00:00:00Z,2024-12-26T00:00:00Z,review_indicator_only
8756e1d0a0fb5df7fe848fe56a6d44ad,5,2,FALSE,lrm_auctions:subastas_2024:8593b0fd7a59100882b72087,lrm_auctions,Plazos Estandarizados: 35 — Plazos Residuales: 35 — Mínima,lrm_auction_tenor — Plazos Estandarizados: 35 — Plazos Residuales: 35 — Mínima,irregular_daily,UNRESOLVED_SOURCE_UNITS,2024-02-22T00:00:00Z,2024-12-26T00:00:00Z,review_indicator_only
8790e041171232d114ca6e78c8a706c9,10,2,FALSE,lrm_auctions:subastas_2022:0a1131f4a687bbd9d1b5e92b,lrm_auctions,Plazos Estandarizados: 546 — Plazos Residuales: 546 — Mínima,lrm_auction_tenor — Plazos Estandarizados: 546 — Plazos Residuales: 546 — Mínima,irregular_daily,UNRESOLVED_SOURCE_UNITS,2022-01-26T00:00:00Z,2022-10-26T00:00:00Z,review_indicator_only
8790e041171232d114ca6e78c8a706c9,10,2,FALSE,lrm_auctions:subastas_2022:9e65b04aa01c99458d690df0,lrm_auctions,Plazos Estandarizados: 546 — Plazos Residuales: 546 — Mínima,lrm_auction_tenor — Plazos Estandarizados: 546 — Plazos Residuales: 546 — Mínima,irregular_daily,UNRESOLVED_SOURCE_UNITS,2022-01-26T00:00:00Z,2022-10-26T00:00:00Z,review_indicator_only
8a2f881382bb6c72be3918e9321baf0b,17,2,FALSE,insurance_annex:x1_29:225263861c231f3fff22d535,insurance_annex,Total Gastos Reaseguros Cedidos - local — Responsabilidad Civil,Total Gastos Reaseguros Cedidos - local — Total Gastos Reaseguros Cedidos - local — Responsabilidad Civil,annual,PYG,2009-01-01T00:00:00Z,2025-12-31T00:00:00Z,review_indicator_only
8a2f881382bb6c72be3918e9321baf0b,17,2,FALSE,insurance_annex:x1_29:7bb25c606bea439c37e8b965,insurance_annex,Gastos de cesión reaseguros cedidos - contratos no proporcionales (Local) — Responsabilidad Civil,Gastos de cesión reaseguros cedidos - contratos no proporcionales (Local) — Gastos de cesión reaseguros cedidos - contratos no proporcionales (Local) — Responsabilidad Civil,annual,PYG,2009-01-01T00:00:00Z,2025-12-31T00:00:00Z,review_indicator_only
8c6d7bc787399901ac1f9d994d20941b,73,2,FALSE,economic_annex:cuadro_37:bcd2aeece5789eaf3f736e4f,economic_annex,2. — Renta de la inversión,2. — Renta de la inversión,quarterly,USD,2008-01-01T00:00:00Z,2026-03-31T00:00:00Z,review_indicator_only
8c6d7bc787399901ac1f9d994d20941b,73,2,FALSE,economic_annex:cuadro_37:c663ca53249003cd84e57ae3,economic_annex,C. Ingreso Primario — Otros servicios,C. Ingreso Primario — Otros servicios,quarterly,USD,2008-01-01T00:00:00Z,2026-03-31T00:00:00Z,review_indicator_only
8c78b5016967c0e0b1dc9d8d05690fc7,186,2,FALSE,financial_indicators:x1_1:be40a99ee852d98f89a2afdc,financial_indicators,ME — Tasa Pasiva — Total,ME — Tasa Pasiva — Total,monthly,PERCENT,2011-01-01T00:00:00Z,2026-06-30T00:00:00Z,review_indicator_only
8c78b5016967c0e0b1dc9d8d05690fc7,186,2,FALSE,financial_indicators:x1_1:e4e3d5d82c420041b0bdf172,financial_indicators,ME — Tasa Pasiva (promedio ponderada) — Otros Depósitos,ME — Tasa Pasiva (promedio ponderada) — Otros Depósitos,monthly,PERCENT,2011-01-01T00:00:00Z,2026-06-30T00:00:00Z,review_indicator_only
8d3bcdb3137e8f26ff54e3955f639fbb,45,2,FALSE,financial_indicators:x3_1:3aa9bd44ab0d668112211b06,financial_indicators,MN — Préstamos Varios > 1 año — Prom Max,MN — Préstamos Varios > 1 año — Prom Max,monthly,PERCENT,2011-01-01T00:00:00Z,2014-11-30T00:00:00Z,review_indicator_only
8d3bcdb3137e8f26ff54e3955f639fbb,45,2,FALSE,financial_indicators:x3_1:4bbd3e11655733e16c7e9ca5,financial_indicators,MN — Préstamos Varios > 1 año — Max,MN — Préstamos Varios > 1 año — Max,monthly,PERCENT,2011-01-01T00:00:00Z,2014-11-30T00:00:00Z,review_indicator_only
8eba06f3371afd7e23e87a2227073ff2,2,2,TRUE,lrm_auctions:subastas_2018:06aa2766f4661a251128d357,lrm_auctions,Plazos Estandarizados: 182 — Plazos Residuales: 175 — Máxima,lrm_auction_tenor — Plazos Estandarizados: 182 — Plazos Residuales: 175 — Máxima,irregular_daily,UNRESOLVED_SOURCE_UNITS,2018-06-27T00:00:00Z,2018-08-29T00:00:00Z,review_indicator_only
8eba06f3371afd7e23e87a2227073ff2,2,2,TRUE,lrm_auctions:subastas_2018:83d89ad17d3ceb4c42d40761,lrm_auctions,Plazos Estandarizados: 182 — Plazos Residuales: 175 — Máxima,lrm_auction_tenor — Plazos Estandarizados: 182 — Plazos Residuales: 175 — Máxima,irregular_daily,UNRESOLVED_SOURCE_UNITS,2018-06-27T00:00:00Z,2018-08-29T00:00:00Z,review_indicator_only
8ee5bbb8fbfe7a000923644c5b2de268,21,2,FALSE,financial_indicators:x2_2:282d5e9370ebc9a64d8d5ead,financial_indicators,ME — Tasa Pasiva — Títulos Valores Emitidos > 365 días,ME — Tasa Pasiva — Títulos Valores Emitidos > 365 días,monthly,PERCENT,2016-03-01T00:00:00Z,2026-04-30T00:00:00Z,review_indicator_only
8ee5bbb8fbfe7a000923644c5b2de268,21,2,FALSE,financial_indicators:x3_2:31e522bc0db7e88999d7f8c6,financial_indicators,ME — Titulos Valores Emitidos > 365 días — TPP,ME — Titulos Valores Emitidos > 365 días — TPP,monthly,PERCENT,2016-03-01T00:00:00Z,2026-04-30T00:00:00Z,review_indicator_only
8f95346f9db8500f5b15e98e12a87524,7,2,FALSE,lrm_auctions:subastas_2023:5d71f900d8bbc611ba4983ea,lrm_auctions,Plazos Estandarizados: 182 — Plazos Residuales: 182 — Promedio,lrm_auction_tenor — Plazos Estandarizados: 182 — Plazos Residuales: 182 — Promedio,irregular_daily,UNRESOLVED_SOURCE_UNITS,2023-01-25T00:00:00Z,2023-10-25T00:00:00Z,review_indicator_only
8f95346f9db8500f5b15e98e12a87524,7,2,FALSE,lrm_auctions:subastas_2023:cc6093da5c5584f1d7a6a7e9,lrm_auctions,Plazos Estandarizados: 182 — Plazos Residuales: 182 — Promedio,lrm_auction_tenor — Plazos Estandarizados: 182 — Plazos Residuales: 182 — Promedio,irregular_daily,UNRESOLVED_SOURCE_UNITS,2023-01-25T00:00:00Z,2023-10-25T00:00:00Z,review_indicator_only
8fdc4e24f484e7e3ea693c304407eafd,3,2,FALSE,lrm_auctions:subastas_2014:69f7f3b155244db307902eac,lrm_auctions,Plazos Estandarizados: 91 — Plazos Residuales: 105 — Mínima,lrm_auction_tenor — Plazos Estandarizados: 91 — Plazos Residuales: 105 — Mínima,irregular_daily,UNRESOLVED_SOURCE_UNITS,2014-02-13T00:00:00Z,2014-04-10T00:00:00Z,review_indicator_only
8fdc4e24f484e7e3ea693c304407eafd,3,2,FALSE,lrm_auctions:subastas_2014:6c12d8c69633a9e4afa70af5,lrm_auctions,Plazos Estandarizados: 91 — Plazos Residuales: 105 — Mínima,lrm_auction_tenor — Plazos Estandarizados: 91 — Plazos Residuales: 105 — Mínima,irregular_daily,UNRESOLVED_SOURCE_UNITS,2014-02-13T00:00:00Z,2014-04-10T00:00:00Z,review_indicator_only
8ff796f3f5ad9fc673509e32c66ba656,186,2,FALSE,financial_indicators:x7:052474040e9c690bd25be859,financial_indicators,ME — Tasa Pasiva — Depósitos a la Vista — Total,ME — Tasa Pasiva — Depósitos a la Vista — Total,monthly,UNRESOLVED_SOURCE_UNITS,2011-01-01T00:00:00Z,2026-06-30T00:00:00Z,review_indicator_only
8ff796f3f5ad9fc673509e32c66ba656,186,2,FALSE,financial_indicators:x7:45c279ba28fa07dcb3c1055d,financial_indicators,ME — Tasa Pasiva — Depósitos a la Vista,ME — Tasa Pasiva — Depósitos a la Vista,monthly,UNRESOLVED_SOURCE_UNITS,2011-01-01T00:00:00Z,2026-06-30T00:00:00Z,review_indicator_only
8ffd4eff27b04b13efdabde6fe2d73f9,4,2,FALSE,lrm_auctions:subastas_2015:224b5017a255c316d44d073e,lrm_auctions,Plazos Estandarizados: 35 — Plazos Residuales: 28 — Montos Asignados,lrm_auction_tenor — Plazos Estandarizados: 35 — Plazos Residuales: 28 — Montos Asignados,irregular_daily,UNRESOLVED_SOURCE_UNITS,2015-01-28T00:00:00Z,2015-05-27T00:00:00Z,review_indicator_only
8ffd4eff27b04b13efdabde6fe2d73f9,4,2,FALSE,lrm_auctions:subastas_2015:9247b31e01d1e0ac55a0c613,lrm_auctions,Plazos Estandarizados: 35 — Plazos Residuales: 28 — Montos Ofertados,lrm_auction_tenor — Plazos Estandarizados: 35 — Plazos Residuales: 28 — Montos Ofertados,irregular_daily,UNRESOLVED_SOURCE_UNITS,2015-01-28T00:00:00Z,2015-05-27T00:00:00Z,review_indicator_only
90856377867e6b0ef26fa8d258b7f8cb,3,2,FALSE,lrm_auctions:subastas_2024:25ca3955f4c9d3729645be8d,lrm_auctions,Plazos Estandarizados: 365 — Plazos Residuales: 371 — Mínima,lrm_auction_tenor — Plazos Estandarizados: 365 — Plazos Residuales: 371 — Mínima,irregular_daily,UNRESOLVED_SOURCE_UNITS,2024-01-25T00:00:00Z,2024-10-24T00:00:00Z,review_indicator_only
90856377867e6b0ef26fa8d258b7f8cb,3,2,FALSE,lrm_auctions:subastas_2024:33b667ad83372670b5d5baf4,lrm_auctions,Plazos Estandarizados: 365 — Plazos Residuales: 371 — Mínima,lrm_auction_tenor — Plazos Estandarizados: 365 — Plazos Residuales: 371 — Mínima,irregular_daily,UNRESOLVED_SOURCE_UNITS,2024-01-25T00:00:00Z,2024-10-24T00:00:00Z,review_indicator_only
91829063a09600474382c8b8f30ab842,247,2,FALSE,economic_annex:cuadro_52a:53aa43d86bfebbb84328a6d3,economic_annex,Artículos para construcciones sanitarias — Importación Registrada,Artículos para construcciones sanitarias — Artículos para construcciones sanitarias — Importación Registrada,monthly,USD,2006-01-01T00:00:00Z,2026-07-31T00:00:00Z,review_indicator_only
91829063a09600474382c8b8f30ab842,247,2,FALSE,economic_annex:cuadro_52a:7f98c1071b1984b719731dc0,economic_annex,Artículos para construcciones sanitarias — Importacion para consumo interno,Artículos para construcciones sanitarias — Artículos para construcciones sanitarias — Importacion para consumo interno,monthly,USD,2006-01-01T00:00:00Z,2026-07-31T00:00:00Z,review_indicator_only
91e98ade0f6fc51dd25950ac57269ab0,378,2,FALSE,economic_annex:cuadro_60b:7b8ad5b369d2399deef2c09b,economic_annex,TCN,TCN,monthly,INDEX,1995-01-01T00:00:00Z,2026-06-30T00:00:00Z,review_indicator_only
91e98ade0f6fc51dd25950ac57269ab0,378,2,FALSE,economic_annex:cuadro_60c:7b8ad5b369d2399deef2c09b,economic_annex,TCN,TCN,monthly,INDEX,1995-01-01T00:00:00Z,2026-06-30T00:00:00Z,review_indicator_only
91eb1aabb2ef2210876ec6ff605a9597,18,2,FALSE,economic_annex:cuadro_37:567adcabbf46cdb84449c260,economic_annex,4. — 4.2.7 — Derechos especiales de giro (Deg´s),4. — 4.2.7 — Derechos especiales de giro (Deg´s),annual,USD,2008-01-01T00:00:00Z,2025-12-31T00:00:00Z,review_indicator_only
91eb1aabb2ef2210876ec6ff605a9597,18,2,FALSE,economic_annex:cuadro_39:aee3eec5accfcc3a644ddd73,economic_annex,4.2.7 Derechos especiales de Giro (Deg´s),4.2.7 Derechos especiales de Giro (Deg´s),annual,USD,2008-01-01T00:00:00Z,2025-12-31T00:00:00Z,review_indicator_only
92358d83ab08017b52e91a51d3453b7c,46,2,FALSE,financial_indicators:x3_2:87dcd8c9c1ca18a29f717269,financial_indicators,ME — Préstamos Varios <= 1 año — Prom Min,ME — Préstamos Varios <= 1 año — Prom Min,monthly,PERCENT,2011-01-01T00:00:00Z,2014-10-31T00:00:00Z,review_indicator_only
92358d83ab08017b52e91a51d3453b7c,46,2,FALSE,financial_indicators:x3_2:8e840ee81f6f23b5882d9140,financial_indicators,ME — Préstamos Varios <= 1 año — Min,ME — Préstamos Varios <= 1 año — Min,monthly,PERCENT,2011-01-01T00:00:00Z,2014-10-31T00:00:00Z,review_indicator_only
930f6cd7420113e76c789ea6951b9d77,3,2,FALSE,lrm_auctions:subastas_2016:5dac7e8944fc9c4ab5605db6,lrm_auctions,Plazos Estandarizados: 35 — Plazos Residuales: 35 — Mínima,lrm_auction_tenor — Plazos Estandarizados: 35 — Plazos Residuales: 35 — Mínima,irregular_daily,UNRESOLVED_SOURCE_UNITS,2016-06-22T00:00:00Z,2016-12-21T00:00:00Z,review_indicator_only
930f6cd7420113e76c789ea6951b9d77,3,2,FALSE,lrm_auctions:subastas_2016:8593b0fd7a59100882b72087,lrm_auctions,Plazos Estandarizados: 35 — Plazos Residuales: 35 — Mínima,lrm_auction_tenor — Plazos Estandarizados: 35 — Plazos Residuales: 35 — Mínima,irregular_daily,UNRESOLVED_SOURCE_UNITS,2016-06-22T00:00:00Z,2016-12-21T00:00:00Z,review_indicator_only
94d960c5f33b4129fc36ce78ba2c8443,36,2,FALSE,economic_annex:cuadro_20:729420332d5e8970dd17dc5b,economic_annex,Sector público — Total neto — 6=4+5,Sector público — Total neto — 6=4+5,annual,USD,1990-01-01T00:00:00Z,2025-12-31T00:00:00Z,supported_cross_source_overlap
94d960c5f33b4129fc36ce78ba2c8443,36,2,FALSE,fx_operations:public_sector:net:annual,fx_operations,public_sector — net — annual,,annual,USD,1990-01-01T00:00:00Z,2025-12-31T00:00:00Z,supported_cross_source_overlap
952010ac512f7a45d6712617e07b71ce,130,2,FALSE,economic_annex:cuadro_20:eafc3977a611c58e14a92e15,economic_annex,Sector público — Compra — 4,Sector público — Compra — 4,quarterly,USD,1994-01-01T00:00:00Z,2026-06-30T00:00:00Z,supported_cross_source_overlap
952010ac512f7a45d6712617e07b71ce,130,2,FALSE,fx_operations:public_sector:purchase:quarterly,fx_operations,public_sector — purchase — quarterly,,quarterly,USD,1994-01-01T00:00:00Z,2026-06-30T00:00:00Z,supported_cross_source_overlap
95ade3083dac2af90c601c9268a4e663,3,2,FALSE,lrm_auctions:subastas_2021:7f8c29f6df4d56cb04fd1f67,lrm_auctions,Plazos Estandarizados: 35 — Plazos Residuales: 35 — Máxima,lrm_auction_tenor — Plazos Estandarizados: 35 — Plazos Residuales: 35 — Máxima,irregular_daily,UNRESOLVED_SOURCE_UNITS,2021-03-24T00:00:00Z,2021-12-22T00:00:00Z,review_indicator_only
95ade3083dac2af90c601c9268a4e663,3,2,FALSE,lrm_auctions:subastas_2021:db4d04bed7c47f4e72fbf182,lrm_auctions,Plazos Estandarizados: 35 — Plazos Residuales: 35 — Máxima,lrm_auction_tenor — Plazos Estandarizados: 35 — Plazos Residuales: 35 — Máxima,irregular_daily,UNRESOLVED_SOURCE_UNITS,2021-03-24T00:00:00Z,2021-12-22T00:00:00Z,review_indicator_only
95cba8fbe62b52cf3ff11663b2b7ad05,18,2,FALSE,economic_annex:cuadro_37:710454e301bc8d2c7b0ecb0d,economic_annex,4. — 4.1.6 — Otras cuentas por cobrar,4. — 4.1.6 — Otras cuentas por cobrar,annual,USD,2008-01-01T00:00:00Z,2025-12-31T00:00:00Z,review_indicator_only
95cba8fbe62b52cf3ff11663b2b7ad05,18,2,FALSE,economic_annex:cuadro_39:63c005257ed5e7ba3710528b,economic_annex,4.1.6 Otras cuentas por cobrar,4.1.6 Otras cuentas por cobrar,annual,USD,2008-01-01T00:00:00Z,2025-12-31T00:00:00Z,review_indicator_only
962eaf377c5a4e6b011c4fe96be9f5bf,5,2,FALSE,lrm_auctions:subastas_2023:0a1131f4a687bbd9d1b5e92b,lrm_auctions,Plazos Estandarizados: 546 — Plazos Residuales: 546 — Mínima,lrm_auction_tenor — Plazos Estandarizados: 546 — Plazos Residuales: 546 — Mínima,irregular_daily,UNRESOLVED_SOURCE_UNITS,2023-01-25T00:00:00Z,2023-10-25T00:00:00Z,review_indicator_only
962eaf377c5a4e6b011c4fe96be9f5bf,5,2,FALSE,lrm_auctions:subastas_2023:9e65b04aa01c99458d690df0,lrm_auctions,Plazos Estandarizados: 546 — Plazos Residuales: 546 — Mínima,lrm_auction_tenor — Plazos Estandarizados: 546 — Plazos Residuales: 546 — Mínima,irregular_daily,UNRESOLVED_SOURCE_UNITS,2023-01-25T00:00:00Z,2023-10-25T00:00:00Z,review_indicator_only
979791d1604924d27c7f345bf2c0ab2f,186,2,FALSE,financial_indicators:x2_1:f116ef1d49e95003df8995d4,financial_indicators,MN — Pasiva — Depósitos a la Vista,MN — Pasiva — Depósitos a la Vista,monthly,PERCENT,2011-01-01T00:00:00Z,2026-06-30T00:00:00Z,review_indicator_only
979791d1604924d27c7f345bf2c0ab2f,186,2,FALSE,financial_indicators:x3_1:cda62c39c75048c93e1b1ce6,financial_indicators,MN — Depósitos a la Vista — TPP,MN — Depósitos a la Vista — TPP,monthly,PERCENT,2011-01-01T00:00:00Z,2026-06-30T00:00:00Z,review_indicator_only
98a296e63a878e071b5e1d1cd2a5fdd0,17,2,FALSE,insurance_annex:x1_12:3af3952da6d943edb0fe5149,insurance_annex,Participación Recupero reaseguros cedidos exterior - No Proporcional — Total participacion de recupero reaseguros cedidos exterior (no proporcionales),Participación Recupero reaseguros cedidos exterior - No Proporcional — Participación Recupero reaseguros cedidos exterior - No Proporcional — Total participacion de recupero reaseguros cedidos exterior (no proporcionales),annual,PYG,2009-01-01T00:00:00Z,2025-12-31T00:00:00Z,review_indicator_only
98a296e63a878e071b5e1d1cd2a5fdd0,17,2,FALSE,insurance_annex:x1_12:41af63035cdd071f2e2e4eaf,insurance_annex,Participación Recupero reaseguros cedidos exterior - No Proporcional — Total Rama Patrimonial,Participación Recupero reaseguros cedidos exterior - No Proporcional — Participación Recupero reaseguros cedidos exterior - No Proporcional — Total Rama Patrimonial,annual,PYG,2009-01-01T00:00:00Z,2025-12-31T00:00:00Z,review_indicator_only
99393b3f0967d75814988e888cc70672,2,2,FALSE,lrm_auctions:subastas_2013:468ed7f0a0702b2aa192aa81,lrm_auctions,Plazos Estandarizados: 365 — Plazos Residuales: 406 — Mínima,lrm_auction_tenor — Plazos Estandarizados: 365 — Plazos Residuales: 406 — Mínima,irregular_daily,UNRESOLVED_SOURCE_UNITS,2013-05-16T00:00:00Z,2013-11-14T00:00:00Z,review_indicator_only
99393b3f0967d75814988e888cc70672,2,2,FALSE,lrm_auctions:subastas_2013:858b037e3b6841ea14f250b4,lrm_auctions,Plazos Estandarizados: 365 — Plazos Residuales: 406 — Mínima,lrm_auction_tenor — Plazos Estandarizados: 365 — Plazos Residuales: 406 — Mínima,irregular_daily,UNRESOLVED_SOURCE_UNITS,2013-05-16T00:00:00Z,2013-11-14T00:00:00Z,review_indicator_only
99b37985966b1675b61fa64614d65d14,170,2,FALSE,financial_indicators:x2_1:ed323875d96be77a3d19d399,financial_indicators,MN — Tasa Pasiva — Depósitos a Plazo <=365 días,MN — Tasa Pasiva — Depósitos a Plazo <=365 días,monthly,PERCENT,2011-01-01T00:00:00Z,2026-06-30T00:00:00Z,review_indicator_only
99b37985966b1675b61fa64614d65d14,170,2,FALSE,financial_indicators:x3_1:26198e83cef2dfc1fcbce9bf,financial_indicators,MN — Depósitos a Plazo <=365 días — TPP,MN — Depósitos a Plazo <=365 días — TPP,monthly,PERCENT,2011-01-01T00:00:00Z,2026-06-30T00:00:00Z,review_indicator_only
9a18e57e9ef24bd9205d88429bc7a034,9,2,FALSE,lrm_auctions:subastas_2015:5b6eb8a66c58a781bc5e1741,lrm_auctions,Plazos Estandarizados: 91 — Plazos Residuales: 91 — Mínima,lrm_auction_tenor — Plazos Estandarizados: 91 — Plazos Residuales: 91 — Mínima,irregular_daily,UNRESOLVED_SOURCE_UNITS,2015-02-25T00:00:00Z,2015-12-16T00:00:00Z,review_indicator_only
9a18e57e9ef24bd9205d88429bc7a034,9,2,FALSE,lrm_auctions:subastas_2015:820ff1f83b051209517929a0,lrm_auctions,Plazos Estandarizados: 91 — Plazos Residuales: 91 — Mínima,lrm_auction_tenor — Plazos Estandarizados: 91 — Plazos Residuales: 91 — Mínima,irregular_daily,UNRESOLVED_SOURCE_UNITS,2015-02-25T00:00:00Z,2015-12-16T00:00:00Z,review_indicator_only
9a2bec20ad3be4d6d0160de3478ba93f,130,2,FALSE,economic_annex:cuadro_20:a388d1481a2294b4cb443c5e,economic_annex,Operaciones netas totales — Total neto — 10=3+6+9,Operaciones netas totales — Total neto — 10=3+6+9,quarterly,USD,1994-01-01T00:00:00Z,2026-06-30T00:00:00Z,supported_cross_source_overlap
9a2bec20ad3be4d6d0160de3478ba93f,130,2,FALSE,fx_operations:total:net:quarterly,fx_operations,total — net — quarterly,,quarterly,USD,1994-01-01T00:00:00Z,2026-06-30T00:00:00Z,supported_cross_source_overlap
9a817d441aa169ce0bf44eb38da03b5f,23,2,FALSE,financial_indicators:x2_2:715ddde97c32d855d375fa9f,financial_indicators,MN — Tasa Activa — Préstamo Personal - Otros Depósitos AFD <= 1 año,MN — Tasa Activa — Préstamo Personal - Otros Depósitos AFD <= 1 año,monthly,PERCENT,2012-12-01T00:00:00Z,2026-05-31T00:00:00Z,review_indicator_only
9a817d441aa169ce0bf44eb38da03b5f,23,2,FALSE,financial_indicators:x3_2:e88aa3dace2be52da1bb0669,financial_indicators,MN — Prestamo Personal - Otros Depósitos AFD <= 1 año — TPP,MN — Prestamo Personal - Otros Depósitos AFD <= 1 año — TPP,monthly,PERCENT,2012-12-01T00:00:00Z,2026-05-31T00:00:00Z,review_indicator_only
9aef25fe10ab4d7dbb8c73c335305374,247,2,FALSE,economic_annex:cuadro_52b:481d603308a9c9b97819ba98,economic_annex,Combustibles y lubricantes — Importación Registrada,Combustibles y lubricantes — Combustibles y lubricantes — Importación Registrada,monthly,TONNES,2006-01-01T00:00:00Z,2026-07-31T00:00:00Z,review_indicator_only
9aef25fe10ab4d7dbb8c73c335305374,247,2,FALSE,economic_annex:cuadro_52b:91e9010b1e5826aa43b0b510,economic_annex,Combustibles y lubricantes — Importacion para consumo interno,Combustibles y lubricantes — Combustibles y lubricantes — Importacion para consumo interno,monthly,TONNES,2006-01-01T00:00:00Z,2026-07-31T00:00:00Z,review_indicator_only
9b23e62eead19d6c3dd9d2803d3974be,186,2,FALSE,financial_indicators:x2_1:48c7de48c4ae2c4ba29a363d,financial_indicators,MN — Tasa Activa — Préstamos de Desarrollo < = 1 año,MN — Tasa Activa — Préstamos de Desarrollo < = 1 año,monthly,PERCENT,2011-01-01T00:00:00Z,2026-06-30T00:00:00Z,review_indicator_only
9b23e62eead19d6c3dd9d2803d3974be,186,2,FALSE,financial_indicators:x3_1:af517297a5b7286a7717ebb6,financial_indicators,MN — Préstamos de Desarrollo < = 1 año — TPP,MN — Préstamos de Desarrollo < = 1 año — TPP,monthly,PERCENT,2011-01-01T00:00:00Z,2026-06-30T00:00:00Z,review_indicator_only
9b6deeebe358b7f65cae21fdeea86792,247,2,FALSE,economic_annex:cuadro_52b:69a4a7bdd8d7bc5f77760f0a,economic_annex,Bienes intermedios — Importacion bajo el Regimen de Turismo,Bienes intermedios — Bienes intermedios — Importacion bajo el Regimen de Turismo,monthly,TONNES,2006-01-01T00:00:00Z,2026-07-31T00:00:00Z,review_indicator_only
9b6deeebe358b7f65cae21fdeea86792,247,2,FALSE,economic_annex:cuadro_52b:8f48e05fc4a9b458b2f1551e,economic_annex,Otros — Importacion bajo el Regimen de Turismo,Otros — Otros — Importacion bajo el Regimen de Turismo,monthly,TONNES,2006-01-01T00:00:00Z,2026-07-31T00:00:00Z,review_indicator_only
9b88d4041654661c71e79c9d42738a23,7,2,FALSE,lrm_auctions:subastas_2023:7c22f0dab2c1ad133ca5ff18,lrm_auctions,Plazos Estandarizados: 546 — Plazos Residuales: 553 — Mínima,lrm_auction_tenor — Plazos Estandarizados: 546 — Plazos Residuales: 553 — Mínima,irregular_daily,UNRESOLVED_SOURCE_UNITS,2023-02-23T00:00:00Z,2023-12-21T00:00:00Z,review_indicator_only
9b88d4041654661c71e79c9d42738a23,7,2,FALSE,lrm_auctions:subastas_2023:8739aec9d9e7afaa55117a42,lrm_auctions,Plazos Estandarizados: 546 — Plazos Residuales: 553 — Mínima,lrm_auction_tenor — Plazos Estandarizados: 546 — Plazos Residuales: 553 — Mínima,irregular_daily,UNRESOLVED_SOURCE_UNITS,2023-02-23T00:00:00Z,2023-12-21T00:00:00Z,review_indicator_only
9ba8a73ec78b4959663d4475d8e0aeb1,17,2,FALSE,insurance_annex:x1_17:17e3ce121fec3b33c98353c0,insurance_annex,Siniestros Recuperados Reaseguros cedidos (contratos proporcionales) (Guaraníes) - Local — Recupero de Siniestros Reaseguros Cedidos Sección Desgravamen Hipotecario Corto Plazo,Siniestros Recuperados Reaseguros cedidos (contratos proporcionales) (Guaraníes) - Local — Siniestros Recuperados Reaseguros cedidos (contratos proporcionales) (Guaraníes) - Local — Recupero de Siniestros Reaseguros Cedidos Sección Desgravamen Hipotecario Corto Plazo,annual,PYG,2009-01-01T00:00:00Z,2025-12-31T00:00:00Z,review_indicator_only
9ba8a73ec78b4959663d4475d8e0aeb1,17,2,FALSE,insurance_annex:x1_17:71732014b7c9d785e06555d6,insurance_annex,Total Siniestros recuperados Reaseguros cedidos Local (Guaraníes) — Recupero de Siniestros Reaseguros Cedidos Sección Desgravamen Hipotecario Corto Plazo,Total Siniestros recuperados Reaseguros cedidos Local (Guaraníes) — Total Siniestros recuperados Reaseguros cedidos Local (Guaraníes) — Recupero de Siniestros Reaseguros Cedidos Sección Desgravamen Hipotecario Corto Plazo,annual,PYG,2009-01-01T00:00:00Z,2025-12-31T00:00:00Z,review_indicator_only
9cd103ce3c98668b48dad567e8584ce7,17,2,FALSE,insurance_annex:x1_12:821e21f06fbb7dd9db91bf4b,insurance_annex,"Participación Recupero reaseguros cedidos exterior - Proporcional — Cristales, Vidrios y Espejos","Participación Recupero reaseguros cedidos exterior - Proporcional — Participación Recupero reaseguros cedidos exterior - Proporcional — Cristales, Vidrios y Espejos",annual,PYG,2009-01-01T00:00:00Z,2025-12-31T00:00:00Z,review_indicator_only
9cd103ce3c98668b48dad567e8584ce7,17,2,FALSE,insurance_annex:x1_12:a5460077da40ff94d1f8f94f,insurance_annex,"Total Participación Recupero reaseguros cedidos exterior — Cristales, Vidrios y Espejos","Total Participación Recupero reaseguros cedidos exterior — Total Participación Recupero reaseguros cedidos exterior — Cristales, Vidrios y Espejos",annual,PYG,2009-01-01T00:00:00Z,2025-12-31T00:00:00Z,review_indicator_only
9cd5f6c98d8942da8ff31c7ba6f5d255,2,2,FALSE,lrm_auctions:subastas_2018:4e50d3c7509afefce25c8ca7,lrm_auctions,Plazos Estandarizados: 182 — Plazos Residuales: 175 — Mínima,lrm_auction_tenor — Plazos Estandarizados: 182 — Plazos Residuales: 175 — Mínima,irregular_daily,UNRESOLVED_SOURCE_UNITS,2018-06-27T00:00:00Z,2018-08-29T00:00:00Z,review_indicator_only
9cd5f6c98d8942da8ff31c7ba6f5d255,2,2,FALSE,lrm_auctions:subastas_2018:c030286ed3355783c0673c7d,lrm_auctions,Plazos Estandarizados: 182 — Plazos Residuales: 175 — Mínima,lrm_auction_tenor — Plazos Estandarizados: 182 — Plazos Residuales: 175 — Mínima,irregular_daily,UNRESOLVED_SOURCE_UNITS,2018-06-27T00:00:00Z,2018-08-29T00:00:00Z,review_indicator_only
9cda8343deb36cedcb95f19f57cab63f,130,2,FALSE,economic_annex:cuadro_20:18d0d794b08695c00ee7d92d,economic_annex,Sector financiero — Total neto — 3=1+2,Sector financiero — Total neto — 3=1+2,quarterly,USD,1994-01-01T00:00:00Z,2026-06-30T00:00:00Z,supported_cross_source_overlap
9cda8343deb36cedcb95f19f57cab63f,130,2,FALSE,fx_operations:financial_sector:net:quarterly,fx_operations,financial_sector — net — quarterly,,quarterly,USD,1994-01-01T00:00:00Z,2026-06-30T00:00:00Z,supported_cross_source_overlap
9d152118abec5496b5dc06b81d6f44e7,2,2,FALSE,lrm_auctions:subastas_2013:ce4ce2fcd94fb6a8be5ccb97,lrm_auctions,Plazos Estandarizados: 63 — Plazos Residuales: 56 — Mínima,lrm_auction_tenor — Plazos Estandarizados: 63 — Plazos Residuales: 56 — Mínima,irregular_daily,UNRESOLVED_SOURCE_UNITS,2013-05-16T00:00:00Z,2013-11-14T00:00:00Z,review_indicator_only
9d152118abec5496b5dc06b81d6f44e7,2,2,FALSE,lrm_auctions:subastas_2013:f835a7565286472f6064b1eb,lrm_auctions,Plazos Estandarizados: 63 — Plazos Residuales: 56 — Mínima,lrm_auction_tenor — Plazos Estandarizados: 63 — Plazos Residuales: 56 — Mínima,irregular_daily,UNRESOLVED_SOURCE_UNITS,2013-05-16T00:00:00Z,2013-11-14T00:00:00Z,review_indicator_only
9d816f1cb6cba60e698ec3fd2919ef59,12,2,FALSE,financial_indicators:x2_2:589c459a36bcd2ff620fbdd4,financial_indicators,ME — Tasa Activa — Préstamo Personal - Otros Depósitos AFD <= 1 año,ME — Tasa Activa — Préstamo Personal - Otros Depósitos AFD <= 1 año,monthly,PERCENT,2012-09-01T00:00:00Z,2023-04-30T00:00:00Z,review_indicator_only
9d816f1cb6cba60e698ec3fd2919ef59,12,2,FALSE,financial_indicators:x3_2:0a88f2bc07563fdf0bdc070d,financial_indicators,ME — Prestamo Personal - Otros Depósitos AFD <= 1 año — TPP,ME — Prestamo Personal - Otros Depósitos AFD <= 1 año — TPP,monthly,PERCENT,2012-09-01T00:00:00Z,2023-04-30T00:00:00Z,review_indicator_only
9e7046b0c26b6cb5cd1dd08b62e352ee,73,2,FALSE,economic_annex:cuadro_39:44a7b8b88bb898f5e8b12944,economic_annex,2.2.2 Intrumentos de deuda,2.2.2 Intrumentos de deuda,quarterly,USD,2008-01-01T00:00:00Z,2026-03-31T00:00:00Z,review_indicator_only
9e7046b0c26b6cb5cd1dd08b62e352ee,73,2,FALSE,economic_annex:cuadro_40:814c31991a51da62bec340c4,economic_annex,14.2 Títulos de deuda,14.2 Títulos de deuda,quarterly,USD,2008-01-01T00:00:00Z,2026-03-31T00:00:00Z,review_indicator_only
9f33a5275073d3f6d632ac1b0cc3c1bd,17,2,FALSE,financial_indicators:x3_2:2907ff18cfb8a67805a2e181,financial_indicators,MN — Otros Depósitos — Prom Max,MN — Otros Depósitos — Prom Max,monthly,PERCENT,2011-01-01T00:00:00Z,2016-01-31T00:00:00Z,review_indicator_only
9f33a5275073d3f6d632ac1b0cc3c1bd,17,2,FALSE,financial_indicators:x3_2:ebece0781d3434743d74c033,financial_indicators,MN — Otros Depósitos — Prom Min,MN — Otros Depósitos — Prom Min,monthly,PERCENT,2011-01-01T00:00:00Z,2016-01-31T00:00:00Z,review_indicator_only
9f39c26160873ca4d25a1a13276fbdfa,186,2,FALSE,financial_indicators:x2_1:a8ff691b1e2e62af25e45a7d,financial_indicators,MN — Tasa Pasiva — Depósitos a Plazo > 365 días,MN — Tasa Pasiva — Depósitos a Plazo > 365 días,monthly,PERCENT,2011-01-01T00:00:00Z,2026-06-30T00:00:00Z,review_indicator_only
9f39c26160873ca4d25a1a13276fbdfa,186,2,FALSE,financial_indicators:x3_1:2c18b99b5cd362bb91606b8a,financial_indicators,MN — Depósitos a Plazo > 365 días — TPP,MN — Depósitos a Plazo > 365 días — TPP,monthly,PERCENT,2011-01-01T00:00:00Z,2026-06-30T00:00:00Z,review_indicator_only
9f692643767c4473de7eec570375735f,8,2,FALSE,lrm_auctions:subastas_2014:07e39dcdda634d9a1a4e52ad,lrm_auctions,Plazos Estandarizados: 63 — Plazos Residuales: 63 — Mínima,lrm_auction_tenor — Plazos Estandarizados: 63 — Plazos Residuales: 63 — Mínima,irregular_daily,UNRESOLVED_SOURCE_UNITS,2014-01-09T00:00:00Z,2014-12-23T00:00:00Z,review_indicator_only
9f692643767c4473de7eec570375735f,8,2,FALSE,lrm_auctions:subastas_2014:a521249d959ea7180d2956bb,lrm_auctions,Plazos Estandarizados: 63 — Plazos Residuales: 63 — Mínima,lrm_auction_tenor — Plazos Estandarizados: 63 — Plazos Residuales: 63 — Mínima,irregular_daily,UNRESOLVED_SOURCE_UNITS,2014-01-09T00:00:00Z,2014-12-23T00:00:00Z,review_indicator_only
a0028c457caa3e1a0d086be96c534d88,8,2,FALSE,lrm_auctions:subastas_2025:45819eab5b1964d17abc4b91,lrm_auctions,Plazos Estandarizados: 35 — Plazos Residuales: 28 — Mínima,lrm_auction_tenor — Plazos Estandarizados: 35 — Plazos Residuales: 28 — Mínima,irregular_daily,UNRESOLVED_SOURCE_UNITS,2025-01-30T00:00:00Z,2025-11-27T00:00:00Z,review_indicator_only
a0028c457caa3e1a0d086be96c534d88,8,2,FALSE,lrm_auctions:subastas_2025:a2c726f33786f143af341123,lrm_auctions,Plazos Estandarizados: 35 — Plazos Residuales: 28 — Mínima,lrm_auction_tenor — Plazos Estandarizados: 35 — Plazos Residuales: 28 — Mínima,irregular_daily,UNRESOLVED_SOURCE_UNITS,2025-01-30T00:00:00Z,2025-11-27T00:00:00Z,review_indicator_only
a0406bec2aa4915073f90b7610c5358c,17,2,FALSE,insurance_annex:x1_12:b0f2c48c34648f75e4421af7,insurance_annex,Participación Recupero reaseguros cedidos exterior - Proporcional — Total Vida Corto Plazo,Participación Recupero reaseguros cedidos exterior - Proporcional — Participación Recupero reaseguros cedidos exterior - Proporcional — Total Vida Corto Plazo,annual,PYG,2009-01-01T00:00:00Z,2025-12-31T00:00:00Z,review_indicator_only
a0406bec2aa4915073f90b7610c5358c,17,2,FALSE,insurance_annex:x1_12:e59fba58b68b8e9e0e7ce2f4,insurance_annex,Total Participación Recupero reaseguros cedidos exterior — Total Vida Corto Plazo,Total Participación Recupero reaseguros cedidos exterior — Total Participación Recupero reaseguros cedidos exterior — Total Vida Corto Plazo,annual,PYG,2009-01-01T00:00:00Z,2025-12-31T00:00:00Z,review_indicator_only
a081db56386e42adcadf52f2a997e0ff,186,2,FALSE,financial_indicators:x7:636e1fdabaf3deaf079087b0,financial_indicators,MN — Tasa Pasiva — Depósitos a la Vista,MN — Tasa Pasiva — Depósitos a la Vista,monthly,PYG,2011-01-01T00:00:00Z,2026-06-30T00:00:00Z,review_indicator_only
a081db56386e42adcadf52f2a997e0ff,186,2,FALSE,financial_indicators:x7:ff973bcf4478c76c6f135805,financial_indicators,MN — Tasa Pasiva — Depósitos a la Vista — Total,MN — Tasa Pasiva — Depósitos a la Vista — Total,monthly,PYG,2011-01-01T00:00:00Z,2026-06-30T00:00:00Z,review_indicator_only
a0a0db1014a4070eacda8acf9aafc39a,73,2,FALSE,economic_annex:cuadro_37:44b288686a8f52400ed893b8,economic_annex,4. — 4.1.6 — Otras cuentas por cobrar,4. — 4.1.6 — Otras cuentas por cobrar,quarterly,USD,2008-01-01T00:00:00Z,2026-03-31T00:00:00Z,review_indicator_only
a0a0db1014a4070eacda8acf9aafc39a,73,2,FALSE,economic_annex:cuadro_39:ab77b5e137e6d3282e189c1d,economic_annex,4.1.6 Otras cuentas por cobrar,4.1.6 Otras cuentas por cobrar,quarterly,USD,2008-01-01T00:00:00Z,2026-03-31T00:00:00Z,review_indicator_only
a0c69328a0913eb2c7e173d1a2e02b02,3,2,FALSE,lrm_auctions:subastas_2016:d45f7c455271a36d9f87aa52,lrm_auctions,Plazos Estandarizados: 35 — Plazos Residuales: 35 — Asignado #,lrm_auction_tenor — Plazos Estandarizados: 35 — Plazos Residuales: 35 — Asignado #,irregular_daily,UNRESOLVED_SOURCE_UNITS,2016-06-22T00:00:00Z,2016-12-21T00:00:00Z,review_indicator_only
a0c69328a0913eb2c7e173d1a2e02b02,3,2,FALSE,lrm_auctions:subastas_2016:fa2f58987deec1386218e267,lrm_auctions,Plazos Estandarizados: 35 — Plazos Residuales: 35 — Ofertado #,lrm_auction_tenor — Plazos Estandarizados: 35 — Plazos Residuales: 35 — Ofertado #,irregular_daily,UNRESOLVED_SOURCE_UNITS,2016-06-22T00:00:00Z,2016-12-21T00:00:00Z,review_indicator_only
a0ea3638e19a0fe4a905aca7d9e89efe,247,2,FALSE,economic_annex:cuadro_52a:481d603308a9c9b97819ba98,economic_annex,Combustibles y lubricantes — Importación Registrada,Combustibles y lubricantes — Combustibles y lubricantes — Importación Registrada,monthly,USD,2006-01-01T00:00:00Z,2026-07-31T00:00:00Z,review_indicator_only
a0ea3638e19a0fe4a905aca7d9e89efe,247,2,FALSE,economic_annex:cuadro_52a:91e9010b1e5826aa43b0b510,economic_annex,Combustibles y lubricantes — Importacion para consumo interno,Combustibles y lubricantes — Combustibles y lubricantes — Importacion para consumo interno,monthly,USD,2006-01-01T00:00:00Z,2026-07-31T00:00:00Z,review_indicator_only
a11f95fa41e1a836435b8b25d9aa8c21,247,2,FALSE,economic_annex:cuadro_52a:404dabb3d0424ee6bd558e5a,economic_annex,Productos lácteos — Importacion para consumo interno,Productos lácteos — Productos lácteos — Importacion para consumo interno,monthly,USD,2006-01-01T00:00:00Z,2026-07-31T00:00:00Z,review_indicator_only
a11f95fa41e1a836435b8b25d9aa8c21,247,2,FALSE,economic_annex:cuadro_52a:746fa2a6c4e8c4e1ff4455a6,economic_annex,Productos lácteos — Importación Registrada,Productos lácteos — Productos lácteos — Importación Registrada,monthly,USD,2006-01-01T00:00:00Z,2026-07-31T00:00:00Z,review_indicator_only
a175608e12e2b4002c55f70d043691bc,7,2,FALSE,lrm_auctions:subastas_2014:57e63b12970a0708ed266b9b,lrm_auctions,Plazos Estandarizados: 365 — Plazos Residuales: 364 — Mínima,lrm_auction_tenor — Plazos Estandarizados: 365 — Plazos Residuales: 364 — Mínima,irregular_daily,UNRESOLVED_SOURCE_UNITS,2014-03-27T00:00:00Z,2014-11-27T00:00:00Z,review_indicator_only
a175608e12e2b4002c55f70d043691bc,7,2,FALSE,lrm_auctions:subastas_2014:5b52d906236d2d89df7e4f26,lrm_auctions,Plazos Estandarizados: 365 — Plazos Residuales: 364 — Mínima,lrm_auction_tenor — Plazos Estandarizados: 365 — Plazos Residuales: 364 — Mínima,irregular_daily,UNRESOLVED_SOURCE_UNITS,2014-03-27T00:00:00Z,2014-11-27T00:00:00Z,review_indicator_only
a28eaed5fff3b53e942cb6f076c7d462,18,2,FALSE,economic_annex:cuadro_37:fa7f7f808f0b996b47a324d8,economic_annex,4. — 4.1.2 — Moneda y depósitos,4. — 4.1.2 — Moneda y depósitos,annual,USD,2008-01-01T00:00:00Z,2025-12-31T00:00:00Z,review_indicator_only
a28eaed5fff3b53e942cb6f076c7d462,18,2,FALSE,economic_annex:cuadro_39:8da5aecd8c03c3873b6267ca,economic_annex,4.1.2 Moneda y depósitos,4.1.2 Moneda y depósitos,annual,USD,2008-01-01T00:00:00Z,2025-12-31T00:00:00Z,review_indicator_only
a2a4451cdc8f78db19070a56260fb11c,7,2,FALSE,lrm_auctions:subastas_2021:07e39dcdda634d9a1a4e52ad,lrm_auctions,Plazos Estandarizados: 63 — Plazos Residuales: 63 — Mínima,lrm_auction_tenor — Plazos Estandarizados: 63 — Plazos Residuales: 63 — Mínima,irregular_daily,UNRESOLVED_SOURCE_UNITS,2021-02-24T00:00:00Z,2021-12-22T00:00:00Z,review_indicator_only
a2a4451cdc8f78db19070a56260fb11c,7,2,FALSE,lrm_auctions:subastas_2021:a521249d959ea7180d2956bb,lrm_auctions,Plazos Estandarizados: 63 — Plazos Residuales: 63 — Mínima,lrm_auction_tenor — Plazos Estandarizados: 63 — Plazos Residuales: 63 — Mínima,irregular_daily,UNRESOLVED_SOURCE_UNITS,2021-02-24T00:00:00Z,2021-12-22T00:00:00Z,review_indicator_only
a2dce6f45c5d65644e36a919fc66819c,247,2,FALSE,economic_annex:cuadro_52b:54b9d4e912a1bed60a062e23,economic_annex,"Ómnibus, camiones y camionetas — Importación Registrada","Ómnibus, camiones y camionetas — Ómnibus, camiones y camionetas — Importación Registrada",monthly,TONNES,2006-01-01T00:00:00Z,2026-07-31T00:00:00Z,review_indicator_only
a2dce6f45c5d65644e36a919fc66819c,247,2,FALSE,economic_annex:cuadro_52b:787c821e82b0fa2ae076b25a,economic_annex,"Ómnibus, camiones y camionetas — Importacion para consumo interno","Ómnibus, camiones y camionetas — Ómnibus, camiones y camionetas — Importacion para consumo interno",monthly,TONNES,2006-01-01T00:00:00Z,2026-07-31T00:00:00Z,review_indicator_only
a31298a82effc0a7d6b70357ac8a5cfe,186,2,FALSE,financial_indicators:x2_1:605f3a18fd06c05463cd4bb3,financial_indicators,ME — Tasa Activa — Préstamo Personal - consumo > 1 año,ME — Tasa Activa — Préstamo Personal - consumo > 1 año,monthly,PERCENT,2011-01-01T00:00:00Z,2026-06-30T00:00:00Z,review_indicator_only
a31298a82effc0a7d6b70357ac8a5cfe,186,2,FALSE,financial_indicators:x3_1:caaa67b40411c04bc9a1fdcd,financial_indicators,ME — Préstamo Personal - consumo > 1 año — TPP,ME — Préstamo Personal - consumo > 1 año — TPP,monthly,PERCENT,2011-01-01T00:00:00Z,2026-06-30T00:00:00Z,review_indicator_only
a41397c76c68fb56b4d528a0eb35a336,32,2,FALSE,financial_indicators:x2_1:769585e351cb9e53c7bb83ba,financial_indicators,ME — Tasa Activa — Préstamos Varios > 1 año,ME — Tasa Activa — Préstamos Varios > 1 año,monthly,PERCENT,2011-02-01T00:00:00Z,2014-07-31T00:00:00Z,review_indicator_only
a41397c76c68fb56b4d528a0eb35a336,32,2,FALSE,financial_indicators:x3_1:3abd3099a2d3642d986f264e,financial_indicators,ME — Préstamos Varios > 1 año — TPP,ME — Préstamos Varios > 1 año — TPP,monthly,PERCENT,2011-02-01T00:00:00Z,2014-07-31T00:00:00Z,review_indicator_only
a44eb02ac47b196a96bae132f494d4f5,17,2,FALSE,insurance_annex:x1_14:b1aa3c377004c17477c8ff00,insurance_annex,Siniestros Reaseguros Aceptados exterior (contratos proporcionales) (Guaraníes) — Incendio,Siniestros Reaseguros Aceptados exterior (contratos proporcionales) (Guaraníes) — Siniestros Reaseguros Aceptados exterior (contratos proporcionales) (Guaraníes) — Incendio,annual,PYG,2009-01-01T00:00:00Z,2025-12-31T00:00:00Z,review_indicator_only
a44eb02ac47b196a96bae132f494d4f5,17,2,FALSE,insurance_annex:x1_14:db364aa24ba41a112fc20bf4,insurance_annex,Total Siniestros Reaseguros Aceptados exterior — Incendio,Total Siniestros Reaseguros Aceptados exterior — Total Siniestros Reaseguros Aceptados exterior — Incendio,annual,PYG,2009-01-01T00:00:00Z,2025-12-31T00:00:00Z,review_indicator_only
a523ca3da50ccaf217dca9d978b4f64e,51,2,FALSE,payments:sipap_04:8a63366a5474390078c017ac,payments,TOTAL PYG SPI — 10- Más de 9 a 10 Millones — Importe,TOTAL PYG SPI — 10- Más de 9 a 10 Millones — Importe,monthly,PYG,2022-05-01T00:00:00Z,2026-07-31T00:00:00Z,review_indicator_only
a523ca3da50ccaf217dca9d978b4f64e,51,2,FALSE,payments:sipap_07:acbca9c1ab68dd125ca6c57c,payments,column_4,column_4,monthly,PYG,2022-05-01T00:00:00Z,2026-07-31T00:00:00Z,review_indicator_only
a598242de370efd95bc4690572a48190,5,2,TRUE,lrm_auctions:subastas_2022:3048cae5f3c9742d612cf8b0,lrm_auctions,Plazos Estandarizados: 35 — Plazos Residuales: 28 — Montos Anunciados,lrm_auction_tenor — Plazos Estandarizados: 35 — Plazos Residuales: 28 — Montos Anunciados,irregular_daily,UNRESOLVED_SOURCE_UNITS,2022-01-26T00:00:00Z,2022-07-27T00:00:00Z,review_indicator_only
a598242de370efd95bc4690572a48190,5,2,TRUE,lrm_auctions:subastas_2022:3c684c164201d9a3f39a6fc8,lrm_auctions,Plazos Estandarizados: 365 — Plazos Residuales: 364 — Montos Anunciados,lrm_auction_tenor — Plazos Estandarizados: 365 — Plazos Residuales: 364 — Montos Anunciados,irregular_daily,UNRESOLVED_SOURCE_UNITS,2022-01-26T00:00:00Z,2022-07-27T00:00:00Z,review_indicator_only
a60b947261d648e1638745d412ccccb2,378,2,FALSE,economic_annex:cuadro_21:b8ce2b9f8e9025fdccf7e5f5,economic_annex,M0 — Billetes y monedas en circulación,M0 — Billetes y monedas en circulación,monthly,PYG,1995-01-01T00:00:00Z,2026-06-30T00:00:00Z,review_indicator_only
a60b947261d648e1638745d412ccccb2,378,2,FALSE,economic_annex:cuadro_29:7a5c6ed17a7a4bc56cd72929,economic_annex,Billetes y Monedas en Circulación - M0,Billetes y Monedas en Circulación - M0,monthly,PYG,1995-01-01T00:00:00Z,2026-06-30T00:00:00Z,review_indicator_only
a648987e18c6c41d685cdc56a370532a,18,2,FALSE,economic_annex:cuadro_37:e937ef6a07a52415af9e038b,economic_annex,4. — 4.1.3 — Préstamos,4. — 4.1.3 — Préstamos,annual,USD,2008-01-01T00:00:00Z,2025-12-31T00:00:00Z,review_indicator_only
a648987e18c6c41d685cdc56a370532a,18,2,FALSE,economic_annex:cuadro_39:881552747829bc58ee214ffb,economic_annex,4.1.3 Préstamos,4.1.3 Préstamos,annual,USD,2008-01-01T00:00:00Z,2025-12-31T00:00:00Z,review_indicator_only
a665139d0937a8826ca453b1f5f10e3c,2,2,FALSE,lrm_auctions:subastas_2019:4b551f3170b65c380c5f7c82,lrm_auctions,Plazos Estandarizados: 91 — Plazos Residuales: 98 — Mínima,lrm_auction_tenor — Plazos Estandarizados: 91 — Plazos Residuales: 98 — Mínima,irregular_daily,UNRESOLVED_SOURCE_UNITS,2019-02-20T00:00:00Z,2019-10-23T00:00:00Z,review_indicator_only
a665139d0937a8826ca453b1f5f10e3c,2,2,FALSE,lrm_auctions:subastas_2019:a4d118f1fd0175e34946721c,lrm_auctions,Plazos Estandarizados: 91 — Plazos Residuales: 98 — Mínima,lrm_auction_tenor — Plazos Estandarizados: 91 — Plazos Residuales: 98 — Mínima,irregular_daily,UNRESOLVED_SOURCE_UNITS,2019-02-20T00:00:00Z,2019-10-23T00:00:00Z,review_indicator_only
a781371a4b7c8d0f2dd7ec9ef92f9937,46,2,FALSE,financial_indicators:x3_1:87dcd8c9c1ca18a29f717269,financial_indicators,ME — Préstamos Varios <= 1 año — Prom Min,ME — Préstamos Varios <= 1 año — Prom Min,monthly,PERCENT,2011-01-01T00:00:00Z,2014-10-31T00:00:00Z,review_indicator_only
a781371a4b7c8d0f2dd7ec9ef92f9937,46,2,FALSE,financial_indicators:x3_1:8e840ee81f6f23b5882d9140,financial_indicators,ME — Préstamos Varios <= 1 año — Min,ME — Préstamos Varios <= 1 año — Min,monthly,PERCENT,2011-01-01T00:00:00Z,2014-10-31T00:00:00Z,review_indicator_only
a7f76a56a7f9aec11350b8f4ef0c8f51,7,2,FALSE,lrm_auctions:subastas_2023:88e9ff84b8c642a4a38c010b,lrm_auctions,Plazos Estandarizados: 182 — Plazos Residuales: 182 — Mínima,lrm_auction_tenor — Plazos Estandarizados: 182 — Plazos Residuales: 182 — Mínima,irregular_daily,UNRESOLVED_SOURCE_UNITS,2023-01-25T00:00:00Z,2023-10-25T00:00:00Z,review_indicator_only
a7f76a56a7f9aec11350b8f4ef0c8f51,7,2,FALSE,lrm_auctions:subastas_2023:bf87f06f467e10f55b30080e,lrm_auctions,Plazos Estandarizados: 182 — Plazos Residuales: 182 — Mínima,lrm_auction_tenor — Plazos Estandarizados: 182 — Plazos Residuales: 182 — Mínima,irregular_daily,UNRESOLVED_SOURCE_UNITS,2023-01-25T00:00:00Z,2023-10-25T00:00:00Z,review_indicator_only
a8403f367195bc2c9a182d84ee6d8165,4,2,FALSE,lrm_auctions:subastas_2019:d45f7c455271a36d9f87aa52,lrm_auctions,Plazos Estandarizados: 35 — Plazos Residuales: 35 — Asignado #,lrm_auction_tenor — Plazos Estandarizados: 35 — Plazos Residuales: 35 — Asignado #,irregular_daily,UNRESOLVED_SOURCE_UNITS,2019-02-20T00:00:00Z,2019-12-26T00:00:00Z,review_indicator_only
a8403f367195bc2c9a182d84ee6d8165,4,2,FALSE,lrm_auctions:subastas_2019:fa2f58987deec1386218e267,lrm_auctions,Plazos Estandarizados: 35 — Plazos Residuales: 35 — Ofertado #,lrm_auction_tenor — Plazos Estandarizados: 35 — Plazos Residuales: 35 — Ofertado #,irregular_daily,UNRESOLVED_SOURCE_UNITS,2019-02-20T00:00:00Z,2019-12-26T00:00:00Z,review_indicator_only
a850bd2d20e392abf3532d6da7860063,17,2,FALSE,insurance_annex:x1_18:145680dea84fa457ad673405,insurance_annex,Siniestros Recuperados Reaseguros cedidos exterior (contratos no proporcionales) (Guaraníes) — Recupero de Siniestros Reaseguros Cedidos Sección Defunción o Sepelio,Siniestros Recuperados Reaseguros cedidos exterior (contratos no proporcionales) (Guaraníes) — Siniestros Recuperados Reaseguros cedidos exterior (contratos no proporcionales) (Guaraníes) — Recupero de Siniestros Reaseguros Cedidos Sección Defunción o Sepelio,annual,PYG,2009-01-01T00:00:00Z,2025-12-31T00:00:00Z,review_indicator_only
a850bd2d20e392abf3532d6da7860063,17,2,FALSE,insurance_annex:x1_18:ba88cc7437ee7df4af0d4cb4,insurance_annex,Total Siniestros recuperados Reaseguros cedidos exterior (Guaraníes) — Recupero de Siniestros Reaseguros Cedidos Sección Defunción o Sepelio,Total Siniestros recuperados Reaseguros cedidos exterior (Guaraníes) — Total Siniestros recuperados Reaseguros cedidos exterior (Guaraníes) — Recupero de Siniestros Reaseguros Cedidos Sección Defunción o Sepelio,annual,PYG,2009-01-01T00:00:00Z,2025-12-31T00:00:00Z,review_indicator_only
a8784e08102c5ef7ede493834d5e9224,167,2,FALSE,financial_indicators:x2_1:046a7340b35096d6c2d34761,financial_indicators,MN — Tasa Pasiva — Depósitos a Plazo <=90 días,MN — Tasa Pasiva — Depósitos a Plazo <=90 días,monthly,PERCENT,2011-01-01T00:00:00Z,2026-06-30T00:00:00Z,review_indicator_only
a8784e08102c5ef7ede493834d5e9224,167,2,FALSE,financial_indicators:x3_1:65f6600d41958b04d4131dc5,financial_indicators,MN — Depósitos a Plazo <=90 días — TPP,MN — Depósitos a Plazo <=90 días — TPP,monthly,PERCENT,2011-01-01T00:00:00Z,2026-06-30T00:00:00Z,review_indicator_only
a87f7cca3eaef366a6e29bfd859d3b00,8,2,FALSE,lrm_auctions:subastas_2022:45819eab5b1964d17abc4b91,lrm_auctions,Plazos Estandarizados: 35 — Plazos Residuales: 28 — Mínima,lrm_auction_tenor — Plazos Estandarizados: 35 — Plazos Residuales: 28 — Mínima,irregular_daily,UNRESOLVED_SOURCE_UNITS,2022-01-26T00:00:00Z,2022-11-23T00:00:00Z,review_indicator_only
a87f7cca3eaef366a6e29bfd859d3b00,8,2,FALSE,lrm_auctions:subastas_2022:a2c726f33786f143af341123,lrm_auctions,Plazos Estandarizados: 35 — Plazos Residuales: 28 — Mínima,lrm_auction_tenor — Plazos Estandarizados: 35 — Plazos Residuales: 28 — Mínima,irregular_daily,UNRESOLVED_SOURCE_UNITS,2022-01-26T00:00:00Z,2022-11-23T00:00:00Z,review_indicator_only
a92a6d5a742c780973318daa698708cd,7,2,FALSE,lrm_auctions:subastas_2019:57e63b12970a0708ed266b9b,lrm_auctions,Plazos Estandarizados: 365 — Plazos Residuales: 364 — Mínima,lrm_auction_tenor — Plazos Estandarizados: 365 — Plazos Residuales: 364 — Mínima,irregular_daily,UNRESOLVED_SOURCE_UNITS,2019-03-27T00:00:00Z,2019-11-27T00:00:00Z,review_indicator_only
a92a6d5a742c780973318daa698708cd,7,2,FALSE,lrm_auctions:subastas_2019:5b52d906236d2d89df7e4f26,lrm_auctions,Plazos Estandarizados: 365 — Plazos Residuales: 364 — Mínima,lrm_auction_tenor — Plazos Estandarizados: 365 — Plazos Residuales: 364 — Mínima,irregular_daily,UNRESOLVED_SOURCE_UNITS,2019-03-27T00:00:00Z,2019-11-27T00:00:00Z,review_indicator_only
a9b8dc6e0ff77d5c3dcb5c1d348d8fce,130,2,FALSE,economic_annex:cuadro_20:e8d8ec0fb6d6432e9349edbc,economic_annex,Sector público — Venta — 5,Sector público — Venta — 5,quarterly,USD,1994-01-01T00:00:00Z,2026-06-30T00:00:00Z,supported_cross_source_overlap
a9b8dc6e0ff77d5c3dcb5c1d348d8fce,130,2,FALSE,fx_operations:public_sector:sale:quarterly,fx_operations,public_sector — sale — quarterly,,quarterly,USD,1994-01-01T00:00:00Z,2026-06-30T00:00:00Z,supported_cross_source_overlap
aa73905958cd87cc66527594ebfed998,17,2,FALSE,insurance_annex:x1_32:1d60e7dd5c18f9e8da232151,insurance_annex,Participación utilidades reaseguros aceptados - contratos proporcionales (Guaraníes) — Part. de Utilidades Reaseguros Aceptados Sección Seguros Colectivos Corto Plazo,Participación utilidades reaseguros aceptados - contratos proporcionales (Guaraníes) — Participación utilidades reaseguros aceptados - contratos proporcionales (Guaraníes) — Part. de Utilidades Reaseguros Aceptados Sección Seguros Colectivos Corto Plazo,annual,PYG,2009-01-01T00:00:00Z,2025-12-31T00:00:00Z,review_indicator_only
aa73905958cd87cc66527594ebfed998,17,2,FALSE,insurance_annex:x1_32:8f65a2c2c25a41347074c611,insurance_annex,Participación utilidades reaseguros aceptados - contratos proporcionales (Guaraníes) — Total Vida Corto Plazo,Participación utilidades reaseguros aceptados - contratos proporcionales (Guaraníes) — Participación utilidades reaseguros aceptados - contratos proporcionales (Guaraníes) — Total Vida Corto Plazo,annual,PYG,2009-01-01T00:00:00Z,2025-12-31T00:00:00Z,review_indicator_only
aaa585a975778230135859ed96ef97a6,391,2,FALSE,economic_annex:cuadro_51a:17e7d25afbf23b1fc09adcde,economic_annex,Nafta,Nafta,monthly,USD,1994-01-01T00:00:00Z,2026-07-31T00:00:00Z,review_indicator_only
aaa585a975778230135859ed96ef97a6,391,2,FALSE,economic_annex:cuadro_53a:4bcf737dbf944684219545f7,economic_annex,Naftas,Naftas,monthly,USD,1994-01-01T00:00:00Z,2026-07-31T00:00:00Z,review_indicator_only
ab226b08c9685c181926e8e7fc1f137d,17,2,FALSE,financial_indicators:x2_2:aebe10e1a8ee45fe5fab6286,financial_indicators,MN — Tasa Pasiva — Otros Depósitos,MN — Tasa Pasiva — Otros Depósitos,monthly,PERCENT,2011-01-01T00:00:00Z,2016-01-31T00:00:00Z,review_indicator_only
ab226b08c9685c181926e8e7fc1f137d,17,2,FALSE,financial_indicators:x3_2:f1ac3536dafa56aa9c2bd5e7,financial_indicators,MN — Otros Depósitos — TPP,MN — Otros Depósitos — TPP,monthly,PERCENT,2011-01-01T00:00:00Z,2016-01-31T00:00:00Z,review_indicator_only
acb1e28f11d6c2d9a7b08a468ca7186f,3,2,FALSE,lrm_auctions:subastas_2015:1569b092994575e4f365fd80,lrm_auctions,Plazos Estandarizados: 63 — Plazos Residuales: 56 — Máxima,lrm_auction_tenor — Plazos Estandarizados: 63 — Plazos Residuales: 56 — Máxima,irregular_daily,UNRESOLVED_SOURCE_UNITS,2015-01-28T00:00:00Z,2015-07-29T00:00:00Z,review_indicator_only
acb1e28f11d6c2d9a7b08a468ca7186f,3,2,FALSE,lrm_auctions:subastas_2015:66705411d4f15df9e2d9209b,lrm_auctions,Plazos Estandarizados: 63 — Plazos Residuales: 56 — Máxima,lrm_auction_tenor — Plazos Estandarizados: 63 — Plazos Residuales: 56 — Máxima,irregular_daily,UNRESOLVED_SOURCE_UNITS,2015-01-28T00:00:00Z,2015-07-29T00:00:00Z,review_indicator_only
ad7c678d646bffd87488d4d6e7c755dc,6,2,FALSE,lrm_auctions:subastas_2013:88e9ff84b8c642a4a38c010b,lrm_auctions,Plazos Estandarizados: 182 — Plazos Residuales: 182 — Mínima,lrm_auction_tenor — Plazos Estandarizados: 182 — Plazos Residuales: 182 — Mínima,irregular_daily,UNRESOLVED_SOURCE_UNITS,2013-06-27T00:00:00Z,2013-12-26T00:00:00Z,review_indicator_only
ad7c678d646bffd87488d4d6e7c755dc,6,2,FALSE,lrm_auctions:subastas_2013:bf87f06f467e10f55b30080e,lrm_auctions,Plazos Estandarizados: 182 — Plazos Residuales: 182 — Mínima,lrm_auction_tenor — Plazos Estandarizados: 182 — Plazos Residuales: 182 — Mínima,irregular_daily,UNRESOLVED_SOURCE_UNITS,2013-06-27T00:00:00Z,2013-12-26T00:00:00Z,review_indicator_only
add4be6fb49960b8af82ce1de28b3ee5,17,2,FALSE,insurance_annex:x1_18:a5302dd064e45db33cd6cde8,insurance_annex,Total Siniestros recuperados Reaseguros cedidos exterior (Guaraníes) — Accidentes a Pasajeros,Total Siniestros recuperados Reaseguros cedidos exterior (Guaraníes) — Total Siniestros recuperados Reaseguros cedidos exterior (Guaraníes) — Accidentes a Pasajeros,annual,PYG,2009-01-01T00:00:00Z,2025-12-31T00:00:00Z,review_indicator_only
add4be6fb49960b8af82ce1de28b3ee5,17,2,FALSE,insurance_annex:x1_18:ee063d4bdf2f046ddcbfb177,insurance_annex,Siniestros Recuperados Reaseguros cedidos exterior (contratos proporcionales) (Guaraníes) — Accidentes a Pasajeros,Siniestros Recuperados Reaseguros cedidos exterior (contratos proporcionales) (Guaraníes) — Siniestros Recuperados Reaseguros cedidos exterior (contratos proporcionales) (Guaraníes) — Accidentes a Pasajeros,annual,PYG,2009-01-01T00:00:00Z,2025-12-31T00:00:00Z,review_indicator_only
aea373eecf6c8a349ec686141207507d,17,2,FALSE,insurance_annex:x1_13:2759c81f40406428db8236c3,insurance_annex,Siniestros Reaseguros Aceptados Local (contratos no proporcionales) (Guaraníes) — Total Vida Corto Plazo,Siniestros Reaseguros Aceptados Local (contratos no proporcionales) (Guaraníes) — Siniestros Reaseguros Aceptados Local (contratos no proporcionales) (Guaraníes) — Total Vida Corto Plazo,annual,PYG,2009-01-01T00:00:00Z,2025-12-31T00:00:00Z,review_indicator_only
aea373eecf6c8a349ec686141207507d,17,2,FALSE,insurance_annex:x1_13:8fdca43df4700c32dbb4afcc,insurance_annex,Siniestros Reaseguros Aceptados Local (contratos no proporcionales) (Guaraníes) — Siniestros Reaseguros Aceptados Sección Seguros Colectivos Corto Plazo,Siniestros Reaseguros Aceptados Local (contratos no proporcionales) (Guaraníes) — Siniestros Reaseguros Aceptados Local (contratos no proporcionales) (Guaraníes) — Siniestros Reaseguros Aceptados Sección Seguros Colectivos Corto Plazo,annual,PYG,2009-01-01T00:00:00Z,2025-12-31T00:00:00Z,review_indicator_only
aeb55457fd3120898c881a9881428b07,73,2,FALSE,economic_annex:cuadro_37:5a5ae0afeb4663b072559ac2,economic_annex,4. — 4.1.5 — Créditos y anticipos comerciales,4. — 4.1.5 — Créditos y anticipos comerciales,quarterly,USD,2008-01-01T00:00:00Z,2026-03-31T00:00:00Z,review_indicator_only
aeb55457fd3120898c881a9881428b07,73,2,FALSE,economic_annex:cuadro_39:bbfef640e6d7e922a51e4739,economic_annex,4.1.5 Créditos y anticipos comerciales,4.1.5 Créditos y anticipos comerciales,quarterly,USD,2008-01-01T00:00:00Z,2026-03-31T00:00:00Z,review_indicator_only
aeea53d2b720fbaf38645f73b7c28a5c,17,2,FALSE,insurance_annex:x1_25:9a1df9ae1dafa8b3dded1104,insurance_annex,Intereses sobre reservas retenidas - contratos proporcionales (Guaraníes) — Caución,Intereses sobre reservas retenidas - contratos proporcionales (Guaraníes) — Intereses sobre reservas retenidas - contratos proporcionales (Guaraníes) — Caución,annual,PYG,2009-01-01T00:00:00Z,2025-12-31T00:00:00Z,review_indicator_only
aeea53d2b720fbaf38645f73b7c28a5c,17,2,FALSE,insurance_annex:x1_25:aa06d833d11a1a70ce62ce25,insurance_annex,Total otros ingresos reaseguros aceptados - local — Caución,Total otros ingresos reaseguros aceptados - local — Total otros ingresos reaseguros aceptados - local — Caución,annual,PYG,2009-01-01T00:00:00Z,2025-12-31T00:00:00Z,review_indicator_only
af0cb85a72c166dca42a89339d563b75,17,2,FALSE,insurance_annex:x1_32:a703b89defa66dc61474b2d5,insurance_annex,Participación utilidades reaseguros aceptados - contratos no proporcionales (Guaraníes) — Part. de Utilidades Reaseguros Aceptados Sección Seguros Colectivos Corto Plazo,Participación utilidades reaseguros aceptados - contratos no proporcionales (Guaraníes) — Participación utilidades reaseguros aceptados - contratos no proporcionales (Guaraníes) — Part. de Utilidades Reaseguros Aceptados Sección Seguros Colectivos Corto Plazo,annual,PYG,2009-01-01T00:00:00Z,2025-12-31T00:00:00Z,review_indicator_only
af0cb85a72c166dca42a89339d563b75,17,2,FALSE,insurance_annex:x1_32:f04bfa32912d5a2021d13690,insurance_annex,Participación utilidades reaseguros aceptados - contratos no proporcionales (Guaraníes) — Total Vida Corto Plazo,Participación utilidades reaseguros aceptados - contratos no proporcionales (Guaraníes) — Participación utilidades reaseguros aceptados - contratos no proporcionales (Guaraníes) — Total Vida Corto Plazo,annual,PYG,2009-01-01T00:00:00Z,2025-12-31T00:00:00Z,review_indicator_only
af635693c6742cfffed11638e53a4b9e,130,2,FALSE,economic_annex:cuadro_20:885a8c64da03827dd2ca813a,economic_annex,Sector público — Total neto — 6=4+5,Sector público — Total neto — 6=4+5,quarterly,USD,1994-01-01T00:00:00Z,2026-06-30T00:00:00Z,supported_cross_source_overlap
af635693c6742cfffed11638e53a4b9e,130,2,FALSE,fx_operations:public_sector:net:quarterly,fx_operations,public_sector — net — quarterly,,quarterly,USD,1994-01-01T00:00:00Z,2026-06-30T00:00:00Z,supported_cross_source_overlap
afdaa16eb1a53a0e4c2f99d4bc39c2b0,5,2,FALSE,lrm_auctions:subastas_2013:45819eab5b1964d17abc4b91,lrm_auctions,Plazos Estandarizados: 35 — Plazos Residuales: 28 — Mínima,lrm_auction_tenor — Plazos Estandarizados: 35 — Plazos Residuales: 28 — Mínima,irregular_daily,UNRESOLVED_SOURCE_UNITS,2013-04-11T00:00:00Z,2013-12-12T00:00:00Z,review_indicator_only
afdaa16eb1a53a0e4c2f99d4bc39c2b0,5,2,FALSE,lrm_auctions:subastas_2013:a2c726f33786f143af341123,lrm_auctions,Plazos Estandarizados: 35 — Plazos Residuales: 28 — Mínima,lrm_auction_tenor — Plazos Estandarizados: 35 — Plazos Residuales: 28 — Mínima,irregular_daily,UNRESOLVED_SOURCE_UNITS,2013-04-11T00:00:00Z,2013-12-12T00:00:00Z,review_indicator_only
b06009952544bf09b9c0840f84813cea,3,2,FALSE,liquidity_facility:adm_liq_deposito:0bc8503f9df18f9e0e55cdc7,liquidity_facility,operation_type: deposito — Plazos (días): 4 — Monto Asignado (Guaraníes),short_term_liquidity_auction — operation_type: deposito — Plazos (días): 4 — Monto Asignado (Guaraníes),irregular_daily,PYG,2018-12-24T00:00:00Z,2021-02-22T00:00:00Z,review_indicator_only
b06009952544bf09b9c0840f84813cea,3,2,FALSE,liquidity_facility:adm_liq_deposito:935f640b8e9a59634d941508,liquidity_facility,operation_type: deposito — Plazos (días): 4 — Monto Ofertado (Guaraníes),short_term_liquidity_auction — operation_type: deposito — Plazos (días): 4 — Monto Ofertado (Guaraníes),irregular_daily,PYG,2018-12-24T00:00:00Z,2021-02-22T00:00:00Z,review_indicator_only
b1345768f98124f93f56f6d314bbbfad,73,2,FALSE,economic_annex:cuadro_37:c0d665d431c446efc892307e,economic_annex,1. — Manufactura sobre insumos físicos pertenecientes a otros,1. — Manufactura sobre insumos físicos pertenecientes a otros,quarterly,USD,2008-01-01T00:00:00Z,2026-03-31T00:00:00Z,review_indicator_only
b1345768f98124f93f56f6d314bbbfad,73,2,FALSE,economic_annex:cuadro_38:0eb0b40f917df2f6b9ae116e,economic_annex,1. Manufactura sobre insumos físicos pertenecientes a otros,1. Manufactura sobre insumos físicos pertenecientes a otros,quarterly,USD,2008-01-01T00:00:00Z,2026-03-31T00:00:00Z,review_indicator_only
b172c200bd0500d4dc4984a23ae11ef7,49,2,FALSE,financial_indicators:x3_2:0bb5fea312ed4b8b47270fa9,financial_indicators,MN — Préstamos Varios <= 1 año — Prom Min,MN — Préstamos Varios <= 1 año — Prom Min,monthly,PERCENT,2011-01-01T00:00:00Z,2020-11-30T00:00:00Z,review_indicator_only
b172c200bd0500d4dc4984a23ae11ef7,49,2,FALSE,financial_indicators:x3_2:422ebf8a745f5455724f480c,financial_indicators,MN — Préstamos Varios <= 1 año — Min,MN — Préstamos Varios <= 1 año — Min,monthly,PERCENT,2011-01-01T00:00:00Z,2020-11-30T00:00:00Z,review_indicator_only
b174a0fe75a07ca7259d8b359609b12c,2,2,FALSE,lrm_auctions:subastas_2016:4b551f3170b65c380c5f7c82,lrm_auctions,Plazos Estandarizados: 91 — Plazos Residuales: 98 — Mínima,lrm_auction_tenor — Plazos Estandarizados: 91 — Plazos Residuales: 98 — Mínima,irregular_daily,UNRESOLVED_SOURCE_UNITS,2016-03-16T00:00:00Z,2016-12-21T00:00:00Z,review_indicator_only
b174a0fe75a07ca7259d8b359609b12c,2,2,FALSE,lrm_auctions:subastas_2016:a4d118f1fd0175e34946721c,lrm_auctions,Plazos Estandarizados: 91 — Plazos Residuales: 98 — Mínima,lrm_auction_tenor — Plazos Estandarizados: 91 — Plazos Residuales: 98 — Mínima,irregular_daily,UNRESOLVED_SOURCE_UNITS,2016-03-16T00:00:00Z,2016-12-21T00:00:00Z,review_indicator_only
b21d4cb33943c3b82eda4386c60929d5,153,2,TRUE,payments:miha_04:bd757c9cf0457ba0e7925b9d,payments,Lotes,Lotes,monthly,COUNT,2013-11-01T00:00:00Z,2026-07-31T00:00:00Z,review_indicator_only
b21d4cb33943c3b82eda4386c60929d5,153,2,TRUE,payments:miha_05:bd757c9cf0457ba0e7925b9d,payments,Lotes,Lotes,monthly,COUNT,2013-11-01T00:00:00Z,2026-07-31T00:00:00Z,review_indicator_only
b224d249972fa904e7da92b1e2f9d6c3,45,2,FALSE,financial_indicators:x3_2:3aa9bd44ab0d668112211b06,financial_indicators,MN — Préstamos Varios > 1 año — Prom Max,MN — Préstamos Varios > 1 año — Prom Max,monthly,PERCENT,2011-01-01T00:00:00Z,2014-11-30T00:00:00Z,review_indicator_only
b224d249972fa904e7da92b1e2f9d6c3,45,2,FALSE,financial_indicators:x3_2:4bbd3e11655733e16c7e9ca5,financial_indicators,MN — Préstamos Varios > 1 año — Max,MN — Préstamos Varios > 1 año — Max,monthly,PERCENT,2011-01-01T00:00:00Z,2014-11-30T00:00:00Z,review_indicator_only
b239de450d62365b01a1b0d9f329fae6,46,2,FALSE,financial_indicators:x3_1:7f2d3ce4c3ae8654f493e1f6,financial_indicators,ME — Préstamos Varios <= 1 año — Prom Max,ME — Préstamos Varios <= 1 año — Prom Max,monthly,PERCENT,2011-01-01T00:00:00Z,2014-10-31T00:00:00Z,review_indicator_only
b239de450d62365b01a1b0d9f329fae6,46,2,FALSE,financial_indicators:x3_1:ad04fcab61df1c12bf4118b9,financial_indicators,ME — Préstamos Varios <= 1 año — Max,ME — Préstamos Varios <= 1 año — Max,monthly,PERCENT,2011-01-01T00:00:00Z,2014-10-31T00:00:00Z,review_indicator_only
b334c13e039b9cf92928396e9d44f9b4,7,2,FALSE,lrm_auctions:subastas_2018:5b6eb8a66c58a781bc5e1741,lrm_auctions,Plazos Estandarizados: 91 — Plazos Residuales: 91 — Mínima,lrm_auction_tenor — Plazos Estandarizados: 91 — Plazos Residuales: 91 — Mínima,irregular_daily,UNRESOLVED_SOURCE_UNITS,2018-01-24T00:00:00Z,2018-10-24T00:00:00Z,review_indicator_only
b334c13e039b9cf92928396e9d44f9b4,7,2,FALSE,lrm_auctions:subastas_2018:820ff1f83b051209517929a0,lrm_auctions,Plazos Estandarizados: 91 — Plazos Residuales: 91 — Mínima,lrm_auction_tenor — Plazos Estandarizados: 91 — Plazos Residuales: 91 — Mínima,irregular_daily,UNRESOLVED_SOURCE_UNITS,2018-01-24T00:00:00Z,2018-10-24T00:00:00Z,review_indicator_only
b386b477e85aff94550f3a54e53ec831,2,2,FALSE,lrm_auctions:subastas_2013:af457904e9125fb23fd60680,lrm_auctions,Plazos Estandarizados: 182 — Plazos Residuales: 140 — Mínima,lrm_auction_tenor — Plazos Estandarizados: 182 — Plazos Residuales: 140 — Mínima,irregular_daily,UNRESOLVED_SOURCE_UNITS,2013-05-09T00:00:00Z,2013-09-26T00:00:00Z,review_indicator_only
b386b477e85aff94550f3a54e53ec831,2,2,FALSE,lrm_auctions:subastas_2013:b1b5c04fd3aa648e5ab54827,lrm_auctions,Plazos Estandarizados: 182 — Plazos Residuales: 140 — Mínima,lrm_auction_tenor — Plazos Estandarizados: 182 — Plazos Residuales: 140 — Mínima,irregular_daily,UNRESOLVED_SOURCE_UNITS,2013-05-09T00:00:00Z,2013-09-26T00:00:00Z,review_indicator_only
b3be5dc60e15f99143c66d110a4079bc,73,2,FALSE,economic_annex:cuadro_37:ef8149d9089b48c78b2c436d,economic_annex,4. — 4.2.2 — Moneda y depósitos,4. — 4.2.2 — Moneda y depósitos,quarterly,USD,2008-01-01T00:00:00Z,2026-03-31T00:00:00Z,review_indicator_only
b3be5dc60e15f99143c66d110a4079bc,73,2,FALSE,economic_annex:cuadro_39:ffeb15a814f1ebd81a9fc1cd,economic_annex,4.2.2 Moneda y depósitos,4.2.2 Moneda y depósitos,quarterly,USD,2008-01-01T00:00:00Z,2026-03-31T00:00:00Z,review_indicator_only
b476a7e3e5bf9f154b834907f06b8c08,36,2,FALSE,economic_annex:cuadro_20:2db308b2a099a1de8bdd3fb4,economic_annex,Otras operaciones 1/ — Total neto — 9=7+8,Otras operaciones 1/ — Total neto — 9=7+8,annual,USD,1990-01-01T00:00:00Z,2025-12-31T00:00:00Z,supported_cross_source_overlap
b476a7e3e5bf9f154b834907f06b8c08,36,2,FALSE,fx_operations:other_operations:net:annual,fx_operations,other_operations — net — annual,,annual,USD,1990-01-01T00:00:00Z,2025-12-31T00:00:00Z,supported_cross_source_overlap
b4e4fc6f8cdbdd05748de517d3ceee1c,4,2,FALSE,lrm_auctions:subastas_2026:07e39dcdda634d9a1a4e52ad,lrm_auctions,Plazos Estandarizados: 63 — Plazos Residuales: 63 — Mínima,lrm_auction_tenor — Plazos Estandarizados: 63 — Plazos Residuales: 63 — Mínima,irregular_daily,UNRESOLVED_SOURCE_UNITS,2026-03-26T00:00:00Z,2026-06-25T00:00:00Z,review_indicator_only
b4e4fc6f8cdbdd05748de517d3ceee1c,4,2,FALSE,lrm_auctions:subastas_2026:a521249d959ea7180d2956bb,lrm_auctions,Plazos Estandarizados: 63 — Plazos Residuales: 63 — Mínima,lrm_auction_tenor — Plazos Estandarizados: 63 — Plazos Residuales: 63 — Mínima,irregular_daily,UNRESOLVED_SOURCE_UNITS,2026-03-26T00:00:00Z,2026-06-25T00:00:00Z,review_indicator_only
b55da5bc1fbf76d4c5d476b745e9623f,391,2,FALSE,economic_annex:cuadro_44b:bbf6a4dac429f3f977e36274,economic_annex,1000 KWh — Energía Eléctrica,1000 KWh — Energía Eléctrica,monthly,KWH,1994-01-01T00:00:00Z,2026-07-31T00:00:00Z,review_indicator_only
b55da5bc1fbf76d4c5d476b745e9623f,391,2,FALSE,economic_annex:cuadro_46b:e20efd3e60990feb492cd1c1,economic_annex,Energía eléctrica (1000Kwh),Energía eléctrica (1000Kwh),monthly,MIXED_PHYSICAL_UNITS,1994-01-01T00:00:00Z,2026-07-31T00:00:00Z,review_indicator_only
b6cfa1300a95871abb2dfe582df74410,379,2,FALSE,economic_annex:cuadro_20:45150842cf7337da40063364,economic_annex,Sector público — Venta — 5,Sector público — Venta — 5,monthly,USD,1995-01-01T00:00:00Z,2026-07-31T00:00:00Z,supported_cross_source_overlap
b6cfa1300a95871abb2dfe582df74410,379,2,FALSE,fx_operations:public_sector:sale:monthly,fx_operations,public_sector — sale — monthly,,monthly,USD,1995-01-01T00:00:00Z,2026-07-31T00:00:00Z,supported_cross_source_overlap
b74c7dd9c8aee6e26b938fd8e5f5be0c,186,2,FALSE,financial_indicators:x4:097cbfe739a9eb94a4aa170e,financial_indicators,MN — Tasa Activa — Sobregiros — Total,MN — Tasa Activa — Sobregiros — Total,monthly,PYG,2011-01-01T00:00:00Z,2026-06-30T00:00:00Z,review_indicator_only
b74c7dd9c8aee6e26b938fd8e5f5be0c,186,2,FALSE,financial_indicators:x4:0b260a79a1742543b94e4db8,financial_indicators,MN — Tasa Activa — Sobregiros,MN — Tasa Activa — Sobregiros,monthly,PYG,2011-01-01T00:00:00Z,2026-06-30T00:00:00Z,review_indicator_only
b809115580053cdf577420d7395f8506,186,2,FALSE,financial_indicators:x1_1:229c8844247f990b1df64b4f,financial_indicators,MN — Tasa Activa (promedio ponderada) — Otros Depósitos,MN — Tasa Activa (promedio ponderada) — Otros Depósitos,monthly,PERCENT,2011-01-01T00:00:00Z,2026-06-30T00:00:00Z,review_indicator_only
b809115580053cdf577420d7395f8506,186,2,FALSE,financial_indicators:x1_1:ee8c5388e10867e764f701d4,financial_indicators,MN — Tasa Activa — Total,MN — Tasa Activa — Total,monthly,PERCENT,2011-01-01T00:00:00Z,2026-06-30T00:00:00Z,review_indicator_only
b8098a1bd936308693c8d6060ee9be18,247,2,FALSE,economic_annex:cuadro_52b:53aa43d86bfebbb84328a6d3,economic_annex,Artículos para construcciones sanitarias — Importación Registrada,Artículos para construcciones sanitarias — Artículos para construcciones sanitarias — Importación Registrada,monthly,TONNES,2006-01-01T00:00:00Z,2026-07-31T00:00:00Z,review_indicator_only
b8098a1bd936308693c8d6060ee9be18,247,2,FALSE,economic_annex:cuadro_52b:7f98c1071b1984b719731dc0,economic_annex,Artículos para construcciones sanitarias — Importacion para consumo interno,Artículos para construcciones sanitarias — Artículos para construcciones sanitarias — Importacion para consumo interno,monthly,TONNES,2006-01-01T00:00:00Z,2026-07-31T00:00:00Z,review_indicator_only
b902776c3ecd4cc9b6a2efc305cb0799,130,2,FALSE,economic_annex:cuadro_20:5584abb324887fa6367d39aa,economic_annex,Otras operaciones 1/ — Venta — 8,Otras operaciones 1/ — Venta — 8,quarterly,USD,1994-01-01T00:00:00Z,2026-06-30T00:00:00Z,supported_cross_source_overlap
b902776c3ecd4cc9b6a2efc305cb0799,130,2,FALSE,fx_operations:other_operations:sale:quarterly,fx_operations,other_operations — sale — quarterly,,quarterly,USD,1994-01-01T00:00:00Z,2026-06-30T00:00:00Z,supported_cross_source_overlap
b90fc70daf30f463e803b3c2c7cc7e5d,247,2,FALSE,economic_annex:cuadro_52b:5f88482ef98a83e6f03c15fd,economic_annex,Asfalto — Importacion para consumo interno,Asfalto — Asfalto — Importacion para consumo interno,monthly,TONNES,2006-01-01T00:00:00Z,2026-07-31T00:00:00Z,review_indicator_only
b90fc70daf30f463e803b3c2c7cc7e5d,247,2,FALSE,economic_annex:cuadro_52b:ba62be00e3b0bbf762bffef1,economic_annex,Asfalto — Importación Registrada,Asfalto — Asfalto — Importación Registrada,monthly,TONNES,2006-01-01T00:00:00Z,2026-07-31T00:00:00Z,review_indicator_only
b92b5d21882e3d61a240dfb896c94f6d,17,2,FALSE,insurance_annex:x1_29:0300eec180f11bdf834708c0,insurance_annex,Gastos de cesión reaseguros cedidos - contratos no proporcionales (Local) — Accidentes a Pasajeros,Gastos de cesión reaseguros cedidos - contratos no proporcionales (Local) — Gastos de cesión reaseguros cedidos - contratos no proporcionales (Local) — Accidentes a Pasajeros,annual,PYG,2009-01-01T00:00:00Z,2025-12-31T00:00:00Z,review_indicator_only
b92b5d21882e3d61a240dfb896c94f6d,17,2,FALSE,insurance_annex:x1_29:41de2b7ff331e0c21026fa6f,insurance_annex,Total Gastos Reaseguros Cedidos - local — Accidentes a Pasajeros,Total Gastos Reaseguros Cedidos - local — Total Gastos Reaseguros Cedidos - local — Accidentes a Pasajeros,annual,PYG,2009-01-01T00:00:00Z,2025-12-31T00:00:00Z,review_indicator_only
ba81a737205b8258daaf489dece48e38,18,2,FALSE,economic_annex:cuadro_37:155900b9f3ec4814d3437067,economic_annex,4. — 4.1.5 — Créditos y anticipos comerciales,4. — 4.1.5 — Créditos y anticipos comerciales,annual,USD,2008-01-01T00:00:00Z,2025-12-31T00:00:00Z,review_indicator_only
ba81a737205b8258daaf489dece48e38,18,2,FALSE,economic_annex:cuadro_39:88ddbfb1f9e9a5c907afbadf,economic_annex,4.1.5 Créditos y anticipos comerciales,4.1.5 Créditos y anticipos comerciales,annual,USD,2008-01-01T00:00:00Z,2025-12-31T00:00:00Z,review_indicator_only
bc66c953a6e9a6561c93017fba399ca1,17,2,FALSE,economic_annex:cuadro_42:16023eb4c35a1a87c3d74864,economic_annex,Reinversión de utilidades (H),Reinversión de utilidades (H),annual,USD,2008-01-01T00:00:00Z,2024-12-31T00:00:00Z,review_indicator_only
bc66c953a6e9a6561c93017fba399ca1,17,2,FALSE,economic_annex:cuadro_42:41b8ec2f68457852fd8d893b,economic_annex,Reinversión de utilidades (H),Reinversión de utilidades (H),annual,USD,2008-01-01T00:00:00Z,2024-12-31T00:00:00Z,review_indicator_only
bccd749a8c7e71404cd8cd7c902450f6,159,2,FALSE,financial_indicators:x2_1:bb2633132b385d733deff44e,financial_indicators,ME — Tasa Activa — Préstamo Personal - consumo <= 90 dias,ME — Tasa Activa — Préstamo Personal - consumo <= 90 dias,monthly,PERCENT,2012-09-01T00:00:00Z,2026-06-30T00:00:00Z,review_indicator_only
bccd749a8c7e71404cd8cd7c902450f6,159,2,FALSE,financial_indicators:x3_1:098cfeb0fcc1a6bd27474cb7,financial_indicators,ME — Préstamo Personal - consumo <= 90 dias — TPP,ME — Préstamo Personal - consumo <= 90 dias — TPP,monthly,PERCENT,2012-09-01T00:00:00Z,2026-06-30T00:00:00Z,review_indicator_only
bce75091ecc2db95faadf3409a5add84,3,2,FALSE,lrm_auctions:subastas_2013:57e63b12970a0708ed266b9b,lrm_auctions,Plazos Estandarizados: 365 — Plazos Residuales: 364 — Mínima,lrm_auction_tenor — Plazos Estandarizados: 365 — Plazos Residuales: 364 — Mínima,irregular_daily,UNRESOLVED_SOURCE_UNITS,2013-06-27T00:00:00Z,2013-12-26T00:00:00Z,review_indicator_only
bce75091ecc2db95faadf3409a5add84,3,2,FALSE,lrm_auctions:subastas_2013:5b52d906236d2d89df7e4f26,lrm_auctions,Plazos Estandarizados: 365 — Plazos Residuales: 364 — Mínima,lrm_auction_tenor — Plazos Estandarizados: 365 — Plazos Residuales: 364 — Mínima,irregular_daily,UNRESOLVED_SOURCE_UNITS,2013-06-27T00:00:00Z,2013-12-26T00:00:00Z,review_indicator_only
bd4f63eea6878aaff2c9b36197d78b3a,17,2,FALSE,insurance_annex:x1_31:6d7f16d0c5da585ab9919724,insurance_annex,Participación utilidades reaseguros aceptados - contratos proporcionales (Guaraníes) — Robo y Asalto,Participación utilidades reaseguros aceptados - contratos proporcionales (Guaraníes) — Participación utilidades reaseguros aceptados - contratos proporcionales (Guaraníes) — Robo y Asalto,annual,PYG,2009-01-01T00:00:00Z,2025-12-31T00:00:00Z,review_indicator_only
bd4f63eea6878aaff2c9b36197d78b3a,17,2,FALSE,insurance_annex:x1_31:ed9532fa9f3d8c710d73c877,insurance_annex,Total Gastos Reaseguros Aceptados - Local (Guaraníes) — Robo y Asalto,Total Gastos Reaseguros Aceptados - Local (Guaraníes) — Total Gastos Reaseguros Aceptados - Local (Guaraníes) — Robo y Asalto,annual,PYG,2009-01-01T00:00:00Z,2025-12-31T00:00:00Z,review_indicator_only
be502f292118aade99931eef5799cda2,379,2,FALSE,economic_annex:cuadro_20:39762600516504aa4a364338,economic_annex,Otras operaciones 1/ — Venta — 8,Otras operaciones 1/ — Venta — 8,monthly,USD,1995-01-01T00:00:00Z,2026-07-31T00:00:00Z,supported_cross_source_overlap
be502f292118aade99931eef5799cda2,379,2,FALSE,fx_operations:other_operations:sale:monthly,fx_operations,other_operations — sale — monthly,,monthly,USD,1995-01-01T00:00:00Z,2026-07-31T00:00:00Z,supported_cross_source_overlap
beded0e8de25b3c4194b1edd8f0ff2b3,4,2,FALSE,lrm_auctions:subastas_2015:908f8f022440bbfbdb65bb24,lrm_auctions,Plazos Estandarizados: 35 — Plazos Residuales: 28 — Promedio,lrm_auction_tenor — Plazos Estandarizados: 35 — Plazos Residuales: 28 — Promedio,irregular_daily,UNRESOLVED_SOURCE_UNITS,2015-01-28T00:00:00Z,2015-05-27T00:00:00Z,review_indicator_only
beded0e8de25b3c4194b1edd8f0ff2b3,4,2,FALSE,lrm_auctions:subastas_2015:964a1e7acc58cf13bdd974d0,lrm_auctions,Plazos Estandarizados: 35 — Plazos Residuales: 28 — Promedio,lrm_auction_tenor — Plazos Estandarizados: 35 — Plazos Residuales: 28 — Promedio,irregular_daily,UNRESOLVED_SOURCE_UNITS,2015-01-28T00:00:00Z,2015-05-27T00:00:00Z,review_indicator_only
bf7c0a801b14680cc11514d074f73324,133,2,FALSE,economic_annex:cuadro_61:5b62f2f40cfd0eb92ccad105,economic_annex,Compra — Financieras — Forward — Residentes,Mercado cambiario local — Compra — Financieras — Forward — Residentes,monthly,USD,2015-07-01T00:00:00Z,2026-07-31T00:00:00Z,review_indicator_only
bf7c0a801b14680cc11514d074f73324,133,2,FALSE,economic_annex:cuadro_61:8a89f4671edf873edeaf7134,economic_annex,Compra — Casas de cambios y financieras — Forward — Residentes,Mercado cambiario local — Compra — Casas de cambios y financieras — Forward — Residentes,monthly,USD,2015-07-01T00:00:00Z,2026-07-31T00:00:00Z,review_indicator_only
bf81ea993de2adfdc6b37affdda69dd5,3,2,FALSE,lrm_auctions:subastas_2015:ce4ce2fcd94fb6a8be5ccb97,lrm_auctions,Plazos Estandarizados: 63 — Plazos Residuales: 56 — Mínima,lrm_auction_tenor — Plazos Estandarizados: 63 — Plazos Residuales: 56 — Mínima,irregular_daily,UNRESOLVED_SOURCE_UNITS,2015-01-28T00:00:00Z,2015-07-29T00:00:00Z,review_indicator_only
bf81ea993de2adfdc6b37affdda69dd5,3,2,FALSE,lrm_auctions:subastas_2015:f835a7565286472f6064b1eb,lrm_auctions,Plazos Estandarizados: 63 — Plazos Residuales: 56 — Mínima,lrm_auction_tenor — Plazos Estandarizados: 63 — Plazos Residuales: 56 — Mínima,irregular_daily,UNRESOLVED_SOURCE_UNITS,2015-01-28T00:00:00Z,2015-07-29T00:00:00Z,review_indicator_only
bf98b3837d64020eb23f4f9b09dfa3ba,379,2,FALSE,economic_annex:cuadro_20:00f3d90c3b3a0f40d972cfe1,economic_annex,Sector financiero — Total neto — 3=1+2,Sector financiero — Total neto — 3=1+2,monthly,USD,1995-01-01T00:00:00Z,2026-07-31T00:00:00Z,supported_cross_source_overlap
bf98b3837d64020eb23f4f9b09dfa3ba,379,2,FALSE,fx_operations:financial_sector:net:monthly,fx_operations,financial_sector — net — monthly,,monthly,USD,1995-01-01T00:00:00Z,2026-07-31T00:00:00Z,supported_cross_source_overlap
c06cb41644f735cd2ce2753ffc56cca6,17,2,FALSE,insurance_annex:x1_23:4fad35ff231267ed08863e3c,insurance_annex,Participación utilidades reaseguros cedidos - contratos proporcionales (Guaraníes) — Agropecuario,Participación utilidades reaseguros cedidos - contratos proporcionales (Guaraníes) — Participación utilidades reaseguros cedidos - contratos proporcionales (Guaraníes) — Agropecuario,annual,PYG,2009-01-01T00:00:00Z,2025-12-31T00:00:00Z,review_indicator_only
c06cb41644f735cd2ce2753ffc56cca6,17,2,FALSE,insurance_annex:x1_23:e93bc7f1ea853ddc28b33731,insurance_annex,Total otros ingresos reaseguros cedidos - local (Guaraníes) — Agropecuario,Total otros ingresos reaseguros cedidos - local (Guaraníes) — Total otros ingresos reaseguros cedidos - local (Guaraníes) — Agropecuario,annual,PYG,2009-01-01T00:00:00Z,2025-12-31T00:00:00Z,review_indicator_only
c0bfcd31d30e603016b500a9c4d03994,17,2,FALSE,insurance_annex:x1_18:98259854641d03fed1d58edc,insurance_annex,Total Siniestros recuperados Reaseguros cedidos exterior (Guaraníes) — Recupero de Siniestros Reaseguros Cedidos Sección Salud o Enfermedad,Total Siniestros recuperados Reaseguros cedidos exterior (Guaraníes) — Total Siniestros recuperados Reaseguros cedidos exterior (Guaraníes) — Recupero de Siniestros Reaseguros Cedidos Sección Salud o Enfermedad,annual,PYG,2009-01-01T00:00:00Z,2025-12-31T00:00:00Z,review_indicator_only
c0bfcd31d30e603016b500a9c4d03994,17,2,FALSE,insurance_annex:x1_18:f16e26cfaf7ca51deddfeee9,insurance_annex,Siniestros Recuperados Reaseguros cedidos exterior (contratos proporcionales) (Guaraníes) — Recupero de Siniestros Reaseguros Cedidos Sección Salud o Enfermedad,Siniestros Recuperados Reaseguros cedidos exterior (contratos proporcionales) (Guaraníes) — Siniestros Recuperados Reaseguros cedidos exterior (contratos proporcionales) (Guaraníes) — Recupero de Siniestros Reaseguros Cedidos Sección Salud o Enfermedad,annual,PYG,2009-01-01T00:00:00Z,2025-12-31T00:00:00Z,review_indicator_only
c0e1b9022a0f770d74c808ba8129a79d,186,2,FALSE,financial_indicators:x1_2:be40a99ee852d98f89a2afdc,financial_indicators,ME — Tasa Pasiva — Total,ME — Tasa Pasiva — Total,monthly,PERCENT,2011-01-01T00:00:00Z,2026-06-30T00:00:00Z,review_indicator_only
c0e1b9022a0f770d74c808ba8129a79d,186,2,FALSE,financial_indicators:x1_2:e4e3d5d82c420041b0bdf172,financial_indicators,ME — Tasa Pasiva (promedio ponderada) — Otros Depósitos,ME — Tasa Pasiva (promedio ponderada) — Otros Depósitos,monthly,PERCENT,2011-01-01T00:00:00Z,2026-06-30T00:00:00Z,review_indicator_only
c1fd736e40f87bf2ee44312220b4995d,73,2,FALSE,economic_annex:cuadro_37:9e4509af480728f974d49142,economic_annex,4. — 4.1.2 — Moneda y depósitos,4. — 4.1.2 — Moneda y depósitos,quarterly,USD,2008-01-01T00:00:00Z,2026-03-31T00:00:00Z,review_indicator_only
c1fd736e40f87bf2ee44312220b4995d,73,2,FALSE,economic_annex:cuadro_39:6bc2fb7c6dd7d44cc037e701,economic_annex,4.1.2 Moneda y depósitos,4.1.2 Moneda y depósitos,quarterly,USD,2008-01-01T00:00:00Z,2026-03-31T00:00:00Z,review_indicator_only
c2615d3059a7bfd1d83ec2a3efd81cf9,247,2,FALSE,economic_annex:cuadro_52b:404dabb3d0424ee6bd558e5a,economic_annex,Productos lácteos — Importacion para consumo interno,Productos lácteos — Productos lácteos — Importacion para consumo interno,monthly,TONNES,2006-01-01T00:00:00Z,2026-07-31T00:00:00Z,review_indicator_only
c2615d3059a7bfd1d83ec2a3efd81cf9,247,2,FALSE,economic_annex:cuadro_52b:746fa2a6c4e8c4e1ff4455a6,economic_annex,Productos lácteos — Importación Registrada,Productos lácteos — Productos lácteos — Importación Registrada,monthly,TONNES,2006-01-01T00:00:00Z,2026-07-31T00:00:00Z,review_indicator_only
c27f8e92665cd7b4d7c5613716b38f06,133,2,FALSE,economic_annex:cuadro_61:bb38c2b8ada75acd7bd37e48,economic_annex,Venta — Casas de cambios y financieras — Arbitraje — Otras Monedas,Mercado cambiario local — Venta — Casas de cambios y financieras — Arbitraje — Otras Monedas,monthly,USD,2015-07-01T00:00:00Z,2026-07-31T00:00:00Z,review_indicator_only
c27f8e92665cd7b4d7c5613716b38f06,133,2,FALSE,economic_annex:cuadro_61:f3332b5a859e2a8689c5c5f9,economic_annex,Venta — Casas de cambio — Arbitraje — Otras Monedas,Mercado cambiario local — Venta — Casas de cambio — Arbitraje — Otras Monedas,monthly,USD,2015-07-01T00:00:00Z,2026-07-31T00:00:00Z,review_indicator_only
c2bddcdd71d9333ec64bd3e75579d3af,17,2,FALSE,insurance_annex:x1_18:027da0d99b423caefaaea675,insurance_annex,Siniestros Recuperados Reaseguros cedidos exterior (contratos proporcionales) (Guaraníes) — Recupero de Siniestros Reaseguros Cedidos Sección Desgravamen Hipotecario Largo Plazo,Siniestros Recuperados Reaseguros cedidos exterior (contratos proporcionales) (Guaraníes) — Siniestros Recuperados Reaseguros cedidos exterior (contratos proporcionales) (Guaraníes) — Recupero de Siniestros Reaseguros Cedidos Sección Desgravamen Hipotecario Largo Plazo,annual,PYG,2009-01-01T00:00:00Z,2025-12-31T00:00:00Z,review_indicator_only
c2bddcdd71d9333ec64bd3e75579d3af,17,2,FALSE,insurance_annex:x1_18:37c28a650bee03b632f4e353,insurance_annex,Total Siniestros recuperados Reaseguros cedidos exterior (Guaraníes) — Recupero de Siniestros Reaseguros Cedidos Sección Desgravamen Hipotecario Largo Plazo,Total Siniestros recuperados Reaseguros cedidos exterior (Guaraníes) — Total Siniestros recuperados Reaseguros cedidos exterior (Guaraníes) — Recupero de Siniestros Reaseguros Cedidos Sección Desgravamen Hipotecario Largo Plazo,annual,PYG,2009-01-01T00:00:00Z,2025-12-31T00:00:00Z,review_indicator_only
c4045d76f4579f68f9be200ef6e0a9bd,247,2,FALSE,economic_annex:cuadro_52a:69a4a7bdd8d7bc5f77760f0a,economic_annex,Bienes intermedios — Importacion bajo el Regimen de Turismo,Bienes intermedios — Bienes intermedios — Importacion bajo el Regimen de Turismo,monthly,USD,2006-01-01T00:00:00Z,2026-07-31T00:00:00Z,review_indicator_only
c4045d76f4579f68f9be200ef6e0a9bd,247,2,FALSE,economic_annex:cuadro_52a:8f48e05fc4a9b458b2f1551e,economic_annex,Otros — Importacion bajo el Regimen de Turismo,Otros — Otros — Importacion bajo el Regimen de Turismo,monthly,USD,2006-01-01T00:00:00Z,2026-07-31T00:00:00Z,review_indicator_only
c447b764ff136136d8dc81500af79193,4,2,FALSE,lrm_auctions:subastas_2023:5dac7e8944fc9c4ab5605db6,lrm_auctions,Plazos Estandarizados: 35 — Plazos Residuales: 35 — Mínima,lrm_auction_tenor — Plazos Estandarizados: 35 — Plazos Residuales: 35 — Mínima,irregular_daily,UNRESOLVED_SOURCE_UNITS,2023-02-23T00:00:00Z,2023-12-21T00:00:00Z,review_indicator_only
c447b764ff136136d8dc81500af79193,4,2,FALSE,lrm_auctions:subastas_2023:8593b0fd7a59100882b72087,lrm_auctions,Plazos Estandarizados: 35 — Plazos Residuales: 35 — Mínima,lrm_auction_tenor — Plazos Estandarizados: 35 — Plazos Residuales: 35 — Mínima,irregular_daily,UNRESOLVED_SOURCE_UNITS,2023-02-23T00:00:00Z,2023-12-21T00:00:00Z,review_indicator_only
c4b789f94d47ac4b9f69ecaeacf9d8d2,2,2,FALSE,lrm_auctions:subastas_2024:ce4ce2fcd94fb6a8be5ccb97,lrm_auctions,Plazos Estandarizados: 63 — Plazos Residuales: 56 — Mínima,lrm_auction_tenor — Plazos Estandarizados: 63 — Plazos Residuales: 56 — Mínima,irregular_daily,UNRESOLVED_SOURCE_UNITS,2024-05-30T00:00:00Z,2024-08-29T00:00:00Z,review_indicator_only
c4b789f94d47ac4b9f69ecaeacf9d8d2,2,2,FALSE,lrm_auctions:subastas_2024:f835a7565286472f6064b1eb,lrm_auctions,Plazos Estandarizados: 63 — Plazos Residuales: 56 — Mínima,lrm_auction_tenor — Plazos Estandarizados: 63 — Plazos Residuales: 56 — Mínima,irregular_daily,UNRESOLVED_SOURCE_UNITS,2024-05-30T00:00:00Z,2024-08-29T00:00:00Z,review_indicator_only
c525c8043aa51afa66d15c3ecb62ec1c,18,2,FALSE,economic_annex:cuadro_39:854896d70a654e9fca486728,economic_annex,2.2 Pasivos,2.2 Pasivos,annual,USD,2008-01-01T00:00:00Z,2025-12-31T00:00:00Z,review_indicator_only
c525c8043aa51afa66d15c3ecb62ec1c,18,2,FALSE,economic_annex:cuadro_40:f0caff471a1b7765ecdd6991,economic_annex,14. Inversión de cartera - pasivos,14. Inversión de cartera - pasivos,annual,USD,2008-01-01T00:00:00Z,2025-12-31T00:00:00Z,review_indicator_only
c598ce9f76a3270947e9076400b7e01a,7,2,FALSE,lrm_auctions:subastas_2023:57e63b12970a0708ed266b9b,lrm_auctions,Plazos Estandarizados: 365 — Plazos Residuales: 364 — Mínima,lrm_auction_tenor — Plazos Estandarizados: 365 — Plazos Residuales: 364 — Mínima,irregular_daily,UNRESOLVED_SOURCE_UNITS,2023-01-25T00:00:00Z,2023-10-25T00:00:00Z,review_indicator_only
c598ce9f76a3270947e9076400b7e01a,7,2,FALSE,lrm_auctions:subastas_2023:5b52d906236d2d89df7e4f26,lrm_auctions,Plazos Estandarizados: 365 — Plazos Residuales: 364 — Mínima,lrm_auction_tenor — Plazos Estandarizados: 365 — Plazos Residuales: 364 — Mínima,irregular_daily,UNRESOLVED_SOURCE_UNITS,2023-01-25T00:00:00Z,2023-10-25T00:00:00Z,review_indicator_only
c5d701c6fd6937cbea4c6e611ba7604e,8,2,FALSE,lrm_auctions:subastas_2017:57e63b12970a0708ed266b9b,lrm_auctions,Plazos Estandarizados: 365 — Plazos Residuales: 364 — Mínima,lrm_auction_tenor — Plazos Estandarizados: 365 — Plazos Residuales: 364 — Mínima,irregular_daily,UNRESOLVED_SOURCE_UNITS,2017-01-24T00:00:00Z,2017-12-20T00:00:00Z,review_indicator_only
c5d701c6fd6937cbea4c6e611ba7604e,8,2,FALSE,lrm_auctions:subastas_2017:5b52d906236d2d89df7e4f26,lrm_auctions,Plazos Estandarizados: 365 — Plazos Residuales: 364 — Mínima,lrm_auction_tenor — Plazos Estandarizados: 365 — Plazos Residuales: 364 — Mínima,irregular_daily,UNRESOLVED_SOURCE_UNITS,2017-01-24T00:00:00Z,2017-12-20T00:00:00Z,review_indicator_only
c64fd8a7b07c3deeb5e269da83a9a103,247,2,FALSE,economic_annex:cuadro_52a:754aa9d49ac1ecd893f4c357,economic_annex,"Tractores, topadoras, niveladoras y perforadoras — Importacion para consumo interno","Tractores, topadoras, niveladoras y perforadoras — Tractores, topadoras, niveladoras y perforadoras — Importacion para consumo interno",monthly,USD,2006-01-01T00:00:00Z,2026-07-31T00:00:00Z,review_indicator_only
c64fd8a7b07c3deeb5e269da83a9a103,247,2,FALSE,economic_annex:cuadro_52a:c1c450ada7609ae42b25168e,economic_annex,"Tractores, topadoras, niveladoras y perforadoras — Importación Registrada","Tractores, topadoras, niveladoras y perforadoras — Tractores, topadoras, niveladoras y perforadoras — Importación Registrada",monthly,USD,2006-01-01T00:00:00Z,2026-07-31T00:00:00Z,review_indicator_only
c6b0f619643c55c828446b56366961c8,32,2,FALSE,financial_indicators:x3_2:18eb5678abac61ca16e277c9,financial_indicators,ME — Préstamos Varios > 1 año — Prom Min,ME — Préstamos Varios > 1 año — Prom Min,monthly,PERCENT,2011-02-01T00:00:00Z,2014-07-31T00:00:00Z,review_indicator_only
c6b0f619643c55c828446b56366961c8,32,2,FALSE,financial_indicators:x3_2:87f4a79f7b5a95241dfb4617,financial_indicators,ME — Préstamos Varios > 1 año — Min,ME — Préstamos Varios > 1 año — Min,monthly,PERCENT,2011-02-01T00:00:00Z,2014-07-31T00:00:00Z,review_indicator_only
c74f90bd3d4f8ce768af225026b7720a,4,2,FALSE,lrm_auctions:subastas_2019:5dac7e8944fc9c4ab5605db6,lrm_auctions,Plazos Estandarizados: 35 — Plazos Residuales: 35 — Mínima,lrm_auction_tenor — Plazos Estandarizados: 35 — Plazos Residuales: 35 — Mínima,irregular_daily,UNRESOLVED_SOURCE_UNITS,2019-02-20T00:00:00Z,2019-12-26T00:00:00Z,review_indicator_only
c74f90bd3d4f8ce768af225026b7720a,4,2,FALSE,lrm_auctions:subastas_2019:8593b0fd7a59100882b72087,lrm_auctions,Plazos Estandarizados: 35 — Plazos Residuales: 35 — Mínima,lrm_auction_tenor — Plazos Estandarizados: 35 — Plazos Residuales: 35 — Mínima,irregular_daily,UNRESOLVED_SOURCE_UNITS,2019-02-20T00:00:00Z,2019-12-26T00:00:00Z,review_indicator_only
c75dd8a4cc0adfd6e2bf88c0f059eb84,17,2,FALSE,insurance_annex:x1_31:51c86e497deb23fbc55993fe,insurance_annex,Total Gastos Reaseguros Aceptados - Local (Guaraníes) — Riesgos Técnicos,Total Gastos Reaseguros Aceptados - Local (Guaraníes) — Total Gastos Reaseguros Aceptados - Local (Guaraníes) — Riesgos Técnicos,annual,PYG,2009-01-01T00:00:00Z,2025-12-31T00:00:00Z,review_indicator_only
c75dd8a4cc0adfd6e2bf88c0f059eb84,17,2,FALSE,insurance_annex:x1_31:81debc97665fa7eef758552a,insurance_annex,Participación utilidades reaseguros aceptados - contratos proporcionales (Guaraníes) — Riesgos Técnicos,Participación utilidades reaseguros aceptados - contratos proporcionales (Guaraníes) — Participación utilidades reaseguros aceptados - contratos proporcionales (Guaraníes) — Riesgos Técnicos,annual,PYG,2009-01-01T00:00:00Z,2025-12-31T00:00:00Z,review_indicator_only
c7d3bc9233833e2797d7a20eece62295,391,2,FALSE,economic_annex:cuadro_51b:8d80ec8d719d5aa9dfbdb97c,economic_annex,Gas oíl,Gas oíl,monthly,TONNES,1994-01-01T00:00:00Z,2026-07-31T00:00:00Z,review_indicator_only
c7d3bc9233833e2797d7a20eece62295,391,2,FALSE,economic_annex:cuadro_53b:9985b7e493dc289d9c2fb062,economic_annex,Gas - oil,Gas - oil,monthly,TONNES,1994-01-01T00:00:00Z,2026-07-31T00:00:00Z,review_indicator_only
c7ede32b479ba1429c338efbb869db9f,247,2,FALSE,economic_annex:cuadro_52a:ccb28d5b6814e38c53a3bae3,economic_annex,Legumbres y hortalizas — Importación Registrada,Legumbres y hortalizas — Legumbres y hortalizas — Importación Registrada,monthly,USD,2006-01-01T00:00:00Z,2026-07-31T00:00:00Z,review_indicator_only
c7ede32b479ba1429c338efbb869db9f,247,2,FALSE,economic_annex:cuadro_52a:cd023c1c6056bab3ae348989,economic_annex,Legumbres y hortalizas — Importacion para consumo interno,Legumbres y hortalizas — Legumbres y hortalizas — Importacion para consumo interno,monthly,USD,2006-01-01T00:00:00Z,2026-07-31T00:00:00Z,review_indicator_only
c8105bfd7ad69637e6e1ad05de24897d,379,2,FALSE,economic_annex:cuadro_14_a:d1a4d958753f79ac26a5ea9b,economic_annex,Índice General — Inter.,Índice General — Inter.,monthly,INDEX,1995-01-01T00:00:00Z,2026-07-31T00:00:00Z,review_indicator_only
c8105bfd7ad69637e6e1ad05de24897d,379,2,FALSE,economic_annex:cuadro_14_b:d1a4d958753f79ac26a5ea9b,economic_annex,Índice General — Inter.,Índice General — Inter.,monthly,INDEX,1995-01-01T00:00:00Z,2026-07-31T00:00:00Z,review_indicator_only
c834ff4796008585f8033fc50c74e288,7,2,FALSE,lrm_auctions:subastas_2023:0bee62c66184fd637967f5a2,lrm_auctions,Plazos Estandarizados: 182 — Plazos Residuales: 182 — Ofertado #,lrm_auction_tenor — Plazos Estandarizados: 182 — Plazos Residuales: 182 — Ofertado #,irregular_daily,UNRESOLVED_SOURCE_UNITS,2023-01-25T00:00:00Z,2023-10-25T00:00:00Z,review_indicator_only
c834ff4796008585f8033fc50c74e288,7,2,FALSE,lrm_auctions:subastas_2023:eadb3b0d05243d2c6900fcbc,lrm_auctions,Plazos Estandarizados: 182 — Plazos Residuales: 182 — Asignado #,lrm_auction_tenor — Plazos Estandarizados: 182 — Plazos Residuales: 182 — Asignado #,irregular_daily,UNRESOLVED_SOURCE_UNITS,2023-01-25T00:00:00Z,2023-10-25T00:00:00Z,review_indicator_only
c8456bd77f9411b32650f6b9af88b073,32,2,FALSE,financial_indicators:x3_1:18eb5678abac61ca16e277c9,financial_indicators,ME — Préstamos Varios > 1 año — Prom Min,ME — Préstamos Varios > 1 año — Prom Min,monthly,PERCENT,2011-02-01T00:00:00Z,2014-07-31T00:00:00Z,review_indicator_only
c8456bd77f9411b32650f6b9af88b073,32,2,FALSE,financial_indicators:x3_1:87f4a79f7b5a95241dfb4617,financial_indicators,ME — Préstamos Varios > 1 año — Min,ME — Préstamos Varios > 1 año — Min,monthly,PERCENT,2011-02-01T00:00:00Z,2014-07-31T00:00:00Z,review_indicator_only
c9697328b3fe2ac8bf9224bbb4094d2f,73,2,FALSE,economic_annex:cuadro_37:11e6ebc7f188d6dbb9bec999,economic_annex,4. — 4.2.7 — Derechos especiales de giro (Deg´s),4. — 4.2.7 — Derechos especiales de giro (Deg´s),quarterly,USD,2008-01-01T00:00:00Z,2026-03-31T00:00:00Z,review_indicator_only
c9697328b3fe2ac8bf9224bbb4094d2f,73,2,FALSE,economic_annex:cuadro_39:8c0137a56005f9f5644c7fd0,economic_annex,4.2.7 Derechos especiales de Giro (Deg´s),4.2.7 Derechos especiales de Giro (Deg´s),quarterly,USD,2008-01-01T00:00:00Z,2026-03-31T00:00:00Z,review_indicator_only
c97058b69f60b69f2404736031a2ef66,378,2,FALSE,economic_annex:cuadro_60b:293a83a82f814b7fc49afadc,economic_annex,IPC,IPC,monthly,INDEX,1995-01-01T00:00:00Z,2026-06-30T00:00:00Z,review_indicator_only
c97058b69f60b69f2404736031a2ef66,378,2,FALSE,economic_annex:cuadro_60c:293a83a82f814b7fc49afadc,economic_annex,IPC,IPC,monthly,INDEX,1995-01-01T00:00:00Z,2026-06-30T00:00:00Z,review_indicator_only
c97d12c26f8b7e94a36bd5748c7836d4,2,2,FALSE,lrm_auctions:subastas_2024:35cf952804fc72c665c0475a,lrm_auctions,Plazos Estandarizados: 91 — Plazos Residuales: 98 — Asignado #,lrm_auction_tenor — Plazos Estandarizados: 91 — Plazos Residuales: 98 — Asignado #,irregular_daily,UNRESOLVED_SOURCE_UNITS,2024-02-22T00:00:00Z,2024-10-24T00:00:00Z,review_indicator_only
c97d12c26f8b7e94a36bd5748c7836d4,2,2,FALSE,lrm_auctions:subastas_2024:e7e1b8fd87c1e28ed0126cc1,lrm_auctions,Plazos Estandarizados: 91 — Plazos Residuales: 98 — Ofertado #,lrm_auction_tenor — Plazos Estandarizados: 91 — Plazos Residuales: 98 — Ofertado #,irregular_daily,UNRESOLVED_SOURCE_UNITS,2024-02-22T00:00:00Z,2024-10-24T00:00:00Z,review_indicator_only
ca0708b917eb437769dd2cbc4f461922,23,2,TRUE,exchange_rates:cotizaciones_diarias:897911a3048ae827a9173173,exchange_rates,Corona Sueca — compra,Corona Sueca — Corona Sueca — compra,daily,PYG_PER_SEK,2026-07-01T00:00:00Z,2026-07-31T00:00:00Z,review_indicator_only
ca0708b917eb437769dd2cbc4f461922,23,2,TRUE,exchange_rates:cotizaciones_diarias:d7eb870ddde07ba13781a67e,exchange_rates,Peso Boliviano — compra,Peso Boliviano — Peso Boliviano — compra,daily,PYG_PER_BOB,2026-07-01T00:00:00Z,2026-07-31T00:00:00Z,review_indicator_only
ca1a0c9dc5ebbf61075b89cde70f183e,4,2,FALSE,lrm_auctions:subastas_2025:ce4ce2fcd94fb6a8be5ccb97,lrm_auctions,Plazos Estandarizados: 63 — Plazos Residuales: 56 — Mínima,lrm_auction_tenor — Plazos Estandarizados: 63 — Plazos Residuales: 56 — Mínima,irregular_daily,UNRESOLVED_SOURCE_UNITS,2025-01-30T00:00:00Z,2025-10-30T00:00:00Z,review_indicator_only
ca1a0c9dc5ebbf61075b89cde70f183e,4,2,FALSE,lrm_auctions:subastas_2025:f835a7565286472f6064b1eb,lrm_auctions,Plazos Estandarizados: 63 — Plazos Residuales: 56 — Mínima,lrm_auction_tenor — Plazos Estandarizados: 63 — Plazos Residuales: 56 — Mínima,irregular_daily,UNRESOLVED_SOURCE_UNITS,2025-01-30T00:00:00Z,2025-10-30T00:00:00Z,review_indicator_only
cb54372b12bba787a2f029bcab822175,3,2,FALSE,lrm_auctions:subastas_2021:b09aacb562341369ce00cbcb,lrm_auctions,Plazos Estandarizados: 35 — Plazos Residuales: 35 — Promedio,lrm_auction_tenor — Plazos Estandarizados: 35 — Plazos Residuales: 35 — Promedio,irregular_daily,UNRESOLVED_SOURCE_UNITS,2021-03-24T00:00:00Z,2021-12-22T00:00:00Z,review_indicator_only
cb54372b12bba787a2f029bcab822175,3,2,FALSE,lrm_auctions:subastas_2021:cf0cd36a472795f63988f1ad,lrm_auctions,Plazos Estandarizados: 35 — Plazos Residuales: 35 — Promedio,lrm_auction_tenor — Plazos Estandarizados: 35 — Plazos Residuales: 35 — Promedio,irregular_daily,UNRESOLVED_SOURCE_UNITS,2021-03-24T00:00:00Z,2021-12-22T00:00:00Z,review_indicator_only
cc9855dc54b96e5b14e19180c8434311,247,2,FALSE,economic_annex:cuadro_52b:1c6f869770db7001706ca80a,economic_annex,"Automóviles, Jeep y camionetas rurales — Importacion para consumo interno","Automóviles, Jeep y camionetas rurales — Automóviles, Jeep y camionetas rurales — Importacion para consumo interno",monthly,TONNES,2006-01-01T00:00:00Z,2026-07-31T00:00:00Z,review_indicator_only
cc9855dc54b96e5b14e19180c8434311,247,2,FALSE,economic_annex:cuadro_52b:70b9fa87f60b7d3cf555a618,economic_annex,"Automóviles, Jeep y camionetas rurales — Importación Registrada","Automóviles, Jeep y camionetas rurales — Automóviles, Jeep y camionetas rurales — Importación Registrada",monthly,TONNES,2006-01-01T00:00:00Z,2026-07-31T00:00:00Z,review_indicator_only
ccb3c7a28fac2d1519d72c284656971a,17,2,FALSE,insurance_annex:x1_30:13b6ced79c376fd3e0f433c3,insurance_annex,Gastos de cesión reaseguros cedidos - contratos no proporcionales (Guaraníes) — Gastos de Cesión Reaseguros Sección Vida Individual Corto Plazo,Gastos de cesión reaseguros cedidos - contratos no proporcionales (Guaraníes) — Gastos de cesión reaseguros cedidos - contratos no proporcionales (Guaraníes) — Gastos de Cesión Reaseguros Sección Vida Individual Corto Plazo,annual,PYG,2009-01-01T00:00:00Z,2025-12-31T00:00:00Z,review_indicator_only
ccb3c7a28fac2d1519d72c284656971a,17,2,FALSE,insurance_annex:x1_30:daf5aef252206764fe184e0d,insurance_annex,Total Gastos Reaseguros Cedidos - exterior (Guaraníes) — Total Gastos de Cesión Reaseguros Sección Vida Individual Corto Plazo,Total Gastos Reaseguros Cedidos - exterior (Guaraníes) — Total Gastos Reaseguros Cedidos - exterior (Guaraníes) — Total Gastos de Cesión Reaseguros Sección Vida Individual Corto Plazo,annual,PYG,2009-01-01T00:00:00Z,2025-12-31T00:00:00Z,review_indicator_only
cd696fb32ba397f62ec300e6c30255ef,32,2,FALSE,financial_indicators:x2_2:0d076c0074c186e7bc1ba5c6,financial_indicators,ME — Tasa Pasiva — Otros Depósitos,ME — Tasa Pasiva — Otros Depósitos,monthly,PERCENT,2011-01-01T00:00:00Z,2020-09-30T00:00:00Z,review_indicator_only
cd696fb32ba397f62ec300e6c30255ef,32,2,FALSE,financial_indicators:x3_2:decc1043566084329baba40a,financial_indicators,ME — Otros Depósitos — TPP,ME — Otros Depósitos — TPP,monthly,PERCENT,2011-01-01T00:00:00Z,2020-09-30T00:00:00Z,review_indicator_only
cdcdd9b639eb82d2c6ad67dd4c9fa507,133,2,FALSE,economic_annex:cuadro_61:0118c498b3da3b3333d0c748,economic_annex,Venta — Bancos comerciales — Forward — No Residentes,Mercado cambiario local — Venta — Bancos comerciales — Forward — No Residentes,monthly,USD,2015-07-01T00:00:00Z,2026-07-31T00:00:00Z,review_indicator_only
cdcdd9b639eb82d2c6ad67dd4c9fa507,133,2,FALSE,economic_annex:cuadro_61:bf1f329e3e81fc731e430c55,economic_annex,Venta — Total — Forward — No Residentes,Mercado cambiario local — Venta — Total — Forward — No Residentes,monthly,USD,2015-07-01T00:00:00Z,2026-07-31T00:00:00Z,review_indicator_only
ce47e7731af1d491e4a27cd3c1d11960,17,2,FALSE,insurance_annex:x1_17:80dd0394b346ba232746d2f8,insurance_annex,Total Siniestros recuperados Reaseguros cedidos Local (Guaraníes) — Riesgos Técnicos,Total Siniestros recuperados Reaseguros cedidos Local (Guaraníes) — Total Siniestros recuperados Reaseguros cedidos Local (Guaraníes) — Riesgos Técnicos,annual,PYG,2009-01-01T00:00:00Z,2025-12-31T00:00:00Z,review_indicator_only
ce47e7731af1d491e4a27cd3c1d11960,17,2,FALSE,insurance_annex:x1_17:ae2240a316fbd65128469745,insurance_annex,Siniestros Recuperados Reaseguros cedidos (contratos proporcionales) (Guaraníes) - Local — Riesgos Técnicos,Siniestros Recuperados Reaseguros cedidos (contratos proporcionales) (Guaraníes) - Local — Siniestros Recuperados Reaseguros cedidos (contratos proporcionales) (Guaraníes) - Local — Riesgos Técnicos,annual,PYG,2009-01-01T00:00:00Z,2025-12-31T00:00:00Z,review_indicator_only
ced9d70e29533eb41aabfba3c327b081,2,2,FALSE,lrm_auctions:subastas_2014:1be6ce4f15294e2573de6926,lrm_auctions,Plazos Estandarizados: 546 — Plazos Residuales: 518 — Montos Anunciados,lrm_auction_tenor — Plazos Estandarizados: 546 — Plazos Residuales: 518 — Montos Anunciados,irregular_daily,UNRESOLVED_SOURCE_UNITS,2014-06-26T00:00:00Z,2014-09-25T00:00:00Z,review_indicator_only
ced9d70e29533eb41aabfba3c327b081,2,2,FALSE,lrm_auctions:subastas_2014:2a495489e963d937ec838a30,lrm_auctions,Plazos Estandarizados: 546 — Plazos Residuales: 518 — Montos Asignados,lrm_auction_tenor — Plazos Estandarizados: 546 — Plazos Residuales: 518 — Montos Asignados,irregular_daily,UNRESOLVED_SOURCE_UNITS,2014-06-26T00:00:00Z,2014-09-25T00:00:00Z,review_indicator_only
cf303bf4737f2a2cebcd75e91e345136,2,2,FALSE,lrm_auctions:subastas_2016:35cf952804fc72c665c0475a,lrm_auctions,Plazos Estandarizados: 91 — Plazos Residuales: 98 — Asignado #,lrm_auction_tenor — Plazos Estandarizados: 91 — Plazos Residuales: 98 — Asignado #,irregular_daily,UNRESOLVED_SOURCE_UNITS,2016-03-16T00:00:00Z,2016-12-21T00:00:00Z,review_indicator_only
cf303bf4737f2a2cebcd75e91e345136,2,2,FALSE,lrm_auctions:subastas_2016:e7e1b8fd87c1e28ed0126cc1,lrm_auctions,Plazos Estandarizados: 91 — Plazos Residuales: 98 — Ofertado #,lrm_auction_tenor — Plazos Estandarizados: 91 — Plazos Residuales: 98 — Ofertado #,irregular_daily,UNRESOLVED_SOURCE_UNITS,2016-03-16T00:00:00Z,2016-12-21T00:00:00Z,review_indicator_only
d0e670943e7bb4562087df4fadae5ff7,2,2,FALSE,lrm_auctions:subastas_2013:5aec5344e114c688c24f3cfd,lrm_auctions,Plazos Estandarizados: 35 — Plazos Residuales: 35 — Montos Asignados,lrm_auction_tenor — Plazos Estandarizados: 35 — Plazos Residuales: 35 — Montos Asignados,irregular_daily,UNRESOLVED_SOURCE_UNITS,2013-05-23T00:00:00Z,2013-10-10T00:00:00Z,review_indicator_only
d0e670943e7bb4562087df4fadae5ff7,2,2,FALSE,lrm_auctions:subastas_2013:6291f22e12272550ddb19294,lrm_auctions,Plazos Estandarizados: 35 — Plazos Residuales: 35 — Montos Anunciados,lrm_auction_tenor — Plazos Estandarizados: 35 — Plazos Residuales: 35 — Montos Anunciados,irregular_daily,UNRESOLVED_SOURCE_UNITS,2013-05-23T00:00:00Z,2013-10-10T00:00:00Z,review_indicator_only
d18d2628611997f3dcf483dd5fd0c3f1,18,2,FALSE,economic_annex:cuadro_39:2fc87cd0c16ee5918fe57838,economic_annex,2.2.2 Intrumentos de deuda,2.2.2 Intrumentos de deuda,annual,USD,2008-01-01T00:00:00Z,2025-12-31T00:00:00Z,review_indicator_only
d18d2628611997f3dcf483dd5fd0c3f1,18,2,FALSE,economic_annex:cuadro_40:a373c589627906ef6b67d9b6,economic_annex,14.2 Títulos de deuda,14.2 Títulos de deuda,annual,USD,2008-01-01T00:00:00Z,2025-12-31T00:00:00Z,review_indicator_only
d20a6c5ffd48025ee379421f5250ff66,9,2,FALSE,lrm_auctions:subastas_2025:5b6eb8a66c58a781bc5e1741,lrm_auctions,Plazos Estandarizados: 91 — Plazos Residuales: 91 — Mínima,lrm_auction_tenor — Plazos Estandarizados: 91 — Plazos Residuales: 91 — Mínima,irregular_daily,UNRESOLVED_SOURCE_UNITS,2025-02-27T00:00:00Z,2025-11-27T00:00:00Z,review_indicator_only
d20a6c5ffd48025ee379421f5250ff66,9,2,FALSE,lrm_auctions:subastas_2025:820ff1f83b051209517929a0,lrm_auctions,Plazos Estandarizados: 91 — Plazos Residuales: 91 — Mínima,lrm_auction_tenor — Plazos Estandarizados: 91 — Plazos Residuales: 91 — Mínima,irregular_daily,UNRESOLVED_SOURCE_UNITS,2025-02-27T00:00:00Z,2025-11-27T00:00:00Z,review_indicator_only
d30560283c32ae1c876a5687dd4e4d0f,186,2,FALSE,financial_indicators:x4:0d076c0074c186e7bc1ba5c6,financial_indicators,ME — Tasa Pasiva — Otros Depósitos,ME — Tasa Pasiva — Otros Depósitos,monthly,UNRESOLVED_SOURCE_UNITS,2011-01-01T00:00:00Z,2026-06-30T00:00:00Z,review_indicator_only
d30560283c32ae1c876a5687dd4e4d0f,186,2,FALSE,financial_indicators:x4:d92552a84b240583cacd8c0d,financial_indicators,ME — Tasa Pasiva — Otros Depósitos — Total,ME — Tasa Pasiva — Otros Depósitos — Total,monthly,UNRESOLVED_SOURCE_UNITS,2011-01-01T00:00:00Z,2026-06-30T00:00:00Z,review_indicator_only
d35726f4a3c306899e669035662fc894,17,2,FALSE,insurance_annex:x1_23:295adc9b1f78f9ab4483b075,insurance_annex,Total otros ingresos reaseguros cedidos - local (Guaraníes) — Automóviles,Total otros ingresos reaseguros cedidos - local (Guaraníes) — Total otros ingresos reaseguros cedidos - local (Guaraníes) — Automóviles,annual,PYG,2009-01-01T00:00:00Z,2025-12-31T00:00:00Z,review_indicator_only
d35726f4a3c306899e669035662fc894,17,2,FALSE,insurance_annex:x1_23:d6bbc4cf6f72687416ea1349,insurance_annex,Comisión reaseguros cedidos - contratos proporcionales (Guaraníes) — Automóviles,Comisión reaseguros cedidos - contratos proporcionales (Guaraníes) — Comisión reaseguros cedidos - contratos proporcionales (Guaraníes) — Automóviles,annual,PYG,2009-01-01T00:00:00Z,2025-12-31T00:00:00Z,review_indicator_only
d3e88503e40d6296a9af3e66344b9471,247,2,FALSE,economic_annex:cuadro_52b:18d54d99796bfd9e0655da17,economic_annex,Nafta — Importacion para consumo interno,Nafta — Nafta — Importacion para consumo interno,monthly,TONNES,2006-01-01T00:00:00Z,2026-07-31T00:00:00Z,review_indicator_only
d3e88503e40d6296a9af3e66344b9471,247,2,FALSE,economic_annex:cuadro_52b:e9c612d856551ca192a0027a,economic_annex,Nafta — Importación Registrada,Nafta — Nafta — Importación Registrada,monthly,TONNES,2006-01-01T00:00:00Z,2026-07-31T00:00:00Z,review_indicator_only
d3f4c3586662dcc19cc759bd47dbb177,379,2,FALSE,economic_annex:cuadro_20:f4f98bad84749db1b23869e6,economic_annex,Sector público — Compra — 4,Sector público — Compra — 4,monthly,USD,1995-01-01T00:00:00Z,2026-07-31T00:00:00Z,supported_cross_source_overlap
d3f4c3586662dcc19cc759bd47dbb177,379,2,FALSE,fx_operations:public_sector:purchase:monthly,fx_operations,public_sector — purchase — monthly,,monthly,USD,1995-01-01T00:00:00Z,2026-07-31T00:00:00Z,supported_cross_source_overlap
d40471f6138495b127ea6f6224502932,10,2,FALSE,lrm_auctions:subastas_2020:57e63b12970a0708ed266b9b,lrm_auctions,Plazos Estandarizados: 365 — Plazos Residuales: 364 — Mínima,lrm_auction_tenor — Plazos Estandarizados: 365 — Plazos Residuales: 364 — Mínima,irregular_daily,UNRESOLVED_SOURCE_UNITS,2020-01-29T00:00:00Z,2020-11-25T00:00:00Z,review_indicator_only
d40471f6138495b127ea6f6224502932,10,2,FALSE,lrm_auctions:subastas_2020:5b52d906236d2d89df7e4f26,lrm_auctions,Plazos Estandarizados: 365 — Plazos Residuales: 364 — Mínima,lrm_auction_tenor — Plazos Estandarizados: 365 — Plazos Residuales: 364 — Mínima,irregular_daily,UNRESOLVED_SOURCE_UNITS,2020-01-29T00:00:00Z,2020-11-25T00:00:00Z,review_indicator_only
d430b1ce4de0125414d5e612108deab3,6,2,FALSE,lrm_auctions:subastas_2014:0a1131f4a687bbd9d1b5e92b,lrm_auctions,Plazos Estandarizados: 546 — Plazos Residuales: 546 — Mínima,lrm_auction_tenor — Plazos Estandarizados: 546 — Plazos Residuales: 546 — Mínima,irregular_daily,UNRESOLVED_SOURCE_UNITS,2014-03-27T00:00:00Z,2014-12-23T00:00:00Z,review_indicator_only
d430b1ce4de0125414d5e612108deab3,6,2,FALSE,lrm_auctions:subastas_2014:9e65b04aa01c99458d690df0,lrm_auctions,Plazos Estandarizados: 546 — Plazos Residuales: 546 — Mínima,lrm_auction_tenor — Plazos Estandarizados: 546 — Plazos Residuales: 546 — Mínima,irregular_daily,UNRESOLVED_SOURCE_UNITS,2014-03-27T00:00:00Z,2014-12-23T00:00:00Z,review_indicator_only
d5fa4a8633d8f812a6c5de43a1f61727,379,2,FALSE,economic_annex:cuadro_20:4db7f19b149bcfc88cbe2ccd,economic_annex,Otras operaciones 1/ — Compra — 7,Otras operaciones 1/ — Compra — 7,monthly,USD,1995-01-01T00:00:00Z,2026-07-31T00:00:00Z,supported_cross_source_overlap
d5fa4a8633d8f812a6c5de43a1f61727,379,2,FALSE,fx_operations:other_operations:purchase:monthly,fx_operations,other_operations — purchase — monthly,,monthly,USD,1995-01-01T00:00:00Z,2026-07-31T00:00:00Z,supported_cross_source_overlap
d6163a25d4c655ebaa9d463ebf350fb8,12,2,FALSE,financial_indicators:x3_1:13c92cd516c3e7009ba94c0a,financial_indicators,ME — Prestamo Personal - Otros Depósitos AFD <= 1 año — Prom Min,ME — Prestamo Personal - Otros Depósitos AFD <= 1 año — Prom Min,monthly,PERCENT,2012-09-01T00:00:00Z,2023-04-30T00:00:00Z,review_indicator_only
d6163a25d4c655ebaa9d463ebf350fb8,12,2,FALSE,financial_indicators:x3_1:5795d18b64d2b876910848fe,financial_indicators,ME — Prestamo Personal - Otros Depósitos AFD <= 1 año — Min,ME — Prestamo Personal - Otros Depósitos AFD <= 1 año — Min,monthly,PERCENT,2012-09-01T00:00:00Z,2023-04-30T00:00:00Z,review_indicator_only
d66e4685d9f3f0b5733b3fd084fc688c,7,2,FALSE,lrm_auctions:subastas_2025:07e39dcdda634d9a1a4e52ad,lrm_auctions,Plazos Estandarizados: 63 — Plazos Residuales: 63 — Mínima,lrm_auction_tenor — Plazos Estandarizados: 63 — Plazos Residuales: 63 — Mínima,irregular_daily,UNRESOLVED_SOURCE_UNITS,2025-03-27T00:00:00Z,2025-11-27T00:00:00Z,review_indicator_only
d66e4685d9f3f0b5733b3fd084fc688c,7,2,FALSE,lrm_auctions:subastas_2025:a521249d959ea7180d2956bb,lrm_auctions,Plazos Estandarizados: 63 — Plazos Residuales: 63 — Mínima,lrm_auction_tenor — Plazos Estandarizados: 63 — Plazos Residuales: 63 — Mínima,irregular_daily,UNRESOLVED_SOURCE_UNITS,2025-03-27T00:00:00Z,2025-11-27T00:00:00Z,review_indicator_only
d6b3c28ec1adf1a2570b681c190ebc1e,2,2,FALSE,lrm_auctions:subastas_2017:4e50d3c7509afefce25c8ca7,lrm_auctions,Plazos Estandarizados: 182 — Plazos Residuales: 175 — Mínima,lrm_auction_tenor — Plazos Estandarizados: 182 — Plazos Residuales: 175 — Mínima,irregular_daily,UNRESOLVED_SOURCE_UNITS,2017-03-29T00:00:00Z,2017-06-28T00:00:00Z,review_indicator_only
d6b3c28ec1adf1a2570b681c190ebc1e,2,2,FALSE,lrm_auctions:subastas_2017:c030286ed3355783c0673c7d,lrm_auctions,Plazos Estandarizados: 182 — Plazos Residuales: 175 — Mínima,lrm_auction_tenor — Plazos Estandarizados: 182 — Plazos Residuales: 175 — Mínima,irregular_daily,UNRESOLVED_SOURCE_UNITS,2017-03-29T00:00:00Z,2017-06-28T00:00:00Z,review_indicator_only
d6d4af1e3501f67ec259f6be4e53b9de,18,2,FALSE,economic_annex:cuadro_37:9d6030c06aea9bfe41d19b85,economic_annex,2. — Renta de la inversión,2. — Renta de la inversión,annual,USD,2008-01-01T00:00:00Z,2025-12-31T00:00:00Z,review_indicator_only
d6d4af1e3501f67ec259f6be4e53b9de,18,2,FALSE,economic_annex:cuadro_37:cc681e011503768e6248e6e4,economic_annex,C. Ingreso Primario — Otros servicios,C. Ingreso Primario — Otros servicios,annual,USD,2008-01-01T00:00:00Z,2025-12-31T00:00:00Z,review_indicator_only
d777f0b8bbc36c6b0da6eb07c5d92ca5,186,2,FALSE,financial_indicators:x1_2:963e781ae7fb08527eac9266,financial_indicators,ME — Tasa Activa (promedio ponderada) — Otros Depósitos,ME — Tasa Activa (promedio ponderada) — Otros Depósitos,monthly,PERCENT,2011-01-01T00:00:00Z,2026-06-30T00:00:00Z,review_indicator_only
d777f0b8bbc36c6b0da6eb07c5d92ca5,186,2,FALSE,financial_indicators:x1_2:db46a57bf69f71585b4c6110,financial_indicators,ME — Tasa Activa — Total,ME — Tasa Activa — Total,monthly,PERCENT,2011-01-01T00:00:00Z,2026-06-30T00:00:00Z,review_indicator_only
d77a52a7905b32e45ccf1da24f3c39c1,2,2,FALSE,lrm_auctions:subastas_2018:65213aa83c8499c40bc2b56e,lrm_auctions,Plazos Estandarizados: 182 — Plazos Residuales: 175 — Montos Asignados,lrm_auction_tenor — Plazos Estandarizados: 182 — Plazos Residuales: 175 — Montos Asignados,irregular_daily,UNRESOLVED_SOURCE_UNITS,2018-06-27T00:00:00Z,2018-08-29T00:00:00Z,review_indicator_only
d77a52a7905b32e45ccf1da24f3c39c1,2,2,FALSE,lrm_auctions:subastas_2018:ba0e5e4ea7797961da0bab3a,lrm_auctions,Plazos Estandarizados: 182 — Plazos Residuales: 175 — Montos Ofertados,lrm_auction_tenor — Plazos Estandarizados: 182 — Plazos Residuales: 175 — Montos Ofertados,irregular_daily,UNRESOLVED_SOURCE_UNITS,2018-06-27T00:00:00Z,2018-08-29T00:00:00Z,review_indicator_only
d7a6d674623094770e09751e609c7eb2,7,2,FALSE,lrm_auctions:subastas_2016:07e39dcdda634d9a1a4e52ad,lrm_auctions,Plazos Estandarizados: 63 — Plazos Residuales: 63 — Mínima,lrm_auction_tenor — Plazos Estandarizados: 63 — Plazos Residuales: 63 — Mínima,irregular_daily,UNRESOLVED_SOURCE_UNITS,2016-02-24T00:00:00Z,2016-12-21T00:00:00Z,review_indicator_only
d7a6d674623094770e09751e609c7eb2,7,2,FALSE,lrm_auctions:subastas_2016:a521249d959ea7180d2956bb,lrm_auctions,Plazos Estandarizados: 63 — Plazos Residuales: 63 — Mínima,lrm_auction_tenor — Plazos Estandarizados: 63 — Plazos Residuales: 63 — Mínima,irregular_daily,UNRESOLVED_SOURCE_UNITS,2016-02-24T00:00:00Z,2016-12-21T00:00:00Z,review_indicator_only
d864b05f318971c148cd0a09bb6ac4b9,18,2,FALSE,economic_annex:cuadro_37:f6266de20bfe4459341b331d,economic_annex,4. — 4.2.6 — Otras cuentas por pagar,4. — 4.2.6 — Otras cuentas por pagar,annual,USD,2008-01-01T00:00:00Z,2025-12-31T00:00:00Z,review_indicator_only
d864b05f318971c148cd0a09bb6ac4b9,18,2,FALSE,economic_annex:cuadro_39:9754d24414a9dd1cf5087be4,economic_annex,4.2.6 Otras cuentas por pagar,4.2.6 Otras cuentas por pagar,annual,USD,2008-01-01T00:00:00Z,2025-12-31T00:00:00Z,review_indicator_only
d948235569f437dfc1422342bd27681b,11,2,FALSE,lrm_auctions:subastas_2017:5b6eb8a66c58a781bc5e1741,lrm_auctions,Plazos Estandarizados: 91 — Plazos Residuales: 91 — Mínima,lrm_auction_tenor — Plazos Estandarizados: 91 — Plazos Residuales: 91 — Mínima,irregular_daily,UNRESOLVED_SOURCE_UNITS,2017-01-24T00:00:00Z,2017-12-20T00:00:00Z,review_indicator_only
d948235569f437dfc1422342bd27681b,11,2,FALSE,lrm_auctions:subastas_2017:820ff1f83b051209517929a0,lrm_auctions,Plazos Estandarizados: 91 — Plazos Residuales: 91 — Mínima,lrm_auction_tenor — Plazos Estandarizados: 91 — Plazos Residuales: 91 — Mínima,irregular_daily,UNRESOLVED_SOURCE_UNITS,2017-01-24T00:00:00Z,2017-12-20T00:00:00Z,review_indicator_only
d9a90ab1415f77369e711e77f6440747,17,2,FALSE,insurance_annex:x1_18:583278ff38f8b3234ed3f0de,insurance_annex,Siniestros Recuperados Reaseguros cedidos exterior (contratos proporcionales) (Guaraníes) — Recupero de Siniestros Reaseguros Cedidos Sección Desgravamen Hipotecario Corto Plazo,Siniestros Recuperados Reaseguros cedidos exterior (contratos proporcionales) (Guaraníes) — Siniestros Recuperados Reaseguros cedidos exterior (contratos proporcionales) (Guaraníes) — Recupero de Siniestros Reaseguros Cedidos Sección Desgravamen Hipotecario Corto Plazo,annual,PYG,2009-01-01T00:00:00Z,2025-12-31T00:00:00Z,review_indicator_only
d9a90ab1415f77369e711e77f6440747,17,2,FALSE,insurance_annex:x1_18:f738cbf6b6529d57ca7ff61f,insurance_annex,Total Siniestros recuperados Reaseguros cedidos exterior (Guaraníes) — Recupero de Siniestros Reaseguros Cedidos Sección Desgravamen Hipotecario Corto Plazo,Total Siniestros recuperados Reaseguros cedidos exterior (Guaraníes) — Total Siniestros recuperados Reaseguros cedidos exterior (Guaraníes) — Recupero de Siniestros Reaseguros Cedidos Sección Desgravamen Hipotecario Corto Plazo,annual,PYG,2009-01-01T00:00:00Z,2025-12-31T00:00:00Z,review_indicator_only
d9ddfb005e954c5656bdfac8d6390344,17,2,FALSE,insurance_annex:x1_23:141bbb37994b6da0fdd6166d,insurance_annex,Participación utilidades reaseguros cedidos - contratos proporcionales (Guaraníes) — Total Vida Corto Plazo,Participación utilidades reaseguros cedidos - contratos proporcionales (Guaraníes) — Participación utilidades reaseguros cedidos - contratos proporcionales (Guaraníes) — Total Vida Corto Plazo,annual,PYG,2009-01-01T00:00:00Z,2025-12-31T00:00:00Z,review_indicator_only
d9ddfb005e954c5656bdfac8d6390344,17,2,FALSE,insurance_annex:x1_23:d3d5f96ebfb5c36884189654,insurance_annex,Participación utilidades reaseguros cedidos - contratos proporcionales (Guaraníes) — Part. de Utilidad Reaseguros Cedidos Sección Seguros Colectivos Corto Plazo,Participación utilidades reaseguros cedidos - contratos proporcionales (Guaraníes) — Participación utilidades reaseguros cedidos - contratos proporcionales (Guaraníes) — Part. de Utilidad Reaseguros Cedidos Sección Seguros Colectivos Corto Plazo,annual,PYG,2009-01-01T00:00:00Z,2025-12-31T00:00:00Z,review_indicator_only
d9e943b5f2e655bf00ed45cab5eba7ac,9,2,FALSE,lrm_auctions:subastas_2024:07e39dcdda634d9a1a4e52ad,lrm_auctions,Plazos Estandarizados: 63 — Plazos Residuales: 63 — Mínima,lrm_auction_tenor — Plazos Estandarizados: 63 — Plazos Residuales: 63 — Mínima,irregular_daily,UNRESOLVED_SOURCE_UNITS,2024-01-25T00:00:00Z,2024-12-26T00:00:00Z,review_indicator_only
d9e943b5f2e655bf00ed45cab5eba7ac,9,2,FALSE,lrm_auctions:subastas_2024:a521249d959ea7180d2956bb,lrm_auctions,Plazos Estandarizados: 63 — Plazos Residuales: 63 — Mínima,lrm_auction_tenor — Plazos Estandarizados: 63 — Plazos Residuales: 63 — Mínima,irregular_daily,UNRESOLVED_SOURCE_UNITS,2024-01-25T00:00:00Z,2024-12-26T00:00:00Z,review_indicator_only
da8887f4a618fecd5d72ed4492ac928a,184,2,FALSE,financial_indicators:x2_1:18aacfd01935d1969d21b70d,financial_indicators,MN — Tasa Activa — Préstamo Personal - vivienda <= 1 año,MN — Tasa Activa — Préstamo Personal - vivienda <= 1 año,monthly,PERCENT,2011-01-01T00:00:00Z,2026-06-30T00:00:00Z,review_indicator_only
da8887f4a618fecd5d72ed4492ac928a,184,2,FALSE,financial_indicators:x3_1:4948c609a9cbf399a98d3eb1,financial_indicators,MN — Préstamo Personal - vivienda <= 1 año — TPP,MN — Préstamo Personal - vivienda <= 1 año — TPP,monthly,PERCENT,2011-01-01T00:00:00Z,2026-06-30T00:00:00Z,review_indicator_only
da8e8cbee32eeae43246a249c66315eb,3,2,FALSE,lrm_auctions:subastas_2015:522a9ff86f0c5f3925788c15,lrm_auctions,Plazos Estandarizados: 63 — Plazos Residuales: 56 — Promedio,lrm_auction_tenor — Plazos Estandarizados: 63 — Plazos Residuales: 56 — Promedio,irregular_daily,UNRESOLVED_SOURCE_UNITS,2015-01-28T00:00:00Z,2015-07-29T00:00:00Z,review_indicator_only
da8e8cbee32eeae43246a249c66315eb,3,2,FALSE,lrm_auctions:subastas_2015:eea99792d3080cc491e41e61,lrm_auctions,Plazos Estandarizados: 63 — Plazos Residuales: 56 — Promedio,lrm_auction_tenor — Plazos Estandarizados: 63 — Plazos Residuales: 56 — Promedio,irregular_daily,UNRESOLVED_SOURCE_UNITS,2015-01-28T00:00:00Z,2015-07-29T00:00:00Z,review_indicator_only
dac039d2cfbb514c9fafd98702a3272a,247,2,FALSE,economic_annex:cuadro_52a:092100ea951c4d4cd4d6f320,economic_annex,Gases — Importacion para consumo interno,Gases — Gases — Importacion para consumo interno,monthly,USD,2006-01-01T00:00:00Z,2026-07-31T00:00:00Z,review_indicator_only
dac039d2cfbb514c9fafd98702a3272a,247,2,FALSE,economic_annex:cuadro_52a:b64a4b3e333957f5152ccf50,economic_annex,Gases — Importación Registrada,Gases — Gases — Importación Registrada,monthly,USD,2006-01-01T00:00:00Z,2026-07-31T00:00:00Z,review_indicator_only
daecc63125e6694456385c0ff05d082c,9,2,FALSE,lrm_auctions:subastas_2021:0a1131f4a687bbd9d1b5e92b,lrm_auctions,Plazos Estandarizados: 546 — Plazos Residuales: 546 — Mínima,lrm_auction_tenor — Plazos Estandarizados: 546 — Plazos Residuales: 546 — Mínima,irregular_daily,UNRESOLVED_SOURCE_UNITS,2021-01-27T00:00:00Z,2021-11-24T00:00:00Z,review_indicator_only
daecc63125e6694456385c0ff05d082c,9,2,FALSE,lrm_auctions:subastas_2021:9e65b04aa01c99458d690df0,lrm_auctions,Plazos Estandarizados: 546 — Plazos Residuales: 546 — Mínima,lrm_auction_tenor — Plazos Estandarizados: 546 — Plazos Residuales: 546 — Mínima,irregular_daily,UNRESOLVED_SOURCE_UNITS,2021-01-27T00:00:00Z,2021-11-24T00:00:00Z,review_indicator_only
db1c4724d515c33df8e4d05f3133cb78,186,2,FALSE,financial_indicators:x2_1:df6ee26221bdebd05bed0ae1,financial_indicators,MN — Tasa Pasiva — CDA <= 365 días,MN — Tasa Pasiva — CDA <= 365 días,monthly,PERCENT,2011-01-01T00:00:00Z,2026-06-30T00:00:00Z,review_indicator_only
db1c4724d515c33df8e4d05f3133cb78,186,2,FALSE,financial_indicators:x3_1:c2b2e65de03719847d4e565e,financial_indicators,MN — CDA <= 365 días — TPP,MN — CDA <= 365 días — TPP,monthly,PERCENT,2011-01-01T00:00:00Z,2026-06-30T00:00:00Z,review_indicator_only
db78d0e50b5f193f79de3d13093d0615,17,2,FALSE,insurance_annex:x1_19:15b10c6b8095d5c83409c31e,insurance_annex,Participación Recupero Reaseguros Aceptados - Proporcionales (Guaraníes) - Local — Total participación recuperos reaseguros aceptados - proporcionales,Participación Recupero Reaseguros Aceptados - Proporcionales (Guaraníes) - Local — Participación Recupero Reaseguros Aceptados - Proporcionales (Guaraníes) - Local — Total participación recuperos reaseguros aceptados - proporcionales,annual,PYG,2009-01-01T00:00:00Z,2025-12-31T00:00:00Z,review_indicator_only
db78d0e50b5f193f79de3d13093d0615,17,2,FALSE,insurance_annex:x1_19:7e4d4fdba60bfac9d712671d,insurance_annex,Participación Recupero Reaseguros Aceptados - Proporcionales (Guaraníes) - Local — Total Rama Patrimonial,Participación Recupero Reaseguros Aceptados - Proporcionales (Guaraníes) - Local — Participación Recupero Reaseguros Aceptados - Proporcionales (Guaraníes) - Local — Total Rama Patrimonial,annual,PYG,2009-01-01T00:00:00Z,2025-12-31T00:00:00Z,review_indicator_only
dbf128362c43594a7fd8b32cb297edfa,7,2,FALSE,lrm_auctions:subastas_2018:0a1131f4a687bbd9d1b5e92b,lrm_auctions,Plazos Estandarizados: 546 — Plazos Residuales: 546 — Mínima,lrm_auction_tenor — Plazos Estandarizados: 546 — Plazos Residuales: 546 — Mínima,irregular_daily,UNRESOLVED_SOURCE_UNITS,2018-01-24T00:00:00Z,2018-11-28T00:00:00Z,review_indicator_only
dbf128362c43594a7fd8b32cb297edfa,7,2,FALSE,lrm_auctions:subastas_2018:9e65b04aa01c99458d690df0,lrm_auctions,Plazos Estandarizados: 546 — Plazos Residuales: 546 — Mínima,lrm_auction_tenor — Plazos Estandarizados: 546 — Plazos Residuales: 546 — Mínima,irregular_daily,UNRESOLVED_SOURCE_UNITS,2018-01-24T00:00:00Z,2018-11-28T00:00:00Z,review_indicator_only
dc5789463a2aeb7824abb286ff8b2809,379,2,FALSE,economic_annex:cuadro_20:1a72ba9fd7a4fcd1d2aae707,economic_annex,Otras operaciones 1/ — Total neto — 9=7+8,Otras operaciones 1/ — Total neto — 9=7+8,monthly,USD,1995-01-01T00:00:00Z,2026-07-31T00:00:00Z,supported_cross_source_overlap
dc5789463a2aeb7824abb286ff8b2809,379,2,FALSE,fx_operations:other_operations:net:monthly,fx_operations,other_operations — net — monthly,,monthly,USD,1995-01-01T00:00:00Z,2026-07-31T00:00:00Z,supported_cross_source_overlap
dc67c5a2cc148352934797156103b275,49,2,FALSE,financial_indicators:x2_2:40142679faf4d86cae5da5c0,financial_indicators,MN — Tasa Activa — Préstamos Varios <= 1 año,MN — Tasa Activa — Préstamos Varios <= 1 año,monthly,PERCENT,2011-01-01T00:00:00Z,2020-11-30T00:00:00Z,review_indicator_only
dc67c5a2cc148352934797156103b275,49,2,FALSE,financial_indicators:x3_2:4fdb362159f9e7c56d40938e,financial_indicators,MN — Préstamos Varios <= 1 año — TPP,MN — Préstamos Varios <= 1 año — TPP,monthly,PERCENT,2011-01-01T00:00:00Z,2020-11-30T00:00:00Z,review_indicator_only
dc89094816c1b74d67bbed2660991568,2,2,TRUE,lrm_auctions:subastas_2013:9a2827311a9e9d33ba6ff349,lrm_auctions,Plazos Estandarizados: 63 — Plazos Residuales: 56 — Montos Anunciados,lrm_auction_tenor — Plazos Estandarizados: 63 — Plazos Residuales: 56 — Montos Anunciados,irregular_daily,UNRESOLVED_SOURCE_UNITS,2013-05-16T00:00:00Z,2013-11-14T00:00:00Z,review_indicator_only
dc89094816c1b74d67bbed2660991568,2,2,TRUE,lrm_auctions:subastas_2013:efcf4db332ddff7ea118d64c,lrm_auctions,Plazos Estandarizados: 63 — Plazos Residuales: 56 — Montos Asignados,lrm_auction_tenor — Plazos Estandarizados: 63 — Plazos Residuales: 56 — Montos Asignados,irregular_daily,UNRESOLVED_SOURCE_UNITS,2013-05-16T00:00:00Z,2013-11-14T00:00:00Z,review_indicator_only
dce6d273db22409d1e1dbe1ce19e7a78,73,2,FALSE,economic_annex:cuadro_37:3b9f2f0e08079b9fefa68f0e,economic_annex,4. — 4.2 Pasivos — Otras cuentas por cobrar,4. — 4.2 Pasivos — Otras cuentas por cobrar,quarterly,USD,2008-01-01T00:00:00Z,2026-03-31T00:00:00Z,review_indicator_only
dce6d273db22409d1e1dbe1ce19e7a78,73,2,FALSE,economic_annex:cuadro_39:537ffdbff58491c07e5671de,economic_annex,4.2 Pasivos,4.2 Pasivos,quarterly,USD,2008-01-01T00:00:00Z,2026-03-31T00:00:00Z,review_indicator_only
dd5bd785a5e3253d4bdfefcc4e25308f,3,2,FALSE,lrm_auctions:subastas_2016:7f8c29f6df4d56cb04fd1f67,lrm_auctions,Plazos Estandarizados: 35 — Plazos Residuales: 35 — Máxima,lrm_auction_tenor — Plazos Estandarizados: 35 — Plazos Residuales: 35 — Máxima,irregular_daily,UNRESOLVED_SOURCE_UNITS,2016-06-22T00:00:00Z,2016-12-21T00:00:00Z,review_indicator_only
dd5bd785a5e3253d4bdfefcc4e25308f,3,2,FALSE,lrm_auctions:subastas_2016:db4d04bed7c47f4e72fbf182,lrm_auctions,Plazos Estandarizados: 35 — Plazos Residuales: 35 — Máxima,lrm_auction_tenor — Plazos Estandarizados: 35 — Plazos Residuales: 35 — Máxima,irregular_daily,UNRESOLVED_SOURCE_UNITS,2016-06-22T00:00:00Z,2016-12-21T00:00:00Z,review_indicator_only
de0a5964770d3613402d0d2881a62046,17,2,FALSE,insurance_annex:x1_29:60d5c8485ceb516be1e2aa05,insurance_annex,Intereses sobre reservas retenidas - contratos proporcionales (Local) — Total Rama Patrimonial,Intereses sobre reservas retenidas - contratos proporcionales (Local) — Intereses sobre reservas retenidas - contratos proporcionales (Local) — Total Rama Patrimonial,annual,PYG,2009-01-01T00:00:00Z,2025-12-31T00:00:00Z,review_indicator_only
de0a5964770d3613402d0d2881a62046,17,2,FALSE,insurance_annex:x1_29:cddf9fd5bb53cdaa6f4e89f6,insurance_annex,Intereses sobre reservas retenidas - contratos proporcionales (Local) — Total intereses sobre reservas retenidas,Intereses sobre reservas retenidas - contratos proporcionales (Local) — Intereses sobre reservas retenidas - contratos proporcionales (Local) — Total intereses sobre reservas retenidas,annual,PYG,2009-01-01T00:00:00Z,2025-12-31T00:00:00Z,review_indicator_only
de38ab73d2b648e77dac3bcf2e4a2731,17,2,FALSE,insurance_annex:x1_17:510f6c94936066edb1e07e15,insurance_annex,Siniestros Recuperados Reaseguros cedidos (contratos no proporcionales) (Guaraníes) - Local — Total Vida Corto Plazo,Siniestros Recuperados Reaseguros cedidos (contratos no proporcionales) (Guaraníes) - Local — Siniestros Recuperados Reaseguros cedidos (contratos no proporcionales) (Guaraníes) - Local — Total Vida Corto Plazo,annual,PYG,2009-01-01T00:00:00Z,2025-12-31T00:00:00Z,review_indicator_only
de38ab73d2b648e77dac3bcf2e4a2731,17,2,FALSE,insurance_annex:x1_17:e58af082c0dfbb179204ab0d,insurance_annex,Siniestros Recuperados Reaseguros cedidos (contratos no proporcionales) (Guaraníes) - Local — Recupero de Siniestros Reaseguros Cedidos Sección Seguros Colectivos Corto Plazo,Siniestros Recuperados Reaseguros cedidos (contratos no proporcionales) (Guaraníes) - Local — Siniestros Recuperados Reaseguros cedidos (contratos no proporcionales) (Guaraníes) - Local — Recupero de Siniestros Reaseguros Cedidos Sección Seguros Colectivos Corto Plazo,annual,PYG,2009-01-01T00:00:00Z,2025-12-31T00:00:00Z,review_indicator_only
de5273c1940cc08fc8fe85a4b675f46b,32,2,FALSE,financial_indicators:x3_2:6c99d2490ba02bb9f7fcde5a,financial_indicators,ME — Otros Depósitos — Prom Max,ME — Otros Depósitos — Prom Max,monthly,PERCENT,2011-01-01T00:00:00Z,2020-09-30T00:00:00Z,review_indicator_only
de5273c1940cc08fc8fe85a4b675f46b,32,2,FALSE,financial_indicators:x3_2:78bb7f7735839ef001b73f89,financial_indicators,ME — Otros Depósitos — Prom Min,ME — Otros Depósitos — Prom Min,monthly,PERCENT,2011-01-01T00:00:00Z,2020-09-30T00:00:00Z,review_indicator_only
df4610246647c255ca01e9e4b0a78a7b,5,2,FALSE,lrm_auctions:subastas_2018:7c22f0dab2c1ad133ca5ff18,lrm_auctions,Plazos Estandarizados: 546 — Plazos Residuales: 553 — Mínima,lrm_auction_tenor — Plazos Estandarizados: 546 — Plazos Residuales: 553 — Mínima,irregular_daily,UNRESOLVED_SOURCE_UNITS,2018-02-22T00:00:00Z,2018-12-19T00:00:00Z,review_indicator_only
df4610246647c255ca01e9e4b0a78a7b,5,2,FALSE,lrm_auctions:subastas_2018:8739aec9d9e7afaa55117a42,lrm_auctions,Plazos Estandarizados: 546 — Plazos Residuales: 553 — Mínima,lrm_auction_tenor — Plazos Estandarizados: 546 — Plazos Residuales: 553 — Mínima,irregular_daily,UNRESOLVED_SOURCE_UNITS,2018-02-22T00:00:00Z,2018-12-19T00:00:00Z,review_indicator_only
dff98b155a3a52d3bbd122da747a1f3e,186,2,FALSE,financial_indicators:x7:097cbfe739a9eb94a4aa170e,financial_indicators,MN — Tasa Activa — Sobregiros — Total,MN — Tasa Activa — Sobregiros — Total,monthly,PYG,2011-01-01T00:00:00Z,2026-06-30T00:00:00Z,review_indicator_only
dff98b155a3a52d3bbd122da747a1f3e,186,2,FALSE,financial_indicators:x7:0b260a79a1742543b94e4db8,financial_indicators,MN — Tasa Activa — Sobregiros,MN — Tasa Activa — Sobregiros,monthly,PYG,2011-01-01T00:00:00Z,2026-06-30T00:00:00Z,review_indicator_only
e02d370c06529bcd61ac54222f6e36f8,3,2,FALSE,lrm_auctions:subastas_2020:1569b092994575e4f365fd80,lrm_auctions,Plazos Estandarizados: 63 — Plazos Residuales: 56 — Máxima,lrm_auction_tenor — Plazos Estandarizados: 63 — Plazos Residuales: 56 — Máxima,irregular_daily,UNRESOLVED_SOURCE_UNITS,2020-01-29T00:00:00Z,2020-07-29T00:00:00Z,review_indicator_only
e02d370c06529bcd61ac54222f6e36f8,3,2,FALSE,lrm_auctions:subastas_2020:66705411d4f15df9e2d9209b,lrm_auctions,Plazos Estandarizados: 63 — Plazos Residuales: 56 — Máxima,lrm_auction_tenor — Plazos Estandarizados: 63 — Plazos Residuales: 56 — Máxima,irregular_daily,UNRESOLVED_SOURCE_UNITS,2020-01-29T00:00:00Z,2020-07-29T00:00:00Z,review_indicator_only
e054b50b493780390b9f181560dc0727,8,2,FALSE,lrm_auctions:subastas_2018:57e63b12970a0708ed266b9b,lrm_auctions,Plazos Estandarizados: 365 — Plazos Residuales: 364 — Mínima,lrm_auction_tenor — Plazos Estandarizados: 365 — Plazos Residuales: 364 — Mínima,irregular_daily,UNRESOLVED_SOURCE_UNITS,2018-01-24T00:00:00Z,2018-11-28T00:00:00Z,review_indicator_only
e054b50b493780390b9f181560dc0727,8,2,FALSE,lrm_auctions:subastas_2018:5b52d906236d2d89df7e4f26,lrm_auctions,Plazos Estandarizados: 365 — Plazos Residuales: 364 — Mínima,lrm_auction_tenor — Plazos Estandarizados: 365 — Plazos Residuales: 364 — Mínima,irregular_daily,UNRESOLVED_SOURCE_UNITS,2018-01-24T00:00:00Z,2018-11-28T00:00:00Z,review_indicator_only
e05fc23d8918a19925226119e249e954,247,2,FALSE,economic_annex:cuadro_52a:18d54d99796bfd9e0655da17,economic_annex,Nafta — Importacion para consumo interno,Nafta — Nafta — Importacion para consumo interno,monthly,USD,2006-01-01T00:00:00Z,2026-07-31T00:00:00Z,review_indicator_only
e05fc23d8918a19925226119e249e954,247,2,FALSE,economic_annex:cuadro_52a:e9c612d856551ca192a0027a,economic_annex,Nafta — Importación Registrada,Nafta — Nafta — Importación Registrada,monthly,USD,2006-01-01T00:00:00Z,2026-07-31T00:00:00Z,review_indicator_only
e09b6c06c25e861d48e09c2835a9339d,7,2,FALSE,lrm_auctions:subastas_2023:09849ee67600e0d554d7ce86,lrm_auctions,Plazos Estandarizados: 182 — Plazos Residuales: 182 — Máxima,lrm_auction_tenor — Plazos Estandarizados: 182 — Plazos Residuales: 182 — Máxima,irregular_daily,UNRESOLVED_SOURCE_UNITS,2023-01-25T00:00:00Z,2023-10-25T00:00:00Z,review_indicator_only
e09b6c06c25e861d48e09c2835a9339d,7,2,FALSE,lrm_auctions:subastas_2023:17425580ef717811a7ed1c29,lrm_auctions,Plazos Estandarizados: 182 — Plazos Residuales: 182 — Máxima,lrm_auction_tenor — Plazos Estandarizados: 182 — Plazos Residuales: 182 — Máxima,irregular_daily,UNRESOLVED_SOURCE_UNITS,2023-01-25T00:00:00Z,2023-10-25T00:00:00Z,review_indicator_only
e0aa7b10065b2f9183ab47a8aacd5130,2,2,FALSE,lrm_auctions:subastas_2022:4b551f3170b65c380c5f7c82,lrm_auctions,Plazos Estandarizados: 91 — Plazos Residuales: 98 — Mínima,lrm_auction_tenor — Plazos Estandarizados: 91 — Plazos Residuales: 98 — Mínima,irregular_daily,UNRESOLVED_SOURCE_UNITS,2022-06-22T00:00:00Z,2022-12-21T00:00:00Z,review_indicator_only
e0aa7b10065b2f9183ab47a8aacd5130,2,2,FALSE,lrm_auctions:subastas_2022:a4d118f1fd0175e34946721c,lrm_auctions,Plazos Estandarizados: 91 — Plazos Residuales: 98 — Mínima,lrm_auction_tenor — Plazos Estandarizados: 91 — Plazos Residuales: 98 — Mínima,irregular_daily,UNRESOLVED_SOURCE_UNITS,2022-06-22T00:00:00Z,2022-12-21T00:00:00Z,review_indicator_only
e1012ca968016ee30d99ca2886063508,49,2,FALSE,financial_indicators:x3_2:54c7d2f8db3bda6b9b0970ec,financial_indicators,MN — Préstamos Varios <= 1 año — Prom Max,MN — Préstamos Varios <= 1 año — Prom Max,monthly,PERCENT,2011-01-01T00:00:00Z,2020-11-30T00:00:00Z,review_indicator_only
e1012ca968016ee30d99ca2886063508,49,2,FALSE,financial_indicators:x3_2:c5fabc388ed5ecff712db241,financial_indicators,MN — Préstamos Varios <= 1 año — Max,MN — Préstamos Varios <= 1 año — Max,monthly,PERCENT,2011-01-01T00:00:00Z,2020-11-30T00:00:00Z,review_indicator_only
e13761e55b8b70158fdc31eca5c1be7e,2,2,FALSE,lrm_auctions:subastas_2019:ce4ce2fcd94fb6a8be5ccb97,lrm_auctions,Plazos Estandarizados: 63 — Plazos Residuales: 56 — Mínima,lrm_auction_tenor — Plazos Estandarizados: 63 — Plazos Residuales: 56 — Mínima,irregular_daily,UNRESOLVED_SOURCE_UNITS,2019-05-29T00:00:00Z,2019-08-28T00:00:00Z,review_indicator_only
e13761e55b8b70158fdc31eca5c1be7e,2,2,FALSE,lrm_auctions:subastas_2019:f835a7565286472f6064b1eb,lrm_auctions,Plazos Estandarizados: 63 — Plazos Residuales: 56 — Mínima,lrm_auction_tenor — Plazos Estandarizados: 63 — Plazos Residuales: 56 — Mínima,irregular_daily,UNRESOLVED_SOURCE_UNITS,2019-05-29T00:00:00Z,2019-08-28T00:00:00Z,review_indicator_only
e2619415e10ad54f0068ab323ce58af6,3,2,FALSE,lrm_auctions:subastas_2016:a630b9e0899d1a4f4ae30133,lrm_auctions,Plazos Estandarizados: 546 — Plazos Residuales: 553 — Máxima,lrm_auction_tenor — Plazos Estandarizados: 546 — Plazos Residuales: 553 — Máxima,irregular_daily,UNRESOLVED_SOURCE_UNITS,2016-03-16T00:00:00Z,2016-12-21T00:00:00Z,review_indicator_only
e2619415e10ad54f0068ab323ce58af6,3,2,FALSE,lrm_auctions:subastas_2016:bd44e49ef0de63f7ce67ae25,lrm_auctions,Plazos Estandarizados: 546 — Plazos Residuales: 553 — Máxima,lrm_auction_tenor — Plazos Estandarizados: 546 — Plazos Residuales: 553 — Máxima,irregular_daily,UNRESOLVED_SOURCE_UNITS,2016-03-16T00:00:00Z,2016-12-21T00:00:00Z,review_indicator_only
e29477ae554bc8653a7fd776b5e2f1bf,186,2,FALSE,financial_indicators:x4:2acf9be7f9751630148dbd0e,financial_indicators,ME — Tasa Activa — Tarjetas de Crédito — Total,ME — Tasa Activa — Tarjetas de Crédito — Total,monthly,UNRESOLVED_SOURCE_UNITS,2011-01-01T00:00:00Z,2026-06-30T00:00:00Z,review_indicator_only
e29477ae554bc8653a7fd776b5e2f1bf,186,2,FALSE,financial_indicators:x4:a571b16dd08a8e6f3bcc7172,financial_indicators,ME — Tasa Activa — Tarjetas de Crédito,ME — Tasa Activa — Tarjetas de Crédito,monthly,UNRESOLVED_SOURCE_UNITS,2011-01-01T00:00:00Z,2026-06-30T00:00:00Z,review_indicator_only
e3137d500aab25654d74dbcc21b3c82c,2,2,FALSE,lrm_auctions:subastas_2015:25ca3955f4c9d3729645be8d,lrm_auctions,Plazos Estandarizados: 365 — Plazos Residuales: 371 — Mínima,lrm_auction_tenor — Plazos Estandarizados: 365 — Plazos Residuales: 371 — Mínima,irregular_daily,UNRESOLVED_SOURCE_UNITS,2015-04-22T00:00:00Z,2015-12-16T00:00:00Z,review_indicator_only
e3137d500aab25654d74dbcc21b3c82c,2,2,FALSE,lrm_auctions:subastas_2015:33b667ad83372670b5d5baf4,lrm_auctions,Plazos Estandarizados: 365 — Plazos Residuales: 371 — Mínima,lrm_auction_tenor — Plazos Estandarizados: 365 — Plazos Residuales: 371 — Mínima,irregular_daily,UNRESOLVED_SOURCE_UNITS,2015-04-22T00:00:00Z,2015-12-16T00:00:00Z,review_indicator_only
e3450ac292ca1a807f17ddf5b128f65e,8,2,FALSE,lrm_auctions:subastas_2021:45819eab5b1964d17abc4b91,lrm_auctions,Plazos Estandarizados: 35 — Plazos Residuales: 28 — Mínima,lrm_auction_tenor — Plazos Estandarizados: 35 — Plazos Residuales: 28 — Mínima,irregular_daily,UNRESOLVED_SOURCE_UNITS,2021-01-27T00:00:00Z,2021-11-24T00:00:00Z,review_indicator_only
e3450ac292ca1a807f17ddf5b128f65e,8,2,FALSE,lrm_auctions:subastas_2021:a2c726f33786f143af341123,lrm_auctions,Plazos Estandarizados: 35 — Plazos Residuales: 28 — Mínima,lrm_auction_tenor — Plazos Estandarizados: 35 — Plazos Residuales: 28 — Mínima,irregular_daily,UNRESOLVED_SOURCE_UNITS,2021-01-27T00:00:00Z,2021-11-24T00:00:00Z,review_indicator_only
e3f683beb0303780dbe7abec69d82462,186,2,FALSE,financial_indicators:x1_2:229c8844247f990b1df64b4f,financial_indicators,MN — Tasa Activa (promedio ponderada) — Otros Depósitos,MN — Tasa Activa (promedio ponderada) — Otros Depósitos,monthly,PERCENT,2011-01-01T00:00:00Z,2026-06-30T00:00:00Z,review_indicator_only
e3f683beb0303780dbe7abec69d82462,186,2,FALSE,financial_indicators:x1_2:ee8c5388e10867e764f701d4,financial_indicators,MN — Tasa Activa — Total,MN — Tasa Activa — Total,monthly,PERCENT,2011-01-01T00:00:00Z,2026-06-30T00:00:00Z,review_indicator_only
e40bfd569a846b5e2700af130de3702d,45,2,FALSE,financial_indicators:x3_2:530aedfca8f283e8e8709d30,financial_indicators,MN — Préstamos Varios > 1 año — Min,MN — Préstamos Varios > 1 año — Min,monthly,PERCENT,2011-01-01T00:00:00Z,2014-11-30T00:00:00Z,review_indicator_only
e40bfd569a846b5e2700af130de3702d,45,2,FALSE,financial_indicators:x3_2:747a92ba2ddb4eea40a50f37,financial_indicators,MN — Préstamos Varios > 1 año — Prom Min,MN — Préstamos Varios > 1 año — Prom Min,monthly,PERCENT,2011-01-01T00:00:00Z,2014-11-30T00:00:00Z,review_indicator_only
e4f6cecb1cfe515a9ce36b5da5127bf5,73,2,FALSE,economic_annex:cuadro_39:ade245e98e2450b43a72c865,economic_annex,1.1 Activo,1.1 Activo,quarterly,USD,2008-01-01T00:00:00Z,2026-03-31T00:00:00Z,review_indicator_only
e4f6cecb1cfe515a9ce36b5da5127bf5,73,2,FALSE,economic_annex:cuadro_40:a523980539e38f4c0f4e2950,economic_annex,11. Inversión directa en el extranjero,11. Inversión directa en el extranjero,quarterly,USD,2008-01-01T00:00:00Z,2026-03-31T00:00:00Z,review_indicator_only
e5373075cefff5ac11c36aca732bac14,17,2,FALSE,insurance_annex:x1_17:0392dfcc5e0309873f585758,insurance_annex,Total Siniestros recuperados Reaseguros cedidos Local (Guaraníes) — Accidentes Personales,Total Siniestros recuperados Reaseguros cedidos Local (Guaraníes) — Total Siniestros recuperados Reaseguros cedidos Local (Guaraníes) — Accidentes Personales,annual,PYG,2009-01-01T00:00:00Z,2025-12-31T00:00:00Z,review_indicator_only
e5373075cefff5ac11c36aca732bac14,17,2,FALSE,insurance_annex:x1_17:0e439264ac036558ad52d42c,insurance_annex,Siniestros Recuperados Reaseguros cedidos (contratos proporcionales) (Guaraníes) - Local — Accidentes Personales,Siniestros Recuperados Reaseguros cedidos (contratos proporcionales) (Guaraníes) - Local — Siniestros Recuperados Reaseguros cedidos (contratos proporcionales) (Guaraníes) - Local — Accidentes Personales,annual,PYG,2009-01-01T00:00:00Z,2025-12-31T00:00:00Z,review_indicator_only
e57fe6835e9f63d4a3c88742924f695e,186,2,FALSE,financial_indicators:x2_1:1459ca1fc5df4720dc5f68be,financial_indicators,MN — Tasa Activa — Préstamo Personal - consumo <= 1 año,MN — Tasa Activa — Préstamo Personal - consumo <= 1 año,monthly,PERCENT,2011-01-01T00:00:00Z,2026-06-30T00:00:00Z,review_indicator_only
e57fe6835e9f63d4a3c88742924f695e,186,2,FALSE,financial_indicators:x3_1:fc46c82fcc7d9ea624e88dd2,financial_indicators,MN — Préstamo Personal - consumo <= 1 año — TPP,MN — Préstamo Personal - consumo <= 1 año — TPP,monthly,PERCENT,2011-01-01T00:00:00Z,2026-06-30T00:00:00Z,review_indicator_only
e6644f30d4fb5c5f68e6330dd3b866c5,247,2,FALSE,economic_annex:cuadro_52a:239a225baab60949386a7f94,economic_annex,Cementos — Importacion para consumo interno,Cementos — Cementos — Importacion para consumo interno,monthly,USD,2006-01-01T00:00:00Z,2026-07-31T00:00:00Z,review_indicator_only
e6644f30d4fb5c5f68e6330dd3b866c5,247,2,FALSE,economic_annex:cuadro_52a:6a77cd27d00a6242effbd0ea,economic_annex,Cementos — Importación Registrada,Cementos — Cementos — Importación Registrada,monthly,USD,2006-01-01T00:00:00Z,2026-07-31T00:00:00Z,review_indicator_only
e66c2b276b5d7fc7f61ebae778829ee8,2,2,FALSE,lrm_auctions:subastas_2018:1940848ee6823ef5f51ec0b4,lrm_auctions,Plazos Estandarizados: 182 — Plazos Residuales: 175 — Promedio,lrm_auction_tenor — Plazos Estandarizados: 182 — Plazos Residuales: 175 — Promedio,irregular_daily,UNRESOLVED_SOURCE_UNITS,2018-06-27T00:00:00Z,2018-08-29T00:00:00Z,review_indicator_only
e66c2b276b5d7fc7f61ebae778829ee8,2,2,FALSE,lrm_auctions:subastas_2018:c58ba791d81e59b0b4a797b4,lrm_auctions,Plazos Estandarizados: 182 — Plazos Residuales: 175 — Promedio,lrm_auction_tenor — Plazos Estandarizados: 182 — Plazos Residuales: 175 — Promedio,irregular_daily,UNRESOLVED_SOURCE_UNITS,2018-06-27T00:00:00Z,2018-08-29T00:00:00Z,review_indicator_only
e763583c36e98c96e97cc203be215858,3,2,FALSE,lrm_auctions:subastas_2024:7c22f0dab2c1ad133ca5ff18,lrm_auctions,Plazos Estandarizados: 546 — Plazos Residuales: 553 — Mínima,lrm_auction_tenor — Plazos Estandarizados: 546 — Plazos Residuales: 553 — Mínima,irregular_daily,UNRESOLVED_SOURCE_UNITS,2024-02-22T00:00:00Z,2024-07-25T00:00:00Z,review_indicator_only
e763583c36e98c96e97cc203be215858,3,2,FALSE,lrm_auctions:subastas_2024:8739aec9d9e7afaa55117a42,lrm_auctions,Plazos Estandarizados: 546 — Plazos Residuales: 553 — Mínima,lrm_auction_tenor — Plazos Estandarizados: 546 — Plazos Residuales: 553 — Mínima,irregular_daily,UNRESOLVED_SOURCE_UNITS,2024-02-22T00:00:00Z,2024-07-25T00:00:00Z,review_indicator_only
e7c913e65b400ae438f690ce489c3798,3,2,FALSE,liquidity_facility:adm_liq_deposito:ca2f1c881beedfa4df76228a,liquidity_facility,operation_type: deposito — Plazos (días): 10 — Monto Ofertado (Guaraníes),short_term_liquidity_auction — operation_type: deposito — Plazos (días): 10 — Monto Ofertado (Guaraníes),irregular_daily,PYG,2018-03-23T00:00:00Z,2021-03-26T00:00:00Z,review_indicator_only
e7c913e65b400ae438f690ce489c3798,3,2,FALSE,liquidity_facility:adm_liq_deposito:e6963657904056dda8cfce62,liquidity_facility,operation_type: deposito — Plazos (días): 10 — Monto Asignado (Guaraníes),short_term_liquidity_auction — operation_type: deposito — Plazos (días): 10 — Monto Asignado (Guaraníes),irregular_daily,PYG,2018-03-23T00:00:00Z,2021-03-26T00:00:00Z,review_indicator_only
e8056fcfed5218ab36c602f464a9b37c,5,2,TRUE,lrm_auctions:subastas_2026:3048cae5f3c9742d612cf8b0,lrm_auctions,Plazos Estandarizados: 35 — Plazos Residuales: 28 — Montos Anunciados,lrm_auction_tenor — Plazos Estandarizados: 35 — Plazos Residuales: 28 — Montos Anunciados,irregular_daily,UNRESOLVED_SOURCE_UNITS,2026-01-29T00:00:00Z,2026-07-30T00:00:00Z,review_indicator_only
e8056fcfed5218ab36c602f464a9b37c,5,2,TRUE,lrm_auctions:subastas_2026:e44c1e3c52f41f63ed5605bd,lrm_auctions,Plazos Estandarizados: 182 — Plazos Residuales: 182 — Montos Anunciados,lrm_auction_tenor — Plazos Estandarizados: 182 — Plazos Residuales: 182 — Montos Anunciados,irregular_daily,UNRESOLVED_SOURCE_UNITS,2026-01-29T00:00:00Z,2026-07-30T00:00:00Z,review_indicator_only
e81e8bff9873a9be888a629ab8b5aa8f,103,2,FALSE,financial_indicators:x2_1:0418a040457588c517d6e1f0,financial_indicators,ME — Tasa Activa — Préstamo Personal - vivienda <= 1 año,ME — Tasa Activa — Préstamo Personal - vivienda <= 1 año,monthly,PERCENT,2011-06-01T00:00:00Z,2026-06-30T00:00:00Z,review_indicator_only
e81e8bff9873a9be888a629ab8b5aa8f,103,2,FALSE,financial_indicators:x3_1:dc788587fabd4085ab93baaa,financial_indicators,ME — Préstamo Personal - vivienda <= 1 año — TPP,ME — Préstamo Personal - vivienda <= 1 año — TPP,monthly,PERCENT,2011-06-01T00:00:00Z,2026-06-30T00:00:00Z,review_indicator_only
e924cd396bfaf38da2a6b5da14a6285e,165,2,FALSE,financial_indicators:x2_1:ab82dd299cb7c9ceb2547994,financial_indicators,MN — Tasa Pasiva — Depósitos a Plazo <=180 días,MN — Tasa Pasiva — Depósitos a Plazo <=180 días,monthly,PERCENT,2011-01-01T00:00:00Z,2026-06-30T00:00:00Z,review_indicator_only
e924cd396bfaf38da2a6b5da14a6285e,165,2,FALSE,financial_indicators:x3_1:a35a0f554e6f6d24b8b070fc,financial_indicators,MN — Depósitos a Plazo <=180 días — TPP,MN — Depósitos a Plazo <=180 días — TPP,monthly,PERCENT,2011-01-01T00:00:00Z,2026-06-30T00:00:00Z,review_indicator_only
e9687c9865c3ef73497d8e5f673a79ef,186,2,FALSE,financial_indicators:x7:6dd96352f65d1d140923865b,financial_indicators,MN — Tasa Pasiva — Otros Depósitos — Total,MN — Tasa Pasiva — Otros Depósitos — Total,monthly,PYG,2011-01-01T00:00:00Z,2026-06-30T00:00:00Z,review_indicator_only
e9687c9865c3ef73497d8e5f673a79ef,186,2,FALSE,financial_indicators:x7:aebe10e1a8ee45fe5fab6286,financial_indicators,MN — Tasa Pasiva — Otros Depósitos,MN — Tasa Pasiva — Otros Depósitos,monthly,PYG,2011-01-01T00:00:00Z,2026-06-30T00:00:00Z,review_indicator_only
eb0b5ab8c4ae0b60089245bd20497ce2,17,2,FALSE,insurance_annex:x1_13:823aeb63235ef1a641c14e64,insurance_annex,Siniestros Reaseguros Aceptados Local (contratos proporcionales) (Guaraníes) — Siniestros Reaseguros Aceptados Sección Vida Individual Corto Plazo,Siniestros Reaseguros Aceptados Local (contratos proporcionales) (Guaraníes) — Siniestros Reaseguros Aceptados Local (contratos proporcionales) (Guaraníes) — Siniestros Reaseguros Aceptados Sección Vida Individual Corto Plazo,annual,PYG,2009-01-01T00:00:00Z,2025-12-31T00:00:00Z,review_indicator_only
eb0b5ab8c4ae0b60089245bd20497ce2,17,2,FALSE,insurance_annex:x1_13:c5fe4a9f0160a082b8b85dd5,insurance_annex,Total Siniestros Reaseguros Aceptados Local (Guaraníes) — Siniestros Reaseguros Aceptados Sección Vida Individual Corto Plazo,Total Siniestros Reaseguros Aceptados Local (Guaraníes) — Total Siniestros Reaseguros Aceptados Local (Guaraníes) — Siniestros Reaseguros Aceptados Sección Vida Individual Corto Plazo,annual,PYG,2009-01-01T00:00:00Z,2025-12-31T00:00:00Z,review_indicator_only
eb58a792f2f678d74063701fe52a105f,17,2,FALSE,insurance_annex:x1_4:598e004a82f96395d72333de,insurance_annex,Desafectación de Provisiones Técnicas de Seguros (Guaraníes) — Agropecuario,Desafectación de Provisiones Técnicas de Seguros (Guaraníes) — Desafectación de Provisiones Técnicas de Seguros (Guaraníes) — Agropecuario,annual,PYG,2009-01-01T00:00:00Z,2025-12-31T00:00:00Z,review_indicator_only
eb58a792f2f678d74063701fe52a105f,17,2,FALSE,insurance_annex:x1_7:10b50d152775dadc024ac323,insurance_annex,Constitución de Provisiones Técnicas de Seguros — Agropecuario,Constitución de Provisiones Técnicas de Seguros — Constitución de Provisiones Técnicas de Seguros — Agropecuario,annual,PYG,2009-01-01T00:00:00Z,2025-12-31T00:00:00Z,review_indicator_only
eb838e8d5838a4d8b31bf39e45e973cf,3,2,FALSE,lrm_auctions:subastas_2014:1a1cebaee3257d71d2d0a573,lrm_auctions,Plazos Estandarizados: 91 — Plazos Residuales: 105 — Montos Anunciados,lrm_auction_tenor — Plazos Estandarizados: 91 — Plazos Residuales: 105 — Montos Anunciados,irregular_daily,UNRESOLVED_SOURCE_UNITS,2014-02-13T00:00:00Z,2014-04-10T00:00:00Z,review_indicator_only
eb838e8d5838a4d8b31bf39e45e973cf,3,2,FALSE,lrm_auctions:subastas_2014:4e7dfcc660abf5fb4b81ff7f,lrm_auctions,Plazos Estandarizados: 91 — Plazos Residuales: 105 — Montos Asignados,lrm_auction_tenor — Plazos Estandarizados: 91 — Plazos Residuales: 105 — Montos Asignados,irregular_daily,UNRESOLVED_SOURCE_UNITS,2014-02-13T00:00:00Z,2014-04-10T00:00:00Z,review_indicator_only
ebe7a7985f11a12f9c44840bc62391d6,8,2,FALSE,lrm_auctions:subastas_2023:45819eab5b1964d17abc4b91,lrm_auctions,Plazos Estandarizados: 35 — Plazos Residuales: 28 — Mínima,lrm_auction_tenor — Plazos Estandarizados: 35 — Plazos Residuales: 28 — Mínima,irregular_daily,UNRESOLVED_SOURCE_UNITS,2023-01-25T00:00:00Z,2023-11-23T00:00:00Z,review_indicator_only
ebe7a7985f11a12f9c44840bc62391d6,8,2,FALSE,lrm_auctions:subastas_2023:a2c726f33786f143af341123,lrm_auctions,Plazos Estandarizados: 35 — Plazos Residuales: 28 — Mínima,lrm_auction_tenor — Plazos Estandarizados: 35 — Plazos Residuales: 28 — Mínima,irregular_daily,UNRESOLVED_SOURCE_UNITS,2023-01-25T00:00:00Z,2023-11-23T00:00:00Z,review_indicator_only
ebffb52bf92974f7b2f7fc989ff2667e,247,2,FALSE,economic_annex:cuadro_52a:2842a5a24f760ee64b4a5e7e,economic_annex,Fuel oíl — Importación Registrada,Fuel oíl — Fuel oíl — Importación Registrada,monthly,USD,2006-01-01T00:00:00Z,2026-07-31T00:00:00Z,review_indicator_only
ebffb52bf92974f7b2f7fc989ff2667e,247,2,FALSE,economic_annex:cuadro_52a:6ce1e59404103644d1af6310,economic_annex,Fuel oíl — Importacion para consumo interno,Fuel oíl — Fuel oíl — Importacion para consumo interno,monthly,USD,2006-01-01T00:00:00Z,2026-07-31T00:00:00Z,review_indicator_only
ed40e21ceae00c3169228371669a6851,379,2,FALSE,economic_annex:cuadro_20:0202015a65768137c01b9976,economic_annex,Sector financiero — Venta — 2,Sector financiero — Venta — 2,monthly,USD,1995-01-01T00:00:00Z,2026-07-31T00:00:00Z,supported_cross_source_overlap
ed40e21ceae00c3169228371669a6851,379,2,FALSE,fx_operations:financial_sector:sale:monthly,fx_operations,financial_sector — sale — monthly,,monthly,USD,1995-01-01T00:00:00Z,2026-07-31T00:00:00Z,supported_cross_source_overlap
ed670c72c850903208a11c7c000fd9cd,168,2,FALSE,financial_indicators:x2_1:f821f025172bfa5b15c03635,financial_indicators,ME — Tasa Activa — Préstamo Personal - vivienda > 1 año,ME — Tasa Activa — Préstamo Personal - vivienda > 1 año,monthly,PERCENT,2011-01-01T00:00:00Z,2026-06-30T00:00:00Z,review_indicator_only
ed670c72c850903208a11c7c000fd9cd,168,2,FALSE,financial_indicators:x3_1:50fa0902396f036611145362,financial_indicators,ME — Préstamo Personal - vivienda > 1 año — TPP,ME — Préstamo Personal - vivienda > 1 año — TPP,monthly,PERCENT,2011-01-01T00:00:00Z,2026-06-30T00:00:00Z,review_indicator_only
ee2ebdc3014dddf52727d764d4e03360,165,2,FALSE,financial_indicators:x2_1:fc215d071eb7a2f5d742fef0,financial_indicators,ME — Tasa Activa — Préstamo Personal - consumo <= 180 dias,ME — Tasa Activa — Préstamo Personal - consumo <= 180 dias,monthly,PERCENT,2012-09-01T00:00:00Z,2026-06-30T00:00:00Z,review_indicator_only
ee2ebdc3014dddf52727d764d4e03360,165,2,FALSE,financial_indicators:x3_1:a8c7a5ed6c806c70de32a7cb,financial_indicators,ME — Préstamo Personal - consumo <= 180 dias — TPP,ME — Préstamo Personal - consumo <= 180 dias — TPP,monthly,PERCENT,2012-09-01T00:00:00Z,2026-06-30T00:00:00Z,review_indicator_only
ee6604e0ebd45cd64af13c3fbc75b81d,5,2,FALSE,economic_annex:cuadro_35:5605f2792dec585c66eaadc6,economic_annex,Total — 291729 — 426041 — 326912 — 228542 — 478984,Total — 291729 — 426041 — 326912 — 228542 — 478984,annual,PYG,1990-01-01T00:00:00Z,1994-12-31T00:00:00Z,review_indicator_only
ee6604e0ebd45cd64af13c3fbc75b81d,5,2,FALSE,economic_annex:cuadro_35:db8cf7bdbdcaf553eb4f8fa0,economic_annex,Total — 291729 — 426041 — 326912 — 228542 — 478984,Total — 291729 — 426041 — 326912 — 228542 — 478984,annual,PYG,1990-01-01T00:00:00Z,1994-12-31T00:00:00Z,review_indicator_only
eed5d05bc9b1dcafc114939e8840a8de,30,2,TRUE,direct_investment:cuadro_2:34f58c644322108005551487,direct_investment,BANCOS — PRESTAMOS DE IED,BANCOS — PRESTAMOS DE IED,annual,USD,1995-01-01T00:00:00Z,2024-12-31T00:00:00Z,review_indicator_only
eed5d05bc9b1dcafc114939e8840a8de,30,2,TRUE,direct_investment:cuadro_2:8b1ab3816bd0ed2ee3ddda2a,direct_investment,SEGUROS Y OTRAS ENTIDADES FINANCIERAS 1 — PRESTAMOS DE IED,SEGUROS Y OTRAS ENTIDADES FINANCIERAS 1 — PRESTAMOS DE IED,annual,USD,1995-01-01T00:00:00Z,2024-12-31T00:00:00Z,review_indicator_only
f005b46fb48900e4beb3069380259b46,17,2,FALSE,insurance_annex:x1_30:7fc954c7dbf4dd53fe6aa42f,insurance_annex,Total Gastos Reaseguros Cedidos - exterior (Guaraníes) — Total Gastos de Cesión Reaseguros Sección Desgravamen Hipotecario Cort,Total Gastos Reaseguros Cedidos - exterior (Guaraníes) — Total Gastos Reaseguros Cedidos - exterior (Guaraníes) — Total Gastos de Cesión Reaseguros Sección Desgravamen Hipotecario Cort,annual,PYG,2009-01-01T00:00:00Z,2025-12-31T00:00:00Z,review_indicator_only
f005b46fb48900e4beb3069380259b46,17,2,FALSE,insurance_annex:x1_30:e00cd6443b8c1fae92e0a4bf,insurance_annex,Gastos de cesión reaseguros cedidos - contratos no proporcionales (Guaraníes) — Gastos de Cesión Reaseguros Sección Desgravamen Hipotecario Corto Plazo,Gastos de cesión reaseguros cedidos - contratos no proporcionales (Guaraníes) — Gastos de cesión reaseguros cedidos - contratos no proporcionales (Guaraníes) — Gastos de Cesión Reaseguros Sección Desgravamen Hipotecario Corto Plazo,annual,PYG,2009-01-01T00:00:00Z,2025-12-31T00:00:00Z,review_indicator_only
f034b48e342e59dc7ab8d8f704979460,17,2,FALSE,insurance_annex:x1_17:0442a652b487bc44ee2631d2,insurance_annex,Total Siniestros recuperados Reaseguros cedidos Local (Guaraníes) — Responsabilidad Civil,Total Siniestros recuperados Reaseguros cedidos Local (Guaraníes) — Total Siniestros recuperados Reaseguros cedidos Local (Guaraníes) — Responsabilidad Civil,annual,PYG,2009-01-01T00:00:00Z,2025-12-31T00:00:00Z,review_indicator_only
f034b48e342e59dc7ab8d8f704979460,17,2,FALSE,insurance_annex:x1_17:850a0625b825d4972ad93c45,insurance_annex,Siniestros Recuperados Reaseguros cedidos (contratos proporcionales) (Guaraníes) - Local — Responsabilidad Civil,Siniestros Recuperados Reaseguros cedidos (contratos proporcionales) (Guaraníes) - Local — Siniestros Recuperados Reaseguros cedidos (contratos proporcionales) (Guaraníes) - Local — Responsabilidad Civil,annual,PYG,2009-01-01T00:00:00Z,2025-12-31T00:00:00Z,review_indicator_only
f072a44e52813716e9a2ed96b49e220f,17,2,FALSE,insurance_annex:x1_24:f1139b3f61455e206661dbee,insurance_annex,Participación utilidades reaseguros cedidos - contratos no proporcionales (Guaraníes) - exterior — Total Vida Largo Plazo,Participación utilidades reaseguros cedidos - contratos no proporcionales (Guaraníes) - exterior — Participación utilidades reaseguros cedidos - contratos no proporcionales (Guaraníes) - exterior — Total Vida Largo Plazo,annual,PYG,2009-01-01T00:00:00Z,2025-12-31T00:00:00Z,review_indicator_only
f072a44e52813716e9a2ed96b49e220f,17,2,FALSE,insurance_annex:x1_24:fe0d52f78dc04dc5195c0642,insurance_annex,Participación utilidades reaseguros cedidos - contratos no proporcionales (Guaraníes) - exterior — Part. de Utilidad Reaseguros Cedidos Sección Seguros Colectivos Largo Plazo,Participación utilidades reaseguros cedidos - contratos no proporcionales (Guaraníes) - exterior — Participación utilidades reaseguros cedidos - contratos no proporcionales (Guaraníes) - exterior — Part. de Utilidad Reaseguros Cedidos Sección Seguros Colectivos Largo Plazo,annual,PYG,2009-01-01T00:00:00Z,2025-12-31T00:00:00Z,review_indicator_only
f1d12c65d8bcaa96ba22f5dadd8ec998,379,2,FALSE,economic_annex:cuadro_20:cc232d7379c7e1e5cc54ead9,economic_annex,Sector financiero — Compra — 1,Sector financiero — Compra — 1,monthly,USD,1995-01-01T00:00:00Z,2026-07-31T00:00:00Z,supported_cross_source_overlap
f1d12c65d8bcaa96ba22f5dadd8ec998,379,2,FALSE,fx_operations:financial_sector:purchase:monthly,fx_operations,financial_sector — purchase — monthly,,monthly,USD,1995-01-01T00:00:00Z,2026-07-31T00:00:00Z,supported_cross_source_overlap
f24d26f7ddcc7cf13d0a27675bf57ae9,18,2,FALSE,financial_indicators:x2_1:785335361d1dfdedff127ca4,financial_indicators,MN — Tasa Pasiva — Títulos Valores Emitidos > 365 días,MN — Tasa Pasiva — Títulos Valores Emitidos > 365 días,monthly,PERCENT,2013-01-01T00:00:00Z,2026-02-28T00:00:00Z,review_indicator_only
f24d26f7ddcc7cf13d0a27675bf57ae9,18,2,FALSE,financial_indicators:x3_1:96699fb1db4a283bde3606ed,financial_indicators,MN — Titulos Valores Emitidos > 365 días — TPP,MN — Titulos Valores Emitidos > 365 días — TPP,monthly,PERCENT,2013-01-01T00:00:00Z,2026-02-28T00:00:00Z,review_indicator_only
f2daec97c6334e8576199ca510bcbdf7,36,2,FALSE,economic_annex:cuadro_20:c05e0cb2aa15d951326cfef4,economic_annex,Otras operaciones 1/ — Compra — 7,Otras operaciones 1/ — Compra — 7,annual,USD,1990-01-01T00:00:00Z,2025-12-31T00:00:00Z,supported_cross_source_overlap
f2daec97c6334e8576199ca510bcbdf7,36,2,FALSE,fx_operations:other_operations:purchase:annual,fx_operations,other_operations — purchase — annual,,annual,USD,1990-01-01T00:00:00Z,2025-12-31T00:00:00Z,supported_cross_source_overlap
f2ea35888028d34620c76a9c8d974580,247,2,FALSE,economic_annex:cuadro_52b:3cd417bb73a7fccfad688f08,economic_annex,"Otros combustibles, aceites y grasas — Importacion para consumo interno","Otros combustibles, aceites y grasas — Otros combustibles, aceites y grasas — Importacion para consumo interno",monthly,TONNES,2006-01-01T00:00:00Z,2026-07-31T00:00:00Z,review_indicator_only
f2ea35888028d34620c76a9c8d974580,247,2,FALSE,economic_annex:cuadro_52b:910607433aa8b668d5dbba80,economic_annex,"Otros combustibles, aceites y grasas — Importación Registrada","Otros combustibles, aceites y grasas — Otros combustibles, aceites y grasas — Importación Registrada",monthly,TONNES,2006-01-01T00:00:00Z,2026-07-31T00:00:00Z,review_indicator_only
f302fb3f7c3e19225b7b595c7df58e56,17,2,FALSE,insurance_annex:x1_19:1bcc4d972036dfd4e2e4b280,insurance_annex,Total Participación Recupero reaseguros aceptados - Local (Guaraníes) — Incendio,Total Participación Recupero reaseguros aceptados - Local (Guaraníes) — Total Participación Recupero reaseguros aceptados - Local (Guaraníes) — Incendio,annual,PYG,2009-01-01T00:00:00Z,2025-12-31T00:00:00Z,review_indicator_only
f302fb3f7c3e19225b7b595c7df58e56,17,2,FALSE,insurance_annex:x1_19:376580d368b342aa591cdb4b,insurance_annex,Participación Recupero Reaseguros Aceptados - Proporcionales (Guaraníes) - Local — Incendio,Participación Recupero Reaseguros Aceptados - Proporcionales (Guaraníes) - Local — Participación Recupero Reaseguros Aceptados - Proporcionales (Guaraníes) - Local — Incendio,annual,PYG,2009-01-01T00:00:00Z,2025-12-31T00:00:00Z,review_indicator_only
f4d77dcb71bbdb13aa2ceae1be82cf40,46,2,FALSE,financial_indicators:x2_1:6dfe4ab3c292e5f43b9dc5ec,financial_indicators,ME — Tasa Activa — Préstamos Varios <= 1 año,ME — Tasa Activa — Préstamos Varios <= 1 año,monthly,PERCENT,2011-01-01T00:00:00Z,2014-10-31T00:00:00Z,review_indicator_only
f4d77dcb71bbdb13aa2ceae1be82cf40,46,2,FALSE,financial_indicators:x3_1:6af6f995a19adc09d5c0f752,financial_indicators,ME — Préstamos Varios <= 1 año — TPP,ME — Préstamos Varios <= 1 año — TPP,monthly,PERCENT,2011-01-01T00:00:00Z,2014-10-31T00:00:00Z,review_indicator_only
f5afc63957fd2bb81aff4528b5d49a55,3,2,FALSE,lrm_auctions:subastas_2021:5dac7e8944fc9c4ab5605db6,lrm_auctions,Plazos Estandarizados: 35 — Plazos Residuales: 35 — Mínima,lrm_auction_tenor — Plazos Estandarizados: 35 — Plazos Residuales: 35 — Mínima,irregular_daily,UNRESOLVED_SOURCE_UNITS,2021-03-24T00:00:00Z,2021-12-22T00:00:00Z,review_indicator_only
f5afc63957fd2bb81aff4528b5d49a55,3,2,FALSE,lrm_auctions:subastas_2021:8593b0fd7a59100882b72087,lrm_auctions,Plazos Estandarizados: 35 — Plazos Residuales: 35 — Mínima,lrm_auction_tenor — Plazos Estandarizados: 35 — Plazos Residuales: 35 — Mínima,irregular_daily,UNRESOLVED_SOURCE_UNITS,2021-03-24T00:00:00Z,2021-12-22T00:00:00Z,review_indicator_only
f5cb9430be84bf83829514f4be3da624,133,2,FALSE,economic_annex:cuadro_61:a4179a572dd9040aec144cae,economic_annex,Compra — Total — Forward — No Residentes,Mercado cambiario local — Compra — Total — Forward — No Residentes,monthly,USD,2015-07-01T00:00:00Z,2026-07-31T00:00:00Z,review_indicator_only
f5cb9430be84bf83829514f4be3da624,133,2,FALSE,economic_annex:cuadro_61:e26731963e64ff3b81abdd77,economic_annex,Compra — Bancos comerciales — Forward — No Residentes,Mercado cambiario local — Compra — Bancos comerciales — Forward — No Residentes,monthly,USD,2015-07-01T00:00:00Z,2026-07-31T00:00:00Z,review_indicator_only
f63e6522b4ad3880ca887f3e0e81d847,17,2,FALSE,insurance_annex:x1_14:061dafaa2a3c550eff80dc2c,insurance_annex,Siniestros Reaseguros Aceptados exterior (contratos no proporcionales) — Total Siniestros Reaseguros Aceptados exterior No Proporcionales,Siniestros Reaseguros Aceptados exterior (contratos no proporcionales) — Siniestros Reaseguros Aceptados exterior (contratos no proporcionales) — Total Siniestros Reaseguros Aceptados exterior No Proporcionales,annual,PYG,2009-01-01T00:00:00Z,2025-12-31T00:00:00Z,review_indicator_only
f63e6522b4ad3880ca887f3e0e81d847,17,2,FALSE,insurance_annex:x1_14:58866062980c4bbaf9f752f2,insurance_annex,Siniestros Reaseguros Aceptados exterior (contratos no proporcionales) — Total Rama Patrimonial,Siniestros Reaseguros Aceptados exterior (contratos no proporcionales) — Siniestros Reaseguros Aceptados exterior (contratos no proporcionales) — Total Rama Patrimonial,annual,PYG,2009-01-01T00:00:00Z,2025-12-31T00:00:00Z,review_indicator_only
f6b3b8a71f7bb1b88b31aee905d676e4,17,2,FALSE,insurance_annex:x1_29:4dbd0398beb97c50e9255b09,insurance_annex,Total Gastos Reaseguros Cedidos - local — Total Vida Corto Plazo,Total Gastos Reaseguros Cedidos - local — Total Gastos Reaseguros Cedidos - local — Total Vida Corto Plazo,annual,PYG,2009-01-01T00:00:00Z,2025-12-31T00:00:00Z,review_indicator_only
f6b3b8a71f7bb1b88b31aee905d676e4,17,2,FALSE,insurance_annex:x1_29:f5fdd13999c83822c9d36cde,insurance_annex,Gastos de cesión reaseguros cedidos - contratos no proporcionales — Total Vida Corto Plazo,Gastos de cesión reaseguros cedidos - contratos no proporcionales — Gastos de cesión reaseguros cedidos - contratos no proporcionales — Total Vida Corto Plazo,annual,PYG,2009-01-01T00:00:00Z,2025-12-31T00:00:00Z,review_indicator_only
f6eee7de312e24ec24461139adafa848,2,2,FALSE,lrm_auctions:subastas_2020:4b551f3170b65c380c5f7c82,lrm_auctions,Plazos Estandarizados: 91 — Plazos Residuales: 98 — Mínima,lrm_auction_tenor — Plazos Estandarizados: 91 — Plazos Residuales: 98 — Mínima,irregular_daily,UNRESOLVED_SOURCE_UNITS,2020-04-23T00:00:00Z,2020-12-16T00:00:00Z,review_indicator_only
f6eee7de312e24ec24461139adafa848,2,2,FALSE,lrm_auctions:subastas_2020:a4d118f1fd0175e34946721c,lrm_auctions,Plazos Estandarizados: 91 — Plazos Residuales: 98 — Mínima,lrm_auction_tenor — Plazos Estandarizados: 91 — Plazos Residuales: 98 — Mínima,irregular_daily,UNRESOLVED_SOURCE_UNITS,2020-04-23T00:00:00Z,2020-12-16T00:00:00Z,review_indicator_only
f6fc0c6962063c2323626b3f4517ca83,6,2,FALSE,lrm_auctions:subastas_2020:45819eab5b1964d17abc4b91,lrm_auctions,Plazos Estandarizados: 35 — Plazos Residuales: 28 — Mínima,lrm_auction_tenor — Plazos Estandarizados: 35 — Plazos Residuales: 28 — Mínima,irregular_daily,UNRESOLVED_SOURCE_UNITS,2020-01-29T00:00:00Z,2020-10-28T00:00:00Z,review_indicator_only
f6fc0c6962063c2323626b3f4517ca83,6,2,FALSE,lrm_auctions:subastas_2020:a2c726f33786f143af341123,lrm_auctions,Plazos Estandarizados: 35 — Plazos Residuales: 28 — Mínima,lrm_auction_tenor — Plazos Estandarizados: 35 — Plazos Residuales: 28 — Mínima,irregular_daily,UNRESOLVED_SOURCE_UNITS,2020-01-29T00:00:00Z,2020-10-28T00:00:00Z,review_indicator_only
f70ee04fc6eeaa4f5c64677a8082f0aa,2,2,FALSE,lrm_auctions:subastas_2022:4e5fa0b8f6756d7795ea8262,lrm_auctions,Plazos Estandarizados: 182 — Plazos Residuales: 189 — Mínima,lrm_auction_tenor — Plazos Estandarizados: 182 — Plazos Residuales: 189 — Mínima,irregular_daily,UNRESOLVED_SOURCE_UNITS,2022-03-23T00:00:00Z,2022-12-21T00:00:00Z,review_indicator_only
f70ee04fc6eeaa4f5c64677a8082f0aa,2,2,FALSE,lrm_auctions:subastas_2022:e20621bef08ca53683d8c2dd,lrm_auctions,Plazos Estandarizados: 182 — Plazos Residuales: 189 — Mínima,lrm_auction_tenor — Plazos Estandarizados: 182 — Plazos Residuales: 189 — Mínima,irregular_daily,UNRESOLVED_SOURCE_UNITS,2022-03-23T00:00:00Z,2022-12-21T00:00:00Z,review_indicator_only
f7248b3a4520dae3be75da54db6f3ab3,2,2,TRUE,lrm_auctions:subastas_2025:19aa0c2824e33beffefd746e,lrm_auctions,Plazos Estandarizados: 546 — Plazos Residuales: 553 — Montos Anunciados,lrm_auction_tenor — Plazos Estandarizados: 546 — Plazos Residuales: 553 — Montos Anunciados,irregular_daily,UNRESOLVED_SOURCE_UNITS,2025-04-24T00:00:00Z,2025-07-24T00:00:00Z,review_indicator_only
f7248b3a4520dae3be75da54db6f3ab3,2,2,TRUE,lrm_auctions:subastas_2025:8d1c4336c45453c11a855e39,lrm_auctions,Plazos Estandarizados: 182 — Plazos Residuales: 189 — Montos Anunciados,lrm_auction_tenor — Plazos Estandarizados: 182 — Plazos Residuales: 189 — Montos Anunciados,irregular_daily,UNRESOLVED_SOURCE_UNITS,2025-04-24T00:00:00Z,2025-07-24T00:00:00Z,review_indicator_only
f74b57a6d898892abaea705d50e15995,186,2,FALSE,financial_indicators:x2_1:5e72733788eff91a55d89678,financial_indicators,MN — Tasa Activa — Préstamos de Desarrollo > 1 año,MN — Tasa Activa — Préstamos de Desarrollo > 1 año,monthly,PERCENT,2011-01-01T00:00:00Z,2026-06-30T00:00:00Z,review_indicator_only
f74b57a6d898892abaea705d50e15995,186,2,FALSE,financial_indicators:x3_1:7791a3118134234850e2496c,financial_indicators,MN — Préstamos de Desarrollo > 1 año — TPP,MN — Préstamos de Desarrollo > 1 año — TPP,monthly,PERCENT,2011-01-01T00:00:00Z,2026-06-30T00:00:00Z,review_indicator_only
f8937ee80990aa3a36f79b13b526df3c,166,2,FALSE,financial_indicators:x2_1:39a08e3bb536c07483e65273,financial_indicators,MN — Tasa Activa — Préstamo Personal - Otros Depósitos AFD > 1 año,MN — Tasa Activa — Préstamo Personal - Otros Depósitos AFD > 1 año,monthly,PERCENT,2012-09-01T00:00:00Z,2026-06-30T00:00:00Z,review_indicator_only
f8937ee80990aa3a36f79b13b526df3c,166,2,FALSE,financial_indicators:x3_1:989fe2831b3748b459786fdc,financial_indicators,MN — Prestamo Personal - Otros Depósitos AFD > 1 año — TPP,MN — Prestamo Personal - Otros Depósitos AFD > 1 año — TPP,monthly,PERCENT,2012-09-01T00:00:00Z,2026-06-30T00:00:00Z,review_indicator_only
f8d66885a2cce8fb459f077d100e07fe,17,2,FALSE,insurance_annex:x1_31:39ee2cf557188835fd99e131,insurance_annex,Total Gastos Reaseguros Aceptados - Local (Guaraníes) — Aeronavegación,Total Gastos Reaseguros Aceptados - Local (Guaraníes) — Total Gastos Reaseguros Aceptados - Local (Guaraníes) — Aeronavegación,annual,PYG,2009-01-01T00:00:00Z,2025-12-31T00:00:00Z,review_indicator_only
f8d66885a2cce8fb459f077d100e07fe,17,2,FALSE,insurance_annex:x1_31:9ef634ec5209ef9509a917ad,insurance_annex,Participación utilidades reaseguros aceptados - contratos proporcionales (Guaraníes) — Aeronavegación,Participación utilidades reaseguros aceptados - contratos proporcionales (Guaraníes) — Participación utilidades reaseguros aceptados - contratos proporcionales (Guaraníes) — Aeronavegación,annual,PYG,2009-01-01T00:00:00Z,2025-12-31T00:00:00Z,review_indicator_only
f92a284d19b7262817e595066b7fb9f8,247,2,FALSE,economic_annex:cuadro_52b:d0e7e4b10918fc0927ccffb9,economic_annex,Cervezas — Importacion para consumo interno,Cervezas — Cervezas — Importacion para consumo interno,monthly,TONNES,2006-01-01T00:00:00Z,2026-07-31T00:00:00Z,review_indicator_only
f92a284d19b7262817e595066b7fb9f8,247,2,FALSE,economic_annex:cuadro_52b:f8c574d2f58225b6fb93a9c9,economic_annex,Cervezas — Importación Registrada,Cervezas — Cervezas — Importación Registrada,monthly,TONNES,2006-01-01T00:00:00Z,2026-07-31T00:00:00Z,review_indicator_only
f9a18891781ad8ed56d06a81f5a5c521,247,2,FALSE,economic_annex:cuadro_52b:1b6436f3a0875c716c1721a4,economic_annex,Substancias químicas (c) — Importación Registrada,Substancias químicas (c) — Substancias químicas (c) — Importación Registrada,monthly,TONNES,2006-01-01T00:00:00Z,2026-07-31T00:00:00Z,review_indicator_only
f9a18891781ad8ed56d06a81f5a5c521,247,2,FALSE,economic_annex:cuadro_52b:e2f7f288c831058522c57204,economic_annex,Substancias químicas (c) — Importacion para consumo interno,Substancias químicas (c) — Substancias químicas (c) — Importacion para consumo interno,monthly,TONNES,2006-01-01T00:00:00Z,2026-07-31T00:00:00Z,review_indicator_only
fa1145dd1ecf5a1714489e89803dc0ee,3,2,FALSE,lrm_auctions:subastas_2016:7c22f0dab2c1ad133ca5ff18,lrm_auctions,Plazos Estandarizados: 546 — Plazos Residuales: 553 — Mínima,lrm_auction_tenor — Plazos Estandarizados: 546 — Plazos Residuales: 553 — Mínima,irregular_daily,UNRESOLVED_SOURCE_UNITS,2016-03-16T00:00:00Z,2016-12-21T00:00:00Z,review_indicator_only
fa1145dd1ecf5a1714489e89803dc0ee,3,2,FALSE,lrm_auctions:subastas_2016:8739aec9d9e7afaa55117a42,lrm_auctions,Plazos Estandarizados: 546 — Plazos Residuales: 553 — Mínima,lrm_auction_tenor — Plazos Estandarizados: 546 — Plazos Residuales: 553 — Mínima,irregular_daily,UNRESOLVED_SOURCE_UNITS,2016-03-16T00:00:00Z,2016-12-21T00:00:00Z,review_indicator_only
faf3a01f07f59cd6827f657f90cecdac,153,2,FALSE,payments:sipap_02:3f748599141f4e6bbc6f792b,payments,USD — Cantidad,USD — Cantidad,monthly,COUNT,2013-11-01T00:00:00Z,2026-07-31T00:00:00Z,review_indicator_only
faf3a01f07f59cd6827f657f90cecdac,153,2,FALSE,payments:sipap_04:4deee3b4528373623b66a529,payments,TOTAL USD — 6- Mayor a 5.000.000 — Cantidad,TOTAL USD — 6- Mayor a 5.000.000 — Cantidad,monthly,COUNT,2013-11-01T00:00:00Z,2026-07-31T00:00:00Z,review_indicator_only
fbf56456cf1860f3dae29e6ab50aaee3,3,2,FALSE,lrm_auctions:subastas_2016:4e5fa0b8f6756d7795ea8262,lrm_auctions,Plazos Estandarizados: 182 — Plazos Residuales: 189 — Mínima,lrm_auction_tenor — Plazos Estandarizados: 182 — Plazos Residuales: 189 — Mínima,irregular_daily,UNRESOLVED_SOURCE_UNITS,2016-03-16T00:00:00Z,2016-12-21T00:00:00Z,review_indicator_only
fbf56456cf1860f3dae29e6ab50aaee3,3,2,FALSE,lrm_auctions:subastas_2016:e20621bef08ca53683d8c2dd,lrm_auctions,Plazos Estandarizados: 182 — Plazos Residuales: 189 — Mínima,lrm_auction_tenor — Plazos Estandarizados: 182 — Plazos Residuales: 189 — Mínima,irregular_daily,UNRESOLVED_SOURCE_UNITS,2016-03-16T00:00:00Z,2016-12-21T00:00:00Z,review_indicator_only
fc50cbc55ad36d2f584d8eee685aa689,17,2,FALSE,economic_annex:cuadro_42:240e0357352ff61e1af151b5,economic_annex,Capital (G),Capital (G),annual,USD,2008-01-01T00:00:00Z,2024-12-31T00:00:00Z,review_indicator_only
fc50cbc55ad36d2f584d8eee685aa689,17,2,FALSE,economic_annex:cuadro_42:d20e6d5db1175eec935b393e,economic_annex,Capital (G),Capital (G),annual,USD,2008-01-01T00:00:00Z,2024-12-31T00:00:00Z,review_indicator_only
fc675d2d4c30160526009b6e84bd7ca8,166,2,FALSE,financial_indicators:x2_1:729c6176913db27ad884e870,financial_indicators,MN — Tasa Activa — Préstamo Personal - consumo <= 180 dias,MN — Tasa Activa — Préstamo Personal - consumo <= 180 dias,monthly,PERCENT,2012-09-01T00:00:00Z,2026-06-30T00:00:00Z,review_indicator_only
fc675d2d4c30160526009b6e84bd7ca8,166,2,FALSE,financial_indicators:x3_1:216d7990c753e352ecfb7fc2,financial_indicators,MN — Préstamo Personal - consumo <= 180 dias — TPP,MN — Préstamo Personal - consumo <= 180 dias — TPP,monthly,PERCENT,2012-09-01T00:00:00Z,2026-06-30T00:00:00Z,review_indicator_only
fc9cee80bef355c62f2b8ea006a822f9,6,2,FALSE,lrm_auctions:subastas_2015:07e39dcdda634d9a1a4e52ad,lrm_auctions,Plazos Estandarizados: 63 — Plazos Residuales: 63 — Mínima,lrm_auction_tenor — Plazos Estandarizados: 63 — Plazos Residuales: 63 — Mínima,irregular_daily,UNRESOLVED_SOURCE_UNITS,2015-03-25T00:00:00Z,2015-11-25T00:00:00Z,review_indicator_only
fc9cee80bef355c62f2b8ea006a822f9,6,2,FALSE,lrm_auctions:subastas_2015:a521249d959ea7180d2956bb,lrm_auctions,Plazos Estandarizados: 63 — Plazos Residuales: 63 — Mínima,lrm_auction_tenor — Plazos Estandarizados: 63 — Plazos Residuales: 63 — Mínima,irregular_daily,UNRESOLVED_SOURCE_UNITS,2015-03-25T00:00:00Z,2015-11-25T00:00:00Z,review_indicator_only
fcacf6ec0f54a76ede572fabca569882,186,2,FALSE,financial_indicators:x1_1:963e781ae7fb08527eac9266,financial_indicators,ME — Tasa Activa (promedio ponderada) — Otros Depósitos,ME — Tasa Activa (promedio ponderada) — Otros Depósitos,monthly,PERCENT,2011-01-01T00:00:00Z,2026-06-30T00:00:00Z,review_indicator_only
fcacf6ec0f54a76ede572fabca569882,186,2,FALSE,financial_indicators:x1_1:db46a57bf69f71585b4c6110,financial_indicators,ME — Tasa Activa — Total,ME — Tasa Activa — Total,monthly,PERCENT,2011-01-01T00:00:00Z,2026-06-30T00:00:00Z,review_indicator_only
fcc42a8596ea1a1305e941de72e908ef,2,2,FALSE,lrm_auctions:subastas_2016:a36159cea0b1ae1305daa5f3,lrm_auctions,Plazos Estandarizados: 91 — Plazos Residuales: 98 — Máxima,lrm_auction_tenor — Plazos Estandarizados: 91 — Plazos Residuales: 98 — Máxima,irregular_daily,UNRESOLVED_SOURCE_UNITS,2016-03-16T00:00:00Z,2016-12-21T00:00:00Z,review_indicator_only
fcc42a8596ea1a1305e941de72e908ef,2,2,FALSE,lrm_auctions:subastas_2016:d848ec47042f58bad3407aff,lrm_auctions,Plazos Estandarizados: 91 — Plazos Residuales: 98 — Máxima,lrm_auction_tenor — Plazos Estandarizados: 91 — Plazos Residuales: 98 — Máxima,irregular_daily,UNRESOLVED_SOURCE_UNITS,2016-03-16T00:00:00Z,2016-12-21T00:00:00Z,review_indicator_only
fdcf467ea0ba709abf46904d617315a5,4,2,FALSE,lrm_auctions:subastas_2015:010d5d8f25a1089f65a054b4,lrm_auctions,Plazos Estandarizados: 35 — Plazos Residuales: 28 — Ofertado #,lrm_auction_tenor — Plazos Estandarizados: 35 — Plazos Residuales: 28 — Ofertado #,irregular_daily,UNRESOLVED_SOURCE_UNITS,2015-01-28T00:00:00Z,2015-05-27T00:00:00Z,review_indicator_only
fdcf467ea0ba709abf46904d617315a5,4,2,FALSE,lrm_auctions:subastas_2015:fc2d241f5907da61bc006a54,lrm_auctions,Plazos Estandarizados: 35 — Plazos Residuales: 28 — Asignado #,lrm_auction_tenor — Plazos Estandarizados: 35 — Plazos Residuales: 28 — Asignado #,irregular_daily,UNRESOLVED_SOURCE_UNITS,2015-01-28T00:00:00Z,2015-05-27T00:00:00Z,review_indicator_only
fe0a5eee4d0ac98c07f589576deac549,51,2,FALSE,payments:sipap_04:ee9c93af43cf0bb121774c5f,payments,TOTAL PYG SPI — 10- Más de 9 a 10 Millones — Cantidad,TOTAL PYG SPI — 10- Más de 9 a 10 Millones — Cantidad,monthly,COUNT,2022-05-01T00:00:00Z,2026-07-31T00:00:00Z,review_indicator_only
fe0a5eee4d0ac98c07f589576deac549,51,2,FALSE,payments:sipap_07:11a39016d85a1f9449655ff1,payments,column_3,column_3,monthly,PYG,2022-05-01T00:00:00Z,2026-07-31T00:00:00Z,review_indicator_only
ff3a709340e436bede0013c74c99603e,36,2,FALSE,economic_annex:cuadro_20:866125f481d86e840f444b29,economic_annex,Operaciones netas totales — Total neto — 10=3+6+9,Operaciones netas totales — Total neto — 10=3+6+9,annual,USD,1990-01-01T00:00:00Z,2025-12-31T00:00:00Z,supported_cross_source_overlap
ff3a709340e436bede0013c74c99603e,36,2,FALSE,fx_operations:total:net:annual,fx_operations,total — net — annual,,annual,USD,1990-01-01T00:00:00Z,2025-12-31T00:00:00Z,supported_cross_source_overlap
ffd3daf872534c0d1c44f95d45b1c4b0,6,2,FALSE,lrm_auctions:subastas_2014:45819eab5b1964d17abc4b91,lrm_auctions,Plazos Estandarizados: 35 — Plazos Residuales: 28 — Mínima,lrm_auction_tenor — Plazos Estandarizados: 35 — Plazos Residuales: 28 — Mínima,irregular_daily,UNRESOLVED_SOURCE_UNITS,2014-02-13T00:00:00Z,2014-10-30T00:00:00Z,review_indicator_only
ffd3daf872534c0d1c44f95d45b1c4b0,6,2,FALSE,lrm_auctions:subastas_2014:a2c726f33786f143af341123,lrm_auctions,Plazos Estandarizados: 35 — Plazos Residuales: 28 — Mínima,lrm_auction_tenor — Plazos Estandarizados: 35 — Plazos Residuales: 28 — Mínima,irregular_daily,UNRESOLVED_SOURCE_UNITS,2014-02-13T00:00:00Z,2014-10-30T00:00:00Z,review_indicator_only
