path,url,fuente,retrieved_utc,bytes,sha256,sha256_gz
raw/aduana/1997/ENERO/1997_ENERO_Nivel_Item.csv.gz,https://datosabiertos.aduana.gov.py/all_data/1997/ENERO/1997_ENERO_Nivel_Item.csv,"DNA Paraguay, portal de datos abiertos (SOFIA)",2026-09-23T18:42:25.024114+00:00,1935,317fd856e5d8e8051bddb4300eea5de7e346ee185491073153328db3f35300cf,626cf632cccd2b702c30251dcfe91da8c016a8fd3fa194d2461566672f4520ba
raw/aduana/1997/FEBRERO/1997_FEBRERO_Nivel_Item.csv.gz,https://datosabiertos.aduana.gov.py/all_data/1997/FEBRERO/1997_FEBRERO_Nivel_Item.csv,"DNA Paraguay, portal de datos abiertos (SOFIA)",2026-09-23T18:42:26.092462+00:00,3176,3fca7d6191e152d4aa22aca6626e79e299fa9d9237c384809c09d195df82728a,b4a4108a0fb82bed1cf977dcdc6d8a132f5c856058fa48c6fc86b24f8bd1fb0c
raw/aduana/1997/MARZO/1997_MARZO_Nivel_Item.csv.gz,https://datosabiertos.aduana.gov.py/all_data/1997/MARZO/1997_MARZO_Nivel_Item.csv,"DNA Paraguay, portal de datos abiertos (SOFIA)",2026-09-23T18:42:27.304912+00:00,1181079,e02c91fd7f6c976f9f2caf5f104aff5b1a26a8fcff6c405a6677a28a63300948,332f54a8196769fa562e2341a81c14aad6cbf63e57e48c32f9fba7877c36ab12
raw/aduana/1997/ABRIL/1997_ABRIL_Nivel_Item.csv.gz,https://datosabiertos.aduana.gov.py/all_data/1997/ABRIL/1997_ABRIL_Nivel_Item.csv,"DNA Paraguay, portal de datos abiertos (SOFIA)",2026-09-23T18:42:28.725970+00:00,2670489,5d9ed5ea1a74f98bf020c93fde2053504b9e01e7de29f17c4ecf54bb02dd6e12,aff5009f1cfaa7ca60a35479931d8175998512e168c75374a3bf57bfa84b560d
raw/aduana/1997/MAYO/1997_MAYO_Nivel_Item.csv.gz,https://datosabiertos.aduana.gov.py/all_data/1997/MAYO/1997_MAYO_Nivel_Item.csv,"DNA Paraguay, portal de datos abiertos (SOFIA)",2026-09-23T18:42:30.165445+00:00,2839423,6d51ac6ad2c92b9171738631ec0bcf01c1f5260778975e058f46edff49959c08,c6f57a831589ba5456aa6240d38b2d0c175e1b336cd4df70565786c1482357b6
raw/aduana/1997/JUNIO/1997_JUNIO_Nivel_Item.csv.gz,https://datosabiertos.aduana.gov.py/all_data/1997/JUNIO/1997_JUNIO_Nivel_Item.csv,"DNA Paraguay, portal de datos abiertos (SOFIA)",2026-09-23T18:42:31.625927+00:00,3155499,1cbbd83d135a92e5ec779f26477ad99ccc179fc00372f5233c480df3d16a7fcb,8d60c0e7fdc88c77074526a835a519a467b10b619d9edcd5dc5bf7281e816322
raw/aduana/1997/JULIO/1997_JULIO_Nivel_Item.csv.gz,https://datosabiertos.aduana.gov.py/all_data/1997/JULIO/1997_JULIO_Nivel_Item.csv,"DNA Paraguay, portal de datos abiertos (SOFIA)",2026-09-23T18:42:33.350692+00:00,4764420,393c64d49cc487c42e1148cde99c208b07e9aff29bb5a9bf36347f0bea5d4f35,0597d9d89e603b273f816569dbbbaa1f2da72906b319b3f33a9b165a9d597850
raw/aduana/1997/AGOSTO/1997_AGOSTO_Nivel_Item.csv.gz,https://datosabiertos.aduana.gov.py/all_data/1997/AGOSTO/1997_AGOSTO_Nivel_Item.csv,"DNA Paraguay, portal de datos abiertos (SOFIA)",2026-09-23T18:42:35.050480+00:00,4746249,1cbc8d3f6af4b2301c04cebcfeec85fa81295738b2ea53cb2c8993b2d921095d,f5af5c0834bfc7d2175ac97ae6649ffad703a84578832da1720a7cae09778fa9
raw/aduana/1997/SEPTIEMBRE/1997_SEPTIEMBRE_Nivel_Item.csv.gz,https://datosabiertos.aduana.gov.py/all_data/1997/SEPTIEMBRE/1997_SEPTIEMBRE_Nivel_Item.csv,"DNA Paraguay, portal de datos abiertos (SOFIA)",2026-09-23T18:42:45.709006+00:00,7020638,2c81c3ce29295b3283d767e39464e04a1ac1ef89c4126288bd2329ee04cb5665,c05792311c7349505f8a50664694627e0091f5794891c8b73bc74e9790541a00
raw/aduana/1997/OCTUBRE/1997_OCTUBRE_Nivel_Item.csv.gz,https://datosabiertos.aduana.gov.py/all_data/1997/OCTUBRE/1997_OCTUBRE_Nivel_Item.csv,"DNA Paraguay, portal de datos abiertos (SOFIA)",2026-09-23T18:42:48.263191+00:00,10728899,b8ed03c33fabfab3b404991c30b5875472a1eed2d3f7f90626e529632b4ae8dd,aed34b5169ec6ea8aae7fe4ec32f06b1ef151871a380e18c8bcbf9cca0a91dc7
raw/aduana/1997/NOVIEMBRE/1997_NOVIEMBRE_Nivel_Item.csv.gz,https://datosabiertos.aduana.gov.py/all_data/1997/NOVIEMBRE/1997_NOVIEMBRE_Nivel_Item.csv,"DNA Paraguay, portal de datos abiertos (SOFIA)",2026-09-23T18:42:50.668869+00:00,10133455,24d1a49fc8a0f97cc28f95f6b215019a92bb8cef371670c5b5e028c2de1eb92e,e8d9e836538a1a216be8d4568c46ebb98523aea53e56d31c07010ae39d71c1ad
raw/aduana/1997/DICIEMBRE/1997_DICIEMBRE_Nivel_Item.csv.gz,https://datosabiertos.aduana.gov.py/all_data/1997/DICIEMBRE/1997_DICIEMBRE_Nivel_Item.csv,"DNA Paraguay, portal de datos abiertos (SOFIA)",2026-09-23T18:42:53.125688+00:00,10246649,d014b9f8f6e24fd9de6436f89adb6225b2dd8af186a00037874929252a5c22e9,6b41fadaec9c8688e4dd9af82d2ab63b616697a68ffdeb5e03d6adb3acdb9ae2
raw/aduana/1998/ENERO/1998_ENERO_Nivel_Item.csv.gz,https://datosabiertos.aduana.gov.py/all_data/1998/ENERO/1998_ENERO_Nivel_Item.csv,"DNA Paraguay, portal de datos abiertos (SOFIA)",2026-09-23T18:42:55.635159+00:00,10967733,7e993ac9076e154e9e94fb6b525d32242a9d62e28e6f167919565682206a73e9,1fa9744ddc2cc5bc34f79e8c2daecc53934a0ab472a9c51cd05c05cc4ab97453
raw/aduana/1998/FEBRERO/1998_FEBRERO_Nivel_Item.csv.gz,https://datosabiertos.aduana.gov.py/all_data/1998/FEBRERO/1998_FEBRERO_Nivel_Item.csv,"DNA Paraguay, portal de datos abiertos (SOFIA)",2026-09-23T18:42:58.157047+00:00,9837061,37fd871ea7819182def7b0b9893e08a911c69e0d3220fa2cbf376e36bb3764d3,5b87cff73ce8d478fef78ca45e2c7b1605446c3b6179f95f4da9398e880673f5
raw/aduana/1998/MARZO/1998_MARZO_Nivel_Item.csv.gz,https://datosabiertos.aduana.gov.py/all_data/1998/MARZO/1998_MARZO_Nivel_Item.csv,"DNA Paraguay, portal de datos abiertos (SOFIA)",2026-09-23T18:43:00.644569+00:00,9947005,7521a4b818fb290009555184dc08b203e5a7eeffc06958295adc90614e78f927,6394b18896f212902482cef03eb2e1823a9af90aab6476fed0a629d2ebac9791
raw/aduana/1998/ABRIL/1998_ABRIL_Nivel_Item.csv.gz,https://datosabiertos.aduana.gov.py/all_data/1998/ABRIL/1998_ABRIL_Nivel_Item.csv,"DNA Paraguay, portal de datos abiertos (SOFIA)",2026-09-23T18:43:03.139814+00:00,9626316,d5b7f139075d2603a2d0e276cb92f38beb28d5ddfc62f321ae506600ed46304e,8dad70cab0138b3353db8bb030a0518e005859e31da55d40615e9fc36ce8b8c7
raw/aduana/1998/MAYO/1998_MAYO_Nivel_Item.csv.gz,https://datosabiertos.aduana.gov.py/all_data/1998/MAYO/1998_MAYO_Nivel_Item.csv,"DNA Paraguay, portal de datos abiertos (SOFIA)",2026-09-23T18:43:05.487457+00:00,9213004,74c99e0e1a9ad46bcce42235afa63cb71e2dfe886f227659b65ebff6a6c0e3d2,a113f240f0190714f922c8a6a9c1528808906ca4fddd238b80dd6d4d5af70dd0
raw/aduana/1998/JUNIO/1998_JUNIO_Nivel_Item.csv.gz,https://datosabiertos.aduana.gov.py/all_data/1998/JUNIO/1998_JUNIO_Nivel_Item.csv,"DNA Paraguay, portal de datos abiertos (SOFIA)",2026-09-23T18:43:07.784631+00:00,9047454,be4d841e5f401688e7959d7deb9d19ee6cc9de9835d18108dec9854fc7e6ed79,d28083cbcc9ca70773a79557d72a516b79c37b1a5c882fc454ada6fb4ee8b697
raw/aduana/1998/JULIO/1998_JULIO_Nivel_Item.csv.gz,https://datosabiertos.aduana.gov.py/all_data/1998/JULIO/1998_JULIO_Nivel_Item.csv,"DNA Paraguay, portal de datos abiertos (SOFIA)",2026-09-23T18:43:10.245124+00:00,10170691,cbc7f49ac2579a646b0df2b78cdeb3ed42dbcede038a7527ac5831dba53acd8a,d714764547b8959a5c778626c9338d7e3616cbd8ee2e9ecc620d6ab1ab0bde6e
raw/aduana/1998/AGOSTO/1998_AGOSTO_Nivel_Item.csv.gz,https://datosabiertos.aduana.gov.py/all_data/1998/AGOSTO/1998_AGOSTO_Nivel_Item.csv,"DNA Paraguay, portal de datos abiertos (SOFIA)",2026-09-23T18:43:12.748500+00:00,10700146,42299fe05ed0e033a2fe84c60cdf349db670a38e1dd1e5b39929c6203595fcdc,b0af90d5d63b2f9f22399165385767f0c9f6deec785cda2039c52e07566d2c71
raw/aduana/1998/SEPTIEMBRE/1998_SEPTIEMBRE_Nivel_Item.csv.gz,https://datosabiertos.aduana.gov.py/all_data/1998/SEPTIEMBRE/1998_SEPTIEMBRE_Nivel_Item.csv,"DNA Paraguay, portal de datos abiertos (SOFIA)",2026-09-23T18:43:15.324497+00:00,11062549,c3a06cddfb46b3fcef2fef0995995377609147823a186b1210518395a776a740,c3979c39d1c410829b4f89838e33665a4ffa0d1f910043bb84c52b94d92d187b
raw/aduana/1998/OCTUBRE/1998_OCTUBRE_Nivel_Item.csv.gz,https://datosabiertos.aduana.gov.py/all_data/1998/OCTUBRE/1998_OCTUBRE_Nivel_Item.csv,"DNA Paraguay, portal de datos abiertos (SOFIA)",2026-09-23T18:43:18.154314+00:00,13099309,8a6635ece60048889cdd9c5c91699c82e8eb2328a279603c8b00a770c0bdf8d2,ea37bffcc414b51625ce1068c2c028308dee68e572a258273ca674a2f0786e16
raw/aduana/1998/NOVIEMBRE/1998_NOVIEMBRE_Nivel_Item.csv.gz,https://datosabiertos.aduana.gov.py/all_data/1998/NOVIEMBRE/1998_NOVIEMBRE_Nivel_Item.csv,"DNA Paraguay, portal de datos abiertos (SOFIA)",2026-09-23T18:43:20.797560+00:00,11305537,863640582f0a0cce4b964b7e45d093defa49fe10f09c7dd97b60c6c2a9c39291,297babd97e65804efc171918562194635be44551c9769c475b611858bb52ab71
raw/aduana/1998/DICIEMBRE/1998_DICIEMBRE_Nivel_Item.csv.gz,https://datosabiertos.aduana.gov.py/all_data/1998/DICIEMBRE/1998_DICIEMBRE_Nivel_Item.csv,"DNA Paraguay, portal de datos abiertos (SOFIA)",2026-09-23T18:43:23.462234+00:00,11834718,790b3193b98251fb35cd0406f3b38060fa93bef3bcd10fe704c9c2fab993d6fd,9d7f4f93f0c1b101ee5b46c3a03c57dc72392576a12c4b90f901310631b82ee5
raw/aduana/1999/ENERO/1999_ENERO_Nivel_Item.csv.gz,https://datosabiertos.aduana.gov.py/all_data/1999/ENERO/1999_ENERO_Nivel_Item.csv,"DNA Paraguay, portal de datos abiertos (SOFIA)",2026-09-23T18:43:25.986704+00:00,10689414,fe95fa2e7366670dec32eeade9a62c1fb4510ea1b6c7ad401e0ed633885f55f1,ccf00a61ce96e4b1066b94ab89c666f9986566ec74e3c70844fd586dc133d93b
raw/aduana/1999/FEBRERO/1999_FEBRERO_Nivel_Item.csv.gz,https://datosabiertos.aduana.gov.py/all_data/1999/FEBRERO/1999_FEBRERO_Nivel_Item.csv,"DNA Paraguay, portal de datos abiertos (SOFIA)",2026-09-23T18:43:28.430681+00:00,9969813,df7cd81e2dd5b32ebf1b2decad0830686ab2c8850e1de91fea8a87a479a39343,05e61d269ad3eef89d9a7f28b514c36a37dbf397a24d647196ee562a8814d3d1
raw/aduana/1999/MARZO/1999_MARZO_Nivel_Item.csv.gz,https://datosabiertos.aduana.gov.py/all_data/1999/MARZO/1999_MARZO_Nivel_Item.csv,"DNA Paraguay, portal de datos abiertos (SOFIA)",2026-09-23T18:43:31.321934+00:00,12594025,4aa1d30f207a602d5bf12b9d5d94558e0cdd506964e9af2251cf7671c2c71ac0,e0ac1a852ca10a77090938de9eef95d487114e0c204066336fa055ee32e4fcb3
raw/aduana/1999/ABRIL/1999_ABRIL_Nivel_Item.csv.gz,https://datosabiertos.aduana.gov.py/all_data/1999/ABRIL/1999_ABRIL_Nivel_Item.csv,"DNA Paraguay, portal de datos abiertos (SOFIA)",2026-09-23T18:43:33.781440+00:00,10307086,4996d88974ac3e4c0a6f795d4bb077f08da343d4fb681eaabac7b9b066e0a8d2,3a087ff513caf79eff2e61351670668b8c582a2f83cdc60e805ad347c5e7ce6d
raw/aduana/1999/MAYO/1999_MAYO_Nivel_Item.csv.gz,https://datosabiertos.aduana.gov.py/all_data/1999/MAYO/1999_MAYO_Nivel_Item.csv,"DNA Paraguay, portal de datos abiertos (SOFIA)",2026-09-23T18:43:36.470418+00:00,12049928,3efa48600bedd38da94e6a6f6377f9191ed3edab998772b65fdc45a9ba03ec8c,db448578cd9779cc59f45c8f1356e1841c63226b5ebb08f63e86cce0ed7c0696
raw/aduana/1999/JUNIO/1999_JUNIO_Nivel_Item.csv.gz,https://datosabiertos.aduana.gov.py/all_data/1999/JUNIO/1999_JUNIO_Nivel_Item.csv,"DNA Paraguay, portal de datos abiertos (SOFIA)",2026-09-23T18:43:39.023337+00:00,10848752,4a83b1e636c2e7d5089eb891724ad612d9e0e16b91f63ad78525f455bce8f8a9,2fecb868415b7f061f802e140cf98784f5edc63f37ca3ba98b7c88d718cbe794
raw/aduana/1999/JULIO/1999_JULIO_Nivel_Item.csv.gz,https://datosabiertos.aduana.gov.py/all_data/1999/JULIO/1999_JULIO_Nivel_Item.csv,"DNA Paraguay, portal de datos abiertos (SOFIA)",2026-09-23T18:43:41.940770+00:00,13467111,293913102dfef19ecb2740136a07ff14cee22c946c23e4a02186ea439e29711e,313e6ee5d83367abb23fbf0a514876b8addd5a5ad6b5793fd4ada9de82499880
raw/aduana/1999/AGOSTO/1999_AGOSTO_Nivel_Item.csv.gz,https://datosabiertos.aduana.gov.py/all_data/1999/AGOSTO/1999_AGOSTO_Nivel_Item.csv,"DNA Paraguay, portal de datos abiertos (SOFIA)",2026-09-23T18:43:44.480755+00:00,10960995,5bf8dbe98ccfa438bd51163fdb37e988a574494ea235d8606551043bba80c08c,60f079aee35a3d7aaaeae1b6c51ac18b263f2e235645b2cf2539e74d87588290
raw/aduana/1999/SEPTIEMBRE/1999_SEPTIEMBRE_Nivel_Item.csv.gz,https://datosabiertos.aduana.gov.py/all_data/1999/SEPTIEMBRE/1999_SEPTIEMBRE_Nivel_Item.csv,"DNA Paraguay, portal de datos abiertos (SOFIA)",2026-09-23T18:43:47.441578+00:00,14318172,58a225758e5d624b34231a90511146549a0eb5d2fb2d93f562edb31a2bc826b3,7b174bd0a2564c13af2a5af27e7a27711dff30aead3aa8ca7e0eab0fa6a6c4eb
raw/aduana/1999/OCTUBRE/1999_OCTUBRE_Nivel_Item.csv.gz,https://datosabiertos.aduana.gov.py/all_data/1999/OCTUBRE/1999_OCTUBRE_Nivel_Item.csv,"DNA Paraguay, portal de datos abiertos (SOFIA)",2026-09-23T18:43:50.627453+00:00,15391289,821e09bd8cab637a50bde250acca076ed6797c2833874b6e3029164c98e16ff8,f40bb3039b887cdd42f477a7346a51c4a99230b6c4e74d444832955f37942597
raw/aduana/1999/NOVIEMBRE/1999_NOVIEMBRE_Nivel_Item.csv.gz,https://datosabiertos.aduana.gov.py/all_data/1999/NOVIEMBRE/1999_NOVIEMBRE_Nivel_Item.csv,"DNA Paraguay, portal de datos abiertos (SOFIA)",2026-09-23T18:43:53.989028+00:00,17304481,1458cab958df2c111d85820f5ce915a550f65a7873f687981ba885f7fb3ac0e1,dd2366f2ae6963557fc92d530c34584b468a8f633beb8e8a05ff245979587034
raw/aduana/1999/DICIEMBRE/1999_DICIEMBRE_Nivel_Item.csv.gz,https://datosabiertos.aduana.gov.py/all_data/1999/DICIEMBRE/1999_DICIEMBRE_Nivel_Item.csv,"DNA Paraguay, portal de datos abiertos (SOFIA)",2026-09-23T18:43:57.671316+00:00,18289147,bc8e4c03ed5ef2405ad0c624685e367348e082a4509bfcc5befaa5f59e28e2ed,4bc5b3ef3637f7e0381142af312dc7aa3cb2badd7c4f25cfd65565cb98c62d4e
raw/aduana/2000/ENERO/2000_ENERO_Nivel_Item.csv.gz,https://datosabiertos.aduana.gov.py/all_data/2000/ENERO/2000_ENERO_Nivel_Item.csv,"DNA Paraguay, portal de datos abiertos (SOFIA)",2026-09-23T18:44:00.943508+00:00,16339189,d08e71ccd473b014b0dc3e84a23c8d96d9883d2432161bb2eda3dff35b98cee8,0a4dc8b7ae7c03ed2d3573767c37fac85ba839905496ef0f7d4d30c18ca7c206
raw/aduana/2000/FEBRERO/2000_FEBRERO_Nivel_Item.csv.gz,https://datosabiertos.aduana.gov.py/all_data/2000/FEBRERO/2000_FEBRERO_Nivel_Item.csv,"DNA Paraguay, portal de datos abiertos (SOFIA)",2026-09-23T18:44:04.773473+00:00,20186681,ebd415925ce97942dc7aa6509cf81ad40eb79e7c0d41bea1f81cc8310f0a3060,06d4debf7584f9f77cc4a6f48256d5b085eb6a276186d5385b75570376670df8
raw/aduana/2000/MARZO/2000_MARZO_Nivel_Item.csv.gz,https://datosabiertos.aduana.gov.py/all_data/2000/MARZO/2000_MARZO_Nivel_Item.csv,"DNA Paraguay, portal de datos abiertos (SOFIA)",2026-09-23T18:44:09.204060+00:00,24984265,805abf11d45c518e593c886f5c9713a6303cd04c36bc131db943a67ea95fde11,7e0b4ac0dbaa1d73f46960577a09d1980ee96d8137f487b09a8d1215b33ad26f
raw/aduana/2000/ABRIL/2000_ABRIL_Nivel_Item.csv.gz,https://datosabiertos.aduana.gov.py/all_data/2000/ABRIL/2000_ABRIL_Nivel_Item.csv,"DNA Paraguay, portal de datos abiertos (SOFIA)",2026-09-23T18:44:12.682840+00:00,18178621,6670e3bf7320d10181e01e46c2fa6296557d3a79999bbff56ac8c2a4680fa277,6c605311f8868b16f1c0745505df375a1347009eb1c7bdcbcace6e7a7fd49a70
raw/aduana/2000/MAYO/2000_MAYO_Nivel_Item.csv.gz,https://datosabiertos.aduana.gov.py/all_data/2000/MAYO/2000_MAYO_Nivel_Item.csv,"DNA Paraguay, portal de datos abiertos (SOFIA)",2026-09-23T18:44:17.514237+00:00,27334115,276479178a40d6db1a7dc3b88eabecf21d6fb1cc324816738a096dfa9e9120c6,7b85dd818631188d949b38da679262d4e481854f366daef38ff63aa2d3d151c8
raw/aduana/2000/JUNIO/2000_JUNIO_Nivel_Item.csv.gz,https://datosabiertos.aduana.gov.py/all_data/2000/JUNIO/2000_JUNIO_Nivel_Item.csv,"DNA Paraguay, portal de datos abiertos (SOFIA)",2026-09-23T18:44:22.384940+00:00,28249395,9eca9d140b23776b3de6648556209f0cf163a4b272ec90e34338879b02723fb5,ef568e5016fe96deb82ca8f266a2a00b8643a40948fe8f8640f1883a4da81939
raw/aduana/2000/JULIO/2000_JULIO_Nivel_Item.csv.gz,https://datosabiertos.aduana.gov.py/all_data/2000/JULIO/2000_JULIO_Nivel_Item.csv,"DNA Paraguay, portal de datos abiertos (SOFIA)",2026-09-23T18:44:26.633227+00:00,23346010,75e0956b40509279c599bedb9c33e41e19a61dd10cb363e3ae094fdd7f75f72f,087875032f8c2802c9c073e86cbbf8a60e256fc7ea64dec0c4fdb9f4adf5958e
raw/aduana/2000/AGOSTO/2000_AGOSTO_Nivel_Item.csv.gz,https://datosabiertos.aduana.gov.py/all_data/2000/AGOSTO/2000_AGOSTO_Nivel_Item.csv,"DNA Paraguay, portal de datos abiertos (SOFIA)",2026-09-23T18:44:31.993939+00:00,30960263,9dd8a81bc3aaad43255c95ff58f173cbf642d3204782d01eb1c08fb24f2f7d85,6d38aadc16675c3ddf52927ac499ca20ba640ea8f925961a7193653a5001e699
raw/aduana/2000/SEPTIEMBRE/2000_SEPTIEMBRE_Nivel_Item.csv.gz,https://datosabiertos.aduana.gov.py/all_data/2000/SEPTIEMBRE/2000_SEPTIEMBRE_Nivel_Item.csv,"DNA Paraguay, portal de datos abiertos (SOFIA)",2026-09-23T18:44:37.254631+00:00,28088414,8d9bcc8641e2fbf47506486ea2676c44f7db26efa38acc65f607ba869d7af7e2,5b616dd2ac01b69cdbc17ddc52b83eaca8411c7e85d949ed35d21ef62f7d3c73
raw/aduana/2000/OCTUBRE/2000_OCTUBRE_Nivel_Item.csv.gz,https://datosabiertos.aduana.gov.py/all_data/2000/OCTUBRE/2000_OCTUBRE_Nivel_Item.csv,"DNA Paraguay, portal de datos abiertos (SOFIA)",2026-09-23T18:44:41.471910+00:00,22928500,bf0e3f43351472636983001a59995c2368aa136e79539b0d778cd667364e574b,2ffe383bcd662c22b4aba03f9422ccd7e0b4ceefe8f50afc7eb2e7b38b7845df
raw/aduana/2000/NOVIEMBRE/2000_NOVIEMBRE_Nivel_Item.csv.gz,https://datosabiertos.aduana.gov.py/all_data/2000/NOVIEMBRE/2000_NOVIEMBRE_Nivel_Item.csv,"DNA Paraguay, portal de datos abiertos (SOFIA)",2026-09-23T18:44:47.221188+00:00,33259987,1e977719a29f7323d5c6c291ea24d1229826ef00788bfaab0c347c0bc74cf07d,1c308699de465cc7ffceabf385866b4e35ad8318e442bfd37900662b71b65a02
raw/aduana/2000/DICIEMBRE/2000_DICIEMBRE_Nivel_Item.csv.gz,https://datosabiertos.aduana.gov.py/all_data/2000/DICIEMBRE/2000_DICIEMBRE_Nivel_Item.csv,"DNA Paraguay, portal de datos abiertos (SOFIA)",2026-09-23T18:44:51.924698+00:00,26487056,f38a418d705f764ad8bed403a7312d2b3273d57e20ad149475b86b33b234e57f,9fa09c31c16463c2aeda9f42f634912e14b0bcdfc78374a4c733c753b1805339
raw/aduana/2001/ENERO/2001_ENERO_Nivel_Item.csv.gz,https://datosabiertos.aduana.gov.py/all_data/2001/ENERO/2001_ENERO_Nivel_Item.csv,"DNA Paraguay, portal de datos abiertos (SOFIA)",2026-09-23T18:44:56.482974+00:00,25319106,6dff0745cfbb79d2c8c4b47518eb23b6158c739f5635b1b648709c2f9f6c0e90,ea0aa5477543b90c464970b5d96ef1ffc54776ceb34d85e0f71ffbf6593c46e4
raw/aduana/2001/FEBRERO/2001_FEBRERO_Nivel_Item.csv.gz,https://datosabiertos.aduana.gov.py/all_data/2001/FEBRERO/2001_FEBRERO_Nivel_Item.csv,"DNA Paraguay, portal de datos abiertos (SOFIA)",2026-09-23T18:45:00.699480+00:00,21530633,6de97e23b18d7c7d75ae3f34013693c33f577bda4c431cb4c2def290029a2172,b1ccb37e6b4c99151e7fb21d74552d5047722d5eceb3c3b665381ac0ddcd33eb
raw/aduana/2001/MARZO/2001_MARZO_Nivel_Item.csv.gz,https://datosabiertos.aduana.gov.py/all_data/2001/MARZO/2001_MARZO_Nivel_Item.csv,"DNA Paraguay, portal de datos abiertos (SOFIA)",2026-09-23T18:45:05.617730+00:00,26755809,86c5894a4c51a6d415e8814b145c227ef52fa7256cce5420f6be3f0afdfaa426,8158fc628715abc2b0b8503a9aa3e0c77eef63031a151684c196e58dfcffe90d
raw/aduana/2001/ABRIL/2001_ABRIL_Nivel_Item.csv.gz,https://datosabiertos.aduana.gov.py/all_data/2001/ABRIL/2001_ABRIL_Nivel_Item.csv,"DNA Paraguay, portal de datos abiertos (SOFIA)",2026-09-23T18:45:10.092110+00:00,24601045,a785e9d62fb39f1dce6fff13ff85c7ed7864f58c8447e8b374e46c9c00ebf1b4,e459ea65c65a136b10b244dfae5ab475866b2f80271470494ff108ee166b2c51
raw/aduana/2001/MAYO/2001_MAYO_Nivel_Item.csv.gz,https://datosabiertos.aduana.gov.py/all_data/2001/MAYO/2001_MAYO_Nivel_Item.csv,"DNA Paraguay, portal de datos abiertos (SOFIA)",2026-09-23T18:45:15.068562+00:00,28544740,ba665a0a1475648a047a5b214969083e2ea02744fdede29cd53b3b96f9ab10c5,8cabbf6abdb8311db0dec540bfe4bfc317fc576315c979ae7032a8b18106deaf
raw/aduana/2001/JUNIO/2001_JUNIO_Nivel_Item.csv.gz,https://datosabiertos.aduana.gov.py/all_data/2001/JUNIO/2001_JUNIO_Nivel_Item.csv,"DNA Paraguay, portal de datos abiertos (SOFIA)",2026-09-23T18:45:21.338703+00:00,28346839,9c8bac0903ba3e3adceb718a39be5e953d615f5a42a068065ff42fc6174681c7,c31e07c5730a2b87de1014241c67de28749db927a1dbd12eeb6956e77febf835
raw/aduana/2001/JULIO/2001_JULIO_Nivel_Item.csv.gz,https://datosabiertos.aduana.gov.py/all_data/2001/JULIO/2001_JULIO_Nivel_Item.csv,"DNA Paraguay, portal de datos abiertos (SOFIA)",2026-09-23T18:45:26.057255+00:00,26794795,bc7d42c5966de91504719f50abf1a710da111440c739362350d0e0ca249b5ed1,a01590cadd003e398c8575929e3c5e77c704c7ccf12b5fcc60ec1681563ee920
raw/aduana/2001/AGOSTO/2001_AGOSTO_Nivel_Item.csv.gz,https://datosabiertos.aduana.gov.py/all_data/2001/AGOSTO/2001_AGOSTO_Nivel_Item.csv,"DNA Paraguay, portal de datos abiertos (SOFIA)",2026-09-23T18:45:30.988924+00:00,28079135,b1487de1397d0f997d0dd12c45e6e8efc520162764b38a69a65caed4d7ec1fe0,741ef46f23ddeb69de688e6b5370302a8c670b8da116c5985856730500a7ae8f
raw/aduana/2001/SEPTIEMBRE/2001_SEPTIEMBRE_Nivel_Item.csv.gz,https://datosabiertos.aduana.gov.py/all_data/2001/SEPTIEMBRE/2001_SEPTIEMBRE_Nivel_Item.csv,"DNA Paraguay, portal de datos abiertos (SOFIA)",2026-09-23T18:45:35.405655+00:00,24132904,96d978a5c44b146533e24e4c283e2c0ce7f06481ceb4ed1c103d24e6e62f4e87,5ce72fb074d2a60709645e31e4353e0211c175fc717be48f40d3e5cfac2dbda5
raw/aduana/2001/OCTUBRE/2001_OCTUBRE_Nivel_Item.csv.gz,https://datosabiertos.aduana.gov.py/all_data/2001/OCTUBRE/2001_OCTUBRE_Nivel_Item.csv,"DNA Paraguay, portal de datos abiertos (SOFIA)",2026-09-23T18:45:40.937270+00:00,31908606,37adad565d07b2cbef966bb9925a8f60257ecf69653cf31e2c32a912e11f5a23,c75f7d063e17f834560a5e1d0b6447f115ef7e48f69fe87c359d7a93ee21f183
raw/aduana/2001/NOVIEMBRE/2001_NOVIEMBRE_Nivel_Item.csv.gz,https://datosabiertos.aduana.gov.py/all_data/2001/NOVIEMBRE/2001_NOVIEMBRE_Nivel_Item.csv,"DNA Paraguay, portal de datos abiertos (SOFIA)",2026-09-23T18:45:45.549564+00:00,26494380,a47d9364c21411782e2e4401018ea71e0fb8a8abb64d2335323f984f3a36f0a2,3865469d710aca8871ef79aa96439b6fcc2421007095a56bb43d995450517bac
raw/aduana/2001/DICIEMBRE/2001_DICIEMBRE_Nivel_Item.csv.gz,https://datosabiertos.aduana.gov.py/all_data/2001/DICIEMBRE/2001_DICIEMBRE_Nivel_Item.csv,"DNA Paraguay, portal de datos abiertos (SOFIA)",2026-09-23T18:45:50.104377+00:00,25424839,66ed62b42f093eecf248b9941aab85996a957a49fda4f7b919053e28c7f353ca,0b33b11b536be3bcb581dbc6bc87ddb55817b6abdeef73e0e8f3620a59456c0a
raw/aduana/2002/ENERO/2002_ENERO_Nivel_Item.csv.gz,https://datosabiertos.aduana.gov.py/all_data/2002/ENERO/2002_ENERO_Nivel_Item.csv,"DNA Paraguay, portal de datos abiertos (SOFIA)",2026-09-23T18:45:54.492511+00:00,21237560,998aad03d0b996b439701199ee72a8d5de8559f5745973751c54e36384e2705c,441895025489e417d33dc40b67e320b9d4dc1bf8165276966d3f8682b5b72cb4
raw/aduana/2002/FEBRERO/2002_FEBRERO_Nivel_Item.csv.gz,https://datosabiertos.aduana.gov.py/all_data/2002/FEBRERO/2002_FEBRERO_Nivel_Item.csv,"DNA Paraguay, portal de datos abiertos (SOFIA)",2026-09-23T18:45:58.658068+00:00,21516793,f6c9916ed8d9b4f492c27bf824687c92cd462551944f8a82078659d2fd1d5716,ba9421c20704561cf30dc3ed0a1057de6250983fb562a0c17a29a5eccbf70e6b
raw/aduana/2002/MARZO/2002_MARZO_Nivel_Item.csv.gz,https://datosabiertos.aduana.gov.py/all_data/2002/MARZO/2002_MARZO_Nivel_Item.csv,"DNA Paraguay, portal de datos abiertos (SOFIA)",2026-09-23T18:46:02.959430+00:00,22564477,c926450aea50cbfc368f753fd98b7c609a81e1b806f3ccdf545cec1799b07e82,b4d513533524aef69bfd5fca9eb1601b9d36f88faceaea52e44bd6b79d54ba1b
raw/aduana/2002/ABRIL/2002_ABRIL_Nivel_Item.csv.gz,https://datosabiertos.aduana.gov.py/all_data/2002/ABRIL/2002_ABRIL_Nivel_Item.csv,"DNA Paraguay, portal de datos abiertos (SOFIA)",2026-09-23T18:46:07.618447+00:00,25199384,9d5b3fab359dd6805034b68613f09ab7460c264e2982add9900d7c121bf791a7,4987d9d81017eaf56bb94d6cfe9b67a97e2ee1c488ae57332259a84de191dc75
raw/aduana/2002/MAYO/2002_MAYO_Nivel_Item.csv.gz,https://datosabiertos.aduana.gov.py/all_data/2002/MAYO/2002_MAYO_Nivel_Item.csv,"DNA Paraguay, portal de datos abiertos (SOFIA)",2026-09-23T18:46:12.297411+00:00,23987970,d5ba457dd58203991ea048046808cbc5e9b8431a974de6571cd8a1697c1c1534,7594da2ed50d8aaab172828a161f163aee2404e7c92c5f9b1ee16e4bae07a64b
raw/aduana/2002/JUNIO/2002_JUNIO_Nivel_Item.csv.gz,https://datosabiertos.aduana.gov.py/all_data/2002/JUNIO/2002_JUNIO_Nivel_Item.csv,"DNA Paraguay, portal de datos abiertos (SOFIA)",2026-09-23T18:46:16.432900+00:00,21074672,d9384c8f1c1941f541b5b6bfbd576b5a2a59c2737a25027339ebcd924d0a3c4b,b70c68f361fdbba010fab0bf305b9997b937b4b88df0dc7f9638512d4840c762
raw/aduana/2002/JULIO/2002_JULIO_Nivel_Item.csv.gz,https://datosabiertos.aduana.gov.py/all_data/2002/JULIO/2002_JULIO_Nivel_Item.csv,"DNA Paraguay, portal de datos abiertos (SOFIA)",2026-09-23T18:46:20.693268+00:00,21451962,0f0f4b369dfb0d6e589314961de92138041889b067cf5c323e4a7718ab2011ab,7088970ac61aac5412654356f744bca4da2025dd755fa8ea8e0cb3fa9794cf66
raw/aduana/2002/AGOSTO/2002_AGOSTO_Nivel_Item.csv.gz,https://datosabiertos.aduana.gov.py/all_data/2002/AGOSTO/2002_AGOSTO_Nivel_Item.csv,"DNA Paraguay, portal de datos abiertos (SOFIA)",2026-09-23T18:46:24.595291+00:00,20258830,4e1ec5c3c8c495d750dada83ce61cf3228c3903cb690f2c4fcbd9926bd6a9537,44e073a38575e2011cc3698064f52faf4bcebbef101cff2a9760948d370fa5c6
raw/aduana/2002/SEPTIEMBRE/2002_SEPTIEMBRE_Nivel_Item.csv.gz,https://datosabiertos.aduana.gov.py/all_data/2002/SEPTIEMBRE/2002_SEPTIEMBRE_Nivel_Item.csv,"DNA Paraguay, portal de datos abiertos (SOFIA)",2026-09-23T18:46:30.087314+00:00,32940144,ab45f95841fbba56c305d4cb7089996c9b9e13244ade58ae8295883c4cc6ce56,4c6cf83e7da47d8cbb6c28aa2f02c64c1b205229f7dfb25cb09f1a75db0a239a
raw/aduana/2002/OCTUBRE/2002_OCTUBRE_Nivel_Item.csv.gz,https://datosabiertos.aduana.gov.py/all_data/2002/OCTUBRE/2002_OCTUBRE_Nivel_Item.csv,"DNA Paraguay, portal de datos abiertos (SOFIA)",2026-09-23T18:46:35.175670+00:00,22856109,d84605f337eb15c88d8567486501966610dbe02ff503a4153c6cff15d3245730,85c25538a7a4a62f0ee650d356d44bdf13266a3ff37c7f40368d61e3eba77614
raw/aduana/2002/NOVIEMBRE/2002_NOVIEMBRE_Nivel_Item.csv.gz,https://datosabiertos.aduana.gov.py/all_data/2002/NOVIEMBRE/2002_NOVIEMBRE_Nivel_Item.csv,"DNA Paraguay, portal de datos abiertos (SOFIA)",2026-09-23T18:46:39.489293+00:00,23927400,5f3fab93885f6881d26fa3c460438fcad52f91044f4bd2757d9e9ffc5e57f9cf,c2675eb79b783e928282c74e8b1c7a94a17ed639036ee32e72493ed96d6652c0
raw/aduana/2002/DICIEMBRE/2002_DICIEMBRE_Nivel_Item.csv.gz,https://datosabiertos.aduana.gov.py/all_data/2002/DICIEMBRE/2002_DICIEMBRE_Nivel_Item.csv,"DNA Paraguay, portal de datos abiertos (SOFIA)",2026-09-23T18:46:43.512233+00:00,21678481,2fc29a1f47e735d45681e572797b444d704e01120251ce0177307391de0afbd6,34e09d8d2f9a0dde146c7f843d656cda1142fb0e8fd54b1c3593f6ce7cd00767
raw/aduana/2003/ENERO/2003_ENERO_Nivel_Item.csv.gz,https://datosabiertos.aduana.gov.py/all_data/2003/ENERO/2003_ENERO_Nivel_Item.csv,"DNA Paraguay, portal de datos abiertos (SOFIA)",2026-09-23T18:46:47.183587+00:00,18681725,3ec6f58e6e7416868c9da8b878d4f7d7feb95702f9dd17e7b888bf9fb3f13cdd,aae33503522d967a577ad4e059eb6976c5889e5e173f5a3057a63c322213ce4e
raw/aduana/2003/FEBRERO/2003_FEBRERO_Nivel_Item.csv.gz,https://datosabiertos.aduana.gov.py/all_data/2003/FEBRERO/2003_FEBRERO_Nivel_Item.csv,"DNA Paraguay, portal de datos abiertos (SOFIA)",2026-09-23T18:46:50.709305+00:00,18521951,54588f50bc98cdb49c2c2ed8f40b3f3e934067124226f00dee4635ab6e637a4b,2fb8aaac87be097a1f3529caec71574c3691dd9e48dbd3054d5e96047863bd47
raw/aduana/2003/MARZO/2003_MARZO_Nivel_Item.csv.gz,https://datosabiertos.aduana.gov.py/all_data/2003/MARZO/2003_MARZO_Nivel_Item.csv,"DNA Paraguay, portal de datos abiertos (SOFIA)",2026-09-23T18:46:54.473057+00:00,19490774,a114e074ceb747fce5ecc6b2dcdade91bb9cefedbdc1565cc2453a712f96defd,9a838bb2db6fa64fad73bad1fb6090f190c87b940d9d38069baf87fd780ab201
raw/aduana/2003/ABRIL/2003_ABRIL_Nivel_Item.csv.gz,https://datosabiertos.aduana.gov.py/all_data/2003/ABRIL/2003_ABRIL_Nivel_Item.csv,"DNA Paraguay, portal de datos abiertos (SOFIA)",2026-09-23T18:46:58.611380+00:00,21518550,540e56adc5e1e1dae26240000b5fff99dbdaa5ce602fb1a63a6f85efe7bbb5c0,e413ab313074acd1932fc496b681f702ddda16913bca2428ca5ff46a51b1b101
raw/aduana/2003/MAYO/2003_MAYO_Nivel_Item.csv.gz,https://datosabiertos.aduana.gov.py/all_data/2003/MAYO/2003_MAYO_Nivel_Item.csv,"DNA Paraguay, portal de datos abiertos (SOFIA)",2026-09-23T18:47:03.189775+00:00,26053590,10bcb3b18f5b261931759ed4031ada0448e4823613bbf94398c70387b5b96c3c,96d1e37d44c30f32ad11df92530d49479532ea05a1ae7d11bc24b7b585a7846c
raw/aduana/2003/JUNIO/2003_JUNIO_Nivel_Item.csv.gz,https://datosabiertos.aduana.gov.py/all_data/2003/JUNIO/2003_JUNIO_Nivel_Item.csv,"DNA Paraguay, portal de datos abiertos (SOFIA)",2026-09-23T18:47:07.608566+00:00,25182398,dbc0f4602140f5966cff3a8e9c66fa6f0dd6e8623a0c7280bf55125314b390fe,7d847086aa03f5d2478e6d387e68730d444a8f42690c1f8171ae7bca642b15ad
raw/aduana/2003/JULIO/2003_JULIO_Nivel_Item.csv.gz,https://datosabiertos.aduana.gov.py/all_data/2003/JULIO/2003_JULIO_Nivel_Item.csv,"DNA Paraguay, portal de datos abiertos (SOFIA)",2026-09-23T18:47:12.684235+00:00,29203922,c7967ac1406d5f8ee5187cf66e6b74236da8663512c9e98efef778f6edf00128,718ded8558ff01454f05b33d70e767bec786a0726bfa18494dd09572e41beee4
raw/aduana/2003/AGOSTO/2003_AGOSTO_Nivel_Item.csv.gz,https://datosabiertos.aduana.gov.py/all_data/2003/AGOSTO/2003_AGOSTO_Nivel_Item.csv,"DNA Paraguay, portal de datos abiertos (SOFIA)",2026-09-23T18:47:17.333639+00:00,25953242,54ef0a8cf47d70462e9493d0d5427349895b8c40b986ffca2d2180de5f0d1dd6,7e23ff9bad5d91773817543b1716762a756ab2da64ba7af1a51ecc452316adc2
raw/aduana/2003/SEPTIEMBRE/2003_SEPTIEMBRE_Nivel_Item.csv.gz,https://datosabiertos.aduana.gov.py/all_data/2003/SEPTIEMBRE/2003_SEPTIEMBRE_Nivel_Item.csv,"DNA Paraguay, portal de datos abiertos (SOFIA)",2026-09-23T18:47:22.371367+00:00,29835956,fd9aa949e95d111f7231d217d94ad902b90f465605487252bd1f23eb1d52145c,5c6ed0ea574129d6306a6e541ac76e2397657f20936617021b51ec48d59d7073
raw/aduana/2003/OCTUBRE/2003_OCTUBRE_Nivel_Item.csv.gz,https://datosabiertos.aduana.gov.py/all_data/2003/OCTUBRE/2003_OCTUBRE_Nivel_Item.csv,"DNA Paraguay, portal de datos abiertos (SOFIA)",2026-09-23T18:47:28.954346+00:00,38683943,a92d260aafd80bf86ed43e1d0ccdb800f1d1ddce41f75717894403d879e933a5,ff14b839db5e227d597e4156882876a2e3eb79761b1683edc9ae23fa34454d0c
raw/aduana/2003/NOVIEMBRE/2003_NOVIEMBRE_Nivel_Item.csv.gz,https://datosabiertos.aduana.gov.py/all_data/2003/NOVIEMBRE/2003_NOVIEMBRE_Nivel_Item.csv,"DNA Paraguay, portal de datos abiertos (SOFIA)",2026-09-23T18:47:33.991088+00:00,28546698,85b1e555fd78fca471a036d41b30c8fdf5e4d2a0ec61e4baf0c4b075401269a6,1e62220c292dbb601c6046610ade9d0aa2687013fe847d0d085f167711f6edfb
raw/aduana/2003/DICIEMBRE/2003_DICIEMBRE_Nivel_Item.csv.gz,https://datosabiertos.aduana.gov.py/all_data/2003/DICIEMBRE/2003_DICIEMBRE_Nivel_Item.csv,"DNA Paraguay, portal de datos abiertos (SOFIA)",2026-09-23T18:47:39.532176+00:00,32244065,d1925757d9a51fbed04f225b35e159ed516f5ff4e150ae9854a7fa2b8de7f6cb,3e4c638f7957473cf5b4693728fa8ed42502dbfd31ad4f4d0a3d285658b6ee79
raw/aduana/2004/ENERO/2004_ENERO_Nivel_Item.csv.gz,https://datosabiertos.aduana.gov.py/all_data/2004/ENERO/2004_ENERO_Nivel_Item.csv,"DNA Paraguay, portal de datos abiertos (SOFIA)",2026-09-23T18:47:45.452446+00:00,36516761,262663751514932281be23673c2f33cbe47c94be37b4e4ac6452002400d028d2,736c54224412f61bf4e8903021449b4c93302067b5e5d7a9a1d0a1b7f20d6cbb
raw/aduana/2004/FEBRERO/2004_FEBRERO_Nivel_Item.csv.gz,https://datosabiertos.aduana.gov.py/all_data/2004/FEBRERO/2004_FEBRERO_Nivel_Item.csv,"DNA Paraguay, portal de datos abiertos (SOFIA)",2026-09-23T18:47:50.586219+00:00,30497581,d59649f8fe10a9d2a0db0d379679c1b05c05ae23677aab4ab647973e3000f1c3,b0cf08f6aa4196685828db80993f41b3b7f8f5130921a515e9ead27d86c40106
raw/aduana/2004/MARZO/2004_MARZO_Nivel_Item.csv.gz,https://datosabiertos.aduana.gov.py/all_data/2004/MARZO/2004_MARZO_Nivel_Item.csv,"DNA Paraguay, portal de datos abiertos (SOFIA)",2026-09-23T18:47:56.443338+00:00,34520459,84bfcd21f52b80e6543bff06024c5f5e9c59ee25a26b4e637978315619986585,6746821ac37f6d67187cae752a63c10696f94675095ba273c46ec13431263775
raw/aduana/2004/ABRIL/2004_ABRIL_Nivel_Item.csv.gz,https://datosabiertos.aduana.gov.py/all_data/2004/ABRIL/2004_ABRIL_Nivel_Item.csv,"DNA Paraguay, portal de datos abiertos (SOFIA)",2026-09-23T18:48:02.084866+00:00,32811244,05bb0494980da640260b6cb6bc30df3ed2feefe9c8db2de51fb5bd5820a9ddc4,dd4b537b9034aa7976be2860d4bd118f85711b1643e437464639a653ecff1a50
raw/aduana/2004/MAYO/2004_MAYO_Nivel_Item.csv.gz,https://datosabiertos.aduana.gov.py/all_data/2004/MAYO/2004_MAYO_Nivel_Item.csv,"DNA Paraguay, portal de datos abiertos (SOFIA)",2026-09-23T18:48:09.341127+00:00,36781842,a3b9acc7ff3857e23b3e656c4db108bf0419665c4fdca7d5b49d4e328130c328,384d4fd7e9ddf7a787e9218be5f52c4b17dbad75a429cf0d1aa78505b3800eee
raw/aduana/2004/JUNIO/2004_JUNIO_Nivel_Item.csv.gz,https://datosabiertos.aduana.gov.py/all_data/2004/JUNIO/2004_JUNIO_Nivel_Item.csv,"DNA Paraguay, portal de datos abiertos (SOFIA)",2026-09-23T18:48:15.336858+00:00,37427821,7fadbcc4f4161deffe53642f1c697c51d4a5856208344a007e4084bbe5e36575,82da411019a097eff41d60420a2ce49d3589af34bef6cc47a2762167c467adc6
raw/aduana/2004/JULIO/2004_JULIO_Nivel_Item.csv.gz,https://datosabiertos.aduana.gov.py/all_data/2004/JULIO/2004_JULIO_Nivel_Item.csv,"DNA Paraguay, portal de datos abiertos (SOFIA)",2026-09-23T18:48:21.862667+00:00,37043299,d68d7500f573f8437ce0caff6f68caffd6183af2c504174de133ed74e1f7948b,3ec2ae076dcd2cd581de957193cadc7cf5945b01bc4bb7d1f652fbeda5de05fd
raw/aduana/2004/AGOSTO/2004_AGOSTO_Nivel_Item.csv.gz,https://datosabiertos.aduana.gov.py/all_data/2004/AGOSTO/2004_AGOSTO_Nivel_Item.csv,"DNA Paraguay, portal de datos abiertos (SOFIA)",2026-09-23T18:48:28.086188+00:00,37434086,7cdb1eb0cb72618326cb0d20ecfb103ac55b1dd9ad6ce8eff48e852071d35cb8,3e68c83dc7190fda74ef14f228898bcbbae474e5319881f6e7276fd437653e0b
raw/aduana/2004/SEPTIEMBRE/2004_SEPTIEMBRE_Nivel_Item.csv.gz,https://datosabiertos.aduana.gov.py/all_data/2004/SEPTIEMBRE/2004_SEPTIEMBRE_Nivel_Item.csv,"DNA Paraguay, portal de datos abiertos (SOFIA)",2026-09-23T18:48:36.201002+00:00,40206623,84bb68bdecbfc24bb9740380f693d5ae3df391251b152d77a8881ef0a290a308,b2f61791733eaa53f0c936767520fb5714a3613f7ab250befd337a366aca5761
raw/aduana/2004/OCTUBRE/2004_OCTUBRE_Nivel_Item.csv.gz,https://datosabiertos.aduana.gov.py/all_data/2004/OCTUBRE/2004_OCTUBRE_Nivel_Item.csv,"DNA Paraguay, portal de datos abiertos (SOFIA)",2026-09-23T18:48:42.439249+00:00,38178984,3db7a41131995aafc5533ed9dda0913f84d40315bb289e0d51bc322dfe652d2c,8981f04301458e9dd3835a706abb0b7ae495c663c9aa1d413cd0a746a95a3999
raw/aduana/2004/NOVIEMBRE/2004_NOVIEMBRE_Nivel_Item.csv.gz,https://datosabiertos.aduana.gov.py/all_data/2004/NOVIEMBRE/2004_NOVIEMBRE_Nivel_Item.csv,"DNA Paraguay, portal de datos abiertos (SOFIA)",2026-09-23T18:48:49.115360+00:00,41925028,85ec99ac93d9d5c5c9527f1661fae5cb930c7080ceebdf62910faa4aa5db0073,177398986095624f736c15d75d8f8240b7c585d890dfebc67e6e4e75bdecc921
raw/aduana/2004/DICIEMBRE/2004_DICIEMBRE_Nivel_Item.csv.gz,https://datosabiertos.aduana.gov.py/all_data/2004/DICIEMBRE/2004_DICIEMBRE_Nivel_Item.csv,"DNA Paraguay, portal de datos abiertos (SOFIA)",2026-09-23T18:48:56.225479+00:00,42810729,816ede2a5e6ca11c8913af2954e1a08e5ad2f9c096f2905fe907ef1f42fed730,75b70ee5580bf622aeee3660d7a968c084b56146a88a4626276f29d2c7c4c6e0
raw/aduana/2005/ENERO/2005_ENERO_Nivel_Item.csv.gz,https://datosabiertos.aduana.gov.py/all_data/2005/ENERO/2005_ENERO_Nivel_Item.csv,"DNA Paraguay, portal de datos abiertos (SOFIA)",2026-09-23T18:49:01.588879+00:00,32067461,7d8ebc6374d4469e457f71999cbb112afc431a2a9aecba060d328f68ba4e9031,195eeaf44a4530a01e0e53cdaf6c412005d6408aafff4fd8af862d004a0a101a
raw/aduana/2005/FEBRERO/2005_FEBRERO_Nivel_Item.csv.gz,https://datosabiertos.aduana.gov.py/all_data/2005/FEBRERO/2005_FEBRERO_Nivel_Item.csv,"DNA Paraguay, portal de datos abiertos (SOFIA)",2026-09-23T18:49:06.937713+00:00,30638525,00d1d71cf356d75760fe700849b8fd73150dd4752e97419fa20825221b75a859,c0fbdfe668ad86ca5e227bd82144b02d3ba1d35d2271cb37f7cb52fa272a9340
raw/aduana/2005/MARZO/2005_MARZO_Nivel_Item.csv.gz,https://datosabiertos.aduana.gov.py/all_data/2005/MARZO/2005_MARZO_Nivel_Item.csv,"DNA Paraguay, portal de datos abiertos (SOFIA)",2026-09-23T18:49:13.039410+00:00,35063389,16a43890428ba57dbd742a78f51f8ed1604b48c15cb44a0baaf75439dba2187d,e07a6b7efddea5d74c2babf5a687cb72a5c76328235772311a813a8f59930537
raw/aduana/2005/ABRIL/2005_ABRIL_Nivel_Item.csv.gz,https://datosabiertos.aduana.gov.py/all_data/2005/ABRIL/2005_ABRIL_Nivel_Item.csv,"DNA Paraguay, portal de datos abiertos (SOFIA)",2026-09-23T18:49:19.003093+00:00,35689502,f3412f61f420183cf7281a5ae430a593216a341de6d0ee8028a959e088b37085,05226292c6ba96804f51eb5ece91db35730628c4c95f0abd3d796a28ed02e394
raw/aduana/2005/MAYO/2005_MAYO_Nivel_Item.csv.gz,https://datosabiertos.aduana.gov.py/all_data/2005/MAYO/2005_MAYO_Nivel_Item.csv,"DNA Paraguay, portal de datos abiertos (SOFIA)",2026-09-23T18:49:25.113202+00:00,37561660,0746e9d2690b867d3770f32927f9837116dcb642383116152d056a785eb981b1,6c6a9773ab499850965f305f03d88ef7811bb43545d828ac29d362e9d98a2613
raw/aduana/2005/JUNIO/2005_JUNIO_Nivel_Item.csv.gz,https://datosabiertos.aduana.gov.py/all_data/2005/JUNIO/2005_JUNIO_Nivel_Item.csv,"DNA Paraguay, portal de datos abiertos (SOFIA)",2026-09-23T18:49:31.209035+00:00,37770203,28c01a728d367bd3194fda749e037cc1b216338d28a23b4750e661bdd05eeb83,c7b8431bc59bee1d943a5e219ff9020c53495f3ea5f811903b1706ac4e44f651
raw/aduana/2005/JULIO/2005_JULIO_Nivel_Item.csv.gz,https://datosabiertos.aduana.gov.py/all_data/2005/JULIO/2005_JULIO_Nivel_Item.csv,"DNA Paraguay, portal de datos abiertos (SOFIA)",2026-09-23T18:49:37.090319+00:00,35567706,baf36621817353122af8458d46fb62d16d3c1a9c20296f7d214bb5a7fa6945f7,ff7ed8a4e21c25e8f8ef4476260d42b31a19f8a3c3060c96cef99c8d99565c4f
raw/aduana/2005/AGOSTO/2005_AGOSTO_Nivel_Item.csv.gz,https://datosabiertos.aduana.gov.py/all_data/2005/AGOSTO/2005_AGOSTO_Nivel_Item.csv,"DNA Paraguay, portal de datos abiertos (SOFIA)",2026-09-23T18:49:43.423115+00:00,39531569,8af27ed64cd3c2f927bca0497a04cb055aa1a8bc97824e946f20916f4be6c7f7,d5993fc65719d659e770f74bdbe53dada2d6631037abe52b95001dffdb421376
raw/aduana/2005/SEPTIEMBRE/2005_SEPTIEMBRE_Nivel_Item.csv.gz,https://datosabiertos.aduana.gov.py/all_data/2005/SEPTIEMBRE/2005_SEPTIEMBRE_Nivel_Item.csv,"DNA Paraguay, portal de datos abiertos (SOFIA)",2026-09-23T18:49:49.751473+00:00,37435711,10b96a550905706c9d487b9cffb022508e00ff16e11eabbc69c390b9d72fdd32,4a5b90a0e1eeca6bf84c616748a7ef13cb456443d90833d2919a107b31e91105
raw/aduana/2005/OCTUBRE/2005_OCTUBRE_Nivel_Item.csv.gz,https://datosabiertos.aduana.gov.py/all_data/2005/OCTUBRE/2005_OCTUBRE_Nivel_Item.csv,"DNA Paraguay, portal de datos abiertos (SOFIA)",2026-09-23T18:49:57.146084+00:00,42259269,835ae0a709dfeaf5606dad3a5531e97f689c5e1fe381fea42174b811fe414938,d1e0ed17dd4e13fb616436450712a997a489c31fdf920365ac8df70863e618bf
raw/aduana/2005/NOVIEMBRE/2005_NOVIEMBRE_Nivel_Item.csv.gz,https://datosabiertos.aduana.gov.py/all_data/2005/NOVIEMBRE/2005_NOVIEMBRE_Nivel_Item.csv,"DNA Paraguay, portal de datos abiertos (SOFIA)",2026-09-23T18:50:03.960734+00:00,40735510,dfb4f663e3d2cafb5481098afe054f307fcf2a9ad908bfacf0ee2ef29f29cd55,95e4055a85424350202f904ea0fdd9eed0b46541651010118ca474976c859b41
raw/aduana/2005/DICIEMBRE/2005_DICIEMBRE_Nivel_Item.csv.gz,https://datosabiertos.aduana.gov.py/all_data/2005/DICIEMBRE/2005_DICIEMBRE_Nivel_Item.csv,"DNA Paraguay, portal de datos abiertos (SOFIA)",2026-09-23T18:50:11.153363+00:00,45105471,f43ae7f9611c82046594a259c029e6eccf625c8da0cb422607509b38a96c8926,acbe1ee6024337ffd24a75314bcc9df915b2ebfd175f567b682fee67b54a54af
raw/aduana/2006/ENERO/2006_ENERO_Nivel_Item.csv.gz,https://datosabiertos.aduana.gov.py/all_data/2006/ENERO/2006_ENERO_Nivel_Item.csv,"DNA Paraguay, portal de datos abiertos (SOFIA)",2026-09-23T18:50:17.347710+00:00,35982502,98b67cd701ab2185fbe47ece581b47436dcb9795275208af4e412e4e016e08d0,c3e516378ec9944526b24f3a77cdae7ee931d993e13336b3b4b4e93922a15194
raw/aduana/2006/FEBRERO/2006_FEBRERO_Nivel_Item.csv.gz,https://datosabiertos.aduana.gov.py/all_data/2006/FEBRERO/2006_FEBRERO_Nivel_Item.csv,"DNA Paraguay, portal de datos abiertos (SOFIA)",2026-09-23T18:50:23.327674+00:00,35059493,615e65efb5567d100f33e3fb1a23209f3a955868a5b2e5840c1d7cc44d667740,fac22bc1248d961a76f07d729b480f431ead63047a9bc0701620a663cdb5fc1a
raw/aduana/2006/MARZO/2006_MARZO_Nivel_Item.csv.gz,https://datosabiertos.aduana.gov.py/all_data/2006/MARZO/2006_MARZO_Nivel_Item.csv,"DNA Paraguay, portal de datos abiertos (SOFIA)",2026-09-23T18:50:30.033343+00:00,38412170,2e7906e74a70f038909d0ae149d1c9e2701fabe24fce21a06d4a87e332be338b,a7f62b0719a9657ca92e70569ae322561c5f776904ccd439d6a7292323d20241
raw/aduana/2006/ABRIL/2006_ABRIL_Nivel_Item.csv.gz,https://datosabiertos.aduana.gov.py/all_data/2006/ABRIL/2006_ABRIL_Nivel_Item.csv,"DNA Paraguay, portal de datos abiertos (SOFIA)",2026-09-23T18:50:36.432236+00:00,38946331,ad556391a81a93a55b5a0bf074f427967517147dd7dfba98caf19f95072915a7,37aaab29848e41f6a05f917c9c2fc45af4ed0b0221afd93af2e080f26cb5b69d
raw/aduana/2006/MAYO/2006_MAYO_Nivel_Item.csv.gz,https://datosabiertos.aduana.gov.py/all_data/2006/MAYO/2006_MAYO_Nivel_Item.csv,"DNA Paraguay, portal de datos abiertos (SOFIA)",2026-09-23T18:50:43.000866+00:00,41551053,f9837ce2c504b8ce83374a0ee107e67ce1d9e4eb5333b39718ae980ee88cc0ee,4afe2e33392e38f1fa6a0343443552c00962662cd093c50afdb7f3149e840f3f
raw/aduana/2006/JUNIO/2006_JUNIO_Nivel_Item.csv.gz,https://datosabiertos.aduana.gov.py/all_data/2006/JUNIO/2006_JUNIO_Nivel_Item.csv,"DNA Paraguay, portal de datos abiertos (SOFIA)",2026-09-23T18:50:49.330511+00:00,37770549,4de9bd7f0a1afe06c8b6120605b9821b7223e4ae01c2bebfc029c2d389a125cc,1de5a766f3fb7f07e5e505941929dba95b5483cb3ea21ae299ef4c5ac282df32
raw/aduana/2006/JULIO/2006_JULIO_Nivel_Item.csv.gz,https://datosabiertos.aduana.gov.py/all_data/2006/JULIO/2006_JULIO_Nivel_Item.csv,"DNA Paraguay, portal de datos abiertos (SOFIA)",2026-09-23T18:50:55.976824+00:00,41921392,a78cf3b6801694150990acb0d4b13e035fc16cd86436e014702b1e45ac024cbc,6e1609441c39c39bb002054acb9139268099081588e65d875b433e7a36aed1bc
raw/aduana/2006/AGOSTO/2006_AGOSTO_Nivel_Item.csv.gz,https://datosabiertos.aduana.gov.py/all_data/2006/AGOSTO/2006_AGOSTO_Nivel_Item.csv,"DNA Paraguay, portal de datos abiertos (SOFIA)",2026-09-23T18:51:03.301224+00:00,45956553,402d645e70bdff1b23fe800cb73652661bc2128c352965ef6cfd6ca53929499d,997400f6feb4aeda5c73bd07ee079e90079db40fd0e81b38f31bbe66bd8f7838
raw/aduana/2006/SEPTIEMBRE/2006_SEPTIEMBRE_Nivel_Item.csv.gz,https://datosabiertos.aduana.gov.py/all_data/2006/SEPTIEMBRE/2006_SEPTIEMBRE_Nivel_Item.csv,"DNA Paraguay, portal de datos abiertos (SOFIA)",2026-09-23T18:51:10.023285+00:00,42786408,7cd3dd12e897d315fe4d36b57b2746579fd34cb0dfaeb9cff5968e069b9afcd0,d28defc75c7b53fbc0d8231a11a57e007f10a7bafbda9ac647a6a8159d65d801
raw/aduana/2006/OCTUBRE/2006_OCTUBRE_Nivel_Item.csv.gz,https://datosabiertos.aduana.gov.py/all_data/2006/OCTUBRE/2006_OCTUBRE_Nivel_Item.csv,"DNA Paraguay, portal de datos abiertos (SOFIA)",2026-09-23T18:51:17.720768+00:00,50639174,7bcfbace0496bf6ce8a16c62a3c6b5035bb6d64013ea5570ab54688f94fe8666,eafbdd150490ad3373c0080c88d3bce5613411df12b4332a37afa4435df4945e
raw/aduana/2006/NOVIEMBRE/2006_NOVIEMBRE_Nivel_Item.csv.gz,https://datosabiertos.aduana.gov.py/all_data/2006/NOVIEMBRE/2006_NOVIEMBRE_Nivel_Item.csv,"DNA Paraguay, portal de datos abiertos (SOFIA)",2026-09-23T18:51:25.295283+00:00,47250481,551add974776d835fbce334ae29ff30459e52927c2069018991be8f837f79ee4,72f1982522abb33dafb182ea33f8e1afb843a53038b51923b0b70792a688ea8e
raw/aduana/2006/DICIEMBRE/2006_DICIEMBRE_Nivel_Item.csv.gz,https://datosabiertos.aduana.gov.py/all_data/2006/DICIEMBRE/2006_DICIEMBRE_Nivel_Item.csv,"DNA Paraguay, portal de datos abiertos (SOFIA)",2026-09-23T18:51:32.794600+00:00,46870864,225bbdb93021643ffcaa49c9f56118ba8a9b7593e9d05011bd53711aef14454d,37f7ff152c0a34b492fe02a1aeb3172aaacc0d9d4e144858bb5c383300f987f2
raw/aduana/2007/ENERO/2007_ENERO_Nivel_Item.csv.gz,https://datosabiertos.aduana.gov.py/all_data/2007/ENERO/2007_ENERO_Nivel_Item.csv,"DNA Paraguay, portal de datos abiertos (SOFIA)",2026-09-23T18:51:39.442801+00:00,41625218,bcf71f1712c30b0b7ce07a1cbcb9bd0d010ef499d67c6d5b7b861d96d148ccda,944ed9b0e06c2d5bc6d245450cf63eb28c9f4ec32fc17c299152be4e5625ae13
raw/aduana/2007/FEBRERO/2007_FEBRERO_Nivel_Item.csv.gz,https://datosabiertos.aduana.gov.py/all_data/2007/FEBRERO/2007_FEBRERO_Nivel_Item.csv,"DNA Paraguay, portal de datos abiertos (SOFIA)",2026-09-23T18:51:46.616437+00:00,44235985,813e94e23b238bdf8fd7d3807aa6096367b77fcd607583d0f4bb90594a31bf41,8041df8532cbf8f5e2823c52dc9d0c7dbd74e13fb249f6c334d7be0af5cfe83c
raw/aduana/2007/MARZO/2007_MARZO_Nivel_Item.csv.gz,https://datosabiertos.aduana.gov.py/all_data/2007/MARZO/2007_MARZO_Nivel_Item.csv,"DNA Paraguay, portal de datos abiertos (SOFIA)",2026-09-23T18:51:54.652759+00:00,52691766,938a3f78971c196bcf5fa3cf082f12c36ec1bb264c53822a8c650161bab522bf,1d7505f27da76162a61619bf198995fc420c9c896704cc884d4f0d900bf6310f
raw/aduana/2007/ABRIL/2007_ABRIL_Nivel_Item.csv.gz,https://datosabiertos.aduana.gov.py/all_data/2007/ABRIL/2007_ABRIL_Nivel_Item.csv,"DNA Paraguay, portal de datos abiertos (SOFIA)",2026-09-23T18:52:02.425854+00:00,50492453,0a5fc0f9c6eca57eae0c606ba7be6f7c7b82551d241f5774709e1506be962d76,bea515d1ec7ca15f189f685cadfe99fe64e28fa429f11847c13e7fa509620a68
raw/aduana/2007/MAYO/2007_MAYO_Nivel_Item.csv.gz,https://datosabiertos.aduana.gov.py/all_data/2007/MAYO/2007_MAYO_Nivel_Item.csv,"DNA Paraguay, portal de datos abiertos (SOFIA)",2026-09-23T18:52:10.661971+00:00,55247877,418eba670fca4926dcbf53f4ce0ec3f2d69c366eb04622ad8f1c66ddfaf11d18,04ca9a38720abb33dfe5b6e7160139a8934eb9f32bdf37802a1eb52b3ec9ecc6
raw/aduana/2007/JUNIO/2007_JUNIO_Nivel_Item.csv.gz,https://datosabiertos.aduana.gov.py/all_data/2007/JUNIO/2007_JUNIO_Nivel_Item.csv,"DNA Paraguay, portal de datos abiertos (SOFIA)",2026-09-23T18:52:18.201666+00:00,49860162,8fac11fa70888cf50682729cd3794ffb3bb583fd1645695b3eed41f3bdea2cc4,dfa80741c30f2b9edcda05fc5e9256eaedb9a73b2f866113a335ce7329478f70
raw/aduana/2007/JULIO/2007_JULIO_Nivel_Item.csv.gz,https://datosabiertos.aduana.gov.py/all_data/2007/JULIO/2007_JULIO_Nivel_Item.csv,"DNA Paraguay, portal de datos abiertos (SOFIA)",2026-09-23T18:52:26.681298+00:00,55436632,de9812607e3a7bcdfce9d1f92eceac84b83f378370598dbe10d567dfc1e18541,0fbd2d9b421a29cbb9879e733491daf63ec233d081e786592f6705599768fcb8
raw/aduana/2007/AGOSTO/2007_AGOSTO_Nivel_Item.csv.gz,https://datosabiertos.aduana.gov.py/all_data/2007/AGOSTO/2007_AGOSTO_Nivel_Item.csv,"DNA Paraguay, portal de datos abiertos (SOFIA)",2026-09-23T18:52:35.972165+00:00,61829323,f4e999c016693bfd343fc54b4c5caf4d28dcee8a0ce496e7be8ff850928a668f,dc3186fe9a9151e935e526935cb12efc24364cde4aca1330e217a29c3ce3f787
raw/aduana/2007/SEPTIEMBRE/2007_SEPTIEMBRE_Nivel_Item.csv.gz,https://datosabiertos.aduana.gov.py/all_data/2007/SEPTIEMBRE/2007_SEPTIEMBRE_Nivel_Item.csv,"DNA Paraguay, portal de datos abiertos (SOFIA)",2026-09-23T18:52:43.698524+00:00,52843487,181e637a4d90a2e74df82085d65eef8c00e3fb2b26b9fb0895909bf4f066ad80,b92b44440292e171f7f12fade1cbd89248bdb36e82ed6f66a7267d355e0d8772
raw/aduana/2007/OCTUBRE/2007_OCTUBRE_Nivel_Item.csv.gz,https://datosabiertos.aduana.gov.py/all_data/2007/OCTUBRE/2007_OCTUBRE_Nivel_Item.csv,"DNA Paraguay, portal de datos abiertos (SOFIA)",2026-09-23T18:52:52.646348+00:00,63066271,7a16de00e5432576bf1fce67fe1859d41930a2ff7c0277df164f159e7804fee4,d38dd5a2383fec58cbb5518df5f393eb38c4c8f6c4892f8b26f3c2dba04c8439
raw/aduana/2007/NOVIEMBRE/2007_NOVIEMBRE_Nivel_Item.csv.gz,https://datosabiertos.aduana.gov.py/all_data/2007/NOVIEMBRE/2007_NOVIEMBRE_Nivel_Item.csv,"DNA Paraguay, portal de datos abiertos (SOFIA)",2026-09-23T18:53:02.190728+00:00,62457534,200d4d36b097e82644dc59663c797680ec29babd867c734ce36c3fd2d6ec8227,2820fd4fe08e4d786706739a2746db8b3254b7e5bb0019cc5c5650d44df7cda3
raw/aduana/2007/DICIEMBRE/2007_DICIEMBRE_Nivel_Item.csv.gz,https://datosabiertos.aduana.gov.py/all_data/2007/DICIEMBRE/2007_DICIEMBRE_Nivel_Item.csv,"DNA Paraguay, portal de datos abiertos (SOFIA)",2026-09-23T18:53:12.688252+00:00,58632038,974e64167e63796ed1f582035111d00665b90fa20973dcae9dd92ca7948474a5,43601434b23760f89738f0bf246b964ff60337fa2add51bafd5d1e77342c4995
raw/aduana/2008/ENERO/2008_ENERO_Nivel_Item.csv.gz,https://datosabiertos.aduana.gov.py/all_data/2008/ENERO/2008_ENERO_Nivel_Item.csv,"DNA Paraguay, portal de datos abiertos (SOFIA)",2026-09-23T18:53:21.742632+00:00,58808892,ebfb757581b4d1eacf4be701ac523a67e4b7c863496cc270bbad8cf4804d27d0,d6db4d37d9bd30310d276264fc7b53f8b7b4fdfd0f96c4f3979f292cde82b5bc
raw/aduana/2008/FEBRERO/2008_FEBRERO_Nivel_Item.csv.gz,https://datosabiertos.aduana.gov.py/all_data/2008/FEBRERO/2008_FEBRERO_Nivel_Item.csv,"DNA Paraguay, portal de datos abiertos (SOFIA)",2026-09-23T18:53:31.027076+00:00,61777033,13633b9179fec03223cfe792fbadfe7febd33b234420e3fbb447baa442ef01bc,301ba9efd1d83fc71d7a8054d4989a07fe8c1b27e0914200d893b4f7eaea8048
raw/aduana/2008/MARZO/2008_MARZO_Nivel_Item.csv.gz,https://datosabiertos.aduana.gov.py/all_data/2008/MARZO/2008_MARZO_Nivel_Item.csv,"DNA Paraguay, portal de datos abiertos (SOFIA)",2026-09-23T18:53:40.518075+00:00,59268975,a88b1d59e1a5cf99a31adc537066291bda39fa13248dcfd0f793fb30a680b9a2,81c976c1faa32ab86d577ded9ee89c0716df1514ebf1571b18678aded7ef0d5c
raw/aduana/2008/ABRIL/2008_ABRIL_Nivel_Item.csv.gz,https://datosabiertos.aduana.gov.py/all_data/2008/ABRIL/2008_ABRIL_Nivel_Item.csv,"DNA Paraguay, portal de datos abiertos (SOFIA)",2026-09-23T18:53:50.996580+00:00,69215792,83939ac825cd8d62390898d4a89a5e6ecf99680deee451dc6b5055c1aeb219b5,4e1e822ca21d3bc4c481f26a82bd2869a4c95395b49370c9d5713a5ed2483f29
raw/aduana/2008/MAYO/2008_MAYO_Nivel_Item.csv.gz,https://datosabiertos.aduana.gov.py/all_data/2008/MAYO/2008_MAYO_Nivel_Item.csv,"DNA Paraguay, portal de datos abiertos (SOFIA)",2026-09-23T18:54:01.904669+00:00,68703751,9d8ef8e37ba88fcfde6fe6033ef757723d04f72b8f21ac0fe216e658542cad5c,37ce36e12dd6e1a2558d316e9234bf5aeb18d29eb03f0108c282341d7510c250
raw/aduana/2008/JUNIO/2008_JUNIO_Nivel_Item.csv.gz,https://datosabiertos.aduana.gov.py/all_data/2008/JUNIO/2008_JUNIO_Nivel_Item.csv,"DNA Paraguay, portal de datos abiertos (SOFIA)",2026-09-23T18:54:12.603987+00:00,67491576,cd0f2e6d1c199e359f1cb0b7d3ab34d2e816462c3fad5243f5b919efeef54de1,0bf7368879b05464cfd595b8bad6bed37d60c053a00d05ad92cde4bcb2b2c2e9
raw/aduana/2008/JULIO/2008_JULIO_Nivel_Item.csv.gz,https://datosabiertos.aduana.gov.py/all_data/2008/JULIO/2008_JULIO_Nivel_Item.csv,"DNA Paraguay, portal de datos abiertos (SOFIA)",2026-09-23T18:54:24.435368+00:00,78409185,6f1cefd180627c9614cba075907cd42cd8daebd2ed758f0fd655f53e4999faad,31b092e755d02e3736f57231aa1b30490d4c7599d734da6b8f7e8bb3d1d8998e
raw/aduana/2008/AGOSTO/2008_AGOSTO_Nivel_Item.csv.gz,https://datosabiertos.aduana.gov.py/all_data/2008/AGOSTO/2008_AGOSTO_Nivel_Item.csv,"DNA Paraguay, portal de datos abiertos (SOFIA)",2026-09-23T18:54:35.672789+00:00,74077010,fee668ab24b74702d08768fae755ab3ab323dbb1812a06a36552b64a645eff69,5959c1536204e07e4731143920bf15f4a4cbe20519efa927c81d03043645be9e
raw/aduana/2008/SEPTIEMBRE/2008_SEPTIEMBRE_Nivel_Item.csv.gz,https://datosabiertos.aduana.gov.py/all_data/2008/SEPTIEMBRE/2008_SEPTIEMBRE_Nivel_Item.csv,"DNA Paraguay, portal de datos abiertos (SOFIA)",2026-09-23T18:54:49.154074+00:00,78973488,572895e24642d172b4d1483d4667e16a61bb6d62e8ff0473d40afe1823c8b29f,397b0698277b0b293beb735044302aad61d4970b24ba2c966412712b96e61c2f
raw/aduana/2008/OCTUBRE/2008_OCTUBRE_Nivel_Item.csv.gz,https://datosabiertos.aduana.gov.py/all_data/2008/OCTUBRE/2008_OCTUBRE_Nivel_Item.csv,"DNA Paraguay, portal de datos abiertos (SOFIA)",2026-09-23T18:55:02.075233+00:00,81473442,d0918f07b972a48a6dfe3a27c0f2c5c3b427a9958c09907bc90523d9ee3faa96,77cbf8f4cc1c36dcd1a2add9974482050dd511195b359a57aef2e825d3a1f24b
raw/aduana/2008/NOVIEMBRE/2008_NOVIEMBRE_Nivel_Item.csv.gz,https://datosabiertos.aduana.gov.py/all_data/2008/NOVIEMBRE/2008_NOVIEMBRE_Nivel_Item.csv,"DNA Paraguay, portal de datos abiertos (SOFIA)",2026-09-23T18:55:12.495053+00:00,67511608,66b8015c41745076d1e5d609fbb89a9a0b5851cb6ef6db7b70f48845f4d2095a,6a865290b6a06704af0ccaeac3d50eee2ba39b24a33a110f38e6a324c3f1c100
raw/aduana/2008/DICIEMBRE/2008_DICIEMBRE_Nivel_Item.csv.gz,https://datosabiertos.aduana.gov.py/all_data/2008/DICIEMBRE/2008_DICIEMBRE_Nivel_Item.csv,"DNA Paraguay, portal de datos abiertos (SOFIA)",2026-09-23T18:55:21.732948+00:00,58035894,593baf6d7cb1895531499b0f298bf96a0d4a3b88b553dc0e5d406b0264d38007,6016bab5087ade82486837d8333db75556fe94c2ed0fd91b77e945635c71f96f
raw/aduana/2009/ENERO/2009_ENERO_Nivel_Item.csv.gz,https://datosabiertos.aduana.gov.py/all_data/2009/ENERO/2009_ENERO_Nivel_Item.csv,"DNA Paraguay, portal de datos abiertos (SOFIA)",2026-09-23T18:55:29.699290+00:00,47924862,9b07aca9690ff122b2f416472a8af0bdc0680bfc5e01a69e9aa0ccb2f0731a34,853a039967be2c08b303504766674fb5f16f6af415a36841b9f101e7350871a6
raw/aduana/2009/FEBRERO/2009_FEBRERO_Nivel_Item.csv.gz,https://datosabiertos.aduana.gov.py/all_data/2009/FEBRERO/2009_FEBRERO_Nivel_Item.csv,"DNA Paraguay, portal de datos abiertos (SOFIA)",2026-09-23T18:55:37.798312+00:00,51027680,3594e0aa6b7c9d637b7b24bcad575ee91d7a98f3a78b653ce499a31b578b6e61,73c10f8acd53eba1822579d69ae49aa7d7e7186ad9cd55943b4f6abd647ce697
raw/aduana/2009/MARZO/2009_MARZO_Nivel_Item.csv.gz,https://datosabiertos.aduana.gov.py/all_data/2009/MARZO/2009_MARZO_Nivel_Item.csv,"DNA Paraguay, portal de datos abiertos (SOFIA)",2026-09-23T18:55:46.607710+00:00,55988262,daa78d6e02b945ee428e6d1679d77f476af2d94395eabc8087f1568fa4dbef78,522b8f715a6a536f2377d7acbfcd02d2a3245e9fc4e87b60df8b6f9eb24338a3
raw/aduana/2009/MAYO/2009_MAYO_Nivel_Item.csv.gz,https://datosabiertos.aduana.gov.py/all_data/2009/MAYO/2009_MAYO_Nivel_Item.csv,"DNA Paraguay, portal de datos abiertos (SOFIA)",2026-09-23T18:55:55.270010+00:00,51924263,60bc2bc4ca391d3bd6e794b3c9aeb650901f34792282788803bef9364baa5312,1ec958fe3885c543afe01587d7cded8b23013bd722c392b64944909316a12653
raw/aduana/2009/JUNIO/2009_JUNIO_Nivel_Item.csv.gz,https://datosabiertos.aduana.gov.py/all_data/2009/JUNIO/2009_JUNIO_Nivel_Item.csv,"DNA Paraguay, portal de datos abiertos (SOFIA)",2026-09-23T18:56:04.232527+00:00,58143740,de6360fe2c08b5175ae42d2f7791cfe2ad8eb40f52675117574761fe1cbad511,5da1f4b583a6534a5a7f58d515ba525397af27a28dabd57beb0cb91bfe2f83da
raw/aduana/2009/JULIO/2009_JULIO_Nivel_Item.csv.gz,https://datosabiertos.aduana.gov.py/all_data/2009/JULIO/2009_JULIO_Nivel_Item.csv,"DNA Paraguay, portal de datos abiertos (SOFIA)",2026-09-23T18:56:14.127354+00:00,63902862,e2a3dd909ddf4273276a76e352e9bca4dfbdbb445bc12a3171f6cb511493eab6,2fabb42ba77bed94a1179a654f12180710a9915012f03fdecab14b5a11607a33
raw/aduana/2009/AGOSTO/2009_AGOSTO_Nivel_Item.csv.gz,https://datosabiertos.aduana.gov.py/all_data/2009/AGOSTO/2009_AGOSTO_Nivel_Item.csv,"DNA Paraguay, portal de datos abiertos (SOFIA)",2026-09-23T18:56:23.306090+00:00,60181014,36097f8c548ffb94deb4d4a60de6a883fdc0c7e1a678fa429ee4e71e6bbb4980,67a62fc92bad330fde55d10c4945fb93528d6e3abc2616f93a2f2a85f8de032c
raw/aduana/2009/SEPTIEMBRE/2009_SEPTIEMBRE_Nivel_Item.csv.gz,https://datosabiertos.aduana.gov.py/all_data/2009/SEPTIEMBRE/2009_SEPTIEMBRE_Nivel_Item.csv,"DNA Paraguay, portal de datos abiertos (SOFIA)",2026-09-23T18:56:33.232015+00:00,60548441,db4a5825b2887250b31a4c0e43e80411ec2421766dffe00ba4229ea0f467c7eb,6bede97b039d631450bacf2204c02f4bfe6f6ba87d8726221e05f673d44f02c0
raw/aduana/2009/OCTUBRE/2009_OCTUBRE_Nivel_Item.csv.gz,https://datosabiertos.aduana.gov.py/all_data/2009/OCTUBRE/2009_OCTUBRE_Nivel_Item.csv,"DNA Paraguay, portal de datos abiertos (SOFIA)",2026-09-23T18:56:47.420986+00:00,69637893,b2276152a223ded3af48ad4ca4e56274016c0724d5a67dbf4e45044bf67b69c1,79a66c61774fdfb6dac26a708fcf6f891e8c71f97b8e54be8cf38d1a3152cd4b
raw/aduana/2009/NOVIEMBRE/2009_NOVIEMBRE_Nivel_Item.csv.gz,https://datosabiertos.aduana.gov.py/all_data/2009/NOVIEMBRE/2009_NOVIEMBRE_Nivel_Item.csv,"DNA Paraguay, portal de datos abiertos (SOFIA)",2026-09-23T18:56:58.180736+00:00,67963430,4de98a1e79041427ed5def1b6cdc5e1e566c8e958deb4ef334673642c215ddbd,706165c032317d77f48c58a6ca141ecc9138ac1fa3b1e54ab00b7d947d31d8d5
raw/aduana/2009/DICIEMBRE/2009_DICIEMBRE_Nivel_Item.csv.gz,https://datosabiertos.aduana.gov.py/all_data/2009/DICIEMBRE/2009_DICIEMBRE_Nivel_Item.csv,"DNA Paraguay, portal de datos abiertos (SOFIA)",2026-09-23T18:57:08.736279+00:00,68488499,013f6e023d340a6206bc1d0935d3545f5d87737e394916f53380d6f5a2808b0c,4ee01e8dcf4d083126b3d7b2a496d3d1009e620db478c7d69ae788f19faddd6b
raw/aduana/2009/ABRIL/2009_ABRIL_Nivel_Item.csv.gz,https://datosabiertos.aduana.gov.py/all_data/2009/ABRIL/2009_ABRIL_Nivel_Item.csv,"DNA Paraguay, portal de datos abiertos (SOFIA)",2026-09-23T18:57:17.426475+00:00,55379674,27f2810e4c70aed7ddaa1c4d5bfd5b38b0413600b17fd60c62d52a96d8cdbebc,9302725c442f37e8b9ee660db2f407ec959b2ecd765d10ff8c647a6d06a967dd
raw/aduana/2010/ENERO/2010_ENERO_Nivel_Item.csv.gz,https://datosabiertos.aduana.gov.py/all_data/2010/ENERO/2010_ENERO_Nivel_Item.csv,"DNA Paraguay, portal de datos abiertos (SOFIA)",2026-09-23T18:57:26.653687+00:00,56565705,afc36f1f81ef6d249022a42e3e0e12907424d54ff0e1e7c92fe7a1d4c3da468d,a27f6dbf29160096437cd87c46c934adb4cf93f9afe49da447313e9eba0184f1
raw/aduana/2010/FEBRERO/2010_FEBRERO_Nivel_Item.csv.gz,https://datosabiertos.aduana.gov.py/all_data/2010/FEBRERO/2010_FEBRERO_Nivel_Item.csv,"DNA Paraguay, portal de datos abiertos (SOFIA)",2026-09-23T18:57:36.596352+00:00,63520135,fd0a5b6b516bd3511cee9a93ba5d50be4d1fc2736788b80d6141e74bee9f591e,da83aead04ef7971a2de1a98e54310a1e02c3a5392ef9442397715bf1b8c3942
raw/aduana/2010/MARZO/2010_MARZO_Nivel_Item.csv.gz,https://datosabiertos.aduana.gov.py/all_data/2010/MARZO/2010_MARZO_Nivel_Item.csv,"DNA Paraguay, portal de datos abiertos (SOFIA)",2026-09-23T18:57:48.600904+00:00,76195685,b5fec348c6564a8bcc7a3f94a29a7499cef4a3b820a7a5893d24b09cc92bbe67,163982f6ab7fcb8966c19843be4157c891cbb42b9eccb4234d2f48abef82fd0d
raw/aduana/2010/ABRIL/2010_ABRIL_Nivel_Item.csv.gz,https://datosabiertos.aduana.gov.py/all_data/2010/ABRIL/2010_ABRIL_Nivel_Item.csv,"DNA Paraguay, portal de datos abiertos (SOFIA)",2026-09-23T18:57:59.174426+00:00,69580221,17d9de306e2e4c75ee21ba5cdfa9e86d3c07aef7dfa7e7b70736bd21c20af87a,e552d998f16eea30ca31b931e7269faf5db929ea2aa636630601592037416edb
raw/aduana/2010/MAYO/2010_MAYO_Nivel_Item.csv.gz,https://datosabiertos.aduana.gov.py/all_data/2010/MAYO/2010_MAYO_Nivel_Item.csv,"DNA Paraguay, portal de datos abiertos (SOFIA)",2026-09-23T18:58:10.305041+00:00,70304424,aa4cf9c89f47f2150abf19039acb127df4d4283688d11a6b8d09746f37a7a3cd,9f759761824f530911b362b0355f4bef143cac8b8824850ffd0613c4292d5006
raw/aduana/2010/JUNIO/2010_JUNIO_Nivel_Item.csv.gz,https://datosabiertos.aduana.gov.py/all_data/2010/JUNIO/2010_JUNIO_Nivel_Item.csv,"DNA Paraguay, portal de datos abiertos (SOFIA)",2026-09-23T18:58:21.657790+00:00,75868404,d44ca825eda9055cd620ba5137e700ec5b0d982cd98ef782756abad92befb05e,c7ba3bc90cae67d5147413cbde2346d89f11cf5f729d5c2915ec1c31bdab9e93
raw/aduana/2010/JULIO/2010_JULIO_Nivel_Item.csv.gz,https://datosabiertos.aduana.gov.py/all_data/2010/JULIO/2010_JULIO_Nivel_Item.csv,"DNA Paraguay, portal de datos abiertos (SOFIA)",2026-09-23T18:58:36.879483+00:00,77244794,1f159f5d338596d03a39971f31f9f8a1a3e9edc95ffa1a8be8576b9e9deb40bb,381e50f91cb804fa873dbd7ed2a18aa05b4dc802043231d2bd2f0210bd320068
raw/aduana/2010/AGOSTO/2010_AGOSTO_Nivel_Item.csv.gz,https://datosabiertos.aduana.gov.py/all_data/2010/AGOSTO/2010_AGOSTO_Nivel_Item.csv,"DNA Paraguay, portal de datos abiertos (SOFIA)",2026-09-23T18:58:49.685174+00:00,83834771,626e869425538d82588b734adb39261a036ae6e8c3885821ae3ab67761f8797e,75250bb8ef621b2b9a0d6169e2aa58584e2c594d92b603e86e94c0ed93ded3e6
raw/aduana/2010/SEPTIEMBRE/2010_SEPTIEMBRE_Nivel_Item.csv.gz,https://datosabiertos.aduana.gov.py/all_data/2010/SEPTIEMBRE/2010_SEPTIEMBRE_Nivel_Item.csv,"DNA Paraguay, portal de datos abiertos (SOFIA)",2026-09-23T18:59:01.943749+00:00,81917062,8338383409c3a2f46e3f82a69a220391305ddb69d69b76fcbfa61068bfe83dd5,dcbf9bfb0d304a0303c64fad555b9bd6688a45ba7f82e2fc4d9a38f4fb1d5bca
raw/aduana/2010/OCTUBRE/2010_OCTUBRE_Nivel_Item.csv.gz,https://datosabiertos.aduana.gov.py/all_data/2010/OCTUBRE/2010_OCTUBRE_Nivel_Item.csv,"DNA Paraguay, portal de datos abiertos (SOFIA)",2026-09-23T18:59:15.920164+00:00,90407599,94e0c94e90e2096abd0831847dfb7aaefdb7688bc095b2db2989618befaed5cf,8dbb2be4240442a7b1c883f3a6343762087f4c5ef92e91f9813a7769b580db6c
raw/aduana/2010/NOVIEMBRE/2010_NOVIEMBRE_Nivel_Item.csv.gz,https://datosabiertos.aduana.gov.py/all_data/2010/NOVIEMBRE/2010_NOVIEMBRE_Nivel_Item.csv,"DNA Paraguay, portal de datos abiertos (SOFIA)",2026-09-23T18:59:30.859240+00:00,91463545,3e799e7822268d9e256bd22e07a192db2daba27dcd457853b2cd40abdb8b6548,5f49932d21a38af25a5225c6b5fcfc3a1eaac774e771168b7f83f304adc39a84
raw/aduana/2010/DICIEMBRE/2010_DICIEMBRE_Nivel_Item.csv.gz,https://datosabiertos.aduana.gov.py/all_data/2010/DICIEMBRE/2010_DICIEMBRE_Nivel_Item.csv,"DNA Paraguay, portal de datos abiertos (SOFIA)",2026-09-23T18:59:44.050213+00:00,89866868,63ba39c63a57c0b8b7e19fe056b3bedab0c542d6a00ca42134e48769cd8559c7,732aa6f725712a5d8b126356e36569b759178f6b5d253c8929e35f0eb0ce4cff
raw/aduana/2011/ENERO/2011_ENERO_Nivel_Item.csv.gz,https://datosabiertos.aduana.gov.py/all_data/2011/ENERO/2011_ENERO_Nivel_Item.csv,"DNA Paraguay, portal de datos abiertos (SOFIA)",2026-09-23T18:59:55.569761+00:00,75379998,a10f39e5865467ec4d1a916a8920bbd6bcf77ec3f40c1fa7d5b85f2a75621416,d245262261944576c801a538713558e5e17e58f1bc887245528493499ef48947
raw/aduana/2011/FEBRERO/2011_FEBRERO_Nivel_Item.csv.gz,https://datosabiertos.aduana.gov.py/all_data/2011/FEBRERO/2011_FEBRERO_Nivel_Item.csv,"DNA Paraguay, portal de datos abiertos (SOFIA)",2026-09-23T19:00:08.226210+00:00,78018553,9cdc63fc6a380641aec9a5ebb2409cdc62b90ddc20c2c3c6432fe185c01511ac,9a77bf5e5a80b884e3d0103529563ddb785ab84ab7e4b622ca5e23e088a7f732
raw/aduana/2011/MARZO/2011_MARZO_Nivel_Item.csv.gz,https://datosabiertos.aduana.gov.py/all_data/2011/MARZO/2011_MARZO_Nivel_Item.csv,"DNA Paraguay, portal de datos abiertos (SOFIA)",2026-09-23T19:00:22.409080+00:00,87205099,2567c79217e86ecdd60804785996bd10b87c362f33ec41cb8f50eab7349bd17a,90456300e8d5e258643a1ed3604a672755a920cfd1bb897e42d765fe3827926d
raw/aduana/2011/ABRIL/2011_ABRIL_Nivel_Item.csv.gz,https://datosabiertos.aduana.gov.py/all_data/2011/ABRIL/2011_ABRIL_Nivel_Item.csv,"DNA Paraguay, portal de datos abiertos (SOFIA)",2026-09-23T19:00:36.821111+00:00,83502387,da818737c36bd80d2095c4f00630e81c2e5f601936d69bc1344ddbd7bcf1f36f,519a7120a0dd2b758beeff2dd25f36dcc710ccf864f065450f7f1075b1b5a47e
raw/aduana/2011/MAYO/2011_MAYO_Nivel_Item.csv.gz,https://datosabiertos.aduana.gov.py/all_data/2011/MAYO/2011_MAYO_Nivel_Item.csv,"DNA Paraguay, portal de datos abiertos (SOFIA)",2026-09-23T19:00:50.759424+00:00,91116687,e6e6ba5e4ed1236fcfcc10bee6343d577204c145b730f2bb88bdc1ec3320957e,33e236bef398ae8147cc6acf3076252f3face4caeae177ae74f3fa6c2c893b47
raw/aduana/2011/JUNIO/2011_JUNIO_Nivel_Item.csv.gz,https://datosabiertos.aduana.gov.py/all_data/2011/JUNIO/2011_JUNIO_Nivel_Item.csv,"DNA Paraguay, portal de datos abiertos (SOFIA)",2026-09-23T19:01:04.636885+00:00,86178928,9303d6d1cee485af5ea6786051e06ce007fb20a9ef95bf0b9739e0c8e272e25e,71e429a3e2c3a02c13c16344d9c5db70dfd191f7139671cd08dccab289ddb874
raw/aduana/2011/JULIO/2011_JULIO_Nivel_Item.csv.gz,https://datosabiertos.aduana.gov.py/all_data/2011/JULIO/2011_JULIO_Nivel_Item.csv,"DNA Paraguay, portal de datos abiertos (SOFIA)",2026-09-23T19:01:17.029531+00:00,79880729,e1c389a008ccb74e57ff60a542deddfc531b4220067364adbbe470d1137ea6d3,981ec718c5d4ce70dcf9fc5dd58089aca7b1c615718b80d8d5af297128cefb40
raw/aduana/2011/AGOSTO/2011_AGOSTO_Nivel_Item.csv.gz,https://datosabiertos.aduana.gov.py/all_data/2011/AGOSTO/2011_AGOSTO_Nivel_Item.csv,"DNA Paraguay, portal de datos abiertos (SOFIA)",2026-09-23T19:01:31.203893+00:00,95319519,9c4767412c413f1445b88eb814b9e53f8ae9f060a9fc7ec02587febff78d03a2,9187543e577064487c4892055239a14c2025f705b189164eefd3c541042f0328
raw/aduana/2011/SEPTIEMBRE/2011_SEPTIEMBRE_Nivel_Item.csv.gz,https://datosabiertos.aduana.gov.py/all_data/2011/SEPTIEMBRE/2011_SEPTIEMBRE_Nivel_Item.csv,"DNA Paraguay, portal de datos abiertos (SOFIA)",2026-09-23T19:01:45.827291+00:00,93919273,8c4205345fd9ef3ad6384e0d4eaaf6956b304916413c2c2ac59c24cffd5a138b,a74dded2b88b7710579f873e9fb6e2c5bbef1e49e56a29f9a8f47b733f14cb30
raw/aduana/2011/OCTUBRE/2011_OCTUBRE_Nivel_Item.csv.gz,https://datosabiertos.aduana.gov.py/all_data/2011/OCTUBRE/2011_OCTUBRE_Nivel_Item.csv,"DNA Paraguay, portal de datos abiertos (SOFIA)",2026-09-23T19:01:59.860898+00:00,95004444,313a65c5daade4312d5003fa263d6647b76b69e64015d04ae57f06eb9c550f77,6facd049c833b83d1cd87077d0283261d73ef6f313800b51112eb54e52135def
raw/aduana/2011/NOVIEMBRE/2011_NOVIEMBRE_Nivel_Item.csv.gz,https://datosabiertos.aduana.gov.py/all_data/2011/NOVIEMBRE/2011_NOVIEMBRE_Nivel_Item.csv,"DNA Paraguay, portal de datos abiertos (SOFIA)",2026-09-23T19:02:13.858806+00:00,93651550,1109c2bd4dde62273df67bf42524a20c9fd6a4968ee3949d87a97478feabd715,af6d38a23d71d950e351d4a802dd8ad3b84ba5aa3b99ce941b3665a663fab5eb
raw/aduana/2011/DICIEMBRE/2011_DICIEMBRE_Nivel_Item.csv.gz,https://datosabiertos.aduana.gov.py/all_data/2011/DICIEMBRE/2011_DICIEMBRE_Nivel_Item.csv,"DNA Paraguay, portal de datos abiertos (SOFIA)",2026-09-23T19:02:26.202946+00:00,82068348,9d29d1ceb60d49beff13fb5ed3e1bff907190cc35ca177b9a8dca68c9779a723,f551d29f78f7fe49ff257d4d08877b396c5c9ca0b5b15ac7ae68f99cde3772a6
raw/aduana/2012/ENERO/2012_ENERO_Nivel_Item.csv.gz,https://datosabiertos.aduana.gov.py/all_data/2012/ENERO/2012_ENERO_Nivel_Item.csv,"DNA Paraguay, portal de datos abiertos (SOFIA)",2026-09-23T19:02:36.689505+00:00,69412184,780a4f2e7e53db010e59a74b93c409e64fa2e0eacbc440fa838d9c46eb75677f,6ecce1988c27df0ce069314d5d3740d6d4b6ebbb1d5408606eee53e4bc603927
raw/aduana/2012/FEBRERO/2012_FEBRERO_Nivel_Item.csv.gz,https://datosabiertos.aduana.gov.py/all_data/2012/FEBRERO/2012_FEBRERO_Nivel_Item.csv,"DNA Paraguay, portal de datos abiertos (SOFIA)",2026-09-23T19:02:47.640529+00:00,71782384,ded3377ba6f8b166f6f597acd51ad21af06f26382a1a5affe88fd9c99793f94a,0821d2bafaef1ee44a5c98a43c4dd4383f3c51063b8141342af9faf69db7ebfc
raw/aduana/2012/MARZO/2012_MARZO_Nivel_Item.csv.gz,https://datosabiertos.aduana.gov.py/all_data/2012/MARZO/2012_MARZO_Nivel_Item.csv,"DNA Paraguay, portal de datos abiertos (SOFIA)",2026-09-23T19:02:59.846048+00:00,77469068,54819e68af40d94986430385ce15f6688aee548b65e34700c0c1d054d3d8ba67,5c17a5d8d9b538492f19a1437f96ffc4dae7339e33d570b8e8fb8addce1a67f1
raw/aduana/2012/ABRIL/2012_ABRIL_Nivel_Item.csv.gz,https://datosabiertos.aduana.gov.py/all_data/2012/ABRIL/2012_ABRIL_Nivel_Item.csv,"DNA Paraguay, portal de datos abiertos (SOFIA)",2026-09-23T19:03:11.940466+00:00,77508172,2487a28e34e37b39e0db7b1363f1b6b41fc5d383cd97d478430d7b0f50dd3696,0a825824494160529cfec406f325a3d7ad163d764aad28dd3e6ca18bec46e12c
raw/aduana/2012/MAYO/2012_MAYO_Nivel_Item.csv.gz,https://datosabiertos.aduana.gov.py/all_data/2012/MAYO/2012_MAYO_Nivel_Item.csv,"DNA Paraguay, portal de datos abiertos (SOFIA)",2026-09-23T19:03:25.283900+00:00,84183544,ddd103ebb530c3f93948e2f95d2550ffa4d84ea38241cca7488cc6bb6e8b3ae7,afd1ff4fcbb32361a1cc2e0b3675364eb69174e08047efcf9833252135097811
raw/aduana/2012/JUNIO/2012_JUNIO_Nivel_Item.csv.gz,https://datosabiertos.aduana.gov.py/all_data/2012/JUNIO/2012_JUNIO_Nivel_Item.csv,"DNA Paraguay, portal de datos abiertos (SOFIA)",2026-09-23T19:03:37.158487+00:00,75191481,895c0577ed554504ae4cbe30adf2a78700122cda957db858b4916adde3ffed02,8f91fb7b7c610eb1ba807ed3705c26f08b02330423d65813f63599899848ab37
raw/aduana/2012/JULIO/2012_JULIO_Nivel_Item.csv.gz,https://datosabiertos.aduana.gov.py/all_data/2012/JULIO/2012_JULIO_Nivel_Item.csv,"DNA Paraguay, portal de datos abiertos (SOFIA)",2026-09-23T19:03:49.470728+00:00,75701525,ee6ad6c70bb846cc12c4eebd21f0ff559c03daebe9cbffc5a5773e67a8bdcf8d,e44a7bcc83e7db881c57b3ff8ca771b3a04eb7849acad8a31ea858f3f04beb9b
raw/aduana/2012/AGOSTO/2012_AGOSTO_Nivel_Item.csv.gz,https://datosabiertos.aduana.gov.py/all_data/2012/AGOSTO/2012_AGOSTO_Nivel_Item.csv,"DNA Paraguay, portal de datos abiertos (SOFIA)",2026-09-23T19:04:02.597414+00:00,86563397,5d4c58ddc939169f24b493069432e59494d49b8c0ebfe37da8d0c7b714784809,d457bd7bcfdda5727dc16939a4de42bcdccf8741ec1bb13f1a04ef9f905fbde1
raw/aduana/2012/SEPTIEMBRE/2012_SEPTIEMBRE_Nivel_Item.csv.gz,https://datosabiertos.aduana.gov.py/all_data/2012/SEPTIEMBRE/2012_SEPTIEMBRE_Nivel_Item.csv,"DNA Paraguay, portal de datos abiertos (SOFIA)",2026-09-23T19:04:15.102823+00:00,79032666,6f47a9886b3361a22ac4e51fd219a0e2f9b54cfbff02ef5346bed394fa6eadaf,74e055633b1c6434f0cb67734c0448e0c230820edc21618dd15b6cd3ea85a15b
raw/aduana/2012/OCTUBRE/2012_OCTUBRE_Nivel_Item.csv.gz,https://datosabiertos.aduana.gov.py/all_data/2012/OCTUBRE/2012_OCTUBRE_Nivel_Item.csv,"DNA Paraguay, portal de datos abiertos (SOFIA)",2026-09-23T19:04:29.470898+00:00,90694949,a39b00a507a2b2584cf3a96a48b2098417e1d55560d95faaa69b08390956da21,ff3468bc541ef886dabfe352b7f76a217883775c5c2e06a43433c0cd36716526
raw/aduana/2012/NOVIEMBRE/2012_NOVIEMBRE_Nivel_Item.csv.gz,https://datosabiertos.aduana.gov.py/all_data/2012/NOVIEMBRE/2012_NOVIEMBRE_Nivel_Item.csv,"DNA Paraguay, portal de datos abiertos (SOFIA)",2026-09-23T19:04:42.560159+00:00,85756741,4066bf6c8357a13bda881f58bfb8bdc11e06740333cbbca480ec71d394d4f67c,ea5fdbbefde98d0c28c1b3dfc8898f518fb4167d470b61c339487a621a1b8871
raw/aduana/2012/DICIEMBRE/2012_DICIEMBRE_Nivel_Item.csv.gz,https://datosabiertos.aduana.gov.py/all_data/2012/DICIEMBRE/2012_DICIEMBRE_Nivel_Item.csv,"DNA Paraguay, portal de datos abiertos (SOFIA)",2026-09-23T19:04:54.843714+00:00,81023413,3a2f25bfbc2cd7a3da18f4edbb9ea6245956175624525f8f694ebf8575f8d8a7,3c4466ae5dc35ffe16f93ad13a10bf99c55571dd2a153c1fae0386c3a81efe02
raw/aduana/2013/ENERO/2013_ENERO_Nivel_Item.csv.gz,https://datosabiertos.aduana.gov.py/all_data/2013/ENERO/2013_ENERO_Nivel_Item.csv,"DNA Paraguay, portal de datos abiertos (SOFIA)",2026-09-23T19:05:07.039040+00:00,79750000,e381e31102690aeec433d655cbec294004ff15dec0b3ff575e876c63f9b63b80,99257d9acbdf2d8afb3d67b6e942dd8860ab5861c54bc3a1bbaeb489304c07a2
raw/aduana/2013/FEBRERO/2013_FEBRERO_Nivel_Item.csv.gz,https://datosabiertos.aduana.gov.py/all_data/2013/FEBRERO/2013_FEBRERO_Nivel_Item.csv,"DNA Paraguay, portal de datos abiertos (SOFIA)",2026-09-23T19:05:19.489759+00:00,73020711,a50e960bf65f9899a771495f486d388301896406e8286e31ccb004720dea7a8e,1aa93fe45852ea3fa40fced08a17e6c2627908d32cff151a349269cdd6769243
raw/aduana/2013/MARZO/2013_MARZO_Nivel_Item.csv.gz,https://datosabiertos.aduana.gov.py/all_data/2013/MARZO/2013_MARZO_Nivel_Item.csv,"DNA Paraguay, portal de datos abiertos (SOFIA)",2026-09-23T19:05:32.538139+00:00,75366967,be693be98646ee5f672774058f78e3f547d496f7c42c160842431d64e9221366,8110341a201a7fa2d2f4a52c548c1fce154a1c1a5bbe0000e5561b408c8391a1
raw/aduana/2013/ABRIL/2013_ABRIL_Nivel_Item.csv.gz,https://datosabiertos.aduana.gov.py/all_data/2013/ABRIL/2013_ABRIL_Nivel_Item.csv,"DNA Paraguay, portal de datos abiertos (SOFIA)",2026-09-23T19:05:50.345809+00:00,94131880,2c2aa7bcd58d5f1ab382e47eba618d5c881fee40a8b6ddf390f54720552b9297,e7fc26b7cbb34d14dc6015725136948024415f6606f14b270bfe22b708d0c2ee
raw/aduana/2013/MAYO/2013_MAYO_Nivel_Item.csv.gz,https://datosabiertos.aduana.gov.py/all_data/2013/MAYO/2013_MAYO_Nivel_Item.csv,"DNA Paraguay, portal de datos abiertos (SOFIA)",2026-09-23T19:06:03.433357+00:00,84491934,78686980fc7e9823662322dfaf4affc74d199ab55372e1410ff7da7961eb2b92,ad0442bb5e97b3812fdcdab8369dddc234ca1d1573a8c5cd74127dd729c71a07
raw/aduana/2013/JUNIO/2013_JUNIO_Nivel_Item.csv.gz,https://datosabiertos.aduana.gov.py/all_data/2013/JUNIO/2013_JUNIO_Nivel_Item.csv,"DNA Paraguay, portal de datos abiertos (SOFIA)",2026-09-23T19:06:15.662730+00:00,74839308,c0e9bb46eade959d625c190e53ecf506b4fabfc25f759d85c436df21545deb97,ee07fa8a7d7eb3df1647c0389e84b0f0cb2687690f5a8be1b48dda1986ea7a87
raw/aduana/2013/JULIO/2013_JULIO_Nivel_Item.csv.gz,https://datosabiertos.aduana.gov.py/all_data/2013/JULIO/2013_JULIO_Nivel_Item.csv,"DNA Paraguay, portal de datos abiertos (SOFIA)",2026-09-23T19:06:28.517579+00:00,81870205,fe9415d614b89266cae2cfd67a4ba13f9c1f67419888ad485b063177d33dafcc,14639e1b390e77ff29fc1c94d5a8f18a2a37790df48fa2b4fbb4ecd22c9cea62
raw/aduana/2013/AGOSTO/2013_AGOSTO_Nivel_Item.csv.gz,https://datosabiertos.aduana.gov.py/all_data/2013/AGOSTO/2013_AGOSTO_Nivel_Item.csv,"DNA Paraguay, portal de datos abiertos (SOFIA)",2026-09-23T19:06:41.886148+00:00,86888805,73e8d58d40c621727c97586fd6721f152d23551421c685f970facf89fb9fa0dd,26b74355bafa714793bc4f03653f6b5ef1c2c628ea0e18ea274419dbd701acdb
raw/aduana/2013/SEPTIEMBRE/2013_SEPTIEMBRE_Nivel_Item.csv.gz,https://datosabiertos.aduana.gov.py/all_data/2013/SEPTIEMBRE/2013_SEPTIEMBRE_Nivel_Item.csv,"DNA Paraguay, portal de datos abiertos (SOFIA)",2026-09-23T19:06:57.292582+00:00,88100858,ac6116b2b0d190dcffeb4c4e60828a1de2b0a0619bd28a846c9da53a4e12d631,b926e0d0a42f2df7ec19ef7079cdfbf31394095e87581817e79e111fea180fdf
raw/aduana/2013/OCTUBRE/2013_OCTUBRE_Nivel_Item.csv.gz,https://datosabiertos.aduana.gov.py/all_data/2013/OCTUBRE/2013_OCTUBRE_Nivel_Item.csv,"DNA Paraguay, portal de datos abiertos (SOFIA)",2026-09-23T19:07:12.274445+00:00,100386324,0ea94eea33689d8654efb46c589edff63e19a4f4a406ff5bb0a8ab897344e1b1,8fbfb3b6c6a6bfbede0af02b587acbdf6f9757cda5551fe1d5c5ae8ffefe03a8
raw/aduana/2013/NOVIEMBRE/2013_NOVIEMBRE_Nivel_Item.csv.gz,https://datosabiertos.aduana.gov.py/all_data/2013/NOVIEMBRE/2013_NOVIEMBRE_Nivel_Item.csv,"DNA Paraguay, portal de datos abiertos (SOFIA)",2026-09-23T19:07:27.483194+00:00,89437789,2062649dcbe91210e638d59da8e3c8df3c35299006ce9c84d8f9f58073c3997d,2bdc6c7f28e7b005a2c4c03de1f61ed081b146ea8c424047f53a5d70764f980c
raw/aduana/2013/DICIEMBRE/2013_DICIEMBRE_Nivel_Item.csv.gz,https://datosabiertos.aduana.gov.py/all_data/2013/DICIEMBRE/2013_DICIEMBRE_Nivel_Item.csv,"DNA Paraguay, portal de datos abiertos (SOFIA)",2026-09-23T19:07:45.025567+00:00,93003768,cc70fe5e46b94a7b5b005a9fa841993d8c0e249704e8c97355acf7cf2ffc64ee,9737db71090c3d94b809726b0d01ac0be0cd00c4f6dfb07ac77099a7e5a2e702
raw/aduana/2014/ENERO/2014_ENERO_Nivel_Item.csv.gz,https://datosabiertos.aduana.gov.py/all_data/2014/ENERO/2014_ENERO_Nivel_Item.csv,"DNA Paraguay, portal de datos abiertos (SOFIA)",2026-09-23T19:07:57.749157+00:00,80425801,979cf685c9a1d8d26c216ff4acb896f7bff112af8726de4cf3e6fe6f7776cb05,f1d62e6067368bffef4a81187883f8cca3f37ea27a4ee99432a7cce14b774800
raw/aduana/2014/FEBRERO/2014_FEBRERO_Nivel_Item.csv.gz,https://datosabiertos.aduana.gov.py/all_data/2014/FEBRERO/2014_FEBRERO_Nivel_Item.csv,"DNA Paraguay, portal de datos abiertos (SOFIA)",2026-09-23T19:08:11.171425+00:00,82009756,41598eb41f25bdeb16fc231f0fe511f3581204d50b53c16f68eb5ac3d3cba163,bb8c9d964707824502250fa48b46dcd668cd8d4e2a3f263afcb5dab1ce2aa78e
raw/aduana/2014/MARZO/2014_MARZO_Nivel_Item.csv.gz,https://datosabiertos.aduana.gov.py/all_data/2014/MARZO/2014_MARZO_Nivel_Item.csv,"DNA Paraguay, portal de datos abiertos (SOFIA)",2026-09-23T19:08:24.516255+00:00,87458249,1ea9d4a1ec5e82df6d0aa980f040ddbb4706727cb042beb4f9d257403b76563b,426e89e3a6f26ac02b5ebb4e301b4953f4b1d8a8ea5bf9e1017ad27539664c0a
raw/aduana/2014/ABRIL/2014_ABRIL_Nivel_Item.csv.gz,https://datosabiertos.aduana.gov.py/all_data/2014/ABRIL/2014_ABRIL_Nivel_Item.csv,"DNA Paraguay, portal de datos abiertos (SOFIA)",2026-09-23T19:08:37.618523+00:00,87289761,97643790a1c9465282837c5e02483f0e904ed6551e70cdfe8bb027554fcea3e5,5a6f87b0132d2ff92f5f498409e5ffb1c8f85bb7d7126729a91882579e64d547
raw/aduana/2014/MAYO/2014_MAYO_Nivel_Item.csv.gz,https://datosabiertos.aduana.gov.py/all_data/2014/MAYO/2014_MAYO_Nivel_Item.csv,"DNA Paraguay, portal de datos abiertos (SOFIA)",2026-09-23T19:08:51.904584+00:00,92045861,62e934cb2f7407434301c0517ebcc238411cf688ab5cef359803a523aefb593a,af4badd250a413a9d78478e72e3344e4b7e967e2b8116c38740645eaa6ea8a4a
raw/aduana/2014/JUNIO/2014_JUNIO_Nivel_Item.csv.gz,https://datosabiertos.aduana.gov.py/all_data/2014/JUNIO/2014_JUNIO_Nivel_Item.csv,"DNA Paraguay, portal de datos abiertos (SOFIA)",2026-09-23T19:09:05.251851+00:00,88152986,e1df29af93a9bcc493c1a0fb94a9f8415690917db164392f6f882a6aa74a03a4,fb164028e45086aa95f003ca42304df551f1fa718d50187be998527776ef7ba1
raw/aduana/2014/JULIO/2014_JULIO_Nivel_Item.csv.gz,https://datosabiertos.aduana.gov.py/all_data/2014/JULIO/2014_JULIO_Nivel_Item.csv,"DNA Paraguay, portal de datos abiertos (SOFIA)",2026-09-23T19:09:20.221626+00:00,101542257,fdbe48aa9ce0b4a3c87e2deb957cda1e40d6b15a1845edebddeed407fa13802e,06a050cf96b73e5cb101de8d2f86d21a02efb4a18538ea3147c86632ea44a7b6
raw/aduana/2014/AGOSTO/2014_AGOSTO_Nivel_Item.csv.gz,https://datosabiertos.aduana.gov.py/all_data/2014/AGOSTO/2014_AGOSTO_Nivel_Item.csv,"DNA Paraguay, portal de datos abiertos (SOFIA)",2026-09-23T19:09:34.308510+00:00,94284574,c6677ad063e5f05926a5f0dafb3daa453e8f8430e9fe3ec5a3006a017440e4da,42fd302dc01713e23838ac232027f412b856216aecec3b82d65fb63c7c65f642
raw/aduana/2014/SEPTIEMBRE/2014_SEPTIEMBRE_Nivel_Item.csv.gz,https://datosabiertos.aduana.gov.py/all_data/2014/SEPTIEMBRE/2014_SEPTIEMBRE_Nivel_Item.csv,"DNA Paraguay, portal de datos abiertos (SOFIA)",2026-09-23T19:09:49.779315+00:00,100134946,f791a6f0ea6d51ef39de49ca572135210c7de6a04d1c43746f85f119f318bf3c,2c514efeae7d1f9bed274b3d2dcbea51388ee24d0d1844136f664438a2ec8631
raw/aduana/2014/OCTUBRE/2014_OCTUBRE_Nivel_Item.csv.gz,https://datosabiertos.aduana.gov.py/all_data/2014/OCTUBRE/2014_OCTUBRE_Nivel_Item.csv,"DNA Paraguay, portal de datos abiertos (SOFIA)",2026-09-23T19:10:07.401476+00:00,115059250,9e4de9c046ea65936814ef5f6b36d1d52c32cedd158fa8d92bd3ab18aa6f64c2,394bef659dae91ff14c0f5db47405c4925862ac9988cd1af1aca1a71eab34c22
raw/aduana/2014/NOVIEMBRE/2014_NOVIEMBRE_Nivel_Item.csv.gz,https://datosabiertos.aduana.gov.py/all_data/2014/NOVIEMBRE/2014_NOVIEMBRE_Nivel_Item.csv,"DNA Paraguay, portal de datos abiertos (SOFIA)",2026-09-23T19:10:22.611472+00:00,96356213,bef8fba303684e6ee287c25f67e1a168da98d0b2992ed354fd75836ebf57b3aa,e2f0c811358282b30d5e6b7d66a33f5de4251c54d077618cc8e3434d62216c1c
raw/aduana/2014/DICIEMBRE/2014_DICIEMBRE_Nivel_Item.csv.gz,https://datosabiertos.aduana.gov.py/all_data/2014/DICIEMBRE/2014_DICIEMBRE_Nivel_Item.csv,"DNA Paraguay, portal de datos abiertos (SOFIA)",2026-09-23T19:10:37.311486+00:00,99931055,d9ae1acfe93d85631d7694b630f8fccf12d173e42a6a48626d62fae9b07e2c6d,b72d288a011e00f5b1b6cab5f64f4b247d346fe5adb0dd462a394c8f06748089
raw/aduana/2015/ENERO/2015_ENERO_Nivel_Item.csv.gz,https://datosabiertos.aduana.gov.py/all_data/2015/ENERO/2015_ENERO_Nivel_Item.csv,"DNA Paraguay, portal de datos abiertos (SOFIA)",2026-09-23T19:10:50.236189+00:00,85434979,50e3a63a1a325b1bc0e3ae8e811faae4b7d82bc5e3ffe2a59cd9387e505eb927,d936253ca6993a44961472a700c2fdb6cb27a4ad1ba8cf7f5a67fe0350093abe
raw/aduana/2015/MARZO/2015_MARZO_Nivel_Item.csv.gz,https://datosabiertos.aduana.gov.py/all_data/2015/MARZO/2015_MARZO_Nivel_Item.csv,"DNA Paraguay, portal de datos abiertos (SOFIA)",2026-09-23T19:11:06.079675+00:00,102532169,263b78b9fb2b25e95693d2a4a8c12d0e8d08290a518bbcf1635df7f93e1b53da,a447659ca959961c94f7aef04e0bc853fdbf20969f4eed2dbad2abd700dda545
raw/aduana/2015/ABRIL/2015_ABRIL_Nivel_Item.csv.gz,https://datosabiertos.aduana.gov.py/all_data/2015/ABRIL/2015_ABRIL_Nivel_Item.csv,"DNA Paraguay, portal de datos abiertos (SOFIA)",2026-09-23T19:11:21.052629+00:00,90205813,a03ab0e8f8d8d9a5e34d6811bdb9925cec21ef106e35ca47fb90886b0cf2b362,7820aac8fa54db2d502307ac23dd9465d14b8a24da71eee7dcd4c5dd41a670de
raw/aduana/2015/MAYO/2015_MAYO_Nivel_Item.csv.gz,https://datosabiertos.aduana.gov.py/all_data/2015/MAYO/2015_MAYO_Nivel_Item.csv,"DNA Paraguay, portal de datos abiertos (SOFIA)",2026-09-23T19:11:35.184830+00:00,82368413,a33ee234ba5093fbab78d9ef59d74dc754d66b4b1d16f1aeb9e30b14ff471147,fbf41532fe8326e7b05304b405cd5ce31554cbd08753b30aa0d069c425b93fdb
raw/aduana/2015/JUNIO/2015_JUNIO_Nivel_Item.csv.gz,https://datosabiertos.aduana.gov.py/all_data/2015/JUNIO/2015_JUNIO_Nivel_Item.csv,"DNA Paraguay, portal de datos abiertos (SOFIA)",2026-09-23T19:11:49.917712+00:00,88287901,648f01e4dfa5aa5fa8f3da7589601201149adf27fcad493de1b8216fd6adae71,f961d17dcbbe27df39413607f9c0df210e239a467b573976be88bb345a238ac9
raw/aduana/2015/JULIO/2015_JULIO_Nivel_Item.csv.gz,https://datosabiertos.aduana.gov.py/all_data/2015/JULIO/2015_JULIO_Nivel_Item.csv,"DNA Paraguay, portal de datos abiertos (SOFIA)",2026-09-23T19:12:04.753009+00:00,94902613,34ba5877ec5f0b2790683908dce4eee0b6a9818f1f0d2c115602556cde82a1eb,0439a9f3eeb0b0cd603ac941ff1862ee07a988b9fb20f63996abe9a2af21b6b4
raw/aduana/2015/AGOSTO/2015_AGOSTO_Nivel_Item.csv.gz,https://datosabiertos.aduana.gov.py/all_data/2015/AGOSTO/2015_AGOSTO_Nivel_Item.csv,"DNA Paraguay, portal de datos abiertos (SOFIA)",2026-09-23T19:12:19.218051+00:00,94229448,54440ad084c62d89046e78b6189b39490569e4e52684f3cb9d469c0b4b90a463,a56f67136e4cd778876bbd787ca914edc57bafe1d0d734c35a71b183a7631176
raw/aduana/2015/SEPTIEMBRE/2015_SEPTIEMBRE_Nivel_Item.csv.gz,https://datosabiertos.aduana.gov.py/all_data/2015/SEPTIEMBRE/2015_SEPTIEMBRE_Nivel_Item.csv,"DNA Paraguay, portal de datos abiertos (SOFIA)",2026-09-23T19:12:33.218944+00:00,94183364,54d7a1e31ff78a38bfbd7b92cd51193e929557f994ca01d43d5bb4e112b89c17,b3245e6cac1c2bcd8b9a991d144301ee3b3064c263b5ed91e4163eb43db08e10
raw/aduana/2015/OCTUBRE/2015_OCTUBRE_Nivel_Item.csv.gz,https://datosabiertos.aduana.gov.py/all_data/2015/OCTUBRE/2015_OCTUBRE_Nivel_Item.csv,"DNA Paraguay, portal de datos abiertos (SOFIA)",2026-09-23T19:12:47.538645+00:00,97872956,ee03ea4eea7a8fee00ee985a560bb399aa245d600095e39e72674a4318c199af,5c0faf13097b84be4213680752063c2f716cb93f07cc6f71ad3e55f900168687
raw/aduana/2015/NOVIEMBRE/2015_NOVIEMBRE_Nivel_Item.csv.gz,https://datosabiertos.aduana.gov.py/all_data/2015/NOVIEMBRE/2015_NOVIEMBRE_Nivel_Item.csv,"DNA Paraguay, portal de datos abiertos (SOFIA)",2026-09-23T19:13:01.441183+00:00,94078946,039ab2e033d88d5c984957aa9cca5b37e5f5426c976718d516fe7698f34a7082,fc93bb9065b93430fa7e2362905bb493eff4301f5e966fd308e4ea9e49b7277b
raw/aduana/2015/DICIEMBRE/2015_DICIEMBRE_Nivel_Item.csv.gz,https://datosabiertos.aduana.gov.py/all_data/2015/DICIEMBRE/2015_DICIEMBRE_Nivel_Item.csv,"DNA Paraguay, portal de datos abiertos (SOFIA)",2026-09-23T19:13:14.917053+00:00,91379384,89ca563af1a98e0f30313fffddf4a6f87671f69ec99cfbf4b01afc358f79ad71,7d3a87a3ad6c9681ad8538c3ef1ae3e883ee2aa16f88e377e10bce79561b7299
raw/aduana/2015/FEBRERO/2015_FEBRERO_Nivel_Item.csv.gz,https://datosabiertos.aduana.gov.py/all_data/2015/FEBRERO/2015_FEBRERO_Nivel_Item.csv,"DNA Paraguay, portal de datos abiertos (SOFIA)",2026-09-23T19:13:27.406585+00:00,82801863,944061fe013a5d981535e31376ecfb0e1602eb01afeaf10174034572234c7328,032db554a1e8cec9c2d7dd283a7de3377469c8dc15d5e679591b711d2042e415
raw/aduana/2016/ENERO/2016_ENERO_Nivel_Item.csv.gz,https://datosabiertos.aduana.gov.py/all_data/2016/ENERO/2016_ENERO_Nivel_Item.csv,"DNA Paraguay, portal de datos abiertos (SOFIA)",2026-09-23T19:13:39.024377+00:00,78216669,5f2a36649fdd6ee73f52f3bfd4aacbd4a56190a69af35b056a94d2676bd9b8d5,d913490b35fa80b438d4bd048625524a7ae994638ee80bfa2da05efc5b2728bc
raw/aduana/2016/FEBRERO/2016_FEBRERO_Nivel_Item.csv.gz,https://datosabiertos.aduana.gov.py/all_data/2016/FEBRERO/2016_FEBRERO_Nivel_Item.csv,"DNA Paraguay, portal de datos abiertos (SOFIA)",2026-09-23T19:13:51.079213+00:00,78821865,114a11781aca72c0401ea2b90e65fcea9782e6ba95f4e5725889fc86fb58541a,dfce022d13b6266bf470acadf29c700b3bf26a37bd443c3b4bf938855871a21b
raw/aduana/2016/MARZO/2016_MARZO_Nivel_Item.csv.gz,https://datosabiertos.aduana.gov.py/all_data/2016/MARZO/2016_MARZO_Nivel_Item.csv,"DNA Paraguay, portal de datos abiertos (SOFIA)",2026-09-23T19:14:04.648558+00:00,91367425,48f225aef30a4cda57053a47807053fb0a1f26871eb2483cd10ae86a8d505663,b453cfbc0b1c24cf8bdcd0677b4e102ac28992ac6e96826a23b8ac98ee7530e7
raw/aduana/2016/ABRIL/2016_ABRIL_Nivel_Item.csv.gz,https://datosabiertos.aduana.gov.py/all_data/2016/ABRIL/2016_ABRIL_Nivel_Item.csv,"DNA Paraguay, portal de datos abiertos (SOFIA)",2026-09-23T19:14:18.011069+00:00,86607258,43db6486ce64468e4ac8ca16afeeaa35035b72724c7229a8a7c4960cb8e699e4,ea95a10ebe314131794343bbf29dfafcd4476eb28370bb0b678974f10976bc71
raw/aduana/2016/MAYO/2016_MAYO_Nivel_Item.csv.gz,https://datosabiertos.aduana.gov.py/all_data/2016/MAYO/2016_MAYO_Nivel_Item.csv,"DNA Paraguay, portal de datos abiertos (SOFIA)",2026-09-23T19:14:33.932608+00:00,96474026,f054de5daa884a3a7fcc79c112376831f156cc0507dfaf4b89fb2d6165c1d03b,ce69c517140ae82c91a0c6d7ecbb620ff3eeee65fffeb6b0be6c8daf42f2ca35
raw/aduana/2016/JUNIO/2016_JUNIO_Nivel_Item.csv.gz,https://datosabiertos.aduana.gov.py/all_data/2016/JUNIO/2016_JUNIO_Nivel_Item.csv,"DNA Paraguay, portal de datos abiertos (SOFIA)",2026-09-23T19:14:49.021185+00:00,96303103,785ed1dfd9687d271f8d45d4a5045a55a6af9aada79cafd2e9f7382bd9024ed1,83a855c9980e0d4ecb78cab7a2a6aec2df4d42197fc68ebb1efdd8a1a5fb434f
raw/aduana/2016/JULIO/2016_JULIO_Nivel_Item.csv.gz,https://datosabiertos.aduana.gov.py/all_data/2016/JULIO/2016_JULIO_Nivel_Item.csv,"DNA Paraguay, portal de datos abiertos (SOFIA)",2026-09-23T19:15:03.118554+00:00,93620613,0fde4547d62a1fdbb476663a1a96123e567b80c879c808da3daddb4669cd7a87,02487d0ac760f68991bb9db7e66b532f090bd1e7f657bf982331f7437a50745e
raw/aduana/2016/AGOSTO/2016_AGOSTO_Nivel_Item.csv.gz,https://datosabiertos.aduana.gov.py/all_data/2016/AGOSTO/2016_AGOSTO_Nivel_Item.csv,"DNA Paraguay, portal de datos abiertos (SOFIA)",2026-09-23T19:15:18.381370+00:00,103651880,1a3af7068b926568942793b032f35cef37d824573ceb0180170b0da729b8c8f9,3ab415cd94e2c46a4a1aa8e9ae68ced3de8f68c85ce2f71aa8e38f061ec76f62
raw/aduana/2016/SEPTIEMBRE/2016_SEPTIEMBRE_Nivel_Item.csv.gz,https://datosabiertos.aduana.gov.py/all_data/2016/SEPTIEMBRE/2016_SEPTIEMBRE_Nivel_Item.csv,"DNA Paraguay, portal de datos abiertos (SOFIA)",2026-09-23T19:15:34.628284+00:00,111223767,41c60f4cf298cf591c240873fc732788b1fab6cc93afbe88d968f2a591f2d0b3,622fde55f606450c2851d819c2275b7fb220794f283c2f0b3987ed67d9e0cb4e
raw/aduana/2016/OCTUBRE/2016_OCTUBRE_Nivel_Item.csv.gz,https://datosabiertos.aduana.gov.py/all_data/2016/OCTUBRE/2016_OCTUBRE_Nivel_Item.csv,"DNA Paraguay, portal de datos abiertos (SOFIA)",2026-09-23T19:15:49.419303+00:00,101763347,fba148d8cdeda1b1740d2ce2f665bb87cde53f9ba9ed6ef8e8a932031eeb9c88,36df04d5cb9c4c8b0c16103c885d893f809720a354b60f4621a380ef0c794c62
raw/aduana/2016/NOVIEMBRE/2016_NOVIEMBRE_Nivel_Item.csv.gz,https://datosabiertos.aduana.gov.py/all_data/2016/NOVIEMBRE/2016_NOVIEMBRE_Nivel_Item.csv,"DNA Paraguay, portal de datos abiertos (SOFIA)",2026-09-23T19:16:06.163943+00:00,110174752,48a6b36e7ccab6180cf9b941b9a59126f14de769939464694faf8424b6086d5a,a23b66da10e7760d97aaf0e619c0ce4569638424acc08ca0dc2dcc3dbd7e82f5
raw/aduana/2016/DICIEMBRE/2016_DICIEMBRE_Nivel_Item.csv.gz,https://datosabiertos.aduana.gov.py/all_data/2016/DICIEMBRE/2016_DICIEMBRE_Nivel_Item.csv,"DNA Paraguay, portal de datos abiertos (SOFIA)",2026-09-23T19:16:22.505504+00:00,112307891,9bb2d1be9306e37f38f84f7da4de14cbe93d88ee367415954d4c8c7104a7f0e3,4bc73df0786a26749cb7102d1132c944abb4783fe48f3560bf76a83e6dea44f2
raw/aduana/2017/ENERO/2017_ENERO_Nivel_Item.csv.gz,https://datosabiertos.aduana.gov.py/all_data/2017/ENERO/2017_ENERO_Nivel_Item.csv,"DNA Paraguay, portal de datos abiertos (SOFIA)",2026-09-23T19:16:37.126458+00:00,98846970,7c4fd624652dcd4171bb3a33502a006e3fc2fb39b676f81fe8db693aa3f16aee,9a9ce46822960475e30e600b5e01e9261b418258994cce539d00c7438a646688
raw/aduana/2017/FEBRERO/2017_FEBRERO_Nivel_Item.csv.gz,https://datosabiertos.aduana.gov.py/all_data/2017/FEBRERO/2017_FEBRERO_Nivel_Item.csv,"DNA Paraguay, portal de datos abiertos (SOFIA)",2026-09-23T19:16:50.983082+00:00,93884618,f62311c14cd6f21268dd930ec95d3bb6daa35d46c87a0a4cf35d686ae41b75ae,d633f33d33a662d7d8671022a335f56107ef3e1faff2a677b771287ddc664a85
raw/aduana/2017/MARZO/2017_MARZO_Nivel_Item.csv.gz,https://datosabiertos.aduana.gov.py/all_data/2017/MARZO/2017_MARZO_Nivel_Item.csv,"DNA Paraguay, portal de datos abiertos (SOFIA)",2026-09-23T19:17:08.453065+00:00,119388519,c9f98408f9ed222767653b7db18ab7284d9d647bb285c5b766809babdc12ed00,51a72b4242dbc3b437fcba6fcdeeeee27e67f43fc09db751ea0136e0a0be68cb
raw/aduana/2017/ABRIL/2017_ABRIL_Nivel_Item.csv.gz,https://datosabiertos.aduana.gov.py/all_data/2017/ABRIL/2017_ABRIL_Nivel_Item.csv,"DNA Paraguay, portal de datos abiertos (SOFIA)",2026-09-23T19:17:22.943382+00:00,97935650,cc49b456858fc618ca42932d4e7dd0aa52f67971af6d0e4dd9940f22141e9f5d,ea5d562217111255526146023b36247bfd47ec3a49cd231f8f2a9d0adef2bcea
raw/aduana/2017/MAYO/2017_MAYO_Nivel_Item.csv.gz,https://datosabiertos.aduana.gov.py/all_data/2017/MAYO/2017_MAYO_Nivel_Item.csv,"DNA Paraguay, portal de datos abiertos (SOFIA)",2026-09-23T19:17:39.840888+00:00,114372447,4574122084bca5aaf048e5635846c5d21135c9f239330454991b4a058c0a58bd,1647cfb466a4473145fb30386cfa4c6894bc916777c18b8c5a11e4423b956fdc
raw/aduana/2017/JUNIO/2017_JUNIO_Nivel_Item.csv.gz,https://datosabiertos.aduana.gov.py/all_data/2017/JUNIO/2017_JUNIO_Nivel_Item.csv,"DNA Paraguay, portal de datos abiertos (SOFIA)",2026-09-23T19:17:56.243005+00:00,108042093,4d1230e6aacf1377aaf8a185db4b5106a1c8500758a6b28a478222832e5e0027,2ef6a27af0181aeb2c85a80f25728981d65d22b2c092ca271b111caf4281b0c4
raw/aduana/2017/JULIO/2017_JULIO_Nivel_Item.csv.gz,https://datosabiertos.aduana.gov.py/all_data/2017/JULIO/2017_JULIO_Nivel_Item.csv,"DNA Paraguay, portal de datos abiertos (SOFIA)",2026-09-23T19:18:12.654162+00:00,111630594,a9e0118f9538ccdf8749ba3a4699b18c801020bbe5a3104a30ac4e1b0a8672c5,931f7f3df5d0c5be6a18ce01388035f292f6e586d50df94997607b5eae95ac48
raw/aduana/2017/AGOSTO/2017_AGOSTO_Nivel_Item.csv.gz,https://datosabiertos.aduana.gov.py/all_data/2017/AGOSTO/2017_AGOSTO_Nivel_Item.csv,"DNA Paraguay, portal de datos abiertos (SOFIA)",2026-09-23T19:18:31.645240+00:00,130801008,0498381b08725a8e63e7b1b5d88225b2e78e9adfa6a2d74506ed4d83e61eab83,2742e34d971947d4f09fdb2b650a5f00d9e70e807f7f6fc4b253755858836bdc
raw/aduana/2017/SEPTIEMBRE/2017_SEPTIEMBRE_Nivel_Item.csv.gz,https://datosabiertos.aduana.gov.py/all_data/2017/SEPTIEMBRE/2017_SEPTIEMBRE_Nivel_Item.csv,"DNA Paraguay, portal de datos abiertos (SOFIA)",2026-09-23T19:18:48.879347+00:00,117332346,e3da813480925e307bfb64a06da0a2ac54fd42f4ecbbc1efc7c3a8d20dd2844d,2b42c969d8fa93894a8c76d42a0b3d10767dbf0bc937d3f95a89a4c0b2013d65
raw/aduana/2017/OCTUBRE/2017_OCTUBRE_Nivel_Item.csv.gz,https://datosabiertos.aduana.gov.py/all_data/2017/OCTUBRE/2017_OCTUBRE_Nivel_Item.csv,"DNA Paraguay, portal de datos abiertos (SOFIA)",2026-09-23T19:19:08.281906+00:00,128909925,89aba4c9ed80cb442cd7dad6df7aee6200bd8647bc98b3cd2dae5b3d13e6a75b,68a831c937c40da878b0254b552f2ed47dee116ce7fef830c4d10214065b6aed
raw/aduana/2017/NOVIEMBRE/2017_NOVIEMBRE_Nivel_Item.csv.gz,https://datosabiertos.aduana.gov.py/all_data/2017/NOVIEMBRE/2017_NOVIEMBRE_Nivel_Item.csv,"DNA Paraguay, portal de datos abiertos (SOFIA)",2026-09-23T19:19:26.440606+00:00,123531035,c0ceec5c1221761564d72084e6d136be930bfbe6980d6f6f1f40afd13c44af47,933a48fef7a908b115c37eb82839043772531d40b68a52062a1f3bd5582a7b2d
raw/aduana/2017/DICIEMBRE/2017_DICIEMBRE_Nivel_Item.csv.gz,https://datosabiertos.aduana.gov.py/all_data/2017/DICIEMBRE/2017_DICIEMBRE_Nivel_Item.csv,"DNA Paraguay, portal de datos abiertos (SOFIA)",2026-09-23T19:19:45.555973+00:00,122850771,71d48194eefcf06e760e1e6b767c45307ac37cc0ba6938e1ae3c20b6424513ec,d96bdcd7b81393eb3167226bf3ffd1399ddefce3829bf717ac9c94a4803cce79
raw/aduana/2018/ENERO/2018_ENERO_Nivel_Item.csv.gz,https://datosabiertos.aduana.gov.py/all_data/2018/ENERO/2018_ENERO_Nivel_Item.csv,"DNA Paraguay, portal de datos abiertos (SOFIA)",2026-09-23T19:20:03.578907+00:00,119147625,64270ae57f50be645835a89d33f0cd56e7408f8240955e066ad35d4144e05256,5ec0d4807e8bfbc2ec6290dda6d9803dd1181a7ddd6eaedf022c34db4424c328
raw/aduana/2018/FEBRERO/2018_FEBRERO_Nivel_Item.csv.gz,https://datosabiertos.aduana.gov.py/all_data/2018/FEBRERO/2018_FEBRERO_Nivel_Item.csv,"DNA Paraguay, portal de datos abiertos (SOFIA)",2026-09-23T19:20:22.106520+00:00,113275234,b60fcf120ffdd36f57c45231bcf76573f9e5ff1abd858463e2adc094ff2c0a10,3cc260b4c656a77f870f5df93bd00083acda050b3af91643d21a50b656a30e3c
raw/aduana/2018/MARZO/2018_MARZO_Nivel_Item.csv.gz,https://datosabiertos.aduana.gov.py/all_data/2018/MARZO/2018_MARZO_Nivel_Item.csv,"DNA Paraguay, portal de datos abiertos (SOFIA)",2026-09-23T19:20:39.956492+00:00,123193142,1d981e898e4989b4928f0ba4dfa4b30490b75db9210487b5d1ff12f8feef850a,ec365e2b32cadf9ecefc2a1ebbe8680914105355a67306fc58d9c7002c80d0e6
raw/aduana/2018/ABRIL/2018_ABRIL_Nivel_Item.csv.gz,https://datosabiertos.aduana.gov.py/all_data/2018/ABRIL/2018_ABRIL_Nivel_Item.csv,"DNA Paraguay, portal de datos abiertos (SOFIA)",2026-09-23T19:20:59.203356+00:00,132340864,64fda162cf8235275bb57405e6fb79a6aa0ccf9efc87a1ce921decc4d8abc24b,091161cad03617710645916481c192b7dac6e775118e60fa1bd414cdde4ef502
raw/aduana/2018/MAYO/2018_MAYO_Nivel_Item.csv.gz,https://datosabiertos.aduana.gov.py/all_data/2018/MAYO/2018_MAYO_Nivel_Item.csv,"DNA Paraguay, portal de datos abiertos (SOFIA)",2026-09-23T19:21:16.281058+00:00,117168821,92c6aa01cef84092ef721922ac5f746e51e8a30fdce4c5733d030dd81c86ffb5,52e31ef1a7e1d5afbdfe546ec007870e6ff307eb3ae4c3e99f6b79d9404fedbe
raw/aduana/2018/JUNIO/2018_JUNIO_Nivel_Item.csv.gz,https://datosabiertos.aduana.gov.py/all_data/2018/JUNIO/2018_JUNIO_Nivel_Item.csv,"DNA Paraguay, portal de datos abiertos (SOFIA)",2026-09-23T19:21:35.079735+00:00,121376942,c7d64e0be0bcc4025a9dacb3ecffca180fe70fa385d598e7212ee388fc434e85,3e3d5f701810df4badb33cc780bb39d7b1f9a0ffe76eb8acd422dedfd96d6988
raw/aduana/2018/JULIO/2018_JULIO_Nivel_Item.csv.gz,https://datosabiertos.aduana.gov.py/all_data/2018/JULIO/2018_JULIO_Nivel_Item.csv,"DNA Paraguay, portal de datos abiertos (SOFIA)",2026-09-23T19:21:54.649413+00:00,132352385,10242ea64ad80b7408271358d28e1ea623614819fc484e261258ecb2f7745f12,08006dbc98c7b7cae4db0b04a7f793d6c9a69ca091e22f58869435305c9f6909
raw/aduana/2018/AGOSTO/2018_AGOSTO_Nivel_Item.csv.gz,https://datosabiertos.aduana.gov.py/all_data/2018/AGOSTO/2018_AGOSTO_Nivel_Item.csv,"DNA Paraguay, portal de datos abiertos (SOFIA)",2026-09-23T19:22:15.134014+00:00,143602577,0510749af110de50332f73a8bb80922c62f0dd4560d96036f5cad81b31fa3652,e6d096f0dd16e8931a4968caf2f56d9bcbb66bfb601c0e1e50a7e51063982b7a
raw/aduana/2018/SEPTIEMBRE/2018_SEPTIEMBRE_Nivel_Item.csv.gz,https://datosabiertos.aduana.gov.py/all_data/2018/SEPTIEMBRE/2018_SEPTIEMBRE_Nivel_Item.csv,"DNA Paraguay, portal de datos abiertos (SOFIA)",2026-09-23T19:22:33.800062+00:00,130063691,e202b4c43bb6fa933ec599c6fbbbba811ab001ec92bb217fdbd4dfba799ecf7e,7b03ff29ab0ef129458cd389f6eb6706a1eee328a5dd9268a6c5c5dfc6cbf444
raw/aduana/2018/OCTUBRE/2018_OCTUBRE_Nivel_Item.csv.gz,https://datosabiertos.aduana.gov.py/all_data/2018/OCTUBRE/2018_OCTUBRE_Nivel_Item.csv,"DNA Paraguay, portal de datos abiertos (SOFIA)",2026-09-23T19:22:55.050655+00:00,144800086,399a94b90112ee4afbd3afecdcea1a169b9562c4f13073366a44f7354eedc3bd,3f1ee1d13ac0d00db027deffb3839d8150ff0338dc8d7a9de338326f3cfc008d
raw/aduana/2018/NOVIEMBRE/2018_NOVIEMBRE_Nivel_Item.csv.gz,https://datosabiertos.aduana.gov.py/all_data/2018/NOVIEMBRE/2018_NOVIEMBRE_Nivel_Item.csv,"DNA Paraguay, portal de datos abiertos (SOFIA)",2026-09-23T19:23:15.423103+00:00,138119575,7e38c790fa7f79f7a5a1f6119feb743dbc10979d30126e7bf6cdc0433d8902cd,138c04b981d4aebe692d13e32cc56d4286f2b52415b883f9b86d580dcae650e3
raw/aduana/2018/DICIEMBRE/2018_DICIEMBRE_Nivel_Item.csv.gz,https://datosabiertos.aduana.gov.py/all_data/2018/DICIEMBRE/2018_DICIEMBRE_Nivel_Item.csv,"DNA Paraguay, portal de datos abiertos (SOFIA)",2026-09-23T19:23:32.359034+00:00,118177791,ee25e603622b69aa3b9362f941b7a869952ab40e5f5712e3e1539c289a2bea7d,4039001821e7ec66654f121544020d2c212dd4f089e81bd1b38412d5bb0e5e1f
raw/aduana/2019/ENERO/2019_ENERO_Nivel_Item.csv.gz,https://datosabiertos.aduana.gov.py/all_data/2019/ENERO/2019_ENERO_Nivel_Item.csv,"DNA Paraguay, portal de datos abiertos (SOFIA)",2026-09-23T19:23:48.922156+00:00,114781455,e8a7eddf70d52efc91e375ee3dfa0337f632c3ab6a122951d4e407c2b461a308,421349c4ff6dd86bfe23365a0dde4569cdd437d9f73cdff7514da443f998bfb7
raw/aduana/2019/FEBRERO/2019_FEBRERO_Nivel_Item.csv.gz,https://datosabiertos.aduana.gov.py/all_data/2019/FEBRERO/2019_FEBRERO_Nivel_Item.csv,"DNA Paraguay, portal de datos abiertos (SOFIA)",2026-09-23T19:24:06.321008+00:00,119069456,3f56f4908de77b82ea113ecbaf0e1ee23246b67651d975178231551bcd81acf3,de1eeb1b46c17da9ab160119d8aba71f348afd05a595f565468b5747b1c7acc3
raw/aduana/2019/MARZO/2019_MARZO_Nivel_Item.csv.gz,https://datosabiertos.aduana.gov.py/all_data/2019/MARZO/2019_MARZO_Nivel_Item.csv,"DNA Paraguay, portal de datos abiertos (SOFIA)",2026-09-23T19:24:23.674499+00:00,120325098,6c72860e533a407d5c07358d412b560dcdc16dd964f741724fc574d35f640bbf,ab4acc491e57390d9a663895bb31ef5c14e6113ce072e9c973c6e4675aa40cb5
raw/aduana/2019/ABRIL/2019_ABRIL_Nivel_Item.csv.gz,https://datosabiertos.aduana.gov.py/all_data/2019/ABRIL/2019_ABRIL_Nivel_Item.csv,"DNA Paraguay, portal de datos abiertos (SOFIA)",2026-09-23T19:24:42.887685+00:00,123962420,961e4ddfca165264699f2b7126440e95617349b750f50797f218e69d642ea16c,03165f59e0d588c85fbc05cfaa6385f79f567718b0c246bce54ebd4e6e0b03b3
raw/aduana/2019/MAYO/2019_MAYO_Nivel_Item.csv.gz,https://datosabiertos.aduana.gov.py/all_data/2019/MAYO/2019_MAYO_Nivel_Item.csv,"DNA Paraguay, portal de datos abiertos (SOFIA)",2026-09-23T19:25:01.498712+00:00,128684003,d937e59d08ed542a4a02cf200a6c31c56e984c5e4482e6ca371f2fea48f82545,a63f3f332b9cb9d972737b14a778399a7178b5dffce0457f6db143800f9fea9c
raw/aduana/2019/JUNIO/2019_JUNIO_Nivel_Item.csv.gz,https://datosabiertos.aduana.gov.py/all_data/2019/JUNIO/2019_JUNIO_Nivel_Item.csv,"DNA Paraguay, portal de datos abiertos (SOFIA)",2026-09-23T19:25:17.676627+00:00,111351375,56548038219f8a4cb6ac47e42d0e00c3bdb32681534a88c8719940cd049fa9bd,3fc604c4fb1dca607ab7162afdcbca397f321df8e5f3e9756c9e22c116d7accc
raw/aduana/2019/JULIO/2019_JULIO_Nivel_Item.csv.gz,https://datosabiertos.aduana.gov.py/all_data/2019/JULIO/2019_JULIO_Nivel_Item.csv,"DNA Paraguay, portal de datos abiertos (SOFIA)",2026-09-23T19:25:38.094383+00:00,135516802,79acab056bd18588704fdeaf73c5c36785c09804ea0ab9508f355a9f25874a5d,45a8e49b4e6a4bba0c7af3407997120e2aabaf7209df12d8a0a0ec2f49523720
raw/aduana/2019/AGOSTO/2019_AGOSTO_Nivel_Item.csv.gz,https://datosabiertos.aduana.gov.py/all_data/2019/AGOSTO/2019_AGOSTO_Nivel_Item.csv,"DNA Paraguay, portal de datos abiertos (SOFIA)",2026-09-23T19:25:57.676829+00:00,134241688,14594cbcd2ae3e748561460ef66992a885d82bae59e6e0824ac28cc76a9b7b43,fcc081e31e0e72488559a35a347cc3e49c5c397c1bf647ac6b8aa1d5a9a9baa7
raw/aduana/2019/OCTUBRE/2019_OCTUBRE_Nivel_Item.csv.gz,https://datosabiertos.aduana.gov.py/all_data/2019/OCTUBRE/2019_OCTUBRE_Nivel_Item.csv,"DNA Paraguay, portal de datos abiertos (SOFIA)",2026-09-23T19:26:17.910367+00:00,141346081,02c0539bda58cd510f74c5b732cd8e17d9a5bf70ed7763a2b6b688cff574c023,88775b82fd4f8da925414b89c9d1e8d92f5b2c71c26d8c3c887fb39db696f8d9
raw/aduana/2019/NOVIEMBRE/2019_NOVIEMBRE_Nivel_Item.csv.gz,https://datosabiertos.aduana.gov.py/all_data/2019/NOVIEMBRE/2019_NOVIEMBRE_Nivel_Item.csv,"DNA Paraguay, portal de datos abiertos (SOFIA)",2026-09-23T19:26:37.857410+00:00,137562592,77c1304874e106fb374fb2d018a3cda5748c6d86c714976efc44d80582c9957e,f1de9ff26afc419c9f9d64bc51dd7cb2df76b6f9a9bb13d2f75cfd66bec8ee88
raw/aduana/2019/DICIEMBRE/2019_DICIEMBRE_Nivel_Item.csv.gz,https://datosabiertos.aduana.gov.py/all_data/2019/DICIEMBRE/2019_DICIEMBRE_Nivel_Item.csv,"DNA Paraguay, portal de datos abiertos (SOFIA)",2026-09-23T19:26:56.496616+00:00,127571124,786241e7c7200cf986a93120c0d1468207c84582ef3870cfec24326733f8748a,5227dc1ce06d8f177a4f060ebd26b887ed3975816f15b2bf3c2de99065911dc9
raw/aduana/2019/SEPTIEMBRE/2019_SEPTIEMBRE_Nivel_Item.csv.gz,https://datosabiertos.aduana.gov.py/all_data/2019/SEPTIEMBRE/2019_SEPTIEMBRE_Nivel_Item.csv,"DNA Paraguay, portal de datos abiertos (SOFIA)",2026-09-23T19:27:15.946469+00:00,135029172,7b4a628949ac062047444d2bdc3709b0df5829163e05415fa60e1599be2bad1c,ea92f2ffd53e0e194e0149f98f1d1e512c8b8dd8f3fa1ce802faeec7a8f0afda
raw/aduana/2020/ENERO/2020_ENERO_Nivel_Item.csv.gz,https://datosabiertos.aduana.gov.py/all_data/2020/ENERO/2020_ENERO_Nivel_Item.csv,"DNA Paraguay, portal de datos abiertos (SOFIA)",2026-09-23T19:27:33.844926+00:00,123183746,814bd6ccee0999e4d484fbd5ee3862c6bbab681c5066312331af8d452f130659,7240964083161c309904bdff08aa1789339c4a8a75159a20fa85762364526a0c
raw/aduana/2020/FEBRERO/2020_FEBRERO_Nivel_Item.csv.gz,https://datosabiertos.aduana.gov.py/all_data/2020/FEBRERO/2020_FEBRERO_Nivel_Item.csv,"DNA Paraguay, portal de datos abiertos (SOFIA)",2026-09-23T19:27:50.991618+00:00,119230003,52f7e345240c5ac76692c5bef4602cf0cf6d70e6bb86c882819ea4a4df0f5498,fe4b1fbbbfb2781682b361559df821481dc40a3f064e27f477fef9fcab8f7f5b
raw/aduana/2020/MARZO/2020_MARZO_Nivel_Item.csv.gz,https://datosabiertos.aduana.gov.py/all_data/2020/MARZO/2020_MARZO_Nivel_Item.csv,"DNA Paraguay, portal de datos abiertos (SOFIA)",2026-09-23T19:28:06.883922+00:00,105582880,79020a22c4a9fa3f0776ea76e82524cb2f5ef56bacad3aebcfe0e88f54c49ffd,1d09dbb0a4a0758088136eb4bddfb4a6189e98590c2b3fa9755f45e6f3c7638f
raw/aduana/2020/ABRIL/2020_ABRIL_Nivel_Item.csv.gz,https://datosabiertos.aduana.gov.py/all_data/2020/ABRIL/2020_ABRIL_Nivel_Item.csv,"DNA Paraguay, portal de datos abiertos (SOFIA)",2026-09-23T19:28:15.092181+00:00,52093948,d26b53d9a420885a900a4fbf9994bf3c4fa902b86cc4b3d8ca07a632d528a72e,3e81087bfea42232388f067c57809415337d10a5263dd5479c6d0ed8b862250f
raw/aduana/2020/MAYO/2020_MAYO_Nivel_Item.csv.gz,https://datosabiertos.aduana.gov.py/all_data/2020/MAYO/2020_MAYO_Nivel_Item.csv,"DNA Paraguay, portal de datos abiertos (SOFIA)",2026-09-23T19:28:25.938911+00:00,71070352,bbf5295ca5a23da25c3dee55d5864eb5d3313127fb0ac9f8827372779295b8ae,7f25548dab5330d66f1e8191717ab48e71f7312faad2dbbd614cce18f41ff9a8
raw/aduana/2020/JUNIO/2020_JUNIO_Nivel_Item.csv.gz,https://datosabiertos.aduana.gov.py/all_data/2020/JUNIO/2020_JUNIO_Nivel_Item.csv,"DNA Paraguay, portal de datos abiertos (SOFIA)",2026-09-23T19:28:40.471628+00:00,92090657,da9b66dcfee3a3b2a96cc30e0ca80a38c28e30bd91cf3e2982e3d8a17b0dc7dc,80ebf8f0c56843af0f7f6dfb01d20518fc241037073e24aea88238128808d564
raw/aduana/2020/JULIO/2020_JULIO_Nivel_Item.csv.gz,https://datosabiertos.aduana.gov.py/all_data/2020/JULIO/2020_JULIO_Nivel_Item.csv,"DNA Paraguay, portal de datos abiertos (SOFIA)",2026-09-23T19:28:58.254679+00:00,110053025,4c0d6d3a43e938fe7c49d3c6d239c5c4a27393e4d711c5593522887bc7e46ff5,c825b85d36686756de0e808f0bc66d0401fadc0889bf859bd8fa686ff132052c
raw/aduana/2020/AGOSTO/2020_AGOSTO_Nivel_Item.csv.gz,https://datosabiertos.aduana.gov.py/all_data/2020/AGOSTO/2020_AGOSTO_Nivel_Item.csv,"DNA Paraguay, portal de datos abiertos (SOFIA)",2026-09-23T19:29:14.614183+00:00,111059017,ae427b48cbfe7710fb782bb4f79260b5527f2187b0d1da8f4e52bac6e32b2ac6,ab4de839359cceb2a460f102b231fe24874c9d616671a72372c72bb33c404ce7
raw/aduana/2020/SEPTIEMBRE/2020_SEPTIEMBRE_Nivel_Item.csv.gz,https://datosabiertos.aduana.gov.py/all_data/2020/SEPTIEMBRE/2020_SEPTIEMBRE_Nivel_Item.csv,"DNA Paraguay, portal de datos abiertos (SOFIA)",2026-09-23T19:29:31.972656+00:00,120206470,d3f30b516269dc832e589561b82362a779d1d1a93cc826edc25dbef794ec3c67,f91eb92e9cde7b074ff647d0dfcab393ad50c1780fdfc8759f9c1d992246c1b2
raw/aduana/2020/OCTUBRE/2020_OCTUBRE_Nivel_Item.csv.gz,https://datosabiertos.aduana.gov.py/all_data/2020/OCTUBRE/2020_OCTUBRE_Nivel_Item.csv,"DNA Paraguay, portal de datos abiertos (SOFIA)",2026-09-23T19:29:50.535683+00:00,122810371,b20d0026d14458977c503afde6a02cfd1400a961b6b2f238a305dec2c1ffa49f,60d10f26a8ef0449aaf0736bb779acef00eea197ff412bfe57b3e0979bb9140a
raw/aduana/2020/NOVIEMBRE/2020_NOVIEMBRE_Nivel_Item.csv.gz,https://datosabiertos.aduana.gov.py/all_data/2020/NOVIEMBRE/2020_NOVIEMBRE_Nivel_Item.csv,"DNA Paraguay, portal de datos abiertos (SOFIA)",2026-09-23T19:30:09.688649+00:00,129219657,a6c07bfe9a2366615e4833194198fe427527fb1aabd79ad1f243aeb784646774,0aa9d2a76f0df1298841bf14ed1efd686a0fcc60406e6e314c23c5b7633185b6
raw/aduana/2020/DICIEMBRE/2020_DICIEMBRE_Nivel_Item.csv.gz,https://datosabiertos.aduana.gov.py/all_data/2020/DICIEMBRE/2020_DICIEMBRE_Nivel_Item.csv,"DNA Paraguay, portal de datos abiertos (SOFIA)",2026-09-23T19:30:29.882175+00:00,134720116,b6bdebb5e891e3c849a18564657e6470728b13ccd2c6ecc9a3a72955a8ce3d4c,7b5180bd790b05d7b37a34b044897941052cc9a87d3ded4c457d2e652810539b
raw/aduana/2021/ENERO/2021_ENERO_Nivel_Item.csv.gz,https://datosabiertos.aduana.gov.py/all_data/2021/ENERO/2021_ENERO_Nivel_Item.csv,"DNA Paraguay, portal de datos abiertos (SOFIA)",2026-09-23T19:30:45.615360+00:00,108217991,39b7cfd9927952ca1a5010a3bfab1ce1fbdba5effd5811a894f6bbd880131000,19ccc12c1a4d9e15092e4dbcbc7ea65366e4415dd06555c0e7b8bc4a68548c51
raw/aduana/2021/FEBRERO/2021_FEBRERO_Nivel_Item.csv.gz,https://datosabiertos.aduana.gov.py/all_data/2021/FEBRERO/2021_FEBRERO_Nivel_Item.csv,"DNA Paraguay, portal de datos abiertos (SOFIA)",2026-09-23T19:31:03.074023+00:00,120811842,2964e37a390d19e5e24f0440ab68c0e546b4938d22db71394cd39dbc5e9dc02b,fd19668487cc943c7c51570d13c35aed9ff916fd288bd4d7181ef84109dcef6b
raw/aduana/2021/MARZO/2021_MARZO_Nivel_Item.csv.gz,https://datosabiertos.aduana.gov.py/all_data/2021/MARZO/2021_MARZO_Nivel_Item.csv,"DNA Paraguay, portal de datos abiertos (SOFIA)",2026-09-23T19:31:23.641806+00:00,142405980,b14df9907b9a64cf494b616be4ffe6c854c0260fe4419bb496a4887a3b0be382,03206538598a79c1e69ac8b6e357e840417114d17ae7cc6789e7171e7daded95
raw/aduana/2021/ABRIL/2021_ABRIL_Nivel_Item.csv.gz,https://datosabiertos.aduana.gov.py/all_data/2021/ABRIL/2021_ABRIL_Nivel_Item.csv,"DNA Paraguay, portal de datos abiertos (SOFIA)",2026-09-23T19:31:41.734040+00:00,123993619,49876410477ce03cc03d1831ec7f0c2b9d7494e1ae5f71a6c59239bb8754925a,e2b09772ac3a4fda5fcd97a75914c32f97384f149d865fd097e3e8ab0593703e
raw/aduana/2021/MAYO/2021_MAYO_Nivel_Item.csv.gz,https://datosabiertos.aduana.gov.py/all_data/2021/MAYO/2021_MAYO_Nivel_Item.csv,"DNA Paraguay, portal de datos abiertos (SOFIA)",2026-09-23T19:32:01.662067+00:00,126261300,876e157cea705a00b9ab610dd25458cdf55b692fc13d792eed4f664a93166af8,f5ed9b6bcb51330e6641bf87c0e31f87b0020a3edb437a40b0deceabcfe24273
raw/aduana/2021/JUNIO/2021_JUNIO_Nivel_Item.csv.gz,https://datosabiertos.aduana.gov.py/all_data/2021/JUNIO/2021_JUNIO_Nivel_Item.csv,"DNA Paraguay, portal de datos abiertos (SOFIA)",2026-09-23T19:32:20.255464+00:00,130271619,9eabd0fec77026f771855fada7df8b1192eb56c2e768b858e231bb3a94b8027f,c1349a0be63385070dface7b3ba2878580da8b36fe549e8be72bcd2c74cb617f
raw/aduana/2021/JULIO/2021_JULIO_Nivel_Item.csv.gz,https://datosabiertos.aduana.gov.py/all_data/2021/JULIO/2021_JULIO_Nivel_Item.csv,"DNA Paraguay, portal de datos abiertos (SOFIA)",2026-09-23T19:32:39.120773+00:00,130803286,57e0ba82afebdf4fa46e3c75475e08e6d9af3f42610350789d1abd72d3beb9f9,8404b0b54b18161792e4b35b59a05c6eff2e924d4a682362ab48ed9cf21abc4b
raw/aduana/2021/AGOSTO/2021_AGOSTO_Nivel_Item.csv.gz,https://datosabiertos.aduana.gov.py/all_data/2021/AGOSTO/2021_AGOSTO_Nivel_Item.csv,"DNA Paraguay, portal de datos abiertos (SOFIA)",2026-09-23T19:32:57.944272+00:00,126281701,325682a21ae820702712bfbfbeaa04a3f9bdb59e89d223920602f9f4fda02730,5b46b555f4f198d9afe73f424c1319d9c18fc64e33b32f9ca23c8fa76b6b61c9
raw/aduana/2021/SEPTIEMBRE/2021_SEPTIEMBRE_Nivel_Item.csv.gz,https://datosabiertos.aduana.gov.py/all_data/2021/SEPTIEMBRE/2021_SEPTIEMBRE_Nivel_Item.csv,"DNA Paraguay, portal de datos abiertos (SOFIA)",2026-09-23T19:33:17.527733+00:00,136028131,d7b20b66c44977af91c5187cb8360830fdc2c0f273f1689e91d5fcf54e48466e,5f1d6de775f1024cfdd73f70f16557390327488c3ec3a5c347f61b0454f0fa81
raw/aduana/2021/OCTUBRE/2021_OCTUBRE_Nivel_Item.csv.gz,https://datosabiertos.aduana.gov.py/all_data/2021/OCTUBRE/2021_OCTUBRE_Nivel_Item.csv,"DNA Paraguay, portal de datos abiertos (SOFIA)",2026-09-23T19:33:40.082175+00:00,152978785,787399a2110cf38ad32bda2a2ad61f178d872e94231a24c9b51191b70884f522,2afef754d975cb6c49af15ebdda5279e737d933d5b4e3f6dec1d443d8bf4fce9
raw/aduana/2021/NOVIEMBRE/2021_NOVIEMBRE_Nivel_Item.csv.gz,https://datosabiertos.aduana.gov.py/all_data/2021/NOVIEMBRE/2021_NOVIEMBRE_Nivel_Item.csv,"DNA Paraguay, portal de datos abiertos (SOFIA)",2026-09-23T19:34:03.100692+00:00,163387288,26427154294012c5bb219f3ee6f4b7e569254ca9748998a9fcbcb2b079128bee,05148e431f8864f1c4bea9943d8c09ab29bc0bcafc6a3d44be91d6f6ee99063c
raw/aduana/2021/DICIEMBRE/2021_DICIEMBRE_Nivel_Item.csv.gz,https://datosabiertos.aduana.gov.py/all_data/2021/DICIEMBRE/2021_DICIEMBRE_Nivel_Item.csv,"DNA Paraguay, portal de datos abiertos (SOFIA)",2026-09-23T19:34:24.565066+00:00,149721415,5ead51ec149514649346078356354ce75aa682855e273ac5d339a09d77aeed0d,95b5e4227856126352069df95d305fbc5ea1b6056a14cd909b667e8bef7a9b2b
raw/aduana/2022/ENERO/2022_ENERO_Nivel_Item.csv.gz,https://datosabiertos.aduana.gov.py/all_data/2022/ENERO/2022_ENERO_Nivel_Item.csv,"DNA Paraguay, portal de datos abiertos (SOFIA)",2026-09-23T19:34:42.371717+00:00,122552293,72f30c61ac26b6095454cdfad0dfa2dcd32680aa59f671b9dee54f1b5f54bbc1,6e6585cbd9f5af33053a858d2c0888eb20f1c9f6d62e296db3de8171d4455c34
raw/aduana/2022/FEBRERO/2022_FEBRERO_Nivel_Item.csv.gz,https://datosabiertos.aduana.gov.py/all_data/2022/FEBRERO/2022_FEBRERO_Nivel_Item.csv,"DNA Paraguay, portal de datos abiertos (SOFIA)",2026-09-23T19:35:03.152771+00:00,138978258,b231f6bc27e37bf4497163497958d064e587ae8a85c7d6bf12a87f50ec66bdc4,adcc0be5611b8ce0a08a1cc04fb8ab84ad7d2e68bc1097fcd8d662d2bcfe5cd1
raw/aduana/2022/MARZO/2022_MARZO_Nivel_Item.csv.gz,https://datosabiertos.aduana.gov.py/all_data/2022/MARZO/2022_MARZO_Nivel_Item.csv,"DNA Paraguay, portal de datos abiertos (SOFIA)",2026-09-23T19:35:28.025976+00:00,153579924,b1f346850e448964ba1b5ceea77387565740dd55673860524b96dcdcaaf81751,34a6dce618ac68466b9d8d4007c8f7cfccf49f28b10559431c90473122e0a965
raw/aduana/2022/ABRIL/2022_ABRIL_Nivel_Item.csv.gz,https://datosabiertos.aduana.gov.py/all_data/2022/ABRIL/2022_ABRIL_Nivel_Item.csv,"DNA Paraguay, portal de datos abiertos (SOFIA)",2026-09-23T19:35:49.281122+00:00,145202418,fd02d232de567def53d0684cf5680e2adffd73c848416e8eca7a2118749d4ee5,c9ffe4f29760cc3c7d90a4013f4964b87882ba4804f28a11148bfd04a5b74101
raw/aduana/2022/MAYO/2022_MAYO_Nivel_Item.csv.gz,https://datosabiertos.aduana.gov.py/all_data/2022/MAYO/2022_MAYO_Nivel_Item.csv,"DNA Paraguay, portal de datos abiertos (SOFIA)",2026-09-23T19:36:12.432922+00:00,161985376,514f2691af41956f64fa4eefb7284332c65a4c1fefe499434fa71a3607c527da,157b5c7ec89388c6a47b6c391bc9630ad2d11b3ca9a4586781bb53b35309c441
raw/aduana/2022/JUNIO/2022_JUNIO_Nivel_Item.csv.gz,https://datosabiertos.aduana.gov.py/all_data/2022/JUNIO/2022_JUNIO_Nivel_Item.csv,"DNA Paraguay, portal de datos abiertos (SOFIA)",2026-09-23T19:36:36.611329+00:00,155274761,88449c9ee45e50f4547fe7e266fbe2ce69eeae4d9c17c6502db61e73b9094656,530207548b98e5b7316e13a47a85a04b27463f946c1125d913da0dec72310275
raw/aduana/2022/JULIO/2022_JULIO_Nivel_Item.csv.gz,https://datosabiertos.aduana.gov.py/all_data/2022/JULIO/2022_JULIO_Nivel_Item.csv,"DNA Paraguay, portal de datos abiertos (SOFIA)",2026-09-23T19:36:59.674491+00:00,158408831,aa46821443f3dc2ddc0a7f5d4a1697fe56d96c14259efb140cde11daf9fd3561,a3bd3cae464f15785a69247545a643a3b4d19c8ffe060c15b866f19ed4363830
raw/aduana/2022/AGOSTO/2022_AGOSTO_Nivel_Item.csv.gz,https://datosabiertos.aduana.gov.py/all_data/2022/AGOSTO/2022_AGOSTO_Nivel_Item.csv,"DNA Paraguay, portal de datos abiertos (SOFIA)",2026-09-23T19:37:34.240198+00:00,174020222,3d46c8b7c16ad0e50d0923772895c5a57df1d0fffdf8587b87bcf3159ad2f8c7,31bf4ec6d809b543e56bf5011a0269fe7c5b4af211ad218ea3110d19cec6c4be
raw/aduana/2022/OCTUBRE/2022_OCTUBRE_Nivel_Item.csv.gz,https://datosabiertos.aduana.gov.py/all_data/2022/OCTUBRE/2022_OCTUBRE_Nivel_Item.csv,"DNA Paraguay, portal de datos abiertos (SOFIA)",2026-09-23T19:37:57.188498+00:00,161914016,6cb4f4e64763a4b815c60d0d748865c8ec0587c18a00bb9615ecbd9a99e031fe,32063bca6384432f6d230bf1a13bac7064d8000094cd636a19e1d3b649b54c34
raw/aduana/2022/SEPTIEMBRE/2022_SEPTIEMBRE_Nivel_Item.csv.gz,https://datosabiertos.aduana.gov.py/all_data/2022/SEPTIEMBRE/2022_SEPTIEMBRE_Nivel_Item.csv,"DNA Paraguay, portal de datos abiertos (SOFIA)",2026-09-23T19:38:21.955133+00:00,175101275,93f31ac7ef76057f61d6acae6ebdb945ab2d2bbe610606d9265b0a20cabf4283,5879a68c1e5e02dfd6a7bfeaa0bb82ee80ade03b36f56c990c59763c1b5797cc
raw/aduana/2022/NOVIEMBRE/2022_NOVIEMBRE_Nivel_Item.csv.gz,https://datosabiertos.aduana.gov.py/all_data/2022/NOVIEMBRE/2022_NOVIEMBRE_Nivel_Item.csv,"DNA Paraguay, portal de datos abiertos (SOFIA)",2026-09-23T19:38:49.133400+00:00,176604699,1e3c8ef5dd8c717368957a5d0df1d82b2bfee6ab32ba040f8c4d15cf9f64b944,c414c7e4ee05b7a8049161258ee13acec7da60c3d5325e6c0a13fb0dad070c18
raw/aduana/2022/DICIEMBRE/2022_DICIEMBRE_Nivel_Item.csv.gz,https://datosabiertos.aduana.gov.py/all_data/2022/DICIEMBRE/2022_DICIEMBRE_Nivel_Item.csv,"DNA Paraguay, portal de datos abiertos (SOFIA)",2026-09-23T19:39:12.068865+00:00,164329258,b94dfb81c1f4fa071a73e28328b01e28816ce99a6707a02c0ceeff7d553a0619,e322775c219acf536bca7b7805154c1292f33aa7c686c1ae8b4b8d50c23f7bda
raw/aduana/2023/ENERO/2023_ENERO_Nivel_Item.csv.gz,https://datosabiertos.aduana.gov.py/all_data/2023/ENERO/2023_ENERO_Nivel_Item.csv,"DNA Paraguay, portal de datos abiertos (SOFIA)",2026-09-23T19:39:31.935972+00:00,141014631,0110db33ae694bfc166d810c6f4acbd368b4fcb0ed4c93f1d666472ea6123ab0,803ac82ac9d7389802d351fac1cb4daa68191d2275d084b78ac95657ae763339
raw/aduana/2023/FEBRERO/2023_FEBRERO_Nivel_Item.csv.gz,https://datosabiertos.aduana.gov.py/all_data/2023/FEBRERO/2023_FEBRERO_Nivel_Item.csv,"DNA Paraguay, portal de datos abiertos (SOFIA)",2026-09-23T19:39:53.834556+00:00,147655210,71751e097846b2304dd12afc73f71696c6e23d432bba01aa86a3122abdb39a96,bc1e33747c57d680d8fe46b0ee1bda9ea6caceb5c1243223928d92a925f78e7c
raw/aduana/2023/MARZO/2023_MARZO_Nivel_Item.csv.gz,https://datosabiertos.aduana.gov.py/all_data/2023/MARZO/2023_MARZO_Nivel_Item.csv,"DNA Paraguay, portal de datos abiertos (SOFIA)",2026-09-23T19:40:48.325767+00:00,413621455,e5084e4d55c60712473ec39b51268c5bec50fe549b74b926e6d10c019ea7cf61,4d3df90c5c945e26d57653f9a91b250cb807113d865419091eae7fd7b3e1f22d
raw/aduana/2023/ABRIL/2023_ABRIL_Nivel_Item.csv.gz,https://datosabiertos.aduana.gov.py/all_data/2023/ABRIL/2023_ABRIL_Nivel_Item.csv,"DNA Paraguay, portal de datos abiertos (SOFIA)",2026-09-23T19:41:07.173986+00:00,140386705,8e99bc637c8de8a0958b5a97683e8b22229e9c3f234e0b84887c356506c1bbfc,8cfdb46478bca56217e00e70262c105fbb9f3615a56c6cdeacb62fdc4a3c8371
raw/aduana/2023/MAYO/2023_MAYO_Nivel_Item.csv.gz,https://datosabiertos.aduana.gov.py/all_data/2023/MAYO/2023_MAYO_Nivel_Item.csv,"DNA Paraguay, portal de datos abiertos (SOFIA)",2026-09-23T19:41:33.024266+00:00,187888957,3372d2f5144cab60e10c78a5a26974c51db1a2650ff2663d2b9a659b7315356d,5b9799a4d1da91603cb4fa93392a317fb262a68c30d6c389f7300b7c24f73657
raw/aduana/2023/JUNIO/2023_JUNIO_Nivel_Item.csv.gz,https://datosabiertos.aduana.gov.py/all_data/2023/JUNIO/2023_JUNIO_Nivel_Item.csv,"DNA Paraguay, portal de datos abiertos (SOFIA)",2026-09-23T19:41:57.460201+00:00,187508088,55dd6fdcdbc5f3f9d7f5c0bf00805e02f50cc71dafa943022ba02c53f5b380de,715465bfc618cb978067e8da71e89ab2f330aa70acab80b843939f678b826788
raw/aduana/2023/JULIO/2023_JULIO_Nivel_Item.csv.gz,https://datosabiertos.aduana.gov.py/all_data/2023/JULIO/2023_JULIO_Nivel_Item.csv,"DNA Paraguay, portal de datos abiertos (SOFIA)",2026-09-23T19:42:23.181934+00:00,184699881,fa98fbeafd686c04b57e4b74a58082a831e14ac0187470794741d2418b3f5353,1c62b29c63fb08a82139fadae30a73db17c795d2061341979f3c7e7b317039f4
raw/aduana/2023/AGOSTO/2023_AGOSTO_Nivel_Item.csv.gz,https://datosabiertos.aduana.gov.py/all_data/2023/AGOSTO/2023_AGOSTO_Nivel_Item.csv,"DNA Paraguay, portal de datos abiertos (SOFIA)",2026-09-23T19:42:50.373106+00:00,205150817,1396e8f4c5297b7ca7bafdb9c626764b8fc37bd4eaec7039e846db3d5e764b73,678da113e0b09c9228a220065a0d80daba01ac145dbf1bbdc23db0d8b92a8a63
raw/aduana/2023/SEPTIEMBRE/2023_SEPTIEMBRE_Nivel_Item.csv.gz,https://datosabiertos.aduana.gov.py/all_data/2023/SEPTIEMBRE/2023_SEPTIEMBRE_Nivel_Item.csv,"DNA Paraguay, portal de datos abiertos (SOFIA)",2026-09-23T19:43:15.160965+00:00,185459487,32fe4b42bed2dd0c85fee54e57b91f5469e8a5c6da7c5cfe69042855a1d6d9d3,848332f8972364c23c2c981fb00aa599338242ff045fe89862d64890993125c5
raw/aduana/2023/OCTUBRE/2023_OCTUBRE_Nivel_Item.csv.gz,https://datosabiertos.aduana.gov.py/all_data/2023/OCTUBRE/2023_OCTUBRE_Nivel_Item.csv,"DNA Paraguay, portal de datos abiertos (SOFIA)",2026-09-23T19:43:41.954962+00:00,204449351,45b0ebdd383444e7357ecc4d9bbad3068fa7adae5e062968444098a8f558e45a,69a1f9e9fcd6241dca440e2bfe14992386b9d74059b8f3e5cf2864a05b148f30
raw/aduana/2023/NOVIEMBRE/2023_NOVIEMBRE_Nivel_Item.csv.gz,https://datosabiertos.aduana.gov.py/all_data/2023/NOVIEMBRE/2023_NOVIEMBRE_Nivel_Item.csv,"DNA Paraguay, portal de datos abiertos (SOFIA)",2026-09-23T19:44:09.611985+00:00,210943052,c1082fd4117b6bed2442201fdad348c1071cc4fd59e1b47d8201b8a05a834149,beacaa99be720504f4da2e93ad6330c7f820c00c5c162fcc5e5a363d68de6a53
raw/aduana/2023/DICIEMBRE/2023_DICIEMBRE_Nivel_Item.csv.gz,https://datosabiertos.aduana.gov.py/all_data/2023/DICIEMBRE/2023_DICIEMBRE_Nivel_Item.csv,"DNA Paraguay, portal de datos abiertos (SOFIA)",2026-09-23T19:44:35.171318+00:00,195140411,e42dc81965db8ac6376856dc1aafff84617b6c35cd2b5a931521fd28b779b605,6300a91b53be2ec0032d976f9de876ce22e11a6c351177a4812846ae8d6f333e
raw/aduana/2024/ENERO/2024_ENERO_Nivel_Item.csv.gz,https://datosabiertos.aduana.gov.py/all_data/2024/ENERO/2024_ENERO_Nivel_Item.csv,"DNA Paraguay, portal de datos abiertos (SOFIA)",2026-09-23T19:44:59.224463+00:00,181606522,c8f954e9a2db8143bf40dc68bd565dfcc90c513f5e1a034b62b2bed4366d2384,2eea1db9229073ec33682e8e00d019d52d26fa1a604e02ec9a760a7d5f65874e
raw/aduana/2024/FEBRERO/2024_FEBRERO_Nivel_Item.csv.gz,https://datosabiertos.aduana.gov.py/all_data/2024/FEBRERO/2024_FEBRERO_Nivel_Item.csv,"DNA Paraguay, portal de datos abiertos (SOFIA)",2026-09-23T19:45:27.393228+00:00,199421547,b8c0732deecbe66cc8ab2f0825b65276420fd88206aec450d3bfe58cb8d363e6,e67f6a543922b483da52df13903d0dcbb029a596f3d2a0bf98e31efb9f761e6a
raw/aduana/2024/MARZO/2024_MARZO_Nivel_Item.csv.gz,https://datosabiertos.aduana.gov.py/all_data/2024/MARZO/2024_MARZO_Nivel_Item.csv,"DNA Paraguay, portal de datos abiertos (SOFIA)",2026-09-23T19:45:50.054747+00:00,172376134,7edeb3fcc15ce598b66249df117aeb42201e01488ce9ebe9639f7b470a271bcc,71a6f6b7d3a1e9a660f0fe7061be48ac02d17d9148e3ede1bd4df0fa8c1e4a96
raw/aduana/2024/ABRIL/2024_ABRIL_Nivel_Item.csv.gz,https://datosabiertos.aduana.gov.py/all_data/2024/ABRIL/2024_ABRIL_Nivel_Item.csv,"DNA Paraguay, portal de datos abiertos (SOFIA)",2026-09-23T19:46:18.789751+00:00,213544193,c851a8f368723f3cdd035ff7972ca641cb8db5fed47b05ccfc43f0e2463819aa,328c68bfcb437f3f90453dd0a733b2ce0384867d27c374f43ce33690fa47b2ea
raw/aduana/2024/MAYO/2024_MAYO_Nivel_Item.csv.gz,https://datosabiertos.aduana.gov.py/all_data/2024/MAYO/2024_MAYO_Nivel_Item.csv,"DNA Paraguay, portal de datos abiertos (SOFIA)",2026-09-23T19:46:46.399472+00:00,203271089,a36add2988123e0168eb75a0865af9875a47791ab6849fd0cead65c6ec7ea2fa,1a6a70023b41ae382ef137c57d883577ffaf76100355f0fc03b4cd5618442f58
raw/aduana/2024/JUNIO/2024_JUNIO_Nivel_Item.csv.gz,https://datosabiertos.aduana.gov.py/all_data/2024/JUNIO/2024_JUNIO_Nivel_Item.csv,"DNA Paraguay, portal de datos abiertos (SOFIA)",2026-09-23T19:47:14.015563+00:00,200977427,f3ccac26b62745d4e5a773612abdff9591234a0e299fae4c852b5bead5f4bfae,b035ed427864cf99c610efe38e590396a8bd708aab07490b1bd2e2288f9d4a4b
raw/aduana/2024/JULIO/2024_JULIO_Nivel_Item.csv.gz,https://datosabiertos.aduana.gov.py/all_data/2024/JULIO/2024_JULIO_Nivel_Item.csv,"DNA Paraguay, portal de datos abiertos (SOFIA)",2026-09-23T19:47:49.069939+00:00,226365774,1526519580322dcd11fc859a546cd72df6f5714912d88435fb1b281126ae1093,33daee5c09dcb674940e8e3ab2124bde291b8bcce9c309fb5d401e72404195ab
raw/aduana/2024/AGOSTO/2024_AGOSTO_Nivel_Item.csv.gz,https://datosabiertos.aduana.gov.py/all_data/2024/AGOSTO/2024_AGOSTO_Nivel_Item.csv,"DNA Paraguay, portal de datos abiertos (SOFIA)",2026-09-23T19:48:18.694294+00:00,224376221,b3678ebee4c24c7fe9e94e8b4568877117b84d32c15df27027f808dece8f19a6,b7adde3109ba451206d040d041815958aa83ec285bed947d23605fd1af476dd1
raw/aduana/2024/SEPTIEMBRE/2024_SEPTIEMBRE_Nivel_Item.csv.gz,https://datosabiertos.aduana.gov.py/all_data/2024/SEPTIEMBRE/2024_SEPTIEMBRE_Nivel_Item.csv,"DNA Paraguay, portal de datos abiertos (SOFIA)",2026-09-23T19:48:47.970939+00:00,219998738,3182894035aabf082ac3116634e0ae7c1fc9918c27c42b356e8a6dc9ff4e31ac,2678c91c704e0796acf31dff7c1d59aab809ce19f82aeff67a3f2676ba5183ea
raw/aduana/2024/OCTUBRE/2024_OCTUBRE_Nivel_Item.csv.gz,https://datosabiertos.aduana.gov.py/all_data/2024/OCTUBRE/2024_OCTUBRE_Nivel_Item.csv,"DNA Paraguay, portal de datos abiertos (SOFIA)",2026-09-23T19:49:23.055027+00:00,252678550,657707ca9af403ac086c03c0191146ec4f10949c048a4818650ccb8fec545b55,0fadf57416a4649afb1a7e929884b0c4799c2359a81aca49252aa60ff0f36b61
raw/aduana/2024/NOVIEMBRE/2024_NOVIEMBRE_Nivel_Item.csv.gz,https://datosabiertos.aduana.gov.py/all_data/2024/NOVIEMBRE/2024_NOVIEMBRE_Nivel_Item.csv,"DNA Paraguay, portal de datos abiertos (SOFIA)",2026-09-23T19:49:56.617136+00:00,236258936,9a2a2cd58cd6d67cd4db0fd3bc1f16a614f466fc91cb60c43a3229dc0d34ae32,04d4c342320d4d1a85c7feda9b9d05deb1f2522b74d548a90bc6129812c1588e
raw/aduana/2024/DICIEMBRE/2024_DICIEMBRE_Nivel_Item.csv.gz,https://datosabiertos.aduana.gov.py/all_data/2024/DICIEMBRE/2024_DICIEMBRE_Nivel_Item.csv,"DNA Paraguay, portal de datos abiertos (SOFIA)",2026-09-23T19:50:36.940190+00:00,275094657,aa154475e0b69024da6f65335843f35ce8fdde76d41b47ba64dd437b953feed0,3cac4b8adff8e80e6e2b168f29ff10c001cb3abc5a28de809ce7dd0b1af46153
raw/aduana/2025/ENERO/2025_ENERO_Nivel_Item.csv.gz,https://datosabiertos.aduana.gov.py/all_data/2025/ENERO/2025_ENERO_Nivel_Item.csv,"DNA Paraguay, portal de datos abiertos (SOFIA)",2026-09-23T19:51:07.471037+00:00,215813691,803127a2233616c355c08ad244e60fafcd608bfba10872cf975727579834f9d0,69d49abd0d7d10c43f98dabd88bc3c785455fa813369dad7aad736c2b11b3e76
raw/aduana/2025/FEBRERO/2025_FEBRERO_Nivel_Item.csv.gz,https://datosabiertos.aduana.gov.py/all_data/2025/FEBRERO/2025_FEBRERO_Nivel_Item.csv,"DNA Paraguay, portal de datos abiertos (SOFIA)",2026-09-23T19:51:39.282211+00:00,225877002,77ff8d0e2321677b8a384ac8cf60bc48d25dc110d401e2316b94875b73e517c9,fca874c882449cbb78edf35fae4eb41bd1e63b791e19cf93f99cc544d15f6bf1
raw/aduana/2025/MARZO/2025_MARZO_Nivel_Item.csv.gz,https://datosabiertos.aduana.gov.py/all_data/2025/MARZO/2025_MARZO_Nivel_Item.csv,"DNA Paraguay, portal de datos abiertos (SOFIA)",2026-09-23T19:52:15.416079+00:00,234205456,7f0a9279f8cd07282b402f6b32207d997f203dce3ec116992e59581d931e2728,a8a27c584538a4b0e47d3d6328722ebd389ab3010284feeaa46a8cd392adafa5
raw/aduana/2025/ABRIL/2025_ABRIL_Nivel_Item.csv.gz,https://datosabiertos.aduana.gov.py/all_data/2025/ABRIL/2025_ABRIL_Nivel_Item.csv,"DNA Paraguay, portal de datos abiertos (SOFIA)",2026-09-23T19:52:49.427270+00:00,241647803,1686beb6bd97d8615f5066ad16aaaba87e41a888a85bf882cb87dc3511bec037,c695439be0f503f6eb9b575f0dbd9ca8e1af025e89abd971babc67d887fc02da
raw/aduana/2025/MAYO/2025_MAYO_Nivel_Item.csv.gz,https://datosabiertos.aduana.gov.py/all_data/2025/MAYO/2025_MAYO_Nivel_Item.csv,"DNA Paraguay, portal de datos abiertos (SOFIA)",2026-09-23T19:53:26.782496+00:00,255649176,55d6f379f6befb399cefe901f95b74c6dcab6738a8dc2295bceb0de926f63f24,5d2d342507f156334d0c00170599e4b694ad0aaf566be37ddf24c7b84b57d9ee
raw/aduana/2025/JUNIO/2025_JUNIO_Nivel_Item.csv.gz,https://datosabiertos.aduana.gov.py/all_data/2025/JUNIO/2025_JUNIO_Nivel_Item.csv,"DNA Paraguay, portal de datos abiertos (SOFIA)",2026-09-23T19:53:59.128942+00:00,225147964,87039b1e9d3be50c4aa019c2d4395781030b556c048a73da0e40df66c1c0c6e6,d16ac36d446c98db806247ee2d590acaacbd2d647408454d77f99e6fad9b3f5d
raw/aduana/2025/JULIO/2025_JULIO_Nivel_Item.csv.gz,https://datosabiertos.aduana.gov.py/all_data/2025/JULIO/2025_JULIO_Nivel_Item.csv,"DNA Paraguay, portal de datos abiertos (SOFIA)",2026-09-23T19:54:37.841373+00:00,272988332,11b1739cc5bf3245b4b730c365c46fc7e5ed8cfea1716fb301802a591c56acdf,e391d1174f2e84f17c15bb04ae28c5e89dc584e851ad5d9d3a1ccb1885fdf3c7
raw/aduana/2025/AGOSTO/2025_AGOSTO_Nivel_Item.csv.gz,https://datosabiertos.aduana.gov.py/all_data/2025/AGOSTO/2025_AGOSTO_Nivel_Item.csv,"DNA Paraguay, portal de datos abiertos (SOFIA)",2026-09-23T19:55:15.595505+00:00,263641411,b30fa078c121d8a33e1de6995fdb226ce1492123ddc387da2db317c2a01e45b9,dad7f6013533a680b36019f0a2805cfc6ec92ccf2c3c0654af2f89947c1d21b8
raw/aduana/2025/SEPTIEMBRE/2025_SEPTIEMBRE_Nivel_Item.csv.gz,https://datosabiertos.aduana.gov.py/all_data/2025/SEPTIEMBRE/2025_SEPTIEMBRE_Nivel_Item.csv,"DNA Paraguay, portal de datos abiertos (SOFIA)",2026-09-23T19:55:54.036678+00:00,272506008,6b001c3024518ec45656334369820dc3e592f2b8b3a0061cf5723020f3828e5f,21a95ef0219da879397fc912c1b92c04454f1f4bd3690191eb8d9613bc5491d4
raw/aduana/2025/OCTUBRE/2025_OCTUBRE_Nivel_Item.csv.gz,https://datosabiertos.aduana.gov.py/all_data/2025/OCTUBRE/2025_OCTUBRE_Nivel_Item.csv,"DNA Paraguay, portal de datos abiertos (SOFIA)",2026-09-23T19:56:38.922846+00:00,318836646,4808ec3e3a2b482c2a781807e5511fa941f2d429a3f23b117f6a5068942cf79a,806afc09b93c5272befd159b42c1e5838d7b7518972d011a72ad4931a3bc5532
raw/aduana/2025/NOVIEMBRE/2025_NOVIEMBRE_Nivel_Item.csv.gz,https://datosabiertos.aduana.gov.py/all_data/2025/NOVIEMBRE/2025_NOVIEMBRE_Nivel_Item.csv,"DNA Paraguay, portal de datos abiertos (SOFIA)",2026-09-23T19:57:17.151078+00:00,269561845,19703db68f8fe97821d95b841262c671fb457e806c21c9f34b011ea9445a5c5b,60c62d785931820b9199539fab30181fd1f15fe350da425e3306d21974539b1a
raw/aduana/2025/DICIEMBRE/2025_DICIEMBRE_Nivel_Item.csv.gz,https://datosabiertos.aduana.gov.py/all_data/2025/DICIEMBRE/2025_DICIEMBRE_Nivel_Item.csv,"DNA Paraguay, portal de datos abiertos (SOFIA)",2026-09-23T19:57:57.629708+00:00,277017584,31ba463427cc43c02b0b7cd02b283362f19902ad827961371435919e3eade9d0,642bc00da6444a5300dc3d521a58df141c7e510d5ed8b8d55438c5d57ebbd177
raw/aduana/2026/ENERO/2026_ENERO_Nivel_Item.csv.gz,https://datosabiertos.aduana.gov.py/all_data/2026/ENERO/2026_ENERO_Nivel_Item.csv,"DNA Paraguay, portal de datos abiertos (SOFIA)",2026-09-23T19:58:33.052318+00:00,243277282,fb89e4b347b49c59862fcc53f4f3f26d89e5da33678bf6355815949c8844bbd4,afa100ea255737fc675255bb599143db691613fe8f66721efcfb47aa6f3b3e0b
raw/aduana/2026/FEBRERO/2026_FEBRERO_Nivel_Item.csv.gz,https://datosabiertos.aduana.gov.py/all_data/2026/FEBRERO/2026_FEBRERO_Nivel_Item.csv,"DNA Paraguay, portal de datos abiertos (SOFIA)",2026-09-23T19:59:10.305141+00:00,263301328,489889d55286de6ee6744f853c96a94c9580e486fe07707a8bf9e24940182205,3a370d719ca636824fbb957a08357274f26f578e856c5fa20586f818343f3679
raw/aduana/2026/MARZO/2026_MARZO_Nivel_Item.csv.gz,https://datosabiertos.aduana.gov.py/all_data/2026/MARZO/2026_MARZO_Nivel_Item.csv,"DNA Paraguay, portal de datos abiertos (SOFIA)",2026-09-23T19:59:53.537617+00:00,306473770,4632de5b53b0535f5d55871486543129e489aa49bd51ed368b3611ac1e80bcd0,b3e2717b3e614cb4f8748c77da7e02d03ba4088126eab6c3c6f8f8b70345900b
raw/aduana/2026/ABRIL/2026_ABRIL_Nivel_Item.csv.gz,https://datosabiertos.aduana.gov.py/all_data/2026/ABRIL/2026_ABRIL_Nivel_Item.csv,"DNA Paraguay, portal de datos abiertos (SOFIA)",2026-09-23T20:00:35.676431+00:00,284965890,591dada078a81375d63a5b1a6d2747a7945bf51e7f17fda6f8846f8af7d3e864,771b061c274b35cb56c73cebffdde1b2d8fccccf83e7f567d04d7ca4ea8d322c
raw/aduana/2026/MAYO/2026_MAYO_Nivel_Item.csv.gz,https://datosabiertos.aduana.gov.py/all_data/2026/MAYO/2026_MAYO_Nivel_Item.csv,"DNA Paraguay, portal de datos abiertos (SOFIA)",2026-09-23T20:01:17.106610+00:00,276847699,0cf3e1b3d913b110170b96687e3f657f6580b48ea84a3c7f21a8f28e573bfd2a,5dd5ee19c5b79b6bc29f2a3ff1d9be27b5350da14d50e3a053d4f9ec4129aac7
raw/aduana/2026/JUNIO/2026_JUNIO_Nivel_Item.csv.gz,https://datosabiertos.aduana.gov.py/all_data/2026/JUNIO/2026_JUNIO_Nivel_Item.csv,"DNA Paraguay, portal de datos abiertos (SOFIA)",2026-09-23T20:01:59.235800+00:00,296871712,d43fbf9059dfdbcb36953d4e4430edcbc0a0a2c84de897c698b27062aa98c17c,7567e9f2b8ad7d5588856c8ffe91807a7f5e409020521fe07b49647a5829585d
raw/aduana/2026/JULIO/2026_JULIO_Nivel_Item.csv.gz,https://datosabiertos.aduana.gov.py/all_data/2026/JULIO/2026_JULIO_Nivel_Item.csv,"DNA Paraguay, portal de datos abiertos (SOFIA)",2026-09-23T20:02:48.273444+00:00,335608231,953371b0855ed623323ce94c78c6d644813122f89bae1c157ef05a2d9fcef26f,d3868febd5e16af6ab6a59e7e5b79cd2387bffe2b40231812df1a71137f7cb0e
raw/aduana/2026/AGOSTO/2026_AGOSTO_Nivel_Item.csv.gz,https://datosabiertos.aduana.gov.py/all_data/2026/AGOSTO/2026_AGOSTO_Nivel_Item.csv,"DNA Paraguay, portal de datos abiertos (SOFIA)",2026-09-23T20:03:31.810659+00:00,307029031,0177684d0d94e66b5fa8a41ef46f6e803c63ad3da7b95d4c4a5e30ab6e0135b5,fcf5c71f3d696ac65538cd3e5ccfbe8c197a8d7a024e8b80874a0e6d7bf06efc
