archivo,sha256,tipo,diseno,fecha_corte,version,hoja,leidas,numericas,texto
BOLB 012011.xls,288e0d39845860e69580e74d129481a6e416e890907474f7819fa4401d2a9a95,bancos,clasico,2011-01-31,unica,SUC - BAN,145,104,41
BOLB 012011.xls,288e0d39845860e69580e74d129481a6e416e890907474f7819fa4401d2a9a95,bancos,clasico,2011-01-31,unica,PAG10,307,256,51
BOLB 012011.xls,288e0d39845860e69580e74d129481a6e416e890907474f7819fa4401d2a9a95,bancos,clasico,2011-01-31,unica,GRAFICOS,94,68,26
BOLB 012011.xls,288e0d39845860e69580e74d129481a6e416e890907474f7819fa4401d2a9a95,bancos,clasico,2011-01-31,unica,TORTAS1,62,40,22
BOLB 012011.xls,288e0d39845860e69580e74d129481a6e416e890907474f7819fa4401d2a9a95,bancos,clasico,2011-01-31,unica,PAG12,430,346,84
BOLB 012011.xls,288e0d39845860e69580e74d129481a6e416e890907474f7819fa4401d2a9a95,bancos,clasico,2011-01-31,unica,PAG13,257,192,65
BOLB 012011.xls,288e0d39845860e69580e74d129481a6e416e890907474f7819fa4401d2a9a95,bancos,clasico,2011-01-31,unica,PAG14,468,370,98
BOLB 012011.xls,288e0d39845860e69580e74d129481a6e416e890907474f7819fa4401d2a9a95,bancos,clasico,2011-01-31,unica,PAG14 (2),231,170,61
BOLB 012011.xls,288e0d39845860e69580e74d129481a6e416e890907474f7819fa4401d2a9a95,bancos,clasico,2011-01-31,unica,DEPOSITOS,197,116,81
BOLB 012011.xls,288e0d39845860e69580e74d129481a6e416e890907474f7819fa4401d2a9a95,bancos,clasico,2011-01-31,unica,EVOL DEP,416,355,61
BOLB 012011.xls,288e0d39845860e69580e74d129481a6e416e890907474f7819fa4401d2a9a95,bancos,clasico,2011-01-31,unica,Dep. Gráficos,21,20,1
BOLB 012011.xls,288e0d39845860e69580e74d129481a6e416e890907474f7819fa4401d2a9a95,bancos,clasico,2011-01-31,unica,DEPOSITOS GRAFICOS,83,53,30
BOLB 012011.xls,288e0d39845860e69580e74d129481a6e416e890907474f7819fa4401d2a9a95,bancos,clasico,2011-01-31,unica,PAG15,434,346,88
BOLB 012011.xls,288e0d39845860e69580e74d129481a6e416e890907474f7819fa4401d2a9a95,bancos,clasico,2011-01-31,unica,PAG16,227,171,56
BOLB 012011.xls,288e0d39845860e69580e74d129481a6e416e890907474f7819fa4401d2a9a95,bancos,clasico,2011-01-31,unica,PAG17,255,192,63
BOLB 012011.xls,288e0d39845860e69580e74d129481a6e416e890907474f7819fa4401d2a9a95,bancos,clasico,2011-01-31,unica,PAG17 (2),549,500,49
BOLB 012011.xls,288e0d39845860e69580e74d129481a6e416e890907474f7819fa4401d2a9a95,bancos,clasico,2011-01-31,unica,PAG18,308,236,72
BOLB 012011.xls,288e0d39845860e69580e74d129481a6e416e890907474f7819fa4401d2a9a95,bancos,clasico,2011-01-31,unica,PAG19,842,661,181
BOLB 012011.xls,288e0d39845860e69580e74d129481a6e416e890907474f7819fa4401d2a9a95,bancos,clasico,2011-01-31,unica,MOROSIDAD,350,269,81
BOLB 012011.xls,288e0d39845860e69580e74d129481a6e416e890907474f7819fa4401d2a9a95,bancos,clasico,2011-01-31,unica,MOROSIDAD MN,287,224,63
BOLB 012011.xls,288e0d39845860e69580e74d129481a6e416e890907474f7819fa4401d2a9a95,bancos,clasico,2011-01-31,unica,MOROSIDAD ME,287,224,63
BOLB 012011.xls,288e0d39845860e69580e74d129481a6e416e890907474f7819fa4401d2a9a95,bancos,clasico,2011-01-31,unica,EVOL CRÉD,416,345,71
BOLB 012011.xls,288e0d39845860e69580e74d129481a6e416e890907474f7819fa4401d2a9a95,bancos,clasico,2011-01-31,unica,EVOL CRÉD Vigen,371,302,69
BOLB 012011.xls,288e0d39845860e69580e74d129481a6e416e890907474f7819fa4401d2a9a95,bancos,clasico,2011-01-31,unica,EVOL CRÉD Venc,371,302,69
BOLB 012011.xls,288e0d39845860e69580e74d129481a6e416e890907474f7819fa4401d2a9a95,bancos,clasico,2011-01-31,unica,EVOL MORO,420,349,71
BOLB 012011.xls,288e0d39845860e69580e74d129481a6e416e890907474f7819fa4401d2a9a95,bancos,clasico,2011-01-31,unica,CART-CLASIS,379,337,42
BOLB 012011.xls,288e0d39845860e69580e74d129481a6e416e890907474f7819fa4401d2a9a95,bancos,clasico,2011-01-31,unica,CART-CLASIS Part,375,333,42
BOLB 012011.xls,288e0d39845860e69580e74d129481a6e416e890907474f7819fa4401d2a9a95,bancos,clasico,2011-01-31,unica,CART-ACTIV,520,466,54
BOLB 012011.xls,288e0d39845860e69580e74d129481a6e416e890907474f7819fa4401d2a9a95,bancos,clasico,2011-01-31,unica,CART-ACTIV Part,510,456,54
BOLB 022011.xls,59f64f9965411adcf2922c36e8d9ff76e7b4a3e82425c06da5e3203bdc51777b,bancos,clasico,2011-02-28,unica,SUC - BAN,145,104,41
BOLB 022011.xls,59f64f9965411adcf2922c36e8d9ff76e7b4a3e82425c06da5e3203bdc51777b,bancos,clasico,2011-02-28,unica,PAG10,307,256,51
BOLB 022011.xls,59f64f9965411adcf2922c36e8d9ff76e7b4a3e82425c06da5e3203bdc51777b,bancos,clasico,2011-02-28,unica,GRAFICOS,94,68,26
BOLB 022011.xls,59f64f9965411adcf2922c36e8d9ff76e7b4a3e82425c06da5e3203bdc51777b,bancos,clasico,2011-02-28,unica,TORTAS1,62,40,22
BOLB 022011.xls,59f64f9965411adcf2922c36e8d9ff76e7b4a3e82425c06da5e3203bdc51777b,bancos,clasico,2011-02-28,unica,PAG12,430,346,84
BOLB 022011.xls,59f64f9965411adcf2922c36e8d9ff76e7b4a3e82425c06da5e3203bdc51777b,bancos,clasico,2011-02-28,unica,PAG13,257,192,65
BOLB 022011.xls,59f64f9965411adcf2922c36e8d9ff76e7b4a3e82425c06da5e3203bdc51777b,bancos,clasico,2011-02-28,unica,PAG14,469,371,98
BOLB 022011.xls,59f64f9965411adcf2922c36e8d9ff76e7b4a3e82425c06da5e3203bdc51777b,bancos,clasico,2011-02-28,unica,PAG14 (2),233,172,61
BOLB 022011.xls,59f64f9965411adcf2922c36e8d9ff76e7b4a3e82425c06da5e3203bdc51777b,bancos,clasico,2011-02-28,unica,DEPOSITOS,197,116,81
BOLB 022011.xls,59f64f9965411adcf2922c36e8d9ff76e7b4a3e82425c06da5e3203bdc51777b,bancos,clasico,2011-02-28,unica,EVOL DEP,437,376,61
BOLB 022011.xls,59f64f9965411adcf2922c36e8d9ff76e7b4a3e82425c06da5e3203bdc51777b,bancos,clasico,2011-02-28,unica,Dep. Gráficos,21,20,1
BOLB 022011.xls,59f64f9965411adcf2922c36e8d9ff76e7b4a3e82425c06da5e3203bdc51777b,bancos,clasico,2011-02-28,unica,DEPOSITOS GRAFICOS,83,57,26
BOLB 022011.xls,59f64f9965411adcf2922c36e8d9ff76e7b4a3e82425c06da5e3203bdc51777b,bancos,clasico,2011-02-28,unica,PAG15,434,346,88
BOLB 022011.xls,59f64f9965411adcf2922c36e8d9ff76e7b4a3e82425c06da5e3203bdc51777b,bancos,clasico,2011-02-28,unica,PAG16,227,171,56
BOLB 022011.xls,59f64f9965411adcf2922c36e8d9ff76e7b4a3e82425c06da5e3203bdc51777b,bancos,clasico,2011-02-28,unica,PAG17,255,192,63
BOLB 022011.xls,59f64f9965411adcf2922c36e8d9ff76e7b4a3e82425c06da5e3203bdc51777b,bancos,clasico,2011-02-28,unica,PAG17 (2),549,500,49
BOLB 022011.xls,59f64f9965411adcf2922c36e8d9ff76e7b4a3e82425c06da5e3203bdc51777b,bancos,clasico,2011-02-28,unica,PAG18,308,236,72
BOLB 022011.xls,59f64f9965411adcf2922c36e8d9ff76e7b4a3e82425c06da5e3203bdc51777b,bancos,clasico,2011-02-28,unica,PAG19,842,662,180
BOLB 022011.xls,59f64f9965411adcf2922c36e8d9ff76e7b4a3e82425c06da5e3203bdc51777b,bancos,clasico,2011-02-28,unica,MOROSIDAD,350,269,81
BOLB 022011.xls,59f64f9965411adcf2922c36e8d9ff76e7b4a3e82425c06da5e3203bdc51777b,bancos,clasico,2011-02-28,unica,MOROSIDAD MN,245,188,57
BOLB 022011.xls,59f64f9965411adcf2922c36e8d9ff76e7b4a3e82425c06da5e3203bdc51777b,bancos,clasico,2011-02-28,unica,MOROSIDAD ME,247,190,57
BOLB 022011.xls,59f64f9965411adcf2922c36e8d9ff76e7b4a3e82425c06da5e3203bdc51777b,bancos,clasico,2011-02-28,unica,EVOL CRÉD,411,339,72
BOLB 022011.xls,59f64f9965411adcf2922c36e8d9ff76e7b4a3e82425c06da5e3203bdc51777b,bancos,clasico,2011-02-28,unica,EVOL CRÉD Vigen,386,316,70
BOLB 022011.xls,59f64f9965411adcf2922c36e8d9ff76e7b4a3e82425c06da5e3203bdc51777b,bancos,clasico,2011-02-28,unica,EVOL CRÉD Venc,386,316,70
BOLB 022011.xls,59f64f9965411adcf2922c36e8d9ff76e7b4a3e82425c06da5e3203bdc51777b,bancos,clasico,2011-02-28,unica,EVOL MORO,410,339,71
BOLB 022011.xls,59f64f9965411adcf2922c36e8d9ff76e7b4a3e82425c06da5e3203bdc51777b,bancos,clasico,2011-02-28,unica,CART-CLASIS,379,337,42
BOLB 022011.xls,59f64f9965411adcf2922c36e8d9ff76e7b4a3e82425c06da5e3203bdc51777b,bancos,clasico,2011-02-28,unica,CART-CLASIS Part,375,333,42
BOLB 022011.xls,59f64f9965411adcf2922c36e8d9ff76e7b4a3e82425c06da5e3203bdc51777b,bancos,clasico,2011-02-28,unica,CART-ACTIV,520,466,54
BOLB 022011.xls,59f64f9965411adcf2922c36e8d9ff76e7b4a3e82425c06da5e3203bdc51777b,bancos,clasico,2011-02-28,unica,CART-ACTIV Part,510,456,54
BOLB 032011.xls,0e16011001c428778b10ba31d1f023ff606594199559adadf2858d5b8ab9cf20,bancos,clasico,2011-03-31,unica,SUC - BAN,145,104,41
BOLB 032011.xls,0e16011001c428778b10ba31d1f023ff606594199559adadf2858d5b8ab9cf20,bancos,clasico,2011-03-31,unica,PAG10,307,256,51
BOLB 032011.xls,0e16011001c428778b10ba31d1f023ff606594199559adadf2858d5b8ab9cf20,bancos,clasico,2011-03-31,unica,GRAFICOS,94,68,26
BOLB 032011.xls,0e16011001c428778b10ba31d1f023ff606594199559adadf2858d5b8ab9cf20,bancos,clasico,2011-03-31,unica,TORTAS1,62,40,22
BOLB 032011.xls,0e16011001c428778b10ba31d1f023ff606594199559adadf2858d5b8ab9cf20,bancos,clasico,2011-03-31,unica,PAG12,430,346,84
BOLB 032011.xls,0e16011001c428778b10ba31d1f023ff606594199559adadf2858d5b8ab9cf20,bancos,clasico,2011-03-31,unica,PAG13,257,192,65
BOLB 032011.xls,0e16011001c428778b10ba31d1f023ff606594199559adadf2858d5b8ab9cf20,bancos,clasico,2011-03-31,unica,PAG14,469,371,98
BOLB 032011.xls,0e16011001c428778b10ba31d1f023ff606594199559adadf2858d5b8ab9cf20,bancos,clasico,2011-03-31,unica,PAG14 (2),233,172,61
BOLB 032011.xls,0e16011001c428778b10ba31d1f023ff606594199559adadf2858d5b8ab9cf20,bancos,clasico,2011-03-31,unica,DEPOSITOS,197,116,81
BOLB 032011.xls,0e16011001c428778b10ba31d1f023ff606594199559adadf2858d5b8ab9cf20,bancos,clasico,2011-03-31,unica,EVOL DEP,414,352,62
BOLB 032011.xls,0e16011001c428778b10ba31d1f023ff606594199559adadf2858d5b8ab9cf20,bancos,clasico,2011-03-31,unica,Dep. Gráficos,21,20,1
BOLB 032011.xls,0e16011001c428778b10ba31d1f023ff606594199559adadf2858d5b8ab9cf20,bancos,clasico,2011-03-31,unica,DEPOSITOS GRAFICOS,83,57,26
BOLB 032011.xls,0e16011001c428778b10ba31d1f023ff606594199559adadf2858d5b8ab9cf20,bancos,clasico,2011-03-31,unica,PAG15,434,346,88
BOLB 032011.xls,0e16011001c428778b10ba31d1f023ff606594199559adadf2858d5b8ab9cf20,bancos,clasico,2011-03-31,unica,PAG16,227,171,56
BOLB 032011.xls,0e16011001c428778b10ba31d1f023ff606594199559adadf2858d5b8ab9cf20,bancos,clasico,2011-03-31,unica,PAG17,255,192,63
BOLB 032011.xls,0e16011001c428778b10ba31d1f023ff606594199559adadf2858d5b8ab9cf20,bancos,clasico,2011-03-31,unica,PAG17 (2),549,500,49
BOLB 032011.xls,0e16011001c428778b10ba31d1f023ff606594199559adadf2858d5b8ab9cf20,bancos,clasico,2011-03-31,unica,PAG18,308,236,72
BOLB 032011.xls,0e16011001c428778b10ba31d1f023ff606594199559adadf2858d5b8ab9cf20,bancos,clasico,2011-03-31,unica,PAG19,842,662,180
BOLB 032011.xls,0e16011001c428778b10ba31d1f023ff606594199559adadf2858d5b8ab9cf20,bancos,clasico,2011-03-31,unica,MOROSIDAD,350,269,81
BOLB 032011.xls,0e16011001c428778b10ba31d1f023ff606594199559adadf2858d5b8ab9cf20,bancos,clasico,2011-03-31,unica,MOROSIDAD MN,245,188,57
BOLB 032011.xls,0e16011001c428778b10ba31d1f023ff606594199559adadf2858d5b8ab9cf20,bancos,clasico,2011-03-31,unica,MOROSIDAD ME,247,190,57
BOLB 032011.xls,0e16011001c428778b10ba31d1f023ff606594199559adadf2858d5b8ab9cf20,bancos,clasico,2011-03-31,unica,EVOL CRÉD,410,340,70
BOLB 032011.xls,0e16011001c428778b10ba31d1f023ff606594199559adadf2858d5b8ab9cf20,bancos,clasico,2011-03-31,unica,EVOL CRÉD Vigen,402,340,62
BOLB 032011.xls,0e16011001c428778b10ba31d1f023ff606594199559adadf2858d5b8ab9cf20,bancos,clasico,2011-03-31,unica,EVOL CRÉD Venc,414,343,71
BOLB 032011.xls,0e16011001c428778b10ba31d1f023ff606594199559adadf2858d5b8ab9cf20,bancos,clasico,2011-03-31,unica,EVOL MORO,411,340,71
BOLB 032011.xls,0e16011001c428778b10ba31d1f023ff606594199559adadf2858d5b8ab9cf20,bancos,clasico,2011-03-31,unica,CART-CLASIS,379,337,42
BOLB 032011.xls,0e16011001c428778b10ba31d1f023ff606594199559adadf2858d5b8ab9cf20,bancos,clasico,2011-03-31,unica,CART-CLASIS Part,375,333,42
BOLB 032011.xls,0e16011001c428778b10ba31d1f023ff606594199559adadf2858d5b8ab9cf20,bancos,clasico,2011-03-31,unica,CART-ACTIV,520,466,54
BOLB 032011.xls,0e16011001c428778b10ba31d1f023ff606594199559adadf2858d5b8ab9cf20,bancos,clasico,2011-03-31,unica,CART-ACTIV Part,510,456,54
BOLB 042011.xls,4805d250d68a4b7972143eb898c50b6b3d8d302d09703e2f1f3d63fb1ec940c0,bancos,clasico,2011-04-30,unica,SUC - BAN,145,104,41
BOLB 042011.xls,4805d250d68a4b7972143eb898c50b6b3d8d302d09703e2f1f3d63fb1ec940c0,bancos,clasico,2011-04-30,unica,PAG10,307,256,51
BOLB 042011.xls,4805d250d68a4b7972143eb898c50b6b3d8d302d09703e2f1f3d63fb1ec940c0,bancos,clasico,2011-04-30,unica,GRAFICOS,94,68,26
BOLB 042011.xls,4805d250d68a4b7972143eb898c50b6b3d8d302d09703e2f1f3d63fb1ec940c0,bancos,clasico,2011-04-30,unica,TORTAS1,62,40,22
BOLB 042011.xls,4805d250d68a4b7972143eb898c50b6b3d8d302d09703e2f1f3d63fb1ec940c0,bancos,clasico,2011-04-30,unica,PAG12,430,346,84
BOLB 042011.xls,4805d250d68a4b7972143eb898c50b6b3d8d302d09703e2f1f3d63fb1ec940c0,bancos,clasico,2011-04-30,unica,PAG13,257,192,65
BOLB 042011.xls,4805d250d68a4b7972143eb898c50b6b3d8d302d09703e2f1f3d63fb1ec940c0,bancos,clasico,2011-04-30,unica,PAG14,436,347,89
BOLB 042011.xls,4805d250d68a4b7972143eb898c50b6b3d8d302d09703e2f1f3d63fb1ec940c0,bancos,clasico,2011-04-30,unica,PAG14 (2),230,170,60
BOLB 042011.xls,4805d250d68a4b7972143eb898c50b6b3d8d302d09703e2f1f3d63fb1ec940c0,bancos,clasico,2011-04-30,unica,DEPOSITOS,197,116,81
BOLB 042011.xls,4805d250d68a4b7972143eb898c50b6b3d8d302d09703e2f1f3d63fb1ec940c0,bancos,clasico,2011-04-30,unica,EVOL DEP,414,353,61
BOLB 042011.xls,4805d250d68a4b7972143eb898c50b6b3d8d302d09703e2f1f3d63fb1ec940c0,bancos,clasico,2011-04-30,unica,DEPOSITOS GRAFICOS,83,57,26
BOLB 042011.xls,4805d250d68a4b7972143eb898c50b6b3d8d302d09703e2f1f3d63fb1ec940c0,bancos,clasico,2011-04-30,unica,PAG15,434,346,88
BOLB 042011.xls,4805d250d68a4b7972143eb898c50b6b3d8d302d09703e2f1f3d63fb1ec940c0,bancos,clasico,2011-04-30,unica,PAG16,227,171,56
BOLB 042011.xls,4805d250d68a4b7972143eb898c50b6b3d8d302d09703e2f1f3d63fb1ec940c0,bancos,clasico,2011-04-30,unica,PAG17,255,192,63
BOLB 042011.xls,4805d250d68a4b7972143eb898c50b6b3d8d302d09703e2f1f3d63fb1ec940c0,bancos,clasico,2011-04-30,unica,PAG17 (2),549,500,49
BOLB 042011.xls,4805d250d68a4b7972143eb898c50b6b3d8d302d09703e2f1f3d63fb1ec940c0,bancos,clasico,2011-04-30,unica,PAG18,308,236,72
BOLB 042011.xls,4805d250d68a4b7972143eb898c50b6b3d8d302d09703e2f1f3d63fb1ec940c0,bancos,clasico,2011-04-30,unica,PAG19,842,661,181
BOLB 042011.xls,4805d250d68a4b7972143eb898c50b6b3d8d302d09703e2f1f3d63fb1ec940c0,bancos,clasico,2011-04-30,unica,MOROSIDAD,350,269,81
BOLB 042011.xls,4805d250d68a4b7972143eb898c50b6b3d8d302d09703e2f1f3d63fb1ec940c0,bancos,clasico,2011-04-30,unica,MOROSIDAD MN,287,224,63
BOLB 042011.xls,4805d250d68a4b7972143eb898c50b6b3d8d302d09703e2f1f3d63fb1ec940c0,bancos,clasico,2011-04-30,unica,MOROSIDAD ME,287,224,63
BOLB 042011.xls,4805d250d68a4b7972143eb898c50b6b3d8d302d09703e2f1f3d63fb1ec940c0,bancos,clasico,2011-04-30,unica,EVOL CRÉD,412,342,70
BOLB 042011.xls,4805d250d68a4b7972143eb898c50b6b3d8d302d09703e2f1f3d63fb1ec940c0,bancos,clasico,2011-04-30,unica,EVOL CRÉD Vigen,403,341,62
BOLB 042011.xls,4805d250d68a4b7972143eb898c50b6b3d8d302d09703e2f1f3d63fb1ec940c0,bancos,clasico,2011-04-30,unica,EVOL CRÉD Venc,413,344,69
BOLB 042011.xls,4805d250d68a4b7972143eb898c50b6b3d8d302d09703e2f1f3d63fb1ec940c0,bancos,clasico,2011-04-30,unica,EVOL MORO,410,341,69
BOLB 042011.xls,4805d250d68a4b7972143eb898c50b6b3d8d302d09703e2f1f3d63fb1ec940c0,bancos,clasico,2011-04-30,unica,CART-CLASIS,378,337,41
BOLB 042011.xls,4805d250d68a4b7972143eb898c50b6b3d8d302d09703e2f1f3d63fb1ec940c0,bancos,clasico,2011-04-30,unica,CART-CLASIS Part,375,333,42
BOLB 042011.xls,4805d250d68a4b7972143eb898c50b6b3d8d302d09703e2f1f3d63fb1ec940c0,bancos,clasico,2011-04-30,unica,CART-ACTIV,520,466,54
BOLB 042011.xls,4805d250d68a4b7972143eb898c50b6b3d8d302d09703e2f1f3d63fb1ec940c0,bancos,clasico,2011-04-30,unica,CART-ACTIV Part,510,456,54
BOLB 042011.xls,4805d250d68a4b7972143eb898c50b6b3d8d302d09703e2f1f3d63fb1ec940c0,bancos,clasico,2011-04-30,unica,EVOL ACTIV TRIGO,345,284,61
BOLB 042011.xls,4805d250d68a4b7972143eb898c50b6b3d8d302d09703e2f1f3d63fb1ec940c0,bancos,clasico,2011-04-30,unica,EVOL ACTIV ALGODÓN,306,245,61
BOLB 042011.xls,4805d250d68a4b7972143eb898c50b6b3d8d302d09703e2f1f3d63fb1ec940c0,bancos,clasico,2011-04-30,unica,EVOL ACTIV SOJA,390,329,61
BOLB 042011.xls,4805d250d68a4b7972143eb898c50b6b3d8d302d09703e2f1f3d63fb1ec940c0,bancos,clasico,2011-04-30,unica,EVOL ACTIV CONSTRUCCIONES,391,330,61
BOLB 042011.xls,4805d250d68a4b7972143eb898c50b6b3d8d302d09703e2f1f3d63fb1ec940c0,bancos,clasico,2011-04-30,unica,EVOL ACTIV VIVIENDA,265,230,35
BOLB 042011.xls,4805d250d68a4b7972143eb898c50b6b3d8d302d09703e2f1f3d63fb1ec940c0,bancos,clasico,2011-04-30,unica,Gráficos Evol Activ,15,13,2
BOLB 052011.xls,f78e12237714fb194f9d9aa165f49a06ad1c1adecc9195d1cb1247bdfc8d3181,bancos,clasico,2011-05-31,unica,SUC - BAN,145,104,41
BOLB 052011.xls,f78e12237714fb194f9d9aa165f49a06ad1c1adecc9195d1cb1247bdfc8d3181,bancos,clasico,2011-05-31,unica,PAG10,307,256,51
BOLB 052011.xls,f78e12237714fb194f9d9aa165f49a06ad1c1adecc9195d1cb1247bdfc8d3181,bancos,clasico,2011-05-31,unica,GRAFICOS,94,68,26
BOLB 052011.xls,f78e12237714fb194f9d9aa165f49a06ad1c1adecc9195d1cb1247bdfc8d3181,bancos,clasico,2011-05-31,unica,TORTAS1,62,40,22
BOLB 052011.xls,f78e12237714fb194f9d9aa165f49a06ad1c1adecc9195d1cb1247bdfc8d3181,bancos,clasico,2011-05-31,unica,PAG12,430,346,84
BOLB 052011.xls,f78e12237714fb194f9d9aa165f49a06ad1c1adecc9195d1cb1247bdfc8d3181,bancos,clasico,2011-05-31,unica,PAG13,257,192,65
BOLB 052011.xls,f78e12237714fb194f9d9aa165f49a06ad1c1adecc9195d1cb1247bdfc8d3181,bancos,clasico,2011-05-31,unica,PAG14,469,371,98
BOLB 052011.xls,f78e12237714fb194f9d9aa165f49a06ad1c1adecc9195d1cb1247bdfc8d3181,bancos,clasico,2011-05-31,unica,PAG14 (2),233,172,61
BOLB 052011.xls,f78e12237714fb194f9d9aa165f49a06ad1c1adecc9195d1cb1247bdfc8d3181,bancos,clasico,2011-05-31,unica,DEPOSITOS,197,116,81
BOLB 052011.xls,f78e12237714fb194f9d9aa165f49a06ad1c1adecc9195d1cb1247bdfc8d3181,bancos,clasico,2011-05-31,unica,EVOL DEP,415,354,61
BOLB 052011.xls,f78e12237714fb194f9d9aa165f49a06ad1c1adecc9195d1cb1247bdfc8d3181,bancos,clasico,2011-05-31,unica,Dep. Gráficos,21,20,1
BOLB 052011.xls,f78e12237714fb194f9d9aa165f49a06ad1c1adecc9195d1cb1247bdfc8d3181,bancos,clasico,2011-05-31,unica,DEPOSITOS GRAFICOS,83,53,30
BOLB 052011.xls,f78e12237714fb194f9d9aa165f49a06ad1c1adecc9195d1cb1247bdfc8d3181,bancos,clasico,2011-05-31,unica,PAG15,434,346,88
BOLB 052011.xls,f78e12237714fb194f9d9aa165f49a06ad1c1adecc9195d1cb1247bdfc8d3181,bancos,clasico,2011-05-31,unica,PAG16,227,171,56
BOLB 052011.xls,f78e12237714fb194f9d9aa165f49a06ad1c1adecc9195d1cb1247bdfc8d3181,bancos,clasico,2011-05-31,unica,PAG17,255,192,63
BOLB 052011.xls,f78e12237714fb194f9d9aa165f49a06ad1c1adecc9195d1cb1247bdfc8d3181,bancos,clasico,2011-05-31,unica,PAG17 (2),549,500,49
BOLB 052011.xls,f78e12237714fb194f9d9aa165f49a06ad1c1adecc9195d1cb1247bdfc8d3181,bancos,clasico,2011-05-31,unica,PAG18,308,236,72
BOLB 052011.xls,f78e12237714fb194f9d9aa165f49a06ad1c1adecc9195d1cb1247bdfc8d3181,bancos,clasico,2011-05-31,unica,PAG19,841,661,180
BOLB 052011.xls,f78e12237714fb194f9d9aa165f49a06ad1c1adecc9195d1cb1247bdfc8d3181,bancos,clasico,2011-05-31,unica,MOROSIDAD,350,269,81
BOLB 052011.xls,f78e12237714fb194f9d9aa165f49a06ad1c1adecc9195d1cb1247bdfc8d3181,bancos,clasico,2011-05-31,unica,MOROSIDAD MN,287,224,63
BOLB 052011.xls,f78e12237714fb194f9d9aa165f49a06ad1c1adecc9195d1cb1247bdfc8d3181,bancos,clasico,2011-05-31,unica,MOROSIDAD ME,287,224,63
BOLB 052011.xls,f78e12237714fb194f9d9aa165f49a06ad1c1adecc9195d1cb1247bdfc8d3181,bancos,clasico,2011-05-31,unica,EVOL CRÉD,412,343,69
BOLB 052011.xls,f78e12237714fb194f9d9aa165f49a06ad1c1adecc9195d1cb1247bdfc8d3181,bancos,clasico,2011-05-31,unica,EVOL CRÉD Vigen,404,342,62
BOLB 052011.xls,f78e12237714fb194f9d9aa165f49a06ad1c1adecc9195d1cb1247bdfc8d3181,bancos,clasico,2011-05-31,unica,EVOL CRÉD Venc,413,345,68
BOLB 052011.xls,f78e12237714fb194f9d9aa165f49a06ad1c1adecc9195d1cb1247bdfc8d3181,bancos,clasico,2011-05-31,unica,EVOL MORO,410,342,68
BOLB 052011.xls,f78e12237714fb194f9d9aa165f49a06ad1c1adecc9195d1cb1247bdfc8d3181,bancos,clasico,2011-05-31,unica,CART-CLASIS,378,337,41
BOLB 052011.xls,f78e12237714fb194f9d9aa165f49a06ad1c1adecc9195d1cb1247bdfc8d3181,bancos,clasico,2011-05-31,unica,CART-CLASIS Part,375,333,42
BOLB 052011.xls,f78e12237714fb194f9d9aa165f49a06ad1c1adecc9195d1cb1247bdfc8d3181,bancos,clasico,2011-05-31,unica,CART-ACTIV,520,466,54
BOLB 052011.xls,f78e12237714fb194f9d9aa165f49a06ad1c1adecc9195d1cb1247bdfc8d3181,bancos,clasico,2011-05-31,unica,CART-ACTIV Part,510,456,54
BOLB 052011.xls,f78e12237714fb194f9d9aa165f49a06ad1c1adecc9195d1cb1247bdfc8d3181,bancos,clasico,2011-05-31,unica,EVOL ACTIV TRIGO,357,296,61
BOLB 052011.xls,f78e12237714fb194f9d9aa165f49a06ad1c1adecc9195d1cb1247bdfc8d3181,bancos,clasico,2011-05-31,unica,EVOL ACTIV ALGODÓN,319,258,61
BOLB 052011.xls,f78e12237714fb194f9d9aa165f49a06ad1c1adecc9195d1cb1247bdfc8d3181,bancos,clasico,2011-05-31,unica,EVOL ACTIV SOJA,404,343,61
BOLB 052011.xls,f78e12237714fb194f9d9aa165f49a06ad1c1adecc9195d1cb1247bdfc8d3181,bancos,clasico,2011-05-31,unica,EVOL ACTIV CONSTRUCCIONES,405,344,61
BOLB 052011.xls,f78e12237714fb194f9d9aa165f49a06ad1c1adecc9195d1cb1247bdfc8d3181,bancos,clasico,2011-05-31,unica,EVOL ACTIV VIVIENDA,279,244,35
BOLB 052011.xls,f78e12237714fb194f9d9aa165f49a06ad1c1adecc9195d1cb1247bdfc8d3181,bancos,clasico,2011-05-31,unica,Gráficos Evol Activ,15,13,2
BOLB 052011.xls,f78e12237714fb194f9d9aa165f49a06ad1c1adecc9195d1cb1247bdfc8d3181,bancos,clasico,2011-05-31,unica,Calificadoras Bancos,76,16,60
BOLB 062011.xls,9aea566f440218b62b50c855ca0f44aa88cc251e701541d80b3425766f81e86d,bancos,clasico,2011-06-30,unica,SUC - BAN,144,104,40
BOLB 062011.xls,9aea566f440218b62b50c855ca0f44aa88cc251e701541d80b3425766f81e86d,bancos,clasico,2011-06-30,unica,PAG10,306,256,50
BOLB 062011.xls,9aea566f440218b62b50c855ca0f44aa88cc251e701541d80b3425766f81e86d,bancos,clasico,2011-06-30,unica,GRAFICOS,94,68,26
BOLB 062011.xls,9aea566f440218b62b50c855ca0f44aa88cc251e701541d80b3425766f81e86d,bancos,clasico,2011-06-30,unica,TORTAS1,62,40,22
BOLB 062011.xls,9aea566f440218b62b50c855ca0f44aa88cc251e701541d80b3425766f81e86d,bancos,clasico,2011-06-30,unica,PAG12,429,346,83
BOLB 062011.xls,9aea566f440218b62b50c855ca0f44aa88cc251e701541d80b3425766f81e86d,bancos,clasico,2011-06-30,unica,PAG13,256,192,64
BOLB 062011.xls,9aea566f440218b62b50c855ca0f44aa88cc251e701541d80b3425766f81e86d,bancos,clasico,2011-06-30,unica,PAG14,468,371,97
BOLB 062011.xls,9aea566f440218b62b50c855ca0f44aa88cc251e701541d80b3425766f81e86d,bancos,clasico,2011-06-30,unica,PAG14 (2),232,172,60
BOLB 062011.xls,9aea566f440218b62b50c855ca0f44aa88cc251e701541d80b3425766f81e86d,bancos,clasico,2011-06-30,unica,DEPOSITOS,196,116,80
BOLB 062011.xls,9aea566f440218b62b50c855ca0f44aa88cc251e701541d80b3425766f81e86d,bancos,clasico,2011-06-30,unica,EVOL DEP,415,355,60
BOLB 062011.xls,9aea566f440218b62b50c855ca0f44aa88cc251e701541d80b3425766f81e86d,bancos,clasico,2011-06-30,unica,Dep. Gráficos,21,20,1
BOLB 062011.xls,9aea566f440218b62b50c855ca0f44aa88cc251e701541d80b3425766f81e86d,bancos,clasico,2011-06-30,unica,DEPOSITOS GRAFICOS,82,53,29
BOLB 062011.xls,9aea566f440218b62b50c855ca0f44aa88cc251e701541d80b3425766f81e86d,bancos,clasico,2011-06-30,unica,PAG15,433,346,87
BOLB 062011.xls,9aea566f440218b62b50c855ca0f44aa88cc251e701541d80b3425766f81e86d,bancos,clasico,2011-06-30,unica,PAG16,226,171,55
BOLB 062011.xls,9aea566f440218b62b50c855ca0f44aa88cc251e701541d80b3425766f81e86d,bancos,clasico,2011-06-30,unica,PAG17,254,192,62
BOLB 062011.xls,9aea566f440218b62b50c855ca0f44aa88cc251e701541d80b3425766f81e86d,bancos,clasico,2011-06-30,unica,PAG17 (2),548,500,48
BOLB 062011.xls,9aea566f440218b62b50c855ca0f44aa88cc251e701541d80b3425766f81e86d,bancos,clasico,2011-06-30,unica,PAG18,307,236,71
BOLB 062011.xls,9aea566f440218b62b50c855ca0f44aa88cc251e701541d80b3425766f81e86d,bancos,clasico,2011-06-30,unica,PAG19,837,661,176
BOLB 062011.xls,9aea566f440218b62b50c855ca0f44aa88cc251e701541d80b3425766f81e86d,bancos,clasico,2011-06-30,unica,MOROSIDAD,349,269,80
BOLB 062011.xls,9aea566f440218b62b50c855ca0f44aa88cc251e701541d80b3425766f81e86d,bancos,clasico,2011-06-30,unica,MOROSIDAD MN,286,224,62
BOLB 062011.xls,9aea566f440218b62b50c855ca0f44aa88cc251e701541d80b3425766f81e86d,bancos,clasico,2011-06-30,unica,MOROSIDAD ME,286,224,62
BOLB 062011.xls,9aea566f440218b62b50c855ca0f44aa88cc251e701541d80b3425766f81e86d,bancos,clasico,2011-06-30,unica,EVOL CRÉD,410,343,67
BOLB 062011.xls,9aea566f440218b62b50c855ca0f44aa88cc251e701541d80b3425766f81e86d,bancos,clasico,2011-06-30,unica,EVOL CRÉD Vigen,404,343,61
BOLB 062011.xls,9aea566f440218b62b50c855ca0f44aa88cc251e701541d80b3425766f81e86d,bancos,clasico,2011-06-30,unica,EVOL CRÉD Venc,412,346,66
BOLB 062011.xls,9aea566f440218b62b50c855ca0f44aa88cc251e701541d80b3425766f81e86d,bancos,clasico,2011-06-30,unica,EVOL MORO,409,343,66
BOLB 062011.xls,9aea566f440218b62b50c855ca0f44aa88cc251e701541d80b3425766f81e86d,bancos,clasico,2011-06-30,unica,CART-CLASIS,371,330,41
BOLB 062011.xls,9aea566f440218b62b50c855ca0f44aa88cc251e701541d80b3425766f81e86d,bancos,clasico,2011-06-30,unica,CART-CLASIS Part,374,333,41
BOLB 062011.xls,9aea566f440218b62b50c855ca0f44aa88cc251e701541d80b3425766f81e86d,bancos,clasico,2011-06-30,unica,CART-ACTIV,519,466,53
BOLB 062011.xls,9aea566f440218b62b50c855ca0f44aa88cc251e701541d80b3425766f81e86d,bancos,clasico,2011-06-30,unica,CART-ACTIV Part,509,456,53
BOLB 062011.xls,9aea566f440218b62b50c855ca0f44aa88cc251e701541d80b3425766f81e86d,bancos,clasico,2011-06-30,unica,EVOL ACTIV TRIGO,423,363,60
BOLB 062011.xls,9aea566f440218b62b50c855ca0f44aa88cc251e701541d80b3425766f81e86d,bancos,clasico,2011-06-30,unica,EVOL ACTIV ALGODÓN,423,363,60
BOLB 062011.xls,9aea566f440218b62b50c855ca0f44aa88cc251e701541d80b3425766f81e86d,bancos,clasico,2011-06-30,unica,EVOL ACTIV SOJA,422,362,60
BOLB 062011.xls,9aea566f440218b62b50c855ca0f44aa88cc251e701541d80b3425766f81e86d,bancos,clasico,2011-06-30,unica,EVOL ACTIV CONSTRUCCIONES,423,363,60
BOLB 062011.xls,9aea566f440218b62b50c855ca0f44aa88cc251e701541d80b3425766f81e86d,bancos,clasico,2011-06-30,unica,EVOL ACTIV VIVIENDA,363,329,34
BOLB 062011.xls,9aea566f440218b62b50c855ca0f44aa88cc251e701541d80b3425766f81e86d,bancos,clasico,2011-06-30,unica,Gráficos Evol Activ,14,13,1
BOLB 062011.xls,9aea566f440218b62b50c855ca0f44aa88cc251e701541d80b3425766f81e86d,bancos,clasico,2011-06-30,unica,Calificadoras Bancos,78,16,62
BOLB 062011.xls,9aea566f440218b62b50c855ca0f44aa88cc251e701541d80b3425766f81e86d,bancos,clasico,2011-06-30,unica,Auditores Externos,60,16,44
BOLB 072011.xls,c94db359646f24eb790cab54cde2fa79f1d6696b71c88e7cbc962ef778f872e2,bancos,clasico,2011-07-31,unica,SUC - BAN,145,104,41
BOLB 072011.xls,c94db359646f24eb790cab54cde2fa79f1d6696b71c88e7cbc962ef778f872e2,bancos,clasico,2011-07-31,unica,PAG10,307,256,51
BOLB 072011.xls,c94db359646f24eb790cab54cde2fa79f1d6696b71c88e7cbc962ef778f872e2,bancos,clasico,2011-07-31,unica,GRAFICOS,94,68,26
BOLB 072011.xls,c94db359646f24eb790cab54cde2fa79f1d6696b71c88e7cbc962ef778f872e2,bancos,clasico,2011-07-31,unica,TORTAS1,62,40,22
BOLB 072011.xls,c94db359646f24eb790cab54cde2fa79f1d6696b71c88e7cbc962ef778f872e2,bancos,clasico,2011-07-31,unica,PAG12,430,346,84
BOLB 072011.xls,c94db359646f24eb790cab54cde2fa79f1d6696b71c88e7cbc962ef778f872e2,bancos,clasico,2011-07-31,unica,PAG13,257,192,65
BOLB 072011.xls,c94db359646f24eb790cab54cde2fa79f1d6696b71c88e7cbc962ef778f872e2,bancos,clasico,2011-07-31,unica,PAG14,469,371,98
BOLB 072011.xls,c94db359646f24eb790cab54cde2fa79f1d6696b71c88e7cbc962ef778f872e2,bancos,clasico,2011-07-31,unica,PAG14 (2),233,172,61
BOLB 072011.xls,c94db359646f24eb790cab54cde2fa79f1d6696b71c88e7cbc962ef778f872e2,bancos,clasico,2011-07-31,unica,DEPOSITOS,197,116,81
BOLB 072011.xls,c94db359646f24eb790cab54cde2fa79f1d6696b71c88e7cbc962ef778f872e2,bancos,clasico,2011-07-31,unica,EVOL DEP,417,356,61
BOLB 072011.xls,c94db359646f24eb790cab54cde2fa79f1d6696b71c88e7cbc962ef778f872e2,bancos,clasico,2011-07-31,unica,Dep. Gráficos,21,20,1
BOLB 072011.xls,c94db359646f24eb790cab54cde2fa79f1d6696b71c88e7cbc962ef778f872e2,bancos,clasico,2011-07-31,unica,DEPOSITOS GRAFICOS,83,55,28
BOLB 072011.xls,c94db359646f24eb790cab54cde2fa79f1d6696b71c88e7cbc962ef778f872e2,bancos,clasico,2011-07-31,unica,PAG15,434,346,88
BOLB 072011.xls,c94db359646f24eb790cab54cde2fa79f1d6696b71c88e7cbc962ef778f872e2,bancos,clasico,2011-07-31,unica,PAG16,227,171,56
BOLB 072011.xls,c94db359646f24eb790cab54cde2fa79f1d6696b71c88e7cbc962ef778f872e2,bancos,clasico,2011-07-31,unica,PAG17,255,192,63
BOLB 072011.xls,c94db359646f24eb790cab54cde2fa79f1d6696b71c88e7cbc962ef778f872e2,bancos,clasico,2011-07-31,unica,PAG17 (2),549,500,49
BOLB 072011.xls,c94db359646f24eb790cab54cde2fa79f1d6696b71c88e7cbc962ef778f872e2,bancos,clasico,2011-07-31,unica,PAG18,308,236,72
BOLB 072011.xls,c94db359646f24eb790cab54cde2fa79f1d6696b71c88e7cbc962ef778f872e2,bancos,clasico,2011-07-31,unica,PAG19,842,662,180
BOLB 072011.xls,c94db359646f24eb790cab54cde2fa79f1d6696b71c88e7cbc962ef778f872e2,bancos,clasico,2011-07-31,unica,MOROSIDAD,350,269,81
BOLB 072011.xls,c94db359646f24eb790cab54cde2fa79f1d6696b71c88e7cbc962ef778f872e2,bancos,clasico,2011-07-31,unica,MOROSIDAD MN,287,224,63
BOLB 072011.xls,c94db359646f24eb790cab54cde2fa79f1d6696b71c88e7cbc962ef778f872e2,bancos,clasico,2011-07-31,unica,MOROSIDAD ME,287,224,63
BOLB 072011.xls,c94db359646f24eb790cab54cde2fa79f1d6696b71c88e7cbc962ef778f872e2,bancos,clasico,2011-07-31,unica,EVOL CRÉD,411,344,67
BOLB 072011.xls,c94db359646f24eb790cab54cde2fa79f1d6696b71c88e7cbc962ef778f872e2,bancos,clasico,2011-07-31,unica,EVOL CRÉD Vigen,405,344,61
BOLB 072011.xls,c94db359646f24eb790cab54cde2fa79f1d6696b71c88e7cbc962ef778f872e2,bancos,clasico,2011-07-31,unica,EVOL CRÉD Venc,413,347,66
BOLB 072011.xls,c94db359646f24eb790cab54cde2fa79f1d6696b71c88e7cbc962ef778f872e2,bancos,clasico,2011-07-31,unica,EVOL MORO,410,344,66
BOLB 072011.xls,c94db359646f24eb790cab54cde2fa79f1d6696b71c88e7cbc962ef778f872e2,bancos,clasico,2011-07-31,unica,CART-CLASIS,371,330,41
BOLB 072011.xls,c94db359646f24eb790cab54cde2fa79f1d6696b71c88e7cbc962ef778f872e2,bancos,clasico,2011-07-31,unica,CART-CLASIS Part,375,333,42
BOLB 072011.xls,c94db359646f24eb790cab54cde2fa79f1d6696b71c88e7cbc962ef778f872e2,bancos,clasico,2011-07-31,unica,CART-ACTIV,520,466,54
BOLB 072011.xls,c94db359646f24eb790cab54cde2fa79f1d6696b71c88e7cbc962ef778f872e2,bancos,clasico,2011-07-31,unica,CART-ACTIV Part,510,456,54
BOLB 072011.xls,c94db359646f24eb790cab54cde2fa79f1d6696b71c88e7cbc962ef778f872e2,bancos,clasico,2011-07-31,unica,EVOL ACTIV TRIGO,424,363,61
BOLB 072011.xls,c94db359646f24eb790cab54cde2fa79f1d6696b71c88e7cbc962ef778f872e2,bancos,clasico,2011-07-31,unica,EVOL ACTIV ALGODÓN,424,363,61
BOLB 072011.xls,c94db359646f24eb790cab54cde2fa79f1d6696b71c88e7cbc962ef778f872e2,bancos,clasico,2011-07-31,unica,EVOL ACTIV SOJA,423,362,61
BOLB 072011.xls,c94db359646f24eb790cab54cde2fa79f1d6696b71c88e7cbc962ef778f872e2,bancos,clasico,2011-07-31,unica,EVOL ACTIV CONSTRUCCIONES,424,363,61
BOLB 072011.xls,c94db359646f24eb790cab54cde2fa79f1d6696b71c88e7cbc962ef778f872e2,bancos,clasico,2011-07-31,unica,EVOL ACTIV VIVIENDA,364,329,35
BOLB 072011.xls,c94db359646f24eb790cab54cde2fa79f1d6696b71c88e7cbc962ef778f872e2,bancos,clasico,2011-07-31,unica,Gráficos Evol Activ,22,13,9
BOLB 072011.xls,c94db359646f24eb790cab54cde2fa79f1d6696b71c88e7cbc962ef778f872e2,bancos,clasico,2011-07-31,unica,Calificadoras Bancos,76,16,60
BOLB 072011.xls,c94db359646f24eb790cab54cde2fa79f1d6696b71c88e7cbc962ef778f872e2,bancos,clasico,2011-07-31,unica,Auditores Externos,61,17,44
BOLB 082011.xls,298f6e5d40998f13f1aaa3ba40091913bfbeca42cc0090caa33fe607fce38797,bancos,clasico,2011-08-31,unica,SUC - BAN,145,104,41
BOLB 082011.xls,298f6e5d40998f13f1aaa3ba40091913bfbeca42cc0090caa33fe607fce38797,bancos,clasico,2011-08-31,unica,PAG10,307,256,51
BOLB 082011.xls,298f6e5d40998f13f1aaa3ba40091913bfbeca42cc0090caa33fe607fce38797,bancos,clasico,2011-08-31,unica,GRAFICOS,94,68,26
BOLB 082011.xls,298f6e5d40998f13f1aaa3ba40091913bfbeca42cc0090caa33fe607fce38797,bancos,clasico,2011-08-31,unica,TORTAS1,62,40,22
BOLB 082011.xls,298f6e5d40998f13f1aaa3ba40091913bfbeca42cc0090caa33fe607fce38797,bancos,clasico,2011-08-31,unica,PAG12,430,346,84
BOLB 082011.xls,298f6e5d40998f13f1aaa3ba40091913bfbeca42cc0090caa33fe607fce38797,bancos,clasico,2011-08-31,unica,PAG13,257,192,65
BOLB 082011.xls,298f6e5d40998f13f1aaa3ba40091913bfbeca42cc0090caa33fe607fce38797,bancos,clasico,2011-08-31,unica,PAG14,469,371,98
BOLB 082011.xls,298f6e5d40998f13f1aaa3ba40091913bfbeca42cc0090caa33fe607fce38797,bancos,clasico,2011-08-31,unica,PAG14 (2),233,172,61
BOLB 082011.xls,298f6e5d40998f13f1aaa3ba40091913bfbeca42cc0090caa33fe607fce38797,bancos,clasico,2011-08-31,unica,DEPOSITOS,197,116,81
BOLB 082011.xls,298f6e5d40998f13f1aaa3ba40091913bfbeca42cc0090caa33fe607fce38797,bancos,clasico,2011-08-31,unica,EVOL DEP,418,357,61
BOLB 082011.xls,298f6e5d40998f13f1aaa3ba40091913bfbeca42cc0090caa33fe607fce38797,bancos,clasico,2011-08-31,unica,Dep. Gráficos,21,20,1
BOLB 082011.xls,298f6e5d40998f13f1aaa3ba40091913bfbeca42cc0090caa33fe607fce38797,bancos,clasico,2011-08-31,unica,DEPOSITOS GRAFICOS,83,57,26
BOLB 082011.xls,298f6e5d40998f13f1aaa3ba40091913bfbeca42cc0090caa33fe607fce38797,bancos,clasico,2011-08-31,unica,PAG15,434,346,88
BOLB 082011.xls,298f6e5d40998f13f1aaa3ba40091913bfbeca42cc0090caa33fe607fce38797,bancos,clasico,2011-08-31,unica,PAG16,227,171,56
BOLB 082011.xls,298f6e5d40998f13f1aaa3ba40091913bfbeca42cc0090caa33fe607fce38797,bancos,clasico,2011-08-31,unica,PAG17,255,192,63
BOLB 082011.xls,298f6e5d40998f13f1aaa3ba40091913bfbeca42cc0090caa33fe607fce38797,bancos,clasico,2011-08-31,unica,PAG17 (2),551,500,51
BOLB 082011.xls,298f6e5d40998f13f1aaa3ba40091913bfbeca42cc0090caa33fe607fce38797,bancos,clasico,2011-08-31,unica,PAG18,308,236,72
BOLB 082011.xls,298f6e5d40998f13f1aaa3ba40091913bfbeca42cc0090caa33fe607fce38797,bancos,clasico,2011-08-31,unica,PAG19,866,662,204
BOLB 082011.xls,298f6e5d40998f13f1aaa3ba40091913bfbeca42cc0090caa33fe607fce38797,bancos,clasico,2011-08-31,unica,MOROSIDAD,350,269,81
BOLB 082011.xls,298f6e5d40998f13f1aaa3ba40091913bfbeca42cc0090caa33fe607fce38797,bancos,clasico,2011-08-31,unica,MOROSIDAD MN,287,224,63
BOLB 082011.xls,298f6e5d40998f13f1aaa3ba40091913bfbeca42cc0090caa33fe607fce38797,bancos,clasico,2011-08-31,unica,MOROSIDAD ME,287,224,63
BOLB 082011.xls,298f6e5d40998f13f1aaa3ba40091913bfbeca42cc0090caa33fe607fce38797,bancos,clasico,2011-08-31,unica,EVOL CRÉD,435,345,90
BOLB 082011.xls,298f6e5d40998f13f1aaa3ba40091913bfbeca42cc0090caa33fe607fce38797,bancos,clasico,2011-08-31,unica,EVOL CRÉD Vigen,431,345,86
BOLB 082011.xls,298f6e5d40998f13f1aaa3ba40091913bfbeca42cc0090caa33fe607fce38797,bancos,clasico,2011-08-31,unica,EVOL CRÉD Venc,413,348,65
BOLB 082011.xls,298f6e5d40998f13f1aaa3ba40091913bfbeca42cc0090caa33fe607fce38797,bancos,clasico,2011-08-31,unica,EVOL MORO,410,345,65
BOLB 082011.xls,298f6e5d40998f13f1aaa3ba40091913bfbeca42cc0090caa33fe607fce38797,bancos,clasico,2011-08-31,unica,CART-CLASIS,371,330,41
BOLB 082011.xls,298f6e5d40998f13f1aaa3ba40091913bfbeca42cc0090caa33fe607fce38797,bancos,clasico,2011-08-31,unica,CART-CLASIS Part,375,333,42
BOLB 082011.xls,298f6e5d40998f13f1aaa3ba40091913bfbeca42cc0090caa33fe607fce38797,bancos,clasico,2011-08-31,unica,CART-ACTIV,520,466,54
BOLB 082011.xls,298f6e5d40998f13f1aaa3ba40091913bfbeca42cc0090caa33fe607fce38797,bancos,clasico,2011-08-31,unica,CART-ACTIV Part,510,456,54
BOLB 082011.xls,298f6e5d40998f13f1aaa3ba40091913bfbeca42cc0090caa33fe607fce38797,bancos,clasico,2011-08-31,unica,EVOL ACTIV TRIGO,424,363,61
BOLB 082011.xls,298f6e5d40998f13f1aaa3ba40091913bfbeca42cc0090caa33fe607fce38797,bancos,clasico,2011-08-31,unica,EVOL ACTIV ALGODÓN,424,363,61
BOLB 082011.xls,298f6e5d40998f13f1aaa3ba40091913bfbeca42cc0090caa33fe607fce38797,bancos,clasico,2011-08-31,unica,EVOL ACTIV SOJA,423,362,61
BOLB 082011.xls,298f6e5d40998f13f1aaa3ba40091913bfbeca42cc0090caa33fe607fce38797,bancos,clasico,2011-08-31,unica,EVOL ACTIV CONSTRUCCIONES,424,363,61
BOLB 082011.xls,298f6e5d40998f13f1aaa3ba40091913bfbeca42cc0090caa33fe607fce38797,bancos,clasico,2011-08-31,unica,EVOL ACTIV VIVIENDA,364,329,35
BOLB 082011.xls,298f6e5d40998f13f1aaa3ba40091913bfbeca42cc0090caa33fe607fce38797,bancos,clasico,2011-08-31,unica,Gráficos Evol Activ,15,13,2
BOLB 082011.xls,298f6e5d40998f13f1aaa3ba40091913bfbeca42cc0090caa33fe607fce38797,bancos,clasico,2011-08-31,unica,Calificadoras Bancos,76,16,60
BOLB 082011.xls,298f6e5d40998f13f1aaa3ba40091913bfbeca42cc0090caa33fe607fce38797,bancos,clasico,2011-08-31,unica,Auditores Externos,61,17,44
BOLB 092011.xls,761e41837c1969b52b03a5c4c3789180a9871fd262e41c1b2dd6b0e4dd0d0430,bancos,clasico,2011-09-30,unica,SUC - BAN,145,104,41
BOLB 092011.xls,761e41837c1969b52b03a5c4c3789180a9871fd262e41c1b2dd6b0e4dd0d0430,bancos,clasico,2011-09-30,unica,PAG10,307,256,51
BOLB 092011.xls,761e41837c1969b52b03a5c4c3789180a9871fd262e41c1b2dd6b0e4dd0d0430,bancos,clasico,2011-09-30,unica,GRAFICOS,94,68,26
BOLB 092011.xls,761e41837c1969b52b03a5c4c3789180a9871fd262e41c1b2dd6b0e4dd0d0430,bancos,clasico,2011-09-30,unica,TORTAS1,62,40,22
BOLB 092011.xls,761e41837c1969b52b03a5c4c3789180a9871fd262e41c1b2dd6b0e4dd0d0430,bancos,clasico,2011-09-30,unica,PAG12,430,346,84
BOLB 092011.xls,761e41837c1969b52b03a5c4c3789180a9871fd262e41c1b2dd6b0e4dd0d0430,bancos,clasico,2011-09-30,unica,PAG13,257,192,65
BOLB 092011.xls,761e41837c1969b52b03a5c4c3789180a9871fd262e41c1b2dd6b0e4dd0d0430,bancos,clasico,2011-09-30,unica,PAG14,469,371,98
BOLB 092011.xls,761e41837c1969b52b03a5c4c3789180a9871fd262e41c1b2dd6b0e4dd0d0430,bancos,clasico,2011-09-30,unica,PAG14 (2),233,172,61
BOLB 092011.xls,761e41837c1969b52b03a5c4c3789180a9871fd262e41c1b2dd6b0e4dd0d0430,bancos,clasico,2011-09-30,unica,DEPOSITOS,197,116,81
BOLB 092011.xls,761e41837c1969b52b03a5c4c3789180a9871fd262e41c1b2dd6b0e4dd0d0430,bancos,clasico,2011-09-30,unica,EVOL DEP,420,359,61
BOLB 092011.xls,761e41837c1969b52b03a5c4c3789180a9871fd262e41c1b2dd6b0e4dd0d0430,bancos,clasico,2011-09-30,unica,Dep. Gráficos,21,20,1
BOLB 092011.xls,761e41837c1969b52b03a5c4c3789180a9871fd262e41c1b2dd6b0e4dd0d0430,bancos,clasico,2011-09-30,unica,DEPOSITOS GRAFICOS,83,57,26
BOLB 092011.xls,761e41837c1969b52b03a5c4c3789180a9871fd262e41c1b2dd6b0e4dd0d0430,bancos,clasico,2011-09-30,unica,PAG15,434,346,88
BOLB 092011.xls,761e41837c1969b52b03a5c4c3789180a9871fd262e41c1b2dd6b0e4dd0d0430,bancos,clasico,2011-09-30,unica,PAG16,227,171,56
BOLB 092011.xls,761e41837c1969b52b03a5c4c3789180a9871fd262e41c1b2dd6b0e4dd0d0430,bancos,clasico,2011-09-30,unica,PAG17,255,192,63
BOLB 092011.xls,761e41837c1969b52b03a5c4c3789180a9871fd262e41c1b2dd6b0e4dd0d0430,bancos,clasico,2011-09-30,unica,PAG17 (2),549,500,49
BOLB 092011.xls,761e41837c1969b52b03a5c4c3789180a9871fd262e41c1b2dd6b0e4dd0d0430,bancos,clasico,2011-09-30,unica,PAG18,308,236,72
BOLB 092011.xls,761e41837c1969b52b03a5c4c3789180a9871fd262e41c1b2dd6b0e4dd0d0430,bancos,clasico,2011-09-30,unica,PAG19,865,661,204
BOLB 092011.xls,761e41837c1969b52b03a5c4c3789180a9871fd262e41c1b2dd6b0e4dd0d0430,bancos,clasico,2011-09-30,unica,MOROSIDAD,350,269,81
BOLB 092011.xls,761e41837c1969b52b03a5c4c3789180a9871fd262e41c1b2dd6b0e4dd0d0430,bancos,clasico,2011-09-30,unica,MOROSIDAD MN,287,224,63
BOLB 092011.xls,761e41837c1969b52b03a5c4c3789180a9871fd262e41c1b2dd6b0e4dd0d0430,bancos,clasico,2011-09-30,unica,MOROSIDAD ME,287,224,63
BOLB 092011.xls,761e41837c1969b52b03a5c4c3789180a9871fd262e41c1b2dd6b0e4dd0d0430,bancos,clasico,2011-09-30,unica,EVOL CRÉD,436,347,89
BOLB 092011.xls,761e41837c1969b52b03a5c4c3789180a9871fd262e41c1b2dd6b0e4dd0d0430,bancos,clasico,2011-09-30,unica,EVOL CRÉD Vigen,433,347,86
BOLB 092011.xls,761e41837c1969b52b03a5c4c3789180a9871fd262e41c1b2dd6b0e4dd0d0430,bancos,clasico,2011-09-30,unica,EVOL CRÉD Venc,414,350,64
BOLB 092011.xls,761e41837c1969b52b03a5c4c3789180a9871fd262e41c1b2dd6b0e4dd0d0430,bancos,clasico,2011-09-30,unica,EVOL MORO,411,347,64
BOLB 092011.xls,761e41837c1969b52b03a5c4c3789180a9871fd262e41c1b2dd6b0e4dd0d0430,bancos,clasico,2011-09-30,unica,CART-CLASIS,371,330,41
BOLB 092011.xls,761e41837c1969b52b03a5c4c3789180a9871fd262e41c1b2dd6b0e4dd0d0430,bancos,clasico,2011-09-30,unica,CART-CLASIS Part,375,333,42
BOLB 092011.xls,761e41837c1969b52b03a5c4c3789180a9871fd262e41c1b2dd6b0e4dd0d0430,bancos,clasico,2011-09-30,unica,CART-ACTIV,520,466,54
BOLB 092011.xls,761e41837c1969b52b03a5c4c3789180a9871fd262e41c1b2dd6b0e4dd0d0430,bancos,clasico,2011-09-30,unica,CART-ACTIV Part,510,456,54
BOLB 092011.xls,761e41837c1969b52b03a5c4c3789180a9871fd262e41c1b2dd6b0e4dd0d0430,bancos,clasico,2011-09-30,unica,EVOL ACTIV TRIGO,424,363,61
BOLB 092011.xls,761e41837c1969b52b03a5c4c3789180a9871fd262e41c1b2dd6b0e4dd0d0430,bancos,clasico,2011-09-30,unica,EVOL ACTIV ALGODÓN,424,363,61
BOLB 092011.xls,761e41837c1969b52b03a5c4c3789180a9871fd262e41c1b2dd6b0e4dd0d0430,bancos,clasico,2011-09-30,unica,EVOL ACTIV SOJA,423,362,61
BOLB 092011.xls,761e41837c1969b52b03a5c4c3789180a9871fd262e41c1b2dd6b0e4dd0d0430,bancos,clasico,2011-09-30,unica,EVOL ACTIV CONSTRUCCIONES,424,363,61
BOLB 092011.xls,761e41837c1969b52b03a5c4c3789180a9871fd262e41c1b2dd6b0e4dd0d0430,bancos,clasico,2011-09-30,unica,EVOL ACTIV VIVIENDA,364,329,35
BOLB 092011.xls,761e41837c1969b52b03a5c4c3789180a9871fd262e41c1b2dd6b0e4dd0d0430,bancos,clasico,2011-09-30,unica,Gráficos Evol Activ,15,13,2
BOLB 092011.xls,761e41837c1969b52b03a5c4c3789180a9871fd262e41c1b2dd6b0e4dd0d0430,bancos,clasico,2011-09-30,unica,Calificadoras Bancos,76,16,60
BOLB 092011.xls,761e41837c1969b52b03a5c4c3789180a9871fd262e41c1b2dd6b0e4dd0d0430,bancos,clasico,2011-09-30,unica,Auditores Externos,61,17,44
BOLB 102011.xls,dcc5068733cb19a35de1a978572181249442a9a2f86d04fcca89ea21d1039d71,bancos,clasico,2011-10-31,unica,SUC - BAN,139,99,40
BOLB 102011.xls,dcc5068733cb19a35de1a978572181249442a9a2f86d04fcca89ea21d1039d71,bancos,clasico,2011-10-31,unica,PAG10,293,243,50
BOLB 102011.xls,dcc5068733cb19a35de1a978572181249442a9a2f86d04fcca89ea21d1039d71,bancos,clasico,2011-10-31,unica,GRAFICOS,86,60,26
BOLB 102011.xls,dcc5068733cb19a35de1a978572181249442a9a2f86d04fcca89ea21d1039d71,bancos,clasico,2011-10-31,unica,TORTAS1,62,40,22
BOLB 102011.xls,dcc5068733cb19a35de1a978572181249442a9a2f86d04fcca89ea21d1039d71,bancos,clasico,2011-10-31,unica,PAG12,413,330,83
BOLB 102011.xls,dcc5068733cb19a35de1a978572181249442a9a2f86d04fcca89ea21d1039d71,bancos,clasico,2011-10-31,unica,PAG13,247,183,64
BOLB 102011.xls,dcc5068733cb19a35de1a978572181249442a9a2f86d04fcca89ea21d1039d71,bancos,clasico,2011-10-31,unica,PAG14,452,355,97
BOLB 102011.xls,dcc5068733cb19a35de1a978572181249442a9a2f86d04fcca89ea21d1039d71,bancos,clasico,2011-10-31,unica,PAG14 (2),224,164,60
BOLB 102011.xls,dcc5068733cb19a35de1a978572181249442a9a2f86d04fcca89ea21d1039d71,bancos,clasico,2011-10-31,unica,DEPOSITOS,197,116,81
BOLB 102011.xls,dcc5068733cb19a35de1a978572181249442a9a2f86d04fcca89ea21d1039d71,bancos,clasico,2011-10-31,unica,EVOL DEP,420,358,62
BOLB 102011.xls,dcc5068733cb19a35de1a978572181249442a9a2f86d04fcca89ea21d1039d71,bancos,clasico,2011-10-31,unica,Dep. Gráficos,21,20,1
BOLB 102011.xls,dcc5068733cb19a35de1a978572181249442a9a2f86d04fcca89ea21d1039d71,bancos,clasico,2011-10-31,unica,DEPOSITOS GRAFICOS,83,57,26
BOLB 102011.xls,dcc5068733cb19a35de1a978572181249442a9a2f86d04fcca89ea21d1039d71,bancos,clasico,2011-10-31,unica,PAG15,418,331,87
BOLB 102011.xls,dcc5068733cb19a35de1a978572181249442a9a2f86d04fcca89ea21d1039d71,bancos,clasico,2011-10-31,unica,PAG16,218,163,55
BOLB 102011.xls,dcc5068733cb19a35de1a978572181249442a9a2f86d04fcca89ea21d1039d71,bancos,clasico,2011-10-31,unica,PAG17,245,183,62
BOLB 102011.xls,dcc5068733cb19a35de1a978572181249442a9a2f86d04fcca89ea21d1039d71,bancos,clasico,2011-10-31,unica,PAG17 (2),537,488,49
BOLB 102011.xls,dcc5068733cb19a35de1a978572181249442a9a2f86d04fcca89ea21d1039d71,bancos,clasico,2011-10-31,unica,PAG18,296,225,71
BOLB 102011.xls,dcc5068733cb19a35de1a978572181249442a9a2f86d04fcca89ea21d1039d71,bancos,clasico,2011-10-31,unica,PAG19,814,636,178
BOLB 102011.xls,dcc5068733cb19a35de1a978572181249442a9a2f86d04fcca89ea21d1039d71,bancos,clasico,2011-10-31,unica,MOROSIDAD,337,257,80
BOLB 102011.xls,dcc5068733cb19a35de1a978572181249442a9a2f86d04fcca89ea21d1039d71,bancos,clasico,2011-10-31,unica,MOROSIDAD MN,276,214,62
BOLB 102011.xls,dcc5068733cb19a35de1a978572181249442a9a2f86d04fcca89ea21d1039d71,bancos,clasico,2011-10-31,unica,MOROSIDAD ME,276,214,62
BOLB 102011.xls,dcc5068733cb19a35de1a978572181249442a9a2f86d04fcca89ea21d1039d71,bancos,clasico,2011-10-31,unica,EVOL CRÉD,434,346,88
BOLB 102011.xls,dcc5068733cb19a35de1a978572181249442a9a2f86d04fcca89ea21d1039d71,bancos,clasico,2011-10-31,unica,EVOL CRÉD Vigen,431,346,85
BOLB 102011.xls,dcc5068733cb19a35de1a978572181249442a9a2f86d04fcca89ea21d1039d71,bancos,clasico,2011-10-31,unica,EVOL CRÉD Venc,413,349,64
BOLB 102011.xls,dcc5068733cb19a35de1a978572181249442a9a2f86d04fcca89ea21d1039d71,bancos,clasico,2011-10-31,unica,EVOL MORO,410,345,65
BOLB 102011.xls,dcc5068733cb19a35de1a978572181249442a9a2f86d04fcca89ea21d1039d71,bancos,clasico,2011-10-31,unica,CART-CLASIS,362,322,40
BOLB 102011.xls,dcc5068733cb19a35de1a978572181249442a9a2f86d04fcca89ea21d1039d71,bancos,clasico,2011-10-31,unica,CART-CLASIS Part,366,325,41
BOLB 102011.xls,dcc5068733cb19a35de1a978572181249442a9a2f86d04fcca89ea21d1039d71,bancos,clasico,2011-10-31,unica,CART-ACTIV,508,455,53
BOLB 102011.xls,dcc5068733cb19a35de1a978572181249442a9a2f86d04fcca89ea21d1039d71,bancos,clasico,2011-10-31,unica,CART-ACTIV Part,498,445,53
BOLB 102011.xls,dcc5068733cb19a35de1a978572181249442a9a2f86d04fcca89ea21d1039d71,bancos,clasico,2011-10-31,unica,EVOL ACTIV TRIGO,425,362,63
BOLB 102011.xls,dcc5068733cb19a35de1a978572181249442a9a2f86d04fcca89ea21d1039d71,bancos,clasico,2011-10-31,unica,EVOL ACTIV ALGODÓN,425,362,63
BOLB 102011.xls,dcc5068733cb19a35de1a978572181249442a9a2f86d04fcca89ea21d1039d71,bancos,clasico,2011-10-31,unica,EVOL ACTIV SOJA,424,361,63
BOLB 102011.xls,dcc5068733cb19a35de1a978572181249442a9a2f86d04fcca89ea21d1039d71,bancos,clasico,2011-10-31,unica,EVOL ACTIV CONSTRUCCIONES,425,362,63
BOLB 102011.xls,dcc5068733cb19a35de1a978572181249442a9a2f86d04fcca89ea21d1039d71,bancos,clasico,2011-10-31,unica,EVOL ACTIV VIVIENDA,365,328,37
BOLB 102011.xls,dcc5068733cb19a35de1a978572181249442a9a2f86d04fcca89ea21d1039d71,bancos,clasico,2011-10-31,unica,Gráficos Evol Activ,15,13,2
BOLB 102011.xls,dcc5068733cb19a35de1a978572181249442a9a2f86d04fcca89ea21d1039d71,bancos,clasico,2011-10-31,unica,Calificadoras Bancos,72,15,57
BOLB 102011.xls,dcc5068733cb19a35de1a978572181249442a9a2f86d04fcca89ea21d1039d71,bancos,clasico,2011-10-31,unica,Auditores Externos,58,16,42
BOLB 112011.xls,2e52a344505ccf6414787db3e226a22512e0abcab13a8747534502028181001e,bancos,clasico,2011-11-30,unica,SUC - BAN,139,99,40
BOLB 112011.xls,2e52a344505ccf6414787db3e226a22512e0abcab13a8747534502028181001e,bancos,clasico,2011-11-30,unica,PAG10,293,243,50
BOLB 112011.xls,2e52a344505ccf6414787db3e226a22512e0abcab13a8747534502028181001e,bancos,clasico,2011-11-30,unica,GRAFICOS,86,60,26
BOLB 112011.xls,2e52a344505ccf6414787db3e226a22512e0abcab13a8747534502028181001e,bancos,clasico,2011-11-30,unica,TORTAS1,62,40,22
BOLB 112011.xls,2e52a344505ccf6414787db3e226a22512e0abcab13a8747534502028181001e,bancos,clasico,2011-11-30,unica,PAG12,413,330,83
BOLB 112011.xls,2e52a344505ccf6414787db3e226a22512e0abcab13a8747534502028181001e,bancos,clasico,2011-11-30,unica,PAG13,247,183,64
BOLB 112011.xls,2e52a344505ccf6414787db3e226a22512e0abcab13a8747534502028181001e,bancos,clasico,2011-11-30,unica,PAG14,452,355,97
BOLB 112011.xls,2e52a344505ccf6414787db3e226a22512e0abcab13a8747534502028181001e,bancos,clasico,2011-11-30,unica,PAG14 (2),224,164,60
BOLB 112011.xls,2e52a344505ccf6414787db3e226a22512e0abcab13a8747534502028181001e,bancos,clasico,2011-11-30,unica,DEPOSITOS,197,116,81
BOLB 112011.xls,2e52a344505ccf6414787db3e226a22512e0abcab13a8747534502028181001e,bancos,clasico,2011-11-30,unica,EVOL DEP,422,360,62
BOLB 112011.xls,2e52a344505ccf6414787db3e226a22512e0abcab13a8747534502028181001e,bancos,clasico,2011-11-30,unica,Dep. Gráficos,21,20,1
BOLB 112011.xls,2e52a344505ccf6414787db3e226a22512e0abcab13a8747534502028181001e,bancos,clasico,2011-11-30,unica,DEPOSITOS GRAFICOS,83,57,26
BOLB 112011.xls,2e52a344505ccf6414787db3e226a22512e0abcab13a8747534502028181001e,bancos,clasico,2011-11-30,unica,PAG15,417,330,87
BOLB 112011.xls,2e52a344505ccf6414787db3e226a22512e0abcab13a8747534502028181001e,bancos,clasico,2011-11-30,unica,PAG16,218,163,55
BOLB 112011.xls,2e52a344505ccf6414787db3e226a22512e0abcab13a8747534502028181001e,bancos,clasico,2011-11-30,unica,PAG17,245,183,62
BOLB 112011.xls,2e52a344505ccf6414787db3e226a22512e0abcab13a8747534502028181001e,bancos,clasico,2011-11-30,unica,PAG17 (2),538,488,50
BOLB 112011.xls,2e52a344505ccf6414787db3e226a22512e0abcab13a8747534502028181001e,bancos,clasico,2011-11-30,unica,PAG18,296,225,71
BOLB 112011.xls,2e52a344505ccf6414787db3e226a22512e0abcab13a8747534502028181001e,bancos,clasico,2011-11-30,unica,PAG19,811,635,176
BOLB 112011.xls,2e52a344505ccf6414787db3e226a22512e0abcab13a8747534502028181001e,bancos,clasico,2011-11-30,unica,MOROSIDAD,337,257,80
BOLB 112011.xls,2e52a344505ccf6414787db3e226a22512e0abcab13a8747534502028181001e,bancos,clasico,2011-11-30,unica,MOROSIDAD MN,276,214,62
BOLB 112011.xls,2e52a344505ccf6414787db3e226a22512e0abcab13a8747534502028181001e,bancos,clasico,2011-11-30,unica,MOROSIDAD ME,276,214,62
BOLB 112011.xls,2e52a344505ccf6414787db3e226a22512e0abcab13a8747534502028181001e,bancos,clasico,2011-11-30,unica,EVOL CRÉD,434,347,87
BOLB 112011.xls,2e52a344505ccf6414787db3e226a22512e0abcab13a8747534502028181001e,bancos,clasico,2011-11-30,unica,EVOL CRÉD Vigen,434,347,87
BOLB 112011.xls,2e52a344505ccf6414787db3e226a22512e0abcab13a8747534502028181001e,bancos,clasico,2011-11-30,unica,EVOL CRÉD Venc,413,350,63
BOLB 112011.xls,2e52a344505ccf6414787db3e226a22512e0abcab13a8747534502028181001e,bancos,clasico,2011-11-30,unica,EVOL MORO,410,345,65
BOLB 112011.xls,2e52a344505ccf6414787db3e226a22512e0abcab13a8747534502028181001e,bancos,clasico,2011-11-30,unica,Tarjetas de Cred,421,349,72
BOLB 112011.xls,2e52a344505ccf6414787db3e226a22512e0abcab13a8747534502028181001e,bancos,clasico,2011-11-30,unica,Gráfico Tarjetas ,24,22,2
BOLB 112011.xls,2e52a344505ccf6414787db3e226a22512e0abcab13a8747534502028181001e,bancos,clasico,2011-11-30,unica,CART-CLASIS,362,322,40
BOLB 112011.xls,2e52a344505ccf6414787db3e226a22512e0abcab13a8747534502028181001e,bancos,clasico,2011-11-30,unica,CART-CLASIS Part,366,325,41
BOLB 112011.xls,2e52a344505ccf6414787db3e226a22512e0abcab13a8747534502028181001e,bancos,clasico,2011-11-30,unica,CART-ACTIV,508,455,53
BOLB 112011.xls,2e52a344505ccf6414787db3e226a22512e0abcab13a8747534502028181001e,bancos,clasico,2011-11-30,unica,CART-ACTIV Part,498,445,53
BOLB 112011.xls,2e52a344505ccf6414787db3e226a22512e0abcab13a8747534502028181001e,bancos,clasico,2011-11-30,unica,EVOL ACTIV TRIGO,425,362,63
BOLB 112011.xls,2e52a344505ccf6414787db3e226a22512e0abcab13a8747534502028181001e,bancos,clasico,2011-11-30,unica,EVOL ACTIV ALGODÓN,425,363,62
BOLB 112011.xls,2e52a344505ccf6414787db3e226a22512e0abcab13a8747534502028181001e,bancos,clasico,2011-11-30,unica,EVOL ACTIV SOJA,424,362,62
BOLB 112011.xls,2e52a344505ccf6414787db3e226a22512e0abcab13a8747534502028181001e,bancos,clasico,2011-11-30,unica,EVOL ACTIV CONSTRUCCIONES,425,363,62
BOLB 112011.xls,2e52a344505ccf6414787db3e226a22512e0abcab13a8747534502028181001e,bancos,clasico,2011-11-30,unica,EVOL ACTIV VIVIENDA,365,329,36
BOLB 112011.xls,2e52a344505ccf6414787db3e226a22512e0abcab13a8747534502028181001e,bancos,clasico,2011-11-30,unica,Gráficos Evol Activ,15,13,2
BOLB 112011.xls,2e52a344505ccf6414787db3e226a22512e0abcab13a8747534502028181001e,bancos,clasico,2011-11-30,unica,FICHA,238,165,73
BOLB 112011.xls,2e52a344505ccf6414787db3e226a22512e0abcab13a8747534502028181001e,bancos,clasico,2011-11-30,unica,Calificadoras Bancos,76,16,60
BOLB 112011.xls,2e52a344505ccf6414787db3e226a22512e0abcab13a8747534502028181001e,bancos,clasico,2011-11-30,unica,Auditores Externos,61,17,44
BOLB 122011.xls,1a470cf5a487cb3065b032a107f29dfa2ed74bb27ec0635a0ded8dffc3c407de,bancos,clasico,2011-12-31,unica,SUC - BAN,139,99,40
BOLB 122011.xls,1a470cf5a487cb3065b032a107f29dfa2ed74bb27ec0635a0ded8dffc3c407de,bancos,clasico,2011-12-31,unica,PAG10,293,243,50
BOLB 122011.xls,1a470cf5a487cb3065b032a107f29dfa2ed74bb27ec0635a0ded8dffc3c407de,bancos,clasico,2011-12-31,unica,GRAFICOS,86,60,26
BOLB 122011.xls,1a470cf5a487cb3065b032a107f29dfa2ed74bb27ec0635a0ded8dffc3c407de,bancos,clasico,2011-12-31,unica,TORTAS1,62,40,22
BOLB 122011.xls,1a470cf5a487cb3065b032a107f29dfa2ed74bb27ec0635a0ded8dffc3c407de,bancos,clasico,2011-12-31,unica,PAG12,413,330,83
BOLB 122011.xls,1a470cf5a487cb3065b032a107f29dfa2ed74bb27ec0635a0ded8dffc3c407de,bancos,clasico,2011-12-31,unica,PAG13,247,183,64
BOLB 122011.xls,1a470cf5a487cb3065b032a107f29dfa2ed74bb27ec0635a0ded8dffc3c407de,bancos,clasico,2011-12-31,unica,PAG14,452,355,97
BOLB 122011.xls,1a470cf5a487cb3065b032a107f29dfa2ed74bb27ec0635a0ded8dffc3c407de,bancos,clasico,2011-12-31,unica,PAG14 (2),224,164,60
BOLB 122011.xls,1a470cf5a487cb3065b032a107f29dfa2ed74bb27ec0635a0ded8dffc3c407de,bancos,clasico,2011-12-31,unica,DEPOSITOS,197,116,81
BOLB 122011.xls,1a470cf5a487cb3065b032a107f29dfa2ed74bb27ec0635a0ded8dffc3c407de,bancos,clasico,2011-12-31,unica,EVOL DEP,423,361,62
BOLB 122011.xls,1a470cf5a487cb3065b032a107f29dfa2ed74bb27ec0635a0ded8dffc3c407de,bancos,clasico,2011-12-31,unica,Dep. Gráficos,21,20,1
BOLB 122011.xls,1a470cf5a487cb3065b032a107f29dfa2ed74bb27ec0635a0ded8dffc3c407de,bancos,clasico,2011-12-31,unica,DEPOSITOS GRAFICOS,83,57,26
BOLB 122011.xls,1a470cf5a487cb3065b032a107f29dfa2ed74bb27ec0635a0ded8dffc3c407de,bancos,clasico,2011-12-31,unica,PAG15,434,330,104
BOLB 122011.xls,1a470cf5a487cb3065b032a107f29dfa2ed74bb27ec0635a0ded8dffc3c407de,bancos,clasico,2011-12-31,unica,PAG16,218,163,55
BOLB 122011.xls,1a470cf5a487cb3065b032a107f29dfa2ed74bb27ec0635a0ded8dffc3c407de,bancos,clasico,2011-12-31,unica,PAG17,245,183,62
BOLB 122011.xls,1a470cf5a487cb3065b032a107f29dfa2ed74bb27ec0635a0ded8dffc3c407de,bancos,clasico,2011-12-31,unica,PAG17 (2),536,488,48
BOLB 122011.xls,1a470cf5a487cb3065b032a107f29dfa2ed74bb27ec0635a0ded8dffc3c407de,bancos,clasico,2011-12-31,unica,PAG18,296,225,71
BOLB 122011.xls,1a470cf5a487cb3065b032a107f29dfa2ed74bb27ec0635a0ded8dffc3c407de,bancos,clasico,2011-12-31,unica,PAG19,810,634,176
BOLB 122011.xls,1a470cf5a487cb3065b032a107f29dfa2ed74bb27ec0635a0ded8dffc3c407de,bancos,clasico,2011-12-31,unica,MOROSIDAD,337,257,80
BOLB 122011.xls,1a470cf5a487cb3065b032a107f29dfa2ed74bb27ec0635a0ded8dffc3c407de,bancos,clasico,2011-12-31,unica,MOROSIDAD MN,276,214,62
BOLB 122011.xls,1a470cf5a487cb3065b032a107f29dfa2ed74bb27ec0635a0ded8dffc3c407de,bancos,clasico,2011-12-31,unica,MOROSIDAD ME,276,214,62
BOLB 122011.xls,1a470cf5a487cb3065b032a107f29dfa2ed74bb27ec0635a0ded8dffc3c407de,bancos,clasico,2011-12-31,unica,EVOL CRÉD,434,348,86
BOLB 122011.xls,1a470cf5a487cb3065b032a107f29dfa2ed74bb27ec0635a0ded8dffc3c407de,bancos,clasico,2011-12-31,unica,EVOL CRÉD Vigen,435,348,87
BOLB 122011.xls,1a470cf5a487cb3065b032a107f29dfa2ed74bb27ec0635a0ded8dffc3c407de,bancos,clasico,2011-12-31,unica,EVOL CRÉD Venc,413,351,62
BOLB 122011.xls,1a470cf5a487cb3065b032a107f29dfa2ed74bb27ec0635a0ded8dffc3c407de,bancos,clasico,2011-12-31,unica,EVOL MORO,410,345,65
BOLB 122011.xls,1a470cf5a487cb3065b032a107f29dfa2ed74bb27ec0635a0ded8dffc3c407de,bancos,clasico,2011-12-31,unica,Tarjetas de Cred,502,383,119
BOLB 122011.xls,1a470cf5a487cb3065b032a107f29dfa2ed74bb27ec0635a0ded8dffc3c407de,bancos,clasico,2011-12-31,unica,Gráfico Tarjetas ,26,24,2
BOLB 122011.xls,1a470cf5a487cb3065b032a107f29dfa2ed74bb27ec0635a0ded8dffc3c407de,bancos,clasico,2011-12-31,unica,CART-CLASIS,363,322,41
BOLB 122011.xls,1a470cf5a487cb3065b032a107f29dfa2ed74bb27ec0635a0ded8dffc3c407de,bancos,clasico,2011-12-31,unica,CART-CLASIS Part,366,325,41
BOLB 122011.xls,1a470cf5a487cb3065b032a107f29dfa2ed74bb27ec0635a0ded8dffc3c407de,bancos,clasico,2011-12-31,unica,CART-ACTIV,508,455,53
BOLB 122011.xls,1a470cf5a487cb3065b032a107f29dfa2ed74bb27ec0635a0ded8dffc3c407de,bancos,clasico,2011-12-31,unica,CART-ACTIV Part,498,445,53
BOLB 122011.xls,1a470cf5a487cb3065b032a107f29dfa2ed74bb27ec0635a0ded8dffc3c407de,bancos,clasico,2011-12-31,unica,EVOL ACTIV TRIGO,425,362,63
BOLB 122011.xls,1a470cf5a487cb3065b032a107f29dfa2ed74bb27ec0635a0ded8dffc3c407de,bancos,clasico,2011-12-31,unica,EVOL ACTIV ALGODÓN,425,363,62
BOLB 122011.xls,1a470cf5a487cb3065b032a107f29dfa2ed74bb27ec0635a0ded8dffc3c407de,bancos,clasico,2011-12-31,unica,EVOL ACTIV SOJA,424,362,62
BOLB 122011.xls,1a470cf5a487cb3065b032a107f29dfa2ed74bb27ec0635a0ded8dffc3c407de,bancos,clasico,2011-12-31,unica,EVOL ACTIV CONSTRUCCIONES,425,363,62
BOLB 122011.xls,1a470cf5a487cb3065b032a107f29dfa2ed74bb27ec0635a0ded8dffc3c407de,bancos,clasico,2011-12-31,unica,EVOL ACTIV VIVIENDA,365,329,36
BOLB 122011.xls,1a470cf5a487cb3065b032a107f29dfa2ed74bb27ec0635a0ded8dffc3c407de,bancos,clasico,2011-12-31,unica,Gráficos Evol Activ,15,13,2
BOLB 122011.xls,1a470cf5a487cb3065b032a107f29dfa2ed74bb27ec0635a0ded8dffc3c407de,bancos,clasico,2011-12-31,unica,FICHA,238,165,73
BOLB 122011.xls,1a470cf5a487cb3065b032a107f29dfa2ed74bb27ec0635a0ded8dffc3c407de,bancos,clasico,2011-12-31,unica,Calificadoras Bancos,76,16,60
BOLB 122011.xls,1a470cf5a487cb3065b032a107f29dfa2ed74bb27ec0635a0ded8dffc3c407de,bancos,clasico,2011-12-31,unica,Auditores Externos,61,17,44
BOLB 012012.xls,0a498668df37f31de978e55032a54e4126f9e3dbbde390036987d61f843b8dbd,bancos,clasico,2012-01-31,unica,SUC - BAN,146,99,47
BOLB 012012.xls,0a498668df37f31de978e55032a54e4126f9e3dbbde390036987d61f843b8dbd,bancos,clasico,2012-01-31,unica,PAG10,300,243,57
BOLB 012012.xls,0a498668df37f31de978e55032a54e4126f9e3dbbde390036987d61f843b8dbd,bancos,clasico,2012-01-31,unica,GRAFICOS,86,60,26
BOLB 012012.xls,0a498668df37f31de978e55032a54e4126f9e3dbbde390036987d61f843b8dbd,bancos,clasico,2012-01-31,unica,TORTAS1,63,41,22
BOLB 012012.xls,0a498668df37f31de978e55032a54e4126f9e3dbbde390036987d61f843b8dbd,bancos,clasico,2012-01-31,unica,PAG12,412,330,82
BOLB 012012.xls,0a498668df37f31de978e55032a54e4126f9e3dbbde390036987d61f843b8dbd,bancos,clasico,2012-01-31,unica,PAG13,247,183,64
BOLB 012012.xls,0a498668df37f31de978e55032a54e4126f9e3dbbde390036987d61f843b8dbd,bancos,clasico,2012-01-31,unica,PAG14,452,355,97
BOLB 012012.xls,0a498668df37f31de978e55032a54e4126f9e3dbbde390036987d61f843b8dbd,bancos,clasico,2012-01-31,unica,PAG14 (2),223,164,59
BOLB 012012.xls,0a498668df37f31de978e55032a54e4126f9e3dbbde390036987d61f843b8dbd,bancos,clasico,2012-01-31,unica,DEPOSITOS,197,116,81
BOLB 012012.xls,0a498668df37f31de978e55032a54e4126f9e3dbbde390036987d61f843b8dbd,bancos,clasico,2012-01-31,unica,EVOL DEP,422,361,61
BOLB 012012.xls,0a498668df37f31de978e55032a54e4126f9e3dbbde390036987d61f843b8dbd,bancos,clasico,2012-01-31,unica,Dep. Gráficos,22,21,1
BOLB 012012.xls,0a498668df37f31de978e55032a54e4126f9e3dbbde390036987d61f843b8dbd,bancos,clasico,2012-01-31,unica,DEPOSITOS GRAFICOS,83,55,28
BOLB 012012.xls,0a498668df37f31de978e55032a54e4126f9e3dbbde390036987d61f843b8dbd,bancos,clasico,2012-01-31,unica,PAG15,417,330,87
BOLB 012012.xls,0a498668df37f31de978e55032a54e4126f9e3dbbde390036987d61f843b8dbd,bancos,clasico,2012-01-31,unica,PAG16,218,163,55
BOLB 012012.xls,0a498668df37f31de978e55032a54e4126f9e3dbbde390036987d61f843b8dbd,bancos,clasico,2012-01-31,unica,PAG17,245,183,62
BOLB 012012.xls,0a498668df37f31de978e55032a54e4126f9e3dbbde390036987d61f843b8dbd,bancos,clasico,2012-01-31,unica,PAG17 (2),537,488,49
BOLB 012012.xls,0a498668df37f31de978e55032a54e4126f9e3dbbde390036987d61f843b8dbd,bancos,clasico,2012-01-31,unica,PAG18,296,225,71
BOLB 012012.xls,0a498668df37f31de978e55032a54e4126f9e3dbbde390036987d61f843b8dbd,bancos,clasico,2012-01-31,unica,PAG19,834,635,199
BOLB 012012.xls,0a498668df37f31de978e55032a54e4126f9e3dbbde390036987d61f843b8dbd,bancos,clasico,2012-01-31,unica,MOROSIDAD,336,257,79
BOLB 012012.xls,0a498668df37f31de978e55032a54e4126f9e3dbbde390036987d61f843b8dbd,bancos,clasico,2012-01-31,unica,MOROSIDAD MN,276,215,61
BOLB 012012.xls,0a498668df37f31de978e55032a54e4126f9e3dbbde390036987d61f843b8dbd,bancos,clasico,2012-01-31,unica,MOROSIDAD ME,276,215,61
BOLB 012012.xls,0a498668df37f31de978e55032a54e4126f9e3dbbde390036987d61f843b8dbd,bancos,clasico,2012-01-31,unica,EVOL CRÉD,433,348,85
BOLB 012012.xls,0a498668df37f31de978e55032a54e4126f9e3dbbde390036987d61f843b8dbd,bancos,clasico,2012-01-31,unica,EVOL CRÉD Vigen,434,348,86
BOLB 012012.xls,0a498668df37f31de978e55032a54e4126f9e3dbbde390036987d61f843b8dbd,bancos,clasico,2012-01-31,unica,EVOL CRÉD Venc,412,351,61
BOLB 012012.xls,0a498668df37f31de978e55032a54e4126f9e3dbbde390036987d61f843b8dbd,bancos,clasico,2012-01-31,unica,EVOL MORO,409,344,65
BOLB 012012.xls,0a498668df37f31de978e55032a54e4126f9e3dbbde390036987d61f843b8dbd,bancos,clasico,2012-01-31,unica,Tarjetas de Cred,543,411,132
BOLB 012012.xls,0a498668df37f31de978e55032a54e4126f9e3dbbde390036987d61f843b8dbd,bancos,clasico,2012-01-31,unica,Gráfico Tarjetas ,26,24,2
BOLB 012012.xls,0a498668df37f31de978e55032a54e4126f9e3dbbde390036987d61f843b8dbd,bancos,clasico,2012-01-31,unica,CART-CLASIS,406,364,42
BOLB 012012.xls,0a498668df37f31de978e55032a54e4126f9e3dbbde390036987d61f843b8dbd,bancos,clasico,2012-01-31,unica,CART-CLASIS Part,410,367,43
BOLB 012012.xls,0a498668df37f31de978e55032a54e4126f9e3dbbde390036987d61f843b8dbd,bancos,clasico,2012-01-31,unica,CART-ACTIV,508,455,53
BOLB 012012.xls,0a498668df37f31de978e55032a54e4126f9e3dbbde390036987d61f843b8dbd,bancos,clasico,2012-01-31,unica,CART-ACTIV Part,498,445,53
BOLB 012012.xls,0a498668df37f31de978e55032a54e4126f9e3dbbde390036987d61f843b8dbd,bancos,clasico,2012-01-31,unica,EVOL ACTIV TRIGO,424,363,61
BOLB 012012.xls,0a498668df37f31de978e55032a54e4126f9e3dbbde390036987d61f843b8dbd,bancos,clasico,2012-01-31,unica,EVOL ACTIV ALGODÓN,424,363,61
BOLB 012012.xls,0a498668df37f31de978e55032a54e4126f9e3dbbde390036987d61f843b8dbd,bancos,clasico,2012-01-31,unica,EVOL ACTIV SOJA,423,362,61
BOLB 012012.xls,0a498668df37f31de978e55032a54e4126f9e3dbbde390036987d61f843b8dbd,bancos,clasico,2012-01-31,unica,EVOL ACTIV CONSTRUCCIONES,424,363,61
BOLB 012012.xls,0a498668df37f31de978e55032a54e4126f9e3dbbde390036987d61f843b8dbd,bancos,clasico,2012-01-31,unica,EVOL ACTIV VIVIENDA,364,329,35
BOLB 012012.xls,0a498668df37f31de978e55032a54e4126f9e3dbbde390036987d61f843b8dbd,bancos,clasico,2012-01-31,unica,Gráficos Evol Activ,15,13,2
BOLB 012012.xls,0a498668df37f31de978e55032a54e4126f9e3dbbde390036987d61f843b8dbd,bancos,clasico,2012-01-31,unica,FICHA,238,165,73
BOLB 012012.xls,0a498668df37f31de978e55032a54e4126f9e3dbbde390036987d61f843b8dbd,bancos,clasico,2012-01-31,unica,Calificadoras Bancos,76,16,60
BOLB 012012.xls,0a498668df37f31de978e55032a54e4126f9e3dbbde390036987d61f843b8dbd,bancos,clasico,2012-01-31,unica,Auditores Externos,61,17,44
BOLB 022012.xls,d247aab6d4185ded0ad6af5d34ec078d469c5063ce705af2b1fab840474c4139,bancos,clasico,2012-02-29,unica,SUC - BAN,139,99,40
BOLB 022012.xls,d247aab6d4185ded0ad6af5d34ec078d469c5063ce705af2b1fab840474c4139,bancos,clasico,2012-02-29,unica,PAG10,293,243,50
BOLB 022012.xls,d247aab6d4185ded0ad6af5d34ec078d469c5063ce705af2b1fab840474c4139,bancos,clasico,2012-02-29,unica,GRAFICOS,86,60,26
BOLB 022012.xls,d247aab6d4185ded0ad6af5d34ec078d469c5063ce705af2b1fab840474c4139,bancos,clasico,2012-02-29,unica,TORTAS1,62,40,22
BOLB 022012.xls,d247aab6d4185ded0ad6af5d34ec078d469c5063ce705af2b1fab840474c4139,bancos,clasico,2012-02-29,unica,PAG12,413,330,83
BOLB 022012.xls,d247aab6d4185ded0ad6af5d34ec078d469c5063ce705af2b1fab840474c4139,bancos,clasico,2012-02-29,unica,PAG13,247,183,64
BOLB 022012.xls,d247aab6d4185ded0ad6af5d34ec078d469c5063ce705af2b1fab840474c4139,bancos,clasico,2012-02-29,unica,PAG14,452,355,97
BOLB 022012.xls,d247aab6d4185ded0ad6af5d34ec078d469c5063ce705af2b1fab840474c4139,bancos,clasico,2012-02-29,unica,PAG14 (2),224,164,60
BOLB 022012.xls,d247aab6d4185ded0ad6af5d34ec078d469c5063ce705af2b1fab840474c4139,bancos,clasico,2012-02-29,unica,DEPOSITOS,197,116,81
BOLB 022012.xls,d247aab6d4185ded0ad6af5d34ec078d469c5063ce705af2b1fab840474c4139,bancos,clasico,2012-02-29,unica,EVOL DEP,423,361,62
BOLB 022012.xls,d247aab6d4185ded0ad6af5d34ec078d469c5063ce705af2b1fab840474c4139,bancos,clasico,2012-02-29,unica,Dep. Gráficos,21,20,1
BOLB 022012.xls,d247aab6d4185ded0ad6af5d34ec078d469c5063ce705af2b1fab840474c4139,bancos,clasico,2012-02-29,unica,DEPOSITOS GRAFICOS,83,57,26
BOLB 022012.xls,d247aab6d4185ded0ad6af5d34ec078d469c5063ce705af2b1fab840474c4139,bancos,clasico,2012-02-29,unica,PAG15,417,330,87
BOLB 022012.xls,d247aab6d4185ded0ad6af5d34ec078d469c5063ce705af2b1fab840474c4139,bancos,clasico,2012-02-29,unica,PAG16,218,163,55
BOLB 022012.xls,d247aab6d4185ded0ad6af5d34ec078d469c5063ce705af2b1fab840474c4139,bancos,clasico,2012-02-29,unica,PAG17,245,183,62
BOLB 022012.xls,d247aab6d4185ded0ad6af5d34ec078d469c5063ce705af2b1fab840474c4139,bancos,clasico,2012-02-29,unica,PAG17 (2),536,488,48
BOLB 022012.xls,d247aab6d4185ded0ad6af5d34ec078d469c5063ce705af2b1fab840474c4139,bancos,clasico,2012-02-29,unica,PAG18,296,225,71
BOLB 022012.xls,d247aab6d4185ded0ad6af5d34ec078d469c5063ce705af2b1fab840474c4139,bancos,clasico,2012-02-29,unica,PAG19,856,655,201
BOLB 022012.xls,d247aab6d4185ded0ad6af5d34ec078d469c5063ce705af2b1fab840474c4139,bancos,clasico,2012-02-29,unica,MOROSIDAD,337,257,80
BOLB 022012.xls,d247aab6d4185ded0ad6af5d34ec078d469c5063ce705af2b1fab840474c4139,bancos,clasico,2012-02-29,unica,MOROSIDAD MN,276,214,62
BOLB 022012.xls,d247aab6d4185ded0ad6af5d34ec078d469c5063ce705af2b1fab840474c4139,bancos,clasico,2012-02-29,unica,MOROSIDAD ME,276,214,62
BOLB 022012.xls,d247aab6d4185ded0ad6af5d34ec078d469c5063ce705af2b1fab840474c4139,bancos,clasico,2012-02-29,unica,EVOL CRÉD,435,348,87
BOLB 022012.xls,d247aab6d4185ded0ad6af5d34ec078d469c5063ce705af2b1fab840474c4139,bancos,clasico,2012-02-29,unica,EVOL CRÉD Vigen,434,348,86
BOLB 022012.xls,d247aab6d4185ded0ad6af5d34ec078d469c5063ce705af2b1fab840474c4139,bancos,clasico,2012-02-29,unica,EVOL CRÉD Venc,410,348,62
BOLB 022012.xls,d247aab6d4185ded0ad6af5d34ec078d469c5063ce705af2b1fab840474c4139,bancos,clasico,2012-02-29,unica,EVOL MORO,410,343,67
BOLB 022012.xls,d247aab6d4185ded0ad6af5d34ec078d469c5063ce705af2b1fab840474c4139,bancos,clasico,2012-02-29,unica,Tarjetas de Cred,541,410,131
BOLB 022012.xls,d247aab6d4185ded0ad6af5d34ec078d469c5063ce705af2b1fab840474c4139,bancos,clasico,2012-02-29,unica,Gráfico Tarjetas ,26,24,2
BOLB 022012.xls,d247aab6d4185ded0ad6af5d34ec078d469c5063ce705af2b1fab840474c4139,bancos,clasico,2012-02-29,unica,CART-CLASIS,406,364,42
BOLB 022012.xls,d247aab6d4185ded0ad6af5d34ec078d469c5063ce705af2b1fab840474c4139,bancos,clasico,2012-02-29,unica,CART-CLASIS Part,410,367,43
BOLB 022012.xls,d247aab6d4185ded0ad6af5d34ec078d469c5063ce705af2b1fab840474c4139,bancos,clasico,2012-02-29,unica,CART-ACTIV,508,455,53
BOLB 022012.xls,d247aab6d4185ded0ad6af5d34ec078d469c5063ce705af2b1fab840474c4139,bancos,clasico,2012-02-29,unica,CART-ACTIV Part,498,445,53
BOLB 022012.xls,d247aab6d4185ded0ad6af5d34ec078d469c5063ce705af2b1fab840474c4139,bancos,clasico,2012-02-29,unica,EVOL ACTIV TRIGO,425,363,62
BOLB 022012.xls,d247aab6d4185ded0ad6af5d34ec078d469c5063ce705af2b1fab840474c4139,bancos,clasico,2012-02-29,unica,EVOL ACTIV ALGODÓN,425,363,62
BOLB 022012.xls,d247aab6d4185ded0ad6af5d34ec078d469c5063ce705af2b1fab840474c4139,bancos,clasico,2012-02-29,unica,EVOL ACTIV SOJA,424,362,62
BOLB 022012.xls,d247aab6d4185ded0ad6af5d34ec078d469c5063ce705af2b1fab840474c4139,bancos,clasico,2012-02-29,unica,EVOL ACTIV CONSTRUCCIONES,425,363,62
BOLB 022012.xls,d247aab6d4185ded0ad6af5d34ec078d469c5063ce705af2b1fab840474c4139,bancos,clasico,2012-02-29,unica,EVOL ACTIV VIVIENDA,365,329,36
BOLB 022012.xls,d247aab6d4185ded0ad6af5d34ec078d469c5063ce705af2b1fab840474c4139,bancos,clasico,2012-02-29,unica,Gráficos Evol Activ,15,13,2
BOLB 022012.xls,d247aab6d4185ded0ad6af5d34ec078d469c5063ce705af2b1fab840474c4139,bancos,clasico,2012-02-29,unica,FICHA,238,165,73
BOLB 022012.xls,d247aab6d4185ded0ad6af5d34ec078d469c5063ce705af2b1fab840474c4139,bancos,clasico,2012-02-29,unica,Calificadoras Bancos,72,15,57
BOLB 022012.xls,d247aab6d4185ded0ad6af5d34ec078d469c5063ce705af2b1fab840474c4139,bancos,clasico,2012-02-29,unica,Auditores Externos,61,17,44
BOLB 032012.xls,876ac7a7eadfe95cfa455ddbf13eaaf13377aa9c945fa7eea865130a187a5d2f,bancos,clasico,2012-03-31,unica,SUC - BAN,139,99,40
BOLB 032012.xls,876ac7a7eadfe95cfa455ddbf13eaaf13377aa9c945fa7eea865130a187a5d2f,bancos,clasico,2012-03-31,unica,PAG10,293,243,50
BOLB 032012.xls,876ac7a7eadfe95cfa455ddbf13eaaf13377aa9c945fa7eea865130a187a5d2f,bancos,clasico,2012-03-31,unica,GRAFICOS,86,60,26
BOLB 032012.xls,876ac7a7eadfe95cfa455ddbf13eaaf13377aa9c945fa7eea865130a187a5d2f,bancos,clasico,2012-03-31,unica,TORTAS1,62,40,22
BOLB 032012.xls,876ac7a7eadfe95cfa455ddbf13eaaf13377aa9c945fa7eea865130a187a5d2f,bancos,clasico,2012-03-31,unica,PAG12,413,330,83
BOLB 032012.xls,876ac7a7eadfe95cfa455ddbf13eaaf13377aa9c945fa7eea865130a187a5d2f,bancos,clasico,2012-03-31,unica,PAG13,247,183,64
BOLB 032012.xls,876ac7a7eadfe95cfa455ddbf13eaaf13377aa9c945fa7eea865130a187a5d2f,bancos,clasico,2012-03-31,unica,PAG14,452,355,97
BOLB 032012.xls,876ac7a7eadfe95cfa455ddbf13eaaf13377aa9c945fa7eea865130a187a5d2f,bancos,clasico,2012-03-31,unica,PAG14 (2),224,164,60
BOLB 032012.xls,876ac7a7eadfe95cfa455ddbf13eaaf13377aa9c945fa7eea865130a187a5d2f,bancos,clasico,2012-03-31,unica,DEPOSITOS,197,116,81
BOLB 032012.xls,876ac7a7eadfe95cfa455ddbf13eaaf13377aa9c945fa7eea865130a187a5d2f,bancos,clasico,2012-03-31,unica,EVOL DEP,423,361,62
BOLB 032012.xls,876ac7a7eadfe95cfa455ddbf13eaaf13377aa9c945fa7eea865130a187a5d2f,bancos,clasico,2012-03-31,unica,Dep. Gráficos,21,20,1
BOLB 032012.xls,876ac7a7eadfe95cfa455ddbf13eaaf13377aa9c945fa7eea865130a187a5d2f,bancos,clasico,2012-03-31,unica,DEPOSITOS GRAFICOS,83,55,28
BOLB 032012.xls,876ac7a7eadfe95cfa455ddbf13eaaf13377aa9c945fa7eea865130a187a5d2f,bancos,clasico,2012-03-31,unica,PAG15,417,330,87
BOLB 032012.xls,876ac7a7eadfe95cfa455ddbf13eaaf13377aa9c945fa7eea865130a187a5d2f,bancos,clasico,2012-03-31,unica,PAG16,218,163,55
BOLB 032012.xls,876ac7a7eadfe95cfa455ddbf13eaaf13377aa9c945fa7eea865130a187a5d2f,bancos,clasico,2012-03-31,unica,PAG17,245,183,62
BOLB 032012.xls,876ac7a7eadfe95cfa455ddbf13eaaf13377aa9c945fa7eea865130a187a5d2f,bancos,clasico,2012-03-31,unica,PAG17 (2),536,488,48
BOLB 032012.xls,876ac7a7eadfe95cfa455ddbf13eaaf13377aa9c945fa7eea865130a187a5d2f,bancos,clasico,2012-03-31,unica,PAG18,296,225,71
BOLB 032012.xls,876ac7a7eadfe95cfa455ddbf13eaaf13377aa9c945fa7eea865130a187a5d2f,bancos,clasico,2012-03-31,unica,PAG19,856,655,201
BOLB 032012.xls,876ac7a7eadfe95cfa455ddbf13eaaf13377aa9c945fa7eea865130a187a5d2f,bancos,clasico,2012-03-31,unica,MOROSIDAD,337,257,80
BOLB 032012.xls,876ac7a7eadfe95cfa455ddbf13eaaf13377aa9c945fa7eea865130a187a5d2f,bancos,clasico,2012-03-31,unica,MOROSIDAD MN,276,214,62
BOLB 032012.xls,876ac7a7eadfe95cfa455ddbf13eaaf13377aa9c945fa7eea865130a187a5d2f,bancos,clasico,2012-03-31,unica,MOROSIDAD ME,276,214,62
BOLB 032012.xls,876ac7a7eadfe95cfa455ddbf13eaaf13377aa9c945fa7eea865130a187a5d2f,bancos,clasico,2012-03-31,unica,EVOL CRÉD,434,348,86
BOLB 032012.xls,876ac7a7eadfe95cfa455ddbf13eaaf13377aa9c945fa7eea865130a187a5d2f,bancos,clasico,2012-03-31,unica,EVOL CRÉD Vigen,434,348,86
BOLB 032012.xls,876ac7a7eadfe95cfa455ddbf13eaaf13377aa9c945fa7eea865130a187a5d2f,bancos,clasico,2012-03-31,unica,EVOL CRÉD Venc,410,348,62
BOLB 032012.xls,876ac7a7eadfe95cfa455ddbf13eaaf13377aa9c945fa7eea865130a187a5d2f,bancos,clasico,2012-03-31,unica,EVOL MORO,410,342,68
BOLB 032012.xls,876ac7a7eadfe95cfa455ddbf13eaaf13377aa9c945fa7eea865130a187a5d2f,bancos,clasico,2012-03-31,unica,Tarjetas de Cred,540,409,131
BOLB 032012.xls,876ac7a7eadfe95cfa455ddbf13eaaf13377aa9c945fa7eea865130a187a5d2f,bancos,clasico,2012-03-31,unica,Gráfico Tarjetas ,28,26,2
BOLB 032012.xls,876ac7a7eadfe95cfa455ddbf13eaaf13377aa9c945fa7eea865130a187a5d2f,bancos,clasico,2012-03-31,unica,CART-CLASIS,406,364,42
BOLB 032012.xls,876ac7a7eadfe95cfa455ddbf13eaaf13377aa9c945fa7eea865130a187a5d2f,bancos,clasico,2012-03-31,unica,CART-CLASIS Part,410,367,43
BOLB 032012.xls,876ac7a7eadfe95cfa455ddbf13eaaf13377aa9c945fa7eea865130a187a5d2f,bancos,clasico,2012-03-31,unica,CART-ACTIV,508,455,53
BOLB 032012.xls,876ac7a7eadfe95cfa455ddbf13eaaf13377aa9c945fa7eea865130a187a5d2f,bancos,clasico,2012-03-31,unica,CART-ACTIV Part,498,445,53
BOLB 032012.xls,876ac7a7eadfe95cfa455ddbf13eaaf13377aa9c945fa7eea865130a187a5d2f,bancos,clasico,2012-03-31,unica,EVOL ACTIV TRIGO,425,363,62
BOLB 032012.xls,876ac7a7eadfe95cfa455ddbf13eaaf13377aa9c945fa7eea865130a187a5d2f,bancos,clasico,2012-03-31,unica,EVOL ACTIV ALGODÓN,425,363,62
BOLB 032012.xls,876ac7a7eadfe95cfa455ddbf13eaaf13377aa9c945fa7eea865130a187a5d2f,bancos,clasico,2012-03-31,unica,EVOL ACTIV SOJA,424,362,62
BOLB 032012.xls,876ac7a7eadfe95cfa455ddbf13eaaf13377aa9c945fa7eea865130a187a5d2f,bancos,clasico,2012-03-31,unica,EVOL ACTIV CONSTRUCCIONES,425,363,62
BOLB 032012.xls,876ac7a7eadfe95cfa455ddbf13eaaf13377aa9c945fa7eea865130a187a5d2f,bancos,clasico,2012-03-31,unica,EVOL ACTIV VIVIENDA,365,329,36
BOLB 032012.xls,876ac7a7eadfe95cfa455ddbf13eaaf13377aa9c945fa7eea865130a187a5d2f,bancos,clasico,2012-03-31,unica,Gráficos Evol Activ,15,13,2
BOLB 032012.xls,876ac7a7eadfe95cfa455ddbf13eaaf13377aa9c945fa7eea865130a187a5d2f,bancos,clasico,2012-03-31,unica,FICHA,238,165,73
BOLB 032012.xls,876ac7a7eadfe95cfa455ddbf13eaaf13377aa9c945fa7eea865130a187a5d2f,bancos,clasico,2012-03-31,unica,Calificadoras Bancos,72,15,57
BOLB 032012.xls,876ac7a7eadfe95cfa455ddbf13eaaf13377aa9c945fa7eea865130a187a5d2f,bancos,clasico,2012-03-31,unica,Auditores Externos,61,17,44
BOLB 042012.xls,d75aa87d7fb677bdb0d67ba920057783b671b58675f0294f6f681677edbe09a6,bancos,clasico,2012-04-30,unica,SUC - BAN,139,99,40
BOLB 042012.xls,d75aa87d7fb677bdb0d67ba920057783b671b58675f0294f6f681677edbe09a6,bancos,clasico,2012-04-30,unica,PAG10,293,243,50
BOLB 042012.xls,d75aa87d7fb677bdb0d67ba920057783b671b58675f0294f6f681677edbe09a6,bancos,clasico,2012-04-30,unica,GRAFICOS,86,60,26
BOLB 042012.xls,d75aa87d7fb677bdb0d67ba920057783b671b58675f0294f6f681677edbe09a6,bancos,clasico,2012-04-30,unica,TORTAS1,62,40,22
BOLB 042012.xls,d75aa87d7fb677bdb0d67ba920057783b671b58675f0294f6f681677edbe09a6,bancos,clasico,2012-04-30,unica,PAG12,413,330,83
BOLB 042012.xls,d75aa87d7fb677bdb0d67ba920057783b671b58675f0294f6f681677edbe09a6,bancos,clasico,2012-04-30,unica,PAG13,262,183,79
BOLB 042012.xls,d75aa87d7fb677bdb0d67ba920057783b671b58675f0294f6f681677edbe09a6,bancos,clasico,2012-04-30,unica,PAG14,452,355,97
BOLB 042012.xls,d75aa87d7fb677bdb0d67ba920057783b671b58675f0294f6f681677edbe09a6,bancos,clasico,2012-04-30,unica,PAG14 (2),224,164,60
BOLB 042012.xls,d75aa87d7fb677bdb0d67ba920057783b671b58675f0294f6f681677edbe09a6,bancos,clasico,2012-04-30,unica,DEPOSITOS,197,116,81
BOLB 042012.xls,d75aa87d7fb677bdb0d67ba920057783b671b58675f0294f6f681677edbe09a6,bancos,clasico,2012-04-30,unica,EVOL DEP,423,361,62
BOLB 042012.xls,d75aa87d7fb677bdb0d67ba920057783b671b58675f0294f6f681677edbe09a6,bancos,clasico,2012-04-30,unica,Dep. Gráficos,21,20,1
BOLB 042012.xls,d75aa87d7fb677bdb0d67ba920057783b671b58675f0294f6f681677edbe09a6,bancos,clasico,2012-04-30,unica,DEPOSITOS GRAFICOS,83,57,26
BOLB 042012.xls,d75aa87d7fb677bdb0d67ba920057783b671b58675f0294f6f681677edbe09a6,bancos,clasico,2012-04-30,unica,PAG15,417,330,87
BOLB 042012.xls,d75aa87d7fb677bdb0d67ba920057783b671b58675f0294f6f681677edbe09a6,bancos,clasico,2012-04-30,unica,PAG16,218,163,55
BOLB 042012.xls,d75aa87d7fb677bdb0d67ba920057783b671b58675f0294f6f681677edbe09a6,bancos,clasico,2012-04-30,unica,PAG17,245,183,62
BOLB 042012.xls,d75aa87d7fb677bdb0d67ba920057783b671b58675f0294f6f681677edbe09a6,bancos,clasico,2012-04-30,unica,PAG17 (2),537,488,49
BOLB 042012.xls,d75aa87d7fb677bdb0d67ba920057783b671b58675f0294f6f681677edbe09a6,bancos,clasico,2012-04-30,unica,PAG18,296,225,71
BOLB 042012.xls,d75aa87d7fb677bdb0d67ba920057783b671b58675f0294f6f681677edbe09a6,bancos,clasico,2012-04-30,unica,PAG19,832,655,177
BOLB 042012.xls,d75aa87d7fb677bdb0d67ba920057783b671b58675f0294f6f681677edbe09a6,bancos,clasico,2012-04-30,unica,MOROSIDAD,337,257,80
BOLB 042012.xls,d75aa87d7fb677bdb0d67ba920057783b671b58675f0294f6f681677edbe09a6,bancos,clasico,2012-04-30,unica,MOROSIDAD MN,276,214,62
BOLB 042012.xls,d75aa87d7fb677bdb0d67ba920057783b671b58675f0294f6f681677edbe09a6,bancos,clasico,2012-04-30,unica,MOROSIDAD ME,276,214,62
BOLB 042012.xls,d75aa87d7fb677bdb0d67ba920057783b671b58675f0294f6f681677edbe09a6,bancos,clasico,2012-04-30,unica,EVOL CRÉD,434,348,86
BOLB 042012.xls,d75aa87d7fb677bdb0d67ba920057783b671b58675f0294f6f681677edbe09a6,bancos,clasico,2012-04-30,unica,EVOL CRÉD Vigen,435,348,87
BOLB 042012.xls,d75aa87d7fb677bdb0d67ba920057783b671b58675f0294f6f681677edbe09a6,bancos,clasico,2012-04-30,unica,EVOL CRÉD Venc,410,348,62
BOLB 042012.xls,d75aa87d7fb677bdb0d67ba920057783b671b58675f0294f6f681677edbe09a6,bancos,clasico,2012-04-30,unica,EVOL MORO,410,341,69
BOLB 042012.xls,d75aa87d7fb677bdb0d67ba920057783b671b58675f0294f6f681677edbe09a6,bancos,clasico,2012-04-30,unica,Tarjetas de Cred,538,407,131
BOLB 042012.xls,d75aa87d7fb677bdb0d67ba920057783b671b58675f0294f6f681677edbe09a6,bancos,clasico,2012-04-30,unica,Gráfico Tarjetas ,26,24,2
BOLB 042012.xls,d75aa87d7fb677bdb0d67ba920057783b671b58675f0294f6f681677edbe09a6,bancos,clasico,2012-04-30,unica,CART-CLASIS,406,364,42
BOLB 042012.xls,d75aa87d7fb677bdb0d67ba920057783b671b58675f0294f6f681677edbe09a6,bancos,clasico,2012-04-30,unica,CART-CLASIS Part,410,367,43
BOLB 042012.xls,d75aa87d7fb677bdb0d67ba920057783b671b58675f0294f6f681677edbe09a6,bancos,clasico,2012-04-30,unica,CART-ACTIV,508,455,53
BOLB 042012.xls,d75aa87d7fb677bdb0d67ba920057783b671b58675f0294f6f681677edbe09a6,bancos,clasico,2012-04-30,unica,CART-ACTIV Part,498,445,53
BOLB 042012.xls,d75aa87d7fb677bdb0d67ba920057783b671b58675f0294f6f681677edbe09a6,bancos,clasico,2012-04-30,unica,EVOL ACTIV TRIGO,425,363,62
BOLB 042012.xls,d75aa87d7fb677bdb0d67ba920057783b671b58675f0294f6f681677edbe09a6,bancos,clasico,2012-04-30,unica,EVOL ACTIV ALGODÓN,425,363,62
BOLB 042012.xls,d75aa87d7fb677bdb0d67ba920057783b671b58675f0294f6f681677edbe09a6,bancos,clasico,2012-04-30,unica,EVOL ACTIV SOJA,424,362,62
BOLB 042012.xls,d75aa87d7fb677bdb0d67ba920057783b671b58675f0294f6f681677edbe09a6,bancos,clasico,2012-04-30,unica,EVOL ACTIV CONSTRUCCIONES,425,363,62
BOLB 042012.xls,d75aa87d7fb677bdb0d67ba920057783b671b58675f0294f6f681677edbe09a6,bancos,clasico,2012-04-30,unica,EVOL ACTIV VIVIENDA,365,329,36
BOLB 042012.xls,d75aa87d7fb677bdb0d67ba920057783b671b58675f0294f6f681677edbe09a6,bancos,clasico,2012-04-30,unica,Gráficos Evol Activ,15,13,2
BOLB 042012.xls,d75aa87d7fb677bdb0d67ba920057783b671b58675f0294f6f681677edbe09a6,bancos,clasico,2012-04-30,unica,FICHA,238,165,73
BOLB 042012.xls,d75aa87d7fb677bdb0d67ba920057783b671b58675f0294f6f681677edbe09a6,bancos,clasico,2012-04-30,unica,Calificadoras Bancos,72,15,57
BOLB 042012.xls,d75aa87d7fb677bdb0d67ba920057783b671b58675f0294f6f681677edbe09a6,bancos,clasico,2012-04-30,unica,Auditores Externos,61,17,44
BOLB 052012.xls,1ae42a583d7666d0b95da9b93ecd7c3cb1a88ea9037a234328918c30baefd1e6,bancos,clasico,2012-05-31,unica,SUC - BAN,139,99,40
BOLB 052012.xls,1ae42a583d7666d0b95da9b93ecd7c3cb1a88ea9037a234328918c30baefd1e6,bancos,clasico,2012-05-31,unica,PAG10,293,243,50
BOLB 052012.xls,1ae42a583d7666d0b95da9b93ecd7c3cb1a88ea9037a234328918c30baefd1e6,bancos,clasico,2012-05-31,unica,GRAFICOS,86,60,26
BOLB 052012.xls,1ae42a583d7666d0b95da9b93ecd7c3cb1a88ea9037a234328918c30baefd1e6,bancos,clasico,2012-05-31,unica,TORTAS1,62,40,22
BOLB 052012.xls,1ae42a583d7666d0b95da9b93ecd7c3cb1a88ea9037a234328918c30baefd1e6,bancos,clasico,2012-05-31,unica,PAG12,413,330,83
BOLB 052012.xls,1ae42a583d7666d0b95da9b93ecd7c3cb1a88ea9037a234328918c30baefd1e6,bancos,clasico,2012-05-31,unica,PAG13,254,183,71
BOLB 052012.xls,1ae42a583d7666d0b95da9b93ecd7c3cb1a88ea9037a234328918c30baefd1e6,bancos,clasico,2012-05-31,unica,PAG14,452,355,97
BOLB 052012.xls,1ae42a583d7666d0b95da9b93ecd7c3cb1a88ea9037a234328918c30baefd1e6,bancos,clasico,2012-05-31,unica,PAG14 (2),224,164,60
BOLB 052012.xls,1ae42a583d7666d0b95da9b93ecd7c3cb1a88ea9037a234328918c30baefd1e6,bancos,clasico,2012-05-31,unica,DEPOSITOS,197,116,81
BOLB 052012.xls,1ae42a583d7666d0b95da9b93ecd7c3cb1a88ea9037a234328918c30baefd1e6,bancos,clasico,2012-05-31,unica,EVOL DEP,423,361,62
BOLB 052012.xls,1ae42a583d7666d0b95da9b93ecd7c3cb1a88ea9037a234328918c30baefd1e6,bancos,clasico,2012-05-31,unica,Dep. Gráficos,21,20,1
BOLB 052012.xls,1ae42a583d7666d0b95da9b93ecd7c3cb1a88ea9037a234328918c30baefd1e6,bancos,clasico,2012-05-31,unica,DEPOSITOS GRAFICOS,83,57,26
BOLB 052012.xls,1ae42a583d7666d0b95da9b93ecd7c3cb1a88ea9037a234328918c30baefd1e6,bancos,clasico,2012-05-31,unica,PAG15,417,330,87
BOLB 052012.xls,1ae42a583d7666d0b95da9b93ecd7c3cb1a88ea9037a234328918c30baefd1e6,bancos,clasico,2012-05-31,unica,PAG16,218,163,55
BOLB 052012.xls,1ae42a583d7666d0b95da9b93ecd7c3cb1a88ea9037a234328918c30baefd1e6,bancos,clasico,2012-05-31,unica,PAG17,245,183,62
BOLB 052012.xls,1ae42a583d7666d0b95da9b93ecd7c3cb1a88ea9037a234328918c30baefd1e6,bancos,clasico,2012-05-31,unica,PAG17 (2),536,488,48
BOLB 052012.xls,1ae42a583d7666d0b95da9b93ecd7c3cb1a88ea9037a234328918c30baefd1e6,bancos,clasico,2012-05-31,unica,PAG18,296,225,71
BOLB 052012.xls,1ae42a583d7666d0b95da9b93ecd7c3cb1a88ea9037a234328918c30baefd1e6,bancos,clasico,2012-05-31,unica,PAG19,832,655,177
BOLB 052012.xls,1ae42a583d7666d0b95da9b93ecd7c3cb1a88ea9037a234328918c30baefd1e6,bancos,clasico,2012-05-31,unica,MOROSIDAD,337,257,80
BOLB 052012.xls,1ae42a583d7666d0b95da9b93ecd7c3cb1a88ea9037a234328918c30baefd1e6,bancos,clasico,2012-05-31,unica,MOROSIDAD MN,276,214,62
BOLB 052012.xls,1ae42a583d7666d0b95da9b93ecd7c3cb1a88ea9037a234328918c30baefd1e6,bancos,clasico,2012-05-31,unica,MOROSIDAD ME,276,214,62
BOLB 052012.xls,1ae42a583d7666d0b95da9b93ecd7c3cb1a88ea9037a234328918c30baefd1e6,bancos,clasico,2012-05-31,unica,EVOL CRÉD,435,349,86
BOLB 052012.xls,1ae42a583d7666d0b95da9b93ecd7c3cb1a88ea9037a234328918c30baefd1e6,bancos,clasico,2012-05-31,unica,EVOL CRÉD Vigen,436,349,87
BOLB 052012.xls,1ae42a583d7666d0b95da9b93ecd7c3cb1a88ea9037a234328918c30baefd1e6,bancos,clasico,2012-05-31,unica,EVOL CRÉD Venc,411,349,62
BOLB 052012.xls,1ae42a583d7666d0b95da9b93ecd7c3cb1a88ea9037a234328918c30baefd1e6,bancos,clasico,2012-05-31,unica,EVOL MORO,411,341,70
BOLB 052012.xls,1ae42a583d7666d0b95da9b93ecd7c3cb1a88ea9037a234328918c30baefd1e6,bancos,clasico,2012-05-31,unica,Tarjetas de Cred,536,405,131
BOLB 052012.xls,1ae42a583d7666d0b95da9b93ecd7c3cb1a88ea9037a234328918c30baefd1e6,bancos,clasico,2012-05-31,unica,Gráfico Tarjetas ,26,24,2
BOLB 052012.xls,1ae42a583d7666d0b95da9b93ecd7c3cb1a88ea9037a234328918c30baefd1e6,bancos,clasico,2012-05-31,unica,CART-CLASIS,406,364,42
BOLB 052012.xls,1ae42a583d7666d0b95da9b93ecd7c3cb1a88ea9037a234328918c30baefd1e6,bancos,clasico,2012-05-31,unica,CART-CLASIS Part,410,367,43
BOLB 052012.xls,1ae42a583d7666d0b95da9b93ecd7c3cb1a88ea9037a234328918c30baefd1e6,bancos,clasico,2012-05-31,unica,CART-ACTIV,508,455,53
BOLB 052012.xls,1ae42a583d7666d0b95da9b93ecd7c3cb1a88ea9037a234328918c30baefd1e6,bancos,clasico,2012-05-31,unica,CART-ACTIV Part,498,445,53
BOLB 052012.xls,1ae42a583d7666d0b95da9b93ecd7c3cb1a88ea9037a234328918c30baefd1e6,bancos,clasico,2012-05-31,unica,EVOL ACTIV TRIGO,425,363,62
BOLB 052012.xls,1ae42a583d7666d0b95da9b93ecd7c3cb1a88ea9037a234328918c30baefd1e6,bancos,clasico,2012-05-31,unica,EVOL ACTIV ALGODÓN,425,363,62
BOLB 052012.xls,1ae42a583d7666d0b95da9b93ecd7c3cb1a88ea9037a234328918c30baefd1e6,bancos,clasico,2012-05-31,unica,EVOL ACTIV SOJA,424,362,62
BOLB 052012.xls,1ae42a583d7666d0b95da9b93ecd7c3cb1a88ea9037a234328918c30baefd1e6,bancos,clasico,2012-05-31,unica,EVOL ACTIV CONSTRUCCIONES,425,363,62
BOLB 052012.xls,1ae42a583d7666d0b95da9b93ecd7c3cb1a88ea9037a234328918c30baefd1e6,bancos,clasico,2012-05-31,unica,EVOL ACTIV VIVIENDA,365,329,36
BOLB 052012.xls,1ae42a583d7666d0b95da9b93ecd7c3cb1a88ea9037a234328918c30baefd1e6,bancos,clasico,2012-05-31,unica,Gráficos Evol Activ,15,13,2
BOLB 052012.xls,1ae42a583d7666d0b95da9b93ecd7c3cb1a88ea9037a234328918c30baefd1e6,bancos,clasico,2012-05-31,unica,FICHA,238,165,73
BOLB 052012.xls,1ae42a583d7666d0b95da9b93ecd7c3cb1a88ea9037a234328918c30baefd1e6,bancos,clasico,2012-05-31,unica,Calificadoras Bancos,72,15,57
BOLB 052012.xls,1ae42a583d7666d0b95da9b93ecd7c3cb1a88ea9037a234328918c30baefd1e6,bancos,clasico,2012-05-31,unica,Auditores Externos,61,17,44
BOLB 062012.xls,1586e0393a6e21d754e4096d82dd706597d02a3dbc880ae3b69b4876734be057,bancos,clasico,2012-06-30,unica,SUC - BAN,139,99,40
BOLB 062012.xls,1586e0393a6e21d754e4096d82dd706597d02a3dbc880ae3b69b4876734be057,bancos,clasico,2012-06-30,unica,PAG10,293,243,50
BOLB 062012.xls,1586e0393a6e21d754e4096d82dd706597d02a3dbc880ae3b69b4876734be057,bancos,clasico,2012-06-30,unica,GRAFICOS,89,64,25
BOLB 062012.xls,1586e0393a6e21d754e4096d82dd706597d02a3dbc880ae3b69b4876734be057,bancos,clasico,2012-06-30,unica,TORTAS1,62,40,22
BOLB 062012.xls,1586e0393a6e21d754e4096d82dd706597d02a3dbc880ae3b69b4876734be057,bancos,clasico,2012-06-30,unica,PAG12,413,330,83
BOLB 062012.xls,1586e0393a6e21d754e4096d82dd706597d02a3dbc880ae3b69b4876734be057,bancos,clasico,2012-06-30,unica,PAG13,247,183,64
BOLB 062012.xls,1586e0393a6e21d754e4096d82dd706597d02a3dbc880ae3b69b4876734be057,bancos,clasico,2012-06-30,unica,PAG14,452,355,97
BOLB 062012.xls,1586e0393a6e21d754e4096d82dd706597d02a3dbc880ae3b69b4876734be057,bancos,clasico,2012-06-30,unica,PAG14 (2),221,162,59
BOLB 062012.xls,1586e0393a6e21d754e4096d82dd706597d02a3dbc880ae3b69b4876734be057,bancos,clasico,2012-06-30,unica,DEPOSITOS,197,116,81
BOLB 062012.xls,1586e0393a6e21d754e4096d82dd706597d02a3dbc880ae3b69b4876734be057,bancos,clasico,2012-06-30,unica,EVOL DEP,363,327,36
BOLB 062012.xls,1586e0393a6e21d754e4096d82dd706597d02a3dbc880ae3b69b4876734be057,bancos,clasico,2012-06-30,unica,Dep. Gráficos,21,20,1
BOLB 062012.xls,1586e0393a6e21d754e4096d82dd706597d02a3dbc880ae3b69b4876734be057,bancos,clasico,2012-06-30,unica,DEPOSITOS GRAFICOS,83,53,30
BOLB 062012.xls,1586e0393a6e21d754e4096d82dd706597d02a3dbc880ae3b69b4876734be057,bancos,clasico,2012-06-30,unica,PAG15,417,330,87
BOLB 062012.xls,1586e0393a6e21d754e4096d82dd706597d02a3dbc880ae3b69b4876734be057,bancos,clasico,2012-06-30,unica,PAG16,218,163,55
BOLB 062012.xls,1586e0393a6e21d754e4096d82dd706597d02a3dbc880ae3b69b4876734be057,bancos,clasico,2012-06-30,unica,PAG17,245,183,62
BOLB 062012.xls,1586e0393a6e21d754e4096d82dd706597d02a3dbc880ae3b69b4876734be057,bancos,clasico,2012-06-30,unica,PAG17 (2),294,246,48
BOLB 062012.xls,1586e0393a6e21d754e4096d82dd706597d02a3dbc880ae3b69b4876734be057,bancos,clasico,2012-06-30,unica,PAG18,296,225,71
BOLB 062012.xls,1586e0393a6e21d754e4096d82dd706597d02a3dbc880ae3b69b4876734be057,bancos,clasico,2012-06-30,unica,PAG19,744,567,177
BOLB 062012.xls,1586e0393a6e21d754e4096d82dd706597d02a3dbc880ae3b69b4876734be057,bancos,clasico,2012-06-30,unica,MOROSIDAD,289,225,64
BOLB 062012.xls,1586e0393a6e21d754e4096d82dd706597d02a3dbc880ae3b69b4876734be057,bancos,clasico,2012-06-30,unica,MOROSIDAD MN,218,162,56
BOLB 062012.xls,1586e0393a6e21d754e4096d82dd706597d02a3dbc880ae3b69b4876734be057,bancos,clasico,2012-06-30,unica,MOROSIDAD ME,218,162,56
BOLB 062012.xls,1586e0393a6e21d754e4096d82dd706597d02a3dbc880ae3b69b4876734be057,bancos,clasico,2012-06-30,unica,EVOL CRÉD,363,327,36
BOLB 062012.xls,1586e0393a6e21d754e4096d82dd706597d02a3dbc880ae3b69b4876734be057,bancos,clasico,2012-06-30,unica,EVOL CRÉD Vigen,363,327,36
BOLB 062012.xls,1586e0393a6e21d754e4096d82dd706597d02a3dbc880ae3b69b4876734be057,bancos,clasico,2012-06-30,unica,EVOL CRÉD Venc,363,327,36
BOLB 062012.xls,1586e0393a6e21d754e4096d82dd706597d02a3dbc880ae3b69b4876734be057,bancos,clasico,2012-06-30,unica,EVOL MORO,364,319,45
BOLB 062012.xls,1586e0393a6e21d754e4096d82dd706597d02a3dbc880ae3b69b4876734be057,bancos,clasico,2012-06-30,unica,Tarjetas de Cred,534,403,131
BOLB 062012.xls,1586e0393a6e21d754e4096d82dd706597d02a3dbc880ae3b69b4876734be057,bancos,clasico,2012-06-30,unica,Gráfico Tarjetas ,28,26,2
BOLB 062012.xls,1586e0393a6e21d754e4096d82dd706597d02a3dbc880ae3b69b4876734be057,bancos,clasico,2012-06-30,unica,CART-CLASIS,252,210,42
BOLB 062012.xls,1586e0393a6e21d754e4096d82dd706597d02a3dbc880ae3b69b4876734be057,bancos,clasico,2012-06-30,unica,CART-CLASIS Part,253,210,43
BOLB 062012.xls,1586e0393a6e21d754e4096d82dd706597d02a3dbc880ae3b69b4876734be057,bancos,clasico,2012-06-30,unica,CART-ACTIV,288,235,53
BOLB 062012.xls,1586e0393a6e21d754e4096d82dd706597d02a3dbc880ae3b69b4876734be057,bancos,clasico,2012-06-30,unica,CART-ACTIV Part,278,225,53
BOLB 062012.xls,1586e0393a6e21d754e4096d82dd706597d02a3dbc880ae3b69b4876734be057,bancos,clasico,2012-06-30,unica,EVOL ACTIV TRIGO,378,342,36
BOLB 062012.xls,1586e0393a6e21d754e4096d82dd706597d02a3dbc880ae3b69b4876734be057,bancos,clasico,2012-06-30,unica,EVOL ACTIV ALGODÓN,378,342,36
BOLB 062012.xls,1586e0393a6e21d754e4096d82dd706597d02a3dbc880ae3b69b4876734be057,bancos,clasico,2012-06-30,unica,EVOL ACTIV SOJA,377,341,36
BOLB 062012.xls,1586e0393a6e21d754e4096d82dd706597d02a3dbc880ae3b69b4876734be057,bancos,clasico,2012-06-30,unica,EVOL ACTIV CONSTRUCCIONES,378,342,36
BOLB 062012.xls,1586e0393a6e21d754e4096d82dd706597d02a3dbc880ae3b69b4876734be057,bancos,clasico,2012-06-30,unica,EVOL ACTIV VIVIENDA,378,342,36
BOLB 062012.xls,1586e0393a6e21d754e4096d82dd706597d02a3dbc880ae3b69b4876734be057,bancos,clasico,2012-06-30,unica,Gráficos Evol Activ,15,13,2
BOLB 062012.xls,1586e0393a6e21d754e4096d82dd706597d02a3dbc880ae3b69b4876734be057,bancos,clasico,2012-06-30,unica,Calificadoras Bancos,72,15,57
BOLB 062012.xls,1586e0393a6e21d754e4096d82dd706597d02a3dbc880ae3b69b4876734be057,bancos,clasico,2012-06-30,unica,Auditores Externos,61,17,44
BOLB 072012.xls,6447aeb1ce130618399c08916a27f3fce8f8f5442bb52377b4c0ac78fb118271,bancos,clasico,2012-07-31,unica,SUC - BAN,146,104,42
BOLB 072012.xls,6447aeb1ce130618399c08916a27f3fce8f8f5442bb52377b4c0ac78fb118271,bancos,clasico,2012-07-31,unica,PAG10,307,256,51
BOLB 072012.xls,6447aeb1ce130618399c08916a27f3fce8f8f5442bb52377b4c0ac78fb118271,bancos,clasico,2012-07-31,unica,GRAFICOS,95,68,27
BOLB 072012.xls,6447aeb1ce130618399c08916a27f3fce8f8f5442bb52377b4c0ac78fb118271,bancos,clasico,2012-07-31,unica,TORTAS1,66,40,26
BOLB 072012.xls,6447aeb1ce130618399c08916a27f3fce8f8f5442bb52377b4c0ac78fb118271,bancos,clasico,2012-07-31,unica,PAG12,430,346,84
BOLB 072012.xls,6447aeb1ce130618399c08916a27f3fce8f8f5442bb52377b4c0ac78fb118271,bancos,clasico,2012-07-31,unica,PAG13,257,192,65
BOLB 072012.xls,6447aeb1ce130618399c08916a27f3fce8f8f5442bb52377b4c0ac78fb118271,bancos,clasico,2012-07-31,unica,PAG14,469,371,98
BOLB 072012.xls,6447aeb1ce130618399c08916a27f3fce8f8f5442bb52377b4c0ac78fb118271,bancos,clasico,2012-07-31,unica,PAG14 (2),230,170,60
BOLB 072012.xls,6447aeb1ce130618399c08916a27f3fce8f8f5442bb52377b4c0ac78fb118271,bancos,clasico,2012-07-31,unica,DEPOSITOS,197,116,81
BOLB 072012.xls,6447aeb1ce130618399c08916a27f3fce8f8f5442bb52377b4c0ac78fb118271,bancos,clasico,2012-07-31,unica,EVOL DEP,380,333,47
BOLB 072012.xls,6447aeb1ce130618399c08916a27f3fce8f8f5442bb52377b4c0ac78fb118271,bancos,clasico,2012-07-31,unica,Dep. Gráficos,22,20,2
BOLB 072012.xls,6447aeb1ce130618399c08916a27f3fce8f8f5442bb52377b4c0ac78fb118271,bancos,clasico,2012-07-31,unica,DEPOSITOS GRAFICOS,83,57,26
BOLB 072012.xls,6447aeb1ce130618399c08916a27f3fce8f8f5442bb52377b4c0ac78fb118271,bancos,clasico,2012-07-31,unica,PAG15,434,346,88
BOLB 072012.xls,6447aeb1ce130618399c08916a27f3fce8f8f5442bb52377b4c0ac78fb118271,bancos,clasico,2012-07-31,unica,PAG16,227,171,56
BOLB 072012.xls,6447aeb1ce130618399c08916a27f3fce8f8f5442bb52377b4c0ac78fb118271,bancos,clasico,2012-07-31,unica,PAG17,255,192,63
BOLB 072012.xls,6447aeb1ce130618399c08916a27f3fce8f8f5442bb52377b4c0ac78fb118271,bancos,clasico,2012-07-31,unica,PAG17 (2),307,258,49
BOLB 072012.xls,6447aeb1ce130618399c08916a27f3fce8f8f5442bb52377b4c0ac78fb118271,bancos,clasico,2012-07-31,unica,PAG18,308,236,72
BOLB 072012.xls,6447aeb1ce130618399c08916a27f3fce8f8f5442bb52377b4c0ac78fb118271,bancos,clasico,2012-07-31,unica,PAG19,881,683,198
BOLB 072012.xls,6447aeb1ce130618399c08916a27f3fce8f8f5442bb52377b4c0ac78fb118271,bancos,clasico,2012-07-31,unica,MOROSIDAD,301,236,65
BOLB 072012.xls,6447aeb1ce130618399c08916a27f3fce8f8f5442bb52377b4c0ac78fb118271,bancos,clasico,2012-07-31,unica,MOROSIDAD MN,227,170,57
BOLB 072012.xls,6447aeb1ce130618399c08916a27f3fce8f8f5442bb52377b4c0ac78fb118271,bancos,clasico,2012-07-31,unica,MOROSIDAD ME,227,170,57
BOLB 072012.xls,6447aeb1ce130618399c08916a27f3fce8f8f5442bb52377b4c0ac78fb118271,bancos,clasico,2012-07-31,unica,EVOL CRÉD,378,331,47
BOLB 072012.xls,6447aeb1ce130618399c08916a27f3fce8f8f5442bb52377b4c0ac78fb118271,bancos,clasico,2012-07-31,unica,EVOL CRÉD Vigen,378,331,47
BOLB 072012.xls,6447aeb1ce130618399c08916a27f3fce8f8f5442bb52377b4c0ac78fb118271,bancos,clasico,2012-07-31,unica,EVOL CRÉD Venc,378,331,47
BOLB 072012.xls,6447aeb1ce130618399c08916a27f3fce8f8f5442bb52377b4c0ac78fb118271,bancos,clasico,2012-07-31,unica,EVOL MORO,378,332,46
BOLB 072012.xls,6447aeb1ce130618399c08916a27f3fce8f8f5442bb52377b4c0ac78fb118271,bancos,clasico,2012-07-31,unica,Tarjetas de Cred,549,399,150
BOLB 072012.xls,6447aeb1ce130618399c08916a27f3fce8f8f5442bb52377b4c0ac78fb118271,bancos,clasico,2012-07-31,unica,Gráfico Tarjetas ,28,26,2
BOLB 072012.xls,6447aeb1ce130618399c08916a27f3fce8f8f5442bb52377b4c0ac78fb118271,bancos,clasico,2012-07-31,unica,CART-CLASIS,264,220,44
BOLB 072012.xls,6447aeb1ce130618399c08916a27f3fce8f8f5442bb52377b4c0ac78fb118271,bancos,clasico,2012-07-31,unica,CART-CLASIS Part,263,220,43
BOLB 072012.xls,6447aeb1ce130618399c08916a27f3fce8f8f5442bb52377b4c0ac78fb118271,bancos,clasico,2012-07-31,unica,CART-ACTIV,300,246,54
BOLB 072012.xls,6447aeb1ce130618399c08916a27f3fce8f8f5442bb52377b4c0ac78fb118271,bancos,clasico,2012-07-31,unica,CART-ACTIV Part,289,236,53
BOLB 072012.xls,6447aeb1ce130618399c08916a27f3fce8f8f5442bb52377b4c0ac78fb118271,bancos,clasico,2012-07-31,unica,EVOL ACTIV TRIGO,381,342,39
BOLB 072012.xls,6447aeb1ce130618399c08916a27f3fce8f8f5442bb52377b4c0ac78fb118271,bancos,clasico,2012-07-31,unica,EVOL ACTIV ALGODÓN,381,332,49
BOLB 072012.xls,6447aeb1ce130618399c08916a27f3fce8f8f5442bb52377b4c0ac78fb118271,bancos,clasico,2012-07-31,unica,EVOL ACTIV SOJA,380,331,49
BOLB 072012.xls,6447aeb1ce130618399c08916a27f3fce8f8f5442bb52377b4c0ac78fb118271,bancos,clasico,2012-07-31,unica,EVOL ACTIV CONSTRUCCIONES,381,334,47
BOLB 072012.xls,6447aeb1ce130618399c08916a27f3fce8f8f5442bb52377b4c0ac78fb118271,bancos,clasico,2012-07-31,unica,EVOL ACTIV VIVIENDA,381,332,49
BOLB 072012.xls,6447aeb1ce130618399c08916a27f3fce8f8f5442bb52377b4c0ac78fb118271,bancos,clasico,2012-07-31,unica,Gráficos Evol Activ,15,13,2
BOLB 072012.xls,6447aeb1ce130618399c08916a27f3fce8f8f5442bb52377b4c0ac78fb118271,bancos,clasico,2012-07-31,unica,Calificadoras Bancos,76,16,60
BOLB 072012.xls,6447aeb1ce130618399c08916a27f3fce8f8f5442bb52377b4c0ac78fb118271,bancos,clasico,2012-07-31,unica,Auditores Externos,63,18,45
BOLB 082012.xls,6725b5bb0cdcda8ec870101f6eed376f9ae3a18da57deecf9841045a0bb5d2a7,bancos,clasico,2012-08-31,unica,SUC - BAN,145,104,41
BOLB 082012.xls,6725b5bb0cdcda8ec870101f6eed376f9ae3a18da57deecf9841045a0bb5d2a7,bancos,clasico,2012-08-31,unica,PAG10,307,256,51
BOLB 082012.xls,6725b5bb0cdcda8ec870101f6eed376f9ae3a18da57deecf9841045a0bb5d2a7,bancos,clasico,2012-08-31,unica,GRAFICOS,94,68,26
BOLB 082012.xls,6725b5bb0cdcda8ec870101f6eed376f9ae3a18da57deecf9841045a0bb5d2a7,bancos,clasico,2012-08-31,unica,TORTAS1,65,40,25
BOLB 082012.xls,6725b5bb0cdcda8ec870101f6eed376f9ae3a18da57deecf9841045a0bb5d2a7,bancos,clasico,2012-08-31,unica,PAG12,430,346,84
BOLB 082012.xls,6725b5bb0cdcda8ec870101f6eed376f9ae3a18da57deecf9841045a0bb5d2a7,bancos,clasico,2012-08-31,unica,PAG13,257,192,65
BOLB 082012.xls,6725b5bb0cdcda8ec870101f6eed376f9ae3a18da57deecf9841045a0bb5d2a7,bancos,clasico,2012-08-31,unica,PAG14,467,369,98
BOLB 082012.xls,6725b5bb0cdcda8ec870101f6eed376f9ae3a18da57deecf9841045a0bb5d2a7,bancos,clasico,2012-08-31,unica,PAG14 (2),230,170,60
BOLB 082012.xls,6725b5bb0cdcda8ec870101f6eed376f9ae3a18da57deecf9841045a0bb5d2a7,bancos,clasico,2012-08-31,unica,DEPOSITOS,197,116,81
BOLB 082012.xls,6725b5bb0cdcda8ec870101f6eed376f9ae3a18da57deecf9841045a0bb5d2a7,bancos,clasico,2012-08-31,unica,EVOL DEP,378,341,37
BOLB 082012.xls,6725b5bb0cdcda8ec870101f6eed376f9ae3a18da57deecf9841045a0bb5d2a7,bancos,clasico,2012-08-31,unica,Dep. Gráficos,22,20,2
BOLB 082012.xls,6725b5bb0cdcda8ec870101f6eed376f9ae3a18da57deecf9841045a0bb5d2a7,bancos,clasico,2012-08-31,unica,DEPOSITOS GRAFICOS,80,54,26
BOLB 082012.xls,6725b5bb0cdcda8ec870101f6eed376f9ae3a18da57deecf9841045a0bb5d2a7,bancos,clasico,2012-08-31,unica,PAG15,434,346,88
BOLB 082012.xls,6725b5bb0cdcda8ec870101f6eed376f9ae3a18da57deecf9841045a0bb5d2a7,bancos,clasico,2012-08-31,unica,PAG16,227,171,56
BOLB 082012.xls,6725b5bb0cdcda8ec870101f6eed376f9ae3a18da57deecf9841045a0bb5d2a7,bancos,clasico,2012-08-31,unica,PAG17,255,192,63
BOLB 082012.xls,6725b5bb0cdcda8ec870101f6eed376f9ae3a18da57deecf9841045a0bb5d2a7,bancos,clasico,2012-08-31,unica,PAG17 (2),307,258,49
BOLB 082012.xls,6725b5bb0cdcda8ec870101f6eed376f9ae3a18da57deecf9841045a0bb5d2a7,bancos,clasico,2012-08-31,unica,PAG18,308,236,72
BOLB 082012.xls,6725b5bb0cdcda8ec870101f6eed376f9ae3a18da57deecf9841045a0bb5d2a7,bancos,clasico,2012-08-31,unica,PAG19,794,596,198
BOLB 082012.xls,6725b5bb0cdcda8ec870101f6eed376f9ae3a18da57deecf9841045a0bb5d2a7,bancos,clasico,2012-08-31,unica,MOROSIDAD,301,236,65
BOLB 082012.xls,6725b5bb0cdcda8ec870101f6eed376f9ae3a18da57deecf9841045a0bb5d2a7,bancos,clasico,2012-08-31,unica,MOROSIDAD MN,227,170,57
BOLB 082012.xls,6725b5bb0cdcda8ec870101f6eed376f9ae3a18da57deecf9841045a0bb5d2a7,bancos,clasico,2012-08-31,unica,MOROSIDAD ME,227,170,57
BOLB 082012.xls,6725b5bb0cdcda8ec870101f6eed376f9ae3a18da57deecf9841045a0bb5d2a7,bancos,clasico,2012-08-31,unica,EVOL CRÉD,378,341,37
BOLB 082012.xls,6725b5bb0cdcda8ec870101f6eed376f9ae3a18da57deecf9841045a0bb5d2a7,bancos,clasico,2012-08-31,unica,EVOL CRÉD Vigen,378,341,37
BOLB 082012.xls,6725b5bb0cdcda8ec870101f6eed376f9ae3a18da57deecf9841045a0bb5d2a7,bancos,clasico,2012-08-31,unica,EVOL CRÉD Venc,378,341,37
BOLB 082012.xls,6725b5bb0cdcda8ec870101f6eed376f9ae3a18da57deecf9841045a0bb5d2a7,bancos,clasico,2012-08-31,unica,EVOL MORO,378,342,36
BOLB 082012.xls,6725b5bb0cdcda8ec870101f6eed376f9ae3a18da57deecf9841045a0bb5d2a7,bancos,clasico,2012-08-31,unica,Tarjetas de Cred,549,476,73
BOLB 082012.xls,6725b5bb0cdcda8ec870101f6eed376f9ae3a18da57deecf9841045a0bb5d2a7,bancos,clasico,2012-08-31,unica,Gráfico Tarjetas ,28,26,2
BOLB 082012.xls,6725b5bb0cdcda8ec870101f6eed376f9ae3a18da57deecf9841045a0bb5d2a7,bancos,clasico,2012-08-31,unica,CART-CLASIS,264,220,44
BOLB 082012.xls,6725b5bb0cdcda8ec870101f6eed376f9ae3a18da57deecf9841045a0bb5d2a7,bancos,clasico,2012-08-31,unica,CART-CLASIS Part,263,220,43
BOLB 082012.xls,6725b5bb0cdcda8ec870101f6eed376f9ae3a18da57deecf9841045a0bb5d2a7,bancos,clasico,2012-08-31,unica,CART-ACTIV,300,246,54
BOLB 082012.xls,6725b5bb0cdcda8ec870101f6eed376f9ae3a18da57deecf9841045a0bb5d2a7,bancos,clasico,2012-08-31,unica,CART-ACTIV Part,289,236,53
BOLB 082012.xls,6725b5bb0cdcda8ec870101f6eed376f9ae3a18da57deecf9841045a0bb5d2a7,bancos,clasico,2012-08-31,unica,EVOL ACTIV TRIGO,393,355,38
BOLB 082012.xls,6725b5bb0cdcda8ec870101f6eed376f9ae3a18da57deecf9841045a0bb5d2a7,bancos,clasico,2012-08-31,unica,EVOL ACTIV ALGODÓN,393,355,38
BOLB 082012.xls,6725b5bb0cdcda8ec870101f6eed376f9ae3a18da57deecf9841045a0bb5d2a7,bancos,clasico,2012-08-31,unica,EVOL ACTIV SOJA,393,355,38
BOLB 082012.xls,6725b5bb0cdcda8ec870101f6eed376f9ae3a18da57deecf9841045a0bb5d2a7,bancos,clasico,2012-08-31,unica,EVOL ACTIV CONSTRUCCIONES,393,355,38
BOLB 082012.xls,6725b5bb0cdcda8ec870101f6eed376f9ae3a18da57deecf9841045a0bb5d2a7,bancos,clasico,2012-08-31,unica,EVOL ACTIV VIVIENDA,393,355,38
BOLB 082012.xls,6725b5bb0cdcda8ec870101f6eed376f9ae3a18da57deecf9841045a0bb5d2a7,bancos,clasico,2012-08-31,unica,Gráficos Evol Activ,15,13,2
BOLB 082012.xls,6725b5bb0cdcda8ec870101f6eed376f9ae3a18da57deecf9841045a0bb5d2a7,bancos,clasico,2012-08-31,unica,Calificadoras Bancos,76,16,60
BOLB 082012.xls,6725b5bb0cdcda8ec870101f6eed376f9ae3a18da57deecf9841045a0bb5d2a7,bancos,clasico,2012-08-31,unica,Auditores Externos,63,17,46
BOLB 092012.xls,494a160c722e5a827638dfb1b37c4ef41f33f82bf00b64ee756225f331ead07d,bancos,clasico,2012-09-30,unica,INDICE,43,0,43
BOLB 092012.xls,494a160c722e5a827638dfb1b37c4ef41f33f82bf00b64ee756225f331ead07d,bancos,clasico,2012-09-30,unica,SUC - BAN,145,104,41
BOLB 092012.xls,494a160c722e5a827638dfb1b37c4ef41f33f82bf00b64ee756225f331ead07d,bancos,clasico,2012-09-30,unica,PAG10,307,256,51
BOLB 092012.xls,494a160c722e5a827638dfb1b37c4ef41f33f82bf00b64ee756225f331ead07d,bancos,clasico,2012-09-30,unica,GRAFICOS,94,68,26
BOLB 092012.xls,494a160c722e5a827638dfb1b37c4ef41f33f82bf00b64ee756225f331ead07d,bancos,clasico,2012-09-30,unica,TORTAS1,65,40,25
BOLB 092012.xls,494a160c722e5a827638dfb1b37c4ef41f33f82bf00b64ee756225f331ead07d,bancos,clasico,2012-09-30,unica,PAG12,430,346,84
BOLB 092012.xls,494a160c722e5a827638dfb1b37c4ef41f33f82bf00b64ee756225f331ead07d,bancos,clasico,2012-09-30,unica,PAG13,257,192,65
BOLB 092012.xls,494a160c722e5a827638dfb1b37c4ef41f33f82bf00b64ee756225f331ead07d,bancos,clasico,2012-09-30,unica,PAG14,467,369,98
BOLB 092012.xls,494a160c722e5a827638dfb1b37c4ef41f33f82bf00b64ee756225f331ead07d,bancos,clasico,2012-09-30,unica,PAG14 (2),233,172,61
BOLB 092012.xls,494a160c722e5a827638dfb1b37c4ef41f33f82bf00b64ee756225f331ead07d,bancos,clasico,2012-09-30,unica,DEPOSITOS,197,116,81
BOLB 092012.xls,494a160c722e5a827638dfb1b37c4ef41f33f82bf00b64ee756225f331ead07d,bancos,clasico,2012-09-30,unica,EVOL DEP,378,341,37
BOLB 092012.xls,494a160c722e5a827638dfb1b37c4ef41f33f82bf00b64ee756225f331ead07d,bancos,clasico,2012-09-30,unica,Dep. Gráficos,22,20,2
BOLB 092012.xls,494a160c722e5a827638dfb1b37c4ef41f33f82bf00b64ee756225f331ead07d,bancos,clasico,2012-09-30,unica,DEPOSITOS GRAFICOS,48,30,18
BOLB 092012.xls,494a160c722e5a827638dfb1b37c4ef41f33f82bf00b64ee756225f331ead07d,bancos,clasico,2012-09-30,unica,PAG15,434,346,88
BOLB 092012.xls,494a160c722e5a827638dfb1b37c4ef41f33f82bf00b64ee756225f331ead07d,bancos,clasico,2012-09-30,unica,PAG16,227,171,56
BOLB 092012.xls,494a160c722e5a827638dfb1b37c4ef41f33f82bf00b64ee756225f331ead07d,bancos,clasico,2012-09-30,unica,PAG17,255,192,63
BOLB 092012.xls,494a160c722e5a827638dfb1b37c4ef41f33f82bf00b64ee756225f331ead07d,bancos,clasico,2012-09-30,unica,PAG17 (2),307,258,49
BOLB 092012.xls,494a160c722e5a827638dfb1b37c4ef41f33f82bf00b64ee756225f331ead07d,bancos,clasico,2012-09-30,unica,PAG18,308,236,72
BOLB 092012.xls,494a160c722e5a827638dfb1b37c4ef41f33f82bf00b64ee756225f331ead07d,bancos,clasico,2012-09-30,unica,PAG19,794,596,198
BOLB 092012.xls,494a160c722e5a827638dfb1b37c4ef41f33f82bf00b64ee756225f331ead07d,bancos,clasico,2012-09-30,unica,MOROSIDAD,334,253,81
BOLB 092012.xls,494a160c722e5a827638dfb1b37c4ef41f33f82bf00b64ee756225f331ead07d,bancos,clasico,2012-09-30,unica,MOROSIDAD MN,227,170,57
BOLB 092012.xls,494a160c722e5a827638dfb1b37c4ef41f33f82bf00b64ee756225f331ead07d,bancos,clasico,2012-09-30,unica,MOROSIDAD ME,227,170,57
BOLB 092012.xls,494a160c722e5a827638dfb1b37c4ef41f33f82bf00b64ee756225f331ead07d,bancos,clasico,2012-09-30,unica,EVOL CRÉD,378,341,37
BOLB 092012.xls,494a160c722e5a827638dfb1b37c4ef41f33f82bf00b64ee756225f331ead07d,bancos,clasico,2012-09-30,unica,EVOL CRÉD Vigen,378,341,37
BOLB 092012.xls,494a160c722e5a827638dfb1b37c4ef41f33f82bf00b64ee756225f331ead07d,bancos,clasico,2012-09-30,unica,EVOL CRÉD Venc,378,341,37
BOLB 092012.xls,494a160c722e5a827638dfb1b37c4ef41f33f82bf00b64ee756225f331ead07d,bancos,clasico,2012-09-30,unica,EVOL MORO,377,341,36
BOLB 092012.xls,494a160c722e5a827638dfb1b37c4ef41f33f82bf00b64ee756225f331ead07d,bancos,clasico,2012-09-30,unica,Tarjetas de Cred,549,476,73
BOLB 092012.xls,494a160c722e5a827638dfb1b37c4ef41f33f82bf00b64ee756225f331ead07d,bancos,clasico,2012-09-30,unica,Gráfico Tarjetas ,28,26,2
BOLB 092012.xls,494a160c722e5a827638dfb1b37c4ef41f33f82bf00b64ee756225f331ead07d,bancos,clasico,2012-09-30,unica,CART-CLASIS,257,213,44
BOLB 092012.xls,494a160c722e5a827638dfb1b37c4ef41f33f82bf00b64ee756225f331ead07d,bancos,clasico,2012-09-30,unica,CART-CLASIS Part,263,220,43
BOLB 092012.xls,494a160c722e5a827638dfb1b37c4ef41f33f82bf00b64ee756225f331ead07d,bancos,clasico,2012-09-30,unica,CART-ACTIV,300,246,54
BOLB 092012.xls,494a160c722e5a827638dfb1b37c4ef41f33f82bf00b64ee756225f331ead07d,bancos,clasico,2012-09-30,unica,CART-ACTIV Part,289,236,53
BOLB 092012.xls,494a160c722e5a827638dfb1b37c4ef41f33f82bf00b64ee756225f331ead07d,bancos,clasico,2012-09-30,unica,EVOL ACTIV TRIGO,393,355,38
BOLB 092012.xls,494a160c722e5a827638dfb1b37c4ef41f33f82bf00b64ee756225f331ead07d,bancos,clasico,2012-09-30,unica,EVOL ACTIV ALGODÓN,393,354,39
BOLB 092012.xls,494a160c722e5a827638dfb1b37c4ef41f33f82bf00b64ee756225f331ead07d,bancos,clasico,2012-09-30,unica,EVOL ACTIV SOJA,393,355,38
BOLB 092012.xls,494a160c722e5a827638dfb1b37c4ef41f33f82bf00b64ee756225f331ead07d,bancos,clasico,2012-09-30,unica,EVOL ACTIV CONSTRUCCIONES,393,355,38
BOLB 092012.xls,494a160c722e5a827638dfb1b37c4ef41f33f82bf00b64ee756225f331ead07d,bancos,clasico,2012-09-30,unica,EVOL ACTIV VIVIENDA,393,355,38
BOLB 092012.xls,494a160c722e5a827638dfb1b37c4ef41f33f82bf00b64ee756225f331ead07d,bancos,clasico,2012-09-30,unica,Gráficos Evol Activ,15,13,2
BOLB 092012.xls,494a160c722e5a827638dfb1b37c4ef41f33f82bf00b64ee756225f331ead07d,bancos,clasico,2012-09-30,unica,Calificadoras Bancos,76,16,60
BOLB 092012.xls,494a160c722e5a827638dfb1b37c4ef41f33f82bf00b64ee756225f331ead07d,bancos,clasico,2012-09-30,unica,Auditores Externos,63,17,46
BOLB 102012.xls,17825de8ba12d500d39fc44bba9ff48867e8533d0ff15c62c8b6b4c8b1b3ec01,bancos,clasico,2012-10-31,unica,INDICE,43,0,43
BOLB 102012.xls,17825de8ba12d500d39fc44bba9ff48867e8533d0ff15c62c8b6b4c8b1b3ec01,bancos,clasico,2012-10-31,unica,SUC - BAN,145,104,41
BOLB 102012.xls,17825de8ba12d500d39fc44bba9ff48867e8533d0ff15c62c8b6b4c8b1b3ec01,bancos,clasico,2012-10-31,unica,PAG10,307,256,51
BOLB 102012.xls,17825de8ba12d500d39fc44bba9ff48867e8533d0ff15c62c8b6b4c8b1b3ec01,bancos,clasico,2012-10-31,unica,GRAFICOS,95,68,27
BOLB 102012.xls,17825de8ba12d500d39fc44bba9ff48867e8533d0ff15c62c8b6b4c8b1b3ec01,bancos,clasico,2012-10-31,unica,TORTAS1,66,40,26
BOLB 102012.xls,17825de8ba12d500d39fc44bba9ff48867e8533d0ff15c62c8b6b4c8b1b3ec01,bancos,clasico,2012-10-31,unica,PAG12,430,346,84
BOLB 102012.xls,17825de8ba12d500d39fc44bba9ff48867e8533d0ff15c62c8b6b4c8b1b3ec01,bancos,clasico,2012-10-31,unica,PAG13,257,192,65
BOLB 102012.xls,17825de8ba12d500d39fc44bba9ff48867e8533d0ff15c62c8b6b4c8b1b3ec01,bancos,clasico,2012-10-31,unica,PAG14,469,371,98
BOLB 102012.xls,17825de8ba12d500d39fc44bba9ff48867e8533d0ff15c62c8b6b4c8b1b3ec01,bancos,clasico,2012-10-31,unica,PAG14 (2),230,170,60
BOLB 102012.xls,17825de8ba12d500d39fc44bba9ff48867e8533d0ff15c62c8b6b4c8b1b3ec01,bancos,clasico,2012-10-31,unica,DEPOSITOS,197,116,81
BOLB 102012.xls,17825de8ba12d500d39fc44bba9ff48867e8533d0ff15c62c8b6b4c8b1b3ec01,bancos,clasico,2012-10-31,unica,EVOL DEP,362,327,35
BOLB 102012.xls,17825de8ba12d500d39fc44bba9ff48867e8533d0ff15c62c8b6b4c8b1b3ec01,bancos,clasico,2012-10-31,unica,Dep. Gráficos,22,20,2
BOLB 102012.xls,17825de8ba12d500d39fc44bba9ff48867e8533d0ff15c62c8b6b4c8b1b3ec01,bancos,clasico,2012-10-31,unica,DEPOSITOS GRAFICOS,80,54,26
BOLB 102012.xls,17825de8ba12d500d39fc44bba9ff48867e8533d0ff15c62c8b6b4c8b1b3ec01,bancos,clasico,2012-10-31,unica,PAG15,434,346,88
BOLB 102012.xls,17825de8ba12d500d39fc44bba9ff48867e8533d0ff15c62c8b6b4c8b1b3ec01,bancos,clasico,2012-10-31,unica,PAG16,227,171,56
BOLB 102012.xls,17825de8ba12d500d39fc44bba9ff48867e8533d0ff15c62c8b6b4c8b1b3ec01,bancos,clasico,2012-10-31,unica,PAG17,255,192,63
BOLB 102012.xls,17825de8ba12d500d39fc44bba9ff48867e8533d0ff15c62c8b6b4c8b1b3ec01,bancos,clasico,2012-10-31,unica,PAG17 (2),307,258,49
BOLB 102012.xls,17825de8ba12d500d39fc44bba9ff48867e8533d0ff15c62c8b6b4c8b1b3ec01,bancos,clasico,2012-10-31,unica,PAG18,308,236,72
BOLB 102012.xls,17825de8ba12d500d39fc44bba9ff48867e8533d0ff15c62c8b6b4c8b1b3ec01,bancos,clasico,2012-10-31,unica,PAG19,795,596,199
BOLB 102012.xls,17825de8ba12d500d39fc44bba9ff48867e8533d0ff15c62c8b6b4c8b1b3ec01,bancos,clasico,2012-10-31,unica,MOROSIDAD,301,236,65
BOLB 102012.xls,17825de8ba12d500d39fc44bba9ff48867e8533d0ff15c62c8b6b4c8b1b3ec01,bancos,clasico,2012-10-31,unica,MOROSIDAD MN,227,170,57
BOLB 102012.xls,17825de8ba12d500d39fc44bba9ff48867e8533d0ff15c62c8b6b4c8b1b3ec01,bancos,clasico,2012-10-31,unica,MOROSIDAD ME,227,170,57
BOLB 102012.xls,17825de8ba12d500d39fc44bba9ff48867e8533d0ff15c62c8b6b4c8b1b3ec01,bancos,clasico,2012-10-31,unica,EVOL CRÉD,362,327,35
BOLB 102012.xls,17825de8ba12d500d39fc44bba9ff48867e8533d0ff15c62c8b6b4c8b1b3ec01,bancos,clasico,2012-10-31,unica,EVOL CRÉD Vigen,362,327,35
BOLB 102012.xls,17825de8ba12d500d39fc44bba9ff48867e8533d0ff15c62c8b6b4c8b1b3ec01,bancos,clasico,2012-10-31,unica,EVOL CRÉD Venc,362,327,35
BOLB 102012.xls,17825de8ba12d500d39fc44bba9ff48867e8533d0ff15c62c8b6b4c8b1b3ec01,bancos,clasico,2012-10-31,unica,EVOL MORO,361,327,34
BOLB 102012.xls,17825de8ba12d500d39fc44bba9ff48867e8533d0ff15c62c8b6b4c8b1b3ec01,bancos,clasico,2012-10-31,unica,Tarjetas de Cred,549,476,73
BOLB 102012.xls,17825de8ba12d500d39fc44bba9ff48867e8533d0ff15c62c8b6b4c8b1b3ec01,bancos,clasico,2012-10-31,unica,Gráfico Tarjetas ,28,26,2
BOLB 102012.xls,17825de8ba12d500d39fc44bba9ff48867e8533d0ff15c62c8b6b4c8b1b3ec01,bancos,clasico,2012-10-31,unica,CART-CLASIS,264,220,44
BOLB 102012.xls,17825de8ba12d500d39fc44bba9ff48867e8533d0ff15c62c8b6b4c8b1b3ec01,bancos,clasico,2012-10-31,unica,CART-CLASIS Part,263,220,43
BOLB 102012.xls,17825de8ba12d500d39fc44bba9ff48867e8533d0ff15c62c8b6b4c8b1b3ec01,bancos,clasico,2012-10-31,unica,CART-ACTIV,300,246,54
BOLB 102012.xls,17825de8ba12d500d39fc44bba9ff48867e8533d0ff15c62c8b6b4c8b1b3ec01,bancos,clasico,2012-10-31,unica,CART-ACTIV Part,289,236,53
BOLB 102012.xls,17825de8ba12d500d39fc44bba9ff48867e8533d0ff15c62c8b6b4c8b1b3ec01,bancos,clasico,2012-10-31,unica,EVOL ACTIV TRIGO,377,341,36
BOLB 102012.xls,17825de8ba12d500d39fc44bba9ff48867e8533d0ff15c62c8b6b4c8b1b3ec01,bancos,clasico,2012-10-31,unica,EVOL ACTIV ALGODÓN,377,341,36
BOLB 102012.xls,17825de8ba12d500d39fc44bba9ff48867e8533d0ff15c62c8b6b4c8b1b3ec01,bancos,clasico,2012-10-31,unica,EVOL ACTIV SOJA,377,341,36
BOLB 102012.xls,17825de8ba12d500d39fc44bba9ff48867e8533d0ff15c62c8b6b4c8b1b3ec01,bancos,clasico,2012-10-31,unica,EVOL ACTIV CONSTRUCCIONES,377,341,36
BOLB 102012.xls,17825de8ba12d500d39fc44bba9ff48867e8533d0ff15c62c8b6b4c8b1b3ec01,bancos,clasico,2012-10-31,unica,EVOL ACTIV VIVIENDA,377,341,36
BOLB 102012.xls,17825de8ba12d500d39fc44bba9ff48867e8533d0ff15c62c8b6b4c8b1b3ec01,bancos,clasico,2012-10-31,unica,Gráficos Evol Activ,15,13,2
BOLB 102012.xls,17825de8ba12d500d39fc44bba9ff48867e8533d0ff15c62c8b6b4c8b1b3ec01,bancos,clasico,2012-10-31,unica,Calificadoras Bancos,93,16,77
BOLB 102012.xls,17825de8ba12d500d39fc44bba9ff48867e8533d0ff15c62c8b6b4c8b1b3ec01,bancos,clasico,2012-10-31,unica,Auditores Externos,63,17,46
BOLB 112012.xls,7d28a3946b57a4024c151462edca546db5b38fe14baa136dcce535f7a161f31d,bancos,clasico,2012-11-30,unica,INDICE,43,0,43
BOLB 112012.xls,7d28a3946b57a4024c151462edca546db5b38fe14baa136dcce535f7a161f31d,bancos,clasico,2012-11-30,unica,SUC - BAN,145,104,41
BOLB 112012.xls,7d28a3946b57a4024c151462edca546db5b38fe14baa136dcce535f7a161f31d,bancos,clasico,2012-11-30,unica,PAG10,307,256,51
BOLB 112012.xls,7d28a3946b57a4024c151462edca546db5b38fe14baa136dcce535f7a161f31d,bancos,clasico,2012-11-30,unica,GRAFICOS,95,68,27
BOLB 112012.xls,7d28a3946b57a4024c151462edca546db5b38fe14baa136dcce535f7a161f31d,bancos,clasico,2012-11-30,unica,TORTAS1,66,40,26
BOLB 112012.xls,7d28a3946b57a4024c151462edca546db5b38fe14baa136dcce535f7a161f31d,bancos,clasico,2012-11-30,unica,PAG12,430,346,84
BOLB 112012.xls,7d28a3946b57a4024c151462edca546db5b38fe14baa136dcce535f7a161f31d,bancos,clasico,2012-11-30,unica,PAG13,257,192,65
BOLB 112012.xls,7d28a3946b57a4024c151462edca546db5b38fe14baa136dcce535f7a161f31d,bancos,clasico,2012-11-30,unica,PAG14,470,371,99
BOLB 112012.xls,7d28a3946b57a4024c151462edca546db5b38fe14baa136dcce535f7a161f31d,bancos,clasico,2012-11-30,unica,PAG14 (2),231,170,61
BOLB 112012.xls,7d28a3946b57a4024c151462edca546db5b38fe14baa136dcce535f7a161f31d,bancos,clasico,2012-11-30,unica,DEPOSITOS,197,116,81
BOLB 112012.xls,7d28a3946b57a4024c151462edca546db5b38fe14baa136dcce535f7a161f31d,bancos,clasico,2012-11-30,unica,EVOL DEP,363,328,35
BOLB 112012.xls,7d28a3946b57a4024c151462edca546db5b38fe14baa136dcce535f7a161f31d,bancos,clasico,2012-11-30,unica,Dep. Gráficos,22,20,2
BOLB 112012.xls,7d28a3946b57a4024c151462edca546db5b38fe14baa136dcce535f7a161f31d,bancos,clasico,2012-11-30,unica,DEPOSITOS GRAFICOS,48,30,18
BOLB 112012.xls,7d28a3946b57a4024c151462edca546db5b38fe14baa136dcce535f7a161f31d,bancos,clasico,2012-11-30,unica,PAG15,434,346,88
BOLB 112012.xls,7d28a3946b57a4024c151462edca546db5b38fe14baa136dcce535f7a161f31d,bancos,clasico,2012-11-30,unica,PAG16,227,171,56
BOLB 112012.xls,7d28a3946b57a4024c151462edca546db5b38fe14baa136dcce535f7a161f31d,bancos,clasico,2012-11-30,unica,PAG17,255,192,63
BOLB 112012.xls,7d28a3946b57a4024c151462edca546db5b38fe14baa136dcce535f7a161f31d,bancos,clasico,2012-11-30,unica,PAG17 (2),307,258,49
BOLB 112012.xls,7d28a3946b57a4024c151462edca546db5b38fe14baa136dcce535f7a161f31d,bancos,clasico,2012-11-30,unica,PAG18,308,236,72
BOLB 112012.xls,7d28a3946b57a4024c151462edca546db5b38fe14baa136dcce535f7a161f31d,bancos,clasico,2012-11-30,unica,PAG19,794,596,198
BOLB 112012.xls,7d28a3946b57a4024c151462edca546db5b38fe14baa136dcce535f7a161f31d,bancos,clasico,2012-11-30,unica,MOROSIDAD,301,236,65
BOLB 112012.xls,7d28a3946b57a4024c151462edca546db5b38fe14baa136dcce535f7a161f31d,bancos,clasico,2012-11-30,unica,MOROSIDAD MN,227,170,57
BOLB 112012.xls,7d28a3946b57a4024c151462edca546db5b38fe14baa136dcce535f7a161f31d,bancos,clasico,2012-11-30,unica,MOROSIDAD ME,227,170,57
BOLB 112012.xls,7d28a3946b57a4024c151462edca546db5b38fe14baa136dcce535f7a161f31d,bancos,clasico,2012-11-30,unica,EVOL CRÉD,362,327,35
BOLB 112012.xls,7d28a3946b57a4024c151462edca546db5b38fe14baa136dcce535f7a161f31d,bancos,clasico,2012-11-30,unica,EVOL CRÉD Vigen,362,327,35
BOLB 112012.xls,7d28a3946b57a4024c151462edca546db5b38fe14baa136dcce535f7a161f31d,bancos,clasico,2012-11-30,unica,EVOL CRÉD Venc,362,327,35
BOLB 112012.xls,7d28a3946b57a4024c151462edca546db5b38fe14baa136dcce535f7a161f31d,bancos,clasico,2012-11-30,unica,EVOL MORO,361,327,34
BOLB 112012.xls,7d28a3946b57a4024c151462edca546db5b38fe14baa136dcce535f7a161f31d,bancos,clasico,2012-11-30,unica,Evol Tarj de Credito,374,337,37
BOLB 112012.xls,7d28a3946b57a4024c151462edca546db5b38fe14baa136dcce535f7a161f31d,bancos,clasico,2012-11-30,unica,Evol Tarj de Crédito,373,337,36
BOLB 112012.xls,7d28a3946b57a4024c151462edca546db5b38fe14baa136dcce535f7a161f31d,bancos,clasico,2012-11-30,unica,Tarjetas de Cred,533,454,79
BOLB 112012.xls,7d28a3946b57a4024c151462edca546db5b38fe14baa136dcce535f7a161f31d,bancos,clasico,2012-11-30,unica,Gráfico Tarjetas ,28,26,2
BOLB 112012.xls,7d28a3946b57a4024c151462edca546db5b38fe14baa136dcce535f7a161f31d,bancos,clasico,2012-11-30,unica,CART-CLASIS,264,220,44
BOLB 112012.xls,7d28a3946b57a4024c151462edca546db5b38fe14baa136dcce535f7a161f31d,bancos,clasico,2012-11-30,unica,CART-CLASIS Part,263,220,43
BOLB 112012.xls,7d28a3946b57a4024c151462edca546db5b38fe14baa136dcce535f7a161f31d,bancos,clasico,2012-11-30,unica,CART-ACTIV,300,246,54
BOLB 112012.xls,7d28a3946b57a4024c151462edca546db5b38fe14baa136dcce535f7a161f31d,bancos,clasico,2012-11-30,unica,CART-ACTIV Part,289,236,53
BOLB 112012.xls,7d28a3946b57a4024c151462edca546db5b38fe14baa136dcce535f7a161f31d,bancos,clasico,2012-11-30,unica,EVOL ACTIV TRIGO,377,341,36
BOLB 112012.xls,7d28a3946b57a4024c151462edca546db5b38fe14baa136dcce535f7a161f31d,bancos,clasico,2012-11-30,unica,EVOL ACTIV ALGODÓN,377,341,36
BOLB 112012.xls,7d28a3946b57a4024c151462edca546db5b38fe14baa136dcce535f7a161f31d,bancos,clasico,2012-11-30,unica,EVOL ACTIV SOJA,377,341,36
BOLB 112012.xls,7d28a3946b57a4024c151462edca546db5b38fe14baa136dcce535f7a161f31d,bancos,clasico,2012-11-30,unica,EVOL ACTIV CONSTRUCCIONES,377,341,36
BOLB 112012.xls,7d28a3946b57a4024c151462edca546db5b38fe14baa136dcce535f7a161f31d,bancos,clasico,2012-11-30,unica,EVOL ACTIV VIVIENDA,377,341,36
BOLB 112012.xls,7d28a3946b57a4024c151462edca546db5b38fe14baa136dcce535f7a161f31d,bancos,clasico,2012-11-30,unica,Gráficos Evol Activ,15,13,2
BOLB 112012.xls,7d28a3946b57a4024c151462edca546db5b38fe14baa136dcce535f7a161f31d,bancos,clasico,2012-11-30,unica,Calificadoras Bancos,93,16,77
BOLB 112012.xls,7d28a3946b57a4024c151462edca546db5b38fe14baa136dcce535f7a161f31d,bancos,clasico,2012-11-30,unica,Auditores Externos,60,16,44
BOLB 122012.xls,add23bd3ecc84ad3e3d4e8bedfa59506565b59add29dde1e8eaa7965bd117ded,bancos,clasico,2012-12-31,unica,INDICE,44,0,44
BOLB 122012.xls,add23bd3ecc84ad3e3d4e8bedfa59506565b59add29dde1e8eaa7965bd117ded,bancos,clasico,2012-12-31,unica,SUC - BAN,145,104,41
BOLB 122012.xls,add23bd3ecc84ad3e3d4e8bedfa59506565b59add29dde1e8eaa7965bd117ded,bancos,clasico,2012-12-31,unica,PAG10,307,256,51
BOLB 122012.xls,add23bd3ecc84ad3e3d4e8bedfa59506565b59add29dde1e8eaa7965bd117ded,bancos,clasico,2012-12-31,unica,GRAFICOS,95,68,27
BOLB 122012.xls,add23bd3ecc84ad3e3d4e8bedfa59506565b59add29dde1e8eaa7965bd117ded,bancos,clasico,2012-12-31,unica,TORTAS1,66,40,26
BOLB 122012.xls,add23bd3ecc84ad3e3d4e8bedfa59506565b59add29dde1e8eaa7965bd117ded,bancos,clasico,2012-12-31,unica,PAG12,430,346,84
BOLB 122012.xls,add23bd3ecc84ad3e3d4e8bedfa59506565b59add29dde1e8eaa7965bd117ded,bancos,clasico,2012-12-31,unica,PAG13,257,192,65
BOLB 122012.xls,add23bd3ecc84ad3e3d4e8bedfa59506565b59add29dde1e8eaa7965bd117ded,bancos,clasico,2012-12-31,unica,PAG14,470,371,99
BOLB 122012.xls,add23bd3ecc84ad3e3d4e8bedfa59506565b59add29dde1e8eaa7965bd117ded,bancos,clasico,2012-12-31,unica,PAG14 (2),230,170,60
BOLB 122012.xls,add23bd3ecc84ad3e3d4e8bedfa59506565b59add29dde1e8eaa7965bd117ded,bancos,clasico,2012-12-31,unica,DEPOSITOS,197,116,81
BOLB 122012.xls,add23bd3ecc84ad3e3d4e8bedfa59506565b59add29dde1e8eaa7965bd117ded,bancos,clasico,2012-12-31,unica,EVOL DEP,362,327,35
BOLB 122012.xls,add23bd3ecc84ad3e3d4e8bedfa59506565b59add29dde1e8eaa7965bd117ded,bancos,clasico,2012-12-31,unica,Dep. Gráficos,36,28,8
BOLB 122012.xls,add23bd3ecc84ad3e3d4e8bedfa59506565b59add29dde1e8eaa7965bd117ded,bancos,clasico,2012-12-31,unica,DEPOSITOS GRAFICOS,48,30,18
BOLB 122012.xls,add23bd3ecc84ad3e3d4e8bedfa59506565b59add29dde1e8eaa7965bd117ded,bancos,clasico,2012-12-31,unica,PAG15,434,346,88
BOLB 122012.xls,add23bd3ecc84ad3e3d4e8bedfa59506565b59add29dde1e8eaa7965bd117ded,bancos,clasico,2012-12-31,unica,PAG16,227,171,56
BOLB 122012.xls,add23bd3ecc84ad3e3d4e8bedfa59506565b59add29dde1e8eaa7965bd117ded,bancos,clasico,2012-12-31,unica,PAG17,255,192,63
BOLB 122012.xls,add23bd3ecc84ad3e3d4e8bedfa59506565b59add29dde1e8eaa7965bd117ded,bancos,clasico,2012-12-31,unica,PAG17 (2),395,346,49
BOLB 122012.xls,add23bd3ecc84ad3e3d4e8bedfa59506565b59add29dde1e8eaa7965bd117ded,bancos,clasico,2012-12-31,unica,PAG18,308,236,72
BOLB 122012.xls,add23bd3ecc84ad3e3d4e8bedfa59506565b59add29dde1e8eaa7965bd117ded,bancos,clasico,2012-12-31,unica,PAG19,794,596,198
BOLB 122012.xls,add23bd3ecc84ad3e3d4e8bedfa59506565b59add29dde1e8eaa7965bd117ded,bancos,clasico,2012-12-31,unica,MOROSIDAD,301,236,65
BOLB 122012.xls,add23bd3ecc84ad3e3d4e8bedfa59506565b59add29dde1e8eaa7965bd117ded,bancos,clasico,2012-12-31,unica,MOROSIDAD MN,227,170,57
BOLB 122012.xls,add23bd3ecc84ad3e3d4e8bedfa59506565b59add29dde1e8eaa7965bd117ded,bancos,clasico,2012-12-31,unica,MOROSIDAD ME,227,170,57
BOLB 122012.xls,add23bd3ecc84ad3e3d4e8bedfa59506565b59add29dde1e8eaa7965bd117ded,bancos,clasico,2012-12-31,unica,EVOL CRÉD,362,327,35
BOLB 122012.xls,add23bd3ecc84ad3e3d4e8bedfa59506565b59add29dde1e8eaa7965bd117ded,bancos,clasico,2012-12-31,unica,EVOL CRÉD Vigen,362,327,35
BOLB 122012.xls,add23bd3ecc84ad3e3d4e8bedfa59506565b59add29dde1e8eaa7965bd117ded,bancos,clasico,2012-12-31,unica,EVOL CRÉD Venc,362,327,35
BOLB 122012.xls,add23bd3ecc84ad3e3d4e8bedfa59506565b59add29dde1e8eaa7965bd117ded,bancos,clasico,2012-12-31,unica,EVOL MORO,361,327,34
BOLB 122012.xls,add23bd3ecc84ad3e3d4e8bedfa59506565b59add29dde1e8eaa7965bd117ded,bancos,clasico,2012-12-31,unica,Evol Tarj de Credito,374,337,37
BOLB 122012.xls,add23bd3ecc84ad3e3d4e8bedfa59506565b59add29dde1e8eaa7965bd117ded,bancos,clasico,2012-12-31,unica,Evol Tarj de Crédito,374,337,37
BOLB 122012.xls,add23bd3ecc84ad3e3d4e8bedfa59506565b59add29dde1e8eaa7965bd117ded,bancos,clasico,2012-12-31,unica,Gráfico Tarjetas ,28,26,2
BOLB 122012.xls,add23bd3ecc84ad3e3d4e8bedfa59506565b59add29dde1e8eaa7965bd117ded,bancos,clasico,2012-12-31,unica,CART-CLASIS,264,220,44
BOLB 122012.xls,add23bd3ecc84ad3e3d4e8bedfa59506565b59add29dde1e8eaa7965bd117ded,bancos,clasico,2012-12-31,unica,CART-CLASIS Part,263,220,43
BOLB 122012.xls,add23bd3ecc84ad3e3d4e8bedfa59506565b59add29dde1e8eaa7965bd117ded,bancos,clasico,2012-12-31,unica,CART-ACTIV,300,246,54
BOLB 122012.xls,add23bd3ecc84ad3e3d4e8bedfa59506565b59add29dde1e8eaa7965bd117ded,bancos,clasico,2012-12-31,unica,CART-ACTIV Part,289,236,53
BOLB 122012.xls,add23bd3ecc84ad3e3d4e8bedfa59506565b59add29dde1e8eaa7965bd117ded,bancos,clasico,2012-12-31,unica,EVOL ACTIV TRIGO,377,341,36
BOLB 122012.xls,add23bd3ecc84ad3e3d4e8bedfa59506565b59add29dde1e8eaa7965bd117ded,bancos,clasico,2012-12-31,unica,EVOL ACTIV ALGODÓN,378,342,36
BOLB 122012.xls,add23bd3ecc84ad3e3d4e8bedfa59506565b59add29dde1e8eaa7965bd117ded,bancos,clasico,2012-12-31,unica,EVOL ACTIV SOJA,378,342,36
BOLB 122012.xls,add23bd3ecc84ad3e3d4e8bedfa59506565b59add29dde1e8eaa7965bd117ded,bancos,clasico,2012-12-31,unica,EVOL ACTIV CONSTRUCCIONES,378,342,36
BOLB 122012.xls,add23bd3ecc84ad3e3d4e8bedfa59506565b59add29dde1e8eaa7965bd117ded,bancos,clasico,2012-12-31,unica,EVOL ACTIV VIVIENDA,377,341,36
BOLB 122012.xls,add23bd3ecc84ad3e3d4e8bedfa59506565b59add29dde1e8eaa7965bd117ded,bancos,clasico,2012-12-31,unica,Gráficos Evol Activ,15,13,2
BOLB 122012.xls,add23bd3ecc84ad3e3d4e8bedfa59506565b59add29dde1e8eaa7965bd117ded,bancos,clasico,2012-12-31,unica,Calificadoras Bancos,93,16,77
BOLB 122012.xls,add23bd3ecc84ad3e3d4e8bedfa59506565b59add29dde1e8eaa7965bd117ded,bancos,clasico,2012-12-31,unica,Auditores Externos,60,16,44
BOLB 012013.xls,380cd67d59e79fc3a0df54d2b373a3e53d484589a4393d14e27f15da27361af9,bancos,clasico,2013-01-31,unica,INDICE,44,0,44
BOLB 012013.xls,380cd67d59e79fc3a0df54d2b373a3e53d484589a4393d14e27f15da27361af9,bancos,clasico,2013-01-31,unica,SUC - BAN,145,104,41
BOLB 012013.xls,380cd67d59e79fc3a0df54d2b373a3e53d484589a4393d14e27f15da27361af9,bancos,clasico,2013-01-31,unica,PAG10,307,256,51
BOLB 012013.xls,380cd67d59e79fc3a0df54d2b373a3e53d484589a4393d14e27f15da27361af9,bancos,clasico,2013-01-31,unica,GRAFICOS,95,68,27
BOLB 012013.xls,380cd67d59e79fc3a0df54d2b373a3e53d484589a4393d14e27f15da27361af9,bancos,clasico,2013-01-31,unica,TORTAS1,71,40,31
BOLB 012013.xls,380cd67d59e79fc3a0df54d2b373a3e53d484589a4393d14e27f15da27361af9,bancos,clasico,2013-01-31,unica,PAG12,430,346,84
BOLB 012013.xls,380cd67d59e79fc3a0df54d2b373a3e53d484589a4393d14e27f15da27361af9,bancos,clasico,2013-01-31,unica,PAG13,257,192,65
BOLB 012013.xls,380cd67d59e79fc3a0df54d2b373a3e53d484589a4393d14e27f15da27361af9,bancos,clasico,2013-01-31,unica,PAG14,470,371,99
BOLB 012013.xls,380cd67d59e79fc3a0df54d2b373a3e53d484589a4393d14e27f15da27361af9,bancos,clasico,2013-01-31,unica,PAG14 (2),230,170,60
BOLB 012013.xls,380cd67d59e79fc3a0df54d2b373a3e53d484589a4393d14e27f15da27361af9,bancos,clasico,2013-01-31,unica,DEPOSITOS,197,116,81
BOLB 012013.xls,380cd67d59e79fc3a0df54d2b373a3e53d484589a4393d14e27f15da27361af9,bancos,clasico,2013-01-31,unica,EVOL DEP,362,327,35
BOLB 012013.xls,380cd67d59e79fc3a0df54d2b373a3e53d484589a4393d14e27f15da27361af9,bancos,clasico,2013-01-31,unica,Dep. Gráficos,36,28,8
BOLB 012013.xls,380cd67d59e79fc3a0df54d2b373a3e53d484589a4393d14e27f15da27361af9,bancos,clasico,2013-01-31,unica,DEPOSITOS GRAFICOS,51,33,18
BOLB 012013.xls,380cd67d59e79fc3a0df54d2b373a3e53d484589a4393d14e27f15da27361af9,bancos,clasico,2013-01-31,unica,PAG15,434,346,88
BOLB 012013.xls,380cd67d59e79fc3a0df54d2b373a3e53d484589a4393d14e27f15da27361af9,bancos,clasico,2013-01-31,unica,PAG16,227,171,56
BOLB 012013.xls,380cd67d59e79fc3a0df54d2b373a3e53d484589a4393d14e27f15da27361af9,bancos,clasico,2013-01-31,unica,PAG17,255,192,63
BOLB 012013.xls,380cd67d59e79fc3a0df54d2b373a3e53d484589a4393d14e27f15da27361af9,bancos,clasico,2013-01-31,unica,PAG17 (2),307,258,49
BOLB 012013.xls,380cd67d59e79fc3a0df54d2b373a3e53d484589a4393d14e27f15da27361af9,bancos,clasico,2013-01-31,unica,PAG18,308,236,72
BOLB 012013.xls,380cd67d59e79fc3a0df54d2b373a3e53d484589a4393d14e27f15da27361af9,bancos,clasico,2013-01-31,unica,PAG19,794,596,198
BOLB 012013.xls,380cd67d59e79fc3a0df54d2b373a3e53d484589a4393d14e27f15da27361af9,bancos,clasico,2013-01-31,unica,MOROSIDAD,301,236,65
BOLB 012013.xls,380cd67d59e79fc3a0df54d2b373a3e53d484589a4393d14e27f15da27361af9,bancos,clasico,2013-01-31,unica,MOROSIDAD MN,227,170,57
BOLB 012013.xls,380cd67d59e79fc3a0df54d2b373a3e53d484589a4393d14e27f15da27361af9,bancos,clasico,2013-01-31,unica,MOROSIDAD ME,227,170,57
BOLB 012013.xls,380cd67d59e79fc3a0df54d2b373a3e53d484589a4393d14e27f15da27361af9,bancos,clasico,2013-01-31,unica,EVOL CRÉD,362,327,35
BOLB 012013.xls,380cd67d59e79fc3a0df54d2b373a3e53d484589a4393d14e27f15da27361af9,bancos,clasico,2013-01-31,unica,EVOL CRÉD Vigen,362,327,35
BOLB 012013.xls,380cd67d59e79fc3a0df54d2b373a3e53d484589a4393d14e27f15da27361af9,bancos,clasico,2013-01-31,unica,EVOL CRÉD Venc,362,327,35
BOLB 012013.xls,380cd67d59e79fc3a0df54d2b373a3e53d484589a4393d14e27f15da27361af9,bancos,clasico,2013-01-31,unica,EVOL MORO,361,327,34
BOLB 012013.xls,380cd67d59e79fc3a0df54d2b373a3e53d484589a4393d14e27f15da27361af9,bancos,clasico,2013-01-31,unica,Evol Tarj de Credito,375,337,38
BOLB 012013.xls,380cd67d59e79fc3a0df54d2b373a3e53d484589a4393d14e27f15da27361af9,bancos,clasico,2013-01-31,unica,Evol Tarj de Crédito,375,337,38
BOLB 012013.xls,380cd67d59e79fc3a0df54d2b373a3e53d484589a4393d14e27f15da27361af9,bancos,clasico,2013-01-31,unica,Gráfico Tarjetas ,28,26,2
BOLB 012013.xls,380cd67d59e79fc3a0df54d2b373a3e53d484589a4393d14e27f15da27361af9,bancos,clasico,2013-01-31,unica,CART-CLASIS,264,220,44
BOLB 012013.xls,380cd67d59e79fc3a0df54d2b373a3e53d484589a4393d14e27f15da27361af9,bancos,clasico,2013-01-31,unica,CART-CLASIS Part,263,220,43
BOLB 012013.xls,380cd67d59e79fc3a0df54d2b373a3e53d484589a4393d14e27f15da27361af9,bancos,clasico,2013-01-31,unica,CART-ACTIV,300,246,54
BOLB 012013.xls,380cd67d59e79fc3a0df54d2b373a3e53d484589a4393d14e27f15da27361af9,bancos,clasico,2013-01-31,unica,CART-ACTIV Part,289,236,53
BOLB 012013.xls,380cd67d59e79fc3a0df54d2b373a3e53d484589a4393d14e27f15da27361af9,bancos,clasico,2013-01-31,unica,EVOL ACTIV TRIGO,377,341,36
BOLB 012013.xls,380cd67d59e79fc3a0df54d2b373a3e53d484589a4393d14e27f15da27361af9,bancos,clasico,2013-01-31,unica,EVOL ACTIV ALGODÓN,377,341,36
BOLB 012013.xls,380cd67d59e79fc3a0df54d2b373a3e53d484589a4393d14e27f15da27361af9,bancos,clasico,2013-01-31,unica,EVOL ACTIV SOJA,377,341,36
BOLB 012013.xls,380cd67d59e79fc3a0df54d2b373a3e53d484589a4393d14e27f15da27361af9,bancos,clasico,2013-01-31,unica,EVOL ACTIV CONSTRUCCIONES,377,341,36
BOLB 012013.xls,380cd67d59e79fc3a0df54d2b373a3e53d484589a4393d14e27f15da27361af9,bancos,clasico,2013-01-31,unica,EVOL ACTIV VIVIENDA,377,341,36
BOLB 012013.xls,380cd67d59e79fc3a0df54d2b373a3e53d484589a4393d14e27f15da27361af9,bancos,clasico,2013-01-31,unica,Gráficos Evol Activ,15,13,2
BOLB 012013.xls,380cd67d59e79fc3a0df54d2b373a3e53d484589a4393d14e27f15da27361af9,bancos,clasico,2013-01-31,unica,Calificadoras Bancos,93,16,77
BOLB 012013.xls,380cd67d59e79fc3a0df54d2b373a3e53d484589a4393d14e27f15da27361af9,bancos,clasico,2013-01-31,unica,Auditores Externos,60,16,44
BOLB 022013.xls,5867878a8e7874c7c02643c418d8e6ff099fc3dc76ffdace021bc92a09054e13,bancos,clasico,2013-02-28,unica,INDICE,44,0,44
BOLB 022013.xls,5867878a8e7874c7c02643c418d8e6ff099fc3dc76ffdace021bc92a09054e13,bancos,clasico,2013-02-28,unica,SUC - BAN,145,104,41
BOLB 022013.xls,5867878a8e7874c7c02643c418d8e6ff099fc3dc76ffdace021bc92a09054e13,bancos,clasico,2013-02-28,unica,PAG10,307,256,51
BOLB 022013.xls,5867878a8e7874c7c02643c418d8e6ff099fc3dc76ffdace021bc92a09054e13,bancos,clasico,2013-02-28,unica,GRAFICOS,95,68,27
BOLB 022013.xls,5867878a8e7874c7c02643c418d8e6ff099fc3dc76ffdace021bc92a09054e13,bancos,clasico,2013-02-28,unica,TORTAS1,66,40,26
BOLB 022013.xls,5867878a8e7874c7c02643c418d8e6ff099fc3dc76ffdace021bc92a09054e13,bancos,clasico,2013-02-28,unica,PAG12,430,346,84
BOLB 022013.xls,5867878a8e7874c7c02643c418d8e6ff099fc3dc76ffdace021bc92a09054e13,bancos,clasico,2013-02-28,unica,PAG13,257,192,65
BOLB 022013.xls,5867878a8e7874c7c02643c418d8e6ff099fc3dc76ffdace021bc92a09054e13,bancos,clasico,2013-02-28,unica,PAG14,470,371,99
BOLB 022013.xls,5867878a8e7874c7c02643c418d8e6ff099fc3dc76ffdace021bc92a09054e13,bancos,clasico,2013-02-28,unica,PAG14 (2),230,170,60
BOLB 022013.xls,5867878a8e7874c7c02643c418d8e6ff099fc3dc76ffdace021bc92a09054e13,bancos,clasico,2013-02-28,unica,DEPOSITOS,197,116,81
BOLB 022013.xls,5867878a8e7874c7c02643c418d8e6ff099fc3dc76ffdace021bc92a09054e13,bancos,clasico,2013-02-28,unica,EVOL DEP,363,328,35
BOLB 022013.xls,5867878a8e7874c7c02643c418d8e6ff099fc3dc76ffdace021bc92a09054e13,bancos,clasico,2013-02-28,unica,Dep. Gráficos,36,28,8
BOLB 022013.xls,5867878a8e7874c7c02643c418d8e6ff099fc3dc76ffdace021bc92a09054e13,bancos,clasico,2013-02-28,unica,DEPOSITOS GRAFICOS,48,30,18
BOLB 022013.xls,5867878a8e7874c7c02643c418d8e6ff099fc3dc76ffdace021bc92a09054e13,bancos,clasico,2013-02-28,unica,PAG15,434,346,88
BOLB 022013.xls,5867878a8e7874c7c02643c418d8e6ff099fc3dc76ffdace021bc92a09054e13,bancos,clasico,2013-02-28,unica,PAG16,227,171,56
BOLB 022013.xls,5867878a8e7874c7c02643c418d8e6ff099fc3dc76ffdace021bc92a09054e13,bancos,clasico,2013-02-28,unica,PAG17,255,192,63
BOLB 022013.xls,5867878a8e7874c7c02643c418d8e6ff099fc3dc76ffdace021bc92a09054e13,bancos,clasico,2013-02-28,unica,PAG17 (2),307,258,49
BOLB 022013.xls,5867878a8e7874c7c02643c418d8e6ff099fc3dc76ffdace021bc92a09054e13,bancos,clasico,2013-02-28,unica,PAG18,308,236,72
BOLB 022013.xls,5867878a8e7874c7c02643c418d8e6ff099fc3dc76ffdace021bc92a09054e13,bancos,clasico,2013-02-28,unica,PAG19,882,684,198
BOLB 022013.xls,5867878a8e7874c7c02643c418d8e6ff099fc3dc76ffdace021bc92a09054e13,bancos,clasico,2013-02-28,unica,MOROSIDAD,301,236,65
BOLB 022013.xls,5867878a8e7874c7c02643c418d8e6ff099fc3dc76ffdace021bc92a09054e13,bancos,clasico,2013-02-28,unica,MOROSIDAD MN,227,170,57
BOLB 022013.xls,5867878a8e7874c7c02643c418d8e6ff099fc3dc76ffdace021bc92a09054e13,bancos,clasico,2013-02-28,unica,MOROSIDAD ME,227,170,57
BOLB 022013.xls,5867878a8e7874c7c02643c418d8e6ff099fc3dc76ffdace021bc92a09054e13,bancos,clasico,2013-02-28,unica,EVOL CRÉD,362,327,35
BOLB 022013.xls,5867878a8e7874c7c02643c418d8e6ff099fc3dc76ffdace021bc92a09054e13,bancos,clasico,2013-02-28,unica,EVOL CRÉD Vigen,362,327,35
BOLB 022013.xls,5867878a8e7874c7c02643c418d8e6ff099fc3dc76ffdace021bc92a09054e13,bancos,clasico,2013-02-28,unica,EVOL CRÉD Venc,362,327,35
BOLB 022013.xls,5867878a8e7874c7c02643c418d8e6ff099fc3dc76ffdace021bc92a09054e13,bancos,clasico,2013-02-28,unica,EVOL MORO,361,327,34
BOLB 022013.xls,5867878a8e7874c7c02643c418d8e6ff099fc3dc76ffdace021bc92a09054e13,bancos,clasico,2013-02-28,unica,Evol Tarj de Credito,374,337,37
BOLB 022013.xls,5867878a8e7874c7c02643c418d8e6ff099fc3dc76ffdace021bc92a09054e13,bancos,clasico,2013-02-28,unica,Evol Tarj de Crédito,374,337,37
BOLB 022013.xls,5867878a8e7874c7c02643c418d8e6ff099fc3dc76ffdace021bc92a09054e13,bancos,clasico,2013-02-28,unica,Gráfico Tarjetas ,28,26,2
BOLB 022013.xls,5867878a8e7874c7c02643c418d8e6ff099fc3dc76ffdace021bc92a09054e13,bancos,clasico,2013-02-28,unica,CART-CLASIS,264,220,44
BOLB 022013.xls,5867878a8e7874c7c02643c418d8e6ff099fc3dc76ffdace021bc92a09054e13,bancos,clasico,2013-02-28,unica,CART-CLASIS Part,263,220,43
BOLB 022013.xls,5867878a8e7874c7c02643c418d8e6ff099fc3dc76ffdace021bc92a09054e13,bancos,clasico,2013-02-28,unica,CART-ACTIV,300,246,54
BOLB 022013.xls,5867878a8e7874c7c02643c418d8e6ff099fc3dc76ffdace021bc92a09054e13,bancos,clasico,2013-02-28,unica,CART-ACTIV Part,289,236,53
BOLB 022013.xls,5867878a8e7874c7c02643c418d8e6ff099fc3dc76ffdace021bc92a09054e13,bancos,clasico,2013-02-28,unica,EVOL ACTIV TRIGO,377,341,36
BOLB 022013.xls,5867878a8e7874c7c02643c418d8e6ff099fc3dc76ffdace021bc92a09054e13,bancos,clasico,2013-02-28,unica,EVOL ACTIV ALGODÓN,378,342,36
BOLB 022013.xls,5867878a8e7874c7c02643c418d8e6ff099fc3dc76ffdace021bc92a09054e13,bancos,clasico,2013-02-28,unica,EVOL ACTIV SOJA,377,341,36
BOLB 022013.xls,5867878a8e7874c7c02643c418d8e6ff099fc3dc76ffdace021bc92a09054e13,bancos,clasico,2013-02-28,unica,EVOL ACTIV CONSTRUCCIONES,377,341,36
BOLB 022013.xls,5867878a8e7874c7c02643c418d8e6ff099fc3dc76ffdace021bc92a09054e13,bancos,clasico,2013-02-28,unica,EVOL ACTIV VIVIENDA,377,341,36
BOLB 022013.xls,5867878a8e7874c7c02643c418d8e6ff099fc3dc76ffdace021bc92a09054e13,bancos,clasico,2013-02-28,unica,Gráficos Evol Activ,15,13,2
BOLB 022013.xls,5867878a8e7874c7c02643c418d8e6ff099fc3dc76ffdace021bc92a09054e13,bancos,clasico,2013-02-28,unica,Calificadoras Bancos,93,16,77
BOLB 022013.xls,5867878a8e7874c7c02643c418d8e6ff099fc3dc76ffdace021bc92a09054e13,bancos,clasico,2013-02-28,unica,Auditores Externos,60,16,44
BOLB 032013.xls,494731fd8c166ca60c89c1f02f0b87ede2330323d930422dedeb931632cff265,bancos,clasico,2013-03-31,unica,INDICE,44,0,44
BOLB 032013.xls,494731fd8c166ca60c89c1f02f0b87ede2330323d930422dedeb931632cff265,bancos,clasico,2013-03-31,unica,SUC - BAN,145,104,41
BOLB 032013.xls,494731fd8c166ca60c89c1f02f0b87ede2330323d930422dedeb931632cff265,bancos,clasico,2013-03-31,unica,PAG10,307,256,51
BOLB 032013.xls,494731fd8c166ca60c89c1f02f0b87ede2330323d930422dedeb931632cff265,bancos,clasico,2013-03-31,unica,GRAFICOS,95,68,27
BOLB 032013.xls,494731fd8c166ca60c89c1f02f0b87ede2330323d930422dedeb931632cff265,bancos,clasico,2013-03-31,unica,TORTAS1,66,40,26
BOLB 032013.xls,494731fd8c166ca60c89c1f02f0b87ede2330323d930422dedeb931632cff265,bancos,clasico,2013-03-31,unica,PAG12,430,346,84
BOLB 032013.xls,494731fd8c166ca60c89c1f02f0b87ede2330323d930422dedeb931632cff265,bancos,clasico,2013-03-31,unica,PAG13,257,192,65
BOLB 032013.xls,494731fd8c166ca60c89c1f02f0b87ede2330323d930422dedeb931632cff265,bancos,clasico,2013-03-31,unica,PAG14,470,371,99
BOLB 032013.xls,494731fd8c166ca60c89c1f02f0b87ede2330323d930422dedeb931632cff265,bancos,clasico,2013-03-31,unica,PAG14 (2),230,170,60
BOLB 032013.xls,494731fd8c166ca60c89c1f02f0b87ede2330323d930422dedeb931632cff265,bancos,clasico,2013-03-31,unica,DEPOSITOS,197,116,81
BOLB 032013.xls,494731fd8c166ca60c89c1f02f0b87ede2330323d930422dedeb931632cff265,bancos,clasico,2013-03-31,unica,EVOL DEP,423,362,61
BOLB 032013.xls,494731fd8c166ca60c89c1f02f0b87ede2330323d930422dedeb931632cff265,bancos,clasico,2013-03-31,unica,Dep. Gráficos,36,28,8
BOLB 032013.xls,494731fd8c166ca60c89c1f02f0b87ede2330323d930422dedeb931632cff265,bancos,clasico,2013-03-31,unica,DEPOSITOS GRAFICOS,83,57,26
BOLB 032013.xls,494731fd8c166ca60c89c1f02f0b87ede2330323d930422dedeb931632cff265,bancos,clasico,2013-03-31,unica,PAG15,434,346,88
BOLB 032013.xls,494731fd8c166ca60c89c1f02f0b87ede2330323d930422dedeb931632cff265,bancos,clasico,2013-03-31,unica,PAG16,227,171,56
BOLB 032013.xls,494731fd8c166ca60c89c1f02f0b87ede2330323d930422dedeb931632cff265,bancos,clasico,2013-03-31,unica,PAG17,255,192,63
BOLB 032013.xls,494731fd8c166ca60c89c1f02f0b87ede2330323d930422dedeb931632cff265,bancos,clasico,2013-03-31,unica,PAG17 (2),549,500,49
BOLB 032013.xls,494731fd8c166ca60c89c1f02f0b87ede2330323d930422dedeb931632cff265,bancos,clasico,2013-03-31,unica,PAG18,308,236,72
BOLB 032013.xls,494731fd8c166ca60c89c1f02f0b87ede2330323d930422dedeb931632cff265,bancos,clasico,2013-03-31,unica,PAG19,881,683,198
BOLB 032013.xls,494731fd8c166ca60c89c1f02f0b87ede2330323d930422dedeb931632cff265,bancos,clasico,2013-03-31,unica,MOROSIDAD,354,272,82
BOLB 032013.xls,494731fd8c166ca60c89c1f02f0b87ede2330323d930422dedeb931632cff265,bancos,clasico,2013-03-31,unica,MOROSIDAD MN,245,188,57
BOLB 032013.xls,494731fd8c166ca60c89c1f02f0b87ede2330323d930422dedeb931632cff265,bancos,clasico,2013-03-31,unica,MOROSIDAD ME,247,190,57
BOLB 032013.xls,494731fd8c166ca60c89c1f02f0b87ede2330323d930422dedeb931632cff265,bancos,clasico,2013-03-31,unica,EVOL CRÉD,410,349,61
BOLB 032013.xls,494731fd8c166ca60c89c1f02f0b87ede2330323d930422dedeb931632cff265,bancos,clasico,2013-03-31,unica,EVOL CRÉD Vigen,410,349,61
BOLB 032013.xls,494731fd8c166ca60c89c1f02f0b87ede2330323d930422dedeb931632cff265,bancos,clasico,2013-03-31,unica,EVOL CRÉD Venc,410,349,61
BOLB 032013.xls,494731fd8c166ca60c89c1f02f0b87ede2330323d930422dedeb931632cff265,bancos,clasico,2013-03-31,unica,EVOL MORO,409,349,60
BOLB 032013.xls,494731fd8c166ca60c89c1f02f0b87ede2330323d930422dedeb931632cff265,bancos,clasico,2013-03-31,unica,Evol Tarj de Credito,374,333,41
BOLB 032013.xls,494731fd8c166ca60c89c1f02f0b87ede2330323d930422dedeb931632cff265,bancos,clasico,2013-03-31,unica,Evol Tarj de Crédito,374,333,41
BOLB 032013.xls,494731fd8c166ca60c89c1f02f0b87ede2330323d930422dedeb931632cff265,bancos,clasico,2013-03-31,unica,Gráfico Tarjetas ,28,26,2
BOLB 032013.xls,494731fd8c166ca60c89c1f02f0b87ede2330323d930422dedeb931632cff265,bancos,clasico,2013-03-31,unica,CART-CLASIS,418,374,44
BOLB 032013.xls,494731fd8c166ca60c89c1f02f0b87ede2330323d930422dedeb931632cff265,bancos,clasico,2013-03-31,unica,CART-CLASIS Part,415,377,38
BOLB 032013.xls,494731fd8c166ca60c89c1f02f0b87ede2330323d930422dedeb931632cff265,bancos,clasico,2013-03-31,unica,CART-ACTIV,520,466,54
BOLB 032013.xls,494731fd8c166ca60c89c1f02f0b87ede2330323d930422dedeb931632cff265,bancos,clasico,2013-03-31,unica,CART-ACTIV Part,504,456,48
BOLB 032013.xls,494731fd8c166ca60c89c1f02f0b87ede2330323d930422dedeb931632cff265,bancos,clasico,2013-03-31,unica,EVOL ACTIV TRIGO,377,341,36
BOLB 032013.xls,494731fd8c166ca60c89c1f02f0b87ede2330323d930422dedeb931632cff265,bancos,clasico,2013-03-31,unica,EVOL ACTIV ALGODÓN,439,376,63
BOLB 032013.xls,494731fd8c166ca60c89c1f02f0b87ede2330323d930422dedeb931632cff265,bancos,clasico,2013-03-31,unica,EVOL ACTIV SOJA,439,376,63
BOLB 032013.xls,494731fd8c166ca60c89c1f02f0b87ede2330323d930422dedeb931632cff265,bancos,clasico,2013-03-31,unica,EVOL ACTIV CONSTRUCCIONES,439,376,63
BOLB 032013.xls,494731fd8c166ca60c89c1f02f0b87ede2330323d930422dedeb931632cff265,bancos,clasico,2013-03-31,unica,EVOL ACTIV VIVIENDA,377,341,36
BOLB 032013.xls,494731fd8c166ca60c89c1f02f0b87ede2330323d930422dedeb931632cff265,bancos,clasico,2013-03-31,unica,Gráficos Evol Activ,15,13,2
BOLB 032013.xls,494731fd8c166ca60c89c1f02f0b87ede2330323d930422dedeb931632cff265,bancos,clasico,2013-03-31,unica,Calificadoras Bancos,93,16,77
BOLB 032013.xls,494731fd8c166ca60c89c1f02f0b87ede2330323d930422dedeb931632cff265,bancos,clasico,2013-03-31,unica,Auditores Externos,60,16,44
BOLB 042013.xls,1c905941b593d01ee59a458d13e2d3ba6cc15a90e77202ae8a08788cdf0e1560,bancos,clasico,2013-04-30,unica,INDICE,44,0,44
BOLB 042013.xls,1c905941b593d01ee59a458d13e2d3ba6cc15a90e77202ae8a08788cdf0e1560,bancos,clasico,2013-04-30,unica,SUC - BAN,145,104,41
BOLB 042013.xls,1c905941b593d01ee59a458d13e2d3ba6cc15a90e77202ae8a08788cdf0e1560,bancos,clasico,2013-04-30,unica,PAG10,307,256,51
BOLB 042013.xls,1c905941b593d01ee59a458d13e2d3ba6cc15a90e77202ae8a08788cdf0e1560,bancos,clasico,2013-04-30,unica,GRAFICOS,95,68,27
BOLB 042013.xls,1c905941b593d01ee59a458d13e2d3ba6cc15a90e77202ae8a08788cdf0e1560,bancos,clasico,2013-04-30,unica,TORTAS1,66,40,26
BOLB 042013.xls,1c905941b593d01ee59a458d13e2d3ba6cc15a90e77202ae8a08788cdf0e1560,bancos,clasico,2013-04-30,unica,PAG12,430,346,84
BOLB 042013.xls,1c905941b593d01ee59a458d13e2d3ba6cc15a90e77202ae8a08788cdf0e1560,bancos,clasico,2013-04-30,unica,PAG13,257,192,65
BOLB 042013.xls,1c905941b593d01ee59a458d13e2d3ba6cc15a90e77202ae8a08788cdf0e1560,bancos,clasico,2013-04-30,unica,PAG14,470,371,99
BOLB 042013.xls,1c905941b593d01ee59a458d13e2d3ba6cc15a90e77202ae8a08788cdf0e1560,bancos,clasico,2013-04-30,unica,PAG14 (2),233,172,61
BOLB 042013.xls,1c905941b593d01ee59a458d13e2d3ba6cc15a90e77202ae8a08788cdf0e1560,bancos,clasico,2013-04-30,unica,DEPOSITOS,197,116,81
BOLB 042013.xls,1c905941b593d01ee59a458d13e2d3ba6cc15a90e77202ae8a08788cdf0e1560,bancos,clasico,2013-04-30,unica,EVOL DEP,424,363,61
BOLB 042013.xls,1c905941b593d01ee59a458d13e2d3ba6cc15a90e77202ae8a08788cdf0e1560,bancos,clasico,2013-04-30,unica,Dep. Gráficos,36,28,8
BOLB 042013.xls,1c905941b593d01ee59a458d13e2d3ba6cc15a90e77202ae8a08788cdf0e1560,bancos,clasico,2013-04-30,unica,DEPOSITOS GRAFICOS,83,58,25
BOLB 042013.xls,1c905941b593d01ee59a458d13e2d3ba6cc15a90e77202ae8a08788cdf0e1560,bancos,clasico,2013-04-30,unica,PAG15,434,346,88
BOLB 042013.xls,1c905941b593d01ee59a458d13e2d3ba6cc15a90e77202ae8a08788cdf0e1560,bancos,clasico,2013-04-30,unica,PAG16,227,171,56
BOLB 042013.xls,1c905941b593d01ee59a458d13e2d3ba6cc15a90e77202ae8a08788cdf0e1560,bancos,clasico,2013-04-30,unica,PAG17,255,192,63
BOLB 042013.xls,1c905941b593d01ee59a458d13e2d3ba6cc15a90e77202ae8a08788cdf0e1560,bancos,clasico,2013-04-30,unica,PAG17 (2),549,500,49
BOLB 042013.xls,1c905941b593d01ee59a458d13e2d3ba6cc15a90e77202ae8a08788cdf0e1560,bancos,clasico,2013-04-30,unica,PAG18,308,236,72
BOLB 042013.xls,1c905941b593d01ee59a458d13e2d3ba6cc15a90e77202ae8a08788cdf0e1560,bancos,clasico,2013-04-30,unica,PAG19,882,683,199
BOLB 042013.xls,1c905941b593d01ee59a458d13e2d3ba6cc15a90e77202ae8a08788cdf0e1560,bancos,clasico,2013-04-30,unica,MOROSIDAD,354,272,82
BOLB 042013.xls,1c905941b593d01ee59a458d13e2d3ba6cc15a90e77202ae8a08788cdf0e1560,bancos,clasico,2013-04-30,unica,MOROSIDAD MN,245,188,57
BOLB 042013.xls,1c905941b593d01ee59a458d13e2d3ba6cc15a90e77202ae8a08788cdf0e1560,bancos,clasico,2013-04-30,unica,MOROSIDAD ME,247,190,57
BOLB 042013.xls,1c905941b593d01ee59a458d13e2d3ba6cc15a90e77202ae8a08788cdf0e1560,bancos,clasico,2013-04-30,unica,EVOL CRÉD,410,349,61
BOLB 042013.xls,1c905941b593d01ee59a458d13e2d3ba6cc15a90e77202ae8a08788cdf0e1560,bancos,clasico,2013-04-30,unica,EVOL CRÉD Vigen,410,349,61
BOLB 042013.xls,1c905941b593d01ee59a458d13e2d3ba6cc15a90e77202ae8a08788cdf0e1560,bancos,clasico,2013-04-30,unica,EVOL CRÉD Venc,410,349,61
BOLB 042013.xls,1c905941b593d01ee59a458d13e2d3ba6cc15a90e77202ae8a08788cdf0e1560,bancos,clasico,2013-04-30,unica,EVOL MORO,409,349,60
BOLB 042013.xls,1c905941b593d01ee59a458d13e2d3ba6cc15a90e77202ae8a08788cdf0e1560,bancos,clasico,2013-04-30,unica,Evol Tarj de Credito,374,329,45
BOLB 042013.xls,1c905941b593d01ee59a458d13e2d3ba6cc15a90e77202ae8a08788cdf0e1560,bancos,clasico,2013-04-30,unica,Evol Tarj de Crédito,374,329,45
BOLB 042013.xls,1c905941b593d01ee59a458d13e2d3ba6cc15a90e77202ae8a08788cdf0e1560,bancos,clasico,2013-04-30,unica,Gráfico Tarjetas ,28,26,2
BOLB 042013.xls,1c905941b593d01ee59a458d13e2d3ba6cc15a90e77202ae8a08788cdf0e1560,bancos,clasico,2013-04-30,unica,CART-CLASIS,418,374,44
BOLB 042013.xls,1c905941b593d01ee59a458d13e2d3ba6cc15a90e77202ae8a08788cdf0e1560,bancos,clasico,2013-04-30,unica,CART-CLASIS Part,415,377,38
BOLB 042013.xls,1c905941b593d01ee59a458d13e2d3ba6cc15a90e77202ae8a08788cdf0e1560,bancos,clasico,2013-04-30,unica,CART-ACTIV,520,466,54
BOLB 042013.xls,1c905941b593d01ee59a458d13e2d3ba6cc15a90e77202ae8a08788cdf0e1560,bancos,clasico,2013-04-30,unica,CART-ACTIV Part,504,456,48
BOLB 042013.xls,1c905941b593d01ee59a458d13e2d3ba6cc15a90e77202ae8a08788cdf0e1560,bancos,clasico,2013-04-30,unica,EVOL ACTIV TRIGO,377,341,36
BOLB 042013.xls,1c905941b593d01ee59a458d13e2d3ba6cc15a90e77202ae8a08788cdf0e1560,bancos,clasico,2013-04-30,unica,EVOL ACTIV ALGODÓN,439,376,63
BOLB 042013.xls,1c905941b593d01ee59a458d13e2d3ba6cc15a90e77202ae8a08788cdf0e1560,bancos,clasico,2013-04-30,unica,EVOL ACTIV SOJA,439,376,63
BOLB 042013.xls,1c905941b593d01ee59a458d13e2d3ba6cc15a90e77202ae8a08788cdf0e1560,bancos,clasico,2013-04-30,unica,EVOL ACTIV CONSTRUCCIONES,439,376,63
BOLB 042013.xls,1c905941b593d01ee59a458d13e2d3ba6cc15a90e77202ae8a08788cdf0e1560,bancos,clasico,2013-04-30,unica,EVOL ACTIV VIVIENDA,377,341,36
BOLB 042013.xls,1c905941b593d01ee59a458d13e2d3ba6cc15a90e77202ae8a08788cdf0e1560,bancos,clasico,2013-04-30,unica,Gráficos Evol Activ,15,13,2
BOLB 042013.xls,1c905941b593d01ee59a458d13e2d3ba6cc15a90e77202ae8a08788cdf0e1560,bancos,clasico,2013-04-30,unica,Calificadoras Bancos,93,16,77
BOLB 042013.xls,1c905941b593d01ee59a458d13e2d3ba6cc15a90e77202ae8a08788cdf0e1560,bancos,clasico,2013-04-30,unica,Auditores Externos,60,16,44
BOLB 052013.xls,8df9d0da8a37e7450af193bd1ba7d63e38cc47307533f5688cf1c942e6637fbe,bancos,clasico,2013-05-31,unica,INDICE,44,0,44
BOLB 052013.xls,8df9d0da8a37e7450af193bd1ba7d63e38cc47307533f5688cf1c942e6637fbe,bancos,clasico,2013-05-31,unica,SUC - BAN,145,104,41
BOLB 052013.xls,8df9d0da8a37e7450af193bd1ba7d63e38cc47307533f5688cf1c942e6637fbe,bancos,clasico,2013-05-31,unica,PAG10,307,256,51
BOLB 052013.xls,8df9d0da8a37e7450af193bd1ba7d63e38cc47307533f5688cf1c942e6637fbe,bancos,clasico,2013-05-31,unica,GRAFICOS,95,68,27
BOLB 052013.xls,8df9d0da8a37e7450af193bd1ba7d63e38cc47307533f5688cf1c942e6637fbe,bancos,clasico,2013-05-31,unica,TORTAS1,66,40,26
BOLB 052013.xls,8df9d0da8a37e7450af193bd1ba7d63e38cc47307533f5688cf1c942e6637fbe,bancos,clasico,2013-05-31,unica,PAG12,430,346,84
BOLB 052013.xls,8df9d0da8a37e7450af193bd1ba7d63e38cc47307533f5688cf1c942e6637fbe,bancos,clasico,2013-05-31,unica,PAG13,257,192,65
BOLB 052013.xls,8df9d0da8a37e7450af193bd1ba7d63e38cc47307533f5688cf1c942e6637fbe,bancos,clasico,2013-05-31,unica,PAG14,470,371,99
BOLB 052013.xls,8df9d0da8a37e7450af193bd1ba7d63e38cc47307533f5688cf1c942e6637fbe,bancos,clasico,2013-05-31,unica,PAG14 (2),233,172,61
BOLB 052013.xls,8df9d0da8a37e7450af193bd1ba7d63e38cc47307533f5688cf1c942e6637fbe,bancos,clasico,2013-05-31,unica,DEPOSITOS,197,116,81
BOLB 052013.xls,8df9d0da8a37e7450af193bd1ba7d63e38cc47307533f5688cf1c942e6637fbe,bancos,clasico,2013-05-31,unica,EVOL DEP,425,364,61
BOLB 052013.xls,8df9d0da8a37e7450af193bd1ba7d63e38cc47307533f5688cf1c942e6637fbe,bancos,clasico,2013-05-31,unica,Dep. Gráficos,36,28,8
BOLB 052013.xls,8df9d0da8a37e7450af193bd1ba7d63e38cc47307533f5688cf1c942e6637fbe,bancos,clasico,2013-05-31,unica,Dep. Gráficos 2,83,57,26
BOLB 052013.xls,8df9d0da8a37e7450af193bd1ba7d63e38cc47307533f5688cf1c942e6637fbe,bancos,clasico,2013-05-31,unica,PAG15,434,346,88
BOLB 052013.xls,8df9d0da8a37e7450af193bd1ba7d63e38cc47307533f5688cf1c942e6637fbe,bancos,clasico,2013-05-31,unica,PAG16,227,171,56
BOLB 052013.xls,8df9d0da8a37e7450af193bd1ba7d63e38cc47307533f5688cf1c942e6637fbe,bancos,clasico,2013-05-31,unica,PAG17,255,192,63
BOLB 052013.xls,8df9d0da8a37e7450af193bd1ba7d63e38cc47307533f5688cf1c942e6637fbe,bancos,clasico,2013-05-31,unica,PAG17 (2),549,500,49
BOLB 052013.xls,8df9d0da8a37e7450af193bd1ba7d63e38cc47307533f5688cf1c942e6637fbe,bancos,clasico,2013-05-31,unica,PAG18,308,236,72
BOLB 052013.xls,8df9d0da8a37e7450af193bd1ba7d63e38cc47307533f5688cf1c942e6637fbe,bancos,clasico,2013-05-31,unica,PAG19,881,683,198
BOLB 052013.xls,8df9d0da8a37e7450af193bd1ba7d63e38cc47307533f5688cf1c942e6637fbe,bancos,clasico,2013-05-31,unica,MOROSIDAD,354,272,82
BOLB 052013.xls,8df9d0da8a37e7450af193bd1ba7d63e38cc47307533f5688cf1c942e6637fbe,bancos,clasico,2013-05-31,unica,MOROSIDAD MN,245,188,57
BOLB 052013.xls,8df9d0da8a37e7450af193bd1ba7d63e38cc47307533f5688cf1c942e6637fbe,bancos,clasico,2013-05-31,unica,MOROSIDAD ME,247,190,57
BOLB 052013.xls,8df9d0da8a37e7450af193bd1ba7d63e38cc47307533f5688cf1c942e6637fbe,bancos,clasico,2013-05-31,unica,EVOL CRÉD,410,349,61
BOLB 052013.xls,8df9d0da8a37e7450af193bd1ba7d63e38cc47307533f5688cf1c942e6637fbe,bancos,clasico,2013-05-31,unica,EVOL CRÉD Vigen,410,349,61
BOLB 052013.xls,8df9d0da8a37e7450af193bd1ba7d63e38cc47307533f5688cf1c942e6637fbe,bancos,clasico,2013-05-31,unica,EVOL CRÉD Venc,410,349,61
BOLB 052013.xls,8df9d0da8a37e7450af193bd1ba7d63e38cc47307533f5688cf1c942e6637fbe,bancos,clasico,2013-05-31,unica,EVOL MORO,409,349,60
BOLB 052013.xls,8df9d0da8a37e7450af193bd1ba7d63e38cc47307533f5688cf1c942e6637fbe,bancos,clasico,2013-05-31,unica,Evol Tarj de Credito,374,325,49
BOLB 052013.xls,8df9d0da8a37e7450af193bd1ba7d63e38cc47307533f5688cf1c942e6637fbe,bancos,clasico,2013-05-31,unica,Evol Tarj de Crédito,374,325,49
BOLB 052013.xls,8df9d0da8a37e7450af193bd1ba7d63e38cc47307533f5688cf1c942e6637fbe,bancos,clasico,2013-05-31,unica,Gráfico Tarjetas ,28,26,2
BOLB 052013.xls,8df9d0da8a37e7450af193bd1ba7d63e38cc47307533f5688cf1c942e6637fbe,bancos,clasico,2013-05-31,unica,CART-CLASIS,418,374,44
BOLB 052013.xls,8df9d0da8a37e7450af193bd1ba7d63e38cc47307533f5688cf1c942e6637fbe,bancos,clasico,2013-05-31,unica,CART-CLASIS Part,415,377,38
BOLB 052013.xls,8df9d0da8a37e7450af193bd1ba7d63e38cc47307533f5688cf1c942e6637fbe,bancos,clasico,2013-05-31,unica,CART-ACTIV,498,444,54
BOLB 052013.xls,8df9d0da8a37e7450af193bd1ba7d63e38cc47307533f5688cf1c942e6637fbe,bancos,clasico,2013-05-31,unica,CART-ACTIV Part,504,456,48
BOLB 052013.xls,8df9d0da8a37e7450af193bd1ba7d63e38cc47307533f5688cf1c942e6637fbe,bancos,clasico,2013-05-31,unica,EVOL ACTIV TRIGO,377,341,36
BOLB 052013.xls,8df9d0da8a37e7450af193bd1ba7d63e38cc47307533f5688cf1c942e6637fbe,bancos,clasico,2013-05-31,unica,EVOL ACTIV ALGODÓN,439,376,63
BOLB 052013.xls,8df9d0da8a37e7450af193bd1ba7d63e38cc47307533f5688cf1c942e6637fbe,bancos,clasico,2013-05-31,unica,EVOL ACTIV SOJA,439,376,63
BOLB 052013.xls,8df9d0da8a37e7450af193bd1ba7d63e38cc47307533f5688cf1c942e6637fbe,bancos,clasico,2013-05-31,unica,EVOL ACTIV CONSTRUCCIONES,439,376,63
BOLB 052013.xls,8df9d0da8a37e7450af193bd1ba7d63e38cc47307533f5688cf1c942e6637fbe,bancos,clasico,2013-05-31,unica,EVOL ACTIV VIVIENDA,377,341,36
BOLB 052013.xls,8df9d0da8a37e7450af193bd1ba7d63e38cc47307533f5688cf1c942e6637fbe,bancos,clasico,2013-05-31,unica,Gráficos Evol Activ,15,13,2
BOLB 052013.xls,8df9d0da8a37e7450af193bd1ba7d63e38cc47307533f5688cf1c942e6637fbe,bancos,clasico,2013-05-31,unica,Calificadoras Bancos,93,16,77
BOLB 052013.xls,8df9d0da8a37e7450af193bd1ba7d63e38cc47307533f5688cf1c942e6637fbe,bancos,clasico,2013-05-31,unica,Auditores Externos,60,16,44
BOLB 062013.xls,4ead3d91982d398be4790bef7009e9aeee81b07dfe27a4377bfc114829f5eb0a,bancos,clasico,2013-06-30,unica,INDICE,44,0,44
BOLB 062013.xls,4ead3d91982d398be4790bef7009e9aeee81b07dfe27a4377bfc114829f5eb0a,bancos,clasico,2013-06-30,unica,SUC - BAN,145,104,41
BOLB 062013.xls,4ead3d91982d398be4790bef7009e9aeee81b07dfe27a4377bfc114829f5eb0a,bancos,clasico,2013-06-30,unica,PAG10,307,256,51
BOLB 062013.xls,4ead3d91982d398be4790bef7009e9aeee81b07dfe27a4377bfc114829f5eb0a,bancos,clasico,2013-06-30,unica,GRAFICOS,95,68,27
BOLB 062013.xls,4ead3d91982d398be4790bef7009e9aeee81b07dfe27a4377bfc114829f5eb0a,bancos,clasico,2013-06-30,unica,TORTAS1,66,40,26
BOLB 062013.xls,4ead3d91982d398be4790bef7009e9aeee81b07dfe27a4377bfc114829f5eb0a,bancos,clasico,2013-06-30,unica,PAG12,430,346,84
BOLB 062013.xls,4ead3d91982d398be4790bef7009e9aeee81b07dfe27a4377bfc114829f5eb0a,bancos,clasico,2013-06-30,unica,PAG13,257,192,65
BOLB 062013.xls,4ead3d91982d398be4790bef7009e9aeee81b07dfe27a4377bfc114829f5eb0a,bancos,clasico,2013-06-30,unica,PAG14,470,371,99
BOLB 062013.xls,4ead3d91982d398be4790bef7009e9aeee81b07dfe27a4377bfc114829f5eb0a,bancos,clasico,2013-06-30,unica,PAG14 (2),233,172,61
BOLB 062013.xls,4ead3d91982d398be4790bef7009e9aeee81b07dfe27a4377bfc114829f5eb0a,bancos,clasico,2013-06-30,unica,DEPOSITOS,197,116,81
BOLB 062013.xls,4ead3d91982d398be4790bef7009e9aeee81b07dfe27a4377bfc114829f5eb0a,bancos,clasico,2013-06-30,unica,EVOL DEP,421,360,61
BOLB 062013.xls,4ead3d91982d398be4790bef7009e9aeee81b07dfe27a4377bfc114829f5eb0a,bancos,clasico,2013-06-30,unica,Dep. Gráficos,36,28,8
BOLB 062013.xls,4ead3d91982d398be4790bef7009e9aeee81b07dfe27a4377bfc114829f5eb0a,bancos,clasico,2013-06-30,unica,Dep. Gráficos 2,83,53,30
BOLB 062013.xls,4ead3d91982d398be4790bef7009e9aeee81b07dfe27a4377bfc114829f5eb0a,bancos,clasico,2013-06-30,unica,PAG15,434,346,88
BOLB 062013.xls,4ead3d91982d398be4790bef7009e9aeee81b07dfe27a4377bfc114829f5eb0a,bancos,clasico,2013-06-30,unica,PAG16,227,171,56
BOLB 062013.xls,4ead3d91982d398be4790bef7009e9aeee81b07dfe27a4377bfc114829f5eb0a,bancos,clasico,2013-06-30,unica,PAG17,255,192,63
BOLB 062013.xls,4ead3d91982d398be4790bef7009e9aeee81b07dfe27a4377bfc114829f5eb0a,bancos,clasico,2013-06-30,unica,PAG17 (2),549,500,49
BOLB 062013.xls,4ead3d91982d398be4790bef7009e9aeee81b07dfe27a4377bfc114829f5eb0a,bancos,clasico,2013-06-30,unica,PAG18,308,236,72
BOLB 062013.xls,4ead3d91982d398be4790bef7009e9aeee81b07dfe27a4377bfc114829f5eb0a,bancos,clasico,2013-06-30,unica,PAG19,882,684,198
BOLB 062013.xls,4ead3d91982d398be4790bef7009e9aeee81b07dfe27a4377bfc114829f5eb0a,bancos,clasico,2013-06-30,unica,MOROSIDAD,354,272,82
BOLB 062013.xls,4ead3d91982d398be4790bef7009e9aeee81b07dfe27a4377bfc114829f5eb0a,bancos,clasico,2013-06-30,unica,MOROSIDAD MN,245,188,57
BOLB 062013.xls,4ead3d91982d398be4790bef7009e9aeee81b07dfe27a4377bfc114829f5eb0a,bancos,clasico,2013-06-30,unica,MOROSIDAD ME,247,190,57
BOLB 062013.xls,4ead3d91982d398be4790bef7009e9aeee81b07dfe27a4377bfc114829f5eb0a,bancos,clasico,2013-06-30,unica,EVOL CRÉD,410,349,61
BOLB 062013.xls,4ead3d91982d398be4790bef7009e9aeee81b07dfe27a4377bfc114829f5eb0a,bancos,clasico,2013-06-30,unica,EVOL CRÉD Vigen,410,349,61
BOLB 062013.xls,4ead3d91982d398be4790bef7009e9aeee81b07dfe27a4377bfc114829f5eb0a,bancos,clasico,2013-06-30,unica,EVOL CRÉD Venc,410,349,61
BOLB 062013.xls,4ead3d91982d398be4790bef7009e9aeee81b07dfe27a4377bfc114829f5eb0a,bancos,clasico,2013-06-30,unica,EVOL MORO,409,349,60
BOLB 062013.xls,4ead3d91982d398be4790bef7009e9aeee81b07dfe27a4377bfc114829f5eb0a,bancos,clasico,2013-06-30,unica,Evol Tarj de Credito,374,321,53
BOLB 062013.xls,4ead3d91982d398be4790bef7009e9aeee81b07dfe27a4377bfc114829f5eb0a,bancos,clasico,2013-06-30,unica,Evol Tarj de Crédito,374,321,53
BOLB 062013.xls,4ead3d91982d398be4790bef7009e9aeee81b07dfe27a4377bfc114829f5eb0a,bancos,clasico,2013-06-30,unica,Gráfico Tarjetas ,28,26,2
BOLB 062013.xls,4ead3d91982d398be4790bef7009e9aeee81b07dfe27a4377bfc114829f5eb0a,bancos,clasico,2013-06-30,unica,CART-CLASIS,418,374,44
BOLB 062013.xls,4ead3d91982d398be4790bef7009e9aeee81b07dfe27a4377bfc114829f5eb0a,bancos,clasico,2013-06-30,unica,CART-CLASIS Part,415,377,38
BOLB 062013.xls,4ead3d91982d398be4790bef7009e9aeee81b07dfe27a4377bfc114829f5eb0a,bancos,clasico,2013-06-30,unica,CART-ACTIV,498,444,54
BOLB 062013.xls,4ead3d91982d398be4790bef7009e9aeee81b07dfe27a4377bfc114829f5eb0a,bancos,clasico,2013-06-30,unica,CART-ACTIV Part,504,456,48
BOLB 062013.xls,4ead3d91982d398be4790bef7009e9aeee81b07dfe27a4377bfc114829f5eb0a,bancos,clasico,2013-06-30,unica,EVOL ACTIV TRIGO,377,341,36
BOLB 062013.xls,4ead3d91982d398be4790bef7009e9aeee81b07dfe27a4377bfc114829f5eb0a,bancos,clasico,2013-06-30,unica,EVOL ACTIV ALGODÓN,439,376,63
BOLB 062013.xls,4ead3d91982d398be4790bef7009e9aeee81b07dfe27a4377bfc114829f5eb0a,bancos,clasico,2013-06-30,unica,EVOL ACTIV SOJA,439,376,63
BOLB 062013.xls,4ead3d91982d398be4790bef7009e9aeee81b07dfe27a4377bfc114829f5eb0a,bancos,clasico,2013-06-30,unica,EVOL ACTIV CONSTRUCCIONES,439,376,63
BOLB 062013.xls,4ead3d91982d398be4790bef7009e9aeee81b07dfe27a4377bfc114829f5eb0a,bancos,clasico,2013-06-30,unica,EVOL ACTIV VIVIENDA,377,341,36
BOLB 062013.xls,4ead3d91982d398be4790bef7009e9aeee81b07dfe27a4377bfc114829f5eb0a,bancos,clasico,2013-06-30,unica,Gráficos Evol Activ,15,13,2
BOLB 062013.xls,4ead3d91982d398be4790bef7009e9aeee81b07dfe27a4377bfc114829f5eb0a,bancos,clasico,2013-06-30,unica,Calificadoras Bancos,93,16,77
BOLB 062013.xls,4ead3d91982d398be4790bef7009e9aeee81b07dfe27a4377bfc114829f5eb0a,bancos,clasico,2013-06-30,unica,Auditores Externos,60,16,44
BOLB 072013.xls,5895e8cf3bb813126ac173e3f8b129ddfd18edb509c06a24ad5e54d25989d979,bancos,clasico,2013-07-31,unica,INDICE,44,0,44
BOLB 072013.xls,5895e8cf3bb813126ac173e3f8b129ddfd18edb509c06a24ad5e54d25989d979,bancos,clasico,2013-07-31,unica,SUC - BAN,145,104,41
BOLB 072013.xls,5895e8cf3bb813126ac173e3f8b129ddfd18edb509c06a24ad5e54d25989d979,bancos,clasico,2013-07-31,unica,PAG10,307,256,51
BOLB 072013.xls,5895e8cf3bb813126ac173e3f8b129ddfd18edb509c06a24ad5e54d25989d979,bancos,clasico,2013-07-31,unica,GRAFICOS,95,68,27
BOLB 072013.xls,5895e8cf3bb813126ac173e3f8b129ddfd18edb509c06a24ad5e54d25989d979,bancos,clasico,2013-07-31,unica,TORTAS1,66,40,26
BOLB 072013.xls,5895e8cf3bb813126ac173e3f8b129ddfd18edb509c06a24ad5e54d25989d979,bancos,clasico,2013-07-31,unica,PAG12,430,346,84
BOLB 072013.xls,5895e8cf3bb813126ac173e3f8b129ddfd18edb509c06a24ad5e54d25989d979,bancos,clasico,2013-07-31,unica,PAG13,257,192,65
BOLB 072013.xls,5895e8cf3bb813126ac173e3f8b129ddfd18edb509c06a24ad5e54d25989d979,bancos,clasico,2013-07-31,unica,PAG14,469,370,99
BOLB 072013.xls,5895e8cf3bb813126ac173e3f8b129ddfd18edb509c06a24ad5e54d25989d979,bancos,clasico,2013-07-31,unica,PAG14 (2),233,172,61
BOLB 072013.xls,5895e8cf3bb813126ac173e3f8b129ddfd18edb509c06a24ad5e54d25989d979,bancos,clasico,2013-07-31,unica,DEPOSITOS,197,116,81
BOLB 072013.xls,5895e8cf3bb813126ac173e3f8b129ddfd18edb509c06a24ad5e54d25989d979,bancos,clasico,2013-07-31,unica,EVOL DEP,422,361,61
BOLB 072013.xls,5895e8cf3bb813126ac173e3f8b129ddfd18edb509c06a24ad5e54d25989d979,bancos,clasico,2013-07-31,unica,Dep. Gráficos,36,28,8
BOLB 072013.xls,5895e8cf3bb813126ac173e3f8b129ddfd18edb509c06a24ad5e54d25989d979,bancos,clasico,2013-07-31,unica,Dep. Gráficos 2,82,57,25
BOLB 072013.xls,5895e8cf3bb813126ac173e3f8b129ddfd18edb509c06a24ad5e54d25989d979,bancos,clasico,2013-07-31,unica,PAG15,434,346,88
BOLB 072013.xls,5895e8cf3bb813126ac173e3f8b129ddfd18edb509c06a24ad5e54d25989d979,bancos,clasico,2013-07-31,unica,PAG16,227,171,56
BOLB 072013.xls,5895e8cf3bb813126ac173e3f8b129ddfd18edb509c06a24ad5e54d25989d979,bancos,clasico,2013-07-31,unica,PAG17,255,192,63
BOLB 072013.xls,5895e8cf3bb813126ac173e3f8b129ddfd18edb509c06a24ad5e54d25989d979,bancos,clasico,2013-07-31,unica,PAG17 (2),549,500,49
BOLB 072013.xls,5895e8cf3bb813126ac173e3f8b129ddfd18edb509c06a24ad5e54d25989d979,bancos,clasico,2013-07-31,unica,PAG18,308,236,72
BOLB 072013.xls,5895e8cf3bb813126ac173e3f8b129ddfd18edb509c06a24ad5e54d25989d979,bancos,clasico,2013-07-31,unica,PAG19,882,684,198
BOLB 072013.xls,5895e8cf3bb813126ac173e3f8b129ddfd18edb509c06a24ad5e54d25989d979,bancos,clasico,2013-07-31,unica,MOROSIDAD,354,272,82
BOLB 072013.xls,5895e8cf3bb813126ac173e3f8b129ddfd18edb509c06a24ad5e54d25989d979,bancos,clasico,2013-07-31,unica,MOROSIDAD MN,285,222,63
BOLB 072013.xls,5895e8cf3bb813126ac173e3f8b129ddfd18edb509c06a24ad5e54d25989d979,bancos,clasico,2013-07-31,unica,MOROSIDAD ME,285,222,63
BOLB 072013.xls,5895e8cf3bb813126ac173e3f8b129ddfd18edb509c06a24ad5e54d25989d979,bancos,clasico,2013-07-31,unica,EVOL CRÉD,410,349,61
BOLB 072013.xls,5895e8cf3bb813126ac173e3f8b129ddfd18edb509c06a24ad5e54d25989d979,bancos,clasico,2013-07-31,unica,EVOL CRÉD Vigen,410,349,61
BOLB 072013.xls,5895e8cf3bb813126ac173e3f8b129ddfd18edb509c06a24ad5e54d25989d979,bancos,clasico,2013-07-31,unica,EVOL CRÉD Venc,410,349,61
BOLB 072013.xls,5895e8cf3bb813126ac173e3f8b129ddfd18edb509c06a24ad5e54d25989d979,bancos,clasico,2013-07-31,unica,EVOL MORO,409,349,60
BOLB 072013.xls,5895e8cf3bb813126ac173e3f8b129ddfd18edb509c06a24ad5e54d25989d979,bancos,clasico,2013-07-31,unica,Evol Tarj de Credito,374,317,57
BOLB 072013.xls,5895e8cf3bb813126ac173e3f8b129ddfd18edb509c06a24ad5e54d25989d979,bancos,clasico,2013-07-31,unica,Evol Tarj de Crédito,374,317,57
BOLB 072013.xls,5895e8cf3bb813126ac173e3f8b129ddfd18edb509c06a24ad5e54d25989d979,bancos,clasico,2013-07-31,unica,Gráfico Tarjetas ,28,26,2
BOLB 072013.xls,5895e8cf3bb813126ac173e3f8b129ddfd18edb509c06a24ad5e54d25989d979,bancos,clasico,2013-07-31,unica,CART-CLASIS,418,374,44
BOLB 072013.xls,5895e8cf3bb813126ac173e3f8b129ddfd18edb509c06a24ad5e54d25989d979,bancos,clasico,2013-07-31,unica,CART-CLASIS Part,414,377,37
BOLB 072013.xls,5895e8cf3bb813126ac173e3f8b129ddfd18edb509c06a24ad5e54d25989d979,bancos,clasico,2013-07-31,unica,CART-ACTIV,498,444,54
BOLB 072013.xls,5895e8cf3bb813126ac173e3f8b129ddfd18edb509c06a24ad5e54d25989d979,bancos,clasico,2013-07-31,unica,CART-ACTIV Part,504,456,48
BOLB 072013.xls,5895e8cf3bb813126ac173e3f8b129ddfd18edb509c06a24ad5e54d25989d979,bancos,clasico,2013-07-31,unica,EVOL ACTIV TRIGO,377,341,36
BOLB 072013.xls,5895e8cf3bb813126ac173e3f8b129ddfd18edb509c06a24ad5e54d25989d979,bancos,clasico,2013-07-31,unica,EVOL ACTIV ALGODÓN,439,376,63
BOLB 072013.xls,5895e8cf3bb813126ac173e3f8b129ddfd18edb509c06a24ad5e54d25989d979,bancos,clasico,2013-07-31,unica,EVOL ACTIV SOJA,439,376,63
BOLB 072013.xls,5895e8cf3bb813126ac173e3f8b129ddfd18edb509c06a24ad5e54d25989d979,bancos,clasico,2013-07-31,unica,EVOL ACTIV CONSTRUCCIONES,439,376,63
BOLB 072013.xls,5895e8cf3bb813126ac173e3f8b129ddfd18edb509c06a24ad5e54d25989d979,bancos,clasico,2013-07-31,unica,EVOL ACTIV VIVIENDA,377,341,36
BOLB 072013.xls,5895e8cf3bb813126ac173e3f8b129ddfd18edb509c06a24ad5e54d25989d979,bancos,clasico,2013-07-31,unica,Gráficos Evol Activ,15,13,2
BOLB 072013.xls,5895e8cf3bb813126ac173e3f8b129ddfd18edb509c06a24ad5e54d25989d979,bancos,clasico,2013-07-31,unica,Calificadoras Bancos,93,16,77
BOLB 072013.xls,5895e8cf3bb813126ac173e3f8b129ddfd18edb509c06a24ad5e54d25989d979,bancos,clasico,2013-07-31,unica,Auditores Externos,60,16,44
BOLB 082013.xls,be90493cdb9f69a77528c371cba664bf3a304f4362dfa45aa86932ee4b9fd50d,bancos,clasico,2013-08-31,unica,Carátula,5,1,4
BOLB 082013.xls,be90493cdb9f69a77528c371cba664bf3a304f4362dfa45aa86932ee4b9fd50d,bancos,clasico,2013-08-31,unica,INDICE,81,40,41
BOLB 082013.xls,be90493cdb9f69a77528c371cba664bf3a304f4362dfa45aa86932ee4b9fd50d,bancos,clasico,2013-08-31,unica,1,142,104,38
BOLB 082013.xls,be90493cdb9f69a77528c371cba664bf3a304f4362dfa45aa86932ee4b9fd50d,bancos,clasico,2013-08-31,unica,2,304,256,48
BOLB 082013.xls,be90493cdb9f69a77528c371cba664bf3a304f4362dfa45aa86932ee4b9fd50d,bancos,clasico,2013-08-31,unica,3,92,68,24
BOLB 082013.xls,be90493cdb9f69a77528c371cba664bf3a304f4362dfa45aa86932ee4b9fd50d,bancos,clasico,2013-08-31,unica,4,63,40,23
BOLB 082013.xls,be90493cdb9f69a77528c371cba664bf3a304f4362dfa45aa86932ee4b9fd50d,bancos,clasico,2013-08-31,unica,5,427,346,81
BOLB 082013.xls,be90493cdb9f69a77528c371cba664bf3a304f4362dfa45aa86932ee4b9fd50d,bancos,clasico,2013-08-31,unica,6,254,192,62
BOLB 082013.xls,be90493cdb9f69a77528c371cba664bf3a304f4362dfa45aa86932ee4b9fd50d,bancos,clasico,2013-08-31,unica,7,467,371,96
BOLB 082013.xls,be90493cdb9f69a77528c371cba664bf3a304f4362dfa45aa86932ee4b9fd50d,bancos,clasico,2013-08-31,unica,8,230,172,58
BOLB 082013.xls,be90493cdb9f69a77528c371cba664bf3a304f4362dfa45aa86932ee4b9fd50d,bancos,clasico,2013-08-31,unica,9,194,116,78
BOLB 082013.xls,be90493cdb9f69a77528c371cba664bf3a304f4362dfa45aa86932ee4b9fd50d,bancos,clasico,2013-08-31,unica,10,418,360,58
BOLB 082013.xls,be90493cdb9f69a77528c371cba664bf3a304f4362dfa45aa86932ee4b9fd50d,bancos,clasico,2013-08-31,unica,11,36,28,8
BOLB 082013.xls,be90493cdb9f69a77528c371cba664bf3a304f4362dfa45aa86932ee4b9fd50d,bancos,clasico,2013-08-31,unica,12,80,57,23
BOLB 082013.xls,be90493cdb9f69a77528c371cba664bf3a304f4362dfa45aa86932ee4b9fd50d,bancos,clasico,2013-08-31,unica,13,431,346,85
BOLB 082013.xls,be90493cdb9f69a77528c371cba664bf3a304f4362dfa45aa86932ee4b9fd50d,bancos,clasico,2013-08-31,unica,14,224,171,53
BOLB 082013.xls,be90493cdb9f69a77528c371cba664bf3a304f4362dfa45aa86932ee4b9fd50d,bancos,clasico,2013-08-31,unica,15,252,192,60
BOLB 082013.xls,be90493cdb9f69a77528c371cba664bf3a304f4362dfa45aa86932ee4b9fd50d,bancos,clasico,2013-08-31,unica,16,546,500,46
BOLB 082013.xls,be90493cdb9f69a77528c371cba664bf3a304f4362dfa45aa86932ee4b9fd50d,bancos,clasico,2013-08-31,unica,17,305,236,69
BOLB 082013.xls,be90493cdb9f69a77528c371cba664bf3a304f4362dfa45aa86932ee4b9fd50d,bancos,clasico,2013-08-31,unica,18,870,684,186
BOLB 082013.xls,be90493cdb9f69a77528c371cba664bf3a304f4362dfa45aa86932ee4b9fd50d,bancos,clasico,2013-08-31,unica,19,351,272,79
BOLB 082013.xls,be90493cdb9f69a77528c371cba664bf3a304f4362dfa45aa86932ee4b9fd50d,bancos,clasico,2013-08-31,unica,20,242,188,54
BOLB 082013.xls,be90493cdb9f69a77528c371cba664bf3a304f4362dfa45aa86932ee4b9fd50d,bancos,clasico,2013-08-31,unica,21,244,190,54
BOLB 082013.xls,be90493cdb9f69a77528c371cba664bf3a304f4362dfa45aa86932ee4b9fd50d,bancos,clasico,2013-08-31,unica,22,407,349,58
BOLB 082013.xls,be90493cdb9f69a77528c371cba664bf3a304f4362dfa45aa86932ee4b9fd50d,bancos,clasico,2013-08-31,unica,23,407,349,58
BOLB 082013.xls,be90493cdb9f69a77528c371cba664bf3a304f4362dfa45aa86932ee4b9fd50d,bancos,clasico,2013-08-31,unica,24,407,349,58
BOLB 082013.xls,be90493cdb9f69a77528c371cba664bf3a304f4362dfa45aa86932ee4b9fd50d,bancos,clasico,2013-08-31,unica,25,406,349,57
BOLB 082013.xls,be90493cdb9f69a77528c371cba664bf3a304f4362dfa45aa86932ee4b9fd50d,bancos,clasico,2013-08-31,unica,26,371,313,58
BOLB 082013.xls,be90493cdb9f69a77528c371cba664bf3a304f4362dfa45aa86932ee4b9fd50d,bancos,clasico,2013-08-31,unica,27,371,313,58
BOLB 082013.xls,be90493cdb9f69a77528c371cba664bf3a304f4362dfa45aa86932ee4b9fd50d,bancos,clasico,2013-08-31,unica,28,28,26,2
BOLB 082013.xls,be90493cdb9f69a77528c371cba664bf3a304f4362dfa45aa86932ee4b9fd50d,bancos,clasico,2013-08-31,unica,29,415,374,41
BOLB 082013.xls,be90493cdb9f69a77528c371cba664bf3a304f4362dfa45aa86932ee4b9fd50d,bancos,clasico,2013-08-31,unica,30,412,377,35
BOLB 082013.xls,be90493cdb9f69a77528c371cba664bf3a304f4362dfa45aa86932ee4b9fd50d,bancos,clasico,2013-08-31,unica,31,517,466,51
BOLB 082013.xls,be90493cdb9f69a77528c371cba664bf3a304f4362dfa45aa86932ee4b9fd50d,bancos,clasico,2013-08-31,unica,32,501,456,45
BOLB 082013.xls,be90493cdb9f69a77528c371cba664bf3a304f4362dfa45aa86932ee4b9fd50d,bancos,clasico,2013-08-31,unica,33,374,341,33
BOLB 082013.xls,be90493cdb9f69a77528c371cba664bf3a304f4362dfa45aa86932ee4b9fd50d,bancos,clasico,2013-08-31,unica,34,436,376,60
BOLB 082013.xls,be90493cdb9f69a77528c371cba664bf3a304f4362dfa45aa86932ee4b9fd50d,bancos,clasico,2013-08-31,unica,35,436,376,60
BOLB 082013.xls,be90493cdb9f69a77528c371cba664bf3a304f4362dfa45aa86932ee4b9fd50d,bancos,clasico,2013-08-31,unica,36,436,376,60
BOLB 082013.xls,be90493cdb9f69a77528c371cba664bf3a304f4362dfa45aa86932ee4b9fd50d,bancos,clasico,2013-08-31,unica,37,374,341,33
BOLB 082013.xls,be90493cdb9f69a77528c371cba664bf3a304f4362dfa45aa86932ee4b9fd50d,bancos,clasico,2013-08-31,unica,38,15,13,2
BOLB 082013.xls,be90493cdb9f69a77528c371cba664bf3a304f4362dfa45aa86932ee4b9fd50d,bancos,clasico,2013-08-31,unica,39,90,16,74
BOLB 082013.xls,be90493cdb9f69a77528c371cba664bf3a304f4362dfa45aa86932ee4b9fd50d,bancos,clasico,2013-08-31,unica,40,57,16,41
1_BOLB_09_2013_quereemplaza.xls,e729c4b03dce60e1cf6d30eb3133d0769ee2ea7d6261edbcbbec945b1b40fea5,bancos,clasico,2013-09-30,version_clasico,Carátula,6,0,6
1_BOLB_09_2013_quereemplaza.xls,e729c4b03dce60e1cf6d30eb3133d0769ee2ea7d6261edbcbbec945b1b40fea5,bancos,clasico,2013-09-30,version_clasico,INDICE,81,40,41
1_BOLB_09_2013_quereemplaza.xls,e729c4b03dce60e1cf6d30eb3133d0769ee2ea7d6261edbcbbec945b1b40fea5,bancos,clasico,2013-09-30,version_clasico,1,143,104,39
1_BOLB_09_2013_quereemplaza.xls,e729c4b03dce60e1cf6d30eb3133d0769ee2ea7d6261edbcbbec945b1b40fea5,bancos,clasico,2013-09-30,version_clasico,2,305,256,49
1_BOLB_09_2013_quereemplaza.xls,e729c4b03dce60e1cf6d30eb3133d0769ee2ea7d6261edbcbbec945b1b40fea5,bancos,clasico,2013-09-30,version_clasico,3,92,68,24
1_BOLB_09_2013_quereemplaza.xls,e729c4b03dce60e1cf6d30eb3133d0769ee2ea7d6261edbcbbec945b1b40fea5,bancos,clasico,2013-09-30,version_clasico,4,65,40,25
1_BOLB_09_2013_quereemplaza.xls,e729c4b03dce60e1cf6d30eb3133d0769ee2ea7d6261edbcbbec945b1b40fea5,bancos,clasico,2013-09-30,version_clasico,5,428,346,82
1_BOLB_09_2013_quereemplaza.xls,e729c4b03dce60e1cf6d30eb3133d0769ee2ea7d6261edbcbbec945b1b40fea5,bancos,clasico,2013-09-30,version_clasico,6,255,192,63
1_BOLB_09_2013_quereemplaza.xls,e729c4b03dce60e1cf6d30eb3133d0769ee2ea7d6261edbcbbec945b1b40fea5,bancos,clasico,2013-09-30,version_clasico,7,434,346,88
1_BOLB_09_2013_quereemplaza.xls,e729c4b03dce60e1cf6d30eb3133d0769ee2ea7d6261edbcbbec945b1b40fea5,bancos,clasico,2013-09-30,version_clasico,8,228,170,58
1_BOLB_09_2013_quereemplaza.xls,e729c4b03dce60e1cf6d30eb3133d0769ee2ea7d6261edbcbbec945b1b40fea5,bancos,clasico,2013-09-30,version_clasico,9,195,116,79
1_BOLB_09_2013_quereemplaza.xls,e729c4b03dce60e1cf6d30eb3133d0769ee2ea7d6261edbcbbec945b1b40fea5,bancos,clasico,2013-09-30,version_clasico,10,363,330,33
1_BOLB_09_2013_quereemplaza.xls,e729c4b03dce60e1cf6d30eb3133d0769ee2ea7d6261edbcbbec945b1b40fea5,bancos,clasico,2013-09-30,version_clasico,11,37,28,9
1_BOLB_09_2013_quereemplaza.xls,e729c4b03dce60e1cf6d30eb3133d0769ee2ea7d6261edbcbbec945b1b40fea5,bancos,clasico,2013-09-30,version_clasico,12,46,30,16
1_BOLB_09_2013_quereemplaza.xls,e729c4b03dce60e1cf6d30eb3133d0769ee2ea7d6261edbcbbec945b1b40fea5,bancos,clasico,2013-09-30,version_clasico,13,432,346,86
1_BOLB_09_2013_quereemplaza.xls,e729c4b03dce60e1cf6d30eb3133d0769ee2ea7d6261edbcbbec945b1b40fea5,bancos,clasico,2013-09-30,version_clasico,14,225,171,54
1_BOLB_09_2013_quereemplaza.xls,e729c4b03dce60e1cf6d30eb3133d0769ee2ea7d6261edbcbbec945b1b40fea5,bancos,clasico,2013-09-30,version_clasico,15,253,192,61
1_BOLB_09_2013_quereemplaza.xls,e729c4b03dce60e1cf6d30eb3133d0769ee2ea7d6261edbcbbec945b1b40fea5,bancos,clasico,2013-09-30,version_clasico,16,305,258,47
1_BOLB_09_2013_quereemplaza.xls,e729c4b03dce60e1cf6d30eb3133d0769ee2ea7d6261edbcbbec945b1b40fea5,bancos,clasico,2013-09-30,version_clasico,17,306,236,70
1_BOLB_09_2013_quereemplaza.xls,e729c4b03dce60e1cf6d30eb3133d0769ee2ea7d6261edbcbbec945b1b40fea5,bancos,clasico,2013-09-30,version_clasico,18,871,684,187
1_BOLB_09_2013_quereemplaza.xls,e729c4b03dce60e1cf6d30eb3133d0769ee2ea7d6261edbcbbec945b1b40fea5,bancos,clasico,2013-09-30,version_clasico,19,334,254,80
1_BOLB_09_2013_quereemplaza.xls,e729c4b03dce60e1cf6d30eb3133d0769ee2ea7d6261edbcbbec945b1b40fea5,bancos,clasico,2013-09-30,version_clasico,20,225,170,55
1_BOLB_09_2013_quereemplaza.xls,e729c4b03dce60e1cf6d30eb3133d0769ee2ea7d6261edbcbbec945b1b40fea5,bancos,clasico,2013-09-30,version_clasico,21,225,170,55
1_BOLB_09_2013_quereemplaza.xls,e729c4b03dce60e1cf6d30eb3133d0769ee2ea7d6261edbcbbec945b1b40fea5,bancos,clasico,2013-09-30,version_clasico,22,360,327,33
1_BOLB_09_2013_quereemplaza.xls,e729c4b03dce60e1cf6d30eb3133d0769ee2ea7d6261edbcbbec945b1b40fea5,bancos,clasico,2013-09-30,version_clasico,23,360,327,33
1_BOLB_09_2013_quereemplaza.xls,e729c4b03dce60e1cf6d30eb3133d0769ee2ea7d6261edbcbbec945b1b40fea5,bancos,clasico,2013-09-30,version_clasico,24,360,327,33
1_BOLB_09_2013_quereemplaza.xls,e729c4b03dce60e1cf6d30eb3133d0769ee2ea7d6261edbcbbec945b1b40fea5,bancos,clasico,2013-09-30,version_clasico,25,359,327,32
1_BOLB_09_2013_quereemplaza.xls,e729c4b03dce60e1cf6d30eb3133d0769ee2ea7d6261edbcbbec945b1b40fea5,bancos,clasico,2013-09-30,version_clasico,26,372,309,63
1_BOLB_09_2013_quereemplaza.xls,e729c4b03dce60e1cf6d30eb3133d0769ee2ea7d6261edbcbbec945b1b40fea5,bancos,clasico,2013-09-30,version_clasico,27,372,309,63
1_BOLB_09_2013_quereemplaza.xls,e729c4b03dce60e1cf6d30eb3133d0769ee2ea7d6261edbcbbec945b1b40fea5,bancos,clasico,2013-09-30,version_clasico,28,29,26,3
1_BOLB_09_2013_quereemplaza.xls,e729c4b03dce60e1cf6d30eb3133d0769ee2ea7d6261edbcbbec945b1b40fea5,bancos,clasico,2013-09-30,version_clasico,29,262,220,42
1_BOLB_09_2013_quereemplaza.xls,e729c4b03dce60e1cf6d30eb3133d0769ee2ea7d6261edbcbbec945b1b40fea5,bancos,clasico,2013-09-30,version_clasico,30,256,220,36
1_BOLB_09_2013_quereemplaza.xls,e729c4b03dce60e1cf6d30eb3133d0769ee2ea7d6261edbcbbec945b1b40fea5,bancos,clasico,2013-09-30,version_clasico,31,298,246,52
1_BOLB_09_2013_quereemplaza.xls,e729c4b03dce60e1cf6d30eb3133d0769ee2ea7d6261edbcbbec945b1b40fea5,bancos,clasico,2013-09-30,version_clasico,32,282,236,46
1_BOLB_09_2013_quereemplaza.xls,e729c4b03dce60e1cf6d30eb3133d0769ee2ea7d6261edbcbbec945b1b40fea5,bancos,clasico,2013-09-30,version_clasico,33,349,315,34
1_BOLB_09_2013_quereemplaza.xls,e729c4b03dce60e1cf6d30eb3133d0769ee2ea7d6261edbcbbec945b1b40fea5,bancos,clasico,2013-09-30,version_clasico,34,349,315,34
1_BOLB_09_2013_quereemplaza.xls,e729c4b03dce60e1cf6d30eb3133d0769ee2ea7d6261edbcbbec945b1b40fea5,bancos,clasico,2013-09-30,version_clasico,35,349,315,34
1_BOLB_09_2013_quereemplaza.xls,e729c4b03dce60e1cf6d30eb3133d0769ee2ea7d6261edbcbbec945b1b40fea5,bancos,clasico,2013-09-30,version_clasico,36,349,315,34
1_BOLB_09_2013_quereemplaza.xls,e729c4b03dce60e1cf6d30eb3133d0769ee2ea7d6261edbcbbec945b1b40fea5,bancos,clasico,2013-09-30,version_clasico,37,375,341,34
1_BOLB_09_2013_quereemplaza.xls,e729c4b03dce60e1cf6d30eb3133d0769ee2ea7d6261edbcbbec945b1b40fea5,bancos,clasico,2013-09-30,version_clasico,38,6,0,6
1_BOLB_09_2013_quereemplaza.xls,e729c4b03dce60e1cf6d30eb3133d0769ee2ea7d6261edbcbbec945b1b40fea5,bancos,clasico,2013-09-30,version_clasico,39,91,16,75
1_BOLB_09_2013_quereemplaza.xls,e729c4b03dce60e1cf6d30eb3133d0769ee2ea7d6261edbcbbec945b1b40fea5,bancos,clasico,2013-09-30,version_clasico,40,58,16,42
1_BOLB_092013_N.xls,d5e2bb39a2e783d3dccb624b676c884df266b76411a5fca17bde14621349379f,bancos,nuevo,2013-09-30,version_nuevo,Carátula,6,0,6
1_BOLB_092013_N.xls,d5e2bb39a2e783d3dccb624b676c884df266b76411a5fca17bde14621349379f,bancos,nuevo,2013-09-30,version_nuevo,Índice,35,14,21
1_BOLB_092013_N.xls,d5e2bb39a2e783d3dccb624b676c884df266b76411a5fca17bde14621349379f,bancos,nuevo,2013-09-30,version_nuevo,1,4390,4206,184
1_BOLB_092013_N.xls,d5e2bb39a2e783d3dccb624b676c884df266b76411a5fca17bde14621349379f,bancos,nuevo,2013-09-30,version_nuevo,2,5044,4851,193
1_BOLB_092013_N.xls,d5e2bb39a2e783d3dccb624b676c884df266b76411a5fca17bde14621349379f,bancos,nuevo,2013-09-30,version_nuevo,3,822,726,96
1_BOLB_092013_N.xls,d5e2bb39a2e783d3dccb624b676c884df266b76411a5fca17bde14621349379f,bancos,nuevo,2013-09-30,version_nuevo,4,1098,930,168
1_BOLB_092013_N.xls,d5e2bb39a2e783d3dccb624b676c884df266b76411a5fca17bde14621349379f,bancos,nuevo,2013-09-30,version_nuevo,5,315,273,42
1_BOLB_092013_N.xls,d5e2bb39a2e783d3dccb624b676c884df266b76411a5fca17bde14621349379f,bancos,nuevo,2013-09-30,version_nuevo,6,315,273,42
1_BOLB_092013_N.xls,d5e2bb39a2e783d3dccb624b676c884df266b76411a5fca17bde14621349379f,bancos,nuevo,2013-09-30,version_nuevo,7,318,276,42
1_BOLB_092013_N.xls,d5e2bb39a2e783d3dccb624b676c884df266b76411a5fca17bde14621349379f,bancos,nuevo,2013-09-30,version_nuevo,8,317,245,72
1_BOLB_092013_N.xls,d5e2bb39a2e783d3dccb624b676c884df266b76411a5fca17bde14621349379f,bancos,nuevo,2013-09-30,version_nuevo,9,317,245,72
1_BOLB_092013_N.xls,d5e2bb39a2e783d3dccb624b676c884df266b76411a5fca17bde14621349379f,bancos,nuevo,2013-09-30,version_nuevo,10,317,273,44
1_BOLB_092013_N.xls,d5e2bb39a2e783d3dccb624b676c884df266b76411a5fca17bde14621349379f,bancos,nuevo,2013-09-30,version_nuevo,11,317,273,44
1_BOLB_092013_N.xls,d5e2bb39a2e783d3dccb624b676c884df266b76411a5fca17bde14621349379f,bancos,nuevo,2013-09-30,version_nuevo,12,317,273,44
1_BOLB_092013_N.xls,d5e2bb39a2e783d3dccb624b676c884df266b76411a5fca17bde14621349379f,bancos,nuevo,2013-09-30,version_nuevo,13,317,273,44
1_BOLB_092013_N.xls,d5e2bb39a2e783d3dccb624b676c884df266b76411a5fca17bde14621349379f,bancos,nuevo,2013-09-30,version_nuevo,14,317,273,44
1_BOLB_102013.xls,33c933c143d39f7b0e73bf615c56a8dccb225bc765a95280cb2a19d7c8d92a0c,bancos,clasico,2013-10-31,version_clasico,INDICE,81,40,41
1_BOLB_102013.xls,33c933c143d39f7b0e73bf615c56a8dccb225bc765a95280cb2a19d7c8d92a0c,bancos,clasico,2013-10-31,version_clasico,1,143,104,39
1_BOLB_102013.xls,33c933c143d39f7b0e73bf615c56a8dccb225bc765a95280cb2a19d7c8d92a0c,bancos,clasico,2013-10-31,version_clasico,2,305,256,49
1_BOLB_102013.xls,33c933c143d39f7b0e73bf615c56a8dccb225bc765a95280cb2a19d7c8d92a0c,bancos,clasico,2013-10-31,version_clasico,3,92,68,24
1_BOLB_102013.xls,33c933c143d39f7b0e73bf615c56a8dccb225bc765a95280cb2a19d7c8d92a0c,bancos,clasico,2013-10-31,version_clasico,4,65,40,25
1_BOLB_102013.xls,33c933c143d39f7b0e73bf615c56a8dccb225bc765a95280cb2a19d7c8d92a0c,bancos,clasico,2013-10-31,version_clasico,5,428,346,82
1_BOLB_102013.xls,33c933c143d39f7b0e73bf615c56a8dccb225bc765a95280cb2a19d7c8d92a0c,bancos,clasico,2013-10-31,version_clasico,6,271,192,79
1_BOLB_102013.xls,33c933c143d39f7b0e73bf615c56a8dccb225bc765a95280cb2a19d7c8d92a0c,bancos,clasico,2013-10-31,version_clasico,7,435,347,88
1_BOLB_102013.xls,33c933c143d39f7b0e73bf615c56a8dccb225bc765a95280cb2a19d7c8d92a0c,bancos,clasico,2013-10-31,version_clasico,8,228,170,58
1_BOLB_102013.xls,33c933c143d39f7b0e73bf615c56a8dccb225bc765a95280cb2a19d7c8d92a0c,bancos,clasico,2013-10-31,version_clasico,9,195,116,79
1_BOLB_102013.xls,33c933c143d39f7b0e73bf615c56a8dccb225bc765a95280cb2a19d7c8d92a0c,bancos,clasico,2013-10-31,version_clasico,10,405,347,58
1_BOLB_102013.xls,33c933c143d39f7b0e73bf615c56a8dccb225bc765a95280cb2a19d7c8d92a0c,bancos,clasico,2013-10-31,version_clasico,11,37,28,9
1_BOLB_102013.xls,33c933c143d39f7b0e73bf615c56a8dccb225bc765a95280cb2a19d7c8d92a0c,bancos,clasico,2013-10-31,version_clasico,12,81,57,24
1_BOLB_102013.xls,33c933c143d39f7b0e73bf615c56a8dccb225bc765a95280cb2a19d7c8d92a0c,bancos,clasico,2013-10-31,version_clasico,13,432,346,86
1_BOLB_102013.xls,33c933c143d39f7b0e73bf615c56a8dccb225bc765a95280cb2a19d7c8d92a0c,bancos,clasico,2013-10-31,version_clasico,14,241,171,70
1_BOLB_102013.xls,33c933c143d39f7b0e73bf615c56a8dccb225bc765a95280cb2a19d7c8d92a0c,bancos,clasico,2013-10-31,version_clasico,15,253,192,61
1_BOLB_102013.xls,33c933c143d39f7b0e73bf615c56a8dccb225bc765a95280cb2a19d7c8d92a0c,bancos,clasico,2013-10-31,version_clasico,16,547,500,47
1_BOLB_102013.xls,33c933c143d39f7b0e73bf615c56a8dccb225bc765a95280cb2a19d7c8d92a0c,bancos,clasico,2013-10-31,version_clasico,17,306,236,70
1_BOLB_102013.xls,33c933c143d39f7b0e73bf615c56a8dccb225bc765a95280cb2a19d7c8d92a0c,bancos,clasico,2013-10-31,version_clasico,18,783,596,187
1_BOLB_102013.xls,33c933c143d39f7b0e73bf615c56a8dccb225bc765a95280cb2a19d7c8d92a0c,bancos,clasico,2013-10-31,version_clasico,19,299,236,63
1_BOLB_102013.xls,33c933c143d39f7b0e73bf615c56a8dccb225bc765a95280cb2a19d7c8d92a0c,bancos,clasico,2013-10-31,version_clasico,20,225,170,55
1_BOLB_102013.xls,33c933c143d39f7b0e73bf615c56a8dccb225bc765a95280cb2a19d7c8d92a0c,bancos,clasico,2013-10-31,version_clasico,21,225,170,55
1_BOLB_102013.xls,33c933c143d39f7b0e73bf615c56a8dccb225bc765a95280cb2a19d7c8d92a0c,bancos,clasico,2013-10-31,version_clasico,22,392,335,57
1_BOLB_102013.xls,33c933c143d39f7b0e73bf615c56a8dccb225bc765a95280cb2a19d7c8d92a0c,bancos,clasico,2013-10-31,version_clasico,23,408,349,59
1_BOLB_102013.xls,33c933c143d39f7b0e73bf615c56a8dccb225bc765a95280cb2a19d7c8d92a0c,bancos,clasico,2013-10-31,version_clasico,24,408,349,59
1_BOLB_102013.xls,33c933c143d39f7b0e73bf615c56a8dccb225bc765a95280cb2a19d7c8d92a0c,bancos,clasico,2013-10-31,version_clasico,25,393,336,57
1_BOLB_102013.xls,33c933c143d39f7b0e73bf615c56a8dccb225bc765a95280cb2a19d7c8d92a0c,bancos,clasico,2013-10-31,version_clasico,26,357,291,66
1_BOLB_102013.xls,33c933c143d39f7b0e73bf615c56a8dccb225bc765a95280cb2a19d7c8d92a0c,bancos,clasico,2013-10-31,version_clasico,27,357,291,66
1_BOLB_102013.xls,33c933c143d39f7b0e73bf615c56a8dccb225bc765a95280cb2a19d7c8d92a0c,bancos,clasico,2013-10-31,version_clasico,28,29,26,3
1_BOLB_102013.xls,33c933c143d39f7b0e73bf615c56a8dccb225bc765a95280cb2a19d7c8d92a0c,bancos,clasico,2013-10-31,version_clasico,29,416,374,42
1_BOLB_102013.xls,33c933c143d39f7b0e73bf615c56a8dccb225bc765a95280cb2a19d7c8d92a0c,bancos,clasico,2013-10-31,version_clasico,30,413,377,36
1_BOLB_102013.xls,33c933c143d39f7b0e73bf615c56a8dccb225bc765a95280cb2a19d7c8d92a0c,bancos,clasico,2013-10-31,version_clasico,31,518,466,52
1_BOLB_102013.xls,33c933c143d39f7b0e73bf615c56a8dccb225bc765a95280cb2a19d7c8d92a0c,bancos,clasico,2013-10-31,version_clasico,32,282,236,46
1_BOLB_102013.xls,33c933c143d39f7b0e73bf615c56a8dccb225bc765a95280cb2a19d7c8d92a0c,bancos,clasico,2013-10-31,version_clasico,33,361,328,33
1_BOLB_102013.xls,33c933c143d39f7b0e73bf615c56a8dccb225bc765a95280cb2a19d7c8d92a0c,bancos,clasico,2013-10-31,version_clasico,34,423,363,60
1_BOLB_102013.xls,33c933c143d39f7b0e73bf615c56a8dccb225bc765a95280cb2a19d7c8d92a0c,bancos,clasico,2013-10-31,version_clasico,35,423,363,60
1_BOLB_102013.xls,33c933c143d39f7b0e73bf615c56a8dccb225bc765a95280cb2a19d7c8d92a0c,bancos,clasico,2013-10-31,version_clasico,36,423,363,60
1_BOLB_102013.xls,33c933c143d39f7b0e73bf615c56a8dccb225bc765a95280cb2a19d7c8d92a0c,bancos,clasico,2013-10-31,version_clasico,37,361,328,33
1_BOLB_102013.xls,33c933c143d39f7b0e73bf615c56a8dccb225bc765a95280cb2a19d7c8d92a0c,bancos,clasico,2013-10-31,version_clasico,38,16,13,3
1_BOLB_102013.xls,33c933c143d39f7b0e73bf615c56a8dccb225bc765a95280cb2a19d7c8d92a0c,bancos,clasico,2013-10-31,version_clasico,39,91,16,75
1_BOLB_102013.xls,33c933c143d39f7b0e73bf615c56a8dccb225bc765a95280cb2a19d7c8d92a0c,bancos,clasico,2013-10-31,version_clasico,40,58,16,42
Bancos_propuesto_1013.xls,9271cd84f12fba6a0a465d0d7a636d933cd5db7cdc0cbaa7ec317d81c1b74ba1,bancos,nuevo,2013-10-31,version_nuevo,Carátula,6,0,6
Bancos_propuesto_1013.xls,9271cd84f12fba6a0a465d0d7a636d933cd5db7cdc0cbaa7ec317d81c1b74ba1,bancos,nuevo,2013-10-31,version_nuevo,Índice,35,14,21
Bancos_propuesto_1013.xls,9271cd84f12fba6a0a465d0d7a636d933cd5db7cdc0cbaa7ec317d81c1b74ba1,bancos,nuevo,2013-10-31,version_nuevo,1,4429,4245,184
Bancos_propuesto_1013.xls,9271cd84f12fba6a0a465d0d7a636d933cd5db7cdc0cbaa7ec317d81c1b74ba1,bancos,nuevo,2013-10-31,version_nuevo,2,5044,4851,193
Bancos_propuesto_1013.xls,9271cd84f12fba6a0a465d0d7a636d933cd5db7cdc0cbaa7ec317d81c1b74ba1,bancos,nuevo,2013-10-31,version_nuevo,3,823,727,96
Bancos_propuesto_1013.xls,9271cd84f12fba6a0a465d0d7a636d933cd5db7cdc0cbaa7ec317d81c1b74ba1,bancos,nuevo,2013-10-31,version_nuevo,4,1098,930,168
Bancos_propuesto_1013.xls,9271cd84f12fba6a0a465d0d7a636d933cd5db7cdc0cbaa7ec317d81c1b74ba1,bancos,nuevo,2013-10-31,version_nuevo,5,315,273,42
Bancos_propuesto_1013.xls,9271cd84f12fba6a0a465d0d7a636d933cd5db7cdc0cbaa7ec317d81c1b74ba1,bancos,nuevo,2013-10-31,version_nuevo,6,315,273,42
Bancos_propuesto_1013.xls,9271cd84f12fba6a0a465d0d7a636d933cd5db7cdc0cbaa7ec317d81c1b74ba1,bancos,nuevo,2013-10-31,version_nuevo,7,319,277,42
Bancos_propuesto_1013.xls,9271cd84f12fba6a0a465d0d7a636d933cd5db7cdc0cbaa7ec317d81c1b74ba1,bancos,nuevo,2013-10-31,version_nuevo,8,317,241,76
Bancos_propuesto_1013.xls,9271cd84f12fba6a0a465d0d7a636d933cd5db7cdc0cbaa7ec317d81c1b74ba1,bancos,nuevo,2013-10-31,version_nuevo,9,317,241,76
Bancos_propuesto_1013.xls,9271cd84f12fba6a0a465d0d7a636d933cd5db7cdc0cbaa7ec317d81c1b74ba1,bancos,nuevo,2013-10-31,version_nuevo,10,317,273,44
Bancos_propuesto_1013.xls,9271cd84f12fba6a0a465d0d7a636d933cd5db7cdc0cbaa7ec317d81c1b74ba1,bancos,nuevo,2013-10-31,version_nuevo,11,317,273,44
Bancos_propuesto_1013.xls,9271cd84f12fba6a0a465d0d7a636d933cd5db7cdc0cbaa7ec317d81c1b74ba1,bancos,nuevo,2013-10-31,version_nuevo,12,317,273,44
Bancos_propuesto_1013.xls,9271cd84f12fba6a0a465d0d7a636d933cd5db7cdc0cbaa7ec317d81c1b74ba1,bancos,nuevo,2013-10-31,version_nuevo,13,317,273,44
Bancos_propuesto_1013.xls,9271cd84f12fba6a0a465d0d7a636d933cd5db7cdc0cbaa7ec317d81c1b74ba1,bancos,nuevo,2013-10-31,version_nuevo,14,317,273,44
1_BOLB_ 112013.xls,d1d55fc4c8392969cc812997c06575218fc5733f1ae573bc0af8d3f233ce3726,bancos,clasico,2013-11-30,version_clasico,Carátula,6,0,6
1_BOLB_ 112013.xls,d1d55fc4c8392969cc812997c06575218fc5733f1ae573bc0af8d3f233ce3726,bancos,clasico,2013-11-30,version_clasico,INDICE,81,40,41
1_BOLB_ 112013.xls,d1d55fc4c8392969cc812997c06575218fc5733f1ae573bc0af8d3f233ce3726,bancos,clasico,2013-11-30,version_clasico,1,143,104,39
1_BOLB_ 112013.xls,d1d55fc4c8392969cc812997c06575218fc5733f1ae573bc0af8d3f233ce3726,bancos,clasico,2013-11-30,version_clasico,2,305,256,49
1_BOLB_ 112013.xls,d1d55fc4c8392969cc812997c06575218fc5733f1ae573bc0af8d3f233ce3726,bancos,clasico,2013-11-30,version_clasico,3,92,68,24
1_BOLB_ 112013.xls,d1d55fc4c8392969cc812997c06575218fc5733f1ae573bc0af8d3f233ce3726,bancos,clasico,2013-11-30,version_clasico,4,66,40,26
1_BOLB_ 112013.xls,d1d55fc4c8392969cc812997c06575218fc5733f1ae573bc0af8d3f233ce3726,bancos,clasico,2013-11-30,version_clasico,5,428,346,82
1_BOLB_ 112013.xls,d1d55fc4c8392969cc812997c06575218fc5733f1ae573bc0af8d3f233ce3726,bancos,clasico,2013-11-30,version_clasico,6,271,192,79
1_BOLB_ 112013.xls,d1d55fc4c8392969cc812997c06575218fc5733f1ae573bc0af8d3f233ce3726,bancos,clasico,2013-11-30,version_clasico,7,433,345,88
1_BOLB_ 112013.xls,d1d55fc4c8392969cc812997c06575218fc5733f1ae573bc0af8d3f233ce3726,bancos,clasico,2013-11-30,version_clasico,8,228,170,58
1_BOLB_ 112013.xls,d1d55fc4c8392969cc812997c06575218fc5733f1ae573bc0af8d3f233ce3726,bancos,clasico,2013-11-30,version_clasico,9,195,116,79
1_BOLB_ 112013.xls,d1d55fc4c8392969cc812997c06575218fc5733f1ae573bc0af8d3f233ce3726,bancos,clasico,2013-11-30,version_clasico,10,409,351,58
1_BOLB_ 112013.xls,d1d55fc4c8392969cc812997c06575218fc5733f1ae573bc0af8d3f233ce3726,bancos,clasico,2013-11-30,version_clasico,11,37,28,9
1_BOLB_ 112013.xls,d1d55fc4c8392969cc812997c06575218fc5733f1ae573bc0af8d3f233ce3726,bancos,clasico,2013-11-30,version_clasico,12,80,57,23
1_BOLB_ 112013.xls,d1d55fc4c8392969cc812997c06575218fc5733f1ae573bc0af8d3f233ce3726,bancos,clasico,2013-11-30,version_clasico,13,432,346,86
1_BOLB_ 112013.xls,d1d55fc4c8392969cc812997c06575218fc5733f1ae573bc0af8d3f233ce3726,bancos,clasico,2013-11-30,version_clasico,14,241,171,70
1_BOLB_ 112013.xls,d1d55fc4c8392969cc812997c06575218fc5733f1ae573bc0af8d3f233ce3726,bancos,clasico,2013-11-30,version_clasico,15,253,192,61
1_BOLB_ 112013.xls,d1d55fc4c8392969cc812997c06575218fc5733f1ae573bc0af8d3f233ce3726,bancos,clasico,2013-11-30,version_clasico,16,547,500,47
1_BOLB_ 112013.xls,d1d55fc4c8392969cc812997c06575218fc5733f1ae573bc0af8d3f233ce3726,bancos,clasico,2013-11-30,version_clasico,17,306,236,70
1_BOLB_ 112013.xls,d1d55fc4c8392969cc812997c06575218fc5733f1ae573bc0af8d3f233ce3726,bancos,clasico,2013-11-30,version_clasico,18,871,687,184
1_BOLB_ 112013.xls,d1d55fc4c8392969cc812997c06575218fc5733f1ae573bc0af8d3f233ce3726,bancos,clasico,2013-11-30,version_clasico,19,334,254,80
1_BOLB_ 112013.xls,d1d55fc4c8392969cc812997c06575218fc5733f1ae573bc0af8d3f233ce3726,bancos,clasico,2013-11-30,version_clasico,20,225,170,55
1_BOLB_ 112013.xls,d1d55fc4c8392969cc812997c06575218fc5733f1ae573bc0af8d3f233ce3726,bancos,clasico,2013-11-30,version_clasico,21,225,170,55
1_BOLB_ 112013.xls,d1d55fc4c8392969cc812997c06575218fc5733f1ae573bc0af8d3f233ce3726,bancos,clasico,2013-11-30,version_clasico,22,346,314,32
1_BOLB_ 112013.xls,d1d55fc4c8392969cc812997c06575218fc5733f1ae573bc0af8d3f233ce3726,bancos,clasico,2013-11-30,version_clasico,23,360,327,33
1_BOLB_ 112013.xls,d1d55fc4c8392969cc812997c06575218fc5733f1ae573bc0af8d3f233ce3726,bancos,clasico,2013-11-30,version_clasico,24,360,327,33
1_BOLB_ 112013.xls,d1d55fc4c8392969cc812997c06575218fc5733f1ae573bc0af8d3f233ce3726,bancos,clasico,2013-11-30,version_clasico,25,345,314,31
1_BOLB_ 112013.xls,d1d55fc4c8392969cc812997c06575218fc5733f1ae573bc0af8d3f233ce3726,bancos,clasico,2013-11-30,version_clasico,26,334,265,69
1_BOLB_ 112013.xls,d1d55fc4c8392969cc812997c06575218fc5733f1ae573bc0af8d3f233ce3726,bancos,clasico,2013-11-30,version_clasico,27,334,265,69
1_BOLB_ 112013.xls,d1d55fc4c8392969cc812997c06575218fc5733f1ae573bc0af8d3f233ce3726,bancos,clasico,2013-11-30,version_clasico,28,29,26,3
1_BOLB_ 112013.xls,d1d55fc4c8392969cc812997c06575218fc5733f1ae573bc0af8d3f233ce3726,bancos,clasico,2013-11-30,version_clasico,29,416,374,42
1_BOLB_ 112013.xls,d1d55fc4c8392969cc812997c06575218fc5733f1ae573bc0af8d3f233ce3726,bancos,clasico,2013-11-30,version_clasico,30,413,377,36
1_BOLB_ 112013.xls,d1d55fc4c8392969cc812997c06575218fc5733f1ae573bc0af8d3f233ce3726,bancos,clasico,2013-11-30,version_clasico,31,518,466,52
1_BOLB_ 112013.xls,d1d55fc4c8392969cc812997c06575218fc5733f1ae573bc0af8d3f233ce3726,bancos,clasico,2013-11-30,version_clasico,32,502,456,46
1_BOLB_ 112013.xls,d1d55fc4c8392969cc812997c06575218fc5733f1ae573bc0af8d3f233ce3726,bancos,clasico,2013-11-30,version_clasico,33,361,328,33
1_BOLB_ 112013.xls,d1d55fc4c8392969cc812997c06575218fc5733f1ae573bc0af8d3f233ce3726,bancos,clasico,2013-11-30,version_clasico,34,423,363,60
1_BOLB_ 112013.xls,d1d55fc4c8392969cc812997c06575218fc5733f1ae573bc0af8d3f233ce3726,bancos,clasico,2013-11-30,version_clasico,35,423,363,60
1_BOLB_ 112013.xls,d1d55fc4c8392969cc812997c06575218fc5733f1ae573bc0af8d3f233ce3726,bancos,clasico,2013-11-30,version_clasico,36,423,363,60
1_BOLB_ 112013.xls,d1d55fc4c8392969cc812997c06575218fc5733f1ae573bc0af8d3f233ce3726,bancos,clasico,2013-11-30,version_clasico,37,361,328,33
1_BOLB_ 112013.xls,d1d55fc4c8392969cc812997c06575218fc5733f1ae573bc0af8d3f233ce3726,bancos,clasico,2013-11-30,version_clasico,38,16,13,3
1_BOLB_ 112013.xls,d1d55fc4c8392969cc812997c06575218fc5733f1ae573bc0af8d3f233ce3726,bancos,clasico,2013-11-30,version_clasico,39,92,16,76
1_BOLB_ 112013.xls,d1d55fc4c8392969cc812997c06575218fc5733f1ae573bc0af8d3f233ce3726,bancos,clasico,2013-11-30,version_clasico,40,58,16,42
Bancos_propuesto_1113.xls,f2e373ff0c5e5c54f679389b61063cb382a9112166dcf111cef8003d51cf29aa,bancos,nuevo,2013-11-30,version_nuevo,Carátula,6,0,6
Bancos_propuesto_1113.xls,f2e373ff0c5e5c54f679389b61063cb382a9112166dcf111cef8003d51cf29aa,bancos,nuevo,2013-11-30,version_nuevo,Índice,35,14,21
Bancos_propuesto_1113.xls,f2e373ff0c5e5c54f679389b61063cb382a9112166dcf111cef8003d51cf29aa,bancos,nuevo,2013-11-30,version_nuevo,1,4455,4269,186
Bancos_propuesto_1113.xls,f2e373ff0c5e5c54f679389b61063cb382a9112166dcf111cef8003d51cf29aa,bancos,nuevo,2013-11-30,version_nuevo,2,5044,4851,193
Bancos_propuesto_1113.xls,f2e373ff0c5e5c54f679389b61063cb382a9112166dcf111cef8003d51cf29aa,bancos,nuevo,2013-11-30,version_nuevo,3,823,727,96
Bancos_propuesto_1113.xls,f2e373ff0c5e5c54f679389b61063cb382a9112166dcf111cef8003d51cf29aa,bancos,nuevo,2013-11-30,version_nuevo,4,1098,930,168
Bancos_propuesto_1113.xls,f2e373ff0c5e5c54f679389b61063cb382a9112166dcf111cef8003d51cf29aa,bancos,nuevo,2013-11-30,version_nuevo,5,315,273,42
Bancos_propuesto_1113.xls,f2e373ff0c5e5c54f679389b61063cb382a9112166dcf111cef8003d51cf29aa,bancos,nuevo,2013-11-30,version_nuevo,6,315,273,42
Bancos_propuesto_1113.xls,f2e373ff0c5e5c54f679389b61063cb382a9112166dcf111cef8003d51cf29aa,bancos,nuevo,2013-11-30,version_nuevo,7,320,278,42
Bancos_propuesto_1113.xls,f2e373ff0c5e5c54f679389b61063cb382a9112166dcf111cef8003d51cf29aa,bancos,nuevo,2013-11-30,version_nuevo,8,317,237,80
Bancos_propuesto_1113.xls,f2e373ff0c5e5c54f679389b61063cb382a9112166dcf111cef8003d51cf29aa,bancos,nuevo,2013-11-30,version_nuevo,9,317,237,80
Bancos_propuesto_1113.xls,f2e373ff0c5e5c54f679389b61063cb382a9112166dcf111cef8003d51cf29aa,bancos,nuevo,2013-11-30,version_nuevo,10,317,273,44
Bancos_propuesto_1113.xls,f2e373ff0c5e5c54f679389b61063cb382a9112166dcf111cef8003d51cf29aa,bancos,nuevo,2013-11-30,version_nuevo,11,317,273,44
Bancos_propuesto_1113.xls,f2e373ff0c5e5c54f679389b61063cb382a9112166dcf111cef8003d51cf29aa,bancos,nuevo,2013-11-30,version_nuevo,12,317,273,44
Bancos_propuesto_1113.xls,f2e373ff0c5e5c54f679389b61063cb382a9112166dcf111cef8003d51cf29aa,bancos,nuevo,2013-11-30,version_nuevo,13,317,273,44
Bancos_propuesto_1113.xls,f2e373ff0c5e5c54f679389b61063cb382a9112166dcf111cef8003d51cf29aa,bancos,nuevo,2013-11-30,version_nuevo,14,317,273,44
BANCOS.xls,dd52a46bec11f23d2a684e94ab673340b90be4e0e24618da4d9396cc3abababc,bancos,clasico,2013-12-31,unica,Carátula,6,0,6
BANCOS.xls,dd52a46bec11f23d2a684e94ab673340b90be4e0e24618da4d9396cc3abababc,bancos,clasico,2013-12-31,unica,INDICE,81,40,41
BANCOS.xls,dd52a46bec11f23d2a684e94ab673340b90be4e0e24618da4d9396cc3abababc,bancos,clasico,2013-12-31,unica,1,143,104,39
BANCOS.xls,dd52a46bec11f23d2a684e94ab673340b90be4e0e24618da4d9396cc3abababc,bancos,clasico,2013-12-31,unica,2,305,256,49
BANCOS.xls,dd52a46bec11f23d2a684e94ab673340b90be4e0e24618da4d9396cc3abababc,bancos,clasico,2013-12-31,unica,3,92,68,24
BANCOS.xls,dd52a46bec11f23d2a684e94ab673340b90be4e0e24618da4d9396cc3abababc,bancos,clasico,2013-12-31,unica,4,65,40,25
BANCOS.xls,dd52a46bec11f23d2a684e94ab673340b90be4e0e24618da4d9396cc3abababc,bancos,clasico,2013-12-31,unica,5,428,346,82
BANCOS.xls,dd52a46bec11f23d2a684e94ab673340b90be4e0e24618da4d9396cc3abababc,bancos,clasico,2013-12-31,unica,6,255,192,63
BANCOS.xls,dd52a46bec11f23d2a684e94ab673340b90be4e0e24618da4d9396cc3abababc,bancos,clasico,2013-12-31,unica,7,434,346,88
BANCOS.xls,dd52a46bec11f23d2a684e94ab673340b90be4e0e24618da4d9396cc3abababc,bancos,clasico,2013-12-31,unica,8,228,170,58
BANCOS.xls,dd52a46bec11f23d2a684e94ab673340b90be4e0e24618da4d9396cc3abababc,bancos,clasico,2013-12-31,unica,9,195,116,79
BANCOS.xls,dd52a46bec11f23d2a684e94ab673340b90be4e0e24618da4d9396cc3abababc,bancos,clasico,2013-12-31,unica,10,352,320,32
BANCOS.xls,dd52a46bec11f23d2a684e94ab673340b90be4e0e24618da4d9396cc3abababc,bancos,clasico,2013-12-31,unica,11,37,28,9
BANCOS.xls,dd52a46bec11f23d2a684e94ab673340b90be4e0e24618da4d9396cc3abababc,bancos,clasico,2013-12-31,unica,12,46,30,16
BANCOS.xls,dd52a46bec11f23d2a684e94ab673340b90be4e0e24618da4d9396cc3abababc,bancos,clasico,2013-12-31,unica,13,432,346,86
BANCOS.xls,dd52a46bec11f23d2a684e94ab673340b90be4e0e24618da4d9396cc3abababc,bancos,clasico,2013-12-31,unica,14,225,171,54
BANCOS.xls,dd52a46bec11f23d2a684e94ab673340b90be4e0e24618da4d9396cc3abababc,bancos,clasico,2013-12-31,unica,15,253,192,61
BANCOS.xls,dd52a46bec11f23d2a684e94ab673340b90be4e0e24618da4d9396cc3abababc,bancos,clasico,2013-12-31,unica,16,305,258,47
BANCOS.xls,dd52a46bec11f23d2a684e94ab673340b90be4e0e24618da4d9396cc3abababc,bancos,clasico,2013-12-31,unica,17,306,236,70
BANCOS.xls,dd52a46bec11f23d2a684e94ab673340b90be4e0e24618da4d9396cc3abababc,bancos,clasico,2013-12-31,unica,18,783,596,187
BANCOS.xls,dd52a46bec11f23d2a684e94ab673340b90be4e0e24618da4d9396cc3abababc,bancos,clasico,2013-12-31,unica,19,299,236,63
BANCOS.xls,dd52a46bec11f23d2a684e94ab673340b90be4e0e24618da4d9396cc3abababc,bancos,clasico,2013-12-31,unica,20,225,170,55
BANCOS.xls,dd52a46bec11f23d2a684e94ab673340b90be4e0e24618da4d9396cc3abababc,bancos,clasico,2013-12-31,unica,21,225,170,55
BANCOS.xls,dd52a46bec11f23d2a684e94ab673340b90be4e0e24618da4d9396cc3abababc,bancos,clasico,2013-12-31,unica,22,346,314,32
BANCOS.xls,dd52a46bec11f23d2a684e94ab673340b90be4e0e24618da4d9396cc3abababc,bancos,clasico,2013-12-31,unica,23,360,327,33
BANCOS.xls,dd52a46bec11f23d2a684e94ab673340b90be4e0e24618da4d9396cc3abababc,bancos,clasico,2013-12-31,unica,24,360,327,33
BANCOS.xls,dd52a46bec11f23d2a684e94ab673340b90be4e0e24618da4d9396cc3abababc,bancos,clasico,2013-12-31,unica,25,366,314,52
BANCOS.xls,dd52a46bec11f23d2a684e94ab673340b90be4e0e24618da4d9396cc3abababc,bancos,clasico,2013-12-31,unica,26,357,283,74
BANCOS.xls,dd52a46bec11f23d2a684e94ab673340b90be4e0e24618da4d9396cc3abababc,bancos,clasico,2013-12-31,unica,27,357,283,74
BANCOS.xls,dd52a46bec11f23d2a684e94ab673340b90be4e0e24618da4d9396cc3abababc,bancos,clasico,2013-12-31,unica,28,29,26,3
BANCOS.xls,dd52a46bec11f23d2a684e94ab673340b90be4e0e24618da4d9396cc3abababc,bancos,clasico,2013-12-31,unica,29,262,220,42
BANCOS.xls,dd52a46bec11f23d2a684e94ab673340b90be4e0e24618da4d9396cc3abababc,bancos,clasico,2013-12-31,unica,30,413,377,36
BANCOS.xls,dd52a46bec11f23d2a684e94ab673340b90be4e0e24618da4d9396cc3abababc,bancos,clasico,2013-12-31,unica,31,518,466,52
BANCOS.xls,dd52a46bec11f23d2a684e94ab673340b90be4e0e24618da4d9396cc3abababc,bancos,clasico,2013-12-31,unica,32,502,456,46
BANCOS.xls,dd52a46bec11f23d2a684e94ab673340b90be4e0e24618da4d9396cc3abababc,bancos,clasico,2013-12-31,unica,33,363,330,33
BANCOS.xls,dd52a46bec11f23d2a684e94ab673340b90be4e0e24618da4d9396cc3abababc,bancos,clasico,2013-12-31,unica,34,363,330,33
BANCOS.xls,dd52a46bec11f23d2a684e94ab673340b90be4e0e24618da4d9396cc3abababc,bancos,clasico,2013-12-31,unica,35,363,330,33
BANCOS.xls,dd52a46bec11f23d2a684e94ab673340b90be4e0e24618da4d9396cc3abababc,bancos,clasico,2013-12-31,unica,36,363,330,33
BANCOS.xls,dd52a46bec11f23d2a684e94ab673340b90be4e0e24618da4d9396cc3abababc,bancos,clasico,2013-12-31,unica,37,363,330,33
BANCOS.xls,dd52a46bec11f23d2a684e94ab673340b90be4e0e24618da4d9396cc3abababc,bancos,clasico,2013-12-31,unica,38,16,13,3
BANCOS.xls,dd52a46bec11f23d2a684e94ab673340b90be4e0e24618da4d9396cc3abababc,bancos,clasico,2013-12-31,unica,39,91,16,75
BANCOS.xls,dd52a46bec11f23d2a684e94ab673340b90be4e0e24618da4d9396cc3abababc,bancos,clasico,2013-12-31,unica,40,58,16,42
1_BOLB_01_2014_03_03_16.xls,572dcdf33f549f4b14e78412ab6f2229c40e51db25648403137319f3c68e9bf6,bancos,nuevo,2014-01-31,unica,Carátula,6,0,6
1_BOLB_01_2014_03_03_16.xls,572dcdf33f549f4b14e78412ab6f2229c40e51db25648403137319f3c68e9bf6,bancos,nuevo,2014-01-31,unica,Índice,35,14,21
1_BOLB_01_2014_03_03_16.xls,572dcdf33f549f4b14e78412ab6f2229c40e51db25648403137319f3c68e9bf6,bancos,nuevo,2014-01-31,unica,1,4390,4206,184
1_BOLB_01_2014_03_03_16.xls,572dcdf33f549f4b14e78412ab6f2229c40e51db25648403137319f3c68e9bf6,bancos,nuevo,2014-01-31,unica,2,5044,4851,193
1_BOLB_01_2014_03_03_16.xls,572dcdf33f549f4b14e78412ab6f2229c40e51db25648403137319f3c68e9bf6,bancos,nuevo,2014-01-31,unica,3,823,727,96
1_BOLB_01_2014_03_03_16.xls,572dcdf33f549f4b14e78412ab6f2229c40e51db25648403137319f3c68e9bf6,bancos,nuevo,2014-01-31,unica,4,1162,994,168
1_BOLB_01_2014_03_03_16.xls,572dcdf33f549f4b14e78412ab6f2229c40e51db25648403137319f3c68e9bf6,bancos,nuevo,2014-01-31,unica,5,315,273,42
1_BOLB_01_2014_03_03_16.xls,572dcdf33f549f4b14e78412ab6f2229c40e51db25648403137319f3c68e9bf6,bancos,nuevo,2014-01-31,unica,6,315,273,42
1_BOLB_01_2014_03_03_16.xls,572dcdf33f549f4b14e78412ab6f2229c40e51db25648403137319f3c68e9bf6,bancos,nuevo,2014-01-31,unica,7,321,279,42
1_BOLB_01_2014_03_03_16.xls,572dcdf33f549f4b14e78412ab6f2229c40e51db25648403137319f3c68e9bf6,bancos,nuevo,2014-01-31,unica,8,317,229,88
1_BOLB_01_2014_03_03_16.xls,572dcdf33f549f4b14e78412ab6f2229c40e51db25648403137319f3c68e9bf6,bancos,nuevo,2014-01-31,unica,9,317,229,88
1_BOLB_01_2014_03_03_16.xls,572dcdf33f549f4b14e78412ab6f2229c40e51db25648403137319f3c68e9bf6,bancos,nuevo,2014-01-31,unica,10,317,273,44
1_BOLB_01_2014_03_03_16.xls,572dcdf33f549f4b14e78412ab6f2229c40e51db25648403137319f3c68e9bf6,bancos,nuevo,2014-01-31,unica,11,317,273,44
1_BOLB_01_2014_03_03_16.xls,572dcdf33f549f4b14e78412ab6f2229c40e51db25648403137319f3c68e9bf6,bancos,nuevo,2014-01-31,unica,12,317,273,44
1_BOLB_01_2014_03_03_16.xls,572dcdf33f549f4b14e78412ab6f2229c40e51db25648403137319f3c68e9bf6,bancos,nuevo,2014-01-31,unica,13,317,273,44
1_BOLB_01_2014_03_03_16.xls,572dcdf33f549f4b14e78412ab6f2229c40e51db25648403137319f3c68e9bf6,bancos,nuevo,2014-01-31,unica,14,317,273,44
1_BOLB_022014_set.xls,52d898d1addb2b89da96188c1ef3da37a835fb33da91de52a167aca101df2422,bancos,nuevo,2014-02-28,unica,Carátula,6,1,5
1_BOLB_022014_set.xls,52d898d1addb2b89da96188c1ef3da37a835fb33da91de52a167aca101df2422,bancos,nuevo,2014-02-28,unica,Índice,35,15,20
1_BOLB_022014_set.xls,52d898d1addb2b89da96188c1ef3da37a835fb33da91de52a167aca101df2422,bancos,nuevo,2014-02-28,unica,1,4390,4206,184
1_BOLB_022014_set.xls,52d898d1addb2b89da96188c1ef3da37a835fb33da91de52a167aca101df2422,bancos,nuevo,2014-02-28,unica,2,5044,4851,193
1_BOLB_022014_set.xls,52d898d1addb2b89da96188c1ef3da37a835fb33da91de52a167aca101df2422,bancos,nuevo,2014-02-28,unica,3,821,726,95
1_BOLB_022014_set.xls,52d898d1addb2b89da96188c1ef3da37a835fb33da91de52a167aca101df2422,bancos,nuevo,2014-02-28,unica,4,1162,991,171
1_BOLB_022014_set.xls,52d898d1addb2b89da96188c1ef3da37a835fb33da91de52a167aca101df2422,bancos,nuevo,2014-02-28,unica,5,315,273,42
1_BOLB_022014_set.xls,52d898d1addb2b89da96188c1ef3da37a835fb33da91de52a167aca101df2422,bancos,nuevo,2014-02-28,unica,6,315,273,42
1_BOLB_022014_set.xls,52d898d1addb2b89da96188c1ef3da37a835fb33da91de52a167aca101df2422,bancos,nuevo,2014-02-28,unica,7,321,279,42
1_BOLB_022014_set.xls,52d898d1addb2b89da96188c1ef3da37a835fb33da91de52a167aca101df2422,bancos,nuevo,2014-02-28,unica,8,317,229,88
1_BOLB_022014_set.xls,52d898d1addb2b89da96188c1ef3da37a835fb33da91de52a167aca101df2422,bancos,nuevo,2014-02-28,unica,9,317,229,88
1_BOLB_022014_set.xls,52d898d1addb2b89da96188c1ef3da37a835fb33da91de52a167aca101df2422,bancos,nuevo,2014-02-28,unica,10,317,273,44
1_BOLB_022014_set.xls,52d898d1addb2b89da96188c1ef3da37a835fb33da91de52a167aca101df2422,bancos,nuevo,2014-02-28,unica,11,317,273,44
1_BOLB_022014_set.xls,52d898d1addb2b89da96188c1ef3da37a835fb33da91de52a167aca101df2422,bancos,nuevo,2014-02-28,unica,12,317,273,44
1_BOLB_022014_set.xls,52d898d1addb2b89da96188c1ef3da37a835fb33da91de52a167aca101df2422,bancos,nuevo,2014-02-28,unica,13,317,273,44
1_BOLB_022014_set.xls,52d898d1addb2b89da96188c1ef3da37a835fb33da91de52a167aca101df2422,bancos,nuevo,2014-02-28,unica,14,317,273,44
1_BOLB_032014_set.xls,95160947ae23a14a059cad2c352bd1907636d91379c6b6710107fd2da12b8bcd,bancos,nuevo,2014-03-31,unica,Carátula,6,1,5
1_BOLB_032014_set.xls,95160947ae23a14a059cad2c352bd1907636d91379c6b6710107fd2da12b8bcd,bancos,nuevo,2014-03-31,unica,Índice,35,14,21
1_BOLB_032014_set.xls,95160947ae23a14a059cad2c352bd1907636d91379c6b6710107fd2da12b8bcd,bancos,nuevo,2014-03-31,unica,1,4390,4206,184
1_BOLB_032014_set.xls,95160947ae23a14a059cad2c352bd1907636d91379c6b6710107fd2da12b8bcd,bancos,nuevo,2014-03-31,unica,2,5044,4851,193
1_BOLB_032014_set.xls,95160947ae23a14a059cad2c352bd1907636d91379c6b6710107fd2da12b8bcd,bancos,nuevo,2014-03-31,unica,3,821,726,95
1_BOLB_032014_set.xls,95160947ae23a14a059cad2c352bd1907636d91379c6b6710107fd2da12b8bcd,bancos,nuevo,2014-03-31,unica,4,1167,996,171
1_BOLB_032014_set.xls,95160947ae23a14a059cad2c352bd1907636d91379c6b6710107fd2da12b8bcd,bancos,nuevo,2014-03-31,unica,5,315,273,42
1_BOLB_032014_set.xls,95160947ae23a14a059cad2c352bd1907636d91379c6b6710107fd2da12b8bcd,bancos,nuevo,2014-03-31,unica,6,315,273,42
1_BOLB_032014_set.xls,95160947ae23a14a059cad2c352bd1907636d91379c6b6710107fd2da12b8bcd,bancos,nuevo,2014-03-31,unica,7,321,279,42
1_BOLB_032014_set.xls,95160947ae23a14a059cad2c352bd1907636d91379c6b6710107fd2da12b8bcd,bancos,nuevo,2014-03-31,unica,8,317,229,88
1_BOLB_032014_set.xls,95160947ae23a14a059cad2c352bd1907636d91379c6b6710107fd2da12b8bcd,bancos,nuevo,2014-03-31,unica,9,317,229,88
1_BOLB_032014_set.xls,95160947ae23a14a059cad2c352bd1907636d91379c6b6710107fd2da12b8bcd,bancos,nuevo,2014-03-31,unica,10,317,273,44
1_BOLB_032014_set.xls,95160947ae23a14a059cad2c352bd1907636d91379c6b6710107fd2da12b8bcd,bancos,nuevo,2014-03-31,unica,11,317,273,44
1_BOLB_032014_set.xls,95160947ae23a14a059cad2c352bd1907636d91379c6b6710107fd2da12b8bcd,bancos,nuevo,2014-03-31,unica,12,317,273,44
1_BOLB_032014_set.xls,95160947ae23a14a059cad2c352bd1907636d91379c6b6710107fd2da12b8bcd,bancos,nuevo,2014-03-31,unica,13,317,273,44
1_BOLB_032014_set.xls,95160947ae23a14a059cad2c352bd1907636d91379c6b6710107fd2da12b8bcd,bancos,nuevo,2014-03-31,unica,14,317,273,44
1_BOLB_042014_set.xls,f8bc2e29a4fe66c019acc1322e831db41a5a0305dc159f6000a0e5d4c8a071a9,bancos,nuevo,2014-04-30,unica,Carátula,6,0,6
1_BOLB_042014_set.xls,f8bc2e29a4fe66c019acc1322e831db41a5a0305dc159f6000a0e5d4c8a071a9,bancos,nuevo,2014-04-30,unica,Índice,35,14,21
1_BOLB_042014_set.xls,f8bc2e29a4fe66c019acc1322e831db41a5a0305dc159f6000a0e5d4c8a071a9,bancos,nuevo,2014-04-30,unica,1,4390,4206,184
1_BOLB_042014_set.xls,f8bc2e29a4fe66c019acc1322e831db41a5a0305dc159f6000a0e5d4c8a071a9,bancos,nuevo,2014-04-30,unica,2,5044,4851,193
1_BOLB_042014_set.xls,f8bc2e29a4fe66c019acc1322e831db41a5a0305dc159f6000a0e5d4c8a071a9,bancos,nuevo,2014-04-30,unica,3,815,727,88
1_BOLB_042014_set.xls,f8bc2e29a4fe66c019acc1322e831db41a5a0305dc159f6000a0e5d4c8a071a9,bancos,nuevo,2014-04-30,unica,4,1167,996,171
1_BOLB_042014_set.xls,f8bc2e29a4fe66c019acc1322e831db41a5a0305dc159f6000a0e5d4c8a071a9,bancos,nuevo,2014-04-30,unica,5,315,273,42
1_BOLB_042014_set.xls,f8bc2e29a4fe66c019acc1322e831db41a5a0305dc159f6000a0e5d4c8a071a9,bancos,nuevo,2014-04-30,unica,6,315,273,42
1_BOLB_042014_set.xls,f8bc2e29a4fe66c019acc1322e831db41a5a0305dc159f6000a0e5d4c8a071a9,bancos,nuevo,2014-04-30,unica,7,321,279,42
1_BOLB_042014_set.xls,f8bc2e29a4fe66c019acc1322e831db41a5a0305dc159f6000a0e5d4c8a071a9,bancos,nuevo,2014-04-30,unica,8,317,233,84
1_BOLB_042014_set.xls,f8bc2e29a4fe66c019acc1322e831db41a5a0305dc159f6000a0e5d4c8a071a9,bancos,nuevo,2014-04-30,unica,9,317,233,84
1_BOLB_042014_set.xls,f8bc2e29a4fe66c019acc1322e831db41a5a0305dc159f6000a0e5d4c8a071a9,bancos,nuevo,2014-04-30,unica,10,317,273,44
1_BOLB_042014_set.xls,f8bc2e29a4fe66c019acc1322e831db41a5a0305dc159f6000a0e5d4c8a071a9,bancos,nuevo,2014-04-30,unica,11,317,273,44
1_BOLB_042014_set.xls,f8bc2e29a4fe66c019acc1322e831db41a5a0305dc159f6000a0e5d4c8a071a9,bancos,nuevo,2014-04-30,unica,12,317,273,44
1_BOLB_042014_set.xls,f8bc2e29a4fe66c019acc1322e831db41a5a0305dc159f6000a0e5d4c8a071a9,bancos,nuevo,2014-04-30,unica,13,317,273,44
1_BOLB_042014_set.xls,f8bc2e29a4fe66c019acc1322e831db41a5a0305dc159f6000a0e5d4c8a071a9,bancos,nuevo,2014-04-30,unica,14,317,273,44
1_BOLB_052014_set.xls,913ffe536077b46c68a948782dc2e8c535fbb80291146e1c8f3f0060a57b21a0,bancos,nuevo,2014-05-31,unica,Carátula,6,0,6
1_BOLB_052014_set.xls,913ffe536077b46c68a948782dc2e8c535fbb80291146e1c8f3f0060a57b21a0,bancos,nuevo,2014-05-31,unica,Índice,35,14,21
1_BOLB_052014_set.xls,913ffe536077b46c68a948782dc2e8c535fbb80291146e1c8f3f0060a57b21a0,bancos,nuevo,2014-05-31,unica,1,4524,4338,186
1_BOLB_052014_set.xls,913ffe536077b46c68a948782dc2e8c535fbb80291146e1c8f3f0060a57b21a0,bancos,nuevo,2014-05-31,unica,2,5044,4851,193
1_BOLB_052014_set.xls,913ffe536077b46c68a948782dc2e8c535fbb80291146e1c8f3f0060a57b21a0,bancos,nuevo,2014-05-31,unica,3,790,704,86
1_BOLB_052014_set.xls,913ffe536077b46c68a948782dc2e8c535fbb80291146e1c8f3f0060a57b21a0,bancos,nuevo,2014-05-31,unica,4,1123,952,171
1_BOLB_052014_set.xls,913ffe536077b46c68a948782dc2e8c535fbb80291146e1c8f3f0060a57b21a0,bancos,nuevo,2014-05-31,unica,5,315,273,42
1_BOLB_052014_set.xls,913ffe536077b46c68a948782dc2e8c535fbb80291146e1c8f3f0060a57b21a0,bancos,nuevo,2014-05-31,unica,6,315,273,42
1_BOLB_052014_set.xls,913ffe536077b46c68a948782dc2e8c535fbb80291146e1c8f3f0060a57b21a0,bancos,nuevo,2014-05-31,unica,7,321,279,42
1_BOLB_052014_set.xls,913ffe536077b46c68a948782dc2e8c535fbb80291146e1c8f3f0060a57b21a0,bancos,nuevo,2014-05-31,unica,8,317,237,80
1_BOLB_052014_set.xls,913ffe536077b46c68a948782dc2e8c535fbb80291146e1c8f3f0060a57b21a0,bancos,nuevo,2014-05-31,unica,9,317,237,80
1_BOLB_052014_set.xls,913ffe536077b46c68a948782dc2e8c535fbb80291146e1c8f3f0060a57b21a0,bancos,nuevo,2014-05-31,unica,10,317,273,44
1_BOLB_052014_set.xls,913ffe536077b46c68a948782dc2e8c535fbb80291146e1c8f3f0060a57b21a0,bancos,nuevo,2014-05-31,unica,11,317,273,44
1_BOLB_052014_set.xls,913ffe536077b46c68a948782dc2e8c535fbb80291146e1c8f3f0060a57b21a0,bancos,nuevo,2014-05-31,unica,12,317,273,44
1_BOLB_052014_set.xls,913ffe536077b46c68a948782dc2e8c535fbb80291146e1c8f3f0060a57b21a0,bancos,nuevo,2014-05-31,unica,13,317,273,44
1_BOLB_052014_set.xls,913ffe536077b46c68a948782dc2e8c535fbb80291146e1c8f3f0060a57b21a0,bancos,nuevo,2014-05-31,unica,14,317,273,44
1_BOLB_062014_set.xls,64221ff822d7c1016e54746da3a58a3720763d07fd3bc922e5d8fcdc30cf2e20,bancos,nuevo,2014-06-30,unica,Carátula,7,0,7
1_BOLB_062014_set.xls,64221ff822d7c1016e54746da3a58a3720763d07fd3bc922e5d8fcdc30cf2e20,bancos,nuevo,2014-06-30,unica,Índice,37,15,22
1_BOLB_062014_set.xls,64221ff822d7c1016e54746da3a58a3720763d07fd3bc922e5d8fcdc30cf2e20,bancos,nuevo,2014-06-30,unica,1,4524,4338,186
1_BOLB_062014_set.xls,64221ff822d7c1016e54746da3a58a3720763d07fd3bc922e5d8fcdc30cf2e20,bancos,nuevo,2014-06-30,unica,2,5044,4851,193
1_BOLB_062014_set.xls,64221ff822d7c1016e54746da3a58a3720763d07fd3bc922e5d8fcdc30cf2e20,bancos,nuevo,2014-06-30,unica,3,789,703,86
1_BOLB_062014_set.xls,64221ff822d7c1016e54746da3a58a3720763d07fd3bc922e5d8fcdc30cf2e20,bancos,nuevo,2014-06-30,unica,4,1123,952,171
1_BOLB_062014_set.xls,64221ff822d7c1016e54746da3a58a3720763d07fd3bc922e5d8fcdc30cf2e20,bancos,nuevo,2014-06-30,unica,5,315,273,42
1_BOLB_062014_set.xls,64221ff822d7c1016e54746da3a58a3720763d07fd3bc922e5d8fcdc30cf2e20,bancos,nuevo,2014-06-30,unica,6,315,273,42
1_BOLB_062014_set.xls,64221ff822d7c1016e54746da3a58a3720763d07fd3bc922e5d8fcdc30cf2e20,bancos,nuevo,2014-06-30,unica,7,321,279,42
1_BOLB_062014_set.xls,64221ff822d7c1016e54746da3a58a3720763d07fd3bc922e5d8fcdc30cf2e20,bancos,nuevo,2014-06-30,unica,8,317,241,76
1_BOLB_062014_set.xls,64221ff822d7c1016e54746da3a58a3720763d07fd3bc922e5d8fcdc30cf2e20,bancos,nuevo,2014-06-30,unica,9,317,241,76
1_BOLB_062014_set.xls,64221ff822d7c1016e54746da3a58a3720763d07fd3bc922e5d8fcdc30cf2e20,bancos,nuevo,2014-06-30,unica,10,317,273,44
1_BOLB_062014_set.xls,64221ff822d7c1016e54746da3a58a3720763d07fd3bc922e5d8fcdc30cf2e20,bancos,nuevo,2014-06-30,unica,11,317,273,44
1_BOLB_062014_set.xls,64221ff822d7c1016e54746da3a58a3720763d07fd3bc922e5d8fcdc30cf2e20,bancos,nuevo,2014-06-30,unica,12,317,273,44
1_BOLB_062014_set.xls,64221ff822d7c1016e54746da3a58a3720763d07fd3bc922e5d8fcdc30cf2e20,bancos,nuevo,2014-06-30,unica,13,317,273,44
1_BOLB_062014_set.xls,64221ff822d7c1016e54746da3a58a3720763d07fd3bc922e5d8fcdc30cf2e20,bancos,nuevo,2014-06-30,unica,14,317,273,44
1_BOLB_062014_set.xls,64221ff822d7c1016e54746da3a58a3720763d07fd3bc922e5d8fcdc30cf2e20,bancos,nuevo,2014-06-30,unica,15,83,74,9
1_BOLB_072014_set.xls,060fa0755deac44473e4565ac2e31021cdd2f1688cf44f67a4f1aa45db8406d3,bancos,nuevo,2014-07-31,unica,Carátula,7,1,6
1_BOLB_072014_set.xls,060fa0755deac44473e4565ac2e31021cdd2f1688cf44f67a4f1aa45db8406d3,bancos,nuevo,2014-07-31,unica,Índice,35,15,20
1_BOLB_072014_set.xls,060fa0755deac44473e4565ac2e31021cdd2f1688cf44f67a4f1aa45db8406d3,bancos,nuevo,2014-07-31,unica,1,4524,4338,186
1_BOLB_072014_set.xls,060fa0755deac44473e4565ac2e31021cdd2f1688cf44f67a4f1aa45db8406d3,bancos,nuevo,2014-07-31,unica,2,5044,4851,193
1_BOLB_072014_set.xls,060fa0755deac44473e4565ac2e31021cdd2f1688cf44f67a4f1aa45db8406d3,bancos,nuevo,2014-07-31,unica,3,789,703,86
1_BOLB_072014_set.xls,060fa0755deac44473e4565ac2e31021cdd2f1688cf44f67a4f1aa45db8406d3,bancos,nuevo,2014-07-31,unica,4,1167,952,215
1_BOLB_072014_set.xls,060fa0755deac44473e4565ac2e31021cdd2f1688cf44f67a4f1aa45db8406d3,bancos,nuevo,2014-07-31,unica,5,315,273,42
1_BOLB_072014_set.xls,060fa0755deac44473e4565ac2e31021cdd2f1688cf44f67a4f1aa45db8406d3,bancos,nuevo,2014-07-31,unica,6,315,273,42
1_BOLB_072014_set.xls,060fa0755deac44473e4565ac2e31021cdd2f1688cf44f67a4f1aa45db8406d3,bancos,nuevo,2014-07-31,unica,7,321,279,42
1_BOLB_072014_set.xls,060fa0755deac44473e4565ac2e31021cdd2f1688cf44f67a4f1aa45db8406d3,bancos,nuevo,2014-07-31,unica,8,317,245,72
1_BOLB_072014_set.xls,060fa0755deac44473e4565ac2e31021cdd2f1688cf44f67a4f1aa45db8406d3,bancos,nuevo,2014-07-31,unica,9,317,245,72
1_BOLB_072014_set.xls,060fa0755deac44473e4565ac2e31021cdd2f1688cf44f67a4f1aa45db8406d3,bancos,nuevo,2014-07-31,unica,10,317,273,44
1_BOLB_072014_set.xls,060fa0755deac44473e4565ac2e31021cdd2f1688cf44f67a4f1aa45db8406d3,bancos,nuevo,2014-07-31,unica,11,317,273,44
1_BOLB_072014_set.xls,060fa0755deac44473e4565ac2e31021cdd2f1688cf44f67a4f1aa45db8406d3,bancos,nuevo,2014-07-31,unica,12,317,273,44
1_BOLB_072014_set.xls,060fa0755deac44473e4565ac2e31021cdd2f1688cf44f67a4f1aa45db8406d3,bancos,nuevo,2014-07-31,unica,13,317,273,44
1_BOLB_072014_set.xls,060fa0755deac44473e4565ac2e31021cdd2f1688cf44f67a4f1aa45db8406d3,bancos,nuevo,2014-07-31,unica,14,317,273,44
1_BOLB_072014_set.xls,060fa0755deac44473e4565ac2e31021cdd2f1688cf44f67a4f1aa45db8406d3,bancos,nuevo,2014-07-31,unica,15,83,74,9
1_BOLB_082014.xls,df4cddfd2e1490dde2100f0c9e5875fe7bb9a84567107823d0aac9647f5bae44,bancos,nuevo,2014-08-31,unica,Carátula Impresa,6,0,6
1_BOLB_082014.xls,df4cddfd2e1490dde2100f0c9e5875fe7bb9a84567107823d0aac9647f5bae44,bancos,nuevo,2014-08-31,unica,Carátula,7,0,7
1_BOLB_082014.xls,df4cddfd2e1490dde2100f0c9e5875fe7bb9a84567107823d0aac9647f5bae44,bancos,nuevo,2014-08-31,unica,Índice,37,15,22
1_BOLB_082014.xls,df4cddfd2e1490dde2100f0c9e5875fe7bb9a84567107823d0aac9647f5bae44,bancos,nuevo,2014-08-31,unica,1,4591,4404,187
1_BOLB_082014.xls,df4cddfd2e1490dde2100f0c9e5875fe7bb9a84567107823d0aac9647f5bae44,bancos,nuevo,2014-08-31,unica,2,5044,4851,193
1_BOLB_082014.xls,df4cddfd2e1490dde2100f0c9e5875fe7bb9a84567107823d0aac9647f5bae44,bancos,nuevo,2014-08-31,unica,3,789,703,86
1_BOLB_082014.xls,df4cddfd2e1490dde2100f0c9e5875fe7bb9a84567107823d0aac9647f5bae44,bancos,nuevo,2014-08-31,unica,4,1167,952,215
1_BOLB_082014.xls,df4cddfd2e1490dde2100f0c9e5875fe7bb9a84567107823d0aac9647f5bae44,bancos,nuevo,2014-08-31,unica,5,315,273,42
1_BOLB_082014.xls,df4cddfd2e1490dde2100f0c9e5875fe7bb9a84567107823d0aac9647f5bae44,bancos,nuevo,2014-08-31,unica,6,316,273,43
1_BOLB_082014.xls,df4cddfd2e1490dde2100f0c9e5875fe7bb9a84567107823d0aac9647f5bae44,bancos,nuevo,2014-08-31,unica,7,321,278,43
1_BOLB_082014.xls,df4cddfd2e1490dde2100f0c9e5875fe7bb9a84567107823d0aac9647f5bae44,bancos,nuevo,2014-08-31,unica,8,317,249,68
1_BOLB_082014.xls,df4cddfd2e1490dde2100f0c9e5875fe7bb9a84567107823d0aac9647f5bae44,bancos,nuevo,2014-08-31,unica,9,317,249,68
1_BOLB_082014.xls,df4cddfd2e1490dde2100f0c9e5875fe7bb9a84567107823d0aac9647f5bae44,bancos,nuevo,2014-08-31,unica,10,317,273,44
1_BOLB_082014.xls,df4cddfd2e1490dde2100f0c9e5875fe7bb9a84567107823d0aac9647f5bae44,bancos,nuevo,2014-08-31,unica,11,317,273,44
1_BOLB_082014.xls,df4cddfd2e1490dde2100f0c9e5875fe7bb9a84567107823d0aac9647f5bae44,bancos,nuevo,2014-08-31,unica,12,317,273,44
1_BOLB_082014.xls,df4cddfd2e1490dde2100f0c9e5875fe7bb9a84567107823d0aac9647f5bae44,bancos,nuevo,2014-08-31,unica,13,317,273,44
1_BOLB_082014.xls,df4cddfd2e1490dde2100f0c9e5875fe7bb9a84567107823d0aac9647f5bae44,bancos,nuevo,2014-08-31,unica,14,317,273,44
1_BOLB_082014.xls,df4cddfd2e1490dde2100f0c9e5875fe7bb9a84567107823d0aac9647f5bae44,bancos,nuevo,2014-08-31,unica,15,84,74,10
1_BOLB_092014_041114.xls,53180445653df896c084cff502ae6b582b2cb568def1ed488d73495fe549377c,bancos,nuevo,2014-09-30,unica,Carátula Impresa,6,1,5
1_BOLB_092014_041114.xls,53180445653df896c084cff502ae6b582b2cb568def1ed488d73495fe549377c,bancos,nuevo,2014-09-30,unica,Carátula,7,1,6
1_BOLB_092014_041114.xls,53180445653df896c084cff502ae6b582b2cb568def1ed488d73495fe549377c,bancos,nuevo,2014-09-30,unica,Índice,39,17,22
1_BOLB_092014_041114.xls,53180445653df896c084cff502ae6b582b2cb568def1ed488d73495fe549377c,bancos,nuevo,2014-09-30,unica,1,198,138,60
1_BOLB_092014_041114.xls,53180445653df896c084cff502ae6b582b2cb568def1ed488d73495fe549377c,bancos,nuevo,2014-09-30,unica,2,4591,4404,187
1_BOLB_092014_041114.xls,53180445653df896c084cff502ae6b582b2cb568def1ed488d73495fe549377c,bancos,nuevo,2014-09-30,unica,3,5044,4851,193
1_BOLB_092014_041114.xls,53180445653df896c084cff502ae6b582b2cb568def1ed488d73495fe549377c,bancos,nuevo,2014-09-30,unica,4,790,704,86
1_BOLB_092014_041114.xls,53180445653df896c084cff502ae6b582b2cb568def1ed488d73495fe549377c,bancos,nuevo,2014-09-30,unica,5,1167,952,215
1_BOLB_092014_041114.xls,53180445653df896c084cff502ae6b582b2cb568def1ed488d73495fe549377c,bancos,nuevo,2014-09-30,unica,6,315,273,42
1_BOLB_092014_041114.xls,53180445653df896c084cff502ae6b582b2cb568def1ed488d73495fe549377c,bancos,nuevo,2014-09-30,unica,7,315,273,42
1_BOLB_092014_041114.xls,53180445653df896c084cff502ae6b582b2cb568def1ed488d73495fe549377c,bancos,nuevo,2014-09-30,unica,8,319,277,42
1_BOLB_092014_041114.xls,53180445653df896c084cff502ae6b582b2cb568def1ed488d73495fe549377c,bancos,nuevo,2014-09-30,unica,9,317,253,64
1_BOLB_092014_041114.xls,53180445653df896c084cff502ae6b582b2cb568def1ed488d73495fe549377c,bancos,nuevo,2014-09-30,unica,10,317,253,64
1_BOLB_092014_041114.xls,53180445653df896c084cff502ae6b582b2cb568def1ed488d73495fe549377c,bancos,nuevo,2014-09-30,unica,11,317,273,44
1_BOLB_092014_041114.xls,53180445653df896c084cff502ae6b582b2cb568def1ed488d73495fe549377c,bancos,nuevo,2014-09-30,unica,12,317,273,44
1_BOLB_092014_041114.xls,53180445653df896c084cff502ae6b582b2cb568def1ed488d73495fe549377c,bancos,nuevo,2014-09-30,unica,13,317,273,44
1_BOLB_092014_041114.xls,53180445653df896c084cff502ae6b582b2cb568def1ed488d73495fe549377c,bancos,nuevo,2014-09-30,unica,14,317,273,44
1_BOLB_092014_041114.xls,53180445653df896c084cff502ae6b582b2cb568def1ed488d73495fe549377c,bancos,nuevo,2014-09-30,unica,15,317,273,44
1_BOLB_092014_041114.xls,53180445653df896c084cff502ae6b582b2cb568def1ed488d73495fe549377c,bancos,nuevo,2014-09-30,unica,16,83,74,9
1_BOLB_102014.xls,a2d636a589d1d50b841276011c2e0b2ea00bd99e821cddabbb33c6dbe627be63,bancos,nuevo,2014-10-31,unica,Carátula Impresa,6,0,6
1_BOLB_102014.xls,a2d636a589d1d50b841276011c2e0b2ea00bd99e821cddabbb33c6dbe627be63,bancos,nuevo,2014-10-31,unica,Carátula,7,0,7
1_BOLB_102014.xls,a2d636a589d1d50b841276011c2e0b2ea00bd99e821cddabbb33c6dbe627be63,bancos,nuevo,2014-10-31,unica,Índice,39,16,23
1_BOLB_102014.xls,a2d636a589d1d50b841276011c2e0b2ea00bd99e821cddabbb33c6dbe627be63,bancos,nuevo,2014-10-31,unica,1,198,137,61
1_BOLB_102014.xls,a2d636a589d1d50b841276011c2e0b2ea00bd99e821cddabbb33c6dbe627be63,bancos,nuevo,2014-10-31,unica,2,4658,4470,188
1_BOLB_102014.xls,a2d636a589d1d50b841276011c2e0b2ea00bd99e821cddabbb33c6dbe627be63,bancos,nuevo,2014-10-31,unica,3,5044,4851,193
1_BOLB_102014.xls,a2d636a589d1d50b841276011c2e0b2ea00bd99e821cddabbb33c6dbe627be63,bancos,nuevo,2014-10-31,unica,4,789,703,86
1_BOLB_102014.xls,a2d636a589d1d50b841276011c2e0b2ea00bd99e821cddabbb33c6dbe627be63,bancos,nuevo,2014-10-31,unica,5,1167,952,215
1_BOLB_102014.xls,a2d636a589d1d50b841276011c2e0b2ea00bd99e821cddabbb33c6dbe627be63,bancos,nuevo,2014-10-31,unica,6,315,273,42
1_BOLB_102014.xls,a2d636a589d1d50b841276011c2e0b2ea00bd99e821cddabbb33c6dbe627be63,bancos,nuevo,2014-10-31,unica,7,315,273,42
1_BOLB_102014.xls,a2d636a589d1d50b841276011c2e0b2ea00bd99e821cddabbb33c6dbe627be63,bancos,nuevo,2014-10-31,unica,8,318,276,42
1_BOLB_102014.xls,a2d636a589d1d50b841276011c2e0b2ea00bd99e821cddabbb33c6dbe627be63,bancos,nuevo,2014-10-31,unica,9,317,257,60
1_BOLB_102014.xls,a2d636a589d1d50b841276011c2e0b2ea00bd99e821cddabbb33c6dbe627be63,bancos,nuevo,2014-10-31,unica,10,317,257,60
1_BOLB_102014.xls,a2d636a589d1d50b841276011c2e0b2ea00bd99e821cddabbb33c6dbe627be63,bancos,nuevo,2014-10-31,unica,11,317,273,44
1_BOLB_102014.xls,a2d636a589d1d50b841276011c2e0b2ea00bd99e821cddabbb33c6dbe627be63,bancos,nuevo,2014-10-31,unica,12,317,273,44
1_BOLB_102014.xls,a2d636a589d1d50b841276011c2e0b2ea00bd99e821cddabbb33c6dbe627be63,bancos,nuevo,2014-10-31,unica,13,317,273,44
1_BOLB_102014.xls,a2d636a589d1d50b841276011c2e0b2ea00bd99e821cddabbb33c6dbe627be63,bancos,nuevo,2014-10-31,unica,14,317,273,44
1_BOLB_102014.xls,a2d636a589d1d50b841276011c2e0b2ea00bd99e821cddabbb33c6dbe627be63,bancos,nuevo,2014-10-31,unica,15,317,273,44
1_BOLB_102014.xls,a2d636a589d1d50b841276011c2e0b2ea00bd99e821cddabbb33c6dbe627be63,bancos,nuevo,2014-10-31,unica,16,84,74,10
1_BOLB 112014.xls,12e217dd4f4141e782fa8cb5b0b1abe8fa7d652faa6da2d2276f09cc0c9306fd,bancos,nuevo,2014-11-30,unica,Carátula,7,0,7
1_BOLB 112014.xls,12e217dd4f4141e782fa8cb5b0b1abe8fa7d652faa6da2d2276f09cc0c9306fd,bancos,nuevo,2014-11-30,unica,Índice,43,18,25
1_BOLB 112014.xls,12e217dd4f4141e782fa8cb5b0b1abe8fa7d652faa6da2d2276f09cc0c9306fd,bancos,nuevo,2014-11-30,unica,1,198,137,61
1_BOLB 112014.xls,12e217dd4f4141e782fa8cb5b0b1abe8fa7d652faa6da2d2276f09cc0c9306fd,bancos,nuevo,2014-11-30,unica,2,4658,4470,188
1_BOLB 112014.xls,12e217dd4f4141e782fa8cb5b0b1abe8fa7d652faa6da2d2276f09cc0c9306fd,bancos,nuevo,2014-11-30,unica,3,5044,4851,193
1_BOLB 112014.xls,12e217dd4f4141e782fa8cb5b0b1abe8fa7d652faa6da2d2276f09cc0c9306fd,bancos,nuevo,2014-11-30,unica,4,789,703,86
1_BOLB 112014.xls,12e217dd4f4141e782fa8cb5b0b1abe8fa7d652faa6da2d2276f09cc0c9306fd,bancos,nuevo,2014-11-30,unica,5,1167,952,215
1_BOLB 112014.xls,12e217dd4f4141e782fa8cb5b0b1abe8fa7d652faa6da2d2276f09cc0c9306fd,bancos,nuevo,2014-11-30,unica,6,316,273,43
1_BOLB 112014.xls,12e217dd4f4141e782fa8cb5b0b1abe8fa7d652faa6da2d2276f09cc0c9306fd,bancos,nuevo,2014-11-30,unica,7,315,273,42
1_BOLB 112014.xls,12e217dd4f4141e782fa8cb5b0b1abe8fa7d652faa6da2d2276f09cc0c9306fd,bancos,nuevo,2014-11-30,unica,8,316,273,43
1_BOLB 112014.xls,12e217dd4f4141e782fa8cb5b0b1abe8fa7d652faa6da2d2276f09cc0c9306fd,bancos,nuevo,2014-11-30,unica,9,318,275,43
1_BOLB 112014.xls,12e217dd4f4141e782fa8cb5b0b1abe8fa7d652faa6da2d2276f09cc0c9306fd,bancos,nuevo,2014-11-30,unica,10,315,273,42
1_BOLB 112014.xls,12e217dd4f4141e782fa8cb5b0b1abe8fa7d652faa6da2d2276f09cc0c9306fd,bancos,nuevo,2014-11-30,unica,11,317,261,56
1_BOLB 112014.xls,12e217dd4f4141e782fa8cb5b0b1abe8fa7d652faa6da2d2276f09cc0c9306fd,bancos,nuevo,2014-11-30,unica,12,317,261,56
1_BOLB 112014.xls,12e217dd4f4141e782fa8cb5b0b1abe8fa7d652faa6da2d2276f09cc0c9306fd,bancos,nuevo,2014-11-30,unica,13,317,273,44
1_BOLB 112014.xls,12e217dd4f4141e782fa8cb5b0b1abe8fa7d652faa6da2d2276f09cc0c9306fd,bancos,nuevo,2014-11-30,unica,14,317,273,44
1_BOLB 112014.xls,12e217dd4f4141e782fa8cb5b0b1abe8fa7d652faa6da2d2276f09cc0c9306fd,bancos,nuevo,2014-11-30,unica,15,317,273,44
1_BOLB 112014.xls,12e217dd4f4141e782fa8cb5b0b1abe8fa7d652faa6da2d2276f09cc0c9306fd,bancos,nuevo,2014-11-30,unica,16,317,273,44
1_BOLB 112014.xls,12e217dd4f4141e782fa8cb5b0b1abe8fa7d652faa6da2d2276f09cc0c9306fd,bancos,nuevo,2014-11-30,unica,17,317,273,44
1_BOLB 112014.xls,12e217dd4f4141e782fa8cb5b0b1abe8fa7d652faa6da2d2276f09cc0c9306fd,bancos,nuevo,2014-11-30,unica,18,84,74,10
1_BOLB_122014.xls,4dba2a30da33f377fead28556312083132d8b90b41243874fcc8c080e5bf4744,bancos,nuevo,2014-12-31,unica,Carátula Impresa,6,0,6
1_BOLB_122014.xls,4dba2a30da33f377fead28556312083132d8b90b41243874fcc8c080e5bf4744,bancos,nuevo,2014-12-31,unica,Carátula,7,0,7
1_BOLB_122014.xls,4dba2a30da33f377fead28556312083132d8b90b41243874fcc8c080e5bf4744,bancos,nuevo,2014-12-31,unica,Índice,43,18,25
1_BOLB_122014.xls,4dba2a30da33f377fead28556312083132d8b90b41243874fcc8c080e5bf4744,bancos,nuevo,2014-12-31,unica,1,198,137,61
1_BOLB_122014.xls,4dba2a30da33f377fead28556312083132d8b90b41243874fcc8c080e5bf4744,bancos,nuevo,2014-12-31,unica,2,4658,4470,188
1_BOLB_122014.xls,4dba2a30da33f377fead28556312083132d8b90b41243874fcc8c080e5bf4744,bancos,nuevo,2014-12-31,unica,3,5044,4851,193
1_BOLB_122014.xls,4dba2a30da33f377fead28556312083132d8b90b41243874fcc8c080e5bf4744,bancos,nuevo,2014-12-31,unica,4,790,704,86
1_BOLB_122014.xls,4dba2a30da33f377fead28556312083132d8b90b41243874fcc8c080e5bf4744,bancos,nuevo,2014-12-31,unica,5,1167,952,215
1_BOLB_122014.xls,4dba2a30da33f377fead28556312083132d8b90b41243874fcc8c080e5bf4744,bancos,nuevo,2014-12-31,unica,6,315,273,42
1_BOLB_122014.xls,4dba2a30da33f377fead28556312083132d8b90b41243874fcc8c080e5bf4744,bancos,nuevo,2014-12-31,unica,7,315,273,42
1_BOLB_122014.xls,4dba2a30da33f377fead28556312083132d8b90b41243874fcc8c080e5bf4744,bancos,nuevo,2014-12-31,unica,8,315,273,42
1_BOLB_122014.xls,4dba2a30da33f377fead28556312083132d8b90b41243874fcc8c080e5bf4744,bancos,nuevo,2014-12-31,unica,9,316,274,42
1_BOLB_122014.xls,4dba2a30da33f377fead28556312083132d8b90b41243874fcc8c080e5bf4744,bancos,nuevo,2014-12-31,unica,10,315,273,42
1_BOLB_122014.xls,4dba2a30da33f377fead28556312083132d8b90b41243874fcc8c080e5bf4744,bancos,nuevo,2014-12-31,unica,11,317,265,52
1_BOLB_122014.xls,4dba2a30da33f377fead28556312083132d8b90b41243874fcc8c080e5bf4744,bancos,nuevo,2014-12-31,unica,12,317,265,52
1_BOLB_122014.xls,4dba2a30da33f377fead28556312083132d8b90b41243874fcc8c080e5bf4744,bancos,nuevo,2014-12-31,unica,13,317,273,44
1_BOLB_122014.xls,4dba2a30da33f377fead28556312083132d8b90b41243874fcc8c080e5bf4744,bancos,nuevo,2014-12-31,unica,14,317,273,44
1_BOLB_122014.xls,4dba2a30da33f377fead28556312083132d8b90b41243874fcc8c080e5bf4744,bancos,nuevo,2014-12-31,unica,15,317,273,44
1_BOLB_122014.xls,4dba2a30da33f377fead28556312083132d8b90b41243874fcc8c080e5bf4744,bancos,nuevo,2014-12-31,unica,16,317,273,44
1_BOLB_122014.xls,4dba2a30da33f377fead28556312083132d8b90b41243874fcc8c080e5bf4744,bancos,nuevo,2014-12-31,unica,17,317,273,44
1_BOLB_122014.xls,4dba2a30da33f377fead28556312083132d8b90b41243874fcc8c080e5bf4744,bancos,nuevo,2014-12-31,unica,18,84,75,9
1_BOLB_012015.xls,db22fe0566b0f4404d289e7d4681eab9016c6070a6bdc20b18f80530f03d2e33,bancos,nuevo,2015-01-31,unica,Carátula Impresa,6,0,6
1_BOLB_012015.xls,db22fe0566b0f4404d289e7d4681eab9016c6070a6bdc20b18f80530f03d2e33,bancos,nuevo,2015-01-31,unica,Carátula,7,0,7
1_BOLB_012015.xls,db22fe0566b0f4404d289e7d4681eab9016c6070a6bdc20b18f80530f03d2e33,bancos,nuevo,2015-01-31,unica,Índice,43,18,25
1_BOLB_012015.xls,db22fe0566b0f4404d289e7d4681eab9016c6070a6bdc20b18f80530f03d2e33,bancos,nuevo,2015-01-31,unica,1,198,136,62
1_BOLB_012015.xls,db22fe0566b0f4404d289e7d4681eab9016c6070a6bdc20b18f80530f03d2e33,bancos,nuevo,2015-01-31,unica,2,4658,4470,188
1_BOLB_012015.xls,db22fe0566b0f4404d289e7d4681eab9016c6070a6bdc20b18f80530f03d2e33,bancos,nuevo,2015-01-31,unica,3,5044,4851,193
1_BOLB_012015.xls,db22fe0566b0f4404d289e7d4681eab9016c6070a6bdc20b18f80530f03d2e33,bancos,nuevo,2015-01-31,unica,4,789,703,86
1_BOLB_012015.xls,db22fe0566b0f4404d289e7d4681eab9016c6070a6bdc20b18f80530f03d2e33,bancos,nuevo,2015-01-31,unica,5,1167,952,215
1_BOLB_012015.xls,db22fe0566b0f4404d289e7d4681eab9016c6070a6bdc20b18f80530f03d2e33,bancos,nuevo,2015-01-31,unica,6,315,273,42
1_BOLB_012015.xls,db22fe0566b0f4404d289e7d4681eab9016c6070a6bdc20b18f80530f03d2e33,bancos,nuevo,2015-01-31,unica,7,315,273,42
1_BOLB_012015.xls,db22fe0566b0f4404d289e7d4681eab9016c6070a6bdc20b18f80530f03d2e33,bancos,nuevo,2015-01-31,unica,8,315,273,42
1_BOLB_012015.xls,db22fe0566b0f4404d289e7d4681eab9016c6070a6bdc20b18f80530f03d2e33,bancos,nuevo,2015-01-31,unica,9,315,273,42
1_BOLB_012015.xls,db22fe0566b0f4404d289e7d4681eab9016c6070a6bdc20b18f80530f03d2e33,bancos,nuevo,2015-01-31,unica,10,315,273,42
1_BOLB_012015.xls,db22fe0566b0f4404d289e7d4681eab9016c6070a6bdc20b18f80530f03d2e33,bancos,nuevo,2015-01-31,unica,11,317,269,48
1_BOLB_012015.xls,db22fe0566b0f4404d289e7d4681eab9016c6070a6bdc20b18f80530f03d2e33,bancos,nuevo,2015-01-31,unica,12,317,269,48
1_BOLB_012015.xls,db22fe0566b0f4404d289e7d4681eab9016c6070a6bdc20b18f80530f03d2e33,bancos,nuevo,2015-01-31,unica,13,317,273,44
1_BOLB_012015.xls,db22fe0566b0f4404d289e7d4681eab9016c6070a6bdc20b18f80530f03d2e33,bancos,nuevo,2015-01-31,unica,14,317,273,44
1_BOLB_012015.xls,db22fe0566b0f4404d289e7d4681eab9016c6070a6bdc20b18f80530f03d2e33,bancos,nuevo,2015-01-31,unica,15,317,273,44
1_BOLB_012015.xls,db22fe0566b0f4404d289e7d4681eab9016c6070a6bdc20b18f80530f03d2e33,bancos,nuevo,2015-01-31,unica,16,317,273,44
1_BOLB_012015.xls,db22fe0566b0f4404d289e7d4681eab9016c6070a6bdc20b18f80530f03d2e33,bancos,nuevo,2015-01-31,unica,17,317,273,44
1_BOLB_012015.xls,db22fe0566b0f4404d289e7d4681eab9016c6070a6bdc20b18f80530f03d2e33,bancos,nuevo,2015-01-31,unica,18,88,78,10
1_BOLB 022015.xls,1fa102aa892ba58a971d7f557e290ce4516da042f0fc605e438faebdadd5cefb,bancos,nuevo,2015-02-28,unica,Carátula Impresa,6,0,6
1_BOLB 022015.xls,1fa102aa892ba58a971d7f557e290ce4516da042f0fc605e438faebdadd5cefb,bancos,nuevo,2015-02-28,unica,Carátula,7,0,7
1_BOLB 022015.xls,1fa102aa892ba58a971d7f557e290ce4516da042f0fc605e438faebdadd5cefb,bancos,nuevo,2015-02-28,unica,Índice,43,18,25
1_BOLB 022015.xls,1fa102aa892ba58a971d7f557e290ce4516da042f0fc605e438faebdadd5cefb,bancos,nuevo,2015-02-28,unica,1,198,136,62
1_BOLB 022015.xls,1fa102aa892ba58a971d7f557e290ce4516da042f0fc605e438faebdadd5cefb,bancos,nuevo,2015-02-28,unica,2,4858,4665,193
1_BOLB 022015.xls,1fa102aa892ba58a971d7f557e290ce4516da042f0fc605e438faebdadd5cefb,bancos,nuevo,2015-02-28,unica,3,5253,5055,198
1_BOLB 022015.xls,1fa102aa892ba58a971d7f557e290ce4516da042f0fc605e438faebdadd5cefb,bancos,nuevo,2015-02-28,unica,4,823,735,88
1_BOLB 022015.xls,1fa102aa892ba58a971d7f557e290ce4516da042f0fc605e438faebdadd5cefb,bancos,nuevo,2015-02-28,unica,5,1216,982,234
1_BOLB 022015.xls,1fa102aa892ba58a971d7f557e290ce4516da042f0fc605e438faebdadd5cefb,bancos,nuevo,2015-02-28,unica,6,330,286,44
1_BOLB 022015.xls,1fa102aa892ba58a971d7f557e290ce4516da042f0fc605e438faebdadd5cefb,bancos,nuevo,2015-02-28,unica,7,330,286,44
1_BOLB 022015.xls,1fa102aa892ba58a971d7f557e290ce4516da042f0fc605e438faebdadd5cefb,bancos,nuevo,2015-02-28,unica,8,330,286,44
1_BOLB 022015.xls,1fa102aa892ba58a971d7f557e290ce4516da042f0fc605e438faebdadd5cefb,bancos,nuevo,2015-02-28,unica,9,330,286,44
1_BOLB 022015.xls,1fa102aa892ba58a971d7f557e290ce4516da042f0fc605e438faebdadd5cefb,bancos,nuevo,2015-02-28,unica,10,330,286,44
1_BOLB 022015.xls,1fa102aa892ba58a971d7f557e290ce4516da042f0fc605e438faebdadd5cefb,bancos,nuevo,2015-02-28,unica,11,332,286,46
1_BOLB 022015.xls,1fa102aa892ba58a971d7f557e290ce4516da042f0fc605e438faebdadd5cefb,bancos,nuevo,2015-02-28,unica,12,332,286,46
1_BOLB 022015.xls,1fa102aa892ba58a971d7f557e290ce4516da042f0fc605e438faebdadd5cefb,bancos,nuevo,2015-02-28,unica,13,332,286,46
1_BOLB 022015.xls,1fa102aa892ba58a971d7f557e290ce4516da042f0fc605e438faebdadd5cefb,bancos,nuevo,2015-02-28,unica,14,332,286,46
1_BOLB 022015.xls,1fa102aa892ba58a971d7f557e290ce4516da042f0fc605e438faebdadd5cefb,bancos,nuevo,2015-02-28,unica,15,332,286,46
1_BOLB 022015.xls,1fa102aa892ba58a971d7f557e290ce4516da042f0fc605e438faebdadd5cefb,bancos,nuevo,2015-02-28,unica,16,332,286,46
1_BOLB 022015.xls,1fa102aa892ba58a971d7f557e290ce4516da042f0fc605e438faebdadd5cefb,bancos,nuevo,2015-02-28,unica,17,332,286,46
1_BOLB 022015.xls,1fa102aa892ba58a971d7f557e290ce4516da042f0fc605e438faebdadd5cefb,bancos,nuevo,2015-02-28,unica,18,88,78,10
1_BOLB_03_2015.xls,407decf8f312454d2c5022bb5296ae4fca6e76b414c1ec0e1374cca05abcde50,bancos,nuevo,2015-03-31,unica,Carátula Impresa,6,0,6
1_BOLB_03_2015.xls,407decf8f312454d2c5022bb5296ae4fca6e76b414c1ec0e1374cca05abcde50,bancos,nuevo,2015-03-31,unica,Carátula,7,0,7
1_BOLB_03_2015.xls,407decf8f312454d2c5022bb5296ae4fca6e76b414c1ec0e1374cca05abcde50,bancos,nuevo,2015-03-31,unica,Índice,43,18,25
1_BOLB_03_2015.xls,407decf8f312454d2c5022bb5296ae4fca6e76b414c1ec0e1374cca05abcde50,bancos,nuevo,2015-03-31,unica,1,198,136,62
1_BOLB_03_2015.xls,407decf8f312454d2c5022bb5296ae4fca6e76b414c1ec0e1374cca05abcde50,bancos,nuevo,2015-03-31,unica,2,4858,4665,193
1_BOLB_03_2015.xls,407decf8f312454d2c5022bb5296ae4fca6e76b414c1ec0e1374cca05abcde50,bancos,nuevo,2015-03-31,unica,3,5253,5055,198
1_BOLB_03_2015.xls,407decf8f312454d2c5022bb5296ae4fca6e76b414c1ec0e1374cca05abcde50,bancos,nuevo,2015-03-31,unica,4,824,736,88
1_BOLB_03_2015.xls,407decf8f312454d2c5022bb5296ae4fca6e76b414c1ec0e1374cca05abcde50,bancos,nuevo,2015-03-31,unica,5,1216,981,235
1_BOLB_03_2015.xls,407decf8f312454d2c5022bb5296ae4fca6e76b414c1ec0e1374cca05abcde50,bancos,nuevo,2015-03-31,unica,6,330,286,44
1_BOLB_03_2015.xls,407decf8f312454d2c5022bb5296ae4fca6e76b414c1ec0e1374cca05abcde50,bancos,nuevo,2015-03-31,unica,7,330,286,44
1_BOLB_03_2015.xls,407decf8f312454d2c5022bb5296ae4fca6e76b414c1ec0e1374cca05abcde50,bancos,nuevo,2015-03-31,unica,8,330,286,44
1_BOLB_03_2015.xls,407decf8f312454d2c5022bb5296ae4fca6e76b414c1ec0e1374cca05abcde50,bancos,nuevo,2015-03-31,unica,9,330,286,44
1_BOLB_03_2015.xls,407decf8f312454d2c5022bb5296ae4fca6e76b414c1ec0e1374cca05abcde50,bancos,nuevo,2015-03-31,unica,10,330,286,44
1_BOLB_03_2015.xls,407decf8f312454d2c5022bb5296ae4fca6e76b414c1ec0e1374cca05abcde50,bancos,nuevo,2015-03-31,unica,11,332,286,46
1_BOLB_03_2015.xls,407decf8f312454d2c5022bb5296ae4fca6e76b414c1ec0e1374cca05abcde50,bancos,nuevo,2015-03-31,unica,12,332,286,46
1_BOLB_03_2015.xls,407decf8f312454d2c5022bb5296ae4fca6e76b414c1ec0e1374cca05abcde50,bancos,nuevo,2015-03-31,unica,13,332,286,46
1_BOLB_03_2015.xls,407decf8f312454d2c5022bb5296ae4fca6e76b414c1ec0e1374cca05abcde50,bancos,nuevo,2015-03-31,unica,14,332,286,46
1_BOLB_03_2015.xls,407decf8f312454d2c5022bb5296ae4fca6e76b414c1ec0e1374cca05abcde50,bancos,nuevo,2015-03-31,unica,15,332,286,46
1_BOLB_03_2015.xls,407decf8f312454d2c5022bb5296ae4fca6e76b414c1ec0e1374cca05abcde50,bancos,nuevo,2015-03-31,unica,16,332,286,46
1_BOLB_03_2015.xls,407decf8f312454d2c5022bb5296ae4fca6e76b414c1ec0e1374cca05abcde50,bancos,nuevo,2015-03-31,unica,17,332,286,46
1_BOLB_03_2015.xls,407decf8f312454d2c5022bb5296ae4fca6e76b414c1ec0e1374cca05abcde50,bancos,nuevo,2015-03-31,unica,18,88,78,10
1_BOLB_042015.xls,479e5b1824f350e4e6760936ce1b0d5c47ef5e1ea2d4b4bcbb1e39e514058ad9,bancos,nuevo,2015-04-30,unica,Carátula Impresa,6,0,6
1_BOLB_042015.xls,479e5b1824f350e4e6760936ce1b0d5c47ef5e1ea2d4b4bcbb1e39e514058ad9,bancos,nuevo,2015-04-30,unica,Carátula,7,0,7
1_BOLB_042015.xls,479e5b1824f350e4e6760936ce1b0d5c47ef5e1ea2d4b4bcbb1e39e514058ad9,bancos,nuevo,2015-04-30,unica,Índice,43,18,25
1_BOLB_042015.xls,479e5b1824f350e4e6760936ce1b0d5c47ef5e1ea2d4b4bcbb1e39e514058ad9,bancos,nuevo,2015-04-30,unica,1,198,136,62
1_BOLB_042015.xls,479e5b1824f350e4e6760936ce1b0d5c47ef5e1ea2d4b4bcbb1e39e514058ad9,bancos,nuevo,2015-04-30,unica,2,4858,4665,193
1_BOLB_042015.xls,479e5b1824f350e4e6760936ce1b0d5c47ef5e1ea2d4b4bcbb1e39e514058ad9,bancos,nuevo,2015-04-30,unica,3,5253,5055,198
1_BOLB_042015.xls,479e5b1824f350e4e6760936ce1b0d5c47ef5e1ea2d4b4bcbb1e39e514058ad9,bancos,nuevo,2015-04-30,unica,4,824,736,88
1_BOLB_042015.xls,479e5b1824f350e4e6760936ce1b0d5c47ef5e1ea2d4b4bcbb1e39e514058ad9,bancos,nuevo,2015-04-30,unica,5,1216,981,235
1_BOLB_042015.xls,479e5b1824f350e4e6760936ce1b0d5c47ef5e1ea2d4b4bcbb1e39e514058ad9,bancos,nuevo,2015-04-30,unica,6,330,286,44
1_BOLB_042015.xls,479e5b1824f350e4e6760936ce1b0d5c47ef5e1ea2d4b4bcbb1e39e514058ad9,bancos,nuevo,2015-04-30,unica,7,330,286,44
1_BOLB_042015.xls,479e5b1824f350e4e6760936ce1b0d5c47ef5e1ea2d4b4bcbb1e39e514058ad9,bancos,nuevo,2015-04-30,unica,8,330,286,44
1_BOLB_042015.xls,479e5b1824f350e4e6760936ce1b0d5c47ef5e1ea2d4b4bcbb1e39e514058ad9,bancos,nuevo,2015-04-30,unica,9,330,286,44
1_BOLB_042015.xls,479e5b1824f350e4e6760936ce1b0d5c47ef5e1ea2d4b4bcbb1e39e514058ad9,bancos,nuevo,2015-04-30,unica,10,330,286,44
1_BOLB_042015.xls,479e5b1824f350e4e6760936ce1b0d5c47ef5e1ea2d4b4bcbb1e39e514058ad9,bancos,nuevo,2015-04-30,unica,11,332,286,46
1_BOLB_042015.xls,479e5b1824f350e4e6760936ce1b0d5c47ef5e1ea2d4b4bcbb1e39e514058ad9,bancos,nuevo,2015-04-30,unica,12,332,286,46
1_BOLB_042015.xls,479e5b1824f350e4e6760936ce1b0d5c47ef5e1ea2d4b4bcbb1e39e514058ad9,bancos,nuevo,2015-04-30,unica,13,332,286,46
1_BOLB_042015.xls,479e5b1824f350e4e6760936ce1b0d5c47ef5e1ea2d4b4bcbb1e39e514058ad9,bancos,nuevo,2015-04-30,unica,14,332,286,46
1_BOLB_042015.xls,479e5b1824f350e4e6760936ce1b0d5c47ef5e1ea2d4b4bcbb1e39e514058ad9,bancos,nuevo,2015-04-30,unica,15,332,286,46
1_BOLB_042015.xls,479e5b1824f350e4e6760936ce1b0d5c47ef5e1ea2d4b4bcbb1e39e514058ad9,bancos,nuevo,2015-04-30,unica,16,332,286,46
1_BOLB_042015.xls,479e5b1824f350e4e6760936ce1b0d5c47ef5e1ea2d4b4bcbb1e39e514058ad9,bancos,nuevo,2015-04-30,unica,17,332,286,46
1_BOLB_042015.xls,479e5b1824f350e4e6760936ce1b0d5c47ef5e1ea2d4b4bcbb1e39e514058ad9,bancos,nuevo,2015-04-30,unica,18,88,78,10
1_BOLB_052015.xls,51c4b9387792e14559a82c81470b13e1d50be6fd0d13b54de0446407bbf178b6,bancos,nuevo,2015-05-31,unica,Carátula Impresa,6,0,6
1_BOLB_052015.xls,51c4b9387792e14559a82c81470b13e1d50be6fd0d13b54de0446407bbf178b6,bancos,nuevo,2015-05-31,unica,Carátula,7,0,7
1_BOLB_052015.xls,51c4b9387792e14559a82c81470b13e1d50be6fd0d13b54de0446407bbf178b6,bancos,nuevo,2015-05-31,unica,Índice,43,18,25
1_BOLB_052015.xls,51c4b9387792e14559a82c81470b13e1d50be6fd0d13b54de0446407bbf178b6,bancos,nuevo,2015-05-31,unica,1,198,136,62
1_BOLB_052015.xls,51c4b9387792e14559a82c81470b13e1d50be6fd0d13b54de0446407bbf178b6,bancos,nuevo,2015-05-31,unica,2,4858,4665,193
1_BOLB_052015.xls,51c4b9387792e14559a82c81470b13e1d50be6fd0d13b54de0446407bbf178b6,bancos,nuevo,2015-05-31,unica,3,5253,5055,198
1_BOLB_052015.xls,51c4b9387792e14559a82c81470b13e1d50be6fd0d13b54de0446407bbf178b6,bancos,nuevo,2015-05-31,unica,4,824,736,88
1_BOLB_052015.xls,51c4b9387792e14559a82c81470b13e1d50be6fd0d13b54de0446407bbf178b6,bancos,nuevo,2015-05-31,unica,5,1216,982,234
1_BOLB_052015.xls,51c4b9387792e14559a82c81470b13e1d50be6fd0d13b54de0446407bbf178b6,bancos,nuevo,2015-05-31,unica,6,330,286,44
1_BOLB_052015.xls,51c4b9387792e14559a82c81470b13e1d50be6fd0d13b54de0446407bbf178b6,bancos,nuevo,2015-05-31,unica,7,330,286,44
1_BOLB_052015.xls,51c4b9387792e14559a82c81470b13e1d50be6fd0d13b54de0446407bbf178b6,bancos,nuevo,2015-05-31,unica,8,330,286,44
1_BOLB_052015.xls,51c4b9387792e14559a82c81470b13e1d50be6fd0d13b54de0446407bbf178b6,bancos,nuevo,2015-05-31,unica,9,330,286,44
1_BOLB_052015.xls,51c4b9387792e14559a82c81470b13e1d50be6fd0d13b54de0446407bbf178b6,bancos,nuevo,2015-05-31,unica,10,330,286,44
1_BOLB_052015.xls,51c4b9387792e14559a82c81470b13e1d50be6fd0d13b54de0446407bbf178b6,bancos,nuevo,2015-05-31,unica,11,332,286,46
1_BOLB_052015.xls,51c4b9387792e14559a82c81470b13e1d50be6fd0d13b54de0446407bbf178b6,bancos,nuevo,2015-05-31,unica,12,332,286,46
1_BOLB_052015.xls,51c4b9387792e14559a82c81470b13e1d50be6fd0d13b54de0446407bbf178b6,bancos,nuevo,2015-05-31,unica,13,332,286,46
1_BOLB_052015.xls,51c4b9387792e14559a82c81470b13e1d50be6fd0d13b54de0446407bbf178b6,bancos,nuevo,2015-05-31,unica,14,332,286,46
1_BOLB_052015.xls,51c4b9387792e14559a82c81470b13e1d50be6fd0d13b54de0446407bbf178b6,bancos,nuevo,2015-05-31,unica,15,332,286,46
1_BOLB_052015.xls,51c4b9387792e14559a82c81470b13e1d50be6fd0d13b54de0446407bbf178b6,bancos,nuevo,2015-05-31,unica,16,332,286,46
1_BOLB_052015.xls,51c4b9387792e14559a82c81470b13e1d50be6fd0d13b54de0446407bbf178b6,bancos,nuevo,2015-05-31,unica,17,332,286,46
1_BOLB_052015.xls,51c4b9387792e14559a82c81470b13e1d50be6fd0d13b54de0446407bbf178b6,bancos,nuevo,2015-05-31,unica,18,88,78,10
1_BOLB_062015(1).xls,e643f08a8338f5089d38797c821827c2c44302abad5efa0e1dc2f5634cd00577,bancos,nuevo,2015-06-30,unica,Carátula Impresa,6,0,6
1_BOLB_062015(1).xls,e643f08a8338f5089d38797c821827c2c44302abad5efa0e1dc2f5634cd00577,bancos,nuevo,2015-06-30,unica,Carátula,7,0,7
1_BOLB_062015(1).xls,e643f08a8338f5089d38797c821827c2c44302abad5efa0e1dc2f5634cd00577,bancos,nuevo,2015-06-30,unica,Índice,43,18,25
1_BOLB_062015(1).xls,e643f08a8338f5089d38797c821827c2c44302abad5efa0e1dc2f5634cd00577,bancos,nuevo,2015-06-30,unica,1,198,135,63
1_BOLB_062015(1).xls,e643f08a8338f5089d38797c821827c2c44302abad5efa0e1dc2f5634cd00577,bancos,nuevo,2015-06-30,unica,2,4858,4665,193
1_BOLB_062015(1).xls,e643f08a8338f5089d38797c821827c2c44302abad5efa0e1dc2f5634cd00577,bancos,nuevo,2015-06-30,unica,3,5253,5055,198
1_BOLB_062015(1).xls,e643f08a8338f5089d38797c821827c2c44302abad5efa0e1dc2f5634cd00577,bancos,nuevo,2015-06-30,unica,4,824,736,88
1_BOLB_062015(1).xls,e643f08a8338f5089d38797c821827c2c44302abad5efa0e1dc2f5634cd00577,bancos,nuevo,2015-06-30,unica,5,1216,982,234
1_BOLB_062015(1).xls,e643f08a8338f5089d38797c821827c2c44302abad5efa0e1dc2f5634cd00577,bancos,nuevo,2015-06-30,unica,6,330,286,44
1_BOLB_062015(1).xls,e643f08a8338f5089d38797c821827c2c44302abad5efa0e1dc2f5634cd00577,bancos,nuevo,2015-06-30,unica,7,330,286,44
1_BOLB_062015(1).xls,e643f08a8338f5089d38797c821827c2c44302abad5efa0e1dc2f5634cd00577,bancos,nuevo,2015-06-30,unica,8,330,286,44
1_BOLB_062015(1).xls,e643f08a8338f5089d38797c821827c2c44302abad5efa0e1dc2f5634cd00577,bancos,nuevo,2015-06-30,unica,9,330,286,44
1_BOLB_062015(1).xls,e643f08a8338f5089d38797c821827c2c44302abad5efa0e1dc2f5634cd00577,bancos,nuevo,2015-06-30,unica,10,330,286,44
1_BOLB_062015(1).xls,e643f08a8338f5089d38797c821827c2c44302abad5efa0e1dc2f5634cd00577,bancos,nuevo,2015-06-30,unica,11,332,286,46
1_BOLB_062015(1).xls,e643f08a8338f5089d38797c821827c2c44302abad5efa0e1dc2f5634cd00577,bancos,nuevo,2015-06-30,unica,12,332,286,46
1_BOLB_062015(1).xls,e643f08a8338f5089d38797c821827c2c44302abad5efa0e1dc2f5634cd00577,bancos,nuevo,2015-06-30,unica,13,332,286,46
1_BOLB_062015(1).xls,e643f08a8338f5089d38797c821827c2c44302abad5efa0e1dc2f5634cd00577,bancos,nuevo,2015-06-30,unica,14,332,286,46
1_BOLB_062015(1).xls,e643f08a8338f5089d38797c821827c2c44302abad5efa0e1dc2f5634cd00577,bancos,nuevo,2015-06-30,unica,15,332,286,46
1_BOLB_062015(1).xls,e643f08a8338f5089d38797c821827c2c44302abad5efa0e1dc2f5634cd00577,bancos,nuevo,2015-06-30,unica,16,332,286,46
1_BOLB_062015(1).xls,e643f08a8338f5089d38797c821827c2c44302abad5efa0e1dc2f5634cd00577,bancos,nuevo,2015-06-30,unica,17,332,286,46
1_BOLB_062015(1).xls,e643f08a8338f5089d38797c821827c2c44302abad5efa0e1dc2f5634cd00577,bancos,nuevo,2015-06-30,unica,18,88,78,10
1_BOLB_072015_vf.xls,8332a35030215a615ac128c15e88421f27075c1a44c2f0cc3d989fb8ad63e114,bancos,nuevo,2015-07-31,unica,Carátula,7,0,7
1_BOLB_072015_vf.xls,8332a35030215a615ac128c15e88421f27075c1a44c2f0cc3d989fb8ad63e114,bancos,nuevo,2015-07-31,unica,Índice,43,18,25
1_BOLB_072015_vf.xls,8332a35030215a615ac128c15e88421f27075c1a44c2f0cc3d989fb8ad63e114,bancos,nuevo,2015-07-31,unica,1,198,135,63
1_BOLB_072015_vf.xls,8332a35030215a615ac128c15e88421f27075c1a44c2f0cc3d989fb8ad63e114,bancos,nuevo,2015-07-31,unica,2,4858,4665,193
1_BOLB_072015_vf.xls,8332a35030215a615ac128c15e88421f27075c1a44c2f0cc3d989fb8ad63e114,bancos,nuevo,2015-07-31,unica,3,5253,5055,198
1_BOLB_072015_vf.xls,8332a35030215a615ac128c15e88421f27075c1a44c2f0cc3d989fb8ad63e114,bancos,nuevo,2015-07-31,unica,4,824,736,88
1_BOLB_072015_vf.xls,8332a35030215a615ac128c15e88421f27075c1a44c2f0cc3d989fb8ad63e114,bancos,nuevo,2015-07-31,unica,5,1216,982,234
1_BOLB_072015_vf.xls,8332a35030215a615ac128c15e88421f27075c1a44c2f0cc3d989fb8ad63e114,bancos,nuevo,2015-07-31,unica,6,330,286,44
1_BOLB_072015_vf.xls,8332a35030215a615ac128c15e88421f27075c1a44c2f0cc3d989fb8ad63e114,bancos,nuevo,2015-07-31,unica,7,330,286,44
1_BOLB_072015_vf.xls,8332a35030215a615ac128c15e88421f27075c1a44c2f0cc3d989fb8ad63e114,bancos,nuevo,2015-07-31,unica,8,330,286,44
1_BOLB_072015_vf.xls,8332a35030215a615ac128c15e88421f27075c1a44c2f0cc3d989fb8ad63e114,bancos,nuevo,2015-07-31,unica,9,330,286,44
1_BOLB_072015_vf.xls,8332a35030215a615ac128c15e88421f27075c1a44c2f0cc3d989fb8ad63e114,bancos,nuevo,2015-07-31,unica,10,330,286,44
1_BOLB_072015_vf.xls,8332a35030215a615ac128c15e88421f27075c1a44c2f0cc3d989fb8ad63e114,bancos,nuevo,2015-07-31,unica,11,332,286,46
1_BOLB_072015_vf.xls,8332a35030215a615ac128c15e88421f27075c1a44c2f0cc3d989fb8ad63e114,bancos,nuevo,2015-07-31,unica,12,332,286,46
1_BOLB_072015_vf.xls,8332a35030215a615ac128c15e88421f27075c1a44c2f0cc3d989fb8ad63e114,bancos,nuevo,2015-07-31,unica,13,332,286,46
1_BOLB_072015_vf.xls,8332a35030215a615ac128c15e88421f27075c1a44c2f0cc3d989fb8ad63e114,bancos,nuevo,2015-07-31,unica,14,332,286,46
1_BOLB_072015_vf.xls,8332a35030215a615ac128c15e88421f27075c1a44c2f0cc3d989fb8ad63e114,bancos,nuevo,2015-07-31,unica,15,332,286,46
1_BOLB_072015_vf.xls,8332a35030215a615ac128c15e88421f27075c1a44c2f0cc3d989fb8ad63e114,bancos,nuevo,2015-07-31,unica,16,332,286,46
1_BOLB_072015_vf.xls,8332a35030215a615ac128c15e88421f27075c1a44c2f0cc3d989fb8ad63e114,bancos,nuevo,2015-07-31,unica,17,332,286,46
1_BOLB_072015_vf.xls,8332a35030215a615ac128c15e88421f27075c1a44c2f0cc3d989fb8ad63e114,bancos,nuevo,2015-07-31,unica,18,88,78,10
1_BOLB_08_2015.xls,0a7be8ccd730a08c20100d617c2c793ea18cf79173b37088db916ef75eb8e3c8,bancos,nuevo,2015-08-31,unica,Carátula Impresa,6,0,6
1_BOLB_08_2015.xls,0a7be8ccd730a08c20100d617c2c793ea18cf79173b37088db916ef75eb8e3c8,bancos,nuevo,2015-08-31,unica,Carátula,7,0,7
1_BOLB_08_2015.xls,0a7be8ccd730a08c20100d617c2c793ea18cf79173b37088db916ef75eb8e3c8,bancos,nuevo,2015-08-31,unica,Índice,43,18,25
1_BOLB_08_2015.xls,0a7be8ccd730a08c20100d617c2c793ea18cf79173b37088db916ef75eb8e3c8,bancos,nuevo,2015-08-31,unica,1,198,136,62
1_BOLB_08_2015.xls,0a7be8ccd730a08c20100d617c2c793ea18cf79173b37088db916ef75eb8e3c8,bancos,nuevo,2015-08-31,unica,2,4858,4665,193
1_BOLB_08_2015.xls,0a7be8ccd730a08c20100d617c2c793ea18cf79173b37088db916ef75eb8e3c8,bancos,nuevo,2015-08-31,unica,3,5253,5055,198
1_BOLB_08_2015.xls,0a7be8ccd730a08c20100d617c2c793ea18cf79173b37088db916ef75eb8e3c8,bancos,nuevo,2015-08-31,unica,4,824,736,88
1_BOLB_08_2015.xls,0a7be8ccd730a08c20100d617c2c793ea18cf79173b37088db916ef75eb8e3c8,bancos,nuevo,2015-08-31,unica,5,1216,983,233
1_BOLB_08_2015.xls,0a7be8ccd730a08c20100d617c2c793ea18cf79173b37088db916ef75eb8e3c8,bancos,nuevo,2015-08-31,unica,6,330,286,44
1_BOLB_08_2015.xls,0a7be8ccd730a08c20100d617c2c793ea18cf79173b37088db916ef75eb8e3c8,bancos,nuevo,2015-08-31,unica,7,330,286,44
1_BOLB_08_2015.xls,0a7be8ccd730a08c20100d617c2c793ea18cf79173b37088db916ef75eb8e3c8,bancos,nuevo,2015-08-31,unica,8,330,286,44
1_BOLB_08_2015.xls,0a7be8ccd730a08c20100d617c2c793ea18cf79173b37088db916ef75eb8e3c8,bancos,nuevo,2015-08-31,unica,9,330,286,44
1_BOLB_08_2015.xls,0a7be8ccd730a08c20100d617c2c793ea18cf79173b37088db916ef75eb8e3c8,bancos,nuevo,2015-08-31,unica,10,330,286,44
1_BOLB_08_2015.xls,0a7be8ccd730a08c20100d617c2c793ea18cf79173b37088db916ef75eb8e3c8,bancos,nuevo,2015-08-31,unica,11,332,286,46
1_BOLB_08_2015.xls,0a7be8ccd730a08c20100d617c2c793ea18cf79173b37088db916ef75eb8e3c8,bancos,nuevo,2015-08-31,unica,12,332,286,46
1_BOLB_08_2015.xls,0a7be8ccd730a08c20100d617c2c793ea18cf79173b37088db916ef75eb8e3c8,bancos,nuevo,2015-08-31,unica,13,332,286,46
1_BOLB_08_2015.xls,0a7be8ccd730a08c20100d617c2c793ea18cf79173b37088db916ef75eb8e3c8,bancos,nuevo,2015-08-31,unica,14,332,286,46
1_BOLB_08_2015.xls,0a7be8ccd730a08c20100d617c2c793ea18cf79173b37088db916ef75eb8e3c8,bancos,nuevo,2015-08-31,unica,15,332,286,46
1_BOLB_08_2015.xls,0a7be8ccd730a08c20100d617c2c793ea18cf79173b37088db916ef75eb8e3c8,bancos,nuevo,2015-08-31,unica,16,332,286,46
1_BOLB_08_2015.xls,0a7be8ccd730a08c20100d617c2c793ea18cf79173b37088db916ef75eb8e3c8,bancos,nuevo,2015-08-31,unica,17,332,286,46
1_BOLB_08_2015.xls,0a7be8ccd730a08c20100d617c2c793ea18cf79173b37088db916ef75eb8e3c8,bancos,nuevo,2015-08-31,unica,18,88,78,10
1_BOLB_092015.xls,639477a88e1ea3198ebb07657fe8dcadd909a7fb8216e6d4c839e130a828dff9,bancos,nuevo,2015-09-30,unica,Carátula Impresa,6,0,6
1_BOLB_092015.xls,639477a88e1ea3198ebb07657fe8dcadd909a7fb8216e6d4c839e130a828dff9,bancos,nuevo,2015-09-30,unica,Carátula,7,0,7
1_BOLB_092015.xls,639477a88e1ea3198ebb07657fe8dcadd909a7fb8216e6d4c839e130a828dff9,bancos,nuevo,2015-09-30,unica,Índice,43,18,25
1_BOLB_092015.xls,639477a88e1ea3198ebb07657fe8dcadd909a7fb8216e6d4c839e130a828dff9,bancos,nuevo,2015-09-30,unica,1,198,136,62
1_BOLB_092015.xls,639477a88e1ea3198ebb07657fe8dcadd909a7fb8216e6d4c839e130a828dff9,bancos,nuevo,2015-09-30,unica,2,4858,4665,193
1_BOLB_092015.xls,639477a88e1ea3198ebb07657fe8dcadd909a7fb8216e6d4c839e130a828dff9,bancos,nuevo,2015-09-30,unica,3,5253,5055,198
1_BOLB_092015.xls,639477a88e1ea3198ebb07657fe8dcadd909a7fb8216e6d4c839e130a828dff9,bancos,nuevo,2015-09-30,unica,4,824,736,88
1_BOLB_092015.xls,639477a88e1ea3198ebb07657fe8dcadd909a7fb8216e6d4c839e130a828dff9,bancos,nuevo,2015-09-30,unica,5,1216,983,233
1_BOLB_092015.xls,639477a88e1ea3198ebb07657fe8dcadd909a7fb8216e6d4c839e130a828dff9,bancos,nuevo,2015-09-30,unica,6,330,286,44
1_BOLB_092015.xls,639477a88e1ea3198ebb07657fe8dcadd909a7fb8216e6d4c839e130a828dff9,bancos,nuevo,2015-09-30,unica,7,330,286,44
1_BOLB_092015.xls,639477a88e1ea3198ebb07657fe8dcadd909a7fb8216e6d4c839e130a828dff9,bancos,nuevo,2015-09-30,unica,8,330,286,44
1_BOLB_092015.xls,639477a88e1ea3198ebb07657fe8dcadd909a7fb8216e6d4c839e130a828dff9,bancos,nuevo,2015-09-30,unica,9,330,286,44
1_BOLB_092015.xls,639477a88e1ea3198ebb07657fe8dcadd909a7fb8216e6d4c839e130a828dff9,bancos,nuevo,2015-09-30,unica,10,330,286,44
1_BOLB_092015.xls,639477a88e1ea3198ebb07657fe8dcadd909a7fb8216e6d4c839e130a828dff9,bancos,nuevo,2015-09-30,unica,11,332,286,46
1_BOLB_092015.xls,639477a88e1ea3198ebb07657fe8dcadd909a7fb8216e6d4c839e130a828dff9,bancos,nuevo,2015-09-30,unica,12,332,286,46
1_BOLB_092015.xls,639477a88e1ea3198ebb07657fe8dcadd909a7fb8216e6d4c839e130a828dff9,bancos,nuevo,2015-09-30,unica,13,332,286,46
1_BOLB_092015.xls,639477a88e1ea3198ebb07657fe8dcadd909a7fb8216e6d4c839e130a828dff9,bancos,nuevo,2015-09-30,unica,14,332,286,46
1_BOLB_092015.xls,639477a88e1ea3198ebb07657fe8dcadd909a7fb8216e6d4c839e130a828dff9,bancos,nuevo,2015-09-30,unica,15,332,286,46
1_BOLB_092015.xls,639477a88e1ea3198ebb07657fe8dcadd909a7fb8216e6d4c839e130a828dff9,bancos,nuevo,2015-09-30,unica,16,332,286,46
1_BOLB_092015.xls,639477a88e1ea3198ebb07657fe8dcadd909a7fb8216e6d4c839e130a828dff9,bancos,nuevo,2015-09-30,unica,17,332,286,46
1_BOLB_092015.xls,639477a88e1ea3198ebb07657fe8dcadd909a7fb8216e6d4c839e130a828dff9,bancos,nuevo,2015-09-30,unica,18,88,78,10
1_BOLB_102015.xls,de93258271259c8bb2ec7362bf75d58dbefa11ef809718aad8855659ad743b5c,bancos,nuevo,2015-10-31,unica,Carátula Impresa,6,0,6
1_BOLB_102015.xls,de93258271259c8bb2ec7362bf75d58dbefa11ef809718aad8855659ad743b5c,bancos,nuevo,2015-10-31,unica,Carátula,7,0,7
1_BOLB_102015.xls,de93258271259c8bb2ec7362bf75d58dbefa11ef809718aad8855659ad743b5c,bancos,nuevo,2015-10-31,unica,Índice,43,18,25
1_BOLB_102015.xls,de93258271259c8bb2ec7362bf75d58dbefa11ef809718aad8855659ad743b5c,bancos,nuevo,2015-10-31,unica,1,198,136,62
1_BOLB_102015.xls,de93258271259c8bb2ec7362bf75d58dbefa11ef809718aad8855659ad743b5c,bancos,nuevo,2015-10-31,unica,2,4989,4794,195
1_BOLB_102015.xls,de93258271259c8bb2ec7362bf75d58dbefa11ef809718aad8855659ad743b5c,bancos,nuevo,2015-10-31,unica,3,5253,5055,198
1_BOLB_102015.xls,de93258271259c8bb2ec7362bf75d58dbefa11ef809718aad8855659ad743b5c,bancos,nuevo,2015-10-31,unica,4,824,736,88
1_BOLB_102015.xls,de93258271259c8bb2ec7362bf75d58dbefa11ef809718aad8855659ad743b5c,bancos,nuevo,2015-10-31,unica,5,1216,982,234
1_BOLB_102015.xls,de93258271259c8bb2ec7362bf75d58dbefa11ef809718aad8855659ad743b5c,bancos,nuevo,2015-10-31,unica,6,330,286,44
1_BOLB_102015.xls,de93258271259c8bb2ec7362bf75d58dbefa11ef809718aad8855659ad743b5c,bancos,nuevo,2015-10-31,unica,7,330,286,44
1_BOLB_102015.xls,de93258271259c8bb2ec7362bf75d58dbefa11ef809718aad8855659ad743b5c,bancos,nuevo,2015-10-31,unica,8,330,286,44
1_BOLB_102015.xls,de93258271259c8bb2ec7362bf75d58dbefa11ef809718aad8855659ad743b5c,bancos,nuevo,2015-10-31,unica,9,330,286,44
1_BOLB_102015.xls,de93258271259c8bb2ec7362bf75d58dbefa11ef809718aad8855659ad743b5c,bancos,nuevo,2015-10-31,unica,10,330,286,44
1_BOLB_102015.xls,de93258271259c8bb2ec7362bf75d58dbefa11ef809718aad8855659ad743b5c,bancos,nuevo,2015-10-31,unica,11,332,286,46
1_BOLB_102015.xls,de93258271259c8bb2ec7362bf75d58dbefa11ef809718aad8855659ad743b5c,bancos,nuevo,2015-10-31,unica,12,332,286,46
1_BOLB_102015.xls,de93258271259c8bb2ec7362bf75d58dbefa11ef809718aad8855659ad743b5c,bancos,nuevo,2015-10-31,unica,13,332,286,46
1_BOLB_102015.xls,de93258271259c8bb2ec7362bf75d58dbefa11ef809718aad8855659ad743b5c,bancos,nuevo,2015-10-31,unica,14,332,286,46
1_BOLB_102015.xls,de93258271259c8bb2ec7362bf75d58dbefa11ef809718aad8855659ad743b5c,bancos,nuevo,2015-10-31,unica,15,332,286,46
1_BOLB_102015.xls,de93258271259c8bb2ec7362bf75d58dbefa11ef809718aad8855659ad743b5c,bancos,nuevo,2015-10-31,unica,16,332,286,46
1_BOLB_102015.xls,de93258271259c8bb2ec7362bf75d58dbefa11ef809718aad8855659ad743b5c,bancos,nuevo,2015-10-31,unica,17,332,286,46
1_BOLB_102015.xls,de93258271259c8bb2ec7362bf75d58dbefa11ef809718aad8855659ad743b5c,bancos,nuevo,2015-10-31,unica,18,88,78,10
1_BOLB 112015.xls,54c96f6a306b93aa4cfd189e5476ab0632f47f98195cea88a58b5ba817899005,bancos,nuevo,2015-11-30,unica,Carátula Impresa,6,0,6
1_BOLB 112015.xls,54c96f6a306b93aa4cfd189e5476ab0632f47f98195cea88a58b5ba817899005,bancos,nuevo,2015-11-30,unica,Carátula,7,0,7
1_BOLB 112015.xls,54c96f6a306b93aa4cfd189e5476ab0632f47f98195cea88a58b5ba817899005,bancos,nuevo,2015-11-30,unica,Índice,43,18,25
1_BOLB 112015.xls,54c96f6a306b93aa4cfd189e5476ab0632f47f98195cea88a58b5ba817899005,bancos,nuevo,2015-11-30,unica,1,198,135,63
1_BOLB 112015.xls,54c96f6a306b93aa4cfd189e5476ab0632f47f98195cea88a58b5ba817899005,bancos,nuevo,2015-11-30,unica,2,4989,4794,195
1_BOLB 112015.xls,54c96f6a306b93aa4cfd189e5476ab0632f47f98195cea88a58b5ba817899005,bancos,nuevo,2015-11-30,unica,3,5253,5055,198
1_BOLB 112015.xls,54c96f6a306b93aa4cfd189e5476ab0632f47f98195cea88a58b5ba817899005,bancos,nuevo,2015-11-30,unica,4,823,735,88
1_BOLB 112015.xls,54c96f6a306b93aa4cfd189e5476ab0632f47f98195cea88a58b5ba817899005,bancos,nuevo,2015-11-30,unica,5,1216,982,234
1_BOLB 112015.xls,54c96f6a306b93aa4cfd189e5476ab0632f47f98195cea88a58b5ba817899005,bancos,nuevo,2015-11-30,unica,6,330,286,44
1_BOLB 112015.xls,54c96f6a306b93aa4cfd189e5476ab0632f47f98195cea88a58b5ba817899005,bancos,nuevo,2015-11-30,unica,7,330,286,44
1_BOLB 112015.xls,54c96f6a306b93aa4cfd189e5476ab0632f47f98195cea88a58b5ba817899005,bancos,nuevo,2015-11-30,unica,8,330,286,44
1_BOLB 112015.xls,54c96f6a306b93aa4cfd189e5476ab0632f47f98195cea88a58b5ba817899005,bancos,nuevo,2015-11-30,unica,9,330,286,44
1_BOLB 112015.xls,54c96f6a306b93aa4cfd189e5476ab0632f47f98195cea88a58b5ba817899005,bancos,nuevo,2015-11-30,unica,10,330,286,44
1_BOLB 112015.xls,54c96f6a306b93aa4cfd189e5476ab0632f47f98195cea88a58b5ba817899005,bancos,nuevo,2015-11-30,unica,11,332,286,46
1_BOLB 112015.xls,54c96f6a306b93aa4cfd189e5476ab0632f47f98195cea88a58b5ba817899005,bancos,nuevo,2015-11-30,unica,12,332,286,46
1_BOLB 112015.xls,54c96f6a306b93aa4cfd189e5476ab0632f47f98195cea88a58b5ba817899005,bancos,nuevo,2015-11-30,unica,13,332,286,46
1_BOLB 112015.xls,54c96f6a306b93aa4cfd189e5476ab0632f47f98195cea88a58b5ba817899005,bancos,nuevo,2015-11-30,unica,14,332,286,46
1_BOLB 112015.xls,54c96f6a306b93aa4cfd189e5476ab0632f47f98195cea88a58b5ba817899005,bancos,nuevo,2015-11-30,unica,15,332,286,46
1_BOLB 112015.xls,54c96f6a306b93aa4cfd189e5476ab0632f47f98195cea88a58b5ba817899005,bancos,nuevo,2015-11-30,unica,16,332,286,46
1_BOLB 112015.xls,54c96f6a306b93aa4cfd189e5476ab0632f47f98195cea88a58b5ba817899005,bancos,nuevo,2015-11-30,unica,17,332,286,46
1_BOLB 112015.xls,54c96f6a306b93aa4cfd189e5476ab0632f47f98195cea88a58b5ba817899005,bancos,nuevo,2015-11-30,unica,18,88,78,10
1_BOLB_122015.xls,51d435efda73cff4c75903e95ef8080f2ca9d86c2e982f6dc38e6be0e464b114,bancos,nuevo,2015-12-31,unica,Carátula Impresa,6,0,6
1_BOLB_122015.xls,51d435efda73cff4c75903e95ef8080f2ca9d86c2e982f6dc38e6be0e464b114,bancos,nuevo,2015-12-31,unica,Carátula,7,0,7
1_BOLB_122015.xls,51d435efda73cff4c75903e95ef8080f2ca9d86c2e982f6dc38e6be0e464b114,bancos,nuevo,2015-12-31,unica,Índice,43,18,25
1_BOLB_122015.xls,51d435efda73cff4c75903e95ef8080f2ca9d86c2e982f6dc38e6be0e464b114,bancos,nuevo,2015-12-31,unica,1,198,135,63
1_BOLB_122015.xls,51d435efda73cff4c75903e95ef8080f2ca9d86c2e982f6dc38e6be0e464b114,bancos,nuevo,2015-12-31,unica,2,4989,4794,195
1_BOLB_122015.xls,51d435efda73cff4c75903e95ef8080f2ca9d86c2e982f6dc38e6be0e464b114,bancos,nuevo,2015-12-31,unica,3,5253,5055,198
1_BOLB_122015.xls,51d435efda73cff4c75903e95ef8080f2ca9d86c2e982f6dc38e6be0e464b114,bancos,nuevo,2015-12-31,unica,4,824,736,88
1_BOLB_122015.xls,51d435efda73cff4c75903e95ef8080f2ca9d86c2e982f6dc38e6be0e464b114,bancos,nuevo,2015-12-31,unica,5,1216,984,232
1_BOLB_122015.xls,51d435efda73cff4c75903e95ef8080f2ca9d86c2e982f6dc38e6be0e464b114,bancos,nuevo,2015-12-31,unica,6,330,286,44
1_BOLB_122015.xls,51d435efda73cff4c75903e95ef8080f2ca9d86c2e982f6dc38e6be0e464b114,bancos,nuevo,2015-12-31,unica,7,330,286,44
1_BOLB_122015.xls,51d435efda73cff4c75903e95ef8080f2ca9d86c2e982f6dc38e6be0e464b114,bancos,nuevo,2015-12-31,unica,8,330,286,44
1_BOLB_122015.xls,51d435efda73cff4c75903e95ef8080f2ca9d86c2e982f6dc38e6be0e464b114,bancos,nuevo,2015-12-31,unica,9,330,286,44
1_BOLB_122015.xls,51d435efda73cff4c75903e95ef8080f2ca9d86c2e982f6dc38e6be0e464b114,bancos,nuevo,2015-12-31,unica,10,330,286,44
1_BOLB_122015.xls,51d435efda73cff4c75903e95ef8080f2ca9d86c2e982f6dc38e6be0e464b114,bancos,nuevo,2015-12-31,unica,11,332,286,46
1_BOLB_122015.xls,51d435efda73cff4c75903e95ef8080f2ca9d86c2e982f6dc38e6be0e464b114,bancos,nuevo,2015-12-31,unica,12,332,286,46
1_BOLB_122015.xls,51d435efda73cff4c75903e95ef8080f2ca9d86c2e982f6dc38e6be0e464b114,bancos,nuevo,2015-12-31,unica,13,332,286,46
1_BOLB_122015.xls,51d435efda73cff4c75903e95ef8080f2ca9d86c2e982f6dc38e6be0e464b114,bancos,nuevo,2015-12-31,unica,14,332,286,46
1_BOLB_122015.xls,51d435efda73cff4c75903e95ef8080f2ca9d86c2e982f6dc38e6be0e464b114,bancos,nuevo,2015-12-31,unica,15,332,286,46
1_BOLB_122015.xls,51d435efda73cff4c75903e95ef8080f2ca9d86c2e982f6dc38e6be0e464b114,bancos,nuevo,2015-12-31,unica,16,332,286,46
1_BOLB_122015.xls,51d435efda73cff4c75903e95ef8080f2ca9d86c2e982f6dc38e6be0e464b114,bancos,nuevo,2015-12-31,unica,17,332,286,46
1_BOLB_122015.xls,51d435efda73cff4c75903e95ef8080f2ca9d86c2e982f6dc38e6be0e464b114,bancos,nuevo,2015-12-31,unica,18,88,79,9
BOLCC 012011.xls,4e300bb829bf70805e5653459a6253872095775a725004c46ddf1644a40f0345,casas_cambio,clasico,2011-01-31,unica,PAG33,550,475,75
BOLCC 012011.xls,4e300bb829bf70805e5653459a6253872095775a725004c46ddf1644a40f0345,casas_cambio,clasico,2011-01-31,unica,Gráficos,33,32,1
BOLCC 012011.xls,4e300bb829bf70805e5653459a6253872095775a725004c46ddf1644a40f0345,casas_cambio,clasico,2011-01-31,unica,PAG34,367,298,69
BOLCC 012011.xls,4e300bb829bf70805e5653459a6253872095775a725004c46ddf1644a40f0345,casas_cambio,clasico,2011-01-31,unica,PAG35,276,213,63
BOLCC 012011.xls,4e300bb829bf70805e5653459a6253872095775a725004c46ddf1644a40f0345,casas_cambio,clasico,2011-01-31,unica,PAG36,265,204,61
BOLCC 012011.xls,4e300bb829bf70805e5653459a6253872095775a725004c46ddf1644a40f0345,casas_cambio,clasico,2011-01-31,unica,PAG37,303,237,66
BOLCC 012011.xls,4e300bb829bf70805e5653459a6253872095775a725004c46ddf1644a40f0345,casas_cambio,clasico,2011-01-31,unica,PAG38,413,338,75
BOLCC 012011.xls,4e300bb829bf70805e5653459a6253872095775a725004c46ddf1644a40f0345,casas_cambio,clasico,2011-01-31,unica,PAG39,449,372,77
BOLCC 012011.xls,4e300bb829bf70805e5653459a6253872095775a725004c46ddf1644a40f0345,casas_cambio,clasico,2011-01-31,unica,PAG40,369,269,100
BOLCC 012011.xls,4e300bb829bf70805e5653459a6253872095775a725004c46ddf1644a40f0345,casas_cambio,clasico,2011-01-31,unica,PAG41,222,165,57
BOLCC 012011.xls,4e300bb829bf70805e5653459a6253872095775a725004c46ddf1644a40f0345,casas_cambio,clasico,2011-01-31,unica,PAG42,238,148,90
BOLCC 012011.xls,4e300bb829bf70805e5653459a6253872095775a725004c46ddf1644a40f0345,casas_cambio,clasico,2011-01-31,unica,Módulo1,0,0,0
BOLCC 012011.xls,4e300bb829bf70805e5653459a6253872095775a725004c46ddf1644a40f0345,casas_cambio,clasico,2011-01-31,unica,Módulo2,0,0,0
BOLCC 022011.xls,3065966ef80b8963805e783fdb71868278569ff6d338f35d0335b2395943beca,casas_cambio,clasico,2011-02-28,unica,PAG33,551,476,75
BOLCC 022011.xls,3065966ef80b8963805e783fdb71868278569ff6d338f35d0335b2395943beca,casas_cambio,clasico,2011-02-28,unica,Gráficos,33,32,1
BOLCC 022011.xls,3065966ef80b8963805e783fdb71868278569ff6d338f35d0335b2395943beca,casas_cambio,clasico,2011-02-28,unica,PAG34,368,299,69
BOLCC 022011.xls,3065966ef80b8963805e783fdb71868278569ff6d338f35d0335b2395943beca,casas_cambio,clasico,2011-02-28,unica,PAG35,276,214,62
BOLCC 022011.xls,3065966ef80b8963805e783fdb71868278569ff6d338f35d0335b2395943beca,casas_cambio,clasico,2011-02-28,unica,PAG36,265,204,61
BOLCC 022011.xls,3065966ef80b8963805e783fdb71868278569ff6d338f35d0335b2395943beca,casas_cambio,clasico,2011-02-28,unica,PAG37,301,237,64
BOLCC 022011.xls,3065966ef80b8963805e783fdb71868278569ff6d338f35d0335b2395943beca,casas_cambio,clasico,2011-02-28,unica,PAG38,414,339,75
BOLCC 022011.xls,3065966ef80b8963805e783fdb71868278569ff6d338f35d0335b2395943beca,casas_cambio,clasico,2011-02-28,unica,PAG39,450,374,76
BOLCC 022011.xls,3065966ef80b8963805e783fdb71868278569ff6d338f35d0335b2395943beca,casas_cambio,clasico,2011-02-28,unica,PAG40,303,201,102
BOLCC 022011.xls,3065966ef80b8963805e783fdb71868278569ff6d338f35d0335b2395943beca,casas_cambio,clasico,2011-02-28,unica,PAG41,224,165,59
BOLCC 022011.xls,3065966ef80b8963805e783fdb71868278569ff6d338f35d0335b2395943beca,casas_cambio,clasico,2011-02-28,unica,PAG42,241,152,89
BOLCC 022011.xls,3065966ef80b8963805e783fdb71868278569ff6d338f35d0335b2395943beca,casas_cambio,clasico,2011-02-28,unica,Módulo1,0,0,0
BOLCC 022011.xls,3065966ef80b8963805e783fdb71868278569ff6d338f35d0335b2395943beca,casas_cambio,clasico,2011-02-28,unica,Módulo2,0,0,0
BOLCC 032011.xls,e31131603cf8f5e7e4d26c0c9b38b3b6d25a244c68e73856002f54c35a586be3,casas_cambio,clasico,2011-03-31,unica,PAG33,552,477,75
BOLCC 032011.xls,e31131603cf8f5e7e4d26c0c9b38b3b6d25a244c68e73856002f54c35a586be3,casas_cambio,clasico,2011-03-31,unica,Gráficos,33,32,1
BOLCC 032011.xls,e31131603cf8f5e7e4d26c0c9b38b3b6d25a244c68e73856002f54c35a586be3,casas_cambio,clasico,2011-03-31,unica,PAG34,368,299,69
BOLCC 032011.xls,e31131603cf8f5e7e4d26c0c9b38b3b6d25a244c68e73856002f54c35a586be3,casas_cambio,clasico,2011-03-31,unica,PAG35,276,214,62
BOLCC 032011.xls,e31131603cf8f5e7e4d26c0c9b38b3b6d25a244c68e73856002f54c35a586be3,casas_cambio,clasico,2011-03-31,unica,PAG36,265,204,61
BOLCC 032011.xls,e31131603cf8f5e7e4d26c0c9b38b3b6d25a244c68e73856002f54c35a586be3,casas_cambio,clasico,2011-03-31,unica,PAG37,301,237,64
BOLCC 032011.xls,e31131603cf8f5e7e4d26c0c9b38b3b6d25a244c68e73856002f54c35a586be3,casas_cambio,clasico,2011-03-31,unica,PAG38,414,339,75
BOLCC 032011.xls,e31131603cf8f5e7e4d26c0c9b38b3b6d25a244c68e73856002f54c35a586be3,casas_cambio,clasico,2011-03-31,unica,PAG39,449,373,76
BOLCC 032011.xls,e31131603cf8f5e7e4d26c0c9b38b3b6d25a244c68e73856002f54c35a586be3,casas_cambio,clasico,2011-03-31,unica,PAG40,300,201,99
BOLCC 032011.xls,e31131603cf8f5e7e4d26c0c9b38b3b6d25a244c68e73856002f54c35a586be3,casas_cambio,clasico,2011-03-31,unica,PAG41,224,166,58
BOLCC 032011.xls,e31131603cf8f5e7e4d26c0c9b38b3b6d25a244c68e73856002f54c35a586be3,casas_cambio,clasico,2011-03-31,unica,PAG42,238,148,90
BOLCC 032011.xls,e31131603cf8f5e7e4d26c0c9b38b3b6d25a244c68e73856002f54c35a586be3,casas_cambio,clasico,2011-03-31,unica,Módulo1,0,0,0
BOLCC 032011.xls,e31131603cf8f5e7e4d26c0c9b38b3b6d25a244c68e73856002f54c35a586be3,casas_cambio,clasico,2011-03-31,unica,Módulo2,0,0,0
BOLCC 042011.xls,8f543b834f27de49224cbfcf77cdb33f6884a44abe330ee5e71b6345ab6194bc,casas_cambio,clasico,2011-04-30,unica,PAG33,552,477,75
BOLCC 042011.xls,8f543b834f27de49224cbfcf77cdb33f6884a44abe330ee5e71b6345ab6194bc,casas_cambio,clasico,2011-04-30,unica,Gráficos,33,32,1
BOLCC 042011.xls,8f543b834f27de49224cbfcf77cdb33f6884a44abe330ee5e71b6345ab6194bc,casas_cambio,clasico,2011-04-30,unica,PAG34,367,299,68
BOLCC 042011.xls,8f543b834f27de49224cbfcf77cdb33f6884a44abe330ee5e71b6345ab6194bc,casas_cambio,clasico,2011-04-30,unica,PAG35,276,214,62
BOLCC 042011.xls,8f543b834f27de49224cbfcf77cdb33f6884a44abe330ee5e71b6345ab6194bc,casas_cambio,clasico,2011-04-30,unica,PAG36,265,204,61
BOLCC 042011.xls,8f543b834f27de49224cbfcf77cdb33f6884a44abe330ee5e71b6345ab6194bc,casas_cambio,clasico,2011-04-30,unica,PAG37,301,237,64
BOLCC 042011.xls,8f543b834f27de49224cbfcf77cdb33f6884a44abe330ee5e71b6345ab6194bc,casas_cambio,clasico,2011-04-30,unica,PAG38,414,339,75
BOLCC 042011.xls,8f543b834f27de49224cbfcf77cdb33f6884a44abe330ee5e71b6345ab6194bc,casas_cambio,clasico,2011-04-30,unica,PAG39,449,373,76
BOLCC 042011.xls,8f543b834f27de49224cbfcf77cdb33f6884a44abe330ee5e71b6345ab6194bc,casas_cambio,clasico,2011-04-30,unica,PAG40,303,200,103
BOLCC 042011.xls,8f543b834f27de49224cbfcf77cdb33f6884a44abe330ee5e71b6345ab6194bc,casas_cambio,clasico,2011-04-30,unica,PAG41,224,165,59
BOLCC 042011.xls,8f543b834f27de49224cbfcf77cdb33f6884a44abe330ee5e71b6345ab6194bc,casas_cambio,clasico,2011-04-30,unica,PAG42,241,148,93
BOLCC 042011.xls,8f543b834f27de49224cbfcf77cdb33f6884a44abe330ee5e71b6345ab6194bc,casas_cambio,clasico,2011-04-30,unica,Módulo1,0,0,0
BOLCC 042011.xls,8f543b834f27de49224cbfcf77cdb33f6884a44abe330ee5e71b6345ab6194bc,casas_cambio,clasico,2011-04-30,unica,Módulo2,0,0,0
BOLCC 052011.xls,dcacaa2d96f16ba7d293f99e254f853f2020ae6a66a5d6f65c2ed8252981ca5b,casas_cambio,clasico,2011-05-31,unica,PAG33,553,478,75
BOLCC 052011.xls,dcacaa2d96f16ba7d293f99e254f853f2020ae6a66a5d6f65c2ed8252981ca5b,casas_cambio,clasico,2011-05-31,unica,Gráficos,33,32,1
BOLCC 052011.xls,dcacaa2d96f16ba7d293f99e254f853f2020ae6a66a5d6f65c2ed8252981ca5b,casas_cambio,clasico,2011-05-31,unica,PAG34,368,299,69
BOLCC 052011.xls,dcacaa2d96f16ba7d293f99e254f853f2020ae6a66a5d6f65c2ed8252981ca5b,casas_cambio,clasico,2011-05-31,unica,PAG35,277,214,63
BOLCC 052011.xls,dcacaa2d96f16ba7d293f99e254f853f2020ae6a66a5d6f65c2ed8252981ca5b,casas_cambio,clasico,2011-05-31,unica,PAG36,265,204,61
BOLCC 052011.xls,dcacaa2d96f16ba7d293f99e254f853f2020ae6a66a5d6f65c2ed8252981ca5b,casas_cambio,clasico,2011-05-31,unica,PAG37,301,237,64
BOLCC 052011.xls,dcacaa2d96f16ba7d293f99e254f853f2020ae6a66a5d6f65c2ed8252981ca5b,casas_cambio,clasico,2011-05-31,unica,PAG38,414,339,75
BOLCC 052011.xls,dcacaa2d96f16ba7d293f99e254f853f2020ae6a66a5d6f65c2ed8252981ca5b,casas_cambio,clasico,2011-05-31,unica,PAG39,449,373,76
BOLCC 052011.xls,dcacaa2d96f16ba7d293f99e254f853f2020ae6a66a5d6f65c2ed8252981ca5b,casas_cambio,clasico,2011-05-31,unica,PAG40,300,203,97
BOLCC 052011.xls,dcacaa2d96f16ba7d293f99e254f853f2020ae6a66a5d6f65c2ed8252981ca5b,casas_cambio,clasico,2011-05-31,unica,PAG41,224,166,58
BOLCC 052011.xls,dcacaa2d96f16ba7d293f99e254f853f2020ae6a66a5d6f65c2ed8252981ca5b,casas_cambio,clasico,2011-05-31,unica,PAG42,238,148,90
BOLCC 052011.xls,dcacaa2d96f16ba7d293f99e254f853f2020ae6a66a5d6f65c2ed8252981ca5b,casas_cambio,clasico,2011-05-31,unica,Módulo1,0,0,0
BOLCC 052011.xls,dcacaa2d96f16ba7d293f99e254f853f2020ae6a66a5d6f65c2ed8252981ca5b,casas_cambio,clasico,2011-05-31,unica,Módulo2,0,0,0
BOLCC 062011.xls,17c8db62c12f7dff3be13acfbb82fb22f457f0febbf1f21904a256333192a9bf,casas_cambio,clasico,2011-06-30,unica,PAG33,427,354,73
BOLCC 062011.xls,17c8db62c12f7dff3be13acfbb82fb22f457f0febbf1f21904a256333192a9bf,casas_cambio,clasico,2011-06-30,unica,Gráficos,31,30,1
BOLCC 062011.xls,17c8db62c12f7dff3be13acfbb82fb22f457f0febbf1f21904a256333192a9bf,casas_cambio,clasico,2011-06-30,unica,PAG34,348,281,67
BOLCC 062011.xls,17c8db62c12f7dff3be13acfbb82fb22f457f0febbf1f21904a256333192a9bf,casas_cambio,clasico,2011-06-30,unica,PAG35,260,200,60
BOLCC 062011.xls,17c8db62c12f7dff3be13acfbb82fb22f457f0febbf1f21904a256333192a9bf,casas_cambio,clasico,2011-06-30,unica,PAG36,251,192,59
BOLCC 062011.xls,17c8db62c12f7dff3be13acfbb82fb22f457f0febbf1f21904a256333192a9bf,casas_cambio,clasico,2011-06-30,unica,PAG37,285,223,62
BOLCC 062011.xls,17c8db62c12f7dff3be13acfbb82fb22f457f0febbf1f21904a256333192a9bf,casas_cambio,clasico,2011-06-30,unica,PAG38,392,319,73
BOLCC 062011.xls,17c8db62c12f7dff3be13acfbb82fb22f457f0febbf1f21904a256333192a9bf,casas_cambio,clasico,2011-06-30,unica,PAG39,425,351,74
BOLCC 062011.xls,17c8db62c12f7dff3be13acfbb82fb22f457f0febbf1f21904a256333192a9bf,casas_cambio,clasico,2011-06-30,unica,PAG40,287,194,93
BOLCC 062011.xls,17c8db62c12f7dff3be13acfbb82fb22f457f0febbf1f21904a256333192a9bf,casas_cambio,clasico,2011-06-30,unica,PAG41,212,159,53
BOLCC 062011.xls,17c8db62c12f7dff3be13acfbb82fb22f457f0febbf1f21904a256333192a9bf,casas_cambio,clasico,2011-06-30,unica,PAG42,227,141,86
BOLCC 062011.xls,17c8db62c12f7dff3be13acfbb82fb22f457f0febbf1f21904a256333192a9bf,casas_cambio,clasico,2011-06-30,unica,Módulo1,0,0,0
BOLCC 062011.xls,17c8db62c12f7dff3be13acfbb82fb22f457f0febbf1f21904a256333192a9bf,casas_cambio,clasico,2011-06-30,unica,Módulo2,0,0,0
BOLCC 072011.xls,e61524e796e1898f620c8bec6d773cf0f9d01464e9fb5cc2471ef1f34b39c528,casas_cambio,clasico,2011-07-31,unica,PAG33,427,354,73
BOLCC 072011.xls,e61524e796e1898f620c8bec6d773cf0f9d01464e9fb5cc2471ef1f34b39c528,casas_cambio,clasico,2011-07-31,unica,Gráficos,31,30,1
BOLCC 072011.xls,e61524e796e1898f620c8bec6d773cf0f9d01464e9fb5cc2471ef1f34b39c528,casas_cambio,clasico,2011-07-31,unica,PAG34,348,281,67
BOLCC 072011.xls,e61524e796e1898f620c8bec6d773cf0f9d01464e9fb5cc2471ef1f34b39c528,casas_cambio,clasico,2011-07-31,unica,PAG35,260,200,60
BOLCC 072011.xls,e61524e796e1898f620c8bec6d773cf0f9d01464e9fb5cc2471ef1f34b39c528,casas_cambio,clasico,2011-07-31,unica,PAG36,251,192,59
BOLCC 072011.xls,e61524e796e1898f620c8bec6d773cf0f9d01464e9fb5cc2471ef1f34b39c528,casas_cambio,clasico,2011-07-31,unica,PAG37,285,223,62
BOLCC 072011.xls,e61524e796e1898f620c8bec6d773cf0f9d01464e9fb5cc2471ef1f34b39c528,casas_cambio,clasico,2011-07-31,unica,PAG38,392,319,73
BOLCC 072011.xls,e61524e796e1898f620c8bec6d773cf0f9d01464e9fb5cc2471ef1f34b39c528,casas_cambio,clasico,2011-07-31,unica,PAG39,425,351,74
BOLCC 072011.xls,e61524e796e1898f620c8bec6d773cf0f9d01464e9fb5cc2471ef1f34b39c528,casas_cambio,clasico,2011-07-31,unica,PAG40,287,194,93
BOLCC 072011.xls,e61524e796e1898f620c8bec6d773cf0f9d01464e9fb5cc2471ef1f34b39c528,casas_cambio,clasico,2011-07-31,unica,PAG41,212,159,53
BOLCC 072011.xls,e61524e796e1898f620c8bec6d773cf0f9d01464e9fb5cc2471ef1f34b39c528,casas_cambio,clasico,2011-07-31,unica,PAG42,227,139,88
BOLCC 072011.xls,e61524e796e1898f620c8bec6d773cf0f9d01464e9fb5cc2471ef1f34b39c528,casas_cambio,clasico,2011-07-31,unica,Módulo1,0,0,0
BOLCC 072011.xls,e61524e796e1898f620c8bec6d773cf0f9d01464e9fb5cc2471ef1f34b39c528,casas_cambio,clasico,2011-07-31,unica,Módulo2,0,0,0
BOLCC 082011.xls,e1feaca55d44321036e078e086abbcbcb6fa6a4ac803258d6d2c69dce894c773,casas_cambio,clasico,2011-08-31,unica,PAG33,434,354,80
BOLCC 082011.xls,e1feaca55d44321036e078e086abbcbcb6fa6a4ac803258d6d2c69dce894c773,casas_cambio,clasico,2011-08-31,unica,Gráficos,31,30,1
BOLCC 082011.xls,e1feaca55d44321036e078e086abbcbcb6fa6a4ac803258d6d2c69dce894c773,casas_cambio,clasico,2011-08-31,unica,PAG34,355,281,74
BOLCC 082011.xls,e1feaca55d44321036e078e086abbcbcb6fa6a4ac803258d6d2c69dce894c773,casas_cambio,clasico,2011-08-31,unica,PAG35,267,200,67
BOLCC 082011.xls,e1feaca55d44321036e078e086abbcbcb6fa6a4ac803258d6d2c69dce894c773,casas_cambio,clasico,2011-08-31,unica,PAG36,258,192,66
BOLCC 082011.xls,e1feaca55d44321036e078e086abbcbcb6fa6a4ac803258d6d2c69dce894c773,casas_cambio,clasico,2011-08-31,unica,PAG37,358,273,85
BOLCC 082011.xls,e1feaca55d44321036e078e086abbcbcb6fa6a4ac803258d6d2c69dce894c773,casas_cambio,clasico,2011-08-31,unica,PAG38,399,319,80
BOLCC 082011.xls,e1feaca55d44321036e078e086abbcbcb6fa6a4ac803258d6d2c69dce894c773,casas_cambio,clasico,2011-08-31,unica,PAG39,496,411,85
BOLCC 082011.xls,e1feaca55d44321036e078e086abbcbcb6fa6a4ac803258d6d2c69dce894c773,casas_cambio,clasico,2011-08-31,unica,PAG40,360,261,99
BOLCC 082011.xls,e1feaca55d44321036e078e086abbcbcb6fa6a4ac803258d6d2c69dce894c773,casas_cambio,clasico,2011-08-31,unica,PAG41,221,160,61
BOLCC 082011.xls,e1feaca55d44321036e078e086abbcbcb6fa6a4ac803258d6d2c69dce894c773,casas_cambio,clasico,2011-08-31,unica,PAG42,239,142,97
BOLCC 082011.xls,e1feaca55d44321036e078e086abbcbcb6fa6a4ac803258d6d2c69dce894c773,casas_cambio,clasico,2011-08-31,unica,Módulo1,0,0,0
BOLCC 082011.xls,e1feaca55d44321036e078e086abbcbcb6fa6a4ac803258d6d2c69dce894c773,casas_cambio,clasico,2011-08-31,unica,Módulo2,0,0,0
BOLCC 092011.xls,ebcad9e9420af644686bcd19fedc3173ca48901b94185d0113e52307f410a408,casas_cambio,clasico,2011-09-30,unica,PAG33,427,354,73
BOLCC 092011.xls,ebcad9e9420af644686bcd19fedc3173ca48901b94185d0113e52307f410a408,casas_cambio,clasico,2011-09-30,unica,Gráficos,31,30,1
BOLCC 092011.xls,ebcad9e9420af644686bcd19fedc3173ca48901b94185d0113e52307f410a408,casas_cambio,clasico,2011-09-30,unica,PAG34,348,281,67
BOLCC 092011.xls,ebcad9e9420af644686bcd19fedc3173ca48901b94185d0113e52307f410a408,casas_cambio,clasico,2011-09-30,unica,PAG35,262,200,62
BOLCC 092011.xls,ebcad9e9420af644686bcd19fedc3173ca48901b94185d0113e52307f410a408,casas_cambio,clasico,2011-09-30,unica,PAG36,251,192,59
BOLCC 092011.xls,ebcad9e9420af644686bcd19fedc3173ca48901b94185d0113e52307f410a408,casas_cambio,clasico,2011-09-30,unica,PAG37,285,223,62
BOLCC 092011.xls,ebcad9e9420af644686bcd19fedc3173ca48901b94185d0113e52307f410a408,casas_cambio,clasico,2011-09-30,unica,PAG38,392,319,73
BOLCC 092011.xls,ebcad9e9420af644686bcd19fedc3173ca48901b94185d0113e52307f410a408,casas_cambio,clasico,2011-09-30,unica,PAG39,425,351,74
BOLCC 092011.xls,ebcad9e9420af644686bcd19fedc3173ca48901b94185d0113e52307f410a408,casas_cambio,clasico,2011-09-30,unica,PAG40,287,197,90
BOLCC 092011.xls,ebcad9e9420af644686bcd19fedc3173ca48901b94185d0113e52307f410a408,casas_cambio,clasico,2011-09-30,unica,PAG41,212,159,53
BOLCC 092011.xls,ebcad9e9420af644686bcd19fedc3173ca48901b94185d0113e52307f410a408,casas_cambio,clasico,2011-09-30,unica,PAG42,227,139,88
BOLCC 092011.xls,ebcad9e9420af644686bcd19fedc3173ca48901b94185d0113e52307f410a408,casas_cambio,clasico,2011-09-30,unica,Módulo1,0,0,0
BOLCC 092011.xls,ebcad9e9420af644686bcd19fedc3173ca48901b94185d0113e52307f410a408,casas_cambio,clasico,2011-09-30,unica,Módulo2,0,0,0
BOLCC 102011.xls,dced89e938fde48157f767f690cc460054168c483178fa96d5033cba74e9b1b8,casas_cambio,clasico,2011-10-31,unica,PAG33,427,354,73
BOLCC 102011.xls,dced89e938fde48157f767f690cc460054168c483178fa96d5033cba74e9b1b8,casas_cambio,clasico,2011-10-31,unica,Gráficos,31,30,1
BOLCC 102011.xls,dced89e938fde48157f767f690cc460054168c483178fa96d5033cba74e9b1b8,casas_cambio,clasico,2011-10-31,unica,PAG34,348,281,67
BOLCC 102011.xls,dced89e938fde48157f767f690cc460054168c483178fa96d5033cba74e9b1b8,casas_cambio,clasico,2011-10-31,unica,PAG35,260,200,60
BOLCC 102011.xls,dced89e938fde48157f767f690cc460054168c483178fa96d5033cba74e9b1b8,casas_cambio,clasico,2011-10-31,unica,PAG36,251,192,59
BOLCC 102011.xls,dced89e938fde48157f767f690cc460054168c483178fa96d5033cba74e9b1b8,casas_cambio,clasico,2011-10-31,unica,PAG37,285,223,62
BOLCC 102011.xls,dced89e938fde48157f767f690cc460054168c483178fa96d5033cba74e9b1b8,casas_cambio,clasico,2011-10-31,unica,PAG38,392,319,73
BOLCC 102011.xls,dced89e938fde48157f767f690cc460054168c483178fa96d5033cba74e9b1b8,casas_cambio,clasico,2011-10-31,unica,PAG39,426,352,74
BOLCC 102011.xls,dced89e938fde48157f767f690cc460054168c483178fa96d5033cba74e9b1b8,casas_cambio,clasico,2011-10-31,unica,PAG40,287,196,91
BOLCC 102011.xls,dced89e938fde48157f767f690cc460054168c483178fa96d5033cba74e9b1b8,casas_cambio,clasico,2011-10-31,unica,PAG41,214,160,54
BOLCC 102011.xls,dced89e938fde48157f767f690cc460054168c483178fa96d5033cba74e9b1b8,casas_cambio,clasico,2011-10-31,unica,PAG42,229,138,91
BOLCC 102011.xls,dced89e938fde48157f767f690cc460054168c483178fa96d5033cba74e9b1b8,casas_cambio,clasico,2011-10-31,unica,Módulo1,0,0,0
BOLCC 102011.xls,dced89e938fde48157f767f690cc460054168c483178fa96d5033cba74e9b1b8,casas_cambio,clasico,2011-10-31,unica,Módulo2,0,0,0
BOLCC 112011.xls,d4d83eb11e430b0937fbd2254871cb9d520dd357ef1ffbb1e9610b7b9c978920,casas_cambio,clasico,2011-11-30,unica,PAG33,427,354,73
BOLCC 112011.xls,d4d83eb11e430b0937fbd2254871cb9d520dd357ef1ffbb1e9610b7b9c978920,casas_cambio,clasico,2011-11-30,unica,Gráficos,31,30,1
BOLCC 112011.xls,d4d83eb11e430b0937fbd2254871cb9d520dd357ef1ffbb1e9610b7b9c978920,casas_cambio,clasico,2011-11-30,unica,PAG34,348,281,67
BOLCC 112011.xls,d4d83eb11e430b0937fbd2254871cb9d520dd357ef1ffbb1e9610b7b9c978920,casas_cambio,clasico,2011-11-30,unica,PAG35,260,200,60
BOLCC 112011.xls,d4d83eb11e430b0937fbd2254871cb9d520dd357ef1ffbb1e9610b7b9c978920,casas_cambio,clasico,2011-11-30,unica,PAG36,251,192,59
BOLCC 112011.xls,d4d83eb11e430b0937fbd2254871cb9d520dd357ef1ffbb1e9610b7b9c978920,casas_cambio,clasico,2011-11-30,unica,PAG37,285,223,62
BOLCC 112011.xls,d4d83eb11e430b0937fbd2254871cb9d520dd357ef1ffbb1e9610b7b9c978920,casas_cambio,clasico,2011-11-30,unica,PAG38,392,319,73
BOLCC 112011.xls,d4d83eb11e430b0937fbd2254871cb9d520dd357ef1ffbb1e9610b7b9c978920,casas_cambio,clasico,2011-11-30,unica,PAG39,426,352,74
BOLCC 112011.xls,d4d83eb11e430b0937fbd2254871cb9d520dd357ef1ffbb1e9610b7b9c978920,casas_cambio,clasico,2011-11-30,unica,PAG40,287,194,93
BOLCC 112011.xls,d4d83eb11e430b0937fbd2254871cb9d520dd357ef1ffbb1e9610b7b9c978920,casas_cambio,clasico,2011-11-30,unica,PAG41,212,159,53
BOLCC 112011.xls,d4d83eb11e430b0937fbd2254871cb9d520dd357ef1ffbb1e9610b7b9c978920,casas_cambio,clasico,2011-11-30,unica,PAG42,227,139,88
BOLCC 112011.xls,d4d83eb11e430b0937fbd2254871cb9d520dd357ef1ffbb1e9610b7b9c978920,casas_cambio,clasico,2011-11-30,unica,Módulo1,0,0,0
BOLCC 112011.xls,d4d83eb11e430b0937fbd2254871cb9d520dd357ef1ffbb1e9610b7b9c978920,casas_cambio,clasico,2011-11-30,unica,Módulo2,0,0,0
BOLCC 122011.xls,cb98963168639048367f7beee62dba880058e42b5901b1561ed49b58914ec381,casas_cambio,clasico,2011-12-31,unica,PAG33,427,354,73
BOLCC 122011.xls,cb98963168639048367f7beee62dba880058e42b5901b1561ed49b58914ec381,casas_cambio,clasico,2011-12-31,unica,Gráficos,31,30,1
BOLCC 122011.xls,cb98963168639048367f7beee62dba880058e42b5901b1561ed49b58914ec381,casas_cambio,clasico,2011-12-31,unica,PAG34,348,281,67
BOLCC 122011.xls,cb98963168639048367f7beee62dba880058e42b5901b1561ed49b58914ec381,casas_cambio,clasico,2011-12-31,unica,PAG35,260,200,60
BOLCC 122011.xls,cb98963168639048367f7beee62dba880058e42b5901b1561ed49b58914ec381,casas_cambio,clasico,2011-12-31,unica,PAG36,251,192,59
BOLCC 122011.xls,cb98963168639048367f7beee62dba880058e42b5901b1561ed49b58914ec381,casas_cambio,clasico,2011-12-31,unica,PAG37,285,223,62
BOLCC 122011.xls,cb98963168639048367f7beee62dba880058e42b5901b1561ed49b58914ec381,casas_cambio,clasico,2011-12-31,unica,PAG38,392,319,73
BOLCC 122011.xls,cb98963168639048367f7beee62dba880058e42b5901b1561ed49b58914ec381,casas_cambio,clasico,2011-12-31,unica,PAG39,425,351,74
BOLCC 122011.xls,cb98963168639048367f7beee62dba880058e42b5901b1561ed49b58914ec381,casas_cambio,clasico,2011-12-31,unica,PAG40,353,259,94
BOLCC 122011.xls,cb98963168639048367f7beee62dba880058e42b5901b1561ed49b58914ec381,casas_cambio,clasico,2011-12-31,unica,PAG41,214,160,54
BOLCC 122011.xls,cb98963168639048367f7beee62dba880058e42b5901b1561ed49b58914ec381,casas_cambio,clasico,2011-12-31,unica,PAG42,228,131,97
BOLCC 122011.xls,cb98963168639048367f7beee62dba880058e42b5901b1561ed49b58914ec381,casas_cambio,clasico,2011-12-31,unica,Módulo1,0,0,0
BOLCC 122011.xls,cb98963168639048367f7beee62dba880058e42b5901b1561ed49b58914ec381,casas_cambio,clasico,2011-12-31,unica,Módulo2,0,0,0
BOLCC 012012.xls,1eff26f4671f9dfa8fdb71c16e5255cdd0d224f5fa8c898361546d1335e2fb38,casas_cambio,clasico,2012-01-31,unica,PAG33,427,354,73
BOLCC 012012.xls,1eff26f4671f9dfa8fdb71c16e5255cdd0d224f5fa8c898361546d1335e2fb38,casas_cambio,clasico,2012-01-31,unica,Gráficos,31,30,1
BOLCC 012012.xls,1eff26f4671f9dfa8fdb71c16e5255cdd0d224f5fa8c898361546d1335e2fb38,casas_cambio,clasico,2012-01-31,unica,PAG34,348,281,67
BOLCC 012012.xls,1eff26f4671f9dfa8fdb71c16e5255cdd0d224f5fa8c898361546d1335e2fb38,casas_cambio,clasico,2012-01-31,unica,PAG35,260,200,60
BOLCC 012012.xls,1eff26f4671f9dfa8fdb71c16e5255cdd0d224f5fa8c898361546d1335e2fb38,casas_cambio,clasico,2012-01-31,unica,PAG36,251,192,59
BOLCC 012012.xls,1eff26f4671f9dfa8fdb71c16e5255cdd0d224f5fa8c898361546d1335e2fb38,casas_cambio,clasico,2012-01-31,unica,PAG37,285,223,62
BOLCC 012012.xls,1eff26f4671f9dfa8fdb71c16e5255cdd0d224f5fa8c898361546d1335e2fb38,casas_cambio,clasico,2012-01-31,unica,PAG38,392,319,73
BOLCC 012012.xls,1eff26f4671f9dfa8fdb71c16e5255cdd0d224f5fa8c898361546d1335e2fb38,casas_cambio,clasico,2012-01-31,unica,PAG39,425,351,74
BOLCC 012012.xls,1eff26f4671f9dfa8fdb71c16e5255cdd0d224f5fa8c898361546d1335e2fb38,casas_cambio,clasico,2012-01-31,unica,PAG40,287,195,92
BOLCC 012012.xls,1eff26f4671f9dfa8fdb71c16e5255cdd0d224f5fa8c898361546d1335e2fb38,casas_cambio,clasico,2012-01-31,unica,PAG41,212,159,53
BOLCC 012012.xls,1eff26f4671f9dfa8fdb71c16e5255cdd0d224f5fa8c898361546d1335e2fb38,casas_cambio,clasico,2012-01-31,unica,PAG42,227,137,90
BOLCC 012012.xls,1eff26f4671f9dfa8fdb71c16e5255cdd0d224f5fa8c898361546d1335e2fb38,casas_cambio,clasico,2012-01-31,unica,Módulo1,0,0,0
BOLCC 012012.xls,1eff26f4671f9dfa8fdb71c16e5255cdd0d224f5fa8c898361546d1335e2fb38,casas_cambio,clasico,2012-01-31,unica,Módulo2,0,0,0
BOLCC 022012.xls,e20c895e22d24c7484505b15a5caccb94b5a4dd4dbb69343cd9cb0732f526156,casas_cambio,clasico,2012-02-29,unica,PAG33,427,354,73
BOLCC 022012.xls,e20c895e22d24c7484505b15a5caccb94b5a4dd4dbb69343cd9cb0732f526156,casas_cambio,clasico,2012-02-29,unica,Gráficos,31,30,1
BOLCC 022012.xls,e20c895e22d24c7484505b15a5caccb94b5a4dd4dbb69343cd9cb0732f526156,casas_cambio,clasico,2012-02-29,unica,PAG34,348,281,67
BOLCC 022012.xls,e20c895e22d24c7484505b15a5caccb94b5a4dd4dbb69343cd9cb0732f526156,casas_cambio,clasico,2012-02-29,unica,PAG35,260,200,60
BOLCC 022012.xls,e20c895e22d24c7484505b15a5caccb94b5a4dd4dbb69343cd9cb0732f526156,casas_cambio,clasico,2012-02-29,unica,PAG36,251,192,59
BOLCC 022012.xls,e20c895e22d24c7484505b15a5caccb94b5a4dd4dbb69343cd9cb0732f526156,casas_cambio,clasico,2012-02-29,unica,PAG37,285,223,62
BOLCC 022012.xls,e20c895e22d24c7484505b15a5caccb94b5a4dd4dbb69343cd9cb0732f526156,casas_cambio,clasico,2012-02-29,unica,PAG38,399,319,80
BOLCC 022012.xls,e20c895e22d24c7484505b15a5caccb94b5a4dd4dbb69343cd9cb0732f526156,casas_cambio,clasico,2012-02-29,unica,PAG39,432,351,81
BOLCC 022012.xls,e20c895e22d24c7484505b15a5caccb94b5a4dd4dbb69343cd9cb0732f526156,casas_cambio,clasico,2012-02-29,unica,PAG40,294,194,100
BOLCC 022012.xls,e20c895e22d24c7484505b15a5caccb94b5a4dd4dbb69343cd9cb0732f526156,casas_cambio,clasico,2012-02-29,unica,PAG41,219,159,60
BOLCC 022012.xls,e20c895e22d24c7484505b15a5caccb94b5a4dd4dbb69343cd9cb0732f526156,casas_cambio,clasico,2012-02-29,unica,PAG42,237,139,98
BOLCC 022012.xls,e20c895e22d24c7484505b15a5caccb94b5a4dd4dbb69343cd9cb0732f526156,casas_cambio,clasico,2012-02-29,unica,Módulo1,0,0,0
BOLCC 022012.xls,e20c895e22d24c7484505b15a5caccb94b5a4dd4dbb69343cd9cb0732f526156,casas_cambio,clasico,2012-02-29,unica,Módulo2,0,0,0
BOLCC 032012.xls,d3879e55de3e38ded6510dd0ef06e8d961ac1136c1457d945e053adcb04af396,casas_cambio,clasico,2012-03-31,unica,PAG33,414,342,72
BOLCC 032012.xls,d3879e55de3e38ded6510dd0ef06e8d961ac1136c1457d945e053adcb04af396,casas_cambio,clasico,2012-03-31,unica,Gráficos,30,29,1
BOLCC 032012.xls,d3879e55de3e38ded6510dd0ef06e8d961ac1136c1457d945e053adcb04af396,casas_cambio,clasico,2012-03-31,unica,PAG34,338,272,66
BOLCC 032012.xls,d3879e55de3e38ded6510dd0ef06e8d961ac1136c1457d945e053adcb04af396,casas_cambio,clasico,2012-03-31,unica,PAG35,252,193,59
BOLCC 032012.xls,d3879e55de3e38ded6510dd0ef06e8d961ac1136c1457d945e053adcb04af396,casas_cambio,clasico,2012-03-31,unica,PAG36,244,186,58
BOLCC 032012.xls,d3879e55de3e38ded6510dd0ef06e8d961ac1136c1457d945e053adcb04af396,casas_cambio,clasico,2012-03-31,unica,PAG37,277,216,61
BOLCC 032012.xls,d3879e55de3e38ded6510dd0ef06e8d961ac1136c1457d945e053adcb04af396,casas_cambio,clasico,2012-03-31,unica,PAG38,381,309,72
BOLCC 032012.xls,d3879e55de3e38ded6510dd0ef06e8d961ac1136c1457d945e053adcb04af396,casas_cambio,clasico,2012-03-31,unica,PAG39,413,340,73
BOLCC 032012.xls,d3879e55de3e38ded6510dd0ef06e8d961ac1136c1457d945e053adcb04af396,casas_cambio,clasico,2012-03-31,unica,PAG40,279,188,91
BOLCC 032012.xls,d3879e55de3e38ded6510dd0ef06e8d961ac1136c1457d945e053adcb04af396,casas_cambio,clasico,2012-03-31,unica,PAG41,206,154,52
BOLCC 032012.xls,d3879e55de3e38ded6510dd0ef06e8d961ac1136c1457d945e053adcb04af396,casas_cambio,clasico,2012-03-31,unica,PAG42,220,133,87
BOLCC 032012.xls,d3879e55de3e38ded6510dd0ef06e8d961ac1136c1457d945e053adcb04af396,casas_cambio,clasico,2012-03-31,unica,Módulo1,0,0,0
BOLCC 032012.xls,d3879e55de3e38ded6510dd0ef06e8d961ac1136c1457d945e053adcb04af396,casas_cambio,clasico,2012-03-31,unica,Módulo2,0,0,0
BOLCC 042012.xls,06143d6c909ee33c25867ad94eba0e482b841ef8f3cd903ecb8bd8dd5cf2862e,casas_cambio,clasico,2012-04-30,unica,PAG33,425,352,73
BOLCC 042012.xls,06143d6c909ee33c25867ad94eba0e482b841ef8f3cd903ecb8bd8dd5cf2862e,casas_cambio,clasico,2012-04-30,unica,Gráficos,32,31,1
BOLCC 042012.xls,06143d6c909ee33c25867ad94eba0e482b841ef8f3cd903ecb8bd8dd5cf2862e,casas_cambio,clasico,2012-04-30,unica,PAG34,347,280,67
BOLCC 042012.xls,06143d6c909ee33c25867ad94eba0e482b841ef8f3cd903ecb8bd8dd5cf2862e,casas_cambio,clasico,2012-04-30,unica,PAG35,259,199,60
BOLCC 042012.xls,06143d6c909ee33c25867ad94eba0e482b841ef8f3cd903ecb8bd8dd5cf2862e,casas_cambio,clasico,2012-04-30,unica,PAG36,251,192,59
BOLCC 042012.xls,06143d6c909ee33c25867ad94eba0e482b841ef8f3cd903ecb8bd8dd5cf2862e,casas_cambio,clasico,2012-04-30,unica,PAG37,286,224,62
BOLCC 042012.xls,06143d6c909ee33c25867ad94eba0e482b841ef8f3cd903ecb8bd8dd5cf2862e,casas_cambio,clasico,2012-04-30,unica,PAG38,392,319,73
BOLCC 042012.xls,06143d6c909ee33c25867ad94eba0e482b841ef8f3cd903ecb8bd8dd5cf2862e,casas_cambio,clasico,2012-04-30,unica,PAG39,490,411,79
BOLCC 042012.xls,06143d6c909ee33c25867ad94eba0e482b841ef8f3cd903ecb8bd8dd5cf2862e,casas_cambio,clasico,2012-04-30,unica,PAG40,353,258,95
BOLCC 042012.xls,06143d6c909ee33c25867ad94eba0e482b841ef8f3cd903ecb8bd8dd5cf2862e,casas_cambio,clasico,2012-04-30,unica,PAG41,214,160,54
BOLCC 042012.xls,06143d6c909ee33c25867ad94eba0e482b841ef8f3cd903ecb8bd8dd5cf2862e,casas_cambio,clasico,2012-04-30,unica,PAG42,227,138,89
BOLCC 042012.xls,06143d6c909ee33c25867ad94eba0e482b841ef8f3cd903ecb8bd8dd5cf2862e,casas_cambio,clasico,2012-04-30,unica,Módulo1,0,0,0
BOLCC 042012.xls,06143d6c909ee33c25867ad94eba0e482b841ef8f3cd903ecb8bd8dd5cf2862e,casas_cambio,clasico,2012-04-30,unica,Módulo2,0,0,0
BOLCC 052012.xls,968f2aae3fd0ea53726e52b5a2ee76bbae698b35b10a97d26c3f2eb11b24f7da,casas_cambio,clasico,2012-05-31,unica,PAG33,425,352,73
BOLCC 052012.xls,968f2aae3fd0ea53726e52b5a2ee76bbae698b35b10a97d26c3f2eb11b24f7da,casas_cambio,clasico,2012-05-31,unica,Gráficos,32,31,1
BOLCC 052012.xls,968f2aae3fd0ea53726e52b5a2ee76bbae698b35b10a97d26c3f2eb11b24f7da,casas_cambio,clasico,2012-05-31,unica,PAG34,347,280,67
BOLCC 052012.xls,968f2aae3fd0ea53726e52b5a2ee76bbae698b35b10a97d26c3f2eb11b24f7da,casas_cambio,clasico,2012-05-31,unica,PAG35,259,199,60
BOLCC 052012.xls,968f2aae3fd0ea53726e52b5a2ee76bbae698b35b10a97d26c3f2eb11b24f7da,casas_cambio,clasico,2012-05-31,unica,PAG36,251,192,59
BOLCC 052012.xls,968f2aae3fd0ea53726e52b5a2ee76bbae698b35b10a97d26c3f2eb11b24f7da,casas_cambio,clasico,2012-05-31,unica,PAG37,285,223,62
BOLCC 052012.xls,968f2aae3fd0ea53726e52b5a2ee76bbae698b35b10a97d26c3f2eb11b24f7da,casas_cambio,clasico,2012-05-31,unica,PAG38,392,319,73
BOLCC 052012.xls,968f2aae3fd0ea53726e52b5a2ee76bbae698b35b10a97d26c3f2eb11b24f7da,casas_cambio,clasico,2012-05-31,unica,PAG39,425,351,74
BOLCC 052012.xls,968f2aae3fd0ea53726e52b5a2ee76bbae698b35b10a97d26c3f2eb11b24f7da,casas_cambio,clasico,2012-05-31,unica,PAG40,287,194,93
BOLCC 052012.xls,968f2aae3fd0ea53726e52b5a2ee76bbae698b35b10a97d26c3f2eb11b24f7da,casas_cambio,clasico,2012-05-31,unica,PAG41,212,159,53
BOLCC 052012.xls,968f2aae3fd0ea53726e52b5a2ee76bbae698b35b10a97d26c3f2eb11b24f7da,casas_cambio,clasico,2012-05-31,unica,PAG42,225,137,88
BOLCC 052012.xls,968f2aae3fd0ea53726e52b5a2ee76bbae698b35b10a97d26c3f2eb11b24f7da,casas_cambio,clasico,2012-05-31,unica,Módulo1,0,0,0
BOLCC 052012.xls,968f2aae3fd0ea53726e52b5a2ee76bbae698b35b10a97d26c3f2eb11b24f7da,casas_cambio,clasico,2012-05-31,unica,Módulo2,0,0,0
BOLCC 062012.xls,82d968dfd55a3c303c1ddaa0fd9c1c736906fce24a10e315f8809ef65ec0d7d0,casas_cambio,clasico,2012-06-30,unica,PAG33,425,352,73
BOLCC 062012.xls,82d968dfd55a3c303c1ddaa0fd9c1c736906fce24a10e315f8809ef65ec0d7d0,casas_cambio,clasico,2012-06-30,unica,Gráficos,32,31,1
BOLCC 062012.xls,82d968dfd55a3c303c1ddaa0fd9c1c736906fce24a10e315f8809ef65ec0d7d0,casas_cambio,clasico,2012-06-30,unica,PAG34,346,280,66
BOLCC 062012.xls,82d968dfd55a3c303c1ddaa0fd9c1c736906fce24a10e315f8809ef65ec0d7d0,casas_cambio,clasico,2012-06-30,unica,PAG35,259,199,60
BOLCC 062012.xls,82d968dfd55a3c303c1ddaa0fd9c1c736906fce24a10e315f8809ef65ec0d7d0,casas_cambio,clasico,2012-06-30,unica,PAG36,251,192,59
BOLCC 062012.xls,82d968dfd55a3c303c1ddaa0fd9c1c736906fce24a10e315f8809ef65ec0d7d0,casas_cambio,clasico,2012-06-30,unica,PAG37,285,223,62
BOLCC 062012.xls,82d968dfd55a3c303c1ddaa0fd9c1c736906fce24a10e315f8809ef65ec0d7d0,casas_cambio,clasico,2012-06-30,unica,PAG38,392,319,73
BOLCC 062012.xls,82d968dfd55a3c303c1ddaa0fd9c1c736906fce24a10e315f8809ef65ec0d7d0,casas_cambio,clasico,2012-06-30,unica,PAG39,425,351,74
BOLCC 062012.xls,82d968dfd55a3c303c1ddaa0fd9c1c736906fce24a10e315f8809ef65ec0d7d0,casas_cambio,clasico,2012-06-30,unica,PAG40,287,196,91
BOLCC 062012.xls,82d968dfd55a3c303c1ddaa0fd9c1c736906fce24a10e315f8809ef65ec0d7d0,casas_cambio,clasico,2012-06-30,unica,PAG41,212,159,53
BOLCC 062012.xls,82d968dfd55a3c303c1ddaa0fd9c1c736906fce24a10e315f8809ef65ec0d7d0,casas_cambio,clasico,2012-06-30,unica,PAG42,225,139,86
BOLCC 062012.xls,82d968dfd55a3c303c1ddaa0fd9c1c736906fce24a10e315f8809ef65ec0d7d0,casas_cambio,clasico,2012-06-30,unica,Módulo1,0,0,0
BOLCC 062012.xls,82d968dfd55a3c303c1ddaa0fd9c1c736906fce24a10e315f8809ef65ec0d7d0,casas_cambio,clasico,2012-06-30,unica,Módulo2,0,0,0
BOLCC 072012.xls,2b40cde4832245add43b113f441454d6bcf83787ca91aed358bea6834b5a6f58,casas_cambio,clasico,2012-07-31,unica,PAG33,425,352,73
BOLCC 072012.xls,2b40cde4832245add43b113f441454d6bcf83787ca91aed358bea6834b5a6f58,casas_cambio,clasico,2012-07-31,unica,Gráficos,32,31,1
BOLCC 072012.xls,2b40cde4832245add43b113f441454d6bcf83787ca91aed358bea6834b5a6f58,casas_cambio,clasico,2012-07-31,unica,PAG34,346,280,66
BOLCC 072012.xls,2b40cde4832245add43b113f441454d6bcf83787ca91aed358bea6834b5a6f58,casas_cambio,clasico,2012-07-31,unica,PAG35,259,199,60
BOLCC 072012.xls,2b40cde4832245add43b113f441454d6bcf83787ca91aed358bea6834b5a6f58,casas_cambio,clasico,2012-07-31,unica,PAG36,251,192,59
BOLCC 072012.xls,2b40cde4832245add43b113f441454d6bcf83787ca91aed358bea6834b5a6f58,casas_cambio,clasico,2012-07-31,unica,PAG37,285,223,62
BOLCC 072012.xls,2b40cde4832245add43b113f441454d6bcf83787ca91aed358bea6834b5a6f58,casas_cambio,clasico,2012-07-31,unica,PAG38,392,319,73
BOLCC 072012.xls,2b40cde4832245add43b113f441454d6bcf83787ca91aed358bea6834b5a6f58,casas_cambio,clasico,2012-07-31,unica,PAG39,425,351,74
BOLCC 072012.xls,2b40cde4832245add43b113f441454d6bcf83787ca91aed358bea6834b5a6f58,casas_cambio,clasico,2012-07-31,unica,PAG40,287,190,97
BOLCC 072012.xls,2b40cde4832245add43b113f441454d6bcf83787ca91aed358bea6834b5a6f58,casas_cambio,clasico,2012-07-31,unica,PAG41,212,159,53
BOLCC 072012.xls,2b40cde4832245add43b113f441454d6bcf83787ca91aed358bea6834b5a6f58,casas_cambio,clasico,2012-07-31,unica,PAG42,225,137,88
BOLCC 072012.xls,2b40cde4832245add43b113f441454d6bcf83787ca91aed358bea6834b5a6f58,casas_cambio,clasico,2012-07-31,unica,Módulo1,0,0,0
BOLCC 072012.xls,2b40cde4832245add43b113f441454d6bcf83787ca91aed358bea6834b5a6f58,casas_cambio,clasico,2012-07-31,unica,Módulo2,0,0,0
BOLCC 082012.xls,892454358616a9d8da43107d0e652a8b282cec2339026dbb92b66180da1bd585,casas_cambio,clasico,2012-08-31,unica,PAG33,436,362,74
BOLCC 082012.xls,892454358616a9d8da43107d0e652a8b282cec2339026dbb92b66180da1bd585,casas_cambio,clasico,2012-08-31,unica,Gráficos,34,32,2
BOLCC 082012.xls,892454358616a9d8da43107d0e652a8b282cec2339026dbb92b66180da1bd585,casas_cambio,clasico,2012-08-31,unica,PAG34,355,288,67
BOLCC 082012.xls,892454358616a9d8da43107d0e652a8b282cec2339026dbb92b66180da1bd585,casas_cambio,clasico,2012-08-31,unica,PAG35,266,205,61
BOLCC 082012.xls,892454358616a9d8da43107d0e652a8b282cec2339026dbb92b66180da1bd585,casas_cambio,clasico,2012-08-31,unica,PAG36,258,198,60
BOLCC 082012.xls,892454358616a9d8da43107d0e652a8b282cec2339026dbb92b66180da1bd585,casas_cambio,clasico,2012-08-31,unica,PAG37,293,230,63
BOLCC 082012.xls,892454358616a9d8da43107d0e652a8b282cec2339026dbb92b66180da1bd585,casas_cambio,clasico,2012-08-31,unica,PAG38,403,329,74
BOLCC 082012.xls,892454358616a9d8da43107d0e652a8b282cec2339026dbb92b66180da1bd585,casas_cambio,clasico,2012-08-31,unica,PAG39,437,362,75
BOLCC 082012.xls,892454358616a9d8da43107d0e652a8b282cec2339026dbb92b66180da1bd585,casas_cambio,clasico,2012-08-31,unica,PAG40,294,194,100
BOLCC 082012.xls,892454358616a9d8da43107d0e652a8b282cec2339026dbb92b66180da1bd585,casas_cambio,clasico,2012-08-31,unica,PAG41,217,164,53
BOLCC 082012.xls,892454358616a9d8da43107d0e652a8b282cec2339026dbb92b66180da1bd585,casas_cambio,clasico,2012-08-31,unica,PAG42,229,143,86
BOLCC 082012.xls,892454358616a9d8da43107d0e652a8b282cec2339026dbb92b66180da1bd585,casas_cambio,clasico,2012-08-31,unica,Módulo1,0,0,0
BOLCC 082012.xls,892454358616a9d8da43107d0e652a8b282cec2339026dbb92b66180da1bd585,casas_cambio,clasico,2012-08-31,unica,Módulo2,0,0,0
BOLCC 092012.xls,7ed0cc18de3fb583a5a106bd6789f5bcd743ee8c775c278093c797b44e99401e,casas_cambio,clasico,2012-09-30,unica,PAG33,436,362,74
BOLCC 092012.xls,7ed0cc18de3fb583a5a106bd6789f5bcd743ee8c775c278093c797b44e99401e,casas_cambio,clasico,2012-09-30,unica,Gráficos,34,32,2
BOLCC 092012.xls,7ed0cc18de3fb583a5a106bd6789f5bcd743ee8c775c278093c797b44e99401e,casas_cambio,clasico,2012-09-30,unica,PAG34,355,288,67
BOLCC 092012.xls,7ed0cc18de3fb583a5a106bd6789f5bcd743ee8c775c278093c797b44e99401e,casas_cambio,clasico,2012-09-30,unica,PAG35,266,205,61
BOLCC 092012.xls,7ed0cc18de3fb583a5a106bd6789f5bcd743ee8c775c278093c797b44e99401e,casas_cambio,clasico,2012-09-30,unica,PAG36,258,198,60
BOLCC 092012.xls,7ed0cc18de3fb583a5a106bd6789f5bcd743ee8c775c278093c797b44e99401e,casas_cambio,clasico,2012-09-30,unica,PAG37,293,230,63
BOLCC 092012.xls,7ed0cc18de3fb583a5a106bd6789f5bcd743ee8c775c278093c797b44e99401e,casas_cambio,clasico,2012-09-30,unica,PAG38,403,329,74
BOLCC 092012.xls,7ed0cc18de3fb583a5a106bd6789f5bcd743ee8c775c278093c797b44e99401e,casas_cambio,clasico,2012-09-30,unica,PAG39,437,362,75
BOLCC 092012.xls,7ed0cc18de3fb583a5a106bd6789f5bcd743ee8c775c278093c797b44e99401e,casas_cambio,clasico,2012-09-30,unica,PAG40,294,193,101
BOLCC 092012.xls,7ed0cc18de3fb583a5a106bd6789f5bcd743ee8c775c278093c797b44e99401e,casas_cambio,clasico,2012-09-30,unica,PAG41,217,164,53
BOLCC 092012.xls,7ed0cc18de3fb583a5a106bd6789f5bcd743ee8c775c278093c797b44e99401e,casas_cambio,clasico,2012-09-30,unica,PAG42,229,141,88
BOLCC 092012.xls,7ed0cc18de3fb583a5a106bd6789f5bcd743ee8c775c278093c797b44e99401e,casas_cambio,clasico,2012-09-30,unica,Módulo1,0,0,0
BOLCC 092012.xls,7ed0cc18de3fb583a5a106bd6789f5bcd743ee8c775c278093c797b44e99401e,casas_cambio,clasico,2012-09-30,unica,Módulo2,0,0,0
BOLCC 102012.xls,fb88eeb464dc0b37ad92459561283c0abd2570c313e0084f1383a79d3be05dce,casas_cambio,clasico,2012-10-31,unica,PAG33,436,362,74
BOLCC 102012.xls,fb88eeb464dc0b37ad92459561283c0abd2570c313e0084f1383a79d3be05dce,casas_cambio,clasico,2012-10-31,unica,Gráficos,34,32,2
BOLCC 102012.xls,fb88eeb464dc0b37ad92459561283c0abd2570c313e0084f1383a79d3be05dce,casas_cambio,clasico,2012-10-31,unica,PAG34,355,288,67
BOLCC 102012.xls,fb88eeb464dc0b37ad92459561283c0abd2570c313e0084f1383a79d3be05dce,casas_cambio,clasico,2012-10-31,unica,PAG35,266,205,61
BOLCC 102012.xls,fb88eeb464dc0b37ad92459561283c0abd2570c313e0084f1383a79d3be05dce,casas_cambio,clasico,2012-10-31,unica,PAG36,258,198,60
BOLCC 102012.xls,fb88eeb464dc0b37ad92459561283c0abd2570c313e0084f1383a79d3be05dce,casas_cambio,clasico,2012-10-31,unica,PAG37,293,230,63
BOLCC 102012.xls,fb88eeb464dc0b37ad92459561283c0abd2570c313e0084f1383a79d3be05dce,casas_cambio,clasico,2012-10-31,unica,PAG38,403,329,74
BOLCC 102012.xls,fb88eeb464dc0b37ad92459561283c0abd2570c313e0084f1383a79d3be05dce,casas_cambio,clasico,2012-10-31,unica,PAG39,437,362,75
BOLCC 102012.xls,fb88eeb464dc0b37ad92459561283c0abd2570c313e0084f1383a79d3be05dce,casas_cambio,clasico,2012-10-31,unica,PAG40,294,196,98
BOLCC 102012.xls,fb88eeb464dc0b37ad92459561283c0abd2570c313e0084f1383a79d3be05dce,casas_cambio,clasico,2012-10-31,unica,PAG41,217,164,53
BOLCC 102012.xls,fb88eeb464dc0b37ad92459561283c0abd2570c313e0084f1383a79d3be05dce,casas_cambio,clasico,2012-10-31,unica,PAG42,231,143,88
BOLCC 102012.xls,fb88eeb464dc0b37ad92459561283c0abd2570c313e0084f1383a79d3be05dce,casas_cambio,clasico,2012-10-31,unica,Módulo1,0,0,0
BOLCC 102012.xls,fb88eeb464dc0b37ad92459561283c0abd2570c313e0084f1383a79d3be05dce,casas_cambio,clasico,2012-10-31,unica,Módulo2,0,0,0
BOLCC 112012.xls,8d790f3000729b72851cb8d404b7e2382ffbe9c12219d353f8c93fb9a03f75dd,casas_cambio,clasico,2012-11-30,unica,PAG33,436,362,74
BOLCC 112012.xls,8d790f3000729b72851cb8d404b7e2382ffbe9c12219d353f8c93fb9a03f75dd,casas_cambio,clasico,2012-11-30,unica,Gráficos,34,32,2
BOLCC 112012.xls,8d790f3000729b72851cb8d404b7e2382ffbe9c12219d353f8c93fb9a03f75dd,casas_cambio,clasico,2012-11-30,unica,PAG34,355,288,67
BOLCC 112012.xls,8d790f3000729b72851cb8d404b7e2382ffbe9c12219d353f8c93fb9a03f75dd,casas_cambio,clasico,2012-11-30,unica,PAG35,266,205,61
BOLCC 112012.xls,8d790f3000729b72851cb8d404b7e2382ffbe9c12219d353f8c93fb9a03f75dd,casas_cambio,clasico,2012-11-30,unica,PAG36,258,198,60
BOLCC 112012.xls,8d790f3000729b72851cb8d404b7e2382ffbe9c12219d353f8c93fb9a03f75dd,casas_cambio,clasico,2012-11-30,unica,PAG37,293,230,63
BOLCC 112012.xls,8d790f3000729b72851cb8d404b7e2382ffbe9c12219d353f8c93fb9a03f75dd,casas_cambio,clasico,2012-11-30,unica,PAG38,403,329,74
BOLCC 112012.xls,8d790f3000729b72851cb8d404b7e2382ffbe9c12219d353f8c93fb9a03f75dd,casas_cambio,clasico,2012-11-30,unica,PAG39,437,362,75
BOLCC 112012.xls,8d790f3000729b72851cb8d404b7e2382ffbe9c12219d353f8c93fb9a03f75dd,casas_cambio,clasico,2012-11-30,unica,PAG40,294,196,98
BOLCC 112012.xls,8d790f3000729b72851cb8d404b7e2382ffbe9c12219d353f8c93fb9a03f75dd,casas_cambio,clasico,2012-11-30,unica,PAG41,217,164,53
BOLCC 112012.xls,8d790f3000729b72851cb8d404b7e2382ffbe9c12219d353f8c93fb9a03f75dd,casas_cambio,clasico,2012-11-30,unica,PAG42,229,141,88
BOLCC 112012.xls,8d790f3000729b72851cb8d404b7e2382ffbe9c12219d353f8c93fb9a03f75dd,casas_cambio,clasico,2012-11-30,unica,Módulo1,0,0,0
BOLCC 112012.xls,8d790f3000729b72851cb8d404b7e2382ffbe9c12219d353f8c93fb9a03f75dd,casas_cambio,clasico,2012-11-30,unica,Módulo2,0,0,0
BOLCC 122012.xls,1ecd8e6964835d0a658e425e29af22e91d55f5c1a4aa8d0f0c030c40d42c78f8,casas_cambio,clasico,2012-12-31,unica,PAG33,436,362,74
BOLCC 122012.xls,1ecd8e6964835d0a658e425e29af22e91d55f5c1a4aa8d0f0c030c40d42c78f8,casas_cambio,clasico,2012-12-31,unica,Gráficos,34,32,2
BOLCC 122012.xls,1ecd8e6964835d0a658e425e29af22e91d55f5c1a4aa8d0f0c030c40d42c78f8,casas_cambio,clasico,2012-12-31,unica,PAG34,355,288,67
BOLCC 122012.xls,1ecd8e6964835d0a658e425e29af22e91d55f5c1a4aa8d0f0c030c40d42c78f8,casas_cambio,clasico,2012-12-31,unica,PAG35,266,205,61
BOLCC 122012.xls,1ecd8e6964835d0a658e425e29af22e91d55f5c1a4aa8d0f0c030c40d42c78f8,casas_cambio,clasico,2012-12-31,unica,PAG36,258,198,60
BOLCC 122012.xls,1ecd8e6964835d0a658e425e29af22e91d55f5c1a4aa8d0f0c030c40d42c78f8,casas_cambio,clasico,2012-12-31,unica,PAG37,293,230,63
BOLCC 122012.xls,1ecd8e6964835d0a658e425e29af22e91d55f5c1a4aa8d0f0c030c40d42c78f8,casas_cambio,clasico,2012-12-31,unica,PAG38,403,329,74
BOLCC 122012.xls,1ecd8e6964835d0a658e425e29af22e91d55f5c1a4aa8d0f0c030c40d42c78f8,casas_cambio,clasico,2012-12-31,unica,PAG39,437,362,75
BOLCC 122012.xls,1ecd8e6964835d0a658e425e29af22e91d55f5c1a4aa8d0f0c030c40d42c78f8,casas_cambio,clasico,2012-12-31,unica,PAG40,294,194,100
BOLCC 122012.xls,1ecd8e6964835d0a658e425e29af22e91d55f5c1a4aa8d0f0c030c40d42c78f8,casas_cambio,clasico,2012-12-31,unica,PAG41,217,164,53
BOLCC 122012.xls,1ecd8e6964835d0a658e425e29af22e91d55f5c1a4aa8d0f0c030c40d42c78f8,casas_cambio,clasico,2012-12-31,unica,PAG42,229,141,88
BOLCC 122012.xls,1ecd8e6964835d0a658e425e29af22e91d55f5c1a4aa8d0f0c030c40d42c78f8,casas_cambio,clasico,2012-12-31,unica,Módulo1,0,0,0
BOLCC 122012.xls,1ecd8e6964835d0a658e425e29af22e91d55f5c1a4aa8d0f0c030c40d42c78f8,casas_cambio,clasico,2012-12-31,unica,Módulo2,0,0,0
BOLCC 012013.xls,ee852dc84966d2f3b3dcae6f304ccca6655b0d2f71fa75f667317674354d07de,casas_cambio,clasico,2013-01-31,unica,PAG33,436,362,74
BOLCC 012013.xls,ee852dc84966d2f3b3dcae6f304ccca6655b0d2f71fa75f667317674354d07de,casas_cambio,clasico,2013-01-31,unica,Gráficos,34,32,2
BOLCC 012013.xls,ee852dc84966d2f3b3dcae6f304ccca6655b0d2f71fa75f667317674354d07de,casas_cambio,clasico,2013-01-31,unica,PAG34,355,288,67
BOLCC 012013.xls,ee852dc84966d2f3b3dcae6f304ccca6655b0d2f71fa75f667317674354d07de,casas_cambio,clasico,2013-01-31,unica,PAG35,266,205,61
BOLCC 012013.xls,ee852dc84966d2f3b3dcae6f304ccca6655b0d2f71fa75f667317674354d07de,casas_cambio,clasico,2013-01-31,unica,PAG36,258,198,60
BOLCC 012013.xls,ee852dc84966d2f3b3dcae6f304ccca6655b0d2f71fa75f667317674354d07de,casas_cambio,clasico,2013-01-31,unica,PAG37,293,230,63
BOLCC 012013.xls,ee852dc84966d2f3b3dcae6f304ccca6655b0d2f71fa75f667317674354d07de,casas_cambio,clasico,2013-01-31,unica,PAG38,403,329,74
BOLCC 012013.xls,ee852dc84966d2f3b3dcae6f304ccca6655b0d2f71fa75f667317674354d07de,casas_cambio,clasico,2013-01-31,unica,PAG39,437,362,75
BOLCC 012013.xls,ee852dc84966d2f3b3dcae6f304ccca6655b0d2f71fa75f667317674354d07de,casas_cambio,clasico,2013-01-31,unica,PAG40,294,194,100
BOLCC 012013.xls,ee852dc84966d2f3b3dcae6f304ccca6655b0d2f71fa75f667317674354d07de,casas_cambio,clasico,2013-01-31,unica,PAG41,217,164,53
BOLCC 012013.xls,ee852dc84966d2f3b3dcae6f304ccca6655b0d2f71fa75f667317674354d07de,casas_cambio,clasico,2013-01-31,unica,PAG42,229,143,86
BOLCC 012013.xls,ee852dc84966d2f3b3dcae6f304ccca6655b0d2f71fa75f667317674354d07de,casas_cambio,clasico,2013-01-31,unica,Módulo1,0,0,0
BOLCC 012013.xls,ee852dc84966d2f3b3dcae6f304ccca6655b0d2f71fa75f667317674354d07de,casas_cambio,clasico,2013-01-31,unica,Módulo2,0,0,0
BOLCC 022013.xls,5b562844cb9603eeb9725d6b4c4749494bea03427df64d495feacbd60654c0f0,casas_cambio,clasico,2013-02-28,unica,PAG33,436,362,74
BOLCC 022013.xls,5b562844cb9603eeb9725d6b4c4749494bea03427df64d495feacbd60654c0f0,casas_cambio,clasico,2013-02-28,unica,Gráficos,34,32,2
BOLCC 022013.xls,5b562844cb9603eeb9725d6b4c4749494bea03427df64d495feacbd60654c0f0,casas_cambio,clasico,2013-02-28,unica,PAG34,355,288,67
BOLCC 022013.xls,5b562844cb9603eeb9725d6b4c4749494bea03427df64d495feacbd60654c0f0,casas_cambio,clasico,2013-02-28,unica,PAG35,267,205,62
BOLCC 022013.xls,5b562844cb9603eeb9725d6b4c4749494bea03427df64d495feacbd60654c0f0,casas_cambio,clasico,2013-02-28,unica,PAG36,258,198,60
BOLCC 022013.xls,5b562844cb9603eeb9725d6b4c4749494bea03427df64d495feacbd60654c0f0,casas_cambio,clasico,2013-02-28,unica,PAG37,293,230,63
BOLCC 022013.xls,5b562844cb9603eeb9725d6b4c4749494bea03427df64d495feacbd60654c0f0,casas_cambio,clasico,2013-02-28,unica,PAG38,403,329,74
BOLCC 022013.xls,5b562844cb9603eeb9725d6b4c4749494bea03427df64d495feacbd60654c0f0,casas_cambio,clasico,2013-02-28,unica,PAG39,437,362,75
BOLCC 022013.xls,5b562844cb9603eeb9725d6b4c4749494bea03427df64d495feacbd60654c0f0,casas_cambio,clasico,2013-02-28,unica,PAG40,294,196,98
BOLCC 022013.xls,5b562844cb9603eeb9725d6b4c4749494bea03427df64d495feacbd60654c0f0,casas_cambio,clasico,2013-02-28,unica,PAG41,217,164,53
BOLCC 022013.xls,5b562844cb9603eeb9725d6b4c4749494bea03427df64d495feacbd60654c0f0,casas_cambio,clasico,2013-02-28,unica,PAG42,230,143,87
BOLCC 022013.xls,5b562844cb9603eeb9725d6b4c4749494bea03427df64d495feacbd60654c0f0,casas_cambio,clasico,2013-02-28,unica,Módulo1,0,0,0
BOLCC 022013.xls,5b562844cb9603eeb9725d6b4c4749494bea03427df64d495feacbd60654c0f0,casas_cambio,clasico,2013-02-28,unica,Módulo2,0,0,0
BOLCC 032013.xls,f19a4a0d5ca9e76a27897dc5d579bce181e31a730b445d579e40e4526d4b0135,casas_cambio,clasico,2013-03-31,unica,PAG33,436,362,74
BOLCC 032013.xls,f19a4a0d5ca9e76a27897dc5d579bce181e31a730b445d579e40e4526d4b0135,casas_cambio,clasico,2013-03-31,unica,Gráficos,34,32,2
BOLCC 032013.xls,f19a4a0d5ca9e76a27897dc5d579bce181e31a730b445d579e40e4526d4b0135,casas_cambio,clasico,2013-03-31,unica,PAG34,355,288,67
BOLCC 032013.xls,f19a4a0d5ca9e76a27897dc5d579bce181e31a730b445d579e40e4526d4b0135,casas_cambio,clasico,2013-03-31,unica,PAG35,266,205,61
BOLCC 032013.xls,f19a4a0d5ca9e76a27897dc5d579bce181e31a730b445d579e40e4526d4b0135,casas_cambio,clasico,2013-03-31,unica,PAG36,258,198,60
BOLCC 032013.xls,f19a4a0d5ca9e76a27897dc5d579bce181e31a730b445d579e40e4526d4b0135,casas_cambio,clasico,2013-03-31,unica,PAG37,293,230,63
BOLCC 032013.xls,f19a4a0d5ca9e76a27897dc5d579bce181e31a730b445d579e40e4526d4b0135,casas_cambio,clasico,2013-03-31,unica,PAG38,403,329,74
BOLCC 032013.xls,f19a4a0d5ca9e76a27897dc5d579bce181e31a730b445d579e40e4526d4b0135,casas_cambio,clasico,2013-03-31,unica,PAG39,437,362,75
BOLCC 032013.xls,f19a4a0d5ca9e76a27897dc5d579bce181e31a730b445d579e40e4526d4b0135,casas_cambio,clasico,2013-03-31,unica,PAG40,294,196,98
BOLCC 032013.xls,f19a4a0d5ca9e76a27897dc5d579bce181e31a730b445d579e40e4526d4b0135,casas_cambio,clasico,2013-03-31,unica,PAG41,217,164,53
BOLCC 032013.xls,f19a4a0d5ca9e76a27897dc5d579bce181e31a730b445d579e40e4526d4b0135,casas_cambio,clasico,2013-03-31,unica,PAG42,229,141,88
BOLCC 032013.xls,f19a4a0d5ca9e76a27897dc5d579bce181e31a730b445d579e40e4526d4b0135,casas_cambio,clasico,2013-03-31,unica,Módulo1,0,0,0
BOLCC 032013.xls,f19a4a0d5ca9e76a27897dc5d579bce181e31a730b445d579e40e4526d4b0135,casas_cambio,clasico,2013-03-31,unica,Módulo2,0,0,0
BOLCC 042013.xls,68967d00f0dba9c55cdea43a8c46bd232d75471e303bdc4f3e9513bc8171477e,casas_cambio,clasico,2013-04-30,unica,PAG33,436,362,74
BOLCC 042013.xls,68967d00f0dba9c55cdea43a8c46bd232d75471e303bdc4f3e9513bc8171477e,casas_cambio,clasico,2013-04-30,unica,Gráficos,34,32,2
BOLCC 042013.xls,68967d00f0dba9c55cdea43a8c46bd232d75471e303bdc4f3e9513bc8171477e,casas_cambio,clasico,2013-04-30,unica,PAG34,355,288,67
BOLCC 042013.xls,68967d00f0dba9c55cdea43a8c46bd232d75471e303bdc4f3e9513bc8171477e,casas_cambio,clasico,2013-04-30,unica,PAG35,266,205,61
BOLCC 042013.xls,68967d00f0dba9c55cdea43a8c46bd232d75471e303bdc4f3e9513bc8171477e,casas_cambio,clasico,2013-04-30,unica,PAG36,258,198,60
BOLCC 042013.xls,68967d00f0dba9c55cdea43a8c46bd232d75471e303bdc4f3e9513bc8171477e,casas_cambio,clasico,2013-04-30,unica,PAG37,293,230,63
BOLCC 042013.xls,68967d00f0dba9c55cdea43a8c46bd232d75471e303bdc4f3e9513bc8171477e,casas_cambio,clasico,2013-04-30,unica,PAG38,403,329,74
BOLCC 042013.xls,68967d00f0dba9c55cdea43a8c46bd232d75471e303bdc4f3e9513bc8171477e,casas_cambio,clasico,2013-04-30,unica,PAG39,437,362,75
BOLCC 042013.xls,68967d00f0dba9c55cdea43a8c46bd232d75471e303bdc4f3e9513bc8171477e,casas_cambio,clasico,2013-04-30,unica,PAG40,294,197,97
BOLCC 042013.xls,68967d00f0dba9c55cdea43a8c46bd232d75471e303bdc4f3e9513bc8171477e,casas_cambio,clasico,2013-04-30,unica,PAG41,217,164,53
BOLCC 042013.xls,68967d00f0dba9c55cdea43a8c46bd232d75471e303bdc4f3e9513bc8171477e,casas_cambio,clasico,2013-04-30,unica,PAG42,229,143,86
BOLCC 042013.xls,68967d00f0dba9c55cdea43a8c46bd232d75471e303bdc4f3e9513bc8171477e,casas_cambio,clasico,2013-04-30,unica,Módulo1,0,0,0
BOLCC 042013.xls,68967d00f0dba9c55cdea43a8c46bd232d75471e303bdc4f3e9513bc8171477e,casas_cambio,clasico,2013-04-30,unica,Módulo2,0,0,0
BOLCC 052013.xls,b42d574120f6f880bf21fe04eca06740a76148d397cc4ad022be13c0d5403e60,casas_cambio,clasico,2013-05-31,unica,PAG33,436,362,74
BOLCC 052013.xls,b42d574120f6f880bf21fe04eca06740a76148d397cc4ad022be13c0d5403e60,casas_cambio,clasico,2013-05-31,unica,Gráficos,34,32,2
BOLCC 052013.xls,b42d574120f6f880bf21fe04eca06740a76148d397cc4ad022be13c0d5403e60,casas_cambio,clasico,2013-05-31,unica,PAG34,355,288,67
BOLCC 052013.xls,b42d574120f6f880bf21fe04eca06740a76148d397cc4ad022be13c0d5403e60,casas_cambio,clasico,2013-05-31,unica,PAG35,266,205,61
BOLCC 052013.xls,b42d574120f6f880bf21fe04eca06740a76148d397cc4ad022be13c0d5403e60,casas_cambio,clasico,2013-05-31,unica,PAG36,258,198,60
BOLCC 052013.xls,b42d574120f6f880bf21fe04eca06740a76148d397cc4ad022be13c0d5403e60,casas_cambio,clasico,2013-05-31,unica,PAG37,293,230,63
BOLCC 052013.xls,b42d574120f6f880bf21fe04eca06740a76148d397cc4ad022be13c0d5403e60,casas_cambio,clasico,2013-05-31,unica,PAG38,403,329,74
BOLCC 052013.xls,b42d574120f6f880bf21fe04eca06740a76148d397cc4ad022be13c0d5403e60,casas_cambio,clasico,2013-05-31,unica,PAG39,437,362,75
BOLCC 052013.xls,b42d574120f6f880bf21fe04eca06740a76148d397cc4ad022be13c0d5403e60,casas_cambio,clasico,2013-05-31,unica,PAG40,294,197,97
BOLCC 052013.xls,b42d574120f6f880bf21fe04eca06740a76148d397cc4ad022be13c0d5403e60,casas_cambio,clasico,2013-05-31,unica,PAG41,217,164,53
BOLCC 052013.xls,b42d574120f6f880bf21fe04eca06740a76148d397cc4ad022be13c0d5403e60,casas_cambio,clasico,2013-05-31,unica,PAG42,229,143,86
BOLCC 052013.xls,b42d574120f6f880bf21fe04eca06740a76148d397cc4ad022be13c0d5403e60,casas_cambio,clasico,2013-05-31,unica,Módulo1,0,0,0
BOLCC 052013.xls,b42d574120f6f880bf21fe04eca06740a76148d397cc4ad022be13c0d5403e60,casas_cambio,clasico,2013-05-31,unica,Módulo2,0,0,0
BOLCC 062013.xls,23934cd64fcbff54eb6bb3793fb5bfbd219ca1fbfce7df405c20e28cac0042e8,casas_cambio,clasico,2013-06-30,unica,PAG33,436,362,74
BOLCC 062013.xls,23934cd64fcbff54eb6bb3793fb5bfbd219ca1fbfce7df405c20e28cac0042e8,casas_cambio,clasico,2013-06-30,unica,Gráficos,34,32,2
BOLCC 062013.xls,23934cd64fcbff54eb6bb3793fb5bfbd219ca1fbfce7df405c20e28cac0042e8,casas_cambio,clasico,2013-06-30,unica,PAG34,355,288,67
BOLCC 062013.xls,23934cd64fcbff54eb6bb3793fb5bfbd219ca1fbfce7df405c20e28cac0042e8,casas_cambio,clasico,2013-06-30,unica,PAG35,266,205,61
BOLCC 062013.xls,23934cd64fcbff54eb6bb3793fb5bfbd219ca1fbfce7df405c20e28cac0042e8,casas_cambio,clasico,2013-06-30,unica,PAG36,258,198,60
BOLCC 062013.xls,23934cd64fcbff54eb6bb3793fb5bfbd219ca1fbfce7df405c20e28cac0042e8,casas_cambio,clasico,2013-06-30,unica,PAG37,293,230,63
BOLCC 062013.xls,23934cd64fcbff54eb6bb3793fb5bfbd219ca1fbfce7df405c20e28cac0042e8,casas_cambio,clasico,2013-06-30,unica,PAG38,403,329,74
BOLCC 062013.xls,23934cd64fcbff54eb6bb3793fb5bfbd219ca1fbfce7df405c20e28cac0042e8,casas_cambio,clasico,2013-06-30,unica,PAG39,437,362,75
BOLCC 062013.xls,23934cd64fcbff54eb6bb3793fb5bfbd219ca1fbfce7df405c20e28cac0042e8,casas_cambio,clasico,2013-06-30,unica,PAG40,294,196,98
BOLCC 062013.xls,23934cd64fcbff54eb6bb3793fb5bfbd219ca1fbfce7df405c20e28cac0042e8,casas_cambio,clasico,2013-06-30,unica,PAG41,217,164,53
BOLCC 062013.xls,23934cd64fcbff54eb6bb3793fb5bfbd219ca1fbfce7df405c20e28cac0042e8,casas_cambio,clasico,2013-06-30,unica,PAG42,229,143,86
BOLCC 062013.xls,23934cd64fcbff54eb6bb3793fb5bfbd219ca1fbfce7df405c20e28cac0042e8,casas_cambio,clasico,2013-06-30,unica,Módulo1,0,0,0
BOLCC 062013.xls,23934cd64fcbff54eb6bb3793fb5bfbd219ca1fbfce7df405c20e28cac0042e8,casas_cambio,clasico,2013-06-30,unica,Módulo2,0,0,0
BOLCC 072013.xls,38bb5e32e1708561a52a1ca57e557cc1c240aa06c24bbfcc7c6989e621dcc488,casas_cambio,clasico,2013-07-31,unica,PAG33,436,362,74
BOLCC 072013.xls,38bb5e32e1708561a52a1ca57e557cc1c240aa06c24bbfcc7c6989e621dcc488,casas_cambio,clasico,2013-07-31,unica,Gráficos,34,32,2
BOLCC 072013.xls,38bb5e32e1708561a52a1ca57e557cc1c240aa06c24bbfcc7c6989e621dcc488,casas_cambio,clasico,2013-07-31,unica,PAG34,355,288,67
BOLCC 072013.xls,38bb5e32e1708561a52a1ca57e557cc1c240aa06c24bbfcc7c6989e621dcc488,casas_cambio,clasico,2013-07-31,unica,PAG35,266,205,61
BOLCC 072013.xls,38bb5e32e1708561a52a1ca57e557cc1c240aa06c24bbfcc7c6989e621dcc488,casas_cambio,clasico,2013-07-31,unica,PAG36,258,198,60
BOLCC 072013.xls,38bb5e32e1708561a52a1ca57e557cc1c240aa06c24bbfcc7c6989e621dcc488,casas_cambio,clasico,2013-07-31,unica,PAG37,296,230,66
BOLCC 072013.xls,38bb5e32e1708561a52a1ca57e557cc1c240aa06c24bbfcc7c6989e621dcc488,casas_cambio,clasico,2013-07-31,unica,PAG38,403,329,74
BOLCC 072013.xls,38bb5e32e1708561a52a1ca57e557cc1c240aa06c24bbfcc7c6989e621dcc488,casas_cambio,clasico,2013-07-31,unica,PAG39,437,362,75
BOLCC 072013.xls,38bb5e32e1708561a52a1ca57e557cc1c240aa06c24bbfcc7c6989e621dcc488,casas_cambio,clasico,2013-07-31,unica,PAG40,294,194,100
BOLCC 072013.xls,38bb5e32e1708561a52a1ca57e557cc1c240aa06c24bbfcc7c6989e621dcc488,casas_cambio,clasico,2013-07-31,unica,PAG41,217,164,53
BOLCC 072013.xls,38bb5e32e1708561a52a1ca57e557cc1c240aa06c24bbfcc7c6989e621dcc488,casas_cambio,clasico,2013-07-31,unica,PAG42,229,141,88
BOLCC 072013.xls,38bb5e32e1708561a52a1ca57e557cc1c240aa06c24bbfcc7c6989e621dcc488,casas_cambio,clasico,2013-07-31,unica,Módulo1,0,0,0
BOLCC 072013.xls,38bb5e32e1708561a52a1ca57e557cc1c240aa06c24bbfcc7c6989e621dcc488,casas_cambio,clasico,2013-07-31,unica,Módulo2,0,0,0
BOLCC 082013.xls,e9838f54753fdb6b0933d3e71cecf916c9cfc009486741e319c5980d3de20d5d,casas_cambio,clasico,2013-08-31,unica,Carátula,5,1,4
BOLCC 082013.xls,e9838f54753fdb6b0933d3e71cecf916c9cfc009486741e319c5980d3de20d5d,casas_cambio,clasico,2013-08-31,unica,INDICE,23,11,12
BOLCC 082013.xls,e9838f54753fdb6b0933d3e71cecf916c9cfc009486741e319c5980d3de20d5d,casas_cambio,clasico,2013-08-31,unica,1,433,362,71
BOLCC 082013.xls,e9838f54753fdb6b0933d3e71cecf916c9cfc009486741e319c5980d3de20d5d,casas_cambio,clasico,2013-08-31,unica,2,34,32,2
BOLCC 082013.xls,e9838f54753fdb6b0933d3e71cecf916c9cfc009486741e319c5980d3de20d5d,casas_cambio,clasico,2013-08-31,unica,3,352,288,64
BOLCC 082013.xls,e9838f54753fdb6b0933d3e71cecf916c9cfc009486741e319c5980d3de20d5d,casas_cambio,clasico,2013-08-31,unica,4,263,205,58
BOLCC 082013.xls,e9838f54753fdb6b0933d3e71cecf916c9cfc009486741e319c5980d3de20d5d,casas_cambio,clasico,2013-08-31,unica,5,255,198,57
BOLCC 082013.xls,e9838f54753fdb6b0933d3e71cecf916c9cfc009486741e319c5980d3de20d5d,casas_cambio,clasico,2013-08-31,unica,6,290,230,60
BOLCC 082013.xls,e9838f54753fdb6b0933d3e71cecf916c9cfc009486741e319c5980d3de20d5d,casas_cambio,clasico,2013-08-31,unica,7,400,329,71
BOLCC 082013.xls,e9838f54753fdb6b0933d3e71cecf916c9cfc009486741e319c5980d3de20d5d,casas_cambio,clasico,2013-08-31,unica,8,436,364,72
BOLCC 082013.xls,e9838f54753fdb6b0933d3e71cecf916c9cfc009486741e319c5980d3de20d5d,casas_cambio,clasico,2013-08-31,unica,9,291,194,97
BOLCC 082013.xls,e9838f54753fdb6b0933d3e71cecf916c9cfc009486741e319c5980d3de20d5d,casas_cambio,clasico,2013-08-31,unica,10,214,164,50
BOLCC 082013.xls,e9838f54753fdb6b0933d3e71cecf916c9cfc009486741e319c5980d3de20d5d,casas_cambio,clasico,2013-08-31,unica,11,226,145,81
BOLCC 082013.xls,e9838f54753fdb6b0933d3e71cecf916c9cfc009486741e319c5980d3de20d5d,casas_cambio,clasico,2013-08-31,unica,Módulo1,0,0,0
BOLCC 082013.xls,e9838f54753fdb6b0933d3e71cecf916c9cfc009486741e319c5980d3de20d5d,casas_cambio,clasico,2013-08-31,unica,Módulo2,0,0,0
3_BOLCC_09_2013_quereemplaza.xls,ff0bc3eb524a75fdd7a066eaaafccfd74132f29e92bdf5f9b8a300b2400a9782,casas_cambio,clasico,2013-09-30,version_clasico,Carátula,6,0,6
3_BOLCC_09_2013_quereemplaza.xls,ff0bc3eb524a75fdd7a066eaaafccfd74132f29e92bdf5f9b8a300b2400a9782,casas_cambio,clasico,2013-09-30,version_clasico,INDICE,23,11,12
3_BOLCC_09_2013_quereemplaza.xls,ff0bc3eb524a75fdd7a066eaaafccfd74132f29e92bdf5f9b8a300b2400a9782,casas_cambio,clasico,2013-09-30,version_clasico,1,434,362,72
3_BOLCC_09_2013_quereemplaza.xls,ff0bc3eb524a75fdd7a066eaaafccfd74132f29e92bdf5f9b8a300b2400a9782,casas_cambio,clasico,2013-09-30,version_clasico,2,35,32,3
3_BOLCC_09_2013_quereemplaza.xls,ff0bc3eb524a75fdd7a066eaaafccfd74132f29e92bdf5f9b8a300b2400a9782,casas_cambio,clasico,2013-09-30,version_clasico,3,353,288,65
3_BOLCC_09_2013_quereemplaza.xls,ff0bc3eb524a75fdd7a066eaaafccfd74132f29e92bdf5f9b8a300b2400a9782,casas_cambio,clasico,2013-09-30,version_clasico,4,264,205,59
3_BOLCC_09_2013_quereemplaza.xls,ff0bc3eb524a75fdd7a066eaaafccfd74132f29e92bdf5f9b8a300b2400a9782,casas_cambio,clasico,2013-09-30,version_clasico,5,256,198,58
3_BOLCC_09_2013_quereemplaza.xls,ff0bc3eb524a75fdd7a066eaaafccfd74132f29e92bdf5f9b8a300b2400a9782,casas_cambio,clasico,2013-09-30,version_clasico,6,291,230,61
3_BOLCC_09_2013_quereemplaza.xls,ff0bc3eb524a75fdd7a066eaaafccfd74132f29e92bdf5f9b8a300b2400a9782,casas_cambio,clasico,2013-09-30,version_clasico,7,401,329,72
3_BOLCC_09_2013_quereemplaza.xls,ff0bc3eb524a75fdd7a066eaaafccfd74132f29e92bdf5f9b8a300b2400a9782,casas_cambio,clasico,2013-09-30,version_clasico,8,439,366,73
3_BOLCC_09_2013_quereemplaza.xls,ff0bc3eb524a75fdd7a066eaaafccfd74132f29e92bdf5f9b8a300b2400a9782,casas_cambio,clasico,2013-09-30,version_clasico,9,292,194,98
3_BOLCC_09_2013_quereemplaza.xls,ff0bc3eb524a75fdd7a066eaaafccfd74132f29e92bdf5f9b8a300b2400a9782,casas_cambio,clasico,2013-09-30,version_clasico,10,215,164,51
3_BOLCC_09_2013_quereemplaza.xls,ff0bc3eb524a75fdd7a066eaaafccfd74132f29e92bdf5f9b8a300b2400a9782,casas_cambio,clasico,2013-09-30,version_clasico,11,227,143,84
3_BOLCC_09_2013_quereemplaza.xls,ff0bc3eb524a75fdd7a066eaaafccfd74132f29e92bdf5f9b8a300b2400a9782,casas_cambio,clasico,2013-09-30,version_clasico,Módulo1,0,0,0
3_BOLCC_09_2013_quereemplaza.xls,ff0bc3eb524a75fdd7a066eaaafccfd74132f29e92bdf5f9b8a300b2400a9782,casas_cambio,clasico,2013-09-30,version_clasico,Módulo2,0,0,0
3_BOLCC 092013_N.xls,30aa8d88c6dc3db6affb6150349e6c33530fa0f59d462377096c1e6e043f05a7,casas_cambio,nuevo,2013-09-30,version_nuevo,Carátula,6,0,6
3_BOLCC 092013_N.xls,30aa8d88c6dc3db6affb6150349e6c33530fa0f59d462377096c1e6e043f05a7,casas_cambio,nuevo,2013-09-30,version_nuevo,CC,4309,4091,218
3_BOLCC 092013_N.xls,30aa8d88c6dc3db6affb6150349e6c33530fa0f59d462377096c1e6e043f05a7,casas_cambio,nuevo,2013-09-30,version_nuevo,Módulo1,0,0,0
3_BOLCC 092013_N.xls,30aa8d88c6dc3db6affb6150349e6c33530fa0f59d462377096c1e6e043f05a7,casas_cambio,nuevo,2013-09-30,version_nuevo,Módulo2,0,0,0
3_BOLCC_102013.xls,a339b922a8468e0d49df9ee6281b0589ad51759f40a0627e0990fc8d2711b8a3,casas_cambio,clasico,2013-10-31,version_clasico,INDICE,23,11,12
3_BOLCC_102013.xls,a339b922a8468e0d49df9ee6281b0589ad51759f40a0627e0990fc8d2711b8a3,casas_cambio,clasico,2013-10-31,version_clasico,1,434,362,72
3_BOLCC_102013.xls,a339b922a8468e0d49df9ee6281b0589ad51759f40a0627e0990fc8d2711b8a3,casas_cambio,clasico,2013-10-31,version_clasico,2,35,32,3
3_BOLCC_102013.xls,a339b922a8468e0d49df9ee6281b0589ad51759f40a0627e0990fc8d2711b8a3,casas_cambio,clasico,2013-10-31,version_clasico,3,353,288,65
3_BOLCC_102013.xls,a339b922a8468e0d49df9ee6281b0589ad51759f40a0627e0990fc8d2711b8a3,casas_cambio,clasico,2013-10-31,version_clasico,4,264,205,59
3_BOLCC_102013.xls,a339b922a8468e0d49df9ee6281b0589ad51759f40a0627e0990fc8d2711b8a3,casas_cambio,clasico,2013-10-31,version_clasico,5,256,198,58
3_BOLCC_102013.xls,a339b922a8468e0d49df9ee6281b0589ad51759f40a0627e0990fc8d2711b8a3,casas_cambio,clasico,2013-10-31,version_clasico,6,291,230,61
3_BOLCC_102013.xls,a339b922a8468e0d49df9ee6281b0589ad51759f40a0627e0990fc8d2711b8a3,casas_cambio,clasico,2013-10-31,version_clasico,7,401,329,72
3_BOLCC_102013.xls,a339b922a8468e0d49df9ee6281b0589ad51759f40a0627e0990fc8d2711b8a3,casas_cambio,clasico,2013-10-31,version_clasico,8,435,362,73
3_BOLCC_102013.xls,a339b922a8468e0d49df9ee6281b0589ad51759f40a0627e0990fc8d2711b8a3,casas_cambio,clasico,2013-10-31,version_clasico,9,292,195,97
3_BOLCC_102013.xls,a339b922a8468e0d49df9ee6281b0589ad51759f40a0627e0990fc8d2711b8a3,casas_cambio,clasico,2013-10-31,version_clasico,10,215,164,51
3_BOLCC_102013.xls,a339b922a8468e0d49df9ee6281b0589ad51759f40a0627e0990fc8d2711b8a3,casas_cambio,clasico,2013-10-31,version_clasico,11,227,145,82
3_BOLCC_102013.xls,a339b922a8468e0d49df9ee6281b0589ad51759f40a0627e0990fc8d2711b8a3,casas_cambio,clasico,2013-10-31,version_clasico,Módulo1,0,0,0
3_BOLCC_102013.xls,a339b922a8468e0d49df9ee6281b0589ad51759f40a0627e0990fc8d2711b8a3,casas_cambio,clasico,2013-10-31,version_clasico,Módulo2,0,0,0
Cambios_propuesto_1013.xls,b06a7f58f03c2f9f3ea95c402e6382615d286778c0a8c21af697a1be33e70592,casas_cambio,nuevo,2013-10-31,version_nuevo,Carátula,6,1,5
Cambios_propuesto_1013.xls,b06a7f58f03c2f9f3ea95c402e6382615d286778c0a8c21af697a1be33e70592,casas_cambio,nuevo,2013-10-31,version_nuevo,CC,4311,4092,219
Cambios_propuesto_1013.xls,b06a7f58f03c2f9f3ea95c402e6382615d286778c0a8c21af697a1be33e70592,casas_cambio,nuevo,2013-10-31,version_nuevo,Módulo1,0,0,0
Cambios_propuesto_1013.xls,b06a7f58f03c2f9f3ea95c402e6382615d286778c0a8c21af697a1be33e70592,casas_cambio,nuevo,2013-10-31,version_nuevo,Módulo2,0,0,0
3_BOLCC_112013.xls,9d14a8f121d2fe9120798172c480b2fefd8cc1c117abb315936f0a456b4a35bc,casas_cambio,clasico,2013-11-30,version_clasico,Carátula,6,1,5
3_BOLCC_112013.xls,9d14a8f121d2fe9120798172c480b2fefd8cc1c117abb315936f0a456b4a35bc,casas_cambio,clasico,2013-11-30,version_clasico,INDICE,23,11,12
3_BOLCC_112013.xls,9d14a8f121d2fe9120798172c480b2fefd8cc1c117abb315936f0a456b4a35bc,casas_cambio,clasico,2013-11-30,version_clasico,1,435,353,82
3_BOLCC_112013.xls,9d14a8f121d2fe9120798172c480b2fefd8cc1c117abb315936f0a456b4a35bc,casas_cambio,clasico,2013-11-30,version_clasico,2,35,32,3
3_BOLCC_112013.xls,9d14a8f121d2fe9120798172c480b2fefd8cc1c117abb315936f0a456b4a35bc,casas_cambio,clasico,2013-11-30,version_clasico,3,354,281,73
3_BOLCC_112013.xls,9d14a8f121d2fe9120798172c480b2fefd8cc1c117abb315936f0a456b4a35bc,casas_cambio,clasico,2013-11-30,version_clasico,4,265,200,65
3_BOLCC_112013.xls,9d14a8f121d2fe9120798172c480b2fefd8cc1c117abb315936f0a456b4a35bc,casas_cambio,clasico,2013-11-30,version_clasico,5,257,193,64
3_BOLCC_112013.xls,9d14a8f121d2fe9120798172c480b2fefd8cc1c117abb315936f0a456b4a35bc,casas_cambio,clasico,2013-11-30,version_clasico,6,292,224,68
3_BOLCC_112013.xls,9d14a8f121d2fe9120798172c480b2fefd8cc1c117abb315936f0a456b4a35bc,casas_cambio,clasico,2013-11-30,version_clasico,7,402,320,82
3_BOLCC_112013.xls,9d14a8f121d2fe9120798172c480b2fefd8cc1c117abb315936f0a456b4a35bc,casas_cambio,clasico,2013-11-30,version_clasico,8,436,352,84
3_BOLCC_112013.xls,9d14a8f121d2fe9120798172c480b2fefd8cc1c117abb315936f0a456b4a35bc,casas_cambio,clasico,2013-11-30,version_clasico,9,293,190,103
3_BOLCC_112013.xls,9d14a8f121d2fe9120798172c480b2fefd8cc1c117abb315936f0a456b4a35bc,casas_cambio,clasico,2013-11-30,version_clasico,10,216,160,56
3_BOLCC_112013.xls,9d14a8f121d2fe9120798172c480b2fefd8cc1c117abb315936f0a456b4a35bc,casas_cambio,clasico,2013-11-30,version_clasico,11,228,136,92
3_BOLCC_112013.xls,9d14a8f121d2fe9120798172c480b2fefd8cc1c117abb315936f0a456b4a35bc,casas_cambio,clasico,2013-11-30,version_clasico,Módulo1,0,0,0
3_BOLCC_112013.xls,9d14a8f121d2fe9120798172c480b2fefd8cc1c117abb315936f0a456b4a35bc,casas_cambio,clasico,2013-11-30,version_clasico,Módulo2,0,0,0
Cambios_propuesto_1113.xls,84018f1b8a32ca046f977ac2e08a4d274652e9b9831b5d84d562b677510237dd,casas_cambio,nuevo,2013-11-30,version_nuevo,Carátula,6,1,5
Cambios_propuesto_1113.xls,84018f1b8a32ca046f977ac2e08a4d274652e9b9831b5d84d562b677510237dd,casas_cambio,nuevo,2013-11-30,version_nuevo,CC,4312,4082,230
Cambios_propuesto_1113.xls,84018f1b8a32ca046f977ac2e08a4d274652e9b9831b5d84d562b677510237dd,casas_cambio,nuevo,2013-11-30,version_nuevo,Módulo1,0,0,0
Cambios_propuesto_1113.xls,84018f1b8a32ca046f977ac2e08a4d274652e9b9831b5d84d562b677510237dd,casas_cambio,nuevo,2013-11-30,version_nuevo,Módulo2,0,0,0
CASAS_DE_CAMBIO.xls,2bb26fa159686f4c5240138a693797d33088cb1b34f89c80bc4b4711811d78fb,casas_cambio,clasico,2013-12-31,unica,INDICE,23,11,12
CASAS_DE_CAMBIO.xls,2bb26fa159686f4c5240138a693797d33088cb1b34f89c80bc4b4711811d78fb,casas_cambio,clasico,2013-12-31,unica,1,421,350,71
CASAS_DE_CAMBIO.xls,2bb26fa159686f4c5240138a693797d33088cb1b34f89c80bc4b4711811d78fb,casas_cambio,clasico,2013-12-31,unica,2,34,31,3
CASAS_DE_CAMBIO.xls,2bb26fa159686f4c5240138a693797d33088cb1b34f89c80bc4b4711811d78fb,casas_cambio,clasico,2013-12-31,unica,3,343,279,64
CASAS_DE_CAMBIO.xls,2bb26fa159686f4c5240138a693797d33088cb1b34f89c80bc4b4711811d78fb,casas_cambio,clasico,2013-12-31,unica,4,257,199,58
CASAS_DE_CAMBIO.xls,2bb26fa159686f4c5240138a693797d33088cb1b34f89c80bc4b4711811d78fb,casas_cambio,clasico,2013-12-31,unica,5,249,192,57
CASAS_DE_CAMBIO.xls,2bb26fa159686f4c5240138a693797d33088cb1b34f89c80bc4b4711811d78fb,casas_cambio,clasico,2013-12-31,unica,6,283,223,60
CASAS_DE_CAMBIO.xls,2bb26fa159686f4c5240138a693797d33088cb1b34f89c80bc4b4711811d78fb,casas_cambio,clasico,2013-12-31,unica,7,390,319,71
CASAS_DE_CAMBIO.xls,2bb26fa159686f4c5240138a693797d33088cb1b34f89c80bc4b4711811d78fb,casas_cambio,clasico,2013-12-31,unica,8,423,351,72
CASAS_DE_CAMBIO.xls,2bb26fa159686f4c5240138a693797d33088cb1b34f89c80bc4b4711811d78fb,casas_cambio,clasico,2013-12-31,unica,9,284,187,97
CASAS_DE_CAMBIO.xls,2bb26fa159686f4c5240138a693797d33088cb1b34f89c80bc4b4711811d78fb,casas_cambio,clasico,2013-12-31,unica,10,209,159,50
CASAS_DE_CAMBIO.xls,2bb26fa159686f4c5240138a693797d33088cb1b34f89c80bc4b4711811d78fb,casas_cambio,clasico,2013-12-31,unica,11,220,133,87
CASAS_DE_CAMBIO.xls,2bb26fa159686f4c5240138a693797d33088cb1b34f89c80bc4b4711811d78fb,casas_cambio,clasico,2013-12-31,unica,Módulo1,0,0,0
CASAS_DE_CAMBIO.xls,2bb26fa159686f4c5240138a693797d33088cb1b34f89c80bc4b4711811d78fb,casas_cambio,clasico,2013-12-31,unica,Módulo2,0,0,0
3_BOLCC_012014.xls,aa178df1dc0e9be6cd7090052e62af7cd3464c5ab824cb445b9960798fa0d6c5,casas_cambio,nuevo,2014-01-31,unica,Carátula,6,0,6
3_BOLCC_012014.xls,aa178df1dc0e9be6cd7090052e62af7cd3464c5ab824cb445b9960798fa0d6c5,casas_cambio,nuevo,2014-01-31,unica,CC,4425,4201,224
3_BOLCC_012014.xls,aa178df1dc0e9be6cd7090052e62af7cd3464c5ab824cb445b9960798fa0d6c5,casas_cambio,nuevo,2014-01-31,unica,Módulo1,0,0,0
3_BOLCC_012014.xls,aa178df1dc0e9be6cd7090052e62af7cd3464c5ab824cb445b9960798fa0d6c5,casas_cambio,nuevo,2014-01-31,unica,Módulo2,0,0,0
3_BOLCC_022014.xls,4b8672f0af12f6f7acdf3f10d4ed5b761f7be6e388b1b049b7f605c588d802ac,casas_cambio,nuevo,2014-02-28,unica,Carátula,6,0,6
3_BOLCC_022014.xls,4b8672f0af12f6f7acdf3f10d4ed5b761f7be6e388b1b049b7f605c588d802ac,casas_cambio,nuevo,2014-02-28,unica,CC,4453,4229,224
3_BOLCC_022014.xls,4b8672f0af12f6f7acdf3f10d4ed5b761f7be6e388b1b049b7f605c588d802ac,casas_cambio,nuevo,2014-02-28,unica,Módulo1,0,0,0
3_BOLCC_022014.xls,4b8672f0af12f6f7acdf3f10d4ed5b761f7be6e388b1b049b7f605c588d802ac,casas_cambio,nuevo,2014-02-28,unica,Módulo2,0,0,0
3_BOLCC_032014.xls,622e63536703fc4292034f8c284205dccdc989d5cd1520645f64d9377d28783c,casas_cambio,nuevo,2014-03-31,unica,Carátula,6,1,5
3_BOLCC_032014.xls,622e63536703fc4292034f8c284205dccdc989d5cd1520645f64d9377d28783c,casas_cambio,nuevo,2014-03-31,unica,CC,4453,4240,213
3_BOLCC_032014.xls,622e63536703fc4292034f8c284205dccdc989d5cd1520645f64d9377d28783c,casas_cambio,nuevo,2014-03-31,unica,Módulo1,0,0,0
3_BOLCC_032014.xls,622e63536703fc4292034f8c284205dccdc989d5cd1520645f64d9377d28783c,casas_cambio,nuevo,2014-03-31,unica,Módulo2,0,0,0
3_BOLCC_04_2014.xls,74bffedfff5f2d3add2000014e8aa56200eff609008bfcf4ac2f3b3e2eeb4e17,casas_cambio,nuevo,2014-04-30,unica,Carátula,6,0,6
3_BOLCC_04_2014.xls,74bffedfff5f2d3add2000014e8aa56200eff609008bfcf4ac2f3b3e2eeb4e17,casas_cambio,nuevo,2014-04-30,unica,CC,4453,4229,224
3_BOLCC_04_2014.xls,74bffedfff5f2d3add2000014e8aa56200eff609008bfcf4ac2f3b3e2eeb4e17,casas_cambio,nuevo,2014-04-30,unica,Módulo1,0,0,0
3_BOLCC_04_2014.xls,74bffedfff5f2d3add2000014e8aa56200eff609008bfcf4ac2f3b3e2eeb4e17,casas_cambio,nuevo,2014-04-30,unica,Módulo2,0,0,0
BOLCC_05_2014.xls,7e853048413d3be5358a8709da90c9470dc8b43c1c01eff318884b886252bdaf,casas_cambio,nuevo,2014-05-31,unica,Carátula,6,0,6
BOLCC_05_2014.xls,7e853048413d3be5358a8709da90c9470dc8b43c1c01eff318884b886252bdaf,casas_cambio,nuevo,2014-05-31,unica,CC,4523,4234,289
BOLCC_05_2014.xls,7e853048413d3be5358a8709da90c9470dc8b43c1c01eff318884b886252bdaf,casas_cambio,nuevo,2014-05-31,unica,Módulo1,0,0,0
BOLCC_05_2014.xls,7e853048413d3be5358a8709da90c9470dc8b43c1c01eff318884b886252bdaf,casas_cambio,nuevo,2014-05-31,unica,Módulo2,0,0,0
3_BOLCC_062014.xls,e8c33211fdb67bab15f374c4611c95f11f23767dbad778df3d50f33eb1bcd3ea,casas_cambio,nuevo,2014-06-30,unica,Carátula,7,0,7
3_BOLCC_062014.xls,e8c33211fdb67bab15f374c4611c95f11f23767dbad778df3d50f33eb1bcd3ea,casas_cambio,nuevo,2014-06-30,unica,CC,4453,4229,224
3_BOLCC_062014.xls,e8c33211fdb67bab15f374c4611c95f11f23767dbad778df3d50f33eb1bcd3ea,casas_cambio,nuevo,2014-06-30,unica,Módulo1,0,0,0
3_BOLCC_062014.xls,e8c33211fdb67bab15f374c4611c95f11f23767dbad778df3d50f33eb1bcd3ea,casas_cambio,nuevo,2014-06-30,unica,Módulo2,0,0,0
3_BOLCC_072014.xls,fb0058c431505b45d190b5108e1ad2135c0d18ea9e573a1f840c43bd5cafa412,casas_cambio,nuevo,2014-07-31,unica,Carátula,7,0,7
3_BOLCC_072014.xls,fb0058c431505b45d190b5108e1ad2135c0d18ea9e573a1f840c43bd5cafa412,casas_cambio,nuevo,2014-07-31,unica,CC,4453,4229,224
3_BOLCC_072014.xls,fb0058c431505b45d190b5108e1ad2135c0d18ea9e573a1f840c43bd5cafa412,casas_cambio,nuevo,2014-07-31,unica,Módulo1,0,0,0
3_BOLCC_072014.xls,fb0058c431505b45d190b5108e1ad2135c0d18ea9e573a1f840c43bd5cafa412,casas_cambio,nuevo,2014-07-31,unica,Módulo2,0,0,0
3_BOLCC_082014.xls,ec598ceee15f64773feb16874166086a99443baa9b0c48a6f0197d8412c54512,casas_cambio,nuevo,2014-08-31,unica,Carátula,7,0,7
3_BOLCC_082014.xls,ec598ceee15f64773feb16874166086a99443baa9b0c48a6f0197d8412c54512,casas_cambio,nuevo,2014-08-31,unica,CC,4453,4229,224
3_BOLCC_082014.xls,ec598ceee15f64773feb16874166086a99443baa9b0c48a6f0197d8412c54512,casas_cambio,nuevo,2014-08-31,unica,Módulo1,0,0,0
3_BOLCC_082014.xls,ec598ceee15f64773feb16874166086a99443baa9b0c48a6f0197d8412c54512,casas_cambio,nuevo,2014-08-31,unica,Módulo2,0,0,0
3_BOLCC_092014.xls,bb87c79fcaf3cdf99be28873ab9ae98d58d84f32d69343afbff29d2463d39c4e,casas_cambio,nuevo,2014-09-30,unica,Carátula,7,0,7
3_BOLCC_092014.xls,bb87c79fcaf3cdf99be28873ab9ae98d58d84f32d69343afbff29d2463d39c4e,casas_cambio,nuevo,2014-09-30,unica,CC,4453,4229,224
3_BOLCC_092014.xls,bb87c79fcaf3cdf99be28873ab9ae98d58d84f32d69343afbff29d2463d39c4e,casas_cambio,nuevo,2014-09-30,unica,Módulo1,0,0,0
3_BOLCC_092014.xls,bb87c79fcaf3cdf99be28873ab9ae98d58d84f32d69343afbff29d2463d39c4e,casas_cambio,nuevo,2014-09-30,unica,Módulo2,0,0,0
3_BOLCC_102014.xls,c5d9df57b9e175a1b7d6be5de8188d46718a181b2c5b0818ec1a338ada2ec69b,casas_cambio,nuevo,2014-10-31,unica,Carátula,7,0,7
3_BOLCC_102014.xls,c5d9df57b9e175a1b7d6be5de8188d46718a181b2c5b0818ec1a338ada2ec69b,casas_cambio,nuevo,2014-10-31,unica,CC,4453,4229,224
3_BOLCC_102014.xls,c5d9df57b9e175a1b7d6be5de8188d46718a181b2c5b0818ec1a338ada2ec69b,casas_cambio,nuevo,2014-10-31,unica,Módulo1,0,0,0
3_BOLCC_102014.xls,c5d9df57b9e175a1b7d6be5de8188d46718a181b2c5b0818ec1a338ada2ec69b,casas_cambio,nuevo,2014-10-31,unica,Módulo2,0,0,0
3_BOLCC 112014.xls,f4f0198b140d12e4bb137b2ff33ab2c39c5a7519bf3f5fa7bff581e1ce8b56bd,casas_cambio,nuevo,2014-11-30,unica,Carátula,7,0,7
3_BOLCC 112014.xls,f4f0198b140d12e4bb137b2ff33ab2c39c5a7519bf3f5fa7bff581e1ce8b56bd,casas_cambio,nuevo,2014-11-30,unica,CC,4453,4229,224
3_BOLCC 112014.xls,f4f0198b140d12e4bb137b2ff33ab2c39c5a7519bf3f5fa7bff581e1ce8b56bd,casas_cambio,nuevo,2014-11-30,unica,Módulo1,0,0,0
3_BOLCC 112014.xls,f4f0198b140d12e4bb137b2ff33ab2c39c5a7519bf3f5fa7bff581e1ce8b56bd,casas_cambio,nuevo,2014-11-30,unica,Módulo2,0,0,0
3_BOLCC_122014.xls,c33b41831b07af0b90325c4238a5ac950409eeddb016bf5223053512af363813,casas_cambio,nuevo,2014-12-31,unica,Carátula,7,0,7
3_BOLCC_122014.xls,c33b41831b07af0b90325c4238a5ac950409eeddb016bf5223053512af363813,casas_cambio,nuevo,2014-12-31,unica,CC,4453,4229,224
3_BOLCC_122014.xls,c33b41831b07af0b90325c4238a5ac950409eeddb016bf5223053512af363813,casas_cambio,nuevo,2014-12-31,unica,Módulo1,0,0,0
3_BOLCC_122014.xls,c33b41831b07af0b90325c4238a5ac950409eeddb016bf5223053512af363813,casas_cambio,nuevo,2014-12-31,unica,Módulo2,0,0,0
3_BOLCC_012015.xls,525972ed9412db4e5eee5b61caeb3293335ffaaca1fa8442a516eba9266a7a41,casas_cambio,nuevo,2015-01-31,unica,Carátula,7,0,7
3_BOLCC_012015.xls,525972ed9412db4e5eee5b61caeb3293335ffaaca1fa8442a516eba9266a7a41,casas_cambio,nuevo,2015-01-31,unica,CC,4453,4229,224
3_BOLCC_012015.xls,525972ed9412db4e5eee5b61caeb3293335ffaaca1fa8442a516eba9266a7a41,casas_cambio,nuevo,2015-01-31,unica,Módulo1,0,0,0
3_BOLCC_012015.xls,525972ed9412db4e5eee5b61caeb3293335ffaaca1fa8442a516eba9266a7a41,casas_cambio,nuevo,2015-01-31,unica,Módulo2,0,0,0
3_BOLCC 022015.xls,e2e7e91d89b3d884033c10fc7f37b57f74c8bed3784d1292944dd5f396fc3988,casas_cambio,nuevo,2015-02-28,unica,Carátula,7,0,7
3_BOLCC 022015.xls,e2e7e91d89b3d884033c10fc7f37b57f74c8bed3784d1292944dd5f396fc3988,casas_cambio,nuevo,2015-02-28,unica,CC,4452,4229,223
3_BOLCC 022015.xls,e2e7e91d89b3d884033c10fc7f37b57f74c8bed3784d1292944dd5f396fc3988,casas_cambio,nuevo,2015-02-28,unica,Módulo1,0,0,0
3_BOLCC 022015.xls,e2e7e91d89b3d884033c10fc7f37b57f74c8bed3784d1292944dd5f396fc3988,casas_cambio,nuevo,2015-02-28,unica,Módulo2,0,0,0
3_BOLCC_032015.xls,75a24659548a6c02af7efa81fb8d6420609899473d450f4e57c253531e2fdc87,casas_cambio,nuevo,2015-03-31,unica,Carátula,7,0,7
3_BOLCC_032015.xls,75a24659548a6c02af7efa81fb8d6420609899473d450f4e57c253531e2fdc87,casas_cambio,nuevo,2015-03-31,unica,CC,4453,4229,224
3_BOLCC_032015.xls,75a24659548a6c02af7efa81fb8d6420609899473d450f4e57c253531e2fdc87,casas_cambio,nuevo,2015-03-31,unica,Módulo1,0,0,0
3_BOLCC_032015.xls,75a24659548a6c02af7efa81fb8d6420609899473d450f4e57c253531e2fdc87,casas_cambio,nuevo,2015-03-31,unica,Módulo2,0,0,0
3_BOLCC_042015.xls,a1f6c97975d0dbd74edb1a6933104c7152864efc5839827a08e7c4936d3875e1,casas_cambio,nuevo,2015-04-30,unica,Carátula,7,0,7
3_BOLCC_042015.xls,a1f6c97975d0dbd74edb1a6933104c7152864efc5839827a08e7c4936d3875e1,casas_cambio,nuevo,2015-04-30,unica,CC,4453,4229,224
3_BOLCC_042015.xls,a1f6c97975d0dbd74edb1a6933104c7152864efc5839827a08e7c4936d3875e1,casas_cambio,nuevo,2015-04-30,unica,Módulo1,0,0,0
3_BOLCC_042015.xls,a1f6c97975d0dbd74edb1a6933104c7152864efc5839827a08e7c4936d3875e1,casas_cambio,nuevo,2015-04-30,unica,Módulo2,0,0,0
3_BOLCC_052015.xls,07a98fcfd17866fba457bd5de52a7a2052f2226913bf37c565ff81453cec8d25,casas_cambio,nuevo,2015-05-31,unica,Carátula,7,0,7
3_BOLCC_052015.xls,07a98fcfd17866fba457bd5de52a7a2052f2226913bf37c565ff81453cec8d25,casas_cambio,nuevo,2015-05-31,unica,CC,4454,4230,224
3_BOLCC_052015.xls,07a98fcfd17866fba457bd5de52a7a2052f2226913bf37c565ff81453cec8d25,casas_cambio,nuevo,2015-05-31,unica,Módulo1,0,0,0
3_BOLCC_052015.xls,07a98fcfd17866fba457bd5de52a7a2052f2226913bf37c565ff81453cec8d25,casas_cambio,nuevo,2015-05-31,unica,Módulo2,0,0,0
3_BOLCC_062015(1).xls,db649ec2b042e1792c58b775a8650e2266610c120b1d2cdc7c8e33ee4c5e467f,casas_cambio,nuevo,2015-06-30,unica,Carátula,7,0,7
3_BOLCC_062015(1).xls,db649ec2b042e1792c58b775a8650e2266610c120b1d2cdc7c8e33ee4c5e467f,casas_cambio,nuevo,2015-06-30,unica,CC,4454,4230,224
3_BOLCC_062015(1).xls,db649ec2b042e1792c58b775a8650e2266610c120b1d2cdc7c8e33ee4c5e467f,casas_cambio,nuevo,2015-06-30,unica,Módulo1,0,0,0
3_BOLCC_062015(1).xls,db649ec2b042e1792c58b775a8650e2266610c120b1d2cdc7c8e33ee4c5e467f,casas_cambio,nuevo,2015-06-30,unica,Módulo2,0,0,0
3_BOLCC_072015.xls,20dfe59ca306969adfdf11ee83fe595d6b651a5f54010fe26dd6c3a7c4fe2a33,casas_cambio,nuevo,2015-07-31,unica,Carátula,7,0,7
3_BOLCC_072015.xls,20dfe59ca306969adfdf11ee83fe595d6b651a5f54010fe26dd6c3a7c4fe2a33,casas_cambio,nuevo,2015-07-31,unica,CC,4455,4231,224
3_BOLCC_072015.xls,20dfe59ca306969adfdf11ee83fe595d6b651a5f54010fe26dd6c3a7c4fe2a33,casas_cambio,nuevo,2015-07-31,unica,Módulo1,0,0,0
3_BOLCC_072015.xls,20dfe59ca306969adfdf11ee83fe595d6b651a5f54010fe26dd6c3a7c4fe2a33,casas_cambio,nuevo,2015-07-31,unica,Módulo2,0,0,0
3_BOLCC_08_2015.xls,658db9d868c8baa2e1d127be105dff41446cf106c0217b0f59bcfbdbaac5e696,casas_cambio,nuevo,2015-08-31,unica,Carátula,7,0,7
3_BOLCC_08_2015.xls,658db9d868c8baa2e1d127be105dff41446cf106c0217b0f59bcfbdbaac5e696,casas_cambio,nuevo,2015-08-31,unica,CC,4454,4230,224
3_BOLCC_08_2015.xls,658db9d868c8baa2e1d127be105dff41446cf106c0217b0f59bcfbdbaac5e696,casas_cambio,nuevo,2015-08-31,unica,Módulo1,0,0,0
3_BOLCC_08_2015.xls,658db9d868c8baa2e1d127be105dff41446cf106c0217b0f59bcfbdbaac5e696,casas_cambio,nuevo,2015-08-31,unica,Módulo2,0,0,0
3_BOLCC_092015.xls,2d767ce12aec1701318aae0d4da64a5e82dbae9cb6bca29f53afd7ca27ff81a0,casas_cambio,nuevo,2015-09-30,unica,Carátula,7,0,7
3_BOLCC_092015.xls,2d767ce12aec1701318aae0d4da64a5e82dbae9cb6bca29f53afd7ca27ff81a0,casas_cambio,nuevo,2015-09-30,unica,CC,4454,4230,224
3_BOLCC_092015.xls,2d767ce12aec1701318aae0d4da64a5e82dbae9cb6bca29f53afd7ca27ff81a0,casas_cambio,nuevo,2015-09-30,unica,Módulo1,0,0,0
3_BOLCC_092015.xls,2d767ce12aec1701318aae0d4da64a5e82dbae9cb6bca29f53afd7ca27ff81a0,casas_cambio,nuevo,2015-09-30,unica,Módulo2,0,0,0
3_BOLCC_102015.xls,ff0eadb495734ad0719bf63ef474ef64e297ca2daebd671a057eb52119a3500b,casas_cambio,nuevo,2015-10-31,unica,Carátula,7,0,7
3_BOLCC_102015.xls,ff0eadb495734ad0719bf63ef474ef64e297ca2daebd671a057eb52119a3500b,casas_cambio,nuevo,2015-10-31,unica,CC,4454,4230,224
3_BOLCC_102015.xls,ff0eadb495734ad0719bf63ef474ef64e297ca2daebd671a057eb52119a3500b,casas_cambio,nuevo,2015-10-31,unica,Módulo1,0,0,0
3_BOLCC_102015.xls,ff0eadb495734ad0719bf63ef474ef64e297ca2daebd671a057eb52119a3500b,casas_cambio,nuevo,2015-10-31,unica,Módulo2,0,0,0
3_BOLCC 112015.xls,03666ad145ff2667ce521415c08f9cb4b3d7109df3bf7bb7954571f98bad413d,casas_cambio,nuevo,2015-11-30,unica,Carátula,7,0,7
3_BOLCC 112015.xls,03666ad145ff2667ce521415c08f9cb4b3d7109df3bf7bb7954571f98bad413d,casas_cambio,nuevo,2015-11-30,unica,CC,4454,4230,224
3_BOLCC 112015.xls,03666ad145ff2667ce521415c08f9cb4b3d7109df3bf7bb7954571f98bad413d,casas_cambio,nuevo,2015-11-30,unica,Módulo1,0,0,0
3_BOLCC 112015.xls,03666ad145ff2667ce521415c08f9cb4b3d7109df3bf7bb7954571f98bad413d,casas_cambio,nuevo,2015-11-30,unica,Módulo2,0,0,0
3_BOLCC_122015.xls,21caef6602e7b4170942f8e6f35e34161cccec43715f1ee6249a8436b4dc2199,casas_cambio,nuevo,2015-12-31,unica,Carátula,7,0,7
3_BOLCC_122015.xls,21caef6602e7b4170942f8e6f35e34161cccec43715f1ee6249a8436b4dc2199,casas_cambio,nuevo,2015-12-31,unica,CC,4322,4102,220
3_BOLCC_122015.xls,21caef6602e7b4170942f8e6f35e34161cccec43715f1ee6249a8436b4dc2199,casas_cambio,nuevo,2015-12-31,unica,Módulo1,0,0,0
3_BOLCC_122015.xls,21caef6602e7b4170942f8e6f35e34161cccec43715f1ee6249a8436b4dc2199,casas_cambio,nuevo,2015-12-31,unica,Módulo2,0,0,0
Ficha 012011.xls,8a43bd6375760a513ab07de8b142c2a1100901221fd073863ce662eaa93994e4,ficha_tecnica,ficha,2011-01-31,unica,Bancos,176,131,45
Ficha 012011.xls,8a43bd6375760a513ab07de8b142c2a1100901221fd073863ce662eaa93994e4,ficha_tecnica,ficha,2011-01-31,unica,Financieras,176,131,45
Ficha 012011.xls,8a43bd6375760a513ab07de8b142c2a1100901221fd073863ce662eaa93994e4,ficha_tecnica,ficha,2011-01-31,unica,Tasas,234,182,52
Ficha 012011.xls,8a43bd6375760a513ab07de8b142c2a1100901221fd073863ce662eaa93994e4,ficha_tecnica,ficha,2011-01-31,unica,Cuentas,74,63,11
Ficha 012011.xls,8a43bd6375760a513ab07de8b142c2a1100901221fd073863ce662eaa93994e4,ficha_tecnica,ficha,2011-01-31,unica,Comparacion Cancelacion,38,38,0
Ficha 012011.xls,8a43bd6375760a513ab07de8b142c2a1100901221fd073863ce662eaa93994e4,ficha_tecnica,ficha,2011-01-31,unica,Comparacion Canc. por año,28,27,1
Ficha 022011.xls,a46188eb859b2fb724621a44b94baba2c199b83fb48e9e8842a671e34e474bbb,ficha_tecnica,ficha,2011-02-28,unica,Bancos,176,131,45
Ficha 022011.xls,a46188eb859b2fb724621a44b94baba2c199b83fb48e9e8842a671e34e474bbb,ficha_tecnica,ficha,2011-02-28,unica,Financieras,176,131,45
Ficha 022011.xls,a46188eb859b2fb724621a44b94baba2c199b83fb48e9e8842a671e34e474bbb,ficha_tecnica,ficha,2011-02-28,unica,Tasas,234,180,54
Ficha 022011.xls,a46188eb859b2fb724621a44b94baba2c199b83fb48e9e8842a671e34e474bbb,ficha_tecnica,ficha,2011-02-28,unica,Cuentas,74,63,11
Ficha 022011.xls,a46188eb859b2fb724621a44b94baba2c199b83fb48e9e8842a671e34e474bbb,ficha_tecnica,ficha,2011-02-28,unica,Comparacion Cancelacion,38,38,0
Ficha 022011.xls,a46188eb859b2fb724621a44b94baba2c199b83fb48e9e8842a671e34e474bbb,ficha_tecnica,ficha,2011-02-28,unica,Comparacion Canc. por año,28,27,1
Ficha 032011.xls,df46430a41c4677dfe36bdeb160e6fb0a4331f3e591108b0bf63c308ad233d1e,ficha_tecnica,ficha,2011-03-31,unica,Bancos,176,131,45
Ficha 032011.xls,df46430a41c4677dfe36bdeb160e6fb0a4331f3e591108b0bf63c308ad233d1e,ficha_tecnica,ficha,2011-03-31,unica,Financieras,176,131,45
Ficha 032011.xls,df46430a41c4677dfe36bdeb160e6fb0a4331f3e591108b0bf63c308ad233d1e,ficha_tecnica,ficha,2011-03-31,unica,Tasas,234,178,56
Ficha 032011.xls,df46430a41c4677dfe36bdeb160e6fb0a4331f3e591108b0bf63c308ad233d1e,ficha_tecnica,ficha,2011-03-31,unica,Comparacion Cancelacion,38,38,0
Ficha 032011.xls,df46430a41c4677dfe36bdeb160e6fb0a4331f3e591108b0bf63c308ad233d1e,ficha_tecnica,ficha,2011-03-31,unica,Comparacion Canc. por año,28,27,1
Ficha 042011.xls,880da8a160000958d3266961589f476a9a428c0e6402b2e7b8b1ab0985087c12,ficha_tecnica,ficha,2011-04-30,unica,Bancos,176,131,45
Ficha 042011.xls,880da8a160000958d3266961589f476a9a428c0e6402b2e7b8b1ab0985087c12,ficha_tecnica,ficha,2011-04-30,unica,Financieras,176,131,45
Ficha 042011.xls,880da8a160000958d3266961589f476a9a428c0e6402b2e7b8b1ab0985087c12,ficha_tecnica,ficha,2011-04-30,unica,Tasas,234,178,56
Ficha 042011.xls,880da8a160000958d3266961589f476a9a428c0e6402b2e7b8b1ab0985087c12,ficha_tecnica,ficha,2011-04-30,unica,Cuentas,74,63,11
Ficha 042011.xls,880da8a160000958d3266961589f476a9a428c0e6402b2e7b8b1ab0985087c12,ficha_tecnica,ficha,2011-04-30,unica,Comparacion Cancelacion,38,38,0
Ficha 042011.xls,880da8a160000958d3266961589f476a9a428c0e6402b2e7b8b1ab0985087c12,ficha_tecnica,ficha,2011-04-30,unica,Comparacion Canc. por año,28,27,1
Ficha 052011.xls,71cd7fc4675c4724010492e7d6c92bc377d291e2784ecd08efb70dc86247817f,ficha_tecnica,ficha,2011-05-31,unica,Bancos,176,131,45
Ficha 052011.xls,71cd7fc4675c4724010492e7d6c92bc377d291e2784ecd08efb70dc86247817f,ficha_tecnica,ficha,2011-05-31,unica,Calificadoras Bancos,55,0,55
Ficha 052011.xls,71cd7fc4675c4724010492e7d6c92bc377d291e2784ecd08efb70dc86247817f,ficha_tecnica,ficha,2011-05-31,unica,Financieras,176,131,45
Ficha 052011.xls,71cd7fc4675c4724010492e7d6c92bc377d291e2784ecd08efb70dc86247817f,ficha_tecnica,ficha,2011-05-31,unica,Calificadoras Financieras,40,0,40
Ficha 052011.xls,71cd7fc4675c4724010492e7d6c92bc377d291e2784ecd08efb70dc86247817f,ficha_tecnica,ficha,2011-05-31,unica,Tasas,234,178,56
Ficha 052011.xls,71cd7fc4675c4724010492e7d6c92bc377d291e2784ecd08efb70dc86247817f,ficha_tecnica,ficha,2011-05-31,unica,Cuentas,74,63,11
Ficha 052011.xls,71cd7fc4675c4724010492e7d6c92bc377d291e2784ecd08efb70dc86247817f,ficha_tecnica,ficha,2011-05-31,unica,Comparacion Cancelacion,38,38,0
Ficha 052011.xls,71cd7fc4675c4724010492e7d6c92bc377d291e2784ecd08efb70dc86247817f,ficha_tecnica,ficha,2011-05-31,unica,Comparacion Canc. por año,28,27,1
Ficha 062011.xls,59cb71b985b69cd3288d35f7c2178e7c121d4838968e36b1b21d0ff41597b21c,ficha_tecnica,ficha,2011-06-30,unica,Bancos,176,131,45
Ficha 062011.xls,59cb71b985b69cd3288d35f7c2178e7c121d4838968e36b1b21d0ff41597b21c,ficha_tecnica,ficha,2011-06-30,unica,Calificadoras Bancos,55,0,55
Ficha 062011.xls,59cb71b985b69cd3288d35f7c2178e7c121d4838968e36b1b21d0ff41597b21c,ficha_tecnica,ficha,2011-06-30,unica,Financieras,176,131,45
Ficha 062011.xls,59cb71b985b69cd3288d35f7c2178e7c121d4838968e36b1b21d0ff41597b21c,ficha_tecnica,ficha,2011-06-30,unica,Calificadoras Financieras,40,0,40
Ficha 062011.xls,59cb71b985b69cd3288d35f7c2178e7c121d4838968e36b1b21d0ff41597b21c,ficha_tecnica,ficha,2011-06-30,unica,Tasas,234,174,60
Ficha 062011.xls,59cb71b985b69cd3288d35f7c2178e7c121d4838968e36b1b21d0ff41597b21c,ficha_tecnica,ficha,2011-06-30,unica,Cuentas,74,62,12
Ficha 062011.xls,59cb71b985b69cd3288d35f7c2178e7c121d4838968e36b1b21d0ff41597b21c,ficha_tecnica,ficha,2011-06-30,unica,Comparacion Cancelacion,38,38,0
Ficha 062011.xls,59cb71b985b69cd3288d35f7c2178e7c121d4838968e36b1b21d0ff41597b21c,ficha_tecnica,ficha,2011-06-30,unica,Comparacion Canc. por año,28,27,1
Ficha 072011.xls,520bada6b3929ce6bf2a5bba122afc495f0819c5133fcd55bde17340b0d8e337,ficha_tecnica,ficha,2011-07-31,unica,Bancos,170,126,44
Ficha 072011.xls,520bada6b3929ce6bf2a5bba122afc495f0819c5133fcd55bde17340b0d8e337,ficha_tecnica,ficha,2011-07-31,unica,Calificadoras Bancos,55,0,55
Ficha 072011.xls,520bada6b3929ce6bf2a5bba122afc495f0819c5133fcd55bde17340b0d8e337,ficha_tecnica,ficha,2011-07-31,unica,Financieras,170,126,44
Ficha 072011.xls,520bada6b3929ce6bf2a5bba122afc495f0819c5133fcd55bde17340b0d8e337,ficha_tecnica,ficha,2011-07-31,unica,Calificadoras Financieras,40,0,40
Ficha 072011.xls,520bada6b3929ce6bf2a5bba122afc495f0819c5133fcd55bde17340b0d8e337,ficha_tecnica,ficha,2011-07-31,unica,Tasas,234,176,58
Ficha 072011.xls,520bada6b3929ce6bf2a5bba122afc495f0819c5133fcd55bde17340b0d8e337,ficha_tecnica,ficha,2011-07-31,unica,Cuentas,74,63,11
Ficha 072011.xls,520bada6b3929ce6bf2a5bba122afc495f0819c5133fcd55bde17340b0d8e337,ficha_tecnica,ficha,2011-07-31,unica,Comparacion Cancelacion,38,38,0
Ficha 072011.xls,520bada6b3929ce6bf2a5bba122afc495f0819c5133fcd55bde17340b0d8e337,ficha_tecnica,ficha,2011-07-31,unica,Comparacion Canc. por año,28,27,1
Ficha 082011.xls,73fcb17a2c6057e54a4498210a854b2d0596fdb5624639624c40bf8c7f711920,ficha_tecnica,ficha,2011-08-31,unica,Bancos,170,126,44
Ficha 082011.xls,73fcb17a2c6057e54a4498210a854b2d0596fdb5624639624c40bf8c7f711920,ficha_tecnica,ficha,2011-08-31,unica,Calificadoras Bancos,55,0,55
Ficha 082011.xls,73fcb17a2c6057e54a4498210a854b2d0596fdb5624639624c40bf8c7f711920,ficha_tecnica,ficha,2011-08-31,unica,Financieras,170,126,44
Ficha 082011.xls,73fcb17a2c6057e54a4498210a854b2d0596fdb5624639624c40bf8c7f711920,ficha_tecnica,ficha,2011-08-31,unica,Calificadoras Financieras,40,0,40
Ficha 082011.xls,73fcb17a2c6057e54a4498210a854b2d0596fdb5624639624c40bf8c7f711920,ficha_tecnica,ficha,2011-08-31,unica,Tasas,234,178,56
Ficha 082011.xls,73fcb17a2c6057e54a4498210a854b2d0596fdb5624639624c40bf8c7f711920,ficha_tecnica,ficha,2011-08-31,unica,Cuentas,74,63,11
Ficha 082011.xls,73fcb17a2c6057e54a4498210a854b2d0596fdb5624639624c40bf8c7f711920,ficha_tecnica,ficha,2011-08-31,unica,Comparacion Cancelacion,38,38,0
Ficha 082011.xls,73fcb17a2c6057e54a4498210a854b2d0596fdb5624639624c40bf8c7f711920,ficha_tecnica,ficha,2011-08-31,unica,Comparacion Canc. por año,28,27,1
Ficha 092011.xls,701116728201e90bc40322b1139b038dfe8d286b6499598c005036b2bc6e08a4,ficha_tecnica,ficha,2011-09-30,unica,Bancos,170,126,44
Ficha 092011.xls,701116728201e90bc40322b1139b038dfe8d286b6499598c005036b2bc6e08a4,ficha_tecnica,ficha,2011-09-30,unica,Calificadoras Bancos,55,0,55
Ficha 092011.xls,701116728201e90bc40322b1139b038dfe8d286b6499598c005036b2bc6e08a4,ficha_tecnica,ficha,2011-09-30,unica,Financieras,170,126,44
Ficha 092011.xls,701116728201e90bc40322b1139b038dfe8d286b6499598c005036b2bc6e08a4,ficha_tecnica,ficha,2011-09-30,unica,Calificadoras Financieras,40,0,40
Ficha 092011.xls,701116728201e90bc40322b1139b038dfe8d286b6499598c005036b2bc6e08a4,ficha_tecnica,ficha,2011-09-30,unica,Tasas,234,176,58
Ficha 092011.xls,701116728201e90bc40322b1139b038dfe8d286b6499598c005036b2bc6e08a4,ficha_tecnica,ficha,2011-09-30,unica,Cuentas,74,63,11
Ficha 092011.xls,701116728201e90bc40322b1139b038dfe8d286b6499598c005036b2bc6e08a4,ficha_tecnica,ficha,2011-09-30,unica,Comparacion Cancelacion,38,38,0
Ficha 092011.xls,701116728201e90bc40322b1139b038dfe8d286b6499598c005036b2bc6e08a4,ficha_tecnica,ficha,2011-09-30,unica,Comparacion Canc. por año,28,27,1
Ficha 102011.xls,5f4efec4118a3e1b235dc7148f0411c66a69f7ca88e4d872b61ef0ca59887dc2,ficha_tecnica,ficha,2011-10-31,unica,Bancos,170,126,44
Ficha 102011.xls,5f4efec4118a3e1b235dc7148f0411c66a69f7ca88e4d872b61ef0ca59887dc2,ficha_tecnica,ficha,2011-10-31,unica,Calificadoras Bancos,55,0,55
Ficha 102011.xls,5f4efec4118a3e1b235dc7148f0411c66a69f7ca88e4d872b61ef0ca59887dc2,ficha_tecnica,ficha,2011-10-31,unica,Financieras,170,126,44
Ficha 102011.xls,5f4efec4118a3e1b235dc7148f0411c66a69f7ca88e4d872b61ef0ca59887dc2,ficha_tecnica,ficha,2011-10-31,unica,Calificadoras Financieras,40,0,40
Ficha 102011.xls,5f4efec4118a3e1b235dc7148f0411c66a69f7ca88e4d872b61ef0ca59887dc2,ficha_tecnica,ficha,2011-10-31,unica,Tasas,234,176,58
Ficha 102011.xls,5f4efec4118a3e1b235dc7148f0411c66a69f7ca88e4d872b61ef0ca59887dc2,ficha_tecnica,ficha,2011-10-31,unica,Cuentas,74,63,11
Ficha 102011.xls,5f4efec4118a3e1b235dc7148f0411c66a69f7ca88e4d872b61ef0ca59887dc2,ficha_tecnica,ficha,2011-10-31,unica,Comparacion Cancelacion,38,38,0
Ficha 102011.xls,5f4efec4118a3e1b235dc7148f0411c66a69f7ca88e4d872b61ef0ca59887dc2,ficha_tecnica,ficha,2011-10-31,unica,Comparacion Canc. por año,28,27,1
Ficha 112011.xls,d59852e3dc5e9c832bef1bd9a865d0a2c741076c8e7f8d8de370eaaa1f591b58,ficha_tecnica,ficha,2011-11-30,unica,Bancos,170,126,44
Ficha 112011.xls,d59852e3dc5e9c832bef1bd9a865d0a2c741076c8e7f8d8de370eaaa1f591b58,ficha_tecnica,ficha,2011-11-30,unica,Calificadoras Bancos,55,0,55
Ficha 112011.xls,d59852e3dc5e9c832bef1bd9a865d0a2c741076c8e7f8d8de370eaaa1f591b58,ficha_tecnica,ficha,2011-11-30,unica,Financieras,170,126,44
Ficha 112011.xls,d59852e3dc5e9c832bef1bd9a865d0a2c741076c8e7f8d8de370eaaa1f591b58,ficha_tecnica,ficha,2011-11-30,unica,Calificadoras Financieras,40,0,40
Ficha 112011.xls,d59852e3dc5e9c832bef1bd9a865d0a2c741076c8e7f8d8de370eaaa1f591b58,ficha_tecnica,ficha,2011-11-30,unica,Tasas,234,176,58
Ficha 112011.xls,d59852e3dc5e9c832bef1bd9a865d0a2c741076c8e7f8d8de370eaaa1f591b58,ficha_tecnica,ficha,2011-11-30,unica,Cuentas,74,63,11
Ficha 112011.xls,d59852e3dc5e9c832bef1bd9a865d0a2c741076c8e7f8d8de370eaaa1f591b58,ficha_tecnica,ficha,2011-11-30,unica,Comparacion Cancelacion,38,38,0
Ficha 112011.xls,d59852e3dc5e9c832bef1bd9a865d0a2c741076c8e7f8d8de370eaaa1f591b58,ficha_tecnica,ficha,2011-11-30,unica,Comparacion Canc. por año,28,27,1
Ficha 122011.xls,5a4a1549b3028ba4f39fdf0dfa74daed1815850db3d01e97d6700c619dffc5e5,ficha_tecnica,ficha,2011-12-31,unica,Bancos,170,126,44
Ficha 122011.xls,5a4a1549b3028ba4f39fdf0dfa74daed1815850db3d01e97d6700c619dffc5e5,ficha_tecnica,ficha,2011-12-31,unica,Calificadoras Bancos,55,0,55
Ficha 122011.xls,5a4a1549b3028ba4f39fdf0dfa74daed1815850db3d01e97d6700c619dffc5e5,ficha_tecnica,ficha,2011-12-31,unica,Financieras,170,126,44
Ficha 122011.xls,5a4a1549b3028ba4f39fdf0dfa74daed1815850db3d01e97d6700c619dffc5e5,ficha_tecnica,ficha,2011-12-31,unica,Calificadoras Financieras,40,0,40
Ficha 122011.xls,5a4a1549b3028ba4f39fdf0dfa74daed1815850db3d01e97d6700c619dffc5e5,ficha_tecnica,ficha,2011-12-31,unica,Tasas,234,176,58
Ficha 122011.xls,5a4a1549b3028ba4f39fdf0dfa74daed1815850db3d01e97d6700c619dffc5e5,ficha_tecnica,ficha,2011-12-31,unica,Cuentas,74,63,11
Ficha 122011.xls,5a4a1549b3028ba4f39fdf0dfa74daed1815850db3d01e97d6700c619dffc5e5,ficha_tecnica,ficha,2011-12-31,unica,Comparacion Cancelacion,38,38,0
Ficha 122011.xls,5a4a1549b3028ba4f39fdf0dfa74daed1815850db3d01e97d6700c619dffc5e5,ficha_tecnica,ficha,2011-12-31,unica,Comparacion Canc. por año,28,27,1
Ficha 012012.xls,ebb228e86eb8dceb1fcbfda6e42ecfb17a1b14a5eae1c77b3373ea2d6a2285bf,ficha_tecnica,ficha,2012-01-31,unica,Bancos,170,126,44
Ficha 012012.xls,ebb228e86eb8dceb1fcbfda6e42ecfb17a1b14a5eae1c77b3373ea2d6a2285bf,ficha_tecnica,ficha,2012-01-31,unica,Calificadoras Bancos,55,0,55
Ficha 012012.xls,ebb228e86eb8dceb1fcbfda6e42ecfb17a1b14a5eae1c77b3373ea2d6a2285bf,ficha_tecnica,ficha,2012-01-31,unica,Financieras,170,126,44
Ficha 012012.xls,ebb228e86eb8dceb1fcbfda6e42ecfb17a1b14a5eae1c77b3373ea2d6a2285bf,ficha_tecnica,ficha,2012-01-31,unica,Calificadoras Financieras,40,0,40
Ficha 012012.xls,ebb228e86eb8dceb1fcbfda6e42ecfb17a1b14a5eae1c77b3373ea2d6a2285bf,ficha_tecnica,ficha,2012-01-31,unica,Tasas,234,176,58
Ficha 012012.xls,ebb228e86eb8dceb1fcbfda6e42ecfb17a1b14a5eae1c77b3373ea2d6a2285bf,ficha_tecnica,ficha,2012-01-31,unica,Cuentas,78,66,12
Ficha 012012.xls,ebb228e86eb8dceb1fcbfda6e42ecfb17a1b14a5eae1c77b3373ea2d6a2285bf,ficha_tecnica,ficha,2012-01-31,unica,Comparacion Cancelacion,38,38,0
Ficha 012012.xls,ebb228e86eb8dceb1fcbfda6e42ecfb17a1b14a5eae1c77b3373ea2d6a2285bf,ficha_tecnica,ficha,2012-01-31,unica,Comparacion Canc. por año,28,27,1
Ficha 022012.xls,17932a8ded71a4cafe90e3117f131ceec9e1487557b10e71e02515a0217f1e74,ficha_tecnica,ficha,2012-02-29,unica,Bancos,170,126,44
Ficha 022012.xls,17932a8ded71a4cafe90e3117f131ceec9e1487557b10e71e02515a0217f1e74,ficha_tecnica,ficha,2012-02-29,unica,Calificadoras Bancos,55,0,55
Ficha 022012.xls,17932a8ded71a4cafe90e3117f131ceec9e1487557b10e71e02515a0217f1e74,ficha_tecnica,ficha,2012-02-29,unica,Financieras,170,126,44
Ficha 022012.xls,17932a8ded71a4cafe90e3117f131ceec9e1487557b10e71e02515a0217f1e74,ficha_tecnica,ficha,2012-02-29,unica,Calificadoras Financieras,40,0,40
Ficha 022012.xls,17932a8ded71a4cafe90e3117f131ceec9e1487557b10e71e02515a0217f1e74,ficha_tecnica,ficha,2012-02-29,unica,Tasas,234,176,58
Ficha 022012.xls,17932a8ded71a4cafe90e3117f131ceec9e1487557b10e71e02515a0217f1e74,ficha_tecnica,ficha,2012-02-29,unica,Cuentas,78,66,12
Ficha 022012.xls,17932a8ded71a4cafe90e3117f131ceec9e1487557b10e71e02515a0217f1e74,ficha_tecnica,ficha,2012-02-29,unica,Comparacion Cancelacion,38,38,0
Ficha 022012.xls,17932a8ded71a4cafe90e3117f131ceec9e1487557b10e71e02515a0217f1e74,ficha_tecnica,ficha,2012-02-29,unica,Comparacion Canc. por año,28,27,1
Ficha 032012.xls,6355388b76639dee2b4214988e6ae86999c221403558aa431a4d4b635266bb8a,ficha_tecnica,ficha,2012-03-31,unica,Bancos,170,126,44
Ficha 032012.xls,6355388b76639dee2b4214988e6ae86999c221403558aa431a4d4b635266bb8a,ficha_tecnica,ficha,2012-03-31,unica,Calificadoras Bancos,55,0,55
Ficha 032012.xls,6355388b76639dee2b4214988e6ae86999c221403558aa431a4d4b635266bb8a,ficha_tecnica,ficha,2012-03-31,unica,Financieras,170,126,44
Ficha 032012.xls,6355388b76639dee2b4214988e6ae86999c221403558aa431a4d4b635266bb8a,ficha_tecnica,ficha,2012-03-31,unica,Calificadoras Financieras,40,0,40
Ficha 032012.xls,6355388b76639dee2b4214988e6ae86999c221403558aa431a4d4b635266bb8a,ficha_tecnica,ficha,2012-03-31,unica,Tasas,234,176,58
Ficha 032012.xls,6355388b76639dee2b4214988e6ae86999c221403558aa431a4d4b635266bb8a,ficha_tecnica,ficha,2012-03-31,unica,Cuentas,78,66,12
Ficha 032012.xls,6355388b76639dee2b4214988e6ae86999c221403558aa431a4d4b635266bb8a,ficha_tecnica,ficha,2012-03-31,unica,Comparacion Cancelacion,38,38,0
Ficha 032012.xls,6355388b76639dee2b4214988e6ae86999c221403558aa431a4d4b635266bb8a,ficha_tecnica,ficha,2012-03-31,unica,Comparacion Canc. por año,28,27,1
Ficha 042012.xls,1397e7e9caf7e2118eada45c58b32800d3e0e430d31bd0f711cf16257ef039b0,ficha_tecnica,ficha,2012-04-30,unica,Bancos,170,126,44
Ficha 042012.xls,1397e7e9caf7e2118eada45c58b32800d3e0e430d31bd0f711cf16257ef039b0,ficha_tecnica,ficha,2012-04-30,unica,Calificadoras Bancos,55,0,55
Ficha 042012.xls,1397e7e9caf7e2118eada45c58b32800d3e0e430d31bd0f711cf16257ef039b0,ficha_tecnica,ficha,2012-04-30,unica,Financieras,170,126,44
Ficha 042012.xls,1397e7e9caf7e2118eada45c58b32800d3e0e430d31bd0f711cf16257ef039b0,ficha_tecnica,ficha,2012-04-30,unica,Calificadoras Financieras,40,0,40
Ficha 042012.xls,1397e7e9caf7e2118eada45c58b32800d3e0e430d31bd0f711cf16257ef039b0,ficha_tecnica,ficha,2012-04-30,unica,Tasas,234,176,58
Ficha 042012.xls,1397e7e9caf7e2118eada45c58b32800d3e0e430d31bd0f711cf16257ef039b0,ficha_tecnica,ficha,2012-04-30,unica,Cuentas,78,66,12
Ficha 042012.xls,1397e7e9caf7e2118eada45c58b32800d3e0e430d31bd0f711cf16257ef039b0,ficha_tecnica,ficha,2012-04-30,unica,Comparacion Cancelacion,38,38,0
Ficha 042012.xls,1397e7e9caf7e2118eada45c58b32800d3e0e430d31bd0f711cf16257ef039b0,ficha_tecnica,ficha,2012-04-30,unica,Comparacion Canc. por año,28,27,1
Ficha 052012.xls,637295cc2f7e2ae58ae4d922169b33edf511046e909cb6510d9df0b87c2daf1a,ficha_tecnica,ficha,2012-05-31,unica,Bancos,170,126,44
Ficha 052012.xls,637295cc2f7e2ae58ae4d922169b33edf511046e909cb6510d9df0b87c2daf1a,ficha_tecnica,ficha,2012-05-31,unica,Calificadoras Bancos,55,0,55
Ficha 052012.xls,637295cc2f7e2ae58ae4d922169b33edf511046e909cb6510d9df0b87c2daf1a,ficha_tecnica,ficha,2012-05-31,unica,Financieras,170,126,44
Ficha 052012.xls,637295cc2f7e2ae58ae4d922169b33edf511046e909cb6510d9df0b87c2daf1a,ficha_tecnica,ficha,2012-05-31,unica,Calificadoras Financieras,40,0,40
Ficha 052012.xls,637295cc2f7e2ae58ae4d922169b33edf511046e909cb6510d9df0b87c2daf1a,ficha_tecnica,ficha,2012-05-31,unica,Tasas,234,176,58
Ficha 052012.xls,637295cc2f7e2ae58ae4d922169b33edf511046e909cb6510d9df0b87c2daf1a,ficha_tecnica,ficha,2012-05-31,unica,Cuentas,78,66,12
Ficha 052012.xls,637295cc2f7e2ae58ae4d922169b33edf511046e909cb6510d9df0b87c2daf1a,ficha_tecnica,ficha,2012-05-31,unica,Comparacion Cancelacion,38,38,0
Ficha 052012.xls,637295cc2f7e2ae58ae4d922169b33edf511046e909cb6510d9df0b87c2daf1a,ficha_tecnica,ficha,2012-05-31,unica,Comparacion Canc. por año,28,27,1
Ficha 062012.xls,7454176899efd414a1386c53d6887940af0ac22a53612067f408eda7f3ac1300,ficha_tecnica,ficha,2012-06-30,unica,Bancos,171,127,44
Ficha 062012.xls,7454176899efd414a1386c53d6887940af0ac22a53612067f408eda7f3ac1300,ficha_tecnica,ficha,2012-06-30,unica,Calificadoras Bancos,55,0,55
Ficha 062012.xls,7454176899efd414a1386c53d6887940af0ac22a53612067f408eda7f3ac1300,ficha_tecnica,ficha,2012-06-30,unica,Financieras,171,127,44
Ficha 062012.xls,7454176899efd414a1386c53d6887940af0ac22a53612067f408eda7f3ac1300,ficha_tecnica,ficha,2012-06-30,unica,Calificadoras Financieras,40,0,40
Ficha 062012.xls,7454176899efd414a1386c53d6887940af0ac22a53612067f408eda7f3ac1300,ficha_tecnica,ficha,2012-06-30,unica,Tasas,234,176,58
Ficha 062012.xls,7454176899efd414a1386c53d6887940af0ac22a53612067f408eda7f3ac1300,ficha_tecnica,ficha,2012-06-30,unica,Cuentas,78,66,12
Ficha 062012.xls,7454176899efd414a1386c53d6887940af0ac22a53612067f408eda7f3ac1300,ficha_tecnica,ficha,2012-06-30,unica,Comparacion Cancelacion,38,38,0
Ficha 062012.xls,7454176899efd414a1386c53d6887940af0ac22a53612067f408eda7f3ac1300,ficha_tecnica,ficha,2012-06-30,unica,Comparacion Canc. por año,28,27,1
Ficha 072012.xls,ba4f66eaa999c10dad1ce1bb41d6587c549a7443f5ded63439773c9b5ac89fee,ficha_tecnica,ficha,2012-07-31,unica,Bancos,173,128,45
Ficha 072012.xls,ba4f66eaa999c10dad1ce1bb41d6587c549a7443f5ded63439773c9b5ac89fee,ficha_tecnica,ficha,2012-07-31,unica,Calificadoras Bancos,55,0,55
Ficha 072012.xls,ba4f66eaa999c10dad1ce1bb41d6587c549a7443f5ded63439773c9b5ac89fee,ficha_tecnica,ficha,2012-07-31,unica,Financieras,173,128,45
Ficha 072012.xls,ba4f66eaa999c10dad1ce1bb41d6587c549a7443f5ded63439773c9b5ac89fee,ficha_tecnica,ficha,2012-07-31,unica,Calificadoras Financieras,40,0,40
Ficha 072012.xls,ba4f66eaa999c10dad1ce1bb41d6587c549a7443f5ded63439773c9b5ac89fee,ficha_tecnica,ficha,2012-07-31,unica,Tasas,235,182,53
Ficha 072012.xls,ba4f66eaa999c10dad1ce1bb41d6587c549a7443f5ded63439773c9b5ac89fee,ficha_tecnica,ficha,2012-07-31,unica,Cuentas,79,66,13
Ficha 072012.xls,ba4f66eaa999c10dad1ce1bb41d6587c549a7443f5ded63439773c9b5ac89fee,ficha_tecnica,ficha,2012-07-31,unica,Comparacion Cancelacion,38,38,0
Ficha 072012.xls,ba4f66eaa999c10dad1ce1bb41d6587c549a7443f5ded63439773c9b5ac89fee,ficha_tecnica,ficha,2012-07-31,unica,Comparacion Canc. por año,28,27,1
Ficha 082012.xls,0b5cabe8a48f12fe8fb4e37dfbce40c519b79132e6c2db8813f51d953ba586cd,ficha_tecnica,ficha,2012-08-31,unica,Bancos,173,128,45
Ficha 082012.xls,0b5cabe8a48f12fe8fb4e37dfbce40c519b79132e6c2db8813f51d953ba586cd,ficha_tecnica,ficha,2012-08-31,unica,Calificadoras Bancos,55,0,55
Ficha 082012.xls,0b5cabe8a48f12fe8fb4e37dfbce40c519b79132e6c2db8813f51d953ba586cd,ficha_tecnica,ficha,2012-08-31,unica,Financieras,173,128,45
Ficha 082012.xls,0b5cabe8a48f12fe8fb4e37dfbce40c519b79132e6c2db8813f51d953ba586cd,ficha_tecnica,ficha,2012-08-31,unica,Calificadoras Financieras,40,0,40
Ficha 082012.xls,0b5cabe8a48f12fe8fb4e37dfbce40c519b79132e6c2db8813f51d953ba586cd,ficha_tecnica,ficha,2012-08-31,unica,Tasas,139,96,43
Ficha 082012.xls,0b5cabe8a48f12fe8fb4e37dfbce40c519b79132e6c2db8813f51d953ba586cd,ficha_tecnica,ficha,2012-08-31,unica,Cuentas,79,66,13
Ficha 082012.xls,0b5cabe8a48f12fe8fb4e37dfbce40c519b79132e6c2db8813f51d953ba586cd,ficha_tecnica,ficha,2012-08-31,unica,Comparacion Cancelacion,38,38,0
Ficha 082012.xls,0b5cabe8a48f12fe8fb4e37dfbce40c519b79132e6c2db8813f51d953ba586cd,ficha_tecnica,ficha,2012-08-31,unica,Comparacion Canc. por año,28,27,1
Ficha 092012.xls,4634497279b40bb66c880142efdf6a3a93b2804a5ac49febf75e58e86b53bcd0,ficha_tecnica,ficha,2012-09-30,unica,Bancos,173,128,45
Ficha 092012.xls,4634497279b40bb66c880142efdf6a3a93b2804a5ac49febf75e58e86b53bcd0,ficha_tecnica,ficha,2012-09-30,unica,Calificadoras Bancos,55,0,55
Ficha 092012.xls,4634497279b40bb66c880142efdf6a3a93b2804a5ac49febf75e58e86b53bcd0,ficha_tecnica,ficha,2012-09-30,unica,Financieras,173,128,45
Ficha 092012.xls,4634497279b40bb66c880142efdf6a3a93b2804a5ac49febf75e58e86b53bcd0,ficha_tecnica,ficha,2012-09-30,unica,Calificadoras Financieras,40,0,40
Ficha 092012.xls,4634497279b40bb66c880142efdf6a3a93b2804a5ac49febf75e58e86b53bcd0,ficha_tecnica,ficha,2012-09-30,unica,Tasas,235,184,51
Ficha 092012.xls,4634497279b40bb66c880142efdf6a3a93b2804a5ac49febf75e58e86b53bcd0,ficha_tecnica,ficha,2012-09-30,unica,Cuentas,79,66,13
Ficha 092012.xls,4634497279b40bb66c880142efdf6a3a93b2804a5ac49febf75e58e86b53bcd0,ficha_tecnica,ficha,2012-09-30,unica,Comparacion Cancelacion,38,38,0
Ficha 092012.xls,4634497279b40bb66c880142efdf6a3a93b2804a5ac49febf75e58e86b53bcd0,ficha_tecnica,ficha,2012-09-30,unica,Comparacion Canc. por año,28,27,1
Ficha 102012.xls,31646c587e22f756f8debce1e273098e16f32bdfdaf1f4611748bbcc04c0a428,ficha_tecnica,ficha,2012-10-31,unica,Bancos,173,128,45
Ficha 102012.xls,31646c587e22f756f8debce1e273098e16f32bdfdaf1f4611748bbcc04c0a428,ficha_tecnica,ficha,2012-10-31,unica,Calificadoras Bancos,55,0,55
Ficha 102012.xls,31646c587e22f756f8debce1e273098e16f32bdfdaf1f4611748bbcc04c0a428,ficha_tecnica,ficha,2012-10-31,unica,Financieras,173,128,45
Ficha 102012.xls,31646c587e22f756f8debce1e273098e16f32bdfdaf1f4611748bbcc04c0a428,ficha_tecnica,ficha,2012-10-31,unica,Calificadoras Financieras,40,0,40
Ficha 102012.xls,31646c587e22f756f8debce1e273098e16f32bdfdaf1f4611748bbcc04c0a428,ficha_tecnica,ficha,2012-10-31,unica,Tasas,235,184,51
Ficha 102012.xls,31646c587e22f756f8debce1e273098e16f32bdfdaf1f4611748bbcc04c0a428,ficha_tecnica,ficha,2012-10-31,unica,Cuentas,79,66,13
Ficha 102012.xls,31646c587e22f756f8debce1e273098e16f32bdfdaf1f4611748bbcc04c0a428,ficha_tecnica,ficha,2012-10-31,unica,Comparacion Cancelacion,38,38,0
Ficha 102012.xls,31646c587e22f756f8debce1e273098e16f32bdfdaf1f4611748bbcc04c0a428,ficha_tecnica,ficha,2012-10-31,unica,Comparacion Canc. por año,28,27,1
Ficha 112012.xls,58bb3b05826d7bc8ab52ce6bcff38611f6aa1d6b6af3f3f15155c2240aeca1b3,ficha_tecnica,ficha,2012-11-30,unica,Bancos,173,128,45
Ficha 112012.xls,58bb3b05826d7bc8ab52ce6bcff38611f6aa1d6b6af3f3f15155c2240aeca1b3,ficha_tecnica,ficha,2012-11-30,unica,Calificadoras Bancos,55,0,55
Ficha 112012.xls,58bb3b05826d7bc8ab52ce6bcff38611f6aa1d6b6af3f3f15155c2240aeca1b3,ficha_tecnica,ficha,2012-11-30,unica,Financieras,173,128,45
Ficha 112012.xls,58bb3b05826d7bc8ab52ce6bcff38611f6aa1d6b6af3f3f15155c2240aeca1b3,ficha_tecnica,ficha,2012-11-30,unica,Calificadoras Financieras,40,0,40
Ficha 112012.xls,58bb3b05826d7bc8ab52ce6bcff38611f6aa1d6b6af3f3f15155c2240aeca1b3,ficha_tecnica,ficha,2012-11-30,unica,Tasas,139,96,43
Ficha 112012.xls,58bb3b05826d7bc8ab52ce6bcff38611f6aa1d6b6af3f3f15155c2240aeca1b3,ficha_tecnica,ficha,2012-11-30,unica,Cuentas,79,66,13
Ficha 112012.xls,58bb3b05826d7bc8ab52ce6bcff38611f6aa1d6b6af3f3f15155c2240aeca1b3,ficha_tecnica,ficha,2012-11-30,unica,Comparacion Cancelacion,38,38,0
Ficha 112012.xls,58bb3b05826d7bc8ab52ce6bcff38611f6aa1d6b6af3f3f15155c2240aeca1b3,ficha_tecnica,ficha,2012-11-30,unica,Comparacion Canc. por año,28,27,1
Ficha 122012.xls,e623fd35bdb0a4d04d9cbb32ebff7343452a0a15e2ce6aa03956ccd944e2ab81,ficha_tecnica,ficha,2012-12-31,unica,Bancos,178,128,50
Ficha 122012.xls,e623fd35bdb0a4d04d9cbb32ebff7343452a0a15e2ce6aa03956ccd944e2ab81,ficha_tecnica,ficha,2012-12-31,unica,Calificadoras Bancos,55,0,55
Ficha 122012.xls,e623fd35bdb0a4d04d9cbb32ebff7343452a0a15e2ce6aa03956ccd944e2ab81,ficha_tecnica,ficha,2012-12-31,unica,Financieras,178,128,50
Ficha 122012.xls,e623fd35bdb0a4d04d9cbb32ebff7343452a0a15e2ce6aa03956ccd944e2ab81,ficha_tecnica,ficha,2012-12-31,unica,Calificadoras Financieras,40,0,40
Ficha 122012.xls,e623fd35bdb0a4d04d9cbb32ebff7343452a0a15e2ce6aa03956ccd944e2ab81,ficha_tecnica,ficha,2012-12-31,unica,Tasas,144,96,48
Ficha 122012.xls,e623fd35bdb0a4d04d9cbb32ebff7343452a0a15e2ce6aa03956ccd944e2ab81,ficha_tecnica,ficha,2012-12-31,unica,Cuentas,88,74,14
Ficha 122012.xls,e623fd35bdb0a4d04d9cbb32ebff7343452a0a15e2ce6aa03956ccd944e2ab81,ficha_tecnica,ficha,2012-12-31,unica,Comparacion Cancelacion,38,38,0
Ficha 122012.xls,e623fd35bdb0a4d04d9cbb32ebff7343452a0a15e2ce6aa03956ccd944e2ab81,ficha_tecnica,ficha,2012-12-31,unica,Comparacion Canc. por año,28,27,1
Ficha 012013.xls,5777d4f63c69e2bee81778c02c6b3dd64b4a0271ec7a18f5178778ae54bc1950,ficha_tecnica,ficha,2013-01-31,unica,Bancos,178,128,50
Ficha 012013.xls,5777d4f63c69e2bee81778c02c6b3dd64b4a0271ec7a18f5178778ae54bc1950,ficha_tecnica,ficha,2013-01-31,unica,Calificadoras Bancos,55,0,55
Ficha 012013.xls,5777d4f63c69e2bee81778c02c6b3dd64b4a0271ec7a18f5178778ae54bc1950,ficha_tecnica,ficha,2013-01-31,unica,Financieras,178,128,50
Ficha 012013.xls,5777d4f63c69e2bee81778c02c6b3dd64b4a0271ec7a18f5178778ae54bc1950,ficha_tecnica,ficha,2013-01-31,unica,Calificadoras Financieras,40,0,40
Ficha 012013.xls,5777d4f63c69e2bee81778c02c6b3dd64b4a0271ec7a18f5178778ae54bc1950,ficha_tecnica,ficha,2013-01-31,unica,Tasas,144,96,48
Ficha 012013.xls,5777d4f63c69e2bee81778c02c6b3dd64b4a0271ec7a18f5178778ae54bc1950,ficha_tecnica,ficha,2013-01-31,unica,Cuentas,88,70,18
Ficha 012013.xls,5777d4f63c69e2bee81778c02c6b3dd64b4a0271ec7a18f5178778ae54bc1950,ficha_tecnica,ficha,2013-01-31,unica,Comparacion Cancelacion,38,38,0
Ficha 012013.xls,5777d4f63c69e2bee81778c02c6b3dd64b4a0271ec7a18f5178778ae54bc1950,ficha_tecnica,ficha,2013-01-31,unica,Comparacion Canc. por año,28,27,1
Ficha 022013.xls,bed0b2f112f86ebeb191083d78502ae73a8c1f3edc80f81587180fe3c06c9777,ficha_tecnica,ficha,2013-02-28,unica,Bancos,173,128,45
Ficha 022013.xls,bed0b2f112f86ebeb191083d78502ae73a8c1f3edc80f81587180fe3c06c9777,ficha_tecnica,ficha,2013-02-28,unica,Calificadoras Bancos,55,0,55
Ficha 022013.xls,bed0b2f112f86ebeb191083d78502ae73a8c1f3edc80f81587180fe3c06c9777,ficha_tecnica,ficha,2013-02-28,unica,Financieras,173,128,45
Ficha 022013.xls,bed0b2f112f86ebeb191083d78502ae73a8c1f3edc80f81587180fe3c06c9777,ficha_tecnica,ficha,2013-02-28,unica,Calificadoras Financieras,40,0,40
Ficha 022013.xls,bed0b2f112f86ebeb191083d78502ae73a8c1f3edc80f81587180fe3c06c9777,ficha_tecnica,ficha,2013-02-28,unica,Tasas,139,104,35
Ficha 022013.xls,bed0b2f112f86ebeb191083d78502ae73a8c1f3edc80f81587180fe3c06c9777,ficha_tecnica,ficha,2013-02-28,unica,Cuentas,83,70,13
Ficha 022013.xls,bed0b2f112f86ebeb191083d78502ae73a8c1f3edc80f81587180fe3c06c9777,ficha_tecnica,ficha,2013-02-28,unica,Comparacion Cancelacion,38,38,0
Ficha 022013.xls,bed0b2f112f86ebeb191083d78502ae73a8c1f3edc80f81587180fe3c06c9777,ficha_tecnica,ficha,2013-02-28,unica,Comparacion Canc. por año,28,27,1
Ficha 032013.xlsx,d71d6ec1a42ca56a3e6e87b3034d550eec7e52dcef6b0d605f82436997a10daa,ficha_tecnica,ficha,2013-03-31,unica,Bancos,171,126,45
Ficha 032013.xlsx,d71d6ec1a42ca56a3e6e87b3034d550eec7e52dcef6b0d605f82436997a10daa,ficha_tecnica,ficha,2013-03-31,unica,Financieras,171,126,45
Ficha 032013.xlsx,d71d6ec1a42ca56a3e6e87b3034d550eec7e52dcef6b0d605f82436997a10daa,ficha_tecnica,ficha,2013-03-31,unica,Tasas,130,86,44
Ficha 032013.xlsx,d71d6ec1a42ca56a3e6e87b3034d550eec7e52dcef6b0d605f82436997a10daa,ficha_tecnica,ficha,2013-03-31,unica,Cuentas,82,70,12
Ficha 042013.xlsx,ea7a6626a6b0491c4bc281accd2bcb72a651d5d44a4a7e927e60bcd75eae7b73,ficha_tecnica,ficha,2013-04-30,unica,Bancos,171,126,45
Ficha 042013.xlsx,ea7a6626a6b0491c4bc281accd2bcb72a651d5d44a4a7e927e60bcd75eae7b73,ficha_tecnica,ficha,2013-04-30,unica,Financieras,171,126,45
Ficha 042013.xlsx,ea7a6626a6b0491c4bc281accd2bcb72a651d5d44a4a7e927e60bcd75eae7b73,ficha_tecnica,ficha,2013-04-30,unica,Tasas,130,88,42
Ficha 042013.xlsx,ea7a6626a6b0491c4bc281accd2bcb72a651d5d44a4a7e927e60bcd75eae7b73,ficha_tecnica,ficha,2013-04-30,unica,Cuentas,82,70,12
Ficha 052013.xlsx,5e3fc34d57ca088eea15cfd787452fee44a2b53a0102ae7cfd10c8ba614a0288,ficha_tecnica,ficha,2013-05-31,unica,Bancos,172,127,45
Ficha 052013.xlsx,5e3fc34d57ca088eea15cfd787452fee44a2b53a0102ae7cfd10c8ba614a0288,ficha_tecnica,ficha,2013-05-31,unica,Financieras,171,126,45
Ficha 052013.xlsx,5e3fc34d57ca088eea15cfd787452fee44a2b53a0102ae7cfd10c8ba614a0288,ficha_tecnica,ficha,2013-05-31,unica,Tasas Falta,130,80,50
Ficha 052013.xlsx,5e3fc34d57ca088eea15cfd787452fee44a2b53a0102ae7cfd10c8ba614a0288,ficha_tecnica,ficha,2013-05-31,unica,Cuentas,82,70,12
Ficha 062013.xlsx,342b19914e17e622187cd4e92cc4f8948b8ff67ff742298fc0f44b22a1e10b10,ficha_tecnica,ficha,2013-06-30,unica,Bancos,171,126,45
Ficha 062013.xlsx,342b19914e17e622187cd4e92cc4f8948b8ff67ff742298fc0f44b22a1e10b10,ficha_tecnica,ficha,2013-06-30,unica,Financieras,171,126,45
Ficha 062013.xlsx,342b19914e17e622187cd4e92cc4f8948b8ff67ff742298fc0f44b22a1e10b10,ficha_tecnica,ficha,2013-06-30,unica,Tasas,130,80,50
Ficha 062013.xlsx,342b19914e17e622187cd4e92cc4f8948b8ff67ff742298fc0f44b22a1e10b10,ficha_tecnica,ficha,2013-06-30,unica,Cuentas,82,70,12
Ficha 072013.xlsx,89c80088667e522a61b99b2bccb784e3e4dfe0d3bed6dbb668299ed67512a67c,ficha_tecnica,ficha,2013-07-31,unica,Bancos,175,127,48
Ficha 072013.xlsx,89c80088667e522a61b99b2bccb784e3e4dfe0d3bed6dbb668299ed67512a67c,ficha_tecnica,ficha,2013-07-31,unica,Financieras,174,126,48
Ficha 072013.xlsx,89c80088667e522a61b99b2bccb784e3e4dfe0d3bed6dbb668299ed67512a67c,ficha_tecnica,ficha,2013-07-31,unica,Tasas Falta,133,80,53
Ficha 072013.xlsx,89c80088667e522a61b99b2bccb784e3e4dfe0d3bed6dbb668299ed67512a67c,ficha_tecnica,ficha,2013-07-31,unica,Cuentas,82,70,12
Ficha 082013.xlsx,0ba14abfcd4d40c7eaa6ba58b3ba94d0284a730dbf618fa43ea895a9e1721db1,ficha_tecnica,ficha,2013-08-31,unica,Bancos,171,126,45
Ficha 082013.xlsx,0ba14abfcd4d40c7eaa6ba58b3ba94d0284a730dbf618fa43ea895a9e1721db1,ficha_tecnica,ficha,2013-08-31,unica,Financieras,171,126,45
Ficha 082013.xlsx,0ba14abfcd4d40c7eaa6ba58b3ba94d0284a730dbf618fa43ea895a9e1721db1,ficha_tecnica,ficha,2013-08-31,unica,Tasas,127,80,47
Ficha 082013.xlsx,0ba14abfcd4d40c7eaa6ba58b3ba94d0284a730dbf618fa43ea895a9e1721db1,ficha_tecnica,ficha,2013-08-31,unica,Cuentas,79,70,9
5_Otros_Datos_09_2013_quereemplaza.xlsx,979dbd859897764efa99ad7631c8d71c46bd63535cae717ce42585544e655265,ficha_tecnica,ficha,2013-09-30,unica,Bancos,175,127,48
5_Otros_Datos_09_2013_quereemplaza.xlsx,979dbd859897764efa99ad7631c8d71c46bd63535cae717ce42585544e655265,ficha_tecnica,ficha,2013-09-30,unica,Financieras,174,126,48
5_Otros_Datos_09_2013_quereemplaza.xlsx,979dbd859897764efa99ad7631c8d71c46bd63535cae717ce42585544e655265,ficha_tecnica,ficha,2013-09-30,unica,Tasas,133,80,53
5_Otros_Datos_09_2013_quereemplaza.xlsx,979dbd859897764efa99ad7631c8d71c46bd63535cae717ce42585544e655265,ficha_tecnica,ficha,2013-09-30,unica,Cuentas,82,70,12
Otros_Datos_102013.xlsx,bb0d6306089ad2273a92306d7a1f38a7df16a5f234d58de244de16da474b8b01,ficha_tecnica,ficha,2013-10-31,unica,Bancos,173,126,47
Otros_Datos_102013.xlsx,bb0d6306089ad2273a92306d7a1f38a7df16a5f234d58de244de16da474b8b01,ficha_tecnica,ficha,2013-10-31,unica,Financieras,173,126,47
Otros_Datos_102013.xlsx,bb0d6306089ad2273a92306d7a1f38a7df16a5f234d58de244de16da474b8b01,ficha_tecnica,ficha,2013-10-31,unica,Tasas,133,80,53
Otros_Datos_102013.xlsx,bb0d6306089ad2273a92306d7a1f38a7df16a5f234d58de244de16da474b8b01,ficha_tecnica,ficha,2013-10-31,unica,Cuentas,82,70,12
5_Otros_Datos_1113 (1).xlsx,e22a66214a2290003ad4604ce33aeddb3223977a795835894ca1b803573af48b,ficha_tecnica,ficha,2013-11-30,unica,Bancos,175,127,48
5_Otros_Datos_1113 (1).xlsx,e22a66214a2290003ad4604ce33aeddb3223977a795835894ca1b803573af48b,ficha_tecnica,ficha,2013-11-30,unica,Financieras,174,126,48
5_Otros_Datos_1113 (1).xlsx,e22a66214a2290003ad4604ce33aeddb3223977a795835894ca1b803573af48b,ficha_tecnica,ficha,2013-11-30,unica,Tasas,133,80,53
5_Otros_Datos_1113 (1).xlsx,e22a66214a2290003ad4604ce33aeddb3223977a795835894ca1b803573af48b,ficha_tecnica,ficha,2013-11-30,unica,Cuentas,82,70,12
OTROS_DATOS.xlsx,2c91240493916a156a4446a24e3fce7b0f7105dc2c227e1a4ae3a1a17cde66cd,ficha_tecnica,ficha,2013-12-31,unica,Bancos,174,126,48
OTROS_DATOS.xlsx,2c91240493916a156a4446a24e3fce7b0f7105dc2c227e1a4ae3a1a17cde66cd,ficha_tecnica,ficha,2013-12-31,unica,Financieras,174,126,48
OTROS_DATOS.xlsx,2c91240493916a156a4446a24e3fce7b0f7105dc2c227e1a4ae3a1a17cde66cd,ficha_tecnica,ficha,2013-12-31,unica,Tasas,133,80,53
OTROS_DATOS.xlsx,2c91240493916a156a4446a24e3fce7b0f7105dc2c227e1a4ae3a1a17cde66cd,ficha_tecnica,ficha,2013-12-31,unica,Cuentas,82,71,11
BOLF 012011.xls,c77eee6c3ce8198414fea66cf933ed53bc3c8eeaa43650958c04dad0efad6220,financieras,clasico,2011-01-31,unica,SUC - FIN,92,63,29
BOLF 012011.xls,c77eee6c3ce8198414fea66cf933ed53bc3c8eeaa43650958c04dad0efad6220,financieras,clasico,2011-01-31,unica,PAG10,290,247,43
BOLF 012011.xls,c77eee6c3ce8198414fea66cf933ed53bc3c8eeaa43650958c04dad0efad6220,financieras,clasico,2011-01-31,unica,GRAFICOS,14,11,3
BOLF 012011.xls,c77eee6c3ce8198414fea66cf933ed53bc3c8eeaa43650958c04dad0efad6220,financieras,clasico,2011-01-31,unica,PAG12,280,206,74
BOLF 012011.xls,c77eee6c3ce8198414fea66cf933ed53bc3c8eeaa43650958c04dad0efad6220,financieras,clasico,2011-01-31,unica,PAG13,168,115,53
BOLF 012011.xls,c77eee6c3ce8198414fea66cf933ed53bc3c8eeaa43650958c04dad0efad6220,financieras,clasico,2011-01-31,unica,PAG14,279,199,80
BOLF 012011.xls,c77eee6c3ce8198414fea66cf933ed53bc3c8eeaa43650958c04dad0efad6220,financieras,clasico,2011-01-31,unica,PAG14 (2),137,91,46
BOLF 012011.xls,c77eee6c3ce8198414fea66cf933ed53bc3c8eeaa43650958c04dad0efad6220,financieras,clasico,2011-01-31,unica,DEPOSITOS,99,35,64
BOLF 012011.xls,c77eee6c3ce8198414fea66cf933ed53bc3c8eeaa43650958c04dad0efad6220,financieras,clasico,2011-01-31,unica,Evol Depósitos,245,219,26
BOLF 012011.xls,c77eee6c3ce8198414fea66cf933ed53bc3c8eeaa43650958c04dad0efad6220,financieras,clasico,2011-01-31,unica,Nuevo Grafico de Deposito,41,20,21
BOLF 012011.xls,c77eee6c3ce8198414fea66cf933ed53bc3c8eeaa43650958c04dad0efad6220,financieras,clasico,2011-01-31,unica,PAG15,281,206,75
BOLF 012011.xls,c77eee6c3ce8198414fea66cf933ed53bc3c8eeaa43650958c04dad0efad6220,financieras,clasico,2011-01-31,unica,PAG16,146,102,44
BOLF 012011.xls,c77eee6c3ce8198414fea66cf933ed53bc3c8eeaa43650958c04dad0efad6220,financieras,clasico,2011-01-31,unica,PAG17,166,115,51
BOLF 012011.xls,c77eee6c3ce8198414fea66cf933ed53bc3c8eeaa43650958c04dad0efad6220,financieras,clasico,2011-01-31,unica,PAG17 2,177,141,36
BOLF 012011.xls,c77eee6c3ce8198414fea66cf933ed53bc3c8eeaa43650958c04dad0efad6220,financieras,clasico,2011-01-31,unica,PAG18,202,141,61
BOLF 012011.xls,c77eee6c3ce8198414fea66cf933ed53bc3c8eeaa43650958c04dad0efad6220,financieras,clasico,2011-01-31,unica,PAG19,520,383,137
BOLF 012011.xls,c77eee6c3ce8198414fea66cf933ed53bc3c8eeaa43650958c04dad0efad6220,financieras,clasico,2011-01-31,unica,Morosidad,194,141,53
BOLF 012011.xls,c77eee6c3ce8198414fea66cf933ed53bc3c8eeaa43650958c04dad0efad6220,financieras,clasico,2011-01-31,unica,MOROSIDAD MN,147,102,45
BOLF 012011.xls,c77eee6c3ce8198414fea66cf933ed53bc3c8eeaa43650958c04dad0efad6220,financieras,clasico,2011-01-31,unica,MOROSIDAD ME,147,102,45
BOLF 012011.xls,c77eee6c3ce8198414fea66cf933ed53bc3c8eeaa43650958c04dad0efad6220,financieras,clasico,2011-01-31,unica,Evol Créditos,242,211,31
BOLF 012011.xls,c77eee6c3ce8198414fea66cf933ed53bc3c8eeaa43650958c04dad0efad6220,financieras,clasico,2011-01-31,unica,Evol Créditos Vigentes,242,211,31
BOLF 012011.xls,c77eee6c3ce8198414fea66cf933ed53bc3c8eeaa43650958c04dad0efad6220,financieras,clasico,2011-01-31,unica,Evol Créditos Vencidos,242,210,32
BOLF 012011.xls,c77eee6c3ce8198414fea66cf933ed53bc3c8eeaa43650958c04dad0efad6220,financieras,clasico,2011-01-31,unica,Morosidad sobre Cartera,241,210,31
BOLF 012011.xls,c77eee6c3ce8198414fea66cf933ed53bc3c8eeaa43650958c04dad0efad6220,financieras,clasico,2011-01-31,unica,CART-CLASIS,222,192,30
BOLF 012011.xls,c77eee6c3ce8198414fea66cf933ed53bc3c8eeaa43650958c04dad0efad6220,financieras,clasico,2011-01-31,unica,CART-CLAS Part,138,108,30
BOLF 012011.xls,c77eee6c3ce8198414fea66cf933ed53bc3c8eeaa43650958c04dad0efad6220,financieras,clasico,2011-01-31,unica,CART-ACTV,303,261,42
BOLF 012011.xls,c77eee6c3ce8198414fea66cf933ed53bc3c8eeaa43650958c04dad0efad6220,financieras,clasico,2011-01-31,unica,CART-ACTV Part,303,261,42
BOLF 012011.xls,c77eee6c3ce8198414fea66cf933ed53bc3c8eeaa43650958c04dad0efad6220,financieras,clasico,2011-01-31,unica,Módulo1,0,0,0
BOLF 022011.xls,48b527a2aefa30e61dc44c7edcd5b739725f08b632b82ef230136475b538b4b9,financieras,clasico,2011-02-28,unica,SUC - FIN,98,68,30
BOLF 022011.xls,48b527a2aefa30e61dc44c7edcd5b739725f08b632b82ef230136475b538b4b9,financieras,clasico,2011-02-28,unica,PAG10,212,172,40
BOLF 022011.xls,48b527a2aefa30e61dc44c7edcd5b739725f08b632b82ef230136475b538b4b9,financieras,clasico,2011-02-28,unica,GRAFICOS,15,12,3
BOLF 022011.xls,48b527a2aefa30e61dc44c7edcd5b739725f08b632b82ef230136475b538b4b9,financieras,clasico,2011-02-28,unica,PAG12,297,222,75
BOLF 022011.xls,48b527a2aefa30e61dc44c7edcd5b739725f08b632b82ef230136475b538b4b9,financieras,clasico,2011-02-28,unica,PAG13,178,124,54
BOLF 022011.xls,48b527a2aefa30e61dc44c7edcd5b739725f08b632b82ef230136475b538b4b9,financieras,clasico,2011-02-28,unica,PAG14,294,213,81
BOLF 022011.xls,48b527a2aefa30e61dc44c7edcd5b739725f08b632b82ef230136475b538b4b9,financieras,clasico,2011-02-28,unica,PAG14 (2),145,98,47
BOLF 022011.xls,48b527a2aefa30e61dc44c7edcd5b739725f08b632b82ef230136475b538b4b9,financieras,clasico,2011-02-28,unica,DEPOSITOS,99,35,64
BOLF 022011.xls,48b527a2aefa30e61dc44c7edcd5b739725f08b632b82ef230136475b538b4b9,financieras,clasico,2011-02-28,unica,Evol Depósitos,220,195,25
BOLF 022011.xls,48b527a2aefa30e61dc44c7edcd5b739725f08b632b82ef230136475b538b4b9,financieras,clasico,2011-02-28,unica,Nuevo Grafico de Deposito,41,22,19
BOLF 022011.xls,48b527a2aefa30e61dc44c7edcd5b739725f08b632b82ef230136475b538b4b9,financieras,clasico,2011-02-28,unica,PAG15,298,222,76
BOLF 022011.xls,48b527a2aefa30e61dc44c7edcd5b739725f08b632b82ef230136475b538b4b9,financieras,clasico,2011-02-28,unica,PAG16,155,110,45
BOLF 022011.xls,48b527a2aefa30e61dc44c7edcd5b739725f08b632b82ef230136475b538b4b9,financieras,clasico,2011-02-28,unica,PAG17,176,124,52
BOLF 022011.xls,48b527a2aefa30e61dc44c7edcd5b739725f08b632b82ef230136475b538b4b9,financieras,clasico,2011-02-28,unica,PAG17 2,189,152,37
BOLF 022011.xls,48b527a2aefa30e61dc44c7edcd5b739725f08b632b82ef230136475b538b4b9,financieras,clasico,2011-02-28,unica,PAG18,214,152,62
BOLF 022011.xls,48b527a2aefa30e61dc44c7edcd5b739725f08b632b82ef230136475b538b4b9,financieras,clasico,2011-02-28,unica,PAG19,551,410,141
BOLF 022011.xls,48b527a2aefa30e61dc44c7edcd5b739725f08b632b82ef230136475b538b4b9,financieras,clasico,2011-02-28,unica,Morosidad,206,152,54
BOLF 022011.xls,48b527a2aefa30e61dc44c7edcd5b739725f08b632b82ef230136475b538b4b9,financieras,clasico,2011-02-28,unica,MOROSIDAD MN,156,110,46
BOLF 022011.xls,48b527a2aefa30e61dc44c7edcd5b739725f08b632b82ef230136475b538b4b9,financieras,clasico,2011-02-28,unica,MOROSIDAD ME,156,110,46
BOLF 022011.xls,48b527a2aefa30e61dc44c7edcd5b739725f08b632b82ef230136475b538b4b9,financieras,clasico,2011-02-28,unica,Evol Créditos,232,207,25
BOLF 022011.xls,48b527a2aefa30e61dc44c7edcd5b739725f08b632b82ef230136475b538b4b9,financieras,clasico,2011-02-28,unica,Evol Créditos Vigentes,232,207,25
BOLF 022011.xls,48b527a2aefa30e61dc44c7edcd5b739725f08b632b82ef230136475b538b4b9,financieras,clasico,2011-02-28,unica,Evol Créditos Vencidos,232,206,26
BOLF 022011.xls,48b527a2aefa30e61dc44c7edcd5b739725f08b632b82ef230136475b538b4b9,financieras,clasico,2011-02-28,unica,Morosidad sobre Cartera,231,206,25
BOLF 022011.xls,48b527a2aefa30e61dc44c7edcd5b739725f08b632b82ef230136475b538b4b9,financieras,clasico,2011-02-28,unica,CART-CLASIS,231,200,31
BOLF 022011.xls,48b527a2aefa30e61dc44c7edcd5b739725f08b632b82ef230136475b538b4b9,financieras,clasico,2011-02-28,unica,CART-CLAS Part,147,116,31
BOLF 022011.xls,48b527a2aefa30e61dc44c7edcd5b739725f08b632b82ef230136475b538b4b9,financieras,clasico,2011-02-28,unica,CART-ACTV,315,272,43
BOLF 022011.xls,48b527a2aefa30e61dc44c7edcd5b739725f08b632b82ef230136475b538b4b9,financieras,clasico,2011-02-28,unica,CART-ACTV Part,315,272,43
BOLF 022011.xls,48b527a2aefa30e61dc44c7edcd5b739725f08b632b82ef230136475b538b4b9,financieras,clasico,2011-02-28,unica,Módulo1,0,0,0
BOLF 032011.xls,f27f65f46c85474693fd3f88075afee085b5f6729b1e7ecfb6d60df6048024f3,financieras,clasico,2011-03-31,unica,SUC - FIN,98,68,30
BOLF 032011.xls,f27f65f46c85474693fd3f88075afee085b5f6729b1e7ecfb6d60df6048024f3,financieras,clasico,2011-03-31,unica,PAG10,212,172,40
BOLF 032011.xls,f27f65f46c85474693fd3f88075afee085b5f6729b1e7ecfb6d60df6048024f3,financieras,clasico,2011-03-31,unica,GRAFICOS,15,12,3
BOLF 032011.xls,f27f65f46c85474693fd3f88075afee085b5f6729b1e7ecfb6d60df6048024f3,financieras,clasico,2011-03-31,unica,PAG12,297,222,75
BOLF 032011.xls,f27f65f46c85474693fd3f88075afee085b5f6729b1e7ecfb6d60df6048024f3,financieras,clasico,2011-03-31,unica,PAG13,178,124,54
BOLF 032011.xls,f27f65f46c85474693fd3f88075afee085b5f6729b1e7ecfb6d60df6048024f3,financieras,clasico,2011-03-31,unica,PAG14,294,213,81
BOLF 032011.xls,f27f65f46c85474693fd3f88075afee085b5f6729b1e7ecfb6d60df6048024f3,financieras,clasico,2011-03-31,unica,PAG14 (2),145,98,47
BOLF 032011.xls,f27f65f46c85474693fd3f88075afee085b5f6729b1e7ecfb6d60df6048024f3,financieras,clasico,2011-03-31,unica,DEPOSITOS,99,35,64
BOLF 032011.xls,f27f65f46c85474693fd3f88075afee085b5f6729b1e7ecfb6d60df6048024f3,financieras,clasico,2011-03-31,unica,Evol Depósitos,274,208,66
BOLF 032011.xls,f27f65f46c85474693fd3f88075afee085b5f6729b1e7ecfb6d60df6048024f3,financieras,clasico,2011-03-31,unica,Nuevo Grafico de Deposito,41,22,19
BOLF 032011.xls,f27f65f46c85474693fd3f88075afee085b5f6729b1e7ecfb6d60df6048024f3,financieras,clasico,2011-03-31,unica,PAG15,298,222,76
BOLF 032011.xls,f27f65f46c85474693fd3f88075afee085b5f6729b1e7ecfb6d60df6048024f3,financieras,clasico,2011-03-31,unica,PAG16,155,110,45
BOLF 032011.xls,f27f65f46c85474693fd3f88075afee085b5f6729b1e7ecfb6d60df6048024f3,financieras,clasico,2011-03-31,unica,PAG17,176,124,52
BOLF 032011.xls,f27f65f46c85474693fd3f88075afee085b5f6729b1e7ecfb6d60df6048024f3,financieras,clasico,2011-03-31,unica,PAG17 2,189,152,37
BOLF 032011.xls,f27f65f46c85474693fd3f88075afee085b5f6729b1e7ecfb6d60df6048024f3,financieras,clasico,2011-03-31,unica,PAG18,214,152,62
BOLF 032011.xls,f27f65f46c85474693fd3f88075afee085b5f6729b1e7ecfb6d60df6048024f3,financieras,clasico,2011-03-31,unica,PAG19,550,409,141
BOLF 032011.xls,f27f65f46c85474693fd3f88075afee085b5f6729b1e7ecfb6d60df6048024f3,financieras,clasico,2011-03-31,unica,Morosidad,206,152,54
BOLF 032011.xls,f27f65f46c85474693fd3f88075afee085b5f6729b1e7ecfb6d60df6048024f3,financieras,clasico,2011-03-31,unica,MOROSIDAD MN,156,110,46
BOLF 032011.xls,f27f65f46c85474693fd3f88075afee085b5f6729b1e7ecfb6d60df6048024f3,financieras,clasico,2011-03-31,unica,MOROSIDAD ME,156,110,46
BOLF 032011.xls,f27f65f46c85474693fd3f88075afee085b5f6729b1e7ecfb6d60df6048024f3,financieras,clasico,2011-03-31,unica,Evol Créditos,273,222,51
BOLF 032011.xls,f27f65f46c85474693fd3f88075afee085b5f6729b1e7ecfb6d60df6048024f3,financieras,clasico,2011-03-31,unica,Evol Créditos Vigentes,273,222,51
BOLF 032011.xls,f27f65f46c85474693fd3f88075afee085b5f6729b1e7ecfb6d60df6048024f3,financieras,clasico,2011-03-31,unica,Evol Créditos Vencidos,273,220,53
BOLF 032011.xls,f27f65f46c85474693fd3f88075afee085b5f6729b1e7ecfb6d60df6048024f3,financieras,clasico,2011-03-31,unica,Morosidad sobre Cartera,272,219,53
BOLF 032011.xls,f27f65f46c85474693fd3f88075afee085b5f6729b1e7ecfb6d60df6048024f3,financieras,clasico,2011-03-31,unica,CART-CLASIS,231,200,31
BOLF 032011.xls,f27f65f46c85474693fd3f88075afee085b5f6729b1e7ecfb6d60df6048024f3,financieras,clasico,2011-03-31,unica,CART-CLAS Part,147,116,31
BOLF 032011.xls,f27f65f46c85474693fd3f88075afee085b5f6729b1e7ecfb6d60df6048024f3,financieras,clasico,2011-03-31,unica,CART-ACTV,315,272,43
BOLF 032011.xls,f27f65f46c85474693fd3f88075afee085b5f6729b1e7ecfb6d60df6048024f3,financieras,clasico,2011-03-31,unica,CART-ACTV Part,315,272,43
BOLF 032011.xls,f27f65f46c85474693fd3f88075afee085b5f6729b1e7ecfb6d60df6048024f3,financieras,clasico,2011-03-31,unica,Módulo1,0,0,0
BOLF 042011.xls,faf8a6b6ccec0ceec3fae068271d22cd77795ca96360a31ebcd200dc74ae2da9,financieras,clasico,2011-04-30,unica,SUC - FIN,105,68,37
BOLF 042011.xls,faf8a6b6ccec0ceec3fae068271d22cd77795ca96360a31ebcd200dc74ae2da9,financieras,clasico,2011-04-30,unica,PAG10,336,292,44
BOLF 042011.xls,faf8a6b6ccec0ceec3fae068271d22cd77795ca96360a31ebcd200dc74ae2da9,financieras,clasico,2011-04-30,unica,GRAFICOS,15,12,3
BOLF 042011.xls,faf8a6b6ccec0ceec3fae068271d22cd77795ca96360a31ebcd200dc74ae2da9,financieras,clasico,2011-04-30,unica,PAG12,297,222,75
BOLF 042011.xls,faf8a6b6ccec0ceec3fae068271d22cd77795ca96360a31ebcd200dc74ae2da9,financieras,clasico,2011-04-30,unica,PAG13,178,124,54
BOLF 042011.xls,faf8a6b6ccec0ceec3fae068271d22cd77795ca96360a31ebcd200dc74ae2da9,financieras,clasico,2011-04-30,unica,PAG14,294,213,81
BOLF 042011.xls,faf8a6b6ccec0ceec3fae068271d22cd77795ca96360a31ebcd200dc74ae2da9,financieras,clasico,2011-04-30,unica,PAG14 (2),145,98,47
BOLF 042011.xls,faf8a6b6ccec0ceec3fae068271d22cd77795ca96360a31ebcd200dc74ae2da9,financieras,clasico,2011-04-30,unica,DEPOSITOS,99,35,64
BOLF 042011.xls,faf8a6b6ccec0ceec3fae068271d22cd77795ca96360a31ebcd200dc74ae2da9,financieras,clasico,2011-04-30,unica,Evol Depósitos,251,211,40
BOLF 042011.xls,faf8a6b6ccec0ceec3fae068271d22cd77795ca96360a31ebcd200dc74ae2da9,financieras,clasico,2011-04-30,unica,Nuevo Grafico de Deposito,41,22,19
BOLF 042011.xls,faf8a6b6ccec0ceec3fae068271d22cd77795ca96360a31ebcd200dc74ae2da9,financieras,clasico,2011-04-30,unica,PAG15,298,222,76
BOLF 042011.xls,faf8a6b6ccec0ceec3fae068271d22cd77795ca96360a31ebcd200dc74ae2da9,financieras,clasico,2011-04-30,unica,PAG16,155,110,45
BOLF 042011.xls,faf8a6b6ccec0ceec3fae068271d22cd77795ca96360a31ebcd200dc74ae2da9,financieras,clasico,2011-04-30,unica,PAG17,176,124,52
BOLF 042011.xls,faf8a6b6ccec0ceec3fae068271d22cd77795ca96360a31ebcd200dc74ae2da9,financieras,clasico,2011-04-30,unica,PAG17 2,189,152,37
BOLF 042011.xls,faf8a6b6ccec0ceec3fae068271d22cd77795ca96360a31ebcd200dc74ae2da9,financieras,clasico,2011-04-30,unica,PAG18,214,152,62
BOLF 042011.xls,faf8a6b6ccec0ceec3fae068271d22cd77795ca96360a31ebcd200dc74ae2da9,financieras,clasico,2011-04-30,unica,PAG19,550,409,141
BOLF 042011.xls,faf8a6b6ccec0ceec3fae068271d22cd77795ca96360a31ebcd200dc74ae2da9,financieras,clasico,2011-04-30,unica,Morosidad,206,152,54
BOLF 042011.xls,faf8a6b6ccec0ceec3fae068271d22cd77795ca96360a31ebcd200dc74ae2da9,financieras,clasico,2011-04-30,unica,MOROSIDAD MN,156,110,46
BOLF 042011.xls,faf8a6b6ccec0ceec3fae068271d22cd77795ca96360a31ebcd200dc74ae2da9,financieras,clasico,2011-04-30,unica,MOROSIDAD ME,156,110,46
BOLF 042011.xls,faf8a6b6ccec0ceec3fae068271d22cd77795ca96360a31ebcd200dc74ae2da9,financieras,clasico,2011-04-30,unica,Evol Créditos,263,223,40
BOLF 042011.xls,faf8a6b6ccec0ceec3fae068271d22cd77795ca96360a31ebcd200dc74ae2da9,financieras,clasico,2011-04-30,unica,Evol Créditos Vigentes,263,223,40
BOLF 042011.xls,faf8a6b6ccec0ceec3fae068271d22cd77795ca96360a31ebcd200dc74ae2da9,financieras,clasico,2011-04-30,unica,Evol Créditos Vencidos,273,221,52
BOLF 042011.xls,faf8a6b6ccec0ceec3fae068271d22cd77795ca96360a31ebcd200dc74ae2da9,financieras,clasico,2011-04-30,unica,Morosidad sobre Cartera,262,222,40
BOLF 042011.xls,faf8a6b6ccec0ceec3fae068271d22cd77795ca96360a31ebcd200dc74ae2da9,financieras,clasico,2011-04-30,unica,CART-CLASIS,231,200,31
BOLF 042011.xls,faf8a6b6ccec0ceec3fae068271d22cd77795ca96360a31ebcd200dc74ae2da9,financieras,clasico,2011-04-30,unica,CART-CLAS Part,147,116,31
BOLF 042011.xls,faf8a6b6ccec0ceec3fae068271d22cd77795ca96360a31ebcd200dc74ae2da9,financieras,clasico,2011-04-30,unica,CART-ACTV,315,272,43
BOLF 042011.xls,faf8a6b6ccec0ceec3fae068271d22cd77795ca96360a31ebcd200dc74ae2da9,financieras,clasico,2011-04-30,unica,CART-ACTV Part,315,272,43
BOLF 042011.xls,faf8a6b6ccec0ceec3fae068271d22cd77795ca96360a31ebcd200dc74ae2da9,financieras,clasico,2011-04-30,unica,Módulo1,0,0,0
BOLF 042011.xls,faf8a6b6ccec0ceec3fae068271d22cd77795ca96360a31ebcd200dc74ae2da9,financieras,clasico,2011-04-30,unica,EVOL ACTIV TRIGO,142,117,25
BOLF 042011.xls,faf8a6b6ccec0ceec3fae068271d22cd77795ca96360a31ebcd200dc74ae2da9,financieras,clasico,2011-04-30,unica,EVOL ACTIV ALGODÓN,142,117,25
BOLF 042011.xls,faf8a6b6ccec0ceec3fae068271d22cd77795ca96360a31ebcd200dc74ae2da9,financieras,clasico,2011-04-30,unica,EVOL ACTIV SOJA,169,144,25
BOLF 042011.xls,faf8a6b6ccec0ceec3fae068271d22cd77795ca96360a31ebcd200dc74ae2da9,financieras,clasico,2011-04-30,unica,EVOL ACTIV CONSTRUCCIONES,215,190,25
BOLF 042011.xls,faf8a6b6ccec0ceec3fae068271d22cd77795ca96360a31ebcd200dc74ae2da9,financieras,clasico,2011-04-30,unica,EVOL ACTIV VIVIENDA,166,141,25
BOLF 042011.xls,faf8a6b6ccec0ceec3fae068271d22cd77795ca96360a31ebcd200dc74ae2da9,financieras,clasico,2011-04-30,unica,Gráficos Evol Activ,15,13,2
BOLF 052011.xls,3e6708a428ed92cc8a3f8419ccbb1dc6aa1ffeec863d6745aa054b10a4189053,financieras,clasico,2011-05-31,unica,SUC - FIN,98,68,30
BOLF 052011.xls,3e6708a428ed92cc8a3f8419ccbb1dc6aa1ffeec863d6745aa054b10a4189053,financieras,clasico,2011-05-31,unica,PAG10,336,292,44
BOLF 052011.xls,3e6708a428ed92cc8a3f8419ccbb1dc6aa1ffeec863d6745aa054b10a4189053,financieras,clasico,2011-05-31,unica,GRAFICOS,15,12,3
BOLF 052011.xls,3e6708a428ed92cc8a3f8419ccbb1dc6aa1ffeec863d6745aa054b10a4189053,financieras,clasico,2011-05-31,unica,PAG12,297,222,75
BOLF 052011.xls,3e6708a428ed92cc8a3f8419ccbb1dc6aa1ffeec863d6745aa054b10a4189053,financieras,clasico,2011-05-31,unica,PAG13,178,124,54
BOLF 052011.xls,3e6708a428ed92cc8a3f8419ccbb1dc6aa1ffeec863d6745aa054b10a4189053,financieras,clasico,2011-05-31,unica,PAG14,294,213,81
BOLF 052011.xls,3e6708a428ed92cc8a3f8419ccbb1dc6aa1ffeec863d6745aa054b10a4189053,financieras,clasico,2011-05-31,unica,PAG14 (2),145,98,47
BOLF 052011.xls,3e6708a428ed92cc8a3f8419ccbb1dc6aa1ffeec863d6745aa054b10a4189053,financieras,clasico,2011-05-31,unica,DEPOSITOS,99,35,64
BOLF 052011.xls,3e6708a428ed92cc8a3f8419ccbb1dc6aa1ffeec863d6745aa054b10a4189053,financieras,clasico,2011-05-31,unica,Evol Depósitos,252,212,40
BOLF 052011.xls,3e6708a428ed92cc8a3f8419ccbb1dc6aa1ffeec863d6745aa054b10a4189053,financieras,clasico,2011-05-31,unica,Nuevo Grafico de Deposito,41,20,21
BOLF 052011.xls,3e6708a428ed92cc8a3f8419ccbb1dc6aa1ffeec863d6745aa054b10a4189053,financieras,clasico,2011-05-31,unica,PAG15,298,222,76
BOLF 052011.xls,3e6708a428ed92cc8a3f8419ccbb1dc6aa1ffeec863d6745aa054b10a4189053,financieras,clasico,2011-05-31,unica,PAG16,155,110,45
BOLF 052011.xls,3e6708a428ed92cc8a3f8419ccbb1dc6aa1ffeec863d6745aa054b10a4189053,financieras,clasico,2011-05-31,unica,PAG17,176,124,52
BOLF 052011.xls,3e6708a428ed92cc8a3f8419ccbb1dc6aa1ffeec863d6745aa054b10a4189053,financieras,clasico,2011-05-31,unica,PAG17 2,189,152,37
BOLF 052011.xls,3e6708a428ed92cc8a3f8419ccbb1dc6aa1ffeec863d6745aa054b10a4189053,financieras,clasico,2011-05-31,unica,PAG18,214,152,62
BOLF 052011.xls,3e6708a428ed92cc8a3f8419ccbb1dc6aa1ffeec863d6745aa054b10a4189053,financieras,clasico,2011-05-31,unica,PAG19,550,409,141
BOLF 052011.xls,3e6708a428ed92cc8a3f8419ccbb1dc6aa1ffeec863d6745aa054b10a4189053,financieras,clasico,2011-05-31,unica,Morosidad,206,152,54
BOLF 052011.xls,3e6708a428ed92cc8a3f8419ccbb1dc6aa1ffeec863d6745aa054b10a4189053,financieras,clasico,2011-05-31,unica,MOROSIDAD MN,156,110,46
BOLF 052011.xls,3e6708a428ed92cc8a3f8419ccbb1dc6aa1ffeec863d6745aa054b10a4189053,financieras,clasico,2011-05-31,unica,MOROSIDAD ME,156,110,46
BOLF 052011.xls,3e6708a428ed92cc8a3f8419ccbb1dc6aa1ffeec863d6745aa054b10a4189053,financieras,clasico,2011-05-31,unica,Evol Créditos,264,224,40
BOLF 052011.xls,3e6708a428ed92cc8a3f8419ccbb1dc6aa1ffeec863d6745aa054b10a4189053,financieras,clasico,2011-05-31,unica,Evol Créditos Vigentes,264,224,40
BOLF 052011.xls,3e6708a428ed92cc8a3f8419ccbb1dc6aa1ffeec863d6745aa054b10a4189053,financieras,clasico,2011-05-31,unica,Evol Créditos Vencidos,273,222,51
BOLF 052011.xls,3e6708a428ed92cc8a3f8419ccbb1dc6aa1ffeec863d6745aa054b10a4189053,financieras,clasico,2011-05-31,unica,Morosidad sobre Cartera,263,223,40
BOLF 052011.xls,3e6708a428ed92cc8a3f8419ccbb1dc6aa1ffeec863d6745aa054b10a4189053,financieras,clasico,2011-05-31,unica,CART-CLASIS,231,200,31
BOLF 052011.xls,3e6708a428ed92cc8a3f8419ccbb1dc6aa1ffeec863d6745aa054b10a4189053,financieras,clasico,2011-05-31,unica,CART-CLAS Part,147,116,31
BOLF 052011.xls,3e6708a428ed92cc8a3f8419ccbb1dc6aa1ffeec863d6745aa054b10a4189053,financieras,clasico,2011-05-31,unica,CART-ACTV,315,272,43
BOLF 052011.xls,3e6708a428ed92cc8a3f8419ccbb1dc6aa1ffeec863d6745aa054b10a4189053,financieras,clasico,2011-05-31,unica,CART-ACTV Part,315,272,43
BOLF 052011.xls,3e6708a428ed92cc8a3f8419ccbb1dc6aa1ffeec863d6745aa054b10a4189053,financieras,clasico,2011-05-31,unica,EVOL ACTIV ALGODÓN,142,117,25
BOLF 052011.xls,3e6708a428ed92cc8a3f8419ccbb1dc6aa1ffeec863d6745aa054b10a4189053,financieras,clasico,2011-05-31,unica,EVOL ACTIV SOJA,169,144,25
BOLF 052011.xls,3e6708a428ed92cc8a3f8419ccbb1dc6aa1ffeec863d6745aa054b10a4189053,financieras,clasico,2011-05-31,unica,EVOL ACTIV CONSTRUCCIONES,218,193,25
BOLF 052011.xls,3e6708a428ed92cc8a3f8419ccbb1dc6aa1ffeec863d6745aa054b10a4189053,financieras,clasico,2011-05-31,unica,EVOL ACTIV VIVIENDA,168,143,25
BOLF 052011.xls,3e6708a428ed92cc8a3f8419ccbb1dc6aa1ffeec863d6745aa054b10a4189053,financieras,clasico,2011-05-31,unica,Gráficos Evol Activ,28,26,2
BOLF 052011.xls,3e6708a428ed92cc8a3f8419ccbb1dc6aa1ffeec863d6745aa054b10a4189053,financieras,clasico,2011-05-31,unica,Calificadoras Financieras,59,12,47
BOLF 052011.xls,3e6708a428ed92cc8a3f8419ccbb1dc6aa1ffeec863d6745aa054b10a4189053,financieras,clasico,2011-05-31,unica,Módulo1,0,0,0
BOLF 062011.xls,539023c90f372599e9507e2774b3aba2379796d9e884edfb451466f41a291e3d,financieras,clasico,2011-06-30,unica,SUC - FIN,97,68,29
BOLF 062011.xls,539023c90f372599e9507e2774b3aba2379796d9e884edfb451466f41a291e3d,financieras,clasico,2011-06-30,unica,PAG10,335,292,43
BOLF 062011.xls,539023c90f372599e9507e2774b3aba2379796d9e884edfb451466f41a291e3d,financieras,clasico,2011-06-30,unica,GRAFICOS,14,12,2
BOLF 062011.xls,539023c90f372599e9507e2774b3aba2379796d9e884edfb451466f41a291e3d,financieras,clasico,2011-06-30,unica,PAG12,296,222,74
BOLF 062011.xls,539023c90f372599e9507e2774b3aba2379796d9e884edfb451466f41a291e3d,financieras,clasico,2011-06-30,unica,PAG13,177,124,53
BOLF 062011.xls,539023c90f372599e9507e2774b3aba2379796d9e884edfb451466f41a291e3d,financieras,clasico,2011-06-30,unica,PAG14,293,213,80
BOLF 062011.xls,539023c90f372599e9507e2774b3aba2379796d9e884edfb451466f41a291e3d,financieras,clasico,2011-06-30,unica,PAG14 (2),144,98,46
BOLF 062011.xls,539023c90f372599e9507e2774b3aba2379796d9e884edfb451466f41a291e3d,financieras,clasico,2011-06-30,unica,DEPOSITOS,98,35,63
BOLF 062011.xls,539023c90f372599e9507e2774b3aba2379796d9e884edfb451466f41a291e3d,financieras,clasico,2011-06-30,unica,Evol Depósitos,253,214,39
BOLF 062011.xls,539023c90f372599e9507e2774b3aba2379796d9e884edfb451466f41a291e3d,financieras,clasico,2011-06-30,unica,Nuevo Grafico de Deposito,40,22,18
BOLF 062011.xls,539023c90f372599e9507e2774b3aba2379796d9e884edfb451466f41a291e3d,financieras,clasico,2011-06-30,unica,PAG15,297,222,75
BOLF 062011.xls,539023c90f372599e9507e2774b3aba2379796d9e884edfb451466f41a291e3d,financieras,clasico,2011-06-30,unica,PAG16,154,110,44
BOLF 062011.xls,539023c90f372599e9507e2774b3aba2379796d9e884edfb451466f41a291e3d,financieras,clasico,2011-06-30,unica,PAG17,175,124,51
BOLF 062011.xls,539023c90f372599e9507e2774b3aba2379796d9e884edfb451466f41a291e3d,financieras,clasico,2011-06-30,unica,PAG17 2,189,152,37
BOLF 062011.xls,539023c90f372599e9507e2774b3aba2379796d9e884edfb451466f41a291e3d,financieras,clasico,2011-06-30,unica,PAG18,213,152,61
BOLF 062011.xls,539023c90f372599e9507e2774b3aba2379796d9e884edfb451466f41a291e3d,financieras,clasico,2011-06-30,unica,PAG19,546,409,137
BOLF 062011.xls,539023c90f372599e9507e2774b3aba2379796d9e884edfb451466f41a291e3d,financieras,clasico,2011-06-30,unica,Morosidad,205,152,53
BOLF 062011.xls,539023c90f372599e9507e2774b3aba2379796d9e884edfb451466f41a291e3d,financieras,clasico,2011-06-30,unica,MOROSIDAD MN,155,110,45
BOLF 062011.xls,539023c90f372599e9507e2774b3aba2379796d9e884edfb451466f41a291e3d,financieras,clasico,2011-06-30,unica,MOROSIDAD ME,155,110,45
BOLF 062011.xls,539023c90f372599e9507e2774b3aba2379796d9e884edfb451466f41a291e3d,financieras,clasico,2011-06-30,unica,Evol Créditos,264,225,39
BOLF 062011.xls,539023c90f372599e9507e2774b3aba2379796d9e884edfb451466f41a291e3d,financieras,clasico,2011-06-30,unica,Evol Créditos Vigentes,264,225,39
BOLF 062011.xls,539023c90f372599e9507e2774b3aba2379796d9e884edfb451466f41a291e3d,financieras,clasico,2011-06-30,unica,Evol Créditos Vencidos,272,223,49
BOLF 062011.xls,539023c90f372599e9507e2774b3aba2379796d9e884edfb451466f41a291e3d,financieras,clasico,2011-06-30,unica,Morosidad sobre Cartera,263,224,39
BOLF 062011.xls,539023c90f372599e9507e2774b3aba2379796d9e884edfb451466f41a291e3d,financieras,clasico,2011-06-30,unica,CART-CLASIS,230,200,30
BOLF 062011.xls,539023c90f372599e9507e2774b3aba2379796d9e884edfb451466f41a291e3d,financieras,clasico,2011-06-30,unica,CART-CLAS Part,146,116,30
BOLF 062011.xls,539023c90f372599e9507e2774b3aba2379796d9e884edfb451466f41a291e3d,financieras,clasico,2011-06-30,unica,CART-ACTV,314,272,42
BOLF 062011.xls,539023c90f372599e9507e2774b3aba2379796d9e884edfb451466f41a291e3d,financieras,clasico,2011-06-30,unica,CART-ACTV Part,314,272,42
BOLF 062011.xls,539023c90f372599e9507e2774b3aba2379796d9e884edfb451466f41a291e3d,financieras,clasico,2011-06-30,unica,EVOL ACTIV TRIGO,258,234,24
BOLF 062011.xls,539023c90f372599e9507e2774b3aba2379796d9e884edfb451466f41a291e3d,financieras,clasico,2011-06-30,unica,EVOL ACTIV ALGODÓN,258,234,24
BOLF 062011.xls,539023c90f372599e9507e2774b3aba2379796d9e884edfb451466f41a291e3d,financieras,clasico,2011-06-30,unica,EVOL ACTIV SOJA,258,234,24
BOLF 062011.xls,539023c90f372599e9507e2774b3aba2379796d9e884edfb451466f41a291e3d,financieras,clasico,2011-06-30,unica,EVOL ACTIV CONSTRUCCIONES,258,234,24
BOLF 062011.xls,539023c90f372599e9507e2774b3aba2379796d9e884edfb451466f41a291e3d,financieras,clasico,2011-06-30,unica,EVOL ACTIV VIVIENDA,318,268,50
BOLF 062011.xls,539023c90f372599e9507e2774b3aba2379796d9e884edfb451466f41a291e3d,financieras,clasico,2011-06-30,unica,Gráficos Evol Activ,14,13,1
BOLF 062011.xls,539023c90f372599e9507e2774b3aba2379796d9e884edfb451466f41a291e3d,financieras,clasico,2011-06-30,unica,Calificadoras Financieras,58,12,46
BOLF 062011.xls,539023c90f372599e9507e2774b3aba2379796d9e884edfb451466f41a291e3d,financieras,clasico,2011-06-30,unica,Auditores Externos,45,12,33
BOLF 062011.xls,539023c90f372599e9507e2774b3aba2379796d9e884edfb451466f41a291e3d,financieras,clasico,2011-06-30,unica,Módulo1,0,0,0
BOLF 062011.xls,539023c90f372599e9507e2774b3aba2379796d9e884edfb451466f41a291e3d,financieras,clasico,2011-06-30,unica,Hoja1,0,0,0
BOLF 072011.xls,a386662da9713220f114ce67bf4c64a79c2b4089fb0160b4c6c321d3bd30ea28,financieras,clasico,2011-07-31,unica,SUC - FIN,98,68,30
BOLF 072011.xls,a386662da9713220f114ce67bf4c64a79c2b4089fb0160b4c6c321d3bd30ea28,financieras,clasico,2011-07-31,unica,PAG10,335,291,44
BOLF 072011.xls,a386662da9713220f114ce67bf4c64a79c2b4089fb0160b4c6c321d3bd30ea28,financieras,clasico,2011-07-31,unica,GRAFICOS,15,12,3
BOLF 072011.xls,a386662da9713220f114ce67bf4c64a79c2b4089fb0160b4c6c321d3bd30ea28,financieras,clasico,2011-07-31,unica,PAG12,297,222,75
BOLF 072011.xls,a386662da9713220f114ce67bf4c64a79c2b4089fb0160b4c6c321d3bd30ea28,financieras,clasico,2011-07-31,unica,PAG13,190,136,54
BOLF 072011.xls,a386662da9713220f114ce67bf4c64a79c2b4089fb0160b4c6c321d3bd30ea28,financieras,clasico,2011-07-31,unica,PAG14,294,213,81
BOLF 072011.xls,a386662da9713220f114ce67bf4c64a79c2b4089fb0160b4c6c321d3bd30ea28,financieras,clasico,2011-07-31,unica,PAG14 (2),145,98,47
BOLF 072011.xls,a386662da9713220f114ce67bf4c64a79c2b4089fb0160b4c6c321d3bd30ea28,financieras,clasico,2011-07-31,unica,DEPOSITOS,99,35,64
BOLF 072011.xls,a386662da9713220f114ce67bf4c64a79c2b4089fb0160b4c6c321d3bd30ea28,financieras,clasico,2011-07-31,unica,Evol Depósitos,255,215,40
BOLF 072011.xls,a386662da9713220f114ce67bf4c64a79c2b4089fb0160b4c6c321d3bd30ea28,financieras,clasico,2011-07-31,unica,Nuevo Grafico de Deposito,41,20,21
BOLF 072011.xls,a386662da9713220f114ce67bf4c64a79c2b4089fb0160b4c6c321d3bd30ea28,financieras,clasico,2011-07-31,unica,PAG15,298,222,76
BOLF 072011.xls,a386662da9713220f114ce67bf4c64a79c2b4089fb0160b4c6c321d3bd30ea28,financieras,clasico,2011-07-31,unica,PAG16,167,122,45
BOLF 072011.xls,a386662da9713220f114ce67bf4c64a79c2b4089fb0160b4c6c321d3bd30ea28,financieras,clasico,2011-07-31,unica,PAG17,176,124,52
BOLF 072011.xls,a386662da9713220f114ce67bf4c64a79c2b4089fb0160b4c6c321d3bd30ea28,financieras,clasico,2011-07-31,unica,PAG17 2,189,152,37
BOLF 072011.xls,a386662da9713220f114ce67bf4c64a79c2b4089fb0160b4c6c321d3bd30ea28,financieras,clasico,2011-07-31,unica,PAG18,214,152,62
BOLF 072011.xls,a386662da9713220f114ce67bf4c64a79c2b4089fb0160b4c6c321d3bd30ea28,financieras,clasico,2011-07-31,unica,PAG19,574,410,164
BOLF 072011.xls,a386662da9713220f114ce67bf4c64a79c2b4089fb0160b4c6c321d3bd30ea28,financieras,clasico,2011-07-31,unica,Morosidad,206,152,54
BOLF 072011.xls,a386662da9713220f114ce67bf4c64a79c2b4089fb0160b4c6c321d3bd30ea28,financieras,clasico,2011-07-31,unica,MOROSIDAD MN,156,110,46
BOLF 072011.xls,a386662da9713220f114ce67bf4c64a79c2b4089fb0160b4c6c321d3bd30ea28,financieras,clasico,2011-07-31,unica,MOROSIDAD ME,156,110,46
BOLF 072011.xls,a386662da9713220f114ce67bf4c64a79c2b4089fb0160b4c6c321d3bd30ea28,financieras,clasico,2011-07-31,unica,Evol Créditos,266,226,40
BOLF 072011.xls,a386662da9713220f114ce67bf4c64a79c2b4089fb0160b4c6c321d3bd30ea28,financieras,clasico,2011-07-31,unica,Evol Créditos Vigentes,266,226,40
BOLF 072011.xls,a386662da9713220f114ce67bf4c64a79c2b4089fb0160b4c6c321d3bd30ea28,financieras,clasico,2011-07-31,unica,Evol Créditos Vencidos,273,224,49
BOLF 072011.xls,a386662da9713220f114ce67bf4c64a79c2b4089fb0160b4c6c321d3bd30ea28,financieras,clasico,2011-07-31,unica,Morosidad sobre Cartera,265,225,40
BOLF 072011.xls,a386662da9713220f114ce67bf4c64a79c2b4089fb0160b4c6c321d3bd30ea28,financieras,clasico,2011-07-31,unica,CART-CLASIS,231,200,31
BOLF 072011.xls,a386662da9713220f114ce67bf4c64a79c2b4089fb0160b4c6c321d3bd30ea28,financieras,clasico,2011-07-31,unica,CART-CLAS Part,147,116,31
BOLF 072011.xls,a386662da9713220f114ce67bf4c64a79c2b4089fb0160b4c6c321d3bd30ea28,financieras,clasico,2011-07-31,unica,CART-ACTV,315,272,43
BOLF 072011.xls,a386662da9713220f114ce67bf4c64a79c2b4089fb0160b4c6c321d3bd30ea28,financieras,clasico,2011-07-31,unica,CART-ACTV Part,315,272,43
BOLF 072011.xls,a386662da9713220f114ce67bf4c64a79c2b4089fb0160b4c6c321d3bd30ea28,financieras,clasico,2011-07-31,unica,EVOL ACTIV TRIGO,259,234,25
BOLF 072011.xls,a386662da9713220f114ce67bf4c64a79c2b4089fb0160b4c6c321d3bd30ea28,financieras,clasico,2011-07-31,unica,EVOL ACTIV ALGODÓN,259,234,25
BOLF 072011.xls,a386662da9713220f114ce67bf4c64a79c2b4089fb0160b4c6c321d3bd30ea28,financieras,clasico,2011-07-31,unica,EVOL ACTIV SOJA,259,234,25
BOLF 072011.xls,a386662da9713220f114ce67bf4c64a79c2b4089fb0160b4c6c321d3bd30ea28,financieras,clasico,2011-07-31,unica,EVOL ACTIV CONSTRUCCIONES,259,234,25
BOLF 072011.xls,a386662da9713220f114ce67bf4c64a79c2b4089fb0160b4c6c321d3bd30ea28,financieras,clasico,2011-07-31,unica,EVOL ACTIV VIVIENDA,319,268,51
BOLF 072011.xls,a386662da9713220f114ce67bf4c64a79c2b4089fb0160b4c6c321d3bd30ea28,financieras,clasico,2011-07-31,unica,Gráficos Evol Activ,15,13,2
BOLF 072011.xls,a386662da9713220f114ce67bf4c64a79c2b4089fb0160b4c6c321d3bd30ea28,financieras,clasico,2011-07-31,unica,Calificadoras Financieras,59,12,47
BOLF 072011.xls,a386662da9713220f114ce67bf4c64a79c2b4089fb0160b4c6c321d3bd30ea28,financieras,clasico,2011-07-31,unica,Auditores Externos,46,13,33
BOLF 072011.xls,a386662da9713220f114ce67bf4c64a79c2b4089fb0160b4c6c321d3bd30ea28,financieras,clasico,2011-07-31,unica,Módulo1,0,0,0
BOLF 082011.xls,f48ca9b700c47d30e868f9b720b7af56af80c05840b89aed503eb1a58e087834,financieras,clasico,2011-08-31,unica,SUC - FIN,105,68,37
BOLF 082011.xls,f48ca9b700c47d30e868f9b720b7af56af80c05840b89aed503eb1a58e087834,financieras,clasico,2011-08-31,unica,PAG10,342,291,51
BOLF 082011.xls,f48ca9b700c47d30e868f9b720b7af56af80c05840b89aed503eb1a58e087834,financieras,clasico,2011-08-31,unica,GRAFICOS,22,12,10
BOLF 082011.xls,f48ca9b700c47d30e868f9b720b7af56af80c05840b89aed503eb1a58e087834,financieras,clasico,2011-08-31,unica,PAG12,304,222,82
BOLF 082011.xls,f48ca9b700c47d30e868f9b720b7af56af80c05840b89aed503eb1a58e087834,financieras,clasico,2011-08-31,unica,PAG13,197,136,61
BOLF 082011.xls,f48ca9b700c47d30e868f9b720b7af56af80c05840b89aed503eb1a58e087834,financieras,clasico,2011-08-31,unica,PAG14,301,213,88
BOLF 082011.xls,f48ca9b700c47d30e868f9b720b7af56af80c05840b89aed503eb1a58e087834,financieras,clasico,2011-08-31,unica,PAG14 (2),152,98,54
BOLF 082011.xls,f48ca9b700c47d30e868f9b720b7af56af80c05840b89aed503eb1a58e087834,financieras,clasico,2011-08-31,unica,DEPOSITOS,106,35,71
BOLF 082011.xls,f48ca9b700c47d30e868f9b720b7af56af80c05840b89aed503eb1a58e087834,financieras,clasico,2011-08-31,unica,Evol Depósitos,261,214,47
BOLF 082011.xls,f48ca9b700c47d30e868f9b720b7af56af80c05840b89aed503eb1a58e087834,financieras,clasico,2011-08-31,unica,Nuevo Grafico de Deposito,48,20,28
BOLF 082011.xls,f48ca9b700c47d30e868f9b720b7af56af80c05840b89aed503eb1a58e087834,financieras,clasico,2011-08-31,unica,PAG15,305,222,83
BOLF 082011.xls,f48ca9b700c47d30e868f9b720b7af56af80c05840b89aed503eb1a58e087834,financieras,clasico,2011-08-31,unica,PAG16,174,122,52
BOLF 082011.xls,f48ca9b700c47d30e868f9b720b7af56af80c05840b89aed503eb1a58e087834,financieras,clasico,2011-08-31,unica,PAG17,183,124,59
BOLF 082011.xls,f48ca9b700c47d30e868f9b720b7af56af80c05840b89aed503eb1a58e087834,financieras,clasico,2011-08-31,unica,PAG17 2,196,152,44
BOLF 082011.xls,f48ca9b700c47d30e868f9b720b7af56af80c05840b89aed503eb1a58e087834,financieras,clasico,2011-08-31,unica,PAG18,221,152,69
BOLF 082011.xls,f48ca9b700c47d30e868f9b720b7af56af80c05840b89aed503eb1a58e087834,financieras,clasico,2011-08-31,unica,PAG19,581,409,172
BOLF 082011.xls,f48ca9b700c47d30e868f9b720b7af56af80c05840b89aed503eb1a58e087834,financieras,clasico,2011-08-31,unica,Morosidad,213,152,61
BOLF 082011.xls,f48ca9b700c47d30e868f9b720b7af56af80c05840b89aed503eb1a58e087834,financieras,clasico,2011-08-31,unica,MOROSIDAD MN,163,110,53
BOLF 082011.xls,f48ca9b700c47d30e868f9b720b7af56af80c05840b89aed503eb1a58e087834,financieras,clasico,2011-08-31,unica,MOROSIDAD ME,163,110,53
BOLF 082011.xls,f48ca9b700c47d30e868f9b720b7af56af80c05840b89aed503eb1a58e087834,financieras,clasico,2011-08-31,unica,Evol Créditos,274,227,47
BOLF 082011.xls,f48ca9b700c47d30e868f9b720b7af56af80c05840b89aed503eb1a58e087834,financieras,clasico,2011-08-31,unica,Evol Créditos Vigentes,273,226,47
BOLF 082011.xls,f48ca9b700c47d30e868f9b720b7af56af80c05840b89aed503eb1a58e087834,financieras,clasico,2011-08-31,unica,Evol Créditos Vencidos,280,225,55
BOLF 082011.xls,f48ca9b700c47d30e868f9b720b7af56af80c05840b89aed503eb1a58e087834,financieras,clasico,2011-08-31,unica,Morosidad sobre Cartera,273,226,47
BOLF 082011.xls,f48ca9b700c47d30e868f9b720b7af56af80c05840b89aed503eb1a58e087834,financieras,clasico,2011-08-31,unica,CART-CLASIS,238,200,38
BOLF 082011.xls,f48ca9b700c47d30e868f9b720b7af56af80c05840b89aed503eb1a58e087834,financieras,clasico,2011-08-31,unica,CART-CLAS Part,154,116,38
BOLF 082011.xls,f48ca9b700c47d30e868f9b720b7af56af80c05840b89aed503eb1a58e087834,financieras,clasico,2011-08-31,unica,CART-ACTV,322,272,50
BOLF 082011.xls,f48ca9b700c47d30e868f9b720b7af56af80c05840b89aed503eb1a58e087834,financieras,clasico,2011-08-31,unica,CART-ACTV Part,322,272,50
BOLF 082011.xls,f48ca9b700c47d30e868f9b720b7af56af80c05840b89aed503eb1a58e087834,financieras,clasico,2011-08-31,unica,EVOL ACTIV TRIGO,266,234,32
BOLF 082011.xls,f48ca9b700c47d30e868f9b720b7af56af80c05840b89aed503eb1a58e087834,financieras,clasico,2011-08-31,unica,EVOL ACTIV ALGODÓN,266,234,32
BOLF 082011.xls,f48ca9b700c47d30e868f9b720b7af56af80c05840b89aed503eb1a58e087834,financieras,clasico,2011-08-31,unica,EVOL ACTIV SOJA,266,234,32
BOLF 082011.xls,f48ca9b700c47d30e868f9b720b7af56af80c05840b89aed503eb1a58e087834,financieras,clasico,2011-08-31,unica,EVOL ACTIV CONSTRUCCIONES,266,234,32
BOLF 082011.xls,f48ca9b700c47d30e868f9b720b7af56af80c05840b89aed503eb1a58e087834,financieras,clasico,2011-08-31,unica,EVOL ACTIV VIVIENDA,326,268,58
BOLF 082011.xls,f48ca9b700c47d30e868f9b720b7af56af80c05840b89aed503eb1a58e087834,financieras,clasico,2011-08-31,unica,Gráficos Evol Activ,22,13,9
BOLF 082011.xls,f48ca9b700c47d30e868f9b720b7af56af80c05840b89aed503eb1a58e087834,financieras,clasico,2011-08-31,unica,Calificadoras Financieras,66,12,54
BOLF 082011.xls,f48ca9b700c47d30e868f9b720b7af56af80c05840b89aed503eb1a58e087834,financieras,clasico,2011-08-31,unica,Auditores Externos,53,13,40
BOLF 082011.xls,f48ca9b700c47d30e868f9b720b7af56af80c05840b89aed503eb1a58e087834,financieras,clasico,2011-08-31,unica,Módulo1,0,0,0
BOLF 092011.xls,45251453c6e31178244e0f9eeb10354c6df410d73daa769271a6cdebd15a5f42,financieras,clasico,2011-09-30,unica,SUC - FIN,98,68,30
BOLF 092011.xls,45251453c6e31178244e0f9eeb10354c6df410d73daa769271a6cdebd15a5f42,financieras,clasico,2011-09-30,unica,PAG10,335,291,44
BOLF 092011.xls,45251453c6e31178244e0f9eeb10354c6df410d73daa769271a6cdebd15a5f42,financieras,clasico,2011-09-30,unica,GRAFICOS,15,12,3
BOLF 092011.xls,45251453c6e31178244e0f9eeb10354c6df410d73daa769271a6cdebd15a5f42,financieras,clasico,2011-09-30,unica,PAG12,297,222,75
BOLF 092011.xls,45251453c6e31178244e0f9eeb10354c6df410d73daa769271a6cdebd15a5f42,financieras,clasico,2011-09-30,unica,PAG13,178,124,54
BOLF 092011.xls,45251453c6e31178244e0f9eeb10354c6df410d73daa769271a6cdebd15a5f42,financieras,clasico,2011-09-30,unica,PAG14,294,213,81
BOLF 092011.xls,45251453c6e31178244e0f9eeb10354c6df410d73daa769271a6cdebd15a5f42,financieras,clasico,2011-09-30,unica,PAG14 (2),145,98,47
BOLF 092011.xls,45251453c6e31178244e0f9eeb10354c6df410d73daa769271a6cdebd15a5f42,financieras,clasico,2011-09-30,unica,DEPOSITOS,99,35,64
BOLF 092011.xls,45251453c6e31178244e0f9eeb10354c6df410d73daa769271a6cdebd15a5f42,financieras,clasico,2011-09-30,unica,Evol Depósitos,257,217,40
BOLF 092011.xls,45251453c6e31178244e0f9eeb10354c6df410d73daa769271a6cdebd15a5f42,financieras,clasico,2011-09-30,unica,Nuevo Grafico de Deposito,41,22,19
BOLF 092011.xls,45251453c6e31178244e0f9eeb10354c6df410d73daa769271a6cdebd15a5f42,financieras,clasico,2011-09-30,unica,PAG15,298,222,76
BOLF 092011.xls,45251453c6e31178244e0f9eeb10354c6df410d73daa769271a6cdebd15a5f42,financieras,clasico,2011-09-30,unica,PAG16,155,110,45
BOLF 092011.xls,45251453c6e31178244e0f9eeb10354c6df410d73daa769271a6cdebd15a5f42,financieras,clasico,2011-09-30,unica,PAG17,176,124,52
BOLF 092011.xls,45251453c6e31178244e0f9eeb10354c6df410d73daa769271a6cdebd15a5f42,financieras,clasico,2011-09-30,unica,PAG17 2,190,153,37
BOLF 092011.xls,45251453c6e31178244e0f9eeb10354c6df410d73daa769271a6cdebd15a5f42,financieras,clasico,2011-09-30,unica,PAG18,214,152,62
BOLF 092011.xls,45251453c6e31178244e0f9eeb10354c6df410d73daa769271a6cdebd15a5f42,financieras,clasico,2011-09-30,unica,PAG19,572,409,163
BOLF 092011.xls,45251453c6e31178244e0f9eeb10354c6df410d73daa769271a6cdebd15a5f42,financieras,clasico,2011-09-30,unica,Morosidad,206,152,54
BOLF 092011.xls,45251453c6e31178244e0f9eeb10354c6df410d73daa769271a6cdebd15a5f42,financieras,clasico,2011-09-30,unica,MOROSIDAD MN,156,110,46
BOLF 092011.xls,45251453c6e31178244e0f9eeb10354c6df410d73daa769271a6cdebd15a5f42,financieras,clasico,2011-09-30,unica,MOROSIDAD ME,156,110,46
BOLF 092011.xls,45251453c6e31178244e0f9eeb10354c6df410d73daa769271a6cdebd15a5f42,financieras,clasico,2011-09-30,unica,Evol Créditos,269,229,40
BOLF 092011.xls,45251453c6e31178244e0f9eeb10354c6df410d73daa769271a6cdebd15a5f42,financieras,clasico,2011-09-30,unica,Evol Créditos Vigentes,268,228,40
BOLF 092011.xls,45251453c6e31178244e0f9eeb10354c6df410d73daa769271a6cdebd15a5f42,financieras,clasico,2011-09-30,unica,Evol Créditos Vencidos,274,227,47
BOLF 092011.xls,45251453c6e31178244e0f9eeb10354c6df410d73daa769271a6cdebd15a5f42,financieras,clasico,2011-09-30,unica,Morosidad sobre Cartera,268,228,40
BOLF 092011.xls,45251453c6e31178244e0f9eeb10354c6df410d73daa769271a6cdebd15a5f42,financieras,clasico,2011-09-30,unica,CART-CLASIS,231,200,31
BOLF 092011.xls,45251453c6e31178244e0f9eeb10354c6df410d73daa769271a6cdebd15a5f42,financieras,clasico,2011-09-30,unica,CART-CLAS Part,147,116,31
BOLF 092011.xls,45251453c6e31178244e0f9eeb10354c6df410d73daa769271a6cdebd15a5f42,financieras,clasico,2011-09-30,unica,CART-ACTV,315,272,43
BOLF 092011.xls,45251453c6e31178244e0f9eeb10354c6df410d73daa769271a6cdebd15a5f42,financieras,clasico,2011-09-30,unica,CART-ACTV Part,315,272,43
BOLF 092011.xls,45251453c6e31178244e0f9eeb10354c6df410d73daa769271a6cdebd15a5f42,financieras,clasico,2011-09-30,unica,EVOL ACTIV TRIGO,259,234,25
BOLF 092011.xls,45251453c6e31178244e0f9eeb10354c6df410d73daa769271a6cdebd15a5f42,financieras,clasico,2011-09-30,unica,EVOL ACTIV ALGODÓN,259,234,25
BOLF 092011.xls,45251453c6e31178244e0f9eeb10354c6df410d73daa769271a6cdebd15a5f42,financieras,clasico,2011-09-30,unica,EVOL ACTIV SOJA,259,234,25
BOLF 092011.xls,45251453c6e31178244e0f9eeb10354c6df410d73daa769271a6cdebd15a5f42,financieras,clasico,2011-09-30,unica,EVOL ACTIV CONSTRUCCIONES,259,234,25
BOLF 092011.xls,45251453c6e31178244e0f9eeb10354c6df410d73daa769271a6cdebd15a5f42,financieras,clasico,2011-09-30,unica,EVOL ACTIV VIVIENDA,319,268,51
BOLF 092011.xls,45251453c6e31178244e0f9eeb10354c6df410d73daa769271a6cdebd15a5f42,financieras,clasico,2011-09-30,unica,Gráficos Evol Activ,15,13,2
BOLF 092011.xls,45251453c6e31178244e0f9eeb10354c6df410d73daa769271a6cdebd15a5f42,financieras,clasico,2011-09-30,unica,Calificadoras Financieras,59,12,47
BOLF 092011.xls,45251453c6e31178244e0f9eeb10354c6df410d73daa769271a6cdebd15a5f42,financieras,clasico,2011-09-30,unica,Auditores Externos,46,13,33
BOLF 092011.xls,45251453c6e31178244e0f9eeb10354c6df410d73daa769271a6cdebd15a5f42,financieras,clasico,2011-09-30,unica,Módulo1,0,0,0
BOLF 102011.xls,48d31df9370d992a7a3253f9d75b4b249665913b3ea848c48e4ba00328c629f4,financieras,clasico,2011-10-31,unica,SUC - FIN,98,68,30
BOLF 102011.xls,48d31df9370d992a7a3253f9d75b4b249665913b3ea848c48e4ba00328c629f4,financieras,clasico,2011-10-31,unica,PAG10,325,281,44
BOLF 102011.xls,48d31df9370d992a7a3253f9d75b4b249665913b3ea848c48e4ba00328c629f4,financieras,clasico,2011-10-31,unica,GRAFICOS,15,12,3
BOLF 102011.xls,48d31df9370d992a7a3253f9d75b4b249665913b3ea848c48e4ba00328c629f4,financieras,clasico,2011-10-31,unica,PAG12,297,222,75
BOLF 102011.xls,48d31df9370d992a7a3253f9d75b4b249665913b3ea848c48e4ba00328c629f4,financieras,clasico,2011-10-31,unica,PAG13,190,136,54
BOLF 102011.xls,48d31df9370d992a7a3253f9d75b4b249665913b3ea848c48e4ba00328c629f4,financieras,clasico,2011-10-31,unica,PAG14,294,213,81
BOLF 102011.xls,48d31df9370d992a7a3253f9d75b4b249665913b3ea848c48e4ba00328c629f4,financieras,clasico,2011-10-31,unica,PAG14 (2),145,98,47
BOLF 102011.xls,48d31df9370d992a7a3253f9d75b4b249665913b3ea848c48e4ba00328c629f4,financieras,clasico,2011-10-31,unica,DEPOSITOS,99,35,64
BOLF 102011.xls,48d31df9370d992a7a3253f9d75b4b249665913b3ea848c48e4ba00328c629f4,financieras,clasico,2011-10-31,unica,Evol Depósitos,259,219,40
BOLF 102011.xls,48d31df9370d992a7a3253f9d75b4b249665913b3ea848c48e4ba00328c629f4,financieras,clasico,2011-10-31,unica,Nuevo Grafico de Deposito,41,22,19
BOLF 102011.xls,48d31df9370d992a7a3253f9d75b4b249665913b3ea848c48e4ba00328c629f4,financieras,clasico,2011-10-31,unica,PAG15,298,222,76
BOLF 102011.xls,48d31df9370d992a7a3253f9d75b4b249665913b3ea848c48e4ba00328c629f4,financieras,clasico,2011-10-31,unica,PAG16,155,110,45
BOLF 102011.xls,48d31df9370d992a7a3253f9d75b4b249665913b3ea848c48e4ba00328c629f4,financieras,clasico,2011-10-31,unica,PAG17,176,124,52
BOLF 102011.xls,48d31df9370d992a7a3253f9d75b4b249665913b3ea848c48e4ba00328c629f4,financieras,clasico,2011-10-31,unica,PAG17 2,189,152,37
BOLF 102011.xls,48d31df9370d992a7a3253f9d75b4b249665913b3ea848c48e4ba00328c629f4,financieras,clasico,2011-10-31,unica,PAG18,214,152,62
BOLF 102011.xls,48d31df9370d992a7a3253f9d75b4b249665913b3ea848c48e4ba00328c629f4,financieras,clasico,2011-10-31,unica,PAG19,550,409,141
BOLF 102011.xls,48d31df9370d992a7a3253f9d75b4b249665913b3ea848c48e4ba00328c629f4,financieras,clasico,2011-10-31,unica,Morosidad,206,152,54
BOLF 102011.xls,48d31df9370d992a7a3253f9d75b4b249665913b3ea848c48e4ba00328c629f4,financieras,clasico,2011-10-31,unica,MOROSIDAD MN,156,110,46
BOLF 102011.xls,48d31df9370d992a7a3253f9d75b4b249665913b3ea848c48e4ba00328c629f4,financieras,clasico,2011-10-31,unica,MOROSIDAD ME,156,110,46
BOLF 102011.xls,48d31df9370d992a7a3253f9d75b4b249665913b3ea848c48e4ba00328c629f4,financieras,clasico,2011-10-31,unica,Evol Créditos,269,229,40
BOLF 102011.xls,48d31df9370d992a7a3253f9d75b4b249665913b3ea848c48e4ba00328c629f4,financieras,clasico,2011-10-31,unica,Evol Créditos Vigentes,268,228,40
BOLF 102011.xls,48d31df9370d992a7a3253f9d75b4b249665913b3ea848c48e4ba00328c629f4,financieras,clasico,2011-10-31,unica,Evol Créditos Vencidos,273,227,46
BOLF 102011.xls,48d31df9370d992a7a3253f9d75b4b249665913b3ea848c48e4ba00328c629f4,financieras,clasico,2011-10-31,unica,Morosidad sobre Cartera,268,228,40
BOLF 102011.xls,48d31df9370d992a7a3253f9d75b4b249665913b3ea848c48e4ba00328c629f4,financieras,clasico,2011-10-31,unica,CART-CLASIS,231,200,31
BOLF 102011.xls,48d31df9370d992a7a3253f9d75b4b249665913b3ea848c48e4ba00328c629f4,financieras,clasico,2011-10-31,unica,CART-CLAS Part,147,116,31
BOLF 102011.xls,48d31df9370d992a7a3253f9d75b4b249665913b3ea848c48e4ba00328c629f4,financieras,clasico,2011-10-31,unica,CART-ACTV,315,272,43
BOLF 102011.xls,48d31df9370d992a7a3253f9d75b4b249665913b3ea848c48e4ba00328c629f4,financieras,clasico,2011-10-31,unica,CART-ACTV Part,315,272,43
BOLF 102011.xls,48d31df9370d992a7a3253f9d75b4b249665913b3ea848c48e4ba00328c629f4,financieras,clasico,2011-10-31,unica,EVOL ACTIV TRIGO,259,234,25
BOLF 102011.xls,48d31df9370d992a7a3253f9d75b4b249665913b3ea848c48e4ba00328c629f4,financieras,clasico,2011-10-31,unica,EVOL ACTIV ALGODÓN,259,234,25
BOLF 102011.xls,48d31df9370d992a7a3253f9d75b4b249665913b3ea848c48e4ba00328c629f4,financieras,clasico,2011-10-31,unica,EVOL ACTIV SOJA,259,234,25
BOLF 102011.xls,48d31df9370d992a7a3253f9d75b4b249665913b3ea848c48e4ba00328c629f4,financieras,clasico,2011-10-31,unica,EVOL ACTIV CONSTRUCCIONES,259,234,25
BOLF 102011.xls,48d31df9370d992a7a3253f9d75b4b249665913b3ea848c48e4ba00328c629f4,financieras,clasico,2011-10-31,unica,EVOL ACTIV VIVIENDA,319,268,51
BOLF 102011.xls,48d31df9370d992a7a3253f9d75b4b249665913b3ea848c48e4ba00328c629f4,financieras,clasico,2011-10-31,unica,Gráficos Evol Activ,15,13,2
BOLF 102011.xls,48d31df9370d992a7a3253f9d75b4b249665913b3ea848c48e4ba00328c629f4,financieras,clasico,2011-10-31,unica,Calificadoras Financieras,59,12,47
BOLF 102011.xls,48d31df9370d992a7a3253f9d75b4b249665913b3ea848c48e4ba00328c629f4,financieras,clasico,2011-10-31,unica,Auditores Externos,46,13,33
BOLF 102011.xls,48d31df9370d992a7a3253f9d75b4b249665913b3ea848c48e4ba00328c629f4,financieras,clasico,2011-10-31,unica,Módulo1,0,0,0
BOLF 112011.xls,8ed63de8dfd72d713126431e5fce32ff3556086d4299eb2e7609b7777c1bc196,financieras,clasico,2011-11-30,unica,SUC - FIN,98,68,30
BOLF 112011.xls,8ed63de8dfd72d713126431e5fce32ff3556086d4299eb2e7609b7777c1bc196,financieras,clasico,2011-11-30,unica,PAG10,335,291,44
BOLF 112011.xls,8ed63de8dfd72d713126431e5fce32ff3556086d4299eb2e7609b7777c1bc196,financieras,clasico,2011-11-30,unica,GRAFICOS,15,12,3
BOLF 112011.xls,8ed63de8dfd72d713126431e5fce32ff3556086d4299eb2e7609b7777c1bc196,financieras,clasico,2011-11-30,unica,PAG12,297,222,75
BOLF 112011.xls,8ed63de8dfd72d713126431e5fce32ff3556086d4299eb2e7609b7777c1bc196,financieras,clasico,2011-11-30,unica,PAG13,178,124,54
BOLF 112011.xls,8ed63de8dfd72d713126431e5fce32ff3556086d4299eb2e7609b7777c1bc196,financieras,clasico,2011-11-30,unica,PAG14,294,213,81
BOLF 112011.xls,8ed63de8dfd72d713126431e5fce32ff3556086d4299eb2e7609b7777c1bc196,financieras,clasico,2011-11-30,unica,PAG14 (2),145,98,47
BOLF 112011.xls,8ed63de8dfd72d713126431e5fce32ff3556086d4299eb2e7609b7777c1bc196,financieras,clasico,2011-11-30,unica,DEPOSITOS,99,35,64
BOLF 112011.xls,8ed63de8dfd72d713126431e5fce32ff3556086d4299eb2e7609b7777c1bc196,financieras,clasico,2011-11-30,unica,Evol Depósitos,260,220,40
BOLF 112011.xls,8ed63de8dfd72d713126431e5fce32ff3556086d4299eb2e7609b7777c1bc196,financieras,clasico,2011-11-30,unica,Nuevo Grafico de Deposito,41,22,19
BOLF 112011.xls,8ed63de8dfd72d713126431e5fce32ff3556086d4299eb2e7609b7777c1bc196,financieras,clasico,2011-11-30,unica,PAG15,298,222,76
BOLF 112011.xls,8ed63de8dfd72d713126431e5fce32ff3556086d4299eb2e7609b7777c1bc196,financieras,clasico,2011-11-30,unica,PAG16,155,110,45
BOLF 112011.xls,8ed63de8dfd72d713126431e5fce32ff3556086d4299eb2e7609b7777c1bc196,financieras,clasico,2011-11-30,unica,PAG17,176,124,52
BOLF 112011.xls,8ed63de8dfd72d713126431e5fce32ff3556086d4299eb2e7609b7777c1bc196,financieras,clasico,2011-11-30,unica,PAG17 2,189,152,37
BOLF 112011.xls,8ed63de8dfd72d713126431e5fce32ff3556086d4299eb2e7609b7777c1bc196,financieras,clasico,2011-11-30,unica,PAG18,214,152,62
BOLF 112011.xls,8ed63de8dfd72d713126431e5fce32ff3556086d4299eb2e7609b7777c1bc196,financieras,clasico,2011-11-30,unica,PAG19,550,409,141
BOLF 112011.xls,8ed63de8dfd72d713126431e5fce32ff3556086d4299eb2e7609b7777c1bc196,financieras,clasico,2011-11-30,unica,Morosidad,206,152,54
BOLF 112011.xls,8ed63de8dfd72d713126431e5fce32ff3556086d4299eb2e7609b7777c1bc196,financieras,clasico,2011-11-30,unica,MOROSIDAD MN,156,110,46
BOLF 112011.xls,8ed63de8dfd72d713126431e5fce32ff3556086d4299eb2e7609b7777c1bc196,financieras,clasico,2011-11-30,unica,MOROSIDAD ME,156,110,46
BOLF 112011.xls,8ed63de8dfd72d713126431e5fce32ff3556086d4299eb2e7609b7777c1bc196,financieras,clasico,2011-11-30,unica,Evol Créditos,270,230,40
BOLF 112011.xls,8ed63de8dfd72d713126431e5fce32ff3556086d4299eb2e7609b7777c1bc196,financieras,clasico,2011-11-30,unica,Evol Créditos Vigentes,269,229,40
BOLF 112011.xls,8ed63de8dfd72d713126431e5fce32ff3556086d4299eb2e7609b7777c1bc196,financieras,clasico,2011-11-30,unica,Evol Créditos Vencidos,273,228,45
BOLF 112011.xls,8ed63de8dfd72d713126431e5fce32ff3556086d4299eb2e7609b7777c1bc196,financieras,clasico,2011-11-30,unica,Morosidad sobre Cartera,269,229,40
BOLF 112011.xls,8ed63de8dfd72d713126431e5fce32ff3556086d4299eb2e7609b7777c1bc196,financieras,clasico,2011-11-30,unica,Tarjetas de Cred,332,268,64
BOLF 112011.xls,8ed63de8dfd72d713126431e5fce32ff3556086d4299eb2e7609b7777c1bc196,financieras,clasico,2011-11-30,unica,Gráfico Tarjetas,24,22,2
BOLF 112011.xls,8ed63de8dfd72d713126431e5fce32ff3556086d4299eb2e7609b7777c1bc196,financieras,clasico,2011-11-30,unica,CART-CLASIS,231,200,31
BOLF 112011.xls,8ed63de8dfd72d713126431e5fce32ff3556086d4299eb2e7609b7777c1bc196,financieras,clasico,2011-11-30,unica,CART-CLAS Part,147,116,31
BOLF 112011.xls,8ed63de8dfd72d713126431e5fce32ff3556086d4299eb2e7609b7777c1bc196,financieras,clasico,2011-11-30,unica,CART-ACTV,315,272,43
BOLF 112011.xls,8ed63de8dfd72d713126431e5fce32ff3556086d4299eb2e7609b7777c1bc196,financieras,clasico,2011-11-30,unica,CART-ACTV Part,315,272,43
BOLF 112011.xls,8ed63de8dfd72d713126431e5fce32ff3556086d4299eb2e7609b7777c1bc196,financieras,clasico,2011-11-30,unica,EVOL ACTIV TRIGO,259,234,25
BOLF 112011.xls,8ed63de8dfd72d713126431e5fce32ff3556086d4299eb2e7609b7777c1bc196,financieras,clasico,2011-11-30,unica,EVOL ACTIV ALGODÓN,259,234,25
BOLF 112011.xls,8ed63de8dfd72d713126431e5fce32ff3556086d4299eb2e7609b7777c1bc196,financieras,clasico,2011-11-30,unica,EVOL ACTIV SOJA,259,234,25
BOLF 112011.xls,8ed63de8dfd72d713126431e5fce32ff3556086d4299eb2e7609b7777c1bc196,financieras,clasico,2011-11-30,unica,EVOL ACTIV CONSTRUCCIONES,259,234,25
BOLF 112011.xls,8ed63de8dfd72d713126431e5fce32ff3556086d4299eb2e7609b7777c1bc196,financieras,clasico,2011-11-30,unica,EVOL ACTIV VIVIENDA,319,268,51
BOLF 112011.xls,8ed63de8dfd72d713126431e5fce32ff3556086d4299eb2e7609b7777c1bc196,financieras,clasico,2011-11-30,unica,Gráficos Evol Activ,15,13,2
BOLF 112011.xls,8ed63de8dfd72d713126431e5fce32ff3556086d4299eb2e7609b7777c1bc196,financieras,clasico,2011-11-30,unica,Web,239,165,74
BOLF 112011.xls,8ed63de8dfd72d713126431e5fce32ff3556086d4299eb2e7609b7777c1bc196,financieras,clasico,2011-11-30,unica,Calificadoras Financieras,59,12,47
BOLF 112011.xls,8ed63de8dfd72d713126431e5fce32ff3556086d4299eb2e7609b7777c1bc196,financieras,clasico,2011-11-30,unica,Auditores Externos,46,13,33
BOLF 112011.xls,8ed63de8dfd72d713126431e5fce32ff3556086d4299eb2e7609b7777c1bc196,financieras,clasico,2011-11-30,unica,Módulo1,0,0,0
BOLF 122011.xls,eecdbf495e03e1873e2f114ec15cdf2cb6266fd52d66b97c3205a41ae289a29a,financieras,clasico,2011-12-31,unica,SUC - FIN,98,68,30
BOLF 122011.xls,eecdbf495e03e1873e2f114ec15cdf2cb6266fd52d66b97c3205a41ae289a29a,financieras,clasico,2011-12-31,unica,PAG10,335,291,44
BOLF 122011.xls,eecdbf495e03e1873e2f114ec15cdf2cb6266fd52d66b97c3205a41ae289a29a,financieras,clasico,2011-12-31,unica,GRAFICOS,15,12,3
BOLF 122011.xls,eecdbf495e03e1873e2f114ec15cdf2cb6266fd52d66b97c3205a41ae289a29a,financieras,clasico,2011-12-31,unica,PAG12,297,222,75
BOLF 122011.xls,eecdbf495e03e1873e2f114ec15cdf2cb6266fd52d66b97c3205a41ae289a29a,financieras,clasico,2011-12-31,unica,PAG13,178,124,54
BOLF 122011.xls,eecdbf495e03e1873e2f114ec15cdf2cb6266fd52d66b97c3205a41ae289a29a,financieras,clasico,2011-12-31,unica,PAG14,294,213,81
BOLF 122011.xls,eecdbf495e03e1873e2f114ec15cdf2cb6266fd52d66b97c3205a41ae289a29a,financieras,clasico,2011-12-31,unica,PAG14 (2),145,98,47
BOLF 122011.xls,eecdbf495e03e1873e2f114ec15cdf2cb6266fd52d66b97c3205a41ae289a29a,financieras,clasico,2011-12-31,unica,DEPOSITOS,99,35,64
BOLF 122011.xls,eecdbf495e03e1873e2f114ec15cdf2cb6266fd52d66b97c3205a41ae289a29a,financieras,clasico,2011-12-31,unica,Evol Depósitos,262,222,40
BOLF 122011.xls,eecdbf495e03e1873e2f114ec15cdf2cb6266fd52d66b97c3205a41ae289a29a,financieras,clasico,2011-12-31,unica,Nuevo Grafico de Deposito,41,22,19
BOLF 122011.xls,eecdbf495e03e1873e2f114ec15cdf2cb6266fd52d66b97c3205a41ae289a29a,financieras,clasico,2011-12-31,unica,PAG15,298,222,76
BOLF 122011.xls,eecdbf495e03e1873e2f114ec15cdf2cb6266fd52d66b97c3205a41ae289a29a,financieras,clasico,2011-12-31,unica,PAG16,155,110,45
BOLF 122011.xls,eecdbf495e03e1873e2f114ec15cdf2cb6266fd52d66b97c3205a41ae289a29a,financieras,clasico,2011-12-31,unica,PAG17,176,124,52
BOLF 122011.xls,eecdbf495e03e1873e2f114ec15cdf2cb6266fd52d66b97c3205a41ae289a29a,financieras,clasico,2011-12-31,unica,PAG17 2,189,152,37
BOLF 122011.xls,eecdbf495e03e1873e2f114ec15cdf2cb6266fd52d66b97c3205a41ae289a29a,financieras,clasico,2011-12-31,unica,PAG18,214,152,62
BOLF 122011.xls,eecdbf495e03e1873e2f114ec15cdf2cb6266fd52d66b97c3205a41ae289a29a,financieras,clasico,2011-12-31,unica,PAG19,562,409,153
BOLF 122011.xls,eecdbf495e03e1873e2f114ec15cdf2cb6266fd52d66b97c3205a41ae289a29a,financieras,clasico,2011-12-31,unica,Morosidad,206,152,54
BOLF 122011.xls,eecdbf495e03e1873e2f114ec15cdf2cb6266fd52d66b97c3205a41ae289a29a,financieras,clasico,2011-12-31,unica,MOROSIDAD MN,156,110,46
BOLF 122011.xls,eecdbf495e03e1873e2f114ec15cdf2cb6266fd52d66b97c3205a41ae289a29a,financieras,clasico,2011-12-31,unica,MOROSIDAD ME,156,110,46
BOLF 122011.xls,eecdbf495e03e1873e2f114ec15cdf2cb6266fd52d66b97c3205a41ae289a29a,financieras,clasico,2011-12-31,unica,Tarjetas de Cred,353,290,63
BOLF 122011.xls,eecdbf495e03e1873e2f114ec15cdf2cb6266fd52d66b97c3205a41ae289a29a,financieras,clasico,2011-12-31,unica,Gráfico Tarjetas,26,24,2
BOLF 122011.xls,eecdbf495e03e1873e2f114ec15cdf2cb6266fd52d66b97c3205a41ae289a29a,financieras,clasico,2011-12-31,unica,Evol Créditos,271,231,40
BOLF 122011.xls,eecdbf495e03e1873e2f114ec15cdf2cb6266fd52d66b97c3205a41ae289a29a,financieras,clasico,2011-12-31,unica,Evol Créditos Vigentes,270,230,40
BOLF 122011.xls,eecdbf495e03e1873e2f114ec15cdf2cb6266fd52d66b97c3205a41ae289a29a,financieras,clasico,2011-12-31,unica,Evol Créditos Vencidos,273,229,44
BOLF 122011.xls,eecdbf495e03e1873e2f114ec15cdf2cb6266fd52d66b97c3205a41ae289a29a,financieras,clasico,2011-12-31,unica,Morosidad sobre Cartera,270,230,40
BOLF 122011.xls,eecdbf495e03e1873e2f114ec15cdf2cb6266fd52d66b97c3205a41ae289a29a,financieras,clasico,2011-12-31,unica,CART-CLASIS,231,200,31
BOLF 122011.xls,eecdbf495e03e1873e2f114ec15cdf2cb6266fd52d66b97c3205a41ae289a29a,financieras,clasico,2011-12-31,unica,CART-CLAS Part,147,116,31
BOLF 122011.xls,eecdbf495e03e1873e2f114ec15cdf2cb6266fd52d66b97c3205a41ae289a29a,financieras,clasico,2011-12-31,unica,CART-ACTV,315,272,43
BOLF 122011.xls,eecdbf495e03e1873e2f114ec15cdf2cb6266fd52d66b97c3205a41ae289a29a,financieras,clasico,2011-12-31,unica,CART-ACTV Part,315,272,43
BOLF 122011.xls,eecdbf495e03e1873e2f114ec15cdf2cb6266fd52d66b97c3205a41ae289a29a,financieras,clasico,2011-12-31,unica,EVOL ACTIV TRIGO,259,234,25
BOLF 122011.xls,eecdbf495e03e1873e2f114ec15cdf2cb6266fd52d66b97c3205a41ae289a29a,financieras,clasico,2011-12-31,unica,EVOL ACTIV ALGODÓN,259,234,25
BOLF 122011.xls,eecdbf495e03e1873e2f114ec15cdf2cb6266fd52d66b97c3205a41ae289a29a,financieras,clasico,2011-12-31,unica,EVOL ACTIV SOJA,259,234,25
BOLF 122011.xls,eecdbf495e03e1873e2f114ec15cdf2cb6266fd52d66b97c3205a41ae289a29a,financieras,clasico,2011-12-31,unica,EVOL ACTIV CONSTRUCCIONES,259,234,25
BOLF 122011.xls,eecdbf495e03e1873e2f114ec15cdf2cb6266fd52d66b97c3205a41ae289a29a,financieras,clasico,2011-12-31,unica,EVOL ACTIV VIVIENDA,319,268,51
BOLF 122011.xls,eecdbf495e03e1873e2f114ec15cdf2cb6266fd52d66b97c3205a41ae289a29a,financieras,clasico,2011-12-31,unica,Gráficos Evol Activ,15,13,2
BOLF 122011.xls,eecdbf495e03e1873e2f114ec15cdf2cb6266fd52d66b97c3205a41ae289a29a,financieras,clasico,2011-12-31,unica,Web,239,165,74
BOLF 122011.xls,eecdbf495e03e1873e2f114ec15cdf2cb6266fd52d66b97c3205a41ae289a29a,financieras,clasico,2011-12-31,unica,Calificadoras Financieras,59,12,47
BOLF 122011.xls,eecdbf495e03e1873e2f114ec15cdf2cb6266fd52d66b97c3205a41ae289a29a,financieras,clasico,2011-12-31,unica,Auditores Externos,46,13,33
BOLF 122011.xls,eecdbf495e03e1873e2f114ec15cdf2cb6266fd52d66b97c3205a41ae289a29a,financieras,clasico,2011-12-31,unica,Módulo1,0,0,0
BOLF 012012.xls,8ea5b22544ec8eaa8a1ab1d564e2cf99c73b8de82b420b7f909f411723e908a6,financieras,clasico,2012-01-31,unica,SUC - FIN,98,68,30
BOLF 012012.xls,8ea5b22544ec8eaa8a1ab1d564e2cf99c73b8de82b420b7f909f411723e908a6,financieras,clasico,2012-01-31,unica,PAG10,335,291,44
BOLF 012012.xls,8ea5b22544ec8eaa8a1ab1d564e2cf99c73b8de82b420b7f909f411723e908a6,financieras,clasico,2012-01-31,unica,GRAFICOS,15,12,3
BOLF 012012.xls,8ea5b22544ec8eaa8a1ab1d564e2cf99c73b8de82b420b7f909f411723e908a6,financieras,clasico,2012-01-31,unica,PAG12,297,222,75
BOLF 012012.xls,8ea5b22544ec8eaa8a1ab1d564e2cf99c73b8de82b420b7f909f411723e908a6,financieras,clasico,2012-01-31,unica,PAG13,178,124,54
BOLF 012012.xls,8ea5b22544ec8eaa8a1ab1d564e2cf99c73b8de82b420b7f909f411723e908a6,financieras,clasico,2012-01-31,unica,PAG14,294,213,81
BOLF 012012.xls,8ea5b22544ec8eaa8a1ab1d564e2cf99c73b8de82b420b7f909f411723e908a6,financieras,clasico,2012-01-31,unica,PAG14 (2),145,98,47
BOLF 012012.xls,8ea5b22544ec8eaa8a1ab1d564e2cf99c73b8de82b420b7f909f411723e908a6,financieras,clasico,2012-01-31,unica,DEPOSITOS,99,35,64
BOLF 012012.xls,8ea5b22544ec8eaa8a1ab1d564e2cf99c73b8de82b420b7f909f411723e908a6,financieras,clasico,2012-01-31,unica,Evol Depósitos,264,224,40
BOLF 012012.xls,8ea5b22544ec8eaa8a1ab1d564e2cf99c73b8de82b420b7f909f411723e908a6,financieras,clasico,2012-01-31,unica,Nuevo Grafico de Deposito,41,20,21
BOLF 012012.xls,8ea5b22544ec8eaa8a1ab1d564e2cf99c73b8de82b420b7f909f411723e908a6,financieras,clasico,2012-01-31,unica,PAG15,298,222,76
BOLF 012012.xls,8ea5b22544ec8eaa8a1ab1d564e2cf99c73b8de82b420b7f909f411723e908a6,financieras,clasico,2012-01-31,unica,PAG16,155,110,45
BOLF 012012.xls,8ea5b22544ec8eaa8a1ab1d564e2cf99c73b8de82b420b7f909f411723e908a6,financieras,clasico,2012-01-31,unica,PAG17,176,124,52
BOLF 012012.xls,8ea5b22544ec8eaa8a1ab1d564e2cf99c73b8de82b420b7f909f411723e908a6,financieras,clasico,2012-01-31,unica,PAG17 2,189,152,37
BOLF 012012.xls,8ea5b22544ec8eaa8a1ab1d564e2cf99c73b8de82b420b7f909f411723e908a6,financieras,clasico,2012-01-31,unica,PAG18,214,152,62
BOLF 012012.xls,8ea5b22544ec8eaa8a1ab1d564e2cf99c73b8de82b420b7f909f411723e908a6,financieras,clasico,2012-01-31,unica,PAG19,573,409,164
BOLF 012012.xls,8ea5b22544ec8eaa8a1ab1d564e2cf99c73b8de82b420b7f909f411723e908a6,financieras,clasico,2012-01-31,unica,Morosidad,206,152,54
BOLF 012012.xls,8ea5b22544ec8eaa8a1ab1d564e2cf99c73b8de82b420b7f909f411723e908a6,financieras,clasico,2012-01-31,unica,MOROSIDAD MN,156,110,46
BOLF 012012.xls,8ea5b22544ec8eaa8a1ab1d564e2cf99c73b8de82b420b7f909f411723e908a6,financieras,clasico,2012-01-31,unica,MOROSIDAD ME,156,110,46
BOLF 012012.xls,8ea5b22544ec8eaa8a1ab1d564e2cf99c73b8de82b420b7f909f411723e908a6,financieras,clasico,2012-01-31,unica,Tarjetas de Cred,430,313,117
BOLF 012012.xls,8ea5b22544ec8eaa8a1ab1d564e2cf99c73b8de82b420b7f909f411723e908a6,financieras,clasico,2012-01-31,unica,Gráfico Tarjetas,26,24,2
BOLF 012012.xls,8ea5b22544ec8eaa8a1ab1d564e2cf99c73b8de82b420b7f909f411723e908a6,financieras,clasico,2012-01-31,unica,Evol Créditos,272,232,40
BOLF 012012.xls,8ea5b22544ec8eaa8a1ab1d564e2cf99c73b8de82b420b7f909f411723e908a6,financieras,clasico,2012-01-31,unica,Evol Créditos Vigentes,271,231,40
BOLF 012012.xls,8ea5b22544ec8eaa8a1ab1d564e2cf99c73b8de82b420b7f909f411723e908a6,financieras,clasico,2012-01-31,unica,Evol Créditos Vencidos,273,230,43
BOLF 012012.xls,8ea5b22544ec8eaa8a1ab1d564e2cf99c73b8de82b420b7f909f411723e908a6,financieras,clasico,2012-01-31,unica,Morosidad sobre Cartera,271,231,40
BOLF 012012.xls,8ea5b22544ec8eaa8a1ab1d564e2cf99c73b8de82b420b7f909f411723e908a6,financieras,clasico,2012-01-31,unica,CART-CLASIS,261,228,33
BOLF 012012.xls,8ea5b22544ec8eaa8a1ab1d564e2cf99c73b8de82b420b7f909f411723e908a6,financieras,clasico,2012-01-31,unica,CART-CLAS Part,177,144,33
BOLF 012012.xls,8ea5b22544ec8eaa8a1ab1d564e2cf99c73b8de82b420b7f909f411723e908a6,financieras,clasico,2012-01-31,unica,CART-ACTV,315,272,43
BOLF 012012.xls,8ea5b22544ec8eaa8a1ab1d564e2cf99c73b8de82b420b7f909f411723e908a6,financieras,clasico,2012-01-31,unica,CART-ACTV Part,315,272,43
BOLF 012012.xls,8ea5b22544ec8eaa8a1ab1d564e2cf99c73b8de82b420b7f909f411723e908a6,financieras,clasico,2012-01-31,unica,EVOL ACTIV TRIGO,259,234,25
BOLF 012012.xls,8ea5b22544ec8eaa8a1ab1d564e2cf99c73b8de82b420b7f909f411723e908a6,financieras,clasico,2012-01-31,unica,EVOL ACTIV ALGODÓN,259,234,25
BOLF 012012.xls,8ea5b22544ec8eaa8a1ab1d564e2cf99c73b8de82b420b7f909f411723e908a6,financieras,clasico,2012-01-31,unica,EVOL ACTIV SOJA,259,234,25
BOLF 012012.xls,8ea5b22544ec8eaa8a1ab1d564e2cf99c73b8de82b420b7f909f411723e908a6,financieras,clasico,2012-01-31,unica,EVOL ACTIV CONSTRUCCIONES,259,234,25
BOLF 012012.xls,8ea5b22544ec8eaa8a1ab1d564e2cf99c73b8de82b420b7f909f411723e908a6,financieras,clasico,2012-01-31,unica,EVOL ACTIV VIVIENDA,319,268,51
BOLF 012012.xls,8ea5b22544ec8eaa8a1ab1d564e2cf99c73b8de82b420b7f909f411723e908a6,financieras,clasico,2012-01-31,unica,Gráficos Evol Activ,15,13,2
BOLF 012012.xls,8ea5b22544ec8eaa8a1ab1d564e2cf99c73b8de82b420b7f909f411723e908a6,financieras,clasico,2012-01-31,unica,Web,239,165,74
BOLF 012012.xls,8ea5b22544ec8eaa8a1ab1d564e2cf99c73b8de82b420b7f909f411723e908a6,financieras,clasico,2012-01-31,unica,Calificadoras Financieras,59,12,47
BOLF 012012.xls,8ea5b22544ec8eaa8a1ab1d564e2cf99c73b8de82b420b7f909f411723e908a6,financieras,clasico,2012-01-31,unica,Auditores Externos,46,13,33
BOLF 012012.xls,8ea5b22544ec8eaa8a1ab1d564e2cf99c73b8de82b420b7f909f411723e908a6,financieras,clasico,2012-01-31,unica,Módulo1,0,0,0
BOLF 022012.xls,06a559f6c8c6c90429331ccd84920a5199957ee42f631c877b135e4ad74f8ed0,financieras,clasico,2012-02-29,unica,SUC - FIN,98,68,30
BOLF 022012.xls,06a559f6c8c6c90429331ccd84920a5199957ee42f631c877b135e4ad74f8ed0,financieras,clasico,2012-02-29,unica,PAG10,335,291,44
BOLF 022012.xls,06a559f6c8c6c90429331ccd84920a5199957ee42f631c877b135e4ad74f8ed0,financieras,clasico,2012-02-29,unica,GRAFICOS,15,12,3
BOLF 022012.xls,06a559f6c8c6c90429331ccd84920a5199957ee42f631c877b135e4ad74f8ed0,financieras,clasico,2012-02-29,unica,PAG12,297,222,75
BOLF 022012.xls,06a559f6c8c6c90429331ccd84920a5199957ee42f631c877b135e4ad74f8ed0,financieras,clasico,2012-02-29,unica,PAG13,178,124,54
BOLF 022012.xls,06a559f6c8c6c90429331ccd84920a5199957ee42f631c877b135e4ad74f8ed0,financieras,clasico,2012-02-29,unica,PAG14,294,213,81
BOLF 022012.xls,06a559f6c8c6c90429331ccd84920a5199957ee42f631c877b135e4ad74f8ed0,financieras,clasico,2012-02-29,unica,PAG14 (2),145,98,47
BOLF 022012.xls,06a559f6c8c6c90429331ccd84920a5199957ee42f631c877b135e4ad74f8ed0,financieras,clasico,2012-02-29,unica,DEPOSITOS,99,35,64
BOLF 022012.xls,06a559f6c8c6c90429331ccd84920a5199957ee42f631c877b135e4ad74f8ed0,financieras,clasico,2012-02-29,unica,Evol Depósitos,266,226,40
BOLF 022012.xls,06a559f6c8c6c90429331ccd84920a5199957ee42f631c877b135e4ad74f8ed0,financieras,clasico,2012-02-29,unica,Nuevo Grafico de Deposito,41,20,21
BOLF 022012.xls,06a559f6c8c6c90429331ccd84920a5199957ee42f631c877b135e4ad74f8ed0,financieras,clasico,2012-02-29,unica,PAG15,298,222,76
BOLF 022012.xls,06a559f6c8c6c90429331ccd84920a5199957ee42f631c877b135e4ad74f8ed0,financieras,clasico,2012-02-29,unica,PAG16,155,110,45
BOLF 022012.xls,06a559f6c8c6c90429331ccd84920a5199957ee42f631c877b135e4ad74f8ed0,financieras,clasico,2012-02-29,unica,PAG17,176,124,52
BOLF 022012.xls,06a559f6c8c6c90429331ccd84920a5199957ee42f631c877b135e4ad74f8ed0,financieras,clasico,2012-02-29,unica,PAG17 2,190,153,37
BOLF 022012.xls,06a559f6c8c6c90429331ccd84920a5199957ee42f631c877b135e4ad74f8ed0,financieras,clasico,2012-02-29,unica,PAG18,214,152,62
BOLF 022012.xls,06a559f6c8c6c90429331ccd84920a5199957ee42f631c877b135e4ad74f8ed0,financieras,clasico,2012-02-29,unica,PAG19,589,424,165
BOLF 022012.xls,06a559f6c8c6c90429331ccd84920a5199957ee42f631c877b135e4ad74f8ed0,financieras,clasico,2012-02-29,unica,Morosidad,206,152,54
BOLF 022012.xls,06a559f6c8c6c90429331ccd84920a5199957ee42f631c877b135e4ad74f8ed0,financieras,clasico,2012-02-29,unica,MOROSIDAD MN,156,110,46
BOLF 022012.xls,06a559f6c8c6c90429331ccd84920a5199957ee42f631c877b135e4ad74f8ed0,financieras,clasico,2012-02-29,unica,Tarjetas de Cred,430,313,117
BOLF 022012.xls,06a559f6c8c6c90429331ccd84920a5199957ee42f631c877b135e4ad74f8ed0,financieras,clasico,2012-02-29,unica,Gráfico Tarjetas,26,24,2
BOLF 022012.xls,06a559f6c8c6c90429331ccd84920a5199957ee42f631c877b135e4ad74f8ed0,financieras,clasico,2012-02-29,unica,MOROSIDAD ME,156,110,46
BOLF 022012.xls,06a559f6c8c6c90429331ccd84920a5199957ee42f631c877b135e4ad74f8ed0,financieras,clasico,2012-02-29,unica,Evol Créditos,273,233,40
BOLF 022012.xls,06a559f6c8c6c90429331ccd84920a5199957ee42f631c877b135e4ad74f8ed0,financieras,clasico,2012-02-29,unica,Evol Créditos Vigentes,272,232,40
BOLF 022012.xls,06a559f6c8c6c90429331ccd84920a5199957ee42f631c877b135e4ad74f8ed0,financieras,clasico,2012-02-29,unica,Evol Créditos Vencidos,273,231,42
BOLF 022012.xls,06a559f6c8c6c90429331ccd84920a5199957ee42f631c877b135e4ad74f8ed0,financieras,clasico,2012-02-29,unica,Morosidad sobre Cartera,272,232,40
BOLF 022012.xls,06a559f6c8c6c90429331ccd84920a5199957ee42f631c877b135e4ad74f8ed0,financieras,clasico,2012-02-29,unica,CART-CLASIS,261,228,33
BOLF 022012.xls,06a559f6c8c6c90429331ccd84920a5199957ee42f631c877b135e4ad74f8ed0,financieras,clasico,2012-02-29,unica,CART-CLAS Part,177,144,33
BOLF 022012.xls,06a559f6c8c6c90429331ccd84920a5199957ee42f631c877b135e4ad74f8ed0,financieras,clasico,2012-02-29,unica,CART-ACTV,315,272,43
BOLF 022012.xls,06a559f6c8c6c90429331ccd84920a5199957ee42f631c877b135e4ad74f8ed0,financieras,clasico,2012-02-29,unica,CART-ACTV Part,315,272,43
BOLF 022012.xls,06a559f6c8c6c90429331ccd84920a5199957ee42f631c877b135e4ad74f8ed0,financieras,clasico,2012-02-29,unica,EVOL ACTIV TRIGO,259,234,25
BOLF 022012.xls,06a559f6c8c6c90429331ccd84920a5199957ee42f631c877b135e4ad74f8ed0,financieras,clasico,2012-02-29,unica,EVOL ACTIV ALGODÓN,259,234,25
BOLF 022012.xls,06a559f6c8c6c90429331ccd84920a5199957ee42f631c877b135e4ad74f8ed0,financieras,clasico,2012-02-29,unica,EVOL ACTIV SOJA,259,234,25
BOLF 022012.xls,06a559f6c8c6c90429331ccd84920a5199957ee42f631c877b135e4ad74f8ed0,financieras,clasico,2012-02-29,unica,EVOL ACTIV CONSTRUCCIONES,259,234,25
BOLF 022012.xls,06a559f6c8c6c90429331ccd84920a5199957ee42f631c877b135e4ad74f8ed0,financieras,clasico,2012-02-29,unica,EVOL ACTIV VIVIENDA,319,268,51
BOLF 022012.xls,06a559f6c8c6c90429331ccd84920a5199957ee42f631c877b135e4ad74f8ed0,financieras,clasico,2012-02-29,unica,Gráficos Evol Activ,15,13,2
BOLF 022012.xls,06a559f6c8c6c90429331ccd84920a5199957ee42f631c877b135e4ad74f8ed0,financieras,clasico,2012-02-29,unica,Web,239,165,74
BOLF 022012.xls,06a559f6c8c6c90429331ccd84920a5199957ee42f631c877b135e4ad74f8ed0,financieras,clasico,2012-02-29,unica,Calificadoras Financieras,59,12,47
BOLF 022012.xls,06a559f6c8c6c90429331ccd84920a5199957ee42f631c877b135e4ad74f8ed0,financieras,clasico,2012-02-29,unica,Auditores Externos,46,13,33
BOLF 022012.xls,06a559f6c8c6c90429331ccd84920a5199957ee42f631c877b135e4ad74f8ed0,financieras,clasico,2012-02-29,unica,Módulo1,0,0,0
BOLF 032012.xls,5cb2d34bca4477e79ea17d9d82fd7cbd9c03115a06c5a756d01599fd7f5b75e6,financieras,clasico,2012-03-31,unica,SUC - FIN,104,73,31
BOLF 032012.xls,5cb2d34bca4477e79ea17d9d82fd7cbd9c03115a06c5a756d01599fd7f5b75e6,financieras,clasico,2012-03-31,unica,PAG10,349,304,45
BOLF 032012.xls,5cb2d34bca4477e79ea17d9d82fd7cbd9c03115a06c5a756d01599fd7f5b75e6,financieras,clasico,2012-03-31,unica,GRAFICOS,16,13,3
BOLF 032012.xls,5cb2d34bca4477e79ea17d9d82fd7cbd9c03115a06c5a756d01599fd7f5b75e6,financieras,clasico,2012-03-31,unica,PAG12,314,238,76
BOLF 032012.xls,5cb2d34bca4477e79ea17d9d82fd7cbd9c03115a06c5a756d01599fd7f5b75e6,financieras,clasico,2012-03-31,unica,PAG13,201,146,55
BOLF 032012.xls,5cb2d34bca4477e79ea17d9d82fd7cbd9c03115a06c5a756d01599fd7f5b75e6,financieras,clasico,2012-03-31,unica,PAG14,309,227,82
BOLF 032012.xls,5cb2d34bca4477e79ea17d9d82fd7cbd9c03115a06c5a756d01599fd7f5b75e6,financieras,clasico,2012-03-31,unica,PAG14 (2),153,105,48
BOLF 032012.xls,5cb2d34bca4477e79ea17d9d82fd7cbd9c03115a06c5a756d01599fd7f5b75e6,financieras,clasico,2012-03-31,unica,DEPOSITOS,99,35,64
BOLF 032012.xls,5cb2d34bca4477e79ea17d9d82fd7cbd9c03115a06c5a756d01599fd7f5b75e6,financieras,clasico,2012-03-31,unica,Evol Depósitos,291,237,54
BOLF 032012.xls,5cb2d34bca4477e79ea17d9d82fd7cbd9c03115a06c5a756d01599fd7f5b75e6,financieras,clasico,2012-03-31,unica,Nuevo Grafico de Deposito,41,22,19
BOLF 032012.xls,5cb2d34bca4477e79ea17d9d82fd7cbd9c03115a06c5a756d01599fd7f5b75e6,financieras,clasico,2012-03-31,unica,PAG15,326,242,84
BOLF 032012.xls,5cb2d34bca4477e79ea17d9d82fd7cbd9c03115a06c5a756d01599fd7f5b75e6,financieras,clasico,2012-03-31,unica,PAG16,177,131,46
BOLF 032012.xls,5cb2d34bca4477e79ea17d9d82fd7cbd9c03115a06c5a756d01599fd7f5b75e6,financieras,clasico,2012-03-31,unica,PAG17,186,133,53
BOLF 032012.xls,5cb2d34bca4477e79ea17d9d82fd7cbd9c03115a06c5a756d01599fd7f5b75e6,financieras,clasico,2012-03-31,unica,PAG17 2,201,163,38
BOLF 032012.xls,5cb2d34bca4477e79ea17d9d82fd7cbd9c03115a06c5a756d01599fd7f5b75e6,financieras,clasico,2012-03-31,unica,PAG18,226,163,63
BOLF 032012.xls,5cb2d34bca4477e79ea17d9d82fd7cbd9c03115a06c5a756d01599fd7f5b75e6,financieras,clasico,2012-03-31,unica,PAG19,621,452,169
BOLF 032012.xls,5cb2d34bca4477e79ea17d9d82fd7cbd9c03115a06c5a756d01599fd7f5b75e6,financieras,clasico,2012-03-31,unica,Morosidad,218,163,55
BOLF 032012.xls,5cb2d34bca4477e79ea17d9d82fd7cbd9c03115a06c5a756d01599fd7f5b75e6,financieras,clasico,2012-03-31,unica,MOROSIDAD MN,165,118,47
BOLF 032012.xls,5cb2d34bca4477e79ea17d9d82fd7cbd9c03115a06c5a756d01599fd7f5b75e6,financieras,clasico,2012-03-31,unica,MOROSIDAD ME,165,118,47
BOLF 032012.xls,5cb2d34bca4477e79ea17d9d82fd7cbd9c03115a06c5a756d01599fd7f5b75e6,financieras,clasico,2012-03-31,unica,Tarjetas de Cred,460,315,145
BOLF 032012.xls,5cb2d34bca4477e79ea17d9d82fd7cbd9c03115a06c5a756d01599fd7f5b75e6,financieras,clasico,2012-03-31,unica,Gráfico Tarjetas,26,24,2
BOLF 032012.xls,5cb2d34bca4477e79ea17d9d82fd7cbd9c03115a06c5a756d01599fd7f5b75e6,financieras,clasico,2012-03-31,unica,Evol Créditos,291,237,54
BOLF 032012.xls,5cb2d34bca4477e79ea17d9d82fd7cbd9c03115a06c5a756d01599fd7f5b75e6,financieras,clasico,2012-03-31,unica,Evol Créditos Vigentes,290,235,55
BOLF 032012.xls,5cb2d34bca4477e79ea17d9d82fd7cbd9c03115a06c5a756d01599fd7f5b75e6,financieras,clasico,2012-03-31,unica,Evol Créditos Vencidos,290,234,56
BOLF 032012.xls,5cb2d34bca4477e79ea17d9d82fd7cbd9c03115a06c5a756d01599fd7f5b75e6,financieras,clasico,2012-03-31,unica,Morosidad sobre Cartera,291,237,54
BOLF 032012.xls,5cb2d34bca4477e79ea17d9d82fd7cbd9c03115a06c5a756d01599fd7f5b75e6,financieras,clasico,2012-03-31,unica,CART-CLASIS,272,238,34
BOLF 032012.xls,5cb2d34bca4477e79ea17d9d82fd7cbd9c03115a06c5a756d01599fd7f5b75e6,financieras,clasico,2012-03-31,unica,CART-CLAS Part,188,154,34
BOLF 032012.xls,5cb2d34bca4477e79ea17d9d82fd7cbd9c03115a06c5a756d01599fd7f5b75e6,financieras,clasico,2012-03-31,unica,CART-ACTV,327,283,44
BOLF 032012.xls,5cb2d34bca4477e79ea17d9d82fd7cbd9c03115a06c5a756d01599fd7f5b75e6,financieras,clasico,2012-03-31,unica,CART-ACTV Part,327,283,44
BOLF 032012.xls,5cb2d34bca4477e79ea17d9d82fd7cbd9c03115a06c5a756d01599fd7f5b75e6,financieras,clasico,2012-03-31,unica,EVOL ACTIV TRIGO,274,235,39
BOLF 032012.xls,5cb2d34bca4477e79ea17d9d82fd7cbd9c03115a06c5a756d01599fd7f5b75e6,financieras,clasico,2012-03-31,unica,EVOL ACTIV ALGODÓN,274,235,39
BOLF 032012.xls,5cb2d34bca4477e79ea17d9d82fd7cbd9c03115a06c5a756d01599fd7f5b75e6,financieras,clasico,2012-03-31,unica,EVOL ACTIV SOJA,274,235,39
BOLF 032012.xls,5cb2d34bca4477e79ea17d9d82fd7cbd9c03115a06c5a756d01599fd7f5b75e6,financieras,clasico,2012-03-31,unica,EVOL ACTIV CONSTRUCCIONES,274,235,39
BOLF 032012.xls,5cb2d34bca4477e79ea17d9d82fd7cbd9c03115a06c5a756d01599fd7f5b75e6,financieras,clasico,2012-03-31,unica,EVOL ACTIV VIVIENDA,334,269,65
BOLF 032012.xls,5cb2d34bca4477e79ea17d9d82fd7cbd9c03115a06c5a756d01599fd7f5b75e6,financieras,clasico,2012-03-31,unica,Gráficos Evol Activ,15,13,2
BOLF 032012.xls,5cb2d34bca4477e79ea17d9d82fd7cbd9c03115a06c5a756d01599fd7f5b75e6,financieras,clasico,2012-03-31,unica,Web,239,165,74
BOLF 032012.xls,5cb2d34bca4477e79ea17d9d82fd7cbd9c03115a06c5a756d01599fd7f5b75e6,financieras,clasico,2012-03-31,unica,Calificadoras Financieras,61,13,48
BOLF 032012.xls,5cb2d34bca4477e79ea17d9d82fd7cbd9c03115a06c5a756d01599fd7f5b75e6,financieras,clasico,2012-03-31,unica,Auditores Externos,48,14,34
BOLF 032012.xls,5cb2d34bca4477e79ea17d9d82fd7cbd9c03115a06c5a756d01599fd7f5b75e6,financieras,clasico,2012-03-31,unica,Módulo1,0,0,0
BOLF 042012.xls,fa43fc986a57dbbeab5fe18000619d3d5c066bca48931cf9e3f0a778bab8f3ef,financieras,clasico,2012-04-30,unica,SUC - FIN,104,73,31
BOLF 042012.xls,fa43fc986a57dbbeab5fe18000619d3d5c066bca48931cf9e3f0a778bab8f3ef,financieras,clasico,2012-04-30,unica,PAG10,360,315,45
BOLF 042012.xls,fa43fc986a57dbbeab5fe18000619d3d5c066bca48931cf9e3f0a778bab8f3ef,financieras,clasico,2012-04-30,unica,GRAFICOS,16,13,3
BOLF 042012.xls,fa43fc986a57dbbeab5fe18000619d3d5c066bca48931cf9e3f0a778bab8f3ef,financieras,clasico,2012-04-30,unica,PAG12,314,238,76
BOLF 042012.xls,fa43fc986a57dbbeab5fe18000619d3d5c066bca48931cf9e3f0a778bab8f3ef,financieras,clasico,2012-04-30,unica,PAG13,188,133,55
BOLF 042012.xls,fa43fc986a57dbbeab5fe18000619d3d5c066bca48931cf9e3f0a778bab8f3ef,financieras,clasico,2012-04-30,unica,PAG14,309,227,82
BOLF 042012.xls,fa43fc986a57dbbeab5fe18000619d3d5c066bca48931cf9e3f0a778bab8f3ef,financieras,clasico,2012-04-30,unica,PAG14 (2),153,105,48
BOLF 042012.xls,fa43fc986a57dbbeab5fe18000619d3d5c066bca48931cf9e3f0a778bab8f3ef,financieras,clasico,2012-04-30,unica,DEPOSITOS,99,35,64
BOLF 042012.xls,fa43fc986a57dbbeab5fe18000619d3d5c066bca48931cf9e3f0a778bab8f3ef,financieras,clasico,2012-04-30,unica,Evol Depósitos,286,233,53
BOLF 042012.xls,fa43fc986a57dbbeab5fe18000619d3d5c066bca48931cf9e3f0a778bab8f3ef,financieras,clasico,2012-04-30,unica,Nuevo Grafico de Deposito,41,22,19
BOLF 042012.xls,fa43fc986a57dbbeab5fe18000619d3d5c066bca48931cf9e3f0a778bab8f3ef,financieras,clasico,2012-04-30,unica,PAG15,319,242,77
BOLF 042012.xls,fa43fc986a57dbbeab5fe18000619d3d5c066bca48931cf9e3f0a778bab8f3ef,financieras,clasico,2012-04-30,unica,PAG16,164,118,46
BOLF 042012.xls,fa43fc986a57dbbeab5fe18000619d3d5c066bca48931cf9e3f0a778bab8f3ef,financieras,clasico,2012-04-30,unica,PAG17,186,133,53
BOLF 042012.xls,fa43fc986a57dbbeab5fe18000619d3d5c066bca48931cf9e3f0a778bab8f3ef,financieras,clasico,2012-04-30,unica,PAG17 2,202,163,39
BOLF 042012.xls,fa43fc986a57dbbeab5fe18000619d3d5c066bca48931cf9e3f0a778bab8f3ef,financieras,clasico,2012-04-30,unica,PAG18,226,163,63
BOLF 042012.xls,fa43fc986a57dbbeab5fe18000619d3d5c066bca48931cf9e3f0a778bab8f3ef,financieras,clasico,2012-04-30,unica,PAG19,598,452,146
BOLF 042012.xls,fa43fc986a57dbbeab5fe18000619d3d5c066bca48931cf9e3f0a778bab8f3ef,financieras,clasico,2012-04-30,unica,Morosidad,218,163,55
BOLF 042012.xls,fa43fc986a57dbbeab5fe18000619d3d5c066bca48931cf9e3f0a778bab8f3ef,financieras,clasico,2012-04-30,unica,MOROSIDAD MN,165,118,47
BOLF 042012.xls,fa43fc986a57dbbeab5fe18000619d3d5c066bca48931cf9e3f0a778bab8f3ef,financieras,clasico,2012-04-30,unica,MOROSIDAD ME,165,118,47
BOLF 042012.xls,fa43fc986a57dbbeab5fe18000619d3d5c066bca48931cf9e3f0a778bab8f3ef,financieras,clasico,2012-04-30,unica,Tarjetas de Cred,460,315,145
BOLF 042012.xls,fa43fc986a57dbbeab5fe18000619d3d5c066bca48931cf9e3f0a778bab8f3ef,financieras,clasico,2012-04-30,unica,Gráfico Tarjetas,29,24,5
BOLF 042012.xls,fa43fc986a57dbbeab5fe18000619d3d5c066bca48931cf9e3f0a778bab8f3ef,financieras,clasico,2012-04-30,unica,Evol Créditos,281,239,42
BOLF 042012.xls,fa43fc986a57dbbeab5fe18000619d3d5c066bca48931cf9e3f0a778bab8f3ef,financieras,clasico,2012-04-30,unica,Evol Créditos Vigentes,279,237,42
BOLF 042012.xls,fa43fc986a57dbbeab5fe18000619d3d5c066bca48931cf9e3f0a778bab8f3ef,financieras,clasico,2012-04-30,unica,Evol Créditos Vencidos,290,236,54
BOLF 042012.xls,fa43fc986a57dbbeab5fe18000619d3d5c066bca48931cf9e3f0a778bab8f3ef,financieras,clasico,2012-04-30,unica,Morosidad sobre Cartera,291,238,53
BOLF 042012.xls,fa43fc986a57dbbeab5fe18000619d3d5c066bca48931cf9e3f0a778bab8f3ef,financieras,clasico,2012-04-30,unica,CART-CLASIS,272,238,34
BOLF 042012.xls,fa43fc986a57dbbeab5fe18000619d3d5c066bca48931cf9e3f0a778bab8f3ef,financieras,clasico,2012-04-30,unica,CART-CLAS Part,188,154,34
BOLF 042012.xls,fa43fc986a57dbbeab5fe18000619d3d5c066bca48931cf9e3f0a778bab8f3ef,financieras,clasico,2012-04-30,unica,CART-ACTV,327,283,44
BOLF 042012.xls,fa43fc986a57dbbeab5fe18000619d3d5c066bca48931cf9e3f0a778bab8f3ef,financieras,clasico,2012-04-30,unica,CART-ACTV Part,327,283,44
BOLF 042012.xls,fa43fc986a57dbbeab5fe18000619d3d5c066bca48931cf9e3f0a778bab8f3ef,financieras,clasico,2012-04-30,unica,EVOL ACTIV TRIGO,274,235,39
BOLF 042012.xls,fa43fc986a57dbbeab5fe18000619d3d5c066bca48931cf9e3f0a778bab8f3ef,financieras,clasico,2012-04-30,unica,EVOL ACTIV ALGODÓN,274,235,39
BOLF 042012.xls,fa43fc986a57dbbeab5fe18000619d3d5c066bca48931cf9e3f0a778bab8f3ef,financieras,clasico,2012-04-30,unica,EVOL ACTIV SOJA,274,235,39
BOLF 042012.xls,fa43fc986a57dbbeab5fe18000619d3d5c066bca48931cf9e3f0a778bab8f3ef,financieras,clasico,2012-04-30,unica,EVOL ACTIV CONSTRUCCIONES,274,235,39
BOLF 042012.xls,fa43fc986a57dbbeab5fe18000619d3d5c066bca48931cf9e3f0a778bab8f3ef,financieras,clasico,2012-04-30,unica,EVOL ACTIV VIVIENDA,334,269,65
BOLF 042012.xls,fa43fc986a57dbbeab5fe18000619d3d5c066bca48931cf9e3f0a778bab8f3ef,financieras,clasico,2012-04-30,unica,Web,239,165,74
BOLF 042012.xls,fa43fc986a57dbbeab5fe18000619d3d5c066bca48931cf9e3f0a778bab8f3ef,financieras,clasico,2012-04-30,unica,Gráficos Evol Activ,15,13,2
BOLF 042012.xls,fa43fc986a57dbbeab5fe18000619d3d5c066bca48931cf9e3f0a778bab8f3ef,financieras,clasico,2012-04-30,unica,Calificadoras Financieras,63,13,50
BOLF 042012.xls,fa43fc986a57dbbeab5fe18000619d3d5c066bca48931cf9e3f0a778bab8f3ef,financieras,clasico,2012-04-30,unica,Auditores Externos,48,14,34
BOLF 042012.xls,fa43fc986a57dbbeab5fe18000619d3d5c066bca48931cf9e3f0a778bab8f3ef,financieras,clasico,2012-04-30,unica,Módulo1,0,0,0
BOLF 052012.xls,e18d6c1740b964185f51832f7ef66bf8e0521a69d624d970ef7b0a49ec3db521,financieras,clasico,2012-05-31,unica,SUC - FIN,98,68,30
BOLF 052012.xls,e18d6c1740b964185f51832f7ef66bf8e0521a69d624d970ef7b0a49ec3db521,financieras,clasico,2012-05-31,unica,PAG10,341,297,44
BOLF 052012.xls,e18d6c1740b964185f51832f7ef66bf8e0521a69d624d970ef7b0a49ec3db521,financieras,clasico,2012-05-31,unica,GRAFICOS,15,12,3
BOLF 052012.xls,e18d6c1740b964185f51832f7ef66bf8e0521a69d624d970ef7b0a49ec3db521,financieras,clasico,2012-05-31,unica,PAG12,297,222,75
BOLF 052012.xls,e18d6c1740b964185f51832f7ef66bf8e0521a69d624d970ef7b0a49ec3db521,financieras,clasico,2012-05-31,unica,PAG13,178,124,54
BOLF 052012.xls,e18d6c1740b964185f51832f7ef66bf8e0521a69d624d970ef7b0a49ec3db521,financieras,clasico,2012-05-31,unica,PAG14,294,213,81
BOLF 052012.xls,e18d6c1740b964185f51832f7ef66bf8e0521a69d624d970ef7b0a49ec3db521,financieras,clasico,2012-05-31,unica,PAG14 (2),145,98,47
BOLF 052012.xls,e18d6c1740b964185f51832f7ef66bf8e0521a69d624d970ef7b0a49ec3db521,financieras,clasico,2012-05-31,unica,DEPOSITOS,99,35,64
BOLF 052012.xls,e18d6c1740b964185f51832f7ef66bf8e0521a69d624d970ef7b0a49ec3db521,financieras,clasico,2012-05-31,unica,Evol Depósitos,287,235,52
BOLF 052012.xls,e18d6c1740b964185f51832f7ef66bf8e0521a69d624d970ef7b0a49ec3db521,financieras,clasico,2012-05-31,unica,Nuevo Grafico de Deposito,41,22,19
BOLF 052012.xls,e18d6c1740b964185f51832f7ef66bf8e0521a69d624d970ef7b0a49ec3db521,financieras,clasico,2012-05-31,unica,PAG15,302,226,76
BOLF 052012.xls,e18d6c1740b964185f51832f7ef66bf8e0521a69d624d970ef7b0a49ec3db521,financieras,clasico,2012-05-31,unica,PAG16,155,110,45
BOLF 052012.xls,e18d6c1740b964185f51832f7ef66bf8e0521a69d624d970ef7b0a49ec3db521,financieras,clasico,2012-05-31,unica,PAG17,176,124,52
BOLF 052012.xls,e18d6c1740b964185f51832f7ef66bf8e0521a69d624d970ef7b0a49ec3db521,financieras,clasico,2012-05-31,unica,PAG17 2,189,152,37
BOLF 052012.xls,e18d6c1740b964185f51832f7ef66bf8e0521a69d624d970ef7b0a49ec3db521,financieras,clasico,2012-05-31,unica,PAG18,214,152,62
BOLF 052012.xls,e18d6c1740b964185f51832f7ef66bf8e0521a69d624d970ef7b0a49ec3db521,financieras,clasico,2012-05-31,unica,PAG19,574,424,150
BOLF 052012.xls,e18d6c1740b964185f51832f7ef66bf8e0521a69d624d970ef7b0a49ec3db521,financieras,clasico,2012-05-31,unica,Morosidad,206,152,54
BOLF 052012.xls,e18d6c1740b964185f51832f7ef66bf8e0521a69d624d970ef7b0a49ec3db521,financieras,clasico,2012-05-31,unica,MOROSIDAD MN,156,110,46
BOLF 052012.xls,e18d6c1740b964185f51832f7ef66bf8e0521a69d624d970ef7b0a49ec3db521,financieras,clasico,2012-05-31,unica,MOROSIDAD ME,156,110,46
BOLF 052012.xls,e18d6c1740b964185f51832f7ef66bf8e0521a69d624d970ef7b0a49ec3db521,financieras,clasico,2012-05-31,unica,Evol Créditos,280,238,42
BOLF 052012.xls,e18d6c1740b964185f51832f7ef66bf8e0521a69d624d970ef7b0a49ec3db521,financieras,clasico,2012-05-31,unica,Evol Créditos Vigentes,287,238,49
BOLF 052012.xls,e18d6c1740b964185f51832f7ef66bf8e0521a69d624d970ef7b0a49ec3db521,financieras,clasico,2012-05-31,unica,Evol Créditos Vencidos,280,238,42
BOLF 052012.xls,e18d6c1740b964185f51832f7ef66bf8e0521a69d624d970ef7b0a49ec3db521,financieras,clasico,2012-05-31,unica,Morosidad sobre Cartera,291,239,52
BOLF 052012.xls,e18d6c1740b964185f51832f7ef66bf8e0521a69d624d970ef7b0a49ec3db521,financieras,clasico,2012-05-31,unica,Tarjetas de Cred,459,313,146
BOLF 052012.xls,e18d6c1740b964185f51832f7ef66bf8e0521a69d624d970ef7b0a49ec3db521,financieras,clasico,2012-05-31,unica,Gráfico Tarjetas,26,24,2
BOLF 052012.xls,e18d6c1740b964185f51832f7ef66bf8e0521a69d624d970ef7b0a49ec3db521,financieras,clasico,2012-05-31,unica,CART-CLASIS,261,228,33
BOLF 052012.xls,e18d6c1740b964185f51832f7ef66bf8e0521a69d624d970ef7b0a49ec3db521,financieras,clasico,2012-05-31,unica,CART-CLAS Part,177,144,33
BOLF 052012.xls,e18d6c1740b964185f51832f7ef66bf8e0521a69d624d970ef7b0a49ec3db521,financieras,clasico,2012-05-31,unica,CART-ACTV,315,272,43
BOLF 052012.xls,e18d6c1740b964185f51832f7ef66bf8e0521a69d624d970ef7b0a49ec3db521,financieras,clasico,2012-05-31,unica,CART-ACTV Part,315,272,43
BOLF 052012.xls,e18d6c1740b964185f51832f7ef66bf8e0521a69d624d970ef7b0a49ec3db521,financieras,clasico,2012-05-31,unica,EVOL ACTIV TRIGO,274,235,39
BOLF 052012.xls,e18d6c1740b964185f51832f7ef66bf8e0521a69d624d970ef7b0a49ec3db521,financieras,clasico,2012-05-31,unica,EVOL ACTIV ALGODÓN,274,236,38
BOLF 052012.xls,e18d6c1740b964185f51832f7ef66bf8e0521a69d624d970ef7b0a49ec3db521,financieras,clasico,2012-05-31,unica,EVOL ACTIV SOJA,274,248,26
BOLF 052012.xls,e18d6c1740b964185f51832f7ef66bf8e0521a69d624d970ef7b0a49ec3db521,financieras,clasico,2012-05-31,unica,EVOL ACTIV CONSTRUCCIONES,274,236,38
BOLF 052012.xls,e18d6c1740b964185f51832f7ef66bf8e0521a69d624d970ef7b0a49ec3db521,financieras,clasico,2012-05-31,unica,EVOL ACTIV VIVIENDA,334,270,64
BOLF 052012.xls,e18d6c1740b964185f51832f7ef66bf8e0521a69d624d970ef7b0a49ec3db521,financieras,clasico,2012-05-31,unica,Gráficos Evol Activ,15,13,2
BOLF 052012.xls,e18d6c1740b964185f51832f7ef66bf8e0521a69d624d970ef7b0a49ec3db521,financieras,clasico,2012-05-31,unica,Web,239,165,74
BOLF 052012.xls,e18d6c1740b964185f51832f7ef66bf8e0521a69d624d970ef7b0a49ec3db521,financieras,clasico,2012-05-31,unica,Calificadoras Financieras,59,12,47
BOLF 052012.xls,e18d6c1740b964185f51832f7ef66bf8e0521a69d624d970ef7b0a49ec3db521,financieras,clasico,2012-05-31,unica,Auditores Externos,45,13,32
BOLF 052012.xls,e18d6c1740b964185f51832f7ef66bf8e0521a69d624d970ef7b0a49ec3db521,financieras,clasico,2012-05-31,unica,Módulo1,0,0,0
BOLF 062012.xls,6f7613b9babb87f2f1ac073bf357cb0a0a68a4405fa8cd9986fd6a58ad1ef512,financieras,clasico,2012-06-30,unica,SUC - FIN,98,68,30
BOLF 062012.xls,6f7613b9babb87f2f1ac073bf357cb0a0a68a4405fa8cd9986fd6a58ad1ef512,financieras,clasico,2012-06-30,unica,PAG10,212,172,40
BOLF 062012.xls,6f7613b9babb87f2f1ac073bf357cb0a0a68a4405fa8cd9986fd6a58ad1ef512,financieras,clasico,2012-06-30,unica,GRAFICOS,15,12,3
BOLF 062012.xls,6f7613b9babb87f2f1ac073bf357cb0a0a68a4405fa8cd9986fd6a58ad1ef512,financieras,clasico,2012-06-30,unica,PAG12,297,222,75
BOLF 062012.xls,6f7613b9babb87f2f1ac073bf357cb0a0a68a4405fa8cd9986fd6a58ad1ef512,financieras,clasico,2012-06-30,unica,PAG13,178,124,54
BOLF 062012.xls,6f7613b9babb87f2f1ac073bf357cb0a0a68a4405fa8cd9986fd6a58ad1ef512,financieras,clasico,2012-06-30,unica,PAG14,294,213,81
BOLF 062012.xls,6f7613b9babb87f2f1ac073bf357cb0a0a68a4405fa8cd9986fd6a58ad1ef512,financieras,clasico,2012-06-30,unica,PAG14 (2),143,96,47
BOLF 062012.xls,6f7613b9babb87f2f1ac073bf357cb0a0a68a4405fa8cd9986fd6a58ad1ef512,financieras,clasico,2012-06-30,unica,DEPOSITOS,99,35,64
BOLF 062012.xls,6f7613b9babb87f2f1ac073bf357cb0a0a68a4405fa8cd9986fd6a58ad1ef512,financieras,clasico,2012-06-30,unica,Evol Depósitos,259,224,35
BOLF 062012.xls,6f7613b9babb87f2f1ac073bf357cb0a0a68a4405fa8cd9986fd6a58ad1ef512,financieras,clasico,2012-06-30,unica,Nuevo Grafico de Deposito,41,22,19
BOLF 062012.xls,6f7613b9babb87f2f1ac073bf357cb0a0a68a4405fa8cd9986fd6a58ad1ef512,financieras,clasico,2012-06-30,unica,PAG15,298,222,76
BOLF 062012.xls,6f7613b9babb87f2f1ac073bf357cb0a0a68a4405fa8cd9986fd6a58ad1ef512,financieras,clasico,2012-06-30,unica,PAG16,155,110,45
BOLF 062012.xls,6f7613b9babb87f2f1ac073bf357cb0a0a68a4405fa8cd9986fd6a58ad1ef512,financieras,clasico,2012-06-30,unica,PAG17,176,124,52
BOLF 062012.xls,6f7613b9babb87f2f1ac073bf357cb0a0a68a4405fa8cd9986fd6a58ad1ef512,financieras,clasico,2012-06-30,unica,PAG17 2,188,152,36
BOLF 062012.xls,6f7613b9babb87f2f1ac073bf357cb0a0a68a4405fa8cd9986fd6a58ad1ef512,financieras,clasico,2012-06-30,unica,PAG18,214,152,62
BOLF 062012.xls,6f7613b9babb87f2f1ac073bf357cb0a0a68a4405fa8cd9986fd6a58ad1ef512,financieras,clasico,2012-06-30,unica,PAG19,530,388,142
BOLF 062012.xls,6f7613b9babb87f2f1ac073bf357cb0a0a68a4405fa8cd9986fd6a58ad1ef512,financieras,clasico,2012-06-30,unica,Morosidad,206,152,54
BOLF 062012.xls,6f7613b9babb87f2f1ac073bf357cb0a0a68a4405fa8cd9986fd6a58ad1ef512,financieras,clasico,2012-06-30,unica,MOROSIDAD MN,156,110,46
BOLF 062012.xls,6f7613b9babb87f2f1ac073bf357cb0a0a68a4405fa8cd9986fd6a58ad1ef512,financieras,clasico,2012-06-30,unica,MOROSIDAD ME,156,110,46
BOLF 062012.xls,6f7613b9babb87f2f1ac073bf357cb0a0a68a4405fa8cd9986fd6a58ad1ef512,financieras,clasico,2012-06-30,unica,Evol Créditos,250,224,26
BOLF 062012.xls,6f7613b9babb87f2f1ac073bf357cb0a0a68a4405fa8cd9986fd6a58ad1ef512,financieras,clasico,2012-06-30,unica,Evol Créditos Vigentes,250,224,26
BOLF 062012.xls,6f7613b9babb87f2f1ac073bf357cb0a0a68a4405fa8cd9986fd6a58ad1ef512,financieras,clasico,2012-06-30,unica,Evol Créditos Vencidos,250,224,26
BOLF 062012.xls,6f7613b9babb87f2f1ac073bf357cb0a0a68a4405fa8cd9986fd6a58ad1ef512,financieras,clasico,2012-06-30,unica,Morosidad sobre Cartera,259,224,35
BOLF 062012.xls,6f7613b9babb87f2f1ac073bf357cb0a0a68a4405fa8cd9986fd6a58ad1ef512,financieras,clasico,2012-06-30,unica,Tarjetas de Cred,458,313,145
BOLF 062012.xls,6f7613b9babb87f2f1ac073bf357cb0a0a68a4405fa8cd9986fd6a58ad1ef512,financieras,clasico,2012-06-30,unica,Gráfico Tarjetas,28,26,2
BOLF 062012.xls,6f7613b9babb87f2f1ac073bf357cb0a0a68a4405fa8cd9986fd6a58ad1ef512,financieras,clasico,2012-06-30,unica,CART-CLASIS,177,144,33
BOLF 062012.xls,6f7613b9babb87f2f1ac073bf357cb0a0a68a4405fa8cd9986fd6a58ad1ef512,financieras,clasico,2012-06-30,unica,CART-CLAS Part,177,144,33
BOLF 062012.xls,6f7613b9babb87f2f1ac073bf357cb0a0a68a4405fa8cd9986fd6a58ad1ef512,financieras,clasico,2012-06-30,unica,CART-ACTV,195,152,43
BOLF 062012.xls,6f7613b9babb87f2f1ac073bf357cb0a0a68a4405fa8cd9986fd6a58ad1ef512,financieras,clasico,2012-06-30,unica,CART-ACTV Part,315,272,43
BOLF 062012.xls,6f7613b9babb87f2f1ac073bf357cb0a0a68a4405fa8cd9986fd6a58ad1ef512,financieras,clasico,2012-06-30,unica,EVOL ACTIV TRIGO,274,248,26
BOLF 062012.xls,6f7613b9babb87f2f1ac073bf357cb0a0a68a4405fa8cd9986fd6a58ad1ef512,financieras,clasico,2012-06-30,unica,EVOL ACTIV ALGODÓN,274,248,26
BOLF 062012.xls,6f7613b9babb87f2f1ac073bf357cb0a0a68a4405fa8cd9986fd6a58ad1ef512,financieras,clasico,2012-06-30,unica,EVOL ACTIV SOJA,274,248,26
BOLF 062012.xls,6f7613b9babb87f2f1ac073bf357cb0a0a68a4405fa8cd9986fd6a58ad1ef512,financieras,clasico,2012-06-30,unica,EVOL ACTIV CONSTRUCCIONES,274,248,26
BOLF 062012.xls,6f7613b9babb87f2f1ac073bf357cb0a0a68a4405fa8cd9986fd6a58ad1ef512,financieras,clasico,2012-06-30,unica,EVOL ACTIV VIVIENDA,274,248,26
BOLF 062012.xls,6f7613b9babb87f2f1ac073bf357cb0a0a68a4405fa8cd9986fd6a58ad1ef512,financieras,clasico,2012-06-30,unica,Gráficos Evol Activ,15,13,2
BOLF 062012.xls,6f7613b9babb87f2f1ac073bf357cb0a0a68a4405fa8cd9986fd6a58ad1ef512,financieras,clasico,2012-06-30,unica,Calificadoras Financieras,63,13,50
BOLF 062012.xls,6f7613b9babb87f2f1ac073bf357cb0a0a68a4405fa8cd9986fd6a58ad1ef512,financieras,clasico,2012-06-30,unica,Auditores Externos,49,14,35
BOLF 062012.xls,6f7613b9babb87f2f1ac073bf357cb0a0a68a4405fa8cd9986fd6a58ad1ef512,financieras,clasico,2012-06-30,unica,Módulo1,0,0,0
BOLF 072012.xls,5ac72925bf76c3589c13a1cd28922e4587d54d5b4ba7cb35455bad307f5f0874,financieras,clasico,2012-07-31,unica,SUC - FIN,98,68,30
BOLF 072012.xls,5ac72925bf76c3589c13a1cd28922e4587d54d5b4ba7cb35455bad307f5f0874,financieras,clasico,2012-07-31,unica,PAG10,212,172,40
BOLF 072012.xls,5ac72925bf76c3589c13a1cd28922e4587d54d5b4ba7cb35455bad307f5f0874,financieras,clasico,2012-07-31,unica,GRAFICOS,15,12,3
BOLF 072012.xls,5ac72925bf76c3589c13a1cd28922e4587d54d5b4ba7cb35455bad307f5f0874,financieras,clasico,2012-07-31,unica,PAG12,297,222,75
BOLF 072012.xls,5ac72925bf76c3589c13a1cd28922e4587d54d5b4ba7cb35455bad307f5f0874,financieras,clasico,2012-07-31,unica,PAG13,178,124,54
BOLF 072012.xls,5ac72925bf76c3589c13a1cd28922e4587d54d5b4ba7cb35455bad307f5f0874,financieras,clasico,2012-07-31,unica,PAG14,294,213,81
BOLF 072012.xls,5ac72925bf76c3589c13a1cd28922e4587d54d5b4ba7cb35455bad307f5f0874,financieras,clasico,2012-07-31,unica,PAG14 (2),142,96,46
BOLF 072012.xls,5ac72925bf76c3589c13a1cd28922e4587d54d5b4ba7cb35455bad307f5f0874,financieras,clasico,2012-07-31,unica,DEPOSITOS,99,35,64
BOLF 072012.xls,5ac72925bf76c3589c13a1cd28922e4587d54d5b4ba7cb35455bad307f5f0874,financieras,clasico,2012-07-31,unica,Evol Depósitos,259,222,37
BOLF 072012.xls,5ac72925bf76c3589c13a1cd28922e4587d54d5b4ba7cb35455bad307f5f0874,financieras,clasico,2012-07-31,unica,Nuevo Grafico de Deposito,41,22,19
BOLF 072012.xls,5ac72925bf76c3589c13a1cd28922e4587d54d5b4ba7cb35455bad307f5f0874,financieras,clasico,2012-07-31,unica,PAG15,298,222,76
BOLF 072012.xls,5ac72925bf76c3589c13a1cd28922e4587d54d5b4ba7cb35455bad307f5f0874,financieras,clasico,2012-07-31,unica,PAG16,155,110,45
BOLF 072012.xls,5ac72925bf76c3589c13a1cd28922e4587d54d5b4ba7cb35455bad307f5f0874,financieras,clasico,2012-07-31,unica,PAG17,176,124,52
BOLF 072012.xls,5ac72925bf76c3589c13a1cd28922e4587d54d5b4ba7cb35455bad307f5f0874,financieras,clasico,2012-07-31,unica,PAG17 2,188,152,36
BOLF 072012.xls,5ac72925bf76c3589c13a1cd28922e4587d54d5b4ba7cb35455bad307f5f0874,financieras,clasico,2012-07-31,unica,PAG18,213,152,61
BOLF 072012.xls,5ac72925bf76c3589c13a1cd28922e4587d54d5b4ba7cb35455bad307f5f0874,financieras,clasico,2012-07-31,unica,PAG19,551,388,163
BOLF 072012.xls,5ac72925bf76c3589c13a1cd28922e4587d54d5b4ba7cb35455bad307f5f0874,financieras,clasico,2012-07-31,unica,Morosidad,205,152,53
BOLF 072012.xls,5ac72925bf76c3589c13a1cd28922e4587d54d5b4ba7cb35455bad307f5f0874,financieras,clasico,2012-07-31,unica,MOROSIDAD MN,156,110,46
BOLF 072012.xls,5ac72925bf76c3589c13a1cd28922e4587d54d5b4ba7cb35455bad307f5f0874,financieras,clasico,2012-07-31,unica,MOROSIDAD ME,156,110,46
BOLF 072012.xls,5ac72925bf76c3589c13a1cd28922e4587d54d5b4ba7cb35455bad307f5f0874,financieras,clasico,2012-07-31,unica,Evol Créditos,259,222,37
BOLF 072012.xls,5ac72925bf76c3589c13a1cd28922e4587d54d5b4ba7cb35455bad307f5f0874,financieras,clasico,2012-07-31,unica,Evol Créditos Vigentes,260,226,34
BOLF 072012.xls,5ac72925bf76c3589c13a1cd28922e4587d54d5b4ba7cb35455bad307f5f0874,financieras,clasico,2012-07-31,unica,Evol Créditos Vencidos,260,226,34
BOLF 072012.xls,5ac72925bf76c3589c13a1cd28922e4587d54d5b4ba7cb35455bad307f5f0874,financieras,clasico,2012-07-31,unica,Morosidad sobre Cartera,259,221,38
BOLF 072012.xls,5ac72925bf76c3589c13a1cd28922e4587d54d5b4ba7cb35455bad307f5f0874,financieras,clasico,2012-07-31,unica,Tarjetas de Cred,454,313,141
BOLF 072012.xls,5ac72925bf76c3589c13a1cd28922e4587d54d5b4ba7cb35455bad307f5f0874,financieras,clasico,2012-07-31,unica,Gráfico Tarjetas,28,26,2
BOLF 072012.xls,5ac72925bf76c3589c13a1cd28922e4587d54d5b4ba7cb35455bad307f5f0874,financieras,clasico,2012-07-31,unica,CART-CLASIS,177,144,33
BOLF 072012.xls,5ac72925bf76c3589c13a1cd28922e4587d54d5b4ba7cb35455bad307f5f0874,financieras,clasico,2012-07-31,unica,CART-CLAS Part,176,144,32
BOLF 072012.xls,5ac72925bf76c3589c13a1cd28922e4587d54d5b4ba7cb35455bad307f5f0874,financieras,clasico,2012-07-31,unica,CART-ACTV,195,152,43
BOLF 072012.xls,5ac72925bf76c3589c13a1cd28922e4587d54d5b4ba7cb35455bad307f5f0874,financieras,clasico,2012-07-31,unica,CART-ACTV Part,194,152,42
BOLF 072012.xls,5ac72925bf76c3589c13a1cd28922e4587d54d5b4ba7cb35455bad307f5f0874,financieras,clasico,2012-07-31,unica,EVOL ACTIV TRIGO,274,240,34
BOLF 072012.xls,5ac72925bf76c3589c13a1cd28922e4587d54d5b4ba7cb35455bad307f5f0874,financieras,clasico,2012-07-31,unica,EVOL ACTIV ALGODÓN,274,240,34
BOLF 072012.xls,5ac72925bf76c3589c13a1cd28922e4587d54d5b4ba7cb35455bad307f5f0874,financieras,clasico,2012-07-31,unica,EVOL ACTIV SOJA,274,240,34
BOLF 072012.xls,5ac72925bf76c3589c13a1cd28922e4587d54d5b4ba7cb35455bad307f5f0874,financieras,clasico,2012-07-31,unica,EVOL ACTIV CONSTRUCCIONES,274,238,36
BOLF 072012.xls,5ac72925bf76c3589c13a1cd28922e4587d54d5b4ba7cb35455bad307f5f0874,financieras,clasico,2012-07-31,unica,EVOL ACTIV VIVIENDA,334,269,65
BOLF 072012.xls,5ac72925bf76c3589c13a1cd28922e4587d54d5b4ba7cb35455bad307f5f0874,financieras,clasico,2012-07-31,unica,Gráficos Evol Activ,15,13,2
BOLF 072012.xls,5ac72925bf76c3589c13a1cd28922e4587d54d5b4ba7cb35455bad307f5f0874,financieras,clasico,2012-07-31,unica,Calificadoras Financieras,63,13,50
BOLF 072012.xls,5ac72925bf76c3589c13a1cd28922e4587d54d5b4ba7cb35455bad307f5f0874,financieras,clasico,2012-07-31,unica,Auditores Externos,48,14,34
BOLF 072012.xls,5ac72925bf76c3589c13a1cd28922e4587d54d5b4ba7cb35455bad307f5f0874,financieras,clasico,2012-07-31,unica,Módulo1,0,0,0
BOLF 082012.xls,bd723478b7dd740b8cf25c5a5454197eae83924c5d50a7ae4262b9a1ed0b6611,financieras,clasico,2012-08-31,unica,SUC - FIN,98,68,30
BOLF 082012.xls,bd723478b7dd740b8cf25c5a5454197eae83924c5d50a7ae4262b9a1ed0b6611,financieras,clasico,2012-08-31,unica,PAG10,212,172,40
BOLF 082012.xls,bd723478b7dd740b8cf25c5a5454197eae83924c5d50a7ae4262b9a1ed0b6611,financieras,clasico,2012-08-31,unica,GRAFICOS,15,12,3
BOLF 082012.xls,bd723478b7dd740b8cf25c5a5454197eae83924c5d50a7ae4262b9a1ed0b6611,financieras,clasico,2012-08-31,unica,PAG12,297,222,75
BOLF 082012.xls,bd723478b7dd740b8cf25c5a5454197eae83924c5d50a7ae4262b9a1ed0b6611,financieras,clasico,2012-08-31,unica,PAG13,178,124,54
BOLF 082012.xls,bd723478b7dd740b8cf25c5a5454197eae83924c5d50a7ae4262b9a1ed0b6611,financieras,clasico,2012-08-31,unica,PAG14,294,213,81
BOLF 082012.xls,bd723478b7dd740b8cf25c5a5454197eae83924c5d50a7ae4262b9a1ed0b6611,financieras,clasico,2012-08-31,unica,PAG14 (2),142,96,46
BOLF 082012.xls,bd723478b7dd740b8cf25c5a5454197eae83924c5d50a7ae4262b9a1ed0b6611,financieras,clasico,2012-08-31,unica,DEPOSITOS,99,35,64
BOLF 082012.xls,bd723478b7dd740b8cf25c5a5454197eae83924c5d50a7ae4262b9a1ed0b6611,financieras,clasico,2012-08-31,unica,Evol Depósitos,259,226,33
BOLF 082012.xls,bd723478b7dd740b8cf25c5a5454197eae83924c5d50a7ae4262b9a1ed0b6611,financieras,clasico,2012-08-31,unica,Nuevo Grafico de Deposito,41,22,19
BOLF 082012.xls,bd723478b7dd740b8cf25c5a5454197eae83924c5d50a7ae4262b9a1ed0b6611,financieras,clasico,2012-08-31,unica,PAG15,298,222,76
BOLF 082012.xls,bd723478b7dd740b8cf25c5a5454197eae83924c5d50a7ae4262b9a1ed0b6611,financieras,clasico,2012-08-31,unica,PAG16,155,110,45
BOLF 082012.xls,bd723478b7dd740b8cf25c5a5454197eae83924c5d50a7ae4262b9a1ed0b6611,financieras,clasico,2012-08-31,unica,PAG17,176,124,52
BOLF 082012.xls,bd723478b7dd740b8cf25c5a5454197eae83924c5d50a7ae4262b9a1ed0b6611,financieras,clasico,2012-08-31,unica,PAG17 2,188,152,36
BOLF 082012.xls,bd723478b7dd740b8cf25c5a5454197eae83924c5d50a7ae4262b9a1ed0b6611,financieras,clasico,2012-08-31,unica,PAG18,214,152,62
BOLF 082012.xls,bd723478b7dd740b8cf25c5a5454197eae83924c5d50a7ae4262b9a1ed0b6611,financieras,clasico,2012-08-31,unica,PAG19,551,388,163
BOLF 082012.xls,bd723478b7dd740b8cf25c5a5454197eae83924c5d50a7ae4262b9a1ed0b6611,financieras,clasico,2012-08-31,unica,Morosidad,206,152,54
BOLF 082012.xls,bd723478b7dd740b8cf25c5a5454197eae83924c5d50a7ae4262b9a1ed0b6611,financieras,clasico,2012-08-31,unica,MOROSIDAD MN,156,110,46
BOLF 082012.xls,bd723478b7dd740b8cf25c5a5454197eae83924c5d50a7ae4262b9a1ed0b6611,financieras,clasico,2012-08-31,unica,MOROSIDAD ME,156,110,46
BOLF 082012.xls,bd723478b7dd740b8cf25c5a5454197eae83924c5d50a7ae4262b9a1ed0b6611,financieras,clasico,2012-08-31,unica,Evol Créditos,259,233,26
BOLF 082012.xls,bd723478b7dd740b8cf25c5a5454197eae83924c5d50a7ae4262b9a1ed0b6611,financieras,clasico,2012-08-31,unica,Evol Créditos Vigentes,259,233,26
BOLF 082012.xls,bd723478b7dd740b8cf25c5a5454197eae83924c5d50a7ae4262b9a1ed0b6611,financieras,clasico,2012-08-31,unica,Evol Créditos Vencidos,259,233,26
BOLF 082012.xls,bd723478b7dd740b8cf25c5a5454197eae83924c5d50a7ae4262b9a1ed0b6611,financieras,clasico,2012-08-31,unica,Morosidad sobre Cartera,258,226,32
BOLF 082012.xls,bd723478b7dd740b8cf25c5a5454197eae83924c5d50a7ae4262b9a1ed0b6611,financieras,clasico,2012-08-31,unica,Tarjetas de Cred,460,393,67
BOLF 082012.xls,bd723478b7dd740b8cf25c5a5454197eae83924c5d50a7ae4262b9a1ed0b6611,financieras,clasico,2012-08-31,unica,Gráfico Tarjetas,28,26,2
BOLF 082012.xls,bd723478b7dd740b8cf25c5a5454197eae83924c5d50a7ae4262b9a1ed0b6611,financieras,clasico,2012-08-31,unica,CART-CLASIS,176,144,32
BOLF 082012.xls,bd723478b7dd740b8cf25c5a5454197eae83924c5d50a7ae4262b9a1ed0b6611,financieras,clasico,2012-08-31,unica,CART-CLAS Part,176,144,32
BOLF 082012.xls,bd723478b7dd740b8cf25c5a5454197eae83924c5d50a7ae4262b9a1ed0b6611,financieras,clasico,2012-08-31,unica,CART-ACTV,195,152,43
BOLF 082012.xls,bd723478b7dd740b8cf25c5a5454197eae83924c5d50a7ae4262b9a1ed0b6611,financieras,clasico,2012-08-31,unica,CART-ACTV Part,193,152,41
BOLF 082012.xls,bd723478b7dd740b8cf25c5a5454197eae83924c5d50a7ae4262b9a1ed0b6611,financieras,clasico,2012-08-31,unica,EVOL ACTIV TRIGO,274,247,27
BOLF 082012.xls,bd723478b7dd740b8cf25c5a5454197eae83924c5d50a7ae4262b9a1ed0b6611,financieras,clasico,2012-08-31,unica,EVOL ACTIV ALGODÓN,274,247,27
BOLF 082012.xls,bd723478b7dd740b8cf25c5a5454197eae83924c5d50a7ae4262b9a1ed0b6611,financieras,clasico,2012-08-31,unica,EVOL ACTIV SOJA,274,247,27
BOLF 082012.xls,bd723478b7dd740b8cf25c5a5454197eae83924c5d50a7ae4262b9a1ed0b6611,financieras,clasico,2012-08-31,unica,EVOL ACTIV CONSTRUCCIONES,274,247,27
BOLF 082012.xls,bd723478b7dd740b8cf25c5a5454197eae83924c5d50a7ae4262b9a1ed0b6611,financieras,clasico,2012-08-31,unica,EVOL ACTIV VIVIENDA,274,247,27
BOLF 082012.xls,bd723478b7dd740b8cf25c5a5454197eae83924c5d50a7ae4262b9a1ed0b6611,financieras,clasico,2012-08-31,unica,Gráficos Evol Activ,15,13,2
BOLF 082012.xls,bd723478b7dd740b8cf25c5a5454197eae83924c5d50a7ae4262b9a1ed0b6611,financieras,clasico,2012-08-31,unica,Calificadoras Financieras,63,13,50
BOLF 082012.xls,bd723478b7dd740b8cf25c5a5454197eae83924c5d50a7ae4262b9a1ed0b6611,financieras,clasico,2012-08-31,unica,Auditores Externos,48,13,35
BOLF 082012.xls,bd723478b7dd740b8cf25c5a5454197eae83924c5d50a7ae4262b9a1ed0b6611,financieras,clasico,2012-08-31,unica,Módulo1,0,0,0
BOLF 092012.xls,97f44faf70a2c78c1eb3aa817e69d07c9092b3360bfdf163cdfb802a383aa169,financieras,clasico,2012-09-30,unica,INDICE,41,0,41
BOLF 092012.xls,97f44faf70a2c78c1eb3aa817e69d07c9092b3360bfdf163cdfb802a383aa169,financieras,clasico,2012-09-30,unica,SUC - FIN,98,68,30
BOLF 092012.xls,97f44faf70a2c78c1eb3aa817e69d07c9092b3360bfdf163cdfb802a383aa169,financieras,clasico,2012-09-30,unica,PAG10,212,172,40
BOLF 092012.xls,97f44faf70a2c78c1eb3aa817e69d07c9092b3360bfdf163cdfb802a383aa169,financieras,clasico,2012-09-30,unica,GRAFICOS,15,12,3
BOLF 092012.xls,97f44faf70a2c78c1eb3aa817e69d07c9092b3360bfdf163cdfb802a383aa169,financieras,clasico,2012-09-30,unica,PAG12,297,222,75
BOLF 092012.xls,97f44faf70a2c78c1eb3aa817e69d07c9092b3360bfdf163cdfb802a383aa169,financieras,clasico,2012-09-30,unica,PAG13,178,124,54
BOLF 092012.xls,97f44faf70a2c78c1eb3aa817e69d07c9092b3360bfdf163cdfb802a383aa169,financieras,clasico,2012-09-30,unica,PAG14,294,213,81
BOLF 092012.xls,97f44faf70a2c78c1eb3aa817e69d07c9092b3360bfdf163cdfb802a383aa169,financieras,clasico,2012-09-30,unica,PAG14 (2),145,98,47
BOLF 092012.xls,97f44faf70a2c78c1eb3aa817e69d07c9092b3360bfdf163cdfb802a383aa169,financieras,clasico,2012-09-30,unica,DEPOSITOS,99,35,64
BOLF 092012.xls,97f44faf70a2c78c1eb3aa817e69d07c9092b3360bfdf163cdfb802a383aa169,financieras,clasico,2012-09-30,unica,Evol Depósitos,259,227,32
BOLF 092012.xls,97f44faf70a2c78c1eb3aa817e69d07c9092b3360bfdf163cdfb802a383aa169,financieras,clasico,2012-09-30,unica,Nuevo Grafico de Deposito,41,22,19
BOLF 092012.xls,97f44faf70a2c78c1eb3aa817e69d07c9092b3360bfdf163cdfb802a383aa169,financieras,clasico,2012-09-30,unica,PAG15,298,222,76
BOLF 092012.xls,97f44faf70a2c78c1eb3aa817e69d07c9092b3360bfdf163cdfb802a383aa169,financieras,clasico,2012-09-30,unica,PAG16,155,110,45
BOLF 092012.xls,97f44faf70a2c78c1eb3aa817e69d07c9092b3360bfdf163cdfb802a383aa169,financieras,clasico,2012-09-30,unica,PAG17,176,124,52
BOLF 092012.xls,97f44faf70a2c78c1eb3aa817e69d07c9092b3360bfdf163cdfb802a383aa169,financieras,clasico,2012-09-30,unica,PAG17 2,188,152,36
BOLF 092012.xls,97f44faf70a2c78c1eb3aa817e69d07c9092b3360bfdf163cdfb802a383aa169,financieras,clasico,2012-09-30,unica,PAG18,214,152,62
BOLF 092012.xls,97f44faf70a2c78c1eb3aa817e69d07c9092b3360bfdf163cdfb802a383aa169,financieras,clasico,2012-09-30,unica,PAG19,551,388,163
BOLF 092012.xls,97f44faf70a2c78c1eb3aa817e69d07c9092b3360bfdf163cdfb802a383aa169,financieras,clasico,2012-09-30,unica,Morosidad,206,152,54
BOLF 092012.xls,97f44faf70a2c78c1eb3aa817e69d07c9092b3360bfdf163cdfb802a383aa169,financieras,clasico,2012-09-30,unica,MOROSIDAD MN,156,110,46
BOLF 092012.xls,97f44faf70a2c78c1eb3aa817e69d07c9092b3360bfdf163cdfb802a383aa169,financieras,clasico,2012-09-30,unica,MOROSIDAD ME,156,110,46
BOLF 092012.xls,97f44faf70a2c78c1eb3aa817e69d07c9092b3360bfdf163cdfb802a383aa169,financieras,clasico,2012-09-30,unica,Evol Créditos,259,233,26
BOLF 092012.xls,97f44faf70a2c78c1eb3aa817e69d07c9092b3360bfdf163cdfb802a383aa169,financieras,clasico,2012-09-30,unica,Evol Créditos Vigentes,259,233,26
BOLF 092012.xls,97f44faf70a2c78c1eb3aa817e69d07c9092b3360bfdf163cdfb802a383aa169,financieras,clasico,2012-09-30,unica,Evol Créditos Vencidos,259,233,26
BOLF 092012.xls,97f44faf70a2c78c1eb3aa817e69d07c9092b3360bfdf163cdfb802a383aa169,financieras,clasico,2012-09-30,unica,Morosidad sobre Cartera,258,227,31
BOLF 092012.xls,97f44faf70a2c78c1eb3aa817e69d07c9092b3360bfdf163cdfb802a383aa169,financieras,clasico,2012-09-30,unica,Tarjetas de Cred,460,393,67
BOLF 092012.xls,97f44faf70a2c78c1eb3aa817e69d07c9092b3360bfdf163cdfb802a383aa169,financieras,clasico,2012-09-30,unica,Gráfico Tarjetas,28,26,2
BOLF 092012.xls,97f44faf70a2c78c1eb3aa817e69d07c9092b3360bfdf163cdfb802a383aa169,financieras,clasico,2012-09-30,unica,CART-CLASIS,176,144,32
BOLF 092012.xls,97f44faf70a2c78c1eb3aa817e69d07c9092b3360bfdf163cdfb802a383aa169,financieras,clasico,2012-09-30,unica,CART-CLAS Part,176,144,32
BOLF 092012.xls,97f44faf70a2c78c1eb3aa817e69d07c9092b3360bfdf163cdfb802a383aa169,financieras,clasico,2012-09-30,unica,CART-ACTV,195,152,43
BOLF 092012.xls,97f44faf70a2c78c1eb3aa817e69d07c9092b3360bfdf163cdfb802a383aa169,financieras,clasico,2012-09-30,unica,CART-ACTV Part,193,152,41
BOLF 092012.xls,97f44faf70a2c78c1eb3aa817e69d07c9092b3360bfdf163cdfb802a383aa169,financieras,clasico,2012-09-30,unica,EVOL ACTIV TRIGO,274,247,27
BOLF 092012.xls,97f44faf70a2c78c1eb3aa817e69d07c9092b3360bfdf163cdfb802a383aa169,financieras,clasico,2012-09-30,unica,EVOL ACTIV ALGODÓN,274,247,27
BOLF 092012.xls,97f44faf70a2c78c1eb3aa817e69d07c9092b3360bfdf163cdfb802a383aa169,financieras,clasico,2012-09-30,unica,EVOL ACTIV SOJA,274,247,27
BOLF 092012.xls,97f44faf70a2c78c1eb3aa817e69d07c9092b3360bfdf163cdfb802a383aa169,financieras,clasico,2012-09-30,unica,EVOL ACTIV CONSTRUCCIONES,274,247,27
BOLF 092012.xls,97f44faf70a2c78c1eb3aa817e69d07c9092b3360bfdf163cdfb802a383aa169,financieras,clasico,2012-09-30,unica,EVOL ACTIV VIVIENDA,273,246,27
BOLF 092012.xls,97f44faf70a2c78c1eb3aa817e69d07c9092b3360bfdf163cdfb802a383aa169,financieras,clasico,2012-09-30,unica,Gráficos Evol Activ,15,13,2
BOLF 092012.xls,97f44faf70a2c78c1eb3aa817e69d07c9092b3360bfdf163cdfb802a383aa169,financieras,clasico,2012-09-30,unica,Calificadoras Financieras,63,13,50
BOLF 092012.xls,97f44faf70a2c78c1eb3aa817e69d07c9092b3360bfdf163cdfb802a383aa169,financieras,clasico,2012-09-30,unica,Auditores Externos,48,13,35
BOLF 092012.xls,97f44faf70a2c78c1eb3aa817e69d07c9092b3360bfdf163cdfb802a383aa169,financieras,clasico,2012-09-30,unica,Módulo1,0,0,0
BOLF 102012.xls,9481603fb1d1fd372fa9c54b7cea12242572003992d68a66368fb77655990e61,financieras,clasico,2012-10-31,unica,INDICE,41,0,41
BOLF 102012.xls,9481603fb1d1fd372fa9c54b7cea12242572003992d68a66368fb77655990e61,financieras,clasico,2012-10-31,unica,SUC - FIN,98,68,30
BOLF 102012.xls,9481603fb1d1fd372fa9c54b7cea12242572003992d68a66368fb77655990e61,financieras,clasico,2012-10-31,unica,PAG10,336,292,44
BOLF 102012.xls,9481603fb1d1fd372fa9c54b7cea12242572003992d68a66368fb77655990e61,financieras,clasico,2012-10-31,unica,GRAFICOS,15,12,3
BOLF 102012.xls,9481603fb1d1fd372fa9c54b7cea12242572003992d68a66368fb77655990e61,financieras,clasico,2012-10-31,unica,PAG12,297,222,75
BOLF 102012.xls,9481603fb1d1fd372fa9c54b7cea12242572003992d68a66368fb77655990e61,financieras,clasico,2012-10-31,unica,PAG13,178,124,54
BOLF 102012.xls,9481603fb1d1fd372fa9c54b7cea12242572003992d68a66368fb77655990e61,financieras,clasico,2012-10-31,unica,PAG14,294,213,81
BOLF 102012.xls,9481603fb1d1fd372fa9c54b7cea12242572003992d68a66368fb77655990e61,financieras,clasico,2012-10-31,unica,PAG14 (2),142,96,46
BOLF 102012.xls,9481603fb1d1fd372fa9c54b7cea12242572003992d68a66368fb77655990e61,financieras,clasico,2012-10-31,unica,DEPOSITOS,99,35,64
BOLF 102012.xls,9481603fb1d1fd372fa9c54b7cea12242572003992d68a66368fb77655990e61,financieras,clasico,2012-10-31,unica,Evol Depósitos,259,228,31
BOLF 102012.xls,9481603fb1d1fd372fa9c54b7cea12242572003992d68a66368fb77655990e61,financieras,clasico,2012-10-31,unica,Nuevo Grafico de Deposito,41,22,19
BOLF 102012.xls,9481603fb1d1fd372fa9c54b7cea12242572003992d68a66368fb77655990e61,financieras,clasico,2012-10-31,unica,PAG15,298,222,76
BOLF 102012.xls,9481603fb1d1fd372fa9c54b7cea12242572003992d68a66368fb77655990e61,financieras,clasico,2012-10-31,unica,PAG16,155,110,45
BOLF 102012.xls,9481603fb1d1fd372fa9c54b7cea12242572003992d68a66368fb77655990e61,financieras,clasico,2012-10-31,unica,PAG17,176,124,52
BOLF 102012.xls,9481603fb1d1fd372fa9c54b7cea12242572003992d68a66368fb77655990e61,financieras,clasico,2012-10-31,unica,PAG17 2,188,152,36
BOLF 102012.xls,9481603fb1d1fd372fa9c54b7cea12242572003992d68a66368fb77655990e61,financieras,clasico,2012-10-31,unica,PAG18,214,152,62
BOLF 102012.xls,9481603fb1d1fd372fa9c54b7cea12242572003992d68a66368fb77655990e61,financieras,clasico,2012-10-31,unica,PAG19,551,388,163
BOLF 102012.xls,9481603fb1d1fd372fa9c54b7cea12242572003992d68a66368fb77655990e61,financieras,clasico,2012-10-31,unica,Morosidad,206,152,54
BOLF 102012.xls,9481603fb1d1fd372fa9c54b7cea12242572003992d68a66368fb77655990e61,financieras,clasico,2012-10-31,unica,MOROSIDAD MN,156,110,46
BOLF 102012.xls,9481603fb1d1fd372fa9c54b7cea12242572003992d68a66368fb77655990e61,financieras,clasico,2012-10-31,unica,MOROSIDAD ME,156,110,46
BOLF 102012.xls,9481603fb1d1fd372fa9c54b7cea12242572003992d68a66368fb77655990e61,financieras,clasico,2012-10-31,unica,Evol Créditos,259,233,26
BOLF 102012.xls,9481603fb1d1fd372fa9c54b7cea12242572003992d68a66368fb77655990e61,financieras,clasico,2012-10-31,unica,Evol Créditos Vigentes,259,233,26
BOLF 102012.xls,9481603fb1d1fd372fa9c54b7cea12242572003992d68a66368fb77655990e61,financieras,clasico,2012-10-31,unica,Evol Créditos Vencidos,259,233,26
BOLF 102012.xls,9481603fb1d1fd372fa9c54b7cea12242572003992d68a66368fb77655990e61,financieras,clasico,2012-10-31,unica,Morosidad sobre Cartera,258,228,30
BOLF 102012.xls,9481603fb1d1fd372fa9c54b7cea12242572003992d68a66368fb77655990e61,financieras,clasico,2012-10-31,unica,Tarjetas de Cred,460,393,67
BOLF 102012.xls,9481603fb1d1fd372fa9c54b7cea12242572003992d68a66368fb77655990e61,financieras,clasico,2012-10-31,unica,Gráfico Tarjetas,28,26,2
BOLF 102012.xls,9481603fb1d1fd372fa9c54b7cea12242572003992d68a66368fb77655990e61,financieras,clasico,2012-10-31,unica,CART-CLASIS,176,144,32
BOLF 102012.xls,9481603fb1d1fd372fa9c54b7cea12242572003992d68a66368fb77655990e61,financieras,clasico,2012-10-31,unica,CART-CLAS Part,176,144,32
BOLF 102012.xls,9481603fb1d1fd372fa9c54b7cea12242572003992d68a66368fb77655990e61,financieras,clasico,2012-10-31,unica,CART-ACTV,195,152,43
BOLF 102012.xls,9481603fb1d1fd372fa9c54b7cea12242572003992d68a66368fb77655990e61,financieras,clasico,2012-10-31,unica,CART-ACTV Part,193,152,41
BOLF 102012.xls,9481603fb1d1fd372fa9c54b7cea12242572003992d68a66368fb77655990e61,financieras,clasico,2012-10-31,unica,EVOL ACTIV TRIGO,274,247,27
BOLF 102012.xls,9481603fb1d1fd372fa9c54b7cea12242572003992d68a66368fb77655990e61,financieras,clasico,2012-10-31,unica,EVOL ACTIV ALGODÓN,274,247,27
BOLF 102012.xls,9481603fb1d1fd372fa9c54b7cea12242572003992d68a66368fb77655990e61,financieras,clasico,2012-10-31,unica,EVOL ACTIV SOJA,274,247,27
BOLF 102012.xls,9481603fb1d1fd372fa9c54b7cea12242572003992d68a66368fb77655990e61,financieras,clasico,2012-10-31,unica,EVOL ACTIV CONSTRUCCIONES,274,247,27
BOLF 102012.xls,9481603fb1d1fd372fa9c54b7cea12242572003992d68a66368fb77655990e61,financieras,clasico,2012-10-31,unica,EVOL ACTIV VIVIENDA,273,246,27
BOLF 102012.xls,9481603fb1d1fd372fa9c54b7cea12242572003992d68a66368fb77655990e61,financieras,clasico,2012-10-31,unica,Gráficos Evol Activ,15,13,2
BOLF 102012.xls,9481603fb1d1fd372fa9c54b7cea12242572003992d68a66368fb77655990e61,financieras,clasico,2012-10-31,unica,Calificadoras Financieras,72,12,60
BOLF 102012.xls,9481603fb1d1fd372fa9c54b7cea12242572003992d68a66368fb77655990e61,financieras,clasico,2012-10-31,unica,Auditores Externos,48,13,35
BOLF 102012.xls,9481603fb1d1fd372fa9c54b7cea12242572003992d68a66368fb77655990e61,financieras,clasico,2012-10-31,unica,Módulo1,0,0,0
BOLF 112012.xls,d7403ebe30b4758df58c701043916a3d264e631d5cb994ceb3c988c194e70ee6,financieras,clasico,2012-11-30,unica,INDICE,42,0,42
BOLF 112012.xls,d7403ebe30b4758df58c701043916a3d264e631d5cb994ceb3c988c194e70ee6,financieras,clasico,2012-11-30,unica,SUC - FIN,98,68,30
BOLF 112012.xls,d7403ebe30b4758df58c701043916a3d264e631d5cb994ceb3c988c194e70ee6,financieras,clasico,2012-11-30,unica,PAG10,331,287,44
BOLF 112012.xls,d7403ebe30b4758df58c701043916a3d264e631d5cb994ceb3c988c194e70ee6,financieras,clasico,2012-11-30,unica,GRAFICOS,15,12,3
BOLF 112012.xls,d7403ebe30b4758df58c701043916a3d264e631d5cb994ceb3c988c194e70ee6,financieras,clasico,2012-11-30,unica,PAG12,297,222,75
BOLF 112012.xls,d7403ebe30b4758df58c701043916a3d264e631d5cb994ceb3c988c194e70ee6,financieras,clasico,2012-11-30,unica,PAG13,178,124,54
BOLF 112012.xls,d7403ebe30b4758df58c701043916a3d264e631d5cb994ceb3c988c194e70ee6,financieras,clasico,2012-11-30,unica,PAG14,294,213,81
BOLF 112012.xls,d7403ebe30b4758df58c701043916a3d264e631d5cb994ceb3c988c194e70ee6,financieras,clasico,2012-11-30,unica,PAG14 (2),142,96,46
BOLF 112012.xls,d7403ebe30b4758df58c701043916a3d264e631d5cb994ceb3c988c194e70ee6,financieras,clasico,2012-11-30,unica,DEPOSITOS,99,35,64
BOLF 112012.xls,d7403ebe30b4758df58c701043916a3d264e631d5cb994ceb3c988c194e70ee6,financieras,clasico,2012-11-30,unica,Evol Depósitos,260,230,30
BOLF 112012.xls,d7403ebe30b4758df58c701043916a3d264e631d5cb994ceb3c988c194e70ee6,financieras,clasico,2012-11-30,unica,Nuevo Grafico de Deposito,41,22,19
BOLF 112012.xls,d7403ebe30b4758df58c701043916a3d264e631d5cb994ceb3c988c194e70ee6,financieras,clasico,2012-11-30,unica,PAG15,298,222,76
BOLF 112012.xls,d7403ebe30b4758df58c701043916a3d264e631d5cb994ceb3c988c194e70ee6,financieras,clasico,2012-11-30,unica,PAG16,155,110,45
BOLF 112012.xls,d7403ebe30b4758df58c701043916a3d264e631d5cb994ceb3c988c194e70ee6,financieras,clasico,2012-11-30,unica,PAG17,176,124,52
BOLF 112012.xls,d7403ebe30b4758df58c701043916a3d264e631d5cb994ceb3c988c194e70ee6,financieras,clasico,2012-11-30,unica,PAG17 2,188,152,36
BOLF 112012.xls,d7403ebe30b4758df58c701043916a3d264e631d5cb994ceb3c988c194e70ee6,financieras,clasico,2012-11-30,unica,PAG18,214,152,62
BOLF 112012.xls,d7403ebe30b4758df58c701043916a3d264e631d5cb994ceb3c988c194e70ee6,financieras,clasico,2012-11-30,unica,PAG19,551,388,163
BOLF 112012.xls,d7403ebe30b4758df58c701043916a3d264e631d5cb994ceb3c988c194e70ee6,financieras,clasico,2012-11-30,unica,Morosidad,206,152,54
BOLF 112012.xls,d7403ebe30b4758df58c701043916a3d264e631d5cb994ceb3c988c194e70ee6,financieras,clasico,2012-11-30,unica,MOROSIDAD MN,156,110,46
BOLF 112012.xls,d7403ebe30b4758df58c701043916a3d264e631d5cb994ceb3c988c194e70ee6,financieras,clasico,2012-11-30,unica,MOROSIDAD ME,156,110,46
BOLF 112012.xls,d7403ebe30b4758df58c701043916a3d264e631d5cb994ceb3c988c194e70ee6,financieras,clasico,2012-11-30,unica,Evol Créditos,259,233,26
BOLF 112012.xls,d7403ebe30b4758df58c701043916a3d264e631d5cb994ceb3c988c194e70ee6,financieras,clasico,2012-11-30,unica,Evol Créditos Vigentes,259,233,26
BOLF 112012.xls,d7403ebe30b4758df58c701043916a3d264e631d5cb994ceb3c988c194e70ee6,financieras,clasico,2012-11-30,unica,Evol Créditos Vencidos,259,233,26
BOLF 112012.xls,d7403ebe30b4758df58c701043916a3d264e631d5cb994ceb3c988c194e70ee6,financieras,clasico,2012-11-30,unica,Morosidad sobre Cartera,258,229,29
BOLF 112012.xls,d7403ebe30b4758df58c701043916a3d264e631d5cb994ceb3c988c194e70ee6,financieras,clasico,2012-11-30,unica,Evol Tarj de Credito,276,248,28
BOLF 112012.xls,d7403ebe30b4758df58c701043916a3d264e631d5cb994ceb3c988c194e70ee6,financieras,clasico,2012-11-30,unica,Evol Tarj de Crédito,276,248,28
BOLF 112012.xls,d7403ebe30b4758df58c701043916a3d264e631d5cb994ceb3c988c194e70ee6,financieras,clasico,2012-11-30,unica,Tarjetas de Cred,393,319,74
BOLF 112012.xls,d7403ebe30b4758df58c701043916a3d264e631d5cb994ceb3c988c194e70ee6,financieras,clasico,2012-11-30,unica,Gráfico Tarjetas,28,26,2
BOLF 112012.xls,d7403ebe30b4758df58c701043916a3d264e631d5cb994ceb3c988c194e70ee6,financieras,clasico,2012-11-30,unica,CART-CLASIS,176,144,32
BOLF 112012.xls,d7403ebe30b4758df58c701043916a3d264e631d5cb994ceb3c988c194e70ee6,financieras,clasico,2012-11-30,unica,CART-CLAS Part,176,144,32
BOLF 112012.xls,d7403ebe30b4758df58c701043916a3d264e631d5cb994ceb3c988c194e70ee6,financieras,clasico,2012-11-30,unica,CART-ACTV,195,152,43
BOLF 112012.xls,d7403ebe30b4758df58c701043916a3d264e631d5cb994ceb3c988c194e70ee6,financieras,clasico,2012-11-30,unica,CART-ACTV Part,193,152,41
BOLF 112012.xls,d7403ebe30b4758df58c701043916a3d264e631d5cb994ceb3c988c194e70ee6,financieras,clasico,2012-11-30,unica,EVOL ACTIV TRIGO,259,233,26
BOLF 112012.xls,d7403ebe30b4758df58c701043916a3d264e631d5cb994ceb3c988c194e70ee6,financieras,clasico,2012-11-30,unica,EVOL ACTIV ALGODÓN,259,233,26
BOLF 112012.xls,d7403ebe30b4758df58c701043916a3d264e631d5cb994ceb3c988c194e70ee6,financieras,clasico,2012-11-30,unica,EVOL ACTIV SOJA,259,233,26
BOLF 112012.xls,d7403ebe30b4758df58c701043916a3d264e631d5cb994ceb3c988c194e70ee6,financieras,clasico,2012-11-30,unica,EVOL ACTIV CONSTRUCCIONES,274,247,27
BOLF 112012.xls,d7403ebe30b4758df58c701043916a3d264e631d5cb994ceb3c988c194e70ee6,financieras,clasico,2012-11-30,unica,EVOL ACTIV VIVIENDA,273,246,27
BOLF 112012.xls,d7403ebe30b4758df58c701043916a3d264e631d5cb994ceb3c988c194e70ee6,financieras,clasico,2012-11-30,unica,Gráficos Evol Activ,15,13,2
BOLF 112012.xls,d7403ebe30b4758df58c701043916a3d264e631d5cb994ceb3c988c194e70ee6,financieras,clasico,2012-11-30,unica,Calificadoras Financieras,72,12,60
BOLF 112012.xls,d7403ebe30b4758df58c701043916a3d264e631d5cb994ceb3c988c194e70ee6,financieras,clasico,2012-11-30,unica,Auditores Externos,48,13,35
BOLF 112012.xls,d7403ebe30b4758df58c701043916a3d264e631d5cb994ceb3c988c194e70ee6,financieras,clasico,2012-11-30,unica,Módulo1,0,0,0
BOLF 122012.xls,677fa0d7bbb36dbdc69d1edd2569ba703b2e61c064aa281468bf75c1117b1c30,financieras,clasico,2012-12-31,unica,INDICE,42,0,42
BOLF 122012.xls,677fa0d7bbb36dbdc69d1edd2569ba703b2e61c064aa281468bf75c1117b1c30,financieras,clasico,2012-12-31,unica,SUC - FIN,98,68,30
BOLF 122012.xls,677fa0d7bbb36dbdc69d1edd2569ba703b2e61c064aa281468bf75c1117b1c30,financieras,clasico,2012-12-31,unica,PAG10,331,287,44
BOLF 122012.xls,677fa0d7bbb36dbdc69d1edd2569ba703b2e61c064aa281468bf75c1117b1c30,financieras,clasico,2012-12-31,unica,GRAFICOS,15,12,3
BOLF 122012.xls,677fa0d7bbb36dbdc69d1edd2569ba703b2e61c064aa281468bf75c1117b1c30,financieras,clasico,2012-12-31,unica,PAG12,297,222,75
BOLF 122012.xls,677fa0d7bbb36dbdc69d1edd2569ba703b2e61c064aa281468bf75c1117b1c30,financieras,clasico,2012-12-31,unica,PAG13,178,124,54
BOLF 122012.xls,677fa0d7bbb36dbdc69d1edd2569ba703b2e61c064aa281468bf75c1117b1c30,financieras,clasico,2012-12-31,unica,PAG14,294,213,81
BOLF 122012.xls,677fa0d7bbb36dbdc69d1edd2569ba703b2e61c064aa281468bf75c1117b1c30,financieras,clasico,2012-12-31,unica,PAG14 (2),142,96,46
BOLF 122012.xls,677fa0d7bbb36dbdc69d1edd2569ba703b2e61c064aa281468bf75c1117b1c30,financieras,clasico,2012-12-31,unica,DEPOSITOS,99,35,64
BOLF 122012.xls,677fa0d7bbb36dbdc69d1edd2569ba703b2e61c064aa281468bf75c1117b1c30,financieras,clasico,2012-12-31,unica,Evol Depósitos,260,231,29
BOLF 122012.xls,677fa0d7bbb36dbdc69d1edd2569ba703b2e61c064aa281468bf75c1117b1c30,financieras,clasico,2012-12-31,unica,Nuevo Grafico de Deposito,41,22,19
BOLF 122012.xls,677fa0d7bbb36dbdc69d1edd2569ba703b2e61c064aa281468bf75c1117b1c30,financieras,clasico,2012-12-31,unica,PAG15,298,222,76
BOLF 122012.xls,677fa0d7bbb36dbdc69d1edd2569ba703b2e61c064aa281468bf75c1117b1c30,financieras,clasico,2012-12-31,unica,PAG16,155,110,45
BOLF 122012.xls,677fa0d7bbb36dbdc69d1edd2569ba703b2e61c064aa281468bf75c1117b1c30,financieras,clasico,2012-12-31,unica,PAG17,176,124,52
BOLF 122012.xls,677fa0d7bbb36dbdc69d1edd2569ba703b2e61c064aa281468bf75c1117b1c30,financieras,clasico,2012-12-31,unica,PAG17 2,188,152,36
BOLF 122012.xls,677fa0d7bbb36dbdc69d1edd2569ba703b2e61c064aa281468bf75c1117b1c30,financieras,clasico,2012-12-31,unica,PAG18,214,152,62
BOLF 122012.xls,677fa0d7bbb36dbdc69d1edd2569ba703b2e61c064aa281468bf75c1117b1c30,financieras,clasico,2012-12-31,unica,PAG19,551,388,163
BOLF 122012.xls,677fa0d7bbb36dbdc69d1edd2569ba703b2e61c064aa281468bf75c1117b1c30,financieras,clasico,2012-12-31,unica,Morosidad,206,152,54
BOLF 122012.xls,677fa0d7bbb36dbdc69d1edd2569ba703b2e61c064aa281468bf75c1117b1c30,financieras,clasico,2012-12-31,unica,MOROSIDAD MN,156,110,46
BOLF 122012.xls,677fa0d7bbb36dbdc69d1edd2569ba703b2e61c064aa281468bf75c1117b1c30,financieras,clasico,2012-12-31,unica,MOROSIDAD ME,156,110,46
BOLF 122012.xls,677fa0d7bbb36dbdc69d1edd2569ba703b2e61c064aa281468bf75c1117b1c30,financieras,clasico,2012-12-31,unica,Evol Créditos,259,233,26
BOLF 122012.xls,677fa0d7bbb36dbdc69d1edd2569ba703b2e61c064aa281468bf75c1117b1c30,financieras,clasico,2012-12-31,unica,Evol Créditos Vigentes,259,233,26
BOLF 122012.xls,677fa0d7bbb36dbdc69d1edd2569ba703b2e61c064aa281468bf75c1117b1c30,financieras,clasico,2012-12-31,unica,Evol Créditos Vencidos,259,233,26
BOLF 122012.xls,677fa0d7bbb36dbdc69d1edd2569ba703b2e61c064aa281468bf75c1117b1c30,financieras,clasico,2012-12-31,unica,Morosidad sobre Cartera,258,230,28
BOLF 122012.xls,677fa0d7bbb36dbdc69d1edd2569ba703b2e61c064aa281468bf75c1117b1c30,financieras,clasico,2012-12-31,unica,Evol Tarj de Credito,276,248,28
BOLF 122012.xls,677fa0d7bbb36dbdc69d1edd2569ba703b2e61c064aa281468bf75c1117b1c30,financieras,clasico,2012-12-31,unica,Evol Tarj de Crédito,276,248,28
BOLF 122012.xls,677fa0d7bbb36dbdc69d1edd2569ba703b2e61c064aa281468bf75c1117b1c30,financieras,clasico,2012-12-31,unica,Gráfico Tarjetas,28,26,2
BOLF 122012.xls,677fa0d7bbb36dbdc69d1edd2569ba703b2e61c064aa281468bf75c1117b1c30,financieras,clasico,2012-12-31,unica,CART-CLASIS,176,144,32
BOLF 122012.xls,677fa0d7bbb36dbdc69d1edd2569ba703b2e61c064aa281468bf75c1117b1c30,financieras,clasico,2012-12-31,unica,CART-CLAS Part,176,144,32
BOLF 122012.xls,677fa0d7bbb36dbdc69d1edd2569ba703b2e61c064aa281468bf75c1117b1c30,financieras,clasico,2012-12-31,unica,CART-ACTV,195,152,43
BOLF 122012.xls,677fa0d7bbb36dbdc69d1edd2569ba703b2e61c064aa281468bf75c1117b1c30,financieras,clasico,2012-12-31,unica,CART-ACTV Part,193,152,41
BOLF 122012.xls,677fa0d7bbb36dbdc69d1edd2569ba703b2e61c064aa281468bf75c1117b1c30,financieras,clasico,2012-12-31,unica,EVOL ACTIV TRIGO,259,233,26
BOLF 122012.xls,677fa0d7bbb36dbdc69d1edd2569ba703b2e61c064aa281468bf75c1117b1c30,financieras,clasico,2012-12-31,unica,EVOL ACTIV ALGODÓN,259,233,26
BOLF 122012.xls,677fa0d7bbb36dbdc69d1edd2569ba703b2e61c064aa281468bf75c1117b1c30,financieras,clasico,2012-12-31,unica,EVOL ACTIV SOJA,259,233,26
BOLF 122012.xls,677fa0d7bbb36dbdc69d1edd2569ba703b2e61c064aa281468bf75c1117b1c30,financieras,clasico,2012-12-31,unica,EVOL ACTIV CONSTRUCCIONES,274,247,27
BOLF 122012.xls,677fa0d7bbb36dbdc69d1edd2569ba703b2e61c064aa281468bf75c1117b1c30,financieras,clasico,2012-12-31,unica,EVOL ACTIV VIVIENDA,273,246,27
BOLF 122012.xls,677fa0d7bbb36dbdc69d1edd2569ba703b2e61c064aa281468bf75c1117b1c30,financieras,clasico,2012-12-31,unica,Gráficos Evol Activ,15,13,2
BOLF 122012.xls,677fa0d7bbb36dbdc69d1edd2569ba703b2e61c064aa281468bf75c1117b1c30,financieras,clasico,2012-12-31,unica,Calificadoras Financieras,72,12,60
BOLF 122012.xls,677fa0d7bbb36dbdc69d1edd2569ba703b2e61c064aa281468bf75c1117b1c30,financieras,clasico,2012-12-31,unica,Auditores Externos,48,13,35
BOLF 122012.xls,677fa0d7bbb36dbdc69d1edd2569ba703b2e61c064aa281468bf75c1117b1c30,financieras,clasico,2012-12-31,unica,Módulo1,0,0,0
BOLF 012013.xls,5a0176ea402f2d0214cc163ba1efd1fa64ec7de5c45cae865333afe541be18d2,financieras,clasico,2013-01-31,unica,INDICE,42,0,42
BOLF 012013.xls,5a0176ea402f2d0214cc163ba1efd1fa64ec7de5c45cae865333afe541be18d2,financieras,clasico,2013-01-31,unica,SUC - FIN,98,68,30
BOLF 012013.xls,5a0176ea402f2d0214cc163ba1efd1fa64ec7de5c45cae865333afe541be18d2,financieras,clasico,2013-01-31,unica,PAG10,336,292,44
BOLF 012013.xls,5a0176ea402f2d0214cc163ba1efd1fa64ec7de5c45cae865333afe541be18d2,financieras,clasico,2013-01-31,unica,GRAFICOS,15,12,3
BOLF 012013.xls,5a0176ea402f2d0214cc163ba1efd1fa64ec7de5c45cae865333afe541be18d2,financieras,clasico,2013-01-31,unica,PAG12,297,222,75
BOLF 012013.xls,5a0176ea402f2d0214cc163ba1efd1fa64ec7de5c45cae865333afe541be18d2,financieras,clasico,2013-01-31,unica,PAG13,178,124,54
BOLF 012013.xls,5a0176ea402f2d0214cc163ba1efd1fa64ec7de5c45cae865333afe541be18d2,financieras,clasico,2013-01-31,unica,PAG14,294,213,81
BOLF 012013.xls,5a0176ea402f2d0214cc163ba1efd1fa64ec7de5c45cae865333afe541be18d2,financieras,clasico,2013-01-31,unica,PAG14 (2),142,96,46
BOLF 012013.xls,5a0176ea402f2d0214cc163ba1efd1fa64ec7de5c45cae865333afe541be18d2,financieras,clasico,2013-01-31,unica,DEPOSITOS,99,35,64
BOLF 012013.xls,5a0176ea402f2d0214cc163ba1efd1fa64ec7de5c45cae865333afe541be18d2,financieras,clasico,2013-01-31,unica,Evol Depósitos,260,232,28
BOLF 012013.xls,5a0176ea402f2d0214cc163ba1efd1fa64ec7de5c45cae865333afe541be18d2,financieras,clasico,2013-01-31,unica,Nuevo Grafico de Deposito,41,22,19
BOLF 012013.xls,5a0176ea402f2d0214cc163ba1efd1fa64ec7de5c45cae865333afe541be18d2,financieras,clasico,2013-01-31,unica,PAG15,302,226,76
BOLF 012013.xls,5a0176ea402f2d0214cc163ba1efd1fa64ec7de5c45cae865333afe541be18d2,financieras,clasico,2013-01-31,unica,PAG16,155,110,45
BOLF 012013.xls,5a0176ea402f2d0214cc163ba1efd1fa64ec7de5c45cae865333afe541be18d2,financieras,clasico,2013-01-31,unica,PAG17,176,124,52
BOLF 012013.xls,5a0176ea402f2d0214cc163ba1efd1fa64ec7de5c45cae865333afe541be18d2,financieras,clasico,2013-01-31,unica,PAG17 2,188,152,36
BOLF 012013.xls,5a0176ea402f2d0214cc163ba1efd1fa64ec7de5c45cae865333afe541be18d2,financieras,clasico,2013-01-31,unica,PAG18,214,152,62
BOLF 012013.xls,5a0176ea402f2d0214cc163ba1efd1fa64ec7de5c45cae865333afe541be18d2,financieras,clasico,2013-01-31,unica,PAG19,551,388,163
BOLF 012013.xls,5a0176ea402f2d0214cc163ba1efd1fa64ec7de5c45cae865333afe541be18d2,financieras,clasico,2013-01-31,unica,Morosidad,206,152,54
BOLF 012013.xls,5a0176ea402f2d0214cc163ba1efd1fa64ec7de5c45cae865333afe541be18d2,financieras,clasico,2013-01-31,unica,MOROSIDAD MN,156,110,46
BOLF 012013.xls,5a0176ea402f2d0214cc163ba1efd1fa64ec7de5c45cae865333afe541be18d2,financieras,clasico,2013-01-31,unica,MOROSIDAD ME,156,110,46
BOLF 012013.xls,5a0176ea402f2d0214cc163ba1efd1fa64ec7de5c45cae865333afe541be18d2,financieras,clasico,2013-01-31,unica,Evol Créditos,259,233,26
BOLF 012013.xls,5a0176ea402f2d0214cc163ba1efd1fa64ec7de5c45cae865333afe541be18d2,financieras,clasico,2013-01-31,unica,Evol Créditos Vigentes,259,233,26
BOLF 012013.xls,5a0176ea402f2d0214cc163ba1efd1fa64ec7de5c45cae865333afe541be18d2,financieras,clasico,2013-01-31,unica,Evol Créditos Vencidos,259,233,26
BOLF 012013.xls,5a0176ea402f2d0214cc163ba1efd1fa64ec7de5c45cae865333afe541be18d2,financieras,clasico,2013-01-31,unica,Morosidad sobre Cartera,258,231,27
BOLF 012013.xls,5a0176ea402f2d0214cc163ba1efd1fa64ec7de5c45cae865333afe541be18d2,financieras,clasico,2013-01-31,unica,Evol Tarj de Credito,277,248,29
BOLF 012013.xls,5a0176ea402f2d0214cc163ba1efd1fa64ec7de5c45cae865333afe541be18d2,financieras,clasico,2013-01-31,unica,Evol Tarj de Crédito,277,248,29
BOLF 012013.xls,5a0176ea402f2d0214cc163ba1efd1fa64ec7de5c45cae865333afe541be18d2,financieras,clasico,2013-01-31,unica,Gráfico Tarjetas,28,26,2
BOLF 012013.xls,5a0176ea402f2d0214cc163ba1efd1fa64ec7de5c45cae865333afe541be18d2,financieras,clasico,2013-01-31,unica,CART-CLASIS,176,144,32
BOLF 012013.xls,5a0176ea402f2d0214cc163ba1efd1fa64ec7de5c45cae865333afe541be18d2,financieras,clasico,2013-01-31,unica,CART-CLAS Part,176,144,32
BOLF 012013.xls,5a0176ea402f2d0214cc163ba1efd1fa64ec7de5c45cae865333afe541be18d2,financieras,clasico,2013-01-31,unica,CART-ACTV,195,152,43
BOLF 012013.xls,5a0176ea402f2d0214cc163ba1efd1fa64ec7de5c45cae865333afe541be18d2,financieras,clasico,2013-01-31,unica,CART-ACTV Part,193,152,41
BOLF 012013.xls,5a0176ea402f2d0214cc163ba1efd1fa64ec7de5c45cae865333afe541be18d2,financieras,clasico,2013-01-31,unica,EVOL ACTIV TRIGO,259,233,26
BOLF 012013.xls,5a0176ea402f2d0214cc163ba1efd1fa64ec7de5c45cae865333afe541be18d2,financieras,clasico,2013-01-31,unica,EVOL ACTIV ALGODÓN,259,233,26
BOLF 012013.xls,5a0176ea402f2d0214cc163ba1efd1fa64ec7de5c45cae865333afe541be18d2,financieras,clasico,2013-01-31,unica,EVOL ACTIV SOJA,259,233,26
BOLF 012013.xls,5a0176ea402f2d0214cc163ba1efd1fa64ec7de5c45cae865333afe541be18d2,financieras,clasico,2013-01-31,unica,EVOL ACTIV CONSTRUCCIONES,274,247,27
BOLF 012013.xls,5a0176ea402f2d0214cc163ba1efd1fa64ec7de5c45cae865333afe541be18d2,financieras,clasico,2013-01-31,unica,EVOL ACTIV VIVIENDA,273,246,27
BOLF 012013.xls,5a0176ea402f2d0214cc163ba1efd1fa64ec7de5c45cae865333afe541be18d2,financieras,clasico,2013-01-31,unica,Gráficos Evol Activ,15,13,2
BOLF 012013.xls,5a0176ea402f2d0214cc163ba1efd1fa64ec7de5c45cae865333afe541be18d2,financieras,clasico,2013-01-31,unica,Calificadoras Financieras,72,12,60
BOLF 012013.xls,5a0176ea402f2d0214cc163ba1efd1fa64ec7de5c45cae865333afe541be18d2,financieras,clasico,2013-01-31,unica,Auditores Externos,48,13,35
BOLF 012013.xls,5a0176ea402f2d0214cc163ba1efd1fa64ec7de5c45cae865333afe541be18d2,financieras,clasico,2013-01-31,unica,Módulo1,0,0,0
BOLF 022013.xls,fe5ff8cf763d94390477ec7dec5cec2e863ea9083dd2b5777d45f73fcf0b9e92,financieras,clasico,2013-02-28,unica,INDICE,42,0,42
BOLF 022013.xls,fe5ff8cf763d94390477ec7dec5cec2e863ea9083dd2b5777d45f73fcf0b9e92,financieras,clasico,2013-02-28,unica,SUC - FIN,98,68,30
BOLF 022013.xls,fe5ff8cf763d94390477ec7dec5cec2e863ea9083dd2b5777d45f73fcf0b9e92,financieras,clasico,2013-02-28,unica,PAG10,336,292,44
BOLF 022013.xls,fe5ff8cf763d94390477ec7dec5cec2e863ea9083dd2b5777d45f73fcf0b9e92,financieras,clasico,2013-02-28,unica,GRAFICOS,15,12,3
BOLF 022013.xls,fe5ff8cf763d94390477ec7dec5cec2e863ea9083dd2b5777d45f73fcf0b9e92,financieras,clasico,2013-02-28,unica,PAG12,297,222,75
BOLF 022013.xls,fe5ff8cf763d94390477ec7dec5cec2e863ea9083dd2b5777d45f73fcf0b9e92,financieras,clasico,2013-02-28,unica,PAG13,178,124,54
BOLF 022013.xls,fe5ff8cf763d94390477ec7dec5cec2e863ea9083dd2b5777d45f73fcf0b9e92,financieras,clasico,2013-02-28,unica,PAG14,294,213,81
BOLF 022013.xls,fe5ff8cf763d94390477ec7dec5cec2e863ea9083dd2b5777d45f73fcf0b9e92,financieras,clasico,2013-02-28,unica,PAG14 (2),142,96,46
BOLF 022013.xls,fe5ff8cf763d94390477ec7dec5cec2e863ea9083dd2b5777d45f73fcf0b9e92,financieras,clasico,2013-02-28,unica,DEPOSITOS,99,35,64
BOLF 022013.xls,fe5ff8cf763d94390477ec7dec5cec2e863ea9083dd2b5777d45f73fcf0b9e92,financieras,clasico,2013-02-28,unica,Evol Depósitos,259,232,27
BOLF 022013.xls,fe5ff8cf763d94390477ec7dec5cec2e863ea9083dd2b5777d45f73fcf0b9e92,financieras,clasico,2013-02-28,unica,Nuevo Grafico de Deposito,41,22,19
BOLF 022013.xls,fe5ff8cf763d94390477ec7dec5cec2e863ea9083dd2b5777d45f73fcf0b9e92,financieras,clasico,2013-02-28,unica,PAG15,298,222,76
BOLF 022013.xls,fe5ff8cf763d94390477ec7dec5cec2e863ea9083dd2b5777d45f73fcf0b9e92,financieras,clasico,2013-02-28,unica,PAG16,155,110,45
BOLF 022013.xls,fe5ff8cf763d94390477ec7dec5cec2e863ea9083dd2b5777d45f73fcf0b9e92,financieras,clasico,2013-02-28,unica,PAG17,176,124,52
BOLF 022013.xls,fe5ff8cf763d94390477ec7dec5cec2e863ea9083dd2b5777d45f73fcf0b9e92,financieras,clasico,2013-02-28,unica,PAG17 2,188,152,36
BOLF 022013.xls,fe5ff8cf763d94390477ec7dec5cec2e863ea9083dd2b5777d45f73fcf0b9e92,financieras,clasico,2013-02-28,unica,PAG18,214,152,62
BOLF 022013.xls,fe5ff8cf763d94390477ec7dec5cec2e863ea9083dd2b5777d45f73fcf0b9e92,financieras,clasico,2013-02-28,unica,PAG19,551,388,163
BOLF 022013.xls,fe5ff8cf763d94390477ec7dec5cec2e863ea9083dd2b5777d45f73fcf0b9e92,financieras,clasico,2013-02-28,unica,Morosidad,206,152,54
BOLF 022013.xls,fe5ff8cf763d94390477ec7dec5cec2e863ea9083dd2b5777d45f73fcf0b9e92,financieras,clasico,2013-02-28,unica,MOROSIDAD MN,156,110,46
BOLF 022013.xls,fe5ff8cf763d94390477ec7dec5cec2e863ea9083dd2b5777d45f73fcf0b9e92,financieras,clasico,2013-02-28,unica,MOROSIDAD ME,156,110,46
BOLF 022013.xls,fe5ff8cf763d94390477ec7dec5cec2e863ea9083dd2b5777d45f73fcf0b9e92,financieras,clasico,2013-02-28,unica,Evol Créditos,259,233,26
BOLF 022013.xls,fe5ff8cf763d94390477ec7dec5cec2e863ea9083dd2b5777d45f73fcf0b9e92,financieras,clasico,2013-02-28,unica,Evol Créditos Vigentes,259,233,26
BOLF 022013.xls,fe5ff8cf763d94390477ec7dec5cec2e863ea9083dd2b5777d45f73fcf0b9e92,financieras,clasico,2013-02-28,unica,Evol Créditos Vencidos,259,233,26
BOLF 022013.xls,fe5ff8cf763d94390477ec7dec5cec2e863ea9083dd2b5777d45f73fcf0b9e92,financieras,clasico,2013-02-28,unica,Morosidad sobre Cartera,258,232,26
BOLF 022013.xls,fe5ff8cf763d94390477ec7dec5cec2e863ea9083dd2b5777d45f73fcf0b9e92,financieras,clasico,2013-02-28,unica,Evol Tarj de Credito,276,248,28
BOLF 022013.xls,fe5ff8cf763d94390477ec7dec5cec2e863ea9083dd2b5777d45f73fcf0b9e92,financieras,clasico,2013-02-28,unica,Evol Tarj de Crédito,276,248,28
BOLF 022013.xls,fe5ff8cf763d94390477ec7dec5cec2e863ea9083dd2b5777d45f73fcf0b9e92,financieras,clasico,2013-02-28,unica,Gráfico Tarjetas,28,26,2
BOLF 022013.xls,fe5ff8cf763d94390477ec7dec5cec2e863ea9083dd2b5777d45f73fcf0b9e92,financieras,clasico,2013-02-28,unica,CART-CLASIS,176,144,32
BOLF 022013.xls,fe5ff8cf763d94390477ec7dec5cec2e863ea9083dd2b5777d45f73fcf0b9e92,financieras,clasico,2013-02-28,unica,CART-CLAS Part,176,144,32
BOLF 022013.xls,fe5ff8cf763d94390477ec7dec5cec2e863ea9083dd2b5777d45f73fcf0b9e92,financieras,clasico,2013-02-28,unica,CART-ACTV,195,152,43
BOLF 022013.xls,fe5ff8cf763d94390477ec7dec5cec2e863ea9083dd2b5777d45f73fcf0b9e92,financieras,clasico,2013-02-28,unica,CART-ACTV Part,193,152,41
BOLF 022013.xls,fe5ff8cf763d94390477ec7dec5cec2e863ea9083dd2b5777d45f73fcf0b9e92,financieras,clasico,2013-02-28,unica,EVOL ACTIV TRIGO,259,233,26
BOLF 022013.xls,fe5ff8cf763d94390477ec7dec5cec2e863ea9083dd2b5777d45f73fcf0b9e92,financieras,clasico,2013-02-28,unica,EVOL ACTIV ALGODÓN,259,233,26
BOLF 022013.xls,fe5ff8cf763d94390477ec7dec5cec2e863ea9083dd2b5777d45f73fcf0b9e92,financieras,clasico,2013-02-28,unica,EVOL ACTIV SOJA,259,233,26
BOLF 022013.xls,fe5ff8cf763d94390477ec7dec5cec2e863ea9083dd2b5777d45f73fcf0b9e92,financieras,clasico,2013-02-28,unica,EVOL ACTIV CONSTRUCCIONES,274,247,27
BOLF 022013.xls,fe5ff8cf763d94390477ec7dec5cec2e863ea9083dd2b5777d45f73fcf0b9e92,financieras,clasico,2013-02-28,unica,EVOL ACTIV VIVIENDA,273,246,27
BOLF 022013.xls,fe5ff8cf763d94390477ec7dec5cec2e863ea9083dd2b5777d45f73fcf0b9e92,financieras,clasico,2013-02-28,unica,Gráficos Evol Activ,15,13,2
BOLF 022013.xls,fe5ff8cf763d94390477ec7dec5cec2e863ea9083dd2b5777d45f73fcf0b9e92,financieras,clasico,2013-02-28,unica,Calificadoras Financieras,72,12,60
BOLF 022013.xls,fe5ff8cf763d94390477ec7dec5cec2e863ea9083dd2b5777d45f73fcf0b9e92,financieras,clasico,2013-02-28,unica,Auditores Externos,46,12,34
BOLF 022013.xls,fe5ff8cf763d94390477ec7dec5cec2e863ea9083dd2b5777d45f73fcf0b9e92,financieras,clasico,2013-02-28,unica,Módulo1,0,0,0
BOLF 032013.xls,3bcde03e93ee130cd5920d1a5b31c97d49a0a4b42582f96bf928e3f29a0b5281,financieras,clasico,2013-03-31,unica,INDICE,42,0,42
BOLF 032013.xls,3bcde03e93ee130cd5920d1a5b31c97d49a0a4b42582f96bf928e3f29a0b5281,financieras,clasico,2013-03-31,unica,SUC - FIN,98,68,30
BOLF 032013.xls,3bcde03e93ee130cd5920d1a5b31c97d49a0a4b42582f96bf928e3f29a0b5281,financieras,clasico,2013-03-31,unica,PAG10,336,292,44
BOLF 032013.xls,3bcde03e93ee130cd5920d1a5b31c97d49a0a4b42582f96bf928e3f29a0b5281,financieras,clasico,2013-03-31,unica,GRAFICOS,15,12,3
BOLF 032013.xls,3bcde03e93ee130cd5920d1a5b31c97d49a0a4b42582f96bf928e3f29a0b5281,financieras,clasico,2013-03-31,unica,PAG12,297,222,75
BOLF 032013.xls,3bcde03e93ee130cd5920d1a5b31c97d49a0a4b42582f96bf928e3f29a0b5281,financieras,clasico,2013-03-31,unica,PAG13,178,124,54
BOLF 032013.xls,3bcde03e93ee130cd5920d1a5b31c97d49a0a4b42582f96bf928e3f29a0b5281,financieras,clasico,2013-03-31,unica,PAG14,294,213,81
BOLF 032013.xls,3bcde03e93ee130cd5920d1a5b31c97d49a0a4b42582f96bf928e3f29a0b5281,financieras,clasico,2013-03-31,unica,PAG14 (2),142,96,46
BOLF 032013.xls,3bcde03e93ee130cd5920d1a5b31c97d49a0a4b42582f96bf928e3f29a0b5281,financieras,clasico,2013-03-31,unica,DEPOSITOS,99,35,64
BOLF 032013.xls,3bcde03e93ee130cd5920d1a5b31c97d49a0a4b42582f96bf928e3f29a0b5281,financieras,clasico,2013-03-31,unica,Evol Depósitos,289,248,41
BOLF 032013.xls,3bcde03e93ee130cd5920d1a5b31c97d49a0a4b42582f96bf928e3f29a0b5281,financieras,clasico,2013-03-31,unica,Nuevo Grafico de Deposito,41,22,19
BOLF 032013.xls,3bcde03e93ee130cd5920d1a5b31c97d49a0a4b42582f96bf928e3f29a0b5281,financieras,clasico,2013-03-31,unica,PAG15,298,222,76
BOLF 032013.xls,3bcde03e93ee130cd5920d1a5b31c97d49a0a4b42582f96bf928e3f29a0b5281,financieras,clasico,2013-03-31,unica,PAG16,168,122,46
BOLF 032013.xls,3bcde03e93ee130cd5920d1a5b31c97d49a0a4b42582f96bf928e3f29a0b5281,financieras,clasico,2013-03-31,unica,PAG17,176,124,52
BOLF 032013.xls,3bcde03e93ee130cd5920d1a5b31c97d49a0a4b42582f96bf928e3f29a0b5281,financieras,clasico,2013-03-31,unica,PAG17 2,188,152,36
BOLF 032013.xls,3bcde03e93ee130cd5920d1a5b31c97d49a0a4b42582f96bf928e3f29a0b5281,financieras,clasico,2013-03-31,unica,PAG18,214,152,62
BOLF 032013.xls,3bcde03e93ee130cd5920d1a5b31c97d49a0a4b42582f96bf928e3f29a0b5281,financieras,clasico,2013-03-31,unica,PAG19,588,424,164
BOLF 032013.xls,3bcde03e93ee130cd5920d1a5b31c97d49a0a4b42582f96bf928e3f29a0b5281,financieras,clasico,2013-03-31,unica,Morosidad,206,152,54
BOLF 032013.xls,3bcde03e93ee130cd5920d1a5b31c97d49a0a4b42582f96bf928e3f29a0b5281,financieras,clasico,2013-03-31,unica,MOROSIDAD MN,156,110,46
BOLF 032013.xls,3bcde03e93ee130cd5920d1a5b31c97d49a0a4b42582f96bf928e3f29a0b5281,financieras,clasico,2013-03-31,unica,MOROSIDAD ME,156,110,46
BOLF 032013.xls,3bcde03e93ee130cd5920d1a5b31c97d49a0a4b42582f96bf928e3f29a0b5281,financieras,clasico,2013-03-31,unica,Evol Créditos,289,247,42
BOLF 032013.xls,3bcde03e93ee130cd5920d1a5b31c97d49a0a4b42582f96bf928e3f29a0b5281,financieras,clasico,2013-03-31,unica,Evol Créditos Vigentes,288,247,41
BOLF 032013.xls,3bcde03e93ee130cd5920d1a5b31c97d49a0a4b42582f96bf928e3f29a0b5281,financieras,clasico,2013-03-31,unica,Evol Créditos Vencidos,289,247,42
BOLF 032013.xls,3bcde03e93ee130cd5920d1a5b31c97d49a0a4b42582f96bf928e3f29a0b5281,financieras,clasico,2013-03-31,unica,Morosidad sobre Cartera,288,247,41
BOLF 032013.xls,3bcde03e93ee130cd5920d1a5b31c97d49a0a4b42582f96bf928e3f29a0b5281,financieras,clasico,2013-03-31,unica,Evol Tarj de Credito,276,218,58
BOLF 032013.xls,3bcde03e93ee130cd5920d1a5b31c97d49a0a4b42582f96bf928e3f29a0b5281,financieras,clasico,2013-03-31,unica,Evol Tarj de Crédito,276,218,58
BOLF 032013.xls,3bcde03e93ee130cd5920d1a5b31c97d49a0a4b42582f96bf928e3f29a0b5281,financieras,clasico,2013-03-31,unica,Gráfico Tarjetas,27,26,1
BOLF 032013.xls,3bcde03e93ee130cd5920d1a5b31c97d49a0a4b42582f96bf928e3f29a0b5281,financieras,clasico,2013-03-31,unica,CART-CLASIS,260,228,32
BOLF 032013.xls,3bcde03e93ee130cd5920d1a5b31c97d49a0a4b42582f96bf928e3f29a0b5281,financieras,clasico,2013-03-31,unica,CART-CLAS Part,171,144,27
BOLF 032013.xls,3bcde03e93ee130cd5920d1a5b31c97d49a0a4b42582f96bf928e3f29a0b5281,financieras,clasico,2013-03-31,unica,CART-ACTV,315,272,43
BOLF 032013.xls,3bcde03e93ee130cd5920d1a5b31c97d49a0a4b42582f96bf928e3f29a0b5281,financieras,clasico,2013-03-31,unica,CART-ACTV Part,308,272,36
BOLF 032013.xls,3bcde03e93ee130cd5920d1a5b31c97d49a0a4b42582f96bf928e3f29a0b5281,financieras,clasico,2013-03-31,unica,EVOL ACTIV TRIGO,259,233,26
BOLF 032013.xls,3bcde03e93ee130cd5920d1a5b31c97d49a0a4b42582f96bf928e3f29a0b5281,financieras,clasico,2013-03-31,unica,EVOL ACTIV ALGODÓN,259,233,26
BOLF 032013.xls,3bcde03e93ee130cd5920d1a5b31c97d49a0a4b42582f96bf928e3f29a0b5281,financieras,clasico,2013-03-31,unica,EVOL ACTIV SOJA,259,233,26
BOLF 032013.xls,3bcde03e93ee130cd5920d1a5b31c97d49a0a4b42582f96bf928e3f29a0b5281,financieras,clasico,2013-03-31,unica,EVOL ACTIV CONSTRUCCIONES,274,247,27
BOLF 032013.xls,3bcde03e93ee130cd5920d1a5b31c97d49a0a4b42582f96bf928e3f29a0b5281,financieras,clasico,2013-03-31,unica,EVOL ACTIV VIVIENDA,330,279,51
BOLF 032013.xls,3bcde03e93ee130cd5920d1a5b31c97d49a0a4b42582f96bf928e3f29a0b5281,financieras,clasico,2013-03-31,unica,Gráficos Evol Activ,15,13,2
BOLF 032013.xls,3bcde03e93ee130cd5920d1a5b31c97d49a0a4b42582f96bf928e3f29a0b5281,financieras,clasico,2013-03-31,unica,Calificadoras Financieras,72,12,60
BOLF 032013.xls,3bcde03e93ee130cd5920d1a5b31c97d49a0a4b42582f96bf928e3f29a0b5281,financieras,clasico,2013-03-31,unica,Auditores Externos,46,12,34
BOLF 032013.xls,3bcde03e93ee130cd5920d1a5b31c97d49a0a4b42582f96bf928e3f29a0b5281,financieras,clasico,2013-03-31,unica,Módulo1,0,0,0
BOLF 042013.xls,8b8327ce423c0fa4b2ce3185b49e3b788a74900c0486b6c8305e06ead4ad4d8e,financieras,clasico,2013-04-30,unica,INDICE,42,0,42
BOLF 042013.xls,8b8327ce423c0fa4b2ce3185b49e3b788a74900c0486b6c8305e06ead4ad4d8e,financieras,clasico,2013-04-30,unica,SUC - FIN,98,68,30
BOLF 042013.xls,8b8327ce423c0fa4b2ce3185b49e3b788a74900c0486b6c8305e06ead4ad4d8e,financieras,clasico,2013-04-30,unica,PAG10,212,172,40
BOLF 042013.xls,8b8327ce423c0fa4b2ce3185b49e3b788a74900c0486b6c8305e06ead4ad4d8e,financieras,clasico,2013-04-30,unica,GRAFICOS,15,12,3
BOLF 042013.xls,8b8327ce423c0fa4b2ce3185b49e3b788a74900c0486b6c8305e06ead4ad4d8e,financieras,clasico,2013-04-30,unica,PAG12,297,222,75
BOLF 042013.xls,8b8327ce423c0fa4b2ce3185b49e3b788a74900c0486b6c8305e06ead4ad4d8e,financieras,clasico,2013-04-30,unica,PAG13,178,124,54
BOLF 042013.xls,8b8327ce423c0fa4b2ce3185b49e3b788a74900c0486b6c8305e06ead4ad4d8e,financieras,clasico,2013-04-30,unica,PAG14,294,213,81
BOLF 042013.xls,8b8327ce423c0fa4b2ce3185b49e3b788a74900c0486b6c8305e06ead4ad4d8e,financieras,clasico,2013-04-30,unica,PAG14 (2),142,96,46
BOLF 042013.xls,8b8327ce423c0fa4b2ce3185b49e3b788a74900c0486b6c8305e06ead4ad4d8e,financieras,clasico,2013-04-30,unica,DEPOSITOS,99,35,64
BOLF 042013.xls,8b8327ce423c0fa4b2ce3185b49e3b788a74900c0486b6c8305e06ead4ad4d8e,financieras,clasico,2013-04-30,unica,Evol Depósitos,288,247,41
BOLF 042013.xls,8b8327ce423c0fa4b2ce3185b49e3b788a74900c0486b6c8305e06ead4ad4d8e,financieras,clasico,2013-04-30,unica,Nuevo Grafico de Deposito,41,22,19
BOLF 042013.xls,8b8327ce423c0fa4b2ce3185b49e3b788a74900c0486b6c8305e06ead4ad4d8e,financieras,clasico,2013-04-30,unica,PAG15,298,222,76
BOLF 042013.xls,8b8327ce423c0fa4b2ce3185b49e3b788a74900c0486b6c8305e06ead4ad4d8e,financieras,clasico,2013-04-30,unica,PAG16,156,110,46
BOLF 042013.xls,8b8327ce423c0fa4b2ce3185b49e3b788a74900c0486b6c8305e06ead4ad4d8e,financieras,clasico,2013-04-30,unica,PAG17,176,124,52
BOLF 042013.xls,8b8327ce423c0fa4b2ce3185b49e3b788a74900c0486b6c8305e06ead4ad4d8e,financieras,clasico,2013-04-30,unica,PAG17 2,188,152,36
BOLF 042013.xls,8b8327ce423c0fa4b2ce3185b49e3b788a74900c0486b6c8305e06ead4ad4d8e,financieras,clasico,2013-04-30,unica,PAG18,214,152,62
BOLF 042013.xls,8b8327ce423c0fa4b2ce3185b49e3b788a74900c0486b6c8305e06ead4ad4d8e,financieras,clasico,2013-04-30,unica,PAG19,588,424,164
BOLF 042013.xls,8b8327ce423c0fa4b2ce3185b49e3b788a74900c0486b6c8305e06ead4ad4d8e,financieras,clasico,2013-04-30,unica,Morosidad,206,152,54
BOLF 042013.xls,8b8327ce423c0fa4b2ce3185b49e3b788a74900c0486b6c8305e06ead4ad4d8e,financieras,clasico,2013-04-30,unica,MOROSIDAD MN,156,110,46
BOLF 042013.xls,8b8327ce423c0fa4b2ce3185b49e3b788a74900c0486b6c8305e06ead4ad4d8e,financieras,clasico,2013-04-30,unica,MOROSIDAD ME,156,110,46
BOLF 042013.xls,8b8327ce423c0fa4b2ce3185b49e3b788a74900c0486b6c8305e06ead4ad4d8e,financieras,clasico,2013-04-30,unica,Evol Créditos,289,247,42
BOLF 042013.xls,8b8327ce423c0fa4b2ce3185b49e3b788a74900c0486b6c8305e06ead4ad4d8e,financieras,clasico,2013-04-30,unica,Evol Créditos Vigentes,288,247,41
BOLF 042013.xls,8b8327ce423c0fa4b2ce3185b49e3b788a74900c0486b6c8305e06ead4ad4d8e,financieras,clasico,2013-04-30,unica,Evol Créditos Vencidos,289,247,42
BOLF 042013.xls,8b8327ce423c0fa4b2ce3185b49e3b788a74900c0486b6c8305e06ead4ad4d8e,financieras,clasico,2013-04-30,unica,Morosidad sobre Cartera,288,247,41
BOLF 042013.xls,8b8327ce423c0fa4b2ce3185b49e3b788a74900c0486b6c8305e06ead4ad4d8e,financieras,clasico,2013-04-30,unica,Evol Tarj de Credito,276,219,57
BOLF 042013.xls,8b8327ce423c0fa4b2ce3185b49e3b788a74900c0486b6c8305e06ead4ad4d8e,financieras,clasico,2013-04-30,unica,Evol Tarj de Crédito,276,219,57
BOLF 042013.xls,8b8327ce423c0fa4b2ce3185b49e3b788a74900c0486b6c8305e06ead4ad4d8e,financieras,clasico,2013-04-30,unica,Gráfico Tarjetas,28,26,2
BOLF 042013.xls,8b8327ce423c0fa4b2ce3185b49e3b788a74900c0486b6c8305e06ead4ad4d8e,financieras,clasico,2013-04-30,unica,CART-CLASIS,260,228,32
BOLF 042013.xls,8b8327ce423c0fa4b2ce3185b49e3b788a74900c0486b6c8305e06ead4ad4d8e,financieras,clasico,2013-04-30,unica,CART-CLAS Part,176,144,32
BOLF 042013.xls,8b8327ce423c0fa4b2ce3185b49e3b788a74900c0486b6c8305e06ead4ad4d8e,financieras,clasico,2013-04-30,unica,CART-ACTV,315,272,43
BOLF 042013.xls,8b8327ce423c0fa4b2ce3185b49e3b788a74900c0486b6c8305e06ead4ad4d8e,financieras,clasico,2013-04-30,unica,CART-ACTV Part,313,272,41
BOLF 042013.xls,8b8327ce423c0fa4b2ce3185b49e3b788a74900c0486b6c8305e06ead4ad4d8e,financieras,clasico,2013-04-30,unica,EVOL ACTIV TRIGO,259,233,26
BOLF 042013.xls,8b8327ce423c0fa4b2ce3185b49e3b788a74900c0486b6c8305e06ead4ad4d8e,financieras,clasico,2013-04-30,unica,EVOL ACTIV ALGODÓN,259,233,26
BOLF 042013.xls,8b8327ce423c0fa4b2ce3185b49e3b788a74900c0486b6c8305e06ead4ad4d8e,financieras,clasico,2013-04-30,unica,EVOL ACTIV SOJA,259,233,26
BOLF 042013.xls,8b8327ce423c0fa4b2ce3185b49e3b788a74900c0486b6c8305e06ead4ad4d8e,financieras,clasico,2013-04-30,unica,EVOL ACTIV CONSTRUCCIONES,274,247,27
BOLF 042013.xls,8b8327ce423c0fa4b2ce3185b49e3b788a74900c0486b6c8305e06ead4ad4d8e,financieras,clasico,2013-04-30,unica,EVOL ACTIV VIVIENDA,330,279,51
BOLF 042013.xls,8b8327ce423c0fa4b2ce3185b49e3b788a74900c0486b6c8305e06ead4ad4d8e,financieras,clasico,2013-04-30,unica,Gráficos Evol Activ,15,13,2
BOLF 042013.xls,8b8327ce423c0fa4b2ce3185b49e3b788a74900c0486b6c8305e06ead4ad4d8e,financieras,clasico,2013-04-30,unica,Calificadoras Financieras,72,12,60
BOLF 042013.xls,8b8327ce423c0fa4b2ce3185b49e3b788a74900c0486b6c8305e06ead4ad4d8e,financieras,clasico,2013-04-30,unica,Auditores Externos,46,12,34
BOLF 042013.xls,8b8327ce423c0fa4b2ce3185b49e3b788a74900c0486b6c8305e06ead4ad4d8e,financieras,clasico,2013-04-30,unica,Módulo1,0,0,0
BOLF 052013.xls,376155998f0bc28433913acefd2eb13484199732536492ec1c9855cd57ecea55,financieras,clasico,2013-05-31,unica,INDICE,42,0,42
BOLF 052013.xls,376155998f0bc28433913acefd2eb13484199732536492ec1c9855cd57ecea55,financieras,clasico,2013-05-31,unica,SUC - FIN,98,68,30
BOLF 052013.xls,376155998f0bc28433913acefd2eb13484199732536492ec1c9855cd57ecea55,financieras,clasico,2013-05-31,unica,PAG10,336,292,44
BOLF 052013.xls,376155998f0bc28433913acefd2eb13484199732536492ec1c9855cd57ecea55,financieras,clasico,2013-05-31,unica,GRAFICOS,15,12,3
BOLF 052013.xls,376155998f0bc28433913acefd2eb13484199732536492ec1c9855cd57ecea55,financieras,clasico,2013-05-31,unica,PAG12,297,222,75
BOLF 052013.xls,376155998f0bc28433913acefd2eb13484199732536492ec1c9855cd57ecea55,financieras,clasico,2013-05-31,unica,PAG13,178,124,54
BOLF 052013.xls,376155998f0bc28433913acefd2eb13484199732536492ec1c9855cd57ecea55,financieras,clasico,2013-05-31,unica,PAG14,294,213,81
BOLF 052013.xls,376155998f0bc28433913acefd2eb13484199732536492ec1c9855cd57ecea55,financieras,clasico,2013-05-31,unica,PAG14 (2),145,98,47
BOLF 052013.xls,376155998f0bc28433913acefd2eb13484199732536492ec1c9855cd57ecea55,financieras,clasico,2013-05-31,unica,Dep Gráficos,99,35,64
BOLF 052013.xls,376155998f0bc28433913acefd2eb13484199732536492ec1c9855cd57ecea55,financieras,clasico,2013-05-31,unica,Evol Depósitos,274,234,40
BOLF 052013.xls,376155998f0bc28433913acefd2eb13484199732536492ec1c9855cd57ecea55,financieras,clasico,2013-05-31,unica,Dep Gráficos 2,41,22,19
BOLF 052013.xls,376155998f0bc28433913acefd2eb13484199732536492ec1c9855cd57ecea55,financieras,clasico,2013-05-31,unica,PAG15,298,222,76
BOLF 052013.xls,376155998f0bc28433913acefd2eb13484199732536492ec1c9855cd57ecea55,financieras,clasico,2013-05-31,unica,PAG16,168,122,46
BOLF 052013.xls,376155998f0bc28433913acefd2eb13484199732536492ec1c9855cd57ecea55,financieras,clasico,2013-05-31,unica,PAG17,176,124,52
BOLF 052013.xls,376155998f0bc28433913acefd2eb13484199732536492ec1c9855cd57ecea55,financieras,clasico,2013-05-31,unica,PAG17 2,188,152,36
BOLF 052013.xls,376155998f0bc28433913acefd2eb13484199732536492ec1c9855cd57ecea55,financieras,clasico,2013-05-31,unica,PAG18,214,152,62
BOLF 052013.xls,376155998f0bc28433913acefd2eb13484199732536492ec1c9855cd57ecea55,financieras,clasico,2013-05-31,unica,PAG19,588,424,164
BOLF 052013.xls,376155998f0bc28433913acefd2eb13484199732536492ec1c9855cd57ecea55,financieras,clasico,2013-05-31,unica,Morosidad,206,152,54
BOLF 052013.xls,376155998f0bc28433913acefd2eb13484199732536492ec1c9855cd57ecea55,financieras,clasico,2013-05-31,unica,MOROSIDAD MN,156,110,46
BOLF 052013.xls,376155998f0bc28433913acefd2eb13484199732536492ec1c9855cd57ecea55,financieras,clasico,2013-05-31,unica,MOROSIDAD ME,156,110,46
BOLF 052013.xls,376155998f0bc28433913acefd2eb13484199732536492ec1c9855cd57ecea55,financieras,clasico,2013-05-31,unica,Evol Créditos,273,233,40
BOLF 052013.xls,376155998f0bc28433913acefd2eb13484199732536492ec1c9855cd57ecea55,financieras,clasico,2013-05-31,unica,Evol Créditos Vigentes,273,233,40
BOLF 052013.xls,376155998f0bc28433913acefd2eb13484199732536492ec1c9855cd57ecea55,financieras,clasico,2013-05-31,unica,Evol Créditos Vencidos,273,233,40
BOLF 052013.xls,376155998f0bc28433913acefd2eb13484199732536492ec1c9855cd57ecea55,financieras,clasico,2013-05-31,unica,Morosidad sobre Cartera,272,233,39
BOLF 052013.xls,376155998f0bc28433913acefd2eb13484199732536492ec1c9855cd57ecea55,financieras,clasico,2013-05-31,unica,Evol Tarj de Credito,260,204,56
BOLF 052013.xls,376155998f0bc28433913acefd2eb13484199732536492ec1c9855cd57ecea55,financieras,clasico,2013-05-31,unica,Evol Tarj de Crédito,260,205,55
BOLF 052013.xls,376155998f0bc28433913acefd2eb13484199732536492ec1c9855cd57ecea55,financieras,clasico,2013-05-31,unica,Gráfico Tarjetas,28,26,2
BOLF 052013.xls,376155998f0bc28433913acefd2eb13484199732536492ec1c9855cd57ecea55,financieras,clasico,2013-05-31,unica,CART-CLASIS,260,228,32
BOLF 052013.xls,376155998f0bc28433913acefd2eb13484199732536492ec1c9855cd57ecea55,financieras,clasico,2013-05-31,unica,CART-CLAS Part,176,144,32
BOLF 052013.xls,376155998f0bc28433913acefd2eb13484199732536492ec1c9855cd57ecea55,financieras,clasico,2013-05-31,unica,CART-ACTV,315,272,43
BOLF 052013.xls,376155998f0bc28433913acefd2eb13484199732536492ec1c9855cd57ecea55,financieras,clasico,2013-05-31,unica,CART-ACTV Part,313,272,41
BOLF 052013.xls,376155998f0bc28433913acefd2eb13484199732536492ec1c9855cd57ecea55,financieras,clasico,2013-05-31,unica,EVOL ACTIV TRIGO,259,233,26
BOLF 052013.xls,376155998f0bc28433913acefd2eb13484199732536492ec1c9855cd57ecea55,financieras,clasico,2013-05-31,unica,EVOL ACTIV ALGODÓN,259,233,26
BOLF 052013.xls,376155998f0bc28433913acefd2eb13484199732536492ec1c9855cd57ecea55,financieras,clasico,2013-05-31,unica,EVOL ACTIV SOJA,259,233,26
BOLF 052013.xls,376155998f0bc28433913acefd2eb13484199732536492ec1c9855cd57ecea55,financieras,clasico,2013-05-31,unica,EVOL ACTIV CONSTRUCCIONES,259,233,26
BOLF 052013.xls,376155998f0bc28433913acefd2eb13484199732536492ec1c9855cd57ecea55,financieras,clasico,2013-05-31,unica,EVOL ACTIV VIVIENDA,315,265,50
BOLF 052013.xls,376155998f0bc28433913acefd2eb13484199732536492ec1c9855cd57ecea55,financieras,clasico,2013-05-31,unica,Gráficos Evol Activ,15,13,2
BOLF 052013.xls,376155998f0bc28433913acefd2eb13484199732536492ec1c9855cd57ecea55,financieras,clasico,2013-05-31,unica,Calificadoras Financieras,72,12,60
BOLF 052013.xls,376155998f0bc28433913acefd2eb13484199732536492ec1c9855cd57ecea55,financieras,clasico,2013-05-31,unica,Auditores Externos,46,12,34
BOLF 052013.xls,376155998f0bc28433913acefd2eb13484199732536492ec1c9855cd57ecea55,financieras,clasico,2013-05-31,unica,Módulo1,0,0,0
BOLF 062013.xls,90e157daf7484a16e7a68608d00041bf318fd8fa85b8abd1f17b45cdb6a51c2e,financieras,clasico,2013-06-30,unica,INDICE,42,0,42
BOLF 062013.xls,90e157daf7484a16e7a68608d00041bf318fd8fa85b8abd1f17b45cdb6a51c2e,financieras,clasico,2013-06-30,unica,SUC - FIN,98,68,30
BOLF 062013.xls,90e157daf7484a16e7a68608d00041bf318fd8fa85b8abd1f17b45cdb6a51c2e,financieras,clasico,2013-06-30,unica,PAG10,336,292,44
BOLF 062013.xls,90e157daf7484a16e7a68608d00041bf318fd8fa85b8abd1f17b45cdb6a51c2e,financieras,clasico,2013-06-30,unica,GRAFICOS,15,12,3
BOLF 062013.xls,90e157daf7484a16e7a68608d00041bf318fd8fa85b8abd1f17b45cdb6a51c2e,financieras,clasico,2013-06-30,unica,PAG12,297,222,75
BOLF 062013.xls,90e157daf7484a16e7a68608d00041bf318fd8fa85b8abd1f17b45cdb6a51c2e,financieras,clasico,2013-06-30,unica,PAG13,178,124,54
BOLF 062013.xls,90e157daf7484a16e7a68608d00041bf318fd8fa85b8abd1f17b45cdb6a51c2e,financieras,clasico,2013-06-30,unica,PAG14,294,213,81
BOLF 062013.xls,90e157daf7484a16e7a68608d00041bf318fd8fa85b8abd1f17b45cdb6a51c2e,financieras,clasico,2013-06-30,unica,PAG14 (2),145,98,47
BOLF 062013.xls,90e157daf7484a16e7a68608d00041bf318fd8fa85b8abd1f17b45cdb6a51c2e,financieras,clasico,2013-06-30,unica,Dep Gráficos,99,35,64
BOLF 062013.xls,90e157daf7484a16e7a68608d00041bf318fd8fa85b8abd1f17b45cdb6a51c2e,financieras,clasico,2013-06-30,unica,Evol Depósitos,274,234,40
BOLF 062013.xls,90e157daf7484a16e7a68608d00041bf318fd8fa85b8abd1f17b45cdb6a51c2e,financieras,clasico,2013-06-30,unica,Dep Gráficos 2,41,20,21
BOLF 062013.xls,90e157daf7484a16e7a68608d00041bf318fd8fa85b8abd1f17b45cdb6a51c2e,financieras,clasico,2013-06-30,unica,PAG15,302,226,76
BOLF 062013.xls,90e157daf7484a16e7a68608d00041bf318fd8fa85b8abd1f17b45cdb6a51c2e,financieras,clasico,2013-06-30,unica,PAG16,168,122,46
BOLF 062013.xls,90e157daf7484a16e7a68608d00041bf318fd8fa85b8abd1f17b45cdb6a51c2e,financieras,clasico,2013-06-30,unica,PAG17,176,124,52
BOLF 062013.xls,90e157daf7484a16e7a68608d00041bf318fd8fa85b8abd1f17b45cdb6a51c2e,financieras,clasico,2013-06-30,unica,PAG17 2,188,152,36
BOLF 062013.xls,90e157daf7484a16e7a68608d00041bf318fd8fa85b8abd1f17b45cdb6a51c2e,financieras,clasico,2013-06-30,unica,PAG18,214,152,62
BOLF 062013.xls,90e157daf7484a16e7a68608d00041bf318fd8fa85b8abd1f17b45cdb6a51c2e,financieras,clasico,2013-06-30,unica,PAG19,588,424,164
BOLF 062013.xls,90e157daf7484a16e7a68608d00041bf318fd8fa85b8abd1f17b45cdb6a51c2e,financieras,clasico,2013-06-30,unica,Morosidad,206,152,54
BOLF 062013.xls,90e157daf7484a16e7a68608d00041bf318fd8fa85b8abd1f17b45cdb6a51c2e,financieras,clasico,2013-06-30,unica,MOROSIDAD MN,156,110,46
BOLF 062013.xls,90e157daf7484a16e7a68608d00041bf318fd8fa85b8abd1f17b45cdb6a51c2e,financieras,clasico,2013-06-30,unica,MOROSIDAD ME,156,110,46
BOLF 062013.xls,90e157daf7484a16e7a68608d00041bf318fd8fa85b8abd1f17b45cdb6a51c2e,financieras,clasico,2013-06-30,unica,Evol Créditos,273,233,40
BOLF 062013.xls,90e157daf7484a16e7a68608d00041bf318fd8fa85b8abd1f17b45cdb6a51c2e,financieras,clasico,2013-06-30,unica,Evol Créditos Vigentes,273,233,40
BOLF 062013.xls,90e157daf7484a16e7a68608d00041bf318fd8fa85b8abd1f17b45cdb6a51c2e,financieras,clasico,2013-06-30,unica,Evol Créditos Vencidos,273,233,40
BOLF 062013.xls,90e157daf7484a16e7a68608d00041bf318fd8fa85b8abd1f17b45cdb6a51c2e,financieras,clasico,2013-06-30,unica,Morosidad sobre Cartera,272,233,39
BOLF 062013.xls,90e157daf7484a16e7a68608d00041bf318fd8fa85b8abd1f17b45cdb6a51c2e,financieras,clasico,2013-06-30,unica,Evol Tarj de Credito,260,206,54
BOLF 062013.xls,90e157daf7484a16e7a68608d00041bf318fd8fa85b8abd1f17b45cdb6a51c2e,financieras,clasico,2013-06-30,unica,Evol Tarj de Crédito,260,206,54
BOLF 062013.xls,90e157daf7484a16e7a68608d00041bf318fd8fa85b8abd1f17b45cdb6a51c2e,financieras,clasico,2013-06-30,unica,Gráfico Tarjetas,28,26,2
BOLF 062013.xls,90e157daf7484a16e7a68608d00041bf318fd8fa85b8abd1f17b45cdb6a51c2e,financieras,clasico,2013-06-30,unica,CART-CLASIS,260,228,32
BOLF 062013.xls,90e157daf7484a16e7a68608d00041bf318fd8fa85b8abd1f17b45cdb6a51c2e,financieras,clasico,2013-06-30,unica,CART-CLAS Part,176,144,32
BOLF 062013.xls,90e157daf7484a16e7a68608d00041bf318fd8fa85b8abd1f17b45cdb6a51c2e,financieras,clasico,2013-06-30,unica,CART-ACTV,315,272,43
BOLF 062013.xls,90e157daf7484a16e7a68608d00041bf318fd8fa85b8abd1f17b45cdb6a51c2e,financieras,clasico,2013-06-30,unica,CART-ACTV Part,313,272,41
BOLF 062013.xls,90e157daf7484a16e7a68608d00041bf318fd8fa85b8abd1f17b45cdb6a51c2e,financieras,clasico,2013-06-30,unica,EVOL ACTIV TRIGO,259,233,26
BOLF 062013.xls,90e157daf7484a16e7a68608d00041bf318fd8fa85b8abd1f17b45cdb6a51c2e,financieras,clasico,2013-06-30,unica,EVOL ACTIV ALGODÓN,259,233,26
BOLF 062013.xls,90e157daf7484a16e7a68608d00041bf318fd8fa85b8abd1f17b45cdb6a51c2e,financieras,clasico,2013-06-30,unica,EVOL ACTIV SOJA,259,233,26
BOLF 062013.xls,90e157daf7484a16e7a68608d00041bf318fd8fa85b8abd1f17b45cdb6a51c2e,financieras,clasico,2013-06-30,unica,EVOL ACTIV CONSTRUCCIONES,259,233,26
BOLF 062013.xls,90e157daf7484a16e7a68608d00041bf318fd8fa85b8abd1f17b45cdb6a51c2e,financieras,clasico,2013-06-30,unica,EVOL ACTIV VIVIENDA,315,265,50
BOLF 062013.xls,90e157daf7484a16e7a68608d00041bf318fd8fa85b8abd1f17b45cdb6a51c2e,financieras,clasico,2013-06-30,unica,Gráficos Evol Activ,15,13,2
BOLF 062013.xls,90e157daf7484a16e7a68608d00041bf318fd8fa85b8abd1f17b45cdb6a51c2e,financieras,clasico,2013-06-30,unica,Calificadoras Financieras,72,12,60
BOLF 062013.xls,90e157daf7484a16e7a68608d00041bf318fd8fa85b8abd1f17b45cdb6a51c2e,financieras,clasico,2013-06-30,unica,Auditores Externos,46,12,34
BOLF 062013.xls,90e157daf7484a16e7a68608d00041bf318fd8fa85b8abd1f17b45cdb6a51c2e,financieras,clasico,2013-06-30,unica,Módulo1,0,0,0
BOLF 072013.xls,a43bc54dcd60c27547756381d961466987c9d847780342f4be0d123dba5f6453,financieras,clasico,2013-07-31,unica,INDICE,42,0,42
BOLF 072013.xls,a43bc54dcd60c27547756381d961466987c9d847780342f4be0d123dba5f6453,financieras,clasico,2013-07-31,unica,SUC - FIN,98,68,30
BOLF 072013.xls,a43bc54dcd60c27547756381d961466987c9d847780342f4be0d123dba5f6453,financieras,clasico,2013-07-31,unica,PAG10,336,292,44
BOLF 072013.xls,a43bc54dcd60c27547756381d961466987c9d847780342f4be0d123dba5f6453,financieras,clasico,2013-07-31,unica,GRAFICOS,15,12,3
BOLF 072013.xls,a43bc54dcd60c27547756381d961466987c9d847780342f4be0d123dba5f6453,financieras,clasico,2013-07-31,unica,PAG12,297,222,75
BOLF 072013.xls,a43bc54dcd60c27547756381d961466987c9d847780342f4be0d123dba5f6453,financieras,clasico,2013-07-31,unica,PAG13,178,124,54
BOLF 072013.xls,a43bc54dcd60c27547756381d961466987c9d847780342f4be0d123dba5f6453,financieras,clasico,2013-07-31,unica,PAG14,294,213,81
BOLF 072013.xls,a43bc54dcd60c27547756381d961466987c9d847780342f4be0d123dba5f6453,financieras,clasico,2013-07-31,unica,PAG14 (2),145,98,47
BOLF 072013.xls,a43bc54dcd60c27547756381d961466987c9d847780342f4be0d123dba5f6453,financieras,clasico,2013-07-31,unica,Dep Gráficos,99,35,64
BOLF 072013.xls,a43bc54dcd60c27547756381d961466987c9d847780342f4be0d123dba5f6453,financieras,clasico,2013-07-31,unica,Evol Depósitos,273,233,40
BOLF 072013.xls,a43bc54dcd60c27547756381d961466987c9d847780342f4be0d123dba5f6453,financieras,clasico,2013-07-31,unica,Dep Gráficos 2,41,22,19
BOLF 072013.xls,a43bc54dcd60c27547756381d961466987c9d847780342f4be0d123dba5f6453,financieras,clasico,2013-07-31,unica,PAG15,302,226,76
BOLF 072013.xls,a43bc54dcd60c27547756381d961466987c9d847780342f4be0d123dba5f6453,financieras,clasico,2013-07-31,unica,PAG16,168,122,46
BOLF 072013.xls,a43bc54dcd60c27547756381d961466987c9d847780342f4be0d123dba5f6453,financieras,clasico,2013-07-31,unica,PAG17,176,124,52
BOLF 072013.xls,a43bc54dcd60c27547756381d961466987c9d847780342f4be0d123dba5f6453,financieras,clasico,2013-07-31,unica,PAG17 2,188,152,36
BOLF 072013.xls,a43bc54dcd60c27547756381d961466987c9d847780342f4be0d123dba5f6453,financieras,clasico,2013-07-31,unica,PAG18,214,152,62
BOLF 072013.xls,a43bc54dcd60c27547756381d961466987c9d847780342f4be0d123dba5f6453,financieras,clasico,2013-07-31,unica,PAG19,587,424,163
BOLF 072013.xls,a43bc54dcd60c27547756381d961466987c9d847780342f4be0d123dba5f6453,financieras,clasico,2013-07-31,unica,Morosidad,206,152,54
BOLF 072013.xls,a43bc54dcd60c27547756381d961466987c9d847780342f4be0d123dba5f6453,financieras,clasico,2013-07-31,unica,MOROSIDAD MN,156,110,46
BOLF 072013.xls,a43bc54dcd60c27547756381d961466987c9d847780342f4be0d123dba5f6453,financieras,clasico,2013-07-31,unica,MOROSIDAD ME,156,110,46
BOLF 072013.xls,a43bc54dcd60c27547756381d961466987c9d847780342f4be0d123dba5f6453,financieras,clasico,2013-07-31,unica,Evol Créditos,273,233,40
BOLF 072013.xls,a43bc54dcd60c27547756381d961466987c9d847780342f4be0d123dba5f6453,financieras,clasico,2013-07-31,unica,Evol Créditos Vigentes,273,233,40
BOLF 072013.xls,a43bc54dcd60c27547756381d961466987c9d847780342f4be0d123dba5f6453,financieras,clasico,2013-07-31,unica,Evol Créditos Vencidos,273,233,40
BOLF 072013.xls,a43bc54dcd60c27547756381d961466987c9d847780342f4be0d123dba5f6453,financieras,clasico,2013-07-31,unica,Morosidad sobre Cartera,272,233,39
BOLF 072013.xls,a43bc54dcd60c27547756381d961466987c9d847780342f4be0d123dba5f6453,financieras,clasico,2013-07-31,unica,Evol Tarj de Credito,260,206,54
BOLF 072013.xls,a43bc54dcd60c27547756381d961466987c9d847780342f4be0d123dba5f6453,financieras,clasico,2013-07-31,unica,Evol Tarj de Crédito,259,206,53
BOLF 072013.xls,a43bc54dcd60c27547756381d961466987c9d847780342f4be0d123dba5f6453,financieras,clasico,2013-07-31,unica,Gráfico Tarjetas,28,26,2
BOLF 072013.xls,a43bc54dcd60c27547756381d961466987c9d847780342f4be0d123dba5f6453,financieras,clasico,2013-07-31,unica,CART-CLASIS,260,228,32
BOLF 072013.xls,a43bc54dcd60c27547756381d961466987c9d847780342f4be0d123dba5f6453,financieras,clasico,2013-07-31,unica,CART-CLAS Part,176,144,32
BOLF 072013.xls,a43bc54dcd60c27547756381d961466987c9d847780342f4be0d123dba5f6453,financieras,clasico,2013-07-31,unica,CART-ACTV,315,272,43
BOLF 072013.xls,a43bc54dcd60c27547756381d961466987c9d847780342f4be0d123dba5f6453,financieras,clasico,2013-07-31,unica,CART-ACTV Part,313,272,41
BOLF 072013.xls,a43bc54dcd60c27547756381d961466987c9d847780342f4be0d123dba5f6453,financieras,clasico,2013-07-31,unica,EVOL ACTIV TRIGO,259,233,26
BOLF 072013.xls,a43bc54dcd60c27547756381d961466987c9d847780342f4be0d123dba5f6453,financieras,clasico,2013-07-31,unica,EVOL ACTIV ALGODÓN,259,233,26
BOLF 072013.xls,a43bc54dcd60c27547756381d961466987c9d847780342f4be0d123dba5f6453,financieras,clasico,2013-07-31,unica,EVOL ACTIV SOJA,258,233,25
BOLF 072013.xls,a43bc54dcd60c27547756381d961466987c9d847780342f4be0d123dba5f6453,financieras,clasico,2013-07-31,unica,EVOL ACTIV CONSTRUCCIONES,259,233,26
BOLF 072013.xls,a43bc54dcd60c27547756381d961466987c9d847780342f4be0d123dba5f6453,financieras,clasico,2013-07-31,unica,EVOL ACTIV VIVIENDA,315,265,50
BOLF 072013.xls,a43bc54dcd60c27547756381d961466987c9d847780342f4be0d123dba5f6453,financieras,clasico,2013-07-31,unica,Gráficos Evol Activ,15,13,2
BOLF 072013.xls,a43bc54dcd60c27547756381d961466987c9d847780342f4be0d123dba5f6453,financieras,clasico,2013-07-31,unica,Calificadoras Financieras,72,12,60
BOLF 072013.xls,a43bc54dcd60c27547756381d961466987c9d847780342f4be0d123dba5f6453,financieras,clasico,2013-07-31,unica,Auditores Externos,46,12,34
BOLF 072013.xls,a43bc54dcd60c27547756381d961466987c9d847780342f4be0d123dba5f6453,financieras,clasico,2013-07-31,unica,Módulo1,0,0,0
BOLF 082013.xls,925c8462f6696f93567aa07985681c41ae58a50e81dced73ed80522d1cc10241,financieras,clasico,2013-08-31,unica,Carátula,5,1,4
BOLF 082013.xls,925c8462f6696f93567aa07985681c41ae58a50e81dced73ed80522d1cc10241,financieras,clasico,2013-08-31,unica,INDICE,77,38,39
BOLF 082013.xls,925c8462f6696f93567aa07985681c41ae58a50e81dced73ed80522d1cc10241,financieras,clasico,2013-08-31,unica,1,95,68,27
BOLF 082013.xls,925c8462f6696f93567aa07985681c41ae58a50e81dced73ed80522d1cc10241,financieras,clasico,2013-08-31,unica,2,333,292,41
BOLF 082013.xls,925c8462f6696f93567aa07985681c41ae58a50e81dced73ed80522d1cc10241,financieras,clasico,2013-08-31,unica,3,15,12,3
BOLF 082013.xls,925c8462f6696f93567aa07985681c41ae58a50e81dced73ed80522d1cc10241,financieras,clasico,2013-08-31,unica,4,294,222,72
BOLF 082013.xls,925c8462f6696f93567aa07985681c41ae58a50e81dced73ed80522d1cc10241,financieras,clasico,2013-08-31,unica,5,175,124,51
BOLF 082013.xls,925c8462f6696f93567aa07985681c41ae58a50e81dced73ed80522d1cc10241,financieras,clasico,2013-08-31,unica,6,291,213,78
BOLF 082013.xls,925c8462f6696f93567aa07985681c41ae58a50e81dced73ed80522d1cc10241,financieras,clasico,2013-08-31,unica,7,139,96,43
BOLF 082013.xls,925c8462f6696f93567aa07985681c41ae58a50e81dced73ed80522d1cc10241,financieras,clasico,2013-08-31,unica,8,96,35,61
BOLF 082013.xls,925c8462f6696f93567aa07985681c41ae58a50e81dced73ed80522d1cc10241,financieras,clasico,2013-08-31,unica,9,270,233,37
BOLF 082013.xls,925c8462f6696f93567aa07985681c41ae58a50e81dced73ed80522d1cc10241,financieras,clasico,2013-08-31,unica,10,38,22,16
BOLF 082013.xls,925c8462f6696f93567aa07985681c41ae58a50e81dced73ed80522d1cc10241,financieras,clasico,2013-08-31,unica,11,299,226,73
BOLF 082013.xls,925c8462f6696f93567aa07985681c41ae58a50e81dced73ed80522d1cc10241,financieras,clasico,2013-08-31,unica,12,165,122,43
BOLF 082013.xls,925c8462f6696f93567aa07985681c41ae58a50e81dced73ed80522d1cc10241,financieras,clasico,2013-08-31,unica,13,173,124,49
BOLF 082013.xls,925c8462f6696f93567aa07985681c41ae58a50e81dced73ed80522d1cc10241,financieras,clasico,2013-08-31,unica,14,185,152,33
BOLF 082013.xls,925c8462f6696f93567aa07985681c41ae58a50e81dced73ed80522d1cc10241,financieras,clasico,2013-08-31,unica,15,211,152,59
BOLF 082013.xls,925c8462f6696f93567aa07985681c41ae58a50e81dced73ed80522d1cc10241,financieras,clasico,2013-08-31,unica,16,575,424,151
BOLF 082013.xls,925c8462f6696f93567aa07985681c41ae58a50e81dced73ed80522d1cc10241,financieras,clasico,2013-08-31,unica,17,203,152,51
BOLF 082013.xls,925c8462f6696f93567aa07985681c41ae58a50e81dced73ed80522d1cc10241,financieras,clasico,2013-08-31,unica,18,153,110,43
BOLF 082013.xls,925c8462f6696f93567aa07985681c41ae58a50e81dced73ed80522d1cc10241,financieras,clasico,2013-08-31,unica,19,153,110,43
BOLF 082013.xls,925c8462f6696f93567aa07985681c41ae58a50e81dced73ed80522d1cc10241,financieras,clasico,2013-08-31,unica,20,270,233,37
BOLF 082013.xls,925c8462f6696f93567aa07985681c41ae58a50e81dced73ed80522d1cc10241,financieras,clasico,2013-08-31,unica,21,270,233,37
BOLF 082013.xls,925c8462f6696f93567aa07985681c41ae58a50e81dced73ed80522d1cc10241,financieras,clasico,2013-08-31,unica,22,270,233,37
BOLF 082013.xls,925c8462f6696f93567aa07985681c41ae58a50e81dced73ed80522d1cc10241,financieras,clasico,2013-08-31,unica,23,269,233,36
BOLF 082013.xls,925c8462f6696f93567aa07985681c41ae58a50e81dced73ed80522d1cc10241,financieras,clasico,2013-08-31,unica,24,257,206,51
BOLF 082013.xls,925c8462f6696f93567aa07985681c41ae58a50e81dced73ed80522d1cc10241,financieras,clasico,2013-08-31,unica,25,257,206,51
BOLF 082013.xls,925c8462f6696f93567aa07985681c41ae58a50e81dced73ed80522d1cc10241,financieras,clasico,2013-08-31,unica,26,28,26,2
BOLF 082013.xls,925c8462f6696f93567aa07985681c41ae58a50e81dced73ed80522d1cc10241,financieras,clasico,2013-08-31,unica,27,257,228,29
BOLF 082013.xls,925c8462f6696f93567aa07985681c41ae58a50e81dced73ed80522d1cc10241,financieras,clasico,2013-08-31,unica,28,173,144,29
BOLF 082013.xls,925c8462f6696f93567aa07985681c41ae58a50e81dced73ed80522d1cc10241,financieras,clasico,2013-08-31,unica,29,312,272,40
BOLF 082013.xls,925c8462f6696f93567aa07985681c41ae58a50e81dced73ed80522d1cc10241,financieras,clasico,2013-08-31,unica,30,310,272,38
BOLF 082013.xls,925c8462f6696f93567aa07985681c41ae58a50e81dced73ed80522d1cc10241,financieras,clasico,2013-08-31,unica,31,256,233,23
BOLF 082013.xls,925c8462f6696f93567aa07985681c41ae58a50e81dced73ed80522d1cc10241,financieras,clasico,2013-08-31,unica,32,256,233,23
BOLF 082013.xls,925c8462f6696f93567aa07985681c41ae58a50e81dced73ed80522d1cc10241,financieras,clasico,2013-08-31,unica,33,256,233,23
BOLF 082013.xls,925c8462f6696f93567aa07985681c41ae58a50e81dced73ed80522d1cc10241,financieras,clasico,2013-08-31,unica,34,256,233,23
BOLF 082013.xls,925c8462f6696f93567aa07985681c41ae58a50e81dced73ed80522d1cc10241,financieras,clasico,2013-08-31,unica,35,312,265,47
BOLF 082013.xls,925c8462f6696f93567aa07985681c41ae58a50e81dced73ed80522d1cc10241,financieras,clasico,2013-08-31,unica,36,15,13,2
BOLF 082013.xls,925c8462f6696f93567aa07985681c41ae58a50e81dced73ed80522d1cc10241,financieras,clasico,2013-08-31,unica,37,69,12,57
BOLF 082013.xls,925c8462f6696f93567aa07985681c41ae58a50e81dced73ed80522d1cc10241,financieras,clasico,2013-08-31,unica,38,43,12,31
BOLF 082013.xls,925c8462f6696f93567aa07985681c41ae58a50e81dced73ed80522d1cc10241,financieras,clasico,2013-08-31,unica,Módulo1,0,0,0
2_BOLF_09_2013_quereemplaza.xls,de6be4ae77aefd300b7e26cff723d64bbaf6ee3d832e12f2069297cf008c0322,financieras,clasico,2013-09-30,version_clasico,Carátula,6,0,6
2_BOLF_09_2013_quereemplaza.xls,de6be4ae77aefd300b7e26cff723d64bbaf6ee3d832e12f2069297cf008c0322,financieras,clasico,2013-09-30,version_clasico,INDICE,77,38,39
2_BOLF_09_2013_quereemplaza.xls,de6be4ae77aefd300b7e26cff723d64bbaf6ee3d832e12f2069297cf008c0322,financieras,clasico,2013-09-30,version_clasico,1,96,68,28
2_BOLF_09_2013_quereemplaza.xls,de6be4ae77aefd300b7e26cff723d64bbaf6ee3d832e12f2069297cf008c0322,financieras,clasico,2013-09-30,version_clasico,2,334,292,42
2_BOLF_09_2013_quereemplaza.xls,de6be4ae77aefd300b7e26cff723d64bbaf6ee3d832e12f2069297cf008c0322,financieras,clasico,2013-09-30,version_clasico,3,14,12,2
2_BOLF_09_2013_quereemplaza.xls,de6be4ae77aefd300b7e26cff723d64bbaf6ee3d832e12f2069297cf008c0322,financieras,clasico,2013-09-30,version_clasico,4,295,222,73
2_BOLF_09_2013_quereemplaza.xls,de6be4ae77aefd300b7e26cff723d64bbaf6ee3d832e12f2069297cf008c0322,financieras,clasico,2013-09-30,version_clasico,5,176,124,52
2_BOLF_09_2013_quereemplaza.xls,de6be4ae77aefd300b7e26cff723d64bbaf6ee3d832e12f2069297cf008c0322,financieras,clasico,2013-09-30,version_clasico,6,293,214,79
2_BOLF_09_2013_quereemplaza.xls,de6be4ae77aefd300b7e26cff723d64bbaf6ee3d832e12f2069297cf008c0322,financieras,clasico,2013-09-30,version_clasico,7,140,96,44
2_BOLF_09_2013_quereemplaza.xls,de6be4ae77aefd300b7e26cff723d64bbaf6ee3d832e12f2069297cf008c0322,financieras,clasico,2013-09-30,version_clasico,8,97,35,62
2_BOLF_09_2013_quereemplaza.xls,de6be4ae77aefd300b7e26cff723d64bbaf6ee3d832e12f2069297cf008c0322,financieras,clasico,2013-09-30,version_clasico,9,242,219,23
2_BOLF_09_2013_quereemplaza.xls,de6be4ae77aefd300b7e26cff723d64bbaf6ee3d832e12f2069297cf008c0322,financieras,clasico,2013-09-30,version_clasico,10,39,20,19
2_BOLF_09_2013_quereemplaza.xls,de6be4ae77aefd300b7e26cff723d64bbaf6ee3d832e12f2069297cf008c0322,financieras,clasico,2013-09-30,version_clasico,11,296,222,74
2_BOLF_09_2013_quereemplaza.xls,de6be4ae77aefd300b7e26cff723d64bbaf6ee3d832e12f2069297cf008c0322,financieras,clasico,2013-09-30,version_clasico,12,165,122,43
2_BOLF_09_2013_quereemplaza.xls,de6be4ae77aefd300b7e26cff723d64bbaf6ee3d832e12f2069297cf008c0322,financieras,clasico,2013-09-30,version_clasico,13,174,124,50
2_BOLF_09_2013_quereemplaza.xls,de6be4ae77aefd300b7e26cff723d64bbaf6ee3d832e12f2069297cf008c0322,financieras,clasico,2013-09-30,version_clasico,14,186,152,34
2_BOLF_09_2013_quereemplaza.xls,de6be4ae77aefd300b7e26cff723d64bbaf6ee3d832e12f2069297cf008c0322,financieras,clasico,2013-09-30,version_clasico,15,212,152,60
2_BOLF_09_2013_quereemplaza.xls,de6be4ae77aefd300b7e26cff723d64bbaf6ee3d832e12f2069297cf008c0322,financieras,clasico,2013-09-30,version_clasico,16,544,388,156
2_BOLF_09_2013_quereemplaza.xls,de6be4ae77aefd300b7e26cff723d64bbaf6ee3d832e12f2069297cf008c0322,financieras,clasico,2013-09-30,version_clasico,17,204,152,52
2_BOLF_09_2013_quereemplaza.xls,de6be4ae77aefd300b7e26cff723d64bbaf6ee3d832e12f2069297cf008c0322,financieras,clasico,2013-09-30,version_clasico,18,154,110,44
2_BOLF_09_2013_quereemplaza.xls,de6be4ae77aefd300b7e26cff723d64bbaf6ee3d832e12f2069297cf008c0322,financieras,clasico,2013-09-30,version_clasico,19,154,110,44
2_BOLF_09_2013_quereemplaza.xls,de6be4ae77aefd300b7e26cff723d64bbaf6ee3d832e12f2069297cf008c0322,financieras,clasico,2013-09-30,version_clasico,20,256,219,37
2_BOLF_09_2013_quereemplaza.xls,de6be4ae77aefd300b7e26cff723d64bbaf6ee3d832e12f2069297cf008c0322,financieras,clasico,2013-09-30,version_clasico,21,256,219,37
2_BOLF_09_2013_quereemplaza.xls,de6be4ae77aefd300b7e26cff723d64bbaf6ee3d832e12f2069297cf008c0322,financieras,clasico,2013-09-30,version_clasico,22,242,219,23
2_BOLF_09_2013_quereemplaza.xls,de6be4ae77aefd300b7e26cff723d64bbaf6ee3d832e12f2069297cf008c0322,financieras,clasico,2013-09-30,version_clasico,23,241,219,22
2_BOLF_09_2013_quereemplaza.xls,de6be4ae77aefd300b7e26cff723d64bbaf6ee3d832e12f2069297cf008c0322,financieras,clasico,2013-09-30,version_clasico,24,258,206,52
2_BOLF_09_2013_quereemplaza.xls,de6be4ae77aefd300b7e26cff723d64bbaf6ee3d832e12f2069297cf008c0322,financieras,clasico,2013-09-30,version_clasico,25,258,206,52
2_BOLF_09_2013_quereemplaza.xls,de6be4ae77aefd300b7e26cff723d64bbaf6ee3d832e12f2069297cf008c0322,financieras,clasico,2013-09-30,version_clasico,26,29,26,3
2_BOLF_09_2013_quereemplaza.xls,de6be4ae77aefd300b7e26cff723d64bbaf6ee3d832e12f2069297cf008c0322,financieras,clasico,2013-09-30,version_clasico,27,174,144,30
2_BOLF_09_2013_quereemplaza.xls,de6be4ae77aefd300b7e26cff723d64bbaf6ee3d832e12f2069297cf008c0322,financieras,clasico,2013-09-30,version_clasico,28,174,144,30
2_BOLF_09_2013_quereemplaza.xls,de6be4ae77aefd300b7e26cff723d64bbaf6ee3d832e12f2069297cf008c0322,financieras,clasico,2013-09-30,version_clasico,29,313,272,41
2_BOLF_09_2013_quereemplaza.xls,de6be4ae77aefd300b7e26cff723d64bbaf6ee3d832e12f2069297cf008c0322,financieras,clasico,2013-09-30,version_clasico,30,191,152,39
2_BOLF_09_2013_quereemplaza.xls,de6be4ae77aefd300b7e26cff723d64bbaf6ee3d832e12f2069297cf008c0322,financieras,clasico,2013-09-30,version_clasico,31,257,233,24
2_BOLF_09_2013_quereemplaza.xls,de6be4ae77aefd300b7e26cff723d64bbaf6ee3d832e12f2069297cf008c0322,financieras,clasico,2013-09-30,version_clasico,32,257,233,24
2_BOLF_09_2013_quereemplaza.xls,de6be4ae77aefd300b7e26cff723d64bbaf6ee3d832e12f2069297cf008c0322,financieras,clasico,2013-09-30,version_clasico,33,257,233,24
2_BOLF_09_2013_quereemplaza.xls,de6be4ae77aefd300b7e26cff723d64bbaf6ee3d832e12f2069297cf008c0322,financieras,clasico,2013-09-30,version_clasico,34,257,233,24
2_BOLF_09_2013_quereemplaza.xls,de6be4ae77aefd300b7e26cff723d64bbaf6ee3d832e12f2069297cf008c0322,financieras,clasico,2013-09-30,version_clasico,35,257,233,24
2_BOLF_09_2013_quereemplaza.xls,de6be4ae77aefd300b7e26cff723d64bbaf6ee3d832e12f2069297cf008c0322,financieras,clasico,2013-09-30,version_clasico,36,16,13,3
2_BOLF_09_2013_quereemplaza.xls,de6be4ae77aefd300b7e26cff723d64bbaf6ee3d832e12f2069297cf008c0322,financieras,clasico,2013-09-30,version_clasico,37,70,12,58
2_BOLF_09_2013_quereemplaza.xls,de6be4ae77aefd300b7e26cff723d64bbaf6ee3d832e12f2069297cf008c0322,financieras,clasico,2013-09-30,version_clasico,38,44,12,32
2_BOLF_09_2013_quereemplaza.xls,de6be4ae77aefd300b7e26cff723d64bbaf6ee3d832e12f2069297cf008c0322,financieras,clasico,2013-09-30,version_clasico,Módulo1,0,0,0
2_BOLF 092013_N(1).xls,4d0c7b79afd8f59859eafb4f45f66eb66bf02f5c3b6d9a964f9130dcf1ab00b9,financieras,nuevo,2013-09-30,version_nuevo,Carátula,6,1,5
2_BOLF 092013_N(1).xls,4d0c7b79afd8f59859eafb4f45f66eb66bf02f5c3b6d9a964f9130dcf1ab00b9,financieras,nuevo,2013-09-30,version_nuevo,Índice,35,15,20
2_BOLF 092013_N(1).xls,4d0c7b79afd8f59859eafb4f45f66eb66bf02f5c3b6d9a964f9130dcf1ab00b9,financieras,nuevo,2013-09-30,version_nuevo,1,2793,2649,144
2_BOLF 092013_N(1).xls,4d0c7b79afd8f59859eafb4f45f66eb66bf02f5c3b6d9a964f9130dcf1ab00b9,financieras,nuevo,2013-09-30,version_nuevo,2,3221,3072,149
2_BOLF 092013_N(1).xls,4d0c7b79afd8f59859eafb4f45f66eb66bf02f5c3b6d9a964f9130dcf1ab00b9,financieras,nuevo,2013-09-30,version_nuevo,3,537,444,93
2_BOLF 092013_N(1).xls,4d0c7b79afd8f59859eafb4f45f66eb66bf02f5c3b6d9a964f9130dcf1ab00b9,financieras,nuevo,2013-09-30,version_nuevo,4,706,594,112
2_BOLF 092013_N(1).xls,4d0c7b79afd8f59859eafb4f45f66eb66bf02f5c3b6d9a964f9130dcf1ab00b9,financieras,nuevo,2013-09-30,version_nuevo,5,215,182,33
2_BOLF 092013_N(1).xls,4d0c7b79afd8f59859eafb4f45f66eb66bf02f5c3b6d9a964f9130dcf1ab00b9,financieras,nuevo,2013-09-30,version_nuevo,6,214,182,32
2_BOLF 092013_N(1).xls,4d0c7b79afd8f59859eafb4f45f66eb66bf02f5c3b6d9a964f9130dcf1ab00b9,financieras,nuevo,2013-09-30,version_nuevo,7,215,182,33
2_BOLF 092013_N(1).xls,4d0c7b79afd8f59859eafb4f45f66eb66bf02f5c3b6d9a964f9130dcf1ab00b9,financieras,nuevo,2013-09-30,version_nuevo,8,217,156,61
2_BOLF 092013_N(1).xls,4d0c7b79afd8f59859eafb4f45f66eb66bf02f5c3b6d9a964f9130dcf1ab00b9,financieras,nuevo,2013-09-30,version_nuevo,9,217,156,61
2_BOLF 092013_N(1).xls,4d0c7b79afd8f59859eafb4f45f66eb66bf02f5c3b6d9a964f9130dcf1ab00b9,financieras,nuevo,2013-09-30,version_nuevo,10,217,182,35
2_BOLF 092013_N(1).xls,4d0c7b79afd8f59859eafb4f45f66eb66bf02f5c3b6d9a964f9130dcf1ab00b9,financieras,nuevo,2013-09-30,version_nuevo,11,217,182,35
2_BOLF 092013_N(1).xls,4d0c7b79afd8f59859eafb4f45f66eb66bf02f5c3b6d9a964f9130dcf1ab00b9,financieras,nuevo,2013-09-30,version_nuevo,12,217,182,35
2_BOLF 092013_N(1).xls,4d0c7b79afd8f59859eafb4f45f66eb66bf02f5c3b6d9a964f9130dcf1ab00b9,financieras,nuevo,2013-09-30,version_nuevo,13,217,182,35
2_BOLF 092013_N(1).xls,4d0c7b79afd8f59859eafb4f45f66eb66bf02f5c3b6d9a964f9130dcf1ab00b9,financieras,nuevo,2013-09-30,version_nuevo,14,217,182,35
2_BOLF 092013_N(1).xls,4d0c7b79afd8f59859eafb4f45f66eb66bf02f5c3b6d9a964f9130dcf1ab00b9,financieras,nuevo,2013-09-30,version_nuevo,Módulo1,0,0,0
2_BOLF_102013.xls,a6a52400df27d187b4f115731fab890e4a8a4848fdca12dceb53877a9ff4e5be,financieras,clasico,2013-10-31,version_clasico,INDICE,77,38,39
2_BOLF_102013.xls,a6a52400df27d187b4f115731fab890e4a8a4848fdca12dceb53877a9ff4e5be,financieras,clasico,2013-10-31,version_clasico,1,177,124,53
2_BOLF_102013.xls,a6a52400df27d187b4f115731fab890e4a8a4848fdca12dceb53877a9ff4e5be,financieras,clasico,2013-10-31,version_clasico,2,334,292,42
2_BOLF_102013.xls,a6a52400df27d187b4f115731fab890e4a8a4848fdca12dceb53877a9ff4e5be,financieras,clasico,2013-10-31,version_clasico,3,14,12,2
2_BOLF_102013.xls,a6a52400df27d187b4f115731fab890e4a8a4848fdca12dceb53877a9ff4e5be,financieras,clasico,2013-10-31,version_clasico,4,295,222,73
2_BOLF_102013.xls,a6a52400df27d187b4f115731fab890e4a8a4848fdca12dceb53877a9ff4e5be,financieras,clasico,2013-10-31,version_clasico,5,176,124,52
2_BOLF_102013.xls,a6a52400df27d187b4f115731fab890e4a8a4848fdca12dceb53877a9ff4e5be,financieras,clasico,2013-10-31,version_clasico,6,292,213,79
2_BOLF_102013.xls,a6a52400df27d187b4f115731fab890e4a8a4848fdca12dceb53877a9ff4e5be,financieras,clasico,2013-10-31,version_clasico,7,140,96,44
2_BOLF_102013.xls,a6a52400df27d187b4f115731fab890e4a8a4848fdca12dceb53877a9ff4e5be,financieras,clasico,2013-10-31,version_clasico,8,97,35,62
2_BOLF_102013.xls,a6a52400df27d187b4f115731fab890e4a8a4848fdca12dceb53877a9ff4e5be,financieras,clasico,2013-10-31,version_clasico,9,271,233,38
2_BOLF_102013.xls,a6a52400df27d187b4f115731fab890e4a8a4848fdca12dceb53877a9ff4e5be,financieras,clasico,2013-10-31,version_clasico,10,39,22,17
2_BOLF_102013.xls,a6a52400df27d187b4f115731fab890e4a8a4848fdca12dceb53877a9ff4e5be,financieras,clasico,2013-10-31,version_clasico,11,296,222,74
2_BOLF_102013.xls,a6a52400df27d187b4f115731fab890e4a8a4848fdca12dceb53877a9ff4e5be,financieras,clasico,2013-10-31,version_clasico,12,166,122,44
2_BOLF_102013.xls,a6a52400df27d187b4f115731fab890e4a8a4848fdca12dceb53877a9ff4e5be,financieras,clasico,2013-10-31,version_clasico,13,174,124,50
2_BOLF_102013.xls,a6a52400df27d187b4f115731fab890e4a8a4848fdca12dceb53877a9ff4e5be,financieras,clasico,2013-10-31,version_clasico,14,186,152,34
2_BOLF_102013.xls,a6a52400df27d187b4f115731fab890e4a8a4848fdca12dceb53877a9ff4e5be,financieras,clasico,2013-10-31,version_clasico,15,212,152,60
2_BOLF_102013.xls,a6a52400df27d187b4f115731fab890e4a8a4848fdca12dceb53877a9ff4e5be,financieras,clasico,2013-10-31,version_clasico,16,580,424,156
2_BOLF_102013.xls,a6a52400df27d187b4f115731fab890e4a8a4848fdca12dceb53877a9ff4e5be,financieras,clasico,2013-10-31,version_clasico,17,204,152,52
2_BOLF_102013.xls,a6a52400df27d187b4f115731fab890e4a8a4848fdca12dceb53877a9ff4e5be,financieras,clasico,2013-10-31,version_clasico,18,154,110,44
2_BOLF_102013.xls,a6a52400df27d187b4f115731fab890e4a8a4848fdca12dceb53877a9ff4e5be,financieras,clasico,2013-10-31,version_clasico,19,154,110,44
2_BOLF_102013.xls,a6a52400df27d187b4f115731fab890e4a8a4848fdca12dceb53877a9ff4e5be,financieras,clasico,2013-10-31,version_clasico,20,256,219,37
2_BOLF_102013.xls,a6a52400df27d187b4f115731fab890e4a8a4848fdca12dceb53877a9ff4e5be,financieras,clasico,2013-10-31,version_clasico,21,242,219,23
2_BOLF_102013.xls,a6a52400df27d187b4f115731fab890e4a8a4848fdca12dceb53877a9ff4e5be,financieras,clasico,2013-10-31,version_clasico,22,242,219,23
2_BOLF_102013.xls,a6a52400df27d187b4f115731fab890e4a8a4848fdca12dceb53877a9ff4e5be,financieras,clasico,2013-10-31,version_clasico,23,241,219,22
2_BOLF_102013.xls,a6a52400df27d187b4f115731fab890e4a8a4848fdca12dceb53877a9ff4e5be,financieras,clasico,2013-10-31,version_clasico,24,258,206,52
2_BOLF_102013.xls,a6a52400df27d187b4f115731fab890e4a8a4848fdca12dceb53877a9ff4e5be,financieras,clasico,2013-10-31,version_clasico,25,258,206,52
2_BOLF_102013.xls,a6a52400df27d187b4f115731fab890e4a8a4848fdca12dceb53877a9ff4e5be,financieras,clasico,2013-10-31,version_clasico,26,29,26,3
2_BOLF_102013.xls,a6a52400df27d187b4f115731fab890e4a8a4848fdca12dceb53877a9ff4e5be,financieras,clasico,2013-10-31,version_clasico,27,258,228,30
2_BOLF_102013.xls,a6a52400df27d187b4f115731fab890e4a8a4848fdca12dceb53877a9ff4e5be,financieras,clasico,2013-10-31,version_clasico,28,174,144,30
2_BOLF_102013.xls,a6a52400df27d187b4f115731fab890e4a8a4848fdca12dceb53877a9ff4e5be,financieras,clasico,2013-10-31,version_clasico,29,313,272,41
2_BOLF_102013.xls,a6a52400df27d187b4f115731fab890e4a8a4848fdca12dceb53877a9ff4e5be,financieras,clasico,2013-10-31,version_clasico,30,311,272,39
2_BOLF_102013.xls,a6a52400df27d187b4f115731fab890e4a8a4848fdca12dceb53877a9ff4e5be,financieras,clasico,2013-10-31,version_clasico,31,257,233,24
2_BOLF_102013.xls,a6a52400df27d187b4f115731fab890e4a8a4848fdca12dceb53877a9ff4e5be,financieras,clasico,2013-10-31,version_clasico,32,257,233,24
2_BOLF_102013.xls,a6a52400df27d187b4f115731fab890e4a8a4848fdca12dceb53877a9ff4e5be,financieras,clasico,2013-10-31,version_clasico,33,257,233,24
2_BOLF_102013.xls,a6a52400df27d187b4f115731fab890e4a8a4848fdca12dceb53877a9ff4e5be,financieras,clasico,2013-10-31,version_clasico,34,257,233,24
2_BOLF_102013.xls,a6a52400df27d187b4f115731fab890e4a8a4848fdca12dceb53877a9ff4e5be,financieras,clasico,2013-10-31,version_clasico,35,257,233,24
2_BOLF_102013.xls,a6a52400df27d187b4f115731fab890e4a8a4848fdca12dceb53877a9ff4e5be,financieras,clasico,2013-10-31,version_clasico,36,16,13,3
2_BOLF_102013.xls,a6a52400df27d187b4f115731fab890e4a8a4848fdca12dceb53877a9ff4e5be,financieras,clasico,2013-10-31,version_clasico,37,134,12,122
2_BOLF_102013.xls,a6a52400df27d187b4f115731fab890e4a8a4848fdca12dceb53877a9ff4e5be,financieras,clasico,2013-10-31,version_clasico,38,44,12,32
2_BOLF_102013.xls,a6a52400df27d187b4f115731fab890e4a8a4848fdca12dceb53877a9ff4e5be,financieras,clasico,2013-10-31,version_clasico,Módulo1,0,0,0
2_BOLF102013_N.xls,e87de2dcf146871d0084cd3a8a541d3bd2d3c3fad544fd383e10dd65681d131f,financieras,nuevo,2013-10-31,version_nuevo,Carátula,6,0,6
2_BOLF102013_N.xls,e87de2dcf146871d0084cd3a8a541d3bd2d3c3fad544fd383e10dd65681d131f,financieras,nuevo,2013-10-31,version_nuevo,Índice,35,15,20
2_BOLF102013_N.xls,e87de2dcf146871d0084cd3a8a541d3bd2d3c3fad544fd383e10dd65681d131f,financieras,nuevo,2013-10-31,version_nuevo,1,2793,2649,144
2_BOLF102013_N.xls,e87de2dcf146871d0084cd3a8a541d3bd2d3c3fad544fd383e10dd65681d131f,financieras,nuevo,2013-10-31,version_nuevo,2,3221,3072,149
2_BOLF102013_N.xls,e87de2dcf146871d0084cd3a8a541d3bd2d3c3fad544fd383e10dd65681d131f,financieras,nuevo,2013-10-31,version_nuevo,3,537,444,93
2_BOLF102013_N.xls,e87de2dcf146871d0084cd3a8a541d3bd2d3c3fad544fd383e10dd65681d131f,financieras,nuevo,2013-10-31,version_nuevo,4,706,594,112
2_BOLF102013_N.xls,e87de2dcf146871d0084cd3a8a541d3bd2d3c3fad544fd383e10dd65681d131f,financieras,nuevo,2013-10-31,version_nuevo,5,215,182,33
2_BOLF102013_N.xls,e87de2dcf146871d0084cd3a8a541d3bd2d3c3fad544fd383e10dd65681d131f,financieras,nuevo,2013-10-31,version_nuevo,6,214,182,32
2_BOLF102013_N.xls,e87de2dcf146871d0084cd3a8a541d3bd2d3c3fad544fd383e10dd65681d131f,financieras,nuevo,2013-10-31,version_nuevo,7,215,182,33
2_BOLF102013_N.xls,e87de2dcf146871d0084cd3a8a541d3bd2d3c3fad544fd383e10dd65681d131f,financieras,nuevo,2013-10-31,version_nuevo,8,217,156,61
2_BOLF102013_N.xls,e87de2dcf146871d0084cd3a8a541d3bd2d3c3fad544fd383e10dd65681d131f,financieras,nuevo,2013-10-31,version_nuevo,9,217,156,61
2_BOLF102013_N.xls,e87de2dcf146871d0084cd3a8a541d3bd2d3c3fad544fd383e10dd65681d131f,financieras,nuevo,2013-10-31,version_nuevo,10,217,182,35
2_BOLF102013_N.xls,e87de2dcf146871d0084cd3a8a541d3bd2d3c3fad544fd383e10dd65681d131f,financieras,nuevo,2013-10-31,version_nuevo,11,217,182,35
2_BOLF102013_N.xls,e87de2dcf146871d0084cd3a8a541d3bd2d3c3fad544fd383e10dd65681d131f,financieras,nuevo,2013-10-31,version_nuevo,12,217,182,35
2_BOLF102013_N.xls,e87de2dcf146871d0084cd3a8a541d3bd2d3c3fad544fd383e10dd65681d131f,financieras,nuevo,2013-10-31,version_nuevo,13,217,182,35
2_BOLF102013_N.xls,e87de2dcf146871d0084cd3a8a541d3bd2d3c3fad544fd383e10dd65681d131f,financieras,nuevo,2013-10-31,version_nuevo,14,217,182,35
2_BOLF102013_N.xls,e87de2dcf146871d0084cd3a8a541d3bd2d3c3fad544fd383e10dd65681d131f,financieras,nuevo,2013-10-31,version_nuevo,Módulo1,0,0,0
2_BOLF_112013.xls,5ecb5a43016c07df80d673cedc3ce17b26078545e758d1f6696f34c7ca55c4b6,financieras,clasico,2013-11-30,version_clasico,Carátula,6,1,5
2_BOLF_112013.xls,5ecb5a43016c07df80d673cedc3ce17b26078545e758d1f6696f34c7ca55c4b6,financieras,clasico,2013-11-30,version_clasico,INDICE,77,38,39
2_BOLF_112013.xls,5ecb5a43016c07df80d673cedc3ce17b26078545e758d1f6696f34c7ca55c4b6,financieras,clasico,2013-11-30,version_clasico,1,172,124,48
2_BOLF_112013.xls,5ecb5a43016c07df80d673cedc3ce17b26078545e758d1f6696f34c7ca55c4b6,financieras,clasico,2013-11-30,version_clasico,2,329,287,42
2_BOLF_112013.xls,5ecb5a43016c07df80d673cedc3ce17b26078545e758d1f6696f34c7ca55c4b6,financieras,clasico,2013-11-30,version_clasico,3,14,12,2
2_BOLF_112013.xls,5ecb5a43016c07df80d673cedc3ce17b26078545e758d1f6696f34c7ca55c4b6,financieras,clasico,2013-11-30,version_clasico,4,295,222,73
2_BOLF_112013.xls,5ecb5a43016c07df80d673cedc3ce17b26078545e758d1f6696f34c7ca55c4b6,financieras,clasico,2013-11-30,version_clasico,5,176,124,52
2_BOLF_112013.xls,5ecb5a43016c07df80d673cedc3ce17b26078545e758d1f6696f34c7ca55c4b6,financieras,clasico,2013-11-30,version_clasico,6,291,213,78
2_BOLF_112013.xls,5ecb5a43016c07df80d673cedc3ce17b26078545e758d1f6696f34c7ca55c4b6,financieras,clasico,2013-11-30,version_clasico,7,140,96,44
2_BOLF_112013.xls,5ecb5a43016c07df80d673cedc3ce17b26078545e758d1f6696f34c7ca55c4b6,financieras,clasico,2013-11-30,version_clasico,8,97,35,62
2_BOLF_112013.xls,5ecb5a43016c07df80d673cedc3ce17b26078545e758d1f6696f34c7ca55c4b6,financieras,clasico,2013-11-30,version_clasico,9,242,219,23
2_BOLF_112013.xls,5ecb5a43016c07df80d673cedc3ce17b26078545e758d1f6696f34c7ca55c4b6,financieras,clasico,2013-11-30,version_clasico,10,39,22,17
2_BOLF_112013.xls,5ecb5a43016c07df80d673cedc3ce17b26078545e758d1f6696f34c7ca55c4b6,financieras,clasico,2013-11-30,version_clasico,11,296,222,74
2_BOLF_112013.xls,5ecb5a43016c07df80d673cedc3ce17b26078545e758d1f6696f34c7ca55c4b6,financieras,clasico,2013-11-30,version_clasico,12,166,122,44
2_BOLF_112013.xls,5ecb5a43016c07df80d673cedc3ce17b26078545e758d1f6696f34c7ca55c4b6,financieras,clasico,2013-11-30,version_clasico,13,174,124,50
2_BOLF_112013.xls,5ecb5a43016c07df80d673cedc3ce17b26078545e758d1f6696f34c7ca55c4b6,financieras,clasico,2013-11-30,version_clasico,14,201,155,46
2_BOLF_112013.xls,5ecb5a43016c07df80d673cedc3ce17b26078545e758d1f6696f34c7ca55c4b6,financieras,clasico,2013-11-30,version_clasico,15,212,152,60
2_BOLF_112013.xls,5ecb5a43016c07df80d673cedc3ce17b26078545e758d1f6696f34c7ca55c4b6,financieras,clasico,2013-11-30,version_clasico,16,579,424,155
2_BOLF_112013.xls,5ecb5a43016c07df80d673cedc3ce17b26078545e758d1f6696f34c7ca55c4b6,financieras,clasico,2013-11-30,version_clasico,17,204,152,52
2_BOLF_112013.xls,5ecb5a43016c07df80d673cedc3ce17b26078545e758d1f6696f34c7ca55c4b6,financieras,clasico,2013-11-30,version_clasico,18,154,110,44
2_BOLF_112013.xls,5ecb5a43016c07df80d673cedc3ce17b26078545e758d1f6696f34c7ca55c4b6,financieras,clasico,2013-11-30,version_clasico,19,154,110,44
2_BOLF_112013.xls,5ecb5a43016c07df80d673cedc3ce17b26078545e758d1f6696f34c7ca55c4b6,financieras,clasico,2013-11-30,version_clasico,20,256,219,37
2_BOLF_112013.xls,5ecb5a43016c07df80d673cedc3ce17b26078545e758d1f6696f34c7ca55c4b6,financieras,clasico,2013-11-30,version_clasico,21,256,219,37
2_BOLF_112013.xls,5ecb5a43016c07df80d673cedc3ce17b26078545e758d1f6696f34c7ca55c4b6,financieras,clasico,2013-11-30,version_clasico,22,256,219,37
2_BOLF_112013.xls,5ecb5a43016c07df80d673cedc3ce17b26078545e758d1f6696f34c7ca55c4b6,financieras,clasico,2013-11-30,version_clasico,23,255,219,36
2_BOLF_112013.xls,5ecb5a43016c07df80d673cedc3ce17b26078545e758d1f6696f34c7ca55c4b6,financieras,clasico,2013-11-30,version_clasico,24,258,206,52
2_BOLF_112013.xls,5ecb5a43016c07df80d673cedc3ce17b26078545e758d1f6696f34c7ca55c4b6,financieras,clasico,2013-11-30,version_clasico,25,258,206,52
2_BOLF_112013.xls,5ecb5a43016c07df80d673cedc3ce17b26078545e758d1f6696f34c7ca55c4b6,financieras,clasico,2013-11-30,version_clasico,26,29,26,3
2_BOLF_112013.xls,5ecb5a43016c07df80d673cedc3ce17b26078545e758d1f6696f34c7ca55c4b6,financieras,clasico,2013-11-30,version_clasico,27,258,228,30
2_BOLF_112013.xls,5ecb5a43016c07df80d673cedc3ce17b26078545e758d1f6696f34c7ca55c4b6,financieras,clasico,2013-11-30,version_clasico,28,174,144,30
2_BOLF_112013.xls,5ecb5a43016c07df80d673cedc3ce17b26078545e758d1f6696f34c7ca55c4b6,financieras,clasico,2013-11-30,version_clasico,29,313,272,41
2_BOLF_112013.xls,5ecb5a43016c07df80d673cedc3ce17b26078545e758d1f6696f34c7ca55c4b6,financieras,clasico,2013-11-30,version_clasico,30,311,272,39
2_BOLF_112013.xls,5ecb5a43016c07df80d673cedc3ce17b26078545e758d1f6696f34c7ca55c4b6,financieras,clasico,2013-11-30,version_clasico,31,257,233,24
2_BOLF_112013.xls,5ecb5a43016c07df80d673cedc3ce17b26078545e758d1f6696f34c7ca55c4b6,financieras,clasico,2013-11-30,version_clasico,32,257,233,24
2_BOLF_112013.xls,5ecb5a43016c07df80d673cedc3ce17b26078545e758d1f6696f34c7ca55c4b6,financieras,clasico,2013-11-30,version_clasico,33,257,233,24
2_BOLF_112013.xls,5ecb5a43016c07df80d673cedc3ce17b26078545e758d1f6696f34c7ca55c4b6,financieras,clasico,2013-11-30,version_clasico,34,257,233,24
2_BOLF_112013.xls,5ecb5a43016c07df80d673cedc3ce17b26078545e758d1f6696f34c7ca55c4b6,financieras,clasico,2013-11-30,version_clasico,35,257,233,24
2_BOLF_112013.xls,5ecb5a43016c07df80d673cedc3ce17b26078545e758d1f6696f34c7ca55c4b6,financieras,clasico,2013-11-30,version_clasico,36,16,13,3
2_BOLF_112013.xls,5ecb5a43016c07df80d673cedc3ce17b26078545e758d1f6696f34c7ca55c4b6,financieras,clasico,2013-11-30,version_clasico,37,134,12,122
2_BOLF_112013.xls,5ecb5a43016c07df80d673cedc3ce17b26078545e758d1f6696f34c7ca55c4b6,financieras,clasico,2013-11-30,version_clasico,38,44,12,32
2_BOLF_112013.xls,5ecb5a43016c07df80d673cedc3ce17b26078545e758d1f6696f34c7ca55c4b6,financieras,clasico,2013-11-30,version_clasico,Módulo1,0,0,0
2_BOLF112013_N.xls,912967b590e4cdf8d625bcc610b8702f99195a1e29a173de118a339d2472d7e5,financieras,nuevo,2013-11-30,version_nuevo,Carátula,6,0,6
2_BOLF112013_N.xls,912967b590e4cdf8d625bcc610b8702f99195a1e29a173de118a339d2472d7e5,financieras,nuevo,2013-11-30,version_nuevo,Índice,35,14,21
2_BOLF112013_N.xls,912967b590e4cdf8d625bcc610b8702f99195a1e29a173de118a339d2472d7e5,financieras,nuevo,2013-11-30,version_nuevo,1,2833,2649,184
2_BOLF112013_N.xls,912967b590e4cdf8d625bcc610b8702f99195a1e29a173de118a339d2472d7e5,financieras,nuevo,2013-11-30,version_nuevo,2,3234,3078,156
2_BOLF112013_N.xls,912967b590e4cdf8d625bcc610b8702f99195a1e29a173de118a339d2472d7e5,financieras,nuevo,2013-11-30,version_nuevo,3,537,444,93
2_BOLF112013_N.xls,912967b590e4cdf8d625bcc610b8702f99195a1e29a173de118a339d2472d7e5,financieras,nuevo,2013-11-30,version_nuevo,4,706,594,112
2_BOLF112013_N.xls,912967b590e4cdf8d625bcc610b8702f99195a1e29a173de118a339d2472d7e5,financieras,nuevo,2013-11-30,version_nuevo,5,215,182,33
2_BOLF112013_N.xls,912967b590e4cdf8d625bcc610b8702f99195a1e29a173de118a339d2472d7e5,financieras,nuevo,2013-11-30,version_nuevo,6,214,182,32
2_BOLF112013_N.xls,912967b590e4cdf8d625bcc610b8702f99195a1e29a173de118a339d2472d7e5,financieras,nuevo,2013-11-30,version_nuevo,7,215,182,33
2_BOLF112013_N.xls,912967b590e4cdf8d625bcc610b8702f99195a1e29a173de118a339d2472d7e5,financieras,nuevo,2013-11-30,version_nuevo,8,217,156,61
2_BOLF112013_N.xls,912967b590e4cdf8d625bcc610b8702f99195a1e29a173de118a339d2472d7e5,financieras,nuevo,2013-11-30,version_nuevo,9,217,156,61
2_BOLF112013_N.xls,912967b590e4cdf8d625bcc610b8702f99195a1e29a173de118a339d2472d7e5,financieras,nuevo,2013-11-30,version_nuevo,10,217,182,35
2_BOLF112013_N.xls,912967b590e4cdf8d625bcc610b8702f99195a1e29a173de118a339d2472d7e5,financieras,nuevo,2013-11-30,version_nuevo,11,217,182,35
2_BOLF112013_N.xls,912967b590e4cdf8d625bcc610b8702f99195a1e29a173de118a339d2472d7e5,financieras,nuevo,2013-11-30,version_nuevo,12,217,182,35
2_BOLF112013_N.xls,912967b590e4cdf8d625bcc610b8702f99195a1e29a173de118a339d2472d7e5,financieras,nuevo,2013-11-30,version_nuevo,13,217,182,35
2_BOLF112013_N.xls,912967b590e4cdf8d625bcc610b8702f99195a1e29a173de118a339d2472d7e5,financieras,nuevo,2013-11-30,version_nuevo,14,217,182,35
2_BOLF112013_N.xls,912967b590e4cdf8d625bcc610b8702f99195a1e29a173de118a339d2472d7e5,financieras,nuevo,2013-11-30,version_nuevo,Módulo1,0,0,0
FINANCIERAS.xls,db585642b610b22c229bb041bb2ae7a42804d70d35329226b2f75c22c572fa84,financieras,clasico,2013-12-31,unica,Carátula,6,1,5
FINANCIERAS.xls,db585642b610b22c229bb041bb2ae7a42804d70d35329226b2f75c22c572fa84,financieras,clasico,2013-12-31,unica,INDICE,77,38,39
FINANCIERAS.xls,db585642b610b22c229bb041bb2ae7a42804d70d35329226b2f75c22c572fa84,financieras,clasico,2013-12-31,unica,1,96,68,28
FINANCIERAS.xls,db585642b610b22c229bb041bb2ae7a42804d70d35329226b2f75c22c572fa84,financieras,clasico,2013-12-31,unica,2,334,292,42
FINANCIERAS.xls,db585642b610b22c229bb041bb2ae7a42804d70d35329226b2f75c22c572fa84,financieras,clasico,2013-12-31,unica,3,14,12,2
FINANCIERAS.xls,db585642b610b22c229bb041bb2ae7a42804d70d35329226b2f75c22c572fa84,financieras,clasico,2013-12-31,unica,4,295,222,73
FINANCIERAS.xls,db585642b610b22c229bb041bb2ae7a42804d70d35329226b2f75c22c572fa84,financieras,clasico,2013-12-31,unica,5,176,124,52
FINANCIERAS.xls,db585642b610b22c229bb041bb2ae7a42804d70d35329226b2f75c22c572fa84,financieras,clasico,2013-12-31,unica,6,292,213,79
FINANCIERAS.xls,db585642b610b22c229bb041bb2ae7a42804d70d35329226b2f75c22c572fa84,financieras,clasico,2013-12-31,unica,7,140,96,44
FINANCIERAS.xls,db585642b610b22c229bb041bb2ae7a42804d70d35329226b2f75c22c572fa84,financieras,clasico,2013-12-31,unica,8,97,35,62
FINANCIERAS.xls,db585642b610b22c229bb041bb2ae7a42804d70d35329226b2f75c22c572fa84,financieras,clasico,2013-12-31,unica,9,242,219,23
FINANCIERAS.xls,db585642b610b22c229bb041bb2ae7a42804d70d35329226b2f75c22c572fa84,financieras,clasico,2013-12-31,unica,10,39,22,17
FINANCIERAS.xls,db585642b610b22c229bb041bb2ae7a42804d70d35329226b2f75c22c572fa84,financieras,clasico,2013-12-31,unica,11,300,226,74
FINANCIERAS.xls,db585642b610b22c229bb041bb2ae7a42804d70d35329226b2f75c22c572fa84,financieras,clasico,2013-12-31,unica,12,153,110,43
FINANCIERAS.xls,db585642b610b22c229bb041bb2ae7a42804d70d35329226b2f75c22c572fa84,financieras,clasico,2013-12-31,unica,13,174,124,50
FINANCIERAS.xls,db585642b610b22c229bb041bb2ae7a42804d70d35329226b2f75c22c572fa84,financieras,clasico,2013-12-31,unica,14,191,156,35
FINANCIERAS.xls,db585642b610b22c229bb041bb2ae7a42804d70d35329226b2f75c22c572fa84,financieras,clasico,2013-12-31,unica,15,212,152,60
FINANCIERAS.xls,db585642b610b22c229bb041bb2ae7a42804d70d35329226b2f75c22c572fa84,financieras,clasico,2013-12-31,unica,16,544,388,156
FINANCIERAS.xls,db585642b610b22c229bb041bb2ae7a42804d70d35329226b2f75c22c572fa84,financieras,clasico,2013-12-31,unica,17,204,152,52
FINANCIERAS.xls,db585642b610b22c229bb041bb2ae7a42804d70d35329226b2f75c22c572fa84,financieras,clasico,2013-12-31,unica,18,154,110,44
FINANCIERAS.xls,db585642b610b22c229bb041bb2ae7a42804d70d35329226b2f75c22c572fa84,financieras,clasico,2013-12-31,unica,19,154,110,44
FINANCIERAS.xls,db585642b610b22c229bb041bb2ae7a42804d70d35329226b2f75c22c572fa84,financieras,clasico,2013-12-31,unica,20,256,219,37
FINANCIERAS.xls,db585642b610b22c229bb041bb2ae7a42804d70d35329226b2f75c22c572fa84,financieras,clasico,2013-12-31,unica,21,256,219,37
FINANCIERAS.xls,db585642b610b22c229bb041bb2ae7a42804d70d35329226b2f75c22c572fa84,financieras,clasico,2013-12-31,unica,22,242,219,23
FINANCIERAS.xls,db585642b610b22c229bb041bb2ae7a42804d70d35329226b2f75c22c572fa84,financieras,clasico,2013-12-31,unica,23,241,219,22
FINANCIERAS.xls,db585642b610b22c229bb041bb2ae7a42804d70d35329226b2f75c22c572fa84,financieras,clasico,2013-12-31,unica,24,258,206,52
FINANCIERAS.xls,db585642b610b22c229bb041bb2ae7a42804d70d35329226b2f75c22c572fa84,financieras,clasico,2013-12-31,unica,25,258,206,52
FINANCIERAS.xls,db585642b610b22c229bb041bb2ae7a42804d70d35329226b2f75c22c572fa84,financieras,clasico,2013-12-31,unica,26,29,26,3
FINANCIERAS.xls,db585642b610b22c229bb041bb2ae7a42804d70d35329226b2f75c22c572fa84,financieras,clasico,2013-12-31,unica,27,174,144,30
FINANCIERAS.xls,db585642b610b22c229bb041bb2ae7a42804d70d35329226b2f75c22c572fa84,financieras,clasico,2013-12-31,unica,28,174,144,30
FINANCIERAS.xls,db585642b610b22c229bb041bb2ae7a42804d70d35329226b2f75c22c572fa84,financieras,clasico,2013-12-31,unica,29,193,152,41
FINANCIERAS.xls,db585642b610b22c229bb041bb2ae7a42804d70d35329226b2f75c22c572fa84,financieras,clasico,2013-12-31,unica,30,191,152,39
FINANCIERAS.xls,db585642b610b22c229bb041bb2ae7a42804d70d35329226b2f75c22c572fa84,financieras,clasico,2013-12-31,unica,31,257,233,24
FINANCIERAS.xls,db585642b610b22c229bb041bb2ae7a42804d70d35329226b2f75c22c572fa84,financieras,clasico,2013-12-31,unica,32,257,233,24
FINANCIERAS.xls,db585642b610b22c229bb041bb2ae7a42804d70d35329226b2f75c22c572fa84,financieras,clasico,2013-12-31,unica,33,257,233,24
FINANCIERAS.xls,db585642b610b22c229bb041bb2ae7a42804d70d35329226b2f75c22c572fa84,financieras,clasico,2013-12-31,unica,34,257,233,24
FINANCIERAS.xls,db585642b610b22c229bb041bb2ae7a42804d70d35329226b2f75c22c572fa84,financieras,clasico,2013-12-31,unica,35,257,233,24
FINANCIERAS.xls,db585642b610b22c229bb041bb2ae7a42804d70d35329226b2f75c22c572fa84,financieras,clasico,2013-12-31,unica,36,16,13,3
FINANCIERAS.xls,db585642b610b22c229bb041bb2ae7a42804d70d35329226b2f75c22c572fa84,financieras,clasico,2013-12-31,unica,37,70,12,58
FINANCIERAS.xls,db585642b610b22c229bb041bb2ae7a42804d70d35329226b2f75c22c572fa84,financieras,clasico,2013-12-31,unica,38,44,12,32
FINANCIERAS.xls,db585642b610b22c229bb041bb2ae7a42804d70d35329226b2f75c22c572fa84,financieras,clasico,2013-12-31,unica,Módulo1,0,0,0
2_BOLF_012014_oct.xls,b108c08fd61cb37a180e0e79a15fd392c669d80d002f09446ef99ca39afd75bd,financieras,nuevo,2014-01-31,unica,Carátula,6,0,6
2_BOLF_012014_oct.xls,b108c08fd61cb37a180e0e79a15fd392c669d80d002f09446ef99ca39afd75bd,financieras,nuevo,2014-01-31,unica,Índice,35,14,21
2_BOLF_012014_oct.xls,b108c08fd61cb37a180e0e79a15fd392c669d80d002f09446ef99ca39afd75bd,financieras,nuevo,2014-01-31,unica,1,2792,2648,144
2_BOLF_012014_oct.xls,b108c08fd61cb37a180e0e79a15fd392c669d80d002f09446ef99ca39afd75bd,financieras,nuevo,2014-01-31,unica,2,3233,3080,153
2_BOLF_012014_oct.xls,b108c08fd61cb37a180e0e79a15fd392c669d80d002f09446ef99ca39afd75bd,financieras,nuevo,2014-01-31,unica,3,536,443,93
2_BOLF_012014_oct.xls,b108c08fd61cb37a180e0e79a15fd392c669d80d002f09446ef99ca39afd75bd,financieras,nuevo,2014-01-31,unica,4,736,627,109
2_BOLF_012014_oct.xls,b108c08fd61cb37a180e0e79a15fd392c669d80d002f09446ef99ca39afd75bd,financieras,nuevo,2014-01-31,unica,5,216,182,34
2_BOLF_012014_oct.xls,b108c08fd61cb37a180e0e79a15fd392c669d80d002f09446ef99ca39afd75bd,financieras,nuevo,2014-01-31,unica,6,214,182,32
2_BOLF_012014_oct.xls,b108c08fd61cb37a180e0e79a15fd392c669d80d002f09446ef99ca39afd75bd,financieras,nuevo,2014-01-31,unica,7,215,182,33
2_BOLF_012014_oct.xls,b108c08fd61cb37a180e0e79a15fd392c669d80d002f09446ef99ca39afd75bd,financieras,nuevo,2014-01-31,unica,8,217,158,59
2_BOLF_012014_oct.xls,b108c08fd61cb37a180e0e79a15fd392c669d80d002f09446ef99ca39afd75bd,financieras,nuevo,2014-01-31,unica,9,217,182,35
2_BOLF_012014_oct.xls,b108c08fd61cb37a180e0e79a15fd392c669d80d002f09446ef99ca39afd75bd,financieras,nuevo,2014-01-31,unica,10,217,182,35
2_BOLF_012014_oct.xls,b108c08fd61cb37a180e0e79a15fd392c669d80d002f09446ef99ca39afd75bd,financieras,nuevo,2014-01-31,unica,11,217,182,35
2_BOLF_012014_oct.xls,b108c08fd61cb37a180e0e79a15fd392c669d80d002f09446ef99ca39afd75bd,financieras,nuevo,2014-01-31,unica,12,217,182,35
2_BOLF_012014_oct.xls,b108c08fd61cb37a180e0e79a15fd392c669d80d002f09446ef99ca39afd75bd,financieras,nuevo,2014-01-31,unica,13,217,182,35
2_BOLF_012014_oct.xls,b108c08fd61cb37a180e0e79a15fd392c669d80d002f09446ef99ca39afd75bd,financieras,nuevo,2014-01-31,unica,14,217,182,35
2_BOLF_012014_oct.xls,b108c08fd61cb37a180e0e79a15fd392c669d80d002f09446ef99ca39afd75bd,financieras,nuevo,2014-01-31,unica,Módulo1,0,0,0
2_BOLF_022014_oct.xls,f44b33ff0f81c7109f713e15187718efd8030076f131b2ba9ba5365a991b4db3,financieras,nuevo,2014-02-28,unica,Carátula,6,1,5
2_BOLF_022014_oct.xls,f44b33ff0f81c7109f713e15187718efd8030076f131b2ba9ba5365a991b4db3,financieras,nuevo,2014-02-28,unica,Índice,35,15,20
2_BOLF_022014_oct.xls,f44b33ff0f81c7109f713e15187718efd8030076f131b2ba9ba5365a991b4db3,financieras,nuevo,2014-02-28,unica,1,2793,2649,144
2_BOLF_022014_oct.xls,f44b33ff0f81c7109f713e15187718efd8030076f131b2ba9ba5365a991b4db3,financieras,nuevo,2014-02-28,unica,2,3221,3072,149
2_BOLF_022014_oct.xls,f44b33ff0f81c7109f713e15187718efd8030076f131b2ba9ba5365a991b4db3,financieras,nuevo,2014-02-28,unica,3,537,444,93
2_BOLF_022014_oct.xls,f44b33ff0f81c7109f713e15187718efd8030076f131b2ba9ba5365a991b4db3,financieras,nuevo,2014-02-28,unica,4,734,620,114
2_BOLF_022014_oct.xls,f44b33ff0f81c7109f713e15187718efd8030076f131b2ba9ba5365a991b4db3,financieras,nuevo,2014-02-28,unica,5,215,182,33
2_BOLF_022014_oct.xls,f44b33ff0f81c7109f713e15187718efd8030076f131b2ba9ba5365a991b4db3,financieras,nuevo,2014-02-28,unica,6,214,182,32
2_BOLF_022014_oct.xls,f44b33ff0f81c7109f713e15187718efd8030076f131b2ba9ba5365a991b4db3,financieras,nuevo,2014-02-28,unica,7,215,182,33
2_BOLF_022014_oct.xls,f44b33ff0f81c7109f713e15187718efd8030076f131b2ba9ba5365a991b4db3,financieras,nuevo,2014-02-28,unica,8,217,160,57
2_BOLF_022014_oct.xls,f44b33ff0f81c7109f713e15187718efd8030076f131b2ba9ba5365a991b4db3,financieras,nuevo,2014-02-28,unica,9,217,160,57
2_BOLF_022014_oct.xls,f44b33ff0f81c7109f713e15187718efd8030076f131b2ba9ba5365a991b4db3,financieras,nuevo,2014-02-28,unica,10,217,182,35
2_BOLF_022014_oct.xls,f44b33ff0f81c7109f713e15187718efd8030076f131b2ba9ba5365a991b4db3,financieras,nuevo,2014-02-28,unica,11,217,182,35
2_BOLF_022014_oct.xls,f44b33ff0f81c7109f713e15187718efd8030076f131b2ba9ba5365a991b4db3,financieras,nuevo,2014-02-28,unica,12,217,182,35
2_BOLF_022014_oct.xls,f44b33ff0f81c7109f713e15187718efd8030076f131b2ba9ba5365a991b4db3,financieras,nuevo,2014-02-28,unica,13,217,182,35
2_BOLF_022014_oct.xls,f44b33ff0f81c7109f713e15187718efd8030076f131b2ba9ba5365a991b4db3,financieras,nuevo,2014-02-28,unica,14,217,182,35
2_BOLF_022014_oct.xls,f44b33ff0f81c7109f713e15187718efd8030076f131b2ba9ba5365a991b4db3,financieras,nuevo,2014-02-28,unica,Módulo1,0,0,0
2_BOLF_032014(1).xls,9b9b838c67d922bbbe685eccebbaefe2c1331d1c567353dfff149fe35d8c7dce,financieras,nuevo,2014-03-31,unica,Carátula,6,1,5
2_BOLF_032014(1).xls,9b9b838c67d922bbbe685eccebbaefe2c1331d1c567353dfff149fe35d8c7dce,financieras,nuevo,2014-03-31,unica,Índice,35,15,20
2_BOLF_032014(1).xls,9b9b838c67d922bbbe685eccebbaefe2c1331d1c567353dfff149fe35d8c7dce,financieras,nuevo,2014-03-31,unica,1,2793,2649,144
2_BOLF_032014(1).xls,9b9b838c67d922bbbe685eccebbaefe2c1331d1c567353dfff149fe35d8c7dce,financieras,nuevo,2014-03-31,unica,2,3221,3072,149
2_BOLF_032014(1).xls,9b9b838c67d922bbbe685eccebbaefe2c1331d1c567353dfff149fe35d8c7dce,financieras,nuevo,2014-03-31,unica,3,537,444,93
2_BOLF_032014(1).xls,9b9b838c67d922bbbe685eccebbaefe2c1331d1c567353dfff149fe35d8c7dce,financieras,nuevo,2014-03-31,unica,4,734,620,114
2_BOLF_032014(1).xls,9b9b838c67d922bbbe685eccebbaefe2c1331d1c567353dfff149fe35d8c7dce,financieras,nuevo,2014-03-31,unica,5,215,182,33
2_BOLF_032014(1).xls,9b9b838c67d922bbbe685eccebbaefe2c1331d1c567353dfff149fe35d8c7dce,financieras,nuevo,2014-03-31,unica,6,214,182,32
2_BOLF_032014(1).xls,9b9b838c67d922bbbe685eccebbaefe2c1331d1c567353dfff149fe35d8c7dce,financieras,nuevo,2014-03-31,unica,7,215,182,33
2_BOLF_032014(1).xls,9b9b838c67d922bbbe685eccebbaefe2c1331d1c567353dfff149fe35d8c7dce,financieras,nuevo,2014-03-31,unica,8,217,162,55
2_BOLF_032014(1).xls,9b9b838c67d922bbbe685eccebbaefe2c1331d1c567353dfff149fe35d8c7dce,financieras,nuevo,2014-03-31,unica,9,217,162,55
2_BOLF_032014(1).xls,9b9b838c67d922bbbe685eccebbaefe2c1331d1c567353dfff149fe35d8c7dce,financieras,nuevo,2014-03-31,unica,10,217,182,35
2_BOLF_032014(1).xls,9b9b838c67d922bbbe685eccebbaefe2c1331d1c567353dfff149fe35d8c7dce,financieras,nuevo,2014-03-31,unica,11,217,182,35
2_BOLF_032014(1).xls,9b9b838c67d922bbbe685eccebbaefe2c1331d1c567353dfff149fe35d8c7dce,financieras,nuevo,2014-03-31,unica,12,217,182,35
2_BOLF_032014(1).xls,9b9b838c67d922bbbe685eccebbaefe2c1331d1c567353dfff149fe35d8c7dce,financieras,nuevo,2014-03-31,unica,13,217,182,35
2_BOLF_032014(1).xls,9b9b838c67d922bbbe685eccebbaefe2c1331d1c567353dfff149fe35d8c7dce,financieras,nuevo,2014-03-31,unica,14,217,182,35
2_BOLF_032014(1).xls,9b9b838c67d922bbbe685eccebbaefe2c1331d1c567353dfff149fe35d8c7dce,financieras,nuevo,2014-03-31,unica,Módulo1,0,0,0
2_BOLF_042014_oct.xls,26d2a6455efd78d0c09048a63ff5029c270c4121acee596dd9e0568bc1dda1e9,financieras,nuevo,2014-04-30,unica,Carátula,6,0,6
2_BOLF_042014_oct.xls,26d2a6455efd78d0c09048a63ff5029c270c4121acee596dd9e0568bc1dda1e9,financieras,nuevo,2014-04-30,unica,Índice,35,14,21
2_BOLF_042014_oct.xls,26d2a6455efd78d0c09048a63ff5029c270c4121acee596dd9e0568bc1dda1e9,financieras,nuevo,2014-04-30,unica,1,2793,2649,144
2_BOLF_042014_oct.xls,26d2a6455efd78d0c09048a63ff5029c270c4121acee596dd9e0568bc1dda1e9,financieras,nuevo,2014-04-30,unica,2,3221,3072,149
2_BOLF_042014_oct.xls,26d2a6455efd78d0c09048a63ff5029c270c4121acee596dd9e0568bc1dda1e9,financieras,nuevo,2014-04-30,unica,3,532,444,88
2_BOLF_042014_oct.xls,26d2a6455efd78d0c09048a63ff5029c270c4121acee596dd9e0568bc1dda1e9,financieras,nuevo,2014-04-30,unica,4,734,620,114
2_BOLF_042014_oct.xls,26d2a6455efd78d0c09048a63ff5029c270c4121acee596dd9e0568bc1dda1e9,financieras,nuevo,2014-04-30,unica,5,216,182,34
2_BOLF_042014_oct.xls,26d2a6455efd78d0c09048a63ff5029c270c4121acee596dd9e0568bc1dda1e9,financieras,nuevo,2014-04-30,unica,6,215,182,33
2_BOLF_042014_oct.xls,26d2a6455efd78d0c09048a63ff5029c270c4121acee596dd9e0568bc1dda1e9,financieras,nuevo,2014-04-30,unica,7,215,182,33
2_BOLF_042014_oct.xls,26d2a6455efd78d0c09048a63ff5029c270c4121acee596dd9e0568bc1dda1e9,financieras,nuevo,2014-04-30,unica,8,217,164,53
2_BOLF_042014_oct.xls,26d2a6455efd78d0c09048a63ff5029c270c4121acee596dd9e0568bc1dda1e9,financieras,nuevo,2014-04-30,unica,9,217,164,53
2_BOLF_042014_oct.xls,26d2a6455efd78d0c09048a63ff5029c270c4121acee596dd9e0568bc1dda1e9,financieras,nuevo,2014-04-30,unica,10,217,182,35
2_BOLF_042014_oct.xls,26d2a6455efd78d0c09048a63ff5029c270c4121acee596dd9e0568bc1dda1e9,financieras,nuevo,2014-04-30,unica,11,217,182,35
2_BOLF_042014_oct.xls,26d2a6455efd78d0c09048a63ff5029c270c4121acee596dd9e0568bc1dda1e9,financieras,nuevo,2014-04-30,unica,12,217,182,35
2_BOLF_042014_oct.xls,26d2a6455efd78d0c09048a63ff5029c270c4121acee596dd9e0568bc1dda1e9,financieras,nuevo,2014-04-30,unica,13,217,182,35
2_BOLF_042014_oct.xls,26d2a6455efd78d0c09048a63ff5029c270c4121acee596dd9e0568bc1dda1e9,financieras,nuevo,2014-04-30,unica,14,217,182,35
2_BOLF_042014_oct.xls,26d2a6455efd78d0c09048a63ff5029c270c4121acee596dd9e0568bc1dda1e9,financieras,nuevo,2014-04-30,unica,Módulo1,0,0,0
2_BOLF_052014_oct(3).xls,c6ad75f2d50127008e4815969cf64634d283f1cdb074a4e33bc78655bb6c2650,financieras,nuevo,2014-05-31,unica,Carátula,6,0,6
2_BOLF_052014_oct(3).xls,c6ad75f2d50127008e4815969cf64634d283f1cdb074a4e33bc78655bb6c2650,financieras,nuevo,2014-05-31,unica,Índice,35,14,21
2_BOLF_052014_oct(3).xls,c6ad75f2d50127008e4815969cf64634d283f1cdb074a4e33bc78655bb6c2650,financieras,nuevo,2014-05-31,unica,1,2879,2733,146
2_BOLF_052014_oct(3).xls,c6ad75f2d50127008e4815969cf64634d283f1cdb074a4e33bc78655bb6c2650,financieras,nuevo,2014-05-31,unica,2,3221,3072,149
2_BOLF_052014_oct(3).xls,c6ad75f2d50127008e4815969cf64634d283f1cdb074a4e33bc78655bb6c2650,financieras,nuevo,2014-05-31,unica,3,516,429,87
2_BOLF_052014_oct(3).xls,c6ad75f2d50127008e4815969cf64634d283f1cdb074a4e33bc78655bb6c2650,financieras,nuevo,2014-05-31,unica,4,708,594,114
2_BOLF_052014_oct(3).xls,c6ad75f2d50127008e4815969cf64634d283f1cdb074a4e33bc78655bb6c2650,financieras,nuevo,2014-05-31,unica,5,216,182,34
2_BOLF_052014_oct(3).xls,c6ad75f2d50127008e4815969cf64634d283f1cdb074a4e33bc78655bb6c2650,financieras,nuevo,2014-05-31,unica,6,214,182,32
2_BOLF_052014_oct(3).xls,c6ad75f2d50127008e4815969cf64634d283f1cdb074a4e33bc78655bb6c2650,financieras,nuevo,2014-05-31,unica,7,215,182,33
2_BOLF_052014_oct(3).xls,c6ad75f2d50127008e4815969cf64634d283f1cdb074a4e33bc78655bb6c2650,financieras,nuevo,2014-05-31,unica,8,217,166,51
2_BOLF_052014_oct(3).xls,c6ad75f2d50127008e4815969cf64634d283f1cdb074a4e33bc78655bb6c2650,financieras,nuevo,2014-05-31,unica,9,217,166,51
2_BOLF_052014_oct(3).xls,c6ad75f2d50127008e4815969cf64634d283f1cdb074a4e33bc78655bb6c2650,financieras,nuevo,2014-05-31,unica,10,217,182,35
2_BOLF_052014_oct(3).xls,c6ad75f2d50127008e4815969cf64634d283f1cdb074a4e33bc78655bb6c2650,financieras,nuevo,2014-05-31,unica,11,217,182,35
2_BOLF_052014_oct(3).xls,c6ad75f2d50127008e4815969cf64634d283f1cdb074a4e33bc78655bb6c2650,financieras,nuevo,2014-05-31,unica,12,217,182,35
2_BOLF_052014_oct(3).xls,c6ad75f2d50127008e4815969cf64634d283f1cdb074a4e33bc78655bb6c2650,financieras,nuevo,2014-05-31,unica,13,217,182,35
2_BOLF_052014_oct(3).xls,c6ad75f2d50127008e4815969cf64634d283f1cdb074a4e33bc78655bb6c2650,financieras,nuevo,2014-05-31,unica,14,217,182,35
2_BOLF_052014_oct(3).xls,c6ad75f2d50127008e4815969cf64634d283f1cdb074a4e33bc78655bb6c2650,financieras,nuevo,2014-05-31,unica,Módulo1,0,0,0
2_BOLF_062014(3).xls,820605d653d3e5758e2a3840c0e67340bbe1179cf83fa90c1386e6805da6050e,financieras,nuevo,2014-06-30,unica,Carátula,7,0,7
2_BOLF_062014(3).xls,820605d653d3e5758e2a3840c0e67340bbe1179cf83fa90c1386e6805da6050e,financieras,nuevo,2014-06-30,unica,Índice,35,14,21
2_BOLF_062014(3).xls,820605d653d3e5758e2a3840c0e67340bbe1179cf83fa90c1386e6805da6050e,financieras,nuevo,2014-06-30,unica,1,2879,2733,146
2_BOLF_062014(3).xls,820605d653d3e5758e2a3840c0e67340bbe1179cf83fa90c1386e6805da6050e,financieras,nuevo,2014-06-30,unica,2,3221,3072,149
2_BOLF_062014(3).xls,820605d653d3e5758e2a3840c0e67340bbe1179cf83fa90c1386e6805da6050e,financieras,nuevo,2014-06-30,unica,3,517,430,87
2_BOLF_062014(3).xls,820605d653d3e5758e2a3840c0e67340bbe1179cf83fa90c1386e6805da6050e,financieras,nuevo,2014-06-30,unica,4,708,594,114
2_BOLF_062014(3).xls,820605d653d3e5758e2a3840c0e67340bbe1179cf83fa90c1386e6805da6050e,financieras,nuevo,2014-06-30,unica,5,215,182,33
2_BOLF_062014(3).xls,820605d653d3e5758e2a3840c0e67340bbe1179cf83fa90c1386e6805da6050e,financieras,nuevo,2014-06-30,unica,6,214,182,32
2_BOLF_062014(3).xls,820605d653d3e5758e2a3840c0e67340bbe1179cf83fa90c1386e6805da6050e,financieras,nuevo,2014-06-30,unica,7,215,182,33
2_BOLF_062014(3).xls,820605d653d3e5758e2a3840c0e67340bbe1179cf83fa90c1386e6805da6050e,financieras,nuevo,2014-06-30,unica,8,217,168,49
2_BOLF_062014(3).xls,820605d653d3e5758e2a3840c0e67340bbe1179cf83fa90c1386e6805da6050e,financieras,nuevo,2014-06-30,unica,9,217,168,49
2_BOLF_062014(3).xls,820605d653d3e5758e2a3840c0e67340bbe1179cf83fa90c1386e6805da6050e,financieras,nuevo,2014-06-30,unica,10,217,182,35
2_BOLF_062014(3).xls,820605d653d3e5758e2a3840c0e67340bbe1179cf83fa90c1386e6805da6050e,financieras,nuevo,2014-06-30,unica,11,217,182,35
2_BOLF_062014(3).xls,820605d653d3e5758e2a3840c0e67340bbe1179cf83fa90c1386e6805da6050e,financieras,nuevo,2014-06-30,unica,12,217,182,35
2_BOLF_062014(3).xls,820605d653d3e5758e2a3840c0e67340bbe1179cf83fa90c1386e6805da6050e,financieras,nuevo,2014-06-30,unica,13,217,182,35
2_BOLF_062014(3).xls,820605d653d3e5758e2a3840c0e67340bbe1179cf83fa90c1386e6805da6050e,financieras,nuevo,2014-06-30,unica,14,217,182,35
2_BOLF_062014(3).xls,820605d653d3e5758e2a3840c0e67340bbe1179cf83fa90c1386e6805da6050e,financieras,nuevo,2014-06-30,unica,Módulo1,0,0,0
2_BOLF_072014(2).xls,de15e852e6df67071e8c477819a75caa10613bf2ee5c3716b7b45dff0d6219b2,financieras,nuevo,2014-07-31,unica,Carátula,7,1,6
2_BOLF_072014(2).xls,de15e852e6df67071e8c477819a75caa10613bf2ee5c3716b7b45dff0d6219b2,financieras,nuevo,2014-07-31,unica,Índice,35,15,20
2_BOLF_072014(2).xls,de15e852e6df67071e8c477819a75caa10613bf2ee5c3716b7b45dff0d6219b2,financieras,nuevo,2014-07-31,unica,1,3078,2928,150
2_BOLF_072014(2).xls,de15e852e6df67071e8c477819a75caa10613bf2ee5c3716b7b45dff0d6219b2,financieras,nuevo,2014-07-31,unica,2,3446,3293,153
2_BOLF_072014(2).xls,de15e852e6df67071e8c477819a75caa10613bf2ee5c3716b7b45dff0d6219b2,financieras,nuevo,2014-07-31,unica,3,550,461,89
2_BOLF_072014(2).xls,de15e852e6df67071e8c477819a75caa10613bf2ee5c3716b7b45dff0d6219b2,financieras,nuevo,2014-07-31,unica,4,786,637,149
2_BOLF_072014(2).xls,de15e852e6df67071e8c477819a75caa10613bf2ee5c3716b7b45dff0d6219b2,financieras,nuevo,2014-07-31,unica,5,230,195,35
2_BOLF_072014(2).xls,de15e852e6df67071e8c477819a75caa10613bf2ee5c3716b7b45dff0d6219b2,financieras,nuevo,2014-07-31,unica,6,229,183,46
2_BOLF_072014(2).xls,de15e852e6df67071e8c477819a75caa10613bf2ee5c3716b7b45dff0d6219b2,financieras,nuevo,2014-07-31,unica,7,230,195,35
2_BOLF_072014(2).xls,de15e852e6df67071e8c477819a75caa10613bf2ee5c3716b7b45dff0d6219b2,financieras,nuevo,2014-07-31,unica,8,232,183,49
2_BOLF_072014(2).xls,de15e852e6df67071e8c477819a75caa10613bf2ee5c3716b7b45dff0d6219b2,financieras,nuevo,2014-07-31,unica,9,232,183,49
2_BOLF_072014(2).xls,de15e852e6df67071e8c477819a75caa10613bf2ee5c3716b7b45dff0d6219b2,financieras,nuevo,2014-07-31,unica,10,231,194,37
2_BOLF_072014(2).xls,de15e852e6df67071e8c477819a75caa10613bf2ee5c3716b7b45dff0d6219b2,financieras,nuevo,2014-07-31,unica,11,231,194,37
2_BOLF_072014(2).xls,de15e852e6df67071e8c477819a75caa10613bf2ee5c3716b7b45dff0d6219b2,financieras,nuevo,2014-07-31,unica,12,231,194,37
2_BOLF_072014(2).xls,de15e852e6df67071e8c477819a75caa10613bf2ee5c3716b7b45dff0d6219b2,financieras,nuevo,2014-07-31,unica,13,232,195,37
2_BOLF_072014(2).xls,de15e852e6df67071e8c477819a75caa10613bf2ee5c3716b7b45dff0d6219b2,financieras,nuevo,2014-07-31,unica,14,231,194,37
2_BOLF_072014(2).xls,de15e852e6df67071e8c477819a75caa10613bf2ee5c3716b7b45dff0d6219b2,financieras,nuevo,2014-07-31,unica,Módulo1,0,0,0
2_BOLF_082014(2).xls,e89a843642017b50cd9c174951a8c7dc721aab15f7c2b4c0f37764a1ffb4d047,financieras,nuevo,2014-08-31,unica,Carátula,7,0,7
2_BOLF_082014(2).xls,e89a843642017b50cd9c174951a8c7dc721aab15f7c2b4c0f37764a1ffb4d047,financieras,nuevo,2014-08-31,unica,Índice,35,14,21
2_BOLF_082014(2).xls,e89a843642017b50cd9c174951a8c7dc721aab15f7c2b4c0f37764a1ffb4d047,financieras,nuevo,2014-08-31,unica,1,3125,2973,152
2_BOLF_082014(2).xls,e89a843642017b50cd9c174951a8c7dc721aab15f7c2b4c0f37764a1ffb4d047,financieras,nuevo,2014-08-31,unica,2,3447,3293,154
2_BOLF_082014(2).xls,e89a843642017b50cd9c174951a8c7dc721aab15f7c2b4c0f37764a1ffb4d047,financieras,nuevo,2014-08-31,unica,3,549,460,89
2_BOLF_082014(2).xls,e89a843642017b50cd9c174951a8c7dc721aab15f7c2b4c0f37764a1ffb4d047,financieras,nuevo,2014-08-31,unica,4,786,636,150
2_BOLF_082014(2).xls,e89a843642017b50cd9c174951a8c7dc721aab15f7c2b4c0f37764a1ffb4d047,financieras,nuevo,2014-08-31,unica,5,230,195,35
2_BOLF_082014(2).xls,e89a843642017b50cd9c174951a8c7dc721aab15f7c2b4c0f37764a1ffb4d047,financieras,nuevo,2014-08-31,unica,6,229,184,45
2_BOLF_082014(2).xls,e89a843642017b50cd9c174951a8c7dc721aab15f7c2b4c0f37764a1ffb4d047,financieras,nuevo,2014-08-31,unica,7,230,195,35
2_BOLF_082014(2).xls,e89a843642017b50cd9c174951a8c7dc721aab15f7c2b4c0f37764a1ffb4d047,financieras,nuevo,2014-08-31,unica,8,232,185,47
2_BOLF_082014(2).xls,e89a843642017b50cd9c174951a8c7dc721aab15f7c2b4c0f37764a1ffb4d047,financieras,nuevo,2014-08-31,unica,9,232,185,47
2_BOLF_082014(2).xls,e89a843642017b50cd9c174951a8c7dc721aab15f7c2b4c0f37764a1ffb4d047,financieras,nuevo,2014-08-31,unica,10,231,194,37
2_BOLF_082014(2).xls,e89a843642017b50cd9c174951a8c7dc721aab15f7c2b4c0f37764a1ffb4d047,financieras,nuevo,2014-08-31,unica,11,231,194,37
2_BOLF_082014(2).xls,e89a843642017b50cd9c174951a8c7dc721aab15f7c2b4c0f37764a1ffb4d047,financieras,nuevo,2014-08-31,unica,12,231,194,37
2_BOLF_082014(2).xls,e89a843642017b50cd9c174951a8c7dc721aab15f7c2b4c0f37764a1ffb4d047,financieras,nuevo,2014-08-31,unica,13,232,195,37
2_BOLF_082014(2).xls,e89a843642017b50cd9c174951a8c7dc721aab15f7c2b4c0f37764a1ffb4d047,financieras,nuevo,2014-08-31,unica,14,231,194,37
2_BOLF_082014(2).xls,e89a843642017b50cd9c174951a8c7dc721aab15f7c2b4c0f37764a1ffb4d047,financieras,nuevo,2014-08-31,unica,Módulo1,0,0,0
2_BOLF_092014_041114.xls,7bb88d826adf9d5f8f712634a6705ea3a279f8670d84f1f2514caf9649c43829,financieras,nuevo,2014-09-30,unica,Carátula,7,0,7
2_BOLF_092014_041114.xls,7bb88d826adf9d5f8f712634a6705ea3a279f8670d84f1f2514caf9649c43829,financieras,nuevo,2014-09-30,unica,Índice,37,15,22
2_BOLF_092014_041114.xls,7bb88d826adf9d5f8f712634a6705ea3a279f8670d84f1f2514caf9649c43829,financieras,nuevo,2014-09-30,unica,1,194,135,59
2_BOLF_092014_041114.xls,7bb88d826adf9d5f8f712634a6705ea3a279f8670d84f1f2514caf9649c43829,financieras,nuevo,2014-09-30,unica,2,3125,2973,152
2_BOLF_092014_041114.xls,7bb88d826adf9d5f8f712634a6705ea3a279f8670d84f1f2514caf9649c43829,financieras,nuevo,2014-09-30,unica,3,3447,3293,154
2_BOLF_092014_041114.xls,7bb88d826adf9d5f8f712634a6705ea3a279f8670d84f1f2514caf9649c43829,financieras,nuevo,2014-09-30,unica,4,551,462,89
2_BOLF_092014_041114.xls,7bb88d826adf9d5f8f712634a6705ea3a279f8670d84f1f2514caf9649c43829,financieras,nuevo,2014-09-30,unica,5,786,636,150
2_BOLF_092014_041114.xls,7bb88d826adf9d5f8f712634a6705ea3a279f8670d84f1f2514caf9649c43829,financieras,nuevo,2014-09-30,unica,6,230,195,35
2_BOLF_092014_041114.xls,7bb88d826adf9d5f8f712634a6705ea3a279f8670d84f1f2514caf9649c43829,financieras,nuevo,2014-09-30,unica,7,229,185,44
2_BOLF_092014_041114.xls,7bb88d826adf9d5f8f712634a6705ea3a279f8670d84f1f2514caf9649c43829,financieras,nuevo,2014-09-30,unica,8,230,195,35
2_BOLF_092014_041114.xls,7bb88d826adf9d5f8f712634a6705ea3a279f8670d84f1f2514caf9649c43829,financieras,nuevo,2014-09-30,unica,9,232,187,45
2_BOLF_092014_041114.xls,7bb88d826adf9d5f8f712634a6705ea3a279f8670d84f1f2514caf9649c43829,financieras,nuevo,2014-09-30,unica,10,232,187,45
2_BOLF_092014_041114.xls,7bb88d826adf9d5f8f712634a6705ea3a279f8670d84f1f2514caf9649c43829,financieras,nuevo,2014-09-30,unica,11,231,194,37
2_BOLF_092014_041114.xls,7bb88d826adf9d5f8f712634a6705ea3a279f8670d84f1f2514caf9649c43829,financieras,nuevo,2014-09-30,unica,12,231,194,37
2_BOLF_092014_041114.xls,7bb88d826adf9d5f8f712634a6705ea3a279f8670d84f1f2514caf9649c43829,financieras,nuevo,2014-09-30,unica,13,231,194,37
2_BOLF_092014_041114.xls,7bb88d826adf9d5f8f712634a6705ea3a279f8670d84f1f2514caf9649c43829,financieras,nuevo,2014-09-30,unica,14,232,195,37
2_BOLF_092014_041114.xls,7bb88d826adf9d5f8f712634a6705ea3a279f8670d84f1f2514caf9649c43829,financieras,nuevo,2014-09-30,unica,15,231,194,37
2_BOLF_092014_041114.xls,7bb88d826adf9d5f8f712634a6705ea3a279f8670d84f1f2514caf9649c43829,financieras,nuevo,2014-09-30,unica,Módulo1,0,0,0
2_BOLF_102014.xls,46d4f47d2106ca127d0518e08f1e527fd2fbabeee2b821fe6313ea64eac5ed73,financieras,nuevo,2014-10-31,unica,Carátula,7,0,7
2_BOLF_102014.xls,46d4f47d2106ca127d0518e08f1e527fd2fbabeee2b821fe6313ea64eac5ed73,financieras,nuevo,2014-10-31,unica,Índice,37,15,22
2_BOLF_102014.xls,46d4f47d2106ca127d0518e08f1e527fd2fbabeee2b821fe6313ea64eac5ed73,financieras,nuevo,2014-10-31,unica,1,194,135,59
2_BOLF_102014.xls,46d4f47d2106ca127d0518e08f1e527fd2fbabeee2b821fe6313ea64eac5ed73,financieras,nuevo,2014-10-31,unica,2,3170,3018,152
2_BOLF_102014.xls,46d4f47d2106ca127d0518e08f1e527fd2fbabeee2b821fe6313ea64eac5ed73,financieras,nuevo,2014-10-31,unica,3,3446,3293,153
2_BOLF_102014.xls,46d4f47d2106ca127d0518e08f1e527fd2fbabeee2b821fe6313ea64eac5ed73,financieras,nuevo,2014-10-31,unica,4,548,460,88
2_BOLF_102014.xls,46d4f47d2106ca127d0518e08f1e527fd2fbabeee2b821fe6313ea64eac5ed73,financieras,nuevo,2014-10-31,unica,5,785,636,149
2_BOLF_102014.xls,46d4f47d2106ca127d0518e08f1e527fd2fbabeee2b821fe6313ea64eac5ed73,financieras,nuevo,2014-10-31,unica,6,229,195,34
2_BOLF_102014.xls,46d4f47d2106ca127d0518e08f1e527fd2fbabeee2b821fe6313ea64eac5ed73,financieras,nuevo,2014-10-31,unica,7,228,186,42
2_BOLF_102014.xls,46d4f47d2106ca127d0518e08f1e527fd2fbabeee2b821fe6313ea64eac5ed73,financieras,nuevo,2014-10-31,unica,8,229,195,34
2_BOLF_102014.xls,46d4f47d2106ca127d0518e08f1e527fd2fbabeee2b821fe6313ea64eac5ed73,financieras,nuevo,2014-10-31,unica,9,231,189,42
2_BOLF_102014.xls,46d4f47d2106ca127d0518e08f1e527fd2fbabeee2b821fe6313ea64eac5ed73,financieras,nuevo,2014-10-31,unica,10,230,188,42
2_BOLF_102014.xls,46d4f47d2106ca127d0518e08f1e527fd2fbabeee2b821fe6313ea64eac5ed73,financieras,nuevo,2014-10-31,unica,11,230,194,36
2_BOLF_102014.xls,46d4f47d2106ca127d0518e08f1e527fd2fbabeee2b821fe6313ea64eac5ed73,financieras,nuevo,2014-10-31,unica,12,230,194,36
2_BOLF_102014.xls,46d4f47d2106ca127d0518e08f1e527fd2fbabeee2b821fe6313ea64eac5ed73,financieras,nuevo,2014-10-31,unica,13,230,194,36
2_BOLF_102014.xls,46d4f47d2106ca127d0518e08f1e527fd2fbabeee2b821fe6313ea64eac5ed73,financieras,nuevo,2014-10-31,unica,14,231,195,36
2_BOLF_102014.xls,46d4f47d2106ca127d0518e08f1e527fd2fbabeee2b821fe6313ea64eac5ed73,financieras,nuevo,2014-10-31,unica,15,230,194,36
2_BOLF_102014.xls,46d4f47d2106ca127d0518e08f1e527fd2fbabeee2b821fe6313ea64eac5ed73,financieras,nuevo,2014-10-31,unica,Módulo1,0,0,0
2_BOLF 112014.xls,b18125b2706b106073eee8ab2156cde6cb968d25ae4f729e5797d00a4eade792,financieras,nuevo,2014-11-30,unica,Carátula,7,0,7
2_BOLF 112014.xls,b18125b2706b106073eee8ab2156cde6cb968d25ae4f729e5797d00a4eade792,financieras,nuevo,2014-11-30,unica,Índice,41,17,24
2_BOLF 112014.xls,b18125b2706b106073eee8ab2156cde6cb968d25ae4f729e5797d00a4eade792,financieras,nuevo,2014-11-30,unica,1,194,133,61
2_BOLF 112014.xls,b18125b2706b106073eee8ab2156cde6cb968d25ae4f729e5797d00a4eade792,financieras,nuevo,2014-11-30,unica,2,3170,3018,152
2_BOLF 112014.xls,b18125b2706b106073eee8ab2156cde6cb968d25ae4f729e5797d00a4eade792,financieras,nuevo,2014-11-30,unica,3,3446,3293,153
2_BOLF 112014.xls,b18125b2706b106073eee8ab2156cde6cb968d25ae4f729e5797d00a4eade792,financieras,nuevo,2014-11-30,unica,4,550,462,88
2_BOLF 112014.xls,b18125b2706b106073eee8ab2156cde6cb968d25ae4f729e5797d00a4eade792,financieras,nuevo,2014-11-30,unica,5,785,636,149
2_BOLF 112014.xls,b18125b2706b106073eee8ab2156cde6cb968d25ae4f729e5797d00a4eade792,financieras,nuevo,2014-11-30,unica,6,230,195,35
2_BOLF 112014.xls,b18125b2706b106073eee8ab2156cde6cb968d25ae4f729e5797d00a4eade792,financieras,nuevo,2014-11-30,unica,7,229,195,34
2_BOLF 112014.xls,b18125b2706b106073eee8ab2156cde6cb968d25ae4f729e5797d00a4eade792,financieras,nuevo,2014-11-30,unica,8,230,187,43
2_BOLF 112014.xls,b18125b2706b106073eee8ab2156cde6cb968d25ae4f729e5797d00a4eade792,financieras,nuevo,2014-11-30,unica,9,230,195,35
2_BOLF 112014.xls,b18125b2706b106073eee8ab2156cde6cb968d25ae4f729e5797d00a4eade792,financieras,nuevo,2014-11-30,unica,10,229,195,34
2_BOLF 112014.xls,b18125b2706b106073eee8ab2156cde6cb968d25ae4f729e5797d00a4eade792,financieras,nuevo,2014-11-30,unica,11,231,191,40
2_BOLF 112014.xls,b18125b2706b106073eee8ab2156cde6cb968d25ae4f729e5797d00a4eade792,financieras,nuevo,2014-11-30,unica,12,231,191,40
2_BOLF 112014.xls,b18125b2706b106073eee8ab2156cde6cb968d25ae4f729e5797d00a4eade792,financieras,nuevo,2014-11-30,unica,13,230,194,36
2_BOLF 112014.xls,b18125b2706b106073eee8ab2156cde6cb968d25ae4f729e5797d00a4eade792,financieras,nuevo,2014-11-30,unica,14,230,194,36
2_BOLF 112014.xls,b18125b2706b106073eee8ab2156cde6cb968d25ae4f729e5797d00a4eade792,financieras,nuevo,2014-11-30,unica,15,230,194,36
2_BOLF 112014.xls,b18125b2706b106073eee8ab2156cde6cb968d25ae4f729e5797d00a4eade792,financieras,nuevo,2014-11-30,unica,16,231,195,36
2_BOLF 112014.xls,b18125b2706b106073eee8ab2156cde6cb968d25ae4f729e5797d00a4eade792,financieras,nuevo,2014-11-30,unica,17,230,194,36
2_BOLF 112014.xls,b18125b2706b106073eee8ab2156cde6cb968d25ae4f729e5797d00a4eade792,financieras,nuevo,2014-11-30,unica,Módulo1,0,0,0
2_BOLF 12.2014.xls,30dc9888eb2de3853ac40a55b56d0104d941741dd42d997e9891aafbc1aefceb,financieras,nuevo,2014-12-31,unica,Carátula,7,0,7
2_BOLF 12.2014.xls,30dc9888eb2de3853ac40a55b56d0104d941741dd42d997e9891aafbc1aefceb,financieras,nuevo,2014-12-31,unica,Índice,41,17,24
2_BOLF 12.2014.xls,30dc9888eb2de3853ac40a55b56d0104d941741dd42d997e9891aafbc1aefceb,financieras,nuevo,2014-12-31,unica,1,194,133,61
2_BOLF 12.2014.xls,30dc9888eb2de3853ac40a55b56d0104d941741dd42d997e9891aafbc1aefceb,financieras,nuevo,2014-12-31,unica,2,3171,3019,152
2_BOLF 12.2014.xls,30dc9888eb2de3853ac40a55b56d0104d941741dd42d997e9891aafbc1aefceb,financieras,nuevo,2014-12-31,unica,3,3446,3293,153
2_BOLF 12.2014.xls,30dc9888eb2de3853ac40a55b56d0104d941741dd42d997e9891aafbc1aefceb,financieras,nuevo,2014-12-31,unica,4,550,462,88
2_BOLF 12.2014.xls,30dc9888eb2de3853ac40a55b56d0104d941741dd42d997e9891aafbc1aefceb,financieras,nuevo,2014-12-31,unica,5,786,637,149
2_BOLF 12.2014.xls,30dc9888eb2de3853ac40a55b56d0104d941741dd42d997e9891aafbc1aefceb,financieras,nuevo,2014-12-31,unica,6,229,195,34
2_BOLF 12.2014.xls,30dc9888eb2de3853ac40a55b56d0104d941741dd42d997e9891aafbc1aefceb,financieras,nuevo,2014-12-31,unica,7,229,195,34
2_BOLF 12.2014.xls,30dc9888eb2de3853ac40a55b56d0104d941741dd42d997e9891aafbc1aefceb,financieras,nuevo,2014-12-31,unica,8,229,188,41
2_BOLF 12.2014.xls,30dc9888eb2de3853ac40a55b56d0104d941741dd42d997e9891aafbc1aefceb,financieras,nuevo,2014-12-31,unica,9,229,195,34
2_BOLF 12.2014.xls,30dc9888eb2de3853ac40a55b56d0104d941741dd42d997e9891aafbc1aefceb,financieras,nuevo,2014-12-31,unica,10,229,195,34
2_BOLF 12.2014.xls,30dc9888eb2de3853ac40a55b56d0104d941741dd42d997e9891aafbc1aefceb,financieras,nuevo,2014-12-31,unica,11,231,193,38
2_BOLF 12.2014.xls,30dc9888eb2de3853ac40a55b56d0104d941741dd42d997e9891aafbc1aefceb,financieras,nuevo,2014-12-31,unica,12,230,192,38
2_BOLF 12.2014.xls,30dc9888eb2de3853ac40a55b56d0104d941741dd42d997e9891aafbc1aefceb,financieras,nuevo,2014-12-31,unica,13,230,194,36
2_BOLF 12.2014.xls,30dc9888eb2de3853ac40a55b56d0104d941741dd42d997e9891aafbc1aefceb,financieras,nuevo,2014-12-31,unica,14,230,194,36
2_BOLF 12.2014.xls,30dc9888eb2de3853ac40a55b56d0104d941741dd42d997e9891aafbc1aefceb,financieras,nuevo,2014-12-31,unica,15,230,194,36
2_BOLF 12.2014.xls,30dc9888eb2de3853ac40a55b56d0104d941741dd42d997e9891aafbc1aefceb,financieras,nuevo,2014-12-31,unica,16,231,195,36
2_BOLF 12.2014.xls,30dc9888eb2de3853ac40a55b56d0104d941741dd42d997e9891aafbc1aefceb,financieras,nuevo,2014-12-31,unica,17,230,194,36
2_BOLF 12.2014.xls,30dc9888eb2de3853ac40a55b56d0104d941741dd42d997e9891aafbc1aefceb,financieras,nuevo,2014-12-31,unica,Módulo1,0,0,0
2_BOLF_012015.xls,e897df7773ac6935f093fce60e046dbed2f9e03b193bd16495dfab3b5bf2e3a9,financieras,nuevo,2015-01-31,unica,Carátula,7,0,7
2_BOLF_012015.xls,e897df7773ac6935f093fce60e046dbed2f9e03b193bd16495dfab3b5bf2e3a9,financieras,nuevo,2015-01-31,unica,Índice,41,17,24
2_BOLF_012015.xls,e897df7773ac6935f093fce60e046dbed2f9e03b193bd16495dfab3b5bf2e3a9,financieras,nuevo,2015-01-31,unica,1,194,133,61
2_BOLF_012015.xls,e897df7773ac6935f093fce60e046dbed2f9e03b193bd16495dfab3b5bf2e3a9,financieras,nuevo,2015-01-31,unica,2,3170,3018,152
2_BOLF_012015.xls,e897df7773ac6935f093fce60e046dbed2f9e03b193bd16495dfab3b5bf2e3a9,financieras,nuevo,2015-01-31,unica,3,3446,3293,153
2_BOLF_012015.xls,e897df7773ac6935f093fce60e046dbed2f9e03b193bd16495dfab3b5bf2e3a9,financieras,nuevo,2015-01-31,unica,4,551,463,88
2_BOLF_012015.xls,e897df7773ac6935f093fce60e046dbed2f9e03b193bd16495dfab3b5bf2e3a9,financieras,nuevo,2015-01-31,unica,5,785,636,149
2_BOLF_012015.xls,e897df7773ac6935f093fce60e046dbed2f9e03b193bd16495dfab3b5bf2e3a9,financieras,nuevo,2015-01-31,unica,6,229,195,34
2_BOLF_012015.xls,e897df7773ac6935f093fce60e046dbed2f9e03b193bd16495dfab3b5bf2e3a9,financieras,nuevo,2015-01-31,unica,7,229,195,34
2_BOLF_012015.xls,e897df7773ac6935f093fce60e046dbed2f9e03b193bd16495dfab3b5bf2e3a9,financieras,nuevo,2015-01-31,unica,8,229,189,40
2_BOLF_012015.xls,e897df7773ac6935f093fce60e046dbed2f9e03b193bd16495dfab3b5bf2e3a9,financieras,nuevo,2015-01-31,unica,9,229,195,34
2_BOLF_012015.xls,e897df7773ac6935f093fce60e046dbed2f9e03b193bd16495dfab3b5bf2e3a9,financieras,nuevo,2015-01-31,unica,10,229,195,34
2_BOLF_012015.xls,e897df7773ac6935f093fce60e046dbed2f9e03b193bd16495dfab3b5bf2e3a9,financieras,nuevo,2015-01-31,unica,11,231,195,36
2_BOLF_012015.xls,e897df7773ac6935f093fce60e046dbed2f9e03b193bd16495dfab3b5bf2e3a9,financieras,nuevo,2015-01-31,unica,12,230,194,36
2_BOLF_012015.xls,e897df7773ac6935f093fce60e046dbed2f9e03b193bd16495dfab3b5bf2e3a9,financieras,nuevo,2015-01-31,unica,13,230,194,36
2_BOLF_012015.xls,e897df7773ac6935f093fce60e046dbed2f9e03b193bd16495dfab3b5bf2e3a9,financieras,nuevo,2015-01-31,unica,14,230,194,36
2_BOLF_012015.xls,e897df7773ac6935f093fce60e046dbed2f9e03b193bd16495dfab3b5bf2e3a9,financieras,nuevo,2015-01-31,unica,15,230,194,36
2_BOLF_012015.xls,e897df7773ac6935f093fce60e046dbed2f9e03b193bd16495dfab3b5bf2e3a9,financieras,nuevo,2015-01-31,unica,16,231,195,36
2_BOLF_012015.xls,e897df7773ac6935f093fce60e046dbed2f9e03b193bd16495dfab3b5bf2e3a9,financieras,nuevo,2015-01-31,unica,17,230,194,36
2_BOLF_012015.xls,e897df7773ac6935f093fce60e046dbed2f9e03b193bd16495dfab3b5bf2e3a9,financieras,nuevo,2015-01-31,unica,Módulo1,0,0,0
2_BOLF 022015.xls,b84c54b9d49c1d902d62d0c4bad9d7e5caff04f4f1c19a0294f9a5cc0e01deb3,financieras,nuevo,2015-02-28,unica,Carátula,7,0,7
2_BOLF 022015.xls,b84c54b9d49c1d902d62d0c4bad9d7e5caff04f4f1c19a0294f9a5cc0e01deb3,financieras,nuevo,2015-02-28,unica,Índice,41,17,24
2_BOLF 022015.xls,b84c54b9d49c1d902d62d0c4bad9d7e5caff04f4f1c19a0294f9a5cc0e01deb3,financieras,nuevo,2015-02-28,unica,1,194,133,61
2_BOLF 022015.xls,b84c54b9d49c1d902d62d0c4bad9d7e5caff04f4f1c19a0294f9a5cc0e01deb3,financieras,nuevo,2015-02-28,unica,2,2967,2817,150
2_BOLF 022015.xls,b84c54b9d49c1d902d62d0c4bad9d7e5caff04f4f1c19a0294f9a5cc0e01deb3,financieras,nuevo,2015-02-28,unica,3,3221,3072,149
2_BOLF 022015.xls,b84c54b9d49c1d902d62d0c4bad9d7e5caff04f4f1c19a0294f9a5cc0e01deb3,financieras,nuevo,2015-02-28,unica,4,517,430,87
2_BOLF 022015.xls,b84c54b9d49c1d902d62d0c4bad9d7e5caff04f4f1c19a0294f9a5cc0e01deb3,financieras,nuevo,2015-02-28,unica,5,736,582,154
2_BOLF 022015.xls,b84c54b9d49c1d902d62d0c4bad9d7e5caff04f4f1c19a0294f9a5cc0e01deb3,financieras,nuevo,2015-02-28,unica,6,230,195,35
2_BOLF 022015.xls,b84c54b9d49c1d902d62d0c4bad9d7e5caff04f4f1c19a0294f9a5cc0e01deb3,financieras,nuevo,2015-02-28,unica,7,230,195,35
2_BOLF 022015.xls,b84c54b9d49c1d902d62d0c4bad9d7e5caff04f4f1c19a0294f9a5cc0e01deb3,financieras,nuevo,2015-02-28,unica,8,230,190,40
2_BOLF 022015.xls,b84c54b9d49c1d902d62d0c4bad9d7e5caff04f4f1c19a0294f9a5cc0e01deb3,financieras,nuevo,2015-02-28,unica,9,230,195,35
2_BOLF 022015.xls,b84c54b9d49c1d902d62d0c4bad9d7e5caff04f4f1c19a0294f9a5cc0e01deb3,financieras,nuevo,2015-02-28,unica,10,230,195,35
2_BOLF 022015.xls,b84c54b9d49c1d902d62d0c4bad9d7e5caff04f4f1c19a0294f9a5cc0e01deb3,financieras,nuevo,2015-02-28,unica,11,232,195,37
2_BOLF 022015.xls,b84c54b9d49c1d902d62d0c4bad9d7e5caff04f4f1c19a0294f9a5cc0e01deb3,financieras,nuevo,2015-02-28,unica,12,231,194,37
2_BOLF 022015.xls,b84c54b9d49c1d902d62d0c4bad9d7e5caff04f4f1c19a0294f9a5cc0e01deb3,financieras,nuevo,2015-02-28,unica,13,232,195,37
2_BOLF 022015.xls,b84c54b9d49c1d902d62d0c4bad9d7e5caff04f4f1c19a0294f9a5cc0e01deb3,financieras,nuevo,2015-02-28,unica,14,231,194,37
2_BOLF 022015.xls,b84c54b9d49c1d902d62d0c4bad9d7e5caff04f4f1c19a0294f9a5cc0e01deb3,financieras,nuevo,2015-02-28,unica,15,230,193,37
2_BOLF 022015.xls,b84c54b9d49c1d902d62d0c4bad9d7e5caff04f4f1c19a0294f9a5cc0e01deb3,financieras,nuevo,2015-02-28,unica,16,232,195,37
2_BOLF 022015.xls,b84c54b9d49c1d902d62d0c4bad9d7e5caff04f4f1c19a0294f9a5cc0e01deb3,financieras,nuevo,2015-02-28,unica,17,231,194,37
2_BOLF 022015.xls,b84c54b9d49c1d902d62d0c4bad9d7e5caff04f4f1c19a0294f9a5cc0e01deb3,financieras,nuevo,2015-02-28,unica,Módulo1,0,0,0
2_BOLF_03_2015.xls,f99dc256efadf0c03abc754ba754cc25e12e9b0236e115ea833da28a7fc715f7,financieras,nuevo,2015-03-31,unica,Carátula,7,0,7
2_BOLF_03_2015.xls,f99dc256efadf0c03abc754ba754cc25e12e9b0236e115ea833da28a7fc715f7,financieras,nuevo,2015-03-31,unica,Índice,41,17,24
2_BOLF_03_2015.xls,f99dc256efadf0c03abc754ba754cc25e12e9b0236e115ea833da28a7fc715f7,financieras,nuevo,2015-03-31,unica,1,194,133,61
2_BOLF_03_2015.xls,f99dc256efadf0c03abc754ba754cc25e12e9b0236e115ea833da28a7fc715f7,financieras,nuevo,2015-03-31,unica,2,2965,2817,148
2_BOLF_03_2015.xls,f99dc256efadf0c03abc754ba754cc25e12e9b0236e115ea833da28a7fc715f7,financieras,nuevo,2015-03-31,unica,3,3221,3072,149
2_BOLF_03_2015.xls,f99dc256efadf0c03abc754ba754cc25e12e9b0236e115ea833da28a7fc715f7,financieras,nuevo,2015-03-31,unica,4,517,430,87
2_BOLF_03_2015.xls,f99dc256efadf0c03abc754ba754cc25e12e9b0236e115ea833da28a7fc715f7,financieras,nuevo,2015-03-31,unica,5,736,582,154
2_BOLF_03_2015.xls,f99dc256efadf0c03abc754ba754cc25e12e9b0236e115ea833da28a7fc715f7,financieras,nuevo,2015-03-31,unica,6,229,194,35
2_BOLF_03_2015.xls,f99dc256efadf0c03abc754ba754cc25e12e9b0236e115ea833da28a7fc715f7,financieras,nuevo,2015-03-31,unica,7,230,195,35
2_BOLF_03_2015.xls,f99dc256efadf0c03abc754ba754cc25e12e9b0236e115ea833da28a7fc715f7,financieras,nuevo,2015-03-31,unica,8,230,191,39
2_BOLF_03_2015.xls,f99dc256efadf0c03abc754ba754cc25e12e9b0236e115ea833da28a7fc715f7,financieras,nuevo,2015-03-31,unica,9,230,195,35
2_BOLF_03_2015.xls,f99dc256efadf0c03abc754ba754cc25e12e9b0236e115ea833da28a7fc715f7,financieras,nuevo,2015-03-31,unica,10,230,195,35
2_BOLF_03_2015.xls,f99dc256efadf0c03abc754ba754cc25e12e9b0236e115ea833da28a7fc715f7,financieras,nuevo,2015-03-31,unica,11,232,195,37
2_BOLF_03_2015.xls,f99dc256efadf0c03abc754ba754cc25e12e9b0236e115ea833da28a7fc715f7,financieras,nuevo,2015-03-31,unica,12,231,194,37
2_BOLF_03_2015.xls,f99dc256efadf0c03abc754ba754cc25e12e9b0236e115ea833da28a7fc715f7,financieras,nuevo,2015-03-31,unica,13,231,194,37
2_BOLF_03_2015.xls,f99dc256efadf0c03abc754ba754cc25e12e9b0236e115ea833da28a7fc715f7,financieras,nuevo,2015-03-31,unica,14,231,194,37
2_BOLF_03_2015.xls,f99dc256efadf0c03abc754ba754cc25e12e9b0236e115ea833da28a7fc715f7,financieras,nuevo,2015-03-31,unica,15,229,192,37
2_BOLF_03_2015.xls,f99dc256efadf0c03abc754ba754cc25e12e9b0236e115ea833da28a7fc715f7,financieras,nuevo,2015-03-31,unica,16,231,194,37
2_BOLF_03_2015.xls,f99dc256efadf0c03abc754ba754cc25e12e9b0236e115ea833da28a7fc715f7,financieras,nuevo,2015-03-31,unica,17,230,193,37
2_BOLF_03_2015.xls,f99dc256efadf0c03abc754ba754cc25e12e9b0236e115ea833da28a7fc715f7,financieras,nuevo,2015-03-31,unica,Módulo1,0,0,0
2_BOLF_042015_reemplaza.xls,92e34b3398fadc791e565cd0cfff687eace2abcd8980a1b4eb41e8fa3b893f88,financieras,nuevo,2015-04-30,unica,Carátula,7,0,7
2_BOLF_042015_reemplaza.xls,92e34b3398fadc791e565cd0cfff687eace2abcd8980a1b4eb41e8fa3b893f88,financieras,nuevo,2015-04-30,unica,Índice,40,17,23
2_BOLF_042015_reemplaza.xls,92e34b3398fadc791e565cd0cfff687eace2abcd8980a1b4eb41e8fa3b893f88,financieras,nuevo,2015-04-30,unica,1,194,133,61
2_BOLF_042015_reemplaza.xls,92e34b3398fadc791e565cd0cfff687eace2abcd8980a1b4eb41e8fa3b893f88,financieras,nuevo,2015-04-30,unica,2,2760,2617,143
2_BOLF_042015_reemplaza.xls,92e34b3398fadc791e565cd0cfff687eace2abcd8980a1b4eb41e8fa3b893f88,financieras,nuevo,2015-04-30,unica,3,2998,2853,145
2_BOLF_042015_reemplaza.xls,92e34b3398fadc791e565cd0cfff687eace2abcd8980a1b4eb41e8fa3b893f88,financieras,nuevo,2015-04-30,unica,4,485,399,86
2_BOLF_042015_reemplaza.xls,92e34b3398fadc791e565cd0cfff687eace2abcd8980a1b4eb41e8fa3b893f88,financieras,nuevo,2015-04-30,unica,5,687,539,148
2_BOLF_042015_reemplaza.xls,92e34b3398fadc791e565cd0cfff687eace2abcd8980a1b4eb41e8fa3b893f88,financieras,nuevo,2015-04-30,unica,6,230,195,35
2_BOLF_042015_reemplaza.xls,92e34b3398fadc791e565cd0cfff687eace2abcd8980a1b4eb41e8fa3b893f88,financieras,nuevo,2015-04-30,unica,7,230,195,35
2_BOLF_042015_reemplaza.xls,92e34b3398fadc791e565cd0cfff687eace2abcd8980a1b4eb41e8fa3b893f88,financieras,nuevo,2015-04-30,unica,8,230,192,38
2_BOLF_042015_reemplaza.xls,92e34b3398fadc791e565cd0cfff687eace2abcd8980a1b4eb41e8fa3b893f88,financieras,nuevo,2015-04-30,unica,9,230,195,35
2_BOLF_042015_reemplaza.xls,92e34b3398fadc791e565cd0cfff687eace2abcd8980a1b4eb41e8fa3b893f88,financieras,nuevo,2015-04-30,unica,10,230,195,35
2_BOLF_042015_reemplaza.xls,92e34b3398fadc791e565cd0cfff687eace2abcd8980a1b4eb41e8fa3b893f88,financieras,nuevo,2015-04-30,unica,11,232,195,37
2_BOLF_042015_reemplaza.xls,92e34b3398fadc791e565cd0cfff687eace2abcd8980a1b4eb41e8fa3b893f88,financieras,nuevo,2015-04-30,unica,12,231,194,37
2_BOLF_042015_reemplaza.xls,92e34b3398fadc791e565cd0cfff687eace2abcd8980a1b4eb41e8fa3b893f88,financieras,nuevo,2015-04-30,unica,13,232,195,37
2_BOLF_042015_reemplaza.xls,92e34b3398fadc791e565cd0cfff687eace2abcd8980a1b4eb41e8fa3b893f88,financieras,nuevo,2015-04-30,unica,14,230,193,37
2_BOLF_042015_reemplaza.xls,92e34b3398fadc791e565cd0cfff687eace2abcd8980a1b4eb41e8fa3b893f88,financieras,nuevo,2015-04-30,unica,15,232,195,37
2_BOLF_042015_reemplaza.xls,92e34b3398fadc791e565cd0cfff687eace2abcd8980a1b4eb41e8fa3b893f88,financieras,nuevo,2015-04-30,unica,16,232,195,37
2_BOLF_042015_reemplaza.xls,92e34b3398fadc791e565cd0cfff687eace2abcd8980a1b4eb41e8fa3b893f88,financieras,nuevo,2015-04-30,unica,17,232,195,37
2_BOLF_042015_reemplaza.xls,92e34b3398fadc791e565cd0cfff687eace2abcd8980a1b4eb41e8fa3b893f88,financieras,nuevo,2015-04-30,unica,Módulo1,0,0,0
2_BOLF_052015_r_050815.xls,9bb377f3ceea9c7c2a39a8a9fafff7d305675a70c4cdd9a7fd2313a48226abe1,financieras,nuevo,2015-05-31,unica,Carátula,7,0,7
2_BOLF_052015_r_050815.xls,9bb377f3ceea9c7c2a39a8a9fafff7d305675a70c4cdd9a7fd2313a48226abe1,financieras,nuevo,2015-05-31,unica,Índice,41,17,24
2_BOLF_052015_r_050815.xls,9bb377f3ceea9c7c2a39a8a9fafff7d305675a70c4cdd9a7fd2313a48226abe1,financieras,nuevo,2015-05-31,unica,1,194,133,61
2_BOLF_052015_r_050815.xls,9bb377f3ceea9c7c2a39a8a9fafff7d305675a70c4cdd9a7fd2313a48226abe1,financieras,nuevo,2015-05-31,unica,2,2757,2613,144
2_BOLF_052015_r_050815.xls,9bb377f3ceea9c7c2a39a8a9fafff7d305675a70c4cdd9a7fd2313a48226abe1,financieras,nuevo,2015-05-31,unica,3,2998,2853,145
2_BOLF_052015_r_050815.xls,9bb377f3ceea9c7c2a39a8a9fafff7d305675a70c4cdd9a7fd2313a48226abe1,financieras,nuevo,2015-05-31,unica,4,484,386,98
2_BOLF_052015_r_050815.xls,9bb377f3ceea9c7c2a39a8a9fafff7d305675a70c4cdd9a7fd2313a48226abe1,financieras,nuevo,2015-05-31,unica,5,699,549,150
2_BOLF_052015_r_050815.xls,9bb377f3ceea9c7c2a39a8a9fafff7d305675a70c4cdd9a7fd2313a48226abe1,financieras,nuevo,2015-05-31,unica,6,230,195,35
2_BOLF_052015_r_050815.xls,9bb377f3ceea9c7c2a39a8a9fafff7d305675a70c4cdd9a7fd2313a48226abe1,financieras,nuevo,2015-05-31,unica,7,230,195,35
2_BOLF_052015_r_050815.xls,9bb377f3ceea9c7c2a39a8a9fafff7d305675a70c4cdd9a7fd2313a48226abe1,financieras,nuevo,2015-05-31,unica,8,230,193,37
2_BOLF_052015_r_050815.xls,9bb377f3ceea9c7c2a39a8a9fafff7d305675a70c4cdd9a7fd2313a48226abe1,financieras,nuevo,2015-05-31,unica,9,230,195,35
2_BOLF_052015_r_050815.xls,9bb377f3ceea9c7c2a39a8a9fafff7d305675a70c4cdd9a7fd2313a48226abe1,financieras,nuevo,2015-05-31,unica,10,230,195,35
2_BOLF_052015_r_050815.xls,9bb377f3ceea9c7c2a39a8a9fafff7d305675a70c4cdd9a7fd2313a48226abe1,financieras,nuevo,2015-05-31,unica,11,232,195,37
2_BOLF_052015_r_050815.xls,9bb377f3ceea9c7c2a39a8a9fafff7d305675a70c4cdd9a7fd2313a48226abe1,financieras,nuevo,2015-05-31,unica,12,232,195,37
2_BOLF_052015_r_050815.xls,9bb377f3ceea9c7c2a39a8a9fafff7d305675a70c4cdd9a7fd2313a48226abe1,financieras,nuevo,2015-05-31,unica,13,231,194,37
2_BOLF_052015_r_050815.xls,9bb377f3ceea9c7c2a39a8a9fafff7d305675a70c4cdd9a7fd2313a48226abe1,financieras,nuevo,2015-05-31,unica,14,232,195,37
2_BOLF_052015_r_050815.xls,9bb377f3ceea9c7c2a39a8a9fafff7d305675a70c4cdd9a7fd2313a48226abe1,financieras,nuevo,2015-05-31,unica,15,231,194,37
2_BOLF_052015_r_050815.xls,9bb377f3ceea9c7c2a39a8a9fafff7d305675a70c4cdd9a7fd2313a48226abe1,financieras,nuevo,2015-05-31,unica,16,231,194,37
2_BOLF_052015_r_050815.xls,9bb377f3ceea9c7c2a39a8a9fafff7d305675a70c4cdd9a7fd2313a48226abe1,financieras,nuevo,2015-05-31,unica,17,231,194,37
2_BOLF_052015_r_050815.xls,9bb377f3ceea9c7c2a39a8a9fafff7d305675a70c4cdd9a7fd2313a48226abe1,financieras,nuevo,2015-05-31,unica,Módulo1,0,0,0
2_BOLF_062015_r_040815.xls,8d02ca146dcbda92ad9c58b6a10781cabd66f6a8b2ad7de4ad11fcf8a37f219c,financieras,nuevo,2015-06-30,unica,Carátula,7,0,7
2_BOLF_062015_r_040815.xls,8d02ca146dcbda92ad9c58b6a10781cabd66f6a8b2ad7de4ad11fcf8a37f219c,financieras,nuevo,2015-06-30,unica,Índice,41,17,24
2_BOLF_062015_r_040815.xls,8d02ca146dcbda92ad9c58b6a10781cabd66f6a8b2ad7de4ad11fcf8a37f219c,financieras,nuevo,2015-06-30,unica,1,194,132,62
2_BOLF_062015_r_040815.xls,8d02ca146dcbda92ad9c58b6a10781cabd66f6a8b2ad7de4ad11fcf8a37f219c,financieras,nuevo,2015-06-30,unica,2,2757,2613,144
2_BOLF_062015_r_040815.xls,8d02ca146dcbda92ad9c58b6a10781cabd66f6a8b2ad7de4ad11fcf8a37f219c,financieras,nuevo,2015-06-30,unica,3,2998,2853,145
2_BOLF_062015_r_040815.xls,8d02ca146dcbda92ad9c58b6a10781cabd66f6a8b2ad7de4ad11fcf8a37f219c,financieras,nuevo,2015-06-30,unica,4,483,397,86
2_BOLF_062015_r_040815.xls,8d02ca146dcbda92ad9c58b6a10781cabd66f6a8b2ad7de4ad11fcf8a37f219c,financieras,nuevo,2015-06-30,unica,5,699,549,150
2_BOLF_062015_r_040815.xls,8d02ca146dcbda92ad9c58b6a10781cabd66f6a8b2ad7de4ad11fcf8a37f219c,financieras,nuevo,2015-06-30,unica,6,230,195,35
2_BOLF_062015_r_040815.xls,8d02ca146dcbda92ad9c58b6a10781cabd66f6a8b2ad7de4ad11fcf8a37f219c,financieras,nuevo,2015-06-30,unica,7,230,195,35
2_BOLF_062015_r_040815.xls,8d02ca146dcbda92ad9c58b6a10781cabd66f6a8b2ad7de4ad11fcf8a37f219c,financieras,nuevo,2015-06-30,unica,8,231,194,37
2_BOLF_062015_r_040815.xls,8d02ca146dcbda92ad9c58b6a10781cabd66f6a8b2ad7de4ad11fcf8a37f219c,financieras,nuevo,2015-06-30,unica,9,230,195,35
2_BOLF_062015_r_040815.xls,8d02ca146dcbda92ad9c58b6a10781cabd66f6a8b2ad7de4ad11fcf8a37f219c,financieras,nuevo,2015-06-30,unica,10,230,195,35
2_BOLF_062015_r_040815.xls,8d02ca146dcbda92ad9c58b6a10781cabd66f6a8b2ad7de4ad11fcf8a37f219c,financieras,nuevo,2015-06-30,unica,11,232,195,37
2_BOLF_062015_r_040815.xls,8d02ca146dcbda92ad9c58b6a10781cabd66f6a8b2ad7de4ad11fcf8a37f219c,financieras,nuevo,2015-06-30,unica,12,231,194,37
2_BOLF_062015_r_040815.xls,8d02ca146dcbda92ad9c58b6a10781cabd66f6a8b2ad7de4ad11fcf8a37f219c,financieras,nuevo,2015-06-30,unica,13,232,195,37
2_BOLF_062015_r_040815.xls,8d02ca146dcbda92ad9c58b6a10781cabd66f6a8b2ad7de4ad11fcf8a37f219c,financieras,nuevo,2015-06-30,unica,14,232,195,37
2_BOLF_062015_r_040815.xls,8d02ca146dcbda92ad9c58b6a10781cabd66f6a8b2ad7de4ad11fcf8a37f219c,financieras,nuevo,2015-06-30,unica,15,232,195,37
2_BOLF_062015_r_040815.xls,8d02ca146dcbda92ad9c58b6a10781cabd66f6a8b2ad7de4ad11fcf8a37f219c,financieras,nuevo,2015-06-30,unica,16,232,195,37
2_BOLF_062015_r_040815.xls,8d02ca146dcbda92ad9c58b6a10781cabd66f6a8b2ad7de4ad11fcf8a37f219c,financieras,nuevo,2015-06-30,unica,17,232,195,37
2_BOLF_062015_r_040815.xls,8d02ca146dcbda92ad9c58b6a10781cabd66f6a8b2ad7de4ad11fcf8a37f219c,financieras,nuevo,2015-06-30,unica,Módulo1,0,0,0
2_BOLF_072015.xls,eef3992ac288a383313dadcdbd4723c19b8d074c72512b59f4ae8f093f66881d,financieras,nuevo,2015-07-31,unica,Carátula,7,0,7
2_BOLF_072015.xls,eef3992ac288a383313dadcdbd4723c19b8d074c72512b59f4ae8f093f66881d,financieras,nuevo,2015-07-31,unica,Índice,40,17,23
2_BOLF_072015.xls,eef3992ac288a383313dadcdbd4723c19b8d074c72512b59f4ae8f093f66881d,financieras,nuevo,2015-07-31,unica,1,194,132,62
2_BOLF_072015.xls,eef3992ac288a383313dadcdbd4723c19b8d074c72512b59f4ae8f093f66881d,financieras,nuevo,2015-07-31,unica,2,2757,2614,143
2_BOLF_072015.xls,eef3992ac288a383313dadcdbd4723c19b8d074c72512b59f4ae8f093f66881d,financieras,nuevo,2015-07-31,unica,3,2998,2853,145
2_BOLF_072015.xls,eef3992ac288a383313dadcdbd4723c19b8d074c72512b59f4ae8f093f66881d,financieras,nuevo,2015-07-31,unica,4,483,386,97
2_BOLF_072015.xls,eef3992ac288a383313dadcdbd4723c19b8d074c72512b59f4ae8f093f66881d,financieras,nuevo,2015-07-31,unica,5,699,549,150
2_BOLF_072015.xls,eef3992ac288a383313dadcdbd4723c19b8d074c72512b59f4ae8f093f66881d,financieras,nuevo,2015-07-31,unica,6,230,195,35
2_BOLF_072015.xls,eef3992ac288a383313dadcdbd4723c19b8d074c72512b59f4ae8f093f66881d,financieras,nuevo,2015-07-31,unica,7,230,195,35
2_BOLF_072015.xls,eef3992ac288a383313dadcdbd4723c19b8d074c72512b59f4ae8f093f66881d,financieras,nuevo,2015-07-31,unica,8,262,210,52
2_BOLF_072015.xls,eef3992ac288a383313dadcdbd4723c19b8d074c72512b59f4ae8f093f66881d,financieras,nuevo,2015-07-31,unica,9,230,195,35
2_BOLF_072015.xls,eef3992ac288a383313dadcdbd4723c19b8d074c72512b59f4ae8f093f66881d,financieras,nuevo,2015-07-31,unica,10,230,195,35
2_BOLF_072015.xls,eef3992ac288a383313dadcdbd4723c19b8d074c72512b59f4ae8f093f66881d,financieras,nuevo,2015-07-31,unica,11,232,195,37
2_BOLF_072015.xls,eef3992ac288a383313dadcdbd4723c19b8d074c72512b59f4ae8f093f66881d,financieras,nuevo,2015-07-31,unica,12,231,194,37
2_BOLF_072015.xls,eef3992ac288a383313dadcdbd4723c19b8d074c72512b59f4ae8f093f66881d,financieras,nuevo,2015-07-31,unica,13,232,195,37
2_BOLF_072015.xls,eef3992ac288a383313dadcdbd4723c19b8d074c72512b59f4ae8f093f66881d,financieras,nuevo,2015-07-31,unica,14,231,194,37
2_BOLF_072015.xls,eef3992ac288a383313dadcdbd4723c19b8d074c72512b59f4ae8f093f66881d,financieras,nuevo,2015-07-31,unica,15,231,194,37
2_BOLF_072015.xls,eef3992ac288a383313dadcdbd4723c19b8d074c72512b59f4ae8f093f66881d,financieras,nuevo,2015-07-31,unica,16,231,194,37
2_BOLF_072015.xls,eef3992ac288a383313dadcdbd4723c19b8d074c72512b59f4ae8f093f66881d,financieras,nuevo,2015-07-31,unica,17,231,194,37
2_BOLF_072015.xls,eef3992ac288a383313dadcdbd4723c19b8d074c72512b59f4ae8f093f66881d,financieras,nuevo,2015-07-31,unica,Módulo1,0,0,0
2_BOLF_08_2015.xls,6aba338cb028f9c861489991438d775da80b4c80d76d17ec51c72a7808aab2a7,financieras,nuevo,2015-08-31,unica,Carátula,7,0,7
2_BOLF_08_2015.xls,6aba338cb028f9c861489991438d775da80b4c80d76d17ec51c72a7808aab2a7,financieras,nuevo,2015-08-31,unica,Índice,40,17,23
2_BOLF_08_2015.xls,6aba338cb028f9c861489991438d775da80b4c80d76d17ec51c72a7808aab2a7,financieras,nuevo,2015-08-31,unica,1,194,132,62
2_BOLF_08_2015.xls,6aba338cb028f9c861489991438d775da80b4c80d76d17ec51c72a7808aab2a7,financieras,nuevo,2015-08-31,unica,2,2757,2614,143
2_BOLF_08_2015.xls,6aba338cb028f9c861489991438d775da80b4c80d76d17ec51c72a7808aab2a7,financieras,nuevo,2015-08-31,unica,3,2998,2853,145
2_BOLF_08_2015.xls,6aba338cb028f9c861489991438d775da80b4c80d76d17ec51c72a7808aab2a7,financieras,nuevo,2015-08-31,unica,4,484,398,86
2_BOLF_08_2015.xls,6aba338cb028f9c861489991438d775da80b4c80d76d17ec51c72a7808aab2a7,financieras,nuevo,2015-08-31,unica,5,699,549,150
2_BOLF_08_2015.xls,6aba338cb028f9c861489991438d775da80b4c80d76d17ec51c72a7808aab2a7,financieras,nuevo,2015-08-31,unica,6,230,195,35
2_BOLF_08_2015.xls,6aba338cb028f9c861489991438d775da80b4c80d76d17ec51c72a7808aab2a7,financieras,nuevo,2015-08-31,unica,7,230,195,35
2_BOLF_08_2015.xls,6aba338cb028f9c861489991438d775da80b4c80d76d17ec51c72a7808aab2a7,financieras,nuevo,2015-08-31,unica,8,230,195,35
2_BOLF_08_2015.xls,6aba338cb028f9c861489991438d775da80b4c80d76d17ec51c72a7808aab2a7,financieras,nuevo,2015-08-31,unica,9,230,195,35
2_BOLF_08_2015.xls,6aba338cb028f9c861489991438d775da80b4c80d76d17ec51c72a7808aab2a7,financieras,nuevo,2015-08-31,unica,10,230,195,35
2_BOLF_08_2015.xls,6aba338cb028f9c861489991438d775da80b4c80d76d17ec51c72a7808aab2a7,financieras,nuevo,2015-08-31,unica,11,232,195,37
2_BOLF_08_2015.xls,6aba338cb028f9c861489991438d775da80b4c80d76d17ec51c72a7808aab2a7,financieras,nuevo,2015-08-31,unica,12,232,195,37
2_BOLF_08_2015.xls,6aba338cb028f9c861489991438d775da80b4c80d76d17ec51c72a7808aab2a7,financieras,nuevo,2015-08-31,unica,13,232,195,37
2_BOLF_08_2015.xls,6aba338cb028f9c861489991438d775da80b4c80d76d17ec51c72a7808aab2a7,financieras,nuevo,2015-08-31,unica,14,232,195,37
2_BOLF_08_2015.xls,6aba338cb028f9c861489991438d775da80b4c80d76d17ec51c72a7808aab2a7,financieras,nuevo,2015-08-31,unica,15,232,195,37
2_BOLF_08_2015.xls,6aba338cb028f9c861489991438d775da80b4c80d76d17ec51c72a7808aab2a7,financieras,nuevo,2015-08-31,unica,16,232,195,37
2_BOLF_08_2015.xls,6aba338cb028f9c861489991438d775da80b4c80d76d17ec51c72a7808aab2a7,financieras,nuevo,2015-08-31,unica,17,232,195,37
2_BOLF_08_2015.xls,6aba338cb028f9c861489991438d775da80b4c80d76d17ec51c72a7808aab2a7,financieras,nuevo,2015-08-31,unica,Módulo1,0,0,0
2_BOLF_092015.xls,1e2aee4567f46338c852b5f470432aaa27397c0b5432a749ec2c03ab5b301e6e,financieras,nuevo,2015-09-30,unica,Carátula,7,0,7
2_BOLF_092015.xls,1e2aee4567f46338c852b5f470432aaa27397c0b5432a749ec2c03ab5b301e6e,financieras,nuevo,2015-09-30,unica,Índice,41,17,24
2_BOLF_092015.xls,1e2aee4567f46338c852b5f470432aaa27397c0b5432a749ec2c03ab5b301e6e,financieras,nuevo,2015-09-30,unica,1,194,132,62
2_BOLF_092015.xls,1e2aee4567f46338c852b5f470432aaa27397c0b5432a749ec2c03ab5b301e6e,financieras,nuevo,2015-09-30,unica,2,2550,2415,135
2_BOLF_092015.xls,1e2aee4567f46338c852b5f470432aaa27397c0b5432a749ec2c03ab5b301e6e,financieras,nuevo,2015-09-30,unica,3,2771,2634,137
2_BOLF_092015.xls,1e2aee4567f46338c852b5f470432aaa27397c0b5432a749ec2c03ab5b301e6e,financieras,nuevo,2015-09-30,unica,4,447,365,82
2_BOLF_092015.xls,1e2aee4567f46338c852b5f470432aaa27397c0b5432a749ec2c03ab5b301e6e,financieras,nuevo,2015-09-30,unica,5,645,508,137
2_BOLF_092015.xls,1e2aee4567f46338c852b5f470432aaa27397c0b5432a749ec2c03ab5b301e6e,financieras,nuevo,2015-09-30,unica,6,230,195,35
2_BOLF_092015.xls,1e2aee4567f46338c852b5f470432aaa27397c0b5432a749ec2c03ab5b301e6e,financieras,nuevo,2015-09-30,unica,7,230,195,35
2_BOLF_092015.xls,1e2aee4567f46338c852b5f470432aaa27397c0b5432a749ec2c03ab5b301e6e,financieras,nuevo,2015-09-30,unica,8,230,195,35
2_BOLF_092015.xls,1e2aee4567f46338c852b5f470432aaa27397c0b5432a749ec2c03ab5b301e6e,financieras,nuevo,2015-09-30,unica,9,230,195,35
2_BOLF_092015.xls,1e2aee4567f46338c852b5f470432aaa27397c0b5432a749ec2c03ab5b301e6e,financieras,nuevo,2015-09-30,unica,10,230,195,35
2_BOLF_092015.xls,1e2aee4567f46338c852b5f470432aaa27397c0b5432a749ec2c03ab5b301e6e,financieras,nuevo,2015-09-30,unica,11,232,195,37
2_BOLF_092015.xls,1e2aee4567f46338c852b5f470432aaa27397c0b5432a749ec2c03ab5b301e6e,financieras,nuevo,2015-09-30,unica,12,232,195,37
2_BOLF_092015.xls,1e2aee4567f46338c852b5f470432aaa27397c0b5432a749ec2c03ab5b301e6e,financieras,nuevo,2015-09-30,unica,13,232,195,37
2_BOLF_092015.xls,1e2aee4567f46338c852b5f470432aaa27397c0b5432a749ec2c03ab5b301e6e,financieras,nuevo,2015-09-30,unica,14,232,195,37
2_BOLF_092015.xls,1e2aee4567f46338c852b5f470432aaa27397c0b5432a749ec2c03ab5b301e6e,financieras,nuevo,2015-09-30,unica,15,232,195,37
2_BOLF_092015.xls,1e2aee4567f46338c852b5f470432aaa27397c0b5432a749ec2c03ab5b301e6e,financieras,nuevo,2015-09-30,unica,16,232,195,37
2_BOLF_092015.xls,1e2aee4567f46338c852b5f470432aaa27397c0b5432a749ec2c03ab5b301e6e,financieras,nuevo,2015-09-30,unica,17,232,195,37
2_BOLF_092015.xls,1e2aee4567f46338c852b5f470432aaa27397c0b5432a749ec2c03ab5b301e6e,financieras,nuevo,2015-09-30,unica,Módulo1,0,0,0
2_BOLF_102015.xls,0ea260163dc5beb70c1f235393f783b4644e3616359511256e07e3f86fc08d19,financieras,nuevo,2015-10-31,unica,Carátula,7,0,7
2_BOLF_102015.xls,0ea260163dc5beb70c1f235393f783b4644e3616359511256e07e3f86fc08d19,financieras,nuevo,2015-10-31,unica,Índice,41,17,24
2_BOLF_102015.xls,0ea260163dc5beb70c1f235393f783b4644e3616359511256e07e3f86fc08d19,financieras,nuevo,2015-10-31,unica,1,198,135,63
2_BOLF_102015.xls,0ea260163dc5beb70c1f235393f783b4644e3616359511256e07e3f86fc08d19,financieras,nuevo,2015-10-31,unica,2,2621,2487,134
2_BOLF_102015.xls,0ea260163dc5beb70c1f235393f783b4644e3616359511256e07e3f86fc08d19,financieras,nuevo,2015-10-31,unica,3,2813,2676,137
2_BOLF_102015.xls,0ea260163dc5beb70c1f235393f783b4644e3616359511256e07e3f86fc08d19,financieras,nuevo,2015-10-31,unica,4,448,366,82
2_BOLF_102015.xls,0ea260163dc5beb70c1f235393f783b4644e3616359511256e07e3f86fc08d19,financieras,nuevo,2015-10-31,unica,5,647,511,136
2_BOLF_102015.xls,0ea260163dc5beb70c1f235393f783b4644e3616359511256e07e3f86fc08d19,financieras,nuevo,2015-10-31,unica,6,230,195,35
2_BOLF_102015.xls,0ea260163dc5beb70c1f235393f783b4644e3616359511256e07e3f86fc08d19,financieras,nuevo,2015-10-31,unica,7,230,195,35
2_BOLF_102015.xls,0ea260163dc5beb70c1f235393f783b4644e3616359511256e07e3f86fc08d19,financieras,nuevo,2015-10-31,unica,8,230,195,35
2_BOLF_102015.xls,0ea260163dc5beb70c1f235393f783b4644e3616359511256e07e3f86fc08d19,financieras,nuevo,2015-10-31,unica,9,230,195,35
2_BOLF_102015.xls,0ea260163dc5beb70c1f235393f783b4644e3616359511256e07e3f86fc08d19,financieras,nuevo,2015-10-31,unica,10,230,195,35
2_BOLF_102015.xls,0ea260163dc5beb70c1f235393f783b4644e3616359511256e07e3f86fc08d19,financieras,nuevo,2015-10-31,unica,11,232,195,37
2_BOLF_102015.xls,0ea260163dc5beb70c1f235393f783b4644e3616359511256e07e3f86fc08d19,financieras,nuevo,2015-10-31,unica,12,232,195,37
2_BOLF_102015.xls,0ea260163dc5beb70c1f235393f783b4644e3616359511256e07e3f86fc08d19,financieras,nuevo,2015-10-31,unica,13,232,195,37
2_BOLF_102015.xls,0ea260163dc5beb70c1f235393f783b4644e3616359511256e07e3f86fc08d19,financieras,nuevo,2015-10-31,unica,14,232,195,37
2_BOLF_102015.xls,0ea260163dc5beb70c1f235393f783b4644e3616359511256e07e3f86fc08d19,financieras,nuevo,2015-10-31,unica,15,232,195,37
2_BOLF_102015.xls,0ea260163dc5beb70c1f235393f783b4644e3616359511256e07e3f86fc08d19,financieras,nuevo,2015-10-31,unica,16,232,195,37
2_BOLF_102015.xls,0ea260163dc5beb70c1f235393f783b4644e3616359511256e07e3f86fc08d19,financieras,nuevo,2015-10-31,unica,17,232,195,37
2_BOLF_102015.xls,0ea260163dc5beb70c1f235393f783b4644e3616359511256e07e3f86fc08d19,financieras,nuevo,2015-10-31,unica,Módulo1,0,0,0
2_BOLF 112015.xls,6b4840fdd73382596d27b75c744529545dab6c8965cb46653b3dd8a12fb0838c,financieras,nuevo,2015-11-30,unica,Carátula,7,0,7
2_BOLF 112015.xls,6b4840fdd73382596d27b75c744529545dab6c8965cb46653b3dd8a12fb0838c,financieras,nuevo,2015-11-30,unica,Índice,41,17,24
2_BOLF 112015.xls,6b4840fdd73382596d27b75c744529545dab6c8965cb46653b3dd8a12fb0838c,financieras,nuevo,2015-11-30,unica,1,198,135,63
2_BOLF 112015.xls,6b4840fdd73382596d27b75c744529545dab6c8965cb46653b3dd8a12fb0838c,financieras,nuevo,2015-11-30,unica,2,2624,2487,137
2_BOLF 112015.xls,6b4840fdd73382596d27b75c744529545dab6c8965cb46653b3dd8a12fb0838c,financieras,nuevo,2015-11-30,unica,3,2813,2676,137
2_BOLF 112015.xls,6b4840fdd73382596d27b75c744529545dab6c8965cb46653b3dd8a12fb0838c,financieras,nuevo,2015-11-30,unica,4,447,365,82
2_BOLF 112015.xls,6b4840fdd73382596d27b75c744529545dab6c8965cb46653b3dd8a12fb0838c,financieras,nuevo,2015-11-30,unica,5,647,510,137
2_BOLF 112015.xls,6b4840fdd73382596d27b75c744529545dab6c8965cb46653b3dd8a12fb0838c,financieras,nuevo,2015-11-30,unica,6,230,195,35
2_BOLF 112015.xls,6b4840fdd73382596d27b75c744529545dab6c8965cb46653b3dd8a12fb0838c,financieras,nuevo,2015-11-30,unica,7,230,195,35
2_BOLF 112015.xls,6b4840fdd73382596d27b75c744529545dab6c8965cb46653b3dd8a12fb0838c,financieras,nuevo,2015-11-30,unica,8,230,195,35
2_BOLF 112015.xls,6b4840fdd73382596d27b75c744529545dab6c8965cb46653b3dd8a12fb0838c,financieras,nuevo,2015-11-30,unica,9,230,195,35
2_BOLF 112015.xls,6b4840fdd73382596d27b75c744529545dab6c8965cb46653b3dd8a12fb0838c,financieras,nuevo,2015-11-30,unica,10,230,195,35
2_BOLF 112015.xls,6b4840fdd73382596d27b75c744529545dab6c8965cb46653b3dd8a12fb0838c,financieras,nuevo,2015-11-30,unica,11,232,195,37
2_BOLF 112015.xls,6b4840fdd73382596d27b75c744529545dab6c8965cb46653b3dd8a12fb0838c,financieras,nuevo,2015-11-30,unica,12,232,195,37
2_BOLF 112015.xls,6b4840fdd73382596d27b75c744529545dab6c8965cb46653b3dd8a12fb0838c,financieras,nuevo,2015-11-30,unica,13,231,194,37
2_BOLF 112015.xls,6b4840fdd73382596d27b75c744529545dab6c8965cb46653b3dd8a12fb0838c,financieras,nuevo,2015-11-30,unica,14,231,194,37
2_BOLF 112015.xls,6b4840fdd73382596d27b75c744529545dab6c8965cb46653b3dd8a12fb0838c,financieras,nuevo,2015-11-30,unica,15,231,194,37
2_BOLF 112015.xls,6b4840fdd73382596d27b75c744529545dab6c8965cb46653b3dd8a12fb0838c,financieras,nuevo,2015-11-30,unica,16,231,194,37
2_BOLF 112015.xls,6b4840fdd73382596d27b75c744529545dab6c8965cb46653b3dd8a12fb0838c,financieras,nuevo,2015-11-30,unica,17,231,194,37
2_BOLF 112015.xls,6b4840fdd73382596d27b75c744529545dab6c8965cb46653b3dd8a12fb0838c,financieras,nuevo,2015-11-30,unica,Módulo1,0,0,0
2_BOLF_122015.xls,9648e0432d0965c4f757f4ab0495dc7714a738e7cc56cbd060140ebd04e7dc2b,financieras,nuevo,2015-12-31,unica,Carátula,7,0,7
2_BOLF_122015.xls,9648e0432d0965c4f757f4ab0495dc7714a738e7cc56cbd060140ebd04e7dc2b,financieras,nuevo,2015-12-31,unica,Índice,41,17,24
2_BOLF_122015.xls,9648e0432d0965c4f757f4ab0495dc7714a738e7cc56cbd060140ebd04e7dc2b,financieras,nuevo,2015-12-31,unica,1,198,135,63
2_BOLF_122015.xls,9648e0432d0965c4f757f4ab0495dc7714a738e7cc56cbd060140ebd04e7dc2b,financieras,nuevo,2015-12-31,unica,2,2624,2487,137
2_BOLF_122015.xls,9648e0432d0965c4f757f4ab0495dc7714a738e7cc56cbd060140ebd04e7dc2b,financieras,nuevo,2015-12-31,unica,3,2813,2676,137
2_BOLF_122015.xls,9648e0432d0965c4f757f4ab0495dc7714a738e7cc56cbd060140ebd04e7dc2b,financieras,nuevo,2015-12-31,unica,4,447,365,82
2_BOLF_122015.xls,9648e0432d0965c4f757f4ab0495dc7714a738e7cc56cbd060140ebd04e7dc2b,financieras,nuevo,2015-12-31,unica,5,648,511,137
2_BOLF_122015.xls,9648e0432d0965c4f757f4ab0495dc7714a738e7cc56cbd060140ebd04e7dc2b,financieras,nuevo,2015-12-31,unica,6,230,195,35
2_BOLF_122015.xls,9648e0432d0965c4f757f4ab0495dc7714a738e7cc56cbd060140ebd04e7dc2b,financieras,nuevo,2015-12-31,unica,7,230,195,35
2_BOLF_122015.xls,9648e0432d0965c4f757f4ab0495dc7714a738e7cc56cbd060140ebd04e7dc2b,financieras,nuevo,2015-12-31,unica,8,230,195,35
2_BOLF_122015.xls,9648e0432d0965c4f757f4ab0495dc7714a738e7cc56cbd060140ebd04e7dc2b,financieras,nuevo,2015-12-31,unica,9,230,195,35
2_BOLF_122015.xls,9648e0432d0965c4f757f4ab0495dc7714a738e7cc56cbd060140ebd04e7dc2b,financieras,nuevo,2015-12-31,unica,10,230,195,35
2_BOLF_122015.xls,9648e0432d0965c4f757f4ab0495dc7714a738e7cc56cbd060140ebd04e7dc2b,financieras,nuevo,2015-12-31,unica,11,232,195,37
2_BOLF_122015.xls,9648e0432d0965c4f757f4ab0495dc7714a738e7cc56cbd060140ebd04e7dc2b,financieras,nuevo,2015-12-31,unica,12,232,195,37
2_BOLF_122015.xls,9648e0432d0965c4f757f4ab0495dc7714a738e7cc56cbd060140ebd04e7dc2b,financieras,nuevo,2015-12-31,unica,13,230,193,37
2_BOLF_122015.xls,9648e0432d0965c4f757f4ab0495dc7714a738e7cc56cbd060140ebd04e7dc2b,financieras,nuevo,2015-12-31,unica,14,232,195,37
2_BOLF_122015.xls,9648e0432d0965c4f757f4ab0495dc7714a738e7cc56cbd060140ebd04e7dc2b,financieras,nuevo,2015-12-31,unica,15,232,195,37
2_BOLF_122015.xls,9648e0432d0965c4f757f4ab0495dc7714a738e7cc56cbd060140ebd04e7dc2b,financieras,nuevo,2015-12-31,unica,16,232,195,37
2_BOLF_122015.xls,9648e0432d0965c4f757f4ab0495dc7714a738e7cc56cbd060140ebd04e7dc2b,financieras,nuevo,2015-12-31,unica,17,232,195,37
2_BOLF_122015.xls,9648e0432d0965c4f757f4ab0495dc7714a738e7cc56cbd060140ebd04e7dc2b,financieras,nuevo,2015-12-31,unica,Módulo1,0,0,0
